seed,participation_rate,avg_purchases_per_buyer,total_revenue,total_inventory_remaining,n_blocked_by_utility,n_blocked_by_budget,n_blocked_by_inventory,n_not_noticed,promotion_active,promotion_seller_id,promotion_seller_class,promotion_discount,visibility_rate_seller_0,visibility_rate_seller_1,visibility_rate_seller_2,visibility_rate_seller_3,visibility_rate_seller_4,Poor_participation_rate,Poor_to_Slow_share,Poor_to_Shigh_share,Poor_blocked_by_budget_at_Slow,Poor_blocked_by_budget_at_Shigh,Middle_participation_rate,Middle_to_Slow_share,Middle_to_Shigh_share,Middle_blocked_by_budget_at_Slow,Middle_blocked_by_budget_at_Shigh,Rich_participation_rate,Rich_to_Slow_share,Rich_to_Shigh_share,Rich_blocked_by_budget_at_Slow,Rich_blocked_by_budget_at_Shigh
0,0.68,0.89,187.20000000000005,441,113,136,0,87,False,-1,none,0.3,0.77,0.81,0.52,0.73,0.55,0.6285714285714286,1.0,0.0,39,87,0.85,0.6896551724137931,0.3103448275862069,3,4,0.7,0.6875,0.3125,0,3
0,0.69,0.8,161.99999999999994,450,95,175,0,70,False,-1,none,0.3,0.81,0.8,0.56,0.78,0.55,0.7285714285714285,1.0,0.0,54,100,0.6,0.8947368421052632,0.10526315789473684,3,16,0.6,0.7,0.3,0,2
0,0.73,0.85,198.0,445,90,174,0,81,False,-1,none,0.3,0.85,0.81,0.58,0.78,0.47,0.7142857142857143,1.0,0.0,60,87,0.8,0.8095238095238095,0.19047619047619047,7,18,0.7,0.7857142857142857,0.21428571428571427,1,1
0,0.62,0.75,209.00000000000003,455,95,167,0,68,False,-1,none,0.3,0.8,0.73,0.53,0.76,0.55,0.5571428571428572,1.0,0.0,44,83,0.8,0.8333333333333334,0.16666666666666666,8,20,0.7,0.5,0.5,8,4
0,0.73,0.88,207.35999999999999,442,85,176,0,86,True,1,Slow,0.3,0.77,0.86,0.58,0.77,0.51,0.7285714285714285,1.0,0.0,53,94,0.7,1.0,0.0,0,21,0.8,0.75,0.25,2,6
0,0.71,0.82,230.60000000000005,448,99,175,0,69,False,-1,none,0.3,0.81,0.83,0.54,0.77,0.61,0.6285714285714286,1.0,0.0,46,95,0.9,0.7916666666666666,0.20833333333333334,8,18,0.9,0.6428571428571429,0.35714285714285715,4,4
0,0.65,0.75,195.39999999999998,455,89,154,0,72,False,-1,none,0.3,0.72,0.77,0.48,0.72,0.49,0.6285714285714286,1.0,0.0,40,88,0.7,0.7368421052631579,0.2631578947368421,12,13,0.7,0.8333333333333334,0.16666666666666666,0,1
0,0.69,0.86,207.79999999999995,444,108,149,0,67,True,3,Shigh,0.3,0.78,0.78,0.61,0.68,0.58,0.6714285714285714,1.0,0.0,46,90,0.65,0.7916666666666666,0.20833333333333334,4,8,0.9,0.7333333333333333,0.26666666666666666,0,1
0,0.81,0.99,250.20000000000002,431,82,180,0,89,False,-1,none,0.3,0.87,0.87,0.57,0.8,0.5,0.8142857142857143,1.0,0.0,66,97,0.85,0.896551724137931,0.10344827586206896,5,8,0.7,0.6923076923076923,0.3076923076923077,1,3
0,0.72,0.81,194.59999999999997,449,86,195,0,73,False,-1,none,0.3,0.81,0.81,0.56,0.82,0.62,0.7285714285714285,1.0,0.0,63,106,0.75,0.9,0.1,3,18,0.6,0.9,0.1,2,3
0,0.71,0.85,229.59999999999997,445,84,175,0,71,False,-1,none,0.3,0.79,0.78,0.58,0.76,0.53,0.7,1.0,0.0,56,91,0.7,0.7222222222222222,0.2777777777777778,9,12,0.8,0.7222222222222222,0.2777777777777778,2,5
0,0.73,0.84,236.2,446,87,165,0,84,False,-1,none,0.3,0.78,0.81,0.54,0.78,0.45,0.7142857142857143,1.0,0.0,52,83,0.75,0.6842105263157895,0.3157894736842105,9,11,0.8,0.6,0.4,7,3
0,0.68,0.8,207.19999999999996,450,97,161,0,82,False,-1,none,0.3,0.78,0.76,0.53,0.72,0.59,0.6428571428571429,1.0,0.0,46,89,0.7,0.85,0.15,8,11,0.9,0.7333333333333333,0.26666666666666666,2,5
0,0.63,0.75,195.19999999999996,455,102,168,0,80,False,-1,none,0.3,0.79,0.82,0.55,0.77,0.52,0.6142857142857143,1.0,0.0,45,94,0.65,0.7058823529411765,0.29411764705882354,10,10,0.7,0.8666666666666667,0.13333333333333333,3,6
0,0.72,0.85,223.39999999999995,445,101,164,0,65,False,-1,none,0.3,0.78,0.8,0.6,0.75,0.57,0.7285714285714285,1.0,0.0,48,94,0.65,0.6666666666666666,0.3333333333333333,7,6,0.8,0.8125,0.1875,3,6
0,0.69,0.78,217.79999999999998,452,69,173,0,65,False,-1,none,0.3,0.7,0.74,0.55,0.72,0.49,0.6428571428571429,1.0,0.0,55,82,0.8,0.5555555555555556,0.4444444444444444,15,14,0.8,0.8,0.2,3,4
0,0.74,0.85,234.56000000000003,445,105,177,0,68,True,4,Shigh,0.3,0.81,0.83,0.64,0.83,0.56,0.7142857142857143,1.0,0.0,57,96,0.8,0.6190476190476191,0.38095238095238093,10,9,0.8,0.6428571428571429,0.35714285714285715,1,4
0,0.67,0.75,197.79999999999998,455,88,176,0,66,False,-1,none,0.3,0.75,0.77,0.59,0.73,0.55,0.6857142857142857,1.0,0.0,57,95,0.65,0.7777777777777778,0.2222222222222222,6,13,0.6,0.7777777777777778,0.2222222222222222,1,4
0,0.68,0.84,227.60000000000002,446,102,150,0,69,True,3,Shigh,0.3,0.8,0.78,0.5,0.73,0.55,0.6285714285714286,1.0,0.0,39,90,0.75,0.6521739130434783,0.34782608695652173,10,6,0.9,0.5882352941176471,0.4117647058823529,1,4
0,0.68,0.8,203.23999999999998,450,101,159,0,70,True,1,Slow,0.3,0.79,0.79,0.51,0.77,0.54,0.6428571428571429,1.0,0.0,47,93,0.8,0.8260869565217391,0.17391304347826086,2,13,0.7,0.5833333333333334,0.4166666666666667,2,2
0,0.68,0.75,197.99999999999997,455,96,160,0,89,False,-1,none,0.3,0.78,0.76,0.5,0.69,0.58,0.7,1.0,0.0,45,96,0.6,0.875,0.125,2,12,0.7,0.5,0.5,3,2
0,0.65,0.8,207.19999999999996,450,85,159,0,71,False,-1,none,0.3,0.75,0.75,0.53,0.74,0.47,0.6,1.0,0.0,55,83,0.75,0.8695652173913043,0.13043478260869565,4,11,0.8,0.7333333333333333,0.26666666666666666,1,5
0,0.67,0.84,223.79999999999995,446,101,166,0,84,True,1,Slow,0.3,0.84,0.79,0.53,0.82,0.53,0.6,1.0,0.0,48,91,0.85,0.6086956521739131,0.391304347826087,11,14,0.8,0.7894736842105263,0.21052631578947367,1,1
0,0.73,0.82,210.16,448,95,181,0,77,True,4,Shigh,0.3,0.82,0.84,0.54,0.79,0.59,0.7142857142857143,1.0,0.0,61,92,0.75,0.631578947368421,0.3684210526315789,8,14,0.8,0.7692307692307693,0.23076923076923078,1,5
0,0.7,0.81,201.4,449,100,158,0,81,False,-1,none,0.3,0.81,0.83,0.52,0.7,0.53,0.6571428571428571,1.0,0.0,48,90,0.8,0.8636363636363636,0.13636363636363635,4,13,0.8,0.8461538461538461,0.15384615384615385,3,0
0,0.66,0.79,182.12,451,85,157,0,84,True,0,Slow,0.3,0.76,0.75,0.5,0.73,0.47,0.6285714285714286,1.0,0.0,57,84,0.7,0.8095238095238095,0.19047619047619047,4,8,0.8,0.8571428571428571,0.14285714285714285,0,4
0,0.67,0.76,207.8,454,82,184,0,68,False,-1,none,0.3,0.78,0.79,0.48,0.79,0.58,0.7,1.0,0.0,55,98,0.6,0.6875,0.3125,12,11,0.6,0.7272727272727273,0.2727272727272727,3,5
0,0.67,0.8,213.60000000000002,450,98,154,0,83,False,-1,none,0.3,0.79,0.78,0.53,0.75,0.47,0.5857142857142857,1.0,0.0,44,84,0.8,0.8181818181818182,0.18181818181818182,10,8,1.0,0.8235294117647058,0.17647058823529413,2,6
0,0.63,0.76,196.39999999999998,454,102,156,0,81,False,-1,none,0.3,0.79,0.78,0.55,0.74,0.48,0.5857142857142857,1.0,0.0,43,88,0.8,0.8636363636363636,0.13636363636363635,9,11,0.6,0.8461538461538461,0.15384615384615385,2,3
0,0.74,0.88,232.60000000000005,442,85,178,0,79,False,-1,none,0.3,0.84,0.85,0.53,0.79,0.5,0.7142857142857143,1.0,0.0,55,91,0.85,0.875,0.125,9,13,0.7,0.7142857142857143,0.2857142857142857,3,7
0,0.67,0.77,215.6,453,92,164,0,77,False,-1,none,0.3,0.76,0.8,0.54,0.71,0.52,0.6285714285714286,1.0,0.0,45,86,0.75,0.7894736842105263,0.21052631578947367,10,15,0.8,0.6428571428571429,0.35714285714285715,5,3
0,0.67,0.77,205.40000000000003,453,83,162,0,88,False,-1,none,0.3,0.77,0.75,0.5,0.74,0.46,0.6714285714285714,1.0,0.0,53,87,0.7,0.85,0.15,6,11,0.6,0.6,0.4,2,3
0,0.64,0.79,221.60000000000002,451,94,179,0,68,False,-1,none,0.3,0.83,0.83,0.53,0.78,0.55,0.5571428571428572,1.0,0.0,52,91,0.9,0.7692307692307693,0.23076923076923078,12,17,0.7,0.5714285714285714,0.42857142857142855,4,3
0,0.62,0.71,186.8,459,100,160,0,69,False,-1,none,0.3,0.78,0.77,0.53,0.72,0.51,0.6428571428571429,1.0,0.0,43,90,0.7,0.8571428571428571,0.14285714285714285,5,20,0.3,0.6,0.4,1,1
0,0.74,0.9,248.6,440,97,184,0,74,False,-1,none,0.3,0.86,0.83,0.6,0.81,0.61,0.6714285714285714,1.0,0.0,50,97,0.9,0.8461538461538461,0.15384615384615385,10,17,0.9,0.6470588235294118,0.35294117647058826,4,6
0,0.69,0.77,213.8,453,107,172,0,69,False,-1,none,0.3,0.8,0.82,0.58,0.76,0.6,0.6571428571428571,1.0,0.0,47,99,0.8,0.7368421052631579,0.2631578947368421,10,11,0.7,0.6666666666666666,0.3333333333333333,3,2
0,0.7,0.82,210.76000000000002,448,97,172,0,69,True,2,Slow,0.3,0.8,0.78,0.61,0.75,0.57,0.6857142857142857,1.0,0.0,49,93,0.8,0.8181818181818182,0.18181818181818182,11,11,0.6,0.5833333333333334,0.4166666666666667,4,4
0,0.57,0.68,176.44000000000003,462,89,141,0,67,True,4,Shigh,0.3,0.66,0.72,0.49,0.65,0.46,0.5714285714285714,1.0,0.0,33,83,0.55,0.8125,0.1875,8,11,0.6,0.75,0.25,2,4
0,0.77,0.86,227.60000000000005,444,96,170,0,93,False,-1,none,0.3,0.8,0.88,0.49,0.81,0.54,0.7571428571428571,1.0,0.0,47,94,0.8,0.8,0.2,10,15,0.8,0.7692307692307693,0.23076923076923078,3,1
0,0.75,0.92,235.60000000000005,438,118,177,0,73,True,3,Shigh,0.3,0.87,0.91,0.59,0.85,0.65,0.7142857142857143,1.0,0.0,48,115,0.75,0.7916666666666666,0.20833333333333334,5,8,1.0,0.7777777777777778,0.2222222222222222,0,1
0,0.64,0.78,192.40000000000003,452,88,161,0,78,False,-1,none,0.3,0.75,0.74,0.47,0.76,0.55,0.6285714285714286,1.0,0.0,48,90,0.65,0.9047619047619048,0.09523809523809523,5,16,0.7,0.9230769230769231,0.07692307692307693,1,1
0,0.69,0.82,221.80000000000004,448,116,164,0,83,False,-1,none,0.3,0.81,0.88,0.58,0.81,0.54,0.6142857142857143,1.0,0.0,42,97,0.9,0.7916666666666666,0.20833333333333334,10,12,0.8,0.8,0.2,2,1
0,0.73,0.87,226.80000000000004,443,81,190,0,67,False,-1,none,0.3,0.83,0.84,0.56,0.79,0.56,0.7,1.0,0.0,62,95,0.8,0.7916666666666666,0.20833333333333334,12,13,0.8,0.9285714285714286,0.07142857142857142,2,6
0,0.74,0.9,249.80000000000007,440,83,171,0,86,False,-1,none,0.3,0.84,0.82,0.54,0.74,0.5,0.6857142857142857,1.0,0.0,56,84,0.95,0.8620689655172413,0.13793103448275862,8,14,0.7,0.5384615384615384,0.46153846153846156,7,2
0,0.74,0.82,234.20000000000005,448,83,181,0,74,False,-1,none,0.3,0.82,0.79,0.51,0.77,0.57,0.7142857142857143,1.0,0.0,57,94,0.9,0.6666666666666666,0.3333333333333333,12,11,0.6,0.6363636363636364,0.36363636363636365,1,6
0,0.67,0.76,193.40000000000003,454,96,170,0,68,False,-1,none,0.3,0.78,0.8,0.55,0.72,0.57,0.6857142857142857,1.0,0.0,51,92,0.65,0.875,0.125,5,16,0.6,0.8333333333333334,0.16666666666666666,1,5
0,0.7,0.8,232.00000000000006,450,94,183,0,68,False,-1,none,0.3,0.81,0.82,0.62,0.75,0.57,0.6714285714285714,1.0,0.0,59,95,0.65,0.75,0.25,10,12,1.0,0.5882352941176471,0.4117647058823529,4,3
0,0.69,0.77,219.4,453,103,186,0,74,False,-1,none,0.3,0.83,0.83,0.59,0.81,0.6,0.6714285714285714,1.0,0.0,47,103,0.75,0.6842105263157895,0.3157894736842105,17,14,0.7,0.6363636363636364,0.36363636363636365,2,3
0,0.68,0.77,189.77999999999997,453,96,172,0,70,True,1,Slow,0.3,0.8,0.82,0.5,0.77,0.56,0.6714285714285714,1.0,0.0,55,89,0.65,0.8235294117647058,0.17647058823529413,8,14,0.8,0.6923076923076923,0.3076923076923077,2,4
0,0.75,0.86,242.20000000000002,444,96,192,0,66,False,-1,none,0.3,0.86,0.79,0.65,0.81,0.63,0.7571428571428571,1.0,0.0,53,98,0.8,0.6363636363636364,0.36363636363636365,18,17,0.6,0.8181818181818182,0.18181818181818182,3,3
0,0.69,0.8,197.20000000000002,450,98,165,0,77,False,-1,none,0.3,0.79,0.79,0.52,0.79,0.54,0.6428571428571429,1.0,0.0,47,96,0.8,0.9583333333333334,0.041666666666666664,3,17,0.8,0.8181818181818182,0.18181818181818182,0,2
0,0.67,0.86,230.60000000000005,444,101,177,0,81,False,-1,none,0.3,0.83,0.84,0.56,0.81,0.6,0.6285714285714286,1.0,0.0,45,94,0.65,0.8571428571428571,0.14285714285714285,9,17,1.0,0.7619047619047619,0.23809523809523808,4,8
0,0.59,0.69,187.20000000000002,461,91,172,0,78,False,-1,none,0.3,0.78,0.78,0.47,0.76,0.53,0.5428571428571428,1.0,0.0,42,95,0.8,0.8,0.2,12,17,0.5,0.7272727272727273,0.2727272727272727,3,3
0,0.74,0.86,243.0,444,91,202,0,76,False,-1,none,0.3,0.83,0.86,0.57,0.86,0.67,0.7,1.0,0.0,59,105,0.8,0.7,0.3,14,15,0.9,0.7058823529411765,0.29411764705882354,5,4
0,0.68,0.8,213.48,450,89,165,0,91,True,4,Shigh,0.3,0.77,0.8,0.49,0.75,0.53,0.6428571428571429,1.0,0.0,43,91,0.8,0.8260869565217391,0.17391304347826086,10,16,0.7,0.5833333333333334,0.4166666666666667,2,3
0,0.64,0.72,209.79999999999998,458,95,154,0,69,False,-1,none,0.3,0.72,0.73,0.54,0.73,0.49,0.6142857142857143,1.0,0.0,46,86,0.7,0.7222222222222222,0.2777777777777778,9,9,0.7,0.45454545454545453,0.5454545454545454,3,1
0,0.67,0.85,229.12,445,100,172,0,73,True,4,Shigh,0.3,0.83,0.82,0.56,0.83,0.53,0.6428571428571429,1.0,0.0,47,98,0.75,0.782608695652174,0.21739130434782608,9,11,0.7,0.6470588235294118,0.35294117647058826,3,4
0,0.76,0.92,245.40000000000003,438,76,193,0,69,False,-1,none,0.3,0.84,0.82,0.57,0.8,0.58,0.7142857142857143,1.0,0.0,59,98,0.85,0.84,0.16,9,18,0.9,0.7647058823529411,0.23529411764705882,3,6
0,0.7,0.8,214.0,450,71,189,0,65,False,-1,none,0.3,0.76,0.74,0.56,0.72,0.62,0.7,1.0,0.0,61,100,0.7,0.7142857142857143,0.2857142857142857,14,10,0.7,0.9,0.1,2,2
0,0.72,0.9,228.20000000000002,440,92,174,0,84,True,3,Shigh,0.3,0.86,0.87,0.59,0.72,0.52,0.7285714285714285,1.0,0.0,65,88,0.65,0.8695652173913043,0.13043478260869565,8,9,0.8,0.75,0.25,0,4
0,0.71,0.81,206.2,449,81,180,0,78,False,-1,none,0.3,0.8,0.8,0.52,0.72,0.58,0.7285714285714285,1.0,0.0,64,92,0.7,0.9,0.1,5,14,0.6,0.7,0.3,3,2
0,0.72,0.85,233.39999999999998,445,111,173,0,81,False,-1,none,0.3,0.84,0.88,0.61,0.83,0.53,0.7142857142857143,1.0,0.0,50,94,0.75,0.9090909090909091,0.09090909090909091,3,15,0.7,0.46153846153846156,0.5384615384615384,7,4
0,0.7,0.8,209.59999999999997,450,117,171,0,72,False,-1,none,0.3,0.83,0.86,0.59,0.79,0.61,0.6428571428571429,1.0,0.0,46,102,0.85,0.7916666666666666,0.20833333333333334,9,12,0.8,0.9090909090909091,0.09090909090909091,0,2
0,0.72,0.85,218.0,445,88,184,0,73,False,-1,none,0.3,0.84,0.8,0.58,0.79,0.56,0.7142857142857143,1.0,0.0,58,97,0.7,0.9090909090909091,0.09090909090909091,7,16,0.8,0.7692307692307693,0.23076923076923078,2,4
0,0.71,0.81,230.20000000000002,449,71,180,0,73,False,-1,none,0.3,0.76,0.79,0.5,0.7,0.57,0.6857142857142857,1.0,0.0,62,88,0.9,0.7083333333333334,0.2916666666666667,12,15,0.5,0.5555555555555556,0.4444444444444444,1,2
0,0.73,0.82,226.8,448,87,172,0,84,False,-1,none,0.3,0.8,0.78,0.58,0.74,0.51,0.6571428571428571,1.0,0.0,50,84,0.9,0.782608695652174,0.21739130434782608,12,21,0.9,0.6923076923076923,0.3076923076923077,2,3
1,0.58,0.74,160.00000000000003,456,115,153,0,78,False,-1,none,0.3,0.81,0.78,0.49,0.77,0.57,0.5428571428571428,1.0,0.0,42,95,0.65,0.6666666666666666,0.3333333333333333,2,10,0.7,0.5833333333333334,0.4166666666666667,3,1
1,0.64,0.84,183.59999999999997,446,117,161,0,78,False,-1,none,0.3,0.84,0.84,0.61,0.79,0.54,0.6142857142857143,1.0,0.0,44,94,0.6,0.7894736842105263,0.21052631578947367,10,11,0.9,0.7727272727272727,0.22727272727272727,1,1
1,0.71,0.83,206.0,447,81,189,0,72,False,-1,none,0.3,0.84,0.78,0.59,0.75,0.57,0.7142857142857143,1.0,0.0,68,97,0.75,0.6666666666666666,0.3333333333333333,10,13,0.6,0.7333333333333333,0.26666666666666666,0,1
1,0.63,0.76,211.20000000000005,454,102,182,0,85,False,-1,none,0.3,0.84,0.83,0.56,0.8,0.57,0.5714285714285714,1.0,0.0,51,100,0.8,0.7619047619047619,0.23809523809523808,7,12,0.7,0.6666666666666666,0.3333333333333333,7,5
1,0.61,0.73,208.79999999999995,457,99,167,0,76,False,-1,none,0.3,0.78,0.78,0.55,0.78,0.5,0.6142857142857143,1.0,0.0,47,90,0.55,1.0,0.0,1,22,0.7,0.46153846153846156,0.5384615384615384,3,4
1,0.71,0.82,232.00000000000003,448,97,166,0,80,False,-1,none,0.3,0.83,0.78,0.56,0.76,0.52,0.6571428571428571,1.0,0.0,44,94,0.8,0.7619047619047619,0.23809523809523808,11,10,0.9,0.6,0.4,5,2
1,0.74,0.87,239.60000000000002,443,97,175,0,76,True,4,Shigh,0.3,0.81,0.82,0.56,0.79,0.61,0.7142857142857143,1.0,0.0,51,95,0.85,0.68,0.32,12,12,0.7,0.6666666666666666,0.3333333333333333,2,3
1,0.69,0.79,197.60000000000002,451,115,189,0,72,False,-1,none,0.3,0.86,0.86,0.68,0.85,0.58,0.7,1.0,0.0,60,105,0.6,0.7333333333333333,0.26666666666666666,5,14,0.8,0.9333333333333333,0.06666666666666667,0,5
1,0.71,0.81,228.40000000000003,449,88,189,0,72,False,-1,none,0.3,0.79,0.83,0.55,0.82,0.59,0.6428571428571429,1.0,0.0,51,100,0.95,0.6521739130434783,0.34782608695652173,17,14,0.7,0.8461538461538461,0.15384615384615385,2,5
1,0.71,0.83,214.84000000000006,447,95,172,0,65,True,2,Slow,0.3,0.83,0.81,0.54,0.78,0.54,0.6714285714285714,1.0,0.0,43,93,0.85,0.8260869565217391,0.17391304347826086,7,19,0.7,0.6923076923076923,0.3076923076923077,7,3
1,0.69,0.82,223.8,448,92,181,0,65,False,-1,none,0.3,0.83,0.78,0.6,0.82,0.52,0.6571428571428571,1.0,0.0,58,90,0.85,0.7916666666666666,0.20833333333333334,10,13,0.6,0.5833333333333334,0.4166666666666667,6,4
1,0.72,0.87,236.19999999999996,443,86,185,0,67,False,-1,none,0.3,0.85,0.76,0.63,0.74,0.6,0.7,1.0,0.0,58,97,0.7,0.8,0.2,8,12,0.9,0.7222222222222222,0.2777777777777778,4,6
1,0.69,0.71,206.6,459,104,183,0,72,False,-1,none,0.3,0.82,0.83,0.54,0.81,0.58,0.7,1.0,0.0,52,101,0.75,0.4666666666666667,0.5333333333333333,14,12,0.5,0.5714285714285714,0.42857142857142855,1,3
1,0.71,0.9,232.4,440,101,169,0,75,False,-1,none,0.3,0.84,0.86,0.62,0.76,0.52,0.6428571428571429,1.0,0.0,52,92,0.9,0.896551724137931,0.10344827586206896,8,14,0.8,0.75,0.25,0,3
1,0.62,0.72,201.79999999999995,458,102,159,0,72,False,-1,none,0.3,0.79,0.76,0.5,0.73,0.55,0.5428571428571428,1.0,0.0,40,85,0.8,0.9047619047619048,0.09523809523809523,3,22,0.8,0.5384615384615384,0.46153846153846156,5,4
1,0.74,0.86,229.4,444,82,189,0,73,False,-1,none,0.3,0.84,0.8,0.59,0.79,0.55,0.7285714285714285,1.0,0.0,63,97,0.85,0.8846153846153846,0.11538461538461539,5,17,0.6,0.5555555555555556,0.4444444444444444,4,3
1,0.7,0.87,235.20000000000002,443,98,163,0,77,False,-1,none,0.3,0.79,0.81,0.56,0.79,0.53,0.6428571428571429,1.0,0.0,46,87,0.85,0.88,0.12,6,14,0.8,0.7647058823529411,0.23529411764705882,4,6
1,0.66,0.8,204.60000000000002,450,95,177,0,63,False,-1,none,0.3,0.8,0.8,0.58,0.78,0.56,0.6285714285714286,1.0,0.0,59,94,0.85,0.9583333333333334,0.041666666666666664,3,17,0.5,0.8333333333333334,0.16666666666666666,2,2
1,0.73,0.88,249.20000000000005,442,92,183,0,77,False,-1,none,0.3,0.86,0.85,0.5,0.81,0.61,0.7285714285714285,1.0,0.0,51,107,0.7,0.7916666666666666,0.20833333333333334,10,9,0.8,0.6153846153846154,0.38461538461538464,2,4
1,0.69,0.79,218.99999999999994,451,86,164,0,76,False,-1,none,0.3,0.76,0.74,0.49,0.74,0.56,0.6428571428571429,1.0,0.0,56,87,0.75,0.9047619047619048,0.09523809523809523,4,12,0.9,0.6153846153846154,0.38461538461538464,1,4
1,0.71,0.82,209.76,448,91,157,0,80,True,2,Slow,0.3,0.77,0.79,0.55,0.73,0.46,0.6857142857142857,1.0,0.0,51,84,0.8,0.8695652173913043,0.13043478260869565,4,12,0.7,0.7272727272727273,0.2727272727272727,3,3
1,0.68,0.76,232.8,454,89,174,0,81,False,-1,none,0.3,0.8,0.8,0.43,0.74,0.62,0.6,1.0,0.0,44,94,0.85,0.65,0.35,14,13,0.9,0.6428571428571429,0.35714285714285715,4,5
1,0.62,0.73,196.19999999999996,457,93,157,0,72,False,-1,none,0.3,0.75,0.75,0.53,0.71,0.49,0.6,1.0,0.0,47,82,0.65,0.8888888888888888,0.1111111111111111,7,12,0.7,0.7692307692307693,0.23076923076923078,5,4
1,0.75,0.87,234.20000000000002,443,89,165,0,74,False,-1,none,0.3,0.8,0.8,0.62,0.7,0.49,0.7142857142857143,1.0,0.0,58,81,0.75,0.7894736842105263,0.21052631578947367,5,12,1.0,0.7777777777777778,0.2222222222222222,4,5
1,0.71,0.82,217.79999999999998,448,116,168,0,74,False,-1,none,0.3,0.84,0.84,0.61,0.83,0.54,0.7142857142857143,1.0,0.0,53,100,0.7,0.8571428571428571,0.14285714285714285,5,7,0.7,0.8181818181818182,0.18181818181818182,0,3
1,0.76,0.86,235.8,444,84,198,0,92,False,-1,none,0.3,0.88,0.84,0.53,0.79,0.64,0.7714285714285715,1.0,0.0,59,107,0.7,0.7222222222222222,0.2777777777777778,12,15,0.8,0.8571428571428571,0.14285714285714285,3,2
1,0.74,0.85,220.79999999999998,445,90,184,0,66,False,-1,none,0.3,0.85,0.79,0.57,0.77,0.61,0.7428571428571429,1.0,0.0,57,97,0.8,0.9090909090909091,0.09090909090909091,2,21,0.6,0.8181818181818182,0.18181818181818182,2,5
1,0.69,0.84,231.60000000000002,446,77,165,0,69,False,-1,none,0.3,0.76,0.75,0.51,0.76,0.48,0.6428571428571429,1.0,0.0,49,82,0.75,0.8636363636363636,0.13636363636363635,6,19,0.9,0.7647058823529411,0.23529411764705882,5,4
1,0.62,0.74,199.31999999999994,456,109,158,0,89,True,3,Shigh,0.3,0.82,0.79,0.5,0.76,0.54,0.5714285714285714,1.0,0.0,42,96,0.75,0.9047619047619048,0.09523809523809523,2,15,0.7,0.5384615384615384,0.46153846153846156,1,2
1,0.6,0.66,183.59999999999997,464,105,156,0,73,False,-1,none,0.3,0.74,0.74,0.48,0.73,0.58,0.5714285714285714,1.0,0.0,43,95,0.6,0.8461538461538461,0.15384615384615385,2,11,0.8,0.6923076923076923,0.3076923076923077,1,4
1,0.69,0.78,229.19999999999993,452,104,162,0,76,False,-1,none,0.3,0.82,0.77,0.57,0.77,0.51,0.6285714285714286,1.0,0.0,42,92,0.8,0.8,0.2,9,12,0.9,0.5714285714285714,0.42857142857142855,4,3
1,0.7,0.78,223.73999999999998,452,106,182,0,84,True,3,Shigh,0.3,0.85,0.88,0.5,0.83,0.6,0.6428571428571429,1.0,0.0,50,96,0.8,0.631578947368421,0.3684210526315789,18,14,0.9,0.6428571428571429,0.35714285714285715,3,1
1,0.62,0.74,194.39999999999998,456,104,173,0,84,False,-1,none,0.3,0.81,0.83,0.53,0.76,0.58,0.6142857142857143,1.0,0.0,50,99,0.55,0.8571428571428571,0.14285714285714285,3,12,0.8,0.8823529411764706,0.11764705882352941,3,6
1,0.6,0.66,200.39999999999998,464,111,156,0,82,False,-1,none,0.3,0.79,0.78,0.45,0.72,0.59,0.5285714285714286,1.0,0.0,34,92,0.85,0.5789473684210527,0.42105263157894735,17,8,0.6,0.8,0.2,2,3
1,0.63,0.76,211.79999999999998,454,105,157,0,87,False,-1,none,0.3,0.82,0.79,0.55,0.69,0.53,0.6,1.0,0.0,43,86,0.65,0.8947368421052632,0.10526315789473684,6,12,0.8,0.6666666666666666,0.3333333333333333,4,6
1,0.63,0.73,200.4,457,103,172,0,77,False,-1,none,0.3,0.79,0.82,0.55,0.74,0.58,0.6142857142857143,1.0,0.0,48,98,0.7,0.85,0.15,8,10,0.6,0.7,0.3,1,7
1,0.71,0.81,227.99999999999997,449,107,174,0,93,False,-1,none,0.3,0.83,0.87,0.56,0.84,0.52,0.6714285714285714,1.0,0.0,53,96,0.85,0.7272727272727273,0.2727272727272727,12,10,0.7,0.8333333333333334,0.16666666666666666,0,3
1,0.72,0.83,237.0,447,81,174,0,82,False,-1,none,0.3,0.8,0.79,0.51,0.73,0.55,0.7142857142857143,1.0,0.0,51,93,0.65,0.875,0.125,4,12,0.9,0.5882352941176471,0.4117647058823529,9,5
1,0.7,0.83,214.2,447,104,166,0,87,True,2,Slow,0.3,0.83,0.83,0.53,0.83,0.51,0.7,1.0,0.0,44,91,0.6,0.75,0.25,6,16,0.9,0.8333333333333334,0.16666666666666666,4,5
1,0.74,0.89,247.67999999999998,441,84,169,0,83,True,4,Shigh,0.3,0.8,0.8,0.58,0.75,0.49,0.7142857142857143,1.0,0.0,53,86,0.8,0.8,0.2,11,11,0.8,0.631578947368421,0.3684210526315789,5,3
1,0.67,0.82,234.6,448,133,180,0,70,False,-1,none,0.3,0.88,0.88,0.67,0.87,0.65,0.6,1.0,0.0,39,107,0.8,0.7727272727272727,0.22727272727272727,10,16,0.9,0.7222222222222222,0.2777777777777778,5,3
1,0.73,0.85,241.79999999999998,445,108,163,0,79,False,-1,none,0.3,0.82,0.82,0.59,0.81,0.52,0.7,1.0,0.0,45,94,0.8,0.8260869565217391,0.17391304347826086,9,8,0.8,0.5384615384615384,0.46153846153846156,2,5
1,0.62,0.74,212.4,456,99,157,0,75,False,-1,none,0.3,0.78,0.75,0.58,0.68,0.51,0.5428571428571428,1.0,0.0,43,80,0.85,0.782608695652174,0.21739130434782608,12,14,0.7,0.6923076923076923,0.3076923076923077,3,5
1,0.61,0.7,202.79999999999998,460,98,148,0,69,False,-1,none,0.3,0.72,0.72,0.54,0.67,0.51,0.5857142857142857,1.0,0.0,40,84,0.65,0.625,0.375,9,7,0.7,0.7692307692307693,0.23076923076923078,3,5
1,0.73,0.85,226.79999999999998,445,97,185,0,78,False,-1,none,0.3,0.83,0.83,0.62,0.79,0.6,0.7,1.0,0.0,55,100,0.75,0.7777777777777778,0.2222222222222222,9,13,0.9,0.8888888888888888,0.1111111111111111,1,7
1,0.78,0.89,264.0,441,104,192,0,75,False,-1,none,0.3,0.85,0.87,0.61,0.88,0.64,0.7285714285714285,1.0,0.0,54,101,0.9,0.7083333333333334,0.2916666666666667,13,16,0.9,0.5714285714285714,0.42857142857142855,4,4
1,0.71,0.89,243.6,441,82,185,0,64,False,-1,none,0.3,0.78,0.83,0.59,0.78,0.58,0.6857142857142857,1.0,0.0,54,97,0.75,0.7727272727272727,0.22727272727272727,13,13,0.8,0.8421052631578947,0.15789473684210525,3,5
1,0.68,0.82,226.79999999999995,448,80,157,0,86,False,-1,none,0.3,0.78,0.76,0.44,0.73,0.48,0.6428571428571429,1.0,0.0,39,85,0.7,0.7894736842105263,0.21052631578947367,7,12,0.9,0.7777777777777778,0.2222222222222222,5,9
1,0.6,0.74,204.59999999999997,456,100,157,0,54,False,-1,none,0.3,0.75,0.76,0.53,0.72,0.55,0.5,1.0,0.0,36,85,0.85,0.7916666666666666,0.20833333333333334,14,15,0.8,0.8666666666666667,0.13333333333333333,1,6
1,0.73,0.85,238.79999999999998,445,87,176,0,87,False,-1,none,0.3,0.82,0.84,0.51,0.77,0.54,0.7142857142857143,1.0,0.0,49,92,0.8,0.7727272727272727,0.22727272727272727,8,17,0.7,0.6923076923076923,0.3076923076923077,4,6
1,0.64,0.78,229.19999999999993,452,101,163,0,78,False,-1,none,0.3,0.83,0.76,0.52,0.76,0.55,0.5857142857142857,1.0,0.0,44,93,0.75,0.8260869565217391,0.17391304347826086,7,12,0.8,0.5714285714285714,0.42857142857142855,3,4
1,0.73,0.87,242.4,443,80,174,0,84,False,-1,none,0.3,0.8,0.81,0.58,0.73,0.49,0.6714285714285714,1.0,0.0,64,85,0.9,0.8461538461538461,0.15384615384615385,10,11,0.8,0.7142857142857143,0.2857142857142857,2,2
1,0.71,0.85,217.32,445,100,172,0,78,True,3,Shigh,0.3,0.83,0.83,0.58,0.81,0.52,0.6857142857142857,1.0,0.0,54,94,0.7,0.95,0.05,4,17,0.9,0.7058823529411765,0.29411764705882354,0,3
1,0.69,0.77,214.79999999999995,453,103,158,0,92,False,-1,none,0.3,0.79,0.83,0.48,0.76,0.52,0.7,1.0,0.0,44,92,0.6,0.6428571428571429,0.35714285714285715,9,6,0.8,0.7857142857142857,0.21428571428571427,0,7
1,0.63,0.74,204.59999999999997,456,115,160,0,81,False,-1,none,0.3,0.81,0.83,0.57,0.75,0.53,0.6285714285714286,1.0,0.0,45,92,0.55,0.9375,0.0625,4,9,0.8,0.5714285714285714,0.42857142857142855,6,4
1,0.72,0.84,243.6,446,88,186,0,72,False,-1,none,0.3,0.81,0.84,0.55,0.74,0.64,0.6714285714285714,1.0,0.0,49,89,0.95,0.8076923076923077,0.19230769230769232,15,23,0.6,0.5454545454545454,0.45454545454545453,5,5
1,0.63,0.75,213.59999999999994,455,103,170,0,67,False,-1,none,0.3,0.8,0.76,0.6,0.8,0.52,0.6,1.0,0.0,43,96,0.7,0.8333333333333334,0.16666666666666666,10,12,0.7,0.6666666666666666,0.3333333333333333,5,4
1,0.62,0.72,202.19999999999996,458,89,165,0,74,False,-1,none,0.3,0.72,0.76,0.52,0.74,0.52,0.6142857142857143,1.0,0.0,51,84,0.65,0.7647058823529411,0.23529411764705882,13,13,0.6,0.75,0.25,1,3
1,0.55,0.64,178.79999999999995,466,117,146,0,73,False,-1,none,0.3,0.79,0.77,0.47,0.72,0.52,0.5142857142857142,1.0,0.0,31,87,0.55,0.7692307692307693,0.23076923076923078,6,14,0.8,0.8,0.2,2,6
1,0.66,0.75,198.59999999999997,455,104,163,0,73,True,2,Slow,0.3,0.81,0.78,0.55,0.75,0.53,0.6571428571428571,1.0,0.0,52,87,0.65,0.8125,0.1875,6,12,0.7,0.6923076923076923,0.3076923076923077,3,3
1,0.7,0.83,245.40000000000003,447,89,182,0,76,False,-1,none,0.3,0.81,0.83,0.57,0.81,0.52,0.6714285714285714,1.0,0.0,57,93,0.7,0.6111111111111112,0.3888888888888889,15,10,0.9,0.7777777777777778,0.2222222222222222,4,3
1,0.69,0.81,214.14,449,96,172,0,81,True,3,Shigh,0.3,0.8,0.83,0.57,0.79,0.5,0.6857142857142857,1.0,0.0,54,95,0.65,0.7647058823529411,0.23529411764705882,9,11,0.8,0.75,0.25,2,1
1,0.71,0.82,209.39999999999998,448,100,182,0,76,False,-1,none,0.3,0.85,0.82,0.57,0.81,0.59,0.6857142857142857,1.0,0.0,54,103,0.75,0.9523809523809523,0.047619047619047616,4,18,0.8,0.8461538461538461,0.15384615384615385,1,2
1,0.71,0.8,229.79999999999998,450,91,178,0,86,False,-1,none,0.3,0.79,0.81,0.57,0.76,0.56,0.6857142857142857,1.0,0.0,52,97,0.75,0.7368421052631579,0.2631578947368421,11,12,0.8,0.6923076923076923,0.3076923076923077,2,4
1,0.68,0.76,215.99999999999997,454,95,167,0,67,False,-1,none,0.3,0.78,0.79,0.54,0.77,0.5,0.6428571428571429,1.0,0.0,52,87,0.7,0.75,0.25,6,14,0.9,0.7333333333333333,0.26666666666666666,2,6
1,0.6,0.69,203.39999999999995,461,122,161,0,88,False,-1,none,0.3,0.82,0.85,0.55,0.73,0.57,0.5571428571428572,1.0,0.0,41,92,0.65,0.7333333333333333,0.26666666666666666,10,9,0.8,0.6666666666666666,0.3333333333333333,5,4
2,0.68,0.87,196.8,443,108,156,0,69,False,-1,none,0.3,0.83,0.77,0.62,0.75,0.54,0.6285714285714286,1.0,0.0,48,90,0.8,0.5769230769230769,0.4230769230769231,11,5,0.8,0.5882352941176471,0.4117647058823529,0,2
2,0.68,0.79,181.79999999999995,451,116,151,0,79,False,-1,none,0.3,0.82,0.79,0.56,0.76,0.53,0.6,1.0,0.0,36,84,0.9,0.8,0.2,10,19,0.8,0.5,0.5,0,2
2,0.64,0.75,170.0,455,91,149,0,85,False,-1,none,0.3,0.77,0.78,0.51,0.63,0.46,0.6285714285714286,1.0,0.0,55,82,0.8,0.8260869565217391,0.17391304347826086,4,6,0.4,0.875,0.125,0,2
2,0.6,0.7,180.40000000000003,460,107,147,0,76,False,-1,none,0.3,0.76,0.78,0.48,0.75,0.47,0.5285714285714286,1.0,0.0,39,84,0.65,0.8235294117647058,0.17647058823529413,5,13,1.0,0.8125,0.1875,3,3
2,0.73,0.83,208.79999999999998,447,102,179,0,86,False,-1,none,0.3,0.83,0.85,0.67,0.74,0.55,0.7285714285714285,1.0,0.0,56,89,0.75,1.0,0.0,2,29,0.7,0.8181818181818182,0.18181818181818182,2,1
2,0.72,0.85,239.40000000000003,445,112,169,0,79,False,-1,none,0.3,0.83,0.85,0.61,0.79,0.58,0.6857142857142857,1.0,0.0,45,95,0.75,0.7619047619047619,0.23809523809523808,12,9,0.9,0.75,0.25,5,3
2,0.63,0.74,182.64,456,108,171,0,82,True,1,Slow,0.3,0.79,0.82,0.53,0.79,0.6,0.5857142857142857,1.0,0.0,44,105,0.7,0.9,0.1,4,12,0.8,0.6923076923076923,0.3076923076923077,4,2
2,0.67,0.83,227.99999999999997,447,92,172,0,73,False,-1,none,0.3,0.81,0.82,0.52,0.77,0.55,0.6142857142857143,1.0,0.0,55,92,0.8,0.8260869565217391,0.17391304347826086,6,10,0.8,0.7647058823529411,0.23529411764705882,4,5
2,0.75,0.84,218.40000000000003,446,74,192,0,75,False,-1,none,0.3,0.83,0.78,0.54,0.78,0.57,0.8,1.0,0.0,67,106,0.6,0.875,0.125,6,10,0.7,0.8333333333333334,0.16666666666666666,1,2
2,0.76,0.93,258.11999999999995,437,85,187,0,60,True,3,Shigh,0.3,0.79,0.8,0.67,0.77,0.62,0.7142857142857143,1.0,0.0,63,95,0.85,0.7083333333333334,0.2916666666666667,12,15,0.9,0.7368421052631579,0.2631578947368421,2,0
2,0.71,0.85,230.39999999999995,445,103,167,0,85,False,-1,none,0.3,0.84,0.84,0.49,0.77,0.61,0.6571428571428571,1.0,0.0,47,92,0.85,0.7916666666666666,0.20833333333333334,13,11,0.8,0.7333333333333333,0.26666666666666666,2,2
2,0.65,0.76,195.41999999999996,454,92,151,0,86,True,3,Shigh,0.3,0.77,0.79,0.48,0.67,0.48,0.6,1.0,0.0,44,79,0.75,0.9130434782608695,0.08695652173913043,8,16,0.8,0.8181818181818182,0.18181818181818182,1,3
2,0.69,0.89,242.39999999999998,441,97,188,0,81,False,-1,none,0.3,0.89,0.89,0.58,0.83,0.55,0.6,1.0,0.0,53,94,0.95,0.9,0.1,11,21,0.8,0.7647058823529411,0.23529411764705882,3,6
2,0.65,0.78,211.2,452,98,165,0,84,False,-1,none,0.3,0.85,0.78,0.57,0.73,0.48,0.6428571428571429,1.0,0.0,53,86,0.6,0.8823529411764706,0.11764705882352941,7,13,0.8,0.75,0.25,3,3
2,0.64,0.76,200.69999999999996,454,94,178,0,67,True,3,Shigh,0.3,0.75,0.82,0.56,0.78,0.57,0.6285714285714286,1.0,0.0,49,99,0.7,0.7777777777777778,0.2222222222222222,10,15,0.6,0.7857142857142857,0.21428571428571427,1,4
2,0.62,0.73,187.19999999999996,457,98,165,0,74,False,-1,none,0.3,0.78,0.75,0.52,0.73,0.58,0.6285714285714286,1.0,0.0,44,95,0.65,0.9523809523809523,0.047619047619047616,6,17,0.5,0.75,0.25,2,1
2,0.68,0.81,209.99999999999997,449,106,167,0,81,False,-1,none,0.3,0.83,0.84,0.55,0.76,0.56,0.6857142857142857,1.0,0.0,48,101,0.6,0.8421052631578947,0.15789473684210525,9,6,0.8,0.8571428571428571,0.14285714285714285,0,3
2,0.74,0.86,232.79999999999995,444,91,193,0,85,False,-1,none,0.3,0.85,0.88,0.59,0.74,0.64,0.7142857142857143,1.0,0.0,63,98,0.75,0.7894736842105263,0.21052631578947367,13,13,0.9,0.8235294117647058,0.17647058823529413,1,5
2,0.75,0.88,242.39999999999998,442,93,171,0,78,False,-1,none,0.3,0.83,0.84,0.56,0.78,0.51,0.7285714285714285,1.0,0.0,53,91,0.85,0.782608695652174,0.21739130434782608,10,13,0.7,0.6428571428571429,0.35714285714285715,1,3
2,0.62,0.7,190.79999999999995,460,108,166,0,86,False,-1,none,0.3,0.81,0.79,0.52,0.76,0.56,0.5714285714285714,1.0,0.0,45,90,0.7,0.8333333333333334,0.16666666666666666,9,16,0.8,0.75,0.25,4,2
2,0.64,0.75,202.79999999999993,455,110,174,0,76,False,-1,none,0.3,0.83,0.83,0.59,0.79,0.55,0.6,1.0,0.0,51,96,0.65,0.8235294117647058,0.17647058823529413,5,16,0.9,0.8125,0.1875,4,2
2,0.64,0.73,211.8,457,94,175,0,63,False,-1,none,0.3,0.79,0.77,0.58,0.72,0.56,0.6,1.0,0.0,52,89,0.7,0.7058823529411765,0.29411764705882354,12,11,0.8,0.7142857142857143,0.2857142857142857,5,6
2,0.64,0.73,227.39999999999995,457,101,185,0,76,False,-1,none,0.3,0.81,0.81,0.52,0.83,0.62,0.6,1.0,0.0,50,101,0.7,0.5882352941176471,0.4117647058823529,12,12,0.8,0.5714285714285714,0.42857142857142855,4,6
2,0.69,0.8,220.79999999999998,450,93,160,0,82,False,-1,none,0.3,0.77,0.77,0.52,0.72,0.55,0.6857142857142857,1.0,0.0,43,95,0.7,0.7894736842105263,0.21052631578947367,10,7,0.7,0.7692307692307693,0.23076923076923078,3,2
2,0.67,0.73,214.2,457,103,184,0,75,False,-1,none,0.3,0.81,0.84,0.62,0.77,0.56,0.6857142857142857,1.0,0.0,54,99,0.55,0.45454545454545453,0.5454545454545454,16,10,0.8,0.7142857142857143,0.2857142857142857,2,3
2,0.69,0.83,247.79999999999998,447,81,180,0,81,False,-1,none,0.3,0.8,0.73,0.55,0.75,0.61,0.6714285714285714,1.0,0.0,54,95,0.65,0.5882352941176471,0.4117647058823529,9,10,0.9,0.7368421052631579,0.2631578947368421,4,8
2,0.58,0.68,189.59999999999994,462,108,161,0,78,False,-1,none,0.3,0.79,0.78,0.57,0.68,0.55,0.6285714285714286,1.0,0.0,43,97,0.5,0.8125,0.1875,9,7,0.4,0.5,0.5,3,2
2,0.61,0.71,183.0,459,91,150,0,83,False,-1,none,0.3,0.77,0.73,0.46,0.67,0.49,0.5714285714285714,1.0,0.0,43,82,0.7,0.8888888888888888,0.1111111111111111,7,13,0.7,0.9230769230769231,0.07692307692307693,1,4
2,0.66,0.72,204.59999999999997,458,97,163,0,83,False,-1,none,0.3,0.8,0.77,0.51,0.75,0.49,0.6428571428571429,1.0,0.0,47,89,0.7,0.5882352941176471,0.4117647058823529,14,11,0.7,0.9,0.1,0,2
2,0.69,0.79,220.2,451,87,172,0,77,False,-1,none,0.3,0.79,0.78,0.5,0.77,0.54,0.7,1.0,0.0,55,92,0.65,0.7894736842105263,0.21052631578947367,8,10,0.7,0.6363636363636364,0.36363636363636365,3,4
2,0.72,0.82,225.59999999999994,448,101,175,0,82,False,-1,none,0.3,0.84,0.82,0.58,0.75,0.59,0.6571428571428571,1.0,0.0,53,92,0.9,0.7272727272727273,0.2727272727272727,8,16,0.8,0.9285714285714286,0.07142857142857142,0,6
2,0.71,0.76,221.99999999999994,454,91,173,0,75,False,-1,none,0.3,0.81,0.81,0.49,0.78,0.51,0.6428571428571429,1.0,0.0,45,87,0.9,0.75,0.25,15,19,0.8,0.5454545454545454,0.45454545454545453,3,4
2,0.71,0.83,231.59999999999997,447,98,188,0,61,False,-1,none,0.3,0.81,0.83,0.62,0.82,0.61,0.7,1.0,0.0,51,104,0.7,0.9,0.1,9,14,0.8,0.5714285714285714,0.42857142857142855,5,5
2,0.69,0.83,245.99999999999997,447,64,171,0,72,False,-1,none,0.3,0.75,0.71,0.47,0.71,0.54,0.6428571428571429,1.0,0.0,47,85,0.75,0.75,0.25,12,16,0.9,0.6111111111111112,0.3888888888888889,6,5
2,0.72,0.81,223.20000000000005,449,94,179,0,81,False,-1,none,0.3,0.84,0.8,0.57,0.83,0.5,0.6857142857142857,1.0,0.0,58,95,0.75,0.8421052631578947,0.15789473684210525,10,13,0.9,0.7142857142857143,0.2857142857142857,2,1
2,0.69,0.81,222.00000000000003,449,114,161,0,89,False,-1,none,0.3,0.81,0.83,0.54,0.86,0.52,0.6571428571428571,1.0,0.0,36,97,0.7,0.7368421052631579,0.2631578947368421,13,10,0.9,0.875,0.125,2,3
2,0.72,0.83,215.88000000000002,447,114,174,0,79,True,1,Slow,0.3,0.86,0.84,0.55,0.85,0.61,0.6714285714285714,1.0,0.0,48,100,0.85,0.8636363636363636,0.13636363636363635,3,15,0.8,0.5714285714285714,0.42857142857142855,3,5
2,0.72,0.84,187.67999999999995,446,85,173,0,73,True,0,Slow,0.3,0.79,0.79,0.54,0.73,0.57,0.7285714285714285,1.0,0.0,62,94,0.7,1.0,0.0,0,12,0.7,0.7857142857142857,0.21428571428571427,3,2
2,0.67,0.8,220.2,450,107,165,0,73,False,-1,none,0.3,0.84,0.76,0.56,0.8,0.56,0.6142857142857143,1.0,0.0,42,96,0.8,0.8260869565217391,0.17391304347826086,7,12,0.8,0.7857142857142857,0.21428571428571427,3,5
2,0.67,0.77,230.99999999999997,453,104,164,0,75,False,-1,none,0.3,0.81,0.77,0.55,0.75,0.57,0.6285714285714286,1.0,0.0,46,91,0.75,0.75,0.25,11,11,0.8,0.46153846153846156,0.5384615384615384,2,3
2,0.72,0.87,240.00000000000003,443,95,155,0,83,False,-1,none,0.3,0.81,0.83,0.58,0.74,0.41,0.6571428571428571,1.0,0.0,52,74,0.9,0.84,0.16,7,15,0.8,0.75,0.25,2,5
2,0.65,0.76,212.99999999999997,454,91,177,0,66,False,-1,none,0.3,0.77,0.76,0.6,0.75,0.56,0.6428571428571429,1.0,0.0,54,94,0.7,0.8,0.2,7,14,0.6,0.6363636363636364,0.36363636363636365,4,4
2,0.7,0.83,238.2,447,106,167,0,74,False,-1,none,0.3,0.8,0.83,0.54,0.8,0.59,0.6428571428571429,1.0,0.0,41,97,0.8,0.8095238095238095,0.19047619047619047,10,11,0.9,0.6470588235294118,0.35294117647058826,3,5
2,0.71,0.85,244.2,445,86,186,0,73,False,-1,none,0.3,0.81,0.83,0.56,0.78,0.59,0.6714285714285714,1.0,0.0,53,101,0.8,0.875,0.125,9,16,0.8,0.5,0.5,4,3
2,0.72,0.85,239.99999999999997,445,89,176,0,70,True,4,Shigh,0.3,0.81,0.8,0.6,0.78,0.51,0.6857142857142857,1.0,0.0,57,91,0.8,0.6666666666666666,0.3333333333333333,13,10,0.8,0.6923076923076923,0.3076923076923077,1,4
2,0.67,0.81,212.51999999999998,449,96,165,0,73,True,0,Slow,0.3,0.8,0.78,0.55,0.74,0.55,0.6285714285714286,1.0,0.0,47,93,0.8,0.7692307692307693,0.23076923076923078,8,13,0.7,0.5454545454545454,0.45454545454545453,3,1
2,0.61,0.69,185.27999999999997,461,89,158,0,64,True,2,Slow,0.3,0.72,0.71,0.46,0.72,0.55,0.5714285714285714,1.0,0.0,42,90,0.7,0.7777777777777778,0.2222222222222222,8,11,0.7,0.7272727272727273,0.2727272727272727,2,5
2,0.68,0.83,227.99999999999991,447,109,184,0,74,False,-1,none,0.3,0.87,0.85,0.66,0.83,0.55,0.6285714285714286,1.0,0.0,52,97,0.9,0.8571428571428571,0.14285714285714285,13,16,0.6,0.7272727272727273,0.2727272727272727,1,5
2,0.69,0.78,227.40000000000003,452,95,173,0,79,False,-1,none,0.3,0.81,0.83,0.57,0.77,0.48,0.6714285714285714,1.0,0.0,58,87,0.7,0.7368421052631579,0.2631578947368421,14,9,0.8,0.5833333333333334,0.4166666666666667,2,3
2,0.73,0.83,231.6,447,84,183,0,80,False,-1,none,0.3,0.82,0.79,0.5,0.79,0.6,0.7,1.0,0.0,52,97,0.85,0.7142857142857143,0.2857142857142857,15,13,0.7,0.8461538461538461,0.15384615384615385,1,5
2,0.66,0.72,209.99999999999997,458,81,191,0,66,False,-1,none,0.3,0.77,0.79,0.56,0.78,0.54,0.6285714285714286,1.0,0.0,56,98,0.85,0.65,0.35,16,16,0.5,0.75,0.25,1,4
2,0.7,0.84,230.39999999999998,446,92,174,0,80,False,-1,none,0.3,0.84,0.83,0.57,0.76,0.5,0.6714285714285714,1.0,0.0,51,86,0.8,0.8636363636363636,0.13636363636363635,9,17,0.7,0.7333333333333333,0.26666666666666666,7,4
2,0.77,0.9,247.79999999999998,440,94,177,0,64,False,-1,none,0.3,0.81,0.79,0.65,0.8,0.56,0.7571428571428571,1.0,0.0,52,101,0.85,0.75,0.25,11,12,0.7,0.8461538461538461,0.15384615384615385,0,1
2,0.66,0.73,206.99999999999997,457,112,153,0,72,False,-1,none,0.3,0.8,0.78,0.57,0.71,0.52,0.6571428571428571,1.0,0.0,41,91,0.65,0.8235294117647058,0.17647058823529413,6,12,0.7,0.5,0.5,2,1
2,0.63,0.73,209.57999999999993,457,87,164,0,71,True,3,Shigh,0.3,0.75,0.76,0.5,0.74,0.49,0.5714285714285714,1.0,0.0,45,85,0.7,0.6470588235294118,0.35294117647058826,16,13,0.9,0.5625,0.4375,0,5
2,0.62,0.75,204.0,455,103,150,0,72,False,-1,none,0.3,0.78,0.77,0.48,0.75,0.5,0.5571428571428572,1.0,0.0,43,83,0.8,0.9583333333333334,0.041666666666666664,3,14,0.7,0.5833333333333334,0.4166666666666667,6,1
2,0.69,0.81,222.59999999999997,449,113,168,0,88,False,-1,none,0.3,0.84,0.87,0.58,0.84,0.49,0.6428571428571429,1.0,0.0,52,93,0.75,0.9,0.1,4,12,0.9,0.6875,0.3125,3,4
2,0.77,0.85,236.4,445,63,190,0,92,False,-1,none,0.3,0.82,0.79,0.54,0.71,0.52,0.8,1.0,0.0,64,91,0.75,0.7222222222222222,0.2777777777777778,13,17,0.6,0.7272727272727273,0.2727272727272727,3,2
2,0.69,0.76,220.2,454,93,173,0,78,False,-1,none,0.3,0.79,0.81,0.49,0.78,0.55,0.6857142857142857,1.0,0.0,52,88,0.7,0.7222222222222222,0.2777777777777778,13,15,0.7,0.5,0.5,3,2
2,0.64,0.7,194.87999999999994,460,109,168,0,78,True,3,Shigh,0.3,0.81,0.8,0.53,0.82,0.51,0.6,1.0,0.0,47,97,0.7,0.7058823529411765,0.29411764705882354,8,15,0.8,0.6363636363636364,0.36363636363636365,0,1
2,0.66,0.78,218.39999999999998,452,98,177,0,72,True,0,Slow,0.3,0.8,0.81,0.55,0.78,0.59,0.6,1.0,0.0,46,95,0.7,0.7058823529411765,0.29411764705882354,11,15,1.0,0.631578947368421,0.3684210526315789,4,6
2,0.61,0.68,195.59999999999997,462,105,155,0,62,False,-1,none,0.3,0.76,0.73,0.54,0.7,0.55,0.5428571428571428,1.0,0.0,47,81,0.7,0.8333333333333334,0.16666666666666666,8,11,0.9,0.5833333333333334,0.4166666666666667,3,5
2,0.66,0.75,202.79999999999993,455,110,177,0,63,False,-1,none,0.3,0.79,0.84,0.67,0.78,0.54,0.6857142857142857,1.0,0.0,57,97,0.65,0.85,0.15,5,14,0.5,0.5714285714285714,0.42857142857142855,2,2
2,0.65,0.75,230.99999999999994,455,112,172,0,81,False,-1,none,0.3,0.84,0.87,0.57,0.73,0.58,0.5714285714285714,1.0,0.0,45,88,0.85,0.6,0.4,22,10,0.8,0.6666666666666666,0.3333333333333333,4,3
2,0.65,0.76,197.09999999999997,454,111,164,0,79,True,3,Shigh,0.3,0.8,0.82,0.59,0.74,0.56,0.6285714285714286,1.0,0.0,47,96,0.65,0.8888888888888888,0.1111111111111111,6,14,0.8,0.7142857142857143,0.2857142857142857,0,1
2,0.68,0.82,216.60000000000002,448,109,163,0,81,False,-1,none,0.3,0.82,0.82,0.6,0.76,0.54,0.6285714285714286,1.0,0.0,47,95,0.8,1.0,0.0,2,14,0.8,0.5833333333333334,0.4166666666666667,2,3
3,0.64,0.92,184.00000000000003,438,136,121,0,76,True,1,Slow,0.3,0.79,0.8,0.53,0.76,0.61,0.5571428571428572,1.0,0.0,16,98,0.85,0.5862068965517241,0.41379310344827586,3,3,0.8,0.7333333333333333,0.26666666666666666,0,1
3,0.74,0.9,201.59999999999994,440,87,177,0,81,False,-1,none,0.3,0.84,0.81,0.57,0.79,0.53,0.6857142857142857,1.0,0.0,55,92,0.8,0.75,0.25,10,16,1.0,0.7222222222222222,0.2777777777777778,1,3
3,0.67,0.81,214.0,449,119,180,0,80,False,-1,none,0.3,0.88,0.83,0.61,0.81,0.67,0.6142857142857143,1.0,0.0,48,99,0.8,0.65,0.35,14,14,0.8,0.6666666666666666,0.3333333333333333,2,3
3,0.67,0.81,204.60000000000005,449,105,166,0,88,False,-1,none,0.3,0.82,0.83,0.55,0.76,0.56,0.6428571428571429,1.0,0.0,44,100,0.65,0.9,0.1,6,9,0.9,0.75,0.25,3,4
3,0.69,0.78,201.6,452,98,188,0,71,False,-1,none,0.3,0.87,0.83,0.54,0.81,0.59,0.6714285714285714,1.0,0.0,53,100,0.7,1.0,0.0,1,28,0.8,0.75,0.25,1,5
3,0.72,0.87,238.79999999999998,443,96,186,0,71,False,-1,none,0.3,0.85,0.85,0.63,0.77,0.59,0.7285714285714285,1.0,0.0,64,93,0.6,0.85,0.15,11,12,0.9,0.5625,0.4375,2,4
3,0.67,0.77,201.6,453,95,164,0,79,False,-1,none,0.3,0.76,0.78,0.51,0.75,0.56,0.7142857142857143,1.0,0.0,49,98,0.6,0.8947368421052632,0.10526315789473684,7,8,0.5,0.625,0.375,0,2
3,0.63,0.73,207.59999999999997,457,91,165,0,66,False,-1,none,0.3,0.76,0.76,0.52,0.72,0.53,0.6,1.0,0.0,49,87,0.7,0.8,0.2,9,14,0.7,0.5454545454545454,0.45454545454545453,4,2
3,0.73,0.83,226.8,447,106,174,0,87,False,-1,none,0.3,0.85,0.85,0.57,0.81,0.55,0.6857142857142857,1.0,0.0,52,92,0.85,0.8181818181818182,0.18181818181818182,9,13,0.8,0.7692307692307693,0.23076923076923078,4,4
3,0.73,0.84,240.6,446,85,163,0,78,False,-1,none,0.3,0.78,0.78,0.48,0.73,0.55,0.6714285714285714,1.0,0.0,47,90,0.85,0.8181818181818182,0.18181818181818182,6,15,0.9,0.6,0.4,2,3
3,0.68,0.79,219.59999999999997,451,94,170,0,67,False,-1,none,0.3,0.77,0.79,0.53,0.75,0.59,0.6285714285714286,1.0,0.0,46,89,0.85,0.9130434782608695,0.08695652173913043,5,21,0.7,0.5,0.5,4,5
3,0.73,0.85,219.12,445,84,167,0,94,True,1,Slow,0.3,0.83,0.82,0.46,0.74,0.51,0.7285714285714285,1.0,0.0,45,90,0.7,0.8,0.2,10,14,0.8,0.5714285714285714,0.42857142857142855,0,8
3,0.67,0.76,205.2,454,89,173,0,67,False,-1,none,0.3,0.78,0.78,0.53,0.75,0.54,0.6571428571428571,1.0,0.0,53,94,0.75,0.6666666666666666,0.3333333333333333,14,8,0.6,0.8888888888888888,0.1111111111111111,2,2
3,0.69,0.77,206.39999999999995,453,95,172,0,71,False,-1,none,0.3,0.8,0.81,0.59,0.73,0.51,0.6428571428571429,1.0,0.0,57,84,0.85,0.8181818181818182,0.18181818181818182,10,18,0.7,0.8,0.2,2,1
3,0.62,0.76,198.6,454,105,142,0,77,False,-1,none,0.3,0.73,0.78,0.53,0.71,0.48,0.5857142857142857,1.0,0.0,43,81,0.7,0.9047619047619048,0.09523809523809523,3,10,0.7,0.7142857142857143,0.2857142857142857,2,3
3,0.64,0.7,200.39999999999998,460,110,172,0,83,False,-1,none,0.3,0.84,0.8,0.48,0.85,0.55,0.6,1.0,0.0,45,98,0.7,0.7058823529411765,0.29411764705882354,13,13,0.8,0.6363636363636364,0.36363636363636365,0,3
3,0.65,0.74,199.19999999999996,456,98,185,0,58,False,-1,none,0.3,0.79,0.81,0.62,0.74,0.61,0.7,1.0,0.0,60,103,0.45,0.6666666666666666,0.3333333333333333,8,9,0.7,0.8461538461538461,0.15384615384615385,0,5
3,0.59,0.69,183.35999999999999,461,96,150,0,85,True,1,Slow,0.3,0.75,0.74,0.51,0.67,0.48,0.5714285714285714,1.0,0.0,42,83,0.6,0.75,0.25,6,10,0.7,0.5384615384615384,0.46153846153846156,5,4
3,0.61,0.72,180.0,458,100,159,0,69,False,-1,none,0.3,0.79,0.74,0.54,0.73,0.51,0.5857142857142857,1.0,0.0,45,87,0.75,0.9090909090909091,0.09090909090909091,8,17,0.5,0.8888888888888888,0.1111111111111111,1,1
3,0.65,0.74,223.79999999999998,456,105,168,0,73,False,-1,none,0.3,0.84,0.8,0.57,0.77,0.49,0.6285714285714286,1.0,0.0,49,88,0.7,0.5555555555555556,0.4444444444444444,17,9,0.7,0.6666666666666666,0.3333333333333333,2,3
3,0.74,0.9,236.00000000000003,440,98,174,0,78,False,-1,none,0.3,0.85,0.85,0.62,0.8,0.5,0.7428571428571429,1.0,0.0,62,91,0.65,0.9523809523809523,0.047619047619047616,3,8,0.9,0.7058823529411765,0.29411764705882354,6,4
3,0.74,0.86,228.4,444,81,177,0,71,False,-1,none,0.3,0.74,0.8,0.57,0.73,0.6,0.7285714285714285,1.0,0.0,54,93,0.8,0.8181818181818182,0.18181818181818182,10,16,0.7,0.7692307692307693,0.23076923076923078,1,3
3,0.76,0.87,250.91999999999996,443,102,179,0,77,True,4,Shigh,0.3,0.86,0.85,0.59,0.76,0.62,0.7571428571428571,1.0,0.0,47,98,0.75,0.5789473684210527,0.42105263157894735,15,14,0.8,0.5333333333333333,0.4666666666666667,1,4
3,0.7,0.79,220.59999999999997,451,89,184,0,63,False,-1,none,0.3,0.82,0.8,0.57,0.78,0.55,0.6857142857142857,1.0,0.0,58,97,0.8,0.8095238095238095,0.19047619047619047,5,16,0.6,0.5,0.5,5,3
3,0.69,0.77,223.79999999999998,453,117,159,0,82,False,-1,none,0.3,0.81,0.85,0.6,0.78,0.49,0.6428571428571429,1.0,0.0,46,86,0.8,0.7,0.3,10,11,0.8,0.5833333333333334,0.4166666666666667,4,2
3,0.7,0.82,215.43999999999997,448,100,167,0,71,True,2,Slow,0.3,0.8,0.8,0.54,0.8,0.55,0.6285714285714286,1.0,0.0,52,89,0.85,0.7142857142857143,0.2857142857142857,8,14,0.9,0.8235294117647058,0.17647058823529413,0,4
3,0.69,0.75,209.39999999999998,455,104,175,0,76,False,-1,none,0.3,0.83,0.8,0.55,0.74,0.62,0.6714285714285714,1.0,0.0,50,96,0.65,0.5,0.5,15,10,0.9,0.7857142857142857,0.21428571428571427,0,4
3,0.75,0.89,238.8,441,83,192,0,76,False,-1,none,0.3,0.82,0.84,0.6,0.79,0.59,0.7428571428571429,1.0,0.0,59,103,0.7,0.8095238095238095,0.19047619047619047,11,13,0.9,0.75,0.25,1,5
3,0.72,0.86,226.2,444,93,166,0,100,False,-1,none,0.3,0.81,0.89,0.41,0.79,0.55,0.6285714285714286,1.0,0.0,45,89,0.95,0.9285714285714286,0.07142857142857142,8,19,0.9,0.7142857142857143,0.2857142857142857,2,3
3,0.6,0.71,197.39999999999998,459,67,158,0,64,False,-1,none,0.3,0.66,0.68,0.5,0.62,0.5,0.5857142857142857,1.0,0.0,45,83,0.65,0.7222222222222222,0.2777777777777778,13,11,0.6,0.75,0.25,1,5
3,0.7,0.86,234.0,444,89,168,0,92,True,3,Shigh,0.3,0.82,0.81,0.48,0.76,0.56,0.6571428571428571,1.0,0.0,55,90,0.85,0.68,0.32,11,11,0.7,0.6666666666666666,0.3333333333333333,0,1
3,0.61,0.73,196.79999999999998,457,104,169,0,74,False,-1,none,0.3,0.81,0.8,0.54,0.77,0.54,0.5714285714285714,1.0,0.0,44,96,0.7,0.8421052631578947,0.15789473684210525,8,16,0.7,0.7142857142857143,0.2857142857142857,4,1
3,0.71,0.87,226.79999999999998,443,104,161,0,68,False,-1,none,0.3,0.8,0.79,0.56,0.78,0.59,0.6571428571428571,1.0,0.0,40,96,0.75,0.9130434782608695,0.08695652173913043,5,16,1.0,0.8333333333333334,0.16666666666666666,0,4
3,0.72,0.81,225.60000000000002,449,93,181,0,80,False,-1,none,0.3,0.8,0.84,0.5,0.81,0.6,0.7,1.0,0.0,49,101,0.75,0.8333333333333334,0.16666666666666666,8,14,0.8,0.6428571428571429,0.35714285714285715,3,6
3,0.74,0.84,236.4,446,102,177,0,77,False,-1,none,0.3,0.84,0.86,0.61,0.72,0.6,0.6857142857142857,1.0,0.0,58,89,0.85,0.7272727272727273,0.2727272727272727,13,11,0.9,0.7857142857142857,0.21428571428571427,3,3
3,0.66,0.79,228.59999999999997,451,73,165,0,68,False,-1,none,0.3,0.73,0.72,0.53,0.71,0.48,0.6142857142857143,1.0,0.0,48,76,0.75,0.7619047619047619,0.23809523809523808,14,19,0.8,0.6666666666666666,0.3333333333333333,4,4
3,0.71,0.79,208.79999999999993,451,103,170,0,88,False,-1,none,0.3,0.84,0.84,0.61,0.79,0.44,0.7428571428571429,1.0,0.0,64,89,0.75,0.8421052631578947,0.15789473684210525,4,10,0.4,0.75,0.25,1,2
3,0.64,0.73,211.2,457,121,154,0,97,False,-1,none,0.3,0.81,0.88,0.49,0.79,0.51,0.6,1.0,0.0,39,89,0.8,0.65,0.35,11,12,0.6,0.8181818181818182,0.18181818181818182,2,1
3,0.69,0.8,229.79999999999998,450,84,146,0,90,False,-1,none,0.3,0.76,0.75,0.41,0.68,0.5,0.6285714285714286,1.0,0.0,38,81,0.75,0.6842105263157895,0.3157894736842105,13,10,1.0,0.7647058823529411,0.23529411764705882,1,3
3,0.65,0.75,226.79999999999998,455,87,158,0,80,False,-1,none,0.3,0.78,0.74,0.48,0.72,0.48,0.5714285714285714,1.0,0.0,40,86,0.9,0.7272727272727273,0.2727272727272727,12,11,0.7,0.5384615384615384,0.46153846153846156,6,3
3,0.7,0.78,213.6,452,102,189,0,76,False,-1,none,0.3,0.85,0.86,0.57,0.8,0.61,0.6857142857142857,1.0,0.0,55,103,0.8,0.8095238095238095,0.19047619047619047,13,14,0.6,0.6666666666666666,0.3333333333333333,0,4
3,0.69,0.82,247.19999999999996,448,109,152,0,82,False,-1,none,0.3,0.83,0.81,0.54,0.73,0.52,0.6142857142857143,1.0,0.0,39,89,0.85,0.7727272727272727,0.22727272727272727,8,8,0.9,0.5294117647058824,0.47058823529411764,6,2
3,0.76,0.9,248.88000000000005,440,85,203,0,72,True,0,Slow,0.3,0.85,0.85,0.58,0.84,0.66,0.7,1.0,0.0,55,103,0.85,0.7142857142857143,0.2857142857142857,9,18,1.0,0.6,0.4,10,8
3,0.72,0.87,243.6,443,86,182,0,75,False,-1,none,0.3,0.82,0.83,0.56,0.78,0.56,0.6428571428571429,1.0,0.0,55,87,0.85,0.7916666666666666,0.20833333333333334,15,14,1.0,0.7777777777777778,0.2222222222222222,4,7
3,0.74,0.85,239.4,445,86,190,0,84,False,-1,none,0.3,0.87,0.85,0.52,0.78,0.59,0.7571428571428571,1.0,0.0,59,102,0.65,0.7777777777777778,0.2222222222222222,11,13,0.8,0.6428571428571429,0.35714285714285715,0,5
3,0.69,0.82,221.45999999999992,448,70,169,0,74,True,4,Shigh,0.3,0.75,0.75,0.49,0.72,0.5,0.6714285714285714,1.0,0.0,47,90,0.8,0.84,0.16,13,16,0.6,0.6,0.4,2,1
3,0.71,0.79,232.79999999999995,451,98,168,0,75,False,-1,none,0.3,0.77,0.81,0.55,0.78,0.54,0.6857142857142857,1.0,0.0,50,91,0.75,0.7894736842105263,0.21052631578947367,8,10,0.8,0.4166666666666667,0.5833333333333334,3,6
3,0.63,0.69,191.99999999999994,461,105,154,0,82,False,-1,none,0.3,0.77,0.76,0.53,0.71,0.51,0.5857142857142857,1.0,0.0,42,89,0.75,0.7647058823529411,0.23529411764705882,8,12,0.7,0.7272727272727273,0.2727272727272727,0,3
3,0.73,0.79,211.79999999999998,451,103,161,0,82,False,-1,none,0.3,0.79,0.8,0.61,0.71,0.52,0.7714285714285715,1.0,0.0,53,91,0.65,0.75,0.25,9,3,0.6,0.7777777777777778,0.2222222222222222,0,5
3,0.74,0.86,237.0,444,101,187,0,71,False,-1,none,0.3,0.87,0.87,0.63,0.75,0.62,0.7428571428571429,1.0,0.0,57,97,0.7,0.7222222222222222,0.2777777777777778,12,15,0.8,0.8125,0.1875,2,4
3,0.74,0.83,221.99999999999994,447,98,185,0,74,False,-1,none,0.3,0.82,0.81,0.61,0.8,0.62,0.7428571428571429,1.0,0.0,63,99,0.7,0.8333333333333334,0.16666666666666666,6,12,0.8,0.7692307692307693,0.23076923076923078,2,3
3,0.69,0.81,217.8,449,95,168,0,71,False,-1,none,0.3,0.82,0.78,0.54,0.72,0.58,0.6428571428571429,1.0,0.0,53,92,0.8,0.8636363636363636,0.13636363636363635,6,13,0.8,0.7857142857142857,0.21428571428571427,0,4
3,0.73,0.86,237.60000000000002,444,97,173,0,74,False,-1,none,0.3,0.83,0.84,0.55,0.78,0.56,0.6857142857142857,1.0,0.0,48,96,0.75,0.8095238095238095,0.19047619047619047,10,13,1.0,0.7647058823529411,0.23529411764705882,2,4
3,0.64,0.74,205.19999999999996,456,118,159,0,79,False,-1,none,0.3,0.79,0.82,0.47,0.85,0.58,0.5857142857142857,1.0,0.0,34,104,0.8,0.8695652173913043,0.13043478260869565,7,12,0.7,0.6,0.4,2,0
3,0.81,0.94,269.40000000000003,436,88,196,0,77,False,-1,none,0.3,0.87,0.86,0.52,0.86,0.67,0.7428571428571429,1.0,0.0,45,101,1.0,0.76,0.24,16,20,0.9,0.7058823529411765,0.29411764705882354,7,7
3,0.69,0.8,229.19999999999996,450,92,187,0,66,False,-1,none,0.3,0.81,0.84,0.54,0.78,0.62,0.6428571428571429,1.0,0.0,54,103,0.85,0.782608695652174,0.21739130434782608,9,19,0.7,0.5833333333333334,0.4166666666666667,1,1
3,0.69,0.78,216.6,452,93,166,0,83,False,-1,none,0.3,0.77,0.8,0.53,0.75,0.52,0.6571428571428571,1.0,0.0,43,92,0.8,0.7619047619047619,0.23809523809523808,13,14,0.7,0.7272727272727273,0.2727272727272727,3,1
3,0.69,0.76,203.99999999999997,454,103,171,0,80,True,1,Slow,0.3,0.84,0.82,0.5,0.76,0.58,0.6857142857142857,1.0,0.0,47,97,0.65,0.7142857142857143,0.2857142857142857,8,8,0.8,0.5714285714285714,0.42857142857142855,8,3
3,0.7,0.81,213.6,449,116,172,0,76,False,-1,none,0.3,0.87,0.85,0.6,0.79,0.58,0.6857142857142857,1.0,0.0,48,98,0.8,0.9047619047619048,0.09523809523809523,2,19,0.6,0.75,0.25,2,3
3,0.64,0.8,199.31999999999996,450,79,172,0,69,True,0,Slow,0.3,0.77,0.77,0.48,0.69,0.6,0.6,1.0,0.0,57,93,0.7,0.8571428571428571,0.14285714285714285,4,9,0.8,0.7058823529411765,0.29411764705882354,3,6
3,0.64,0.82,217.19999999999996,448,92,163,0,78,False,-1,none,0.3,0.8,0.81,0.51,0.7,0.55,0.5571428571428572,1.0,0.0,44,81,0.85,0.8461538461538461,0.15384615384615385,11,17,0.8,0.9411764705882353,0.058823529411764705,2,8
3,0.71,0.78,230.39999999999995,452,94,179,0,79,False,-1,none,0.3,0.82,0.81,0.53,0.77,0.58,0.6857142857142857,1.0,0.0,54,91,0.75,0.5,0.5,13,17,0.8,0.7857142857142857,0.21428571428571427,0,4
3,0.74,0.85,243.0,445,97,181,0,72,False,-1,none,0.3,0.85,0.81,0.62,0.78,0.57,0.7142857142857143,1.0,0.0,53,95,0.8,0.8695652173913043,0.13043478260869565,10,15,0.8,0.4166666666666667,0.5833333333333334,5,3
3,0.7,0.81,220.79999999999998,449,97,189,0,68,False,-1,none,0.3,0.84,0.82,0.66,0.77,0.58,0.7,1.0,0.0,64,105,0.7,0.85,0.15,6,8,0.7,0.6666666666666666,0.3333333333333333,2,4
3,0.62,0.7,191.28,460,88,167,0,65,True,2,Slow,0.3,0.73,0.75,0.55,0.69,0.53,0.6142857142857143,1.0,0.0,56,89,0.6,0.7333333333333333,0.26666666666666666,9,9,0.7,0.6666666666666666,0.3333333333333333,2,2
3,0.71,0.79,216.60000000000002,451,101,173,0,82,False,-1,none,0.3,0.84,0.85,0.55,0.77,0.52,0.6714285714285714,1.0,0.0,59,90,0.7,0.8666666666666667,0.13333333333333333,4,9,1.0,0.7058823529411765,0.29411764705882354,8,3
4,0.7,0.89,200.00000000000006,441,113,151,0,82,False,-1,none,0.3,0.83,0.83,0.51,0.76,0.6,0.6571428571428571,1.0,0.0,44,94,0.75,0.5833333333333334,0.4166666666666667,6,5,0.9,0.5789473684210527,0.42105263157894735,0,2
4,0.68,0.81,178.2,449,102,168,0,74,False,-1,none,0.3,0.82,0.82,0.54,0.78,0.55,0.6428571428571429,1.0,0.0,48,97,0.75,0.75,0.25,9,12,0.8,0.75,0.25,2,0
4,0.62,0.76,184.0,454,73,159,0,77,False,-1,none,0.3,0.73,0.73,0.4,0.71,0.51,0.5857142857142857,1.0,0.0,41,89,0.8,0.84,0.16,9,18,0.5,0.6,0.4,1,1
4,0.73,0.85,235.40000000000006,445,101,194,0,70,False,-1,none,0.3,0.86,0.83,0.64,0.82,0.65,0.7142857142857143,1.0,0.0,53,106,0.8,0.7272727272727273,0.2727272727272727,15,14,0.7,0.6153846153846154,0.38461538461538464,3,3
4,0.68,0.84,216.00000000000003,446,84,178,0,79,False,-1,none,0.3,0.8,0.82,0.58,0.77,0.49,0.6428571428571429,1.0,0.0,56,87,0.65,1.0,0.0,3,25,1.0,0.8125,0.1875,3,4
4,0.73,0.85,209.64,445,99,180,0,86,True,0,Slow,0.3,0.84,0.86,0.55,0.79,0.6,0.6285714285714286,1.0,0.0,51,93,1.0,0.8148148148148148,0.18518518518518517,13,17,0.9,0.8571428571428571,0.14285714285714285,2,4
4,0.72,0.89,234.0,441,97,159,0,80,False,-1,none,0.3,0.8,0.8,0.56,0.74,0.55,0.6428571428571429,1.0,0.0,45,87,0.85,0.8846153846153846,0.11538461538461539,9,17,1.0,0.7777777777777778,0.2222222222222222,0,1
4,0.66,0.77,209.99999999999991,453,98,171,0,74,False,-1,none,0.3,0.8,0.81,0.53,0.77,0.55,0.6285714285714286,1.0,0.0,43,93,0.75,0.8260869565217391,0.17391304347826086,11,17,0.7,0.6,0.4,3,4
4,0.69,0.81,225.6,449,94,195,0,80,False,-1,none,0.3,0.83,0.85,0.58,0.84,0.6,0.6428571428571429,1.0,0.0,59,99,0.85,0.782608695652174,0.21739130434782608,14,16,0.7,0.6153846153846154,0.38461538461538464,2,5
4,0.66,0.77,214.19999999999993,453,103,175,0,75,False,-1,none,0.3,0.81,0.83,0.57,0.8,0.54,0.6142857142857143,1.0,0.0,55,98,0.75,0.7222222222222222,0.2777777777777778,9,11,0.8,0.75,0.25,0,2
4,0.73,0.89,214.8,441,114,169,0,88,True,1,Slow,0.3,0.88,0.85,0.58,0.79,0.62,0.6714285714285714,1.0,0.0,45,102,0.9,0.8148148148148148,0.18518518518518517,6,14,0.8,0.7333333333333333,0.26666666666666666,1,1
4,0.67,0.76,214.19999999999996,454,101,163,0,80,False,-1,none,0.3,0.82,0.77,0.52,0.7,0.59,0.6142857142857143,1.0,0.0,41,91,0.8,0.6666666666666666,0.3333333333333333,16,9,0.8,0.6666666666666666,0.3333333333333333,2,4
4,0.7,0.88,237.59999999999997,442,94,175,0,68,False,-1,none,0.3,0.76,0.79,0.59,0.82,0.61,0.6714285714285714,1.0,0.0,46,102,0.75,0.9166666666666666,0.08333333333333333,6,16,0.8,0.6470588235294118,0.35294117647058826,1,4
4,0.69,0.83,221.76,447,103,169,0,70,True,4,Shigh,0.3,0.85,0.83,0.6,0.72,0.55,0.6714285714285714,1.0,0.0,63,85,0.7,0.8695652173913043,0.13043478260869565,4,10,0.8,0.46153846153846156,0.5384615384615384,4,3
4,0.66,0.76,211.79999999999998,454,99,171,0,74,False,-1,none,0.3,0.79,0.8,0.56,0.73,0.58,0.6142857142857143,1.0,0.0,49,88,0.8,0.8,0.2,10,14,0.7,0.7692307692307693,0.23076923076923078,4,6
4,0.73,0.86,223.43999999999997,444,94,173,0,82,True,1,Slow,0.3,0.82,0.84,0.6,0.74,0.53,0.7,1.0,0.0,59,89,0.7,0.6666666666666666,0.3333333333333333,12,9,1.0,0.7368421052631579,0.2631578947368421,2,2
4,0.72,0.87,231.59999999999997,443,82,167,0,74,False,-1,none,0.3,0.79,0.79,0.51,0.78,0.49,0.6428571428571429,1.0,0.0,48,88,0.9,0.92,0.08,5,19,0.9,0.7647058823529411,0.23529411764705882,3,4
4,0.69,0.83,226.20000000000002,447,106,167,0,74,False,-1,none,0.3,0.81,0.84,0.6,0.78,0.53,0.6571428571428571,1.0,0.0,48,91,0.65,0.8888888888888888,0.1111111111111111,8,13,1.0,0.7368421052631579,0.2631578947368421,1,6
4,0.73,0.82,226.2,448,88,199,0,71,False,-1,none,0.3,0.83,0.83,0.6,0.84,0.59,0.7714285714285715,1.0,0.0,67,103,0.65,0.7058823529411765,0.29411764705882354,10,12,0.6,0.8181818181818182,0.18181818181818182,3,4
4,0.72,0.79,223.19999999999996,451,79,188,0,79,False,-1,none,0.3,0.79,0.81,0.51,0.79,0.56,0.7,1.0,0.0,58,98,0.85,0.75,0.25,12,16,0.6,0.7,0.3,2,2
4,0.64,0.72,210.59999999999997,458,100,150,0,78,False,-1,none,0.3,0.74,0.76,0.48,0.73,0.51,0.6285714285714286,1.0,0.0,38,86,0.65,0.6666666666666666,0.3333333333333333,8,12,0.7,0.6923076923076923,0.3076923076923077,2,4
4,0.8,0.93,246.35999999999993,437,94,193,0,65,True,1,Slow,0.3,0.87,0.87,0.65,0.78,0.63,0.7714285714285715,1.0,0.0,63,101,0.85,0.7727272727272727,0.22727272727272727,8,11,0.9,0.6470588235294118,0.35294117647058826,5,5
4,0.71,0.82,230.39999999999995,448,103,171,0,69,False,-1,none,0.3,0.84,0.82,0.62,0.7,0.58,0.7,1.0,0.0,55,90,0.65,0.7647058823529411,0.23529411764705882,7,13,0.9,0.75,0.25,2,4
4,0.71,0.86,231.6,444,100,183,0,66,False,-1,none,0.3,0.83,0.81,0.62,0.84,0.59,0.6857142857142857,1.0,0.0,58,101,0.7,0.9523809523809523,0.047619047619047616,4,12,0.9,0.7058823529411765,0.29411764705882354,5,3
4,0.67,0.74,215.39999999999998,456,99,189,0,73,False,-1,none,0.3,0.81,0.82,0.59,0.82,0.58,0.6714285714285714,1.0,0.0,58,98,0.6,0.6923076923076923,0.3076923076923077,7,14,0.8,0.6428571428571429,0.35714285714285715,5,7
4,0.72,0.82,204.0,448,91,158,0,79,True,2,Slow,0.3,0.76,0.79,0.57,0.73,0.46,0.7857142857142857,1.0,0.0,53,87,0.65,0.8421052631578947,0.15789473684210525,6,6,0.4,0.625,0.375,4,2
4,0.67,0.75,213.59999999999997,455,85,178,0,77,False,-1,none,0.3,0.76,0.78,0.55,0.76,0.53,0.6142857142857143,1.0,0.0,52,89,0.8,0.7619047619047619,0.23809523809523808,14,18,0.8,0.7272727272727273,0.2727272727272727,2,3
4,0.65,0.8,233.6,450,86,171,0,73,False,-1,none,0.3,0.77,0.8,0.58,0.72,0.5,0.6285714285714286,1.0,0.0,52,89,0.7,0.8181818181818182,0.18181818181818182,12,9,0.7,0.5,0.5,6,3
4,0.68,0.74,186.19999999999993,456,85,162,0,89,False,-1,none,0.3,0.76,0.75,0.49,0.69,0.52,0.7142857142857143,1.0,0.0,54,88,0.7,0.8823529411764706,0.11764705882352941,4,12,0.4,0.8571428571428571,0.14285714285714285,2,2
4,0.7,0.79,189.59999999999997,451,97,176,0,78,True,0,Slow,0.3,0.8,0.82,0.52,0.78,0.6,0.6571428571428571,1.0,0.0,52,100,0.8,0.7894736842105263,0.21052631578947367,6,13,0.8,0.8571428571428571,0.14285714285714285,0,5
4,0.66,0.77,227.75999999999996,453,90,177,0,76,True,4,Shigh,0.3,0.79,0.81,0.51,0.73,0.6,0.6285714285714286,1.0,0.0,48,95,0.7,0.6470588235294118,0.35294117647058826,13,14,0.8,0.5,0.5,4,3
4,0.71,0.82,242.99999999999997,448,82,167,0,84,False,-1,none,0.3,0.77,0.81,0.47,0.72,0.54,0.6714285714285714,1.0,0.0,46,88,0.9,0.76,0.24,15,13,0.6,0.5,0.5,2,3
4,0.74,0.83,249.59999999999997,447,93,173,0,76,False,-1,none,0.3,0.8,0.81,0.58,0.75,0.55,0.7142857142857143,1.0,0.0,50,89,0.75,0.6666666666666666,0.3333333333333333,15,12,0.9,0.6,0.4,1,6
4,0.59,0.71,208.19999999999996,459,113,156,0,80,False,-1,none,0.3,0.8,0.79,0.55,0.72,0.54,0.5,1.0,0.0,35,90,0.75,0.75,0.25,11,12,0.9,0.75,0.25,3,5
4,0.71,0.84,241.20000000000002,446,89,185,0,62,False,-1,none,0.3,0.82,0.8,0.61,0.78,0.57,0.7,1.0,0.0,51,100,0.7,0.75,0.25,13,16,0.8,0.6666666666666666,0.3333333333333333,2,3
4,0.66,0.79,196.79999999999998,451,84,157,0,80,True,0,Slow,0.3,0.74,0.75,0.52,0.71,0.48,0.6428571428571429,1.0,0.0,45,88,0.65,0.7222222222222222,0.2777777777777778,11,8,0.8,0.9375,0.0625,0,5
4,0.75,0.84,231.0,446,84,181,0,76,False,-1,none,0.3,0.8,0.79,0.61,0.74,0.55,0.7571428571428571,1.0,0.0,66,94,0.8,0.8947368421052632,0.10526315789473684,3,10,0.6,0.5833333333333334,0.4166666666666667,6,2
4,0.67,0.78,220.79999999999998,452,107,177,0,73,False,-1,none,0.3,0.85,0.85,0.61,0.79,0.52,0.6142857142857143,1.0,0.0,54,94,0.85,0.875,0.125,9,14,0.7,0.5454545454545454,0.45454545454545453,3,3
4,0.69,0.8,233.99999999999997,450,98,191,0,71,False,-1,none,0.3,0.85,0.85,0.55,0.83,0.61,0.6285714285714286,1.0,0.0,54,101,0.8,0.7368421052631579,0.2631578947368421,10,18,0.9,0.7058823529411765,0.29411764705882354,3,5
4,0.71,0.8,208.79999999999998,450,110,177,0,73,False,-1,none,0.3,0.86,0.84,0.57,0.78,0.62,0.6714285714285714,1.0,0.0,49,99,0.75,0.9444444444444444,0.05555555555555555,3,18,0.9,0.8,0.2,3,5
4,0.72,0.83,236.99999999999994,447,104,181,0,67,False,-1,none,0.3,0.83,0.83,0.61,0.84,0.57,0.6714285714285714,1.0,0.0,54,93,0.85,0.7272727272727273,0.2727272727272727,14,15,0.8,0.7857142857142857,0.21428571428571427,1,4
4,0.71,0.84,239.39999999999995,446,95,172,0,84,False,-1,none,0.3,0.81,0.85,0.54,0.76,0.55,0.6285714285714286,1.0,0.0,48,89,0.85,0.875,0.125,10,13,1.0,0.625,0.375,5,7
4,0.69,0.83,227.33999999999997,447,75,176,0,66,True,3,Shigh,0.3,0.76,0.71,0.58,0.75,0.54,0.6428571428571429,1.0,0.0,48,88,0.9,0.7083333333333334,0.2916666666666667,18,16,0.6,0.7857142857142857,0.21428571428571427,2,4
4,0.7,0.78,207.11999999999998,452,101,181,0,80,True,2,Slow,0.3,0.85,0.85,0.58,0.75,0.57,0.7142857142857143,1.0,0.0,56,97,0.65,0.6,0.4,14,7,0.7,0.8461538461538461,0.15384615384615385,2,5
4,0.79,0.93,261.0,437,89,192,0,86,False,-1,none,0.3,0.85,0.88,0.58,0.83,0.6,0.7571428571428571,1.0,0.0,53,103,0.8,0.9090909090909091,0.09090909090909091,6,19,1.0,0.6111111111111112,0.3888888888888889,7,4
4,0.65,0.77,205.79999999999998,453,103,160,0,90,False,-1,none,0.3,0.79,0.79,0.56,0.74,0.52,0.5857142857142857,1.0,0.0,40,89,0.85,0.88,0.12,10,14,0.7,0.8181818181818182,0.18181818181818182,4,3
4,0.65,0.77,205.79999999999995,453,80,186,0,67,False,-1,none,0.3,0.81,0.8,0.53,0.77,0.52,0.6714285714285714,1.0,0.0,61,97,0.6,1.0,0.0,4,17,0.6,0.5833333333333334,0.4166666666666667,3,4
4,0.67,0.75,212.09999999999994,455,112,152,0,66,True,4,Shigh,0.3,0.75,0.81,0.51,0.72,0.6,0.6142857142857143,1.0,0.0,34,88,0.8,0.6666666666666666,0.3333333333333333,12,15,0.8,0.7142857142857143,0.2857142857142857,1,2
4,0.68,0.79,231.59999999999997,451,90,168,0,88,False,-1,none,0.3,0.8,0.81,0.54,0.7,0.52,0.6571428571428571,1.0,0.0,55,85,0.75,0.7,0.3,13,8,0.7,0.6923076923076923,0.3076923076923077,2,5
4,0.74,0.85,241.80000000000004,445,69,192,0,89,False,-1,none,0.3,0.8,0.84,0.55,0.79,0.48,0.7285714285714285,1.0,0.0,58,93,0.8,0.8095238095238095,0.19047619047619047,13,16,0.7,0.6153846153846154,0.38461538461538464,8,4
4,0.68,0.8,221.39999999999998,450,91,179,0,65,False,-1,none,0.3,0.79,0.82,0.52,0.75,0.62,0.6857142857142857,1.0,0.0,51,98,0.65,0.8235294117647058,0.17647058823529413,9,14,0.7,0.7333333333333333,0.26666666666666666,3,4
4,0.69,0.81,236.39999999999998,449,93,177,0,64,False,-1,none,0.3,0.78,0.8,0.58,0.76,0.59,0.6714285714285714,1.0,0.0,51,92,0.7,0.8,0.2,10,15,0.8,0.5714285714285714,0.42857142857142855,4,5
4,0.69,0.86,221.45999999999998,444,94,149,0,91,True,3,Shigh,0.3,0.79,0.8,0.52,0.73,0.45,0.6714285714285714,1.0,0.0,45,82,0.75,0.96,0.04,3,14,0.7,0.7142857142857143,0.2857142857142857,0,5
4,0.65,0.79,210.60000000000002,451,90,183,0,83,False,-1,none,0.3,0.82,0.84,0.48,0.77,0.61,0.6571428571428571,1.0,0.0,58,102,0.65,0.9473684210526315,0.05263157894736842,3,11,0.6,0.7142857142857143,0.2857142857142857,6,3
4,0.67,0.82,234.59999999999997,448,65,159,0,84,False,-1,none,0.3,0.74,0.73,0.45,0.67,0.47,0.6285714285714286,1.0,0.0,50,74,0.7,0.7894736842105263,0.21052631578947367,10,15,0.9,0.7368421052631579,0.2631578947368421,3,7
4,0.69,0.74,198.59999999999994,456,115,170,0,71,False,-1,none,0.3,0.85,0.81,0.54,0.79,0.6,0.6857142857142857,1.0,0.0,52,95,0.8,0.8421052631578947,0.15789473684210525,8,15,0.5,0.7142857142857143,0.2857142857142857,0,0
4,0.64,0.73,198.47999999999996,457,96,171,0,75,True,0,Slow,0.3,0.8,0.79,0.55,0.69,0.57,0.6,1.0,0.0,54,89,0.7,0.6666666666666666,0.3333333333333333,10,12,0.8,0.6923076923076923,0.3076923076923077,3,3
4,0.79,0.92,242.79999999999998,438,91,179,0,73,False,-1,none,0.3,0.85,0.84,0.59,0.79,0.55,0.7571428571428571,1.0,0.0,56,96,0.8,0.9523809523809523,0.047619047619047616,4,14,1.0,0.6666666666666666,0.3333333333333333,6,3
4,0.72,0.85,232.79999999999998,445,72,165,0,73,False,-1,none,0.3,0.74,0.74,0.52,0.69,0.53,0.6714285714285714,1.0,0.0,49,81,0.9,0.8846153846153846,0.11538461538461539,10,20,0.7,0.5833333333333334,0.4166666666666667,3,2
4,0.65,0.75,191.60000000000002,455,92,187,0,61,False,-1,none,0.3,0.81,0.76,0.58,0.79,0.6,0.6571428571428571,1.0,0.0,60,105,0.65,0.8421052631578947,0.15789473684210525,6,10,0.6,0.9,0.1,0,6
4,0.65,0.78,225.47999999999993,452,93,156,0,83,True,4,Shigh,0.3,0.8,0.78,0.49,0.69,0.51,0.6285714285714286,1.0,0.0,48,83,0.6,0.625,0.375,14,8,0.9,0.7222222222222222,0.2777777777777778,1,2
4,0.7,0.78,216.59999999999997,452,101,183,0,68,False,-1,none,0.3,0.85,0.83,0.56,0.8,0.58,0.6857142857142857,1.0,0.0,51,102,0.65,0.6428571428571429,0.35714285714285715,13,10,0.9,0.875,0.125,2,5
4,0.72,0.86,216.71999999999997,444,90,179,0,80,True,1,Slow,0.3,0.82,0.84,0.56,0.78,0.55,0.7142857142857143,1.0,0.0,58,97,0.7,0.7368421052631579,0.2631578947368421,7,9,0.8,0.7058823529411765,0.29411764705882354,4,4
4,0.59,0.68,175.8,462,77,152,0,63,False,-1,none,0.3,0.7,0.68,0.44,0.68,0.47,0.5428571428571428,1.0,0.0,43,82,0.75,0.9523809523809523,0.047619047619047616,4,20,0.6,0.7777777777777778,0.2222222222222222,2,1
4,0.73,0.82,226.2,448,89,168,0,76,False,-1,none,0.3,0.8,0.8,0.58,0.73,0.48,0.6857142857142857,1.0,0.0,49,79,0.95,0.7391304347826086,0.2608695652173913,15,19,0.6,0.9090909090909091,0.09090909090909091,2,4
4,0.67,0.77,204.54,453,94,173,0,71,True,4,Shigh,0.3,0.81,0.8,0.47,0.77,0.59,0.6571428571428571,1.0,0.0,53,97,0.7,0.8333333333333334,0.16666666666666666,8,10,0.7,0.6153846153846154,0.38461538461538464,0,5
5,0.71,0.9,190.08000000000004,440,123,158,0,84,True,4,Shigh,0.3,0.81,0.86,0.62,0.83,0.59,0.6428571428571429,1.0,0.0,47,102,0.8,0.6666666666666666,0.3333333333333333,4,5,1.0,0.5,0.5,0,0
5,0.73,0.91,202.13999999999993,439,115,165,0,74,True,4,Shigh,0.3,0.86,0.87,0.6,0.78,0.6,0.6857142857142857,1.0,0.0,47,93,0.8,0.72,0.28,13,10,0.9,0.7222222222222222,0.2777777777777778,0,2
5,0.64,0.77,172.6,453,115,160,0,73,True,3,Shigh,0.3,0.79,0.78,0.54,0.8,0.61,0.6,1.0,0.0,45,98,0.7,0.8571428571428571,0.14285714285714285,5,11,0.8,0.7857142857142857,0.21428571428571427,0,1
5,0.67,0.78,198.00000000000006,452,98,163,0,91,False,-1,none,0.3,0.79,0.83,0.47,0.76,0.54,0.6285714285714286,1.0,0.0,41,95,0.75,0.8947368421052632,0.10526315789473684,4,13,0.8,0.7333333333333333,0.26666666666666666,6,4
5,0.61,0.69,189.59999999999997,461,99,181,0,76,False,-1,none,0.3,0.81,0.8,0.59,0.76,0.53,0.6,1.0,0.0,53,92,0.6,1.0,0.0,2,26,0.7,0.5833333333333334,0.4166666666666667,5,3
5,0.67,0.82,216.02,448,96,155,0,72,True,3,Shigh,0.3,0.77,0.81,0.52,0.72,0.51,0.6571428571428571,1.0,0.0,46,85,0.6,0.6111111111111112,0.3888888888888889,9,9,0.9,0.6111111111111112,0.3888888888888889,3,3
5,0.73,0.89,218.8,441,117,162,0,87,False,-1,none,0.3,0.88,0.9,0.57,0.78,0.55,0.6714285714285714,1.0,0.0,47,91,0.8,1.0,0.0,2,19,1.0,0.7058823529411765,0.29411764705882354,0,3
5,0.73,0.86,231.80000000000004,444,100,173,0,81,False,-1,none,0.3,0.85,0.79,0.59,0.79,0.57,0.7142857142857143,1.0,0.0,50,89,0.7,0.85,0.15,4,20,0.9,0.75,0.25,4,6
5,0.69,0.78,208.20000000000002,452,80,183,0,79,False,-1,none,0.3,0.8,0.81,0.49,0.79,0.52,0.7285714285714285,1.0,0.0,62,97,0.6,0.8125,0.1875,7,9,0.6,0.7272727272727273,0.2727272727272727,3,5
5,0.62,0.72,208.79999999999995,458,87,170,0,56,False,-1,none,0.3,0.72,0.75,0.54,0.74,0.54,0.6,1.0,0.0,52,87,0.7,0.65,0.35,14,14,0.6,0.7,0.3,1,2
5,0.69,0.78,195.88,452,113,175,0,59,True,0,Slow,0.3,0.83,0.8,0.56,0.8,0.67,0.6571428571428571,1.0,0.0,47,102,0.85,0.7619047619047619,0.23809523809523808,6,15,0.6,0.6363636363636364,0.36363636363636365,1,4
5,0.59,0.74,185.80000000000004,456,88,151,0,67,True,0,Slow,0.3,0.73,0.73,0.51,0.68,0.48,0.5428571428571428,1.0,0.0,44,81,0.65,0.8,0.2,7,12,0.8,0.75,0.25,2,5
5,0.63,0.75,215.60000000000002,455,70,143,0,72,False,-1,none,0.3,0.67,0.71,0.42,0.68,0.4,0.6,1.0,0.0,42,73,0.65,0.7058823529411765,0.29411764705882354,9,10,0.8,0.6875,0.3125,5,4
5,0.7,0.81,224.40000000000003,449,91,170,0,83,False,-1,none,0.3,0.8,0.81,0.55,0.74,0.52,0.6571428571428571,1.0,0.0,47,86,0.85,0.782608695652174,0.21739130434782608,13,17,0.7,0.6666666666666666,0.3333333333333333,5,2
5,0.71,0.82,232.20000000000002,448,90,188,0,70,False,-1,none,0.3,0.79,0.8,0.6,0.79,0.62,0.6571428571428571,1.0,0.0,56,99,0.9,0.6956521739130435,0.30434782608695654,10,14,0.7,0.7692307692307693,0.23076923076923078,2,7
5,0.71,0.81,212.60000000000002,449,91,174,0,74,False,-1,none,0.3,0.82,0.84,0.57,0.74,0.49,0.7,1.0,0.0,59,88,0.7,0.8421052631578947,0.15789473684210525,6,17,0.8,0.7692307692307693,0.23076923076923078,2,2
5,0.64,0.75,208.39999999999998,455,87,167,0,66,False,-1,none,0.3,0.76,0.72,0.51,0.7,0.6,0.6142857142857143,1.0,0.0,45,95,0.75,0.7368421052631579,0.2631578947368421,9,12,0.6,0.7692307692307693,0.23076923076923078,2,4
5,0.68,0.79,215.60000000000002,451,109,168,0,79,False,-1,none,0.3,0.84,0.81,0.5,0.73,0.68,0.6428571428571429,1.0,0.0,41,99,0.75,0.75,0.25,9,14,0.8,0.7857142857142857,0.21428571428571427,2,3
5,0.7,0.82,241.79999999999998,448,76,167,0,80,False,-1,none,0.3,0.75,0.75,0.55,0.69,0.51,0.6714285714285714,1.0,0.0,50,80,0.7,0.6842105263157895,0.3157894736842105,12,13,0.9,0.5625,0.4375,5,7
5,0.74,0.83,216.20000000000002,447,99,180,0,88,False,-1,none,0.3,0.84,0.82,0.54,0.77,0.65,0.7,1.0,0.0,48,104,0.95,0.88,0.12,6,18,0.6,0.6666666666666666,0.3333333333333333,2,2
5,0.64,0.75,202.0,455,101,168,0,81,False,-1,none,0.3,0.75,0.8,0.58,0.78,0.53,0.6,1.0,0.0,52,94,0.7,0.7894736842105263,0.21052631578947367,7,10,0.8,0.7857142857142857,0.21428571428571427,0,5
5,0.74,0.85,240.8,445,92,183,0,80,False,-1,none,0.3,0.85,0.83,0.56,0.78,0.58,0.7142857142857143,1.0,0.0,57,97,0.8,0.7,0.3,12,11,0.8,0.6666666666666666,0.3333333333333333,2,4
5,0.78,0.91,229.80000000000007,439,120,174,0,90,False,-1,none,0.3,0.93,0.92,0.61,0.85,0.54,0.7285714285714285,1.0,0.0,47,92,0.9,0.9166666666666666,0.08333333333333333,9,18,0.9,0.8125,0.1875,4,4
5,0.72,0.84,248.00000000000003,446,93,186,0,87,False,-1,none,0.3,0.88,0.86,0.55,0.78,0.56,0.7142857142857143,1.0,0.0,58,93,0.65,0.6470588235294118,0.35294117647058826,17,12,0.9,0.5882352941176471,0.4117647058823529,3,3
5,0.68,0.76,195.39999999999998,454,89,167,0,68,False,-1,none,0.3,0.75,0.78,0.57,0.68,0.54,0.6714285714285714,1.0,0.0,53,86,0.75,0.7894736842105263,0.21052631578947367,9,15,0.6,0.9,0.1,2,2
5,0.65,0.75,206.4,455,107,153,0,85,False,-1,none,0.3,0.77,0.8,0.54,0.71,0.53,0.5714285714285714,1.0,0.0,48,80,0.9,0.8260869565217391,0.17391304347826086,3,16,0.7,0.6666666666666666,0.3333333333333333,3,3
5,0.74,0.86,207.40000000000003,444,76,170,0,83,False,-1,none,0.3,0.83,0.76,0.44,0.8,0.49,0.7428571428571429,1.0,0.0,50,97,0.75,0.9545454545454546,0.045454545454545456,4,15,0.7,0.9166666666666666,0.08333333333333333,1,3
5,0.74,0.84,237.0,446,87,183,0,81,False,-1,none,0.3,0.83,0.8,0.56,0.79,0.56,0.7428571428571429,1.0,0.0,55,95,0.7,0.7894736842105263,0.21052631578947367,11,14,0.8,0.5384615384615384,0.46153846153846156,5,3
5,0.63,0.73,202.60000000000002,457,104,150,0,78,False,-1,none,0.3,0.78,0.77,0.49,0.74,0.49,0.6428571428571429,1.0,0.0,46,89,0.55,0.6666666666666666,0.3333333333333333,4,10,0.7,0.7692307692307693,0.23076923076923078,0,1
5,0.7,0.85,225.07999999999996,445,105,179,0,81,True,1,Slow,0.3,0.86,0.86,0.54,0.85,0.58,0.6428571428571429,1.0,0.0,46,101,0.9,0.6923076923076923,0.3076923076923077,11,14,0.7,0.7142857142857143,0.2857142857142857,1,6
5,0.65,0.76,194.60000000000005,454,109,154,0,76,False,-1,none,0.3,0.79,0.79,0.52,0.74,0.55,0.6285714285714286,1.0,0.0,33,90,0.65,0.8947368421052632,0.10526315789473684,7,17,0.8,0.7692307692307693,0.23076923076923078,4,3
5,0.7,0.87,241.8,443,99,163,0,96,True,4,Shigh,0.3,0.82,0.87,0.47,0.77,0.56,0.6571428571428571,1.0,0.0,49,92,0.75,0.7272727272727273,0.2727272727272727,4,14,0.9,0.631578947368421,0.3684210526315789,2,2
5,0.65,0.78,205.8,452,87,154,0,71,False,-1,none,0.3,0.77,0.76,0.42,0.68,0.56,0.6142857142857143,1.0,0.0,43,86,0.7,0.8947368421052632,0.10526315789473684,6,15,0.8,0.75,0.25,2,2
5,0.69,0.81,225.60000000000002,449,88,174,0,72,False,-1,none,0.3,0.8,0.77,0.54,0.77,0.55,0.6142857142857143,1.0,0.0,43,87,0.9,0.782608695652174,0.21739130434782608,14,20,0.8,0.7333333333333333,0.26666666666666666,5,5
5,0.63,0.74,186.6,456,106,153,0,82,False,-1,none,0.3,0.79,0.82,0.49,0.74,0.49,0.6,1.0,0.0,42,89,0.65,0.7777777777777778,0.2222222222222222,8,11,0.8,1.0,0.0,0,3
5,0.69,0.81,208.60000000000005,449,105,170,0,79,False,-1,none,0.3,0.83,0.82,0.6,0.73,0.58,0.6857142857142857,1.0,0.0,53,94,0.65,0.9444444444444444,0.05555555555555555,3,9,0.8,0.7333333333333333,0.26666666666666666,6,5
5,0.69,0.77,223.40000000000003,453,88,181,0,69,False,-1,none,0.3,0.81,0.78,0.53,0.76,0.58,0.6857142857142857,1.0,0.0,53,92,0.65,0.6666666666666666,0.3333333333333333,10,16,0.8,0.5714285714285714,0.42857142857142855,5,5
5,0.76,0.88,226.4,442,87,191,0,79,False,-1,none,0.3,0.85,0.86,0.57,0.78,0.6,0.7571428571428571,1.0,0.0,66,100,0.7,0.95,0.05,4,17,0.9,0.6666666666666666,0.3333333333333333,3,1
5,0.76,0.93,244.80000000000004,437,95,184,0,78,False,-1,none,0.3,0.88,0.88,0.6,0.79,0.57,0.7428571428571429,1.0,0.0,53,101,0.75,0.8333333333333334,0.16666666666666666,11,14,0.9,0.8235294117647058,0.17647058823529413,2,3
5,0.72,0.85,231.80000000000004,445,80,179,0,71,False,-1,none,0.3,0.77,0.79,0.57,0.72,0.59,0.7,1.0,0.0,54,90,0.65,0.8947368421052632,0.10526315789473684,6,18,1.0,0.5882352941176471,0.4117647058823529,8,3
5,0.69,0.83,224.20000000000002,447,94,169,0,74,False,-1,none,0.3,0.8,0.75,0.6,0.78,0.53,0.6285714285714286,1.0,0.0,51,88,0.85,0.7272727272727273,0.2727272727272727,12,13,0.8,0.8823529411764706,0.11764705882352941,1,4
5,0.65,0.73,181.4,457,100,153,0,84,False,-1,none,0.3,0.8,0.73,0.54,0.75,0.44,0.6571428571428571,1.0,0.0,52,85,0.6,0.9411764705882353,0.058823529411764705,2,11,0.7,0.8,0.2,1,2
5,0.67,0.81,221.00000000000003,449,90,163,0,71,False,-1,none,0.3,0.73,0.78,0.56,0.71,0.56,0.6285714285714286,1.0,0.0,38,93,0.85,0.8928571428571429,0.10714285714285714,9,18,0.6,0.4444444444444444,0.5555555555555556,2,3
5,0.73,0.86,252.20000000000002,444,79,162,0,73,False,-1,none,0.3,0.78,0.77,0.5,0.75,0.47,0.6714285714285714,1.0,0.0,46,75,0.95,0.7307692307692307,0.2692307692307692,15,20,0.7,0.5384615384615384,0.46153846153846156,4,2
5,0.69,0.86,236.8,444,92,154,0,88,False,-1,none,0.3,0.81,0.77,0.49,0.78,0.47,0.6714285714285714,1.0,0.0,43,87,0.6,0.8947368421052632,0.10526315789473684,3,14,1.0,0.65,0.35,2,5
5,0.71,0.83,219.20000000000005,447,100,172,0,85,False,-1,none,0.3,0.85,0.83,0.55,0.78,0.54,0.7,1.0,0.0,52,95,0.65,0.8333333333333334,0.16666666666666666,7,11,0.9,0.75,0.25,2,5
5,0.64,0.75,194.00000000000003,455,112,168,0,80,False,-1,none,0.3,0.83,0.82,0.53,0.8,0.57,0.6,1.0,0.0,49,98,0.75,0.9047619047619048,0.09523809523809523,5,12,0.7,0.75,0.25,0,4
5,0.67,0.82,215.60000000000002,448,100,178,0,70,True,0,Slow,0.3,0.82,0.83,0.58,0.79,0.58,0.5714285714285714,1.0,0.0,54,90,0.9,0.8148148148148148,0.18518518518518517,11,16,0.9,0.5333333333333333,0.4666666666666667,2,5
5,0.68,0.79,200.40000000000003,451,81,158,0,77,False,-1,none,0.3,0.75,0.76,0.52,0.7,0.45,0.7142857142857143,1.0,0.0,56,82,0.6,0.95,0.05,5,13,0.6,0.6666666666666666,0.3333333333333333,2,0
5,0.69,0.79,224.8,451,95,171,0,80,False,-1,none,0.3,0.77,0.83,0.48,0.81,0.56,0.6285714285714286,1.0,0.0,50,92,0.85,0.782608695652174,0.21739130434782608,9,14,0.8,0.5833333333333334,0.4166666666666667,2,4
5,0.63,0.78,205.60000000000002,452,99,165,0,68,False,-1,none,0.3,0.8,0.79,0.53,0.69,0.61,0.6,1.0,0.0,48,91,0.65,0.8947368421052632,0.10526315789473684,7,12,0.8,0.7647058823529411,0.23529411764705882,4,3
5,0.67,0.82,226.6,448,112,169,0,77,False,-1,none,0.3,0.83,0.86,0.55,0.81,0.58,0.6,1.0,0.0,46,94,0.75,0.9090909090909091,0.09090909090909091,3,15,1.0,0.6111111111111112,0.3888888888888889,6,5
5,0.62,0.77,190.80000000000004,453,112,147,0,79,False,-1,none,0.3,0.81,0.7,0.56,0.75,0.54,0.5714285714285714,1.0,0.0,33,90,0.75,0.9565217391304348,0.043478260869565216,2,16,0.7,0.8571428571428571,0.14285714285714285,1,5
5,0.63,0.73,197.4,457,102,164,0,71,False,-1,none,0.3,0.79,0.77,0.52,0.75,0.56,0.5857142857142857,1.0,0.0,43,90,0.8,0.8571428571428571,0.14285714285714285,7,19,0.6,0.6363636363636364,0.36363636363636365,1,4
5,0.69,0.78,220.40000000000003,452,100,165,0,97,False,-1,none,0.3,0.83,0.84,0.5,0.77,0.49,0.6857142857142857,1.0,0.0,47,86,0.55,0.6923076923076923,0.3076923076923077,11,12,1.0,0.6470588235294118,0.35294117647058826,5,4
5,0.72,0.82,201.20000000000002,448,105,182,0,76,False,-1,none,0.3,0.87,0.82,0.59,0.81,0.6,0.7,1.0,0.0,50,107,0.8,0.9565217391304348,0.043478260869565216,3,18,0.7,0.8,0.2,2,2
5,0.79,0.9,264.4,440,105,189,0,76,False,-1,none,0.3,0.88,0.89,0.63,0.85,0.59,0.7428571428571429,1.0,0.0,57,98,0.9,0.6818181818181818,0.3181818181818182,16,11,0.9,0.5625,0.4375,4,3
5,0.64,0.76,201.4,454,105,138,0,76,False,-1,none,0.3,0.75,0.7,0.52,0.71,0.51,0.6142857142857143,1.0,0.0,31,84,0.6,0.8888888888888888,0.1111111111111111,4,10,0.9,0.7333333333333333,0.26666666666666666,6,3
5,0.68,0.84,232.40000000000003,446,106,167,0,73,False,-1,none,0.3,0.81,0.81,0.57,0.77,0.61,0.6,1.0,0.0,33,93,0.85,0.88,0.12,11,18,0.9,0.6470588235294118,0.35294117647058826,6,6
5,0.66,0.75,222.39999999999998,455,91,167,0,82,False,-1,none,0.3,0.77,0.78,0.51,0.75,0.52,0.6142857142857143,1.0,0.0,43,90,0.85,0.6363636363636364,0.36363636363636365,17,13,0.6,0.6,0.4,2,2
5,0.72,0.87,236.00000000000003,443,101,170,0,67,False,-1,none,0.3,0.81,0.82,0.62,0.75,0.58,0.6714285714285714,1.0,0.0,50,89,0.9,0.8888888888888888,0.1111111111111111,7,18,0.7,0.6153846153846154,0.38461538461538464,5,1
5,0.63,0.79,212.4,451,100,152,0,74,False,-1,none,0.3,0.74,0.8,0.53,0.73,0.51,0.6,1.0,0.0,38,95,0.6,0.8888888888888888,0.1111111111111111,8,7,0.9,0.7368421052631579,0.2631578947368421,3,1
5,0.64,0.72,200.2,458,119,159,0,85,False,-1,none,0.3,0.85,0.83,0.52,0.73,0.57,0.5714285714285714,1.0,0.0,44,89,0.8,0.7368421052631579,0.2631578947368421,12,10,0.8,0.7692307692307693,0.23076923076923078,2,2
5,0.67,0.78,217.20000000000002,452,98,174,0,70,False,-1,none,0.3,0.82,0.8,0.53,0.77,0.58,0.6428571428571429,1.0,0.0,47,94,0.7,0.7777777777777778,0.2222222222222222,10,12,0.8,0.6666666666666666,0.3333333333333333,6,5
5,0.68,0.8,205.00000000000003,450,107,155,0,78,False,-1,none,0.3,0.78,0.82,0.52,0.73,0.57,0.6714285714285714,1.0,0.0,47,90,0.65,1.0,0.0,0,13,0.8,0.6666666666666666,0.3333333333333333,1,4
5,0.67,0.79,206.60000000000002,451,111,152,0,68,True,4,Shigh,0.3,0.79,0.78,0.62,0.69,0.54,0.6714285714285714,1.0,0.0,49,83,0.65,0.6842105263157895,0.3157894736842105,10,9,0.7,0.8461538461538461,0.15384615384615385,0,1
6,0.63,0.87,162.72000000000003,443,153,113,0,77,True,1,Slow,0.3,0.83,0.83,0.54,0.78,0.55,0.5428571428571428,1.0,0.0,10,91,0.85,0.75,0.25,3,6,0.8,0.6666666666666666,0.3333333333333333,2,1
6,0.69,0.89,199.79999999999995,441,100,163,0,73,False,-1,none,0.3,0.82,0.83,0.58,0.78,0.51,0.5857142857142857,1.0,0.0,53,84,0.9,0.8333333333333334,0.16666666666666666,4,18,1.0,0.7083333333333334,0.2916666666666667,1,3
6,0.75,0.91,222.0,439,86,176,0,82,False,-1,none,0.3,0.79,0.82,0.57,0.78,0.57,0.7142857142857143,1.0,0.0,57,95,0.85,0.8333333333333334,0.16666666666666666,8,15,0.8,0.6470588235294118,0.35294117647058826,0,1
6,0.71,0.84,194.48,446,75,175,0,76,True,0,Slow,0.3,0.8,0.76,0.49,0.76,0.53,0.7,1.0,0.0,56,92,0.7,0.85,0.15,6,16,0.8,0.7333333333333333,0.26666666666666666,1,4
6,0.64,0.81,196.07999999999998,449,96,183,0,75,True,0,Slow,0.3,0.82,0.8,0.52,0.83,0.63,0.5714285714285714,1.0,0.0,43,100,0.75,1.0,0.0,0,30,0.9,0.6666666666666666,0.3333333333333333,4,6
6,0.68,0.8,206.19999999999996,450,95,184,0,71,True,0,Slow,0.3,0.82,0.82,0.64,0.81,0.5,0.6428571428571429,1.0,0.0,55,91,0.7,0.8,0.2,9,17,0.9,0.5333333333333333,0.4666666666666667,7,5
6,0.71,0.78,182.0,452,77,177,0,73,False,-1,none,0.3,0.77,0.77,0.52,0.71,0.55,0.7,1.0,0.0,57,92,0.75,0.7894736842105263,0.21052631578947367,9,14,0.7,0.7,0.3,1,4
6,0.76,0.9,213.19999999999993,440,80,170,0,85,False,-1,none,0.3,0.82,0.79,0.53,0.78,0.48,0.7,1.0,0.0,49,90,0.95,0.9230769230769231,0.07692307692307693,5,21,0.8,0.7333333333333333,0.26666666666666666,3,2
6,0.65,0.82,203.79999999999998,448,86,183,0,64,False,-1,none,0.3,0.79,0.8,0.62,0.81,0.49,0.6571428571428571,1.0,0.0,60,91,0.55,0.85,0.15,6,17,0.8,0.8125,0.1875,4,5
6,0.66,0.84,205.99999999999997,446,97,149,0,70,False,-1,none,0.3,0.76,0.77,0.53,0.71,0.53,0.6142857142857143,1.0,0.0,41,89,0.85,0.896551724137931,0.10344827586206896,4,10,0.6,0.6666666666666666,0.3333333333333333,1,4
6,0.65,0.8,190.39999999999998,450,89,161,0,75,False,-1,none,0.3,0.77,0.79,0.53,0.74,0.47,0.6285714285714286,1.0,0.0,52,85,0.7,0.9565217391304348,0.043478260869565216,1,19,0.7,0.7692307692307693,0.23076923076923078,1,3
6,0.73,0.89,225.2,441,88,163,0,75,False,-1,none,0.3,0.8,0.82,0.56,0.7,0.52,0.6571428571428571,1.0,0.0,47,82,0.9,0.8518518518518519,0.14814814814814814,9,18,0.9,0.6875,0.3125,3,4
6,0.63,0.75,181.99999999999997,455,85,170,0,65,False,-1,none,0.3,0.76,0.76,0.48,0.72,0.58,0.6,1.0,0.0,49,93,0.7,0.95,0.05,3,20,0.7,0.6923076923076923,0.3076923076923077,2,3
6,0.66,0.77,187.39999999999998,453,94,169,0,80,False,-1,none,0.3,0.81,0.82,0.46,0.77,0.54,0.6571428571428571,1.0,0.0,50,94,0.65,0.9,0.1,5,17,0.7,0.6363636363636364,0.36363636363636365,3,0
6,0.72,0.89,242.39999999999998,441,96,173,0,82,False,-1,none,0.3,0.82,0.83,0.6,0.77,0.56,0.6428571428571429,1.0,0.0,53,89,0.85,0.8076923076923077,0.19230769230769232,6,16,1.0,0.6666666666666666,0.3333333333333333,5,4
6,0.68,0.79,193.79999999999993,451,87,161,0,73,False,-1,none,0.3,0.79,0.77,0.53,0.68,0.5,0.6857142857142857,1.0,0.0,51,84,0.65,0.9473684210526315,0.05263157894736842,3,19,0.7,0.6666666666666666,0.3333333333333333,3,1
6,0.66,0.77,193.19999999999996,453,95,159,0,74,False,-1,none,0.3,0.77,0.76,0.56,0.7,0.52,0.6142857142857143,1.0,0.0,47,88,0.75,0.8571428571428571,0.14285714285714285,5,12,0.8,0.6923076923076923,0.3076923076923077,4,3
6,0.79,0.93,226.19999999999996,437,85,180,0,82,False,-1,none,0.3,0.82,0.84,0.57,0.82,0.53,0.7714285714285715,1.0,0.0,56,97,0.75,1.0,0.0,0,19,1.0,0.7222222222222222,0.2777777777777778,3,5
6,0.66,0.76,189.59999999999997,454,74,170,0,75,False,-1,none,0.3,0.73,0.72,0.49,0.77,0.49,0.6571428571428571,1.0,0.0,49,91,0.7,0.8571428571428571,0.14285714285714285,7,17,0.6,0.6666666666666666,0.3333333333333333,3,3
6,0.75,0.93,245.99999999999997,437,78,176,0,63,False,-1,none,0.3,0.79,0.78,0.57,0.78,0.55,0.6857142857142857,1.0,0.0,47,90,0.9,0.8571428571428571,0.14285714285714285,7,19,0.9,0.7058823529411765,0.29411764705882354,7,6
6,0.75,0.89,202.74000000000007,441,96,182,0,78,True,0,Slow,0.3,0.84,0.84,0.61,0.78,0.6,0.7571428571428571,1.0,0.0,58,101,0.7,0.9090909090909091,0.09090909090909091,3,16,0.8,0.7857142857142857,0.21428571428571427,1,3
6,0.62,0.77,215.39999999999998,453,100,171,0,67,False,-1,none,0.3,0.78,0.76,0.62,0.78,0.54,0.5571428571428572,1.0,0.0,43,90,0.75,0.9090909090909091,0.09090909090909091,9,20,0.8,0.6875,0.3125,4,5
6,0.69,0.84,230.16,446,84,171,0,66,True,0,Slow,0.3,0.78,0.8,0.52,0.76,0.53,0.6714285714285714,1.0,0.0,49,84,0.7,0.8181818181818182,0.18181818181818182,9,18,0.8,0.5333333333333333,0.4666666666666667,5,6
6,0.68,0.81,245.99999999999997,449,81,184,0,79,False,-1,none,0.3,0.79,0.8,0.49,0.78,0.6,0.6428571428571429,1.0,0.0,52,99,0.7,0.7777777777777778,0.2222222222222222,6,17,0.9,0.5555555555555556,0.4444444444444444,8,2
6,0.77,0.9,251.40000000000003,440,93,183,0,89,False,-1,none,0.3,0.84,0.84,0.59,0.84,0.55,0.7142857142857143,1.0,0.0,54,98,0.9,0.9166666666666666,0.08333333333333333,6,15,0.9,0.625,0.375,6,4
6,0.72,0.86,253.80000000000004,444,100,176,0,83,False,-1,none,0.3,0.86,0.81,0.57,0.82,0.56,0.6571428571428571,1.0,0.0,45,90,0.85,0.7916666666666666,0.20833333333333334,10,21,0.9,0.625,0.375,6,4
6,0.7,0.83,217.07999999999998,447,97,172,0,73,True,4,Shigh,0.3,0.8,0.8,0.6,0.77,0.55,0.6285714285714286,1.0,0.0,50,91,0.95,0.896551724137931,0.10344827586206896,12,16,0.7,0.8,0.2,2,1
6,0.71,0.85,253.79999999999998,445,84,187,0,74,False,-1,none,0.3,0.84,0.79,0.57,0.78,0.58,0.6285714285714286,1.0,0.0,56,90,0.85,0.8333333333333334,0.16666666666666666,14,17,1.0,0.5294117647058824,0.47058823529411764,4,6
6,0.71,0.79,194.39999999999998,451,78,173,0,80,False,-1,none,0.3,0.76,0.77,0.53,0.75,0.49,0.7285714285714285,1.0,0.0,61,90,0.6,0.7857142857142857,0.21428571428571427,6,12,0.8,0.9285714285714286,0.07142857142857142,1,3
6,0.77,0.88,255.60000000000002,442,98,193,0,81,False,-1,none,0.3,0.89,0.85,0.6,0.88,0.57,0.7428571428571429,1.0,0.0,60,97,0.8,0.7222222222222222,0.2777777777777778,11,18,0.9,0.7222222222222222,0.2777777777777778,3,4
6,0.66,0.78,204.93999999999997,452,92,152,0,93,True,3,Shigh,0.3,0.79,0.76,0.48,0.7,0.49,0.6428571428571429,1.0,0.0,47,84,0.55,0.8571428571428571,0.14285714285714285,4,15,1.0,0.6842105263157895,0.3157894736842105,0,2
6,0.67,0.81,225.0,449,95,184,0,75,False,-1,none,0.3,0.8,0.83,0.58,0.77,0.62,0.6428571428571429,1.0,0.0,46,100,0.75,0.7727272727272727,0.22727272727272727,12,19,0.7,0.8571428571428571,0.14285714285714285,2,5
6,0.65,0.78,213.59999999999997,452,92,163,0,82,False,-1,none,0.3,0.83,0.73,0.51,0.74,0.52,0.6428571428571429,1.0,0.0,49,86,0.6,0.9444444444444444,0.05555555555555555,1,22,0.8,0.6666666666666666,0.3333333333333333,3,2
6,0.75,0.92,243.48000000000002,438,81,192,0,70,True,4,Shigh,0.3,0.82,0.83,0.53,0.81,0.66,0.7,1.0,0.0,54,105,0.85,0.9166666666666666,0.08333333333333333,5,23,0.9,0.6842105263157895,0.3157894736842105,1,4
6,0.74,0.85,238.2,445,106,177,0,77,False,-1,none,0.3,0.86,0.87,0.55,0.81,0.59,0.7285714285714285,1.0,0.0,47,101,0.75,0.8571428571428571,0.14285714285714285,6,16,0.8,0.6153846153846154,0.38461538461538464,3,4
6,0.68,0.79,232.79999999999998,451,80,187,0,64,False,-1,none,0.3,0.79,0.8,0.58,0.72,0.57,0.6571428571428571,1.0,0.0,54,91,0.75,0.75,0.25,14,20,0.7,0.6153846153846154,0.38461538461538464,4,4
6,0.6,0.72,186.47999999999996,458,82,157,0,79,True,4,Shigh,0.3,0.77,0.74,0.48,0.69,0.43,0.6,1.0,0.0,47,84,0.65,0.8947368421052632,0.10526315789473684,7,14,0.5,0.8181818181818182,0.18181818181818182,1,4
6,0.78,0.98,247.08000000000007,432,87,188,0,87,True,2,Slow,0.3,0.86,0.87,0.55,0.81,0.64,0.7428571428571429,1.0,0.0,56,96,0.85,0.9629629629629629,0.037037037037037035,2,23,0.9,0.7368421052631579,0.2631578947368421,4,7
6,0.58,0.64,166.79999999999995,466,92,163,0,76,False,-1,none,0.3,0.73,0.78,0.43,0.7,0.55,0.5857142857142857,1.0,0.0,49,98,0.6,0.9411764705882353,0.058823529411764705,2,13,0.5,0.6666666666666666,0.3333333333333333,0,1
6,0.67,0.76,207.59999999999997,454,85,195,0,79,False,-1,none,0.3,0.82,0.79,0.53,0.82,0.6,0.6714285714285714,1.0,0.0,54,102,0.7,0.8421052631578947,0.15789473684210525,11,22,0.6,0.7,0.3,1,5
6,0.67,0.79,198.0,451,100,178,0,78,False,-1,none,0.3,0.85,0.81,0.55,0.8,0.56,0.6714285714285714,1.0,0.0,55,95,0.7,1.0,0.0,2,21,0.6,0.8181818181818182,0.18181818181818182,2,3
6,0.64,0.77,214.99999999999994,453,96,156,0,81,False,-1,none,0.3,0.78,0.78,0.48,0.73,0.52,0.5428571428571428,1.0,0.0,36,85,0.85,0.7391304347826086,0.2608695652173913,14,13,0.9,0.75,0.25,4,4
6,0.74,0.86,226.20000000000002,444,99,174,0,81,False,-1,none,0.3,0.84,0.84,0.58,0.81,0.52,0.7285714285714285,1.0,0.0,60,89,0.75,0.85,0.15,6,12,0.8,0.8,0.2,2,5
6,0.73,0.84,236.39999999999998,446,103,158,0,95,False,-1,none,0.3,0.81,0.83,0.51,0.76,0.54,0.7142857142857143,1.0,0.0,38,94,0.8,0.8,0.2,7,12,0.7,0.7142857142857143,0.2857142857142857,4,3
6,0.69,0.79,218.99999999999994,451,75,173,0,58,False,-1,none,0.3,0.75,0.73,0.57,0.72,0.5,0.6857142857142857,1.0,0.0,53,90,0.8,0.8695652173913043,0.13043478260869565,5,19,0.5,0.5,0.5,5,1
6,0.63,0.79,213.59999999999997,451,99,155,0,77,True,4,Shigh,0.3,0.77,0.8,0.55,0.67,0.54,0.6,1.0,0.0,40,89,0.7,0.8260869565217391,0.17391304347826086,9,11,0.7,0.7142857142857143,0.2857142857142857,4,2
6,0.65,0.74,220.19999999999996,456,96,165,0,75,False,-1,none,0.3,0.79,0.77,0.55,0.75,0.49,0.6,1.0,0.0,46,86,0.7,0.7647058823529411,0.23529411764705882,7,16,0.9,0.6,0.4,6,4
6,0.66,0.77,205.43999999999997,453,117,173,0,73,True,2,Slow,0.3,0.82,0.84,0.55,0.79,0.67,0.6285714285714286,1.0,0.0,41,107,0.7,0.8095238095238095,0.19047619047619047,8,13,0.8,0.6666666666666666,0.3333333333333333,1,3
6,0.74,0.89,243.6,441,78,171,0,87,False,-1,none,0.3,0.75,0.83,0.48,0.76,0.56,0.7142857142857143,1.0,0.0,50,91,0.75,0.875,0.125,7,20,0.9,0.7333333333333333,0.26666666666666666,1,2
6,0.68,0.81,198.60000000000002,449,93,172,0,79,True,1,Slow,0.3,0.79,0.83,0.53,0.75,0.56,0.6714285714285714,1.0,0.0,49,94,0.65,0.95,0.05,2,17,0.8,0.7142857142857143,0.2857142857142857,2,8
6,0.64,0.75,223.2,455,91,166,0,68,False,-1,none,0.3,0.79,0.75,0.55,0.7,0.53,0.5857142857142857,1.0,0.0,44,79,0.8,0.8,0.2,9,22,0.7,0.5714285714285714,0.42857142857142855,9,3
6,0.7,0.89,233.57999999999998,441,93,176,0,77,True,3,Shigh,0.3,0.85,0.84,0.58,0.74,0.57,0.6428571428571429,1.0,0.0,50,93,0.8,0.84,0.16,13,16,0.9,0.7368421052631579,0.2631578947368421,1,3
6,0.7,0.87,215.88,443,77,198,0,63,True,0,Slow,0.3,0.81,0.81,0.54,0.76,0.7,0.6714285714285714,1.0,0.0,59,100,0.75,0.9583333333333334,0.041666666666666664,2,26,0.8,0.6875,0.3125,4,7
6,0.71,0.81,228.0,449,91,179,0,89,False,-1,none,0.3,0.77,0.83,0.59,0.8,0.52,0.7142857142857143,1.0,0.0,56,98,0.75,0.7619047619047619,0.23809523809523808,11,12,0.6,0.7,0.3,0,2
6,0.77,0.85,216.60000000000002,445,90,188,0,72,False,-1,none,0.3,0.82,0.82,0.62,0.75,0.62,0.7857142857142857,1.0,0.0,61,102,0.75,0.9,0.1,5,18,0.7,0.9,0.1,0,2
6,0.73,0.85,225.0,445,86,182,0,72,False,-1,none,0.3,0.83,0.82,0.57,0.78,0.53,0.6857142857142857,1.0,0.0,55,89,0.9,0.92,0.08,7,23,0.7,0.75,0.25,3,5
6,0.65,0.73,197.4,457,90,176,0,71,False,-1,none,0.3,0.79,0.76,0.56,0.77,0.51,0.6714285714285714,1.0,0.0,56,96,0.65,0.9473684210526315,0.05263157894736842,4,16,0.5,0.42857142857142855,0.5714285714285714,2,2
6,0.74,0.86,249.6,444,90,190,0,74,False,-1,none,0.3,0.81,0.83,0.63,0.8,0.59,0.7142857142857143,1.0,0.0,50,99,0.8,0.7142857142857143,0.2857142857142857,17,16,0.8,0.7333333333333333,0.26666666666666666,4,4
6,0.73,0.85,229.8,445,104,172,0,79,False,-1,none,0.3,0.88,0.84,0.68,0.79,0.42,0.7,1.0,0.0,54,82,0.8,0.9,0.1,5,20,0.8,0.75,0.25,5,6
6,0.66,0.79,213.6,451,103,172,0,66,False,-1,none,0.3,0.82,0.81,0.58,0.8,0.53,0.6428571428571429,1.0,0.0,45,99,0.65,0.7777777777777778,0.2222222222222222,11,13,0.8,0.8125,0.1875,1,3
6,0.7,0.81,224.39999999999995,449,75,176,0,83,False,-1,none,0.3,0.77,0.76,0.52,0.74,0.53,0.6714285714285714,1.0,0.0,47,86,0.85,0.8260869565217391,0.17391304347826086,15,24,0.6,0.7272727272727273,0.2727272727272727,0,4
6,0.61,0.68,202.79999999999993,462,84,159,0,74,False,-1,none,0.3,0.73,0.73,0.48,0.69,0.48,0.5571428571428572,1.0,0.0,45,85,0.7,0.7894736842105263,0.21052631578947367,11,12,0.8,0.5,0.5,2,4
6,0.7,0.81,216.0,449,93,172,0,84,False,-1,none,0.3,0.8,0.84,0.53,0.81,0.48,0.6857142857142857,1.0,0.0,53,99,0.65,1.0,0.0,1,14,0.9,0.6875,0.3125,3,2
6,0.75,0.89,248.40000000000003,441,93,181,0,77,False,-1,none,0.3,0.86,0.87,0.56,0.79,0.55,0.7142857142857143,1.0,0.0,56,91,0.85,0.92,0.08,7,18,0.8,0.5714285714285714,0.42857142857142855,7,2
6,0.72,0.86,241.19999999999996,444,83,198,0,73,False,-1,none,0.3,0.86,0.85,0.54,0.8,0.62,0.6571428571428571,1.0,0.0,59,94,0.85,0.88,0.12,10,25,0.9,0.6666666666666666,0.3333333333333333,4,6
6,0.62,0.7,214.79999999999995,460,94,171,0,80,False,-1,none,0.3,0.73,0.78,0.56,0.73,0.55,0.5857142857142857,1.0,0.0,49,93,0.75,0.631578947368421,0.3684210526315789,12,11,0.6,0.6,0.4,2,4
7,0.75,0.9,172.80000000000007,440,108,160,0,92,False,-1,none,0.3,0.83,0.88,0.51,0.78,0.58,0.7571428571428571,1.0,0.0,48,100,0.7,0.782608695652174,0.21739130434782608,1,10,0.8,0.7142857142857143,0.2857142857142857,0,1
7,0.6,0.79,181.79999999999998,451,98,157,0,81,False,-1,none,0.3,0.79,0.76,0.56,0.71,0.52,0.5142857142857142,1.0,0.0,41,86,0.85,0.7777777777777778,0.2222222222222222,10,15,0.7,0.6875,0.3125,2,3
7,0.71,0.9,220.0,440,97,182,0,56,False,-1,none,0.3,0.83,0.84,0.6,0.79,0.63,0.6857142857142857,1.0,0.0,53,104,0.7,0.8260869565217391,0.17391304347826086,8,12,0.9,0.6842105263157895,0.3157894736842105,1,4
7,0.64,0.77,200.20000000000007,453,91,154,0,73,False,-1,none,0.3,0.77,0.75,0.5,0.73,0.47,0.6142857142857143,1.0,0.0,49,80,0.6,0.8333333333333334,0.16666666666666666,6,11,0.9,0.75,0.25,3,5
7,0.68,0.78,201.6,452,103,178,0,86,False,-1,none,0.3,0.87,0.81,0.54,0.82,0.55,0.6714285714285714,1.0,0.0,44,96,0.7,1.0,0.0,1,30,0.7,0.7692307692307693,0.23076923076923078,4,3
7,0.71,0.85,245.39999999999995,445,93,172,0,80,False,-1,none,0.3,0.81,0.8,0.56,0.75,0.58,0.6428571428571429,1.0,0.0,45,87,0.8,0.9130434782608695,0.08695652173913043,9,17,1.0,0.47058823529411764,0.5294117647058824,6,8
7,0.61,0.73,205.19999999999996,457,98,154,0,70,False,-1,none,0.3,0.76,0.76,0.52,0.7,0.51,0.5285714285714286,1.0,0.0,45,82,0.75,0.8636363636363636,0.13636363636363635,8,11,0.9,0.5714285714285714,0.42857142857142855,2,6
7,0.68,0.79,206.79999999999995,451,110,164,0,72,False,-1,none,0.3,0.8,0.8,0.62,0.8,0.51,0.6142857142857143,1.0,0.0,43,92,0.85,0.782608695652174,0.21739130434782608,10,13,0.8,0.7692307692307693,0.23076923076923078,4,2
7,0.7,0.78,219.59999999999997,452,98,170,0,79,False,-1,none,0.3,0.79,0.8,0.51,0.78,0.58,0.6428571428571429,1.0,0.0,41,93,0.8,0.75,0.25,14,15,0.9,0.6923076923076923,0.3076923076923077,3,4
7,0.72,0.85,225.59999999999997,445,100,179,0,81,False,-1,none,0.3,0.83,0.86,0.57,0.82,0.56,0.7,1.0,0.0,50,97,0.8,0.8636363636363636,0.13636363636363635,9,14,0.7,0.7857142857142857,0.21428571428571427,2,7
7,0.72,0.84,226.79999999999998,446,97,172,0,72,True,0,Slow,0.3,0.79,0.83,0.57,0.77,0.57,0.6571428571428571,1.0,0.0,57,90,0.9,0.7391304347826086,0.2608695652173913,9,12,0.8,0.6,0.4,0,4
7,0.74,0.87,254.60000000000002,443,89,163,0,86,False,-1,none,0.3,0.81,0.8,0.52,0.78,0.48,0.7,1.0,0.0,47,83,0.8,0.6666666666666666,0.3333333333333333,12,11,0.9,0.5882352941176471,0.4117647058823529,4,6
7,0.68,0.75,223.19999999999996,455,102,165,0,78,False,-1,none,0.3,0.8,0.78,0.6,0.76,0.48,0.6714285714285714,1.0,0.0,51,89,0.75,0.4,0.6,15,8,0.6,0.7692307692307693,0.23076923076923078,0,2
7,0.69,0.86,242.4,444,69,178,0,72,False,-1,none,0.3,0.77,0.8,0.49,0.73,0.54,0.6428571428571429,1.0,0.0,57,86,0.7,0.8695652173913043,0.13043478260869565,8,15,1.0,0.6111111111111112,0.3888888888888889,6,6
7,0.7,0.82,229.2,448,81,165,0,87,True,4,Shigh,0.3,0.78,0.77,0.45,0.75,0.53,0.6571428571428571,1.0,0.0,52,87,0.8,0.6818181818181818,0.3181818181818182,5,12,0.8,0.6428571428571429,0.35714285714285715,6,3
7,0.73,0.83,238.79999999999995,447,88,180,0,69,False,-1,none,0.3,0.83,0.77,0.61,0.79,0.51,0.7,1.0,0.0,53,85,0.8,0.631578947368421,0.3684210526315789,16,18,0.8,0.7333333333333333,0.26666666666666666,3,5
7,0.68,0.82,229.20000000000002,448,113,162,0,73,False,-1,none,0.3,0.83,0.8,0.58,0.8,0.56,0.6714285714285714,1.0,0.0,44,90,0.65,0.7777777777777778,0.2222222222222222,5,13,0.8,0.7058823529411765,0.29411764705882354,4,6
7,0.67,0.76,207.59999999999997,454,82,175,0,82,False,-1,none,0.3,0.78,0.79,0.53,0.73,0.5,0.6571428571428571,1.0,0.0,54,94,0.75,0.8421052631578947,0.15789473684210525,5,11,0.6,0.6363636363636364,0.36363636363636365,6,5
7,0.66,0.75,212.39999999999995,455,86,164,0,90,False,-1,none,0.3,0.76,0.76,0.49,0.7,0.54,0.5857142857142857,1.0,0.0,46,89,0.85,0.6666666666666666,0.3333333333333333,11,13,0.8,0.8461538461538461,0.15384615384615385,1,4
7,0.61,0.68,202.79999999999995,462,97,175,0,85,False,-1,none,0.3,0.82,0.77,0.48,0.78,0.55,0.6142857142857143,1.0,0.0,49,95,0.6,0.6153846153846154,0.38461538461538464,11,14,0.6,0.5,0.5,4,2
7,0.67,0.79,214.8,451,94,172,0,65,False,-1,none,0.3,0.78,0.79,0.55,0.74,0.59,0.6285714285714286,1.0,0.0,46,97,0.75,0.8947368421052632,0.10526315789473684,7,14,0.8,0.6875,0.3125,4,4
7,0.67,0.81,226.79999999999995,449,104,174,0,91,False,-1,none,0.3,0.88,0.78,0.53,0.75,0.65,0.6,1.0,0.0,45,95,0.8,0.8095238095238095,0.19047619047619047,10,13,0.9,0.7222222222222222,0.2777777777777778,4,7
7,0.68,0.76,225.59999999999997,454,83,193,0,63,False,-1,none,0.3,0.81,0.8,0.56,0.79,0.56,0.6714285714285714,1.0,0.0,58,102,0.7,0.5,0.5,17,8,0.7,0.6923076923076923,0.3076923076923077,6,2
7,0.62,0.75,208.79999999999995,455,87,157,0,66,False,-1,none,0.3,0.74,0.7,0.48,0.7,0.57,0.5285714285714286,1.0,0.0,32,90,0.9,0.7916666666666666,0.20833333333333334,12,16,0.7,0.7857142857142857,0.21428571428571427,4,3
7,0.62,0.73,207.59999999999997,457,88,166,0,68,False,-1,none,0.3,0.76,0.75,0.56,0.71,0.49,0.5714285714285714,1.0,0.0,49,87,0.75,0.6842105263157895,0.3157894736842105,10,12,0.7,0.7857142857142857,0.21428571428571427,3,5
7,0.64,0.78,223.79999999999995,452,78,182,0,72,False,-1,none,0.3,0.75,0.77,0.56,0.75,0.55,0.5714285714285714,1.0,0.0,49,87,0.75,0.7619047619047619,0.23809523809523808,14,21,0.9,0.6470588235294118,0.35294117647058826,6,5
7,0.62,0.72,215.99999999999997,458,101,177,0,70,False,-1,none,0.3,0.78,0.8,0.49,0.81,0.62,0.5857142857142857,1.0,0.0,33,105,0.7,0.6111111111111112,0.3888888888888889,19,15,0.7,0.6153846153846154,0.38461538461538464,2,3
7,0.71,0.81,233.99999999999994,449,109,175,0,65,False,-1,none,0.3,0.82,0.83,0.62,0.75,0.63,0.6285714285714286,1.0,0.0,48,96,0.9,0.7619047619047619,0.23809523809523808,11,12,0.9,0.625,0.375,5,3
7,0.65,0.8,203.94,450,98,160,0,72,True,4,Shigh,0.3,0.79,0.8,0.53,0.7,0.56,0.6285714285714286,1.0,0.0,49,93,0.7,0.8095238095238095,0.19047619047619047,8,8,0.7,0.8,0.2,0,2
7,0.71,0.87,215.32000000000005,443,103,156,0,74,True,2,Slow,0.3,0.78,0.79,0.59,0.79,0.51,0.6714285714285714,1.0,0.0,47,87,0.8,0.8076923076923077,0.19230769230769232,8,11,0.8,0.8571428571428571,0.14285714285714285,0,3
7,0.73,0.83,235.2,447,105,174,0,78,False,-1,none,0.3,0.84,0.82,0.6,0.81,0.55,0.6571428571428571,1.0,0.0,50,94,0.9,0.782608695652174,0.21739130434782608,13,13,0.9,0.6428571428571429,0.35714285714285715,3,1
7,0.81,0.99,273.6,431,67,206,0,73,False,-1,none,0.3,0.86,0.84,0.65,0.8,0.57,0.7857142857142857,1.0,0.0,70,97,0.85,0.8888888888888888,0.1111111111111111,11,20,0.9,0.5882352941176471,0.4117647058823529,5,3
7,0.67,0.79,211.2,451,101,176,0,64,False,-1,none,0.3,0.78,0.82,0.58,0.75,0.63,0.6571428571428571,1.0,0.0,50,99,0.7,0.9,0.1,7,12,0.7,0.6923076923076923,0.3076923076923077,3,5
7,0.67,0.8,231.59999999999994,450,70,172,0,68,False,-1,none,0.3,0.68,0.74,0.54,0.72,0.54,0.6428571428571429,1.0,0.0,49,88,0.65,0.7777777777777778,0.2222222222222222,9,13,0.9,0.5882352941176471,0.4117647058823529,8,5
7,0.71,0.84,237.6,446,84,179,0,78,False,-1,none,0.3,0.8,0.79,0.56,0.79,0.53,0.6285714285714286,1.0,0.0,53,88,0.85,0.7727272727272727,0.22727272727272727,13,18,1.0,0.7222222222222222,0.2777777777777778,1,6
7,0.72,0.79,223.2,451,78,165,0,78,False,-1,none,0.3,0.76,0.79,0.46,0.75,0.46,0.7285714285714285,1.0,0.0,47,88,0.7,0.6666666666666666,0.3333333333333333,15,9,0.7,0.7,0.3,2,4
7,0.72,0.84,237.59999999999997,446,102,157,0,87,False,-1,none,0.3,0.81,0.82,0.52,0.77,0.51,0.6285714285714286,1.0,0.0,42,82,0.95,0.8,0.2,12,15,0.9,0.6666666666666666,0.3333333333333333,4,2
7,0.75,0.89,240.6,441,108,173,0,85,True,4,Shigh,0.3,0.85,0.84,0.6,0.86,0.55,0.6857142857142857,1.0,0.0,51,98,0.9,0.7391304347826086,0.2608695652173913,2,15,0.9,0.7777777777777778,0.2222222222222222,3,4
7,0.62,0.74,217.2,456,114,159,0,68,False,-1,none,0.3,0.8,0.79,0.6,0.74,0.54,0.5428571428571428,1.0,0.0,39,91,0.8,0.7142857142857143,0.2857142857142857,10,15,0.8,0.6666666666666666,0.3333333333333333,2,2
7,0.7,0.83,217.2,447,81,166,0,70,True,3,Shigh,0.3,0.77,0.76,0.48,0.73,0.56,0.6714285714285714,1.0,0.0,57,90,0.75,0.7272727272727273,0.2727272727272727,6,11,0.8,0.8571428571428571,0.14285714285714285,0,2
7,0.62,0.77,209.99999999999997,453,112,163,0,73,False,-1,none,0.3,0.81,0.83,0.58,0.74,0.56,0.6,1.0,0.0,43,95,0.6,0.7777777777777778,0.2222222222222222,7,11,0.8,0.8235294117647058,0.17647058823529413,3,4
7,0.73,0.87,233.99999999999997,443,97,186,0,75,False,-1,none,0.3,0.85,0.87,0.59,0.81,0.58,0.6857142857142857,1.0,0.0,51,101,0.85,0.84,0.16,9,19,0.8,0.7857142857142857,0.21428571428571427,4,2
7,0.66,0.79,211.19999999999996,451,85,174,0,67,False,-1,none,0.3,0.75,0.75,0.59,0.71,0.58,0.6142857142857143,1.0,0.0,46,91,0.7,0.9473684210526315,0.05263157894736842,5,16,0.9,0.7058823529411765,0.29411764705882354,9,7
7,0.67,0.75,219.59999999999997,455,96,175,0,84,False,-1,none,0.3,0.79,0.81,0.54,0.76,0.56,0.6285714285714286,1.0,0.0,52,92,0.7,0.5333333333333333,0.4666666666666667,13,13,0.9,0.75,0.25,1,4
7,0.63,0.76,218.39999999999998,454,99,146,0,69,False,-1,none,0.3,0.73,0.74,0.51,0.71,0.52,0.5285714285714286,1.0,0.0,38,74,0.85,0.8,0.2,7,17,0.9,0.6842105263157895,0.3157894736842105,2,8
7,0.69,0.79,229.19999999999996,451,98,175,0,58,False,-1,none,0.3,0.77,0.81,0.61,0.76,0.57,0.6571428571428571,1.0,0.0,54,93,0.75,0.7272727272727273,0.2727272727272727,14,11,0.8,0.5454545454545454,0.45454545454545453,0,3
7,0.61,0.73,214.79999999999995,457,89,175,0,73,False,-1,none,0.3,0.75,0.78,0.5,0.74,0.6,0.5428571428571428,1.0,0.0,41,93,0.8,0.7272727272727273,0.2727272727272727,16,15,0.7,0.6153846153846154,0.38461538461538464,5,5
7,0.7,0.83,235.19999999999996,447,101,180,0,71,False,-1,none,0.3,0.83,0.8,0.66,0.78,0.57,0.6714285714285714,1.0,0.0,48,97,0.8,0.782608695652174,0.21739130434782608,13,14,0.7,0.6153846153846154,0.38461538461538464,5,3
7,0.66,0.76,236.39999999999998,454,93,168,0,68,False,-1,none,0.3,0.77,0.79,0.51,0.75,0.55,0.6142857142857143,1.0,0.0,43,92,0.75,0.6111111111111112,0.3888888888888889,13,8,0.8,0.4666666666666667,0.5333333333333333,8,4
7,0.69,0.81,230.39999999999998,449,84,181,0,79,False,-1,none,0.3,0.79,0.81,0.49,0.82,0.55,0.6285714285714286,1.0,0.0,51,94,0.9,0.7083333333333334,0.2916666666666667,13,18,0.7,0.7692307692307693,0.23076923076923078,3,2
7,0.77,0.85,232.79999999999998,445,87,186,0,72,False,-1,none,0.3,0.84,0.81,0.67,0.73,0.53,0.7714285714285715,1.0,0.0,65,94,0.85,0.7619047619047619,0.23809523809523808,11,12,0.6,0.7,0.3,3,1
7,0.67,0.76,211.19999999999993,454,96,189,0,69,False,-1,none,0.3,0.82,0.82,0.62,0.8,0.55,0.6571428571428571,1.0,0.0,64,96,0.7,0.7777777777777778,0.2222222222222222,7,13,0.7,0.6666666666666666,0.3333333333333333,4,5
7,0.69,0.79,207.6,451,93,157,0,71,False,-1,none,0.3,0.78,0.78,0.46,0.71,0.56,0.6285714285714286,1.0,0.0,44,86,0.75,0.8823529411764706,0.11764705882352941,5,11,1.0,0.8333333333333334,0.16666666666666666,2,9
7,0.72,0.79,211.2,451,99,160,0,77,False,-1,none,0.3,0.82,0.82,0.53,0.75,0.46,0.7571428571428571,1.0,0.0,47,88,0.7,0.7894736842105263,0.21052631578947367,10,14,0.5,0.7142857142857143,0.2857142857142857,0,1
7,0.7,0.83,220.79999999999998,447,83,182,0,87,True,2,Slow,0.3,0.81,0.83,0.52,0.8,0.52,0.7142857142857143,1.0,0.0,47,99,0.65,0.6470588235294118,0.35294117647058826,13,12,0.7,0.8125,0.1875,4,7
7,0.74,0.91,261.6,439,80,184,0,75,False,-1,none,0.3,0.82,0.83,0.55,0.81,0.54,0.6428571428571429,1.0,0.0,53,91,0.95,0.8571428571428571,0.14285714285714285,8,18,1.0,0.5555555555555556,0.4444444444444444,9,5
7,0.64,0.75,208.79999999999995,455,98,164,0,68,False,-1,none,0.3,0.77,0.76,0.61,0.73,0.5,0.6142857142857143,1.0,0.0,49,84,0.7,0.75,0.25,9,13,0.7,0.75,0.25,4,5
7,0.6,0.66,187.19999999999996,464,92,156,0,86,False,-1,none,0.3,0.76,0.78,0.51,0.68,0.41,0.6142857142857143,1.0,0.0,53,80,0.55,0.6153846153846154,0.38461538461538464,9,8,0.6,0.7,0.3,3,3
7,0.68,0.81,244.19999999999996,449,86,174,0,59,False,-1,none,0.3,0.78,0.78,0.55,0.76,0.54,0.5857142857142857,1.0,0.0,47,86,0.9,0.8,0.2,11,18,0.9,0.4666666666666667,0.5333333333333333,8,4
7,0.68,0.81,236.39999999999998,449,89,167,0,83,False,-1,none,0.3,0.78,0.82,0.48,0.79,0.5,0.6571428571428571,1.0,0.0,50,94,0.65,0.8333333333333334,0.16666666666666666,7,11,0.9,0.5294117647058824,0.47058823529411764,4,1
7,0.78,0.93,264.59999999999997,437,78,197,0,67,False,-1,none,0.3,0.83,0.85,0.6,0.84,0.56,0.7285714285714285,1.0,0.0,68,94,0.9,0.6818181818181818,0.3181818181818182,10,16,0.9,0.8,0.2,4,5
7,0.63,0.74,229.79999999999995,456,107,176,0,73,False,-1,none,0.3,0.84,0.81,0.58,0.77,0.57,0.5857142857142857,1.0,0.0,51,89,0.65,0.5882352941176471,0.4117647058823529,16,12,0.9,0.5625,0.4375,7,1
7,0.73,0.89,239.4,441,91,187,0,68,False,-1,none,0.3,0.86,0.83,0.59,0.81,0.58,0.6857142857142857,1.0,0.0,48,100,0.9,0.7777777777777778,0.2222222222222222,12,21,0.7,0.9285714285714286,0.07142857142857142,0,6
7,0.72,0.83,217.80000000000004,447,92,176,0,79,False,-1,none,0.3,0.81,0.81,0.53,0.79,0.57,0.7,1.0,0.0,51,93,0.75,0.9545454545454546,0.045454545454545456,6,16,0.8,0.6666666666666666,0.3333333333333333,4,6
7,0.74,0.87,234.00000000000003,443,85,178,0,75,False,-1,none,0.3,0.83,0.83,0.53,0.77,0.54,0.7142857142857143,1.0,0.0,55,90,0.85,0.8181818181818182,0.18181818181818182,9,19,0.7,0.8,0.2,2,3
7,0.72,0.79,211.2,451,84,177,0,90,True,1,Slow,0.3,0.78,0.83,0.49,0.79,0.51,0.7,1.0,0.0,52,91,0.75,0.5625,0.4375,15,13,0.8,0.7142857142857143,0.2857142857142857,4,2
8,0.75,0.93,184.00000000000006,437,117,172,0,83,False,-1,none,0.3,0.89,0.91,0.59,0.85,0.58,0.6857142857142857,1.0,0.0,59,101,0.9,0.76,0.24,4,6,0.9,0.75,0.25,0,2
8,0.7,0.81,181.79999999999995,449,84,176,0,69,False,-1,none,0.3,0.76,0.75,0.48,0.77,0.65,0.6571428571428571,1.0,0.0,45,96,0.95,0.68,0.32,16,18,0.5,0.8,0.2,0,1
8,0.71,0.85,210.0,445,114,154,0,82,False,-1,none,0.3,0.82,0.82,0.56,0.76,0.57,0.7,1.0,0.0,44,90,0.75,0.65,0.35,7,10,0.7,0.8125,0.1875,1,2
8,0.68,0.8,198.00000000000006,450,114,148,0,78,False,-1,none,0.3,0.8,0.81,0.52,0.77,0.52,0.6428571428571429,1.0,0.0,37,91,0.75,0.8421052631578947,0.15789473684210525,4,12,0.8,0.875,0.125,2,2
8,0.68,0.81,205.44,449,81,174,0,74,True,2,Slow,0.3,0.79,0.8,0.51,0.73,0.53,0.6571428571428571,1.0,0.0,51,86,0.65,1.0,0.0,0,28,0.9,0.6428571428571429,0.35714285714285715,3,6
8,0.71,0.81,211.4,449,110,175,0,69,False,-1,none,0.3,0.85,0.82,0.57,0.82,0.6,0.7,1.0,0.0,50,99,0.75,0.8571428571428571,0.14285714285714285,7,16,0.7,0.7272727272727273,0.2727272727272727,0,3
8,0.71,0.85,224.20000000000007,445,99,167,0,74,False,-1,none,0.3,0.79,0.79,0.61,0.77,0.55,0.7,1.0,0.0,48,89,0.65,0.75,0.25,8,14,0.9,0.8,0.2,3,5
8,0.67,0.88,224.40000000000003,442,100,155,0,72,True,4,Shigh,0.3,0.79,0.81,0.54,0.73,0.56,0.6142857142857143,1.0,0.0,49,90,0.8,0.8461538461538461,0.15384615384615385,2,9,0.8,0.6842105263157895,0.3157894736842105,0,5
8,0.67,0.8,204.20000000000002,450,94,169,0,67,False,-1,none,0.3,0.8,0.79,0.57,0.73,0.54,0.7,1.0,0.0,48,100,0.55,0.875,0.125,3,14,0.7,0.8,0.2,0,4
8,0.72,0.83,213.60000000000002,447,103,169,0,90,False,-1,none,0.3,0.83,0.82,0.62,0.81,0.47,0.6857142857142857,1.0,0.0,50,89,0.75,0.8421052631578947,0.15789473684210525,7,13,0.9,0.75,0.25,4,6
8,0.65,0.75,200.20000000000002,455,95,164,0,86,False,-1,none,0.3,0.8,0.78,0.45,0.78,0.53,0.6428571428571429,1.0,0.0,44,95,0.65,0.8421052631578947,0.15789473684210525,5,12,0.7,0.5454545454545454,0.45454545454545453,5,3
8,0.73,0.83,207.00000000000006,447,70,178,0,84,False,-1,none,0.3,0.78,0.8,0.46,0.74,0.53,0.7714285714285715,1.0,0.0,59,98,0.65,0.7368421052631579,0.2631578947368421,8,11,0.6,1.0,0.0,0,2
8,0.8,0.93,245.20000000000005,437,98,195,0,74,False,-1,none,0.3,0.9,0.88,0.6,0.87,0.61,0.7714285714285715,1.0,0.0,59,101,0.9,0.7916666666666666,0.20833333333333334,7,23,0.8,0.7333333333333333,0.26666666666666666,3,2
8,0.62,0.71,180.0,459,122,164,0,68,False,-1,none,0.3,0.81,0.77,0.62,0.78,0.59,0.6142857142857143,1.0,0.0,49,98,0.65,0.8235294117647058,0.17647058823529413,4,10,0.6,0.8181818181818182,0.18181818181818182,3,0
8,0.72,0.87,230.20000000000005,443,83,181,0,69,False,-1,none,0.3,0.79,0.82,0.55,0.79,0.56,0.6714285714285714,1.0,0.0,51,95,0.75,0.7368421052631579,0.2631578947368421,8,15,1.0,0.8095238095238095,0.19047619047619047,5,7
8,0.66,0.85,228.60000000000005,445,91,170,0,79,False,-1,none,0.3,0.81,0.82,0.54,0.77,0.52,0.5714285714285714,1.0,0.0,45,93,0.9,0.8214285714285714,0.17857142857142858,11,12,0.8,0.7058823529411765,0.29411764705882354,5,4
8,0.69,0.84,211.20000000000002,446,90,164,0,77,False,-1,none,0.3,0.8,0.77,0.54,0.74,0.53,0.6571428571428571,1.0,0.0,49,85,0.8,0.88,0.12,8,17,0.7,0.7692307692307693,0.23076923076923078,2,3
8,0.69,0.79,200.60000000000002,451,108,154,0,84,False,-1,none,0.3,0.8,0.8,0.52,0.77,0.52,0.6571428571428571,1.0,0.0,45,88,0.7,0.8235294117647058,0.17647058823529413,4,14,0.9,0.6875,0.3125,1,2
8,0.72,0.86,226.20000000000002,444,93,182,0,64,False,-1,none,0.3,0.83,0.83,0.59,0.76,0.6,0.7142857142857143,1.0,0.0,58,95,0.7,0.9130434782608695,0.08695652173913043,2,16,0.8,0.46153846153846156,0.5384615384615384,5,6
8,0.68,0.8,196.20000000000005,450,103,178,0,64,False,-1,none,0.3,0.77,0.81,0.56,0.8,0.67,0.6428571428571429,1.0,0.0,48,98,0.85,0.9090909090909091,0.09090909090909091,5,21,0.6,0.8461538461538461,0.15384615384615385,2,4
8,0.69,0.78,218.8,452,92,180,0,70,False,-1,none,0.3,0.8,0.78,0.58,0.78,0.56,0.6714285714285714,1.0,0.0,50,90,0.8,0.6666666666666666,0.3333333333333333,14,20,0.6,0.5,0.5,5,1
8,0.71,0.8,223.60000000000002,450,77,174,0,74,False,-1,none,0.3,0.76,0.79,0.55,0.75,0.46,0.6857142857142857,1.0,0.0,61,83,0.65,0.6666666666666666,0.3333333333333333,12,9,1.0,0.5882352941176471,0.4117647058823529,2,7
8,0.68,0.81,213.20000000000002,449,108,162,0,74,False,-1,none,0.3,0.81,0.79,0.62,0.77,0.52,0.6142857142857143,1.0,0.0,39,92,0.8,0.7727272727272727,0.22727272727272727,13,14,0.9,0.75,0.25,2,2
8,0.7,0.81,202.40000000000003,449,95,169,0,80,False,-1,none,0.3,0.78,0.82,0.59,0.73,0.53,0.7285714285714285,1.0,0.0,56,91,0.7,0.8421052631578947,0.15789473684210525,5,12,0.5,0.8181818181818182,0.18181818181818182,2,3
8,0.71,0.81,215.20000000000002,449,78,160,0,76,False,-1,none,0.3,0.76,0.74,0.54,0.7,0.45,0.6571428571428571,1.0,0.0,46,76,0.85,0.7142857142857143,0.2857142857142857,12,19,0.8,0.7857142857142857,0.21428571428571427,4,3
8,0.68,0.8,209.0,450,88,174,0,78,False,-1,none,0.3,0.81,0.8,0.53,0.75,0.53,0.6714285714285714,1.0,0.0,52,93,0.65,0.8888888888888888,0.1111111111111111,6,13,0.8,0.6,0.4,5,5
8,0.66,0.82,208.60000000000002,448,92,162,0,74,False,-1,none,0.3,0.8,0.77,0.49,0.75,0.55,0.6,1.0,0.0,40,93,0.8,0.8333333333333334,0.16666666666666666,8,17,0.8,0.875,0.125,1,3
8,0.68,0.89,238.8,441,95,151,0,70,True,3,Shigh,0.3,0.78,0.77,0.54,0.73,0.53,0.6142857142857143,1.0,0.0,45,86,0.8,0.7692307692307693,0.23076923076923078,7,10,0.9,0.6,0.4,1,2
8,0.65,0.83,233.60000000000002,447,79,171,0,67,False,-1,none,0.3,0.79,0.75,0.52,0.71,0.56,0.6142857142857143,1.0,0.0,47,88,0.75,0.76,0.24,12,13,0.7,0.5333333333333333,0.4666666666666667,6,5
8,0.72,0.89,237.40000000000003,441,89,173,0,74,False,-1,none,0.3,0.81,0.75,0.69,0.72,0.54,0.7,1.0,0.0,59,92,0.75,0.84,0.16,7,13,0.8,0.6,0.4,0,2
8,0.68,0.8,211.4,450,107,153,0,75,True,3,Shigh,0.3,0.81,0.8,0.51,0.71,0.57,0.6571428571428571,1.0,0.0,49,91,0.65,0.7647058823529411,0.23529411764705882,3,5,0.9,0.5294117647058824,0.47058823529411764,2,3
8,0.68,0.78,213.0,452,92,180,0,60,False,-1,none,0.3,0.81,0.81,0.59,0.76,0.53,0.6571428571428571,1.0,0.0,60,90,0.7,0.6470588235294118,0.35294117647058826,14,10,0.8,0.7333333333333333,0.26666666666666666,4,2
8,0.75,0.9,238.20000000000007,440,84,159,0,72,False,-1,none,0.3,0.78,0.8,0.51,0.74,0.5,0.7142857142857143,1.0,0.0,50,90,0.8,0.875,0.125,3,11,0.9,0.625,0.375,4,1
8,0.7,0.81,212.40000000000003,449,93,172,0,69,False,-1,none,0.3,0.8,0.74,0.62,0.75,0.55,0.6857142857142857,1.0,0.0,50,88,0.7,0.7368421052631579,0.2631578947368421,12,18,0.8,0.7857142857142857,0.21428571428571427,2,2
8,0.73,0.81,215.40000000000003,449,95,177,0,72,False,-1,none,0.3,0.77,0.81,0.6,0.76,0.59,0.7285714285714285,1.0,0.0,53,99,0.8,0.6842105263157895,0.3157894736842105,8,12,0.6,0.7272727272727273,0.2727272727272727,2,3
8,0.66,0.82,211.80000000000004,448,119,174,0,70,False,-1,none,0.3,0.86,0.84,0.62,0.81,0.62,0.5857142857142857,1.0,0.0,43,104,0.8,0.9629629629629629,0.037037037037037035,2,18,0.9,0.5714285714285714,0.42857142857142855,4,3
8,0.77,0.88,237.00000000000006,442,105,189,0,73,False,-1,none,0.3,0.88,0.87,0.65,0.81,0.61,0.7714285714285715,1.0,0.0,63,103,0.65,0.7647058823529411,0.23529411764705882,9,8,1.0,0.6470588235294118,0.35294117647058826,3,3
8,0.62,0.8,193.6,450,77,148,0,70,True,2,Slow,0.3,0.7,0.73,0.47,0.67,0.48,0.6,1.0,0.0,42,82,0.65,0.8695652173913043,0.13043478260869565,6,14,0.7,0.7333333333333333,0.26666666666666666,2,2
8,0.63,0.79,218.79999999999998,451,91,161,0,74,False,-1,none,0.3,0.76,0.75,0.53,0.76,0.51,0.5857142857142857,1.0,0.0,39,87,0.65,0.7,0.3,15,14,0.9,0.7222222222222222,0.2777777777777778,1,5
8,0.71,0.88,224.00000000000003,442,87,170,0,70,False,-1,none,0.3,0.81,0.79,0.56,0.75,0.54,0.6857142857142857,1.0,0.0,55,94,0.75,0.9230769230769231,0.07692307692307693,2,15,0.8,0.6428571428571429,0.35714285714285715,2,2
8,0.79,0.98,227.36000000000004,432,90,178,0,89,True,0,Slow,0.3,0.87,0.87,0.52,0.78,0.62,0.7857142857142857,1.0,0.0,56,97,0.8,0.9230769230769231,0.07692307692307693,4,17,0.8,0.5882352941176471,0.4117647058823529,1,3
8,0.66,0.81,225.4,449,107,166,0,81,False,-1,none,0.3,0.84,0.85,0.58,0.76,0.51,0.5571428571428572,1.0,0.0,47,83,0.85,0.8461538461538461,0.15384615384615385,8,16,1.0,0.5,0.5,7,5
8,0.66,0.77,210.2,453,117,172,0,64,False,-1,none,0.3,0.84,0.85,0.59,0.78,0.6,0.5714285714285714,1.0,0.0,37,94,0.9,0.6818181818181818,0.3181818181818182,16,20,0.8,0.8,0.2,2,3
8,0.64,0.78,206.40000000000003,452,103,169,0,85,False,-1,none,0.3,0.82,0.8,0.55,0.79,0.54,0.6,1.0,0.0,50,92,0.8,0.8846153846153846,0.11538461538461539,5,18,0.6,0.5,0.5,2,2
8,0.59,0.69,199.2,461,109,157,0,85,False,-1,none,0.3,0.77,0.82,0.54,0.75,0.47,0.5428571428571428,1.0,0.0,41,89,0.65,0.5882352941176471,0.4117647058823529,12,11,0.8,0.6428571428571429,0.35714285714285715,2,2
8,0.72,0.85,236.20000000000002,445,82,177,0,86,False,-1,none,0.3,0.81,0.77,0.57,0.76,0.53,0.7,1.0,0.0,62,90,0.75,0.6666666666666666,0.3333333333333333,10,7,0.8,0.6666666666666666,0.3333333333333333,3,5
8,0.63,0.7,198.39999999999998,460,95,170,0,65,False,-1,none,0.3,0.79,0.79,0.53,0.7,0.54,0.5857142857142857,1.0,0.0,51,85,0.8,0.6842105263157895,0.3157894736842105,14,13,0.6,0.5,0.5,3,4
8,0.69,0.82,201.00000000000006,448,98,167,0,88,False,-1,none,0.3,0.85,0.8,0.51,0.8,0.51,0.6857142857142857,1.0,0.0,47,93,0.7,0.9047619047619048,0.09523809523809523,6,13,0.7,0.8461538461538461,0.15384615384615385,4,4
8,0.69,0.89,228.12000000000006,441,101,169,0,71,True,4,Shigh,0.3,0.82,0.85,0.54,0.77,0.61,0.6285714285714286,1.0,0.0,50,99,0.75,0.84,0.16,7,8,1.0,0.75,0.25,3,2
8,0.72,0.88,226.40000000000003,442,111,170,0,66,False,-1,none,0.3,0.83,0.81,0.67,0.79,0.59,0.6428571428571429,1.0,0.0,47,91,0.95,0.7857142857142857,0.21428571428571427,12,16,0.8,0.8666666666666667,0.13333333333333333,1,3
8,0.66,0.79,201.00000000000003,451,93,168,0,65,False,-1,none,0.3,0.75,0.75,0.58,0.74,0.58,0.6142857142857143,1.0,0.0,42,94,0.8,0.8333333333333334,0.16666666666666666,8,17,0.7,0.8333333333333334,0.16666666666666666,4,3
8,0.75,0.94,245.60000000000005,436,80,179,0,82,True,3,Shigh,0.3,0.81,0.83,0.57,0.74,0.58,0.7142857142857143,1.0,0.0,64,85,0.75,0.6818181818181818,0.3181818181818182,10,13,1.0,0.7272727272727273,0.2727272727272727,3,4
8,0.69,0.78,223.2,452,85,164,0,68,False,-1,none,0.3,0.74,0.75,0.59,0.7,0.49,0.6571428571428571,1.0,0.0,52,81,0.75,0.5882352941176471,0.4117647058823529,13,9,0.8,0.6,0.4,6,3
8,0.74,0.88,232.28000000000003,442,91,166,0,95,True,4,Shigh,0.3,0.82,0.81,0.53,0.74,0.55,0.7142857142857143,1.0,0.0,56,89,0.8,0.7391304347826086,0.2608695652173913,8,9,0.8,0.6,0.4,1,3
8,0.73,0.91,245.00000000000003,439,107,175,0,87,False,-1,none,0.3,0.89,0.85,0.57,0.8,0.62,0.6571428571428571,1.0,0.0,46,94,0.85,0.76,0.24,9,17,1.0,0.75,0.25,0,9
8,0.67,0.77,201.00000000000006,453,84,181,0,73,False,-1,none,0.3,0.81,0.8,0.48,0.74,0.59,0.6714285714285714,1.0,0.0,52,95,0.7,0.7647058823529411,0.23529411764705882,11,18,0.6,0.7692307692307693,0.23076923076923078,3,2
8,0.61,0.69,182.6,461,99,162,0,80,False,-1,none,0.3,0.78,0.79,0.49,0.72,0.52,0.6,1.0,0.0,47,97,0.65,0.7058823529411765,0.29411764705882354,8,8,0.6,0.8,0.2,0,2
8,0.6,0.73,190.60000000000002,457,82,132,0,68,False,-1,none,0.3,0.66,0.64,0.48,0.62,0.47,0.5428571428571428,1.0,0.0,34,74,0.75,0.8095238095238095,0.19047619047619047,7,14,0.7,0.7857142857142857,0.21428571428571427,1,2
8,0.71,0.83,211.46000000000006,447,90,174,0,73,True,4,Shigh,0.3,0.82,0.79,0.57,0.75,0.54,0.7142857142857143,1.0,0.0,55,95,0.6,0.6111111111111112,0.3888888888888889,10,10,0.9,0.8,0.2,2,2
8,0.73,0.86,229.4,444,84,196,0,59,False,-1,none,0.3,0.83,0.82,0.61,0.78,0.62,0.7571428571428571,1.0,0.0,67,103,0.55,0.75,0.25,6,11,0.9,0.6470588235294118,0.35294117647058826,4,5
8,0.64,0.81,201.40000000000003,449,92,158,0,69,False,-1,none,0.3,0.74,0.74,0.51,0.76,0.56,0.6142857142857143,1.0,0.0,36,95,0.75,0.88,0.12,3,16,0.6,0.8461538461538461,0.15384615384615385,2,6
8,0.68,0.85,223.00000000000003,445,88,174,0,63,False,-1,none,0.3,0.78,0.78,0.58,0.75,0.58,0.6428571428571429,1.0,0.0,52,100,0.7,0.9130434782608695,0.08695652173913043,5,11,0.9,0.5882352941176471,0.4117647058823529,4,2
8,0.69,0.85,216.8,445,95,171,0,84,False,-1,none,0.3,0.81,0.82,0.57,0.76,0.55,0.6285714285714286,1.0,0.0,47,97,0.8,0.8333333333333334,0.16666666666666666,8,12,0.9,0.8235294117647058,0.17647058823529413,3,4
8,0.69,0.91,235.20000000000007,439,57,174,0,68,False,-1,none,0.3,0.72,0.74,0.51,0.69,0.56,0.6714285714285714,1.0,0.0,57,91,0.85,0.8787878787878788,0.12121212121212122,6,18,0.5,0.6363636363636364,0.36363636363636365,1,1
8,0.63,0.79,203.4,451,110,162,0,79,False,-1,none,0.3,0.82,0.8,0.63,0.74,0.52,0.5571428571428572,1.0,0.0,47,86,0.8,0.8888888888888888,0.1111111111111111,5,19,0.8,0.6923076923076923,0.3076923076923077,3,2
8,0.76,0.91,238.40000000000003,439,91,203,0,70,False,-1,none,0.3,0.89,0.87,0.61,0.82,0.66,0.7571428571428571,1.0,0.0,65,107,0.75,0.8636363636363636,0.13636363636363635,7,16,0.8,0.625,0.375,3,5
9,0.69,0.82,166.40000000000006,448,112,156,0,85,False,-1,none,0.3,0.84,0.84,0.48,0.79,0.55,0.6857142857142857,1.0,0.0,43,102,0.75,0.6521739130434783,0.34782608695652173,1,9,0.6,0.7272727272727273,0.2727272727272727,0,1
9,0.69,0.8,179.99999999999997,450,95,187,0,78,False,-1,none,0.3,0.81,0.84,0.51,0.83,0.63,0.6571428571428571,1.0,0.0,53,106,0.75,0.6666666666666666,0.3333333333333333,15,11,0.8,0.75,0.25,0,2
9,0.71,0.89,230.0,441,110,182,0,69,False,-1,none,0.3,0.86,0.88,0.59,0.84,0.64,0.6285714285714286,1.0,0.0,52,102,0.9,0.6956521739130435,0.30434782608695654,8,17,0.9,0.7272727272727273,0.2727272727272727,2,1
9,0.67,0.81,215.60000000000005,449,92,160,0,77,True,4,Shigh,0.3,0.8,0.8,0.53,0.7,0.5,0.6428571428571429,1.0,0.0,55,85,0.8,0.6666666666666666,0.3333333333333333,4,11,0.6,0.5833333333333334,0.4166666666666667,1,4
9,0.64,0.76,201.6,454,88,168,0,78,False,-1,none,0.3,0.78,0.82,0.44,0.78,0.5,0.6,1.0,0.0,47,87,0.7,1.0,0.0,2,28,0.8,0.7142857142857143,0.2857142857142857,0,4
9,0.67,0.79,203.6,451,117,162,0,77,False,-1,none,0.3,0.82,0.82,0.55,0.82,0.57,0.6285714285714286,1.0,0.0,46,97,0.85,0.88,0.12,6,12,0.6,0.8,0.2,0,1
9,0.68,0.87,236.56000000000003,443,110,162,0,66,True,3,Shigh,0.3,0.82,0.79,0.61,0.79,0.58,0.6571428571428571,1.0,0.0,44,98,0.7,0.625,0.375,7,9,0.8,0.5882352941176471,0.4117647058823529,4,0
9,0.74,0.84,230.00000000000006,446,81,189,0,76,False,-1,none,0.3,0.78,0.78,0.58,0.8,0.6,0.7428571428571429,1.0,0.0,56,100,0.8,0.6190476190476191,0.38095238095238093,14,13,0.6,0.8181818181818182,0.18181818181818182,2,4
9,0.75,0.89,246.00000000000006,441,77,179,0,85,False,-1,none,0.3,0.85,0.82,0.52,0.71,0.55,0.7285714285714285,1.0,0.0,62,87,0.7,0.8947368421052632,0.10526315789473684,6,10,1.0,0.5789473684210527,0.42105263157894735,5,9
9,0.69,0.79,203.85999999999999,451,81,172,0,73,True,2,Slow,0.3,0.78,0.78,0.51,0.73,0.52,0.6857142857142857,1.0,0.0,53,94,0.8,0.7272727272727273,0.2727272727272727,9,16,0.5,0.6666666666666666,0.3333333333333333,0,0
9,0.67,0.81,228.79999999999998,449,102,170,0,82,False,-1,none,0.3,0.84,0.82,0.56,0.76,0.55,0.6,1.0,0.0,52,88,0.8,0.7142857142857143,0.2857142857142857,10,15,0.9,0.6666666666666666,0.3333333333333333,2,3
9,0.72,0.85,216.46000000000004,445,96,165,0,84,True,4,Shigh,0.3,0.8,0.8,0.46,0.79,0.61,0.6714285714285714,1.0,0.0,47,95,0.85,0.875,0.125,4,16,0.8,0.7857142857142857,0.21428571428571427,1,2
9,0.7,0.84,228.19999999999996,446,101,153,0,77,True,2,Slow,0.3,0.76,0.8,0.54,0.73,0.55,0.6428571428571429,1.0,0.0,46,89,0.8,0.7083333333333334,0.2916666666666667,7,11,0.9,0.6,0.4,0,0
9,0.74,0.77,213.59999999999997,453,88,187,0,68,False,-1,none,0.3,0.84,0.81,0.56,0.74,0.57,0.7571428571428571,1.0,0.0,60,99,0.7,0.5625,0.4375,14,10,0.7,0.625,0.375,2,2
9,0.73,0.83,225.59999999999997,447,80,176,0,71,False,-1,none,0.3,0.78,0.74,0.57,0.74,0.56,0.7142857142857143,1.0,0.0,54,90,0.8,0.7894736842105263,0.21052631578947367,10,14,0.7,0.7142857142857143,0.2857142857142857,3,5
9,0.72,0.81,216.6,449,84,180,0,90,False,-1,none,0.3,0.8,0.84,0.56,0.76,0.49,0.7,1.0,0.0,60,90,0.8,0.65,0.35,16,11,0.7,1.0,0.0,0,3
9,0.67,0.78,207.59999999999997,452,82,170,0,75,False,-1,none,0.3,0.78,0.74,0.53,0.69,0.56,0.6571428571428571,1.0,0.0,55,92,0.65,0.7647058823529411,0.23529411764705882,8,9,0.8,0.8666666666666667,0.13333333333333333,2,4
9,0.65,0.72,206.99999999999994,458,95,175,0,73,False,-1,none,0.3,0.82,0.8,0.52,0.72,0.56,0.6285714285714286,1.0,0.0,53,91,0.75,0.631578947368421,0.3684210526315789,13,12,0.6,0.5555555555555556,0.4444444444444444,3,3
9,0.66,0.77,216.59999999999997,453,81,162,0,60,False,-1,none,0.3,0.75,0.74,0.47,0.72,0.52,0.6142857142857143,1.0,0.0,50,85,0.7,0.7894736842105263,0.21052631578947367,7,12,0.9,0.6666666666666666,0.3333333333333333,4,4
9,0.62,0.71,203.99999999999994,459,108,164,0,72,False,-1,none,0.3,0.76,0.77,0.62,0.74,0.54,0.5714285714285714,1.0,0.0,48,93,0.6,0.6428571428571429,0.35714285714285715,7,9,1.0,0.7058823529411765,0.29411764705882354,3,4
9,0.64,0.72,213.59999999999994,458,80,167,0,66,False,-1,none,0.3,0.75,0.73,0.51,0.68,0.52,0.5714285714285714,1.0,0.0,51,78,0.8,0.6190476190476191,0.38095238095238093,20,13,0.8,0.6363636363636364,0.36363636363636365,3,2
9,0.59,0.66,178.79999999999993,464,102,149,0,73,False,-1,none,0.3,0.74,0.74,0.49,0.72,0.48,0.5857142857142857,1.0,0.0,46,87,0.55,0.7692307692307693,0.23076923076923078,4,10,0.7,0.75,0.25,0,2
9,0.79,0.91,238.79999999999998,439,89,192,0,73,False,-1,none,0.3,0.85,0.81,0.63,0.81,0.62,0.7857142857142857,1.0,0.0,59,104,0.85,0.84,0.16,11,16,0.7,0.8181818181818182,0.18181818181818182,0,2
9,0.67,0.81,229.79999999999995,449,108,174,0,77,False,-1,none,0.3,0.8,0.85,0.58,0.8,0.6,0.5857142857142857,1.0,0.0,34,104,0.9,0.6956521739130435,0.30434782608695654,14,14,0.8,0.7647058823529411,0.23529411764705882,5,3
9,0.65,0.73,204.59999999999997,457,91,163,0,93,False,-1,none,0.3,0.76,0.77,0.52,0.73,0.49,0.6285714285714286,1.0,0.0,48,85,0.7,0.7222222222222222,0.2777777777777778,9,15,0.7,0.6363636363636364,0.36363636363636365,1,5
9,0.7,0.82,239.99999999999997,448,94,182,0,82,False,-1,none,0.3,0.83,0.83,0.56,0.8,0.56,0.6285714285714286,1.0,0.0,54,91,0.8,0.65,0.35,15,14,1.0,0.6666666666666666,0.3333333333333333,3,5
9,0.7,0.8,220.2,450,107,178,0,75,False,-1,none,0.3,0.85,0.85,0.51,0.8,0.64,0.6285714285714286,1.0,0.0,45,94,0.9,0.7391304347826086,0.2608695652173913,14,21,0.8,0.7692307692307693,0.23076923076923078,1,3
9,0.63,0.68,195.59999999999997,462,89,181,0,57,False,-1,none,0.3,0.77,0.75,0.61,0.73,0.52,0.6714285714285714,1.0,0.0,61,94,0.5,0.45454545454545453,0.5454545454545454,13,9,0.6,0.6,0.4,1,3
9,0.71,0.81,229.79999999999995,449,87,186,0,71,False,-1,none,0.3,0.83,0.81,0.58,0.79,0.53,0.6857142857142857,1.0,0.0,59,94,0.75,0.5,0.5,16,7,0.8,0.8235294117647058,0.17647058823529413,4,6
9,0.72,0.83,241.79999999999995,447,85,181,0,71,False,-1,none,0.3,0.8,0.8,0.55,0.78,0.56,0.7285714285714285,1.0,0.0,52,96,0.55,0.6,0.4,13,10,1.0,0.5882352941176471,0.4117647058823529,3,7
9,0.72,0.85,225.6,445,96,178,0,66,False,-1,none,0.3,0.75,0.82,0.61,0.76,0.65,0.6714285714285714,1.0,0.0,47,95,0.95,0.8076923076923077,0.19230769230769232,6,21,0.6,0.8333333333333334,0.16666666666666666,3,6
9,0.66,0.78,215.99999999999994,452,101,174,0,67,False,-1,none,0.3,0.75,0.78,0.64,0.8,0.56,0.6,1.0,0.0,50,90,0.75,0.7777777777777778,0.2222222222222222,6,17,0.9,0.7777777777777778,0.2222222222222222,4,7
9,0.72,0.82,230.99999999999997,448,109,178,0,71,False,-1,none,0.3,0.8,0.85,0.68,0.78,0.58,0.6857142857142857,1.0,0.0,55,91,0.8,0.8095238095238095,0.19047619047619047,10,14,0.8,0.6153846153846154,0.38461538461538464,3,5
9,0.73,0.85,234.6,445,89,174,0,82,False,-1,none,0.3,0.83,0.78,0.55,0.74,0.58,0.7428571428571429,1.0,0.0,56,93,0.7,0.8,0.2,9,11,0.7,0.6153846153846154,0.38461538461538464,3,2
9,0.7,0.76,205.79999999999995,454,100,181,0,78,False,-1,none,0.3,0.82,0.82,0.53,0.78,0.62,0.7,1.0,0.0,52,97,0.7,0.6875,0.3125,13,11,0.7,0.8181818181818182,0.18181818181818182,1,7
9,0.67,0.78,215.99999999999994,452,96,176,0,70,False,-1,none,0.3,0.84,0.79,0.49,0.77,0.61,0.6714285714285714,1.0,0.0,48,98,0.65,0.7368421052631579,0.2631578947368421,14,10,0.7,0.75,0.25,2,4
9,0.7,0.84,232.14,446,98,171,0,77,True,4,Shigh,0.3,0.79,0.78,0.56,0.8,0.6,0.6571428571428571,1.0,0.0,49,97,0.75,0.6666666666666666,0.3333333333333333,10,11,0.9,0.7,0.3,2,2
9,0.71,0.85,202.43999999999997,445,94,180,0,71,True,0,Slow,0.3,0.8,0.83,0.59,0.8,0.57,0.7142857142857143,1.0,0.0,57,97,0.7,0.8,0.2,6,16,0.7,0.8,0.2,0,4
9,0.72,0.83,227.39999999999998,447,76,201,0,60,False,-1,none,0.3,0.8,0.8,0.61,0.8,0.59,0.7142857142857143,1.0,0.0,61,101,0.75,0.65,0.35,17,14,0.7,0.8461538461538461,0.15384615384615385,1,7
9,0.69,0.75,214.19999999999996,455,91,189,0,80,False,-1,none,0.3,0.85,0.78,0.54,0.8,0.58,0.7,1.0,0.0,52,104,0.75,0.5294117647058824,0.47058823529411764,16,12,0.5,0.8888888888888888,0.1111111111111111,0,5
9,0.7,0.8,225.59999999999997,450,88,176,0,81,False,-1,none,0.3,0.82,0.81,0.57,0.82,0.42,0.7142857142857143,1.0,0.0,55,90,0.7,0.6666666666666666,0.3333333333333333,13,10,0.6,0.6666666666666666,0.3333333333333333,4,4
9,0.74,0.89,235.80000000000004,441,79,198,0,64,False,-1,none,0.3,0.81,0.83,0.62,0.79,0.61,0.7428571428571429,1.0,0.0,61,103,0.75,0.7142857142857143,0.2857142857142857,12,15,0.7,0.9375,0.0625,1,6
9,0.69,0.76,204.59999999999997,454,89,173,0,87,False,-1,none,0.3,0.75,0.78,0.54,0.78,0.53,0.6714285714285714,1.0,0.0,49,99,0.8,0.7894736842105263,0.21052631578947367,8,12,0.6,0.7,0.3,2,3
9,0.63,0.73,185.76,457,92,177,0,78,True,1,Slow,0.3,0.78,0.79,0.54,0.76,0.55,0.5857142857142857,1.0,0.0,49,94,0.8,0.6842105263157895,0.3157894736842105,12,18,0.6,0.6923076923076923,0.3076923076923077,0,4
9,0.74,0.83,220.19999999999996,447,96,174,0,87,False,-1,none,0.3,0.85,0.84,0.55,0.76,0.53,0.6571428571428571,1.0,0.0,54,83,0.95,0.8695652173913043,0.13043478260869565,7,23,0.9,0.7142857142857143,0.2857142857142857,3,4
9,0.73,0.86,226.20000000000005,444,90,180,0,69,False,-1,none,0.3,0.82,0.82,0.57,0.75,0.6,0.7571428571428571,1.0,0.0,51,96,0.7,0.9,0.1,8,18,0.6,0.6923076923076923,0.3076923076923077,4,3
9,0.75,0.88,244.2,442,100,174,0,83,False,-1,none,0.3,0.83,0.86,0.57,0.76,0.6,0.7285714285714285,1.0,0.0,46,95,0.8,0.7391304347826086,0.2608695652173913,7,15,0.8,0.6428571428571429,0.35714285714285715,7,4
9,0.7,0.79,207.59999999999997,451,105,172,0,59,False,-1,none,0.3,0.81,0.8,0.63,0.79,0.53,0.6428571428571429,1.0,0.0,54,90,0.8,0.7894736842105263,0.21052631578947367,8,15,0.9,0.8666666666666667,0.13333333333333333,3,2
9,0.68,0.77,205.19999999999996,453,101,169,0,78,False,-1,none,0.3,0.8,0.8,0.53,0.78,0.56,0.6857142857142857,1.0,0.0,49,94,0.65,0.8333333333333334,0.16666666666666666,6,13,0.7,0.7272727272727273,0.2727272727272727,3,4
9,0.58,0.64,175.07999999999998,466,93,162,0,66,True,1,Slow,0.3,0.74,0.71,0.51,0.73,0.5,0.5857142857142857,1.0,0.0,43,98,0.6,0.42857142857142855,0.5714285714285714,15,4,0.5,0.8888888888888888,0.1111111111111111,1,1
9,0.7,0.8,196.92,450,99,173,0,58,True,0,Slow,0.3,0.78,0.79,0.57,0.79,0.59,0.6714285714285714,1.0,0.0,50,96,0.8,0.8260869565217391,0.17391304347826086,8,15,0.7,0.7,0.3,2,2
9,0.69,0.81,232.19999999999993,449,110,167,0,82,False,-1,none,0.3,0.8,0.85,0.61,0.77,0.55,0.6428571428571429,1.0,0.0,41,93,0.85,0.7272727272727273,0.2727272727272727,12,16,0.7,0.7857142857142857,0.21428571428571427,3,2
9,0.65,0.75,234.59999999999994,455,84,188,0,73,False,-1,none,0.3,0.81,0.75,0.52,0.8,0.59,0.6428571428571429,1.0,0.0,53,104,0.65,0.5,0.5,13,10,0.7,0.6428571428571429,0.35714285714285715,5,3
9,0.65,0.73,192.24,457,102,168,0,97,True,0,Slow,0.3,0.83,0.85,0.48,0.8,0.47,0.6285714285714286,1.0,0.0,52,89,0.65,0.6875,0.3125,9,13,0.8,0.7692307692307693,0.23076923076923078,3,2
9,0.66,0.74,207.0,456,93,159,0,89,False,-1,none,0.3,0.75,0.76,0.47,0.76,0.52,0.6571428571428571,1.0,0.0,41,91,0.55,0.6666666666666666,0.3333333333333333,8,10,0.9,0.8125,0.1875,5,4
9,0.61,0.69,216.0,461,83,166,0,72,False,-1,none,0.3,0.76,0.74,0.47,0.69,0.52,0.5571428571428572,1.0,0.0,43,88,0.75,0.5555555555555556,0.4444444444444444,18,11,0.7,0.6666666666666666,0.3333333333333333,5,1
9,0.69,0.81,215.39999999999998,449,91,162,0,96,False,-1,none,0.3,0.84,0.82,0.43,0.68,0.57,0.6857142857142857,1.0,0.0,48,96,0.7,0.8421052631578947,0.15789473684210525,3,8,0.7,0.8571428571428571,0.14285714285714285,3,4
9,0.72,0.81,253.19999999999996,449,84,178,0,77,False,-1,none,0.3,0.79,0.77,0.57,0.74,0.56,0.6714285714285714,1.0,0.0,57,87,0.85,0.5789473684210527,0.42105263157894735,12,10,0.8,0.6,0.4,6,6
9,0.71,0.83,228.6,447,92,178,0,87,False,-1,none,0.3,0.82,0.84,0.55,0.75,0.57,0.6428571428571429,1.0,0.0,51,95,0.9,0.88,0.12,9,17,0.8,0.6923076923076923,0.3076923076923077,4,2
9,0.65,0.73,221.4,457,80,164,0,73,False,-1,none,0.3,0.73,0.75,0.51,0.71,0.47,0.6285714285714286,1.0,0.0,47,88,0.75,0.5555555555555556,0.4444444444444444,16,8,0.6,0.7272727272727273,0.2727272727272727,1,4
9,0.77,0.87,246.59999999999997,443,84,184,0,90,False,-1,none,0.3,0.86,0.85,0.52,0.79,0.53,0.7857142857142857,1.0,0.0,57,93,0.7,0.5333333333333333,0.4666666666666667,11,13,0.8,0.8823529411764706,0.11764705882352941,3,7
9,0.66,0.75,205.2,455,105,153,0,77,False,-1,none,0.3,0.78,0.77,0.47,0.72,0.59,0.6142857142857143,1.0,0.0,43,89,0.8,0.8571428571428571,0.14285714285714285,3,13,0.7,0.7272727272727273,0.2727272727272727,2,3
9,0.66,0.76,203.87999999999997,454,98,177,0,69,True,3,Shigh,0.3,0.81,0.82,0.56,0.76,0.56,0.6142857142857143,1.0,0.0,53,94,0.85,0.84,0.16,12,14,0.6,0.625,0.375,2,2
9,0.7,0.85,238.31999999999996,445,106,181,0,78,True,3,Shigh,0.3,0.83,0.88,0.6,0.79,0.62,0.6714285714285714,1.0,0.0,49,99,0.75,0.631578947368421,0.3684210526315789,16,12,0.8,0.7894736842105263,0.21052631578947367,2,3
9,0.67,0.81,227.99999999999997,449,101,156,0,92,False,-1,none,0.3,0.77,0.82,0.51,0.71,0.57,0.6285714285714286,1.0,0.0,44,85,0.75,0.8260869565217391,0.17391304347826086,7,14,0.8,0.7142857142857143,0.2857142857142857,2,4
9,0.64,0.76,211.79999999999995,454,101,171,0,82,False,-1,none,0.3,0.8,0.82,0.47,0.78,0.61,0.6,1.0,0.0,46,103,0.7,0.8,0.2,5,11,0.8,0.7857142857142857,0.21428571428571427,2,4
10,0.65,0.86,164.48000000000002,444,118,133,0,73,True,3,Shigh,0.3,0.79,0.76,0.59,0.73,0.5,0.6,1.0,0.0,47,84,0.7,0.7407407407407407,0.25925925925925924,1,1,0.9,0.7058823529411765,0.29411764705882354,0,0
10,0.71,0.9,187.19999999999993,440,97,185,0,73,False,-1,none,0.3,0.87,0.86,0.6,0.83,0.56,0.6571428571428571,1.0,0.0,60,96,0.8,0.84,0.16,8,19,0.9,0.8421052631578947,0.15789473684210525,0,2
10,0.71,0.82,216.0,448,93,167,0,93,False,-1,none,0.3,0.79,0.8,0.49,0.83,0.51,0.7,1.0,0.0,40,100,0.75,0.6666666666666666,0.3333333333333333,14,13,0.7,0.5,0.5,0,0
10,0.67,0.8,220.00000000000006,450,87,170,0,68,False,-1,none,0.3,0.77,0.8,0.5,0.75,0.55,0.6428571428571429,1.0,0.0,49,91,0.7,0.6842105263157895,0.3157894736842105,12,9,0.8,0.75,0.25,5,4
10,0.59,0.68,177.59999999999997,462,112,170,0,85,False,-1,none,0.3,0.85,0.83,0.53,0.76,0.53,0.5857142857142857,1.0,0.0,45,95,0.45,1.0,0.0,0,22,0.9,0.8235294117647058,0.17647058823529413,2,6
10,0.77,0.9,241.2,440,108,186,0,86,False,-1,none,0.3,0.84,0.89,0.62,0.86,0.63,0.7428571428571429,1.0,0.0,51,101,0.8,0.7368421052631579,0.2631578947368421,9,14,0.9,0.7894736842105263,0.21052631578947367,3,8
10,0.69,0.77,186.19999999999996,453,96,171,0,76,True,1,Slow,0.3,0.78,0.8,0.54,0.73,0.59,0.6714285714285714,1.0,0.0,52,92,0.75,0.7368421052631579,0.2631578947368421,12,14,0.7,0.8181818181818182,0.18181818181818182,0,1
10,0.74,0.86,244.39999999999998,444,82,180,0,82,False,-1,none,0.3,0.84,0.78,0.46,0.83,0.57,0.7,1.0,0.0,52,97,0.85,0.6818181818181818,0.3181818181818182,10,15,0.8,0.7333333333333333,0.26666666666666666,1,5
10,0.69,0.75,209.19999999999996,455,78,158,0,74,False,-1,none,0.3,0.74,0.72,0.45,0.68,0.52,0.6714285714285714,1.0,0.0,48,87,0.7,0.7647058823529411,0.23529411764705882,7,11,0.8,0.6363636363636364,0.36363636363636365,3,2
10,0.67,0.76,218.59999999999994,454,75,184,0,70,False,-1,none,0.3,0.77,0.75,0.52,0.74,0.57,0.6714285714285714,1.0,0.0,54,91,0.8,0.6190476190476191,0.38095238095238093,16,19,0.4,0.75,0.25,2,2
10,0.68,0.83,233.57999999999998,447,92,173,0,67,True,4,Shigh,0.3,0.8,0.74,0.54,0.78,0.62,0.6142857142857143,1.0,0.0,43,94,0.9,0.6785714285714286,0.32142857142857145,12,17,0.7,0.5833333333333334,0.4166666666666667,5,2
10,0.71,0.82,212.4,448,104,169,0,80,False,-1,none,0.3,0.84,0.82,0.61,0.8,0.48,0.6428571428571429,1.0,0.0,53,91,0.9,0.8461538461538461,0.15384615384615385,8,16,0.8,0.9090909090909091,0.09090909090909091,0,1
10,0.6,0.7,197.39999999999998,460,104,156,0,70,False,-1,none,0.3,0.74,0.76,0.54,0.75,0.51,0.5285714285714286,1.0,0.0,40,85,0.75,0.75,0.25,14,12,0.8,0.7692307692307693,0.23076923076923078,1,4
10,0.67,0.76,212.4,454,109,166,0,84,False,-1,none,0.3,0.84,0.78,0.6,0.76,0.53,0.6714285714285714,1.0,0.0,50,92,0.65,0.7058823529411765,0.29411764705882354,9,10,0.7,0.6666666666666666,0.3333333333333333,2,3
10,0.69,0.84,202.12,446,86,168,0,77,True,1,Slow,0.3,0.76,0.78,0.54,0.75,0.55,0.6714285714285714,1.0,0.0,48,94,0.7,0.8947368421052632,0.10526315789473684,5,10,0.8,0.7777777777777778,0.2222222222222222,3,8
10,0.75,0.9,247.00000000000003,440,99,185,0,71,False,-1,none,0.3,0.86,0.83,0.65,0.85,0.55,0.7714285714285715,1.0,0.0,61,100,0.6,0.6875,0.3125,7,11,0.9,0.8,0.2,3,3
10,0.61,0.76,200.59999999999997,454,88,157,0,84,False,-1,none,0.3,0.78,0.75,0.54,0.71,0.43,0.5428571428571428,1.0,0.0,42,82,0.9,0.8461538461538461,0.15384615384615385,11,15,0.5,0.8333333333333334,0.16666666666666666,3,4
10,0.79,0.91,241.80000000000004,439,93,178,0,73,False,-1,none,0.3,0.87,0.81,0.57,0.83,0.54,0.7857142857142857,1.0,0.0,55,95,0.85,0.782608695652174,0.21739130434782608,9,10,0.7,0.8461538461538461,0.15384615384615385,4,5
10,0.69,0.82,237.19999999999996,448,85,178,0,80,False,-1,none,0.3,0.84,0.78,0.44,0.76,0.63,0.6285714285714286,1.0,0.0,46,93,0.85,0.6818181818181818,0.3181818181818182,15,17,0.8,0.75,0.25,4,3
10,0.64,0.77,205.2,453,92,177,0,64,False,-1,none,0.3,0.8,0.78,0.57,0.74,0.57,0.6285714285714286,1.0,0.0,52,98,0.65,0.7894736842105263,0.21052631578947367,8,14,0.7,0.8571428571428571,0.14285714285714285,3,2
10,0.61,0.73,203.45999999999998,457,91,153,0,78,True,4,Shigh,0.3,0.76,0.76,0.53,0.66,0.46,0.6,1.0,0.0,47,84,0.55,0.75,0.25,6,10,0.8,0.6666666666666666,0.3333333333333333,4,2
10,0.76,0.89,251.4,441,81,196,0,69,False,-1,none,0.3,0.85,0.85,0.63,0.78,0.55,0.7285714285714285,1.0,0.0,68,90,0.9,0.6923076923076923,0.3076923076923077,13,21,0.7,0.8333333333333334,0.16666666666666666,0,4
10,0.62,0.73,192.39999999999998,457,82,157,0,68,False,-1,none,0.3,0.75,0.71,0.52,0.68,0.46,0.6285714285714286,1.0,0.0,45,86,0.65,0.9,0.1,7,15,0.5,0.6666666666666666,0.3333333333333333,3,1
10,0.71,0.82,220.88,448,97,170,0,81,True,0,Slow,0.3,0.8,0.78,0.55,0.79,0.57,0.6857142857142857,1.0,0.0,49,93,0.65,0.7647058823529411,0.23529411764705882,5,14,1.0,0.5882352941176471,0.4117647058823529,3,6
10,0.72,0.8,244.60000000000002,450,91,184,0,75,False,-1,none,0.3,0.84,0.81,0.57,0.75,0.58,0.6714285714285714,1.0,0.0,50,93,0.85,0.6842105263157895,0.3157894736842105,14,17,0.8,0.5,0.5,6,4
10,0.7,0.83,208.20000000000002,447,75,166,0,76,True,1,Slow,0.3,0.76,0.76,0.51,0.76,0.45,0.7,1.0,0.0,57,87,0.65,0.8421052631578947,0.15789473684210525,6,9,0.8,0.6666666666666666,0.3333333333333333,4,3
10,0.7,0.79,223.39999999999998,451,85,173,0,88,False,-1,none,0.3,0.77,0.8,0.55,0.76,0.49,0.6857142857142857,1.0,0.0,54,94,0.8,0.7,0.3,10,13,0.6,0.7272727272727273,0.2727272727272727,0,2
10,0.78,0.89,255.20000000000002,441,76,189,0,71,False,-1,none,0.3,0.8,0.81,0.6,0.75,0.58,0.7142857142857143,1.0,0.0,58,93,1.0,0.6923076923076923,0.3076923076923077,17,18,0.8,0.7692307692307693,0.23076923076923078,1,2
10,0.64,0.76,211.6,454,91,154,0,79,False,-1,none,0.3,0.74,0.72,0.52,0.72,0.51,0.6142857142857143,1.0,0.0,45,87,0.6,0.6875,0.3125,8,7,0.9,0.8235294117647058,0.17647058823529413,3,4
10,0.69,0.81,227.59999999999997,449,74,177,0,78,False,-1,none,0.3,0.77,0.77,0.56,0.67,0.55,0.7,1.0,0.0,62,92,0.7,0.8095238095238095,0.19047619047619047,8,12,0.6,0.5454545454545454,0.45454545454545453,1,2
10,0.68,0.8,224.2,450,109,165,0,81,False,-1,none,0.3,0.8,0.84,0.63,0.76,0.51,0.6142857142857143,1.0,0.0,43,90,0.8,0.7368421052631579,0.2631578947368421,13,10,0.9,0.7777777777777778,0.2222222222222222,5,4
10,0.73,0.89,250.33999999999997,441,90,172,0,74,True,3,Shigh,0.3,0.81,0.83,0.56,0.79,0.52,0.6571428571428571,1.0,0.0,50,90,0.9,0.7307692307692307,0.2692307692307692,12,14,0.9,0.6470588235294118,0.35294117647058826,2,4
10,0.69,0.77,198.79999999999998,453,104,157,0,97,False,-1,none,0.3,0.84,0.85,0.47,0.76,0.46,0.6857142857142857,1.0,0.0,49,90,0.75,0.8421052631578947,0.15789473684210525,5,10,0.6,0.9,0.1,0,3
10,0.74,0.83,234.11999999999998,447,104,178,0,95,True,2,Slow,0.3,0.84,0.86,0.59,0.83,0.53,0.7,1.0,0.0,50,100,0.9,0.5714285714285714,0.42857142857142855,16,11,0.7,0.7692307692307693,0.23076923076923078,1,0
10,0.68,0.75,209.53999999999996,455,105,163,0,62,True,3,Shigh,0.3,0.79,0.77,0.52,0.78,0.57,0.6142857142857143,1.0,0.0,44,89,0.9,0.6190476190476191,0.38095238095238093,13,14,0.7,0.7272727272727273,0.2727272727272727,0,3
10,0.65,0.78,233.4,452,103,169,0,65,False,-1,none,0.3,0.79,0.78,0.59,0.77,0.57,0.5857142857142857,1.0,0.0,48,94,0.85,0.7083333333333334,0.2916666666666667,10,10,0.7,0.6153846153846154,0.38461538461538464,3,4
10,0.75,0.9,247.74,440,96,183,0,71,True,3,Shigh,0.3,0.86,0.86,0.6,0.77,0.6,0.7,1.0,0.0,55,90,0.85,0.7916666666666666,0.20833333333333334,9,20,0.9,0.5882352941176471,0.4117647058823529,5,4
10,0.79,0.93,251.0,437,81,212,0,59,False,-1,none,0.3,0.86,0.88,0.66,0.82,0.64,0.7857142857142857,1.0,0.0,73,103,0.75,0.7368421052631579,0.2631578947368421,11,15,0.9,0.8421052631578947,0.15789473684210525,2,8
10,0.8,0.94,251.40000000000003,436,108,188,0,70,False,-1,none,0.3,0.87,0.87,0.74,0.81,0.61,0.7428571428571429,1.0,0.0,55,101,0.95,0.8148148148148148,0.18518518518518517,10,17,0.9,0.8666666666666667,0.13333333333333333,1,4
10,0.68,0.84,240.39999999999998,446,105,155,0,81,False,-1,none,0.3,0.8,0.84,0.55,0.73,0.52,0.6285714285714286,1.0,0.0,43,83,0.75,0.8095238095238095,0.19047619047619047,5,9,0.9,0.6842105263157895,0.3157894736842105,7,8
10,0.75,0.91,255.8,439,83,172,0,74,False,-1,none,0.3,0.81,0.78,0.59,0.74,0.54,0.6857142857142857,1.0,0.0,54,88,0.85,0.7272727272727273,0.2727272727272727,11,13,1.0,0.8095238095238095,0.19047619047619047,2,4
10,0.68,0.79,219.39999999999998,451,93,183,0,80,False,-1,none,0.3,0.81,0.84,0.52,0.81,0.57,0.6142857142857143,1.0,0.0,51,98,0.8,0.7727272727272727,0.22727272727272727,12,13,0.9,0.7857142857142857,0.21428571428571427,3,6
10,0.64,0.71,210.39999999999995,459,107,152,0,85,False,-1,none,0.3,0.79,0.82,0.48,0.76,0.45,0.6285714285714286,1.0,0.0,49,84,0.65,0.5882352941176471,0.4117647058823529,8,10,0.7,0.7,0.3,0,1
10,0.75,0.9,236.0,440,91,181,0,68,False,-1,none,0.3,0.8,0.79,0.61,0.81,0.61,0.7428571428571429,1.0,0.0,52,98,0.75,0.875,0.125,9,18,0.8,0.7857142857142857,0.21428571428571427,0,4
10,0.68,0.77,215.19999999999996,453,104,173,0,71,False,-1,none,0.3,0.83,0.8,0.56,0.82,0.53,0.6857142857142857,1.0,0.0,48,99,0.6,0.8,0.2,9,11,0.8,0.6428571428571429,0.35714285714285715,3,3
10,0.69,0.78,217.2,452,86,173,0,73,False,-1,none,0.3,0.76,0.77,0.54,0.72,0.58,0.7142857142857143,1.0,0.0,48,100,0.55,0.6666666666666666,0.3333333333333333,8,7,0.8,0.75,0.25,2,8
10,0.7,0.84,257.79999999999995,446,78,177,0,76,False,-1,none,0.3,0.77,0.78,0.51,0.76,0.57,0.6428571428571429,1.0,0.0,46,90,0.8,0.6818181818181818,0.3181818181818182,17,15,0.9,0.5882352941176471,0.4117647058823529,5,4
10,0.67,0.73,205.79999999999998,457,116,170,0,76,False,-1,none,0.3,0.78,0.83,0.61,0.81,0.56,0.6714285714285714,1.0,0.0,47,99,0.65,0.7333333333333333,0.26666666666666666,10,9,0.7,0.6363636363636364,0.36363636363636365,3,2
10,0.7,0.79,220.18,451,102,177,0,77,True,4,Shigh,0.3,0.82,0.86,0.57,0.78,0.55,0.6857142857142857,1.0,0.0,50,96,0.75,0.6111111111111112,0.3888888888888889,12,13,0.7,0.6153846153846154,0.38461538461538464,0,6
10,0.65,0.74,204.0,456,72,175,0,74,False,-1,none,0.3,0.73,0.77,0.48,0.7,0.53,0.6571428571428571,1.0,0.0,52,87,0.7,0.7222222222222222,0.2777777777777778,12,18,0.5,0.8,0.2,2,4
10,0.73,0.89,226.8,441,104,179,0,73,False,-1,none,0.3,0.85,0.86,0.58,0.79,0.64,0.7142857142857143,1.0,0.0,49,102,0.8,0.8928571428571429,0.10714285714285714,8,18,0.7,0.9090909090909091,0.09090909090909091,0,2
10,0.72,0.86,257.8,444,90,178,0,81,False,-1,none,0.3,0.85,0.8,0.51,0.79,0.59,0.6857142857142857,1.0,0.0,53,93,0.75,0.6956521739130435,0.30434782608695654,13,12,0.9,0.6,0.4,2,5
10,0.69,0.84,236.00000000000003,446,73,169,0,79,False,-1,none,0.3,0.77,0.78,0.54,0.67,0.5,0.6285714285714286,1.0,0.0,54,82,0.85,0.76,0.24,13,13,0.8,0.8,0.2,2,5
10,0.66,0.79,206.99999999999997,451,88,156,0,77,False,-1,none,0.3,0.72,0.78,0.53,0.71,0.49,0.6142857142857143,1.0,0.0,48,78,0.7,0.9,0.1,5,16,0.9,0.8125,0.1875,3,6
10,0.61,0.73,201.2,457,110,149,0,73,False,-1,none,0.3,0.77,0.75,0.56,0.75,0.49,0.5857142857142857,1.0,0.0,40,85,0.65,0.8421052631578947,0.15789473684210525,7,11,0.7,0.6923076923076923,0.3076923076923077,1,5
10,0.65,0.75,210.59999999999994,455,73,165,0,57,False,-1,none,0.3,0.73,0.69,0.52,0.65,0.54,0.6285714285714286,1.0,0.0,52,84,0.7,0.7777777777777778,0.2222222222222222,10,12,0.7,0.6923076923076923,0.3076923076923077,2,5
10,0.7,0.82,230.79999999999998,448,97,191,0,80,False,-1,none,0.3,0.85,0.85,0.57,0.79,0.64,0.6571428571428571,1.0,0.0,58,103,0.75,0.7058823529411765,0.29411764705882354,8,12,0.9,0.7894736842105263,0.21052631578947367,4,6
10,0.64,0.76,195.79999999999998,454,109,159,0,71,False,-1,none,0.3,0.8,0.82,0.59,0.72,0.51,0.5857142857142857,1.0,0.0,49,88,0.75,0.9047619047619048,0.09523809523809523,8,11,0.8,0.8571428571428571,0.14285714285714285,0,3
10,0.67,0.78,217.39999999999998,452,96,164,0,82,False,-1,none,0.3,0.81,0.78,0.51,0.75,0.53,0.6285714285714286,1.0,0.0,47,91,0.75,0.8421052631578947,0.15789473684210525,5,11,0.8,0.6666666666666666,0.3333333333333333,4,6
10,0.74,0.88,235.57999999999998,442,103,167,0,87,True,3,Shigh,0.3,0.87,0.86,0.52,0.78,0.55,0.7285714285714285,1.0,0.0,51,92,0.75,0.6818181818181818,0.3181818181818182,12,9,0.8,0.7333333333333333,0.26666666666666666,0,3
10,0.61,0.7,215.79999999999998,460,99,150,0,76,False,-1,none,0.3,0.72,0.76,0.51,0.69,0.51,0.5428571428571428,1.0,0.0,42,84,0.7,0.7058823529411765,0.29411764705882354,8,9,0.9,0.5333333333333333,0.4666666666666667,3,4
10,0.75,0.87,234.2,443,76,183,0,89,False,-1,none,0.3,0.81,0.82,0.57,0.77,0.49,0.7571428571428571,1.0,0.0,61,91,0.65,0.7777777777777778,0.2222222222222222,10,12,0.9,0.8125,0.1875,3,6
10,0.66,0.76,220.79999999999995,454,93,186,0,75,False,-1,none,0.3,0.85,0.81,0.53,0.8,0.56,0.6428571428571429,1.0,0.0,49,102,0.65,0.75,0.25,11,11,0.8,0.6,0.4,8,5
10,0.68,0.8,222.19999999999996,450,101,173,0,76,False,-1,none,0.3,0.79,0.84,0.52,0.78,0.61,0.6,1.0,0.0,43,91,0.85,0.8,0.2,13,22,0.9,0.7692307692307693,0.23076923076923078,0,4
10,0.66,0.73,209.25999999999993,457,95,184,0,73,True,2,Slow,0.3,0.82,0.8,0.57,0.77,0.56,0.6285714285714286,1.0,0.0,54,100,0.8,0.5294117647058824,0.47058823529411764,14,11,0.6,0.6666666666666666,0.3333333333333333,4,1
10,0.73,0.91,221.40000000000003,439,96,179,0,74,True,1,Slow,0.3,0.83,0.86,0.55,0.83,0.59,0.6857142857142857,1.0,0.0,51,97,0.85,0.8846153846153846,0.11538461538461539,5,19,0.8,0.7058823529411765,0.29411764705882354,4,3
11,0.61,0.85,177.60000000000005,445,110,141,0,64,False,-1,none,0.3,0.75,0.78,0.6,0.7,0.53,0.4714285714285714,1.0,0.0,43,83,0.9,0.7575757575757576,0.24242424242424243,1,12,1.0,0.7368421052631579,0.2631578947368421,0,2
11,0.66,0.84,176.39999999999992,446,111,164,0,86,False,-1,none,0.3,0.83,0.84,0.57,0.84,0.51,0.6285714285714286,1.0,0.0,45,96,0.7,0.9047619047619048,0.09523809523809523,4,13,0.8,0.7368421052631579,0.2631578947368421,2,4
11,0.64,0.76,200.0,454,129,153,0,77,False,-1,none,0.3,0.83,0.86,0.54,0.78,0.57,0.5571428571428572,1.0,0.0,41,90,0.8,0.7368421052631579,0.2631578947368421,4,15,0.9,0.6111111111111112,0.3888888888888889,0,3
11,0.6,0.7,198.00000000000003,460,108,164,0,63,False,-1,none,0.3,0.79,0.78,0.53,0.75,0.57,0.5428571428571428,1.0,0.0,38,95,0.7,0.8421052631578947,0.15789473684210525,7,13,0.8,0.46153846153846156,0.5384615384615384,7,4
11,0.61,0.72,187.19999999999996,458,87,168,0,63,False,-1,none,0.3,0.78,0.75,0.49,0.69,0.56,0.6,1.0,0.0,46,90,0.6,1.0,0.0,1,26,0.7,0.8,0.2,2,3
11,0.67,0.79,215.99999999999997,451,116,151,0,89,True,4,Shigh,0.3,0.83,0.79,0.56,0.74,0.54,0.6571428571428571,1.0,0.0,45,93,0.65,0.7894736842105263,0.21052631578947367,4,4,0.8,0.7142857142857143,0.2857142857142857,3,2
11,0.66,0.76,198.83999999999995,454,92,167,0,65,True,4,Shigh,0.3,0.76,0.78,0.57,0.74,0.5,0.6714285714285714,1.0,0.0,54,95,0.65,0.7894736842105263,0.21052631578947367,7,11,0.6,0.7,0.3,0,0
11,0.62,0.74,186.23999999999998,456,101,149,0,81,True,0,Slow,0.3,0.74,0.77,0.59,0.72,0.42,0.5428571428571428,1.0,0.0,45,81,0.8,0.75,0.25,10,11,0.8,0.75,0.25,1,1
11,0.72,0.86,241.60000000000002,444,83,191,0,75,False,-1,none,0.3,0.83,0.85,0.56,0.82,0.54,0.7,1.0,0.0,58,98,0.85,0.8275862068965517,0.1724137931034483,15,15,0.6,0.375,0.625,2,3
11,0.62,0.74,193.20000000000002,456,93,160,0,63,True,0,Slow,0.3,0.74,0.77,0.54,0.69,0.53,0.5714285714285714,1.0,0.0,48,88,0.75,0.8095238095238095,0.19047619047619047,7,11,0.7,0.6153846153846154,0.38461538461538464,5,1
11,0.73,0.88,223.20000000000002,442,100,183,0,69,False,-1,none,0.3,0.87,0.86,0.61,0.79,0.58,0.7,1.0,0.0,55,99,0.8,0.88,0.12,8,13,0.8,0.8571428571428571,0.14285714285714285,3,5
11,0.63,0.81,213.2,449,97,163,0,79,False,-1,none,0.3,0.77,0.82,0.52,0.75,0.55,0.5142857142857142,1.0,0.0,40,83,0.95,0.8666666666666667,0.13333333333333333,13,19,0.8,0.8,0.2,3,5
11,0.72,0.87,232.00000000000003,443,79,169,0,70,False,-1,none,0.3,0.8,0.76,0.52,0.74,0.53,0.7285714285714285,1.0,0.0,51,89,0.65,0.7777777777777778,0.2222222222222222,7,11,0.8,0.8333333333333334,0.16666666666666666,2,9
11,0.72,0.85,235.00000000000003,445,94,172,0,84,False,-1,none,0.3,0.83,0.82,0.54,0.81,0.51,0.6857142857142857,1.0,0.0,50,89,0.75,0.7222222222222222,0.2777777777777778,11,16,0.9,0.7894736842105263,0.21052631578947367,1,5
11,0.67,0.75,205.4,455,105,163,0,67,False,-1,none,0.3,0.76,0.78,0.55,0.74,0.6,0.6142857142857143,1.0,0.0,35,95,0.7,0.8333333333333334,0.16666666666666666,9,17,1.0,0.6428571428571429,0.35714285714285715,4,3
11,0.64,0.81,235.79999999999998,449,92,157,0,75,False,-1,none,0.3,0.77,0.75,0.5,0.72,0.56,0.5571428571428572,1.0,0.0,41,84,0.8,0.8333333333333334,0.16666666666666666,8,13,0.9,0.5555555555555556,0.4444444444444444,8,3
11,0.73,0.82,234.8,448,101,166,0,81,False,-1,none,0.3,0.82,0.81,0.56,0.76,0.54,0.7285714285714285,1.0,0.0,49,93,0.75,0.6666666666666666,0.3333333333333333,8,9,0.7,0.6153846153846154,0.38461538461538464,5,2
11,0.7,0.81,201.00000000000003,449,113,176,0,65,False,-1,none,0.3,0.84,0.83,0.61,0.8,0.62,0.7,1.0,0.0,48,105,0.7,0.9473684210526315,0.05263157894736842,4,17,0.7,0.8461538461538461,0.15384615384615385,1,1
11,0.7,0.82,237.4,448,98,166,0,79,False,-1,none,0.3,0.82,0.8,0.5,0.79,0.55,0.6142857142857143,1.0,0.0,46,87,0.85,0.8181818181818182,0.18181818181818182,9,13,1.0,0.5294117647058824,0.47058823529411764,7,4
11,0.66,0.79,225.6,451,105,159,0,67,False,-1,none,0.3,0.8,0.78,0.6,0.74,0.51,0.6,1.0,0.0,41,87,0.75,0.75,0.25,11,11,0.9,0.7058823529411765,0.29411764705882354,4,5
11,0.58,0.65,174.4,465,113,158,0,69,False,-1,none,0.3,0.78,0.75,0.5,0.74,0.59,0.5571428571428572,1.0,0.0,32,91,0.7,0.7647058823529411,0.23529411764705882,13,16,0.5,0.7777777777777778,0.2222222222222222,2,4
11,0.59,0.68,193.4,462,104,167,0,66,False,-1,none,0.3,0.76,0.77,0.54,0.74,0.58,0.5571428571428572,1.0,0.0,34,97,0.7,0.6842105263157895,0.3157894736842105,15,13,0.6,0.7,0.3,3,5
11,0.65,0.77,228.2,453,103,161,0,84,False,-1,none,0.3,0.84,0.76,0.49,0.75,0.57,0.5714285714285714,1.0,0.0,41,93,0.85,0.6666666666666666,0.3333333333333333,13,9,0.8,0.6875,0.3125,1,4
11,0.64,0.76,206.49999999999997,454,108,169,0,72,True,3,Shigh,0.3,0.79,0.82,0.65,0.75,0.52,0.5857142857142857,1.0,0.0,48,92,0.75,0.6842105263157895,0.3157894736842105,12,10,0.8,0.75,0.25,0,7
11,0.64,0.76,194.39999999999998,454,92,170,0,77,False,-1,none,0.3,0.79,0.78,0.48,0.74,0.59,0.6285714285714286,1.0,0.0,49,100,0.6,0.9444444444444444,0.05555555555555555,3,14,0.8,0.8571428571428571,0.14285714285714285,1,3
11,0.67,0.73,210.59999999999997,457,113,159,0,80,False,-1,none,0.3,0.8,0.81,0.59,0.75,0.5,0.6428571428571429,1.0,0.0,47,90,0.75,0.5,0.5,12,8,0.7,0.9166666666666666,0.08333333333333333,1,1
11,0.69,0.8,218.79999999999998,450,111,173,0,76,False,-1,none,0.3,0.83,0.84,0.62,0.78,0.57,0.6857142857142857,1.0,0.0,48,91,0.75,0.6842105263157895,0.3157894736842105,13,17,0.6,0.8461538461538461,0.15384615384615385,1,3
11,0.6,0.69,189.0,461,96,142,0,83,False,-1,none,0.3,0.72,0.72,0.49,0.7,0.44,0.5857142857142857,1.0,0.0,40,85,0.65,0.8888888888888888,0.1111111111111111,4,7,0.6,0.5,0.5,4,2
11,0.68,0.76,214.6,454,117,162,0,65,False,-1,none,0.3,0.81,0.75,0.6,0.8,0.59,0.6714285714285714,1.0,0.0,38,100,0.7,0.5882352941176471,0.4117647058823529,13,7,0.7,0.8333333333333334,0.16666666666666666,0,4
11,0.65,0.73,211.19999999999996,457,109,175,0,63,False,-1,none,0.3,0.8,0.79,0.55,0.8,0.63,0.6285714285714286,1.0,0.0,42,102,0.75,0.7222222222222222,0.2777777777777778,10,15,0.6,0.6363636363636364,0.36363636363636365,4,2
11,0.69,0.79,204.16000000000005,451,119,154,0,93,True,2,Slow,0.3,0.82,0.84,0.56,0.77,0.53,0.6,1.0,0.0,40,90,0.9,0.7916666666666666,0.20833333333333334,10,13,0.9,0.8461538461538461,0.15384615384615385,0,1
11,0.69,0.76,209.99999999999997,454,96,188,0,85,False,-1,none,0.3,0.86,0.84,0.61,0.82,0.47,0.7,1.0,0.0,70,89,0.6,0.8,0.2,8,14,0.8,0.6666666666666666,0.3333333333333333,3,4
11,0.67,0.76,213.20000000000002,454,105,174,0,80,False,-1,none,0.3,0.83,0.78,0.55,0.82,0.57,0.6714285714285714,1.0,0.0,49,102,0.65,0.8125,0.1875,3,10,0.7,0.5384615384615384,0.46153846153846156,5,5
11,0.65,0.74,208.8,456,98,186,0,77,False,-1,none,0.3,0.84,0.81,0.51,0.79,0.63,0.6571428571428571,1.0,0.0,54,101,0.55,0.7857142857142857,0.21428571428571427,6,11,0.8,0.5714285714285714,0.42857142857142855,7,7
11,0.7,0.82,221.20000000000002,448,89,169,0,75,False,-1,none,0.3,0.81,0.79,0.56,0.72,0.52,0.6571428571428571,1.0,0.0,53,87,0.8,0.8181818181818182,0.18181818181818182,8,13,0.8,0.7857142857142857,0.21428571428571427,4,4
11,0.7,0.79,217.19999999999996,451,113,163,0,60,False,-1,none,0.3,0.79,0.8,0.63,0.76,0.57,0.6142857142857143,1.0,0.0,45,87,0.95,0.8333333333333334,0.16666666666666666,12,17,0.8,0.75,0.25,1,1
11,0.62,0.7,208.2,460,102,149,0,74,False,-1,none,0.3,0.73,0.76,0.51,0.7,0.51,0.5857142857142857,1.0,0.0,40,86,0.7,0.6842105263157895,0.3157894736842105,9,10,0.7,0.6,0.4,3,1
11,0.63,0.73,215.99999999999994,457,114,178,0,80,False,-1,none,0.3,0.83,0.82,0.59,0.82,0.59,0.5428571428571428,1.0,0.0,45,96,0.8,0.65,0.35,19,11,0.9,0.8,0.2,5,2
11,0.65,0.74,201.6,456,119,172,0,85,False,-1,none,0.3,0.83,0.86,0.61,0.79,0.56,0.5857142857142857,1.0,0.0,47,97,0.75,0.85,0.15,10,10,0.9,0.7692307692307693,0.23076923076923078,3,5
11,0.7,0.84,243.59999999999997,446,91,185,0,75,False,-1,none,0.3,0.81,0.83,0.55,0.8,0.61,0.6857142857142857,1.0,0.0,53,99,0.65,0.7894736842105263,0.21052631578947367,12,12,0.9,0.6470588235294118,0.35294117647058826,5,4
11,0.71,0.82,224.45999999999998,448,107,161,0,85,True,4,Shigh,0.3,0.81,0.81,0.56,0.79,0.53,0.6571428571428571,1.0,0.0,42,90,0.8,0.8571428571428571,0.14285714285714285,8,16,0.9,0.6666666666666666,0.3333333333333333,3,2
11,0.72,0.8,229.8,450,93,177,0,75,False,-1,none,0.3,0.83,0.8,0.54,0.77,0.56,0.7142857142857143,1.0,0.0,55,95,0.6,0.7333333333333333,0.26666666666666666,9,12,1.0,0.6666666666666666,0.3333333333333333,2,4
11,0.67,0.75,205.55999999999997,455,117,182,0,86,True,2,Slow,0.3,0.87,0.86,0.57,0.8,0.64,0.6285714285714286,1.0,0.0,52,101,0.75,0.6470588235294118,0.35294117647058826,12,11,0.8,0.7857142857142857,0.21428571428571427,3,3
11,0.76,0.87,255.0,443,80,182,0,76,False,-1,none,0.3,0.81,0.79,0.55,0.76,0.58,0.7571428571428571,1.0,0.0,51,95,0.75,0.631578947368421,0.3684210526315789,17,13,0.8,0.7333333333333333,0.26666666666666666,0,6
11,0.65,0.72,210.59999999999994,458,96,151,0,76,False,-1,none,0.3,0.73,0.78,0.52,0.67,0.49,0.6285714285714286,1.0,0.0,44,78,0.75,0.6470588235294118,0.35294117647058826,15,11,0.6,0.7272727272727273,0.2727272727272727,0,3
11,0.72,0.87,255.00000000000003,443,76,179,0,88,False,-1,none,0.3,0.8,0.81,0.56,0.73,0.52,0.6714285714285714,1.0,0.0,54,88,0.8,0.7391304347826086,0.2608695652173913,16,11,0.9,0.7058823529411765,0.29411764705882354,5,5
11,0.66,0.75,207.65999999999997,455,113,167,0,75,True,4,Shigh,0.3,0.83,0.81,0.51,0.8,0.6,0.6,1.0,0.0,42,96,0.8,0.7368421052631579,0.2631578947368421,12,13,0.8,0.7857142857142857,0.21428571428571427,1,3
11,0.63,0.72,214.79999999999998,458,111,145,0,77,False,-1,none,0.3,0.76,0.74,0.5,0.71,0.57,0.5285714285714286,1.0,0.0,27,86,0.8,0.7894736842105263,0.21052631578947367,10,12,1.0,0.625,0.375,7,3
11,0.67,0.78,203.99999999999994,452,107,150,0,80,False,-1,none,0.3,0.8,0.8,0.59,0.71,0.45,0.6428571428571429,1.0,0.0,46,83,0.7,0.8421052631578947,0.15789473684210525,5,13,0.8,0.9285714285714286,0.07142857142857142,1,2
11,0.64,0.69,190.79999999999993,461,97,167,0,72,False,-1,none,0.3,0.76,0.8,0.53,0.75,0.49,0.6571428571428571,1.0,0.0,58,94,0.55,0.7272727272727273,0.2727272727272727,6,5,0.7,0.75,0.25,3,1
11,0.72,0.81,236.39999999999998,449,99,175,0,80,False,-1,none,0.3,0.84,0.8,0.58,0.76,0.57,0.7285714285714285,1.0,0.0,52,95,0.7,0.5882352941176471,0.4117647058823529,14,10,0.7,0.7692307692307693,0.23076923076923078,1,3
11,0.71,0.86,235.79999999999993,444,108,180,0,71,False,-1,none,0.3,0.84,0.85,0.64,0.8,0.61,0.6428571428571429,1.0,0.0,45,99,0.85,0.8333333333333334,0.16666666666666666,13,18,0.9,0.8235294117647058,0.17647058823529413,3,2
11,0.76,0.88,253.56,442,83,183,0,71,True,2,Slow,0.3,0.82,0.82,0.54,0.8,0.56,0.7428571428571429,1.0,0.0,58,96,0.7,0.5555555555555556,0.4444444444444444,13,8,1.0,0.7222222222222222,0.2777777777777778,3,5
11,0.69,0.8,234.0,450,100,177,0,78,False,-1,none,0.3,0.82,0.82,0.51,0.78,0.64,0.6428571428571429,1.0,0.0,46,94,0.8,0.8095238095238095,0.19047619047619047,9,13,0.8,0.5714285714285714,0.42857142857142855,6,9
11,0.62,0.73,225.59999999999997,457,103,147,0,72,False,-1,none,0.3,0.76,0.76,0.54,0.69,0.48,0.5142857142857142,1.0,0.0,48,70,0.85,0.7272727272727273,0.2727272727272727,9,13,0.9,0.6,0.4,3,4
11,0.59,0.7,201.59999999999994,460,119,168,0,68,False,-1,none,0.3,0.83,0.83,0.6,0.75,0.56,0.5428571428571428,1.0,0.0,43,98,0.7,0.75,0.25,10,13,0.7,0.75,0.25,2,2
11,0.72,0.83,207.71999999999997,447,92,165,0,75,True,1,Slow,0.3,0.8,0.82,0.51,0.71,0.56,0.7,1.0,0.0,50,91,0.65,0.7647058823529411,0.23529411764705882,7,12,1.0,0.8235294117647058,0.17647058823529413,3,2
11,0.66,0.73,208.79999999999995,457,85,179,0,73,False,-1,none,0.3,0.8,0.79,0.56,0.74,0.48,0.7,1.0,0.0,54,95,0.6,0.6,0.4,15,10,0.5,0.7777777777777778,0.2222222222222222,2,3
11,0.67,0.8,225.59999999999997,450,75,184,0,81,False,-1,none,0.3,0.77,0.77,0.47,0.8,0.58,0.6714285714285714,1.0,0.0,51,101,0.7,0.6666666666666666,0.3333333333333333,13,10,0.6,0.8666666666666667,0.13333333333333333,3,6
11,0.72,0.84,235.20000000000002,446,85,190,0,76,False,-1,none,0.3,0.83,0.83,0.57,0.76,0.6,0.7142857142857143,1.0,0.0,57,98,0.75,0.7142857142857143,0.2857142857142857,13,14,0.7,0.8461538461538461,0.15384615384615385,0,8
11,0.76,0.85,233.4,445,109,182,0,79,False,-1,none,0.3,0.87,0.89,0.62,0.85,0.53,0.7571428571428571,1.0,0.0,54,100,0.85,0.8260869565217391,0.17391304347826086,8,14,0.6,0.6666666666666666,0.3333333333333333,2,4
11,0.65,0.76,220.2,454,106,168,0,85,False,-1,none,0.3,0.82,0.82,0.58,0.76,0.52,0.6428571428571429,1.0,0.0,45,91,0.65,0.7647058823529411,0.23529411764705882,12,11,0.7,0.6428571428571429,0.35714285714285715,4,5
11,0.67,0.79,218.99999999999994,451,93,166,0,77,False,-1,none,0.3,0.79,0.78,0.55,0.78,0.48,0.6428571428571429,1.0,0.0,45,92,0.7,0.7222222222222222,0.2777777777777778,11,12,0.8,0.875,0.125,1,5
11,0.65,0.76,216.95999999999998,454,120,162,0,82,True,4,Shigh,0.3,0.8,0.88,0.59,0.76,0.55,0.5714285714285714,1.0,0.0,48,90,0.75,0.6470588235294118,0.35294117647058826,9,10,1.0,0.6842105263157895,0.3157894736842105,3,2
11,0.74,0.82,230.4,448,82,179,0,82,False,-1,none,0.3,0.82,0.81,0.52,0.73,0.55,0.7571428571428571,1.0,0.0,53,97,0.75,0.7777777777777778,0.2222222222222222,12,13,0.6,0.6363636363636364,0.36363636363636365,3,1
11,0.67,0.73,196.19999999999996,457,103,177,0,72,False,-1,none,0.3,0.83,0.8,0.57,0.8,0.53,0.6428571428571429,1.0,0.0,56,93,0.75,0.875,0.125,4,16,0.7,0.75,0.25,4,4
12,0.7,0.9,176.00000000000006,440,90,165,0,70,False,-1,none,0.3,0.81,0.81,0.54,0.76,0.53,0.7,1.0,0.0,58,94,0.65,0.7272727272727273,0.2727272727272727,7,5,0.8,0.7894736842105263,0.21052631578947367,0,1
12,0.72,0.88,194.39999999999992,442,113,166,0,68,False,-1,none,0.3,0.85,0.86,0.61,0.81,0.54,0.6571428571428571,1.0,0.0,49,88,0.85,0.8333333333333334,0.16666666666666666,10,14,0.9,0.6666666666666666,0.3333333333333333,0,5
12,0.62,0.73,182.0,457,110,150,0,82,False,-1,none,0.3,0.78,0.79,0.54,0.75,0.47,0.6,1.0,0.0,46,85,0.7,0.7058823529411765,0.29411764705882354,6,10,0.6,0.7142857142857143,0.2857142857142857,2,1
12,0.67,0.82,224.4000000000001,448,99,177,0,72,False,-1,none,0.3,0.82,0.83,0.58,0.8,0.55,0.6,1.0,0.0,44,100,0.8,0.782608695652174,0.21739130434782608,12,12,0.9,0.7058823529411765,0.29411764705882354,5,4
12,0.68,0.79,203.99999999999997,451,97,174,0,75,False,-1,none,0.3,0.81,0.82,0.57,0.8,0.5,0.6857142857142857,1.0,0.0,50,93,0.6,1.0,0.0,1,23,0.8,0.8,0.2,2,5
12,0.68,0.79,212.39999999999995,451,75,188,0,68,False,-1,none,0.3,0.75,0.79,0.58,0.75,0.55,0.6714285714285714,1.0,0.0,58,98,0.65,0.7222222222222222,0.2777777777777778,14,13,0.8,0.8571428571428571,0.14285714285714285,1,4
12,0.73,0.85,230.15999999999997,445,91,169,0,85,True,2,Slow,0.3,0.83,0.81,0.54,0.77,0.5,0.6714285714285714,1.0,0.0,54,88,0.9,0.75,0.25,9,13,0.8,0.7142857142857143,0.2857142857142857,3,2
12,0.69,0.82,221.64,448,85,181,0,57,True,2,Slow,0.3,0.77,0.77,0.56,0.76,0.62,0.6714285714285714,1.0,0.0,54,95,0.7,0.7727272727272727,0.22727272727272727,10,13,0.8,0.6923076923076923,0.3076923076923077,2,7
12,0.61,0.74,199.19999999999996,456,89,170,0,62,False,-1,none,0.3,0.77,0.75,0.55,0.74,0.52,0.6,1.0,0.0,45,95,0.65,0.9,0.1,7,15,0.6,0.6666666666666666,0.3333333333333333,5,3
12,0.63,0.74,200.19999999999993,456,103,167,0,71,False,-1,none,0.3,0.81,0.8,0.54,0.77,0.52,0.5428571428571428,1.0,0.0,47,89,0.9,0.84,0.16,10,17,0.7,0.7272727272727273,0.2727272727272727,2,2
12,0.63,0.73,189.59999999999994,457,100,154,0,63,False,-1,none,0.3,0.76,0.73,0.52,0.72,0.54,0.5857142857142857,1.0,0.0,39,86,0.8,0.9047619047619048,0.09523809523809523,4,21,0.6,0.8181818181818182,0.18181818181818182,0,4
12,0.74,0.85,226.79999999999995,445,79,177,0,79,False,-1,none,0.3,0.81,0.8,0.48,0.74,0.58,0.7,1.0,0.0,50,94,0.85,1.0,0.0,4,22,0.8,0.6428571428571429,0.35714285714285715,3,4
12,0.65,0.75,189.6,455,117,164,0,84,False,-1,none,0.3,0.84,0.81,0.6,0.79,0.52,0.6,1.0,0.0,52,89,0.75,1.0,0.0,1,21,0.8,0.8181818181818182,0.18181818181818182,1,0
12,0.72,0.85,227.60000000000005,445,87,160,0,88,False,-1,none,0.3,0.82,0.8,0.5,0.75,0.45,0.6714285714285714,1.0,0.0,47,84,0.8,0.9166666666666666,0.08333333333333333,5,15,0.9,0.5714285714285714,0.42857142857142855,6,3
12,0.7,0.84,223.8,446,99,175,0,62,False,-1,none,0.3,0.79,0.84,0.6,0.76,0.59,0.6857142857142857,1.0,0.0,49,96,0.6,1.0,0.0,2,18,1.0,0.7222222222222222,0.2777777777777778,5,5
12,0.66,0.77,214.79999999999995,453,92,157,0,69,False,-1,none,0.3,0.76,0.74,0.55,0.74,0.47,0.5857142857142857,1.0,0.0,45,80,0.85,0.9047619047619048,0.09523809523809523,6,19,0.8,0.6666666666666666,0.3333333333333333,4,3
12,0.71,0.84,224.4,446,103,173,0,80,False,-1,none,0.3,0.84,0.86,0.56,0.77,0.57,0.7142857142857143,1.0,0.0,47,94,0.65,1.0,0.0,5,19,0.8,0.6428571428571429,0.35714285714285715,3,5
12,0.64,0.72,208.79999999999995,458,117,171,0,65,False,-1,none,0.3,0.81,0.79,0.59,0.8,0.61,0.6142857142857143,1.0,0.0,40,94,0.7,0.8823529411764706,0.11764705882352941,5,24,0.7,0.5,0.5,6,2
12,0.73,0.87,234.29999999999995,443,96,175,0,82,True,3,Shigh,0.3,0.85,0.84,0.64,0.69,0.56,0.6571428571428571,1.0,0.0,56,84,0.85,0.875,0.125,7,21,1.0,0.7058823529411765,0.29411764705882354,1,6
12,0.62,0.71,191.39999999999998,459,96,151,0,77,False,-1,none,0.3,0.74,0.71,0.54,0.71,0.48,0.5285714285714286,1.0,0.0,44,77,0.85,0.75,0.25,7,19,0.8,0.8571428571428571,0.14285714285714285,2,2
12,0.68,0.76,210.59999999999997,454,92,161,0,81,False,-1,none,0.3,0.79,0.8,0.48,0.71,0.51,0.6428571428571429,1.0,0.0,48,84,0.8,0.9523809523809523,0.047619047619047616,2,19,0.7,0.4,0.6,4,4
12,0.68,0.8,206.75999999999993,450,94,157,0,89,True,1,Slow,0.3,0.8,0.77,0.51,0.73,0.5,0.6428571428571429,1.0,0.0,44,85,0.75,0.8571428571428571,0.14285714285714285,4,17,0.8,0.6428571428571429,0.35714285714285715,2,5
12,0.74,0.82,207.04000000000005,448,92,187,0,84,True,2,Slow,0.3,0.88,0.83,0.59,0.81,0.5,0.7285714285714285,1.0,0.0,63,95,0.85,0.8571428571428571,0.14285714285714285,7,16,0.6,0.6,0.4,4,2
12,0.63,0.72,203.39999999999995,458,106,187,0,55,False,-1,none,0.3,0.8,0.84,0.58,0.79,0.64,0.6285714285714286,1.0,0.0,46,109,0.6,0.9285714285714286,0.07142857142857142,3,16,0.7,0.5714285714285714,0.42857142857142855,8,5
12,0.72,0.87,238.19999999999993,443,81,197,0,60,False,-1,none,0.3,0.8,0.83,0.6,0.8,0.62,0.6857142857142857,1.0,0.0,59,98,0.8,0.8181818181818182,0.18181818181818182,10,19,0.8,0.8235294117647058,0.17647058823529413,3,8
12,0.67,0.77,227.39999999999998,453,80,165,0,73,False,-1,none,0.3,0.76,0.72,0.53,0.69,0.52,0.6714285714285714,1.0,0.0,49,85,0.5,0.6923076923076923,0.3076923076923077,11,8,1.0,0.5882352941176471,0.4117647058823529,8,4
12,0.63,0.75,220.2,455,98,152,0,80,False,-1,none,0.3,0.78,0.73,0.54,0.69,0.51,0.5714285714285714,1.0,0.0,40,81,0.7,0.9473684210526315,0.05263157894736842,5,18,0.9,0.5,0.5,3,5
12,0.67,0.75,202.20000000000002,455,97,164,0,74,False,-1,none,0.3,0.77,0.79,0.54,0.73,0.53,0.6428571428571429,1.0,0.0,51,90,0.75,0.9444444444444444,0.05555555555555555,2,18,0.7,0.6666666666666666,0.3333333333333333,0,3
12,0.78,0.9,241.20000000000002,440,75,196,0,69,False,-1,none,0.3,0.85,0.83,0.52,0.78,0.63,0.7857142857142857,1.0,0.0,56,103,0.7,0.8421052631578947,0.15789473684210525,10,18,0.9,0.8125,0.1875,1,8
12,0.68,0.8,218.39999999999998,450,86,164,0,75,False,-1,none,0.3,0.79,0.76,0.5,0.72,0.53,0.6428571428571429,1.0,0.0,43,89,0.8,0.9090909090909091,0.09090909090909091,8,21,0.7,0.6923076923076923,0.3076923076923077,2,1
12,0.68,0.76,203.39999999999998,454,104,178,0,72,False,-1,none,0.3,0.84,0.84,0.58,0.79,0.53,0.6857142857142857,1.0,0.0,57,97,0.65,0.875,0.125,6,12,0.7,0.75,0.25,3,3
12,0.67,0.76,212.15999999999997,454,91,170,0,78,True,2,Slow,0.3,0.78,0.79,0.51,0.69,0.6,0.6428571428571429,1.0,0.0,49,88,0.7,0.6470588235294118,0.35294117647058826,8,14,0.8,0.7142857142857143,0.2857142857142857,3,8
12,0.69,0.81,227.99999999999997,449,92,173,0,94,False,-1,none,0.3,0.79,0.84,0.57,0.78,0.48,0.6571428571428571,1.0,0.0,55,92,0.75,0.9047619047619048,0.09523809523809523,7,12,0.8,0.5714285714285714,0.42857142857142855,3,4
12,0.68,0.75,213.59999999999994,455,105,170,0,85,False,-1,none,0.3,0.84,0.82,0.51,0.77,0.56,0.6428571428571429,1.0,0.0,49,92,0.9,0.7272727272727273,0.2727272727272727,11,16,0.5,0.75,0.25,1,1
12,0.71,0.82,230.39999999999998,448,84,175,0,69,False,-1,none,0.3,0.8,0.8,0.57,0.72,0.52,0.7142857142857143,1.0,0.0,60,91,0.6,0.8,0.2,5,12,0.9,0.7058823529411765,0.29411764705882354,4,3
12,0.66,0.74,193.79999999999998,456,109,176,0,76,True,0,Slow,0.3,0.82,0.82,0.57,0.76,0.62,0.6428571428571429,1.0,0.0,45,102,0.7,0.8235294117647058,0.17647058823529413,6,13,0.7,0.5,0.5,7,3
12,0.67,0.82,226.20000000000005,448,84,164,0,70,False,-1,none,0.3,0.73,0.76,0.53,0.71,0.57,0.6571428571428571,1.0,0.0,49,89,0.65,0.9090909090909091,0.09090909090909091,7,13,0.8,0.6428571428571429,0.35714285714285715,0,6
12,0.74,0.84,239.4,446,112,176,0,83,False,-1,none,0.3,0.88,0.83,0.59,0.8,0.62,0.7142857142857143,1.0,0.0,45,100,0.75,0.7777777777777778,0.2222222222222222,10,11,0.9,0.6875,0.3125,5,5
12,0.76,0.88,261.59999999999997,442,94,186,0,77,False,-1,none,0.3,0.85,0.88,0.59,0.8,0.56,0.7,1.0,0.0,57,88,0.95,0.7083333333333334,0.2916666666666667,16,19,0.8,0.6666666666666666,0.3333333333333333,2,4
12,0.69,0.79,227.39999999999998,451,76,173,0,77,False,-1,none,0.3,0.8,0.78,0.49,0.73,0.48,0.7,1.0,0.0,55,90,0.65,0.7058823529411765,0.29411764705882354,14,7,0.7,0.6923076923076923,0.3076923076923077,4,3
12,0.68,0.77,211.07999999999998,453,91,176,0,71,True,2,Slow,0.3,0.81,0.82,0.53,0.76,0.52,0.6571428571428571,1.0,0.0,56,86,0.75,0.631578947368421,0.3684210526315789,15,13,0.7,0.8333333333333334,0.16666666666666666,2,4
12,0.72,0.82,255.59999999999997,448,83,170,0,75,False,-1,none,0.3,0.75,0.8,0.51,0.72,0.57,0.7,1.0,0.0,51,87,0.85,0.6190476190476191,0.38095238095238093,11,14,0.6,0.5,0.5,4,3
12,0.71,0.8,225.6,450,87,189,0,84,False,-1,none,0.3,0.81,0.83,0.55,0.79,0.58,0.6857142857142857,1.0,0.0,57,100,0.8,0.7,0.3,15,10,0.7,0.8333333333333334,0.16666666666666666,2,5
12,0.76,0.85,254.4,445,86,190,0,79,False,-1,none,0.3,0.83,0.82,0.59,0.77,0.6,0.7285714285714285,1.0,0.0,60,96,0.9,0.7142857142857143,0.2857142857142857,14,15,0.7,0.5384615384615384,0.46153846153846156,3,2
12,0.73,0.85,233.40000000000003,445,103,175,0,67,False,-1,none,0.3,0.84,0.81,0.68,0.74,0.56,0.6857142857142857,1.0,0.0,55,87,0.8,0.9090909090909091,0.09090909090909091,7,15,0.9,0.6666666666666666,0.3333333333333333,4,7
12,0.68,0.82,222.36,448,95,162,0,71,True,2,Slow,0.3,0.79,0.77,0.51,0.79,0.53,0.6285714285714286,1.0,0.0,43,93,0.75,0.9090909090909091,0.09090909090909091,5,13,0.9,0.5625,0.4375,6,2
12,0.78,0.91,218.27999999999997,439,98,185,0,81,True,0,Slow,0.3,0.88,0.87,0.59,0.83,0.57,0.7714285714285715,1.0,0.0,54,98,0.85,0.8333333333333334,0.16666666666666666,9,17,0.7,0.7692307692307693,0.23076923076923078,4,3
12,0.73,0.84,226.79999999999998,446,92,183,0,66,False,-1,none,0.3,0.82,0.83,0.55,0.82,0.57,0.7,1.0,0.0,55,98,0.75,0.8571428571428571,0.14285714285714285,9,12,0.9,0.7857142857142857,0.21428571428571427,1,8
12,0.63,0.71,187.20000000000002,459,116,160,0,73,False,-1,none,0.3,0.77,0.79,0.59,0.75,0.57,0.6428571428571429,1.0,0.0,43,98,0.6,0.875,0.125,3,13,0.6,0.8,0.2,2,1
12,0.57,0.69,186.59999999999997,461,111,155,0,85,False,-1,none,0.3,0.8,0.78,0.53,0.76,0.48,0.5285714285714286,1.0,0.0,44,91,0.65,0.95,0.05,4,12,0.7,0.6666666666666666,0.3333333333333333,3,1
12,0.65,0.76,203.39999999999995,454,71,158,0,60,False,-1,none,0.3,0.68,0.7,0.48,0.69,0.5,0.6714285714285714,1.0,0.0,48,85,0.55,0.8666666666666667,0.13333333333333333,6,13,0.7,0.7857142857142857,0.21428571428571427,0,6
12,0.68,0.79,248.39999999999998,451,104,160,0,87,False,-1,none,0.3,0.81,0.81,0.51,0.77,0.53,0.6285714285714286,1.0,0.0,47,89,0.75,0.5789473684210527,0.42105263157894735,8,7,0.9,0.625,0.375,5,4
12,0.68,0.83,229.20000000000002,447,97,174,0,66,False,-1,none,0.3,0.83,0.79,0.57,0.79,0.56,0.6142857142857143,1.0,0.0,55,87,0.75,0.875,0.125,9,16,1.0,0.6875,0.3125,2,5
12,0.64,0.75,196.39999999999998,455,95,162,0,63,False,-1,none,0.3,0.77,0.73,0.57,0.69,0.56,0.6,1.0,0.0,47,88,0.75,0.9047619047619048,0.09523809523809523,7,14,0.7,0.75,0.25,2,4
12,0.74,0.9,244.79999999999998,440,94,193,0,78,False,-1,none,0.3,0.86,0.86,0.57,0.82,0.66,0.7142857142857143,1.0,0.0,51,104,0.8,0.8333333333333334,0.16666666666666666,11,16,0.8,0.75,0.25,3,8
12,0.7,0.84,218.76000000000002,446,80,170,0,76,True,0,Slow,0.3,0.78,0.78,0.56,0.72,0.5,0.6571428571428571,1.0,0.0,58,86,0.75,0.8260869565217391,0.17391304347826086,8,12,0.9,0.6666666666666666,0.3333333333333333,4,2
12,0.65,0.73,203.43999999999994,457,111,165,0,61,True,2,Slow,0.3,0.78,0.8,0.63,0.75,0.53,0.6142857142857143,1.0,0.0,48,91,0.7,0.75,0.25,9,12,0.8,0.5,0.5,4,1
12,0.71,0.79,228.39999999999998,451,110,178,0,68,False,-1,none,0.3,0.83,0.84,0.61,0.81,0.58,0.6428571428571429,1.0,0.0,49,96,0.85,0.7894736842105263,0.21052631578947367,9,17,0.9,0.6,0.4,2,5
12,0.78,0.91,257.80000000000007,439,66,184,0,99,False,-1,none,0.3,0.82,0.82,0.46,0.79,0.52,0.7714285714285715,1.0,0.0,50,95,0.85,0.7916666666666666,0.20833333333333334,17,15,0.7,0.6153846153846154,0.38461538461538464,3,4
12,0.67,0.84,225.06,446,96,168,0,87,True,4,Shigh,0.3,0.81,0.78,0.6,0.71,0.58,0.6142857142857143,1.0,0.0,46,87,0.75,0.875,0.125,11,17,0.9,0.7058823529411765,0.29411764705882354,3,4
12,0.75,0.84,232.20000000000002,446,88,182,0,81,False,-1,none,0.3,0.81,0.86,0.51,0.81,0.55,0.7714285714285715,1.0,0.0,59,97,0.7,0.7894736842105263,0.21052631578947367,9,11,0.7,0.6363636363636364,0.36363636363636365,3,3
12,0.75,0.87,230.20000000000002,443,76,181,0,81,False,-1,none,0.3,0.79,0.8,0.59,0.71,0.55,0.7571428571428571,1.0,0.0,60,91,0.8,0.8181818181818182,0.18181818181818182,10,15,0.6,0.8333333333333334,0.16666666666666666,1,4
12,0.75,0.88,237.8,442,88,201,0,58,False,-1,none,0.3,0.85,0.86,0.61,0.82,0.63,0.7571428571428571,1.0,0.0,69,100,0.65,0.7222222222222222,0.2777777777777778,9,17,0.9,0.8823529411764706,0.11764705882352941,0,6
12,0.72,0.81,244.8,449,81,193,0,75,False,-1,none,0.3,0.81,0.82,0.52,0.78,0.62,0.6857142857142857,1.0,0.0,48,95,0.95,0.6521739130434783,0.34782608695652173,17,24,0.5,0.6,0.4,6,3
12,0.74,0.9,246.11999999999998,440,106,176,0,73,True,3,Shigh,0.3,0.87,0.85,0.63,0.83,0.54,0.7,1.0,0.0,46,98,0.95,0.8148148148148148,0.18518518518518517,12,18,0.6,0.6428571428571429,0.35714285714285715,1,1
12,0.67,0.75,226.19999999999996,455,99,189,0,77,False,-1,none,0.3,0.84,0.81,0.59,0.76,0.63,0.6714285714285714,1.0,0.0,56,99,0.65,0.7777777777777778,0.2222222222222222,10,16,0.7,0.3,0.7,4,4
13,0.65,0.86,182.40000000000003,444,134,153,0,77,False,-1,none,0.3,0.88,0.88,0.62,0.83,0.52,0.5714285714285714,1.0,0.0,49,91,0.9,0.65625,0.34375,6,7,0.7,0.7857142857142857,0.21428571428571427,0,0
13,0.68,0.77,163.79999999999995,453,111,157,0,70,False,-1,none,0.3,0.78,0.81,0.51,0.75,0.6,0.6714285714285714,1.0,0.0,44,95,0.6,0.7857142857142857,0.21428571428571427,7,9,0.9,0.75,0.25,0,2
13,0.56,0.69,174.0,461,103,141,0,67,False,-1,none,0.3,0.73,0.74,0.48,0.67,0.51,0.4714285714285714,1.0,0.0,32,77,0.75,0.8095238095238095,0.19047619047619047,9,20,0.8,0.6666666666666666,0.3333333333333333,1,2
13,0.6,0.71,191.40000000000006,459,85,151,0,78,False,-1,none,0.3,0.71,0.73,0.47,0.7,0.46,0.5571428571428572,1.0,0.0,39,85,0.6,0.7222222222222222,0.2777777777777778,13,10,0.9,0.7857142857142857,0.21428571428571427,2,2
13,0.71,0.81,213.59999999999994,449,84,195,0,80,False,-1,none,0.3,0.77,0.82,0.61,0.79,0.61,0.6714285714285714,1.0,0.0,59,101,0.75,1.0,0.0,5,26,0.9,0.6666666666666666,0.3333333333333333,0,4
13,0.7,0.8,215.99999999999994,450,90,177,0,68,False,-1,none,0.3,0.8,0.8,0.59,0.77,0.51,0.6571428571428571,1.0,0.0,55,90,0.85,0.9130434782608695,0.08695652173913043,7,22,0.7,0.6363636363636364,0.36363636363636365,2,1
13,0.71,0.84,230.99999999999997,446,81,183,0,77,False,-1,none,0.3,0.81,0.82,0.52,0.74,0.59,0.7285714285714285,1.0,0.0,57,98,0.6,0.8125,0.1875,9,12,0.8,0.7647058823529411,0.23529411764705882,2,5
13,0.77,0.91,249.60000000000002,439,102,195,0,82,False,-1,none,0.3,0.88,0.89,0.64,0.88,0.59,0.7428571428571429,1.0,0.0,57,109,0.75,0.7777777777777778,0.2222222222222222,9,8,1.0,0.7142857142857143,0.2857142857142857,6,6
13,0.62,0.71,204.0,459,110,167,0,62,False,-1,none,0.3,0.8,0.79,0.56,0.75,0.58,0.5857142857142857,1.0,0.0,43,95,0.65,0.7647058823529411,0.23529411764705882,9,14,0.8,0.6923076923076923,0.3076923076923077,2,4
13,0.62,0.69,207.59999999999997,461,94,173,0,84,False,-1,none,0.3,0.77,0.74,0.55,0.72,0.58,0.5857142857142857,1.0,0.0,53,87,0.75,0.5882352941176471,0.4117647058823529,16,11,0.6,0.7272727272727273,0.2727272727272727,5,1
13,0.73,0.84,232.80000000000004,446,109,172,0,80,False,-1,none,0.3,0.84,0.88,0.56,0.81,0.56,0.7142857142857143,1.0,0.0,44,97,0.7,0.8421052631578947,0.15789473684210525,7,16,0.9,0.6666666666666666,0.3333333333333333,5,3
13,0.63,0.72,218.99999999999997,458,93,186,0,59,False,-1,none,0.3,0.8,0.78,0.62,0.75,0.56,0.5571428571428572,1.0,0.0,52,92,0.85,0.65,0.35,18,16,0.7,0.6923076923076923,0.3076923076923077,4,4
13,0.7,0.81,244.80000000000004,449,103,168,0,88,False,-1,none,0.3,0.83,0.84,0.48,0.81,0.56,0.6285714285714286,1.0,0.0,40,101,0.85,0.7272727272727273,0.2727272727272727,11,10,0.9,0.6,0.4,4,2
13,0.68,0.79,223.2,451,83,162,0,81,False,-1,none,0.3,0.75,0.74,0.54,0.73,0.48,0.6428571428571429,1.0,0.0,40,83,0.85,0.8260869565217391,0.17391304347826086,12,20,0.6,0.6363636363636364,0.36363636363636365,5,2
13,0.75,0.89,251.4,441,89,198,0,64,False,-1,none,0.3,0.84,0.86,0.61,0.79,0.66,0.7142857142857143,1.0,0.0,62,101,0.8,0.8260869565217391,0.17391304347826086,11,17,0.9,0.6875,0.3125,5,2
13,0.6,0.71,197.81999999999996,459,104,156,0,79,True,4,Shigh,0.3,0.77,0.78,0.46,0.76,0.54,0.5428571428571428,1.0,0.0,36,93,0.6,0.7647058823529411,0.23529411764705882,9,10,1.0,0.8125,0.1875,2,6
13,0.69,0.79,218.99999999999997,451,96,175,0,75,False,-1,none,0.3,0.81,0.83,0.54,0.78,0.54,0.6571428571428571,1.0,0.0,58,93,0.8,0.75,0.25,7,12,0.7,0.8461538461538461,0.15384615384615385,1,4
13,0.71,0.81,211.44,449,117,160,0,87,True,4,Shigh,0.3,0.85,0.83,0.58,0.78,0.54,0.6857142857142857,1.0,0.0,47,92,0.75,0.8947368421052632,0.10526315789473684,5,12,0.8,0.7857142857142857,0.21428571428571427,1,3
13,0.68,0.8,221.39999999999998,450,100,167,0,73,False,-1,none,0.3,0.79,0.77,0.58,0.78,0.55,0.6571428571428571,1.0,0.0,44,92,0.7,0.7894736842105263,0.21052631578947367,14,10,0.8,0.8,0.2,3,4
13,0.66,0.76,215.99999999999997,454,94,161,0,74,False,-1,none,0.3,0.78,0.77,0.51,0.75,0.5,0.6571428571428571,1.0,0.0,49,87,0.65,0.7222222222222222,0.2777777777777778,10,11,0.7,0.75,0.25,2,2
13,0.68,0.79,206.4,451,108,174,0,69,False,-1,none,0.3,0.82,0.83,0.59,0.77,0.6,0.6714285714285714,1.0,0.0,49,99,0.75,0.8421052631578947,0.15789473684210525,7,16,0.6,0.9230769230769231,0.07692307692307693,0,3
13,0.65,0.77,214.2,453,97,156,0,75,False,-1,none,0.3,0.79,0.76,0.5,0.73,0.52,0.6142857142857143,1.0,0.0,42,93,0.65,0.7647058823529411,0.23529411764705882,5,10,0.9,0.8235294117647058,0.17647058823529413,2,4
13,0.76,0.87,242.39999999999995,443,104,186,0,68,False,-1,none,0.3,0.85,0.8,0.66,0.8,0.66,0.7714285714285715,1.0,0.0,57,101,0.8,0.8636363636363636,0.13636363636363635,7,18,0.6,0.5454545454545454,0.45454545454545453,0,3
13,0.67,0.77,223.68,453,102,164,0,77,True,2,Slow,0.3,0.77,0.8,0.51,0.79,0.56,0.6,1.0,0.0,43,87,0.8,0.6111111111111112,0.3888888888888889,9,16,0.9,0.7058823529411765,0.29411764705882354,3,6
13,0.65,0.76,224.40000000000003,454,109,168,0,82,False,-1,none,0.3,0.87,0.84,0.54,0.75,0.53,0.6,1.0,0.0,47,91,0.75,0.7368421052631579,0.2631578947368421,13,11,0.8,0.6666666666666666,0.3333333333333333,2,4
13,0.62,0.71,203.99999999999997,459,110,152,0,82,False,-1,none,0.3,0.78,0.79,0.48,0.77,0.51,0.6,1.0,0.0,38,82,0.65,0.8888888888888888,0.1111111111111111,7,16,0.7,0.45454545454545453,0.5454545454545454,3,6
13,0.62,0.72,202.19999999999993,458,114,166,0,73,False,-1,none,0.3,0.83,0.79,0.53,0.77,0.6,0.6,1.0,0.0,40,95,0.65,0.8125,0.1875,8,14,0.7,0.7142857142857143,0.2857142857142857,2,7
13,0.68,0.74,211.20000000000002,456,96,162,0,78,False,-1,none,0.3,0.8,0.75,0.51,0.72,0.54,0.6428571428571429,1.0,0.0,50,85,0.65,0.6428571428571429,0.35714285714285715,7,11,1.0,0.8,0.2,3,6
13,0.71,0.85,250.20000000000002,445,105,167,0,83,False,-1,none,0.3,0.85,0.84,0.53,0.81,0.54,0.6142857142857143,1.0,0.0,43,88,0.95,0.7307692307692307,0.2692307692307692,17,15,0.9,0.75,0.25,1,3
13,0.68,0.81,240.59999999999997,449,80,167,0,77,False,-1,none,0.3,0.77,0.77,0.48,0.74,0.52,0.6428571428571429,1.0,0.0,41,89,0.75,0.6666666666666666,0.3333333333333333,16,13,0.8,0.7222222222222222,0.2777777777777778,3,5
13,0.58,0.61,179.99999999999994,469,92,156,0,66,False,-1,none,0.3,0.68,0.72,0.49,0.69,0.51,0.5857142857142857,1.0,0.0,45,89,0.55,0.5,0.5,12,6,0.6,0.75,0.25,1,3
13,0.71,0.78,224.99999999999997,452,94,183,0,85,False,-1,none,0.3,0.84,0.8,0.53,0.83,0.55,0.6857142857142857,1.0,0.0,60,100,0.7,0.6470588235294118,0.35294117647058826,11,8,0.9,0.7692307692307693,0.23076923076923078,2,2
13,0.65,0.72,223.19999999999993,458,95,163,0,65,False,-1,none,0.3,0.74,0.72,0.61,0.7,0.53,0.6,1.0,0.0,45,82,0.8,0.6,0.4,17,14,0.7,0.6,0.4,2,3
13,0.67,0.74,227.99999999999997,456,92,175,0,79,False,-1,none,0.3,0.8,0.8,0.52,0.78,0.51,0.6285714285714286,1.0,0.0,51,90,0.9,0.6363636363636364,0.36363636363636365,15,15,0.5,0.5,0.5,2,2
13,0.78,0.91,252.00000000000006,439,90,195,0,74,False,-1,none,0.3,0.87,0.88,0.62,0.77,0.62,0.7714285714285715,1.0,0.0,65,101,0.7,0.85,0.15,7,15,1.0,0.7058823529411765,0.29411764705882354,3,4
13,0.63,0.67,207.0,463,97,161,0,75,False,-1,none,0.3,0.76,0.74,0.51,0.71,0.53,0.6,1.0,0.0,38,91,0.85,0.3888888888888889,0.6111111111111112,20,11,0.4,1.0,0.0,0,1
13,0.63,0.74,202.79999999999995,456,96,157,0,78,False,-1,none,0.3,0.77,0.76,0.53,0.73,0.48,0.5714285714285714,1.0,0.0,39,87,0.8,0.8636363636363636,0.13636363636363635,10,15,0.7,0.75,0.25,2,4
13,0.6,0.66,187.79999999999998,464,95,174,0,65,False,-1,none,0.3,0.77,0.77,0.47,0.77,0.57,0.6142857142857143,1.0,0.0,49,100,0.55,0.7692307692307693,0.23076923076923078,8,9,0.6,0.6,0.4,2,6
13,0.59,0.69,203.39999999999995,461,92,158,0,71,False,-1,none,0.3,0.73,0.74,0.5,0.74,0.48,0.5571428571428572,1.0,0.0,39,86,0.7,0.7,0.3,15,10,0.6,0.7,0.3,3,5
13,0.75,0.88,224.63999999999996,442,85,169,0,83,True,0,Slow,0.3,0.78,0.83,0.58,0.72,0.51,0.7285714285714285,1.0,0.0,51,86,0.85,0.7916666666666666,0.20833333333333334,10,17,0.7,0.7692307692307693,0.23076923076923078,2,3
13,0.77,0.86,244.19999999999996,444,90,170,0,69,False,-1,none,0.3,0.81,0.8,0.61,0.71,0.53,0.7428571428571429,1.0,0.0,53,91,0.85,0.7619047619047619,0.23809523809523808,11,11,0.8,0.6923076923076923,0.3076923076923077,2,2
13,0.66,0.75,221.99999999999994,455,103,174,0,68,False,-1,none,0.3,0.81,0.79,0.58,0.77,0.57,0.6285714285714286,1.0,0.0,46,94,0.8,0.7142857142857143,0.2857142857142857,11,16,0.6,0.6,0.4,2,5
13,0.64,0.76,224.39999999999998,454,96,170,0,83,False,-1,none,0.3,0.76,0.84,0.51,0.76,0.55,0.5857142857142857,1.0,0.0,46,92,0.8,0.7,0.3,11,14,0.7,0.7333333333333333,0.26666666666666666,3,4
13,0.72,0.84,243.59999999999997,446,106,190,0,60,False,-1,none,0.3,0.87,0.86,0.58,0.83,0.66,0.6571428571428571,1.0,0.0,51,101,0.85,0.7727272727272727,0.22727272727272727,13,18,0.9,0.6875,0.3125,3,4
13,0.8,0.92,254.39999999999998,438,84,197,0,77,False,-1,none,0.3,0.84,0.84,0.58,0.8,0.67,0.8,1.0,0.0,66,103,0.75,0.7894736842105263,0.21052631578947367,5,14,0.9,0.7647058823529411,0.23529411764705882,4,5
13,0.76,0.88,257.4,442,95,185,0,92,False,-1,none,0.3,0.88,0.87,0.55,0.82,0.56,0.7428571428571429,1.0,0.0,55,96,0.75,0.631578947368421,0.3684210526315789,12,12,0.9,0.7647058823529411,0.23529411764705882,6,4
13,0.72,0.83,232.8,447,80,175,0,77,False,-1,none,0.3,0.83,0.81,0.54,0.77,0.43,0.7,1.0,0.0,57,86,0.75,0.8181818181818182,0.18181818181818182,11,15,0.8,0.6666666666666666,0.3333333333333333,5,1
13,0.76,0.89,243.0,441,106,187,0,78,False,-1,none,0.3,0.88,0.9,0.62,0.77,0.65,0.6714285714285714,1.0,0.0,52,96,0.95,0.84,0.16,14,21,1.0,0.8235294117647058,0.17647058823529413,2,2
13,0.7,0.83,228.59999999999997,447,83,176,0,68,False,-1,none,0.3,0.77,0.79,0.57,0.74,0.55,0.6714285714285714,1.0,0.0,46,92,0.8,0.8260869565217391,0.17391304347826086,11,20,0.7,0.7692307692307693,0.23076923076923078,2,5
13,0.69,0.78,182.39999999999998,452,90,174,0,73,True,0,Slow,0.3,0.77,0.82,0.53,0.72,0.58,0.7142857142857143,1.0,0.0,54,103,0.65,0.8947368421052632,0.10526315789473684,3,9,0.6,0.7777777777777778,0.2222222222222222,2,3
13,0.63,0.73,204.59999999999994,457,111,168,0,68,False,-1,none,0.3,0.77,0.78,0.59,0.8,0.58,0.5571428571428572,1.0,0.0,45,92,0.8,0.7894736842105263,0.21052631578947367,7,17,0.8,0.8,0.2,1,6
13,0.65,0.72,198.0,458,95,164,0,89,False,-1,none,0.3,0.81,0.8,0.54,0.72,0.44,0.6571428571428571,1.0,0.0,54,87,0.7,0.7647058823529411,0.23529411764705882,8,13,0.5,0.7777777777777778,0.2222222222222222,1,1
13,0.72,0.86,252.59999999999994,444,106,176,0,77,False,-1,none,0.3,0.83,0.86,0.61,0.81,0.57,0.6857142857142857,1.0,0.0,49,94,0.75,0.7619047619047619,0.23809523809523808,10,13,0.9,0.6470588235294118,0.35294117647058826,4,6
13,0.77,0.88,257.4,442,86,189,0,87,False,-1,none,0.3,0.85,0.85,0.55,0.83,0.55,0.7428571428571429,1.0,0.0,52,98,0.75,0.5555555555555556,0.4444444444444444,17,18,1.0,0.8333333333333334,0.16666666666666666,2,2
13,0.66,0.78,220.79999999999995,452,89,162,0,76,False,-1,none,0.3,0.77,0.78,0.54,0.75,0.45,0.6285714285714286,1.0,0.0,49,87,0.7,0.8235294117647058,0.17647058823529413,6,12,0.8,0.7058823529411765,0.29411764705882354,6,2
13,0.67,0.88,214.92000000000002,442,99,171,0,67,True,2,Slow,0.3,0.82,0.83,0.63,0.77,0.53,0.6428571428571429,1.0,0.0,51,93,0.75,0.8518518518518519,0.14814814814814814,7,15,0.7,0.9375,0.0625,2,3
13,0.65,0.77,209.99999999999994,453,98,160,0,75,False,-1,none,0.3,0.79,0.79,0.56,0.74,0.47,0.5857142857142857,1.0,0.0,45,88,0.8,0.7619047619047619,0.23809523809523808,13,10,0.8,0.9333333333333333,0.06666666666666667,2,2
13,0.69,0.81,240.6,449,85,163,0,71,False,-1,none,0.3,0.79,0.78,0.47,0.69,0.56,0.6428571428571429,1.0,0.0,49,82,0.8,0.6190476190476191,0.38095238095238093,15,11,0.8,0.8,0.2,0,6
13,0.64,0.78,229.2,452,94,176,0,72,False,-1,none,0.3,0.79,0.8,0.57,0.78,0.54,0.5857142857142857,1.0,0.0,52,91,0.75,0.7619047619047619,0.23809523809523808,8,13,0.8,0.6875,0.3125,4,8
13,0.74,0.81,244.79999999999998,449,99,167,0,63,False,-1,none,0.3,0.77,0.82,0.62,0.71,0.55,0.6714285714285714,1.0,0.0,49,84,0.9,0.65,0.35,14,14,0.9,0.6428571428571429,0.35714285714285715,2,4
13,0.69,0.77,197.4,453,108,172,0,78,False,-1,none,0.3,0.82,0.82,0.57,0.75,0.61,0.6285714285714286,1.0,0.0,55,96,0.8,0.8947368421052632,0.10526315789473684,3,15,0.9,0.9285714285714286,0.07142857142857142,0,3
13,0.66,0.75,226.2,455,85,188,0,77,False,-1,none,0.3,0.79,0.83,0.59,0.76,0.51,0.6,1.0,0.0,60,91,0.8,0.6111111111111112,0.3888888888888889,19,12,0.8,0.7333333333333333,0.26666666666666666,3,3
13,0.68,0.79,219.0,451,112,166,0,73,False,-1,none,0.3,0.78,0.82,0.62,0.82,0.53,0.6571428571428571,1.0,0.0,41,95,0.65,0.8333333333333334,0.16666666666666666,11,11,0.9,0.7333333333333333,0.26666666666666666,4,4
13,0.74,0.82,230.39999999999998,448,90,180,0,73,False,-1,none,0.3,0.8,0.8,0.6,0.77,0.55,0.7,1.0,0.0,58,91,0.85,0.6666666666666666,0.3333333333333333,15,15,0.8,0.9166666666666666,0.08333333333333333,1,0
13,0.73,0.79,235.79999999999995,451,104,187,0,65,False,-1,none,0.3,0.83,0.82,0.64,0.78,0.63,0.7142857142857143,1.0,0.0,59,103,0.75,0.6470588235294118,0.35294117647058826,13,8,0.8,0.5833333333333334,0.4166666666666667,1,3
13,0.65,0.73,217.19999999999996,457,93,156,0,68,False,-1,none,0.3,0.74,0.73,0.56,0.71,0.48,0.6428571428571429,1.0,0.0,45,83,0.65,0.7058823529411765,0.29411764705882354,13,9,0.7,0.5454545454545454,0.45454545454545453,3,3
14,0.61,0.84,169.12000000000003,446,114,133,0,79,True,4,Shigh,0.3,0.75,0.76,0.5,0.72,0.58,0.5571428571428572,1.0,0.0,36,90,0.75,0.6774193548387096,0.3225806451612903,3,4,0.7,0.7142857142857143,0.2857142857142857,0,0
14,0.59,0.76,174.95999999999998,454,111,153,0,80,True,2,Slow,0.3,0.83,0.78,0.54,0.74,0.51,0.5142857142857142,1.0,0.0,43,85,0.8,0.7307692307692307,0.2692307692307692,11,13,0.7,0.5714285714285714,0.42857142857142855,0,1
14,0.73,0.87,198.0,443,100,162,0,96,False,-1,none,0.3,0.8,0.86,0.54,0.76,0.53,0.6857142857142857,1.0,0.0,49,90,0.85,0.88,0.12,5,18,0.8,0.7857142857142857,0.21428571428571427,0,0
14,0.74,0.9,233.20000000000007,440,96,176,0,73,False,-1,none,0.3,0.84,0.81,0.63,0.79,0.55,0.7142857142857143,1.0,0.0,59,94,0.75,0.875,0.125,5,11,0.9,0.6875,0.3125,3,4
14,0.71,0.86,225.6,444,92,184,0,78,False,-1,none,0.3,0.84,0.87,0.53,0.8,0.58,0.7285714285714285,1.0,0.0,49,99,0.55,1.0,0.0,3,24,0.9,0.7647058823529411,0.23529411764705882,2,7
14,0.71,0.84,215.67999999999998,446,111,175,0,65,True,2,Slow,0.3,0.85,0.85,0.57,0.79,0.64,0.7,1.0,0.0,47,103,0.7,0.7142857142857143,0.2857142857142857,10,13,0.8,0.7857142857142857,0.21428571428571427,2,0
14,0.6,0.73,205.79999999999998,457,97,175,0,70,False,-1,none,0.3,0.77,0.79,0.59,0.75,0.55,0.5571428571428572,1.0,0.0,50,92,0.65,0.75,0.25,12,14,0.8,0.7142857142857143,0.2857142857142857,3,4
14,0.66,0.79,209.60000000000002,451,91,165,0,85,False,-1,none,0.3,0.82,0.75,0.48,0.79,0.51,0.6,1.0,0.0,47,89,0.85,0.8260869565217391,0.17391304347826086,10,14,0.7,0.7857142857142857,0.21428571428571427,0,5
14,0.6,0.67,180.59999999999997,463,94,154,0,70,False,-1,none,0.3,0.69,0.72,0.55,0.69,0.5,0.5714285714285714,1.0,0.0,52,85,0.6,0.8461538461538461,0.15384615384615385,2,10,0.8,0.7857142857142857,0.21428571428571427,2,3
14,0.65,0.72,194.40000000000003,458,91,155,0,77,False,-1,none,0.3,0.75,0.74,0.48,0.72,0.49,0.6428571428571429,1.0,0.0,48,86,0.65,0.8235294117647058,0.17647058823529413,8,7,0.7,0.5,0.5,1,5
14,0.68,0.84,227.27999999999997,446,104,168,0,89,True,4,Shigh,0.3,0.87,0.86,0.63,0.73,0.47,0.6571428571428571,1.0,0.0,50,85,0.85,0.75,0.25,16,11,0.5,0.8571428571428571,0.14285714285714285,1,5
14,0.73,0.83,236.99999999999994,447,88,187,0,82,False,-1,none,0.3,0.86,0.82,0.59,0.77,0.54,0.7,1.0,0.0,57,93,0.8,0.65,0.35,20,13,0.8,0.7142857142857143,0.2857142857142857,1,3
14,0.74,0.84,243.00000000000003,446,82,180,0,74,False,-1,none,0.3,0.8,0.81,0.53,0.81,0.51,0.6857142857142857,1.0,0.0,53,92,0.8,0.7368421052631579,0.2631578947368421,13,13,1.0,0.6470588235294118,0.35294117647058826,4,5
14,0.65,0.75,219.60000000000002,455,82,158,0,60,False,-1,none,0.3,0.72,0.74,0.5,0.71,0.48,0.6285714285714286,1.0,0.0,47,83,0.6,0.8333333333333334,0.16666666666666666,10,8,0.9,0.46153846153846156,0.5384615384615384,5,5
14,0.65,0.73,199.79999999999995,457,123,179,0,75,False,-1,none,0.3,0.87,0.86,0.61,0.8,0.61,0.6142857142857143,1.0,0.0,48,104,0.7,0.8571428571428571,0.14285714285714285,8,17,0.8,0.5555555555555556,0.4444444444444444,1,1
14,0.7,0.81,217.6,449,108,161,0,80,False,-1,none,0.3,0.77,0.82,0.56,0.81,0.54,0.6571428571428571,1.0,0.0,39,92,0.75,0.8571428571428571,0.14285714285714285,8,15,0.9,0.5,0.5,2,5
14,0.71,0.87,223.56,443,90,181,0,67,True,2,Slow,0.3,0.78,0.82,0.6,0.78,0.6,0.6714285714285714,1.0,0.0,53,93,0.85,0.7307692307692307,0.2692307692307692,11,17,0.7,0.8571428571428571,0.14285714285714285,3,4
14,0.75,0.88,237.00000000000006,442,95,200,0,77,False,-1,none,0.3,0.83,0.87,0.62,0.85,0.66,0.7285714285714285,1.0,0.0,62,104,0.8,0.8571428571428571,0.14285714285714285,8,21,0.8,0.75,0.25,1,4
14,0.68,0.81,211.19999999999996,449,77,161,0,76,False,-1,none,0.3,0.75,0.75,0.48,0.74,0.47,0.6571428571428571,1.0,0.0,48,81,0.7,0.9523809523809523,0.047619047619047616,5,20,0.8,0.7857142857142857,0.21428571428571427,3,4
14,0.72,0.83,230.4,447,101,190,0,71,False,-1,none,0.3,0.82,0.85,0.57,0.84,0.66,0.6857142857142857,1.0,0.0,49,107,0.85,0.875,0.125,9,19,0.7,0.5454545454545454,0.45454545454545453,4,2
14,0.72,0.82,232.20000000000002,448,83,177,0,78,False,-1,none,0.3,0.78,0.81,0.47,0.78,0.58,0.6714285714285714,1.0,0.0,52,96,0.85,0.7619047619047619,0.23809523809523808,8,16,0.8,0.7142857142857143,0.2857142857142857,1,4
14,0.75,0.86,239.99999999999994,444,101,183,0,75,False,-1,none,0.3,0.87,0.84,0.62,0.82,0.55,0.7,1.0,0.0,54,93,0.85,0.782608695652174,0.21739130434782608,11,19,0.9,0.7142857142857143,0.2857142857142857,3,3
14,0.73,0.79,218.4,451,91,161,0,84,False,-1,none,0.3,0.79,0.74,0.53,0.72,0.53,0.7,1.0,0.0,48,90,0.85,0.7619047619047619,0.23809523809523808,11,10,0.7,0.7777777777777778,0.2222222222222222,1,1
14,0.73,0.82,252.6,448,89,177,0,82,False,-1,none,0.3,0.85,0.82,0.45,0.8,0.56,0.6857142857142857,1.0,0.0,48,94,0.85,0.5,0.5,18,12,0.8,0.7142857142857143,0.2857142857142857,3,2
14,0.7,0.77,218.99999999999997,453,110,174,0,79,False,-1,none,0.3,0.8,0.85,0.6,0.76,0.6,0.6714285714285714,1.0,0.0,48,98,0.8,0.7368421052631579,0.2631578947368421,12,13,0.7,0.6363636363636364,0.36363636363636365,2,1
14,0.6,0.69,192.59999999999997,461,92,154,0,75,False,-1,none,0.3,0.76,0.71,0.46,0.72,0.5,0.5571428571428572,1.0,0.0,46,85,0.6,0.7647058823529411,0.23529411764705882,9,11,0.9,0.7692307692307693,0.23076923076923078,2,1
14,0.65,0.7,195.79999999999998,460,99,164,0,72,False,-1,none,0.3,0.77,0.77,0.52,0.73,0.54,0.6428571428571429,1.0,0.0,43,92,0.7,0.5,0.5,16,11,0.6,0.8888888888888888,0.1111111111111111,0,2
14,0.7,0.77,221.39999999999998,453,100,173,0,75,False,-1,none,0.3,0.78,0.83,0.59,0.77,0.53,0.7,1.0,0.0,50,97,0.65,0.6,0.4,14,10,0.8,0.7692307692307693,0.23076923076923078,0,2
14,0.77,0.87,253.20000000000002,443,92,194,0,77,False,-1,none,0.3,0.88,0.86,0.55,0.79,0.65,0.7714285714285715,1.0,0.0,58,103,0.65,0.7777777777777778,0.2222222222222222,13,12,1.0,0.5333333333333333,0.4666666666666667,4,4
14,0.72,0.78,208.2,452,99,171,0,87,False,-1,none,0.3,0.79,0.85,0.55,0.75,0.54,0.7285714285714285,1.0,0.0,54,95,0.7,0.9411764705882353,0.058823529411764705,4,13,0.7,0.6,0.4,4,1
14,0.68,0.77,227.99999999999994,453,80,181,0,77,False,-1,none,0.3,0.79,0.76,0.53,0.76,0.54,0.6428571428571429,1.0,0.0,52,90,0.75,0.6666666666666666,0.3333333333333333,15,18,0.8,0.6363636363636364,0.36363636363636365,2,4
14,0.7,0.85,223.8,445,120,173,0,62,True,4,Shigh,0.3,0.87,0.84,0.62,0.83,0.62,0.6428571428571429,1.0,0.0,47,105,0.8,0.8571428571428571,0.14285714285714285,7,13,0.9,0.75,0.25,0,1
14,0.7,0.82,227.39999999999998,448,91,186,0,71,False,-1,none,0.3,0.82,0.83,0.66,0.72,0.56,0.6857142857142857,1.0,0.0,63,95,0.7,0.7619047619047619,0.23809523809523808,11,9,0.8,0.7692307692307693,0.23076923076923078,3,5
14,0.66,0.76,197.75999999999996,454,104,168,0,92,True,2,Slow,0.3,0.83,0.84,0.45,0.79,0.57,0.5857142857142857,1.0,0.0,44,97,0.9,0.782608695652174,0.21739130434782608,7,13,0.7,0.8333333333333334,0.16666666666666666,2,5
14,0.66,0.74,228.59999999999997,456,94,160,0,77,False,-1,none,0.3,0.75,0.75,0.52,0.77,0.49,0.6,1.0,0.0,36,92,0.85,0.6,0.4,14,11,0.7,0.5833333333333334,0.4166666666666667,6,1
14,0.72,0.81,229.2,449,100,169,0,95,False,-1,none,0.3,0.82,0.8,0.57,0.77,0.54,0.7285714285714285,1.0,0.0,52,89,0.6,0.7142857142857143,0.2857142857142857,8,11,0.9,0.6875,0.3125,4,5
14,0.67,0.79,217.2,451,88,164,0,79,False,-1,none,0.3,0.75,0.76,0.52,0.75,0.53,0.6,1.0,0.0,53,78,0.85,0.7727272727272727,0.22727272727272727,11,19,0.8,0.8666666666666667,0.13333333333333333,3,0
14,0.7,0.83,229.19999999999996,447,94,165,0,78,True,4,Shigh,0.3,0.78,0.81,0.53,0.74,0.56,0.7,1.0,0.0,47,91,0.6,0.7894736842105263,0.21052631578947367,7,9,0.9,0.6,0.4,7,4
14,0.66,0.82,222.29999999999995,448,94,161,0,73,True,3,Shigh,0.3,0.77,0.79,0.49,0.75,0.57,0.5857142857142857,1.0,0.0,45,85,0.8,0.7916666666666666,0.20833333333333334,8,19,0.9,0.7647058823529411,0.23529411764705882,1,3
14,0.68,0.78,214.19999999999996,452,117,187,0,78,False,-1,none,0.3,0.89,0.89,0.6,0.84,0.6,0.6571428571428571,1.0,0.0,55,101,0.7,0.75,0.25,13,12,0.8,0.8333333333333334,0.16666666666666666,2,4
14,0.72,0.83,226.2,447,89,188,0,75,False,-1,none,0.3,0.83,0.85,0.5,0.82,0.6,0.7285714285714285,1.0,0.0,57,98,0.65,0.875,0.125,5,19,0.8,0.6875,0.3125,5,4
14,0.61,0.65,184.19999999999996,465,106,156,0,63,False,-1,none,0.3,0.74,0.74,0.54,0.72,0.53,0.5571428571428572,1.0,0.0,42,82,0.75,0.7058823529411765,0.29411764705882354,12,18,0.7,0.7777777777777778,0.2222222222222222,0,2
14,0.66,0.76,213.23999999999995,454,94,156,0,79,True,2,Slow,0.3,0.74,0.79,0.46,0.73,0.54,0.6142857142857143,1.0,0.0,41,86,0.85,0.8,0.2,7,16,0.6,0.375,0.625,2,4
14,0.7,0.82,228.59999999999997,448,84,172,0,82,False,-1,none,0.3,0.76,0.78,0.6,0.74,0.5,0.6714285714285714,1.0,0.0,53,82,0.8,0.8636363636363636,0.13636363636363635,9,16,0.7,0.6153846153846154,0.38461538461538464,5,7
14,0.67,0.84,225.6,446,99,166,0,81,False,-1,none,0.3,0.85,0.81,0.51,0.78,0.54,0.6142857142857143,1.0,0.0,42,91,0.8,0.88,0.12,9,15,0.8,0.8125,0.1875,4,5
14,0.73,0.81,228.47999999999996,449,104,180,0,65,True,3,Shigh,0.3,0.84,0.84,0.63,0.8,0.54,0.7142857142857143,1.0,0.0,53,96,0.8,0.6111111111111112,0.3888888888888889,13,11,0.7,0.6923076923076923,0.3076923076923077,2,5
14,0.72,0.84,220.91999999999996,446,87,184,0,60,True,1,Slow,0.3,0.79,0.78,0.61,0.75,0.62,0.7142857142857143,1.0,0.0,51,101,0.75,0.65,0.35,14,8,0.7,0.7857142857142857,0.21428571428571427,4,6
14,0.76,0.89,218.03999999999996,441,78,180,0,88,True,1,Slow,0.3,0.74,0.83,0.57,0.77,0.56,0.7428571428571429,1.0,0.0,54,96,0.8,0.7727272727272727,0.22727272727272727,9,17,0.8,0.8,0.2,1,3
14,0.66,0.72,204.59999999999997,458,99,171,0,63,False,-1,none,0.3,0.8,0.8,0.5,0.78,0.54,0.6,1.0,0.0,53,92,0.75,0.8125,0.1875,7,12,0.9,0.6428571428571429,0.35714285714285715,3,4
14,0.71,0.86,218.99999999999997,444,92,167,0,70,False,-1,none,0.3,0.77,0.76,0.62,0.7,0.6,0.6714285714285714,1.0,0.0,49,88,0.75,0.95,0.05,5,18,0.9,0.8947368421052632,0.10526315789473684,4,3
14,0.76,0.88,265.2,442,88,189,0,80,False,-1,none,0.3,0.86,0.83,0.54,0.8,0.62,0.7285714285714285,1.0,0.0,52,103,0.8,0.5454545454545454,0.45454545454545453,21,10,0.9,0.7333333333333333,0.26666666666666666,1,2
14,0.63,0.72,196.2,458,73,159,0,71,False,-1,none,0.3,0.71,0.72,0.48,0.65,0.48,0.6571428571428571,1.0,0.0,47,83,0.65,0.7894736842105263,0.21052631578947367,12,17,0.4,0.7142857142857143,0.2857142857142857,0,0
14,0.78,0.89,249.0,441,89,177,0,95,False,-1,none,0.3,0.87,0.84,0.55,0.82,0.47,0.7714285714285715,1.0,0.0,57,90,0.75,0.6470588235294118,0.35294117647058826,8,13,0.9,0.8333333333333334,0.16666666666666666,5,4
14,0.71,0.82,219.0,448,98,159,0,76,False,-1,none,0.3,0.79,0.83,0.48,0.77,0.52,0.7142857142857143,1.0,0.0,47,90,0.65,0.8421052631578947,0.15789473684210525,5,12,0.8,0.7692307692307693,0.23076923076923078,2,3
14,0.67,0.79,216.59999999999997,451,95,168,0,78,False,-1,none,0.3,0.76,0.79,0.57,0.74,0.56,0.6428571428571429,1.0,0.0,47,89,0.7,0.8333333333333334,0.16666666666666666,10,15,0.8,0.75,0.25,3,4
14,0.71,0.84,237.59999999999997,446,98,188,0,75,False,-1,none,0.3,0.86,0.87,0.58,0.85,0.54,0.6571428571428571,1.0,0.0,54,97,0.9,0.8,0.2,15,16,0.7,0.6923076923076923,0.3076923076923077,2,4
14,0.61,0.73,191.39999999999998,457,110,155,0,77,False,-1,none,0.3,0.82,0.75,0.53,0.78,0.5,0.5571428571428572,1.0,0.0,49,88,0.8,1.0,0.0,1,14,0.6,0.6,0.4,2,1
14,0.65,0.76,210.59999999999997,454,120,159,0,90,True,4,Shigh,0.3,0.8,0.87,0.5,0.81,0.57,0.6285714285714286,1.0,0.0,37,102,0.7,0.7619047619047619,0.23809523809523808,6,11,0.7,0.6363636363636364,0.36363636363636365,2,1
14,0.69,0.76,233.39999999999998,454,106,147,0,86,False,-1,none,0.3,0.79,0.7,0.54,0.74,0.52,0.6142857142857143,1.0,0.0,35,85,0.8,0.6666666666666666,0.3333333333333333,9,12,1.0,0.5333333333333333,0.4666666666666667,2,4
14,0.69,0.77,256.2,453,89,197,0,67,False,-1,none,0.3,0.82,0.82,0.53,0.82,0.64,0.6428571428571429,1.0,0.0,51,104,0.8,0.47368421052631576,0.5263157894736842,17,16,0.8,0.38461538461538464,0.6153846153846154,7,2
14,0.6,0.7,200.39999999999995,460,107,170,0,78,False,-1,none,0.3,0.8,0.79,0.54,0.75,0.59,0.5857142857142857,1.0,0.0,42,99,0.6,0.6875,0.3125,12,10,0.7,0.7692307692307693,0.23076923076923078,2,5
14,0.68,0.77,216.59999999999997,453,107,171,0,70,False,-1,none,0.3,0.82,0.8,0.57,0.79,0.57,0.6285714285714286,1.0,0.0,47,97,0.8,0.75,0.25,13,9,0.8,0.7692307692307693,0.23076923076923078,3,2
14,0.72,0.85,235.8,445,89,175,0,81,False,-1,none,0.3,0.82,0.81,0.54,0.74,0.58,0.7,1.0,0.0,50,91,0.75,0.8571428571428571,0.14285714285714285,9,18,0.8,0.6666666666666666,0.3333333333333333,4,3
14,0.63,0.69,209.39999999999998,461,98,170,0,68,False,-1,none,0.3,0.71,0.77,0.56,0.78,0.55,0.6142857142857143,1.0,0.0,47,94,0.6,0.5714285714285714,0.42857142857142855,11,12,0.8,0.5833333333333334,0.4166666666666667,2,4
14,0.54,0.59,169.79999999999995,471,94,151,0,76,False,-1,none,0.3,0.7,0.72,0.48,0.66,0.48,0.5285714285714286,1.0,0.0,46,80,0.65,0.7058823529411765,0.29411764705882354,12,11,0.4,0.6,0.4,0,2
14,0.59,0.7,185.64,460,110,174,0,66,True,2,Slow,0.3,0.8,0.81,0.56,0.76,0.61,0.5285714285714286,1.0,0.0,45,94,0.75,0.8181818181818182,0.18181818181818182,9,18,0.7,0.6363636363636364,0.36363636363636365,2,6
15,0.64,0.84,182.4,446,127,155,0,74,False,-1,none,0.3,0.83,0.85,0.57,0.81,0.6,0.5714285714285714,1.0,0.0,42,102,0.7,0.6818181818181818,0.3181818181818182,4,3,1.0,0.6363636363636364,0.36363636363636365,0,4
15,0.66,0.76,172.79999999999998,454,99,181,0,69,False,-1,none,0.3,0.8,0.8,0.53,0.8,0.63,0.6428571428571429,1.0,0.0,49,101,0.7,0.625,0.375,12,14,0.7,0.7333333333333333,0.26666666666666666,1,4
15,0.67,0.82,200.0,448,79,156,0,78,False,-1,none,0.3,0.74,0.7,0.48,0.7,0.55,0.6428571428571429,1.0,0.0,45,87,0.7,0.7619047619047619,0.23809523809523808,8,12,0.8,0.75,0.25,1,3
15,0.63,0.72,189.20000000000002,458,101,167,0,75,False,-1,none,0.3,0.81,0.82,0.5,0.78,0.49,0.6285714285714286,1.0,0.0,54,88,0.55,0.875,0.125,3,13,0.8,0.5833333333333334,0.4166666666666667,4,5
15,0.71,0.85,223.20000000000002,445,79,178,0,73,False,-1,none,0.3,0.8,0.77,0.58,0.75,0.52,0.6857142857142857,1.0,0.0,54,87,0.75,1.0,0.0,5,28,0.8,0.75,0.25,2,2
15,0.69,0.81,222.59999999999994,449,100,163,0,86,False,-1,none,0.3,0.78,0.8,0.59,0.74,0.53,0.6428571428571429,1.0,0.0,42,90,0.8,0.9166666666666666,0.08333333333333333,7,15,0.8,0.5,0.5,6,3
15,0.69,0.84,225.59999999999997,446,95,167,0,74,False,-1,none,0.3,0.83,0.77,0.54,0.75,0.57,0.6714285714285714,1.0,0.0,47,94,0.7,0.8947368421052632,0.10526315789473684,5,16,0.8,0.6111111111111112,0.3888888888888889,2,3
15,0.72,0.88,246.0,442,91,177,0,64,False,-1,none,0.3,0.82,0.83,0.56,0.77,0.58,0.6857142857142857,1.0,0.0,51,93,0.7,0.9047619047619048,0.09523809523809523,4,16,1.0,0.631578947368421,0.3684210526315789,7,6
15,0.68,0.79,216.60000000000002,451,103,152,0,76,False,-1,none,0.3,0.8,0.78,0.52,0.7,0.54,0.5857142857142857,1.0,0.0,47,79,0.85,0.8,0.2,9,12,1.0,0.8333333333333334,0.16666666666666666,3,2
15,0.7,0.88,232.07999999999998,442,109,164,0,99,True,3,Shigh,0.3,0.86,0.91,0.48,0.81,0.55,0.6428571428571429,1.0,0.0,52,95,0.8,0.7083333333333334,0.2916666666666667,6,5,0.9,0.5789473684210527,0.42105263157894735,4,2
15,0.69,0.82,191.87999999999997,448,85,176,0,67,True,0,Slow,0.3,0.78,0.75,0.58,0.74,0.58,0.6857142857142857,1.0,0.0,59,91,0.65,0.9,0.1,5,16,0.8,0.7857142857142857,0.21428571428571427,1,4
15,0.71,0.83,221.63999999999996,447,106,167,0,74,True,4,Shigh,0.3,0.84,0.84,0.61,0.75,0.52,0.6285714285714286,1.0,0.0,42,91,0.95,0.76,0.24,17,14,0.8,0.9285714285714286,0.07142857142857142,1,2
15,0.76,0.89,252.00000000000003,441,80,182,0,79,False,-1,none,0.3,0.83,0.83,0.51,0.79,0.55,0.7285714285714285,1.0,0.0,50,95,0.85,0.7083333333333334,0.2916666666666667,18,13,0.8,0.7857142857142857,0.21428571428571427,3,3
15,0.68,0.86,237.6,444,97,181,0,71,False,-1,none,0.3,0.84,0.81,0.62,0.82,0.55,0.6428571428571429,1.0,0.0,52,95,0.75,0.875,0.125,9,14,0.8,0.7058823529411765,0.29411764705882354,4,7
15,0.69,0.81,218.40000000000006,449,92,184,0,68,False,-1,none,0.3,0.82,0.83,0.57,0.72,0.63,0.6571428571428571,1.0,0.0,56,93,0.7,0.8947368421052632,0.10526315789473684,6,20,0.9,0.75,0.25,5,4
15,0.67,0.8,208.2,450,102,159,0,84,False,-1,none,0.3,0.82,0.79,0.54,0.78,0.48,0.5714285714285714,1.0,0.0,43,84,0.95,0.9230769230769231,0.07692307692307693,7,20,0.8,0.7857142857142857,0.21428571428571427,1,4
15,0.66,0.75,212.99999999999997,455,110,165,0,80,False,-1,none,0.3,0.82,0.83,0.51,0.78,0.56,0.6428571428571429,1.0,0.0,52,91,0.7,0.8333333333333334,0.16666666666666666,7,10,0.7,0.5,0.5,2,3
15,0.74,0.84,229.2,446,81,173,0,82,False,-1,none,0.3,0.8,0.78,0.54,0.73,0.53,0.7142857142857143,1.0,0.0,56,85,0.8,0.75,0.25,10,18,0.8,0.8571428571428571,0.14285714285714285,0,4
15,0.62,0.7,196.79999999999993,460,102,149,0,74,False,-1,none,0.3,0.75,0.72,0.51,0.73,0.5,0.6,1.0,0.0,44,83,0.6,0.875,0.125,4,12,0.8,0.5833333333333334,0.4166666666666667,0,6
15,0.71,0.82,230.39999999999995,448,81,181,0,71,False,-1,none,0.3,0.8,0.8,0.52,0.75,0.57,0.6571428571428571,1.0,0.0,48,92,0.8,0.7619047619047619,0.23809523809523808,14,17,0.9,0.8,0.2,3,7
15,0.72,0.82,243.0,448,91,181,0,76,False,-1,none,0.3,0.79,0.83,0.48,0.8,0.64,0.6714285714285714,1.0,0.0,44,102,0.8,0.65,0.35,16,11,0.9,0.7333333333333333,0.26666666666666666,3,5
15,0.73,0.84,231.35999999999999,446,106,164,0,86,True,2,Slow,0.3,0.83,0.84,0.57,0.77,0.53,0.7,1.0,0.0,45,91,0.75,0.65,0.35,9,14,0.9,0.8,0.2,0,5
15,0.74,0.83,237.00000000000003,447,96,190,0,86,False,-1,none,0.3,0.85,0.88,0.54,0.76,0.66,0.7285714285714285,1.0,0.0,57,98,0.75,0.6666666666666666,0.3333333333333333,15,14,0.8,0.7857142857142857,0.21428571428571427,3,3
15,0.72,0.82,230.4,448,84,179,0,70,False,-1,none,0.3,0.81,0.78,0.59,0.74,0.53,0.7428571428571429,1.0,0.0,57,96,0.7,0.8,0.2,12,10,0.6,0.6,0.4,2,2
15,0.67,0.82,221.99999999999997,448,83,156,0,74,False,-1,none,0.3,0.75,0.74,0.54,0.66,0.52,0.5857142857142857,1.0,0.0,46,76,0.9,0.875,0.125,12,17,0.8,0.8235294117647058,0.17647058823529413,2,3
15,0.7,0.81,211.20000000000002,449,110,172,0,72,False,-1,none,0.3,0.82,0.85,0.59,0.76,0.61,0.6571428571428571,1.0,0.0,49,96,0.85,1.0,0.0,2,21,0.7,0.6363636363636364,0.36363636363636365,2,2
15,0.73,0.84,243.6,446,71,191,0,69,False,-1,none,0.3,0.8,0.75,0.56,0.76,0.59,0.7,1.0,0.0,57,90,0.75,0.6666666666666666,0.3333333333333333,16,13,0.9,0.7647058823529411,0.23529411764705882,6,9
15,0.63,0.72,180.59999999999997,458,92,163,0,78,True,0,Slow,0.3,0.8,0.76,0.52,0.72,0.47,0.6428571428571429,1.0,0.0,52,90,0.7,0.6666666666666666,0.3333333333333333,11,9,0.4,0.8888888888888888,0.1111111111111111,1,0
15,0.71,0.84,231.0,446,101,185,0,70,True,4,Shigh,0.3,0.83,0.85,0.67,0.78,0.57,0.6857142857142857,1.0,0.0,57,101,0.7,0.8421052631578947,0.15789473684210525,9,14,0.9,0.7647058823529411,0.23529411764705882,2,2
15,0.63,0.71,199.79999999999995,459,102,156,0,76,False,-1,none,0.3,0.78,0.77,0.49,0.69,0.56,0.6142857142857143,1.0,0.0,42,93,0.65,0.75,0.25,6,12,0.7,0.75,0.25,1,2
15,0.74,0.86,252.60000000000002,444,91,179,0,84,False,-1,none,0.3,0.85,0.82,0.55,0.79,0.55,0.7142857142857143,1.0,0.0,55,93,0.8,0.7727272727272727,0.22727272727272727,11,12,0.8,0.5714285714285714,0.42857142857142855,4,4
15,0.7,0.8,217.20000000000002,450,92,164,0,79,False,-1,none,0.3,0.82,0.76,0.53,0.73,0.52,0.6857142857142857,1.0,0.0,45,89,0.8,0.8181818181818182,0.18181818181818182,8,19,0.6,0.8,0.2,1,2
15,0.64,0.79,210.6,451,102,169,0,80,False,-1,none,0.3,0.81,0.8,0.58,0.75,0.56,0.5714285714285714,1.0,0.0,45,92,0.75,0.8571428571428571,0.14285714285714285,8,17,0.9,0.8888888888888888,0.1111111111111111,3,4
15,0.74,0.84,243.59999999999997,446,98,183,0,80,False,-1,none,0.3,0.84,0.8,0.55,0.76,0.7,0.6857142857142857,1.0,0.0,54,94,0.9,0.8181818181818182,0.18181818181818182,9,18,0.8,0.5714285714285714,0.42857142857142855,3,5
15,0.62,0.74,202.79999999999998,456,96,159,0,71,False,-1,none,0.3,0.76,0.77,0.52,0.7,0.54,0.6428571428571429,1.0,0.0,52,89,0.5,0.7857142857142857,0.21428571428571427,2,10,0.7,0.8,0.2,2,4
15,0.75,0.89,255.60000000000002,441,86,177,0,93,False,-1,none,0.3,0.82,0.84,0.53,0.74,0.59,0.7,1.0,0.0,53,86,0.9,0.7083333333333334,0.2916666666666667,10,19,0.8,0.8125,0.1875,3,6
15,0.71,0.85,237.6,445,91,174,0,65,False,-1,none,0.3,0.82,0.77,0.59,0.73,0.59,0.6571428571428571,1.0,0.0,45,94,0.85,0.7,0.3,15,11,0.8,0.8947368421052632,0.10526315789473684,2,7
15,0.65,0.74,207.0,456,106,155,0,65,False,-1,none,0.3,0.77,0.76,0.58,0.72,0.52,0.6,1.0,0.0,43,85,0.75,0.8421052631578947,0.15789473684210525,8,15,0.8,0.6923076923076923,0.3076923076923077,1,3
15,0.78,0.91,255.84,439,88,195,0,81,True,2,Slow,0.3,0.86,0.89,0.59,0.84,0.56,0.7428571428571429,1.0,0.0,58,100,0.85,0.7391304347826086,0.2608695652173913,13,17,0.9,0.625,0.375,5,2
15,0.65,0.74,219.59999999999997,456,100,164,0,82,False,-1,none,0.3,0.78,0.79,0.55,0.75,0.51,0.6285714285714286,1.0,0.0,46,89,0.7,0.6470588235294118,0.35294117647058826,13,11,0.7,0.6923076923076923,0.3076923076923077,3,2
15,0.7,0.79,223.19999999999996,451,102,170,0,74,False,-1,none,0.3,0.82,0.82,0.53,0.76,0.58,0.7,1.0,0.0,47,94,0.65,0.8125,0.1875,8,11,0.8,0.6428571428571429,0.35714285714285715,5,5
15,0.68,0.77,218.39999999999998,453,96,177,0,70,False,-1,none,0.3,0.8,0.79,0.53,0.78,0.6,0.6142857142857143,1.0,0.0,50,95,0.85,0.7894736842105263,0.21052631578947367,9,11,0.8,0.7333333333333333,0.26666666666666666,6,6
15,0.69,0.75,234.59999999999994,455,109,161,0,95,False,-1,none,0.3,0.85,0.83,0.54,0.77,0.46,0.6571428571428571,1.0,0.0,43,86,0.75,0.4375,0.5625,17,10,0.8,0.6923076923076923,0.3076923076923077,2,3
15,0.7,0.79,231.59999999999997,451,103,182,0,71,False,-1,none,0.3,0.79,0.85,0.66,0.81,0.53,0.6857142857142857,1.0,0.0,54,96,0.75,0.7,0.3,14,11,0.7,0.6363636363636364,0.36363636363636365,2,5
15,0.71,0.8,246.59999999999997,450,92,190,0,78,False,-1,none,0.3,0.85,0.81,0.55,0.79,0.62,0.6571428571428571,1.0,0.0,49,96,0.85,0.6666666666666666,0.3333333333333333,16,17,0.8,0.5625,0.4375,9,3
15,0.61,0.75,185.15999999999997,455,86,156,0,83,True,2,Slow,0.3,0.71,0.78,0.51,0.7,0.47,0.5857142857142857,1.0,0.0,44,88,0.7,0.8636363636363636,0.13636363636363635,5,11,0.6,0.8333333333333334,0.16666666666666666,3,5
15,0.63,0.69,203.39999999999995,461,105,151,0,65,False,-1,none,0.3,0.71,0.77,0.51,0.68,0.58,0.5714285714285714,1.0,0.0,40,82,0.8,0.7368421052631579,0.2631578947368421,9,14,0.7,0.6,0.4,4,2
15,0.69,0.77,226.79999999999995,453,99,174,0,70,False,-1,none,0.3,0.79,0.81,0.52,0.75,0.63,0.6285714285714286,1.0,0.0,43,99,0.8,0.7222222222222222,0.2777777777777778,11,15,0.9,0.6666666666666666,0.3333333333333333,4,2
15,0.72,0.81,232.19999999999993,449,100,185,0,69,False,-1,none,0.3,0.83,0.82,0.59,0.78,0.64,0.7,1.0,0.0,51,102,0.7,0.6875,0.3125,14,10,0.9,0.75,0.25,4,4
15,0.69,0.79,235.79999999999998,451,108,175,0,78,False,-1,none,0.3,0.86,0.83,0.55,0.79,0.59,0.6285714285714286,1.0,0.0,48,95,0.8,0.7368421052631579,0.2631578947368421,13,11,0.9,0.625,0.375,5,3
15,0.71,0.81,257.4,449,74,170,0,80,False,-1,none,0.3,0.74,0.78,0.51,0.72,0.5,0.6857142857142857,1.0,0.0,48,81,0.75,0.5789473684210527,0.42105263157894735,19,14,0.8,0.5,0.5,4,4
15,0.7,0.79,231.59999999999997,451,112,163,0,86,False,-1,none,0.3,0.84,0.83,0.54,0.75,0.58,0.6714285714285714,1.0,0.0,44,87,0.7,0.5882352941176471,0.4117647058823529,12,11,0.9,0.8,0.2,3,6
15,0.75,0.84,256.2,446,102,168,0,66,False,-1,none,0.3,0.8,0.83,0.54,0.79,0.58,0.6857142857142857,1.0,0.0,43,95,0.9,0.6818181818181818,0.3181818181818182,13,10,0.9,0.5714285714285714,0.42857142857142855,2,5
15,0.65,0.77,198.95999999999998,453,96,164,0,78,True,1,Slow,0.3,0.79,0.78,0.56,0.75,0.49,0.6,1.0,0.0,47,86,0.85,0.88,0.12,6,19,0.6,0.5,0.5,4,2
15,0.63,0.75,217.79999999999998,455,88,164,0,58,False,-1,none,0.3,0.73,0.74,0.61,0.72,0.47,0.6,1.0,0.0,48,87,0.6,0.8,0.2,8,10,0.9,0.6666666666666666,0.3333333333333333,6,5
15,0.68,0.81,232.20000000000002,449,106,185,0,68,False,-1,none,0.3,0.85,0.86,0.57,0.8,0.64,0.6714285714285714,1.0,0.0,49,107,0.7,0.85,0.15,9,11,0.7,0.5714285714285714,0.42857142857142855,6,3
15,0.66,0.84,220.79999999999998,446,83,176,0,72,True,2,Slow,0.3,0.79,0.79,0.48,0.77,0.6,0.6142857142857143,1.0,0.0,52,97,0.7,0.9130434782608695,0.08695652173913043,3,20,0.9,0.6666666666666666,0.3333333333333333,2,2
15,0.7,0.8,194.28,450,86,172,0,77,True,1,Slow,0.3,0.8,0.78,0.5,0.78,0.52,0.7285714285714285,1.0,0.0,51,99,0.6,0.9333333333333333,0.06666666666666667,2,12,0.7,0.7142857142857143,0.2857142857142857,5,3
15,0.65,0.79,231.59999999999997,451,89,166,0,81,False,-1,none,0.3,0.79,0.79,0.51,0.72,0.53,0.5714285714285714,1.0,0.0,44,89,0.8,0.6956521739130435,0.30434782608695654,14,11,0.9,0.8125,0.1875,3,5
15,0.68,0.77,222.59999999999994,453,91,175,0,72,False,-1,none,0.3,0.79,0.79,0.53,0.76,0.56,0.6285714285714286,1.0,0.0,52,86,0.8,0.6842105263157895,0.3157894736842105,16,17,0.8,0.7857142857142857,0.21428571428571427,2,2
15,0.69,0.84,238.14,446,83,174,0,69,True,4,Shigh,0.3,0.81,0.8,0.53,0.75,0.52,0.6571428571428571,1.0,0.0,47,88,0.85,0.76,0.24,17,16,0.6,0.5384615384615384,0.46153846153846156,2,4
15,0.71,0.82,238.79999999999995,448,108,185,0,75,False,-1,none,0.3,0.84,0.87,0.58,0.81,0.65,0.6857142857142857,1.0,0.0,49,104,0.7,0.5625,0.4375,13,10,0.9,0.8333333333333334,0.16666666666666666,4,5
15,0.73,0.87,234.71999999999997,443,94,169,0,60,True,3,Shigh,0.3,0.81,0.78,0.62,0.75,0.54,0.6857142857142857,1.0,0.0,53,91,0.75,0.9,0.1,6,13,1.0,0.631578947368421,0.3684210526315789,2,4
15,0.72,0.81,198.0,449,93,181,0,90,True,1,Slow,0.3,0.86,0.83,0.54,0.78,0.54,0.7142857142857143,1.0,0.0,56,96,0.7,0.8333333333333334,0.16666666666666666,7,14,0.8,0.7692307692307693,0.23076923076923078,5,3
15,0.67,0.78,203.99999999999997,452,99,168,0,80,True,1,Slow,0.3,0.79,0.83,0.56,0.78,0.49,0.6428571428571429,1.0,0.0,50,90,0.8,0.7272727272727273,0.2727272727272727,9,13,0.6,0.6363636363636364,0.36363636363636365,5,1
15,0.63,0.75,226.2,455,100,169,0,76,False,-1,none,0.3,0.79,0.83,0.48,0.76,0.58,0.5857142857142857,1.0,0.0,47,92,0.65,0.6875,0.3125,9,12,0.9,0.6666666666666666,0.3333333333333333,5,4
16,0.72,0.9,192.00000000000006,440,116,160,0,79,False,-1,none,0.3,0.83,0.85,0.56,0.85,0.57,0.6571428571428571,1.0,0.0,44,99,0.85,0.7142857142857143,0.2857142857142857,4,12,0.9,0.5625,0.4375,0,1
16,0.65,0.79,178.19999999999996,451,104,179,0,83,False,-1,none,0.3,0.81,0.83,0.59,0.84,0.55,0.6428571428571429,1.0,0.0,50,101,0.7,0.75,0.25,12,13,0.6,0.6428571428571429,0.35714285714285715,0,3
16,0.63,0.73,178.0,457,117,147,0,68,False,-1,none,0.3,0.78,0.76,0.54,0.73,0.56,0.5857142857142857,1.0,0.0,35,90,0.8,0.8636363636363636,0.13636363636363635,5,14,0.6,0.5,0.5,1,2
16,0.67,0.81,213.40000000000006,449,95,168,0,81,False,-1,none,0.3,0.83,0.78,0.58,0.71,0.54,0.6571428571428571,1.0,0.0,51,87,0.65,0.8947368421052632,0.10526315789473684,5,18,0.8,0.625,0.375,3,4
16,0.72,0.88,207.35999999999999,442,97,181,0,74,True,0,Slow,0.3,0.83,0.84,0.57,0.8,0.62,0.6714285714285714,1.0,0.0,44,99,0.8,1.0,0.0,0,30,0.9,0.7647058823529411,0.23529411764705882,4,4
16,0.76,0.9,223.22000000000003,440,96,166,0,83,True,4,Shigh,0.3,0.84,0.84,0.6,0.75,0.49,0.7285714285714285,1.0,0.0,58,85,0.8,0.92,0.08,5,16,0.9,0.7142857142857143,0.2857142857142857,1,1
16,0.64,0.73,204.2,457,103,183,0,81,False,-1,none,0.3,0.83,0.81,0.6,0.79,0.56,0.5857142857142857,1.0,0.0,46,95,0.9,0.6086956521739131,0.391304347826087,23,17,0.5,0.8888888888888888,0.1111111111111111,0,2
16,0.66,0.8,210.60000000000002,450,114,169,0,77,False,-1,none,0.3,0.84,0.83,0.55,0.83,0.58,0.6,1.0,0.0,39,101,0.8,0.8636363636363636,0.13636363636363635,9,14,0.8,0.625,0.375,1,5
16,0.68,0.85,216.60000000000002,445,102,169,0,74,True,4,Shigh,0.3,0.83,0.8,0.58,0.79,0.56,0.6428571428571429,1.0,0.0,47,94,0.75,0.9130434782608695,0.08695652173913043,4,17,0.8,0.7058823529411765,0.29411764705882354,2,5
16,0.69,0.79,180.48000000000002,451,105,169,0,77,True,1,Slow,0.3,0.82,0.82,0.56,0.79,0.54,0.6857142857142857,1.0,0.0,50,90,0.75,0.8095238095238095,0.19047619047619047,10,16,0.6,0.8,0.2,1,2
16,0.6,0.78,198.4,452,87,147,0,63,False,-1,none,0.3,0.72,0.72,0.49,0.7,0.49,0.5428571428571428,1.0,0.0,41,84,0.65,0.9,0.1,5,13,0.9,0.7,0.3,1,3
16,0.57,0.64,177.99999999999997,466,120,143,0,78,False,-1,none,0.3,0.77,0.79,0.45,0.73,0.53,0.5142857142857142,1.0,0.0,33,85,0.65,0.7777777777777778,0.2222222222222222,6,13,0.8,0.5,0.5,1,5
16,0.73,0.83,217.60000000000002,447,117,167,0,78,False,-1,none,0.3,0.87,0.85,0.6,0.77,0.58,0.6857142857142857,1.0,0.0,47,92,0.85,0.8571428571428571,0.14285714285714285,7,15,0.8,0.7142857142857143,0.2857142857142857,2,4
16,0.68,0.77,215.8,453,86,168,0,79,False,-1,none,0.3,0.79,0.76,0.48,0.71,0.57,0.6571428571428571,1.0,0.0,50,91,0.75,0.631578947368421,0.3684210526315789,11,11,0.7,0.75,0.25,3,2
16,0.67,0.77,219.6,453,96,177,0,70,False,-1,none,0.3,0.78,0.79,0.55,0.74,0.64,0.6428571428571429,1.0,0.0,47,102,0.75,0.7,0.3,10,14,0.7,0.5833333333333334,0.4166666666666667,1,3
16,0.7,0.8,200.60000000000002,450,98,175,0,87,False,-1,none,0.3,0.83,0.85,0.52,0.81,0.52,0.7142857142857143,1.0,0.0,52,96,0.7,0.9,0.1,8,15,0.6,0.8,0.2,2,2
16,0.76,0.9,242.60000000000002,440,89,186,0,80,False,-1,none,0.3,0.83,0.84,0.63,0.74,0.61,0.7428571428571429,1.0,0.0,55,96,0.75,0.7272727272727273,0.2727272727272727,11,14,0.9,0.8125,0.1875,2,8
16,0.71,0.84,242.8,446,81,189,0,76,False,-1,none,0.3,0.8,0.84,0.55,0.74,0.61,0.6571428571428571,1.0,0.0,56,93,0.85,0.6666666666666666,0.3333333333333333,15,15,0.8,0.6470588235294118,0.35294117647058826,5,5
16,0.73,0.92,227.40000000000003,438,98,181,0,94,False,-1,none,0.3,0.88,0.88,0.58,0.8,0.57,0.6857142857142857,1.0,0.0,56,94,0.8,0.9130434782608695,0.08695652173913043,4,20,0.9,0.8571428571428571,0.14285714285714285,3,4
16,0.67,0.81,192.20000000000005,449,83,160,0,76,True,2,Slow,0.3,0.79,0.76,0.5,0.74,0.45,0.6857142857142857,1.0,0.0,49,91,0.55,0.8333333333333334,0.16666666666666666,4,12,0.8,0.9333333333333333,0.06666666666666667,1,3
16,0.62,0.7,184.0,460,103,146,0,71,False,-1,none,0.3,0.73,0.72,0.53,0.71,0.5,0.6142857142857143,1.0,0.0,40,89,0.65,0.8421052631578947,0.15789473684210525,7,6,0.6,0.625,0.375,2,2
16,0.73,0.89,238.4,441,88,180,0,93,False,-1,none,0.3,0.85,0.84,0.47,0.83,0.58,0.6857142857142857,1.0,0.0,50,102,0.8,0.8260869565217391,0.17391304347826086,10,15,0.9,0.7222222222222222,0.2777777777777778,2,1
16,0.68,0.79,223.79999999999998,451,93,175,0,88,False,-1,none,0.3,0.8,0.82,0.58,0.78,0.49,0.6428571428571429,1.0,0.0,50,90,0.85,0.6818181818181818,0.3181818181818182,17,13,0.6,0.6666666666666666,0.3333333333333333,2,3
16,0.74,0.85,233.0,445,84,182,0,69,False,-1,none,0.3,0.8,0.81,0.58,0.73,0.59,0.7142857142857143,1.0,0.0,62,94,0.8,0.7619047619047619,0.23809523809523808,6,13,0.8,0.6428571428571429,0.35714285714285715,4,3
16,0.75,0.84,221.60000000000002,446,96,178,0,82,False,-1,none,0.3,0.86,0.81,0.54,0.78,0.59,0.7571428571428571,1.0,0.0,56,93,0.7,0.95,0.05,5,16,0.8,0.45454545454545453,0.5454545454545454,2,6
16,0.74,0.79,227.80000000000004,451,101,177,0,83,False,-1,none,0.3,0.84,0.83,0.51,0.77,0.62,0.7428571428571429,1.0,0.0,52,99,0.6,0.6666666666666666,0.3333333333333333,9,11,1.0,0.4166666666666667,0.5833333333333334,1,5
16,0.74,0.87,235.60000000000002,443,74,176,0,73,False,-1,none,0.3,0.76,0.79,0.54,0.76,0.52,0.7142857142857143,1.0,0.0,56,92,0.75,0.9,0.1,5,14,0.9,0.5882352941176471,0.4117647058823529,5,4
16,0.6,0.7,202.6,460,95,170,0,70,False,-1,none,0.3,0.76,0.77,0.52,0.75,0.55,0.5571428571428572,1.0,0.0,41,91,0.7,0.5882352941176471,0.4117647058823529,18,10,0.7,0.7142857142857143,0.2857142857142857,3,7
16,0.68,0.82,245.80000000000004,448,91,170,0,67,False,-1,none,0.3,0.76,0.78,0.54,0.74,0.61,0.6285714285714286,1.0,0.0,41,82,0.85,0.625,0.375,14,20,0.7,0.5714285714285714,0.42857142857142855,5,8
16,0.72,0.84,213.60000000000002,446,113,172,0,66,False,-1,none,0.3,0.85,0.83,0.66,0.77,0.58,0.6857142857142857,1.0,0.0,49,98,0.75,0.9523809523809523,0.047619047619047616,4,15,0.9,0.7333333333333333,0.26666666666666666,2,4
16,0.68,0.84,245.60000000000002,446,85,176,0,65,False,-1,none,0.3,0.79,0.8,0.55,0.75,0.56,0.6428571428571429,1.0,0.0,55,92,0.7,0.7142857142857143,0.2857142857142857,10,14,0.9,0.5555555555555556,0.4444444444444444,2,3
16,0.66,0.81,211.8,449,82,156,0,86,True,4,Shigh,0.3,0.77,0.78,0.51,0.68,0.45,0.6,1.0,0.0,55,78,0.7,0.75,0.25,6,10,1.0,0.7894736842105263,0.21052631578947367,4,3
16,0.69,0.84,224.6,446,89,175,0,72,False,-1,none,0.3,0.8,0.79,0.54,0.79,0.56,0.6714285714285714,1.0,0.0,45,95,0.7,0.8,0.2,10,15,0.8,0.7647058823529411,0.23529411764705882,4,6
16,0.71,0.85,228.8,445,96,186,0,73,False,-1,none,0.3,0.85,0.83,0.61,0.82,0.56,0.6428571428571429,1.0,0.0,49,99,0.85,0.84,0.16,11,19,0.9,0.6666666666666666,0.3333333333333333,1,7
16,0.73,0.85,214.80000000000004,445,115,170,0,90,False,-1,none,0.3,0.88,0.88,0.56,0.79,0.59,0.6714285714285714,1.0,0.0,46,100,0.85,0.9047619047619048,0.09523809523809523,5,16,0.9,0.8235294117647058,0.17647058823529413,2,1
16,0.82,0.97,269.40000000000003,433,93,204,0,71,False,-1,none,0.3,0.91,0.84,0.66,0.87,0.66,0.7714285714285715,1.0,0.0,62,105,0.9,0.8076923076923077,0.19230769230769232,8,17,1.0,0.5882352941176471,0.4117647058823529,5,7
16,0.65,0.78,205.80000000000004,452,88,166,0,83,False,-1,none,0.3,0.77,0.81,0.48,0.75,0.51,0.6428571428571429,1.0,0.0,48,96,0.6,0.7857142857142857,0.21428571428571427,8,11,0.8,0.7894736842105263,0.21052631578947367,2,1
16,0.7,0.81,207.80000000000007,449,96,165,0,78,False,-1,none,0.3,0.76,0.8,0.58,0.77,0.51,0.6857142857142857,1.0,0.0,49,90,0.7,0.8421052631578947,0.15789473684210525,7,14,0.8,0.8571428571428571,0.14285714285714285,1,4
16,0.7,0.84,213.88,446,87,152,0,92,True,1,Slow,0.3,0.78,0.77,0.5,0.71,0.47,0.6285714285714286,1.0,0.0,45,76,0.85,0.8260869565217391,0.17391304347826086,11,15,0.9,0.6470588235294118,0.35294117647058826,2,3
16,0.75,0.82,227.79999999999998,448,105,184,0,79,False,-1,none,0.3,0.86,0.83,0.61,0.84,0.57,0.7142857142857143,1.0,0.0,53,100,0.85,0.7619047619047619,0.23809523809523808,10,14,0.8,0.5454545454545454,0.45454545454545453,4,3
16,0.69,0.81,217.40000000000003,449,84,178,0,72,False,-1,none,0.3,0.81,0.77,0.51,0.76,0.58,0.6714285714285714,1.0,0.0,50,95,0.75,0.8571428571428571,0.14285714285714285,11,13,0.7,0.6153846153846154,0.38461538461538464,5,4
16,0.7,0.81,218.0,449,103,161,0,80,False,-1,none,0.3,0.79,0.77,0.55,0.76,0.58,0.6714285714285714,1.0,0.0,40,97,0.65,0.8235294117647058,0.17647058823529413,3,12,1.0,0.7058823529411765,0.29411764705882354,4,5
16,0.67,0.77,178.01999999999995,453,69,170,0,79,True,0,Slow,0.3,0.76,0.73,0.48,0.7,0.49,0.7142857142857143,1.0,0.0,63,90,0.6,0.7894736842105263,0.21052631578947367,7,9,0.5,0.75,0.25,0,1
16,0.69,0.77,223.4,453,115,170,0,83,False,-1,none,0.3,0.81,0.83,0.61,0.78,0.59,0.5857142857142857,1.0,0.0,40,94,0.9,0.631578947368421,0.3684210526315789,11,17,1.0,0.7058823529411765,0.29411764705882354,5,3
16,0.65,0.83,222.8,447,89,167,0,81,False,-1,none,0.3,0.81,0.8,0.55,0.73,0.5,0.6142857142857143,1.0,0.0,47,84,0.6,0.95,0.05,5,17,1.0,0.65,0.35,6,8
16,0.74,0.92,242.20000000000005,438,84,200,0,64,False,-1,none,0.3,0.85,0.86,0.61,0.83,0.61,0.7,1.0,0.0,63,98,0.9,0.9285714285714286,0.07142857142857142,8,22,0.7,0.6,0.4,3,6
16,0.72,0.86,229.2,444,92,177,0,75,False,-1,none,0.3,0.83,0.78,0.62,0.81,0.51,0.6857142857142857,1.0,0.0,50,95,0.75,0.9047619047619048,0.09523809523809523,6,13,0.9,0.6470588235294118,0.35294117647058826,6,7
16,0.7,0.84,229.4,446,93,187,0,66,False,-1,none,0.3,0.82,0.8,0.6,0.78,0.64,0.7,1.0,0.0,54,103,0.7,0.8260869565217391,0.17391304347826086,11,14,0.7,0.5833333333333334,0.4166666666666667,2,3
16,0.68,0.78,218.0,452,95,187,0,70,False,-1,none,0.3,0.84,0.8,0.54,0.81,0.61,0.6428571428571429,1.0,0.0,50,104,0.85,0.7272727272727273,0.2727272727272727,13,13,0.6,0.6363636363636364,0.36363636363636365,3,4
16,0.67,0.75,221.8,455,90,177,0,63,False,-1,none,0.3,0.79,0.76,0.58,0.73,0.56,0.6142857142857143,1.0,0.0,54,90,0.8,0.6111111111111112,0.3888888888888889,10,11,0.8,0.5714285714285714,0.42857142857142855,8,4
16,0.6,0.72,215.2,458,119,150,0,74,False,-1,none,0.3,0.77,0.8,0.56,0.77,0.51,0.5142857142857142,1.0,0.0,25,89,0.9,0.64,0.36,17,15,0.6,0.6363636363636364,0.36363636363636365,1,3
16,0.66,0.76,170.0,454,84,151,0,84,True,1,Slow,0.3,0.77,0.76,0.46,0.7,0.42,0.6714285714285714,1.0,0.0,48,82,0.7,0.8571428571428571,0.14285714285714285,5,13,0.5,0.875,0.125,0,3
16,0.68,0.8,201.80000000000004,450,83,156,0,86,False,-1,none,0.3,0.74,0.78,0.46,0.66,0.55,0.6857142857142857,1.0,0.0,49,86,0.7,0.92,0.08,5,14,0.6,0.7142857142857143,0.2857142857142857,0,2
16,0.69,0.84,236.2,446,88,189,0,64,False,-1,none,0.3,0.82,0.79,0.6,0.8,0.6,0.6714285714285714,1.0,0.0,49,99,0.75,0.7727272727272727,0.22727272727272727,13,17,0.7,0.6,0.4,7,4
16,0.64,0.73,183.60000000000002,457,91,161,0,70,False,-1,none,0.3,0.78,0.73,0.5,0.67,0.57,0.6142857142857143,1.0,0.0,41,90,0.75,0.9523809523809523,0.047619047619047616,5,17,0.6,0.6666666666666666,0.3333333333333333,4,4
16,0.72,0.8,204.80000000000004,450,101,182,0,72,False,-1,none,0.3,0.82,0.84,0.61,0.83,0.53,0.6857142857142857,1.0,0.0,57,97,0.75,0.8888888888888888,0.1111111111111111,5,16,0.9,0.7857142857142857,0.21428571428571427,0,7
16,0.68,0.79,212.8,451,111,171,0,79,False,-1,none,0.3,0.85,0.87,0.58,0.72,0.59,0.6285714285714286,1.0,0.0,47,94,0.7,0.875,0.125,6,15,1.0,0.6842105263157895,0.3157894736842105,5,4
16,0.66,0.78,183.32,452,86,173,0,68,True,1,Slow,0.3,0.76,0.78,0.51,0.75,0.57,0.6428571428571429,1.0,0.0,47,96,0.75,0.8095238095238095,0.19047619047619047,7,19,0.6,0.75,0.25,1,3
16,0.74,0.95,260.6,435,93,177,0,75,False,-1,none,0.3,0.84,0.86,0.59,0.8,0.56,0.6571428571428571,1.0,0.0,46,93,0.95,0.9,0.1,9,18,0.9,0.5789473684210527,0.42105263157894735,7,4
16,0.73,0.82,212.00000000000003,448,82,166,0,85,False,-1,none,0.3,0.79,0.78,0.54,0.71,0.48,0.7428571428571429,1.0,0.0,60,82,0.8,0.9,0.1,5,18,0.5,0.6,0.4,0,1
16,0.7,0.84,232.20000000000002,446,114,170,0,87,False,-1,none,0.3,0.86,0.82,0.57,0.81,0.62,0.6142857142857143,1.0,0.0,37,99,0.9,0.8888888888888888,0.1111111111111111,12,15,0.9,0.5,0.5,2,5
16,0.76,0.93,225.64000000000001,437,101,169,0,72,True,1,Slow,0.3,0.82,0.86,0.63,0.8,0.52,0.7428571428571429,1.0,0.0,55,90,0.8,0.84,0.16,6,14,0.8,0.6875,0.3125,1,3
16,0.62,0.74,202.39999999999998,456,101,158,0,72,False,-1,none,0.3,0.78,0.78,0.51,0.73,0.53,0.5857142857142857,1.0,0.0,40,88,0.55,0.8125,0.1875,6,14,1.0,0.7058823529411765,0.29411764705882354,5,5
16,0.76,0.89,238.60000000000002,441,102,171,0,83,False,-1,none,0.3,0.86,0.85,0.58,0.77,0.56,0.6857142857142857,1.0,0.0,42,92,0.95,0.8076923076923077,0.19230769230769232,12,17,0.9,0.7333333333333333,0.26666666666666666,3,5
16,0.66,0.83,215.8,447,86,169,0,62,False,-1,none,0.3,0.77,0.79,0.58,0.69,0.55,0.5857142857142857,1.0,0.0,51,87,0.8,0.8888888888888888,0.1111111111111111,7,16,0.9,0.8,0.2,3,5
16,0.72,0.89,222.40000000000003,441,90,183,0,78,False,-1,none,0.3,0.83,0.84,0.59,0.76,0.6,0.6571428571428571,1.0,0.0,48,99,0.85,0.9615384615384616,0.038461538461538464,7,21,0.9,0.8235294117647058,0.17647058823529413,3,5
17,0.63,0.85,177.60000000000008,445,122,138,0,80,False,-1,none,0.3,0.81,0.77,0.58,0.74,0.55,0.5571428571428572,1.0,0.0,34,91,0.8,0.64,0.36,9,3,0.8,0.8095238095238095,0.19047619047619047,0,1
17,0.61,0.77,160.2,453,100,155,0,83,False,-1,none,0.3,0.81,0.78,0.51,0.73,0.49,0.6,1.0,0.0,46,92,0.75,0.8928571428571429,0.10714285714285714,2,13,0.4,0.5714285714285714,0.42857142857142855,0,2
17,0.73,0.88,220.0,442,98,173,0,71,False,-1,none,0.3,0.8,0.82,0.6,0.75,0.62,0.6714285714285714,1.0,0.0,53,91,0.85,0.7083333333333334,0.2916666666666667,11,15,0.9,0.7647058823529411,0.23529411764705882,0,3
17,0.72,0.86,228.80000000000007,444,97,173,0,79,False,-1,none,0.3,0.84,0.8,0.61,0.74,0.57,0.6714285714285714,1.0,0.0,47,92,0.9,0.7692307692307693,0.23076923076923078,15,13,0.7,0.7692307692307693,0.23076923076923078,1,5
17,0.7,0.78,196.80000000000004,452,94,178,0,85,False,-1,none,0.3,0.83,0.85,0.49,0.8,0.53,0.7285714285714285,1.0,0.0,52,95,0.6,1.0,0.0,3,25,0.7,0.8181818181818182,0.18181818181818182,0,3
17,0.75,0.87,232.20000000000005,443,93,187,0,78,False,-1,none,0.3,0.81,0.84,0.55,0.83,0.64,0.7285714285714285,1.0,0.0,52,104,0.85,0.8181818181818182,0.18181818181818182,7,17,0.7,0.6428571428571429,0.35714285714285715,4,3
17,0.71,0.86,231.60000000000002,444,90,157,0,87,False,-1,none,0.3,0.78,0.76,0.53,0.76,0.5,0.6571428571428571,1.0,0.0,46,85,0.8,0.88,0.12,11,9,0.9,0.7333333333333333,0.26666666666666666,2,4
17,0.61,0.7,197.19999999999996,460,93,164,0,68,False,-1,none,0.3,0.75,0.75,0.55,0.69,0.53,0.6285714285714286,1.0,0.0,52,92,0.55,0.7692307692307693,0.23076923076923078,6,9,0.6,0.5384615384615384,0.46153846153846156,2,3
17,0.69,0.83,230.07999999999998,447,112,158,0,82,True,4,Shigh,0.3,0.84,0.82,0.54,0.79,0.54,0.5857142857142857,1.0,0.0,37,89,0.95,0.7857142857142857,0.21428571428571427,11,17,0.9,0.7857142857142857,0.21428571428571427,0,4
17,0.73,0.79,216.6,451,97,177,0,72,False,-1,none,0.3,0.8,0.8,0.59,0.73,0.61,0.6714285714285714,1.0,0.0,58,89,0.95,0.7916666666666666,0.20833333333333334,10,18,0.7,0.75,0.25,0,2
17,0.67,0.8,214.79999999999998,450,115,157,0,73,False,-1,none,0.3,0.82,0.8,0.6,0.76,0.54,0.5857142857142857,1.0,0.0,47,89,0.85,0.85,0.15,8,9,0.9,0.7894736842105263,0.21052631578947367,1,3
17,0.67,0.81,206.0,449,79,169,0,76,False,-1,none,0.3,0.77,0.77,0.55,0.68,0.52,0.6285714285714286,1.0,0.0,56,85,0.9,0.8571428571428571,0.14285714285714285,7,18,0.5,0.7777777777777778,0.2222222222222222,1,2
17,0.72,0.86,231.60000000000005,444,96,175,0,83,False,-1,none,0.3,0.82,0.87,0.57,0.8,0.51,0.6857142857142857,1.0,0.0,53,97,0.85,0.88,0.12,8,12,0.7,0.6923076923076923,0.3076923076923077,3,2
17,0.69,0.79,210.59999999999997,451,101,164,0,71,False,-1,none,0.3,0.8,0.78,0.6,0.77,0.49,0.6857142857142857,1.0,0.0,50,90,0.7,0.7894736842105263,0.21052631578947367,6,12,0.7,0.8333333333333334,0.16666666666666666,1,5
17,0.68,0.81,247.79999999999998,449,85,179,0,75,False,-1,none,0.3,0.8,0.79,0.52,0.78,0.56,0.6285714285714286,1.0,0.0,48,95,0.7,0.6842105263157895,0.3157894736842105,15,10,1.0,0.5,0.5,8,3
17,0.59,0.71,200.39999999999995,459,103,159,0,77,False,-1,none,0.3,0.76,0.78,0.51,0.76,0.52,0.5714285714285714,1.0,0.0,41,93,0.5,0.5833333333333334,0.4166666666666667,8,8,0.9,0.7894736842105263,0.21052631578947367,4,5
17,0.72,0.79,224.19999999999996,451,107,186,0,68,False,-1,none,0.3,0.84,0.85,0.6,0.8,0.63,0.6857142857142857,1.0,0.0,48,102,0.8,0.631578947368421,0.3684210526315789,13,16,0.8,0.75,0.25,4,3
17,0.72,0.82,222.0,448,96,177,0,75,False,-1,none,0.3,0.77,0.84,0.56,0.79,0.59,0.6857142857142857,1.0,0.0,49,98,0.85,0.8181818181818182,0.18181818181818182,11,14,0.7,0.75,0.25,3,2
17,0.77,0.87,233.20000000000002,443,87,178,0,88,False,-1,none,0.3,0.87,0.85,0.5,0.8,0.5,0.7571428571428571,1.0,0.0,63,92,0.8,0.7727272727272727,0.22727272727272727,11,10,0.8,0.8333333333333334,0.16666666666666666,0,2
17,0.67,0.79,217.99999999999997,451,95,183,0,63,False,-1,none,0.3,0.81,0.78,0.56,0.82,0.6,0.6142857142857143,1.0,0.0,53,97,0.7,0.8947368421052632,0.10526315789473684,6,19,1.0,0.6470588235294118,0.35294117647058826,5,3
17,0.64,0.75,200.6,455,103,173,0,74,False,-1,none,0.3,0.8,0.79,0.57,0.81,0.54,0.6285714285714286,1.0,0.0,48,101,0.65,0.8333333333333334,0.16666666666666666,6,11,0.7,0.7692307692307693,0.23076923076923078,3,4
17,0.66,0.8,226.59999999999997,450,105,156,0,74,False,-1,none,0.3,0.77,0.78,0.53,0.75,0.58,0.5857142857142857,1.0,0.0,38,92,0.8,0.875,0.125,7,15,0.9,0.6,0.4,3,1
17,0.69,0.82,227.4,448,106,182,0,60,False,-1,none,0.3,0.81,0.84,0.62,0.79,0.64,0.6857142857142857,1.0,0.0,54,100,0.65,0.7777777777777778,0.2222222222222222,10,14,0.8,0.75,0.25,3,1
17,0.73,0.8,214.20000000000002,450,94,169,0,72,False,-1,none,0.3,0.82,0.79,0.58,0.71,0.53,0.7142857142857143,1.0,0.0,59,89,0.75,0.7894736842105263,0.21052631578947367,8,12,0.8,0.7272727272727273,0.2727272727272727,0,1
17,0.66,0.8,230.4,450,88,161,0,81,False,-1,none,0.3,0.77,0.79,0.47,0.73,0.53,0.5714285714285714,1.0,0.0,45,80,0.85,0.75,0.25,13,13,0.9,0.75,0.25,5,5
17,0.66,0.76,211.99999999999997,454,83,169,0,82,False,-1,none,0.3,0.78,0.75,0.56,0.73,0.46,0.6285714285714286,1.0,0.0,45,87,0.75,0.6470588235294118,0.35294117647058826,14,14,0.7,0.8666666666666667,0.13333333333333333,3,6
17,0.75,0.84,236.8,446,98,174,0,74,False,-1,none,0.3,0.82,0.82,0.53,0.77,0.62,0.7285714285714285,1.0,0.0,47,101,0.75,0.6470588235294118,0.35294117647058826,8,11,0.9,0.8125,0.1875,4,3
17,0.71,0.81,225.2,449,97,161,0,71,False,-1,none,0.3,0.78,0.81,0.57,0.7,0.53,0.6714285714285714,1.0,0.0,43,88,0.8,0.7619047619047619,0.23809523809523808,11,14,0.8,0.7692307692307693,0.23076923076923078,3,2
17,0.66,0.76,217.19999999999996,454,104,158,0,82,False,-1,none,0.3,0.78,0.8,0.55,0.74,0.51,0.6285714285714286,1.0,0.0,48,89,0.7,0.8,0.2,7,9,0.8,0.5833333333333334,0.4166666666666667,3,2
17,0.65,0.76,199.79999999999998,454,99,154,0,81,False,-1,none,0.3,0.81,0.78,0.41,0.76,0.53,0.6,1.0,0.0,41,86,0.8,0.9090909090909091,0.09090909090909091,5,18,0.7,0.75,0.25,2,2
17,0.65,0.76,195.19999999999996,454,99,154,0,76,False,-1,none,0.3,0.8,0.77,0.5,0.74,0.48,0.6571428571428571,1.0,0.0,51,91,0.55,0.9333333333333333,0.06666666666666667,0,8,0.8,0.8,0.2,1,3
17,0.73,0.82,230.39999999999998,448,107,184,0,67,False,-1,none,0.3,0.86,0.83,0.65,0.82,0.57,0.7142857142857143,1.0,0.0,54,95,0.75,0.7368421052631579,0.2631578947368421,13,14,0.8,0.6923076923076923,0.3076923076923077,3,5
17,0.71,0.84,231.79999999999998,446,94,184,0,83,False,-1,none,0.3,0.86,0.83,0.59,0.78,0.56,0.7,1.0,0.0,59,97,0.75,0.7727272727272727,0.22727272727272727,10,13,0.7,0.7692307692307693,0.23076923076923078,2,3
17,0.74,0.87,204.92000000000002,443,98,181,0,69,True,0,Slow,0.3,0.82,0.84,0.61,0.83,0.56,0.7,1.0,0.0,59,100,0.8,0.9130434782608695,0.08695652173913043,5,13,0.9,0.8,0.2,3,1
17,0.73,0.86,227.85999999999999,444,90,172,0,77,True,2,Slow,0.3,0.82,0.82,0.53,0.8,0.51,0.7,1.0,0.0,54,87,0.75,0.8571428571428571,0.14285714285714285,7,13,0.9,0.625,0.375,6,5
17,0.61,0.71,198.0,459,83,174,0,77,False,-1,none,0.3,0.75,0.74,0.48,0.74,0.57,0.5714285714285714,1.0,0.0,47,95,0.75,0.8,0.2,11,14,0.6,0.7272727272727273,0.2727272727272727,3,4
17,0.65,0.8,216.29999999999995,450,94,152,0,84,True,3,Shigh,0.3,0.79,0.75,0.51,0.67,0.54,0.5857142857142857,1.0,0.0,43,83,0.75,0.7727272727272727,0.22727272727272727,7,12,0.9,0.7647058823529411,0.23529411764705882,2,5
17,0.67,0.77,219.6,453,127,162,0,84,False,-1,none,0.3,0.84,0.85,0.62,0.77,0.58,0.6285714285714286,1.0,0.0,38,97,0.8,0.75,0.25,11,11,0.7,0.6923076923076923,0.3076923076923077,3,2
17,0.67,0.74,189.7,456,112,175,0,69,True,3,Shigh,0.3,0.82,0.85,0.58,0.78,0.58,0.6571428571428571,1.0,0.0,54,100,0.8,0.8095238095238095,0.19047619047619047,6,14,0.5,0.7142857142857143,0.2857142857142857,0,1
17,0.71,0.83,241.60000000000002,447,87,154,0,81,False,-1,none,0.3,0.74,0.8,0.47,0.72,0.51,0.6428571428571429,1.0,0.0,45,78,0.85,0.6363636363636364,0.36363636363636365,18,10,0.9,0.8125,0.1875,0,3
17,0.81,0.94,255.20000000000005,436,85,186,0,80,False,-1,none,0.3,0.87,0.86,0.6,0.77,0.55,0.7857142857142857,1.0,0.0,65,89,0.9,0.88,0.12,5,20,0.8,0.6428571428571429,0.35714285714285715,5,2
17,0.72,0.86,226.8,444,90,178,0,76,False,-1,none,0.3,0.83,0.85,0.58,0.79,0.49,0.6714285714285714,1.0,0.0,58,87,0.85,0.8518518518518519,0.14814814814814814,14,15,0.8,0.8333333333333334,0.16666666666666666,1,3
17,0.68,0.83,234.39999999999998,447,103,155,0,64,False,-1,none,0.3,0.76,0.75,0.63,0.73,0.54,0.6428571428571429,1.0,0.0,42,86,0.7,0.8421052631578947,0.15789473684210525,10,12,0.9,0.6842105263157895,0.3157894736842105,3,2
17,0.66,0.78,205.4,452,110,158,0,79,False,-1,none,0.3,0.84,0.8,0.56,0.75,0.51,0.6,1.0,0.0,44,89,0.85,0.88,0.12,7,14,0.7,0.8181818181818182,0.18181818181818182,2,2
17,0.72,0.84,247.39999999999998,446,109,177,0,75,False,-1,none,0.3,0.86,0.86,0.63,0.79,0.56,0.6714285714285714,1.0,0.0,50,93,0.8,0.7142857142857143,0.2857142857142857,13,11,0.9,0.625,0.375,2,8
17,0.71,0.86,245.4,444,78,181,0,80,False,-1,none,0.3,0.8,0.81,0.48,0.81,0.55,0.6714285714285714,1.0,0.0,49,95,0.75,0.7142857142857143,0.2857142857142857,15,12,0.9,0.7777777777777778,0.2222222222222222,5,5
17,0.7,0.78,230.79999999999998,452,113,167,0,82,False,-1,none,0.3,0.87,0.82,0.61,0.7,0.58,0.6857142857142857,1.0,0.0,57,90,0.65,0.5294117647058824,0.47058823529411764,13,4,0.9,0.7692307692307693,0.23076923076923078,1,2
17,0.58,0.69,187.99999999999994,461,88,149,0,74,False,-1,none,0.3,0.71,0.69,0.43,0.68,0.55,0.5571428571428572,1.0,0.0,38,88,0.7,0.9090909090909091,0.09090909090909091,4,12,0.5,0.5,0.5,4,3
17,0.73,0.85,218.68,445,86,178,0,66,True,1,Slow,0.3,0.77,0.81,0.58,0.76,0.57,0.6857142857142857,1.0,0.0,51,93,0.8,0.8260869565217391,0.17391304347826086,9,19,0.9,0.6428571428571429,0.35714285714285715,3,3
17,0.7,0.81,237.79999999999998,449,87,172,0,95,False,-1,none,0.3,0.82,0.81,0.5,0.79,0.48,0.6857142857142857,1.0,0.0,47,85,0.7,0.6666666666666666,0.3333333333333333,15,13,0.8,0.6666666666666666,0.3333333333333333,4,8
17,0.73,0.83,235.67999999999998,447,95,182,0,70,True,4,Shigh,0.3,0.83,0.82,0.58,0.79,0.58,0.7,1.0,0.0,49,96,0.75,0.7368421052631579,0.2631578947368421,14,15,0.9,0.6,0.4,3,5
17,0.73,0.83,229.4,447,98,170,0,69,False,-1,none,0.3,0.78,0.82,0.56,0.73,0.62,0.6857142857142857,1.0,0.0,47,95,0.8,0.75,0.25,10,15,0.9,0.8,0.2,0,3
17,0.69,0.82,209.99999999999997,448,111,177,0,65,False,-1,none,0.3,0.84,0.83,0.62,0.78,0.63,0.6428571428571429,1.0,0.0,49,99,0.85,0.9583333333333334,0.041666666666666664,2,21,0.7,0.7692307692307693,0.23076923076923078,2,4
17,0.61,0.7,183.2,460,79,163,0,78,False,-1,none,0.3,0.74,0.75,0.47,0.67,0.49,0.6,1.0,0.0,55,94,0.65,0.9473684210526315,0.05263157894736842,2,10,0.6,0.6666666666666666,0.3333333333333333,0,2
17,0.67,0.8,244.20000000000002,450,104,165,0,101,False,-1,none,0.3,0.88,0.83,0.5,0.76,0.52,0.5857142857142857,1.0,0.0,45,88,0.85,0.6190476190476191,0.38095238095238093,18,7,0.9,0.7222222222222222,0.2777777777777778,0,7
17,0.72,0.87,219.38000000000002,443,95,157,0,76,True,2,Slow,0.3,0.8,0.81,0.56,0.74,0.48,0.7142857142857143,1.0,0.0,44,87,0.75,0.9545454545454546,0.045454545454545456,1,17,0.7,0.6666666666666666,0.3333333333333333,3,5
17,0.65,0.78,214.39999999999995,452,105,173,0,69,False,-1,none,0.3,0.82,0.81,0.55,0.76,0.62,0.5857142857142857,1.0,0.0,43,96,0.8,0.7727272727272727,0.22727272727272727,8,18,0.8,0.8,0.2,4,4
17,0.62,0.75,219.39999999999995,455,108,155,0,77,False,-1,none,0.3,0.78,0.81,0.49,0.79,0.51,0.5285714285714286,1.0,0.0,33,91,0.8,0.7619047619047619,0.23809523809523808,8,16,0.9,0.7058823529411765,0.29411764705882354,3,4
17,0.62,0.72,203.79999999999995,458,86,149,0,63,False,-1,none,0.3,0.72,0.73,0.47,0.66,0.49,0.5714285714285714,1.0,0.0,44,73,0.75,0.8571428571428571,0.14285714285714285,10,13,0.7,0.5454545454545454,0.45454545454545453,3,6
17,0.68,0.83,230.0,447,87,166,0,74,False,-1,none,0.3,0.76,0.78,0.53,0.75,0.54,0.6142857142857143,1.0,0.0,43,89,0.8,0.8333333333333334,0.16666666666666666,12,14,0.9,0.75,0.25,4,4
17,0.72,0.87,244.40000000000003,443,111,183,0,64,False,-1,none,0.3,0.87,0.85,0.64,0.81,0.64,0.6428571428571429,1.0,0.0,51,97,0.85,0.9130434782608695,0.08695652173913043,7,18,1.0,0.631578947368421,0.3684210526315789,5,5
17,0.69,0.82,231.39999999999998,448,92,170,0,81,False,-1,none,0.3,0.83,0.81,0.54,0.72,0.54,0.6428571428571429,1.0,0.0,48,91,0.85,0.8333333333333334,0.16666666666666666,8,16,0.7,0.6153846153846154,0.38461538461538464,6,1
17,0.65,0.78,205.8,452,92,176,0,74,False,-1,none,0.3,0.84,0.79,0.49,0.79,0.55,0.6428571428571429,1.0,0.0,46,98,0.65,0.8947368421052632,0.10526315789473684,4,17,0.7,0.7857142857142857,0.21428571428571427,5,6
17,0.66,0.77,211.2,453,90,163,0,85,False,-1,none,0.3,0.76,0.77,0.5,0.75,0.52,0.6428571428571429,1.0,0.0,50,87,0.65,0.8947368421052632,0.10526315789473684,6,15,0.8,0.6153846153846154,0.38461538461538464,2,3
17,0.66,0.76,210.00000000000003,454,93,147,0,79,False,-1,none,0.3,0.72,0.77,0.45,0.7,0.52,0.6142857142857143,1.0,0.0,44,87,0.75,0.8421052631578947,0.15789473684210525,4,9,0.8,0.7142857142857143,0.2857142857142857,1,2
17,0.67,0.73,211.19999999999996,457,89,165,0,73,False,-1,none,0.3,0.74,0.79,0.52,0.71,0.51,0.6285714285714286,1.0,0.0,51,83,0.7,0.7647058823529411,0.23529411764705882,8,16,0.9,0.5833333333333334,0.4166666666666667,4,3
18,0.63,0.81,164.80000000000004,449,130,150,0,79,False,-1,none,0.3,0.83,0.83,0.57,0.79,0.59,0.5428571428571428,1.0,0.0,41,99,0.75,0.8695652173913043,0.13043478260869565,1,4,1.0,0.6,0.4,0,5
18,0.74,0.91,203.39999999999995,439,101,175,0,73,False,-1,none,0.3,0.86,0.85,0.61,0.74,0.61,0.7,1.0,0.0,55,92,0.75,0.8260869565217391,0.17391304347826086,9,15,1.0,0.631578947368421,0.3684210526315789,1,3
18,0.7,0.88,232.0,442,90,172,0,85,False,-1,none,0.3,0.8,0.81,0.56,0.73,0.6,0.6142857142857143,1.0,0.0,41,97,0.85,0.68,0.32,17,15,1.0,0.7,0.3,0,2
18,0.65,0.8,207.68000000000004,450,99,147,0,84,True,4,Shigh,0.3,0.78,0.76,0.49,0.76,0.47,0.6142857142857143,1.0,0.0,41,87,0.7,0.75,0.25,6,9,0.8,0.7647058823529411,0.23529411764705882,0,4
18,0.63,0.68,177.59999999999997,462,96,170,0,86,False,-1,none,0.3,0.76,0.8,0.5,0.75,0.53,0.6428571428571429,1.0,0.0,50,95,0.65,1.0,0.0,0,23,0.5,0.6666666666666666,0.3333333333333333,0,2
18,0.77,0.91,199.16,439,92,186,0,71,True,1,Slow,0.3,0.81,0.86,0.63,0.79,0.6,0.7571428571428571,1.0,0.0,65,100,0.75,0.9545454545454546,0.045454545454545456,2,16,0.9,0.6875,0.3125,1,2
18,0.66,0.77,204.60000000000002,453,106,162,0,75,False,-1,none,0.3,0.8,0.78,0.55,0.75,0.57,0.6,1.0,0.0,44,86,0.85,0.8333333333333334,0.16666666666666666,7,19,0.7,0.5454545454545454,0.45454545454545453,3,3
18,0.77,0.98,256.6,432,89,167,0,81,False,-1,none,0.3,0.82,0.78,0.59,0.8,0.55,0.7142857142857143,1.0,0.0,44,89,0.9,0.8787878787878788,0.12121212121212122,9,21,0.9,0.4666666666666667,0.5333333333333333,3,1
18,0.61,0.68,175.0,462,85,156,0,76,False,-1,none,0.3,0.69,0.75,0.51,0.67,0.47,0.6142857142857143,1.0,0.0,52,82,0.75,0.7619047619047619,0.23809523809523808,8,13,0.3,0.75,0.25,0,1
18,0.69,0.79,218.2,451,89,174,0,78,False,-1,none,0.3,0.81,0.77,0.59,0.73,0.52,0.6571428571428571,1.0,0.0,58,89,0.75,0.7368421052631579,0.2631578947368421,11,8,0.8,0.6428571428571429,0.35714285714285715,5,3
18,0.72,0.9,232.60000000000002,440,84,178,0,68,False,-1,none,0.3,0.8,0.84,0.57,0.79,0.52,0.6857142857142857,1.0,0.0,53,92,0.85,0.8518518518518519,0.14814814814814814,8,17,0.7,0.8,0.2,3,5
18,0.76,0.91,228.12,439,98,176,0,85,True,3,Shigh,0.3,0.86,0.85,0.5,0.86,0.58,0.7285714285714285,1.0,0.0,51,102,0.9,0.7692307692307693,0.23076923076923078,8,11,0.7,0.7857142857142857,0.21428571428571427,1,3
18,0.59,0.73,185.8,457,109,149,0,74,False,-1,none,0.3,0.77,0.79,0.5,0.72,0.53,0.5285714285714286,1.0,0.0,43,85,0.8,0.896551724137931,0.10344827586206896,4,15,0.6,0.42857142857142855,0.5714285714285714,0,2
18,0.78,0.88,210.39999999999998,442,107,190,0,75,False,-1,none,0.3,0.88,0.9,0.61,0.83,0.63,0.7714285714285715,1.0,0.0,64,104,0.8,0.95,0.05,3,15,0.8,0.7857142857142857,0.21428571428571427,2,2
18,0.72,0.83,223.99999999999997,447,91,172,0,69,False,-1,none,0.3,0.79,0.79,0.56,0.75,0.57,0.7,1.0,0.0,56,89,0.75,0.85,0.15,8,12,0.8,0.5,0.5,2,5
18,0.73,0.82,221.79999999999998,448,84,161,0,78,False,-1,none,0.3,0.77,0.74,0.55,0.72,0.49,0.7,1.0,0.0,57,79,0.75,0.8421052631578947,0.15789473684210525,4,19,0.9,0.5714285714285714,0.42857142857142855,0,2
18,0.64,0.78,205.8,452,92,147,0,78,False,-1,none,0.3,0.75,0.74,0.47,0.74,0.47,0.5857142857142857,1.0,0.0,34,84,0.75,0.84,0.16,10,13,0.8,0.75,0.25,2,4
18,0.72,0.85,232.2,445,99,178,0,73,False,-1,none,0.3,0.82,0.83,0.55,0.77,0.65,0.7,1.0,0.0,52,102,0.75,0.7619047619047619,0.23809523809523808,7,12,0.8,0.5333333333333333,0.4666666666666667,2,3
18,0.7,0.92,214.96,438,106,156,0,71,True,1,Slow,0.3,0.84,0.82,0.59,0.75,0.54,0.6142857142857143,1.0,0.0,49,85,0.9,0.875,0.125,5,15,0.9,0.6470588235294118,0.35294117647058826,2,0
18,0.73,0.87,243.20000000000002,443,107,158,0,83,False,-1,none,0.3,0.85,0.81,0.51,0.8,0.55,0.7142857142857143,1.0,0.0,45,92,0.8,0.6666666666666666,0.3333333333333333,9,8,0.7,0.6153846153846154,0.38461538461538464,1,3
18,0.72,0.87,228.8,443,89,170,0,79,False,-1,none,0.3,0.8,0.78,0.51,0.79,0.58,0.6428571428571429,1.0,0.0,46,93,0.9,0.7777777777777778,0.2222222222222222,9,16,0.9,0.6666666666666666,0.3333333333333333,2,4
18,0.64,0.8,208.59999999999997,450,94,168,0,78,False,-1,none,0.3,0.82,0.79,0.52,0.77,0.52,0.6285714285714286,1.0,0.0,47,98,0.8,0.8148148148148148,0.18518518518518517,8,14,0.4,0.6666666666666666,0.3333333333333333,1,0
18,0.73,0.85,220.4,445,97,164,0,84,False,-1,none,0.3,0.81,0.82,0.59,0.73,0.51,0.7142857142857143,1.0,0.0,55,86,0.8,0.7142857142857143,0.2857142857142857,9,11,0.7,0.7857142857142857,0.21428571428571427,1,2
18,0.66,0.82,224.8,448,91,136,0,76,False,-1,none,0.3,0.73,0.76,0.5,0.68,0.42,0.5857142857142857,1.0,0.0,45,66,0.8,0.7727272727272727,0.22727272727272727,10,7,0.9,0.631578947368421,0.3684210526315789,3,5
18,0.75,0.91,227.39999999999998,439,84,180,0,85,True,2,Slow,0.3,0.82,0.83,0.57,0.79,0.54,0.7142857142857143,1.0,0.0,64,91,0.85,0.68,0.32,11,11,0.8,0.75,0.25,0,3
18,0.7,0.87,215.0,443,93,137,0,83,False,-1,none,0.3,0.76,0.75,0.55,0.61,0.5,0.6714285714285714,1.0,0.0,41,70,0.8,0.8888888888888888,0.1111111111111111,5,17,0.7,0.7692307692307693,0.23076923076923078,2,2
18,0.75,0.87,197.2,443,80,171,0,82,True,0,Slow,0.3,0.82,0.81,0.49,0.7,0.56,0.7428571428571429,1.0,0.0,62,90,0.8,0.7727272727272727,0.22727272727272727,4,11,0.7,0.7692307692307693,0.23076923076923078,0,4
18,0.76,0.89,231.20000000000002,441,81,180,0,70,False,-1,none,0.3,0.79,0.83,0.6,0.72,0.56,0.7285714285714285,1.0,0.0,62,89,0.9,0.8148148148148148,0.18518518518518517,11,14,0.7,0.6363636363636364,0.36363636363636365,1,3
18,0.64,0.75,199.79999999999998,455,102,164,0,64,False,-1,none,0.3,0.8,0.79,0.55,0.71,0.56,0.6,1.0,0.0,56,89,0.7,0.8571428571428571,0.14285714285714285,5,8,0.8,0.5833333333333334,0.4166666666666667,2,4
18,0.69,0.82,212.39999999999998,448,94,148,0,76,False,-1,none,0.3,0.78,0.75,0.51,0.75,0.45,0.6571428571428571,1.0,0.0,42,81,0.85,0.8461538461538461,0.15384615384615385,5,16,0.6,0.5,0.5,3,1
18,0.73,0.87,223.59999999999997,443,76,193,0,74,False,-1,none,0.3,0.83,0.82,0.52,0.8,0.59,0.7285714285714285,1.0,0.0,59,99,0.75,0.8333333333333334,0.16666666666666666,10,18,0.7,0.6666666666666666,0.3333333333333333,2,5
18,0.66,0.77,192.2,453,74,166,0,73,False,-1,none,0.3,0.73,0.73,0.5,0.69,0.52,0.6714285714285714,1.0,0.0,55,93,0.65,0.95,0.05,0,14,0.6,0.6,0.4,0,4
18,0.72,0.85,227.11999999999998,445,104,151,0,85,True,3,Shigh,0.3,0.83,0.82,0.52,0.72,0.51,0.6857142857142857,1.0,0.0,45,87,0.85,0.7777777777777778,0.2222222222222222,6,11,0.7,0.5,0.5,0,2
18,0.71,0.8,218.19999999999996,450,72,186,0,72,False,-1,none,0.3,0.79,0.75,0.56,0.71,0.57,0.7,1.0,0.0,67,88,0.75,0.8571428571428571,0.14285714285714285,7,18,0.7,0.4,0.6,2,4
18,0.73,0.9,246.8,440,88,172,0,80,False,-1,none,0.3,0.81,0.81,0.55,0.77,0.56,0.6428571428571429,1.0,0.0,48,91,0.9,0.8518518518518519,0.14814814814814814,6,19,1.0,0.6666666666666666,0.3333333333333333,6,2
18,0.68,0.87,212.07999999999996,443,109,164,0,75,True,3,Shigh,0.3,0.81,0.84,0.59,0.79,0.57,0.7,1.0,0.0,44,102,0.7,0.8571428571428571,0.14285714285714285,5,9,0.5,0.8,0.2,1,3
18,0.68,0.8,214.4,450,109,169,0,62,False,-1,none,0.3,0.79,0.83,0.56,0.77,0.63,0.6285714285714286,1.0,0.0,43,96,0.75,0.782608695652174,0.21739130434782608,10,14,0.9,0.7692307692307693,0.23076923076923078,4,2
18,0.72,0.91,233.40000000000003,439,93,173,0,73,False,-1,none,0.3,0.8,0.84,0.55,0.79,0.59,0.6857142857142857,1.0,0.0,53,93,0.7,0.9047619047619048,0.09523809523809523,2,15,1.0,0.7727272727272727,0.22727272727272727,3,7
18,0.7,0.84,236.2,446,92,172,0,77,False,-1,none,0.3,0.83,0.8,0.55,0.76,0.54,0.6142857142857143,1.0,0.0,50,83,0.9,0.7307692307692307,0.2692307692307692,13,18,0.9,0.7333333333333333,0.26666666666666666,4,4
18,0.67,0.81,245.0,449,101,181,0,77,False,-1,none,0.3,0.83,0.83,0.56,0.78,0.63,0.6,1.0,0.0,39,102,0.8,0.42105263157894735,0.5789473684210527,23,5,0.9,0.8,0.2,5,7
18,0.74,0.85,214.79999999999998,445,107,164,0,84,False,-1,none,0.3,0.81,0.87,0.52,0.81,0.55,0.7,1.0,0.0,48,99,0.85,0.9090909090909091,0.09090909090909091,3,9,0.8,0.7142857142857143,0.2857142857142857,2,3
18,0.67,0.79,203.99999999999997,451,98,168,0,70,False,-1,none,0.3,0.8,0.8,0.57,0.72,0.56,0.6714285714285714,1.0,0.0,59,92,0.5,0.8571428571428571,0.14285714285714285,4,7,1.0,0.7777777777777778,0.2222222222222222,2,4
18,0.77,0.9,262.79999999999995,440,95,186,0,69,False,-1,none,0.3,0.83,0.82,0.69,0.84,0.53,0.7,1.0,0.0,54,91,0.95,0.64,0.36,14,16,0.9,0.6875,0.3125,7,4
18,0.72,0.81,221.8,449,89,180,0,80,False,-1,none,0.3,0.8,0.79,0.61,0.73,0.57,0.6714285714285714,1.0,0.0,55,92,0.9,0.7142857142857143,0.2857142857142857,13,15,0.7,0.7692307692307693,0.23076923076923078,3,2
18,0.73,0.87,226.2,443,93,162,0,73,False,-1,none,0.3,0.81,0.79,0.54,0.77,0.51,0.7,1.0,0.0,52,85,0.8,0.9130434782608695,0.08695652173913043,5,14,0.8,0.6666666666666666,0.3333333333333333,2,4
18,0.64,0.77,188.39999999999992,453,108,165,0,75,True,0,Slow,0.3,0.78,0.82,0.56,0.76,0.58,0.5714285714285714,1.0,0.0,43,95,0.8,0.8636363636363636,0.13636363636363635,6,15,0.8,0.6666666666666666,0.3333333333333333,3,3
18,0.7,0.88,232.8,442,87,171,0,69,False,-1,none,0.3,0.78,0.79,0.55,0.76,0.58,0.6714285714285714,1.0,0.0,47,94,0.75,0.8,0.2,10,14,0.8,0.8125,0.1875,1,5
18,0.65,0.75,194.0,455,108,151,0,76,False,-1,none,0.3,0.78,0.77,0.57,0.75,0.47,0.6285714285714286,1.0,0.0,43,82,0.75,0.8095238095238095,0.19047619047619047,5,15,0.6,0.8,0.2,2,4
18,0.74,0.85,238.60000000000002,445,86,174,0,80,False,-1,none,0.3,0.79,0.84,0.52,0.74,0.56,0.7142857142857143,1.0,0.0,52,93,0.85,0.8260869565217391,0.17391304347826086,7,16,0.7,0.4166666666666667,0.5833333333333334,4,2
18,0.69,0.74,202.99999999999997,456,101,156,0,79,False,-1,none,0.3,0.78,0.8,0.5,0.68,0.55,0.6714285714285714,1.0,0.0,51,85,0.7,0.7058823529411765,0.29411764705882354,9,8,0.8,0.6,0.4,0,3
18,0.68,0.83,214.99999999999997,447,89,156,0,72,False,-1,none,0.3,0.78,0.77,0.52,0.71,0.5,0.6857142857142857,1.0,0.0,54,86,0.55,0.9411764705882353,0.058823529411764705,3,9,0.9,0.6666666666666666,0.3333333333333333,2,2
18,0.74,0.86,222.11999999999998,444,94,173,0,67,True,4,Shigh,0.3,0.82,0.79,0.57,0.76,0.59,0.6428571428571429,1.0,0.0,52,90,1.0,0.7777777777777778,0.2222222222222222,8,14,0.9,0.7142857142857143,0.2857142857142857,4,5
18,0.65,0.78,209.2,452,97,156,0,74,False,-1,none,0.3,0.78,0.78,0.55,0.72,0.48,0.6,1.0,0.0,45,79,0.7,0.7222222222222222,0.2777777777777778,12,9,0.9,0.8333333333333334,0.16666666666666666,4,7
18,0.75,0.87,219.59999999999997,443,92,173,0,73,False,-1,none,0.3,0.8,0.84,0.57,0.77,0.54,0.7428571428571429,1.0,0.0,60,91,0.65,0.8888888888888888,0.1111111111111111,3,10,1.0,0.7647058823529411,0.23529411764705882,5,4
18,0.7,0.79,221.4,451,101,176,0,74,True,1,Slow,0.3,0.81,0.84,0.53,0.83,0.55,0.6285714285714286,1.0,0.0,44,92,0.95,0.6086956521739131,0.391304347826087,13,18,0.7,0.5,0.5,6,3
18,0.67,0.8,209.8,450,96,166,0,78,False,-1,none,0.3,0.81,0.76,0.53,0.73,0.59,0.6142857142857143,1.0,0.0,46,89,0.8,0.8695652173913043,0.13043478260869565,6,16,0.8,0.7142857142857143,0.2857142857142857,5,4
18,0.65,0.75,202.79999999999998,455,85,176,0,74,False,-1,none,0.3,0.79,0.77,0.52,0.74,0.54,0.6857142857142857,1.0,0.0,50,95,0.6,0.7647058823529411,0.23529411764705882,9,13,0.5,0.6,0.4,6,3
18,0.67,0.8,234.0,450,106,175,0,64,False,-1,none,0.3,0.79,0.83,0.62,0.78,0.59,0.6,1.0,0.0,50,96,0.8,0.7142857142857143,0.2857142857142857,12,12,0.9,0.6470588235294118,0.35294117647058826,3,2
18,0.68,0.78,226.39999999999998,452,102,179,0,76,False,-1,none,0.3,0.85,0.79,0.54,0.83,0.58,0.6428571428571429,1.0,0.0,54,96,0.75,0.7,0.3,13,12,0.8,0.5384615384615384,0.46153846153846156,2,2
18,0.68,0.77,201.79999999999998,453,97,162,0,74,False,-1,none,0.3,0.75,0.81,0.56,0.71,0.53,0.6857142857142857,1.0,0.0,54,89,0.6,0.8125,0.1875,6,10,0.8,0.6923076923076923,0.3076923076923077,2,1
18,0.65,0.82,218.79999999999998,448,110,165,0,78,False,-1,none,0.3,0.85,0.83,0.6,0.78,0.51,0.6142857142857143,1.0,0.0,52,87,0.75,0.8928571428571429,0.10714285714285714,4,13,0.7,0.5454545454545454,0.45454545454545453,4,5
18,0.74,0.95,251.8,435,93,185,0,77,False,-1,none,0.3,0.82,0.88,0.6,0.85,0.58,0.6714285714285714,1.0,0.0,48,100,0.9,0.9032258064516129,0.0967741935483871,7,21,0.9,0.6470588235294118,0.35294117647058826,4,5
18,0.7,0.8,214.79999999999998,450,90,167,0,78,False,-1,none,0.3,0.76,0.8,0.57,0.76,0.48,0.7285714285714285,1.0,0.0,58,92,0.55,0.7857142857142857,0.21428571428571427,5,5,0.8,0.6666666666666666,0.3333333333333333,2,5
18,0.62,0.77,206.79999999999998,453,106,161,0,61,False,-1,none,0.3,0.75,0.77,0.64,0.7,0.58,0.5571428571428572,1.0,0.0,41,93,0.7,0.8636363636363636,0.13636363636363635,7,15,0.9,0.6875,0.3125,4,1
18,0.67,0.79,227.6,451,91,181,0,79,False,-1,none,0.3,0.82,0.77,0.54,0.8,0.58,0.6142857142857143,1.0,0.0,49,97,0.8,0.65,0.35,13,9,0.8,0.6875,0.3125,9,4
18,0.66,0.74,191.19999999999996,456,133,159,0,69,False,-1,none,0.3,0.85,0.83,0.63,0.8,0.55,0.6142857142857143,1.0,0.0,46,96,0.65,0.75,0.25,4,7,1.0,0.8666666666666667,0.13333333333333333,1,5
19,0.64,0.82,179.20000000000005,448,103,153,0,57,False,-1,none,0.3,0.76,0.76,0.54,0.72,0.6,0.6571428571428571,1.0,0.0,49,95,0.55,0.5555555555555556,0.4444444444444444,2,3,0.7,0.6111111111111112,0.3888888888888889,0,4
19,0.64,0.76,172.79999999999998,454,91,171,0,72,False,-1,none,0.3,0.79,0.74,0.57,0.76,0.52,0.6142857142857143,1.0,0.0,51,89,0.75,0.7142857142857143,0.2857142857142857,13,13,0.6,0.6666666666666666,0.3333333333333333,0,5
19,0.63,0.76,167.39999999999998,454,83,170,0,76,True,1,Slow,0.3,0.8,0.76,0.49,0.71,0.53,0.6142857142857143,1.0,0.0,48,97,0.65,0.7894736842105263,0.21052631578947367,10,11,0.7,0.7857142857142857,0.21428571428571427,1,3
19,0.61,0.71,200.20000000000005,459,100,161,0,73,False,-1,none,0.3,0.76,0.78,0.54,0.68,0.56,0.5571428571428572,1.0,0.0,42,91,0.75,0.7,0.3,13,11,0.7,0.6666666666666666,0.3333333333333333,2,2
19,0.58,0.76,191.99999999999994,454,98,171,0,65,False,-1,none,0.3,0.78,0.79,0.64,0.72,0.52,0.5142857142857142,1.0,0.0,47,85,0.75,1.0,0.0,4,30,0.7,0.8571428571428571,0.14285714285714285,2,3
19,0.61,0.76,219.4,454,111,156,0,72,False,-1,none,0.3,0.81,0.78,0.62,0.7,0.52,0.5571428571428572,1.0,0.0,41,88,0.75,0.8181818181818182,0.18181818181818182,7,15,0.7,0.6,0.4,1,4
19,0.66,0.74,200.00000000000006,456,93,170,0,78,False,-1,none,0.3,0.78,0.78,0.59,0.75,0.47,0.6571428571428571,1.0,0.0,49,88,0.7,0.7647058823529411,0.23529411764705882,12,14,0.6,0.7272727272727273,0.2727272727272727,3,4
19,0.67,0.79,217.4,451,86,154,0,66,False,-1,none,0.3,0.74,0.74,0.52,0.67,0.52,0.6,1.0,0.0,45,78,0.75,0.7777777777777778,0.2222222222222222,10,12,1.0,0.631578947368421,0.3684210526315789,5,4
19,0.71,0.84,238.0,446,88,183,0,90,False,-1,none,0.3,0.86,0.86,0.52,0.77,0.54,0.6714285714285714,1.0,0.0,53,96,0.85,0.7083333333333334,0.2916666666666667,17,13,0.7,0.7692307692307693,0.23076923076923078,2,2
19,0.64,0.76,181.88000000000002,454,89,159,0,71,True,0,Slow,0.3,0.77,0.77,0.5,0.66,0.54,0.6571428571428571,1.0,0.0,43,92,0.55,0.8125,0.1875,7,9,0.7,0.8571428571428571,0.14285714285714285,3,5
19,0.73,0.85,239.20000000000002,445,82,165,0,93,False,-1,none,0.3,0.83,0.79,0.48,0.75,0.47,0.7,1.0,0.0,52,87,0.85,0.782608695652174,0.21739130434782608,9,12,0.7,0.6153846153846154,0.38461538461538464,1,4
19,0.71,0.83,231.0,447,90,170,0,67,False,-1,none,0.3,0.78,0.79,0.53,0.74,0.59,0.6714285714285714,1.0,0.0,55,91,0.85,0.65,0.35,8,13,0.7,0.875,0.125,1,2
19,0.67,0.73,195.0,457,100,169,0,83,False,-1,none,0.3,0.81,0.79,0.5,0.75,0.57,0.6142857142857143,1.0,0.0,44,94,0.9,0.7,0.3,12,16,0.6,1.0,0.0,0,3
19,0.69,0.79,212.79999999999998,451,101,163,0,87,False,-1,none,0.3,0.79,0.76,0.6,0.75,0.53,0.6571428571428571,1.0,0.0,48,93,0.8,0.8,0.2,5,10,0.7,0.7692307692307693,0.23076923076923078,2,5
19,0.77,0.86,228.60000000000005,444,92,195,0,67,False,-1,none,0.3,0.83,0.84,0.62,0.81,0.63,0.7571428571428571,1.0,0.0,61,101,0.85,0.8181818181818182,0.18181818181818182,11,15,0.7,0.7272727272727273,0.2727272727272727,4,3
19,0.78,0.9,246.8,440,97,177,0,101,False,-1,none,0.3,0.85,0.9,0.57,0.77,0.55,0.7142857142857143,1.0,0.0,52,92,0.95,0.84,0.16,8,17,0.9,0.6666666666666666,0.3333333333333333,6,2
19,0.73,0.84,242.6,446,104,168,0,84,False,-1,none,0.3,0.84,0.85,0.51,0.81,0.55,0.7142857142857143,1.0,0.0,46,96,0.65,0.625,0.375,12,7,1.0,0.7222222222222222,0.2777777777777778,4,3
19,0.72,0.86,217.76000000000005,444,92,166,0,81,True,0,Slow,0.3,0.79,0.83,0.47,0.8,0.55,0.6714285714285714,1.0,0.0,48,92,0.8,0.75,0.25,10,10,0.9,0.7894736842105263,0.21052631578947367,1,5
19,0.72,0.86,233.00000000000003,444,88,177,0,64,False,-1,none,0.3,0.81,0.8,0.55,0.75,0.6,0.6714285714285714,1.0,0.0,56,91,0.8,0.8636363636363636,0.13636363636363635,7,13,0.9,0.7058823529411765,0.29411764705882354,4,6
19,0.74,0.92,225.20000000000007,438,111,184,0,88,True,2,Slow,0.3,0.91,0.9,0.57,0.88,0.61,0.6857142857142857,1.0,0.0,48,104,0.8,0.8,0.2,8,17,1.0,0.9473684210526315,0.05263157894736842,2,5
19,0.73,0.82,211.16000000000003,448,94,200,0,59,True,0,Slow,0.3,0.86,0.82,0.62,0.82,0.64,0.7142857142857143,1.0,0.0,63,106,0.75,0.6111111111111112,0.3888888888888889,12,15,0.8,0.7142857142857143,0.2857142857142857,3,1
19,0.74,0.81,208.87999999999994,449,82,181,0,76,True,1,Slow,0.3,0.8,0.81,0.51,0.74,0.58,0.7571428571428571,1.0,0.0,59,93,0.65,0.5882352941176471,0.4117647058823529,17,10,0.8,0.7272727272727273,0.2727272727272727,0,2
19,0.71,0.86,237.92000000000002,444,94,170,0,70,True,4,Shigh,0.3,0.8,0.84,0.55,0.78,0.53,0.6857142857142857,1.0,0.0,48,91,0.75,0.7391304347826086,0.2608695652173913,11,13,0.8,0.6,0.4,3,4
19,0.64,0.77,198.86,453,103,172,0,63,True,4,Shigh,0.3,0.81,0.77,0.6,0.77,0.57,0.6285714285714286,1.0,0.0,45,99,0.6,0.7647058823529411,0.23529411764705882,11,13,0.8,0.875,0.125,2,2
19,0.68,0.75,208.79999999999998,455,107,173,0,80,False,-1,none,0.3,0.83,0.82,0.54,0.8,0.56,0.6571428571428571,1.0,0.0,55,95,0.7,0.7647058823529411,0.23529411764705882,8,8,0.8,0.6666666666666666,0.3333333333333333,4,3
19,0.7,0.84,236.79999999999998,446,90,191,0,75,False,-1,none,0.3,0.84,0.82,0.56,0.81,0.62,0.6714285714285714,1.0,0.0,52,100,0.75,0.7727272727272727,0.22727272727272727,13,17,0.8,0.6,0.4,5,4
19,0.71,0.82,207.48000000000002,448,104,181,0,78,True,0,Slow,0.3,0.81,0.84,0.66,0.8,0.56,0.6428571428571429,1.0,0.0,55,95,0.85,0.7619047619047619,0.23809523809523808,10,12,0.9,0.75,0.25,5,4
19,0.75,0.85,235.0,445,89,187,0,74,False,-1,none,0.3,0.84,0.82,0.56,0.79,0.6,0.7142857142857143,1.0,0.0,55,95,0.85,0.6666666666666666,0.3333333333333333,16,17,0.8,0.8571428571428571,0.14285714285714285,1,3
19,0.7,0.82,224.20000000000002,448,91,190,0,77,False,-1,none,0.3,0.81,0.83,0.59,0.81,0.59,0.7142857142857143,1.0,0.0,53,105,0.6,0.5714285714285714,0.42857142857142855,14,12,0.8,0.8888888888888888,0.1111111111111111,3,3
19,0.75,0.83,240.00000000000003,447,94,181,0,87,False,-1,none,0.3,0.83,0.81,0.53,0.8,0.61,0.7142857142857143,1.0,0.0,47,97,0.85,0.7,0.3,12,15,0.8,0.6153846153846154,0.38461538461538464,6,4
19,0.66,0.75,213.20000000000002,455,95,170,0,65,False,-1,none,0.3,0.77,0.77,0.51,0.76,0.59,0.5857142857142857,1.0,0.0,42,94,0.9,0.7142857142857143,0.2857142857142857,12,15,0.7,0.7692307692307693,0.23076923076923078,2,5
19,0.64,0.74,198.2,456,100,181,0,80,False,-1,none,0.3,0.76,0.84,0.64,0.78,0.53,0.6142857142857143,1.0,0.0,56,93,0.75,0.7368421052631579,0.2631578947368421,12,18,0.6,0.9166666666666666,0.08333333333333333,1,1
19,0.7,0.77,231.2,453,76,189,0,78,False,-1,none,0.3,0.76,0.81,0.56,0.73,0.56,0.7142857142857143,1.0,0.0,62,97,0.6,0.5,0.5,15,7,0.8,0.6153846153846154,0.38461538461538464,5,3
19,0.63,0.73,206.54000000000002,457,105,174,0,68,True,3,Shigh,0.3,0.83,0.81,0.56,0.77,0.55,0.5714285714285714,1.0,0.0,51,99,0.75,0.5,0.5,13,11,0.8,0.8461538461538461,0.15384615384615385,0,0
19,0.54,0.65,156.08,465,94,156,0,70,True,0,Slow,0.3,0.72,0.71,0.47,0.67,0.58,0.4857142857142857,1.0,0.0,39,92,0.6,0.8125,0.1875,9,9,0.8,0.8,0.2,4,3
19,0.68,0.79,184.44,451,104,162,0,80,True,0,Slow,0.3,0.84,0.8,0.56,0.76,0.49,0.6428571428571429,1.0,0.0,55,88,0.75,0.8421052631578947,0.15789473684210525,7,11,0.8,0.8666666666666667,0.13333333333333333,0,1
19,0.64,0.74,206.39999999999998,456,108,163,0,70,False,-1,none,0.3,0.79,0.74,0.59,0.77,0.56,0.6,1.0,0.0,41,99,0.7,0.8235294117647058,0.17647058823529413,9,9,0.8,0.6666666666666666,0.3333333333333333,1,4
19,0.63,0.75,201.70000000000002,455,82,172,0,56,True,4,Shigh,0.3,0.69,0.73,0.59,0.73,0.55,0.6571428571428571,1.0,0.0,54,94,0.45,0.8666666666666667,0.13333333333333333,5,12,0.8,0.5,0.5,1,6
19,0.66,0.73,206.8,457,86,165,0,86,False,-1,none,0.3,0.79,0.78,0.42,0.74,0.51,0.6714285714285714,1.0,0.0,48,91,0.6,0.8,0.2,6,11,0.7,0.45454545454545453,0.5454545454545454,5,4
19,0.75,0.86,240.04000000000005,444,97,204,0,78,True,2,Slow,0.3,0.88,0.91,0.57,0.84,0.67,0.7285714285714285,1.0,0.0,58,104,0.85,0.6956521739130435,0.30434782608695654,13,19,0.7,0.5833333333333334,0.4166666666666667,2,8
19,0.7,0.77,221.0,453,85,189,0,69,False,-1,none,0.3,0.82,0.8,0.55,0.79,0.55,0.6857142857142857,1.0,0.0,56,96,0.85,0.631578947368421,0.3684210526315789,16,13,0.5,0.7,0.3,6,2
19,0.7,0.8,207.72000000000003,450,106,179,0,80,True,0,Slow,0.3,0.86,0.85,0.55,0.78,0.61,0.6857142857142857,1.0,0.0,47,101,0.75,0.7,0.3,11,11,0.7,0.6666666666666666,0.3333333333333333,5,4
19,0.65,0.77,216.00000000000003,453,80,158,0,65,True,0,Slow,0.3,0.72,0.72,0.51,0.7,0.5,0.6428571428571429,1.0,0.0,45,87,0.55,0.6875,0.3125,12,6,0.9,0.5,0.5,3,5
19,0.68,0.79,213.80000000000004,451,104,153,0,74,False,-1,none,0.3,0.81,0.8,0.59,0.72,0.44,0.6285714285714286,1.0,0.0,45,80,0.85,0.84,0.16,7,18,0.7,0.7,0.3,1,2
19,0.66,0.76,206.59999999999997,454,89,163,0,87,False,-1,none,0.3,0.76,0.79,0.44,0.76,0.53,0.6142857142857143,1.0,0.0,40,93,0.85,0.8695652173913043,0.13043478260869565,11,17,0.6,0.6,0.4,0,2
19,0.71,0.85,221.60000000000002,445,83,170,0,77,False,-1,none,0.3,0.79,0.78,0.53,0.74,0.54,0.6857142857142857,1.0,0.0,56,93,0.7,0.8571428571428571,0.14285714285714285,8,9,0.9,0.8125,0.1875,1,3
19,0.68,0.81,226.6,449,101,181,0,72,False,-1,none,0.3,0.83,0.83,0.58,0.8,0.59,0.6285714285714286,1.0,0.0,46,97,0.8,0.7619047619047619,0.23809523809523808,15,14,0.8,0.75,0.25,4,5
19,0.79,0.91,242.60000000000002,439,90,188,0,71,False,-1,none,0.3,0.86,0.81,0.61,0.81,0.6,0.8142857142857143,1.0,0.0,61,104,0.8,0.9166666666666666,0.08333333333333333,4,14,0.6,0.5,0.5,1,4
19,0.7,0.8,211.76000000000002,450,113,176,0,76,True,2,Slow,0.3,0.85,0.82,0.6,0.8,0.62,0.6428571428571429,1.0,0.0,54,102,0.8,0.75,0.25,7,10,0.9,0.7333333333333333,0.26666666666666666,1,2
19,0.72,0.83,243.80000000000004,447,89,182,0,71,False,-1,none,0.3,0.82,0.78,0.62,0.78,0.54,0.6714285714285714,1.0,0.0,59,92,0.8,0.7727272727272727,0.22727272727272727,11,14,0.9,0.5,0.5,3,3
19,0.72,0.86,225.6,444,111,186,0,62,False,-1,none,0.3,0.89,0.86,0.69,0.81,0.58,0.7142857142857143,1.0,0.0,55,100,0.7,0.9545454545454546,0.045454545454545456,2,20,0.8,0.6428571428571429,0.35714285714285715,4,5
19,0.73,0.83,222.6,447,94,175,0,83,False,-1,none,0.3,0.84,0.81,0.6,0.73,0.54,0.7142857142857143,1.0,0.0,58,91,0.75,0.85,0.15,7,15,0.8,0.6923076923076923,0.3076923076923077,4,0
19,0.63,0.69,190.59999999999997,461,122,172,0,77,False,-1,none,0.3,0.79,0.85,0.54,0.83,0.62,0.6,1.0,0.0,40,106,0.8,0.7368421052631579,0.2631578947368421,9,15,0.5,0.75,0.25,0,2
19,0.73,0.89,254.60000000000002,441,79,171,0,86,False,-1,none,0.3,0.77,0.79,0.6,0.68,0.55,0.6714285714285714,1.0,0.0,61,87,0.85,0.7916666666666666,0.20833333333333334,7,12,0.9,0.6666666666666666,0.3333333333333333,1,3
19,0.67,0.8,203.39999999999998,450,73,174,0,78,True,2,Slow,0.3,0.76,0.75,0.5,0.74,0.52,0.6428571428571429,1.0,0.0,55,92,0.75,0.8181818181818182,0.18181818181818182,9,15,0.7,0.6923076923076923,0.3076923076923077,2,1
19,0.68,0.8,230.27999999999997,450,91,170,0,74,True,4,Shigh,0.3,0.76,0.81,0.53,0.79,0.52,0.6142857142857143,1.0,0.0,43,90,0.85,0.6521739130434783,0.34782608695652173,16,16,0.8,0.7142857142857143,0.2857142857142857,3,2
19,0.65,0.76,203.39999999999998,454,92,164,0,68,False,-1,none,0.3,0.78,0.77,0.54,0.7,0.53,0.6285714285714286,1.0,0.0,41,91,0.7,0.8421052631578947,0.15789473684210525,9,17,0.7,0.7692307692307693,0.23076923076923078,5,1
19,0.7,0.82,215.40000000000003,448,107,170,0,81,False,-1,none,0.3,0.79,0.86,0.59,0.79,0.56,0.6571428571428571,1.0,0.0,54,95,0.75,0.9047619047619048,0.09523809523809523,5,12,0.9,0.7333333333333333,0.26666666666666666,2,2
19,0.61,0.75,212.00000000000003,455,96,157,0,62,False,-1,none,0.3,0.74,0.77,0.5,0.71,0.56,0.5714285714285714,1.0,0.0,43,90,0.65,0.75,0.25,9,10,0.8,0.7333333333333333,0.26666666666666666,1,4
19,0.78,0.96,253.00000000000006,434,88,189,0,82,False,-1,none,0.3,0.88,0.87,0.63,0.85,0.5,0.7571428571428571,1.0,0.0,65,96,0.85,0.9,0.1,10,16,0.8,0.6923076923076923,0.3076923076923077,2,0
19,0.7,0.81,234.60000000000002,449,99,176,0,79,False,-1,none,0.3,0.8,0.79,0.56,0.81,0.6,0.6,1.0,0.0,44,92,1.0,0.8076923076923077,0.19230769230769232,10,21,0.8,0.5384615384615384,0.46153846153846156,5,4
19,0.71,0.81,231.0,449,105,180,0,59,False,-1,none,0.3,0.84,0.79,0.59,0.77,0.67,0.6428571428571429,1.0,0.0,41,102,0.9,0.7391304347826086,0.2608695652173913,15,14,0.8,0.6923076923076923,0.3076923076923077,5,3
19,0.73,0.84,241.20000000000005,446,93,167,0,81,False,-1,none,0.3,0.81,0.8,0.45,0.79,0.59,0.6857142857142857,1.0,0.0,45,92,0.85,0.7142857142857143,0.2857142857142857,14,13,0.8,0.6666666666666666,0.3333333333333333,1,2
19,0.78,0.85,231.20000000000002,445,96,185,0,69,False,-1,none,0.3,0.83,0.86,0.61,0.78,0.58,0.7714285714285715,1.0,0.0,65,97,0.8,0.7894736842105263,0.21052631578947367,6,11,0.8,0.6666666666666666,0.3333333333333333,3,3
19,0.63,0.75,195.39999999999998,455,88,160,0,72,False,-1,none,0.3,0.74,0.72,0.52,0.69,0.56,0.6,1.0,0.0,52,89,0.65,0.95,0.05,3,13,0.8,0.6923076923076923,0.3076923076923077,0,3
19,0.66,0.78,191.96000000000004,452,90,158,0,89,True,0,Slow,0.3,0.76,0.75,0.53,0.75,0.47,0.6142857142857143,1.0,0.0,39,93,0.75,0.8571428571428571,0.14285714285714285,7,13,0.8,0.7142857142857143,0.2857142857142857,3,3
20,0.68,0.88,172.80000000000007,442,102,149,0,86,False,-1,none,0.3,0.81,0.8,0.54,0.75,0.49,0.6285714285714286,1.0,0.0,47,87,0.8,0.75,0.25,5,8,0.8,0.8125,0.1875,0,2
20,0.65,0.81,160.19999999999996,449,88,171,0,70,False,-1,none,0.3,0.79,0.77,0.52,0.75,0.57,0.6428571428571429,1.0,0.0,48,98,0.7,0.9047619047619048,0.09523809523809523,4,20,0.6,0.8666666666666667,0.13333333333333333,0,1
20,0.58,0.79,190.2,451,98,144,0,64,True,3,Shigh,0.3,0.73,0.73,0.56,0.69,0.5,0.5428571428571428,1.0,0.0,47,84,0.6,0.7142857142857143,0.2857142857142857,3,5,0.8,0.65,0.35,2,3
20,0.65,0.73,200.20000000000005,457,106,152,0,74,False,-1,none,0.3,0.78,0.76,0.51,0.71,0.55,0.6142857142857143,1.0,0.0,42,89,0.9,0.782608695652174,0.21739130434782608,7,9,0.4,0.42857142857142855,0.5714285714285714,3,2
20,0.62,0.74,187.2,456,92,156,0,68,False,-1,none,0.3,0.75,0.75,0.53,0.74,0.45,0.6142857142857143,1.0,0.0,41,81,0.75,1.0,0.0,4,25,0.4,0.75,0.25,1,4
20,0.62,0.71,195.59999999999997,459,112,159,0,78,False,-1,none,0.3,0.8,0.77,0.54,0.69,0.62,0.5428571428571428,1.0,0.0,35,95,0.7,0.8333333333333334,0.16666666666666666,9,13,1.0,0.8,0.2,2,5
20,0.7,0.83,228.0,447,113,174,0,80,False,-1,none,0.3,0.84,0.84,0.56,0.85,0.61,0.6428571428571429,1.0,0.0,45,98,0.8,0.7,0.3,11,14,0.9,0.7777777777777778,0.2222222222222222,3,3
20,0.67,0.78,202.80000000000004,452,92,152,0,83,False,-1,none,0.3,0.76,0.78,0.47,0.68,0.53,0.6571428571428571,1.0,0.0,43,85,0.65,0.8888888888888888,0.1111111111111111,4,15,0.8,0.7142857142857143,0.2857142857142857,3,2
20,0.75,0.87,245.40000000000003,443,84,179,0,85,False,-1,none,0.3,0.81,0.82,0.54,0.81,0.52,0.7,1.0,0.0,56,92,0.9,0.8695652173913043,0.13043478260869565,5,18,0.8,0.5333333333333333,0.4666666666666667,6,2
20,0.73,0.81,230.00000000000003,449,76,191,0,67,False,-1,none,0.3,0.82,0.78,0.49,0.78,0.61,0.7142857142857143,1.0,0.0,58,103,0.75,0.7368421052631579,0.2631578947368421,8,16,0.8,0.5833333333333334,0.4166666666666667,4,2
20,0.72,0.88,234.62000000000006,442,93,167,0,72,True,3,Shigh,0.3,0.79,0.79,0.61,0.78,0.51,0.7,1.0,0.0,51,93,0.8,0.6538461538461539,0.34615384615384615,8,13,0.7,0.7692307692307693,0.23076923076923078,2,0
20,0.75,0.88,231.80000000000007,442,87,168,0,77,False,-1,none,0.3,0.8,0.79,0.59,0.76,0.49,0.7142857142857143,1.0,0.0,54,82,0.85,0.875,0.125,5,19,0.8,0.7857142857142857,0.21428571428571427,3,5
20,0.66,0.76,221.52000000000004,454,77,165,0,77,True,2,Slow,0.3,0.76,0.73,0.45,0.7,0.54,0.6285714285714286,1.0,0.0,50,85,0.75,0.5789473684210527,0.42105263157894735,14,11,0.7,0.6923076923076923,0.3076923076923077,2,3
20,0.71,0.8,221.20000000000002,450,101,174,0,75,False,-1,none,0.3,0.82,0.84,0.53,0.79,0.57,0.6857142857142857,1.0,0.0,49,98,0.8,0.8,0.2,8,13,0.7,0.6666666666666666,0.3333333333333333,3,3
20,0.67,0.8,229.00000000000006,450,89,182,0,64,False,-1,none,0.3,0.79,0.82,0.57,0.75,0.58,0.6428571428571429,1.0,0.0,53,96,0.65,0.8421052631578947,0.15789473684210525,6,15,0.9,0.5625,0.4375,7,5
20,0.65,0.71,210.8,459,118,158,0,78,False,-1,none,0.3,0.83,0.83,0.47,0.8,0.54,0.6142857142857143,1.0,0.0,41,93,0.7,0.6428571428571429,0.35714285714285715,10,10,0.8,0.5714285714285714,0.42857142857142855,2,2
20,0.68,0.79,214.76000000000002,451,85,170,0,76,True,3,Shigh,0.3,0.77,0.78,0.54,0.7,0.55,0.6428571428571429,1.0,0.0,53,94,0.75,0.6666666666666666,0.3333333333333333,12,10,0.8,0.6923076923076923,0.3076923076923077,0,1
20,0.67,0.82,212.0,448,93,169,0,76,False,-1,none,0.3,0.79,0.8,0.52,0.79,0.54,0.6142857142857143,1.0,0.0,42,97,0.8,0.92,0.08,5,16,0.8,0.7857142857142857,0.21428571428571427,4,5
20,0.6,0.74,192.6,456,92,161,0,78,False,-1,none,0.3,0.74,0.78,0.45,0.75,0.55,0.5714285714285714,1.0,0.0,40,93,0.6,0.8888888888888888,0.1111111111111111,5,13,0.8,0.8125,0.1875,4,6
20,0.65,0.75,179.39999999999995,455,83,166,0,86,True,1,Slow,0.3,0.78,0.77,0.51,0.74,0.44,0.6857142857142857,1.0,0.0,50,92,0.65,0.8421052631578947,0.15789473684210525,7,10,0.4,0.625,0.375,3,4
20,0.7,0.81,228.0,449,107,173,0,79,False,-1,none,0.3,0.86,0.84,0.62,0.74,0.55,0.6714285714285714,1.0,0.0,50,88,0.85,0.7727272727272727,0.22727272727272727,11,17,0.6,0.75,0.25,3,4
20,0.65,0.79,223.19999999999996,451,101,173,0,72,False,-1,none,0.3,0.77,0.81,0.59,0.77,0.59,0.5571428571428572,1.0,0.0,49,92,0.9,0.8461538461538461,0.15384615384615385,10,16,0.8,0.7142857142857143,0.2857142857142857,2,4
20,0.69,0.78,185.15999999999997,452,86,156,0,100,True,1,Slow,0.3,0.78,0.78,0.44,0.73,0.47,0.7,1.0,0.0,56,89,0.65,0.9411764705882353,0.058823529411764705,1,7,0.7,0.6666666666666666,0.3333333333333333,2,1
20,0.7,0.79,213.60000000000002,451,75,172,0,69,False,-1,none,0.3,0.75,0.77,0.5,0.74,0.5,0.6857142857142857,1.0,0.0,53,89,0.75,0.8,0.2,12,14,0.7,0.7272727272727273,0.2727272727272727,3,1
20,0.71,0.78,227.6,452,111,180,0,76,False,-1,none,0.3,0.84,0.83,0.61,0.82,0.59,0.6571428571428571,1.0,0.0,52,98,0.8,0.631578947368421,0.3684210526315789,12,11,0.9,0.6923076923076923,0.3076923076923077,1,6
20,0.6,0.75,200.20000000000007,455,93,154,0,73,False,-1,none,0.3,0.74,0.74,0.52,0.7,0.52,0.5857142857142857,1.0,0.0,40,88,0.55,0.8888888888888888,0.1111111111111111,6,12,0.8,0.75,0.25,3,5
20,0.72,0.86,242.8,444,109,190,0,70,False,-1,none,0.3,0.9,0.9,0.61,0.87,0.57,0.6714285714285714,1.0,0.0,54,98,0.9,0.6923076923076923,0.3076923076923077,17,17,0.7,0.8461538461538461,0.15384615384615385,0,4
20,0.66,0.8,220.4,450,99,172,0,74,False,-1,none,0.3,0.82,0.83,0.57,0.76,0.53,0.6,1.0,0.0,48,89,0.85,0.84,0.16,9,20,0.7,0.6923076923076923,0.3076923076923077,3,3
20,0.65,0.79,211.5,451,92,184,0,80,True,3,Shigh,0.3,0.81,0.79,0.61,0.74,0.6,0.6428571428571429,1.0,0.0,51,98,0.7,0.8095238095238095,0.19047619047619047,12,13,0.6,0.6153846153846154,0.38461538461538464,4,6
20,0.66,0.77,196.36000000000007,453,93,155,0,80,True,2,Slow,0.3,0.77,0.79,0.53,0.73,0.43,0.6714285714285714,1.0,0.0,48,91,0.65,0.7368421052631579,0.2631578947368421,10,6,0.6,0.9090909090909091,0.09090909090909091,0,0
20,0.72,0.82,241.40000000000003,448,102,184,0,87,False,-1,none,0.3,0.87,0.86,0.6,0.74,0.61,0.7142857142857143,1.0,0.0,54,98,0.65,0.35714285714285715,0.6428571428571429,15,7,0.9,0.8333333333333334,0.16666666666666666,3,7
20,0.72,0.83,243.60000000000002,447,81,193,0,78,False,-1,none,0.3,0.84,0.82,0.53,0.78,0.6,0.7,1.0,0.0,54,102,0.75,0.5555555555555556,0.4444444444444444,19,13,0.8,0.75,0.25,1,4
20,0.55,0.63,180.39999999999998,467,92,135,0,70,False,-1,none,0.3,0.68,0.7,0.46,0.6,0.46,0.5142857142857142,1.0,0.0,39,72,0.6,0.75,0.25,10,10,0.7,0.6363636363636364,0.36363636363636365,0,4
20,0.68,0.78,236.60000000000002,452,109,162,0,86,False,-1,none,0.3,0.81,0.83,0.54,0.75,0.56,0.6142857142857143,1.0,0.0,43,88,0.85,0.7142857142857143,0.2857142857142857,12,12,0.8,0.5,0.5,4,3
20,0.67,0.83,227.00000000000003,447,96,174,0,77,False,-1,none,0.3,0.84,0.82,0.51,0.8,0.56,0.6142857142857143,1.0,0.0,42,97,0.75,0.7727272727272727,0.22727272727272727,12,13,0.9,0.8333333333333334,0.16666666666666666,2,8
20,0.67,0.79,239.0,451,113,153,0,75,False,-1,none,0.3,0.82,0.82,0.53,0.79,0.49,0.6142857142857143,1.0,0.0,38,83,0.75,0.7,0.3,15,10,0.9,0.5625,0.4375,3,4
20,0.65,0.8,236.80000000000004,450,91,159,0,75,False,-1,none,0.3,0.76,0.79,0.5,0.75,0.5,0.5571428571428572,1.0,0.0,43,83,0.95,0.75,0.25,13,15,0.7,0.6153846153846154,0.38461538461538464,2,3
20,0.62,0.78,202.8,452,103,163,0,71,False,-1,none,0.3,0.8,0.81,0.53,0.75,0.55,0.5714285714285714,1.0,0.0,39,92,0.7,0.8636363636363636,0.13636363636363635,9,15,0.8,0.875,0.125,1,7
20,0.73,0.85,229.80000000000004,445,87,177,0,86,False,-1,none,0.3,0.85,0.82,0.53,0.76,0.53,0.6857142857142857,1.0,0.0,56,90,0.85,0.7142857142857143,0.2857142857142857,12,11,0.8,0.875,0.125,2,6
20,0.72,0.78,219.79999999999998,452,100,172,0,75,False,-1,none,0.3,0.79,0.83,0.56,0.8,0.52,0.7142857142857143,1.0,0.0,53,94,0.75,0.7222222222222222,0.2777777777777778,9,12,0.7,0.6,0.4,2,2
20,0.73,0.8,219.79999999999998,450,97,192,0,76,False,-1,none,0.3,0.88,0.83,0.61,0.82,0.55,0.7,1.0,0.0,67,96,0.85,0.7,0.3,12,13,0.7,0.8181818181818182,0.18181818181818182,0,4
20,0.72,0.81,242.20000000000002,449,109,179,0,71,False,-1,none,0.3,0.82,0.87,0.62,0.8,0.58,0.7142857142857143,1.0,0.0,52,95,0.65,0.6,0.4,12,12,0.9,0.5625,0.4375,4,4
20,0.64,0.76,219.0,454,114,178,0,87,False,-1,none,0.3,0.88,0.83,0.53,0.83,0.61,0.5571428571428572,1.0,0.0,46,98,0.85,0.7272727272727273,0.2727272727272727,14,15,0.8,0.7333333333333333,0.26666666666666666,1,4
20,0.69,0.82,207.80000000000007,448,103,177,0,78,False,-1,none,0.3,0.84,0.83,0.54,0.79,0.62,0.6571428571428571,1.0,0.0,50,105,0.75,0.9545454545454546,0.045454545454545456,2,14,0.8,0.7857142857142857,0.21428571428571427,3,3
20,0.75,0.88,229.12,442,90,167,0,75,True,1,Slow,0.3,0.78,0.78,0.55,0.78,0.56,0.7285714285714285,1.0,0.0,44,98,0.8,0.782608695652174,0.21739130434782608,6,11,0.8,0.6428571428571429,0.35714285714285715,4,4
20,0.67,0.84,199.48000000000005,446,83,161,0,77,True,1,Slow,0.3,0.78,0.77,0.52,0.71,0.5,0.6571428571428571,1.0,0.0,46,91,0.65,1.0,0.0,0,16,0.8,0.75,0.25,3,5
20,0.72,0.81,240.6,449,101,189,0,84,False,-1,none,0.3,0.89,0.83,0.5,0.82,0.67,0.6857142857142857,1.0,0.0,49,105,0.75,0.6111111111111112,0.3888888888888889,12,14,0.9,0.7333333333333333,0.26666666666666666,4,5
20,0.7,0.74,194.39999999999998,456,99,175,0,77,False,-1,none,0.3,0.81,0.79,0.54,0.77,0.57,0.7285714285714285,1.0,0.0,50,102,0.75,0.8333333333333334,0.16666666666666666,7,13,0.4,0.8,0.2,2,1
20,0.72,0.79,231.59999999999997,451,101,178,0,77,False,-1,none,0.3,0.85,0.84,0.55,0.75,0.59,0.6714285714285714,1.0,0.0,50,92,0.95,0.75,0.25,13,19,0.6,0.5,0.5,2,2
20,0.68,0.79,214.79999999999998,451,91,170,0,75,False,-1,none,0.3,0.77,0.78,0.52,0.79,0.54,0.6428571428571429,1.0,0.0,50,92,0.75,0.9,0.1,5,16,0.8,0.7142857142857143,0.2857142857142857,3,4
20,0.68,0.8,212.99999999999994,450,94,163,0,68,False,-1,none,0.3,0.78,0.78,0.56,0.74,0.51,0.6714285714285714,1.0,0.0,49,92,0.6,0.8,0.2,7,9,0.9,0.8888888888888888,0.1111111111111111,1,5
20,0.57,0.67,211.2,463,106,160,0,67,False,-1,none,0.3,0.77,0.73,0.54,0.71,0.58,0.5142857142857142,1.0,0.0,38,91,0.6,0.6666666666666666,0.3333333333333333,12,11,0.9,0.5625,0.4375,7,1
20,0.66,0.77,205.79999999999995,453,89,178,0,66,False,-1,none,0.3,0.78,0.77,0.52,0.77,0.6,0.6285714285714286,1.0,0.0,50,100,0.8,0.9047619047619048,0.09523809523809523,8,15,0.6,0.75,0.25,1,4
20,0.69,0.82,247.19999999999993,448,109,182,0,67,False,-1,none,0.3,0.86,0.81,0.64,0.82,0.6,0.6285714285714286,1.0,0.0,52,103,0.8,0.8181818181818182,0.18181818181818182,10,11,0.9,0.5,0.5,4,2
20,0.66,0.77,193.31999999999996,453,103,179,0,76,True,1,Slow,0.3,0.83,0.79,0.58,0.79,0.6,0.6,1.0,0.0,49,102,0.8,0.8571428571428571,0.14285714285714285,7,14,0.8,0.7142857142857143,0.2857142857142857,3,4
20,0.65,0.77,201.59999999999997,453,103,182,0,73,False,-1,none,0.3,0.8,0.79,0.59,0.81,0.63,0.6142857142857143,1.0,0.0,48,102,0.7,0.8421052631578947,0.15789473684210525,8,19,0.8,0.9333333333333333,0.06666666666666667,1,4
20,0.66,0.82,200.40000000000003,448,90,160,0,88,True,0,Slow,0.3,0.81,0.8,0.44,0.75,0.52,0.6,1.0,0.0,39,91,0.7,0.8,0.2,10,12,1.0,0.9,0.1,2,6
20,0.71,0.84,235.19999999999996,446,85,186,0,80,False,-1,none,0.3,0.78,0.8,0.59,0.8,0.58,0.6857142857142857,1.0,0.0,59,101,0.8,0.7727272727272727,0.22727272727272727,8,11,0.7,0.7857142857142857,0.21428571428571427,2,5
20,0.69,0.84,243.59999999999997,446,88,168,0,70,False,-1,none,0.3,0.79,0.8,0.5,0.73,0.58,0.6428571428571429,1.0,0.0,46,92,0.8,0.875,0.125,6,16,0.8,0.5333333333333333,0.4666666666666667,5,3
20,0.65,0.81,222.53999999999994,449,113,171,0,70,True,3,Shigh,0.3,0.83,0.81,0.6,0.78,0.63,0.5571428571428572,1.0,0.0,45,98,0.85,0.7916666666666666,0.20833333333333334,9,12,0.9,0.7222222222222222,0.2777777777777778,2,5
20,0.63,0.74,198.59999999999997,456,114,156,0,86,False,-1,none,0.3,0.82,0.83,0.57,0.74,0.48,0.6285714285714286,1.0,0.0,49,90,0.55,0.9333333333333333,0.06666666666666667,4,6,0.8,0.7333333333333333,0.26666666666666666,2,5
20,0.69,0.82,234.59999999999997,448,104,165,0,79,False,-1,none,0.3,0.83,0.83,0.57,0.75,0.53,0.6571428571428571,1.0,0.0,48,93,0.7,0.8421052631578947,0.15789473684210525,5,9,0.9,0.6470588235294118,0.35294117647058826,4,6
20,0.58,0.68,192.59999999999997,462,118,142,0,82,False,-1,none,0.3,0.77,0.73,0.54,0.73,0.51,0.4857142857142857,1.0,0.0,26,86,0.8,0.8095238095238095,0.19047619047619047,11,9,0.8,0.7692307692307693,0.23076923076923078,4,6
20,0.76,0.87,263.40000000000003,443,89,186,0,68,False,-1,none,0.3,0.82,0.83,0.59,0.78,0.6,0.7285714285714285,1.0,0.0,55,92,0.75,0.6666666666666666,0.3333333333333333,13,11,1.0,0.6111111111111112,0.3888888888888889,6,9
20,0.67,0.74,211.2,456,112,162,0,77,False,-1,none,0.3,0.84,0.79,0.49,0.76,0.6,0.6285714285714286,1.0,0.0,44,96,0.7,0.75,0.25,7,12,0.9,0.7142857142857143,0.2857142857142857,0,3
20,0.71,0.79,231.59999999999997,451,96,155,0,100,False,-1,none,0.3,0.8,0.81,0.49,0.77,0.43,0.7,1.0,0.0,44,86,0.7,0.6470588235294118,0.35294117647058826,10,9,0.8,0.6923076923076923,0.3076923076923077,1,5
21,0.65,0.84,179.20000000000005,446,122,146,0,68,False,-1,none,0.3,0.8,0.83,0.58,0.78,0.53,0.6142857142857143,1.0,0.0,44,90,0.75,0.625,0.375,6,5,0.7,0.7058823529411765,0.29411764705882354,0,1
21,0.58,0.62,136.8,468,104,156,0,78,False,-1,none,0.3,0.76,0.76,0.49,0.71,0.5,0.6285714285714286,1.0,0.0,49,94,0.55,0.6666666666666666,0.3333333333333333,8,3,0.3,0.5,0.5,0,2
21,0.66,0.79,194.0,451,93,171,0,67,False,-1,none,0.3,0.8,0.79,0.52,0.74,0.58,0.6,1.0,0.0,48,92,0.75,0.85,0.15,9,17,0.9,0.6470588235294118,0.35294117647058826,1,4
21,0.68,0.78,211.20000000000005,452,102,184,0,81,False,-1,none,0.3,0.82,0.85,0.47,0.85,0.65,0.6571428571428571,1.0,0.0,50,99,0.8,0.7142857142857143,0.2857142857142857,7,20,0.6,0.7272727272727273,0.2727272727272727,2,6
21,0.67,0.78,215.99999999999997,452,87,172,0,73,False,-1,none,0.3,0.79,0.79,0.51,0.74,0.54,0.6571428571428571,1.0,0.0,47,90,0.65,1.0,0.0,3,25,0.8,0.45454545454545453,0.5454545454545454,4,3
21,0.72,0.84,241.59999999999997,446,95,171,0,75,False,-1,none,0.3,0.82,0.82,0.53,0.77,0.56,0.6857142857142857,1.0,0.0,46,91,0.8,0.7272727272727273,0.2727272727272727,15,11,0.8,0.5714285714285714,0.42857142857142855,4,4
21,0.6,0.63,195.79999999999995,467,102,166,0,69,False,-1,none,0.3,0.77,0.76,0.48,0.72,0.58,0.5857142857142857,1.0,0.0,39,96,0.7,0.5,0.5,15,10,0.5,0.375,0.625,2,4
21,0.65,0.77,218.99999999999994,453,101,158,0,74,False,-1,none,0.3,0.8,0.75,0.51,0.74,0.56,0.6,1.0,0.0,37,90,0.75,0.7368421052631579,0.2631578947368421,12,13,0.8,0.75,0.25,2,4
21,0.69,0.77,209.88,453,108,162,0,73,True,0,Slow,0.3,0.82,0.8,0.53,0.76,0.56,0.6571428571428571,1.0,0.0,44,92,0.75,0.6111111111111112,0.3888888888888889,13,7,0.8,0.6923076923076923,0.3076923076923077,1,5
21,0.65,0.73,203.60000000000005,457,98,168,0,71,False,-1,none,0.3,0.79,0.8,0.59,0.75,0.46,0.6714285714285714,1.0,0.0,54,90,0.65,0.7222222222222222,0.2777777777777778,8,11,0.5,0.375,0.625,5,0
21,0.65,0.75,224.6,455,79,185,0,66,False,-1,none,0.3,0.73,0.77,0.51,0.76,0.62,0.6428571428571429,1.0,0.0,44,102,0.65,0.5333333333333333,0.4666666666666667,15,12,0.7,0.6,0.4,7,5
21,0.59,0.7,208.8,460,111,158,0,86,False,-1,none,0.3,0.75,0.78,0.5,0.74,0.62,0.5571428571428572,1.0,0.0,36,97,0.55,0.6666666666666666,0.3333333333333333,11,9,0.9,0.5625,0.4375,1,4
21,0.71,0.84,243.0,446,81,174,0,96,False,-1,none,0.3,0.81,0.8,0.55,0.77,0.46,0.6428571428571429,1.0,0.0,56,81,0.9,0.6666666666666666,0.3333333333333333,19,13,0.8,0.8,0.2,2,3
21,0.71,0.82,222.0,448,85,189,0,79,False,-1,none,0.3,0.81,0.85,0.53,0.77,0.6,0.7142857142857143,1.0,0.0,55,99,0.75,0.85,0.15,10,16,0.6,0.6666666666666666,0.3333333333333333,5,4
21,0.66,0.77,205.79999999999998,453,90,157,0,71,False,-1,none,0.3,0.78,0.74,0.53,0.68,0.51,0.6142857142857143,1.0,0.0,50,79,0.8,0.9047619047619048,0.09523809523809523,5,16,0.7,0.7692307692307693,0.23076923076923078,1,6
21,0.66,0.75,221.39999999999998,455,106,154,0,80,False,-1,none,0.3,0.8,0.81,0.52,0.76,0.46,0.6285714285714286,1.0,0.0,41,87,0.7,0.7368421052631579,0.2631578947368421,11,9,0.8,0.5,0.5,2,4
21,0.68,0.76,201.48,454,91,162,0,76,True,2,Slow,0.3,0.78,0.78,0.54,0.74,0.45,0.6714285714285714,1.0,0.0,54,79,0.65,0.875,0.125,5,17,0.8,0.5384615384615384,0.46153846153846156,3,4
21,0.72,0.82,220.79999999999995,448,86,192,0,70,True,0,Slow,0.3,0.83,0.82,0.61,0.79,0.55,0.7142857142857143,1.0,0.0,62,102,0.75,0.631578947368421,0.3684210526315789,12,12,0.7,0.6923076923076923,0.3076923076923077,2,2
21,0.68,0.86,228.48000000000002,444,99,172,0,83,True,0,Slow,0.3,0.83,0.87,0.49,0.77,0.61,0.6285714285714286,1.0,0.0,49,94,0.75,0.8846153846153846,0.11538461538461539,4,14,0.9,0.5,0.5,5,6
21,0.73,0.86,240.6,444,102,172,0,85,False,-1,none,0.3,0.87,0.85,0.56,0.78,0.54,0.6714285714285714,1.0,0.0,45,94,0.85,0.8333333333333334,0.16666666666666666,14,12,0.9,0.6666666666666666,0.3333333333333333,4,3
21,0.68,0.79,218.4,451,108,172,0,86,False,-1,none,0.3,0.87,0.81,0.53,0.81,0.57,0.6571428571428571,1.0,0.0,48,104,0.75,0.8260869565217391,0.17391304347826086,5,11,0.7,0.5,0.5,1,3
21,0.63,0.75,200.39999999999995,455,85,151,0,74,False,-1,none,0.3,0.72,0.75,0.5,0.7,0.44,0.5428571428571428,1.0,0.0,46,74,0.85,0.88,0.12,8,20,0.8,0.8333333333333334,0.16666666666666666,1,2
21,0.64,0.75,206.39999999999995,455,106,168,0,71,False,-1,none,0.3,0.78,0.8,0.58,0.76,0.57,0.6142857142857143,1.0,0.0,44,96,0.75,0.8181818181818182,0.18181818181818182,10,11,0.6,0.7,0.3,2,5
21,0.71,0.81,217.79999999999998,449,84,168,0,87,False,-1,none,0.3,0.8,0.8,0.51,0.74,0.48,0.7428571428571429,1.0,0.0,59,92,0.6,0.8823529411764706,0.11764705882352941,3,9,0.7,0.6666666666666666,0.3333333333333333,1,4
21,0.63,0.68,190.79999999999998,462,119,164,0,79,False,-1,none,0.3,0.85,0.78,0.6,0.75,0.53,0.6142857142857143,1.0,0.0,53,88,0.7,0.6666666666666666,0.3333333333333333,9,8,0.6,0.7,0.3,3,3
21,0.67,0.82,230.99999999999994,448,101,145,0,77,True,3,Shigh,0.3,0.79,0.79,0.56,0.73,0.41,0.6285714285714286,1.0,0.0,38,77,0.75,0.5833333333333334,0.4166666666666667,16,9,0.8,0.7142857142857143,0.2857142857142857,3,2
21,0.72,0.78,237.59999999999997,452,98,183,0,81,False,-1,none,0.3,0.81,0.81,0.59,0.82,0.56,0.7142857142857143,1.0,0.0,47,100,0.75,0.4,0.6,19,12,0.7,0.6153846153846154,0.38461538461538464,3,2
21,0.62,0.72,201.59999999999997,458,90,169,0,64,False,-1,none,0.3,0.73,0.74,0.59,0.72,0.53,0.6285714285714286,1.0,0.0,49,96,0.6,0.6470588235294118,0.35294117647058826,11,10,0.6,0.8181818181818182,0.18181818181818182,2,1
21,0.65,0.77,220.79999999999995,453,96,161,0,81,False,-1,none,0.3,0.78,0.77,0.55,0.72,0.52,0.6142857142857143,1.0,0.0,44,86,0.75,0.7727272727272727,0.22727272727272727,11,14,0.7,0.5833333333333334,0.4166666666666667,4,2
21,0.66,0.75,204.11999999999998,455,103,173,0,69,True,2,Slow,0.3,0.81,0.82,0.56,0.76,0.56,0.6285714285714286,1.0,0.0,45,100,0.8,0.7,0.3,15,11,0.6,0.7272727272727273,0.2727272727272727,0,2
21,0.7,0.87,239.39999999999998,443,107,161,0,80,True,3,Shigh,0.3,0.85,0.84,0.55,0.8,0.51,0.6285714285714286,1.0,0.0,42,91,0.95,0.6896551724137931,0.3103448275862069,15,10,0.7,0.7857142857142857,0.21428571428571427,2,1
21,0.69,0.79,232.79999999999995,451,104,170,0,87,False,-1,none,0.3,0.84,0.8,0.54,0.78,0.57,0.6285714285714286,1.0,0.0,43,96,0.85,0.55,0.45,15,11,0.8,0.8,0.2,1,4
21,0.62,0.74,203.99999999999994,456,110,160,0,66,False,-1,none,0.3,0.76,0.76,0.61,0.76,0.55,0.5857142857142857,1.0,0.0,33,94,0.65,0.7777777777777778,0.2222222222222222,12,13,0.8,0.8,0.2,1,7
21,0.64,0.75,199.32,455,129,158,0,78,True,1,Slow,0.3,0.8,0.84,0.58,0.83,0.57,0.5714285714285714,1.0,0.0,43,96,0.75,0.7727272727272727,0.22727272727272727,5,9,0.9,0.6153846153846154,0.38461538461538464,4,1
21,0.73,0.82,239.99999999999994,448,76,198,0,74,False,-1,none,0.3,0.8,0.83,0.55,0.81,0.57,0.7571428571428571,1.0,0.0,65,106,0.7,0.5294117647058824,0.47058823529411764,15,9,0.6,0.6666666666666666,0.3333333333333333,2,1
21,0.69,0.78,215.28,452,87,168,0,77,True,2,Slow,0.3,0.82,0.8,0.48,0.71,0.52,0.6571428571428571,1.0,0.0,53,88,0.75,0.7,0.3,13,10,0.8,0.6666666666666666,0.3333333333333333,2,2
21,0.69,0.8,238.79999999999995,450,105,168,0,77,False,-1,none,0.3,0.81,0.82,0.6,0.8,0.5,0.6571428571428571,1.0,0.0,45,95,0.75,0.65,0.35,14,6,0.8,0.5714285714285714,0.42857142857142855,2,6
21,0.66,0.73,203.99999999999994,457,87,177,0,78,False,-1,none,0.3,0.78,0.81,0.5,0.74,0.54,0.6571428571428571,1.0,0.0,54,97,0.65,0.7058823529411765,0.29411764705882354,11,8,0.7,0.7,0.3,4,3
21,0.76,0.85,240.0,445,103,190,0,72,False,-1,none,0.3,0.87,0.86,0.62,0.79,0.64,0.7285714285714285,1.0,0.0,58,101,0.8,0.7894736842105263,0.21052631578947367,7,15,0.9,0.6,0.4,3,6
21,0.72,0.82,211.2,448,104,181,0,83,False,-1,none,0.3,0.88,0.86,0.56,0.75,0.62,0.7285714285714285,1.0,0.0,53,104,0.7,0.8333333333333334,0.16666666666666666,7,8,0.7,0.9230769230769231,0.07692307692307693,2,7
21,0.71,0.83,237.00000000000003,447,90,159,0,83,False,-1,none,0.3,0.8,0.79,0.52,0.76,0.45,0.6428571428571429,1.0,0.0,42,84,0.95,0.72,0.28,14,12,0.7,0.7692307692307693,0.23076923076923078,2,5
21,0.72,0.82,235.19999999999996,448,99,165,0,79,False,-1,none,0.3,0.79,0.8,0.56,0.74,0.57,0.7,1.0,0.0,48,90,0.8,0.7,0.3,11,10,0.7,0.6923076923076923,0.3076923076923077,3,3
21,0.71,0.8,223.79999999999998,450,80,173,0,77,False,-1,none,0.3,0.77,0.76,0.53,0.75,0.52,0.6857142857142857,1.0,0.0,52,90,0.75,0.8421052631578947,0.15789473684210525,7,16,0.8,0.6153846153846154,0.38461538461538464,3,5
21,0.75,0.9,241.8,440,84,180,0,86,False,-1,none,0.3,0.83,0.82,0.57,0.77,0.55,0.7285714285714285,1.0,0.0,50,92,0.8,0.8695652173913043,0.13043478260869565,10,19,0.8,0.75,0.25,4,5
21,0.7,0.81,220.79999999999998,449,89,174,0,86,False,-1,none,0.3,0.82,0.81,0.5,0.76,0.55,0.6714285714285714,1.0,0.0,51,96,0.75,0.8095238095238095,0.19047619047619047,11,11,0.8,0.7692307692307693,0.23076923076923078,1,4
21,0.72,0.87,231.59999999999997,443,99,172,0,72,True,3,Shigh,0.3,0.81,0.83,0.65,0.75,0.54,0.7,1.0,0.0,60,94,0.75,0.6956521739130435,0.30434782608695654,6,9,0.8,0.8,0.2,0,3
21,0.65,0.74,202.79999999999995,456,95,171,0,75,False,-1,none,0.3,0.79,0.76,0.53,0.68,0.64,0.5857142857142857,1.0,0.0,46,97,0.8,0.7894736842105263,0.21052631578947367,10,9,0.8,0.7857142857142857,0.21428571428571427,2,7
21,0.63,0.72,199.2,458,111,151,0,86,False,-1,none,0.3,0.82,0.79,0.47,0.73,0.53,0.6,1.0,0.0,37,89,0.65,0.7222222222222222,0.2777777777777778,14,7,0.8,0.8333333333333334,0.16666666666666666,0,4
21,0.7,0.82,223.79999999999998,448,120,169,0,64,True,3,Shigh,0.3,0.83,0.84,0.68,0.78,0.58,0.6714285714285714,1.0,0.0,57,90,0.85,0.7083333333333334,0.2916666666666667,6,13,0.6,0.6363636363636364,0.36363636363636365,1,2
21,0.7,0.82,210.60000000000002,448,90,165,0,88,True,0,Slow,0.3,0.79,0.77,0.51,0.73,0.57,0.6428571428571429,1.0,0.0,50,89,0.8,0.8333333333333334,0.16666666666666666,5,17,0.9,0.6923076923076923,0.3076923076923077,2,2
21,0.7,0.82,238.79999999999995,448,86,171,0,71,False,-1,none,0.3,0.81,0.8,0.52,0.73,0.53,0.7142857142857143,1.0,0.0,46,96,0.6,0.7058823529411765,0.29411764705882354,13,9,0.8,0.6666666666666666,0.3333333333333333,4,3
21,0.7,0.79,239.99999999999994,451,102,187,0,82,False,-1,none,0.3,0.86,0.84,0.6,0.8,0.58,0.6428571428571429,1.0,0.0,47,94,0.95,0.6,0.4,23,17,0.6,0.7777777777777778,0.2222222222222222,2,4
21,0.75,0.89,247.20000000000005,441,83,199,0,79,False,-1,none,0.3,0.87,0.86,0.55,0.83,0.6,0.7,1.0,0.0,61,95,0.85,0.8333333333333334,0.16666666666666666,12,23,0.9,0.75,0.25,2,6
21,0.72,0.82,234.59999999999997,448,110,183,0,70,False,-1,none,0.3,0.85,0.84,0.6,0.8,0.66,0.6571428571428571,1.0,0.0,47,104,0.85,0.9130434782608695,0.08695652173913043,5,19,0.9,0.46153846153846156,0.5384615384615384,6,2
21,0.72,0.81,227.99999999999994,449,85,182,0,77,False,-1,none,0.3,0.83,0.81,0.54,0.78,0.52,0.7285714285714285,1.0,0.0,55,91,0.7,0.7222222222222222,0.2777777777777778,13,14,0.7,0.75,0.25,4,5
21,0.68,0.76,215.99999999999994,454,105,170,0,89,False,-1,none,0.3,0.83,0.82,0.6,0.75,0.51,0.6857142857142857,1.0,0.0,50,93,0.55,0.75,0.25,10,8,0.9,0.6875,0.3125,2,7
21,0.69,0.87,233.99999999999994,443,107,168,0,88,False,-1,none,0.3,0.86,0.88,0.61,0.77,0.5,0.6285714285714286,1.0,0.0,43,90,0.8,0.875,0.125,7,18,0.9,0.8421052631578947,0.15789473684210525,5,5
21,0.7,0.77,212.51999999999998,453,87,175,0,81,True,3,Shigh,0.3,0.79,0.81,0.5,0.7,0.59,0.6714285714285714,1.0,0.0,51,89,0.75,0.5882352941176471,0.4117647058823529,16,13,0.8,0.7692307692307693,0.23076923076923078,2,4
21,0.7,0.83,239.99999999999997,447,90,175,0,72,False,-1,none,0.3,0.81,0.81,0.55,0.75,0.56,0.6428571428571429,1.0,0.0,48,88,0.9,0.8,0.2,16,16,0.7,0.6153846153846154,0.38461538461538464,3,4
21,0.75,0.88,232.19999999999996,442,85,183,0,79,False,-1,none,0.3,0.86,0.8,0.56,0.76,0.58,0.7285714285714285,1.0,0.0,56,97,0.85,0.8695652173913043,0.13043478260869565,7,14,0.7,0.8571428571428571,0.14285714285714285,4,5
21,0.62,0.7,203.99999999999994,460,101,166,0,98,False,-1,none,0.3,0.78,0.77,0.48,0.78,0.56,0.5571428571428572,1.0,0.0,40,93,0.75,0.8947368421052632,0.10526315789473684,4,21,0.8,0.5,0.5,5,3
21,0.68,0.79,225.0,451,91,164,0,71,False,-1,none,0.3,0.79,0.79,0.51,0.74,0.51,0.6571428571428571,1.0,0.0,44,85,0.7,0.85,0.15,7,21,0.8,0.6153846153846154,0.38461538461538464,3,4
21,0.67,0.79,208.2,451,95,184,0,67,False,-1,none,0.3,0.79,0.8,0.66,0.77,0.56,0.6428571428571429,1.0,0.0,56,96,0.65,1.0,0.0,3,18,0.9,0.75,0.25,5,6
21,0.64,0.75,211.2,455,72,173,0,65,False,-1,none,0.3,0.73,0.74,0.54,0.68,0.51,0.6571428571428571,1.0,0.0,58,82,0.6,0.8888888888888888,0.1111111111111111,7,21,0.6,0.5454545454545454,0.45454545454545453,4,1
21,0.71,0.86,243.0,444,94,172,0,83,False,-1,none,0.3,0.8,0.81,0.53,0.78,0.6,0.6428571428571429,1.0,0.0,48,97,0.8,0.9130434782608695,0.08695652173913043,5,16,1.0,0.6666666666666666,0.3333333333333333,1,5
21,0.69,0.82,210.59999999999997,448,92,172,0,74,False,-1,none,0.3,0.79,0.8,0.54,0.71,0.62,0.6857142857142857,1.0,0.0,50,95,0.7,0.9523809523809523,0.047619047619047616,7,17,0.7,0.8461538461538461,0.15384615384615385,0,3
22,0.7,1.01,178.07999999999998,429,123,128,0,73,True,0,Slow,0.3,0.84,0.81,0.51,0.77,0.59,0.6857142857142857,1.0,0.0,16,100,0.75,0.7037037037037037,0.2962962962962963,3,8,0.7,0.7272727272727273,0.2727272727272727,0,1
22,0.69,0.86,183.59999999999994,444,101,167,0,81,False,-1,none,0.3,0.81,0.81,0.58,0.78,0.56,0.6428571428571429,1.0,0.0,44,96,0.9,0.8461538461538461,0.15384615384615385,10,13,0.6,0.7333333333333333,0.26666666666666666,1,3
22,0.67,0.79,214.0,451,102,152,0,72,False,-1,none,0.3,0.79,0.79,0.58,0.75,0.42,0.6,1.0,0.0,42,80,0.9,0.625,0.375,16,10,0.7,0.6153846153846154,0.38461538461538464,1,3
22,0.71,0.87,235.4000000000001,443,96,177,0,75,False,-1,none,0.3,0.83,0.85,0.57,0.77,0.58,0.6571428571428571,1.0,0.0,57,92,0.8,0.8260869565217391,0.17391304347826086,6,16,0.9,0.6666666666666666,0.3333333333333333,2,4
22,0.77,0.9,235.2,440,99,191,0,85,False,-1,none,0.3,0.87,0.91,0.59,0.86,0.57,0.7142857142857143,1.0,0.0,58,99,0.85,1.0,0.0,2,28,1.0,0.7777777777777778,0.2222222222222222,2,2
22,0.64,0.71,199.19999999999996,459,82,156,0,86,False,-1,none,0.3,0.73,0.72,0.45,0.72,0.47,0.6285714285714286,1.0,0.0,47,84,0.75,0.7,0.3,13,8,0.5,0.7142857142857143,0.2857142857142857,0,4
22,0.6,0.65,158.79999999999998,465,101,149,0,65,False,-1,none,0.3,0.73,0.71,0.51,0.68,0.52,0.6,1.0,0.0,47,86,0.65,0.9375,0.0625,0,16,0.5,0.8571428571428571,0.14285714285714285,0,0
22,0.69,0.79,213.0,451,98,167,0,86,False,-1,none,0.3,0.8,0.79,0.57,0.72,0.56,0.7,1.0,0.0,47,96,0.7,0.85,0.15,6,14,0.6,0.7,0.3,3,1
22,0.74,0.85,244.79999999999998,445,114,188,0,73,False,-1,none,0.3,0.9,0.88,0.65,0.82,0.62,0.7428571428571429,1.0,0.0,56,102,0.7,0.6842105263157895,0.3157894736842105,11,13,0.8,0.6428571428571429,0.35714285714285715,3,3
22,0.63,0.73,190.19999999999996,457,96,167,0,74,False,-1,none,0.3,0.73,0.78,0.55,0.76,0.54,0.5857142857142857,1.0,0.0,49,91,0.7,0.8947368421052632,0.10526315789473684,4,17,0.8,0.6923076923076923,0.3076923076923077,3,3
22,0.7,0.79,217.99999999999997,451,91,171,0,84,False,-1,none,0.3,0.83,0.77,0.54,0.77,0.5,0.7142857142857143,1.0,0.0,59,91,0.65,0.6470588235294118,0.35294117647058826,11,7,0.7,0.75,0.25,1,2
22,0.65,0.77,220.79999999999995,453,107,158,0,68,False,-1,none,0.3,0.77,0.78,0.58,0.77,0.52,0.5857142857142857,1.0,0.0,35,86,0.8,0.8,0.2,9,19,0.8,0.6875,0.3125,4,5
22,0.67,0.83,194.55999999999997,447,90,155,0,82,True,1,Slow,0.3,0.78,0.75,0.52,0.71,0.52,0.6,1.0,0.0,46,82,0.8,0.8695652173913043,0.13043478260869565,6,16,0.9,0.7777777777777778,0.2222222222222222,1,4
22,0.67,0.76,216.6,454,99,164,0,86,False,-1,none,0.3,0.82,0.81,0.49,0.75,0.52,0.6571428571428571,1.0,0.0,47,85,0.65,0.6666666666666666,0.3333333333333333,9,13,0.8,0.7333333333333333,0.26666666666666666,6,4
22,0.71,0.9,243.60000000000002,440,94,162,0,94,True,3,Shigh,0.3,0.84,0.79,0.46,0.75,0.62,0.6428571428571429,1.0,0.0,40,98,0.8,0.7857142857142857,0.21428571428571427,10,11,1.0,0.5882352941176471,0.4117647058823529,0,3
22,0.65,0.77,214.79999999999995,453,76,171,0,71,False,-1,none,0.3,0.78,0.72,0.53,0.74,0.47,0.6428571428571429,1.0,0.0,45,90,0.75,0.7272727272727273,0.2727272727272727,18,13,0.5,0.8,0.2,2,3
22,0.67,0.78,193.65999999999997,452,87,176,0,74,True,2,Slow,0.3,0.78,0.78,0.55,0.76,0.54,0.6714285714285714,1.0,0.0,54,96,0.8,0.9166666666666666,0.08333333333333333,6,15,0.4,0.42857142857142855,0.5714285714285714,2,3
22,0.67,0.79,216.59999999999997,451,103,166,0,77,False,-1,none,0.3,0.8,0.78,0.62,0.71,0.57,0.6,1.0,0.0,44,90,0.9,0.88,0.12,13,12,0.7,0.6666666666666666,0.3333333333333333,2,5
22,0.69,0.81,217.80000000000004,449,123,177,0,79,False,-1,none,0.3,0.89,0.91,0.54,0.83,0.64,0.6428571428571429,1.0,0.0,46,97,0.85,0.9166666666666666,0.08333333333333333,8,20,0.7,0.6666666666666666,0.3333333333333333,3,3
22,0.75,0.89,241.20000000000005,441,89,182,0,75,False,-1,none,0.3,0.83,0.86,0.57,0.79,0.55,0.7285714285714285,1.0,0.0,60,93,0.8,0.8260869565217391,0.17391304347826086,6,17,0.8,0.7333333333333333,0.26666666666666666,3,3
22,0.69,0.82,223.79999999999998,448,84,190,0,69,True,3,Shigh,0.3,0.82,0.8,0.56,0.74,0.64,0.6857142857142857,1.0,0.0,63,100,0.8,0.6666666666666666,0.3333333333333333,9,14,0.5,0.7,0.3,2,2
22,0.73,0.89,214.32000000000002,441,95,169,0,77,True,1,Slow,0.3,0.83,0.84,0.51,0.8,0.55,0.7142857142857143,1.0,0.0,46,93,0.8,0.8846153846153846,0.11538461538461539,5,18,0.7,0.7692307692307693,0.23076923076923078,3,4
22,0.6,0.71,195.59999999999994,459,88,140,0,81,False,-1,none,0.3,0.7,0.73,0.46,0.64,0.46,0.5428571428571428,1.0,0.0,43,77,0.65,0.8235294117647058,0.17647058823529413,5,11,0.9,0.8125,0.1875,3,1
22,0.8,0.9,253.79999999999998,440,94,184,0,67,False,-1,none,0.3,0.81,0.84,0.61,0.77,0.65,0.7857142857142857,1.0,0.0,60,99,0.75,0.7894736842105263,0.21052631578947367,10,12,1.0,0.6875,0.3125,0,3
22,0.67,0.78,237.59999999999997,452,82,175,0,70,False,-1,none,0.3,0.77,0.75,0.51,0.76,0.56,0.6142857142857143,1.0,0.0,41,94,0.8,0.6,0.4,19,12,0.8,0.7333333333333333,0.26666666666666666,2,7
22,0.67,0.78,208.19999999999996,452,117,162,0,63,False,-1,none,0.3,0.83,0.83,0.58,0.79,0.54,0.6142857142857143,1.0,0.0,47,94,0.7,0.9473684210526315,0.05263157894736842,3,11,1.0,0.75,0.25,2,5
22,0.61,0.73,208.79999999999995,457,92,153,0,77,False,-1,none,0.3,0.75,0.74,0.5,0.66,0.53,0.5571428571428572,1.0,0.0,41,81,0.75,0.7,0.3,13,15,0.7,0.8571428571428571,0.14285714285714285,2,1
22,0.69,0.77,209.99999999999994,453,98,166,0,74,False,-1,none,0.3,0.81,0.78,0.53,0.73,0.56,0.6857142857142857,1.0,0.0,53,90,0.7,0.8235294117647058,0.17647058823529413,4,15,0.7,0.75,0.25,1,3
22,0.65,0.76,220.19999999999996,454,110,168,0,91,False,-1,none,0.3,0.86,0.81,0.5,0.83,0.54,0.5857142857142857,1.0,0.0,40,97,0.8,0.6818181818181818,0.3181818181818182,15,13,0.8,0.8461538461538461,0.15384615384615385,2,1
22,0.82,0.94,259.20000000000005,436,89,199,0,98,False,-1,none,0.3,0.86,0.88,0.57,0.84,0.67,0.8,1.0,0.0,59,106,0.85,0.8181818181818182,0.18181818181818182,11,12,0.9,0.75,0.25,5,6
22,0.71,0.81,232.19999999999993,449,94,183,0,72,False,-1,none,0.3,0.8,0.82,0.57,0.77,0.62,0.6714285714285714,1.0,0.0,53,102,0.75,0.6842105263157895,0.3157894736842105,14,12,0.9,0.8,0.2,0,2
22,0.62,0.75,209.39999999999998,455,107,150,0,68,False,-1,none,0.3,0.76,0.75,0.54,0.72,0.55,0.5428571428571428,1.0,0.0,37,90,0.8,0.875,0.125,6,10,0.8,0.6923076923076923,0.3076923076923077,2,5
22,0.77,0.9,253.80000000000004,440,93,188,0,79,False,-1,none,0.3,0.88,0.85,0.55,0.82,0.61,0.7,1.0,0.0,57,100,0.9,0.8333333333333334,0.16666666666666666,9,18,1.0,0.7058823529411765,0.29411764705882354,0,4
22,0.65,0.76,220.19999999999996,454,113,155,0,86,False,-1,none,0.3,0.83,0.82,0.57,0.74,0.48,0.5857142857142857,1.0,0.0,45,83,0.75,0.6842105263157895,0.3157894736842105,13,11,0.9,0.8125,0.1875,2,1
22,0.63,0.73,200.39999999999995,457,85,166,0,76,False,-1,none,0.3,0.78,0.75,0.54,0.7,0.47,0.6142857142857143,1.0,0.0,50,86,0.75,0.8095238095238095,0.19047619047619047,13,15,0.5,0.7777777777777778,0.2222222222222222,0,2
22,0.7,0.81,232.19999999999996,449,85,170,0,74,False,-1,none,0.3,0.74,0.74,0.61,0.77,0.5,0.6571428571428571,1.0,0.0,47,89,0.8,0.7142857142857143,0.2857142857142857,15,14,0.8,0.7857142857142857,0.21428571428571427,2,3
22,0.72,0.88,249.00000000000003,442,77,190,0,80,False,-1,none,0.3,0.83,0.8,0.57,0.78,0.57,0.7,1.0,0.0,63,89,0.7,0.8260869565217391,0.17391304347826086,13,15,0.9,0.6875,0.3125,3,7
22,0.64,0.76,224.39999999999998,454,91,163,0,70,False,-1,none,0.3,0.75,0.73,0.55,0.73,0.54,0.6142857142857143,1.0,0.0,46,87,0.6,0.6,0.4,11,10,0.9,0.7777777777777778,0.2222222222222222,1,8
22,0.64,0.76,211.79999999999995,454,120,155,0,69,False,-1,none,0.3,0.83,0.79,0.58,0.77,0.54,0.6428571428571429,1.0,0.0,41,97,0.65,0.8421052631578947,0.15789473684210525,2,10,0.6,0.6666666666666666,0.3333333333333333,2,3
22,0.67,0.82,230.39999999999998,448,90,162,0,71,False,-1,none,0.3,0.8,0.8,0.46,0.74,0.54,0.6285714285714286,1.0,0.0,46,88,0.65,0.8888888888888888,0.1111111111111111,5,13,1.0,0.7,0.3,4,6
22,0.67,0.73,212.99999999999997,457,110,174,0,83,False,-1,none,0.3,0.84,0.8,0.53,0.81,0.59,0.6571428571428571,1.0,0.0,49,101,0.7,0.7058823529411765,0.29411764705882354,8,10,0.7,0.6,0.4,5,1
22,0.61,0.66,166.79999999999995,464,84,157,0,73,False,-1,none,0.3,0.72,0.72,0.51,0.61,0.51,0.6285714285714286,1.0,0.0,58,80,0.6,0.8666666666666667,0.13333333333333333,5,13,0.5,1.0,0.0,0,1
22,0.73,0.82,230.4,448,78,191,0,84,False,-1,none,0.3,0.83,0.85,0.5,0.79,0.54,0.6857142857142857,1.0,0.0,62,94,0.9,0.782608695652174,0.21739130434782608,10,20,0.7,0.7272727272727273,0.2727272727272727,3,2
22,0.69,0.78,229.19999999999993,452,80,152,0,70,False,-1,none,0.3,0.73,0.73,0.47,0.69,0.48,0.6857142857142857,1.0,0.0,44,83,0.7,0.7777777777777778,0.2222222222222222,4,11,0.7,0.5,0.5,6,4
22,0.75,0.91,243.60000000000002,439,71,176,0,82,False,-1,none,0.3,0.79,0.78,0.54,0.76,0.51,0.7142857142857143,1.0,0.0,50,91,0.9,0.8928571428571429,0.10714285714285714,10,19,0.7,0.7692307692307693,0.23076923076923078,1,5
22,0.78,0.89,228.48000000000005,441,108,176,0,82,True,1,Slow,0.3,0.85,0.86,0.6,0.84,0.58,0.7428571428571429,1.0,0.0,57,95,0.85,0.8260869565217391,0.17391304347826086,5,14,0.9,0.7142857142857143,0.2857142857142857,3,2
22,0.61,0.71,188.99999999999997,459,84,175,0,65,False,-1,none,0.3,0.76,0.75,0.5,0.74,0.55,0.6,1.0,0.0,50,91,0.65,0.8333333333333334,0.16666666666666666,9,19,0.6,0.8181818181818182,0.18181818181818182,1,5
22,0.68,0.77,191.51999999999995,453,87,171,0,65,True,1,Slow,0.3,0.77,0.77,0.55,0.75,0.51,0.6142857142857143,1.0,0.0,55,85,0.85,0.7272727272727273,0.2727272727272727,12,15,0.8,0.9166666666666666,0.08333333333333333,0,4
22,0.65,0.78,235.14,452,93,156,0,88,True,3,Shigh,0.3,0.79,0.79,0.48,0.7,0.51,0.5571428571428572,1.0,0.0,39,81,0.85,0.5714285714285714,0.42857142857142855,16,13,0.9,0.6111111111111112,0.3888888888888889,2,5
22,0.67,0.8,235.19999999999996,450,87,175,0,68,False,-1,none,0.3,0.77,0.77,0.56,0.74,0.58,0.6428571428571429,1.0,0.0,46,96,0.65,0.75,0.25,11,14,0.9,0.631578947368421,0.3684210526315789,4,4
22,0.58,0.7,180.0,460,82,135,0,83,False,-1,none,0.3,0.67,0.73,0.45,0.63,0.39,0.5428571428571428,1.0,0.0,44,65,0.7,0.9523809523809523,0.047619047619047616,4,18,0.6,0.8181818181818182,0.18181818181818182,1,3
22,0.73,0.8,212.4,450,89,189,0,82,False,-1,none,0.3,0.83,0.84,0.52,0.82,0.57,0.7285714285714285,1.0,0.0,58,110,0.8,0.8421052631578947,0.15789473684210525,4,16,0.6,0.8,0.2,0,1
22,0.71,0.81,223.19999999999996,449,84,177,0,83,False,-1,none,0.3,0.81,0.82,0.52,0.77,0.5,0.7,1.0,0.0,47,90,0.85,0.8181818181818182,0.18181818181818182,13,17,0.5,0.7,0.3,3,7
22,0.7,0.8,220.79999999999998,450,104,173,0,73,False,-1,none,0.3,0.82,0.84,0.55,0.77,0.59,0.6714285714285714,1.0,0.0,42,100,0.75,0.7222222222222222,0.2777777777777778,12,12,0.8,0.8666666666666667,0.13333333333333333,3,4
22,0.68,0.81,244.8,449,96,187,0,66,False,-1,none,0.3,0.82,0.82,0.67,0.75,0.58,0.6428571428571429,1.0,0.0,55,93,0.7,0.7,0.3,15,13,0.9,0.625,0.375,3,8
22,0.67,0.79,231.59999999999997,451,100,165,0,86,False,-1,none,0.3,0.79,0.84,0.49,0.77,0.55,0.6142857142857143,1.0,0.0,42,94,0.8,0.8181818181818182,0.18181818181818182,10,10,0.8,0.5714285714285714,0.42857142857142855,6,3
22,0.7,0.8,225.59999999999997,450,108,175,0,82,False,-1,none,0.3,0.83,0.88,0.55,0.82,0.55,0.6285714285714286,1.0,0.0,51,93,0.85,0.7142857142857143,0.2857142857142857,10,17,0.9,0.8666666666666667,0.13333333333333333,0,4
22,0.63,0.73,184.43999999999997,457,74,155,0,73,True,1,Slow,0.3,0.72,0.7,0.43,0.68,0.49,0.6714285714285714,1.0,0.0,49,91,0.4,0.8461538461538461,0.15384615384615385,3,8,0.8,0.6153846153846154,0.38461538461538464,3,1
22,0.7,0.83,227.33999999999997,447,110,159,0,78,True,3,Shigh,0.3,0.81,0.84,0.6,0.76,0.51,0.6428571428571429,1.0,0.0,46,87,0.85,0.8181818181818182,0.18181818181818182,6,18,0.8,0.625,0.375,0,2
22,0.68,0.81,212.03999999999996,449,99,172,0,73,True,1,Slow,0.3,0.81,0.8,0.63,0.74,0.54,0.6142857142857143,1.0,0.0,52,80,0.85,0.7916666666666666,0.20833333333333334,14,17,0.8,0.7142857142857143,0.2857142857142857,7,2
22,0.69,0.79,228.95999999999998,451,95,187,0,74,True,1,Slow,0.3,0.83,0.84,0.54,0.82,0.58,0.6285714285714286,1.0,0.0,47,96,0.8,0.631578947368421,0.3684210526315789,16,18,0.9,0.5625,0.4375,6,4
22,0.67,0.78,220.79999999999993,452,107,146,0,74,False,-1,none,0.3,0.76,0.76,0.5,0.73,0.56,0.6142857142857143,1.0,0.0,39,88,0.7,0.8947368421052632,0.10526315789473684,3,9,1.0,0.625,0.375,1,6
22,0.68,0.79,223.68,451,91,169,0,76,True,2,Slow,0.3,0.79,0.78,0.52,0.76,0.54,0.6428571428571429,1.0,0.0,48,90,0.8,0.65,0.35,11,13,0.7,0.7857142857142857,0.21428571428571427,3,4
22,0.69,0.85,209.28000000000003,445,102,175,0,83,True,2,Slow,0.3,0.85,0.8,0.55,0.77,0.65,0.6428571428571429,1.0,0.0,46,105,0.85,0.9230769230769231,0.07692307692307693,2,15,0.7,0.8571428571428571,0.14285714285714285,4,3
22,0.64,0.76,232.79999999999995,454,98,148,0,73,False,-1,none,0.3,0.78,0.79,0.44,0.72,0.49,0.5857142857142857,1.0,0.0,40,81,0.7,0.7894736842105263,0.21052631578947367,9,8,0.9,0.5,0.5,5,5
22,0.71,0.82,225.11999999999995,448,113,171,0,74,True,2,Slow,0.3,0.87,0.81,0.61,0.79,0.58,0.7142857142857143,1.0,0.0,44,104,0.65,0.7222222222222222,0.2777777777777778,8,11,0.8,0.6428571428571429,0.35714285714285715,2,2
23,0.63,0.91,153.12000000000003,439,141,119,0,79,True,0,Slow,0.3,0.81,0.84,0.5,0.77,0.59,0.6,1.0,0.0,11,101,0.7,0.8076923076923077,0.19230769230769232,0,7,0.7,0.8181818181818182,0.18181818181818182,0,0
23,0.7,0.86,197.99999999999997,444,92,182,0,60,False,-1,none,0.3,0.82,0.82,0.59,0.74,0.63,0.6714285714285714,1.0,0.0,62,101,0.7,0.7368421052631579,0.2631578947368421,5,12,0.9,0.65,0.35,0,2
23,0.79,0.94,236.0,436,69,203,0,74,False,-1,none,0.3,0.84,0.82,0.64,0.79,0.57,0.8,1.0,0.0,72,98,0.85,0.7083333333333334,0.2916666666666667,15,14,0.6,0.6428571428571429,0.35714285714285715,1,3
23,0.65,0.78,220.00000000000003,452,81,164,0,92,False,-1,none,0.3,0.77,0.75,0.48,0.75,0.48,0.6,1.0,0.0,51,84,0.8,0.6363636363636364,0.36363636363636365,9,15,0.7,0.7857142857142857,0.21428571428571427,0,5
23,0.67,0.77,203.99999999999994,453,89,182,0,67,False,-1,none,0.3,0.82,0.79,0.6,0.76,0.51,0.6857142857142857,1.0,0.0,62,88,0.5,1.0,0.0,1,24,0.9,0.7142857142857143,0.2857142857142857,2,5
23,0.72,0.81,237.39999999999998,449,104,180,0,75,False,-1,none,0.3,0.83,0.82,0.62,0.8,0.58,0.6714285714285714,1.0,0.0,43,97,0.8,0.5,0.5,17,13,0.9,0.6875,0.3125,7,3
23,0.67,0.75,203.99999999999997,455,97,158,0,100,False,-1,none,0.3,0.79,0.82,0.42,0.77,0.5,0.6714285714285714,1.0,0.0,45,90,0.7,0.7647058823529411,0.23529411764705882,7,13,0.6,0.7272727272727273,0.2727272727272727,2,1
23,0.75,0.92,250.20000000000002,438,85,190,0,73,False,-1,none,0.3,0.79,0.85,0.6,0.82,0.61,0.6857142857142857,1.0,0.0,51,100,0.9,0.8,0.2,15,20,0.9,0.8421052631578947,0.15789473684210525,2,2
23,0.7,0.83,224.39999999999995,447,75,165,0,87,False,-1,none,0.3,0.71,0.77,0.51,0.69,0.55,0.6571428571428571,1.0,0.0,48,91,0.8,0.9130434782608695,0.08695652173913043,4,14,0.8,0.6428571428571429,0.35714285714285715,4,4
23,0.69,0.83,228.6,447,92,182,0,73,False,-1,none,0.3,0.84,0.83,0.59,0.73,0.58,0.6571428571428571,1.0,0.0,54,92,0.7,0.8695652173913043,0.13043478260869565,13,14,0.9,0.7142857142857143,0.2857142857142857,4,5
23,0.71,0.81,202.2,449,90,170,0,69,False,-1,none,0.3,0.79,0.79,0.55,0.76,0.52,0.7142857142857143,1.0,0.0,59,91,0.7,0.9523809523809523,0.047619047619047616,3,14,0.7,0.9,0.1,1,2
23,0.69,0.83,238.79999999999995,447,92,180,0,80,False,-1,none,0.3,0.83,0.84,0.59,0.76,0.53,0.6714285714285714,1.0,0.0,51,88,0.65,0.9,0.1,10,20,0.9,0.5,0.5,7,4
23,0.69,0.8,220.79999999999995,450,85,179,0,91,False,-1,none,0.3,0.81,0.82,0.51,0.74,0.56,0.6857142857142857,1.0,0.0,53,89,0.7,0.7368421052631579,0.2631578947368421,14,15,0.7,0.7692307692307693,0.23076923076923078,3,5
23,0.59,0.71,206.99999999999994,459,100,161,0,68,False,-1,none,0.3,0.78,0.79,0.54,0.75,0.46,0.5285714285714286,1.0,0.0,41,87,0.7,0.7368421052631579,0.2631578947368421,14,12,0.8,0.7333333333333333,0.26666666666666666,3,4
23,0.68,0.81,237.59999999999997,449,82,171,0,71,False,-1,none,0.3,0.79,0.79,0.53,0.71,0.52,0.6,1.0,0.0,55,82,0.85,0.7142857142857143,0.2857142857142857,14,15,0.9,0.7222222222222222,0.2777777777777778,4,1
23,0.74,0.82,226.20000000000005,448,78,176,0,79,False,-1,none,0.3,0.8,0.78,0.48,0.71,0.59,0.7142857142857143,1.0,0.0,54,94,0.95,0.8,0.2,11,14,0.5,0.7142857142857143,0.2857142857142857,1,2
23,0.71,0.79,230.4,451,83,180,0,83,False,-1,none,0.3,0.81,0.83,0.48,0.71,0.59,0.6857142857142857,1.0,0.0,59,90,0.7,0.6470588235294118,0.35294117647058826,14,9,0.9,0.7142857142857143,0.2857142857142857,4,4
23,0.77,0.94,238.08,436,92,180,0,69,True,3,Shigh,0.3,0.83,0.83,0.64,0.79,0.57,0.7285714285714285,1.0,0.0,57,94,0.9,0.8846153846153846,0.11538461538461539,8,17,0.8,0.8823529411764706,0.11764705882352941,0,4
23,0.77,0.94,232.08000000000004,436,94,159,0,83,True,2,Slow,0.3,0.83,0.8,0.61,0.7,0.53,0.7,1.0,0.0,51,77,0.9,0.9285714285714286,0.07142857142857142,4,18,1.0,0.7647058823529411,0.23529411764705882,3,6
23,0.83,0.99,279.6000000000001,431,93,187,0,81,False,-1,none,0.3,0.91,0.91,0.55,0.82,0.6,0.7857142857142857,1.0,0.0,57,92,0.9,0.7272727272727273,0.2727272727272727,9,14,1.0,0.8181818181818182,0.18181818181818182,4,11
23,0.69,0.79,215.59999999999997,451,73,173,0,75,False,-1,none,0.3,0.76,0.76,0.49,0.75,0.49,0.7142857142857143,1.0,0.0,55,88,0.65,0.7222222222222222,0.2777777777777778,14,12,0.6,0.8181818181818182,0.18181818181818182,0,4
23,0.76,0.89,251.40000000000003,441,65,187,0,64,False,-1,none,0.3,0.78,0.77,0.6,0.74,0.52,0.7285714285714285,1.0,0.0,63,87,0.9,0.76,0.24,15,13,0.7,0.7692307692307693,0.23076923076923078,3,6
23,0.69,0.82,211.92,448,86,178,0,84,True,0,Slow,0.3,0.8,0.83,0.52,0.79,0.52,0.6285714285714286,1.0,0.0,48,95,0.9,0.76,0.24,11,18,0.7,0.8461538461538461,0.15384615384615385,2,4
23,0.69,0.85,222.60000000000002,445,85,162,0,73,True,2,Slow,0.3,0.77,0.79,0.58,0.67,0.51,0.6714285714285714,1.0,0.0,53,83,0.6,0.9444444444444444,0.05555555555555555,3,12,1.0,0.7,0.3,5,6
23,0.67,0.77,231.00000000000003,453,96,166,0,76,False,-1,none,0.3,0.77,0.81,0.53,0.73,0.55,0.6,1.0,0.0,46,85,0.8,0.7619047619047619,0.23809523809523808,12,13,0.9,0.5714285714285714,0.42857142857142855,5,5
23,0.64,0.77,198.79999999999998,453,115,162,0,66,False,-1,none,0.3,0.81,0.79,0.55,0.77,0.62,0.6285714285714286,1.0,0.0,40,99,0.65,0.9523809523809523,0.047619047619047616,4,14,0.7,0.75,0.25,0,5
23,0.66,0.83,213.6,447,89,144,0,74,True,2,Slow,0.3,0.73,0.74,0.5,0.76,0.43,0.5714285714285714,1.0,0.0,42,78,0.85,0.8620689655172413,0.13793103448275862,6,15,0.9,0.8571428571428571,0.14285714285714285,1,2
23,0.7,0.86,218.64000000000004,444,100,175,0,69,True,2,Slow,0.3,0.83,0.82,0.57,0.79,0.6,0.6571428571428571,1.0,0.0,50,103,0.8,0.9230769230769231,0.07692307692307693,4,14,0.8,0.7142857142857143,0.2857142857142857,3,1
23,0.82,0.97,254.28000000000011,433,95,185,0,83,True,4,Shigh,0.3,0.9,0.9,0.54,0.84,0.59,0.8142857142857143,1.0,0.0,57,106,0.8,0.8636363636363636,0.13636363636363635,9,10,0.9,0.7777777777777778,0.2222222222222222,1,2
23,0.65,0.75,200.39999999999995,455,114,171,0,80,False,-1,none,0.3,0.84,0.77,0.59,0.82,0.58,0.6142857142857143,1.0,0.0,44,101,0.7,0.8421052631578947,0.15789473684210525,8,10,0.8,0.8461538461538461,0.15384615384615385,3,5
23,0.7,0.8,221.39999999999998,450,68,178,0,64,False,-1,none,0.3,0.74,0.73,0.54,0.7,0.55,0.7142857142857143,1.0,0.0,56,94,0.7,0.7619047619047619,0.23809523809523808,15,10,0.6,0.7777777777777778,0.2222222222222222,2,1
23,0.71,0.88,246.11999999999995,442,95,182,0,75,True,4,Shigh,0.3,0.8,0.83,0.61,0.82,0.59,0.6571428571428571,1.0,0.0,55,98,0.85,0.7692307692307693,0.23076923076923078,11,13,0.8,0.6875,0.3125,2,3
23,0.73,0.83,225.60000000000002,447,80,180,0,87,False,-1,none,0.3,0.81,0.81,0.48,0.72,0.61,0.6857142857142857,1.0,0.0,55,90,0.8,0.7368421052631579,0.2631578947368421,10,21,0.9,0.875,0.125,1,3
23,0.72,0.81,242.39999999999998,449,107,167,0,70,False,-1,none,0.3,0.82,0.81,0.64,0.78,0.5,0.6714285714285714,1.0,0.0,48,87,0.8,0.6842105263157895,0.3157894736842105,12,12,0.9,0.6,0.4,4,4
23,0.69,0.75,220.79999999999998,455,105,169,0,86,False,-1,none,0.3,0.83,0.85,0.54,0.77,0.5,0.6857142857142857,1.0,0.0,45,92,0.65,0.5333333333333333,0.4666666666666667,16,12,0.8,0.75,0.25,2,2
23,0.66,0.73,211.79999999999995,457,95,161,0,91,False,-1,none,0.3,0.81,0.78,0.48,0.74,0.48,0.6571428571428571,1.0,0.0,42,90,0.65,0.5882352941176471,0.4117647058823529,14,11,0.7,0.8,0.2,2,2
23,0.72,0.88,223.00000000000003,442,84,173,0,75,False,-1,none,0.3,0.82,0.77,0.53,0.72,0.61,0.7428571428571429,1.0,0.0,56,91,0.65,0.9130434782608695,0.08695652173913043,6,12,0.7,0.8461538461538461,0.15384615384615385,1,7
23,0.78,0.9,266.6,440,97,180,0,83,False,-1,none,0.3,0.86,0.86,0.61,0.84,0.5,0.7571428571428571,1.0,0.0,49,93,0.8,0.5789473684210527,0.42105263157894735,17,13,0.9,0.7222222222222222,0.2777777777777778,4,4
23,0.72,0.88,237.88,442,86,175,0,71,True,4,Shigh,0.3,0.79,0.79,0.59,0.76,0.56,0.7142857142857143,1.0,0.0,53,90,0.7,0.7727272727272727,0.22727272727272727,11,14,0.8,0.75,0.25,2,5
23,0.67,0.77,227.39999999999998,453,93,157,0,73,False,-1,none,0.3,0.75,0.76,0.54,0.67,0.55,0.5714285714285714,1.0,0.0,42,79,0.95,0.625,0.375,16,12,0.8,0.8461538461538461,0.15384615384615385,2,6
23,0.66,0.81,192.88000000000002,449,100,148,0,81,True,1,Slow,0.3,0.8,0.75,0.55,0.72,0.47,0.6142857142857143,1.0,0.0,45,83,0.65,0.9047619047619048,0.09523809523809523,4,8,1.0,0.8235294117647058,0.17647058823529413,3,5
23,0.65,0.78,225.39999999999998,452,91,167,0,69,False,-1,none,0.3,0.75,0.8,0.58,0.72,0.51,0.5857142857142857,1.0,0.0,46,87,0.8,0.7619047619047619,0.23809523809523808,11,13,0.8,0.6875,0.3125,5,5
23,0.73,0.84,215.40000000000003,446,91,168,0,72,False,-1,none,0.3,0.78,0.78,0.57,0.75,0.55,0.7285714285714285,1.0,0.0,56,90,0.8,0.9545454545454546,0.045454545454545456,6,13,0.6,0.7272727272727273,0.2727272727272727,1,2
23,0.71,0.82,227.8,448,82,174,0,72,False,-1,none,0.3,0.75,0.79,0.51,0.75,0.58,0.6857142857142857,1.0,0.0,52,92,0.75,0.8,0.2,7,17,0.8,0.7142857142857143,0.2857142857142857,3,3
23,0.65,0.71,206.39999999999995,459,112,161,0,81,False,-1,none,0.3,0.8,0.8,0.54,0.74,0.56,0.5857142857142857,1.0,0.0,39,89,0.8,0.7222222222222222,0.2777777777777778,11,14,0.8,0.6666666666666666,0.3333333333333333,4,4
23,0.57,0.72,208.61999999999998,458,112,148,0,78,True,4,Shigh,0.3,0.77,0.77,0.47,0.74,0.57,0.5,1.0,0.0,29,89,0.65,0.7894736842105263,0.21052631578947367,11,12,0.9,0.7222222222222222,0.2777777777777778,1,6
23,0.72,0.87,230.51999999999995,443,90,164,0,79,True,3,Shigh,0.3,0.8,0.8,0.53,0.76,0.52,0.6428571428571429,1.0,0.0,44,86,0.9,0.8333333333333334,0.16666666666666666,10,19,0.9,0.7777777777777778,0.2222222222222222,2,3
23,0.7,0.78,229.2,452,89,173,0,70,False,-1,none,0.3,0.76,0.76,0.58,0.78,0.52,0.7,1.0,0.0,55,93,0.65,0.6666666666666666,0.3333333333333333,9,8,0.8,0.6428571428571429,0.35714285714285715,5,3
23,0.65,0.75,213.59999999999997,455,101,149,0,95,False,-1,none,0.3,0.78,0.77,0.45,0.74,0.51,0.5857142857142857,1.0,0.0,40,86,0.8,0.8095238095238095,0.19047619047619047,4,12,0.8,0.6923076923076923,0.3076923076923077,1,6
23,0.63,0.71,195.6,459,90,170,0,74,False,-1,none,0.3,0.78,0.76,0.51,0.74,0.52,0.6714285714285714,1.0,0.0,57,91,0.6,0.8235294117647058,0.17647058823529413,11,8,0.4,0.5714285714285714,0.42857142857142855,1,2
23,0.7,0.84,235.2,446,94,175,0,77,False,-1,none,0.3,0.8,0.84,0.61,0.81,0.47,0.6285714285714286,1.0,0.0,58,82,0.8,0.8,0.2,8,16,1.0,0.8,0.2,4,7
23,0.67,0.78,220.79999999999998,452,102,158,0,67,False,-1,none,0.3,0.8,0.79,0.55,0.74,0.5,0.6142857142857143,1.0,0.0,51,83,0.8,0.8333333333333334,0.16666666666666666,11,13,0.8,0.6363636363636364,0.36363636363636365,0,0
23,0.66,0.72,210.59999999999997,458,72,165,0,76,False,-1,none,0.3,0.75,0.73,0.45,0.7,0.46,0.6571428571428571,1.0,0.0,52,83,0.8,0.7,0.3,11,15,0.4,0.5,0.5,2,2
23,0.64,0.7,214.19999999999993,460,92,174,0,74,False,-1,none,0.3,0.77,0.77,0.56,0.71,0.55,0.6285714285714286,1.0,0.0,47,90,0.7,0.5333333333333333,0.4666666666666667,18,12,0.6,0.6363636363636364,0.36363636363636365,1,6
23,0.68,0.81,211.19999999999996,449,89,175,0,85,False,-1,none,0.3,0.79,0.77,0.61,0.75,0.53,0.6571428571428571,1.0,0.0,52,91,0.7,0.8571428571428571,0.14285714285714285,12,14,0.8,0.9285714285714286,0.07142857142857142,0,6
23,0.71,0.82,230.39999999999998,448,97,156,0,90,False,-1,none,0.3,0.82,0.82,0.52,0.76,0.43,0.6857142857142857,1.0,0.0,49,84,0.75,0.8095238095238095,0.19047619047619047,8,11,0.8,0.6923076923076923,0.3076923076923077,3,1
23,0.73,0.83,237.00000000000003,447,67,179,0,86,False,-1,none,0.3,0.78,0.79,0.44,0.73,0.55,0.7142857142857143,1.0,0.0,50,93,0.85,0.7916666666666666,0.20833333333333334,15,14,0.6,0.5555555555555556,0.4444444444444444,3,4
23,0.63,0.8,196.31999999999996,450,84,147,0,79,True,0,Slow,0.3,0.72,0.71,0.46,0.7,0.52,0.5857142857142857,1.0,0.0,38,85,0.7,0.8695652173913043,0.13043478260869565,6,15,0.8,0.8125,0.1875,0,3
23,0.78,0.89,238.79999999999998,441,109,172,0,70,False,-1,none,0.3,0.85,0.85,0.6,0.81,0.59,0.7,1.0,0.0,48,95,1.0,0.88,0.12,6,19,0.9,0.8,0.2,3,1
23,0.6,0.72,181.19999999999996,458,88,155,0,65,False,-1,none,0.3,0.76,0.71,0.5,0.66,0.52,0.6285714285714286,1.0,0.0,41,92,0.5,0.8666666666666667,0.13333333333333333,7,11,0.6,1.0,0.0,0,4
23,0.76,0.89,247.19999999999996,441,89,203,0,84,False,-1,none,0.3,0.9,0.88,0.62,0.83,0.58,0.7142857142857143,1.0,0.0,65,100,0.85,0.8181818181818182,0.18181818181818182,10,18,0.9,0.7647058823529411,0.23529411764705882,5,5
23,0.72,0.84,239.4,446,96,179,0,71,False,-1,none,0.3,0.81,0.83,0.55,0.76,0.64,0.6714285714285714,1.0,0.0,50,98,0.85,0.7916666666666666,0.20833333333333334,12,16,0.8,0.6923076923076923,0.3076923076923077,0,3
23,0.72,0.77,239.39999999999995,453,107,180,0,76,False,-1,none,0.3,0.84,0.81,0.62,0.77,0.6,0.6714285714285714,1.0,0.0,56,96,0.75,0.5555555555555556,0.4444444444444444,15,10,1.0,0.5833333333333334,0.4166666666666667,0,3
23,0.68,0.75,230.39999999999998,455,97,166,0,72,False,-1,none,0.3,0.79,0.8,0.5,0.72,0.57,0.6714285714285714,1.0,0.0,44,95,0.6,0.6428571428571429,0.35714285714285715,12,8,0.9,0.5,0.5,2,5
23,0.73,0.84,209.27999999999997,446,86,179,0,71,True,0,Slow,0.3,0.8,0.78,0.56,0.77,0.58,0.7142857142857143,1.0,0.0,54,96,0.75,0.8181818181818182,0.18181818181818182,10,15,0.8,0.6666666666666666,0.3333333333333333,3,1
23,0.78,0.91,252.00000000000003,439,83,199,0,82,False,-1,none,0.3,0.85,0.89,0.62,0.81,0.56,0.7857142857142857,1.0,0.0,69,97,0.75,0.8,0.2,8,16,0.8,0.75,0.25,3,6
24,0.58,0.77,161.60000000000005,453,118,140,0,80,False,-1,none,0.3,0.79,0.8,0.51,0.71,0.54,0.5,1.0,0.0,42,86,0.75,0.7916666666666666,0.20833333333333334,5,5,0.8,0.6111111111111112,0.3888888888888889,1,1
24,0.67,0.84,180.53999999999996,446,105,161,0,85,True,2,Slow,0.3,0.83,0.8,0.59,0.72,0.56,0.6428571428571429,1.0,0.0,49,89,0.65,0.8,0.2,6,12,0.9,0.631578947368421,0.3684210526315789,1,4
24,0.67,0.79,194.0,451,97,171,0,83,False,-1,none,0.3,0.83,0.84,0.5,0.78,0.52,0.6285714285714286,1.0,0.0,50,95,0.75,0.75,0.25,11,15,0.8,0.7333333333333333,0.26666666666666666,0,0
24,0.64,0.74,193.60000000000005,456,104,166,0,66,False,-1,none,0.3,0.79,0.81,0.53,0.78,0.53,0.6,1.0,0.0,49,92,0.75,0.7894736842105263,0.21052631578947367,6,13,0.7,0.7692307692307693,0.23076923076923078,4,2
24,0.68,0.77,203.99999999999997,453,107,171,0,80,False,-1,none,0.3,0.83,0.83,0.61,0.78,0.5,0.6571428571428571,1.0,0.0,52,90,0.7,1.0,0.0,0,24,0.8,0.7142857142857143,0.2857142857142857,2,3
24,0.67,0.77,203.39999999999995,453,100,159,0,89,False,-1,none,0.3,0.81,0.78,0.5,0.77,0.5,0.6857142857142857,1.0,0.0,48,94,0.6,0.8823529411764706,0.11764705882352941,5,10,0.7,0.75,0.25,2,0
24,0.65,0.77,208.19999999999996,453,91,174,0,73,False,-1,none,0.3,0.78,0.8,0.59,0.68,0.57,0.6,1.0,0.0,54,86,0.8,0.9130434782608695,0.08695652173913043,6,21,0.7,0.6666666666666666,0.3333333333333333,5,2
24,0.6,0.74,200.39999999999995,456,76,172,0,73,False,-1,none,0.3,0.74,0.71,0.5,0.75,0.52,0.5428571428571428,1.0,0.0,43,89,0.85,0.8888888888888888,0.1111111111111111,13,21,0.5,0.6666666666666666,0.3333333333333333,3,3
24,0.59,0.74,199.19999999999996,456,103,156,0,72,False,-1,none,0.3,0.73,0.78,0.58,0.73,0.51,0.5285714285714286,1.0,0.0,38,90,0.7,0.8947368421052632,0.10526315789473684,7,15,0.8,0.7222222222222222,0.2777777777777778,4,2
24,0.72,0.84,223.2,446,88,180,0,58,False,-1,none,0.3,0.8,0.75,0.64,0.76,0.57,0.7,1.0,0.0,50,98,0.85,0.88,0.12,8,19,0.6,0.7,0.3,2,3
24,0.7,0.77,218.39999999999995,453,85,177,0,76,False,-1,none,0.3,0.76,0.75,0.6,0.73,0.55,0.7428571428571429,1.0,0.0,57,94,0.6,0.42857142857142855,0.5714285714285714,14,7,0.6,0.8181818181818182,0.18181818181818182,1,4
24,0.65,0.75,210.59999999999997,455,100,168,0,82,False,-1,none,0.3,0.77,0.81,0.53,0.79,0.53,0.5857142857142857,1.0,0.0,44,95,0.85,0.8181818181818182,0.18181818181818182,9,12,0.7,0.5833333333333334,0.4166666666666667,4,4
24,0.72,0.85,235.92,445,98,169,0,83,True,0,Slow,0.3,0.83,0.82,0.54,0.76,0.57,0.6571428571428571,1.0,0.0,48,86,0.8,0.6190476190476191,0.38095238095238093,11,17,1.0,0.6111111111111112,0.3888888888888889,3,4
24,0.73,0.83,221.99999999999997,447,101,182,0,74,False,-1,none,0.3,0.83,0.86,0.58,0.79,0.6,0.7142857142857143,1.0,0.0,57,94,0.75,0.9047619047619048,0.09523809523809523,6,16,0.8,0.5833333333333334,0.4166666666666667,4,5
24,0.7,0.77,201.6,453,116,180,0,72,False,-1,none,0.3,0.83,0.87,0.57,0.88,0.58,0.7,1.0,0.0,53,107,0.7,0.8888888888888888,0.1111111111111111,4,12,0.7,0.7,0.3,2,2
24,0.62,0.76,212.99999999999994,454,100,169,0,65,False,-1,none,0.3,0.78,0.79,0.52,0.75,0.61,0.5571428571428572,1.0,0.0,41,89,0.8,0.8333333333333334,0.16666666666666666,11,20,0.7,0.6153846153846154,0.38461538461538464,5,3
24,0.68,0.77,214.79999999999993,453,109,177,0,72,False,-1,none,0.3,0.82,0.84,0.62,0.8,0.55,0.6428571428571429,1.0,0.0,52,92,0.75,0.8,0.2,12,18,0.8,0.5833333333333334,0.4166666666666667,1,2
24,0.67,0.77,223.0,453,85,165,0,73,False,-1,none,0.3,0.77,0.75,0.57,0.66,0.52,0.6142857142857143,1.0,0.0,53,80,0.8,0.6818181818181818,0.3181818181818182,13,12,0.8,0.5,0.5,3,4
24,0.62,0.71,193.4,459,98,146,0,75,False,-1,none,0.3,0.77,0.74,0.51,0.64,0.49,0.5714285714285714,1.0,0.0,41,78,0.7,0.7058823529411765,0.29411764705882354,7,11,0.8,0.7142857142857143,0.2857142857142857,3,6
24,0.71,0.79,208.8,451,98,180,0,78,False,-1,none,0.3,0.81,0.83,0.59,0.81,0.53,0.6714285714285714,1.0,0.0,60,95,0.9,0.782608695652174,0.21739130434782608,8,14,0.6,0.7777777777777778,0.2222222222222222,2,1
24,0.68,0.8,209.60000000000002,450,98,149,0,83,False,-1,none,0.3,0.78,0.81,0.47,0.71,0.5,0.6714285714285714,1.0,0.0,42,85,0.65,0.8,0.2,7,12,0.8,0.7692307692307693,0.23076923076923078,0,3
24,0.62,0.77,206.8,453,106,178,0,69,False,-1,none,0.3,0.82,0.84,0.59,0.79,0.57,0.5714285714285714,1.0,0.0,47,101,0.75,0.8260869565217391,0.17391304347826086,9,13,0.7,0.7142857142857143,0.2857142857142857,4,4
24,0.67,0.8,221.8,450,104,173,0,83,False,-1,none,0.3,0.83,0.81,0.49,0.78,0.66,0.6142857142857143,1.0,0.0,47,98,0.7,0.7222222222222222,0.2777777777777778,8,12,1.0,0.6842105263157895,0.3157894736842105,4,4
24,0.66,0.78,219.4,452,81,158,0,73,False,-1,none,0.3,0.76,0.75,0.53,0.66,0.47,0.6142857142857143,1.0,0.0,48,77,0.8,0.7272727272727273,0.2727272727272727,12,15,0.7,0.6153846153846154,0.38461538461538464,3,3
24,0.73,0.85,242.79999999999998,445,120,174,0,76,False,-1,none,0.3,0.88,0.88,0.67,0.79,0.57,0.6714285714285714,1.0,0.0,48,97,0.85,0.6818181818181818,0.3181818181818182,11,10,0.9,0.625,0.375,4,4
24,0.67,0.74,197.2,456,89,165,0,77,False,-1,none,0.3,0.73,0.8,0.51,0.74,0.5,0.6571428571428571,1.0,0.0,50,86,0.7,0.7333333333333333,0.26666666666666666,6,15,0.7,0.7692307692307693,0.23076923076923078,4,4
24,0.71,0.79,227.39999999999998,451,107,175,0,79,False,-1,none,0.3,0.83,0.82,0.59,0.82,0.55,0.6428571428571429,1.0,0.0,43,92,0.9,0.65,0.35,12,17,0.8,0.6428571428571429,0.35714285714285715,6,5
24,0.7,0.81,227.39999999999995,449,88,172,0,84,False,-1,none,0.3,0.81,0.8,0.48,0.81,0.51,0.6714285714285714,1.0,0.0,44,91,0.7,0.75,0.25,15,14,0.9,0.6428571428571429,0.35714285714285715,3,5
24,0.7,0.82,224.39999999999998,448,89,178,0,81,False,-1,none,0.3,0.82,0.83,0.56,0.76,0.52,0.6571428571428571,1.0,0.0,53,87,0.85,0.7391304347826086,0.2608695652173913,14,17,0.7,0.8461538461538461,0.15384615384615385,0,7
24,0.68,0.77,221.39999999999995,453,69,168,0,81,False,-1,none,0.3,0.73,0.75,0.43,0.71,0.52,0.6285714285714286,1.0,0.0,55,83,0.8,0.7,0.3,13,11,0.8,0.6153846153846154,0.38461538461538464,1,5
24,0.67,0.75,207.6,455,94,174,0,72,False,-1,none,0.3,0.75,0.8,0.5,0.76,0.62,0.6714285714285714,1.0,0.0,47,96,0.7,0.75,0.25,13,14,0.6,0.625,0.375,2,2
24,0.7,0.81,238.19999999999996,449,96,175,0,78,False,-1,none,0.3,0.79,0.82,0.54,0.76,0.61,0.6285714285714286,1.0,0.0,42,98,0.85,0.6,0.4,13,13,0.9,0.7058823529411765,0.29411764705882354,4,5
24,0.78,0.85,218.76,445,80,186,0,84,True,1,Slow,0.3,0.82,0.85,0.52,0.76,0.56,0.7857142857142857,1.0,0.0,57,92,0.7,0.5,0.5,18,13,0.9,0.7142857142857143,0.2857142857142857,4,2
24,0.76,0.94,235.43999999999997,436,103,186,0,67,True,0,Slow,0.3,0.87,0.9,0.65,0.83,0.58,0.7142857142857143,1.0,0.0,56,96,0.85,0.7692307692307693,0.23076923076923078,14,16,0.9,0.7222222222222222,0.2777777777777778,2,2
24,0.74,0.81,229.2,449,87,174,0,83,False,-1,none,0.3,0.8,0.8,0.52,0.79,0.51,0.7142857142857143,1.0,0.0,49,91,0.8,0.75,0.25,13,17,0.8,0.5454545454545454,0.45454545454545453,0,4
24,0.75,0.9,241.8,440,86,181,0,63,True,3,Shigh,0.3,0.81,0.83,0.56,0.78,0.59,0.7571428571428571,1.0,0.0,63,94,0.7,0.6666666666666666,0.3333333333333333,8,10,0.8,0.625,0.375,1,5
24,0.68,0.77,217.79999999999998,453,91,159,0,83,False,-1,none,0.3,0.8,0.77,0.42,0.74,0.54,0.6714285714285714,1.0,0.0,43,88,0.65,0.7333333333333333,0.26666666666666666,9,13,0.8,0.6,0.4,3,3
24,0.73,0.8,205.32,450,107,180,0,78,True,1,Slow,0.3,0.86,0.85,0.61,0.74,0.61,0.7,1.0,0.0,54,92,0.85,0.7368421052631579,0.2631578947368421,10,16,0.7,0.5,0.5,4,4
24,0.72,0.82,223.8,448,107,189,0,72,False,-1,none,0.3,0.88,0.85,0.63,0.84,0.58,0.6857142857142857,1.0,0.0,57,103,0.8,0.8695652173913043,0.13043478260869565,6,17,0.8,0.5454545454545454,0.45454545454545453,3,3
24,0.67,0.72,218.99999999999997,458,97,174,0,82,False,-1,none,0.3,0.82,0.83,0.51,0.8,0.47,0.6857142857142857,1.0,0.0,48,92,0.7,0.375,0.625,19,13,0.5,0.625,0.375,1,1
24,0.68,0.78,215.39999999999995,452,108,180,0,64,False,-1,none,0.3,0.83,0.83,0.6,0.79,0.61,0.6285714285714286,1.0,0.0,48,103,0.8,0.8181818181818182,0.18181818181818182,11,18,0.8,0.6666666666666666,0.3333333333333333,0,0
24,0.72,0.81,235.2,449,108,178,0,58,False,-1,none,0.3,0.84,0.8,0.61,0.81,0.61,0.7,1.0,0.0,51,96,0.65,0.5333333333333333,0.4666666666666667,10,11,1.0,0.7058823529411765,0.29411764705882354,3,7
24,0.71,0.8,229.8,450,93,185,0,72,False,-1,none,0.3,0.83,0.82,0.59,0.78,0.56,0.6571428571428571,1.0,0.0,50,97,0.9,0.782608695652174,0.21739130434782608,13,18,0.7,0.45454545454545453,0.5454545454545454,3,4
24,0.7,0.77,228.59999999999997,453,89,158,0,76,False,-1,none,0.3,0.75,0.76,0.53,0.69,0.51,0.6857142857142857,1.0,0.0,51,82,0.8,0.65,0.35,9,13,0.6,0.3333333333333333,0.6666666666666666,1,2
24,0.63,0.73,203.75999999999996,457,96,174,0,72,True,0,Slow,0.3,0.79,0.78,0.61,0.73,0.52,0.6285714285714286,1.0,0.0,56,92,0.6,0.5625,0.4375,11,10,0.7,0.5384615384615384,0.46153846153846156,2,3
24,0.7,0.76,216.59999999999997,454,91,158,0,85,False,-1,none,0.3,0.76,0.76,0.53,0.71,0.49,0.6857142857142857,1.0,0.0,51,87,0.7,0.6666666666666666,0.3333333333333333,8,10,0.8,0.6153846153846154,0.38461538461538464,2,0
24,0.68,0.83,226.8,447,108,177,0,82,False,-1,none,0.3,0.85,0.82,0.55,0.85,0.61,0.6142857142857143,1.0,0.0,38,106,0.75,0.8,0.2,10,16,1.0,0.8,0.2,3,4
24,0.67,0.74,208.79999999999998,456,114,148,0,79,False,-1,none,0.3,0.8,0.79,0.48,0.7,0.59,0.6428571428571429,1.0,0.0,43,82,0.7,0.7058823529411765,0.29411764705882354,9,7,0.8,0.6666666666666666,0.3333333333333333,1,6
24,0.71,0.82,196.32,448,91,157,0,90,True,1,Slow,0.3,0.78,0.82,0.49,0.76,0.45,0.7,1.0,0.0,47,85,0.75,0.8,0.2,5,18,0.7,0.6923076923076923,0.3076923076923077,1,1
24,0.7,0.8,230.99999999999997,450,97,167,0,66,False,-1,none,0.3,0.81,0.78,0.56,0.74,0.55,0.7142857142857143,1.0,0.0,43,97,0.75,0.7272727272727273,0.2727272727272727,12,14,0.5,0.5,0.5,0,1
24,0.65,0.75,192.71999999999997,455,104,164,0,82,True,0,Slow,0.3,0.82,0.78,0.49,0.74,0.6,0.6,1.0,0.0,44,88,0.75,0.7777777777777778,0.2222222222222222,8,16,0.8,0.6,0.4,1,7
24,0.69,0.78,220.79999999999995,452,116,176,0,60,False,-1,none,0.3,0.84,0.84,0.66,0.78,0.58,0.6714285714285714,1.0,0.0,53,98,0.75,0.8,0.2,4,14,0.7,0.5454545454545454,0.45454545454545453,3,4
24,0.69,0.79,228.0,451,91,177,0,73,False,-1,none,0.3,0.79,0.83,0.55,0.77,0.53,0.6285714285714286,1.0,0.0,56,88,0.8,0.7727272727272727,0.22727272727272727,10,19,0.9,0.6153846153846154,0.38461538461538464,1,3
24,0.68,0.81,229.19999999999996,449,88,161,0,75,False,-1,none,0.3,0.74,0.77,0.53,0.75,0.51,0.6428571428571429,1.0,0.0,52,89,0.7,0.85,0.15,3,8,0.9,0.625,0.375,5,4
24,0.64,0.75,224.39999999999995,455,101,155,0,89,False,-1,none,0.3,0.75,0.83,0.48,0.8,0.45,0.5714285714285714,1.0,0.0,40,81,0.75,0.7368421052631579,0.2631578947368421,12,13,0.9,0.5625,0.4375,6,3
24,0.8,0.94,262.8,436,100,189,0,92,False,-1,none,0.3,0.91,0.88,0.55,0.87,0.62,0.7428571428571429,1.0,0.0,51,101,0.95,0.8,0.2,10,18,0.9,0.7058823529411765,0.29411764705882354,4,5
24,0.67,0.76,217.19999999999996,454,82,174,0,73,False,-1,none,0.3,0.78,0.77,0.53,0.76,0.48,0.6428571428571429,1.0,0.0,58,88,0.7,0.7777777777777778,0.2222222222222222,10,11,0.8,0.6153846153846154,0.38461538461538464,4,3
24,0.8,0.91,251.99999999999997,439,68,196,0,90,False,-1,none,0.3,0.81,0.82,0.55,0.83,0.54,0.8428571428571429,1.0,0.0,65,100,0.7,0.5,0.5,14,11,0.7,0.9375,0.0625,0,6
24,0.67,0.8,217.19999999999996,450,98,172,0,75,False,-1,none,0.3,0.8,0.82,0.54,0.79,0.55,0.6571428571428571,1.0,0.0,45,98,0.75,0.7727272727272727,0.22727272727272727,11,14,0.6,0.8333333333333334,0.16666666666666666,2,2
24,0.64,0.71,193.19999999999996,459,89,157,0,78,False,-1,none,0.3,0.75,0.74,0.52,0.68,0.48,0.6428571428571429,1.0,0.0,51,84,0.7,0.7368421052631579,0.2631578947368421,9,10,0.5,0.8571428571428571,0.14285714285714285,0,3
24,0.69,0.79,190.79999999999995,451,95,162,0,84,True,0,Slow,0.3,0.81,0.8,0.53,0.77,0.45,0.7,1.0,0.0,46,89,0.7,0.8,0.2,10,12,0.6,0.8,0.2,1,4
24,0.69,0.83,233.03999999999996,447,102,174,0,66,True,2,Slow,0.3,0.82,0.82,0.63,0.76,0.56,0.6428571428571429,1.0,0.0,49,87,0.8,0.7272727272727273,0.2727272727272727,11,17,0.8,0.625,0.375,3,7
24,0.66,0.79,211.79999999999998,451,90,160,0,86,False,-1,none,0.3,0.81,0.78,0.5,0.75,0.45,0.6714285714285714,1.0,0.0,45,87,0.7,0.75,0.25,10,11,0.5,0.9166666666666666,0.08333333333333333,1,6
24,0.68,0.79,210.12000000000006,451,88,179,0,79,True,2,Slow,0.3,0.81,0.83,0.53,0.71,0.58,0.6714285714285714,1.0,0.0,58,91,0.75,0.7619047619047619,0.23809523809523808,13,11,0.6,0.7272727272727273,0.2727272727272727,3,3
24,0.67,0.78,217.8,452,115,181,0,76,False,-1,none,0.3,0.83,0.86,0.64,0.82,0.59,0.6285714285714286,1.0,0.0,52,97,0.75,0.7619047619047619,0.23809523809523808,10,15,0.8,0.7692307692307693,0.23076923076923078,3,4
24,0.62,0.72,202.79999999999998,458,90,174,0,74,False,-1,none,0.3,0.81,0.77,0.48,0.74,0.56,0.5714285714285714,1.0,0.0,42,95,0.8,0.8095238095238095,0.19047619047619047,13,16,0.6,0.6363636363636364,0.36363636363636365,3,5
25,0.64,0.81,164.80000000000007,449,118,141,0,75,False,-1,none,0.3,0.77,0.78,0.55,0.77,0.53,0.6428571428571429,1.0,0.0,36,94,0.65,0.75,0.25,3,5,0.6,0.625,0.375,0,3
25,0.7,0.83,185.39999999999998,447,100,168,0,69,False,-1,none,0.3,0.81,0.8,0.53,0.77,0.6,0.6714285714285714,1.0,0.0,46,95,0.75,0.8,0.2,6,17,0.8,0.625,0.375,0,4
25,0.68,0.87,199.2,443,94,166,0,68,True,3,Shigh,0.3,0.82,0.77,0.56,0.75,0.57,0.6428571428571429,1.0,0.0,55,101,0.75,0.8076923076923077,0.19230769230769232,3,5,0.8,0.75,0.25,0,2
25,0.68,0.78,202.40000000000003,452,102,164,0,71,False,-1,none,0.3,0.8,0.8,0.55,0.77,0.52,0.6714285714285714,1.0,0.0,47,93,0.6,0.7647058823529411,0.23529411764705882,9,11,0.9,0.7857142857142857,0.21428571428571427,3,1
25,0.68,0.77,190.55999999999995,453,90,174,0,74,True,0,Slow,0.3,0.81,0.8,0.45,0.76,0.59,0.6571428571428571,1.0,0.0,48,100,0.7,1.0,0.0,0,23,0.8,0.5,0.5,2,1
25,0.76,0.87,226.4,443,88,202,0,53,False,-1,none,0.3,0.81,0.84,0.71,0.8,0.61,0.7428571428571429,1.0,0.0,65,103,0.8,0.7272727272727273,0.2727272727272727,15,12,0.8,0.6923076923076923,0.3076923076923077,4,3
25,0.67,0.8,199.60000000000002,450,97,182,0,91,False,-1,none,0.3,0.84,0.84,0.56,0.82,0.53,0.6285714285714286,1.0,0.0,57,95,0.85,0.84,0.16,9,20,0.6,0.7272727272727273,0.2727272727272727,1,0
25,0.67,0.78,196.6,452,85,156,0,81,False,-1,none,0.3,0.76,0.73,0.55,0.68,0.47,0.6285714285714286,1.0,0.0,46,81,0.85,0.8181818181818182,0.18181818181818182,10,18,0.6,0.75,0.25,0,1
25,0.72,0.87,195.38000000000005,443,98,170,0,80,True,0,Slow,0.3,0.79,0.83,0.61,0.78,0.54,0.6857142857142857,1.0,0.0,55,91,0.8,0.8333333333333334,0.16666666666666666,6,16,0.8,0.7333333333333333,0.26666666666666666,0,2
25,0.76,0.91,218.6,439,97,179,0,88,False,-1,none,0.3,0.87,0.84,0.64,0.8,0.52,0.7285714285714285,1.0,0.0,57,96,0.8,0.92,0.08,5,15,0.9,0.7333333333333333,0.26666666666666666,0,6
25,0.72,0.85,221.2,445,104,171,0,60,False,-1,none,0.3,0.83,0.8,0.55,0.79,0.63,0.7,1.0,0.0,55,96,0.7,0.6666666666666666,0.3333333333333333,6,9,0.9,0.6666666666666666,0.3333333333333333,1,4
25,0.77,0.89,240.60000000000002,441,108,179,0,89,False,-1,none,0.3,0.87,0.85,0.55,0.86,0.63,0.7571428571428571,1.0,0.0,48,101,0.7,0.4666666666666667,0.5333333333333333,10,12,1.0,0.6190476190476191,0.38095238095238093,3,5
25,0.74,0.88,214.80000000000007,442,87,172,0,78,False,-1,none,0.3,0.79,0.81,0.58,0.79,0.5,0.6857142857142857,1.0,0.0,58,89,0.9,0.8148148148148148,0.18518518518518517,7,13,0.8,0.6923076923076923,0.3076923076923077,1,4
25,0.7,0.88,223.94000000000005,442,93,156,0,83,True,3,Shigh,0.3,0.81,0.79,0.49,0.73,0.55,0.6142857142857143,1.0,0.0,51,86,0.9,0.6428571428571429,0.35714285714285715,9,6,0.9,0.47058823529411764,0.5294117647058824,3,1
25,0.72,0.92,237.96,438,105,164,0,74,True,4,Shigh,0.3,0.82,0.84,0.56,0.77,0.62,0.6571428571428571,1.0,0.0,45,91,0.85,0.6428571428571429,0.35714285714285715,10,14,0.9,0.5555555555555556,0.4444444444444444,3,1
25,0.75,1.0,253.00000000000003,430,106,155,0,79,False,-1,none,0.3,0.84,0.86,0.59,0.77,0.55,0.6857142857142857,1.0,0.0,47,89,0.9,0.8571428571428571,0.14285714285714285,2,13,0.9,0.7083333333333334,0.2916666666666667,2,2
25,0.69,0.78,196.20000000000005,452,90,173,0,74,False,-1,none,0.3,0.78,0.8,0.57,0.78,0.48,0.6714285714285714,1.0,0.0,61,92,0.75,0.8333333333333334,0.16666666666666666,3,14,0.7,0.7692307692307693,0.23076923076923078,0,3
25,0.69,0.8,193.84,450,94,168,0,68,True,4,Shigh,0.3,0.78,0.77,0.55,0.72,0.6,0.7,1.0,0.0,57,93,0.75,0.9047619047619048,0.09523809523809523,2,14,0.5,0.6,0.4,1,1
25,0.72,0.87,213.0,443,92,163,0,73,False,-1,none,0.3,0.76,0.78,0.54,0.7,0.64,0.7,1.0,0.0,52,93,0.7,0.8,0.2,4,10,0.9,0.7777777777777778,0.2222222222222222,0,4
25,0.72,0.86,233.2,444,94,158,0,82,False,-1,none,0.3,0.77,0.76,0.57,0.73,0.55,0.6857142857142857,1.0,0.0,41,88,0.8,0.6666666666666666,0.3333333333333333,13,13,0.8,0.5294117647058824,0.47058823529411764,2,1
25,0.7,0.96,233.62,434,79,153,0,77,True,2,Slow,0.3,0.74,0.77,0.55,0.74,0.48,0.6571428571428571,1.0,0.0,48,83,0.75,0.7857142857142857,0.21428571428571427,6,12,0.9,0.6818181818181818,0.3181818181818182,1,3
25,0.79,0.91,220.55999999999997,439,96,184,0,74,True,1,Slow,0.3,0.86,0.85,0.54,0.81,0.65,0.7857142857142857,1.0,0.0,51,107,0.75,0.5882352941176471,0.4117647058823529,10,12,0.9,0.631578947368421,0.3684210526315789,0,4
25,0.71,0.82,188.19999999999993,448,108,156,0,69,True,0,Slow,0.3,0.82,0.8,0.6,0.71,0.53,0.7285714285714285,1.0,0.0,52,87,0.65,0.7647058823529411,0.23529411764705882,7,6,0.7,0.5714285714285714,0.42857142857142855,1,3
25,0.77,0.95,231.91999999999996,435,83,182,0,70,True,2,Slow,0.3,0.82,0.82,0.59,0.78,0.59,0.7428571428571429,1.0,0.0,61,98,0.85,0.7307692307692307,0.2692307692307692,7,15,0.8,0.6470588235294118,0.35294117647058826,0,1
25,0.65,0.83,214.4,447,77,155,0,60,False,-1,none,0.3,0.7,0.72,0.55,0.64,0.54,0.5857142857142857,1.0,0.0,52,75,0.75,0.782608695652174,0.21739130434782608,10,15,0.9,0.631578947368421,0.3684210526315789,2,1
25,0.67,0.83,184.6,447,80,163,0,64,True,0,Slow,0.3,0.76,0.71,0.53,0.72,0.54,0.6285714285714286,1.0,0.0,52,86,0.75,0.6666666666666666,0.3333333333333333,10,13,0.8,0.8,0.2,0,2
25,0.7,0.87,217.60000000000002,443,86,168,0,69,False,-1,none,0.3,0.77,0.79,0.59,0.75,0.51,0.6714285714285714,1.0,0.0,54,91,0.7,0.8181818181818182,0.18181818181818182,6,13,0.9,0.7777777777777778,0.2222222222222222,1,3
25,0.76,0.94,232.60000000000008,436,91,166,0,69,False,-1,none,0.3,0.81,0.79,0.58,0.76,0.57,0.7285714285714285,1.0,0.0,54,86,0.85,0.9259259259259259,0.07407407407407407,4,18,0.8,0.625,0.375,1,3
25,0.77,0.91,236.60000000000002,439,88,185,0,81,False,-1,none,0.3,0.83,0.86,0.6,0.72,0.63,0.7714285714285715,1.0,0.0,62,95,0.7,0.6111111111111112,0.3888888888888889,11,10,0.9,0.7368421052631579,0.2631578947368421,1,6
25,0.67,0.79,199.2,451,93,160,0,73,False,-1,none,0.3,0.75,0.81,0.51,0.74,0.51,0.6285714285714286,1.0,0.0,44,86,0.85,0.7916666666666666,0.20833333333333334,9,18,0.6,0.6363636363636364,0.36363636363636365,1,2
25,0.68,0.88,223.76000000000002,442,110,162,0,80,True,3,Shigh,0.3,0.85,0.85,0.57,0.82,0.51,0.6142857142857143,1.0,0.0,46,94,0.85,0.6071428571428571,0.39285714285714285,9,12,0.8,0.6470588235294118,0.35294117647058826,0,1
25,0.67,0.8,210.2,450,97,161,0,87,False,-1,none,0.3,0.8,0.8,0.5,0.74,0.54,0.6285714285714286,1.0,0.0,41,93,0.7,0.8636363636363636,0.13636363636363635,3,16,0.9,0.5714285714285714,0.42857142857142855,5,3
25,0.68,0.81,213.04000000000002,449,107,180,0,72,True,3,Shigh,0.3,0.85,0.82,0.62,0.83,0.56,0.6285714285714286,1.0,0.0,49,104,0.8,0.5652173913043478,0.43478260869565216,14,11,0.8,0.8571428571428571,0.14285714285714285,0,2
25,0.73,0.85,219.60000000000002,445,96,168,0,81,False,-1,none,0.3,0.8,0.81,0.55,0.78,0.55,0.7,1.0,0.0,51,94,0.75,0.8,0.2,4,14,0.9,0.625,0.375,0,5
25,0.77,0.96,243.80000000000004,434,91,180,0,73,False,-1,none,0.3,0.82,0.83,0.67,0.81,0.54,0.7428571428571429,1.0,0.0,62,99,0.75,0.7727272727272727,0.22727272727272727,6,9,1.0,0.7272727272727273,0.2727272727272727,1,3
25,0.71,0.94,231.64000000000004,436,107,179,0,70,True,3,Shigh,0.3,0.83,0.9,0.59,0.84,0.64,0.6857142857142857,1.0,0.0,53,109,0.8,0.7857142857142857,0.21428571428571427,6,8,0.7,0.6666666666666666,0.3333333333333333,0,3
25,0.75,0.93,229.6,437,85,170,0,77,False,-1,none,0.3,0.82,0.8,0.55,0.79,0.52,0.6857142857142857,1.0,0.0,52,88,0.95,0.8181818181818182,0.18181818181818182,11,18,0.8,0.75,0.25,0,1
25,0.67,0.87,220.39999999999998,443,87,149,0,87,False,-1,none,0.3,0.75,0.77,0.48,0.72,0.51,0.5857142857142857,1.0,0.0,41,83,0.9,0.8571428571428571,0.14285714285714285,7,14,0.8,0.6666666666666666,0.3333333333333333,2,2
25,0.68,0.82,203.8,448,95,164,0,79,False,-1,none,0.3,0.77,0.78,0.56,0.74,0.56,0.6714285714285714,1.0,0.0,51,97,0.55,0.8823529411764706,0.11764705882352941,1,9,1.0,0.6666666666666666,0.3333333333333333,2,4
25,0.7,0.83,200.92000000000002,447,100,170,0,77,True,1,Slow,0.3,0.82,0.82,0.58,0.74,0.57,0.7142857142857143,1.0,0.0,51,96,0.8,0.5652173913043478,0.43478260869565216,9,12,0.4,0.7,0.3,2,0
25,0.67,0.76,195.60000000000002,454,99,166,0,84,False,-1,none,0.3,0.77,0.81,0.48,0.78,0.57,0.6857142857142857,1.0,0.0,53,99,0.55,0.6666666666666666,0.3333333333333333,4,7,0.8,0.6153846153846154,0.38461538461538464,0,3
25,0.72,0.82,202.2,448,99,174,0,75,False,-1,none,0.3,0.8,0.82,0.54,0.76,0.63,0.7285714285714285,1.0,0.0,54,98,0.65,0.8333333333333334,0.16666666666666666,6,12,0.8,0.6153846153846154,0.38461538461538464,0,4
25,0.76,0.89,219.60000000000002,441,93,171,0,72,False,-1,none,0.3,0.84,0.83,0.55,0.76,0.55,0.7714285714285715,1.0,0.0,54,97,0.65,0.9473684210526315,0.05263157894736842,1,15,0.9,0.5625,0.4375,1,3
25,0.64,0.78,187.20000000000002,452,84,149,0,84,False,-1,none,0.3,0.76,0.75,0.45,0.69,0.46,0.6285714285714286,1.0,0.0,46,83,0.75,0.9583333333333334,0.041666666666666664,1,15,0.5,0.6,0.4,2,2
25,0.7,0.9,216.39999999999998,440,104,157,0,79,False,-1,none,0.3,0.84,0.81,0.56,0.76,0.54,0.6714285714285714,1.0,0.0,48,91,0.75,0.896551724137931,0.10344827586206896,5,12,0.8,0.7142857142857143,0.2857142857142857,0,1
25,0.8,0.99,240.20000000000005,431,80,194,0,72,False,-1,none,0.3,0.82,0.84,0.67,0.81,0.59,0.8142857142857143,1.0,0.0,65,99,0.85,0.9375,0.0625,0,26,0.6,0.6,0.4,2,2
25,0.69,0.91,247.2,439,105,177,0,67,False,-1,none,0.3,0.84,0.86,0.64,0.82,0.57,0.6571428571428571,1.0,0.0,52,89,0.65,0.8333333333333334,0.16666666666666666,5,18,1.0,0.5238095238095238,0.47619047619047616,5,8
25,0.69,0.82,201.6,448,78,168,0,72,False,-1,none,0.3,0.78,0.78,0.55,0.72,0.45,0.7142857142857143,1.0,0.0,60,83,0.55,0.9411764705882353,0.058823529411764705,0,16,0.8,0.6,0.4,4,5
25,0.69,0.87,217.4,443,98,156,0,69,False,-1,none,0.3,0.79,0.8,0.55,0.72,0.55,0.6285714285714286,1.0,0.0,52,86,0.85,0.8571428571428571,0.14285714285714285,6,8,0.8,0.6666666666666666,0.3333333333333333,1,3
25,0.66,0.84,211.6,446,120,157,0,74,False,-1,none,0.3,0.84,0.8,0.63,0.79,0.55,0.6285714285714286,1.0,0.0,39,95,0.75,0.782608695652174,0.21739130434782608,9,12,0.7,0.7647058823529411,0.23529411764705882,0,2
25,0.71,0.83,221.4,447,108,172,0,72,False,-1,none,0.3,0.82,0.83,0.57,0.81,0.6,0.6571428571428571,1.0,0.0,47,101,0.8,0.6521739130434783,0.34782608695652173,14,10,0.9,0.7142857142857143,0.2857142857142857,0,0
25,0.68,0.82,213.0,448,93,168,0,77,False,-1,none,0.3,0.82,0.78,0.48,0.81,0.54,0.6571428571428571,1.0,0.0,45,95,0.75,0.7619047619047619,0.23809523809523808,9,15,0.7,0.5333333333333333,0.4666666666666667,1,3
25,0.65,0.77,195.4,453,103,150,0,90,False,-1,none,0.3,0.76,0.79,0.49,0.69,0.57,0.6285714285714286,1.0,0.0,45,88,0.65,0.8235294117647058,0.17647058823529413,5,10,0.8,0.6875,0.3125,0,2
25,0.8,0.99,239.8,431,95,186,0,65,False,-1,none,0.3,0.89,0.81,0.7,0.79,0.61,0.8285714285714286,1.0,0.0,60,103,0.75,0.8333333333333334,0.16666666666666666,5,15,0.7,0.7647058823529411,0.23529411764705882,1,2
25,0.65,0.78,198.79999999999998,452,105,166,0,71,False,-1,none,0.3,0.82,0.78,0.52,0.82,0.55,0.6142857142857143,1.0,0.0,46,93,0.75,0.6818181818181818,0.3181818181818182,10,14,0.7,0.7692307692307693,0.23076923076923078,0,3
25,0.7,0.79,190.78000000000003,451,88,156,0,97,True,2,Slow,0.3,0.79,0.79,0.43,0.74,0.48,0.7428571428571429,1.0,0.0,49,92,0.6,0.8125,0.1875,4,10,0.6,0.5454545454545454,0.45454545454545453,0,1
25,0.69,0.83,210.39999999999998,447,91,167,0,79,False,-1,none,0.3,0.77,0.8,0.53,0.73,0.58,0.6285714285714286,1.0,0.0,50,90,0.85,0.8,0.2,10,14,0.8,0.6428571428571429,0.35714285714285715,0,3
25,0.65,0.78,195.8,452,97,154,0,86,False,-1,none,0.3,0.8,0.77,0.42,0.75,0.55,0.5714285714285714,1.0,0.0,46,88,0.85,0.782608695652174,0.21739130434782608,4,12,0.8,0.7333333333333333,0.26666666666666666,1,3
25,0.68,0.79,199.2,451,94,180,0,62,False,-1,none,0.3,0.81,0.79,0.58,0.74,0.61,0.6571428571428571,1.0,0.0,54,99,0.85,0.8076923076923077,0.19230769230769232,8,16,0.5,0.42857142857142855,0.5714285714285714,1,2
25,0.65,0.78,197.20000000000002,452,105,159,0,73,False,-1,none,0.3,0.76,0.8,0.57,0.71,0.58,0.6142857142857143,1.0,0.0,50,93,0.7,0.8421052631578947,0.15789473684210525,5,8,0.8,0.6875,0.3125,1,2
25,0.66,0.84,209.8,446,80,162,0,84,False,-1,none,0.3,0.76,0.78,0.55,0.72,0.45,0.6428571428571429,1.0,0.0,51,88,0.65,0.8,0.2,8,13,0.8,0.7368421052631579,0.2631578947368421,1,1
25,0.75,0.88,222.8,442,81,175,0,81,True,1,Slow,0.3,0.79,0.84,0.53,0.77,0.51,0.6714285714285714,1.0,0.0,53,84,0.9,0.7272727272727273,0.2727272727272727,13,18,1.0,0.631578947368421,0.3684210526315789,2,5
25,0.63,0.72,185.2,458,84,157,0,82,False,-1,none,0.3,0.77,0.72,0.5,0.72,0.42,0.6,1.0,0.0,47,83,0.7,0.8333333333333334,0.16666666666666666,8,13,0.7,0.5833333333333334,0.4166666666666667,2,4
25,0.73,0.83,195.20000000000002,447,80,179,0,73,False,-1,none,0.3,0.78,0.75,0.6,0.75,0.54,0.7857142857142857,1.0,0.0,62,97,0.6,1.0,0.0,0,16,0.6,0.7,0.3,1,3
25,0.66,0.83,223.79999999999998,447,90,161,0,76,False,-1,none,0.3,0.78,0.75,0.56,0.77,0.48,0.6,1.0,0.0,50,86,0.75,0.7272727272727273,0.2727272727272727,8,13,0.9,0.6842105263157895,0.3157894736842105,1,3
25,0.6,0.73,180.79999999999995,457,99,152,0,71,False,-1,none,0.3,0.73,0.73,0.53,0.72,0.53,0.5571428571428572,1.0,0.0,37,89,0.75,0.782608695652174,0.21739130434782608,9,15,0.6,0.9090909090909091,0.09090909090909091,1,1
26,0.62,0.91,179.84000000000003,439,129,120,0,70,True,2,Slow,0.3,0.8,0.77,0.5,0.78,0.55,0.5714285714285714,1.0,0.0,20,89,0.65,0.6666666666666666,0.3333333333333333,5,3,0.9,0.6666666666666666,0.3333333333333333,0,3
26,0.62,0.71,152.99999999999997,459,101,157,0,76,False,-1,none,0.3,0.78,0.78,0.47,0.7,0.56,0.6,1.0,0.0,44,95,0.7,0.8421052631578947,0.15789473684210525,5,10,0.6,0.6,0.4,0,3
26,0.67,0.81,206.0,449,94,150,0,95,False,-1,none,0.3,0.78,0.77,0.51,0.74,0.45,0.5857142857142857,1.0,0.0,42,86,0.85,0.8260869565217391,0.17391304347826086,7,14,0.9,0.5882352941176471,0.4117647058823529,0,1
26,0.66,0.82,193.60000000000005,448,107,176,0,55,False,-1,none,0.3,0.82,0.81,0.62,0.79,0.61,0.6,1.0,0.0,52,97,0.85,0.9642857142857143,0.03571428571428571,1,19,0.7,0.8333333333333334,0.16666666666666666,2,5
26,0.59,0.66,177.6,464,105,149,0,85,False,-1,none,0.3,0.78,0.75,0.48,0.71,0.48,0.5285714285714286,1.0,0.0,34,85,0.8,1.0,0.0,1,25,0.6,0.5555555555555556,0.4444444444444444,2,2
26,0.63,0.79,206.60000000000002,451,84,160,0,82,False,-1,none,0.3,0.76,0.75,0.55,0.75,0.42,0.5714285714285714,1.0,0.0,50,83,0.8,0.875,0.125,7,14,0.7,0.7333333333333333,0.26666666666666666,2,4
26,0.73,0.8,222.20000000000002,450,106,177,0,82,False,-1,none,0.3,0.87,0.85,0.53,0.83,0.55,0.7,1.0,0.0,58,89,0.75,0.7222222222222222,0.2777777777777778,9,14,0.9,0.6153846153846154,0.38461538461538464,1,6
26,0.67,0.8,222.40000000000003,450,98,176,0,71,False,-1,none,0.3,0.8,0.85,0.54,0.75,0.6,0.6142857142857143,1.0,0.0,47,91,0.85,0.6666666666666666,0.3333333333333333,17,16,0.7,0.6923076923076923,0.3076923076923077,2,3
26,0.68,0.78,200.20000000000005,452,96,166,0,65,False,-1,none,0.3,0.79,0.78,0.56,0.71,0.56,0.6714285714285714,1.0,0.0,51,91,0.6,0.875,0.125,5,12,0.9,0.7333333333333333,0.26666666666666666,1,6
26,0.69,0.84,225.20000000000002,446,91,169,0,71,False,-1,none,0.3,0.8,0.8,0.55,0.79,0.5,0.6571428571428571,1.0,0.0,52,94,0.85,0.8461538461538461,0.15384615384615385,4,14,0.6,0.5833333333333334,0.4166666666666667,3,2
26,0.68,0.8,206.00000000000006,450,94,164,0,87,False,-1,none,0.3,0.82,0.76,0.46,0.8,0.54,0.6285714285714286,1.0,0.0,47,95,0.75,0.8095238095238095,0.19047619047619047,6,11,0.9,0.8,0.2,1,4
26,0.68,0.78,205.00000000000003,452,75,177,0,70,False,-1,none,0.3,0.77,0.79,0.49,0.73,0.52,0.7142857142857143,1.0,0.0,52,94,0.6,0.8125,0.1875,9,12,0.6,0.6666666666666666,0.3333333333333333,5,5
26,0.79,0.91,229.40000000000003,439,99,194,0,71,False,-1,none,0.3,0.88,0.85,0.62,0.87,0.62,0.7428571428571429,1.0,0.0,59,101,0.9,0.875,0.125,7,20,0.9,0.7333333333333333,0.26666666666666666,0,7
26,0.71,0.82,206.20000000000005,448,94,201,0,63,False,-1,none,0.3,0.87,0.85,0.6,0.84,0.61,0.7285714285714285,1.0,0.0,65,110,0.6,0.8235294117647058,0.17647058823529413,5,13,0.8,0.8571428571428571,0.14285714285714285,3,5
26,0.66,0.78,191.00000000000003,452,108,155,0,79,False,-1,none,0.3,0.78,0.79,0.57,0.77,0.5,0.6428571428571429,1.0,0.0,45,91,0.7,1.0,0.0,0,16,0.7,0.6363636363636364,0.36363636363636365,1,2
26,0.75,0.93,251.80000000000004,437,88,178,0,76,False,-1,none,0.3,0.85,0.83,0.57,0.77,0.57,0.7285714285714285,1.0,0.0,53,97,0.75,0.8148148148148148,0.18518518518518517,11,13,0.9,0.6,0.4,2,2
26,0.66,0.74,213.2,456,110,160,0,81,False,-1,none,0.3,0.83,0.8,0.49,0.77,0.55,0.5857142857142857,1.0,0.0,46,90,0.85,0.6190476190476191,0.38095238095238093,9,11,0.8,0.6666666666666666,0.3333333333333333,1,3
26,0.72,0.83,211.40000000000003,447,89,198,0,70,False,-1,none,0.3,0.85,0.87,0.6,0.79,0.59,0.7571428571428571,1.0,0.0,67,102,0.7,0.9047619047619048,0.09523809523809523,5,18,0.5,0.5555555555555556,0.4444444444444444,4,2
26,0.62,0.74,202.6,456,100,162,0,69,False,-1,none,0.3,0.76,0.78,0.6,0.75,0.47,0.5714285714285714,1.0,0.0,55,82,0.75,0.8181818181818182,0.18181818181818182,5,14,0.7,0.5833333333333334,0.4166666666666667,3,3
26,0.65,0.82,209.40000000000003,448,111,163,0,79,False,-1,none,0.3,0.81,0.82,0.55,0.83,0.55,0.5714285714285714,1.0,0.0,42,95,0.8,1.0,0.0,0,21,0.9,0.625,0.375,2,3
26,0.75,0.91,267.40000000000003,439,95,175,0,79,False,-1,none,0.3,0.84,0.83,0.53,0.79,0.62,0.7,1.0,0.0,46,95,0.85,0.7307692307692307,0.2692307692307692,7,19,0.9,0.4375,0.5625,4,4
26,0.76,0.85,242.00000000000003,445,99,171,0,85,False,-1,none,0.3,0.82,0.85,0.55,0.8,0.53,0.6857142857142857,1.0,0.0,47,88,0.9,0.7142857142857143,0.2857142857142857,11,14,1.0,0.5625,0.4375,5,6
26,0.71,0.82,232.40000000000003,448,98,175,0,90,False,-1,none,0.3,0.79,0.82,0.56,0.79,0.59,0.6428571428571429,1.0,0.0,53,93,0.85,0.7727272727272727,0.22727272727272727,6,16,0.9,0.5333333333333333,0.4666666666666667,3,4
26,0.7,0.84,237.00000000000003,446,80,167,0,84,False,-1,none,0.3,0.79,0.8,0.48,0.77,0.47,0.6142857142857143,1.0,0.0,45,84,0.9,0.8076923076923077,0.19230769230769232,12,15,0.9,0.5333333333333333,0.4666666666666667,5,6
26,0.72,0.87,227.80000000000004,443,87,169,0,87,False,-1,none,0.3,0.82,0.83,0.53,0.75,0.5,0.7285714285714285,1.0,0.0,51,92,0.6,0.7894736842105263,0.21052631578947367,9,11,0.9,0.7647058823529411,0.23529411764705882,2,4
26,0.66,0.77,190.4,453,103,180,0,80,False,-1,none,0.3,0.84,0.82,0.55,0.82,0.57,0.6142857142857143,1.0,0.0,52,98,0.8,0.9,0.1,6,17,0.7,0.8571428571428571,0.14285714285714285,2,5
26,0.7,0.85,227.20000000000005,445,90,161,0,79,False,-1,none,0.3,0.8,0.79,0.49,0.75,0.53,0.6285714285714286,1.0,0.0,47,89,0.85,0.8461538461538461,0.15384615384615385,5,16,0.9,0.6666666666666666,0.3333333333333333,0,4
26,0.63,0.7,197.2,460,117,168,0,70,False,-1,none,0.3,0.83,0.8,0.58,0.77,0.57,0.6,1.0,0.0,46,93,0.55,0.6153846153846154,0.38461538461538464,10,10,1.0,0.6666666666666666,0.3333333333333333,5,4
26,0.68,0.81,221.4,449,91,173,0,80,False,-1,none,0.3,0.8,0.77,0.55,0.8,0.53,0.6,1.0,0.0,45,89,0.85,0.782608695652174,0.21739130434782608,10,18,0.9,0.6875,0.3125,5,6
26,0.66,0.8,215.0,450,88,169,0,63,False,-1,none,0.3,0.78,0.78,0.53,0.77,0.51,0.5857142857142857,1.0,0.0,45,83,0.9,0.7777777777777778,0.2222222222222222,12,21,0.7,0.75,0.25,3,5
26,0.64,0.78,218.8,452,94,165,0,73,False,-1,none,0.3,0.8,0.81,0.56,0.73,0.47,0.5571428571428572,1.0,0.0,53,81,0.75,0.8181818181818182,0.18181818181818182,5,12,1.0,0.5882352941176471,0.4117647058823529,10,4
26,0.73,0.86,220.36000000000004,444,83,168,0,78,True,2,Slow,0.3,0.79,0.81,0.52,0.76,0.49,0.7285714285714285,1.0,0.0,49,89,0.65,0.7058823529411765,0.29411764705882354,11,9,0.9,0.7777777777777778,0.2222222222222222,4,6
26,0.64,0.75,181.65999999999997,455,93,147,0,70,True,0,Slow,0.3,0.76,0.76,0.48,0.73,0.42,0.6142857142857143,1.0,0.0,38,82,0.7,0.7,0.3,11,14,0.7,0.8333333333333334,0.16666666666666666,0,2
26,0.73,0.84,222.60000000000005,446,81,184,0,86,False,-1,none,0.3,0.8,0.82,0.54,0.77,0.56,0.7142857142857143,1.0,0.0,60,100,0.8,0.7727272727272727,0.22727272727272727,8,9,0.7,0.75,0.25,3,4
26,0.66,0.84,216.60000000000002,446,107,164,0,70,True,3,Shigh,0.3,0.83,0.79,0.52,0.81,0.6,0.6142857142857143,1.0,0.0,45,100,0.75,0.8928571428571429,0.10714285714285714,2,13,0.8,0.5384615384615384,0.46153846153846156,2,2
26,0.64,0.75,207.60000000000002,455,94,156,0,75,False,-1,none,0.3,0.72,0.73,0.56,0.72,0.52,0.6142857142857143,1.0,0.0,38,87,0.65,0.7894736842105263,0.21052631578947367,10,13,0.8,0.5384615384615384,0.46153846153846156,3,5
26,0.71,0.82,204.20000000000002,448,97,166,0,80,False,-1,none,0.3,0.82,0.78,0.58,0.7,0.57,0.7,1.0,0.0,54,92,0.75,0.96,0.04,2,14,0.7,0.5,0.5,2,2
26,0.67,0.77,223.0,453,96,160,0,87,False,-1,none,0.3,0.79,0.77,0.49,0.73,0.55,0.5857142857142857,1.0,0.0,43,90,0.85,0.65,0.35,10,12,0.9,0.625,0.375,3,2
26,0.67,0.76,206.60000000000002,454,96,173,0,70,False,-1,none,0.3,0.78,0.81,0.49,0.78,0.59,0.6142857142857143,1.0,0.0,48,92,0.85,0.8181818181818182,0.18181818181818182,9,19,0.7,0.5454545454545454,0.45454545454545453,2,3
26,0.68,0.79,198.60000000000002,451,100,168,0,68,False,-1,none,0.3,0.77,0.82,0.61,0.7,0.57,0.6714285714285714,1.0,0.0,51,93,0.65,0.8888888888888888,0.1111111111111111,4,12,0.8,0.7857142857142857,0.21428571428571427,2,6
26,0.66,0.76,190.18,454,104,155,0,95,True,2,Slow,0.3,0.79,0.83,0.47,0.74,0.52,0.6,1.0,0.0,46,91,0.85,0.7272727272727273,0.2727272727272727,7,10,0.7,0.75,0.25,1,0
26,0.57,0.72,167.84,458,99,139,0,70,True,1,Slow,0.3,0.7,0.72,0.5,0.7,0.48,0.5285714285714286,1.0,0.0,36,83,0.55,0.875,0.125,3,14,0.9,0.7894736842105263,0.21052631578947367,0,3
26,0.78,0.92,225.38000000000005,438,101,196,0,76,True,2,Slow,0.3,0.87,0.88,0.6,0.87,0.67,0.7571428571428571,1.0,0.0,59,109,0.8,0.7916666666666666,0.20833333333333334,12,12,0.9,0.7333333333333333,0.26666666666666666,2,2
26,0.72,0.84,208.40000000000006,446,91,176,0,84,False,-1,none,0.3,0.77,0.86,0.55,0.8,0.53,0.6714285714285714,1.0,0.0,50,92,0.8,0.7727272727272727,0.22727272727272727,13,15,0.9,0.8666666666666667,0.13333333333333333,2,4
26,0.77,0.91,226.8000000000001,439,87,157,0,80,False,-1,none,0.3,0.77,0.81,0.54,0.67,0.56,0.7142857142857143,1.0,0.0,46,83,0.85,0.875,0.125,5,15,1.0,0.7647058823529411,0.23529411764705882,5,3
26,0.72,0.83,216.80000000000007,447,94,182,0,66,False,-1,none,0.3,0.8,0.84,0.62,0.78,0.55,0.7,1.0,0.0,51,98,0.75,0.6842105263157895,0.3157894736842105,13,12,0.8,0.8,0.2,3,5
26,0.76,0.88,224.00000000000006,442,88,192,0,77,False,-1,none,0.3,0.81,0.86,0.63,0.76,0.62,0.7285714285714285,1.0,0.0,64,93,0.9,0.875,0.125,7,19,0.7,0.6153846153846154,0.38461538461538464,4,5
26,0.67,0.78,213.40000000000003,452,103,173,0,81,False,-1,none,0.3,0.82,0.79,0.55,0.8,0.58,0.6428571428571429,1.0,0.0,47,94,0.7,0.6111111111111112,0.3888888888888889,13,14,0.8,0.7333333333333333,0.26666666666666666,3,2
26,0.66,0.78,190.60000000000005,452,98,160,0,74,False,-1,none,0.3,0.73,0.77,0.53,0.73,0.6,0.6428571428571429,1.0,0.0,51,91,0.7,0.8695652173913043,0.13043478260869565,3,12,0.7,0.8,0.2,2,1
26,0.67,0.81,208.60000000000005,449,96,156,0,82,False,-1,none,0.3,0.78,0.77,0.5,0.73,0.55,0.6285714285714286,1.0,0.0,42,89,0.65,0.8947368421052632,0.10526315789473684,4,16,1.0,0.6666666666666666,0.3333333333333333,3,2
26,0.72,0.84,214.00000000000006,446,83,168,0,80,False,-1,none,0.3,0.81,0.78,0.48,0.77,0.51,0.7142857142857143,1.0,0.0,55,92,0.75,0.8695652173913043,0.13043478260869565,2,16,0.7,0.7272727272727273,0.2727272727272727,1,2
26,0.7,0.86,233.40000000000003,444,97,173,0,74,False,-1,none,0.3,0.84,0.79,0.56,0.78,0.59,0.6285714285714286,1.0,0.0,47,95,0.8,0.8695652173913043,0.13043478260869565,6,14,1.0,0.631578947368421,0.3684210526315789,6,5
26,0.7,0.84,233.40000000000003,446,100,176,0,90,False,-1,none,0.3,0.85,0.83,0.54,0.85,0.53,0.7,1.0,0.0,52,94,0.65,0.6666666666666666,0.3333333333333333,13,10,0.8,0.7058823529411765,0.29411764705882354,3,4
26,0.73,0.93,244.80000000000004,437,99,184,0,74,False,-1,none,0.3,0.87,0.87,0.6,0.83,0.59,0.7142857142857143,1.0,0.0,49,101,0.8,0.8214285714285714,0.17857142857142858,9,15,0.7,0.7333333333333333,0.26666666666666666,5,5
26,0.65,0.77,196.4,453,75,170,0,63,False,-1,none,0.3,0.72,0.71,0.59,0.72,0.48,0.6571428571428571,1.0,0.0,59,86,0.6,0.8421052631578947,0.15789473684210525,7,13,0.7,0.75,0.25,1,4
26,0.66,0.78,196.41999999999996,452,105,160,0,77,True,0,Slow,0.3,0.8,0.79,0.51,0.76,0.57,0.6142857142857143,1.0,0.0,44,94,0.75,0.7,0.3,9,10,0.8,0.6666666666666666,0.3333333333333333,1,2
26,0.77,0.9,238.60000000000005,440,83,187,0,85,False,-1,none,0.3,0.82,0.86,0.57,0.77,0.58,0.7285714285714285,1.0,0.0,59,100,0.9,0.8461538461538461,0.15384615384615385,9,12,0.8,0.6153846153846154,0.38461538461538464,4,3
26,0.68,0.83,223.20000000000002,447,108,164,0,80,False,-1,none,0.3,0.83,0.84,0.57,0.71,0.6,0.6428571428571429,1.0,0.0,44,92,0.7,0.8636363636363636,0.13636363636363635,6,9,0.9,0.625,0.375,9,4
26,0.7,0.81,207.60000000000002,449,85,157,0,72,False,-1,none,0.3,0.79,0.71,0.49,0.74,0.5,0.6857142857142857,1.0,0.0,44,88,0.8,0.875,0.125,5,16,0.6,0.6666666666666666,0.3333333333333333,2,2
26,0.72,0.86,220.60000000000002,444,99,156,0,79,False,-1,none,0.3,0.81,0.8,0.54,0.69,0.57,0.6571428571428571,1.0,0.0,46,84,0.95,0.8461538461538461,0.15384615384615385,8,13,0.7,0.7857142857142857,0.21428571428571427,1,4
26,0.71,0.89,231.00000000000003,441,82,178,0,81,False,-1,none,0.3,0.81,0.83,0.53,0.79,0.53,0.6714285714285714,1.0,0.0,52,94,0.75,0.88,0.12,7,13,0.9,0.7058823529411765,0.29411764705882354,5,7
26,0.7,0.85,221.55999999999997,445,100,179,0,66,True,2,Slow,0.3,0.8,0.86,0.62,0.81,0.55,0.6714285714285714,1.0,0.0,55,99,0.7,0.6842105263157895,0.3157894736842105,9,10,0.9,0.6842105263157895,0.3157894736842105,2,4
26,0.72,0.83,222.2,447,105,177,0,75,False,-1,none,0.3,0.83,0.86,0.58,0.77,0.61,0.6714285714285714,1.0,0.0,49,100,0.8,0.75,0.25,10,15,0.9,0.75,0.25,3,0
26,0.69,0.89,225.40000000000006,441,95,176,0,65,False,-1,none,0.3,0.83,0.82,0.64,0.8,0.51,0.6428571428571429,1.0,0.0,55,97,0.8,0.9642857142857143,0.03571428571428571,3,11,0.8,0.6875,0.3125,6,4
26,0.74,0.86,217.80000000000004,444,92,175,0,82,False,-1,none,0.3,0.79,0.85,0.55,0.81,0.53,0.7285714285714285,1.0,0.0,50,96,0.95,0.8518518518518519,0.14814814814814814,9,17,0.4,0.75,0.25,1,2
26,0.66,0.81,205.8,449,96,165,0,73,False,-1,none,0.3,0.8,0.81,0.52,0.75,0.54,0.6,1.0,0.0,45,89,0.8,0.92,0.08,4,18,0.8,0.7142857142857143,0.2857142857142857,6,3
27,0.62,0.79,164.80000000000004,451,108,135,0,73,False,-1,none,0.3,0.75,0.76,0.52,0.76,0.43,0.5714285714285714,1.0,0.0,43,83,0.8,0.68,0.32,4,5,0.6,0.7142857142857143,0.2857142857142857,0,0
27,0.73,0.89,181.79999999999993,441,94,165,0,82,False,-1,none,0.3,0.81,0.75,0.58,0.77,0.57,0.6714285714285714,1.0,0.0,46,93,0.9,0.92,0.08,3,21,0.8,0.7647058823529411,0.23529411764705882,1,1
27,0.68,0.85,197.39999999999998,445,110,162,0,73,True,2,Slow,0.3,0.83,0.82,0.61,0.78,0.53,0.6,1.0,0.0,45,86,0.8,0.7619047619047619,0.23809523809523808,10,16,1.0,0.7727272727272727,0.22727272727272727,1,4
27,0.78,0.88,212.08,442,97,199,0,66,True,1,Slow,0.3,0.85,0.86,0.63,0.83,0.67,0.7857142857142857,1.0,0.0,61,110,0.7,0.7894736842105263,0.21052631578947367,9,11,0.9,0.6428571428571429,0.35714285714285715,3,5
27,0.74,0.9,225.60000000000005,440,90,202,0,63,False,-1,none,0.3,0.87,0.87,0.62,0.78,0.68,0.7428571428571429,1.0,0.0,58,105,0.7,1.0,0.0,4,30,0.8,0.8666666666666667,0.13333333333333333,1,4
27,0.76,0.85,218.70000000000002,445,87,171,0,77,True,3,Shigh,0.3,0.81,0.8,0.54,0.8,0.48,0.7428571428571429,1.0,0.0,61,88,0.85,0.9090909090909091,0.09090909090909091,3,17,0.7,0.6363636363636364,0.36363636363636365,0,2
27,0.67,0.8,199.2,450,101,170,0,89,False,-1,none,0.3,0.85,0.79,0.5,0.77,0.6,0.6571428571428571,1.0,0.0,50,99,0.65,0.9545454545454546,0.045454545454545456,4,14,0.8,0.8333333333333334,0.16666666666666666,1,2
27,0.76,0.94,228.48,436,99,177,0,85,True,0,Slow,0.3,0.88,0.86,0.61,0.81,0.54,0.7285714285714285,1.0,0.0,59,96,0.85,0.7419354838709677,0.25806451612903225,10,10,0.8,0.6666666666666666,0.3333333333333333,0,2
27,0.62,0.78,212.39999999999998,452,92,142,0,83,False,-1,none,0.3,0.74,0.76,0.51,0.67,0.44,0.5,1.0,0.0,42,72,0.85,0.8260869565217391,0.17391304347826086,6,16,1.0,0.9,0.1,0,6
27,0.65,0.75,210.79999999999995,455,102,160,0,73,False,-1,none,0.3,0.79,0.8,0.52,0.76,0.5,0.6,1.0,0.0,40,88,0.75,0.7222222222222222,0.2777777777777778,13,11,0.8,0.8,0.2,3,5
27,0.77,0.92,244.79999999999998,438,71,189,0,83,False,-1,none,0.3,0.81,0.83,0.55,0.78,0.55,0.7285714285714285,1.0,0.0,58,92,0.85,0.9259259259259259,0.07407407407407407,10,23,0.9,0.7142857142857143,0.2857142857142857,3,3
27,0.69,0.77,205.20000000000002,453,96,170,0,87,False,-1,none,0.3,0.83,0.8,0.49,0.76,0.55,0.7,1.0,0.0,53,92,0.7,0.8888888888888888,0.1111111111111111,5,13,0.6,0.7,0.3,2,5
27,0.63,0.76,206.39999999999998,454,101,162,0,71,False,-1,none,0.3,0.77,0.79,0.56,0.74,0.53,0.5857142857142857,1.0,0.0,43,93,0.75,0.9047619047619048,0.09523809523809523,6,13,0.7,0.6428571428571429,0.35714285714285715,5,2
27,0.67,0.76,211.19999999999996,454,80,176,0,63,False,-1,none,0.3,0.74,0.74,0.53,0.74,0.57,0.6714285714285714,1.0,0.0,47,95,0.7,0.6875,0.3125,12,15,0.6,0.8461538461538461,0.15384615384615385,4,3
27,0.68,0.82,235.79999999999995,448,72,157,0,79,False,-1,none,0.3,0.73,0.71,0.5,0.7,0.47,0.6285714285714286,1.0,0.0,46,75,0.9,0.7307692307692307,0.2692307692307692,16,17,0.6,0.6666666666666666,0.3333333333333333,0,3
27,0.63,0.75,196.32,455,84,159,0,67,True,1,Slow,0.3,0.76,0.73,0.51,0.69,0.49,0.6285714285714286,1.0,0.0,51,86,0.65,0.6666666666666666,0.3333333333333333,10,9,0.6,0.6153846153846154,0.38461538461538464,1,2
27,0.66,0.78,209.39999999999998,452,97,170,0,75,False,-1,none,0.3,0.81,0.8,0.59,0.72,0.53,0.6285714285714286,1.0,0.0,52,87,0.8,0.75,0.25,12,16,0.6,0.8571428571428571,0.14285714285714285,1,2
27,0.65,0.71,220.8,459,101,180,0,73,False,-1,none,0.3,0.84,0.75,0.6,0.77,0.56,0.5857142857142857,1.0,0.0,54,94,0.8,0.4444444444444444,0.5555555555555556,18,11,0.8,0.5833333333333334,0.4166666666666667,2,1
27,0.63,0.7,174.00000000000003,460,83,158,0,79,True,1,Slow,0.3,0.74,0.71,0.47,0.7,0.49,0.6142857142857143,1.0,0.0,47,90,0.75,0.7058823529411765,0.29411764705882354,8,12,0.5,0.8,0.2,0,1
27,0.64,0.76,190.79999999999995,454,94,163,0,72,True,2,Slow,0.3,0.78,0.71,0.6,0.75,0.49,0.6285714285714286,1.0,0.0,52,89,0.8,0.7391304347826086,0.2608695652173913,8,11,0.4,0.7777777777777778,0.2222222222222222,1,2
27,0.68,0.84,233.99999999999994,446,88,156,0,87,False,-1,none,0.3,0.79,0.75,0.52,0.76,0.46,0.5857142857142857,1.0,0.0,42,87,0.9,0.76,0.24,12,11,0.9,0.8333333333333334,0.16666666666666666,2,2
27,0.67,0.77,223.79999999999995,453,78,175,0,75,False,-1,none,0.3,0.77,0.77,0.54,0.73,0.49,0.6571428571428571,1.0,0.0,51,87,0.75,0.5882352941176471,0.4117647058823529,18,14,0.6,0.7142857142857143,0.2857142857142857,1,4
27,0.71,0.86,224.99999999999997,444,88,180,0,76,False,-1,none,0.3,0.79,0.79,0.63,0.78,0.55,0.7285714285714285,1.0,0.0,60,98,0.6,0.8823529411764706,0.11764705882352941,6,9,0.8,0.7222222222222222,0.2777777777777778,2,5
27,0.64,0.75,205.79999999999995,455,98,159,0,73,False,-1,none,0.3,0.78,0.8,0.51,0.7,0.53,0.6142857142857143,1.0,0.0,46,91,0.75,0.8095238095238095,0.19047619047619047,6,13,0.6,0.7272727272727273,0.2727272727272727,2,1
27,0.71,0.85,217.44,445,83,181,0,71,True,2,Slow,0.3,0.79,0.82,0.5,0.78,0.6,0.7142857142857143,1.0,0.0,55,99,0.7,0.75,0.25,7,14,0.7,0.8,0.2,1,5
27,0.65,0.7,198.59999999999997,460,93,173,0,69,False,-1,none,0.3,0.77,0.75,0.53,0.7,0.61,0.6571428571428571,1.0,0.0,49,96,0.65,0.5,0.5,14,10,0.6,0.8,0.2,2,2
27,0.52,0.61,164.39999999999998,469,102,155,0,67,False,-1,none,0.3,0.69,0.71,0.52,0.69,0.57,0.5,1.0,0.0,42,93,0.5,0.9230769230769231,0.07692307692307693,4,9,0.7,0.6153846153846154,0.38461538461538464,3,4
27,0.71,0.81,232.79999999999995,449,97,170,0,77,False,-1,none,0.3,0.81,0.8,0.54,0.75,0.58,0.6571428571428571,1.0,0.0,46,91,0.9,0.7391304347826086,0.2608695652173913,13,18,0.7,0.6666666666666666,0.3333333333333333,0,2
27,0.68,0.83,227.4,447,97,165,0,80,False,-1,none,0.3,0.79,0.85,0.49,0.76,0.56,0.6571428571428571,1.0,0.0,44,95,0.7,0.9,0.1,7,13,0.8,0.6470588235294118,0.35294117647058826,3,3
27,0.73,0.83,236.4,447,89,177,0,76,False,-1,none,0.3,0.8,0.79,0.58,0.8,0.52,0.7,1.0,0.0,56,90,0.85,0.6190476190476191,0.38095238095238093,15,10,0.7,0.7692307692307693,0.23076923076923078,1,5
27,0.69,0.81,231.00000000000003,449,95,190,0,84,False,-1,none,0.3,0.84,0.83,0.54,0.81,0.64,0.6428571428571429,1.0,0.0,51,97,0.85,0.782608695652174,0.21739130434782608,13,22,0.7,0.6153846153846154,0.38461538461538464,3,4
27,0.67,0.74,222.59999999999997,456,95,168,0,88,False,-1,none,0.3,0.81,0.78,0.51,0.76,0.51,0.6428571428571429,1.0,0.0,47,92,0.75,0.5555555555555556,0.4444444444444444,17,8,0.7,0.6363636363636364,0.36363636363636365,2,2
27,0.72,0.82,227.15999999999997,448,89,172,0,77,True,2,Slow,0.3,0.8,0.8,0.55,0.8,0.48,0.6857142857142857,1.0,0.0,48,90,0.75,0.5882352941176471,0.4117647058823529,15,12,0.9,0.7647058823529411,0.23529411764705882,3,4
27,0.72,0.85,235.8,445,82,180,0,83,False,-1,none,0.3,0.8,0.82,0.57,0.72,0.56,0.7,1.0,0.0,56,87,0.8,0.782608695652174,0.21739130434782608,13,18,0.7,0.7692307692307693,0.23076923076923078,4,2
27,0.69,0.8,224.99999999999997,450,85,173,0,82,False,-1,none,0.3,0.82,0.79,0.47,0.74,0.56,0.6285714285714286,1.0,0.0,52,90,0.8,0.631578947368421,0.3684210526315789,14,14,0.9,0.8235294117647058,0.17647058823529413,1,2
27,0.77,0.92,264.0,438,88,185,0,70,False,-1,none,0.3,0.84,0.83,0.6,0.77,0.61,0.7428571428571429,1.0,0.0,53,95,0.8,0.7391304347826086,0.2608695652173913,15,13,0.9,0.6470588235294118,0.35294117647058826,5,4
27,0.7,0.85,226.20000000000005,445,70,175,0,60,False,-1,none,0.3,0.71,0.77,0.56,0.73,0.53,0.6571428571428571,1.0,0.0,58,90,0.75,0.7368421052631579,0.2631578947368421,11,13,0.9,0.9,0.1,0,3
27,0.73,0.83,223.2,447,74,172,0,76,False,-1,none,0.3,0.78,0.79,0.52,0.7,0.5,0.7571428571428571,1.0,0.0,59,88,0.7,0.7222222222222222,0.2777777777777778,8,13,0.6,0.8333333333333334,0.16666666666666666,0,4
27,0.7,0.82,220.8,448,100,182,0,61,False,-1,none,0.3,0.85,0.82,0.64,0.79,0.54,0.7,1.0,0.0,60,97,0.65,0.8421052631578947,0.15789473684210525,10,11,0.8,0.7142857142857143,0.2857142857142857,2,2
27,0.7,0.8,214.2,450,96,148,0,91,False,-1,none,0.3,0.75,0.77,0.5,0.7,0.52,0.7142857142857143,1.0,0.0,41,92,0.6,0.7692307692307693,0.23076923076923078,3,9,0.8,0.7647058823529411,0.23529411764705882,1,2
27,0.8,0.94,248.75999999999996,436,73,205,0,73,True,1,Slow,0.3,0.85,0.86,0.64,0.79,0.58,0.7714285714285715,1.0,0.0,70,98,0.9,0.625,0.375,14,17,0.8,0.6875,0.3125,2,4
27,0.66,0.79,218.39999999999995,451,64,171,0,66,False,-1,none,0.3,0.7,0.74,0.52,0.67,0.51,0.7,1.0,0.0,55,87,0.45,0.7857142857142857,0.21428571428571427,10,12,0.8,0.625,0.375,3,4
27,0.74,0.86,229.8,444,81,191,0,67,True,2,Slow,0.3,0.8,0.8,0.59,0.79,0.6,0.7571428571428571,1.0,0.0,59,101,0.7,0.631578947368421,0.3684210526315789,14,11,0.7,0.6428571428571429,0.35714285714285715,1,5
27,0.7,0.82,218.39999999999998,448,113,158,0,77,False,-1,none,0.3,0.85,0.78,0.6,0.75,0.55,0.6714285714285714,1.0,0.0,40,92,0.8,0.8181818181818182,0.18181818181818182,8,15,0.7,0.8461538461538461,0.15384615384615385,1,2
27,0.71,0.84,229.79999999999995,446,103,177,0,66,False,-1,none,0.3,0.81,0.84,0.61,0.76,0.62,0.6714285714285714,1.0,0.0,50,96,0.8,0.8695652173913043,0.13043478260869565,9,18,0.8,0.6428571428571429,0.35714285714285715,1,3
27,0.68,0.78,214.79999999999998,452,101,167,0,74,False,-1,none,0.3,0.82,0.79,0.53,0.78,0.54,0.6142857142857143,1.0,0.0,49,94,0.75,0.8235294117647058,0.17647058823529413,8,10,1.0,0.7777777777777778,0.2222222222222222,1,5
27,0.68,0.77,204.95999999999995,453,90,182,0,71,True,2,Slow,0.3,0.81,0.82,0.54,0.77,0.55,0.6571428571428571,1.0,0.0,55,97,0.75,0.7368421052631579,0.2631578947368421,8,14,0.7,0.6666666666666666,0.3333333333333333,4,4
27,0.65,0.73,196.2,457,105,144,0,78,False,-1,none,0.3,0.76,0.79,0.5,0.69,0.48,0.6,1.0,0.0,43,81,0.65,0.8823529411764706,0.11764705882352941,6,9,1.0,0.7857142857142857,0.21428571428571427,0,5
27,0.65,0.74,202.79999999999995,456,91,188,0,72,False,-1,none,0.3,0.81,0.79,0.6,0.78,0.55,0.6285714285714286,1.0,0.0,59,101,0.65,0.7333333333333333,0.26666666666666666,10,11,0.8,0.8666666666666667,0.13333333333333333,4,3
27,0.7,0.84,239.39999999999998,446,85,185,0,71,False,-1,none,0.3,0.84,0.8,0.55,0.76,0.59,0.6714285714285714,1.0,0.0,60,94,0.7,0.7368421052631579,0.2631578947368421,11,12,0.9,0.6111111111111112,0.3888888888888889,4,4
27,0.64,0.81,206.63999999999996,449,106,158,0,70,True,2,Slow,0.3,0.78,0.75,0.62,0.72,0.58,0.6,1.0,0.0,46,93,0.75,0.75,0.25,9,9,0.7,0.8,0.2,0,1
27,0.69,0.85,207.23999999999998,445,97,157,0,76,True,2,Slow,0.3,0.82,0.79,0.54,0.71,0.53,0.6428571428571429,1.0,0.0,50,83,0.8,0.92,0.08,5,14,0.8,0.7333333333333333,0.26666666666666666,1,4
27,0.7,0.82,227.39999999999998,448,108,169,0,71,False,-1,none,0.3,0.83,0.84,0.59,0.77,0.56,0.6571428571428571,1.0,0.0,44,98,0.8,0.7272727272727273,0.2727272727272727,13,10,0.8,0.7857142857142857,0.21428571428571427,2,2
27,0.63,0.77,215.39999999999998,453,96,155,0,82,False,-1,none,0.3,0.75,0.79,0.51,0.69,0.54,0.5428571428571428,1.0,0.0,41,80,0.85,0.8260869565217391,0.17391304347826086,11,19,0.8,0.6875,0.3125,2,2
27,0.68,0.81,218.39999999999998,449,95,173,0,86,False,-1,none,0.3,0.83,0.82,0.52,0.73,0.59,0.6571428571428571,1.0,0.0,50,98,0.8,0.8695652173913043,0.13043478260869565,5,13,0.6,0.6666666666666666,0.3333333333333333,3,4
27,0.73,0.86,234.60000000000002,444,85,189,0,60,False,-1,none,0.3,0.78,0.83,0.58,0.77,0.64,0.7142857142857143,1.0,0.0,57,104,0.75,0.8181818181818182,0.18181818181818182,11,10,0.8,0.7142857142857143,0.2857142857142857,3,4
27,0.68,0.81,220.79999999999995,449,120,166,0,78,False,-1,none,0.3,0.85,0.86,0.57,0.83,0.56,0.6285714285714286,1.0,0.0,43,97,0.75,0.85,0.15,4,15,0.9,0.7058823529411765,0.29411764705882354,4,3
27,0.68,0.81,214.67999999999998,449,110,158,0,76,True,4,Shigh,0.3,0.83,0.84,0.64,0.75,0.43,0.6428571428571429,1.0,0.0,55,83,0.85,0.7391304347826086,0.2608695652173913,7,9,0.6,0.6153846153846154,0.38461538461538464,2,2
27,0.58,0.68,184.79999999999995,462,120,135,0,72,False,-1,none,0.3,0.78,0.78,0.46,0.72,0.49,0.5857142857142857,1.0,0.0,36,86,0.6,0.8125,0.1875,3,7,0.5,0.7272727272727273,0.2727272727272727,0,3
27,0.69,0.82,233.4,448,83,164,0,86,False,-1,none,0.3,0.76,0.8,0.42,0.77,0.54,0.6428571428571429,1.0,0.0,43,94,0.8,0.8260869565217391,0.17391304347826086,8,12,0.8,0.5714285714285714,0.42857142857142855,4,3
27,0.68,0.8,198.47999999999996,450,97,175,0,63,True,1,Slow,0.3,0.78,0.82,0.59,0.76,0.57,0.7,1.0,0.0,54,104,0.65,0.6111111111111112,0.3888888888888889,7,7,0.6,0.8461538461538461,0.15384615384615385,1,2
27,0.69,0.8,230.39999999999998,450,84,171,0,75,True,4,Shigh,0.3,0.78,0.75,0.58,0.71,0.53,0.6571428571428571,1.0,0.0,55,90,0.75,0.631578947368421,0.3684210526315789,10,8,0.8,0.6,0.4,5,3
27,0.76,0.87,245.4,443,89,191,0,73,False,-1,none,0.3,0.84,0.85,0.57,0.8,0.61,0.7714285714285715,1.0,0.0,56,103,0.7,0.7368421052631579,0.2631578947368421,13,15,0.8,0.6428571428571429,0.35714285714285715,2,2
27,0.73,0.87,215.4,443,110,182,0,76,True,0,Slow,0.3,0.87,0.86,0.51,0.83,0.72,0.7142857142857143,1.0,0.0,44,112,0.75,0.8333333333333334,0.16666666666666666,8,14,0.8,0.46153846153846156,0.5384615384615384,0,4
27,0.65,0.74,197.39999999999998,456,106,158,0,67,False,-1,none,0.3,0.76,0.79,0.54,0.71,0.58,0.6,1.0,0.0,46,86,0.8,0.95,0.05,5,14,0.7,0.5833333333333334,0.4166666666666667,2,5
27,0.59,0.68,189.59999999999997,462,89,156,0,72,False,-1,none,0.3,0.73,0.7,0.47,0.68,0.55,0.6142857142857143,1.0,0.0,44,94,0.5,0.5384615384615384,0.46153846153846156,9,6,0.6,0.8333333333333334,0.16666666666666666,1,2
28,0.71,0.85,174.40000000000003,445,121,148,0,81,False,-1,none,0.3,0.81,0.81,0.55,0.78,0.59,0.6,1.0,0.0,46,91,0.95,0.6666666666666666,0.3333333333333333,2,6,1.0,0.8125,0.1875,0,3
28,0.73,0.89,188.99999999999994,441,86,181,0,74,False,-1,none,0.3,0.77,0.79,0.6,0.81,0.59,0.6714285714285714,1.0,0.0,58,95,0.85,0.8148148148148148,0.18518518518518517,8,19,0.9,0.8,0.2,0,1
28,0.66,0.77,190.0,453,84,154,0,65,False,-1,none,0.3,0.75,0.73,0.54,0.65,0.48,0.6428571428571429,1.0,0.0,55,82,0.7,0.8,0.2,3,12,0.7,0.5833333333333334,0.4166666666666667,1,1
28,0.73,0.85,231.00000000000006,445,88,194,0,58,False,-1,none,0.3,0.84,0.82,0.64,0.78,0.59,0.7428571428571429,1.0,0.0,60,100,0.75,0.7619047619047619,0.23809523809523808,9,15,0.6,0.5833333333333334,0.4166666666666667,6,4
28,0.77,0.95,247.20000000000005,435,87,197,0,61,False,-1,none,0.3,0.83,0.85,0.64,0.81,0.66,0.7428571428571429,1.0,0.0,53,105,0.75,1.0,0.0,3,30,1.0,0.7777777777777778,0.2222222222222222,2,4
28,0.75,0.88,245.99999999999997,442,112,170,0,80,False,-1,none,0.3,0.86,0.84,0.62,0.79,0.59,0.6857142857142857,1.0,0.0,46,99,0.85,0.782608695652174,0.21739130434782608,7,9,1.0,0.7647058823529411,0.23529411764705882,5,4
28,0.69,0.77,181.60000000000002,453,96,169,0,63,True,1,Slow,0.3,0.79,0.77,0.61,0.67,0.58,0.7428571428571429,1.0,0.0,54,94,0.55,0.8125,0.1875,7,11,0.6,0.7777777777777778,0.2222222222222222,0,3
28,0.76,0.91,241.67999999999998,439,81,185,0,78,True,4,Shigh,0.3,0.79,0.8,0.58,0.79,0.61,0.7428571428571429,1.0,0.0,54,102,0.75,0.8571428571428571,0.14285714285714285,8,12,0.9,0.7222222222222222,0.2777777777777778,2,7
28,0.68,0.81,210.59999999999994,449,84,172,0,68,False,-1,none,0.3,0.76,0.74,0.57,0.73,0.57,0.6857142857142857,1.0,0.0,55,99,0.65,0.9523809523809523,0.047619047619047616,5,9,0.7,0.6666666666666666,0.3333333333333333,1,3
28,0.62,0.72,176.99999999999997,458,84,155,0,64,True,2,Slow,0.3,0.69,0.73,0.49,0.7,0.5,0.6142857142857143,1.0,0.0,49,84,0.6,0.8888888888888888,0.1111111111111111,5,13,0.7,0.8181818181818182,0.18181818181818182,1,3
28,0.79,0.93,248.4,437,92,195,0,60,False,-1,none,0.3,0.86,0.88,0.65,0.82,0.59,0.7714285714285715,1.0,0.0,66,97,0.75,0.7142857142857143,0.2857142857142857,12,15,1.0,0.7777777777777778,0.2222222222222222,1,4
28,0.65,0.77,211.20000000000002,453,116,174,0,78,False,-1,none,0.3,0.85,0.85,0.57,0.83,0.57,0.5857142857142857,1.0,0.0,50,97,0.7,0.8888888888888888,0.1111111111111111,6,18,1.0,0.6111111111111112,0.3888888888888889,1,2
28,0.67,0.83,232.20000000000002,447,91,174,0,87,False,-1,none,0.3,0.83,0.8,0.54,0.75,0.56,0.6,1.0,0.0,48,95,0.85,0.92,0.08,8,14,0.8,0.5625,0.4375,5,4
28,0.79,0.87,226.8,443,97,191,0,75,False,-1,none,0.3,0.86,0.87,0.62,0.78,0.62,0.8142857142857143,1.0,0.0,61,101,0.65,0.8823529411764706,0.11764705882352941,4,20,0.9,0.6923076923076923,0.3076923076923077,3,2
28,0.73,0.94,233.52000000000004,436,81,176,0,74,True,0,Slow,0.3,0.83,0.82,0.56,0.71,0.59,0.6857142857142857,1.0,0.0,55,95,0.9,0.8387096774193549,0.16129032258064516,7,16,0.7,0.6,0.4,1,2
28,0.69,0.83,222.20000000000005,447,104,168,0,75,False,-1,none,0.3,0.83,0.84,0.57,0.77,0.54,0.6714285714285714,1.0,0.0,50,96,0.7,0.7619047619047619,0.23809523809523808,8,9,0.8,0.7333333333333333,0.26666666666666666,1,4
28,0.66,0.82,211.20000000000002,448,107,175,0,81,False,-1,none,0.3,0.87,0.85,0.57,0.82,0.53,0.6,1.0,0.0,51,92,0.75,0.9090909090909091,0.09090909090909091,8,20,0.9,0.8333333333333334,0.16666666666666666,1,3
28,0.82,0.95,263.40000000000003,435,93,191,0,91,False,-1,none,0.3,0.93,0.87,0.59,0.79,0.61,0.7571428571428571,1.0,0.0,62,91,0.95,0.7916666666666666,0.20833333333333334,13,18,1.0,0.6666666666666666,0.3333333333333333,4,3
28,0.71,0.82,221.4,448,93,186,0,69,False,-1,none,0.3,0.82,0.81,0.59,0.8,0.59,0.7285714285714285,1.0,0.0,61,96,0.7,0.85,0.15,6,13,0.6,0.6363636363636364,0.36363636363636365,4,6
28,0.65,0.76,215.39999999999998,454,111,161,0,87,False,-1,none,0.3,0.82,0.8,0.54,0.74,0.58,0.5285714285714286,1.0,0.0,34,90,0.95,0.7307692307692307,0.2692307692307692,15,15,0.9,0.7692307692307693,0.23076923076923078,1,6
28,0.69,0.81,230.39999999999998,449,94,175,0,75,False,-1,none,0.3,0.83,0.78,0.57,0.77,0.55,0.6428571428571429,1.0,0.0,48,92,0.75,0.65,0.35,12,13,0.9,0.75,0.25,5,5
28,0.68,0.78,217.19999999999993,452,91,164,0,72,False,-1,none,0.3,0.78,0.78,0.53,0.69,0.55,0.6142857142857143,1.0,0.0,46,85,0.75,0.7777777777777778,0.2222222222222222,9,12,1.0,0.7058823529411765,0.29411764705882354,7,5
28,0.73,0.86,225.96,444,82,187,0,75,True,1,Slow,0.3,0.77,0.82,0.59,0.83,0.54,0.6571428571428571,1.0,0.0,51,93,0.95,0.782608695652174,0.21739130434782608,11,21,0.8,0.6470588235294118,0.35294117647058826,7,4
28,0.62,0.74,197.39999999999998,456,89,168,0,69,False,-1,none,0.3,0.75,0.76,0.53,0.69,0.58,0.6,1.0,0.0,49,93,0.6,0.75,0.25,9,12,0.8,0.875,0.125,1,4
28,0.77,0.87,233.7,443,86,184,0,78,True,4,Shigh,0.3,0.83,0.86,0.53,0.82,0.53,0.7857142857142857,1.0,0.0,59,104,0.8,0.6363636363636364,0.36363636363636365,8,9,0.6,0.8,0.2,1,3
28,0.72,0.85,231.0,445,84,166,0,70,False,-1,none,0.3,0.74,0.79,0.54,0.72,0.56,0.7,1.0,0.0,48,88,0.75,0.8571428571428571,0.14285714285714285,10,14,0.8,0.7333333333333333,0.26666666666666666,0,6
28,0.75,0.91,243.0,439,75,185,0,79,True,3,Shigh,0.3,0.81,0.84,0.53,0.75,0.58,0.7571428571428571,1.0,0.0,70,99,0.75,0.76,0.24,4,9,0.7,0.6153846153846154,0.38461538461538464,2,1
28,0.71,0.83,226.2,447,89,171,0,92,False,-1,none,0.3,0.8,0.83,0.57,0.75,0.48,0.7142857142857143,1.0,0.0,55,93,0.65,0.8888888888888888,0.1111111111111111,6,9,0.8,0.6666666666666666,0.3333333333333333,6,2
28,0.66,0.75,200.4,455,108,166,0,86,True,2,Slow,0.3,0.84,0.79,0.52,0.81,0.53,0.6,1.0,0.0,45,93,0.85,0.7142857142857143,0.2857142857142857,7,17,0.7,0.8333333333333334,0.16666666666666666,1,3
28,0.67,0.77,215.2,453,86,155,0,72,False,-1,none,0.3,0.72,0.71,0.59,0.7,0.46,0.6428571428571429,1.0,0.0,46,81,0.8,0.65,0.35,13,10,0.6,0.8333333333333334,0.16666666666666666,0,5
28,0.71,0.79,202.2,451,85,162,0,94,False,-1,none,0.3,0.75,0.79,0.45,0.77,0.5,0.6714285714285714,1.0,0.0,50,94,0.8,0.8947368421052632,0.10526315789473684,3,13,0.8,0.8461538461538461,0.15384615384615385,0,2
28,0.69,0.82,211.20000000000002,448,99,159,0,80,False,-1,none,0.3,0.79,0.81,0.57,0.74,0.49,0.6714285714285714,1.0,0.0,53,87,0.75,0.8636363636363636,0.13636363636363635,6,12,0.7,0.7692307692307693,0.23076923076923078,0,1
28,0.62,0.74,211.79999999999998,456,88,161,0,77,False,-1,none,0.3,0.75,0.78,0.47,0.71,0.52,0.6,1.0,0.0,49,84,0.5,0.7142857142857143,0.2857142857142857,8,10,1.0,0.7222222222222222,0.2777777777777778,5,5
28,0.68,0.79,210.4,451,88,164,0,69,False,-1,none,0.3,0.77,0.77,0.53,0.7,0.54,0.6857142857142857,1.0,0.0,50,91,0.6,0.8235294117647058,0.17647058823529413,5,13,0.8,0.7857142857142857,0.21428571428571427,3,2
28,0.74,0.8,202.79999999999998,450,90,178,0,82,False,-1,none,0.3,0.81,0.82,0.57,0.73,0.55,0.7428571428571429,1.0,0.0,62,100,0.75,1.0,0.0,1,13,0.7,0.6666666666666666,0.3333333333333333,2,0
28,0.63,0.76,199.86,454,124,155,0,85,True,4,Shigh,0.3,0.86,0.83,0.52,0.8,0.54,0.5571428571428572,1.0,0.0,41,94,0.75,0.875,0.125,10,10,0.9,0.7692307692307693,0.23076923076923078,0,0
28,0.69,0.91,246.0,439,87,173,0,74,False,-1,none,0.3,0.75,0.83,0.64,0.71,0.58,0.6,1.0,0.0,48,86,0.9,0.896551724137931,0.10344827586206896,13,18,0.9,0.65,0.35,2,6
28,0.67,0.81,223.8,449,101,154,0,69,False,-1,none,0.3,0.8,0.76,0.51,0.76,0.53,0.6142857142857143,1.0,0.0,41,87,0.8,0.7619047619047619,0.23809523809523808,9,14,0.8,0.7058823529411765,0.29411764705882354,1,2
28,0.64,0.76,213.0,454,87,155,0,72,False,-1,none,0.3,0.75,0.77,0.46,0.68,0.52,0.6285714285714286,1.0,0.0,51,80,0.65,0.7894736842105263,0.21052631578947367,9,12,0.7,0.6153846153846154,0.38461538461538464,2,1
28,0.72,0.83,246.19999999999996,447,74,198,0,75,False,-1,none,0.3,0.8,0.84,0.58,0.79,0.54,0.7142857142857143,1.0,0.0,67,92,0.7,0.5,0.5,21,10,0.8,0.7333333333333333,0.26666666666666666,4,4
28,0.65,0.73,220.79999999999998,457,100,157,0,65,False,-1,none,0.3,0.73,0.76,0.58,0.7,0.53,0.6285714285714286,1.0,0.0,51,82,0.7,0.5789473684210527,0.42105263157894735,12,10,0.7,0.6,0.4,1,1
28,0.72,0.85,231.60000000000002,445,83,159,0,88,False,-1,none,0.3,0.79,0.8,0.44,0.73,0.51,0.7,1.0,0.0,47,84,0.75,0.8095238095238095,0.19047619047619047,9,13,0.8,0.8,0.2,3,3
28,0.75,0.82,232.19999999999996,448,82,169,0,72,False,-1,none,0.3,0.77,0.78,0.54,0.68,0.56,0.7285714285714285,1.0,0.0,50,86,0.75,0.7142857142857143,0.2857142857142857,14,16,0.9,0.7,0.3,0,3
28,0.75,0.83,204.60000000000002,447,79,184,0,84,True,0,Slow,0.3,0.82,0.81,0.48,0.79,0.56,0.7571428571428571,1.0,0.0,59,99,0.75,0.75,0.25,8,15,0.7,0.8,0.2,1,2
28,0.7,0.81,221.8,449,102,156,0,71,False,-1,none,0.3,0.79,0.75,0.64,0.72,0.49,0.7,1.0,0.0,48,85,0.75,0.7727272727272727,0.22727272727272727,10,8,0.6,0.7,0.3,0,5
28,0.59,0.62,173.59999999999994,468,95,149,0,69,False,-1,none,0.3,0.71,0.68,0.44,0.72,0.51,0.5428571428571428,1.0,0.0,40,87,0.7,0.6428571428571429,0.35714285714285715,9,9,0.7,0.8,0.2,0,4
28,0.64,0.7,187.31999999999996,460,90,173,0,77,True,2,Slow,0.3,0.76,0.75,0.55,0.73,0.54,0.6285714285714286,1.0,0.0,51,91,0.75,0.6666666666666666,0.3333333333333333,12,13,0.5,0.625,0.375,2,4
28,0.68,0.8,226.79999999999998,450,84,167,0,74,False,-1,none,0.3,0.76,0.74,0.52,0.73,0.56,0.6428571428571429,1.0,0.0,44,88,0.75,0.8421052631578947,0.15789473684210525,8,18,0.8,0.625,0.375,6,3
28,0.65,0.74,203.99999999999997,456,113,162,0,81,False,-1,none,0.3,0.81,0.82,0.55,0.8,0.51,0.6285714285714286,1.0,0.0,41,97,0.75,0.6666666666666666,0.3333333333333333,12,7,0.6,0.9166666666666666,0.08333333333333333,2,3
28,0.66,0.76,208.79999999999993,454,108,157,0,84,False,-1,none,0.3,0.76,0.81,0.59,0.73,0.52,0.6285714285714286,1.0,0.0,45,88,0.65,0.8888888888888888,0.1111111111111111,4,13,0.9,0.6428571428571429,0.35714285714285715,4,3
28,0.66,0.78,221.4,452,95,171,0,76,False,-1,none,0.3,0.76,0.83,0.51,0.72,0.62,0.6,1.0,0.0,49,89,0.75,0.8571428571428571,0.14285714285714285,8,15,0.9,0.6,0.4,4,6
28,0.72,0.84,225.48000000000005,446,110,177,0,89,True,0,Slow,0.3,0.86,0.89,0.58,0.81,0.57,0.6714285714285714,1.0,0.0,51,96,0.85,0.75,0.25,8,12,0.8,0.6923076923076923,0.3076923076923077,5,5
28,0.68,0.8,222.59999999999997,450,85,168,0,67,False,-1,none,0.3,0.74,0.76,0.56,0.7,0.57,0.6571428571428571,1.0,0.0,47,89,0.75,0.8,0.2,10,15,0.7,0.7142857142857143,0.2857142857142857,3,4
28,0.78,0.89,260.4,441,85,185,0,76,False,-1,none,0.3,0.8,0.84,0.61,0.81,0.53,0.7857142857142857,1.0,0.0,59,93,0.7,0.47058823529411764,0.5294117647058824,19,10,0.9,0.8235294117647058,0.17647058823529413,3,1
28,0.65,0.73,205.79999999999995,457,97,168,0,92,False,-1,none,0.3,0.79,0.82,0.52,0.74,0.51,0.6428571428571429,1.0,0.0,50,91,0.7,0.7222222222222222,0.2777777777777778,13,10,0.6,0.7,0.3,1,3
28,0.65,0.72,199.19999999999996,458,99,153,0,66,False,-1,none,0.3,0.76,0.74,0.54,0.67,0.53,0.6285714285714286,1.0,0.0,45,81,0.65,0.625,0.375,12,11,0.8,0.9166666666666666,0.08333333333333333,2,2
28,0.7,0.8,213.6,450,87,170,0,73,False,-1,none,0.3,0.81,0.72,0.49,0.78,0.57,0.7,1.0,0.0,51,96,0.7,0.7368421052631579,0.2631578947368421,6,13,0.7,0.9166666666666666,0.08333333333333333,2,2
28,0.76,0.93,256.79999999999995,437,77,200,0,75,False,-1,none,0.3,0.83,0.86,0.69,0.76,0.56,0.7142857142857143,1.0,0.0,71,93,0.8,0.8260869565217391,0.17391304347826086,15,12,1.0,0.75,0.25,6,3
28,0.64,0.82,221.39999999999998,448,104,163,0,66,True,3,Shigh,0.3,0.79,0.81,0.51,0.81,0.57,0.5714285714285714,1.0,0.0,48,90,0.8,0.7037037037037037,0.2962962962962963,8,12,0.8,0.8,0.2,2,3
28,0.74,0.87,231.0,443,97,166,0,85,False,-1,none,0.3,0.84,0.84,0.56,0.75,0.51,0.7,1.0,0.0,53,89,0.8,0.9090909090909091,0.09090909090909091,6,13,0.9,0.75,0.25,3,2
28,0.73,0.85,224.4,445,90,166,0,74,False,-1,none,0.3,0.8,0.79,0.5,0.76,0.56,0.7142857142857143,1.0,0.0,46,94,0.8,0.8636363636363636,0.13636363636363635,8,11,0.7,0.8461538461538461,0.15384615384615385,0,7
28,0.7,0.85,238.80000000000004,445,71,184,0,80,False,-1,none,0.3,0.83,0.77,0.51,0.73,0.56,0.6714285714285714,1.0,0.0,50,94,0.8,0.84,0.16,14,17,0.7,0.6153846153846154,0.38461538461538464,4,5
28,0.68,0.81,217.8,449,103,156,0,70,True,1,Slow,0.3,0.79,0.78,0.53,0.75,0.55,0.6285714285714286,1.0,0.0,42,84,0.75,0.782608695652174,0.21739130434782608,8,16,0.9,0.5714285714285714,0.42857142857142855,1,5
28,0.76,0.87,240.0,443,97,196,0,65,False,-1,none,0.3,0.86,0.84,0.61,0.82,0.67,0.7142857142857143,1.0,0.0,59,106,0.8,0.8,0.2,10,15,1.0,0.7647058823529411,0.23529411764705882,2,4
28,0.62,0.72,207.0,458,101,149,0,83,False,-1,none,0.3,0.79,0.78,0.49,0.72,0.44,0.5571428571428572,1.0,0.0,38,79,0.75,0.8095238095238095,0.19047619047619047,10,15,0.8,0.5833333333333334,0.4166666666666667,2,5
28,0.73,0.87,205.07999999999996,443,88,172,0,63,True,1,Slow,0.3,0.77,0.79,0.55,0.75,0.61,0.7142857142857143,1.0,0.0,47,102,0.75,0.9583333333333334,0.041666666666666664,3,14,0.8,0.6923076923076923,0.3076923076923077,2,4
29,0.65,1.01,182.24,429,106,111,0,72,True,0,Slow,0.3,0.73,0.77,0.47,0.69,0.52,0.5857142857142857,1.0,0.0,13,82,0.8,0.7407407407407407,0.25925925925925924,6,8,0.8,0.6666666666666666,0.3333333333333333,0,2
29,0.67,0.74,176.39999999999998,456,100,155,0,76,False,-1,none,0.3,0.81,0.75,0.46,0.71,0.56,0.6428571428571429,1.0,0.0,43,91,0.6,0.38461538461538464,0.6153846153846154,13,7,1.0,0.75,0.25,0,1
29,0.78,0.91,222.0,439,98,190,0,66,False,-1,none,0.3,0.89,0.85,0.65,0.81,0.59,0.7285714285714285,1.0,0.0,59,99,0.9,0.76,0.24,15,13,0.9,0.7333333333333333,0.26666666666666666,0,4
29,0.67,0.76,211.20000000000005,454,84,180,0,75,False,-1,none,0.3,0.8,0.8,0.48,0.79,0.53,0.6857142857142857,1.0,0.0,53,101,0.65,0.5625,0.4375,11,8,0.6,0.75,0.25,5,2
29,0.65,0.74,190.07999999999998,456,97,173,0,91,True,2,Slow,0.3,0.82,0.82,0.53,0.76,0.51,0.6571428571428571,1.0,0.0,52,86,0.55,1.0,0.0,0,29,0.8,0.5833333333333334,0.4166666666666667,3,3
29,0.7,0.9,227.00000000000006,440,113,175,0,72,False,-1,none,0.3,0.85,0.87,0.66,0.79,0.61,0.6714285714285714,1.0,0.0,53,99,0.75,0.9166666666666666,0.08333333333333333,2,16,0.8,0.7894736842105263,0.21052631578947367,1,4
29,0.73,0.92,249.40000000000003,438,81,185,0,72,False,-1,none,0.3,0.84,0.8,0.54,0.84,0.56,0.6571428571428571,1.0,0.0,54,93,0.85,0.8928571428571429,0.10714285714285714,4,22,1.0,0.6111111111111112,0.3888888888888889,6,6
29,0.66,0.83,219.00000000000003,447,95,145,0,77,False,-1,none,0.3,0.75,0.78,0.53,0.69,0.48,0.6571428571428571,1.0,0.0,45,79,0.6,0.85,0.15,4,14,0.8,0.7647058823529411,0.23529411764705882,0,3
29,0.76,0.84,234.60000000000002,446,91,197,0,83,False,-1,none,0.3,0.87,0.81,0.6,0.83,0.61,0.7428571428571429,1.0,0.0,62,102,0.8,0.7058823529411765,0.29411764705882354,11,11,0.8,0.6,0.4,6,5
29,0.66,0.8,220.40000000000003,450,92,159,0,74,False,-1,none,0.3,0.79,0.75,0.56,0.72,0.49,0.6428571428571429,1.0,0.0,46,82,0.7,0.631578947368421,0.3684210526315789,11,11,0.7,0.8125,0.1875,5,4
29,0.78,0.88,212.36000000000004,442,80,199,0,83,True,0,Slow,0.3,0.85,0.87,0.52,0.83,0.6,0.8,1.0,0.0,68,104,0.8,0.8095238095238095,0.19047619047619047,7,15,0.6,0.6363636363636364,0.36363636363636365,2,3
29,0.71,0.79,222.0,451,91,167,0,73,False,-1,none,0.3,0.77,0.78,0.53,0.72,0.57,0.7,1.0,0.0,47,87,0.75,0.6111111111111112,0.3888888888888889,12,14,0.7,0.5833333333333334,0.4166666666666667,3,4
29,0.62,0.77,204.60000000000002,453,104,159,0,80,False,-1,none,0.3,0.8,0.8,0.49,0.74,0.57,0.5571428571428572,1.0,0.0,38,90,0.75,0.8,0.2,7,16,0.8,0.7777777777777778,0.2222222222222222,3,5
29,0.62,0.83,191.48000000000002,447,96,157,0,64,True,0,Slow,0.3,0.78,0.79,0.47,0.73,0.59,0.5285714285714286,1.0,0.0,37,87,0.85,0.9310344827586207,0.06896551724137931,4,21,0.8,0.7647058823529411,0.23529411764705882,2,6
29,0.62,0.74,165.80000000000004,456,102,154,0,80,False,-1,none,0.3,0.78,0.81,0.53,0.71,0.47,0.5857142857142857,1.0,0.0,46,86,0.75,1.0,0.0,0,16,0.6,0.8181818181818182,0.18181818181818182,3,3
29,0.77,0.89,236.60000000000002,441,94,189,0,63,False,-1,none,0.3,0.84,0.83,0.6,0.81,0.64,0.7285714285714285,1.0,0.0,56,107,0.85,0.8571428571428571,0.14285714285714285,8,13,0.9,0.7058823529411765,0.29411764705882354,3,2
29,0.64,0.74,195.95999999999998,456,102,168,0,76,True,1,Slow,0.3,0.77,0.79,0.51,0.8,0.57,0.6285714285714286,1.0,0.0,46,99,0.7,0.7368421052631579,0.2631578947368421,6,10,0.6,0.5454545454545454,0.45454545454545453,4,3
29,0.74,0.82,196.88000000000002,448,95,165,0,73,True,0,Slow,0.3,0.8,0.79,0.53,0.74,0.56,0.7285714285714285,1.0,0.0,49,90,0.85,0.75,0.25,8,13,0.6,0.7272727272727273,0.2727272727272727,2,3
29,0.67,0.74,184.51999999999995,456,81,157,0,98,True,1,Slow,0.3,0.76,0.76,0.42,0.72,0.46,0.6714285714285714,1.0,0.0,50,81,0.65,0.6875,0.3125,10,10,0.7,0.7272727272727273,0.2727272727272727,2,4
29,0.7,0.79,205.35999999999999,451,83,181,0,92,True,1,Slow,0.3,0.81,0.84,0.51,0.78,0.49,0.7,1.0,0.0,59,94,0.7,0.6875,0.3125,11,12,0.7,0.6428571428571429,0.35714285714285715,2,3
29,0.63,0.75,197.0,455,104,155,0,71,False,-1,none,0.3,0.8,0.78,0.59,0.71,0.46,0.6,1.0,0.0,48,84,0.65,0.7894736842105263,0.21052631578947367,7,12,0.8,0.8571428571428571,0.14285714285714285,0,4
29,0.76,0.91,237.80000000000004,439,87,183,0,74,False,-1,none,0.3,0.83,0.83,0.58,0.81,0.56,0.7714285714285715,1.0,0.0,58,101,0.7,0.9,0.1,4,10,0.8,0.7058823529411765,0.29411764705882354,5,5
29,0.67,0.83,228.00000000000003,447,104,172,0,76,False,-1,none,0.3,0.84,0.82,0.55,0.81,0.57,0.6285714285714286,1.0,0.0,49,94,0.75,0.9090909090909091,0.09090909090909091,4,15,0.8,0.5882352941176471,0.4117647058823529,5,5
29,0.65,0.78,211.5,452,97,154,0,86,True,3,Shigh,0.3,0.82,0.73,0.49,0.72,0.53,0.6428571428571429,1.0,0.0,44,88,0.65,0.8235294117647058,0.17647058823529413,3,8,0.7,0.5625,0.4375,4,7
29,0.6,0.67,191.4,463,93,155,0,85,False,-1,none,0.3,0.75,0.71,0.4,0.71,0.58,0.5714285714285714,1.0,0.0,38,95,0.75,0.5789473684210527,0.42105263157894735,9,11,0.5,0.875,0.125,0,2
29,0.7,0.84,229.00000000000003,446,100,185,0,56,False,-1,none,0.3,0.83,0.85,0.63,0.78,0.6,0.6428571428571429,1.0,0.0,56,96,0.9,0.7777777777777778,0.2222222222222222,13,14,0.7,0.75,0.25,1,5
29,0.65,0.78,173.6,452,113,154,0,75,True,0,Slow,0.3,0.8,0.8,0.56,0.78,0.51,0.6285714285714286,1.0,0.0,43,89,0.6,0.9411764705882353,0.058823529411764705,1,12,0.9,0.8235294117647058,0.17647058823529413,4,5
29,0.65,0.81,236.20000000000002,449,104,160,0,80,False,-1,none,0.3,0.85,0.82,0.5,0.82,0.46,0.6,1.0,0.0,40,90,0.7,0.7,0.3,11,11,0.9,0.6842105263157895,0.3157894736842105,3,5
29,0.71,0.84,188.83999999999995,446,73,177,0,81,True,1,Slow,0.3,0.79,0.79,0.52,0.74,0.5,0.7,1.0,0.0,55,95,0.8,0.875,0.125,6,15,0.6,0.8181818181818182,0.18181818181818182,3,3
29,0.68,0.81,240.99999999999997,449,98,173,0,68,False,-1,none,0.3,0.79,0.79,0.59,0.77,0.58,0.6285714285714286,1.0,0.0,44,95,0.7,0.631578947368421,0.3684210526315789,15,11,1.0,0.6666666666666666,0.3333333333333333,4,4
29,0.68,0.84,235.20000000000005,446,94,176,0,81,False,-1,none,0.3,0.83,0.83,0.51,0.83,0.54,0.6,1.0,0.0,43,89,0.85,0.7083333333333334,0.2916666666666667,14,17,0.9,0.8333333333333334,0.16666666666666666,4,9
29,0.68,0.79,210.60000000000002,451,91,145,0,90,False,-1,none,0.3,0.75,0.75,0.5,0.72,0.43,0.6428571428571429,1.0,0.0,45,82,0.7,0.9473684210526315,0.05263157894736842,2,9,0.9,0.6,0.4,2,5
29,0.7,0.77,222.4,453,93,160,0,90,False,-1,none,0.3,0.81,0.81,0.49,0.7,0.49,0.7,1.0,0.0,50,85,0.7,0.6875,0.3125,8,6,0.7,0.5,0.5,4,7
29,0.61,0.74,198.39999999999998,456,92,178,0,86,False,-1,none,0.3,0.79,0.83,0.51,0.79,0.52,0.5571428571428572,1.0,0.0,44,101,0.75,0.782608695652174,0.21739130434782608,12,14,0.7,0.8333333333333334,0.16666666666666666,3,4
29,0.71,0.85,250.20000000000002,445,91,178,0,76,False,-1,none,0.3,0.82,0.83,0.6,0.76,0.53,0.6714285714285714,1.0,0.0,57,89,0.7,0.6111111111111112,0.3888888888888889,8,12,1.0,0.7,0.3,6,6
29,0.69,0.78,212.20000000000002,452,87,163,0,77,False,-1,none,0.3,0.76,0.79,0.46,0.74,0.53,0.7,1.0,0.0,42,96,0.8,0.7272727272727273,0.2727272727272727,11,9,0.4,0.7142857142857143,0.2857142857142857,3,2
29,0.76,0.9,243.80000000000004,440,100,185,0,85,False,-1,none,0.3,0.9,0.86,0.59,0.86,0.54,0.7142857142857143,1.0,0.0,50,99,0.85,0.7391304347826086,0.2608695652173913,12,14,0.9,0.8235294117647058,0.17647058823529413,2,8
29,0.7,0.85,245.40000000000003,445,88,176,0,86,False,-1,none,0.3,0.83,0.82,0.51,0.78,0.55,0.6285714285714286,1.0,0.0,51,94,0.85,0.8181818181818182,0.18181818181818182,4,17,0.9,0.5789473684210527,0.42105263157894735,6,4
29,0.73,0.82,218.20000000000002,448,90,176,0,72,False,-1,none,0.3,0.83,0.78,0.59,0.76,0.52,0.7571428571428571,1.0,0.0,57,96,0.65,0.6666666666666666,0.3333333333333333,12,8,0.7,0.9090909090909091,0.09090909090909091,0,3
29,0.74,0.91,256.32000000000005,439,92,172,0,85,True,4,Shigh,0.3,0.84,0.83,0.6,0.73,0.55,0.6857142857142857,1.0,0.0,56,89,0.8,0.7083333333333334,0.2916666666666667,8,9,1.0,0.631578947368421,0.3684210526315789,5,5
29,0.67,0.81,204.80000000000004,449,105,168,0,61,False,-1,none,0.3,0.79,0.8,0.62,0.76,0.57,0.6285714285714286,1.0,0.0,50,92,0.7,0.9,0.1,3,15,0.9,0.8235294117647058,0.17647058823529413,1,7
29,0.66,0.77,178.17999999999998,453,98,171,0,74,True,1,Slow,0.3,0.81,0.77,0.56,0.78,0.54,0.6714285714285714,1.0,0.0,49,98,0.5,0.7692307692307693,0.23076923076923078,6,9,0.9,0.8823529411764706,0.11764705882352941,2,7
29,0.67,0.78,214.80000000000004,452,94,161,0,72,False,-1,none,0.3,0.76,0.78,0.51,0.75,0.53,0.6571428571428571,1.0,0.0,45,87,0.65,0.7333333333333333,0.26666666666666666,7,12,0.8,0.7058823529411765,0.29411764705882354,5,5
29,0.8,0.94,242.80000000000007,436,108,175,0,88,False,-1,none,0.3,0.9,0.88,0.62,0.84,0.53,0.7714285714285715,1.0,0.0,50,96,0.9,0.8076923076923077,0.19230769230769232,9,17,0.8,0.8571428571428571,0.14285714285714285,0,3
29,0.66,0.82,210.78,448,99,147,0,77,True,3,Shigh,0.3,0.78,0.77,0.55,0.69,0.49,0.6,1.0,0.0,48,79,0.8,0.72,0.28,7,9,0.8,0.8,0.2,1,3
29,0.68,0.82,224.60000000000002,448,82,163,0,83,False,-1,none,0.3,0.81,0.75,0.52,0.7,0.49,0.6285714285714286,1.0,0.0,48,78,0.8,0.8260869565217391,0.17391304347826086,8,20,0.8,0.6666666666666666,0.3333333333333333,6,3
29,0.65,0.79,226.20000000000002,451,86,182,0,68,False,-1,none,0.3,0.81,0.79,0.57,0.76,0.54,0.6142857142857143,1.0,0.0,58,91,0.7,0.8181818181818182,0.18181818181818182,9,12,0.8,0.5,0.5,6,6
29,0.65,0.72,191.48000000000005,458,101,154,0,88,True,0,Slow,0.3,0.77,0.81,0.49,0.72,0.48,0.6,1.0,0.0,44,87,0.75,0.6666666666666666,0.3333333333333333,10,8,0.8,0.6666666666666666,0.3333333333333333,1,4
29,0.65,0.73,180.55999999999997,457,101,167,0,69,True,1,Slow,0.3,0.78,0.78,0.58,0.78,0.49,0.6,1.0,0.0,44,92,0.85,0.7619047619047619,0.23809523809523808,12,12,0.6,0.8,0.2,2,5
29,0.73,0.88,252.20000000000005,442,88,181,0,73,False,-1,none,0.3,0.81,0.83,0.56,0.79,0.58,0.6714285714285714,1.0,0.0,48,97,0.9,0.7777777777777778,0.2222222222222222,11,14,0.8,0.5714285714285714,0.42857142857142855,5,6
29,0.67,0.8,204.60000000000005,450,86,162,0,67,False,-1,none,0.3,0.76,0.75,0.54,0.7,0.53,0.6714285714285714,1.0,0.0,55,88,0.65,0.9047619047619048,0.09523809523809523,0,14,0.7,0.75,0.25,2,3
29,0.73,0.85,245.80000000000004,445,100,185,0,85,False,-1,none,0.3,0.84,0.83,0.63,0.83,0.57,0.7,1.0,0.0,59,98,0.85,0.7272727272727273,0.2727272727272727,6,15,0.7,0.5714285714285714,0.42857142857142855,4,3
29,0.69,0.77,191.60000000000005,453,84,193,0,71,True,0,Slow,0.3,0.82,0.81,0.49,0.81,0.61,0.7,1.0,0.0,59,104,0.7,0.6875,0.3125,9,15,0.6,0.75,0.25,2,4
29,0.69,0.81,222.20000000000002,449,100,175,0,79,False,-1,none,0.3,0.8,0.83,0.54,0.82,0.57,0.6714285714285714,1.0,0.0,52,98,0.7,0.7142857142857143,0.2857142857142857,8,12,0.8,0.7692307692307693,0.23076923076923078,0,5
29,0.66,0.76,203.12,454,84,172,0,73,True,0,Slow,0.3,0.76,0.77,0.52,0.7,0.57,0.6571428571428571,1.0,0.0,57,85,0.6,0.7058823529411765,0.29411764705882354,8,14,0.8,0.5384615384615384,0.46153846153846156,3,5
29,0.7,0.83,224.32,447,91,167,0,74,True,2,Slow,0.3,0.78,0.82,0.52,0.78,0.51,0.6571428571428571,1.0,0.0,46,87,0.8,0.7272727272727273,0.2727272727272727,15,12,0.8,0.6666666666666666,0.3333333333333333,4,3
29,0.67,0.79,213.20000000000005,451,99,158,0,74,False,-1,none,0.3,0.79,0.77,0.58,0.74,0.48,0.6428571428571429,1.0,0.0,49,84,0.7,0.7222222222222222,0.2777777777777778,9,11,0.8,0.8125,0.1875,2,3
29,0.64,0.8,216.4,450,114,162,0,69,False,-1,none,0.3,0.82,0.82,0.53,0.77,0.62,0.5571428571428572,1.0,0.0,40,97,0.8,0.88,0.12,4,14,0.9,0.6875,0.3125,2,5
29,0.69,0.77,211.20000000000002,453,110,170,0,73,False,-1,none,0.3,0.83,0.81,0.52,0.8,0.61,0.7,1.0,0.0,43,101,0.65,0.7222222222222222,0.2777777777777778,9,13,0.7,0.7,0.3,2,2
29,0.7,0.92,240.72000000000006,438,100,178,0,85,True,4,Shigh,0.3,0.88,0.84,0.55,0.79,0.64,0.6142857142857143,1.0,0.0,47,98,0.9,0.8064516129032258,0.1935483870967742,9,18,0.9,0.7777777777777778,0.2222222222222222,3,3
29,0.62,0.75,202.40000000000003,455,95,145,0,75,False,-1,none,0.3,0.77,0.75,0.44,0.66,0.53,0.5571428571428572,1.0,0.0,35,75,0.75,0.75,0.25,12,14,0.8,0.875,0.125,2,7
29,0.67,0.74,205.60000000000002,456,114,164,0,88,True,2,Slow,0.3,0.84,0.85,0.52,0.74,0.57,0.7,1.0,0.0,50,90,0.6,0.6428571428571429,0.35714285714285715,9,10,0.6,0.5454545454545454,0.45454545454545453,2,3
29,0.73,0.89,239.48000000000002,441,87,188,0,76,True,2,Slow,0.3,0.86,0.85,0.62,0.78,0.53,0.6428571428571429,1.0,0.0,55,87,0.9,0.76,0.24,14,18,1.0,0.6842105263157895,0.3157894736842105,11,3
29,0.66,0.8,194.2,450,76,168,0,71,False,-1,none,0.3,0.75,0.76,0.52,0.71,0.5,0.6428571428571429,1.0,0.0,56,85,0.7,0.9047619047619048,0.09523809523809523,5,16,0.7,0.9285714285714286,0.07142857142857142,2,4
29,0.66,0.84,212.40000000000003,446,108,168,0,80,False,-1,none,0.3,0.85,0.83,0.58,0.73,0.61,0.5857142857142857,1.0,0.0,43,96,0.9,0.8928571428571429,0.10714285714285714,4,17,0.7,0.8666666666666667,0.13333333333333333,3,5
29,0.66,0.77,222.6,453,97,182,0,64,False,-1,none,0.3,0.78,0.81,0.6,0.79,0.58,0.6,1.0,0.0,50,96,0.75,0.75,0.25,10,14,0.9,0.6,0.4,6,6
