seed,buyer_id,buyer_class,n_purchases,total_spent,budget_remaining
0,0,Poor,1,2.0,0.8555682510599318
0,1,Poor,1,1.4,1.4802708223662409
0,2,Poor,1,1.4,1.735343130364019
0,3,Poor,1,1.4,1.8738648916286125
0,4,Poor,1,2.0,1.2927620011803103
0,5,Poor,1,2.0,0.9146614930741417
0,6,Poor,1,1.4,1.476395471873083
0,7,Poor,1,2.0,0.8877816124740407
0,8,Poor,1,1.4,1.4254327877995152
0,9,Poor,1,1.4,2.1291456301569265
0,10,Poor,1,2.0,1.2222141285027028
0,11,Poor,1,2.0,1.1186264915375723
0,12,Poor,0,0.0,3.0902764356859835
0,13,Poor,1,2.0,1.4917974768877826
0,14,Poor,1,2.0,0.6709514596639221
0,15,Poor,1,2.0,0.9271963806686361
0,16,Poor,0,0.0,2.821795946350232
0,17,Poor,1,2.0,1.150836988467887
0,18,Poor,0,0.0,2.691883699245244
0,19,Poor,1,1.4,1.5619399760432136
0,20,Poor,0,0.0,2.3195018956372473
0,21,Poor,1,1.4,1.9179065808146762
0,22,Poor,1,2.0,1.0772697019633668
0,23,Poor,1,2.0,0.5248527614826459
0,24,Poor,1,1.4,1.6487003456066311
0,25,Poor,0,0.0,3.1360631833220807
0,26,Poor,0,0.0,2.583238033448567
0,27,Poor,1,2.0,0.9911015008437598
0,28,Poor,1,1.4,1.545725289242497
0,29,Poor,0,0.0,2.29678164487699
0,30,Poor,1,2.0,2.151558442737377
0,31,Poor,1,2.0,0.8259551293946994
0,32,Poor,0,0.0,2.7506756402407486
0,33,Poor,0,0.0,3.727962172360225
0,34,Poor,1,1.4,1.6202242280934374
0,35,Poor,1,1.4,1.1476404157065834
0,36,Poor,1,2.0,1.0313585691734044
0,37,Poor,1,1.4,1.5967005656529332
0,38,Poor,1,2.0,1.2806195408253047
0,39,Poor,1,2.0,0.9817828486905134
0,40,Poor,0,0.0,2.5855794918528785
0,41,Poor,1,2.0,1.1984371830202094
0,42,Poor,1,2.0,0.980864513000685
0,43,Poor,0,0.0,2.440422535818625
0,44,Poor,1,1.4,1.3833476596555578
0,45,Poor,1,1.4,1.2446016361212924
0,46,Poor,0,0.0,2.7675925008572135
0,47,Poor,0,0.0,3.3621229311231486
0,48,Poor,0,0.0,2.853361227293897
0,49,Poor,1,2.0,0.9158116481038663
0,50,Poor,1,2.0,0.8770059373262846
0,51,Poor,0,0.0,2.8319640032881597
0,52,Poor,1,2.0,0.6868263484867438
0,53,Poor,0,0.0,3.048976923401588
0,54,Poor,2,3.4,0.07711890394986565
0,55,Poor,1,1.4,1.687056009279757
0,56,Poor,0,0.0,2.669509462437027
0,57,Poor,1,2.0,1.2894532647191523
0,58,Poor,0,0.0,3.115454407293339
0,59,Poor,1,1.4,1.7350117804637941
0,60,Poor,2,3.4,0.3790769233708824
0,61,Poor,0,0.0,2.977628761891342
0,62,Poor,1,1.4,2.295628869684469
0,63,Poor,0,0.0,2.609498604511467
0,64,Poor,1,2.0,1.3626652189762822
0,65,Poor,0,0.0,3.2938196637690993
0,66,Poor,1,2.0,0.9247780159935703
0,67,Poor,0,0.0,2.8454711927029797
0,68,Poor,0,0.0,3.2444064922299356
0,69,Poor,0,0.0,2.801193586861744
0,70,Middle,1,6.0,1.0988969846492802
0,71,Middle,3,5.4,0.8721255404018327
0,72,Middle,2,3.4,3.221606429908594
0,73,Middle,2,4.0,2.650177955568674
0,74,Middle,0,0.0,6.663026645516861
0,75,Middle,3,5.4,1.471619380157637
0,76,Middle,1,2.0,4.484098500636306
0,77,Middle,0,0.0,5.207683218348504
0,78,Middle,1,2.0,6.165532339586948
0,79,Middle,1,2.0,4.835921054243659
0,80,Middle,2,4.0,2.1370389207220777
0,81,Middle,1,6.0,1.00142047553926
0,82,Middle,2,4.0,3.800858049505999
0,83,Middle,2,4.0,2.717477494387878
0,84,Middle,1,1.4,5.066858950972014
0,85,Middle,0,0.0,7.375891407742918
0,86,Middle,1,2.0,3.2968028800407962
0,87,Middle,1,6.0,0.21966595567890934
0,88,Middle,2,8.0,0.6167104070221328
0,89,Middle,1,2.0,3.670419205031264
0,90,Rich,3,10.0,1.4780187899768382
0,91,Rich,2,8.0,1.5921989226840108
0,92,Rich,3,5.4,5.815204052589513
0,93,Rich,2,7.4,3.1035210239572617
0,94,Rich,0,0.0,9.93904788799141
0,95,Rich,3,10.0,0.21796008180508686
0,96,Rich,3,9.4,1.013496424219566
0,97,Rich,1,6.0,5.342268822010302
0,98,Rich,1,2.0,5.565653259603267
0,99,Rich,2,8.0,2.313491968365483
1,0,Poor,0,0.0,2.627727848288785
1,1,Poor,1,1.4,1.824972865345306
1,2,Poor,0,0.0,2.7261613321336604
1,3,Poor,1,2.0,1.3980738746208305
1,4,Poor,0,0.0,3.5477324846312137
1,5,Poor,1,1.4,1.7266101475386226
1,6,Poor,0,0.0,3.2140977163098032
1,7,Poor,1,1.4,2.0356780705118562
1,8,Poor,1,2.0,0.5212313033319864
1,9,Poor,1,2.0,0.9628528037583779
1,10,Poor,1,1.4,1.7734427599493063
1,11,Poor,1,2.0,0.9491442260196408
1,12,Poor,1,2.0,1.0014926259052417
1,13,Poor,1,2.0,0.5647533121319306
1,14,Poor,1,1.4,1.7912998659996227
1,15,Poor,1,2.0,0.6902463398499776
1,16,Poor,1,1.4,1.4581672382274795
1,17,Poor,1,2.0,1.2121199763173425
1,18,Poor,0,0.0,2.919804885829765
1,19,Poor,1,2.0,1.3220837833498678
1,20,Poor,1,2.0,0.7889869517065873
1,21,Poor,1,1.4,1.2562803564985532
1,22,Poor,0,0.0,3.0480962994709437
1,23,Poor,1,1.4,1.2276635859042555
1,24,Poor,1,2.0,1.2285172091639138
1,25,Poor,0,0.0,3.296263387068466
1,26,Poor,1,2.0,1.0370050909044575
1,27,Poor,1,2.0,1.1656114432768607
1,28,Poor,1,2.0,0.7466228225649219
1,29,Poor,1,1.4,1.304696845808769
1,30,Poor,0,0.0,3.2581938957676813
1,31,Poor,1,2.0,0.8035960131228368
1,32,Poor,1,1.4,1.7669496545918277
1,33,Poor,1,2.0,1.213436954388167
1,34,Poor,1,2.0,0.6180427064696126
1,35,Poor,1,1.4,1.5167877436568138
1,36,Poor,1,1.4,1.8320891087258295
1,37,Poor,1,2.0,1.3523411623870278
1,38,Poor,0,0.0,3.1330797476861973
1,39,Poor,1,2.0,1.1373556816202717
1,40,Poor,1,1.4,1.3461242976494967
1,41,Poor,1,1.4,0.9871559559416947
1,42,Poor,0,0.0,2.630208552463067
1,43,Poor,1,1.4,1.032628421690346
1,44,Poor,0,0.0,3.2637917342207716
1,45,Poor,1,2.0,1.7407012882826853
1,46,Poor,1,1.4,1.1903012755866098
1,47,Poor,1,2.0,0.7205478246322641
1,48,Poor,1,2.0,0.6930715008487613
1,49,Poor,1,1.4,1.4012060810540707
1,50,Poor,1,1.4,1.368264629308873
1,51,Poor,1,1.4,1.4979471772198876
1,52,Poor,0,0.0,3.1438780661319554
1,53,Poor,0,0.0,3.3313860377327464
1,54,Poor,0,0.0,3.322795207037459
1,55,Poor,1,2.0,0.6207381142824255
1,56,Poor,0,0.0,3.1753936611693065
1,57,Poor,1,2.0,1.0082655390932196
1,58,Poor,2,3.4,0.0855921574921803
1,59,Poor,1,1.4,0.801081101988236
1,60,Poor,0,0.0,2.658435483389734
1,61,Poor,0,0.0,3.49763637483302
1,62,Poor,0,0.0,2.8957269215437136
1,63,Poor,0,0.0,3.1821534797004687
1,64,Poor,1,2.0,1.1270300978685852
1,65,Poor,1,2.0,0.7651439662505757
1,66,Poor,1,1.4,1.3113133371787318
1,67,Poor,1,1.4,1.364308051873695
1,68,Poor,1,1.4,1.3613907217628345
1,69,Poor,0,0.0,3.095751807415578
1,70,Middle,1,2.0,5.393422304727978
1,71,Middle,2,4.0,2.152173059811454
1,72,Middle,1,6.0,1.1016328069640755
1,73,Middle,2,3.4,2.983459416099725
1,74,Middle,0,0.0,6.278318452305537
1,75,Middle,2,3.4,2.810995334975498
1,76,Middle,2,4.0,2.5027475559163888
1,77,Middle,2,3.4,4.279181815723318
1,78,Middle,2,3.4,5.163928267952411
1,79,Middle,1,2.0,5.867046232955942
1,80,Middle,0,0.0,5.990105869313114
1,81,Middle,1,6.0,1.3420684128795939
1,82,Middle,2,4.0,2.8021311574061984
1,83,Middle,1,2.0,4.43923843011021
1,84,Middle,1,1.4,5.945869895534777
1,85,Middle,1,2.0,4.788056000055962
1,86,Middle,1,6.0,0.28027825249828897
1,87,Middle,0,0.0,7.177584752487712
1,88,Middle,2,3.4,4.501360297545618
1,89,Middle,1,2.0,4.78662332780513
1,90,Rich,1,2.0,7.287900786481698
1,91,Rich,2,4.0,5.060395146340319
1,92,Rich,2,8.0,4.109913324705358
1,93,Rich,2,3.4,5.519514667412823
1,94,Rich,2,7.4,2.9937684869337198
1,95,Rich,2,7.4,2.8909532451754782
1,96,Rich,2,8.0,0.8822853028692386
1,97,Rich,1,1.4,9.766921902490333
1,98,Rich,2,8.0,3.933644724110465
1,99,Rich,1,2.0,7.890351648820957
2,0,Poor,0,0.0,2.950654980403174
2,1,Poor,1,2.0,0.8838893141287598
2,2,Poor,1,2.0,1.175724772590903
2,3,Poor,1,1.4,1.9005079347635805
2,4,Poor,0,0.0,3.8559040308260846
2,5,Poor,1,1.4,2.074618219650128
2,6,Poor,1,1.4,1.8702177375033213
2,7,Poor,1,2.0,0.970288706519804
2,8,Poor,1,1.4,1.7219479942395868
2,9,Poor,0,0.0,2.917362864444139
2,10,Poor,1,1.4,1.662503570575013
2,11,Poor,1,2.0,0.8269215680133266
2,12,Poor,1,1.4,1.182660641830525
2,13,Poor,1,1.4,1.9039857978969934
2,14,Poor,0,0.0,3.0279953400920543
2,15,Poor,1,2.0,1.1238595967847682
2,16,Poor,0,0.0,3.1133578411150413
2,17,Poor,1,2.0,1.5098985672367755
2,18,Poor,1,1.4,1.169921201434243
2,19,Poor,1,1.4,1.8344656205485839
2,20,Poor,1,1.4,1.6937733249119278
2,21,Poor,0,0.0,4.031324189123174
2,22,Poor,0,0.0,2.745109454002438
2,23,Poor,1,1.4,1.2640037950054994
2,24,Poor,1,1.4,1.6660092011001115
2,25,Poor,1,2.0,0.9237759448920557
2,26,Poor,1,2.0,1.0384426643578406
2,27,Poor,1,2.0,1.3722153761421287
2,28,Poor,1,1.4,2.0880246991318208
2,29,Poor,1,2.0,1.0865894162741636
2,30,Poor,0,0.0,3.060783055015411
2,31,Poor,1,2.0,1.2983364661919778
2,32,Poor,1,2.0,1.7051337575958292
2,33,Poor,1,2.0,1.3566511712217335
2,34,Poor,1,2.0,1.1106665234274313
2,35,Poor,1,2.0,0.6650976295048627
2,36,Poor,0,0.0,2.556555726819121
2,37,Poor,1,1.4,1.9105988646733656
2,38,Poor,1,1.4,1.4055557788447044
2,39,Poor,1,2.0,1.0464954812498655
2,40,Poor,0,0.0,3.2796518645229464
2,41,Poor,1,1.4,1.8391212394484442
2,42,Poor,1,1.4,0.9105851763190458
2,43,Poor,1,1.4,1.8179110103250853
2,44,Poor,1,1.4,1.741092972601387
2,45,Poor,0,0.0,2.5104350312267996
2,46,Poor,1,2.0,1.1597446190598202
2,47,Poor,1,1.4,1.6185890939613579
2,48,Poor,1,2.0,1.484478392809288
2,49,Poor,1,1.4,1.9081870389844267
2,50,Poor,1,1.4,1.6618646125958016
2,51,Poor,0,0.0,2.639695822309524
2,52,Poor,1,2.0,0.4647590233704535
2,53,Poor,0,0.0,3.0597440259211606
2,54,Poor,1,2.0,0.49730162076916073
2,55,Poor,0,0.0,2.688635767476229
2,56,Poor,1,2.0,0.8275013615788716
2,57,Poor,0,0.0,3.457399286433947
2,58,Poor,1,2.0,0.6206246928830015
2,59,Poor,0,0.0,3.347944919597839
2,60,Poor,1,2.0,1.392165622760913
2,61,Poor,0,0.0,2.721907488543513
2,62,Poor,1,2.0,1.416601513343438
2,63,Poor,1,2.0,1.005876367729095
2,64,Poor,1,2.0,1.552357479059817
2,65,Poor,2,3.4,0.40000220120904784
2,66,Poor,1,1.4,1.7684312271365252
2,67,Poor,1,2.0,1.1813914265224645
2,68,Poor,1,2.0,1.2755831743800283
2,69,Poor,1,2.0,1.4433623915887508
2,70,Middle,1,2.0,5.697062429469926
2,71,Middle,1,2.0,4.400261824270815
2,72,Middle,1,1.4,6.886260991826138
2,73,Middle,2,3.4,2.5550390825828
2,74,Middle,0,0.0,6.644681033444659
2,75,Middle,1,1.4,5.68261299794051
2,76,Middle,0,0.0,7.213722409316339
2,77,Middle,1,1.4,5.26979534751079
2,78,Middle,1,2.0,6.192397863634415
2,79,Middle,2,3.4,4.550673780933305
2,80,Middle,2,3.4,3.4334954749840616
2,81,Middle,1,1.4,5.894391213499349
2,82,Middle,2,7.4,1.1662852320859671
2,83,Middle,0,0.0,9.233839532190805
2,84,Middle,0,0.0,6.365938912392201
2,85,Middle,0,0.0,5.013460028413354
2,86,Middle,1,6.0,0.5244034933438906
2,87,Middle,3,5.4,2.314370862853856
2,88,Middle,1,2.0,5.620324463755277
2,89,Middle,2,8.0,0.17670141049440247
2,90,Rich,1,6.0,2.240922589250834
2,91,Rich,2,4.0,5.430956985771342
2,92,Rich,2,3.4,6.081815437201975
2,93,Rich,2,3.4,6.126148869503613
2,94,Rich,2,4.0,5.85615756114486
2,95,Rich,2,8.0,2.644234010341
2,96,Rich,3,9.4,0.1787968656819121
2,97,Rich,2,7.4,0.9284444399143088
2,98,Rich,2,8.0,3.3183893931146766
2,99,Rich,2,3.4,6.430722425278621
3,0,Poor,1,2.0,0.4528070691429038
3,1,Poor,1,1.4,1.7529253254962023
3,2,Poor,0,0.0,2.3608257955562486
3,3,Poor,1,1.4,2.074396511786983
3,4,Poor,1,2.0,0.8769561874509866
3,5,Poor,0,0.0,2.9365552837096183
3,6,Poor,1,2.0,0.5636687772381523
3,7,Poor,1,2.0,0.8412864083082088
3,8,Poor,1,1.4,1.4873739132800199
3,9,Poor,1,2.0,1.3867495712387385
3,10,Poor,1,1.4,1.5312491008292097
3,11,Poor,1,1.4,1.3748129161123437
3,12,Poor,1,2.0,0.4767584628583008
3,13,Poor,0,0.0,2.7129410465182713
3,14,Poor,1,2.0,0.6849483711795505
3,15,Poor,1,2.0,0.16756154689967762
3,16,Poor,0,0.0,3.273216009843383
3,17,Poor,1,1.4,1.6779994064859172
3,18,Poor,0,0.0,2.9643260804875515
3,19,Poor,1,2.0,1.0514865529988655
3,20,Poor,1,2.0,0.8721291790333416
3,21,Poor,0,0.0,2.6901928457184088
3,22,Poor,0,0.0,3.0485990187589844
3,23,Poor,1,2.0,1.1500330060672446
3,24,Poor,1,2.0,0.8853128287968763
3,25,Poor,1,2.0,1.2867322393422453
3,26,Poor,0,0.0,2.653545546601068
3,27,Poor,1,2.0,0.6839775473991954
3,28,Poor,1,1.4,1.305128078249183
3,29,Poor,1,2.0,1.3709146153948009
3,30,Poor,1,2.0,0.8396819215747189
3,31,Poor,1,2.0,1.2265801077103524
3,32,Poor,1,2.0,0.5544841114809902
3,33,Poor,0,0.0,2.586830705489019
3,34,Poor,1,1.4,1.7352140544885266
3,35,Poor,1,2.0,1.086146615192345
3,36,Poor,1,1.4,1.6021514992991053
3,37,Poor,1,2.0,1.1951458320298958
3,38,Poor,1,2.0,0.8729741996446525
3,39,Poor,1,2.0,0.9918514791143376
3,40,Poor,1,1.4,1.1258236213527266
3,41,Poor,1,2.0,1.2218702492806668
3,42,Poor,0,0.0,2.8122463149721524
3,43,Poor,1,2.0,0.7730756979222098
3,44,Poor,0,0.0,2.8750736592170045
3,45,Poor,0,0.0,3.0025406173776
3,46,Poor,0,0.0,2.966395575512919
3,47,Poor,1,2.0,0.6621947362157323
3,48,Poor,0,0.0,3.2343189889473076
3,49,Poor,1,1.4,1.3341661865124093
3,50,Poor,1,2.0,0.5936454700312965
3,51,Poor,1,1.4,1.521497274097996
3,52,Poor,1,1.4,1.4727763642828031
3,53,Poor,1,2.0,0.42249136941280296
3,54,Poor,1,2.0,1.0531999565564645
3,55,Poor,0,0.0,3.222047182854317
3,56,Poor,1,2.0,1.2181877134877301
3,57,Poor,1,2.0,1.0595439185997084
3,58,Poor,1,2.0,0.8301590187939856
3,59,Poor,1,2.0,0.5745003697706315
3,60,Poor,1,1.4,1.8602123594663076
3,61,Poor,0,0.0,3.541499420958159
3,62,Poor,0,0.0,3.1621906370799095
3,63,Poor,1,2.0,1.3990091670914993
3,64,Poor,1,2.0,0.706589523342704
3,65,Poor,1,1.4,1.8145299054080137
3,66,Poor,0,0.0,3.067626653661441
3,67,Poor,0,0.0,2.9603158764345596
3,68,Poor,1,1.4,1.0729866859663453
3,69,Poor,0,0.0,3.285647666953236
3,70,Middle,3,5.4,3.132942217143866
3,71,Middle,0,0.0,6.381110746019045
3,72,Middle,2,3.4,4.226221076237012
3,73,Middle,1,1.4,5.1009055377833885
3,74,Middle,0,0.0,5.8580905061504405
3,75,Middle,0,0.0,7.119995366246257
3,76,Middle,2,3.4,3.668003207268136
3,77,Middle,1,2.0,5.687093356977639
3,78,Middle,1,1.4,5.923012215305391
3,79,Middle,1,2.0,4.741084890564922
3,80,Middle,3,5.4,1.8917282975973602
3,81,Middle,1,6.0,1.3724967127767282
3,82,Middle,1,6.0,1.6050253613173187
3,83,Middle,1,6.0,0.8639737311530853
3,84,Middle,1,2.0,3.7333336599525477
3,85,Middle,1,2.0,3.7287168274189817
3,86,Middle,1,2.0,4.238095060070664
3,87,Middle,2,4.0,2.347522616745197
3,88,Middle,1,6.0,2.8551167341644543
3,89,Middle,1,6.0,0.02298757109177707
3,90,Rich,1,6.0,3.4186704390122102
3,91,Rich,2,3.4,7.804820631483949
3,92,Rich,2,7.4,2.1281337828262075
3,93,Rich,2,8.0,1.8194029498170714
3,94,Rich,1,6.0,3.396175228166042
3,95,Rich,1,6.0,3.393985679757952
3,96,Rich,2,7.4,3.141719925608515
3,97,Rich,2,7.4,0.5321597325125076
3,98,Rich,2,3.4,5.707332269657224
3,99,Rich,1,2.0,9.99875730018892
4,0,Poor,1,1.4,1.3806501613676843
4,1,Poor,1,2.0,1.0594518471232877
4,2,Poor,0,0.0,3.025389902970008
4,3,Poor,0,0.0,3.6097176704629974
4,4,Poor,1,2.0,0.8282803176334568
4,5,Poor,0,0.0,3.1126242408820617
4,6,Poor,1,1.4,1.5558541148145748
4,7,Poor,1,2.0,0.4677364868672189
4,8,Poor,0,0.0,2.6883769897067533
4,9,Poor,0,0.0,2.6967087102779135
4,10,Poor,0,0.0,2.9033386759681608
4,11,Poor,1,2.0,1.2893387913590861
4,12,Poor,1,2.0,1.18575287290617
4,13,Poor,0,0.0,3.4244840972650055
4,14,Poor,0,0.0,3.5125363276527253
4,15,Poor,1,2.0,0.42311619282521074
4,16,Poor,0,0.0,2.53792020762755
4,17,Poor,1,2.0,1.3418179833869694
4,18,Poor,1,2.0,0.9640881888733479
4,19,Poor,0,0.0,2.7932852212828627
4,20,Poor,1,1.4,1.346864305480513
4,21,Poor,1,1.4,1.3893054649284835
4,22,Poor,1,2.0,0.6232080354315803
4,23,Poor,1,2.0,1.2435847232625679
4,24,Poor,0,0.0,3.6686502253411177
4,25,Poor,1,2.0,1.107062661320386
4,26,Poor,1,1.4,1.9223689941039357
4,27,Poor,1,1.4,1.4919841009409178
4,28,Poor,0,0.0,3.0363771892519975
4,29,Poor,1,2.0,0.8294483535507378
4,30,Poor,1,2.0,0.42675429670834797
4,31,Poor,1,2.0,0.1622027040685703
4,32,Poor,1,2.0,1.1309981524277304
4,33,Poor,1,1.4,1.6209698765891738
4,34,Poor,1,1.4,1.5981011375981176
4,35,Poor,0,0.0,3.132264929178668
4,36,Poor,1,2.0,1.36791878963201
4,37,Poor,0,0.0,2.6596003513351967
4,38,Poor,1,1.4,0.8806628002791297
4,39,Poor,1,2.0,1.199264111284486
4,40,Poor,1,1.4,1.1892659136426253
4,41,Poor,0,0.0,2.6982203401913005
4,42,Poor,1,2.0,1.2300821339352406
4,43,Poor,1,2.0,1.221205593696573
4,44,Poor,1,1.4,1.2292750208561323
4,45,Poor,1,2.0,0.33854583204435595
4,46,Poor,1,1.4,1.4509059438327832
4,47,Poor,1,2.0,0.8402752858418463
4,48,Poor,0,0.0,2.917303865471961
4,49,Poor,1,1.4,1.9163353414919446
4,50,Poor,1,1.4,1.8714566855874448
4,51,Poor,0,0.0,2.6926243200380013
4,52,Poor,0,0.0,3.128832969933819
4,53,Poor,1,1.4,2.4315478849114758
4,54,Poor,2,3.4,0.12262758735612778
4,55,Poor,1,2.0,0.8056650833856422
4,56,Poor,1,2.0,0.8243422051240858
4,57,Poor,1,2.0,0.5622956342827612
4,58,Poor,1,1.4,1.771667322935743
4,59,Poor,2,3.4,0.14789498124219724
4,60,Poor,0,0.0,2.910005425926241
4,61,Poor,1,2.0,1.3691284473204628
4,62,Poor,1,1.4,1.722218097768505
4,63,Poor,0,0.0,2.3426362906564764
4,64,Poor,2,3.4,0.11012796697300287
4,65,Poor,1,2.0,0.9677175910662679
4,66,Poor,1,2.0,0.9021045186642733
4,67,Poor,1,2.0,0.6702723456106066
4,68,Poor,1,1.4,1.2269111006006987
4,69,Poor,0,0.0,2.666964498891925
4,70,Middle,1,2.0,5.757822827431362
4,71,Middle,1,6.0,1.5106487989078703
4,72,Middle,1,1.4,5.120723877228507
4,73,Middle,1,1.4,5.101473015859504
4,74,Middle,1,6.0,1.3244233037068662
4,75,Middle,1,1.4,5.975663292832714
4,76,Middle,2,3.4,2.689375042155486
4,77,Middle,2,8.0,1.5658465851390861
4,78,Middle,1,6.0,0.3472771703625712
4,79,Middle,0,0.0,6.3647933428656005
4,80,Middle,1,6.0,0.6340109950001676
4,81,Middle,1,2.0,4.414524961432654
4,82,Middle,1,6.0,0.4326858402315965
4,83,Middle,1,6.0,0.3312092320817541
4,84,Middle,3,5.4,2.163569455874912
4,85,Middle,2,3.4,3.2297172569376915
4,86,Middle,2,3.4,2.9626480019660644
4,87,Middle,0,0.0,5.9948433411164315
4,88,Middle,2,8.0,0.7166764791583429
4,89,Middle,1,2.0,5.455700784864591
4,90,Rich,3,9.4,0.8150250983016321
4,91,Rich,1,1.4,10.87078204287523
4,92,Rich,0,0.0,9.490883657370546
4,93,Rich,2,8.0,2.1207513070153237
4,94,Rich,1,1.4,8.731707613727774
4,95,Rich,3,10.0,3.184092435423201
4,96,Rich,2,7.4,2.594807393587232
4,97,Rich,2,4.0,5.187917260860507
4,98,Rich,2,3.4,6.457095712102161
4,99,Rich,2,7.4,1.6804804177766628
5,0,Poor,1,1.4,1.604194582808205
5,1,Poor,1,1.4,1.3687389048104546
5,2,Poor,1,2.0,0.6826917107483714
5,3,Poor,1,2.0,0.7081182894317632
5,4,Poor,0,0.0,2.4833808454577544
5,5,Poor,1,2.0,0.7677274664967357
5,6,Poor,1,2.0,0.9665440798227629
5,7,Poor,0,0.0,2.4138822132487614
5,8,Poor,1,1.4,1.1622275089002487
5,9,Poor,1,2.0,0.647353629921354
5,10,Poor,0,0.0,2.808129836592106
5,11,Poor,1,1.4,0.9874494141043533
5,12,Poor,1,2.0,0.8951356112883624
5,13,Poor,1,2.0,1.2626792208055582
5,14,Poor,0,0.0,3.3153481616135974
5,15,Poor,1,2.0,1.8251283473834872
5,16,Poor,0,0.0,2.852641173662122
5,17,Poor,1,2.0,1.1001113461727043
5,18,Poor,2,3.4,0.07146378986577151
5,19,Poor,1,1.4,1.9178502286263175
5,20,Poor,1,2.0,0.9547377441466258
5,21,Poor,1,1.4,1.8049064488534823
5,22,Poor,0,0.0,3.245169034187711
5,23,Poor,1,2.0,0.7115599512093458
5,24,Poor,1,2.0,1.2245648215521445
5,25,Poor,1,2.0,0.6557339372438076
5,26,Poor,1,2.0,0.8547552671113015
5,27,Poor,1,2.0,1.2171352320372875
5,28,Poor,1,1.4,1.8185657694759887
5,29,Poor,1,2.0,0.9986954109635011
5,30,Poor,0,0.0,2.82977876142965
5,31,Poor,1,1.4,0.9477681791630364
5,32,Poor,1,2.0,0.8583831963380715
5,33,Poor,1,2.0,0.8789577386687908
5,34,Poor,1,2.0,1.166305470234267
5,35,Poor,1,1.4,1.3500316006388564
5,36,Poor,0,0.0,2.689685799959382
5,37,Poor,0,0.0,3.191141924463359
5,38,Poor,0,0.0,2.948326305361799
5,39,Poor,1,2.0,0.5141129454854534
5,40,Poor,1,2.0,1.1048694438677953
5,41,Poor,0,0.0,3.28771252412406
5,42,Poor,1,1.4,1.5552681040186838
5,43,Poor,1,2.0,0.7636283852483796
5,44,Poor,1,2.0,1.0707466442707045
5,45,Poor,1,2.0,1.3874347114557786
5,46,Poor,1,1.4,1.433073904232597
5,47,Poor,1,2.0,1.3717426150047385
5,48,Poor,1,2.0,0.5799302360567271
5,49,Poor,0,0.0,3.202558150243825
5,50,Poor,0,0.0,2.4157162191641754
5,51,Poor,1,1.4,1.3514664188550474
5,52,Poor,1,2.0,0.8660934917207577
5,53,Poor,1,2.0,1.0498730801987244
5,54,Poor,1,2.0,0.8349473957937001
5,55,Poor,0,0.0,3.3330775488569144
5,56,Poor,1,2.0,0.45176456474355886
5,57,Poor,0,0.0,2.5973204307586903
5,58,Poor,1,1.4,1.7208762887381908
5,59,Poor,1,2.0,0.662423840285514
5,60,Poor,1,2.0,0.8540753141292643
5,61,Poor,0,0.0,3.1830924725245677
5,62,Poor,1,2.0,0.38651533981532404
5,63,Poor,1,2.0,0.8072236811552478
5,64,Poor,1,2.0,1.0484382295650687
5,65,Poor,1,2.0,1.1108622327991613
5,66,Poor,1,2.0,1.048767911517201
5,67,Poor,1,1.4,1.3369286215057787
5,68,Poor,1,1.4,1.284476946074077
5,69,Poor,1,2.0,1.0082092340063333
5,70,Middle,1,1.4,4.066111939375521
5,71,Middle,1,6.0,1.0721488724146404
5,72,Middle,0,0.0,6.942340143002567
5,73,Middle,1,6.0,0.4024960224789851
5,74,Middle,2,7.4,0.060858607367247686
5,75,Middle,2,8.0,0.6703970325338364
5,76,Middle,1,2.0,5.340864159874796
5,77,Middle,2,8.0,0.3745772726947809
5,78,Middle,1,2.0,5.143338252319199
5,79,Middle,1,6.0,0.26486085947353466
5,80,Middle,1,6.0,1.2364804080295917
5,81,Middle,0,0.0,6.459888777152592
5,82,Middle,2,3.4,1.5411481861982073
5,83,Middle,1,1.4,5.284990836139494
5,84,Middle,3,5.4,0.13817404296698932
5,85,Middle,1,1.4,5.289466970799497
5,86,Middle,1,6.0,2.3479653228761386
5,87,Middle,1,2.0,4.82898402301783
5,88,Middle,0,0.0,6.953771570893406
5,89,Middle,1,2.0,5.266348643399123
5,90,Rich,2,4.0,3.2554549701132416
5,91,Rich,2,3.4,7.703157111447831
5,92,Rich,3,9.4,0.37290017831558586
5,93,Rich,1,1.4,9.479376124237936
5,94,Rich,2,3.4,6.321414307396022
5,95,Rich,2,7.4,3.835007212651725
5,96,Rich,2,7.4,3.052723098033072
5,97,Rich,1,2.0,5.778088181982662
5,98,Rich,2,8.0,2.925147953026828
5,99,Rich,1,6.0,3.3239933200189977
6,0,Poor,1,1.4,1.6771146478100976
6,1,Poor,0,0.0,2.7719545350275214
6,2,Poor,1,2.0,1.0302551689952733
6,3,Poor,1,1.4,1.5222349277410228
6,4,Poor,0,0.0,2.9693940781415433
6,5,Poor,1,2.0,0.7417256270737576
6,6,Poor,1,2.0,0.9629995567242084
6,7,Poor,1,2.0,0.5821240969508206
6,8,Poor,1,2.0,0.9538288194445008
6,9,Poor,1,1.4,1.9413819480787655
6,10,Poor,0,0.0,2.896166261849135
6,11,Poor,1,2.0,0.7038915151650968
6,12,Poor,1,1.4,1.7417496531354208
6,13,Poor,1,2.0,1.015434850863088
6,14,Poor,1,2.0,1.4762569963279386
6,15,Poor,1,2.0,0.8692642880889645
6,16,Poor,1,1.4,1.7053260758917261
6,17,Poor,0,0.0,3.3322394702026465
6,18,Poor,1,2.0,1.2590524564758274
6,19,Poor,0,0.0,3.0690707017698537
6,20,Poor,1,1.4,1.5988576166256907
6,21,Poor,1,1.4,1.9277803542626977
6,22,Poor,1,1.4,1.7242138824668398
6,23,Poor,1,2.0,0.9780178686925147
6,24,Poor,1,2.0,1.5228914735931482
6,25,Poor,1,2.0,0.48941782884279084
6,26,Poor,1,2.0,0.5874106095774705
6,27,Poor,1,2.0,1.1773494697408613
6,28,Poor,1,1.4,0.8079110313421158
6,29,Poor,1,1.4,0.7649790751984815
6,30,Poor,1,2.0,1.2636932665286773
6,31,Poor,1,1.4,1.2847101400602754
6,32,Poor,1,2.0,0.39272807382488084
6,33,Poor,0,0.0,2.7556434962089034
6,34,Poor,1,2.0,1.7110904181803543
6,35,Poor,1,1.4,1.4377469774160807
6,36,Poor,1,2.0,1.296200467572362
6,37,Poor,1,2.0,0.9312118289940958
6,38,Poor,1,2.0,0.6784583119302554
6,39,Poor,1,2.0,1.0925922447492171
6,40,Poor,0,0.0,3.02582753470371
6,41,Poor,1,1.4,1.569526790969244
6,42,Poor,1,2.0,0.2065809897062736
6,43,Poor,0,0.0,3.2634787837626145
6,44,Poor,1,1.4,1.4708010061426928
6,45,Poor,0,0.0,2.670015985592242
6,46,Poor,0,0.0,2.7744858171297047
6,47,Poor,1,1.4,2.404406174434553
6,48,Poor,1,2.0,1.2287129311220117
6,49,Poor,1,1.4,1.3802103090360651
6,50,Poor,1,2.0,0.903671720078866
6,51,Poor,1,2.0,0.4939691395253858
6,52,Poor,0,0.0,3.3959116084589502
6,53,Poor,1,2.0,1.3535066500886104
6,54,Poor,1,2.0,1.0296300186688634
6,55,Poor,0,0.0,2.71099853596092
6,56,Poor,1,2.0,1.3531553770940743
6,57,Poor,0,0.0,2.962849442785548
6,58,Poor,2,3.4,0.3262802904767752
6,59,Poor,0,0.0,2.7785964657391102
6,60,Poor,1,2.0,1.600817825260945
6,61,Poor,1,2.0,0.7924256253868438
6,62,Poor,1,1.4,1.7544443366732558
6,63,Poor,1,2.0,1.2058049130637585
6,64,Poor,1,1.4,1.2942105624494684
6,65,Poor,0,0.0,3.078968149216685
6,66,Poor,1,2.0,0.6707146288713339
6,67,Poor,1,2.0,1.2836903191333136
6,68,Poor,0,0.0,3.047976797935577
6,69,Poor,1,2.0,0.908290370019003
6,70,Middle,1,1.4,4.480382723685501
6,71,Middle,2,8.0,0.37551100694671646
6,72,Middle,1,1.4,7.566109437697053
6,73,Middle,0,0.0,7.268753297026778
6,74,Middle,1,6.0,0.7641533252508896
6,75,Middle,2,3.4,2.3071904581144356
6,76,Middle,1,1.4,5.941836573305686
6,77,Middle,0,0.0,6.498797800721631
6,78,Middle,1,2.0,3.3637590192129805
6,79,Middle,1,6.0,0.6803938227398945
6,80,Middle,1,2.0,5.105679840434396
6,81,Middle,1,6.0,1.4770278880601069
6,82,Middle,0,0.0,7.635601836019172
6,83,Middle,0,0.0,7.20677808382131
6,84,Middle,1,6.0,0.5925964294040176
6,85,Middle,0,0.0,8.312609779116237
6,86,Middle,1,6.0,1.254652816370779
6,87,Middle,1,2.0,2.8226439872686573
6,88,Middle,1,1.4,5.460412206174189
6,89,Middle,1,6.0,1.4883088446698975
6,90,Rich,2,8.0,0.39620970503766806
6,91,Rich,2,7.4,1.3162357054143232
6,92,Rich,2,8.0,0.5991646193402875
6,93,Rich,3,9.4,0.6326430795537217
6,94,Rich,2,8.0,1.3853851335605274
6,95,Rich,3,9.4,0.6692160684549404
6,96,Rich,2,7.4,2.6822286775939586
6,97,Rich,2,7.4,2.7712919014883153
6,98,Rich,0,0.0,13.530124872656229
6,99,Rich,3,9.4,0.4100187725912421
7,0,Poor,1,2.0,0.6355332006282377
7,1,Poor,1,2.0,1.276862911841143
7,2,Poor,1,1.4,0.9943451992874364
7,3,Poor,1,2.0,0.7706411880415711
7,4,Poor,1,1.4,1.7660768065574843
7,5,Poor,1,2.0,0.6097238271769383
7,6,Poor,0,0.0,2.7486636193661362
7,7,Poor,1,2.0,0.5613085360390739
7,8,Poor,1,2.0,1.4036302526203204
7,9,Poor,1,1.4,1.3479146925448586
7,10,Poor,0,0.0,2.7380949063874587
7,11,Poor,1,1.4,1.9335279231946076
7,12,Poor,1,2.0,0.5651192101821154
7,13,Poor,0,0.0,2.2463095146892775
7,14,Poor,0,0.0,2.5704065630227615
7,15,Poor,1,1.4,1.763067095349442
7,16,Poor,1,2.0,1.0062911420247245
7,17,Poor,1,1.4,1.3652958567657087
7,18,Poor,1,2.0,0.06656058688394895
7,19,Poor,1,2.0,0.47649146293515754
7,20,Poor,1,2.0,0.9463413568127268
7,21,Poor,1,2.0,1.0673862242035073
7,22,Poor,0,0.0,2.683214730566859
7,23,Poor,0,0.0,3.2571181051578266
7,24,Poor,1,1.4,1.6299028538465699
7,25,Poor,1,2.0,0.7198939140031944
7,26,Poor,1,2.0,0.7186916491606818
7,27,Poor,1,2.0,1.5608337751540429
7,28,Poor,2,3.4,0.5903281342007594
7,29,Poor,0,0.0,2.386222627867706
7,30,Poor,0,0.0,2.137134392887798
7,31,Poor,0,0.0,2.662026047934138
7,32,Poor,1,1.4,1.7808744400461736
7,33,Poor,0,0.0,2.766340591791563
7,34,Poor,1,2.0,0.7854596858975289
7,35,Poor,1,1.4,1.5194904295681573
7,36,Poor,0,0.0,2.822811360095796
7,37,Poor,0,0.0,3.0922673570076102
7,38,Poor,1,2.0,1.2895959522954823
7,39,Poor,1,1.4,1.3607340597960582
7,40,Poor,1,1.4,1.203666631659345
7,41,Poor,1,2.0,1.2326400742639683
7,42,Poor,0,0.0,2.657721347573452
7,43,Poor,1,2.0,0.8541611937327063
7,44,Poor,1,1.4,1.6819226646192509
7,45,Poor,0,0.0,3.1562456596279875
7,46,Poor,1,1.4,1.840598129150778
7,47,Poor,1,2.0,0.8193702791184423
7,48,Poor,0,0.0,3.473304002593731
7,49,Poor,1,1.4,1.0567505334529224
7,50,Poor,1,2.0,0.8786068138589567
7,51,Poor,0,0.0,3.062109725295459
7,52,Poor,0,0.0,3.3671743740726523
7,53,Poor,2,3.4,0.3420667637584791
7,54,Poor,0,0.0,2.9079795405519953
7,55,Poor,1,1.4,1.5365271598491579
7,56,Poor,1,2.0,0.8655026710459381
7,57,Poor,1,2.0,0.6124941945523905
7,58,Poor,1,1.4,1.6285317580600664
7,59,Poor,1,2.0,0.5676540179771767
7,60,Poor,1,1.4,1.424407983116457
7,61,Poor,0,0.0,3.7443781073157143
7,62,Poor,1,2.0,1.1741391430546906
7,63,Poor,1,1.4,1.0778289923993687
7,64,Poor,1,2.0,1.1493834842032546
7,65,Poor,0,0.0,3.8019711063024357
7,66,Poor,1,1.4,2.8321023748776866
7,67,Poor,1,1.4,1.53542136219087
7,68,Poor,1,1.4,1.220964553239579
7,69,Poor,0,0.0,3.4197588928998415
7,70,Middle,1,1.4,5.322147734198541
7,71,Middle,1,2.0,5.193854572681022
7,72,Middle,2,3.4,1.776570740242167
7,73,Middle,1,2.0,4.424130082052589
7,74,Middle,2,7.4,1.2171297141036188
7,75,Middle,1,1.4,7.927578193162017
7,76,Middle,2,8.0,0.07039541152671092
7,77,Middle,2,3.4,4.560200294474184
7,78,Middle,2,3.4,5.422564586640689
7,79,Middle,1,6.0,0.159961756814611
7,80,Middle,2,4.0,1.63103340505356
7,81,Middle,1,1.4,4.313787654490614
7,82,Middle,0,0.0,5.962507503054952
7,83,Middle,2,3.4,4.146941996139503
7,84,Middle,2,7.4,1.0513450629596246
7,85,Middle,1,6.0,1.3308401464013615
7,86,Middle,1,1.4,5.142023629653444
7,87,Middle,2,3.4,2.3061308931900064
7,88,Middle,1,1.4,5.064546250241115
7,89,Middle,1,6.0,3.7478766523831766
7,90,Rich,3,9.4,1.4949042917882704
7,91,Rich,1,2.0,10.249352390045571
7,92,Rich,3,5.4,3.853128281196778
7,93,Rich,1,1.4,8.058131907185045
7,94,Rich,2,8.0,4.608913426474873
7,95,Rich,2,3.4,7.287815137551414
7,96,Rich,1,2.0,7.541128957771493
7,97,Rich,2,8.0,2.0305612509498854
7,98,Rich,0,0.0,10.284227535968876
7,99,Rich,2,3.4,5.319633069717938
8,0,Poor,0,0.0,3.3161667528546728
8,1,Poor,1,1.4,1.7090254928820445
8,2,Poor,0,0.0,3.277425259904772
8,3,Poor,0,0.0,2.827604346856485
8,4,Poor,0,0.0,3.2881892554355825
8,5,Poor,1,1.4,1.7816038052910175
8,6,Poor,1,1.4,1.0308120635137925
8,7,Poor,1,1.4,1.9251925574391322
8,8,Poor,1,1.4,0.813543391402554
8,9,Poor,1,2.0,0.8676603292005245
8,10,Poor,1,1.4,2.814919803814416
8,11,Poor,0,0.0,2.985413641223243
8,12,Poor,0,0.0,2.8802291642140716
8,13,Poor,1,2.0,1.3031912622746136
8,14,Poor,1,2.0,0.800369538282907
8,15,Poor,0,0.0,2.5950822915700074
8,16,Poor,1,1.4,1.2761971881975076
8,17,Poor,1,2.0,0.34405982597884943
8,18,Poor,1,1.4,1.9927000252645382
8,19,Poor,0,0.0,3.0564959052594554
8,20,Poor,0,0.0,2.596581647516846
8,21,Poor,1,2.0,0.5168235307843552
8,22,Poor,0,0.0,3.005032432787409
8,23,Poor,1,1.4,1.3249555438534584
8,24,Poor,1,2.0,1.3730739505667429
8,25,Poor,1,2.0,1.0056917647955155
8,26,Poor,0,0.0,3.3722937281540895
8,27,Poor,0,0.0,3.632567054844916
8,28,Poor,1,2.0,1.132974459871975
8,29,Poor,1,2.0,1.2353189092383183
8,30,Poor,0,0.0,3.2854636682171305
8,31,Poor,1,2.0,0.9861759125755092
8,32,Poor,0,0.0,3.1593268364777503
8,33,Poor,1,2.0,0.6564680545905395
8,34,Poor,1,2.0,1.1044560124752745
8,35,Poor,1,2.0,1.102210525061253
8,36,Poor,1,1.4,1.0532531430781997
8,37,Poor,1,1.4,1.8168509782035356
8,38,Poor,1,1.4,1.908136253417446
8,39,Poor,1,2.0,0.9903389132323528
8,40,Poor,1,1.4,1.1023802690697098
8,41,Poor,1,1.4,1.889511090603873
8,42,Poor,0,0.0,3.178605446166293
8,43,Poor,1,2.0,0.9927304064103382
8,44,Poor,0,0.0,3.1327066260994405
8,45,Poor,1,2.0,1.4574274196184835
8,46,Poor,1,1.4,1.3718228639098
8,47,Poor,0,0.0,2.0877759502380524
8,48,Poor,1,1.4,1.7767472285111934
8,49,Poor,2,3.4,0.22336391200317074
8,50,Poor,0,0.0,3.2817167243048546
8,51,Poor,1,2.0,1.0553980550405724
8,52,Poor,1,1.4,1.8540029783660148
8,53,Poor,1,2.0,0.8701609239154502
8,54,Poor,1,2.0,1.4293715305670878
8,55,Poor,1,2.0,0.9501266702332094
8,56,Poor,1,2.0,0.9139276503050757
8,57,Poor,1,2.0,0.9377525807220342
8,58,Poor,1,2.0,0.8113113803522549
8,59,Poor,1,2.0,0.9982497818788385
8,60,Poor,1,1.4,1.4096327200086152
8,61,Poor,0,0.0,2.592587277389364
8,62,Poor,0,0.0,3.692280249191221
8,63,Poor,0,0.0,3.0852352091097903
8,64,Poor,1,2.0,1.3197321837195446
8,65,Poor,0,0.0,3.0102298912042156
8,66,Poor,1,1.4,1.4175414737893686
8,67,Poor,0,0.0,3.7156836205387145
8,68,Poor,0,0.0,2.9811441481133736
8,69,Poor,1,1.4,1.7389772867659334
8,70,Middle,1,1.4,5.461436161095426
8,71,Middle,1,6.0,0.43267841787524475
8,72,Middle,2,3.4,3.9252273171404664
8,73,Middle,1,1.4,6.554313101324835
8,74,Middle,3,5.4,2.884218970318777
8,75,Middle,1,2.0,4.191395799035646
8,76,Middle,2,3.4,3.760124590981094
8,77,Middle,3,5.4,0.6682389202888674
8,78,Middle,2,3.4,3.1744873315501523
8,79,Middle,2,4.0,4.622079490447508
8,80,Middle,1,1.4,6.175483987913829
8,81,Middle,2,8.0,0.0712101246860044
8,82,Middle,1,6.0,0.9125321689157868
8,83,Middle,1,2.0,4.8211308872109155
8,84,Middle,1,1.4,5.727637112152177
8,85,Middle,2,4.0,3.316361749767305
8,86,Middle,1,6.0,1.34682237571542
8,87,Middle,1,2.0,4.790430867688315
8,88,Middle,2,3.4,5.62054314050142
8,89,Middle,1,6.0,0.500210479198091
8,90,Rich,2,8.0,1.5649511019932572
8,91,Rich,0,0.0,9.207775809400754
8,92,Rich,2,8.0,0.7247001602124961
8,93,Rich,1,1.4,8.266105437824006
8,94,Rich,3,5.4,6.937792471974404
8,95,Rich,1,2.0,7.276024488677628
8,96,Rich,1,1.4,8.206736479266842
8,97,Rich,1,2.0,7.084577989889345
8,98,Rich,2,7.4,1.3809597419952748
8,99,Rich,2,7.4,2.6160509945893797
9,0,Poor,1,1.4,2.3118059107033835
9,1,Poor,1,2.0,1.0491111725344324
9,2,Poor,1,2.0,0.5796998264690383
9,3,Poor,0,0.0,2.614031719654382
9,4,Poor,0,0.0,2.8389852883260365
9,5,Poor,1,1.4,0.782676415893468
9,6,Poor,0,0.0,3.2186133480372017
9,7,Poor,1,2.0,1.0800473773632344
9,8,Poor,1,2.0,1.2745660743779492
9,9,Poor,1,2.0,0.5044651722158493
9,10,Poor,0,0.0,2.9534118348859257
9,11,Poor,1,2.0,0.8285311445263939
9,12,Poor,1,2.0,0.5463780664616573
9,13,Poor,0,0.0,2.759791359492149
9,14,Poor,1,1.4,1.4287751762702174
9,15,Poor,0,0.0,3.427479297891822
9,16,Poor,1,2.0,1.078077913435218
9,17,Poor,1,2.0,1.265442466849711
9,18,Poor,1,2.0,1.0747722888353404
9,19,Poor,0,0.0,3.190990680856999
9,20,Poor,0,0.0,2.787155402040474
9,21,Poor,0,0.0,2.6409895331165756
9,22,Poor,0,0.0,2.6573580411672473
9,23,Poor,1,2.0,0.8997568461218868
9,24,Poor,1,1.4,1.9455658766112447
9,25,Poor,0,0.0,2.6624690233470574
9,26,Poor,1,1.4,1.305714366013377
9,27,Poor,1,2.0,1.1250407033027363
9,28,Poor,0,0.0,3.190048832706521
9,29,Poor,1,2.0,1.0323887630296125
9,30,Poor,0,0.0,2.9976899528535057
9,31,Poor,1,1.4,1.250064667002536
9,32,Poor,1,1.4,1.3310859209030221
9,33,Poor,1,1.4,1.631144891047032
9,34,Poor,1,1.4,2.210518240762062
9,35,Poor,1,2.0,0.9671787905786986
9,36,Poor,1,2.0,1.0068046776910826
9,37,Poor,0,0.0,2.713199277095463
9,38,Poor,1,2.0,1.316778345409912
9,39,Poor,1,2.0,0.9447364341275519
9,40,Poor,1,2.0,0.9846293744039669
9,41,Poor,1,2.0,1.366437118658316
9,42,Poor,1,2.0,2.2877411005468513
9,43,Poor,1,2.0,1.2531513657576854
9,44,Poor,0,0.0,3.7169912567872947
9,45,Poor,0,0.0,2.5122657479913992
9,46,Poor,1,1.4,1.3143448010106251
9,47,Poor,0,0.0,2.93674904475474
9,48,Poor,1,2.0,1.704889188520386
9,49,Poor,1,1.4,1.1472638570783542
9,50,Poor,1,2.0,0.8380021924436751
9,51,Poor,1,2.0,1.3301873281503576
9,52,Poor,0,0.0,3.220377938644381
9,53,Poor,0,0.0,3.281176818501511
9,54,Poor,1,2.0,0.20935898768070826
9,55,Poor,1,2.0,0.7963575310724194
9,56,Poor,1,2.0,1.6504886524476818
9,57,Poor,1,1.4,1.7186531448155513
9,58,Poor,1,2.0,1.0479421890101301
9,59,Poor,1,2.0,1.641381703343745
9,60,Poor,1,2.0,1.2973280825625801
9,61,Poor,0,0.0,3.2664430088886895
9,62,Poor,1,1.4,1.567347718139393
9,63,Poor,0,0.0,2.6040485816876924
9,64,Poor,2,3.4,0.28771410737902414
9,65,Poor,1,1.4,1.2318043184806076
9,66,Poor,1,2.0,1.0012846853086375
9,67,Poor,0,0.0,3.4640266461552396
9,68,Poor,2,3.4,0.00785603412245095
9,69,Poor,0,0.0,3.277465194334347
9,70,Middle,1,2.0,5.828362540984147
9,71,Middle,1,6.0,1.8095512108989018
9,72,Middle,3,5.4,1.3816767751247312
9,73,Middle,1,6.0,2.12299109512894
9,74,Middle,1,6.0,0.1005077955441207
9,75,Middle,1,6.0,0.8985936729237674
9,76,Middle,0,0.0,6.607709849492783
9,77,Middle,1,1.4,6.106585978878554
9,78,Middle,3,5.4,1.5099300034964305
9,79,Middle,2,3.4,4.758096875401328
9,80,Middle,0,0.0,6.524806412172905
9,81,Middle,2,3.4,5.547200240041965
9,82,Middle,1,6.0,1.0751135315549245
9,83,Middle,3,5.4,1.9199113974861084
9,84,Middle,1,2.0,3.190657382298892
9,85,Middle,1,6.0,1.2870929924833305
9,86,Middle,1,1.4,4.199315731639064
9,87,Middle,1,2.0,4.795052176752758
9,88,Middle,2,3.4,3.655948134949417
9,89,Middle,1,2.0,4.567129203134528
9,90,Rich,2,8.0,1.4905772450708135
9,91,Rich,1,2.0,8.370604872667435
9,92,Rich,1,6.0,4.438644103943286
9,93,Rich,1,6.0,3.8589796862195307
9,94,Rich,2,7.4,1.3531802663627506
9,95,Rich,1,2.0,9.333814726580659
9,96,Rich,2,7.4,1.2394240696661765
9,97,Rich,2,4.0,6.795168186044608
9,98,Rich,2,3.4,5.112718401020453
9,99,Rich,2,8.0,3.244777231337544
10,0,Poor,1,2.0,1.284925751701985
10,1,Poor,1,2.0,0.6453946799514365
10,2,Poor,0,0.0,3.1599134756520195
10,3,Poor,1,2.0,1.0143079087628504
10,4,Poor,1,2.0,1.0277737797416315
10,5,Poor,0,0.0,3.1807641431014733
10,6,Poor,1,1.4,1.3477693649823284
10,7,Poor,0,0.0,2.9177310490003667
10,8,Poor,0,0.0,3.0124519696192227
10,9,Poor,1,2.0,0.23072820693817553
10,10,Poor,1,2.0,0.7823701085115098
10,11,Poor,0,0.0,2.4167192809716176
10,12,Poor,0,0.0,3.2434031347921994
10,13,Poor,1,2.0,1.1364800709643679
10,14,Poor,1,1.4,1.2502364091512441
10,15,Poor,1,2.0,1.568547404620157
10,16,Poor,0,0.0,3.2950991995478147
10,17,Poor,1,2.0,0.9927141860307303
10,18,Poor,0,0.0,2.737196795631634
10,19,Poor,1,2.0,1.2165479691822458
10,20,Poor,1,1.4,2.8025814856146893
10,21,Poor,1,2.0,0.6795556898063326
10,22,Poor,1,1.4,1.8212203252762302
10,23,Poor,1,1.4,1.2291177030409797
10,24,Poor,1,1.4,1.3573437635076333
10,25,Poor,0,0.0,3.4029339875153863
10,26,Poor,0,0.0,3.089664398485301
10,27,Poor,1,2.0,1.5611935315073087
10,28,Poor,1,1.4,1.3373162131537093
10,29,Poor,1,1.4,1.5713335648702063
10,30,Poor,1,2.0,0.7060470227988951
10,31,Poor,0,0.0,3.198287958257106
10,32,Poor,1,1.4,1.2797844606157196
10,33,Poor,0,0.0,2.8373665366978256
10,34,Poor,1,2.0,0.6763208342719715
10,35,Poor,1,2.0,1.4100278514045987
10,36,Poor,1,1.4,1.5800887395720085
10,37,Poor,1,2.0,0.8792191921924823
10,38,Poor,1,2.0,1.0946866871904528
10,39,Poor,1,2.0,1.0950226212566045
10,40,Poor,0,0.0,2.775625954495201
10,41,Poor,1,2.0,0.7678654815520649
10,42,Poor,1,2.0,0.6346080240432146
10,43,Poor,1,2.0,0.9859888807546984
10,44,Poor,0,0.0,2.3054489295442226
10,45,Poor,1,1.4,1.9517715798616457
10,46,Poor,1,2.0,0.26876440701024507
10,47,Poor,1,2.0,0.8584483406709915
10,48,Poor,1,2.0,1.2949232350191702
10,49,Poor,1,1.4,1.5650822429133058
10,50,Poor,1,2.0,0.5348338369153525
10,51,Poor,2,3.4,0.020582378663457135
10,52,Poor,1,2.0,0.348003143341296
10,53,Poor,1,2.0,1.2932351293232651
10,54,Poor,1,2.0,1.9802328853251434
10,55,Poor,1,2.0,0.6388416375535515
10,56,Poor,0,0.0,3.0080687212855532
10,57,Poor,1,1.4,1.2414162799898492
10,58,Poor,1,2.0,0.8090961168204283
10,59,Poor,1,2.0,0.7298404702259864
10,60,Poor,1,2.0,1.1962281605495235
10,61,Poor,1,2.0,1.1147846512939381
10,62,Poor,1,1.4,2.1868828220511585
10,63,Poor,1,1.4,1.5148932281812013
10,64,Poor,1,1.4,1.4172448681438108
10,65,Poor,0,0.0,2.815856827221622
10,66,Poor,0,0.0,3.498920457046819
10,67,Poor,1,2.0,1.1888953974544294
10,68,Poor,1,2.0,1.1010328368424798
10,69,Poor,1,2.0,1.4090469793404283
10,70,Middle,1,6.0,1.5770328046519602
10,71,Middle,1,2.0,5.1015981669841555
10,72,Middle,0,0.0,5.6161091959004334
10,73,Middle,1,2.0,4.218698087443889
10,74,Middle,1,1.4,6.5692321052067175
10,75,Middle,2,4.0,3.0764074367868117
10,76,Middle,2,8.0,0.38254141458895674
10,77,Middle,2,3.4,4.314636667640686
10,78,Middle,1,2.0,4.400268901350658
10,79,Middle,2,4.0,0.8695189158030416
10,80,Middle,3,5.4,3.1179670112086253
10,81,Middle,1,2.0,3.3780608209765903
10,82,Middle,0,0.0,7.728189614818024
10,83,Middle,1,6.0,0.9592566759727701
10,84,Middle,1,6.0,1.8400351743967374
10,85,Middle,1,2.0,4.229265294474889
10,86,Middle,2,3.4,3.853702655507797
10,87,Middle,1,6.0,1.3482836963744909
10,88,Middle,1,2.0,4.917825650159268
10,89,Middle,2,7.4,0.42498269464686134
10,90,Rich,2,8.0,2.9044194491985795
10,91,Rich,2,8.0,0.4828534308887473
10,92,Rich,3,9.4,0.21855744104543406
10,93,Rich,3,5.4,3.5152649433128076
10,94,Rich,2,3.4,7.727020442442409
10,95,Rich,2,8.0,0.6882937055994738
10,96,Rich,1,6.0,6.334579643127437
10,97,Rich,3,5.4,4.788793220831726
10,98,Rich,1,6.0,2.828715376935209
10,99,Rich,0,0.0,9.69000142347418
11,0,Poor,0,0.0,2.597734436790507
11,1,Poor,1,1.4,1.4949176582996855
11,2,Poor,1,2.0,1.0156700870854238
11,3,Poor,1,2.0,0.8895886687866335
11,4,Poor,1,1.4,1.4486997364069296
11,5,Poor,1,2.0,0.9972376060219741
11,6,Poor,0,0.0,3.1697391772514356
11,7,Poor,1,1.4,1.921652653421038
11,8,Poor,0,0.0,2.473414570497797
11,9,Poor,1,1.4,1.9142655588944857
11,10,Poor,1,2.0,0.7727569604361624
11,11,Poor,1,2.0,1.1602856404554305
11,12,Poor,1,2.0,0.7570333040500925
11,13,Poor,0,0.0,2.7089294554826764
11,14,Poor,1,1.4,2.552505012175027
11,15,Poor,1,1.4,1.5946142240581405
11,16,Poor,0,0.0,2.799055922992947
11,17,Poor,1,1.4,1.425876753634678
11,18,Poor,1,1.4,1.6681996791023903
11,19,Poor,1,2.0,0.9188889820876098
11,20,Poor,0,0.0,3.1475763749213845
11,21,Poor,1,1.4,1.1081786004181011
11,22,Poor,1,2.0,1.0421191445361297
11,23,Poor,0,0.0,3.1416513160235136
11,24,Poor,0,0.0,3.0333513604677234
11,25,Poor,1,2.0,1.4972826473421272
11,26,Poor,0,0.0,3.0326369452034934
11,27,Poor,1,2.0,0.8894666755497269
11,28,Poor,1,2.0,1.0900395202661617
11,29,Poor,1,2.0,1.2365554673765664
11,30,Poor,1,2.0,1.3823156915048478
11,31,Poor,1,2.0,1.39790220991287
11,32,Poor,1,1.4,1.5804056507697295
11,33,Poor,0,0.0,2.9789171047415106
11,34,Poor,1,1.4,1.9229415319834846
11,35,Poor,2,3.4,0.027108954467545576
11,36,Poor,0,0.0,2.678375536082888
11,37,Poor,1,1.4,1.766582714415513
11,38,Poor,0,0.0,2.7016150119814415
11,39,Poor,0,0.0,3.288810889661563
11,40,Poor,0,0.0,2.766989219458599
11,41,Poor,1,1.4,1.0606548268721996
11,42,Poor,1,2.0,1.488226597575852
11,43,Poor,0,0.0,3.1889471013597976
11,44,Poor,1,1.4,2.218270875906471
11,45,Poor,1,1.4,1.3971753494605577
11,46,Poor,1,2.0,0.6045949988049388
11,47,Poor,1,2.0,1.230449779312666
11,48,Poor,1,1.4,0.996782352697132
11,49,Poor,1,2.0,0.8105230309034419
11,50,Poor,1,2.0,1.0660111131066414
11,51,Poor,0,0.0,2.5735935515804105
11,52,Poor,1,2.0,0.6106937071502827
11,53,Poor,1,2.0,0.8230768304895517
11,54,Poor,1,2.0,0.8677856244642927
11,55,Poor,1,2.0,0.734554814324798
11,56,Poor,0,0.0,2.9408363544465517
11,57,Poor,1,1.4,1.2518365033979153
11,58,Poor,1,1.4,1.204461933759469
11,59,Poor,1,1.4,1.334512368822434
11,60,Poor,0,0.0,2.997563478619255
11,61,Poor,1,2.0,0.9690048675494864
11,62,Poor,1,2.0,0.7125861898908754
11,63,Poor,0,0.0,2.3599132196096457
11,64,Poor,1,2.0,0.6998082233547964
11,65,Poor,1,2.0,0.7464313448653392
11,66,Poor,2,3.4,0.4359422677126461
11,67,Poor,1,1.4,1.2907514216764735
11,68,Poor,1,2.0,1.1131773817083621
11,69,Poor,0,0.0,2.50123112305475
11,70,Middle,1,6.0,0.851695567038175
11,71,Middle,2,3.4,2.09576456935732
11,72,Middle,1,2.0,5.655042595173717
11,73,Middle,1,2.0,3.8121219142420593
11,74,Middle,1,2.0,5.851442749664044
11,75,Middle,0,0.0,6.422677604524443
11,76,Middle,3,5.4,2.4047885305885526
11,77,Middle,2,3.4,3.69432323843323
11,78,Middle,1,6.0,2.0846244600153856
11,79,Middle,1,6.0,1.201130857837005
11,80,Middle,2,4.0,3.5058785341837178
11,81,Middle,1,6.0,1.6588242731993343
11,82,Middle,0,0.0,6.849491064880315
11,83,Middle,0,0.0,7.791142131539188
11,84,Middle,1,2.0,5.746604554012125
11,85,Middle,2,3.4,4.10239767407133
11,86,Middle,1,1.4,4.3439350079144265
11,87,Middle,1,1.4,6.411864058684708
11,88,Middle,1,2.0,4.244393010590832
11,89,Middle,1,6.0,0.26831476942687527
11,90,Rich,2,7.4,2.838098239481765
11,91,Rich,1,1.4,9.147375769371399
11,92,Rich,2,3.4,6.566412978298128
11,93,Rich,2,8.0,0.9979303571423408
11,94,Rich,2,7.4,2.755001697349993
11,95,Rich,1,2.0,9.668755477371775
11,96,Rich,1,1.4,7.629443119385231
11,97,Rich,1,1.4,7.86238971980544
11,98,Rich,1,6.0,2.505166324746357
11,99,Rich,0,0.0,10.193559291597706
12,0,Poor,1,2.0,0.7394076965121044
12,1,Poor,0,0.0,2.3971865725489585
12,2,Poor,1,2.0,1.4714210910510905
12,3,Poor,1,2.0,1.4478754565474925
12,4,Poor,1,2.0,0.5917826155656205
12,5,Poor,1,1.4,1.7046489279383215
12,6,Poor,0,0.0,2.4867048536142775
12,7,Poor,1,2.0,1.1706337819427328
12,8,Poor,0,0.0,2.7160269609729384
12,9,Poor,0,0.0,3.2477305400146044
12,10,Poor,1,2.0,1.9830560636198356
12,11,Poor,1,2.0,1.7668543416972287
12,12,Poor,1,2.0,0.5150239119955655
12,13,Poor,1,2.0,0.9486267515921281
12,14,Poor,1,1.4,2.04767985290826
12,15,Poor,1,2.0,1.421328145991648
12,16,Poor,1,2.0,1.0238129630689001
12,17,Poor,1,2.0,1.033918456839408
12,18,Poor,1,2.0,1.0344300771936412
12,19,Poor,1,2.0,0.726444633700178
12,20,Poor,1,1.4,1.2076012006152235
12,21,Poor,1,2.0,1.6633012966222722
12,22,Poor,1,2.0,0.5786711009034065
12,23,Poor,2,3.4,0.19797784726992784
12,24,Poor,1,2.0,1.4598636132401963
12,25,Poor,1,2.0,0.5784401646905404
12,26,Poor,0,0.0,2.3254645125724367
12,27,Poor,1,1.4,1.1252964867232387
12,28,Poor,1,1.4,1.6899389969869025
12,29,Poor,1,1.4,1.6123597421568001
12,30,Poor,1,1.4,1.1147667911578467
12,31,Poor,2,3.4,0.03247196394678209
12,32,Poor,1,1.4,1.9651110481847538
12,33,Poor,1,2.0,0.6471602851011693
12,34,Poor,1,2.0,1.677383933601599
12,35,Poor,0,0.0,2.848159038061238
12,36,Poor,0,0.0,2.60546232343039
12,37,Poor,1,2.0,0.5506518739697142
12,38,Poor,0,0.0,3.3768045025368103
12,39,Poor,0,0.0,3.1347950469011354
12,40,Poor,0,0.0,3.001969785555432
12,41,Poor,1,2.0,1.249678722945958
12,42,Poor,0,0.0,2.814749871527295
12,43,Poor,1,1.4,1.396486063762786
12,44,Poor,1,2.0,1.2737126915103603
12,45,Poor,1,1.4,1.6047630752560922
12,46,Poor,0,0.0,3.153930151668831
12,47,Poor,1,1.4,2.111226547202416
12,48,Poor,1,2.0,0.5306372708750464
12,49,Poor,1,2.0,0.6210460735938907
12,50,Poor,0,0.0,2.407743165169354
12,51,Poor,2,3.4,0.06339049390633322
12,52,Poor,1,2.0,1.481092954772969
12,53,Poor,1,2.0,0.4706801091320769
12,54,Poor,1,2.0,0.6596729610745347
12,55,Poor,1,2.0,1.356866100356045
12,56,Poor,1,2.0,0.5623165793973053
12,57,Poor,0,0.0,2.6270091630422843
12,58,Poor,1,2.0,0.5203275068917006
12,59,Poor,1,1.4,1.3858889120084878
12,60,Poor,1,1.4,1.4952506203524236
12,61,Poor,1,2.0,2.12594681080024
12,62,Poor,1,2.0,0.9272580859603106
12,63,Poor,1,1.4,1.6635269017597065
12,64,Poor,1,2.0,0.6625043508904733
12,65,Poor,1,1.4,1.08467044087647
12,66,Poor,1,1.4,1.3858785054324536
12,67,Poor,0,0.0,2.637424154110176
12,68,Poor,0,0.0,3.380816837207493
12,69,Poor,1,2.0,1.0073585204419735
12,70,Middle,0,0.0,4.97782020285902
12,71,Middle,1,6.0,1.432024035866605
12,72,Middle,2,3.4,5.551455258389705
12,73,Middle,2,3.4,2.6626013329636
12,74,Middle,1,6.0,1.4899621148200524
12,75,Middle,0,0.0,6.619485396843864
12,76,Middle,2,3.4,3.2928449894767
12,77,Middle,1,6.0,1.989094713043647
12,78,Middle,2,3.4,3.3027640598316896
12,79,Middle,0,0.0,6.876678157222834
12,80,Middle,1,6.0,0.3393461395283248
12,81,Middle,1,6.0,1.028682185584457
12,82,Middle,0,0.0,7.22479629657431
12,83,Middle,0,0.0,8.30760462144944
12,84,Middle,1,2.0,4.909297213451777
12,85,Middle,2,4.0,2.4102863629256523
12,86,Middle,2,3.4,4.213739770808109
12,87,Middle,1,1.4,6.605253460730145
12,88,Middle,1,6.0,0.7195743964142389
12,89,Middle,0,0.0,7.713552035018885
12,90,Rich,0,0.0,9.505407351976718
12,91,Rich,2,4.0,6.687403728408032
12,92,Rich,2,7.4,0.6027574192286664
12,93,Rich,2,3.4,6.154015882481744
12,94,Rich,2,8.0,2.1330194009408334
12,95,Rich,2,8.0,1.1379404149174306
12,96,Rich,1,2.0,6.406810982001396
12,97,Rich,1,2.0,7.951952849373356
12,98,Rich,0,0.0,8.744608432539268
12,99,Rich,2,7.4,3.0333492927076797
13,0,Poor,1,1.4,1.2402119828026388
13,1,Poor,1,2.0,0.7238144509293241
13,2,Poor,0,0.0,3.1780445222936797
13,3,Poor,1,1.4,1.3149618635051556
13,4,Poor,1,2.0,0.9547780398601491
13,5,Poor,1,1.4,1.5860504827786146
13,6,Poor,1,2.0,1.330623681139282
13,7,Poor,1,2.0,2.2044331901431597
13,8,Poor,1,1.4,2.228911854011282
13,9,Poor,1,2.0,0.7335722470190924
13,10,Poor,0,0.0,3.2602668749329187
13,11,Poor,0,0.0,3.2666679931416605
13,12,Poor,1,1.4,1.3249414626475806
13,13,Poor,1,1.4,1.6368698207354777
13,14,Poor,0,0.0,3.3225455511970243
13,15,Poor,1,1.4,1.4154599318012813
13,16,Poor,0,0.0,2.7495472538665395
13,17,Poor,1,2.0,0.6382686921487504
13,18,Poor,1,1.4,2.118671720072999
13,19,Poor,1,2.0,0.7943468078696765
13,20,Poor,1,2.0,0.9693660146565684
13,21,Poor,1,2.0,0.8869917631837017
13,22,Poor,1,1.4,1.519603390334204
13,23,Poor,1,2.0,0.6946913510245292
13,24,Poor,2,3.4,0.1001462258790018
13,25,Poor,1,1.4,1.2810512781973435
13,26,Poor,1,2.0,0.554521335366454
13,27,Poor,1,1.4,1.412370507856492
13,28,Poor,1,1.4,1.528533801855719
13,29,Poor,0,0.0,3.081195659498875
13,30,Poor,1,1.4,0.9725494819986462
13,31,Poor,1,2.0,0.3255912737452449
13,32,Poor,1,2.0,0.8996780599946446
13,33,Poor,1,2.0,0.9223409399121247
13,34,Poor,1,1.4,1.347496061413346
13,35,Poor,0,0.0,2.9991671562150177
13,36,Poor,1,2.0,1.6154238597465906
13,37,Poor,1,2.0,0.8937330432137638
13,38,Poor,0,0.0,3.17465703327843
13,39,Poor,1,2.0,1.1800131643845018
13,40,Poor,0,0.0,2.8751004032848413
13,41,Poor,1,2.0,0.9402050160993993
13,42,Poor,1,2.0,1.3357014268892073
13,43,Poor,1,1.4,1.7330468093576523
13,44,Poor,1,2.0,0.6425445260981508
13,45,Poor,1,1.4,1.4443186480398613
13,46,Poor,1,1.4,1.087870323292396
13,47,Poor,0,0.0,3.0358568674852124
13,48,Poor,1,2.0,0.6691004681825867
13,49,Poor,1,2.0,1.180795018555759
13,50,Poor,1,2.0,1.1338624307950198
13,51,Poor,1,2.0,0.06390233194620976
13,52,Poor,0,0.0,2.763953823103506
13,53,Poor,0,0.0,3.3520441029301424
13,54,Poor,1,2.0,1.2727100205194466
13,55,Poor,1,1.4,1.0312649996872856
13,56,Poor,0,0.0,3.0091261237321327
13,57,Poor,1,2.0,0.9685742061252718
13,58,Poor,1,2.0,1.026328501491259
13,59,Poor,1,2.0,0.9495015863218486
13,60,Poor,1,2.0,1.1785826022191812
13,61,Poor,1,2.0,0.4563686414678978
13,62,Poor,0,0.0,2.5974137149536536
13,63,Poor,1,2.0,1.197692291859275
13,64,Poor,1,1.4,1.0558952143485318
13,65,Poor,0,0.0,2.6125909993715557
13,66,Poor,1,2.0,0.6255947954522858
13,67,Poor,0,0.0,2.9320150538830805
13,68,Poor,0,0.0,3.0870443029422825
13,69,Poor,0,0.0,3.140183339652771
13,70,Middle,0,0.0,7.022555047496416
13,71,Middle,1,1.4,4.472776245123589
13,72,Middle,1,2.0,5.447412468520592
13,73,Middle,1,2.0,4.458058547763936
13,74,Middle,0,0.0,6.863012259078392
13,75,Middle,1,2.0,3.4838241617165506
13,76,Middle,0,0.0,5.876981349056531
13,77,Middle,2,3.4,3.3582378017454286
13,78,Middle,1,1.4,5.551847034392681
13,79,Middle,1,6.0,1.100366415845584
13,80,Middle,0,0.0,5.101199053042479
13,81,Middle,0,0.0,7.17941303225346
13,82,Middle,1,6.0,0.14958983893527478
13,83,Middle,0,0.0,8.40477517325581
13,84,Middle,0,0.0,6.4992286879954655
13,85,Middle,2,3.4,3.0024038554964765
13,86,Middle,0,0.0,7.2231427042990415
13,87,Middle,1,2.0,4.316112461578457
13,88,Middle,1,1.4,5.520410427672607
13,89,Middle,1,6.0,1.1645626661520003
13,90,Rich,2,3.4,8.006731418005302
13,91,Rich,2,8.0,1.1074662134137636
13,92,Rich,3,5.4,3.251733813765226
13,93,Rich,0,0.0,7.424373282245978
13,94,Rich,1,1.4,8.878008894441942
13,95,Rich,2,3.4,5.543925966848912
13,96,Rich,2,7.4,0.6490523086832689
13,97,Rich,4,11.4,0.46202811936194976
13,98,Rich,3,9.4,0.9855116673548889
13,99,Rich,1,1.4,6.740296817233521
14,0,Poor,1,1.4,1.3264032391830507
14,1,Poor,0,0.0,3.0516935426570497
14,2,Poor,1,1.4,0.8943136987230167
14,3,Poor,1,1.4,1.508135030881388
14,4,Poor,1,2.0,0.6106061891697241
14,5,Poor,0,0.0,3.294855162731171
14,6,Poor,1,2.0,0.4849617235068395
14,7,Poor,1,2.0,0.8972805036066251
14,8,Poor,1,1.4,1.4222484377061515
14,9,Poor,1,2.0,0.8513952511185843
14,10,Poor,1,2.0,0.700591574704521
14,11,Poor,1,1.4,1.4931620927695262
14,12,Poor,1,2.0,1.2924658102776405
14,13,Poor,1,2.0,0.9624207801751585
14,14,Poor,0,0.0,3.1782196622536185
14,15,Poor,0,0.0,3.3540741170011024
14,16,Poor,1,2.0,1.1470044416875251
14,17,Poor,1,2.0,0.8193766710451214
14,18,Poor,1,2.0,1.3188625044044557
14,19,Poor,1,2.0,1.1064550643745767
14,20,Poor,1,2.0,0.7455605786556321
14,21,Poor,0,0.0,2.879459482189551
14,22,Poor,1,2.0,0.9326438840453322
14,23,Poor,1,1.4,1.6784590419189498
14,24,Poor,1,2.0,0.4113704901016062
14,25,Poor,1,1.4,1.339757452327432
14,26,Poor,0,0.0,2.810554399755804
14,27,Poor,1,1.4,1.6485959619069694
14,28,Poor,1,2.0,1.4327210796614436
14,29,Poor,1,2.0,0.7534106821264643
14,30,Poor,0,0.0,3.0504134822164373
14,31,Poor,1,2.0,0.6270609527109308
14,32,Poor,1,2.0,1.0849811191804477
14,33,Poor,1,2.0,0.9605444856286991
14,34,Poor,1,2.0,1.0694070699373506
14,35,Poor,0,0.0,3.0070543219020505
14,36,Poor,1,2.0,1.2819097897397635
14,37,Poor,2,3.4,0.17708534730736059
14,38,Poor,0,0.0,3.4043381303281683
14,39,Poor,1,2.0,1.1725601645387353
14,40,Poor,0,0.0,2.8504445953348316
14,41,Poor,0,0.0,2.5167787901056395
14,42,Poor,2,3.4,0.06967434148577523
14,43,Poor,1,2.0,0.9492213852636455
14,44,Poor,1,2.0,1.3498694787141878
14,45,Poor,0,0.0,2.4489968801850646
14,46,Poor,1,1.4,2.2804076165285374
14,47,Poor,1,1.4,1.7385794240100165
14,48,Poor,1,2.0,0.86920242700839
14,49,Poor,1,2.0,1.430729302853313
14,50,Poor,1,2.0,1.3063344884433103
14,51,Poor,1,2.0,1.266746159523756
14,52,Poor,1,1.4,1.4751028574359188
14,53,Poor,0,0.0,3.019774374321113
14,54,Poor,1,2.0,0.8133197913022201
14,55,Poor,0,0.0,2.66609427304385
14,56,Poor,1,1.4,2.0988302322967725
14,57,Poor,0,0.0,3.2476527632932446
14,58,Poor,1,1.4,1.40784908031199
14,59,Poor,0,0.0,3.0825006451579697
14,60,Poor,1,1.4,1.255877845819425
14,61,Poor,1,2.0,0.529183923439847
14,62,Poor,0,0.0,2.4914549208943924
14,63,Poor,0,0.0,3.485874220700601
14,64,Poor,0,0.0,2.605550082894173
14,65,Poor,1,2.0,0.8660862192726637
14,66,Poor,1,2.0,0.8867774477842487
14,67,Poor,1,2.0,0.8833165807927439
14,68,Poor,0,0.0,3.2778182345042333
14,69,Poor,0,0.0,3.2555414221216896
14,70,Middle,2,3.4,3.6007949217723567
14,71,Middle,2,3.4,4.674352885921708
14,72,Middle,2,3.4,2.911295808156771
14,73,Middle,2,4.0,2.2487909657693645
14,74,Middle,1,6.0,0.23416229093679242
14,75,Middle,2,4.0,4.197093305067137
14,76,Middle,2,8.0,0.344991515599526
14,77,Middle,1,2.0,4.844325163780684
14,78,Middle,1,6.0,0.5573666728932567
14,79,Middle,2,3.4,2.5545048797249112
14,80,Middle,1,1.4,4.371165288980732
14,81,Middle,1,6.0,0.8345193769179575
14,82,Middle,1,6.0,1.0349287784166776
14,83,Middle,1,2.0,4.695287557555274
14,84,Middle,2,3.4,3.124348047393015
14,85,Middle,1,1.4,5.388776767761849
14,86,Middle,1,1.4,6.279378234158926
14,87,Middle,0,0.0,7.082553399644815
14,88,Middle,1,6.0,0.2751524596893491
14,89,Middle,3,5.4,0.5939273095657427
14,90,Rich,3,9.4,1.9046597807302441
14,91,Rich,3,9.4,1.540477638235505
14,92,Rich,0,0.0,9.238200748900192
14,93,Rich,2,8.0,1.4665174272680073
14,94,Rich,2,7.4,1.8857685912546036
14,95,Rich,1,6.0,3.1191365556691544
14,96,Rich,2,4.0,5.501038572194261
14,97,Rich,1,2.0,7.96522503594888
14,98,Rich,1,2.0,7.388672234208672
14,99,Rich,0,0.0,9.232372295519726
15,0,Poor,1,2.0,0.4546117513096215
15,1,Poor,0,0.0,3.4979573713296226
15,2,Poor,1,1.4,1.5141640037819717
15,3,Poor,0,0.0,2.804392466393477
15,4,Poor,0,0.0,3.0080161842014053
15,5,Poor,0,0.0,2.7962067188679804
15,6,Poor,1,2.0,0.5475063377980125
15,7,Poor,1,2.0,0.777651655744477
15,8,Poor,1,2.0,0.5967931995080527
15,9,Poor,1,2.0,1.0426228863327527
15,10,Poor,2,3.4,0.12988001046562037
15,11,Poor,1,2.0,0.6509383598271827
15,12,Poor,1,2.0,0.3232963969023084
15,13,Poor,0,0.0,3.70651384593435
15,14,Poor,1,2.0,0.967304346376606
15,15,Poor,0,0.0,2.2159766628222597
15,16,Poor,1,2.0,1.1438980472743716
15,17,Poor,1,2.0,1.4750830418837824
15,18,Poor,1,2.0,0.9723711915988202
15,19,Poor,1,2.0,0.6283391155436928
15,20,Poor,1,1.4,1.2151075822993311
15,21,Poor,1,2.0,1.4234300510494915
15,22,Poor,1,1.4,1.5814341903930327
15,23,Poor,0,0.0,2.7771227740496194
15,24,Poor,1,1.4,1.5346706675288693
15,25,Poor,0,0.0,3.3130691239782797
15,26,Poor,1,2.0,1.0143421994842146
15,27,Poor,1,2.0,0.7357021547454243
15,28,Poor,1,1.4,2.17184043943999
15,29,Poor,1,1.4,1.9712316403939933
15,30,Poor,0,0.0,2.5951676301590094
15,31,Poor,1,2.0,0.44833724263884234
15,32,Poor,0,0.0,3.0830335031386564
15,33,Poor,1,2.0,0.251547574638491
15,34,Poor,0,0.0,3.0385376027288555
15,35,Poor,0,0.0,3.3815940225965693
15,36,Poor,1,2.0,0.4682409523810045
15,37,Poor,1,2.0,1.7448540589578156
15,38,Poor,0,0.0,2.559434272519433
15,39,Poor,1,2.0,0.9600020928545452
15,40,Poor,1,1.4,1.9452068811587746
15,41,Poor,1,1.4,1.588706375023266
15,42,Poor,1,2.0,1.2067635046966894
15,43,Poor,0,0.0,2.8433589829019255
15,44,Poor,1,2.0,1.0487118695579976
15,45,Poor,1,2.0,1.165843827291086
15,46,Poor,1,2.0,1.8957942797765392
15,47,Poor,1,1.4,1.849898928058117
15,48,Poor,0,0.0,2.9112584039845695
15,49,Poor,1,1.4,2.0015429553825466
15,50,Poor,1,1.4,1.2948439799905653
15,51,Poor,1,2.0,0.21030069088874148
15,52,Poor,0,0.0,3.114799841095125
15,53,Poor,1,2.0,0.9028757260296683
15,54,Poor,0,0.0,3.248412333047816
15,55,Poor,1,1.4,1.1583303331732746
15,56,Poor,1,1.4,1.7302822193086294
15,57,Poor,0,0.0,2.506376004027676
15,58,Poor,1,1.4,1.5780412487578164
15,59,Poor,0,0.0,3.173773953596853
15,60,Poor,0,0.0,3.62704802897665
15,61,Poor,0,0.0,3.2787738912591795
15,62,Poor,1,2.0,0.5759932113575861
15,63,Poor,2,3.4,0.5666209845856529
15,64,Poor,0,0.0,2.504522549972166
15,65,Poor,1,1.4,1.5495523020428212
15,66,Poor,0,0.0,2.810784607886679
15,67,Poor,0,0.0,3.2295034457709355
15,68,Poor,1,2.0,1.6170498610239905
15,69,Poor,0,0.0,2.50677932390076
15,70,Middle,2,7.4,0.5485426414917942
15,71,Middle,2,4.0,3.998426580199414
15,72,Middle,1,2.0,4.7567562732597635
15,73,Middle,1,1.4,5.990746999086035
15,74,Middle,1,2.0,4.955403283312612
15,75,Middle,1,1.4,5.336835381102826
15,76,Middle,2,4.0,2.6934697476525544
15,77,Middle,1,1.4,7.641823374929597
15,78,Middle,2,3.4,1.5161942365751826
15,79,Middle,1,1.4,6.673419373969155
15,80,Middle,2,3.4,2.9396731987229483
15,81,Middle,2,3.4,4.215723729748293
15,82,Middle,1,2.0,5.348330915139095
15,83,Middle,0,0.0,5.648000945529647
15,84,Middle,2,3.4,5.485705447809378
15,85,Middle,1,2.0,4.943909413575785
15,86,Middle,1,6.0,0.5854517871696947
15,87,Middle,1,2.0,4.853941603467554
15,88,Middle,1,6.0,0.6870960478747188
15,89,Middle,1,6.0,1.32821209827509
15,90,Rich,3,9.4,1.3098362447825522
15,91,Rich,1,2.0,6.562834504365814
15,92,Rich,2,8.0,4.288625439429936
15,93,Rich,1,1.4,10.620363627351079
15,94,Rich,2,7.4,1.457464189927983
15,95,Rich,1,6.0,2.1606519615937856
15,96,Rich,2,4.0,5.1065121033241105
15,97,Rich,2,4.0,6.02661798016932
15,98,Rich,2,4.0,6.711679927920844
15,99,Rich,1,6.0,3.8995284923076046
16,0,Poor,1,1.4,1.1950969518061694
16,1,Poor,0,0.0,2.8619782839784964
16,2,Poor,0,0.0,3.1568325313837775
16,3,Poor,1,1.4,1.4212060673737046
16,4,Poor,0,0.0,3.516063610721077
16,5,Poor,0,0.0,3.0810667721175493
16,6,Poor,1,2.0,0.49387463659764874
16,7,Poor,1,2.0,1.1908059003013105
16,8,Poor,1,2.0,1.2876954719781213
16,9,Poor,1,1.4,1.295781368554752
16,10,Poor,1,2.0,1.3471479274362275
16,11,Poor,1,2.0,0.902211661286926
16,12,Poor,0,0.0,3.0885277622232077
16,13,Poor,1,1.4,1.5910786908831653
16,14,Poor,1,2.0,1.0869274257932093
16,15,Poor,1,2.0,0.7724916825135146
16,16,Poor,0,0.0,3.5642129250196817
16,17,Poor,1,2.0,1.2103173679813195
16,18,Poor,1,2.0,0.8315939688275313
16,19,Poor,1,1.4,1.3638948293626862
16,20,Poor,1,2.0,1.0937641029972536
16,21,Poor,0,0.0,3.4369128876612036
16,22,Poor,2,3.4,0.18196981551892977
16,23,Poor,1,2.0,0.8558361689443097
16,24,Poor,1,2.0,0.9052276585035464
16,25,Poor,1,1.4,1.0628385525935529
16,26,Poor,1,2.0,1.1331751075417986
16,27,Poor,0,0.0,3.0126412220242456
16,28,Poor,0,0.0,2.392174572183273
16,29,Poor,1,2.0,1.2664924528589214
16,30,Poor,1,2.0,1.4800948863756798
16,31,Poor,1,1.4,1.8832675970917423
16,32,Poor,0,0.0,3.4396810207777824
16,33,Poor,0,0.0,3.3661788426126513
16,34,Poor,0,0.0,2.840589094220354
16,35,Poor,1,2.0,0.5451990260737838
16,36,Poor,0,0.0,3.2898340379838378
16,37,Poor,0,0.0,3.1711814869267556
16,38,Poor,1,2.0,1.4164866333705404
16,39,Poor,0,0.0,2.4374065844265296
16,40,Poor,1,2.0,0.9093268306866249
16,41,Poor,1,1.4,1.4492148447705615
16,42,Poor,1,1.4,1.2751474363763955
16,43,Poor,0,0.0,2.659147434296019
16,44,Poor,1,2.0,1.2007022407172654
16,45,Poor,1,1.4,1.1794175353281728
16,46,Poor,1,2.0,0.920117373238797
16,47,Poor,1,1.4,1.4052738135441225
16,48,Poor,1,2.0,0.8176371460488792
16,49,Poor,1,1.4,1.6216439601727322
16,50,Poor,1,1.4,1.3002101179886156
16,51,Poor,1,1.4,1.3533302313095787
16,52,Poor,0,0.0,2.7550113703154513
16,53,Poor,1,2.0,0.7438496621377557
16,54,Poor,0,0.0,2.56517395276393
16,55,Poor,0,0.0,3.3534623660606626
16,56,Poor,1,2.0,0.3732898964924938
16,57,Poor,1,2.0,0.9782783900482563
16,58,Poor,1,2.0,0.8594914320269584
16,59,Poor,1,2.0,1.1403420653696172
16,60,Poor,1,1.4,1.5978438384658546
16,61,Poor,0,0.0,2.9268019063024044
16,62,Poor,0,0.0,3.375595937796486
16,63,Poor,1,2.0,0.7610492557578086
16,64,Poor,0,0.0,2.9055700839574197
16,65,Poor,1,2.0,0.8284288282753884
16,66,Poor,1,1.4,2.1893346977786035
16,67,Poor,0,0.0,2.8232178689055685
16,68,Poor,1,2.0,0.47829283496814545
16,69,Poor,1,2.0,0.8131354056542488
16,70,Middle,2,3.4,3.813971097683502
16,71,Middle,2,3.4,2.1154101137921586
16,72,Middle,1,2.0,4.177642200137874
16,73,Middle,1,6.0,0.6535439782940147
16,74,Middle,0,0.0,6.805386206558953
16,75,Middle,2,8.0,0.8142166618693825
16,76,Middle,1,6.0,1.319092720847446
16,77,Middle,2,4.0,2.1646929036971665
16,78,Middle,1,2.0,3.5083202480670153
16,79,Middle,3,5.4,2.7691729646702363
16,80,Middle,2,3.4,2.9751141555354703
16,81,Middle,1,6.0,1.0248944459316132
16,82,Middle,0,0.0,5.555007421810775
16,83,Middle,1,2.0,5.939001732762982
16,84,Middle,0,0.0,5.739747372246071
16,85,Middle,2,3.4,2.5025126653002285
16,86,Middle,2,3.4,4.057998902517047
16,87,Middle,1,2.0,3.3385935324946097
16,88,Middle,0,0.0,7.988714946749892
16,89,Middle,0,0.0,5.831294341689033
16,90,Rich,3,5.4,4.199842396422822
16,91,Rich,2,8.0,2.5791902255737806
16,92,Rich,2,3.4,5.993931077261706
16,93,Rich,3,5.4,4.551130430654689
16,94,Rich,2,4.0,6.109577920407183
16,95,Rich,1,6.0,2.6986578738347244
16,96,Rich,1,1.4,8.165274321503876
16,97,Rich,3,9.4,0.4630860589774177
16,98,Rich,2,7.4,0.8299475264823575
16,99,Rich,2,8.0,1.3188158053679722
17,0,Poor,1,2.0,1.4121337946820924
17,1,Poor,1,2.0,1.339907689634165
17,2,Poor,1,2.0,0.7275697733459454
17,3,Poor,0,0.0,2.8829812858464843
17,4,Poor,1,2.0,1.23127858914647
17,5,Poor,0,0.0,2.9748941477937083
17,6,Poor,1,2.0,0.3682603012069605
17,7,Poor,1,1.4,1.977283863650059
17,8,Poor,1,2.0,1.2458491419805702
17,9,Poor,1,2.0,0.5624488658499538
17,10,Poor,1,1.4,1.937641237792708
17,11,Poor,0,0.0,2.470091109768553
17,12,Poor,1,2.0,0.9412905298017167
17,13,Poor,1,2.0,1.0192259787171074
17,14,Poor,1,1.4,1.429830315707902
17,15,Poor,1,2.0,0.5153961818088004
17,16,Poor,1,2.0,0.6251280946708744
17,17,Poor,1,2.0,1.3073100882401376
17,18,Poor,1,2.0,1.1500384320253971
17,19,Poor,1,1.4,1.638617428676235
17,20,Poor,1,1.4,1.7836822126858314
17,21,Poor,1,2.0,0.9739747960784064
17,22,Poor,0,0.0,3.191079086005626
17,23,Poor,0,0.0,3.0806256296419705
17,24,Poor,1,2.0,0.9436979098588005
17,25,Poor,0,0.0,2.9296697880994134
17,26,Poor,1,1.4,1.8502591352493152
17,27,Poor,0,0.0,2.8726696477289835
17,28,Poor,0,0.0,2.7471860857497905
17,29,Poor,1,2.0,1.2355895895645554
17,30,Poor,0,0.0,3.046577867102629
17,31,Poor,1,2.0,0.4607744606728068
17,32,Poor,0,0.0,3.227857780017583
17,33,Poor,2,3.4,0.12861836326695375
17,34,Poor,1,2.0,0.5802487376572363
17,35,Poor,1,2.0,1.359650723465279
17,36,Poor,1,2.0,1.208606617008972
17,37,Poor,1,2.0,0.5246207264567255
17,38,Poor,0,0.0,2.9281849380767895
17,39,Poor,1,2.0,1.0838492250646783
17,40,Poor,1,1.4,2.3025199978629978
17,41,Poor,1,2.0,0.9718816715110661
17,42,Poor,1,2.0,1.101831154812868
17,43,Poor,1,1.4,1.3976338529841739
17,44,Poor,1,1.4,1.9729460962720786
17,45,Poor,1,2.0,0.9147136345899018
17,46,Poor,1,2.0,0.8772867907463708
17,47,Poor,1,1.4,1.9968883073741708
17,48,Poor,0,0.0,3.5388910972699987
17,49,Poor,1,2.0,1.3471698358363176
17,50,Poor,1,1.4,1.9171984013111318
17,51,Poor,1,1.4,1.748774164202811
17,52,Poor,1,2.0,0.8626709855314396
17,53,Poor,1,2.0,0.3523451301810825
17,54,Poor,1,2.0,0.3105464849870736
17,55,Poor,1,1.4,1.4394844729537386
17,56,Poor,1,1.4,1.9742194676682234
17,57,Poor,1,2.0,0.6293968234335718
17,58,Poor,0,0.0,3.019305973690278
17,59,Poor,0,0.0,2.6536296444370913
17,60,Poor,1,2.0,1.0090874702750003
17,61,Poor,1,2.0,0.6639810398919552
17,62,Poor,1,2.0,1.2622893402813369
17,63,Poor,1,1.4,1.24604558514713
17,64,Poor,0,0.0,3.407696751039135
17,65,Poor,0,0.0,2.921415570581738
17,66,Poor,0,0.0,3.2016349265166952
17,67,Poor,1,2.0,0.962418391809829
17,68,Poor,1,2.0,1.2416284176509378
17,69,Poor,1,1.4,2.2416056980356514
17,70,Middle,2,3.4,3.866447761197638
17,71,Middle,1,6.0,0.9505264247752656
17,72,Middle,1,2.0,6.3982630936333855
17,73,Middle,0,0.0,7.431714334678649
17,74,Middle,1,2.0,4.899244184272215
17,75,Middle,0,0.0,7.545339648384346
17,76,Middle,2,7.4,0.04160842722295044
17,77,Middle,2,3.4,4.509050430775805
17,78,Middle,1,6.0,0.6695872729590517
17,79,Middle,1,6.0,0.02156589236101336
17,80,Middle,1,6.0,0.6957348044965999
17,81,Middle,1,6.0,1.3912722682412388
17,82,Middle,1,6.0,1.3592873816945072
17,83,Middle,2,4.0,3.367876465007546
17,84,Middle,1,6.0,0.18223974819862754
17,85,Middle,1,2.0,4.864322886722869
17,86,Middle,1,1.4,4.701540096715297
17,87,Middle,1,2.0,3.074939162617145
17,88,Middle,2,4.0,4.392092265752316
17,89,Middle,1,1.4,6.268492630083077
17,90,Rich,2,8.0,2.5024838012423896
17,91,Rich,2,7.4,2.385147941761835
17,92,Rich,1,6.0,4.326034523759791
17,93,Rich,1,2.0,7.78543915984751
17,94,Rich,2,8.0,1.6334990047869695
17,95,Rich,3,5.4,3.2216000813699495
17,96,Rich,3,9.4,0.45819389353095596
17,97,Rich,2,8.0,2.565302475991725
17,98,Rich,0,0.0,9.338701074967922
17,99,Rich,2,3.4,8.589654167451215
18,0,Poor,1,1.4,1.4763116540436747
18,1,Poor,1,2.0,1.1488653120381231
18,2,Poor,1,2.0,1.3309381236358888
18,3,Poor,0,0.0,3.1872886003248824
18,4,Poor,1,1.4,1.6537960139552252
18,5,Poor,1,2.0,0.6742674930234442
18,6,Poor,1,2.0,1.6399649331569868
18,7,Poor,1,2.0,1.966088811327094
18,8,Poor,1,2.0,0.9983737839391256
18,9,Poor,1,1.4,1.6240048755282315
18,10,Poor,1,2.0,1.2419937655989663
18,11,Poor,2,3.4,0.1057156224304614
18,12,Poor,0,0.0,2.5379733183816495
18,13,Poor,1,1.4,1.9862899853561888
18,14,Poor,0,0.0,2.653356718838482
18,15,Poor,0,0.0,3.3542794105350744
18,16,Poor,0,0.0,3.1893981674439984
18,17,Poor,0,0.0,3.389993818799085
18,18,Poor,1,2.0,1.7116683769364829
18,19,Poor,1,1.4,1.5339078393662247
18,20,Poor,1,2.0,1.2270373512845927
18,21,Poor,0,0.0,3.077696931418179
18,22,Poor,1,2.0,1.1140261915621927
18,23,Poor,0,0.0,3.5021916901783627
18,24,Poor,1,1.4,2.349033743743845
18,25,Poor,1,1.4,1.4248153764569018
18,26,Poor,1,1.4,1.0575252929594114
18,27,Poor,1,1.4,1.8845663992874861
18,28,Poor,0,0.0,2.688458761230625
18,29,Poor,1,2.0,0.5260560191619019
18,30,Poor,0,0.0,2.7630107157360806
18,31,Poor,0,0.0,3.172074183114274
18,32,Poor,0,0.0,3.2889154407642613
18,33,Poor,1,2.0,1.2016277512171314
18,34,Poor,1,2.0,0.5145422507226871
18,35,Poor,0,0.0,3.348204466285247
18,36,Poor,1,2.0,0.7719061147507138
18,37,Poor,1,1.4,2.0301989266197866
18,38,Poor,1,2.0,0.4761013902209461
18,39,Poor,1,2.0,0.8280312991404108
18,40,Poor,1,1.4,1.3295259643061033
18,41,Poor,1,2.0,1.512007697158392
18,42,Poor,1,2.0,1.2429974096167435
18,43,Poor,1,2.0,1.502749323246766
18,44,Poor,0,0.0,2.899756275161626
18,45,Poor,1,2.0,1.0281273705970215
18,46,Poor,0,0.0,3.0888548434550414
18,47,Poor,1,1.4,0.7230903588284137
18,48,Poor,2,3.4,0.26923677551880765
18,49,Poor,2,3.4,0.37315230129139065
18,50,Poor,2,3.4,0.3130156520763441
18,51,Poor,0,0.0,2.5153005346786887
18,52,Poor,1,1.4,1.5841050681047224
18,53,Poor,0,0.0,3.091138507627515
18,54,Poor,0,0.0,2.800551348541926
18,55,Poor,1,1.4,1.7823678697518388
18,56,Poor,0,0.0,2.979323105801168
18,57,Poor,1,2.0,0.7424671276282258
18,58,Poor,0,0.0,3.026130370909981
18,59,Poor,0,0.0,3.200071073749363
18,60,Poor,0,0.0,3.013862170897474
18,61,Poor,1,2.0,0.5188084079142183
18,62,Poor,1,1.4,1.8775248179517754
18,63,Poor,1,2.0,0.5219442531945178
18,64,Poor,0,0.0,2.2556925106765293
18,65,Poor,1,1.4,1.5510046272216647
18,66,Poor,0,0.0,3.6866896251846346
18,67,Poor,1,2.0,0.5599296931076965
18,68,Poor,0,0.0,3.2361602466536867
18,69,Poor,1,1.4,1.0877817465356445
18,70,Middle,0,0.0,6.488895146869912
18,71,Middle,1,6.0,1.1632934572595772
18,72,Middle,1,1.4,6.3689685604720125
18,73,Middle,2,7.4,0.050233380174315556
18,74,Middle,2,3.4,3.85296670933114
18,75,Middle,1,2.0,3.8565615519236527
18,76,Middle,1,6.0,1.17693007156897
18,77,Middle,1,1.4,4.061277511371745
18,78,Middle,1,2.0,3.843208367780427
18,79,Middle,0,0.0,7.351594316184799
18,80,Middle,2,3.4,3.9554807702804466
18,81,Middle,1,2.0,4.365054121206426
18,82,Middle,0,0.0,5.205311971273418
18,83,Middle,1,2.0,4.550233590930747
18,84,Middle,0,0.0,6.872284333382146
18,85,Middle,1,6.0,0.33574330763636695
18,86,Middle,1,1.4,6.727365806639586
18,87,Middle,2,3.4,2.405340252699862
18,88,Middle,0,0.0,7.665908670567412
18,89,Middle,2,8.0,0.40019099427800775
18,90,Rich,1,2.0,7.700282929793117
18,91,Rich,1,1.4,9.122389982241724
18,92,Rich,0,0.0,8.203150296783058
18,93,Rich,2,8.0,2.814705278349864
18,94,Rich,2,8.0,2.4736698399822323
18,95,Rich,3,10.0,0.9849581102098313
18,96,Rich,1,1.4,9.04356929132036
18,97,Rich,1,6.0,7.455366489407961
18,98,Rich,2,3.4,7.164759855021089
18,99,Rich,2,4.0,4.247470930356901
19,0,Poor,1,2.0,1.2901006557579038
19,1,Poor,1,1.4,1.5629556340130235
19,2,Poor,0,0.0,2.6394600988478736
19,3,Poor,1,2.0,0.5505653486076283
19,4,Poor,1,2.0,1.8168629812322936
19,5,Poor,1,2.0,1.101012135171049
19,6,Poor,0,0.0,2.8140873009338025
19,7,Poor,0,0.0,3.7404622553127025
19,8,Poor,1,2.0,1.5001792283959898
19,9,Poor,1,2.0,0.6339012155977137
19,10,Poor,1,2.0,0.793657798811934
19,11,Poor,1,1.4,1.8698036879429387
19,12,Poor,1,1.4,1.879562602936689
19,13,Poor,0,0.0,2.4003147034294945
19,14,Poor,1,2.0,1.1713486634591952
19,15,Poor,1,1.4,1.9700928991547588
19,16,Poor,1,2.0,0.8996847260526835
19,17,Poor,0,0.0,3.55543212136671
19,18,Poor,1,1.4,2.2013602242311396
19,19,Poor,0,0.0,3.401631981510833
19,20,Poor,1,1.4,1.1413434679397132
19,21,Poor,1,2.0,1.3498897839614976
19,22,Poor,1,2.0,1.3505490016137491
19,23,Poor,0,0.0,2.813226132750547
19,24,Poor,1,2.0,1.3513869326454668
19,25,Poor,0,0.0,2.900413966146477
19,26,Poor,1,2.0,0.8403615332678318
19,27,Poor,1,1.4,1.647364394983168
19,28,Poor,1,2.0,0.8116634271426397
19,29,Poor,0,0.0,3.455581767145801
19,30,Poor,1,1.4,1.801018706541858
19,31,Poor,0,0.0,2.7050832778866627
19,32,Poor,1,2.0,1.842867513271377
19,33,Poor,0,0.0,3.643169943533298
19,34,Poor,2,3.4,0.18356632257373606
19,35,Poor,1,1.4,2.2607201481957264
19,36,Poor,0,0.0,2.8015075001194827
19,37,Poor,0,0.0,2.704555098803837
19,38,Poor,1,2.0,1.136185948149075
19,39,Poor,1,1.4,1.4154548945925711
19,40,Poor,0,0.0,3.067997353705275
19,41,Poor,1,1.4,1.5179337908069304
19,42,Poor,1,2.0,0.7582927001917223
19,43,Poor,2,3.4,0.009515072232321842
19,44,Poor,1,1.4,1.8517630990964604
19,45,Poor,1,1.4,1.2523962550660426
19,46,Poor,1,2.0,0.6585362381690634
19,47,Poor,1,2.0,0.9754543197593026
19,48,Poor,1,2.0,0.7154431136548065
19,49,Poor,1,2.0,1.077119822458633
19,50,Poor,1,2.0,1.2798350436063344
19,51,Poor,1,1.4,1.883513407825653
19,52,Poor,1,2.0,1.1896510299792378
19,53,Poor,0,0.0,3.462812912450134
19,54,Poor,1,1.4,1.4583064023132413
19,55,Poor,1,2.0,1.896911932378591
19,56,Poor,1,1.4,1.581837956779569
19,57,Poor,1,1.4,1.50662798718324
19,58,Poor,1,2.0,0.4768374546190026
19,59,Poor,1,2.0,1.4784578801311588
19,60,Poor,0,0.0,2.3060727429393055
19,61,Poor,1,1.4,1.238824131114447
19,62,Poor,0,0.0,3.002267873247246
19,63,Poor,0,0.0,3.02262121908527
19,64,Poor,1,2.0,1.53885631905841
19,65,Poor,1,1.4,1.5654630838482602
19,66,Poor,0,0.0,2.8218396674741477
19,67,Poor,1,2.0,1.2322942229877838
19,68,Poor,1,2.0,0.9761749197134026
19,69,Poor,1,2.0,1.281266488674985
19,70,Middle,0,0.0,5.76966571717116
19,71,Middle,1,6.0,1.3030001209021105
19,72,Middle,1,2.0,4.380386763625679
19,73,Middle,1,1.4,5.939119598696154
19,74,Middle,2,3.4,2.5455191987311405
19,75,Middle,1,2.0,3.734291793939697
19,76,Middle,2,7.4,0.24126620772091734
19,77,Middle,1,2.0,3.2666087632003737
19,78,Middle,2,3.4,2.111322728908698
19,79,Middle,0,0.0,7.689076044421127
19,80,Middle,1,1.4,5.3476226710528785
19,81,Middle,2,3.4,2.964713081454212
19,82,Middle,1,6.0,1.7965125414716736
19,83,Middle,2,3.4,3.300441486799512
19,84,Middle,1,1.4,5.6869579147206935
19,85,Middle,1,2.0,6.268511405806281
19,86,Middle,1,1.4,4.245455155786127
19,87,Middle,1,2.0,7.100234757652794
19,88,Middle,2,7.4,0.2999827972142164
19,89,Middle,1,6.0,1.6640743941946665
19,90,Rich,3,9.4,0.495484496024464
19,91,Rich,2,8.0,1.3312586637193657
19,92,Rich,2,3.4,6.732554293963963
19,93,Rich,3,9.4,1.1433442019544096
19,94,Rich,1,1.4,9.276288416978268
19,95,Rich,2,8.0,1.808934548213843
19,96,Rich,2,3.4,6.320092269607812
19,97,Rich,1,2.0,6.8423767927986905
19,98,Rich,2,3.4,9.04542276691481
19,99,Rich,2,8.0,0.5008828741863187
20,0,Poor,0,0.0,2.6667968043833232
20,1,Poor,0,0.0,3.117790355094611
20,2,Poor,1,2.0,1.1892102342242725
20,3,Poor,1,1.4,1.8471217838572147
20,4,Poor,0,0.0,3.552327305405074
20,5,Poor,1,1.4,1.4645810136052724
20,6,Poor,1,2.0,1.4307268742139576
20,7,Poor,2,3.4,0.5658453589070502
20,8,Poor,1,2.0,1.1821470893371573
20,9,Poor,0,0.0,2.7783187038631514
20,10,Poor,0,0.0,2.6359635086355113
20,11,Poor,1,1.4,1.4261126324861317
20,12,Poor,1,2.0,1.7336410912443845
20,13,Poor,1,1.4,1.7740926603667493
20,14,Poor,1,2.0,0.8743759299902942
20,15,Poor,1,2.0,0.8014178072808975
20,16,Poor,1,2.0,0.6853678905411869
20,17,Poor,1,2.0,0.9318398184632479
20,18,Poor,0,0.0,2.5711074600415236
20,19,Poor,1,1.4,1.6091973592412976
20,20,Poor,1,2.0,1.31660210452262
20,21,Poor,1,2.0,0.7304558931788319
20,22,Poor,0,0.0,3.4474946310259336
20,23,Poor,1,1.4,1.535347400236497
20,24,Poor,1,2.0,1.1882178094918916
20,25,Poor,1,2.0,0.5971887628722978
20,26,Poor,1,1.4,1.027338818783023
20,27,Poor,0,0.0,2.341666489206778
20,28,Poor,1,1.4,1.0529747699095804
20,29,Poor,2,3.4,0.04962645314199765
20,30,Poor,0,0.0,2.1110865821588654
20,31,Poor,1,1.4,1.6602582669631376
20,32,Poor,1,2.0,0.8609968153106498
20,33,Poor,0,0.0,2.8887113178349733
20,34,Poor,1,2.0,0.9704936878090398
20,35,Poor,1,2.0,0.6872741927371155
20,36,Poor,1,2.0,1.2485648161135998
20,37,Poor,1,1.4,2.14986521388011
20,38,Poor,0,0.0,2.9822289397177033
20,39,Poor,1,2.0,0.705920192576357
20,40,Poor,1,2.0,0.8044361955839676
20,41,Poor,0,0.0,2.9025194921260122
20,42,Poor,0,0.0,3.156150117593586
20,43,Poor,0,0.0,3.2277379894812688
20,44,Poor,1,2.0,1.014622617478385
20,45,Poor,0,0.0,3.0078635590384946
20,46,Poor,1,2.0,0.8738664459966903
20,47,Poor,0,0.0,2.4945061832570055
20,48,Poor,0,0.0,3.2124263292753774
20,49,Poor,1,2.0,1.4123190965170322
20,50,Poor,1,2.0,1.2995469255700276
20,51,Poor,0,0.0,2.849530764606812
20,52,Poor,1,1.4,1.7906720206333842
20,53,Poor,1,2.0,0.7546374826190139
20,54,Poor,1,2.0,1.2766248104131894
20,55,Poor,0,0.0,3.4045347665833945
20,56,Poor,0,0.0,3.1022477305688683
20,57,Poor,1,2.0,0.9414619801394375
20,58,Poor,2,3.4,0.5912462356810764
20,59,Poor,1,2.0,1.1752677142777888
20,60,Poor,1,1.4,1.7422412464961208
20,61,Poor,1,2.0,0.7242723671597577
20,62,Poor,1,2.0,1.216951410607468
20,63,Poor,0,0.0,3.305301557599213
20,64,Poor,1,1.4,1.6015246810719104
20,65,Poor,1,1.4,1.4317591818388995
20,66,Poor,0,0.0,2.667908286245722
20,67,Poor,0,0.0,3.0113081404922895
20,68,Poor,1,2.0,0.7872604105884853
20,69,Poor,1,1.4,1.1371311769350894
20,70,Middle,1,6.0,0.6055052002256467
20,71,Middle,3,5.4,0.7956600973985997
20,72,Middle,0,0.0,5.898031626708581
20,73,Middle,1,6.0,1.2484135362205206
20,74,Middle,1,1.4,4.753803266603409
20,75,Middle,1,2.0,4.012247567846515
20,76,Middle,1,2.0,4.307405447994963
20,77,Middle,1,2.0,3.9649678584729635
20,78,Middle,1,6.0,1.9807454416333616
20,79,Middle,1,6.0,0.6628274461669017
20,80,Middle,1,1.4,4.961280953748732
20,81,Middle,1,1.4,4.743332918002512
20,82,Middle,2,8.0,0.8065579624338586
20,83,Middle,1,6.0,1.1138974189861512
20,84,Middle,1,6.0,1.5382217942007115
20,85,Middle,1,1.4,5.300814381452373
20,86,Middle,2,3.4,2.734199370243271
20,87,Middle,1,2.0,3.864629457560171
20,88,Middle,2,3.4,4.107119136393813
20,89,Middle,0,0.0,6.11622227380558
20,90,Rich,3,9.4,0.3070663455507945
20,91,Rich,2,8.0,3.5199031225371975
20,92,Rich,2,7.4,2.2742495898521793
20,93,Rich,2,8.0,1.1766068995007668
20,94,Rich,2,8.0,0.14737863166750031
20,95,Rich,3,9.4,2.756356288884339
20,96,Rich,3,10.0,0.03841230309154753
20,97,Rich,2,8.0,1.2981889082398634
20,98,Rich,1,6.0,3.6991995501866946
20,99,Rich,2,3.4,8.857400070759818
21,0,Poor,1,2.0,1.2429000828477137
21,1,Poor,1,1.4,1.2865518078606355
21,2,Poor,1,2.0,0.4649621901373515
21,3,Poor,0,0.0,2.9417760211709454
21,4,Poor,1,2.0,1.187292936382705
21,5,Poor,1,2.0,0.8202146325627027
21,6,Poor,1,1.4,1.948926289440923
21,7,Poor,0,0.0,2.9560655089318217
21,8,Poor,1,2.0,0.7711381546499387
21,9,Poor,0,0.0,2.547925127641611
21,10,Poor,1,2.0,1.1816726734591638
21,11,Poor,1,2.0,0.7483205744463453
21,12,Poor,1,2.0,0.6404727705858075
21,13,Poor,1,2.0,0.7498800125165741
21,14,Poor,1,1.4,1.7093962704959198
21,15,Poor,0,0.0,3.976363250375769
21,16,Poor,1,2.0,0.9207462190095121
21,17,Poor,1,2.0,1.5851350362062373
21,18,Poor,0,0.0,2.575685492420194
21,19,Poor,1,1.4,1.2207484909571118
21,20,Poor,1,1.4,1.7096610333694837
21,21,Poor,1,2.0,1.0348067715764322
21,22,Poor,1,2.0,1.2144979606146737
21,23,Poor,0,0.0,2.595776619046229
21,24,Poor,1,2.0,0.7964939554528314
21,25,Poor,1,2.0,1.0272717065806742
21,26,Poor,1,1.4,1.2575023244813512
21,27,Poor,1,2.0,1.2469403052085575
21,28,Poor,0,0.0,3.241241411188291
21,29,Poor,1,2.0,1.4033087944082965
21,30,Poor,1,1.4,1.3636013005076824
21,31,Poor,1,2.0,1.1857573056345676
21,32,Poor,0,0.0,2.988808416474349
21,33,Poor,1,2.0,0.9943249071996365
21,34,Poor,1,1.4,1.7872795962664925
21,35,Poor,1,2.0,0.5927897992788784
21,36,Poor,0,0.0,3.141836431569588
21,37,Poor,1,2.0,1.097259591988431
21,38,Poor,1,2.0,0.6995253738899008
21,39,Poor,1,1.4,1.5942407982848557
21,40,Poor,1,2.0,1.1870377517439397
21,41,Poor,1,1.4,1.4002370731995026
21,42,Poor,1,1.4,1.2310468522641789
21,43,Poor,0,0.0,2.8195132995697727
21,44,Poor,0,0.0,3.048137345733639
21,45,Poor,1,1.4,1.9345214328546727
21,46,Poor,0,0.0,3.0474393341484385
21,47,Poor,1,2.0,1.042669001318675
21,48,Poor,0,0.0,3.2253627210694544
21,49,Poor,0,0.0,2.2249315627414306
21,50,Poor,1,2.0,0.5965348789341123
21,51,Poor,1,2.0,0.47872238002407874
21,52,Poor,1,1.4,1.477805703700374
21,53,Poor,1,1.4,1.8821235494008843
21,54,Poor,1,2.0,0.610562973683999
21,55,Poor,1,2.0,0.9340363856597715
21,56,Poor,1,1.4,1.2724019720119242
21,57,Poor,1,2.0,0.9995227605956347
21,58,Poor,1,2.0,0.8272839022826104
21,59,Poor,1,1.4,1.0618219778478126
21,60,Poor,1,2.0,1.1861938525387994
21,61,Poor,1,2.0,0.6851064922014722
21,62,Poor,0,0.0,2.634946345024359
21,63,Poor,1,2.0,1.2914711746792666
21,64,Poor,0,0.0,2.712132074178228
21,65,Poor,0,0.0,3.299108044652183
21,66,Poor,1,2.0,0.8747967731242507
21,67,Poor,0,0.0,2.9605534813076675
21,68,Poor,1,1.4,1.7217675553473355
21,69,Poor,1,1.4,1.7524547955012122
21,70,Middle,2,3.4,3.3219103567285795
21,71,Middle,1,1.4,4.44166878899348
21,72,Middle,1,6.0,1.7841430789754265
21,73,Middle,2,8.0,0.07093551107210239
21,74,Middle,0,0.0,5.164988818201177
21,75,Middle,1,6.0,0.6450937372192058
21,76,Middle,1,2.0,5.324293529473775
21,77,Middle,2,3.4,3.1257079590519017
21,78,Middle,1,6.0,1.3056640770590464
21,79,Middle,2,8.0,0.2573227673436431
21,80,Middle,1,2.0,5.127396569253197
21,81,Middle,2,8.0,0.061400488030743716
21,82,Middle,1,1.4,5.045328535610146
21,83,Middle,0,0.0,6.503593970165813
21,84,Middle,2,3.4,2.333909091629488
21,85,Middle,1,6.0,1.431807623077228
21,86,Middle,0,0.0,6.985038148641285
21,87,Middle,2,4.0,2.924039906846529
21,88,Middle,0,0.0,5.97792807584732
21,89,Middle,1,2.0,5.697015625180357
21,90,Rich,3,9.4,1.620535296608852
21,91,Rich,3,10.0,0.96828650725468
21,92,Rich,1,6.0,2.8869652837694453
21,93,Rich,2,8.0,1.3164013534581862
21,94,Rich,1,1.4,9.557853632689623
21,95,Rich,0,0.0,9.898536776177915
21,96,Rich,3,5.4,5.65721687477923
21,97,Rich,3,9.4,2.282651407410363
21,98,Rich,1,1.4,10.57033704006907
21,99,Rich,2,8.0,0.42286507051268707
22,0,Poor,0,0.0,3.4248091140838763
22,1,Poor,1,1.4,1.4949425062926451
22,2,Poor,1,2.0,0.7209232097862572
22,3,Poor,1,2.0,1.823806764489805
22,4,Poor,1,2.0,1.0748394320782002
22,5,Poor,1,1.4,1.5016750479396475
22,6,Poor,0,0.0,3.078904705633632
22,7,Poor,1,1.4,1.9464183116819922
22,8,Poor,1,2.0,1.000757232634622
22,9,Poor,1,2.0,1.1792877702953963
22,10,Poor,1,2.0,0.7313960421378614
22,11,Poor,0,0.0,2.2996469764453726
22,12,Poor,0,0.0,2.4050541514040193
22,13,Poor,1,2.0,0.9325733514446677
22,14,Poor,0,0.0,2.9771315125868276
22,15,Poor,0,0.0,2.7033859965838536
22,16,Poor,1,2.0,0.890934777994782
22,17,Poor,0,0.0,3.130684808482002
22,18,Poor,1,1.4,2.063553213361063
22,19,Poor,0,0.0,2.8824419611815797
22,20,Poor,0,0.0,2.491691825020961
22,21,Poor,1,1.4,1.728141968290073
22,22,Poor,1,2.0,0.804325643616683
22,23,Poor,1,1.4,0.9760464931456831
22,24,Poor,1,2.0,0.5684019927843575
22,25,Poor,1,2.0,1.661878680079334
22,26,Poor,1,1.4,1.3633650847634327
22,27,Poor,1,2.0,0.7121870916437132
22,28,Poor,1,1.4,1.1621417981906292
22,29,Poor,0,0.0,2.8818117208159215
22,30,Poor,1,2.0,0.6616370735830888
22,31,Poor,1,2.0,1.008191722840218
22,32,Poor,1,1.4,1.2933353951883828
22,33,Poor,1,2.0,1.2832416791297785
22,34,Poor,1,2.0,1.025001603503937
22,35,Poor,2,3.4,0.04951638707854844
22,36,Poor,1,1.4,1.9377310954397733
22,37,Poor,1,1.4,1.5415238626856818
22,38,Poor,1,2.0,1.0125763668826049
22,39,Poor,1,2.0,0.759686121534862
22,40,Poor,1,1.4,1.7902431437436404
22,41,Poor,0,0.0,2.901286279926127
22,42,Poor,1,1.4,1.497350554811172
22,43,Poor,0,0.0,2.4328700859136556
22,44,Poor,0,0.0,3.176481628560577
22,45,Poor,1,2.0,1.200696474598562
22,46,Poor,1,2.0,0.982228405250174
22,47,Poor,0,0.0,2.5811567127005755
22,48,Poor,1,2.0,1.1457931437338376
22,49,Poor,1,1.4,1.2320151931930687
22,50,Poor,1,2.0,1.373174118330799
22,51,Poor,0,0.0,3.223526081865471
22,52,Poor,1,1.4,0.873161528124335
22,53,Poor,1,2.0,0.8539259712595819
22,54,Poor,1,2.0,1.1577089547865316
22,55,Poor,0,0.0,2.692007960141319
22,56,Poor,0,0.0,3.359767267332218
22,57,Poor,1,1.4,1.6309432157891997
22,58,Poor,1,1.4,1.306892999002172
22,59,Poor,1,2.0,0.4203797089684027
22,60,Poor,1,2.0,1.0540434675836092
22,61,Poor,0,0.0,3.1558267378881983
22,62,Poor,1,1.4,1.5153849614018577
22,63,Poor,1,2.0,1.6381592287883837
22,64,Poor,0,0.0,3.763878725090232
22,65,Poor,1,2.0,1.187096136701288
22,66,Poor,1,1.4,1.9010701354906727
22,67,Poor,1,1.4,1.384597776006867
22,68,Poor,1,1.4,1.2189404628887046
22,69,Poor,1,2.0,0.8393664248955588
22,70,Middle,1,2.0,4.478096640154882
22,71,Middle,2,8.0,2.2002056935483036
22,72,Middle,1,1.4,4.963141881491476
22,73,Middle,1,6.0,1.1294157576075436
22,74,Middle,1,1.4,4.870013380411089
22,75,Middle,2,3.4,4.6071483400578614
22,76,Middle,0,0.0,7.071968222758798
22,77,Middle,2,8.0,0.19235152527590493
22,78,Middle,2,4.0,3.67139316813004
22,79,Middle,1,6.0,0.6783429457631094
22,80,Middle,0,0.0,6.872633265747769
22,81,Middle,1,6.0,1.3679266295643995
22,82,Middle,3,5.4,2.2540392135136997
22,83,Middle,1,1.4,5.675899903099827
22,84,Middle,2,7.4,1.1197520722110763
22,85,Middle,2,3.4,4.341205232775673
22,86,Middle,1,6.0,0.4764400007165994
22,87,Middle,1,1.4,5.697480833341709
22,88,Middle,0,0.0,7.361301660608695
22,89,Middle,0,0.0,5.981450868123812
22,90,Rich,3,9.4,2.223481029738954
22,91,Rich,2,8.0,3.3194159568780837
22,92,Rich,2,7.4,4.1013321650352434
22,93,Rich,2,8.0,1.5029017989689741
22,94,Rich,0,0.0,8.081335039691155
22,95,Rich,1,1.4,9.548007723629828
22,96,Rich,2,8.0,2.254600392304683
22,97,Rich,1,1.4,9.116843100871861
22,98,Rich,3,5.4,4.1283530545306455
22,99,Rich,2,8.0,0.9271294200436344
23,0,Poor,1,1.4,1.7865810139196276
23,1,Poor,1,1.4,1.838596838937809
23,2,Poor,1,2.0,0.7367586747723918
23,3,Poor,1,1.4,1.2290609717510632
23,4,Poor,1,2.0,1.2942895544123414
23,5,Poor,1,1.4,1.1055428080567853
23,6,Poor,1,2.0,1.2610630843113029
23,7,Poor,1,2.0,1.309226889870608
23,8,Poor,0,0.0,3.1643368894161226
23,9,Poor,1,1.4,1.832720190906067
23,10,Poor,1,1.4,2.0102638179148062
23,11,Poor,1,1.4,1.49833316229941
23,12,Poor,1,1.4,1.9522929085938379
23,13,Poor,0,0.0,2.669059318081709
23,14,Poor,1,2.0,1.1182502752779193
23,15,Poor,1,2.0,0.47237677915712606
23,16,Poor,0,0.0,3.094784297394307
23,17,Poor,1,2.0,1.4576040650859299
23,18,Poor,2,3.4,0.4008559569229524
23,19,Poor,1,1.4,1.4169657387033632
23,20,Poor,0,0.0,3.0623061115918158
23,21,Poor,1,1.4,1.372490848135636
23,22,Poor,1,1.4,1.9209585118038222
23,23,Poor,1,1.4,1.539995538231767
23,24,Poor,2,3.4,0.009504777410924703
23,25,Poor,1,2.0,0.5852581291410428
23,26,Poor,0,0.0,3.245277395894448
23,27,Poor,1,2.0,1.7519889974299234
23,28,Poor,1,2.0,0.6095958829625485
23,29,Poor,2,3.4,0.3448477409497719
23,30,Poor,1,2.0,0.7238895256376496
23,31,Poor,1,2.0,0.8190456544258704
23,32,Poor,1,2.0,1.0520790842494727
23,33,Poor,0,0.0,4.058357418736099
23,34,Poor,1,1.4,1.1895736582203305
23,35,Poor,0,0.0,2.9610929703074507
23,36,Poor,1,2.0,1.0220847666513504
23,37,Poor,1,2.0,0.8133741535018637
23,38,Poor,0,0.0,2.9439503621338763
23,39,Poor,1,1.4,1.256266639849695
23,40,Poor,0,0.0,3.0513830705284573
23,41,Poor,1,1.4,1.7634559454816965
23,42,Poor,0,0.0,3.5913139333156114
23,43,Poor,1,1.4,1.4984576445888438
23,44,Poor,1,2.0,0.6347161988322179
23,45,Poor,1,2.0,1.013382229616147
23,46,Poor,0,0.0,3.164811335293809
23,47,Poor,1,1.4,1.2676516768528097
23,48,Poor,1,1.4,0.8998566636866463
23,49,Poor,1,1.4,1.1012051614914542
23,50,Poor,0,0.0,3.504228780368597
23,51,Poor,0,0.0,2.1668411555919285
23,52,Poor,1,2.0,2.256259062545025
23,53,Poor,1,1.4,1.8717247738088885
23,54,Poor,2,3.4,0.07473774111442566
23,55,Poor,2,3.4,0.008332204750280514
23,56,Poor,1,2.0,1.0149475874257772
23,57,Poor,1,2.0,1.2718955851795308
23,58,Poor,1,2.0,1.4304433660235811
23,59,Poor,1,2.0,0.873375636197109
23,60,Poor,1,2.0,1.0301228700268856
23,61,Poor,1,2.0,1.1016584451715694
23,62,Poor,1,1.4,1.8278404647722057
23,63,Poor,1,1.4,1.1688434550757756
23,64,Poor,1,2.0,0.7823834782234353
23,65,Poor,0,0.0,2.6708320269061945
23,66,Poor,1,1.4,1.3707019095628943
23,67,Poor,1,1.4,2.272106148705401
23,68,Poor,1,2.0,1.141795006389564
23,69,Poor,1,1.4,1.4137241980373285
23,70,Middle,1,6.0,0.32482934894271853
23,71,Middle,0,0.0,9.189403314834063
23,72,Middle,2,4.0,2.5100898599520036
23,73,Middle,2,4.0,3.5524170513219095
23,74,Middle,2,4.0,2.3627783854941455
23,75,Middle,2,3.4,4.01896266290583
23,76,Middle,2,3.4,3.206197650213472
23,77,Middle,0,0.0,7.238202650008772
23,78,Middle,2,7.4,0.9167841989101793
23,79,Middle,2,8.0,1.3618481314263295
23,80,Middle,2,3.4,2.977510595439414
23,81,Middle,0,0.0,6.769716040448027
23,82,Middle,0,0.0,7.438862587041293
23,83,Middle,1,1.4,5.920405871256673
23,84,Middle,2,3.4,3.384845271299069
23,85,Middle,1,2.0,5.223276720573339
23,86,Middle,1,6.0,0.5134937176166554
23,87,Middle,2,4.0,4.2570345563780005
23,88,Middle,2,4.0,3.6734480423501035
23,89,Middle,1,6.0,0.47240161605749265
23,90,Rich,3,9.4,2.14636208603115
23,91,Rich,2,7.4,2.0002918931220304
23,92,Rich,3,9.4,2.0408503246302434
23,93,Rich,1,2.0,7.822012441427496
23,94,Rich,2,3.4,5.517547082602098
23,95,Rich,1,1.4,8.930261802239556
23,96,Rich,1,2.0,9.333297003650262
23,97,Rich,2,8.0,1.8261374227186806
23,98,Rich,1,6.0,4.192873386728275
23,99,Rich,1,1.4,6.135224183318009
24,0,Poor,1,2.0,0.9047491292271186
24,1,Poor,1,1.4,1.4384803835903668
24,2,Poor,1,1.4,1.5648450533063745
24,3,Poor,1,1.4,1.7774977826180915
24,4,Poor,1,1.4,1.2759418758402399
24,5,Poor,1,2.0,0.7660952030948529
24,6,Poor,1,1.4,1.0647572747042422
24,7,Poor,0,0.0,2.4258716700823806
24,8,Poor,0,0.0,3.2293437189809406
24,9,Poor,0,0.0,2.917168528125771
24,10,Poor,0,0.0,2.634999494318321
24,11,Poor,1,2.0,1.4260537253251528
24,12,Poor,0,0.0,2.034678473764513
24,13,Poor,1,2.0,1.0847762859569547
24,14,Poor,1,2.0,1.1081204591240343
24,15,Poor,1,2.0,1.2355727701904713
24,16,Poor,1,2.0,0.9191335499290112
24,17,Poor,1,2.0,1.1213319469840197
24,18,Poor,1,1.4,1.2493095385674433
24,19,Poor,1,2.0,1.3040627372085112
24,20,Poor,1,1.4,1.518191647665398
24,21,Poor,1,1.4,1.1910887558194698
24,22,Poor,1,1.4,1.4544074992867069
24,23,Poor,0,0.0,2.772999717001198
24,24,Poor,1,2.0,0.45811726828410837
24,25,Poor,1,1.4,1.8511561051436392
24,26,Poor,1,2.0,0.8711427975121251
24,27,Poor,1,2.0,0.8857892746015956
24,28,Poor,0,0.0,2.6663353015037554
24,29,Poor,1,2.0,0.8382813035213172
24,30,Poor,1,2.0,1.0947341086320028
24,31,Poor,0,0.0,2.627308613497411
24,32,Poor,0,0.0,2.7174603793901833
24,33,Poor,1,2.0,1.1694567775479294
24,34,Poor,1,1.4,2.0154976684477557
24,35,Poor,1,1.4,1.4080605862074291
24,36,Poor,2,3.4,0.5673449351052962
24,37,Poor,1,2.0,0.6340807256466943
24,38,Poor,0,0.0,3.2182704221068716
24,39,Poor,1,2.0,0.830250121648425
24,40,Poor,0,0.0,3.407365662099938
24,41,Poor,1,1.4,1.080904625470164
24,42,Poor,1,1.4,1.4102409665261186
24,43,Poor,0,0.0,2.729384670370493
24,44,Poor,1,2.0,0.5918059162597307
24,45,Poor,0,0.0,3.787524235568797
24,46,Poor,1,2.0,0.13861436937440397
24,47,Poor,1,2.0,1.945914866504356
24,48,Poor,1,1.4,2.0644901307525667
24,49,Poor,1,1.4,0.924538083292489
24,50,Poor,1,1.4,1.7723003689716972
24,51,Poor,0,0.0,3.3628814516660426
24,52,Poor,1,2.0,0.12935964921631982
24,53,Poor,1,1.4,1.384462938291227
24,54,Poor,1,2.0,1.2744731648227736
24,55,Poor,0,0.0,2.8059468750059198
24,56,Poor,1,1.4,1.43615761355646
24,57,Poor,0,0.0,3.0745099769617203
24,58,Poor,0,0.0,2.878877409833337
24,59,Poor,1,1.4,2.0898009937024016
24,60,Poor,0,0.0,3.5553423330673244
24,61,Poor,1,2.0,0.5839021339023227
24,62,Poor,1,2.0,1.34205991981232
24,63,Poor,0,0.0,2.5015824913011886
24,64,Poor,1,2.0,1.599253265895166
24,65,Poor,1,2.0,0.9080550914082779
24,66,Poor,1,1.4,1.1571137773438802
24,67,Poor,1,2.0,1.8502916620116414
24,68,Poor,1,2.0,1.1949344825507535
24,69,Poor,0,0.0,3.1999767849063105
24,70,Middle,1,2.0,5.820289588260385
24,71,Middle,3,5.4,0.787853534062974
24,72,Middle,1,2.0,5.971572361322323
24,73,Middle,1,2.0,4.035032606623662
24,74,Middle,1,6.0,1.385923365891884
24,75,Middle,1,6.0,0.45983907906487165
24,76,Middle,2,3.4,4.0859104862462345
24,77,Middle,0,0.0,6.79184746919748
24,78,Middle,2,7.4,0.49911712269423925
24,79,Middle,1,6.0,1.87457498242739
24,80,Middle,1,6.0,1.010132061748541
24,81,Middle,1,1.4,6.225172976888766
24,82,Middle,0,0.0,7.752313315015361
24,83,Middle,0,0.0,7.535229680797365
24,84,Middle,1,6.0,0.6618007312548109
24,85,Middle,1,6.0,1.0746090058203661
24,86,Middle,2,3.4,5.7410414824071125
24,87,Middle,1,2.0,4.403789015007343
24,88,Middle,1,2.0,4.624997393613986
24,89,Middle,2,3.4,3.3007018934752588
24,90,Rich,3,9.4,2.017642064844029
24,91,Rich,2,3.4,6.832892595690806
24,92,Rich,2,7.4,1.870017140235813
24,93,Rich,2,8.0,0.6775197917766249
24,94,Rich,3,9.4,0.22925803747623874
24,95,Rich,3,5.4,5.46057127938994
24,96,Rich,1,6.0,4.4992739359668015
24,97,Rich,1,6.0,5.037373711396663
24,98,Rich,0,0.0,10.964228993790266
24,99,Rich,1,6.0,2.6560597463864077
25,0,Poor,1,1.4,2.1218209291576606
25,1,Poor,0,0.0,2.457549465971446
25,2,Poor,1,1.4,1.191521094515274
25,3,Poor,1,2.0,0.8597941229945025
25,4,Poor,1,1.4,1.469273007717637
25,5,Poor,0,0.0,2.4943114529583923
25,6,Poor,0,0.0,3.861247239014597
25,7,Poor,0,0.0,2.8663990158287
25,8,Poor,1,2.0,1.0050417466626271
25,9,Poor,0,0.0,2.9562515048763376
25,10,Poor,1,1.4,1.7361018184491792
25,11,Poor,1,1.4,1.845174811439747
25,12,Poor,0,0.0,2.977520677968579
25,13,Poor,1,1.4,1.2975370989263002
25,14,Poor,1,2.0,1.2634336199938936
25,15,Poor,1,2.0,0.8677604686936919
25,16,Poor,0,0.0,3.5285625968769923
25,17,Poor,1,1.4,1.416652979578859
25,18,Poor,0,0.0,2.81000404517431
25,19,Poor,1,2.0,1.5514537686387944
25,20,Poor,1,2.0,1.730451445657132
25,21,Poor,1,1.4,1.1194298104404616
25,22,Poor,1,2.0,1.0553552236328319
25,23,Poor,0,0.0,3.3354743162671934
25,24,Poor,0,0.0,2.4092001550931283
25,25,Poor,1,2.0,1.1658448636878553
25,26,Poor,1,2.0,0.6103552187004371
25,27,Poor,0,0.0,3.414441232049405
25,28,Poor,1,1.4,1.7112665764749266
25,29,Poor,1,1.4,1.6991768813110362
25,30,Poor,1,1.4,1.0184894209544457
25,31,Poor,1,1.4,1.3888276256127732
25,32,Poor,0,0.0,3.0099997454030265
25,33,Poor,1,1.4,1.6276092746089281
25,34,Poor,1,1.4,1.5068611129234792
25,35,Poor,1,2.0,0.5265474077953773
25,36,Poor,1,1.4,1.3043571140046812
25,37,Poor,1,2.0,0.9994620634358675
25,38,Poor,1,2.0,0.9853948842813129
25,39,Poor,1,2.0,1.2230663756558107
25,40,Poor,1,2.0,1.090370198564822
25,41,Poor,1,2.0,0.36731861631321294
25,42,Poor,0,0.0,2.982813284076611
25,43,Poor,1,1.4,1.615595010377373
25,44,Poor,1,2.0,0.6852954137674883
25,45,Poor,1,2.0,0.9699731551151465
25,46,Poor,2,3.4,0.1291163787680829
25,47,Poor,1,2.0,1.3371652737690511
25,48,Poor,1,2.0,0.3746273106371536
25,49,Poor,0,0.0,3.485026119172868
25,50,Poor,1,1.4,1.7711629380200264
25,51,Poor,0,0.0,3.4589539789175525
25,52,Poor,1,2.0,0.8329104996933414
25,53,Poor,1,2.0,1.1875630120083631
25,54,Poor,1,2.0,0.7208288422092624
25,55,Poor,0,0.0,3.365836152050852
25,56,Poor,0,0.0,2.9610425664674986
25,57,Poor,1,2.0,0.7296669145774555
25,58,Poor,1,1.4,1.0923461173010232
25,59,Poor,1,1.4,1.5810666847071806
25,60,Poor,1,2.0,0.8874835115590796
25,61,Poor,0,0.0,2.788275768567294
25,62,Poor,0,0.0,3.050623120224358
25,63,Poor,1,2.0,0.9381764074426613
25,64,Poor,0,0.0,2.4302579020372757
25,65,Poor,1,1.4,1.463428503369419
25,66,Poor,1,1.4,1.6120251121402798
25,67,Poor,1,2.0,1.2729463698405494
25,68,Poor,1,1.4,1.8113407876026004
25,69,Poor,1,2.0,1.6760925993272635
25,70,Middle,2,3.4,2.6261097720305586
25,71,Middle,0,0.0,7.193219811177239
25,72,Middle,1,6.0,1.2933639706287146
25,73,Middle,2,3.4,4.034314252514539
25,74,Middle,0,0.0,6.80349754260219
25,75,Middle,2,4.0,3.5218825377751406
25,76,Middle,2,4.0,4.1506306255980565
25,77,Middle,1,6.0,1.7225422214253543
25,78,Middle,1,6.0,1.2917643053520411
25,79,Middle,1,1.4,5.257554529636108
25,80,Middle,0,0.0,7.915484350736715
25,81,Middle,1,1.4,5.9557957819337215
25,82,Middle,1,2.0,5.118307269295797
25,83,Middle,1,2.0,4.085665463898204
25,84,Middle,1,6.0,1.3663639245252641
25,85,Middle,2,3.4,2.957511044460629
25,86,Middle,2,3.4,2.285304304163643
25,87,Middle,2,3.4,3.5445366530865297
25,88,Middle,0,0.0,6.615853753737569
25,89,Middle,1,1.4,5.188081214058174
25,90,Rich,1,2.0,7.208098520566821
25,91,Rich,2,8.0,1.7506494902712468
25,92,Rich,2,3.4,6.372618004352466
25,93,Rich,1,1.4,8.472587587951486
25,94,Rich,1,2.0,6.325637292214143
25,95,Rich,2,3.4,6.7032501292408195
25,96,Rich,2,7.4,2.1761183603104897
25,97,Rich,1,1.4,7.704950598635884
25,98,Rich,1,2.0,6.835104055322045
25,99,Rich,1,6.0,4.245240073680687
26,0,Poor,1,1.4,1.3044050756014447
26,1,Poor,1,1.4,0.9141893761429234
26,2,Poor,1,2.0,0.6876122442553423
26,3,Poor,1,1.4,0.9273077029762029
26,4,Poor,0,0.0,2.9518785501543374
26,5,Poor,1,1.4,1.289530090593014
26,6,Poor,1,2.0,0.9047573837479401
26,7,Poor,1,1.4,1.5787809802693942
26,8,Poor,0,0.0,3.564323973619293
26,9,Poor,1,2.0,0.9932288331950181
26,10,Poor,1,2.0,0.6998477341868656
26,11,Poor,1,2.0,1.2889344042068274
26,12,Poor,1,1.4,1.574051541596099
26,13,Poor,1,1.4,2.308554834575372
26,14,Poor,0,0.0,2.893567157631598
26,15,Poor,0,0.0,2.921317998649412
26,16,Poor,1,1.4,1.4991133085154975
26,17,Poor,0,0.0,3.4980994384894837
26,18,Poor,1,1.4,1.6635953329394657
26,19,Poor,1,2.0,0.6114391560487888
26,20,Poor,1,2.0,0.8015664497551196
26,21,Poor,1,1.4,1.177808806216396
26,22,Poor,0,0.0,2.7157656927605647
26,23,Poor,1,2.0,0.8518933869879031
26,24,Poor,1,2.0,0.9750048782588183
26,25,Poor,0,0.0,3.5704594827340257
26,26,Poor,0,0.0,2.9296089893461845
26,27,Poor,1,2.0,1.1909885772044122
26,28,Poor,1,2.0,0.9987757807163509
26,29,Poor,0,0.0,3.3701690385557392
26,30,Poor,0,0.0,3.1350707586224162
26,31,Poor,1,2.0,0.7859623844101709
26,32,Poor,1,2.0,0.6023290560905479
26,33,Poor,1,1.4,1.4322625052591227
26,34,Poor,0,0.0,2.8503165941211894
26,35,Poor,1,2.0,1.1871445316121427
26,36,Poor,1,1.4,1.51152727713984
26,37,Poor,1,1.4,1.3466170986670103
26,38,Poor,0,0.0,2.926850309451183
26,39,Poor,0,0.0,2.8374728726312597
26,40,Poor,1,2.0,0.9505342933913128
26,41,Poor,0,0.0,2.663645611905466
26,42,Poor,1,1.4,2.0604204716795036
26,43,Poor,0,0.0,3.340655169842973
26,44,Poor,1,2.0,0.6991101698794031
26,45,Poor,1,1.4,1.623493317676469
26,46,Poor,1,2.0,0.6690278859326759
26,47,Poor,1,2.0,1.0073397843523932
26,48,Poor,0,0.0,3.214668601786603
26,49,Poor,0,0.0,3.260291753417216
26,50,Poor,1,1.4,1.7647327986150851
26,51,Poor,1,2.0,1.0891440914797017
26,52,Poor,1,2.0,0.9586659041332029
26,53,Poor,0,0.0,3.261721118916083
26,54,Poor,1,2.0,0.812719178322947
26,55,Poor,1,1.4,2.244325599236081
26,56,Poor,1,1.4,1.6751009938183121
26,57,Poor,1,2.0,1.1497226392903963
26,58,Poor,1,2.0,0.613444507512904
26,59,Poor,1,2.0,0.9400890043701393
26,60,Poor,0,0.0,2.9190318420008543
26,61,Poor,1,2.0,1.2531511556069894
26,62,Poor,1,1.4,1.6757819224219896
26,63,Poor,1,1.4,1.267618562044004
26,64,Poor,1,2.0,1.133951400142291
26,65,Poor,1,2.0,0.8854156968863052
26,66,Poor,0,0.0,2.783984721342289
26,67,Poor,1,2.0,1.1216458857144667
26,68,Poor,0,0.0,3.504308495288458
26,69,Poor,0,0.0,2.7929093072877094
26,70,Middle,2,4.0,4.337131704203756
26,71,Middle,3,5.4,2.491187458106225
26,72,Middle,0,0.0,7.482188517629156
26,73,Middle,0,0.0,7.121533566085961
26,74,Middle,1,6.0,1.1412919004991569
26,75,Middle,2,7.4,0.04774208277269665
26,76,Middle,1,1.4,6.41921598166263
26,77,Middle,2,3.4,4.31780207784856
26,78,Middle,3,5.4,2.4297196350563386
26,79,Middle,3,10.0,0.1319989338414107
26,80,Middle,1,2.0,5.358981012686279
26,81,Middle,2,3.4,3.271537160558662
26,82,Middle,3,5.4,0.46631727132336254
26,83,Middle,2,4.0,2.89380734912314
26,84,Middle,2,4.0,3.6239075249416492
26,85,Middle,1,1.4,5.865070403642131
26,86,Middle,1,1.4,6.687706948033675
26,87,Middle,1,6.0,2.342722701542071
26,88,Middle,1,2.0,6.420833130243517
26,89,Middle,0,0.0,7.699202780047245
26,90,Rich,2,7.4,2.208510700303011
26,91,Rich,2,7.4,2.3961167615113266
26,92,Rich,3,5.4,5.6407724751983945
26,93,Rich,1,2.0,7.929467456510318
26,94,Rich,2,8.0,1.322394792529476
26,95,Rich,2,8.0,1.2062356192492736
26,96,Rich,1,2.0,9.887455035882867
26,97,Rich,2,3.4,7.888303882642031
26,98,Rich,2,3.4,5.0281386355525495
26,99,Rich,3,9.4,0.24040198583785832
27,0,Poor,0,0.0,3.470522450086197
27,1,Poor,1,2.0,1.0398514462506885
27,2,Poor,1,1.4,1.027304199382955
27,3,Poor,0,0.0,3.402990805498471
27,4,Poor,1,2.0,0.9223833284013048
27,5,Poor,1,2.0,2.1304334662199995
27,6,Poor,0,0.0,2.4456194375109144
27,7,Poor,1,2.0,1.5472340453184636
27,8,Poor,0,0.0,3.1325271032431394
27,9,Poor,1,2.0,0.7867146277703299
27,10,Poor,1,1.4,1.6658328036407268
27,11,Poor,0,0.0,2.6947279478466775
27,12,Poor,0,0.0,2.6344696541063017
27,13,Poor,0,0.0,3.4347676950819506
27,14,Poor,1,2.0,0.6530190351432137
27,15,Poor,1,2.0,0.6671605630453299
27,16,Poor,1,2.0,1.12196605410498
27,17,Poor,0,0.0,2.542130364324689
27,18,Poor,1,1.4,1.794200032015901
27,19,Poor,1,1.4,1.828982720118843
27,20,Poor,1,2.0,0.6010670927734565
27,21,Poor,1,2.0,1.8572194032333065
27,22,Poor,0,0.0,3.482497623735337
27,23,Poor,1,2.0,1.0332420468893222
27,24,Poor,0,0.0,3.1009155137115694
27,25,Poor,1,2.0,0.8867203417014151
27,26,Poor,1,1.4,1.2808417888507924
27,27,Poor,1,2.0,0.81623231004472
27,28,Poor,1,1.4,1.345063532030307
27,29,Poor,2,3.4,0.22732186167767043
27,30,Poor,0,0.0,3.079752642854162
27,31,Poor,1,2.0,1.1366551168392562
27,32,Poor,1,2.0,0.8887631421222855
27,33,Poor,1,2.0,0.6388887174230704
27,34,Poor,1,2.0,0.9954915164281184
27,35,Poor,1,2.0,0.8265778472453573
27,36,Poor,1,1.4,1.7618683204601213
27,37,Poor,0,0.0,2.9337824409471605
27,38,Poor,0,0.0,2.904957438147332
27,39,Poor,1,2.0,1.8636887529904738
27,40,Poor,1,2.0,0.6646251583603422
27,41,Poor,1,2.0,0.8831374164308174
27,42,Poor,1,2.0,0.5178035130621499
27,43,Poor,1,1.4,1.5053243663012736
27,44,Poor,1,1.4,1.8596494256324747
27,45,Poor,0,0.0,2.8621481049743527
27,46,Poor,0,0.0,3.1939659067733115
27,47,Poor,1,2.0,0.6429279300976112
27,48,Poor,0,0.0,2.8440523677023393
27,49,Poor,0,0.0,3.014631491506759
27,50,Poor,1,2.0,0.850345711947678
27,51,Poor,0,0.0,2.671176135921223
27,52,Poor,0,0.0,3.0671213584262205
27,53,Poor,0,0.0,2.5556182847299267
27,54,Poor,0,0.0,3.00112825010332
27,55,Poor,1,1.4,1.3454845016847434
27,56,Poor,0,0.0,3.697560293820634
27,57,Poor,1,2.0,1.347469375576134
27,58,Poor,0,0.0,3.164219022125267
27,59,Poor,1,2.0,0.9535143979721732
27,60,Poor,1,1.4,1.7991917622630837
27,61,Poor,1,2.0,0.8859927973540698
27,62,Poor,1,2.0,0.4597819428351593
27,63,Poor,1,2.0,1.168626178432279
27,64,Poor,1,2.0,0.4248897312896416
27,65,Poor,1,1.4,1.9957581097528219
27,66,Poor,1,2.0,0.6859925360495387
27,67,Poor,1,2.0,1.000715606384888
27,68,Poor,1,2.0,2.1756937506267287
27,69,Poor,1,2.0,0.8480479513223389
27,70,Middle,1,6.0,0.8237501868421235
27,71,Middle,1,6.0,0.8328454516863433
27,72,Middle,2,7.4,0.3960063850032598
27,73,Middle,1,2.0,4.647383247667787
27,74,Middle,2,3.4,4.592413301312854
27,75,Middle,1,6.0,0.00045548727589217464
27,76,Middle,2,3.4,2.9315848451969835
27,77,Middle,1,2.0,4.458394649700603
27,78,Middle,2,3.4,4.507071066736209
27,79,Middle,1,2.0,4.485144897223429
27,80,Middle,1,6.0,1.2743008235869135
27,81,Middle,0,0.0,7.440978921003867
27,82,Middle,1,2.0,4.525911404745951
27,83,Middle,2,7.4,0.2560580218500679
27,84,Middle,2,3.4,3.3652637845287146
27,85,Middle,2,3.4,3.1688982289305536
27,86,Middle,1,2.0,5.859883323496874
27,87,Middle,1,1.4,5.535513606174495
27,88,Middle,2,7.4,0.06990910291530339
27,89,Middle,2,3.4,2.6368522682990228
27,90,Rich,2,3.4,5.579784107212021
27,91,Rich,2,8.0,2.0227230720708587
27,92,Rich,2,8.0,2.0703661072371524
27,93,Rich,3,9.4,0.05850448198256686
27,94,Rich,3,9.4,2.8670956134364847
27,95,Rich,2,3.4,6.547029588223619
27,96,Rich,2,3.4,7.719036332008933
27,97,Rich,2,3.4,7.074169013531755
27,98,Rich,2,3.4,5.493264566414204
27,99,Rich,1,2.0,8.038307620707664
28,0,Poor,1,2.0,0.6476535370142362
28,1,Poor,1,1.4,1.4104368631537958
28,2,Poor,1,2.0,1.5391335892386868
28,3,Poor,0,0.0,3.0337184153321046
28,4,Poor,1,1.4,1.4796385394792626
28,5,Poor,0,0.0,2.545097507521699
28,6,Poor,1,1.4,1.1722465650780114
28,7,Poor,2,3.4,0.2322791712035337
28,8,Poor,0,0.0,2.9082504732247556
28,9,Poor,1,2.0,0.8945303147999528
28,10,Poor,1,1.4,1.0436052378029284
28,11,Poor,0,0.0,3.27400227476971
28,12,Poor,1,2.0,1.311103448417827
28,13,Poor,1,1.4,1.154520951715682
28,14,Poor,0,0.0,3.1889511931122416
28,15,Poor,0,0.0,3.1750218353740274
28,16,Poor,0,0.0,2.782226550026314
28,17,Poor,1,1.4,1.5635790535595109
28,18,Poor,1,2.0,1.157155840759002
28,19,Poor,1,2.0,1.0244441124877004
28,20,Poor,0,0.0,2.8795751712462567
28,21,Poor,1,2.0,1.177484905391926
28,22,Poor,1,2.0,0.21301601192578268
28,23,Poor,1,1.4,1.1051265070297904
28,24,Poor,1,2.0,1.20188887900339
28,25,Poor,0,0.0,2.686193664997729
28,26,Poor,1,2.0,0.4117772467585592
28,27,Poor,1,1.4,1.422916163443761
28,28,Poor,2,3.4,0.4518202437926848
28,29,Poor,1,2.0,1.2541737055143858
28,30,Poor,1,2.0,0.7482414497041776
28,31,Poor,1,2.0,0.8852754654806452
28,32,Poor,1,2.0,0.7742538051370125
28,33,Poor,1,2.0,1.0639091419947548
28,34,Poor,2,3.4,0.05424795689585027
28,35,Poor,1,2.0,0.8762386850563333
28,36,Poor,1,1.4,1.8636030979677236
28,37,Poor,0,0.0,3.036066935148006
28,38,Poor,1,2.0,2.4677138342094542
28,39,Poor,1,1.4,1.2841036558174452
28,40,Poor,1,2.0,1.2202802512332087
28,41,Poor,1,2.0,1.1292600818823155
28,42,Poor,1,1.4,1.5882593124735491
28,43,Poor,1,1.4,1.5284894583569142
28,44,Poor,1,2.0,0.6169447147002867
28,45,Poor,1,2.0,0.4538946675858222
28,46,Poor,0,0.0,2.875029837785933
28,47,Poor,1,2.0,0.8780806680689248
28,48,Poor,0,0.0,3.019881160384793
28,49,Poor,1,2.0,1.0349251912506268
28,50,Poor,1,2.0,0.8042361432510581
28,51,Poor,1,2.0,1.3649885069435825
28,52,Poor,0,0.0,2.5963675852674113
28,53,Poor,1,1.4,1.5206552045544712
28,54,Poor,1,1.4,0.9783853162254084
28,55,Poor,0,0.0,3.0021962856976123
28,56,Poor,0,0.0,3.2466928618507866
28,57,Poor,1,2.0,1.7674203884569408
28,58,Poor,0,0.0,3.1702552194891758
28,59,Poor,1,2.0,1.1035972824004636
28,60,Poor,1,2.0,0.3049716779431546
28,61,Poor,2,3.4,0.22460102267475968
28,62,Poor,1,2.0,0.883984974092729
28,63,Poor,1,2.0,0.48278150280957943
28,64,Poor,0,0.0,3.537192290664524
28,65,Poor,2,3.4,0.6219004482399755
28,66,Poor,1,2.0,0.7972012363950296
28,67,Poor,1,2.0,1.162722438477048
28,68,Poor,1,2.0,1.0985346440416062
28,69,Poor,0,0.0,3.0585927383354043
28,70,Middle,0,0.0,7.52322794637054
28,71,Middle,3,5.4,1.7444026307619578
28,72,Middle,1,6.0,0.21962942731852664
28,73,Middle,2,3.4,4.090004333011857
28,74,Middle,2,8.0,0.31817043790466215
28,75,Middle,1,1.4,5.390382903167357
28,76,Middle,1,2.0,4.667552492879211
28,77,Middle,2,4.0,2.098245413938268
28,78,Middle,1,6.0,0.33732059600727204
28,79,Middle,2,7.4,0.34834802506246554
28,80,Middle,2,7.4,0.6540995206965232
28,81,Middle,0,0.0,6.268696420427611
28,82,Middle,0,0.0,6.003916364589616
28,83,Middle,1,6.0,0.5173279032528084
28,84,Middle,1,1.4,6.849179684075088
28,85,Middle,1,2.0,4.0634657829609635
28,86,Middle,2,3.4,2.3106473755856545
28,87,Middle,2,3.4,2.9057295680987845
28,88,Middle,1,2.0,5.946859885008002
28,89,Middle,0,0.0,6.528095167613416
28,90,Rich,3,9.4,1.951656922888187
28,91,Rich,3,9.4,1.1398765424071122
28,92,Rich,0,0.0,9.439278423931095
28,93,Rich,1,1.4,6.940385403726518
28,94,Rich,1,2.0,8.771363713458465
28,95,Rich,2,7.4,3.1894552924452317
28,96,Rich,2,8.0,4.5692204706328745
28,97,Rich,1,1.4,8.193619839529061
28,98,Rich,3,5.4,2.2069756012747455
28,99,Rich,1,2.0,7.490000849067474
29,0,Poor,0,0.0,3.0117518188541905
29,1,Poor,1,2.0,0.7244716777495892
29,2,Poor,1,1.4,1.5223808364526068
29,3,Poor,1,2.0,1.3518520344514107
29,4,Poor,0,0.0,3.101639248803135
29,5,Poor,1,1.4,1.460816126434592
29,6,Poor,1,2.0,0.8588111039368416
29,7,Poor,2,3.4,0.14995008697941792
29,8,Poor,1,2.0,1.7283121191892712
29,9,Poor,1,1.4,1.214481269544343
29,10,Poor,1,1.4,1.0015942795558668
29,11,Poor,2,3.4,0.10420389260809015
29,12,Poor,1,1.4,1.9594600938483384
29,13,Poor,1,2.0,1.3378454469657752
29,14,Poor,1,1.4,1.7773889950056154
29,15,Poor,1,1.4,1.2504725220175774
29,16,Poor,0,0.0,3.4819173345896623
29,17,Poor,0,0.0,3.386955297301449
29,18,Poor,1,2.0,1.0979424938134579
29,19,Poor,0,0.0,2.824279320857905
29,20,Poor,1,2.0,0.9264586764394918
29,21,Poor,1,2.0,0.14955926633405658
29,22,Poor,0,0.0,2.9249257978544723
29,23,Poor,1,2.0,0.7303404260610233
29,24,Poor,1,2.0,1.0989865910886176
29,25,Poor,1,1.4,0.7654389633281915
29,26,Poor,0,0.0,3.127377984306368
29,27,Poor,1,2.0,0.9107525841532542
29,28,Poor,0,0.0,3.5112911034064016
29,29,Poor,1,1.4,1.3872391015609278
29,30,Poor,0,0.0,3.3262837232011204
29,31,Poor,0,0.0,2.693380472488127
29,32,Poor,1,1.4,1.3475485414325545
29,33,Poor,0,0.0,2.7214993478669864
29,34,Poor,1,2.0,0.8150359545345718
29,35,Poor,1,1.4,1.7346915823267457
29,36,Poor,1,2.0,1.0421151352444835
29,37,Poor,0,0.0,3.0147093034122046
29,38,Poor,0,0.0,3.312714505178062
29,39,Poor,0,0.0,3.378581920344543
29,40,Poor,1,2.0,0.8427098247842535
29,41,Poor,0,0.0,2.8275065514435713
29,42,Poor,1,2.0,0.8744805905997399
29,43,Poor,1,2.0,0.468321359179817
29,44,Poor,1,2.0,0.9568736240539373
29,45,Poor,1,2.0,0.6777017577157247
29,46,Poor,1,2.0,1.3782567078975823
29,47,Poor,1,2.0,0.909015811786825
29,48,Poor,1,2.0,1.0097811872558764
29,49,Poor,0,0.0,3.8143749633636923
29,50,Poor,1,2.0,0.8852613012204782
29,51,Poor,1,1.4,1.1640681247966294
29,52,Poor,1,1.4,1.925675995237735
29,53,Poor,1,2.0,1.357116541979709
29,54,Poor,1,1.4,1.075841242949163
29,55,Poor,0,0.0,2.4293340805893
29,56,Poor,0,0.0,2.6109765653326735
29,57,Poor,0,0.0,3.143144541114799
29,58,Poor,0,0.0,2.9135813868630316
29,59,Poor,0,0.0,3.5279716888367236
29,60,Poor,1,2.0,0.9419446313033335
29,61,Poor,1,2.0,1.1157617058445886
29,62,Poor,0,0.0,2.896306659976072
29,63,Poor,2,3.4,0.0603806589239535
29,64,Poor,1,2.0,0.8125463954345085
29,65,Poor,1,2.0,1.3529727105022644
29,66,Poor,1,2.0,1.0094839103446644
29,67,Poor,1,2.0,1.1881039673835132
29,68,Poor,1,2.0,0.7701258174193271
29,69,Poor,0,0.0,3.0317807250972963
29,70,Middle,2,7.4,0.44130532171058867
29,71,Middle,2,4.0,2.545356100241528
29,72,Middle,1,1.4,5.936408684782247
29,73,Middle,1,2.0,4.972791672928604
29,74,Middle,2,8.0,0.24506768426618564
29,75,Middle,1,2.0,4.245540046236762
29,76,Middle,1,6.0,1.3783108596867164
29,77,Middle,1,2.0,4.387238513245307
29,78,Middle,1,2.0,4.3946005925375475
29,79,Middle,1,6.0,0.8717391545005277
29,80,Middle,0,0.0,9.34388760386976
29,81,Middle,1,2.0,3.4548239283718525
29,82,Middle,1,2.0,4.824429061936905
29,83,Middle,2,7.4,0.06368813060165479
29,84,Middle,0,0.0,7.018601478070097
29,85,Middle,2,7.4,0.26108090006788176
29,86,Middle,2,3.4,3.3692900553714367
29,87,Middle,1,6.0,3.072976620510749
29,88,Middle,1,1.4,4.358993674580091
29,89,Middle,2,3.4,2.9808636830863695
29,90,Rich,2,8.0,1.9386771549313853
29,91,Rich,2,8.0,2.195589030838745
29,92,Rich,1,2.0,7.018720950927353
29,93,Rich,2,8.0,0.8331543734795108
29,94,Rich,2,7.4,3.7729002686131565
29,95,Rich,2,3.4,5.2371165305831475
29,96,Rich,2,8.0,1.5031005296445468
29,97,Rich,1,2.0,8.490453438998557
29,98,Rich,1,6.0,5.813666198525523
29,99,Rich,2,7.4,2.6928460611423017
