transaction_id,seed,buyer_id,buyer_class,seller_id,seller_class,visit_order,price,budget_before,budget_after,seller_inventory_after
0,0,0,Poor,1,Slow,0,2.0,3.0,1.0,129
1,0,1,Poor,0,Slow,2,1.4,3.0,1.6,129
2,0,2,Poor,0,Slow,4,1.4,3.0,1.6,128
3,0,3,Poor,0,Slow,3,1.4,3.0,1.6,127
4,0,4,Poor,2,Slow,1,2.0,3.0,1.0,129
5,0,5,Poor,2,Slow,1,2.0,3.0,1.0,128
6,0,6,Poor,0,Slow,2,1.4,3.0,1.6,126
7,0,7,Poor,1,Slow,3,2.0,3.0,1.0,128
8,0,8,Poor,0,Slow,0,1.4,3.0,1.6,125
9,0,9,Poor,0,Slow,4,1.4,3.0,1.6,124
10,0,10,Poor,2,Slow,0,2.0,3.0,1.0,127
11,0,11,Poor,2,Slow,2,2.0,3.0,1.0,126
12,0,13,Poor,1,Slow,1,2.0,3.0,1.0,127
13,0,14,Poor,1,Slow,2,2.0,3.0,1.0,126
14,0,15,Poor,2,Slow,1,2.0,3.0,1.0,125
15,0,17,Poor,1,Slow,0,2.0,3.0,1.0,125
16,0,19,Poor,0,Slow,1,1.4,3.0,1.6,123
17,0,21,Poor,0,Slow,4,1.4,3.0,1.6,122
18,0,22,Poor,1,Slow,4,2.0,3.0,1.0,124
19,0,23,Poor,1,Slow,1,2.0,3.0,1.0,123
20,0,24,Poor,0,Slow,0,1.4,3.0,1.6,121
21,0,27,Poor,1,Slow,4,2.0,3.0,1.0,122
22,0,28,Poor,0,Slow,4,1.4,3.0,1.6,120
23,0,30,Poor,2,Slow,1,2.0,3.0,1.0,124
24,0,31,Poor,2,Slow,4,2.0,3.0,1.0,123
25,0,34,Poor,0,Slow,0,1.4,3.0,1.6,119
26,0,35,Poor,0,Slow,1,1.4,3.0,1.6,118
27,0,36,Poor,2,Slow,3,2.0,3.0,1.0,122
28,0,37,Poor,0,Slow,1,1.4,3.0,1.6,117
29,0,38,Poor,1,Slow,3,2.0,3.0,1.0,121
30,0,39,Poor,1,Slow,1,2.0,3.0,1.0,120
31,0,41,Poor,1,Slow,4,2.0,3.0,1.0,119
32,0,42,Poor,2,Slow,0,2.0,3.0,1.0,121
33,0,44,Poor,0,Slow,2,1.4,3.0,1.6,116
34,0,45,Poor,0,Slow,2,1.4,3.0,1.6,115
35,0,49,Poor,2,Slow,1,2.0,3.0,1.0,120
36,0,50,Poor,2,Slow,2,2.0,3.0,1.0,119
37,0,52,Poor,1,Slow,2,2.0,3.0,1.0,118
38,0,54,Poor,0,Slow,0,1.4,3.0,1.6,114
39,0,55,Poor,0,Slow,4,1.4,3.0,1.6,113
40,0,57,Poor,2,Slow,0,2.0,3.0,1.0,118
41,0,59,Poor,0,Slow,0,1.4,3.0,1.6,112
42,0,60,Poor,1,Slow,0,2.0,3.0,1.0,117
43,0,62,Poor,0,Slow,4,1.4,3.0,1.6,111
44,0,64,Poor,1,Slow,1,2.0,3.0,1.0,116
45,0,66,Poor,1,Slow,0,2.0,3.0,1.0,115
46,0,70,Middle,3,Shigh,2,6.0,7.0,1.0,69
47,0,71,Middle,1,Slow,0,2.0,7.0,5.0,114
48,0,71,Middle,2,Slow,1,2.0,5.0,3.0,117
49,0,71,Middle,0,Slow,3,1.4,3.0,1.6,110
50,0,72,Middle,1,Slow,0,2.0,7.0,5.0,113
51,0,72,Middle,0,Slow,2,1.4,5.0,3.6,109
52,0,73,Middle,2,Slow,1,2.0,7.0,5.0,116
53,0,73,Middle,1,Slow,3,2.0,5.0,3.0,112
54,0,75,Middle,1,Slow,0,2.0,7.0,5.0,111
55,0,75,Middle,2,Slow,2,2.0,5.0,3.0,115
56,0,75,Middle,0,Slow,3,1.4,3.0,1.6,108
57,0,76,Middle,2,Slow,4,2.0,7.0,5.0,114
58,0,77,Middle,3,Shigh,1,6.0,7.0,1.0,68
59,0,78,Middle,1,Slow,2,2.0,7.0,5.0,110
60,0,79,Middle,1,Slow,2,2.0,7.0,5.0,109
61,0,80,Middle,2,Slow,2,2.0,7.0,5.0,113
62,0,80,Middle,1,Slow,4,2.0,5.0,3.0,108
63,0,81,Middle,4,Shigh,4,6.0,7.0,1.0,69
64,0,82,Middle,2,Slow,0,2.0,7.0,5.0,112
65,0,82,Middle,1,Slow,1,2.0,5.0,3.0,107
66,0,83,Middle,1,Slow,1,2.0,7.0,5.0,106
67,0,83,Middle,2,Slow,4,2.0,5.0,3.0,111
68,0,84,Middle,0,Slow,3,1.4,7.0,5.6,107
69,0,86,Middle,1,Slow,1,2.0,7.0,5.0,105
70,0,87,Middle,3,Shigh,1,6.0,7.0,1.0,67
71,0,88,Middle,2,Slow,2,2.0,7.0,5.0,110
72,0,89,Middle,1,Slow,4,2.0,7.0,5.0,104
73,0,90,Rich,2,Slow,1,2.0,10.0,8.0,109
74,0,90,Rich,1,Slow,3,2.0,8.0,6.0,103
75,0,90,Rich,3,Shigh,4,6.0,6.0,0.0,66
76,0,91,Rich,1,Slow,0,2.0,10.0,8.0,102
77,0,91,Rich,3,Shigh,1,6.0,8.0,2.0,65
78,0,92,Rich,2,Slow,0,2.0,10.0,8.0,108
79,0,92,Rich,1,Slow,1,2.0,8.0,6.0,101
80,0,92,Rich,0,Slow,2,1.4,6.0,4.6,106
81,0,93,Rich,0,Slow,1,1.4,10.0,8.6,105
82,0,93,Rich,3,Shigh,3,6.0,8.6,2.5999999999999996,64
83,0,95,Rich,3,Shigh,0,6.0,10.0,4.0,63
84,0,95,Rich,1,Slow,1,2.0,4.0,2.0,100
85,0,95,Rich,2,Slow,3,2.0,2.0,0.0,107
86,0,96,Rich,0,Slow,1,1.4,10.0,8.6,104
87,0,96,Rich,4,Shigh,2,6.0,8.6,2.5999999999999996,68
88,0,96,Rich,1,Slow,4,2.0,2.5999999999999996,0.5999999999999996,99
89,0,97,Rich,4,Shigh,0,6.0,10.0,4.0,67
90,0,98,Rich,2,Slow,1,2.0,10.0,8.0,106
91,0,98,Rich,3,Shigh,2,6.0,8.0,2.0,62
92,0,99,Rich,4,Shigh,1,6.0,10.0,4.0,66
93,0,99,Rich,2,Slow,4,2.0,4.0,2.0,105
94,1,1,Poor,0,Slow,3,1.4,3.0,1.6,129
95,1,3,Poor,1,Slow,1,2.0,3.0,1.0,129
96,1,5,Poor,0,Slow,0,1.4,3.0,1.6,128
97,1,7,Poor,0,Slow,1,1.4,3.0,1.6,127
98,1,8,Poor,1,Slow,1,2.0,3.0,1.0,128
99,1,9,Poor,2,Slow,0,2.0,3.0,1.0,129
100,1,10,Poor,0,Slow,1,1.4,3.0,1.6,126
101,1,11,Poor,2,Slow,3,2.0,3.0,1.0,128
102,1,12,Poor,1,Slow,0,2.0,3.0,1.0,127
103,1,13,Poor,1,Slow,0,2.0,3.0,1.0,126
104,1,14,Poor,0,Slow,0,1.4,3.0,1.6,125
105,1,15,Poor,1,Slow,4,2.0,3.0,1.0,125
106,1,16,Poor,0,Slow,1,1.4,3.0,1.6,124
107,1,17,Poor,1,Slow,3,2.0,3.0,1.0,124
108,1,19,Poor,2,Slow,1,2.0,3.0,1.0,127
109,1,20,Poor,1,Slow,1,2.0,3.0,1.0,123
110,1,21,Poor,0,Slow,4,1.4,3.0,1.6,123
111,1,23,Poor,0,Slow,0,1.4,3.0,1.6,122
112,1,24,Poor,1,Slow,2,2.0,3.0,1.0,122
113,1,26,Poor,1,Slow,0,2.0,3.0,1.0,121
114,1,27,Poor,2,Slow,2,2.0,3.0,1.0,126
115,1,28,Poor,1,Slow,2,2.0,3.0,1.0,120
116,1,29,Poor,0,Slow,0,1.4,3.0,1.6,121
117,1,31,Poor,2,Slow,3,2.0,3.0,1.0,125
118,1,32,Poor,0,Slow,1,1.4,3.0,1.6,120
119,1,33,Poor,1,Slow,2,2.0,3.0,1.0,119
120,1,34,Poor,1,Slow,1,2.0,3.0,1.0,118
121,1,35,Poor,0,Slow,1,1.4,3.0,1.6,119
122,1,36,Poor,0,Slow,0,1.4,3.0,1.6,118
123,1,37,Poor,1,Slow,1,2.0,3.0,1.0,117
124,1,39,Poor,1,Slow,3,2.0,3.0,1.0,116
125,1,40,Poor,0,Slow,0,1.4,3.0,1.6,117
126,1,41,Poor,0,Slow,3,1.4,3.0,1.6,116
127,1,43,Poor,0,Slow,1,1.4,3.0,1.6,115
128,1,45,Poor,1,Slow,0,2.0,3.0,1.0,115
129,1,46,Poor,0,Slow,0,1.4,3.0,1.6,114
130,1,47,Poor,1,Slow,1,2.0,3.0,1.0,114
131,1,48,Poor,1,Slow,0,2.0,3.0,1.0,113
132,1,49,Poor,0,Slow,1,1.4,3.0,1.6,113
133,1,50,Poor,0,Slow,0,1.4,3.0,1.6,112
134,1,51,Poor,0,Slow,1,1.4,3.0,1.6,111
135,1,55,Poor,1,Slow,4,2.0,3.0,1.0,112
136,1,57,Poor,1,Slow,0,2.0,3.0,1.0,111
137,1,58,Poor,0,Slow,2,1.4,3.0,1.6,110
138,1,59,Poor,0,Slow,4,1.4,3.0,1.6,109
139,1,64,Poor,1,Slow,4,2.0,3.0,1.0,110
140,1,65,Poor,2,Slow,0,2.0,3.0,1.0,124
141,1,66,Poor,0,Slow,3,1.4,3.0,1.6,108
142,1,67,Poor,0,Slow,0,1.4,3.0,1.6,107
143,1,68,Poor,0,Slow,2,1.4,3.0,1.6,106
144,1,70,Middle,1,Slow,3,2.0,7.0,5.0,109
145,1,71,Middle,2,Slow,3,2.0,7.0,5.0,123
146,1,71,Middle,1,Slow,4,2.0,5.0,3.0,108
147,1,72,Middle,3,Shigh,1,6.0,7.0,1.0,69
148,1,73,Middle,0,Slow,2,1.4,7.0,5.6,105
149,1,73,Middle,1,Slow,4,2.0,5.6,3.5999999999999996,107
150,1,75,Middle,0,Slow,0,1.4,7.0,5.6,104
151,1,75,Middle,2,Slow,3,2.0,5.6,3.5999999999999996,122
152,1,76,Middle,2,Slow,1,2.0,7.0,5.0,121
153,1,76,Middle,1,Slow,2,2.0,5.0,3.0,106
154,1,77,Middle,1,Slow,2,2.0,7.0,5.0,105
155,1,77,Middle,0,Slow,4,1.4,5.0,3.6,103
156,1,78,Middle,1,Slow,0,2.0,7.0,5.0,104
157,1,78,Middle,0,Slow,1,1.4,5.0,3.6,102
158,1,79,Middle,2,Slow,2,2.0,7.0,5.0,120
159,1,81,Middle,3,Shigh,0,6.0,7.0,1.0,68
160,1,82,Middle,1,Slow,1,2.0,7.0,5.0,103
161,1,82,Middle,2,Slow,4,2.0,5.0,3.0,119
162,1,83,Middle,1,Slow,0,2.0,7.0,5.0,102
163,1,84,Middle,0,Slow,4,1.4,7.0,5.6,101
164,1,85,Middle,2,Slow,0,2.0,7.0,5.0,118
165,1,86,Middle,3,Shigh,1,6.0,7.0,1.0,67
166,1,88,Middle,0,Slow,0,1.4,7.0,5.6,100
167,1,89,Middle,2,Slow,0,2.0,7.0,5.0,117
168,1,90,Rich,1,Slow,2,2.0,10.0,8.0,101
169,1,91,Rich,2,Slow,0,2.0,10.0,8.0,116
170,1,91,Rich,1,Slow,1,2.0,8.0,6.0,100
171,1,92,Rich,3,Shigh,1,6.0,10.0,4.0,66
172,1,92,Rich,2,Slow,4,2.0,4.0,2.0,115
173,1,93,Rich,0,Slow,1,1.4,10.0,8.6,99
174,1,93,Rich,1,Slow,3,2.0,8.6,6.6,99
175,1,94,Rich,3,Shigh,0,6.0,10.0,4.0,65
176,1,94,Rich,0,Slow,2,1.4,4.0,2.6,98
177,1,95,Rich,3,Shigh,1,6.0,10.0,4.0,64
178,1,95,Rich,0,Slow,4,1.4,4.0,2.6,97
179,1,96,Rich,1,Slow,0,2.0,10.0,8.0,98
180,1,96,Rich,3,Shigh,1,6.0,8.0,2.0,63
181,1,96,Rich,2,Slow,2,2.0,2.0,0.0,114
182,1,97,Rich,0,Slow,1,1.4,10.0,8.6,96
183,1,98,Rich,4,Shigh,0,6.0,10.0,4.0,69
184,1,98,Rich,1,Slow,3,2.0,4.0,2.0,97
185,1,99,Rich,1,Slow,3,2.0,10.0,8.0,96
186,2,1,Poor,1,Slow,0,2.0,3.0,1.0,129
187,2,2,Poor,1,Slow,1,2.0,3.0,1.0,128
188,2,3,Poor,0,Slow,3,1.4,3.0,1.6,129
189,2,5,Poor,0,Slow,1,1.4,3.0,1.6,128
190,2,6,Poor,0,Slow,1,1.4,3.0,1.6,127
191,2,7,Poor,1,Slow,1,2.0,3.0,1.0,127
192,2,8,Poor,0,Slow,0,1.4,3.0,1.6,126
193,2,10,Poor,0,Slow,4,1.4,3.0,1.6,125
194,2,11,Poor,2,Slow,4,2.0,3.0,1.0,129
195,2,12,Poor,0,Slow,0,1.4,3.0,1.6,124
196,2,13,Poor,0,Slow,4,1.4,3.0,1.6,123
197,2,15,Poor,1,Slow,1,2.0,3.0,1.0,126
198,2,17,Poor,2,Slow,1,2.0,3.0,1.0,128
199,2,18,Poor,0,Slow,4,1.4,3.0,1.6,122
200,2,19,Poor,0,Slow,1,1.4,3.0,1.6,121
201,2,20,Poor,0,Slow,0,1.4,3.0,1.6,120
202,2,23,Poor,0,Slow,4,1.4,3.0,1.6,119
203,2,24,Poor,0,Slow,4,1.4,3.0,1.6,118
204,2,25,Poor,1,Slow,0,2.0,3.0,1.0,125
205,2,26,Poor,2,Slow,1,2.0,3.0,1.0,127
206,2,27,Poor,1,Slow,3,2.0,3.0,1.0,124
207,2,28,Poor,0,Slow,4,1.4,3.0,1.6,117
208,2,29,Poor,2,Slow,1,2.0,3.0,1.0,126
209,2,31,Poor,1,Slow,1,2.0,3.0,1.0,123
210,2,33,Poor,1,Slow,2,2.0,3.0,1.0,122
211,2,34,Poor,1,Slow,3,2.0,3.0,1.0,121
212,2,35,Poor,1,Slow,0,2.0,3.0,1.0,120
213,2,37,Poor,0,Slow,1,1.4,3.0,1.6,116
214,2,38,Poor,0,Slow,1,1.4,3.0,1.6,115
215,2,39,Poor,2,Slow,2,2.0,3.0,1.0,125
216,2,41,Poor,0,Slow,1,1.4,3.0,1.6,114
217,2,42,Poor,0,Slow,2,1.4,3.0,1.6,113
218,2,43,Poor,0,Slow,2,1.4,3.0,1.6,112
219,2,44,Poor,0,Slow,0,1.4,3.0,1.6,111
220,2,46,Poor,1,Slow,3,2.0,3.0,1.0,119
221,2,47,Poor,0,Slow,4,1.4,3.0,1.6,110
222,2,48,Poor,2,Slow,2,2.0,3.0,1.0,124
223,2,49,Poor,0,Slow,2,1.4,3.0,1.6,109
224,2,50,Poor,0,Slow,1,1.4,3.0,1.6,108
225,2,52,Poor,2,Slow,2,2.0,3.0,1.0,123
226,2,54,Poor,2,Slow,0,2.0,3.0,1.0,122
227,2,56,Poor,1,Slow,4,2.0,3.0,1.0,118
228,2,58,Poor,2,Slow,3,2.0,3.0,1.0,121
229,2,60,Poor,2,Slow,2,2.0,3.0,1.0,120
230,2,62,Poor,1,Slow,4,2.0,3.0,1.0,117
231,2,63,Poor,2,Slow,2,2.0,3.0,1.0,119
232,2,64,Poor,1,Slow,0,2.0,3.0,1.0,116
233,2,65,Poor,2,Slow,1,2.0,3.0,1.0,118
234,2,66,Poor,0,Slow,1,1.4,3.0,1.6,107
235,2,67,Poor,2,Slow,3,2.0,3.0,1.0,117
236,2,68,Poor,1,Slow,3,2.0,3.0,1.0,115
237,2,69,Poor,1,Slow,3,2.0,3.0,1.0,114
238,2,70,Middle,2,Slow,1,2.0,7.0,5.0,116
239,2,71,Middle,1,Slow,0,2.0,7.0,5.0,113
240,2,72,Middle,0,Slow,3,1.4,7.0,5.6,106
241,2,73,Middle,0,Slow,0,1.4,7.0,5.6,105
242,2,73,Middle,2,Slow,1,2.0,5.6,3.5999999999999996,115
243,2,75,Middle,0,Slow,1,1.4,7.0,5.6,104
244,2,77,Middle,0,Slow,1,1.4,7.0,5.6,103
245,2,78,Middle,2,Slow,3,2.0,7.0,5.0,114
246,2,79,Middle,1,Slow,0,2.0,7.0,5.0,112
247,2,79,Middle,0,Slow,2,1.4,5.0,3.6,102
248,2,80,Middle,0,Slow,1,1.4,7.0,5.6,101
249,2,80,Middle,1,Slow,2,2.0,5.6,3.5999999999999996,111
250,2,81,Middle,0,Slow,2,1.4,7.0,5.6,100
251,2,82,Middle,4,Shigh,0,6.0,7.0,1.0,69
252,2,86,Middle,3,Shigh,1,6.0,7.0,1.0,69
253,2,87,Middle,1,Slow,0,2.0,7.0,5.0,110
254,2,87,Middle,0,Slow,1,1.4,5.0,3.6,99
255,2,87,Middle,2,Slow,3,2.0,3.6,1.6,113
256,2,88,Middle,1,Slow,2,2.0,7.0,5.0,109
257,2,89,Middle,3,Shigh,1,6.0,7.0,1.0,68
258,2,90,Rich,3,Shigh,0,6.0,10.0,4.0,67
259,2,91,Rich,2,Slow,0,2.0,10.0,8.0,112
260,2,91,Rich,1,Slow,3,2.0,8.0,6.0,108
261,2,92,Rich,1,Slow,2,2.0,10.0,8.0,107
262,2,92,Rich,0,Slow,3,1.4,8.0,6.6,98
263,2,93,Rich,1,Slow,3,2.0,10.0,8.0,106
264,2,93,Rich,0,Slow,4,1.4,8.0,6.6,97
265,2,94,Rich,1,Slow,2,2.0,10.0,8.0,105
266,2,94,Rich,2,Slow,4,2.0,8.0,6.0,111
267,2,95,Rich,1,Slow,0,2.0,10.0,8.0,104
268,2,95,Rich,3,Shigh,1,6.0,8.0,2.0,66
269,2,96,Rich,0,Slow,0,1.4,10.0,8.6,96
270,2,96,Rich,4,Shigh,2,6.0,8.6,2.5999999999999996,68
271,2,96,Rich,1,Slow,4,2.0,2.5999999999999996,0.5999999999999996,103
272,2,97,Rich,3,Shigh,0,6.0,10.0,4.0,65
273,2,97,Rich,0,Slow,1,1.4,4.0,2.6,95
274,2,97,Rich,2,Slow,2,2.0,2.6,0.6000000000000001,110
275,2,98,Rich,4,Shigh,1,6.0,10.0,4.0,67
276,2,98,Rich,1,Slow,4,2.0,4.0,2.0,102
277,2,99,Rich,0,Slow,1,1.4,10.0,8.6,94
278,2,99,Rich,2,Slow,3,2.0,8.6,6.6,109
279,3,0,Poor,2,Slow,0,2.0,3.0,1.0,129
280,3,1,Poor,0,Slow,1,1.4,3.0,1.6,129
281,3,3,Poor,0,Slow,4,1.4,3.0,1.6,128
282,3,4,Poor,2,Slow,0,2.0,3.0,1.0,128
283,3,6,Poor,1,Slow,1,2.0,3.0,1.0,129
284,3,7,Poor,1,Slow,4,2.0,3.0,1.0,128
285,3,8,Poor,0,Slow,1,1.4,3.0,1.6,127
286,3,9,Poor,1,Slow,0,2.0,3.0,1.0,127
287,3,10,Poor,0,Slow,0,1.4,3.0,1.6,126
288,3,11,Poor,0,Slow,4,1.4,3.0,1.6,125
289,3,12,Poor,1,Slow,2,2.0,3.0,1.0,126
290,3,14,Poor,2,Slow,3,2.0,3.0,1.0,127
291,3,15,Poor,1,Slow,3,2.0,3.0,1.0,125
292,3,17,Poor,0,Slow,2,1.4,3.0,1.6,124
293,3,19,Poor,1,Slow,2,2.0,3.0,1.0,124
294,3,20,Poor,2,Slow,3,2.0,3.0,1.0,126
295,3,23,Poor,1,Slow,1,2.0,3.0,1.0,123
296,3,24,Poor,2,Slow,0,2.0,3.0,1.0,125
297,3,25,Poor,1,Slow,1,2.0,3.0,1.0,122
298,3,27,Poor,2,Slow,1,2.0,3.0,1.0,124
299,3,28,Poor,0,Slow,3,1.4,3.0,1.6,123
300,3,29,Poor,1,Slow,0,2.0,3.0,1.0,121
301,3,30,Poor,2,Slow,0,2.0,3.0,1.0,123
302,3,31,Poor,1,Slow,4,2.0,3.0,1.0,120
303,3,32,Poor,2,Slow,2,2.0,3.0,1.0,122
304,3,34,Poor,0,Slow,2,1.4,3.0,1.6,122
305,3,35,Poor,2,Slow,2,2.0,3.0,1.0,121
306,3,36,Poor,0,Slow,4,1.4,3.0,1.6,121
307,3,37,Poor,2,Slow,1,2.0,3.0,1.0,120
308,3,38,Poor,2,Slow,1,2.0,3.0,1.0,119
309,3,39,Poor,1,Slow,0,2.0,3.0,1.0,119
310,3,40,Poor,0,Slow,1,1.4,3.0,1.6,120
311,3,41,Poor,1,Slow,0,2.0,3.0,1.0,118
312,3,43,Poor,1,Slow,3,2.0,3.0,1.0,117
313,3,47,Poor,2,Slow,0,2.0,3.0,1.0,118
314,3,49,Poor,0,Slow,0,1.4,3.0,1.6,119
315,3,50,Poor,1,Slow,3,2.0,3.0,1.0,116
316,3,51,Poor,0,Slow,3,1.4,3.0,1.6,118
317,3,52,Poor,0,Slow,4,1.4,3.0,1.6,117
318,3,53,Poor,1,Slow,0,2.0,3.0,1.0,115
319,3,54,Poor,1,Slow,1,2.0,3.0,1.0,114
320,3,56,Poor,1,Slow,4,2.0,3.0,1.0,113
321,3,57,Poor,2,Slow,0,2.0,3.0,1.0,117
322,3,58,Poor,1,Slow,0,2.0,3.0,1.0,112
323,3,59,Poor,1,Slow,4,2.0,3.0,1.0,111
324,3,60,Poor,0,Slow,1,1.4,3.0,1.6,116
325,3,63,Poor,2,Slow,0,2.0,3.0,1.0,116
326,3,64,Poor,1,Slow,2,2.0,3.0,1.0,110
327,3,65,Poor,0,Slow,2,1.4,3.0,1.6,115
328,3,68,Poor,0,Slow,2,1.4,3.0,1.6,114
329,3,70,Middle,1,Slow,0,2.0,7.0,5.0,109
330,3,70,Middle,2,Slow,2,2.0,5.0,3.0,115
331,3,70,Middle,0,Slow,3,1.4,3.0,1.6,113
332,3,72,Middle,0,Slow,2,1.4,7.0,5.6,112
333,3,72,Middle,1,Slow,3,2.0,5.6,3.5999999999999996,108
334,3,73,Middle,0,Slow,0,1.4,7.0,5.6,111
335,3,76,Middle,1,Slow,3,2.0,7.0,5.0,107
336,3,76,Middle,0,Slow,4,1.4,5.0,3.6,110
337,3,77,Middle,1,Slow,4,2.0,7.0,5.0,106
338,3,78,Middle,0,Slow,3,1.4,7.0,5.6,109
339,3,79,Middle,2,Slow,0,2.0,7.0,5.0,114
340,3,80,Middle,1,Slow,0,2.0,7.0,5.0,105
341,3,80,Middle,0,Slow,3,1.4,5.0,3.6,108
342,3,80,Middle,2,Slow,4,2.0,3.6,1.6,113
343,3,81,Middle,4,Shigh,0,6.0,7.0,1.0,69
344,3,82,Middle,4,Shigh,0,6.0,7.0,1.0,68
345,3,83,Middle,3,Shigh,0,6.0,7.0,1.0,69
346,3,84,Middle,2,Slow,1,2.0,7.0,5.0,112
347,3,85,Middle,1,Slow,2,2.0,7.0,5.0,104
348,3,86,Middle,1,Slow,1,2.0,7.0,5.0,103
349,3,87,Middle,2,Slow,0,2.0,7.0,5.0,111
350,3,87,Middle,1,Slow,4,2.0,5.0,3.0,102
351,3,88,Middle,4,Shigh,1,6.0,7.0,1.0,67
352,3,89,Middle,3,Shigh,4,6.0,7.0,1.0,68
353,3,90,Rich,3,Shigh,1,6.0,10.0,4.0,67
354,3,91,Rich,0,Slow,1,1.4,10.0,8.6,107
355,3,91,Rich,2,Slow,2,2.0,8.6,6.6,110
356,3,92,Rich,0,Slow,2,1.4,10.0,8.6,106
357,3,92,Rich,3,Shigh,4,6.0,8.6,2.5999999999999996,66
358,3,93,Rich,4,Shigh,0,6.0,10.0,4.0,66
359,3,93,Rich,1,Slow,4,2.0,4.0,2.0,101
360,3,94,Rich,4,Shigh,2,6.0,10.0,4.0,65
361,3,95,Rich,3,Shigh,1,6.0,10.0,4.0,65
362,3,96,Rich,4,Shigh,0,6.0,10.0,4.0,64
363,3,96,Rich,0,Slow,3,1.4,4.0,2.6,105
364,3,97,Rich,0,Slow,0,1.4,10.0,8.6,104
365,3,97,Rich,4,Shigh,2,6.0,8.6,2.5999999999999996,63
366,3,97,Rich,1,Slow,4,2.0,2.5999999999999996,0.5999999999999996,100
367,3,98,Rich,0,Slow,0,1.4,10.0,8.6,103
368,3,98,Rich,1,Slow,3,2.0,8.6,6.6,99
369,3,99,Rich,2,Slow,4,2.0,10.0,8.0,109
370,4,0,Poor,0,Slow,1,1.4,3.0,1.6,129
371,4,1,Poor,1,Slow,2,2.0,3.0,1.0,129
372,4,4,Poor,1,Slow,1,2.0,3.0,1.0,128
373,4,6,Poor,0,Slow,3,1.4,3.0,1.6,128
374,4,7,Poor,1,Slow,2,2.0,3.0,1.0,127
375,4,11,Poor,1,Slow,1,2.0,3.0,1.0,126
376,4,12,Poor,1,Slow,0,2.0,3.0,1.0,125
377,4,15,Poor,2,Slow,0,2.0,3.0,1.0,129
378,4,17,Poor,2,Slow,1,2.0,3.0,1.0,128
379,4,18,Poor,1,Slow,0,2.0,3.0,1.0,124
380,4,20,Poor,0,Slow,3,1.4,3.0,1.6,127
381,4,21,Poor,0,Slow,4,1.4,3.0,1.6,126
382,4,22,Poor,2,Slow,2,2.0,3.0,1.0,127
383,4,23,Poor,2,Slow,4,2.0,3.0,1.0,126
384,4,25,Poor,1,Slow,1,2.0,3.0,1.0,123
385,4,26,Poor,0,Slow,3,1.4,3.0,1.6,125
386,4,27,Poor,0,Slow,0,1.4,3.0,1.6,124
387,4,29,Poor,1,Slow,2,2.0,3.0,1.0,122
388,4,30,Poor,1,Slow,1,2.0,3.0,1.0,121
389,4,31,Poor,1,Slow,2,2.0,3.0,1.0,120
390,4,32,Poor,2,Slow,0,2.0,3.0,1.0,125
391,4,33,Poor,0,Slow,0,1.4,3.0,1.6,123
392,4,34,Poor,0,Slow,4,1.4,3.0,1.6,122
393,4,36,Poor,2,Slow,2,2.0,3.0,1.0,124
394,4,38,Poor,0,Slow,1,1.4,3.0,1.6,121
395,4,39,Poor,1,Slow,2,2.0,3.0,1.0,119
396,4,40,Poor,0,Slow,0,1.4,3.0,1.6,120
397,4,42,Poor,2,Slow,3,2.0,3.0,1.0,123
398,4,43,Poor,1,Slow,3,2.0,3.0,1.0,118
399,4,44,Poor,0,Slow,0,1.4,3.0,1.6,119
400,4,45,Poor,1,Slow,2,2.0,3.0,1.0,117
401,4,46,Poor,0,Slow,0,1.4,3.0,1.6,118
402,4,47,Poor,2,Slow,1,2.0,3.0,1.0,122
403,4,49,Poor,0,Slow,3,1.4,3.0,1.6,117
404,4,50,Poor,0,Slow,3,1.4,3.0,1.6,116
405,4,53,Poor,0,Slow,2,1.4,3.0,1.6,115
406,4,54,Poor,1,Slow,1,2.0,3.0,1.0,116
407,4,55,Poor,1,Slow,2,2.0,3.0,1.0,115
408,4,56,Poor,2,Slow,4,2.0,3.0,1.0,121
409,4,57,Poor,2,Slow,3,2.0,3.0,1.0,120
410,4,58,Poor,0,Slow,2,1.4,3.0,1.6,114
411,4,59,Poor,0,Slow,1,1.4,3.0,1.6,113
412,4,61,Poor,1,Slow,1,2.0,3.0,1.0,114
413,4,62,Poor,0,Slow,1,1.4,3.0,1.6,112
414,4,64,Poor,2,Slow,1,2.0,3.0,1.0,119
415,4,65,Poor,2,Slow,1,2.0,3.0,1.0,118
416,4,66,Poor,2,Slow,0,2.0,3.0,1.0,117
417,4,67,Poor,1,Slow,3,2.0,3.0,1.0,113
418,4,68,Poor,0,Slow,0,1.4,3.0,1.6,111
419,4,70,Middle,2,Slow,2,2.0,7.0,5.0,116
420,4,72,Middle,0,Slow,3,1.4,7.0,5.6,110
421,4,73,Middle,0,Slow,2,1.4,7.0,5.6,109
422,4,74,Middle,3,Shigh,0,6.0,7.0,1.0,69
423,4,75,Middle,0,Slow,2,1.4,7.0,5.6,108
424,4,76,Middle,1,Slow,2,2.0,7.0,5.0,112
425,4,76,Middle,0,Slow,3,1.4,5.0,3.6,107
426,4,77,Middle,4,Shigh,0,6.0,7.0,1.0,69
427,4,78,Middle,3,Shigh,1,6.0,7.0,1.0,68
428,4,80,Middle,3,Shigh,1,6.0,7.0,1.0,67
429,4,81,Middle,2,Slow,2,2.0,7.0,5.0,115
430,4,82,Middle,3,Shigh,1,6.0,7.0,1.0,66
431,4,83,Middle,4,Shigh,2,6.0,7.0,1.0,68
432,4,84,Middle,0,Slow,1,1.4,7.0,5.6,106
433,4,84,Middle,1,Slow,2,2.0,5.6,3.5999999999999996,111
434,4,84,Middle,2,Slow,3,2.0,3.5999999999999996,1.5999999999999996,114
435,4,85,Middle,0,Slow,0,1.4,7.0,5.6,105
436,4,85,Middle,1,Slow,4,2.0,5.6,3.5999999999999996,110
437,4,86,Middle,0,Slow,2,1.4,7.0,5.6,104
438,4,86,Middle,2,Slow,4,2.0,5.6,3.5999999999999996,113
439,4,87,Middle,3,Shigh,2,6.0,7.0,1.0,65
440,4,88,Middle,3,Shigh,1,6.0,7.0,1.0,64
441,4,89,Middle,1,Slow,0,2.0,7.0,5.0,109
442,4,90,Rich,1,Slow,1,2.0,10.0,8.0,108
443,4,90,Rich,0,Slow,2,1.4,8.0,6.6,103
444,4,90,Rich,3,Shigh,3,6.0,6.6,0.5999999999999996,63
445,4,91,Rich,0,Slow,2,1.4,10.0,8.6,102
446,4,93,Rich,3,Shigh,0,6.0,10.0,4.0,62
447,4,93,Rich,1,Slow,2,2.0,4.0,2.0,107
448,4,94,Rich,0,Slow,3,1.4,10.0,8.6,101
449,4,95,Rich,4,Shigh,0,6.0,10.0,4.0,67
450,4,95,Rich,2,Slow,1,2.0,4.0,2.0,112
451,4,95,Rich,1,Slow,4,2.0,2.0,0.0,106
452,4,96,Rich,4,Shigh,1,6.0,10.0,4.0,66
453,4,96,Rich,0,Slow,4,1.4,4.0,2.6,100
454,4,97,Rich,2,Slow,0,2.0,10.0,8.0,111
455,4,97,Rich,1,Slow,1,2.0,8.0,6.0,105
456,4,98,Rich,2,Slow,0,2.0,10.0,8.0,110
457,4,98,Rich,0,Slow,4,1.4,8.0,6.6,99
458,4,99,Rich,4,Shigh,0,6.0,10.0,4.0,65
459,4,99,Rich,0,Slow,2,1.4,4.0,2.6,98
460,5,0,Poor,0,Slow,0,1.4,3.0,1.6,129
461,5,1,Poor,0,Slow,3,1.4,3.0,1.6,128
462,5,2,Poor,1,Slow,3,2.0,3.0,1.0,129
463,5,3,Poor,2,Slow,1,2.0,3.0,1.0,129
464,5,5,Poor,2,Slow,0,2.0,3.0,1.0,128
465,5,6,Poor,2,Slow,1,2.0,3.0,1.0,127
466,5,8,Poor,0,Slow,2,1.4,3.0,1.6,127
467,5,9,Poor,1,Slow,1,2.0,3.0,1.0,128
468,5,11,Poor,0,Slow,1,1.4,3.0,1.6,126
469,5,12,Poor,1,Slow,3,2.0,3.0,1.0,127
470,5,13,Poor,1,Slow,1,2.0,3.0,1.0,126
471,5,15,Poor,1,Slow,3,2.0,3.0,1.0,125
472,5,17,Poor,1,Slow,3,2.0,3.0,1.0,124
473,5,18,Poor,1,Slow,0,2.0,3.0,1.0,123
474,5,19,Poor,0,Slow,4,1.4,3.0,1.6,125
475,5,20,Poor,1,Slow,3,2.0,3.0,1.0,122
476,5,21,Poor,0,Slow,3,1.4,3.0,1.6,124
477,5,23,Poor,2,Slow,1,2.0,3.0,1.0,126
478,5,24,Poor,1,Slow,4,2.0,3.0,1.0,121
479,5,25,Poor,2,Slow,0,2.0,3.0,1.0,125
480,5,26,Poor,1,Slow,2,2.0,3.0,1.0,120
481,5,27,Poor,2,Slow,3,2.0,3.0,1.0,124
482,5,28,Poor,0,Slow,4,1.4,3.0,1.6,123
483,5,29,Poor,1,Slow,3,2.0,3.0,1.0,119
484,5,31,Poor,0,Slow,1,1.4,3.0,1.6,122
485,5,32,Poor,1,Slow,3,2.0,3.0,1.0,118
486,5,33,Poor,2,Slow,0,2.0,3.0,1.0,123
487,5,34,Poor,2,Slow,0,2.0,3.0,1.0,122
488,5,35,Poor,0,Slow,3,1.4,3.0,1.6,121
489,5,39,Poor,2,Slow,4,2.0,3.0,1.0,121
490,5,40,Poor,1,Slow,1,2.0,3.0,1.0,117
491,5,42,Poor,0,Slow,2,1.4,3.0,1.6,120
492,5,43,Poor,2,Slow,2,2.0,3.0,1.0,120
493,5,44,Poor,2,Slow,2,2.0,3.0,1.0,119
494,5,45,Poor,1,Slow,2,2.0,3.0,1.0,116
495,5,46,Poor,0,Slow,0,1.4,3.0,1.6,119
496,5,47,Poor,1,Slow,4,2.0,3.0,1.0,115
497,5,48,Poor,2,Slow,0,2.0,3.0,1.0,118
498,5,51,Poor,0,Slow,0,1.4,3.0,1.6,118
499,5,52,Poor,1,Slow,1,2.0,3.0,1.0,114
500,5,53,Poor,1,Slow,0,2.0,3.0,1.0,113
501,5,54,Poor,1,Slow,1,2.0,3.0,1.0,112
502,5,56,Poor,1,Slow,0,2.0,3.0,1.0,111
503,5,58,Poor,0,Slow,2,1.4,3.0,1.6,117
504,5,59,Poor,2,Slow,3,2.0,3.0,1.0,117
505,5,60,Poor,2,Slow,1,2.0,3.0,1.0,116
506,5,62,Poor,2,Slow,0,2.0,3.0,1.0,115
507,5,63,Poor,1,Slow,1,2.0,3.0,1.0,110
508,5,64,Poor,1,Slow,0,2.0,3.0,1.0,109
509,5,65,Poor,2,Slow,1,2.0,3.0,1.0,114
510,5,66,Poor,2,Slow,0,2.0,3.0,1.0,113
511,5,67,Poor,0,Slow,4,1.4,3.0,1.6,116
512,5,68,Poor,0,Slow,2,1.4,3.0,1.6,115
513,5,69,Poor,2,Slow,0,2.0,3.0,1.0,112
514,5,70,Middle,0,Slow,4,1.4,7.0,5.6,114
515,5,71,Middle,4,Shigh,1,6.0,7.0,1.0,69
516,5,73,Middle,4,Shigh,1,6.0,7.0,1.0,68
517,5,74,Middle,0,Slow,0,1.4,7.0,5.6,113
518,5,75,Middle,1,Slow,0,2.0,7.0,5.0,108
519,5,75,Middle,2,Slow,2,2.0,5.0,3.0,111
520,5,75,Middle,0,Slow,3,1.4,3.0,1.6,112
521,5,76,Middle,1,Slow,4,2.0,7.0,5.0,107
522,5,77,Middle,1,Slow,0,2.0,7.0,5.0,106
523,5,77,Middle,0,Slow,3,1.4,5.0,3.6,111
524,5,78,Middle,2,Slow,2,2.0,7.0,5.0,110
525,5,79,Middle,3,Shigh,2,6.0,7.0,1.0,69
526,5,80,Middle,4,Shigh,2,6.0,7.0,1.0,67
527,5,82,Middle,3,Shigh,0,6.0,7.0,1.0,68
528,5,83,Middle,0,Slow,1,1.4,7.0,5.6,110
529,5,84,Middle,3,Shigh,0,6.0,7.0,1.0,67
530,5,85,Middle,0,Slow,0,1.4,7.0,5.6,109
531,5,86,Middle,4,Shigh,2,6.0,7.0,1.0,66
532,5,87,Middle,2,Slow,1,2.0,7.0,5.0,109
533,5,89,Middle,2,Slow,3,2.0,7.0,5.0,108
534,5,90,Rich,2,Slow,0,2.0,10.0,8.0,107
535,5,90,Rich,4,Shigh,1,6.0,8.0,2.0,65
536,5,91,Rich,2,Slow,0,2.0,10.0,8.0,106
537,5,91,Rich,0,Slow,3,1.4,8.0,6.6,108
538,5,92,Rich,0,Slow,0,1.4,10.0,8.6,107
539,5,92,Rich,2,Slow,2,2.0,8.6,6.6,105
540,5,92,Rich,3,Shigh,4,6.0,6.6,0.5999999999999996,66
541,5,93,Rich,0,Slow,0,1.4,10.0,8.6,106
542,5,94,Rich,1,Slow,0,2.0,10.0,8.0,105
543,5,94,Rich,0,Slow,1,1.4,8.0,6.6,105
544,5,95,Rich,3,Shigh,1,6.0,10.0,4.0,65
545,5,95,Rich,0,Slow,2,1.4,4.0,2.6,104
546,5,96,Rich,4,Shigh,0,6.0,10.0,4.0,64
547,5,96,Rich,0,Slow,3,1.4,4.0,2.6,103
548,5,97,Rich,1,Slow,2,2.0,10.0,8.0,104
549,5,97,Rich,4,Shigh,4,6.0,8.0,2.0,63
550,5,98,Rich,4,Shigh,1,6.0,10.0,4.0,62
551,5,98,Rich,2,Slow,4,2.0,4.0,2.0,104
552,5,99,Rich,4,Shigh,0,6.0,10.0,4.0,61
553,6,0,Poor,0,Slow,3,1.4,3.0,1.6,129
554,6,2,Poor,1,Slow,4,2.0,3.0,1.0,129
555,6,3,Poor,0,Slow,3,1.4,3.0,1.6,128
556,6,5,Poor,1,Slow,2,2.0,3.0,1.0,128
557,6,6,Poor,2,Slow,2,2.0,3.0,1.0,129
558,6,7,Poor,1,Slow,0,2.0,3.0,1.0,127
559,6,8,Poor,1,Slow,4,2.0,3.0,1.0,126
560,6,9,Poor,0,Slow,1,1.4,3.0,1.6,127
561,6,11,Poor,1,Slow,4,2.0,3.0,1.0,125
562,6,12,Poor,0,Slow,2,1.4,3.0,1.6,126
563,6,13,Poor,2,Slow,0,2.0,3.0,1.0,128
564,6,14,Poor,2,Slow,0,2.0,3.0,1.0,127
565,6,15,Poor,2,Slow,0,2.0,3.0,1.0,126
566,6,16,Poor,0,Slow,1,1.4,3.0,1.6,125
567,6,18,Poor,2,Slow,1,2.0,3.0,1.0,125
568,6,20,Poor,0,Slow,0,1.4,3.0,1.6,124
569,6,21,Poor,0,Slow,2,1.4,3.0,1.6,123
570,6,22,Poor,0,Slow,3,1.4,3.0,1.6,122
571,6,23,Poor,1,Slow,1,2.0,3.0,1.0,124
572,6,24,Poor,2,Slow,0,2.0,3.0,1.0,124
573,6,25,Poor,1,Slow,0,2.0,3.0,1.0,123
574,6,26,Poor,1,Slow,1,2.0,3.0,1.0,122
575,6,27,Poor,1,Slow,1,2.0,3.0,1.0,121
576,6,28,Poor,0,Slow,0,1.4,3.0,1.6,121
577,6,29,Poor,0,Slow,2,1.4,3.0,1.6,120
578,6,30,Poor,1,Slow,2,2.0,3.0,1.0,120
579,6,31,Poor,0,Slow,2,1.4,3.0,1.6,119
580,6,32,Poor,1,Slow,4,2.0,3.0,1.0,119
581,6,34,Poor,1,Slow,4,2.0,3.0,1.0,118
582,6,35,Poor,0,Slow,1,1.4,3.0,1.6,118
583,6,36,Poor,1,Slow,4,2.0,3.0,1.0,117
584,6,37,Poor,2,Slow,1,2.0,3.0,1.0,123
585,6,38,Poor,2,Slow,3,2.0,3.0,1.0,122
586,6,39,Poor,2,Slow,0,2.0,3.0,1.0,121
587,6,41,Poor,0,Slow,0,1.4,3.0,1.6,117
588,6,42,Poor,2,Slow,3,2.0,3.0,1.0,120
589,6,44,Poor,0,Slow,2,1.4,3.0,1.6,116
590,6,47,Poor,0,Slow,1,1.4,3.0,1.6,115
591,6,48,Poor,2,Slow,2,2.0,3.0,1.0,119
592,6,49,Poor,0,Slow,0,1.4,3.0,1.6,114
593,6,50,Poor,1,Slow,4,2.0,3.0,1.0,116
594,6,51,Poor,1,Slow,2,2.0,3.0,1.0,115
595,6,53,Poor,2,Slow,0,2.0,3.0,1.0,118
596,6,54,Poor,1,Slow,0,2.0,3.0,1.0,114
597,6,56,Poor,2,Slow,0,2.0,3.0,1.0,117
598,6,58,Poor,0,Slow,3,1.4,3.0,1.6,113
599,6,60,Poor,1,Slow,2,2.0,3.0,1.0,113
600,6,61,Poor,1,Slow,2,2.0,3.0,1.0,112
601,6,62,Poor,0,Slow,4,1.4,3.0,1.6,112
602,6,63,Poor,1,Slow,0,2.0,3.0,1.0,111
603,6,64,Poor,0,Slow,1,1.4,3.0,1.6,111
604,6,66,Poor,2,Slow,0,2.0,3.0,1.0,116
605,6,67,Poor,2,Slow,1,2.0,3.0,1.0,115
606,6,69,Poor,2,Slow,4,2.0,3.0,1.0,114
607,6,70,Middle,0,Slow,3,1.4,7.0,5.6,110
608,6,71,Middle,3,Shigh,1,6.0,7.0,1.0,69
609,6,74,Middle,3,Shigh,1,6.0,7.0,1.0,68
610,6,75,Middle,0,Slow,0,1.4,7.0,5.6,109
611,6,75,Middle,2,Slow,2,2.0,5.6,3.5999999999999996,113
612,6,76,Middle,0,Slow,0,1.4,7.0,5.6,108
613,6,78,Middle,3,Shigh,3,6.0,7.0,1.0,67
614,6,79,Middle,3,Shigh,2,6.0,7.0,1.0,66
615,6,80,Middle,1,Slow,0,2.0,7.0,5.0,110
616,6,81,Middle,4,Shigh,3,6.0,7.0,1.0,69
617,6,84,Middle,4,Shigh,0,6.0,7.0,1.0,68
618,6,86,Middle,3,Shigh,3,6.0,7.0,1.0,65
619,6,87,Middle,1,Slow,4,2.0,7.0,5.0,109
620,6,88,Middle,0,Slow,3,1.4,7.0,5.6,107
621,6,89,Middle,4,Shigh,0,6.0,7.0,1.0,67
622,6,90,Rich,4,Shigh,0,6.0,10.0,4.0,66
623,6,90,Rich,1,Slow,2,2.0,4.0,2.0,108
624,6,90,Rich,0,Slow,3,1.4,2.0,0.6000000000000001,106
625,6,91,Rich,0,Slow,0,1.4,10.0,8.6,105
626,6,91,Rich,4,Shigh,1,6.0,8.6,2.5999999999999996,65
627,6,92,Rich,1,Slow,0,2.0,10.0,8.0,107
628,6,92,Rich,4,Shigh,3,6.0,8.0,2.0,64
629,6,93,Rich,1,Slow,0,2.0,10.0,8.0,106
630,6,93,Rich,3,Shigh,3,6.0,8.0,2.0,64
631,6,94,Rich,2,Slow,1,2.0,10.0,8.0,112
632,6,94,Rich,3,Shigh,3,6.0,8.0,2.0,63
633,6,95,Rich,3,Shigh,0,6.0,10.0,4.0,62
634,6,95,Rich,1,Slow,3,2.0,4.0,2.0,105
635,6,95,Rich,0,Slow,4,1.4,2.0,0.6000000000000001,104
636,6,96,Rich,4,Shigh,2,6.0,10.0,4.0,63
637,6,96,Rich,0,Slow,3,1.4,4.0,2.6,103
638,6,97,Rich,3,Shigh,0,6.0,10.0,4.0,61
639,6,97,Rich,0,Slow,4,1.4,4.0,2.6,102
640,6,99,Rich,3,Shigh,0,6.0,10.0,4.0,60
641,6,99,Rich,1,Slow,3,2.0,4.0,2.0,104
642,6,99,Rich,0,Slow,4,1.4,2.0,0.6000000000000001,101
643,7,0,Poor,1,Slow,0,2.0,3.0,1.0,129
644,7,1,Poor,2,Slow,1,2.0,3.0,1.0,129
645,7,2,Poor,0,Slow,2,1.4,3.0,1.6,129
646,7,3,Poor,1,Slow,2,2.0,3.0,1.0,128
647,7,4,Poor,0,Slow,1,1.4,3.0,1.6,128
648,7,5,Poor,1,Slow,3,2.0,3.0,1.0,127
649,7,7,Poor,1,Slow,0,2.0,3.0,1.0,126
650,7,8,Poor,1,Slow,2,2.0,3.0,1.0,125
651,7,9,Poor,0,Slow,0,1.4,3.0,1.6,127
652,7,11,Poor,0,Slow,0,1.4,3.0,1.6,126
653,7,12,Poor,1,Slow,1,2.0,3.0,1.0,124
654,7,14,Poor,0,Slow,1,1.4,3.0,1.6,125
655,7,15,Poor,0,Slow,1,1.4,3.0,1.6,124
656,7,16,Poor,1,Slow,2,2.0,3.0,1.0,123
657,7,17,Poor,0,Slow,1,1.4,3.0,1.6,123
658,7,18,Poor,2,Slow,0,2.0,3.0,1.0,128
659,7,19,Poor,2,Slow,1,2.0,3.0,1.0,127
660,7,20,Poor,1,Slow,0,2.0,3.0,1.0,122
661,7,21,Poor,2,Slow,1,2.0,3.0,1.0,126
662,7,24,Poor,0,Slow,3,1.4,3.0,1.6,122
663,7,25,Poor,1,Slow,1,2.0,3.0,1.0,121
664,7,26,Poor,1,Slow,0,2.0,3.0,1.0,120
665,7,27,Poor,1,Slow,1,2.0,3.0,1.0,119
666,7,28,Poor,1,Slow,1,2.0,3.0,1.0,118
667,7,31,Poor,0,Slow,2,1.4,3.0,1.6,121
668,7,32,Poor,0,Slow,4,1.4,3.0,1.6,120
669,7,34,Poor,2,Slow,1,2.0,3.0,1.0,125
670,7,35,Poor,0,Slow,1,1.4,3.0,1.6,119
671,7,38,Poor,2,Slow,0,2.0,3.0,1.0,124
672,7,39,Poor,0,Slow,4,1.4,3.0,1.6,118
673,7,40,Poor,0,Slow,3,1.4,3.0,1.6,117
674,7,41,Poor,2,Slow,1,2.0,3.0,1.0,123
675,7,43,Poor,1,Slow,0,2.0,3.0,1.0,117
676,7,44,Poor,0,Slow,0,1.4,3.0,1.6,116
677,7,46,Poor,0,Slow,4,1.4,3.0,1.6,115
678,7,47,Poor,2,Slow,1,2.0,3.0,1.0,122
679,7,49,Poor,0,Slow,0,1.4,3.0,1.6,114
680,7,50,Poor,1,Slow,0,2.0,3.0,1.0,116
681,7,53,Poor,2,Slow,0,2.0,3.0,1.0,121
682,7,55,Poor,0,Slow,0,1.4,3.0,1.6,113
683,7,56,Poor,1,Slow,1,2.0,3.0,1.0,115
684,7,57,Poor,2,Slow,2,2.0,3.0,1.0,120
685,7,58,Poor,0,Slow,2,1.4,3.0,1.6,112
686,7,59,Poor,2,Slow,0,2.0,3.0,1.0,119
687,7,60,Poor,0,Slow,3,1.4,3.0,1.6,111
688,7,62,Poor,1,Slow,0,2.0,3.0,1.0,114
689,7,63,Poor,0,Slow,0,1.4,3.0,1.6,110
690,7,64,Poor,1,Slow,4,2.0,3.0,1.0,113
691,7,66,Poor,0,Slow,0,1.4,3.0,1.6,109
692,7,67,Poor,0,Slow,3,1.4,3.0,1.6,108
693,7,68,Poor,0,Slow,1,1.4,3.0,1.6,107
694,7,70,Middle,0,Slow,2,1.4,7.0,5.6,106
695,7,71,Middle,1,Slow,4,2.0,7.0,5.0,112
696,7,72,Middle,4,Shigh,0,6.0,7.0,1.0,69
697,7,73,Middle,1,Slow,0,2.0,7.0,5.0,111
698,7,74,Middle,0,Slow,2,1.4,7.0,5.6,105
699,7,75,Middle,0,Slow,4,1.4,7.0,5.6,104
700,7,76,Middle,1,Slow,3,2.0,7.0,5.0,110
701,7,77,Middle,0,Slow,0,1.4,7.0,5.6,103
702,7,78,Middle,1,Slow,2,2.0,7.0,5.0,109
703,7,78,Middle,0,Slow,3,1.4,5.0,3.6,102
704,7,79,Middle,3,Shigh,2,6.0,7.0,1.0,69
705,7,80,Middle,1,Slow,0,2.0,7.0,5.0,108
706,7,80,Middle,2,Slow,1,2.0,5.0,3.0,118
707,7,81,Middle,4,Shigh,3,6.0,7.0,1.0,68
708,7,83,Middle,2,Slow,0,2.0,7.0,5.0,117
709,7,83,Middle,0,Slow,3,1.4,5.0,3.6,101
710,7,84,Middle,0,Slow,0,1.4,7.0,5.6,100
711,7,85,Middle,4,Shigh,0,6.0,7.0,1.0,67
712,7,86,Middle,2,Slow,1,2.0,7.0,5.0,116
713,7,86,Middle,0,Slow,2,1.4,5.0,3.6,99
714,7,87,Middle,1,Slow,0,2.0,7.0,5.0,107
715,7,87,Middle,0,Slow,3,1.4,5.0,3.6,98
716,7,88,Middle,0,Slow,0,1.4,7.0,5.6,97
717,7,89,Middle,3,Shigh,4,6.0,7.0,1.0,68
718,7,90,Rich,3,Shigh,0,6.0,10.0,4.0,67
719,7,90,Rich,0,Slow,1,1.4,4.0,2.6,96
720,7,90,Rich,2,Slow,2,2.0,2.6,0.6000000000000001,115
721,7,91,Rich,1,Slow,0,2.0,10.0,8.0,106
722,7,92,Rich,2,Slow,0,2.0,10.0,8.0,114
723,7,92,Rich,1,Slow,1,2.0,8.0,6.0,105
724,7,92,Rich,0,Slow,4,1.4,6.0,4.6,95
725,7,93,Rich,0,Slow,3,1.4,10.0,8.6,94
726,7,94,Rich,2,Slow,0,2.0,10.0,8.0,113
727,7,94,Rich,3,Shigh,1,6.0,8.0,2.0,66
728,7,95,Rich,1,Slow,1,2.0,10.0,8.0,104
729,7,95,Rich,0,Slow,2,1.4,8.0,6.6,93
730,7,96,Rich,1,Slow,3,2.0,10.0,8.0,103
731,7,97,Rich,1,Slow,0,2.0,10.0,8.0,102
732,7,97,Rich,4,Shigh,1,6.0,8.0,2.0,66
733,7,99,Rich,0,Slow,1,1.4,10.0,8.6,92
734,7,99,Rich,1,Slow,2,2.0,8.6,6.6,101
735,8,1,Poor,0,Slow,3,1.4,3.0,1.6,129
736,8,5,Poor,0,Slow,4,1.4,3.0,1.6,128
737,8,6,Poor,0,Slow,2,1.4,3.0,1.6,127
738,8,7,Poor,0,Slow,3,1.4,3.0,1.6,126
739,8,8,Poor,0,Slow,4,1.4,3.0,1.6,125
740,8,9,Poor,1,Slow,3,2.0,3.0,1.0,129
741,8,10,Poor,0,Slow,1,1.4,3.0,1.6,124
742,8,13,Poor,2,Slow,2,2.0,3.0,1.0,129
743,8,14,Poor,1,Slow,0,2.0,3.0,1.0,128
744,8,16,Poor,0,Slow,0,1.4,3.0,1.6,123
745,8,17,Poor,2,Slow,0,2.0,3.0,1.0,128
746,8,18,Poor,0,Slow,3,1.4,3.0,1.6,122
747,8,21,Poor,2,Slow,0,2.0,3.0,1.0,127
748,8,23,Poor,0,Slow,0,1.4,3.0,1.6,121
749,8,24,Poor,1,Slow,4,2.0,3.0,1.0,127
750,8,25,Poor,2,Slow,1,2.0,3.0,1.0,126
751,8,28,Poor,1,Slow,0,2.0,3.0,1.0,126
752,8,29,Poor,2,Slow,0,2.0,3.0,1.0,125
753,8,31,Poor,1,Slow,0,2.0,3.0,1.0,125
754,8,33,Poor,2,Slow,2,2.0,3.0,1.0,124
755,8,34,Poor,1,Slow,4,2.0,3.0,1.0,124
756,8,35,Poor,1,Slow,4,2.0,3.0,1.0,123
757,8,36,Poor,0,Slow,4,1.4,3.0,1.6,120
758,8,37,Poor,0,Slow,0,1.4,3.0,1.6,119
759,8,38,Poor,0,Slow,1,1.4,3.0,1.6,118
760,8,39,Poor,1,Slow,0,2.0,3.0,1.0,122
761,8,40,Poor,0,Slow,3,1.4,3.0,1.6,117
762,8,41,Poor,0,Slow,0,1.4,3.0,1.6,116
763,8,43,Poor,2,Slow,2,2.0,3.0,1.0,123
764,8,45,Poor,1,Slow,0,2.0,3.0,1.0,121
765,8,46,Poor,0,Slow,1,1.4,3.0,1.6,115
766,8,48,Poor,0,Slow,0,1.4,3.0,1.6,114
767,8,49,Poor,0,Slow,2,1.4,3.0,1.6,113
768,8,51,Poor,2,Slow,2,2.0,3.0,1.0,122
769,8,52,Poor,0,Slow,0,1.4,3.0,1.6,112
770,8,53,Poor,1,Slow,1,2.0,3.0,1.0,120
771,8,54,Poor,2,Slow,2,2.0,3.0,1.0,121
772,8,55,Poor,1,Slow,4,2.0,3.0,1.0,119
773,8,56,Poor,2,Slow,1,2.0,3.0,1.0,120
774,8,57,Poor,1,Slow,3,2.0,3.0,1.0,118
775,8,58,Poor,2,Slow,3,2.0,3.0,1.0,119
776,8,59,Poor,1,Slow,0,2.0,3.0,1.0,117
777,8,60,Poor,0,Slow,0,1.4,3.0,1.6,111
778,8,64,Poor,2,Slow,0,2.0,3.0,1.0,118
779,8,66,Poor,0,Slow,2,1.4,3.0,1.6,110
780,8,69,Poor,0,Slow,0,1.4,3.0,1.6,109
781,8,70,Middle,0,Slow,2,1.4,7.0,5.6,108
782,8,71,Middle,3,Shigh,0,6.0,7.0,1.0,69
783,8,72,Middle,0,Slow,0,1.4,7.0,5.6,107
784,8,72,Middle,1,Slow,1,2.0,5.6,3.5999999999999996,116
785,8,73,Middle,0,Slow,0,1.4,7.0,5.6,106
786,8,74,Middle,0,Slow,0,1.4,7.0,5.6,105
787,8,74,Middle,2,Slow,2,2.0,5.6,3.5999999999999996,117
788,8,74,Middle,1,Slow,3,2.0,3.5999999999999996,1.5999999999999996,115
789,8,75,Middle,2,Slow,2,2.0,7.0,5.0,116
790,8,76,Middle,1,Slow,2,2.0,7.0,5.0,114
791,8,76,Middle,0,Slow,4,1.4,5.0,3.6,104
792,8,77,Middle,2,Slow,0,2.0,7.0,5.0,115
793,8,77,Middle,0,Slow,3,1.4,5.0,3.6,103
794,8,77,Middle,1,Slow,4,2.0,3.6,1.6,113
795,8,78,Middle,1,Slow,0,2.0,7.0,5.0,112
796,8,78,Middle,0,Slow,4,1.4,5.0,3.6,102
797,8,79,Middle,2,Slow,1,2.0,7.0,5.0,114
798,8,79,Middle,1,Slow,3,2.0,5.0,3.0,111
799,8,80,Middle,0,Slow,2,1.4,7.0,5.6,101
800,8,81,Middle,4,Shigh,0,6.0,7.0,1.0,69
801,8,82,Middle,3,Shigh,0,6.0,7.0,1.0,68
802,8,83,Middle,1,Slow,1,2.0,7.0,5.0,110
803,8,84,Middle,0,Slow,2,1.4,7.0,5.6,100
804,8,85,Middle,2,Slow,3,2.0,7.0,5.0,113
805,8,85,Middle,1,Slow,4,2.0,5.0,3.0,109
806,8,86,Middle,3,Shigh,2,6.0,7.0,1.0,67
807,8,87,Middle,2,Slow,0,2.0,7.0,5.0,112
808,8,88,Middle,0,Slow,0,1.4,7.0,5.6,99
809,8,88,Middle,1,Slow,3,2.0,5.6,3.5999999999999996,108
810,8,89,Middle,4,Shigh,0,6.0,7.0,1.0,68
811,8,90,Rich,3,Shigh,0,6.0,10.0,4.0,66
812,8,90,Rich,1,Slow,2,2.0,4.0,2.0,107
813,8,92,Rich,4,Shigh,0,6.0,10.0,4.0,67
814,8,92,Rich,1,Slow,4,2.0,4.0,2.0,106
815,8,93,Rich,0,Slow,0,1.4,10.0,8.6,98
816,8,94,Rich,2,Slow,0,2.0,10.0,8.0,111
817,8,94,Rich,0,Slow,1,1.4,8.0,6.6,97
818,8,94,Rich,1,Slow,4,2.0,6.6,4.6,105
819,8,95,Rich,2,Slow,2,2.0,10.0,8.0,110
820,8,96,Rich,0,Slow,1,1.4,10.0,8.6,96
821,8,97,Rich,2,Slow,3,2.0,10.0,8.0,109
822,8,98,Rich,0,Slow,0,1.4,10.0,8.6,95
823,8,98,Rich,4,Shigh,2,6.0,8.6,2.5999999999999996,66
824,8,99,Rich,3,Shigh,1,6.0,10.0,4.0,65
825,8,99,Rich,0,Slow,3,1.4,4.0,2.6,94
826,9,0,Poor,0,Slow,0,1.4,3.0,1.6,129
827,9,1,Poor,1,Slow,4,2.0,3.0,1.0,129
828,9,2,Poor,2,Slow,3,2.0,3.0,1.0,129
829,9,5,Poor,0,Slow,0,1.4,3.0,1.6,128
830,9,7,Poor,2,Slow,0,2.0,3.0,1.0,128
831,9,8,Poor,1,Slow,1,2.0,3.0,1.0,128
832,9,9,Poor,2,Slow,0,2.0,3.0,1.0,127
833,9,11,Poor,1,Slow,3,2.0,3.0,1.0,127
834,9,12,Poor,2,Slow,1,2.0,3.0,1.0,126
835,9,14,Poor,0,Slow,3,1.4,3.0,1.6,127
836,9,16,Poor,2,Slow,1,2.0,3.0,1.0,125
837,9,17,Poor,2,Slow,4,2.0,3.0,1.0,124
838,9,18,Poor,2,Slow,1,2.0,3.0,1.0,123
839,9,23,Poor,2,Slow,3,2.0,3.0,1.0,122
840,9,24,Poor,0,Slow,1,1.4,3.0,1.6,126
841,9,26,Poor,0,Slow,2,1.4,3.0,1.6,125
842,9,27,Poor,1,Slow,2,2.0,3.0,1.0,126
843,9,29,Poor,1,Slow,1,2.0,3.0,1.0,125
844,9,31,Poor,0,Slow,4,1.4,3.0,1.6,124
845,9,32,Poor,0,Slow,1,1.4,3.0,1.6,123
846,9,33,Poor,0,Slow,1,1.4,3.0,1.6,122
847,9,34,Poor,0,Slow,4,1.4,3.0,1.6,121
848,9,35,Poor,2,Slow,1,2.0,3.0,1.0,121
849,9,36,Poor,1,Slow,0,2.0,3.0,1.0,124
850,9,38,Poor,2,Slow,2,2.0,3.0,1.0,120
851,9,39,Poor,1,Slow,0,2.0,3.0,1.0,123
852,9,40,Poor,1,Slow,2,2.0,3.0,1.0,122
853,9,41,Poor,2,Slow,2,2.0,3.0,1.0,119
854,9,42,Poor,1,Slow,2,2.0,3.0,1.0,121
855,9,43,Poor,1,Slow,4,2.0,3.0,1.0,120
856,9,46,Poor,0,Slow,1,1.4,3.0,1.6,120
857,9,48,Poor,2,Slow,2,2.0,3.0,1.0,118
858,9,49,Poor,0,Slow,0,1.4,3.0,1.6,119
859,9,50,Poor,2,Slow,3,2.0,3.0,1.0,117
860,9,51,Poor,1,Slow,1,2.0,3.0,1.0,119
861,9,54,Poor,1,Slow,0,2.0,3.0,1.0,118
862,9,55,Poor,2,Slow,0,2.0,3.0,1.0,116
863,9,56,Poor,2,Slow,2,2.0,3.0,1.0,115
864,9,57,Poor,0,Slow,0,1.4,3.0,1.6,118
865,9,58,Poor,2,Slow,1,2.0,3.0,1.0,114
866,9,59,Poor,2,Slow,0,2.0,3.0,1.0,113
867,9,60,Poor,1,Slow,0,2.0,3.0,1.0,117
868,9,62,Poor,0,Slow,0,1.4,3.0,1.6,117
869,9,64,Poor,1,Slow,0,2.0,3.0,1.0,116
870,9,65,Poor,0,Slow,1,1.4,3.0,1.6,116
871,9,66,Poor,2,Slow,1,2.0,3.0,1.0,112
872,9,68,Poor,1,Slow,2,2.0,3.0,1.0,115
873,9,70,Middle,1,Slow,1,2.0,7.0,5.0,114
874,9,71,Middle,3,Shigh,1,6.0,7.0,1.0,69
875,9,72,Middle,0,Slow,1,1.4,7.0,5.6,115
876,9,72,Middle,2,Slow,3,2.0,5.6,3.5999999999999996,111
877,9,72,Middle,1,Slow,4,2.0,3.5999999999999996,1.5999999999999996,113
878,9,73,Middle,3,Shigh,2,6.0,7.0,1.0,68
879,9,74,Middle,3,Shigh,2,6.0,7.0,1.0,67
880,9,75,Middle,4,Shigh,0,6.0,7.0,1.0,69
881,9,77,Middle,0,Slow,4,1.4,7.0,5.6,114
882,9,78,Middle,0,Slow,0,1.4,7.0,5.6,113
883,9,78,Middle,1,Slow,2,2.0,5.6,3.5999999999999996,112
884,9,78,Middle,2,Slow,3,2.0,3.5999999999999996,1.5999999999999996,110
885,9,79,Middle,1,Slow,0,2.0,7.0,5.0,111
886,9,79,Middle,0,Slow,4,1.4,5.0,3.6,112
887,9,81,Middle,0,Slow,2,1.4,7.0,5.6,111
888,9,82,Middle,4,Shigh,4,6.0,7.0,1.0,68
889,9,83,Middle,1,Slow,1,2.0,7.0,5.0,110
890,9,83,Middle,0,Slow,2,1.4,5.0,3.6,110
891,9,83,Middle,2,Slow,3,2.0,3.6,1.6,109
892,9,84,Middle,2,Slow,0,2.0,7.0,5.0,108
893,9,85,Middle,4,Shigh,1,6.0,7.0,1.0,67
894,9,86,Middle,0,Slow,1,1.4,7.0,5.6,109
895,9,87,Middle,1,Slow,3,2.0,7.0,5.0,109
896,9,88,Middle,2,Slow,2,2.0,7.0,5.0,107
897,9,88,Middle,0,Slow,4,1.4,5.0,3.6,108
898,9,89,Middle,1,Slow,1,2.0,7.0,5.0,108
899,9,90,Rich,2,Slow,0,2.0,10.0,8.0,106
900,9,90,Rich,4,Shigh,2,6.0,8.0,2.0,66
901,9,90,Rich,1,Slow,3,2.0,2.0,0.0,107
902,9,91,Rich,1,Slow,4,2.0,10.0,8.0,106
903,9,92,Rich,4,Shigh,1,6.0,10.0,4.0,65
904,9,93,Rich,3,Shigh,1,6.0,10.0,4.0,66
905,9,94,Rich,0,Slow,1,1.4,10.0,8.6,107
906,9,94,Rich,4,Shigh,2,6.0,8.6,2.5999999999999996,64
907,9,95,Rich,1,Slow,4,2.0,10.0,8.0,105
908,9,96,Rich,0,Slow,1,1.4,10.0,8.6,106
909,9,96,Rich,3,Shigh,3,6.0,8.6,2.5999999999999996,65
910,9,97,Rich,1,Slow,0,2.0,10.0,8.0,104
911,9,97,Rich,2,Slow,4,2.0,8.0,6.0,105
912,9,98,Rich,2,Slow,1,2.0,10.0,8.0,104
913,9,98,Rich,0,Slow,4,1.4,8.0,6.6,105
914,9,99,Rich,1,Slow,0,2.0,10.0,8.0,103
915,9,99,Rich,3,Shigh,1,6.0,8.0,2.0,64
916,10,0,Poor,1,Slow,1,2.0,3.0,1.0,129
917,10,1,Poor,1,Slow,2,2.0,3.0,1.0,128
918,10,3,Poor,2,Slow,3,2.0,3.0,1.0,129
919,10,4,Poor,1,Slow,2,2.0,3.0,1.0,127
920,10,6,Poor,0,Slow,0,1.4,3.0,1.6,129
921,10,9,Poor,1,Slow,0,2.0,3.0,1.0,126
922,10,10,Poor,2,Slow,2,2.0,3.0,1.0,128
923,10,13,Poor,2,Slow,0,2.0,3.0,1.0,127
924,10,14,Poor,0,Slow,1,1.4,3.0,1.6,128
925,10,17,Poor,2,Slow,2,2.0,3.0,1.0,126
926,10,19,Poor,1,Slow,3,2.0,3.0,1.0,125
927,10,20,Poor,0,Slow,3,1.4,3.0,1.6,127
928,10,21,Poor,1,Slow,0,2.0,3.0,1.0,124
929,10,22,Poor,0,Slow,2,1.4,3.0,1.6,126
930,10,23,Poor,0,Slow,0,1.4,3.0,1.6,125
931,10,24,Poor,0,Slow,3,1.4,3.0,1.6,124
932,10,27,Poor,2,Slow,4,2.0,3.0,1.0,125
933,10,28,Poor,0,Slow,4,1.4,3.0,1.6,123
934,10,29,Poor,0,Slow,0,1.4,3.0,1.6,122
935,10,30,Poor,2,Slow,0,2.0,3.0,1.0,124
936,10,32,Poor,0,Slow,0,1.4,3.0,1.6,121
937,10,34,Poor,2,Slow,2,2.0,3.0,1.0,123
938,10,35,Poor,1,Slow,0,2.0,3.0,1.0,123
939,10,36,Poor,0,Slow,2,1.4,3.0,1.6,120
940,10,37,Poor,1,Slow,1,2.0,3.0,1.0,122
941,10,38,Poor,2,Slow,4,2.0,3.0,1.0,122
942,10,39,Poor,2,Slow,3,2.0,3.0,1.0,121
943,10,41,Poor,1,Slow,1,2.0,3.0,1.0,121
944,10,42,Poor,1,Slow,4,2.0,3.0,1.0,120
945,10,43,Poor,2,Slow,1,2.0,3.0,1.0,120
946,10,45,Poor,0,Slow,2,1.4,3.0,1.6,119
947,10,46,Poor,2,Slow,1,2.0,3.0,1.0,119
948,10,47,Poor,1,Slow,1,2.0,3.0,1.0,119
949,10,48,Poor,2,Slow,0,2.0,3.0,1.0,118
950,10,49,Poor,0,Slow,2,1.4,3.0,1.6,118
951,10,50,Poor,2,Slow,0,2.0,3.0,1.0,117
952,10,51,Poor,0,Slow,1,1.4,3.0,1.6,117
953,10,52,Poor,1,Slow,2,2.0,3.0,1.0,118
954,10,53,Poor,1,Slow,2,2.0,3.0,1.0,117
955,10,54,Poor,1,Slow,4,2.0,3.0,1.0,116
956,10,55,Poor,2,Slow,0,2.0,3.0,1.0,116
957,10,57,Poor,0,Slow,4,1.4,3.0,1.6,116
958,10,58,Poor,2,Slow,1,2.0,3.0,1.0,115
959,10,59,Poor,1,Slow,2,2.0,3.0,1.0,115
960,10,60,Poor,2,Slow,0,2.0,3.0,1.0,114
961,10,61,Poor,1,Slow,1,2.0,3.0,1.0,114
962,10,62,Poor,0,Slow,4,1.4,3.0,1.6,115
963,10,63,Poor,0,Slow,3,1.4,3.0,1.6,114
964,10,64,Poor,0,Slow,0,1.4,3.0,1.6,113
965,10,67,Poor,1,Slow,1,2.0,3.0,1.0,113
966,10,68,Poor,1,Slow,2,2.0,3.0,1.0,112
967,10,69,Poor,1,Slow,1,2.0,3.0,1.0,111
968,10,70,Middle,4,Shigh,0,6.0,7.0,1.0,69
969,10,71,Middle,1,Slow,1,2.0,7.0,5.0,110
970,10,73,Middle,1,Slow,1,2.0,7.0,5.0,109
971,10,74,Middle,0,Slow,2,1.4,7.0,5.6,112
972,10,75,Middle,1,Slow,0,2.0,7.0,5.0,108
973,10,75,Middle,2,Slow,2,2.0,5.0,3.0,113
974,10,76,Middle,1,Slow,2,2.0,7.0,5.0,107
975,10,77,Middle,1,Slow,1,2.0,7.0,5.0,106
976,10,77,Middle,0,Slow,2,1.4,5.0,3.6,111
977,10,78,Middle,1,Slow,4,2.0,7.0,5.0,105
978,10,79,Middle,2,Slow,2,2.0,7.0,5.0,112
979,10,79,Middle,1,Slow,3,2.0,5.0,3.0,104
980,10,80,Middle,2,Slow,1,2.0,7.0,5.0,111
981,10,80,Middle,0,Slow,2,1.4,5.0,3.6,110
982,10,80,Middle,1,Slow,4,2.0,3.6,1.6,103
983,10,81,Middle,3,Shigh,2,6.0,7.0,1.0,69
984,10,83,Middle,4,Shigh,1,6.0,7.0,1.0,68
985,10,84,Middle,1,Slow,4,2.0,7.0,5.0,102
986,10,85,Middle,2,Slow,0,2.0,7.0,5.0,110
987,10,86,Middle,2,Slow,2,2.0,7.0,5.0,109
988,10,86,Middle,0,Slow,3,1.4,5.0,3.6,109
989,10,87,Middle,4,Shigh,1,6.0,7.0,1.0,67
990,10,88,Middle,1,Slow,0,2.0,7.0,5.0,101
991,10,89,Middle,0,Slow,3,1.4,7.0,5.6,108
992,10,90,Rich,2,Slow,0,2.0,10.0,8.0,108
993,10,90,Rich,3,Shigh,3,6.0,8.0,2.0,68
994,10,91,Rich,1,Slow,1,2.0,10.0,8.0,100
995,10,91,Rich,3,Shigh,3,6.0,8.0,2.0,67
996,10,92,Rich,1,Slow,2,2.0,10.0,8.0,99
997,10,92,Rich,4,Shigh,3,6.0,8.0,2.0,66
998,10,92,Rich,0,Slow,4,1.4,2.0,0.6000000000000001,107
999,10,93,Rich,0,Slow,0,1.4,10.0,8.6,106
1000,10,93,Rich,2,Slow,1,2.0,8.6,6.6,107
1001,10,93,Rich,1,Slow,4,2.0,6.6,4.6,98
1002,10,94,Rich,1,Slow,0,2.0,10.0,8.0,97
1003,10,94,Rich,0,Slow,2,1.4,8.0,6.6,105
1004,10,95,Rich,2,Slow,0,2.0,10.0,8.0,106
1005,10,95,Rich,3,Shigh,1,6.0,8.0,2.0,66
1006,10,95,Rich,1,Slow,3,2.0,2.0,0.0,96
1007,10,96,Rich,3,Shigh,2,6.0,10.0,4.0,65
1008,10,97,Rich,1,Slow,0,2.0,10.0,8.0,95
1009,10,97,Rich,0,Slow,2,1.4,8.0,6.6,104
1010,10,97,Rich,2,Slow,3,2.0,6.6,4.6,105
1011,10,98,Rich,3,Shigh,1,6.0,10.0,4.0,64
1012,11,1,Poor,0,Slow,1,1.4,3.0,1.6,129
1013,11,2,Poor,2,Slow,1,2.0,3.0,1.0,129
1014,11,3,Poor,1,Slow,0,2.0,3.0,1.0,129
1015,11,4,Poor,0,Slow,4,1.4,3.0,1.6,128
1016,11,5,Poor,2,Slow,3,2.0,3.0,1.0,128
1017,11,7,Poor,0,Slow,4,1.4,3.0,1.6,127
1018,11,9,Poor,0,Slow,3,1.4,3.0,1.6,126
1019,11,10,Poor,1,Slow,3,2.0,3.0,1.0,128
1020,11,11,Poor,2,Slow,1,2.0,3.0,1.0,127
1021,11,12,Poor,1,Slow,4,2.0,3.0,1.0,127
1022,11,14,Poor,0,Slow,1,1.4,3.0,1.6,125
1023,11,15,Poor,0,Slow,1,1.4,3.0,1.6,124
1024,11,17,Poor,0,Slow,2,1.4,3.0,1.6,123
1025,11,18,Poor,0,Slow,3,1.4,3.0,1.6,122
1026,11,19,Poor,2,Slow,3,2.0,3.0,1.0,126
1027,11,21,Poor,0,Slow,4,1.4,3.0,1.6,121
1028,11,22,Poor,1,Slow,0,2.0,3.0,1.0,126
1029,11,25,Poor,2,Slow,4,2.0,3.0,1.0,125
1030,11,27,Poor,1,Slow,1,2.0,3.0,1.0,125
1031,11,28,Poor,2,Slow,2,2.0,3.0,1.0,124
1032,11,29,Poor,1,Slow,0,2.0,3.0,1.0,124
1033,11,30,Poor,2,Slow,1,2.0,3.0,1.0,123
1034,11,31,Poor,1,Slow,3,2.0,3.0,1.0,123
1035,11,32,Poor,0,Slow,0,1.4,3.0,1.6,120
1036,11,34,Poor,0,Slow,2,1.4,3.0,1.6,119
1037,11,35,Poor,2,Slow,0,2.0,3.0,1.0,122
1038,11,37,Poor,0,Slow,0,1.4,3.0,1.6,118
1039,11,41,Poor,1,Slow,0,2.0,3.0,1.0,122
1040,11,42,Poor,2,Slow,4,2.0,3.0,1.0,121
1041,11,44,Poor,0,Slow,4,1.4,3.0,1.6,117
1042,11,45,Poor,0,Slow,0,1.4,3.0,1.6,116
1043,11,46,Poor,1,Slow,0,2.0,3.0,1.0,121
1044,11,47,Poor,1,Slow,2,2.0,3.0,1.0,120
1045,11,48,Poor,0,Slow,4,1.4,3.0,1.6,115
1046,11,49,Poor,1,Slow,1,2.0,3.0,1.0,119
1047,11,50,Poor,1,Slow,3,2.0,3.0,1.0,118
1048,11,52,Poor,1,Slow,0,2.0,3.0,1.0,117
1049,11,53,Poor,2,Slow,0,2.0,3.0,1.0,120
1050,11,54,Poor,2,Slow,0,2.0,3.0,1.0,119
1051,11,55,Poor,2,Slow,3,2.0,3.0,1.0,118
1052,11,57,Poor,0,Slow,1,1.4,3.0,1.6,114
1053,11,58,Poor,0,Slow,0,1.4,3.0,1.6,113
1054,11,59,Poor,0,Slow,4,1.4,3.0,1.6,112
1055,11,61,Poor,2,Slow,1,2.0,3.0,1.0,117
1056,11,62,Poor,2,Slow,3,2.0,3.0,1.0,116
1057,11,64,Poor,2,Slow,2,2.0,3.0,1.0,115
1058,11,65,Poor,1,Slow,2,2.0,3.0,1.0,116
1059,11,66,Poor,1,Slow,0,2.0,3.0,1.0,115
1060,11,67,Poor,0,Slow,1,1.4,3.0,1.6,111
1061,11,68,Poor,2,Slow,0,2.0,3.0,1.0,114
1062,11,70,Middle,3,Shigh,2,6.0,7.0,1.0,69
1063,11,71,Middle,1,Slow,0,2.0,7.0,5.0,114
1064,11,71,Middle,0,Slow,1,1.4,5.0,3.6,110
1065,11,72,Middle,1,Slow,3,2.0,7.0,5.0,113
1066,11,73,Middle,3,Shigh,1,6.0,7.0,1.0,68
1067,11,74,Middle,1,Slow,1,2.0,7.0,5.0,112
1068,11,76,Middle,0,Slow,0,1.4,7.0,5.6,109
1069,11,76,Middle,2,Slow,1,2.0,5.6,3.5999999999999996,113
1070,11,76,Middle,1,Slow,2,2.0,3.5999999999999996,1.5999999999999996,111
1071,11,77,Middle,1,Slow,3,2.0,7.0,5.0,110
1072,11,77,Middle,0,Slow,4,1.4,5.0,3.6,108
1073,11,78,Middle,4,Shigh,3,6.0,7.0,1.0,69
1074,11,79,Middle,4,Shigh,1,6.0,7.0,1.0,68
1075,11,80,Middle,1,Slow,0,2.0,7.0,5.0,109
1076,11,80,Middle,0,Slow,4,1.4,5.0,3.6,107
1077,11,81,Middle,3,Shigh,1,6.0,7.0,1.0,67
1078,11,84,Middle,1,Slow,0,2.0,7.0,5.0,108
1079,11,85,Middle,0,Slow,1,1.4,7.0,5.6,106
1080,11,85,Middle,1,Slow,2,2.0,5.6,3.5999999999999996,107
1081,11,86,Middle,0,Slow,2,1.4,7.0,5.6,105
1082,11,87,Middle,3,Shigh,4,6.0,7.0,1.0,66
1083,11,88,Middle,2,Slow,2,2.0,7.0,5.0,112
1084,11,89,Middle,3,Shigh,1,6.0,7.0,1.0,65
1085,11,90,Rich,3,Shigh,0,6.0,10.0,4.0,64
1086,11,90,Rich,0,Slow,1,1.4,4.0,2.6,104
1087,11,91,Rich,0,Slow,4,1.4,10.0,8.6,103
1088,11,92,Rich,0,Slow,2,1.4,10.0,8.6,102
1089,11,92,Rich,1,Slow,4,2.0,8.6,6.6,106
1090,11,93,Rich,4,Shigh,0,6.0,10.0,4.0,67
1091,11,93,Rich,1,Slow,2,2.0,4.0,2.0,105
1092,11,94,Rich,4,Shigh,4,6.0,10.0,4.0,66
1093,11,95,Rich,1,Slow,4,2.0,10.0,8.0,104
1094,11,96,Rich,0,Slow,2,1.4,10.0,8.6,101
1095,11,97,Rich,0,Slow,4,1.4,10.0,8.6,100
1096,11,98,Rich,3,Shigh,3,6.0,10.0,4.0,63
1097,12,0,Poor,1,Slow,0,2.0,3.0,1.0,129
1098,12,2,Poor,1,Slow,2,2.0,3.0,1.0,128
1099,12,3,Poor,1,Slow,2,2.0,3.0,1.0,127
1100,12,4,Poor,2,Slow,2,2.0,3.0,1.0,129
1101,12,5,Poor,0,Slow,0,1.4,3.0,1.6,129
1102,12,7,Poor,2,Slow,2,2.0,3.0,1.0,128
1103,12,10,Poor,1,Slow,1,2.0,3.0,1.0,126
1104,12,11,Poor,1,Slow,1,2.0,3.0,1.0,125
1105,12,12,Poor,1,Slow,3,2.0,3.0,1.0,124
1106,12,13,Poor,2,Slow,0,2.0,3.0,1.0,127
1107,12,14,Poor,0,Slow,1,1.4,3.0,1.6,128
1108,12,15,Poor,1,Slow,0,2.0,3.0,1.0,123
1109,12,16,Poor,2,Slow,2,2.0,3.0,1.0,126
1110,12,17,Poor,1,Slow,2,2.0,3.0,1.0,122
1111,12,18,Poor,1,Slow,1,2.0,3.0,1.0,121
1112,12,19,Poor,2,Slow,3,2.0,3.0,1.0,125
1113,12,20,Poor,0,Slow,4,1.4,3.0,1.6,127
1114,12,21,Poor,2,Slow,1,2.0,3.0,1.0,124
1115,12,22,Poor,1,Slow,2,2.0,3.0,1.0,120
1116,12,23,Poor,0,Slow,0,1.4,3.0,1.6,126
1117,12,24,Poor,1,Slow,4,2.0,3.0,1.0,119
1118,12,25,Poor,1,Slow,0,2.0,3.0,1.0,118
1119,12,27,Poor,0,Slow,4,1.4,3.0,1.6,125
1120,12,28,Poor,0,Slow,0,1.4,3.0,1.6,124
1121,12,29,Poor,0,Slow,2,1.4,3.0,1.6,123
1122,12,30,Poor,0,Slow,4,1.4,3.0,1.6,122
1123,12,31,Poor,2,Slow,1,2.0,3.0,1.0,123
1124,12,32,Poor,0,Slow,2,1.4,3.0,1.6,121
1125,12,33,Poor,2,Slow,2,2.0,3.0,1.0,122
1126,12,34,Poor,1,Slow,3,2.0,3.0,1.0,117
1127,12,37,Poor,2,Slow,0,2.0,3.0,1.0,121
1128,12,41,Poor,2,Slow,2,2.0,3.0,1.0,120
1129,12,43,Poor,0,Slow,2,1.4,3.0,1.6,120
1130,12,44,Poor,1,Slow,1,2.0,3.0,1.0,116
1131,12,45,Poor,0,Slow,4,1.4,3.0,1.6,119
1132,12,47,Poor,0,Slow,3,1.4,3.0,1.6,118
1133,12,48,Poor,2,Slow,1,2.0,3.0,1.0,119
1134,12,49,Poor,1,Slow,0,2.0,3.0,1.0,115
1135,12,51,Poor,2,Slow,3,2.0,3.0,1.0,118
1136,12,52,Poor,1,Slow,0,2.0,3.0,1.0,114
1137,12,53,Poor,2,Slow,0,2.0,3.0,1.0,117
1138,12,54,Poor,2,Slow,1,2.0,3.0,1.0,116
1139,12,55,Poor,1,Slow,3,2.0,3.0,1.0,113
1140,12,56,Poor,2,Slow,0,2.0,3.0,1.0,115
1141,12,58,Poor,1,Slow,3,2.0,3.0,1.0,112
1142,12,59,Poor,0,Slow,2,1.4,3.0,1.6,117
1143,12,60,Poor,0,Slow,3,1.4,3.0,1.6,116
1144,12,61,Poor,1,Slow,4,2.0,3.0,1.0,111
1145,12,62,Poor,1,Slow,0,2.0,3.0,1.0,110
1146,12,63,Poor,0,Slow,0,1.4,3.0,1.6,115
1147,12,64,Poor,1,Slow,0,2.0,3.0,1.0,109
1148,12,65,Poor,0,Slow,4,1.4,3.0,1.6,114
1149,12,66,Poor,0,Slow,1,1.4,3.0,1.6,113
1150,12,69,Poor,2,Slow,3,2.0,3.0,1.0,114
1151,12,71,Middle,3,Shigh,2,6.0,7.0,1.0,69
1152,12,72,Middle,0,Slow,0,1.4,7.0,5.6,112
1153,12,72,Middle,1,Slow,1,2.0,5.6,3.5999999999999996,108
1154,12,73,Middle,2,Slow,0,2.0,7.0,5.0,113
1155,12,73,Middle,0,Slow,4,1.4,5.0,3.6,111
1156,12,74,Middle,3,Shigh,3,6.0,7.0,1.0,68
1157,12,76,Middle,1,Slow,2,2.0,7.0,5.0,107
1158,12,76,Middle,0,Slow,3,1.4,5.0,3.6,110
1159,12,78,Middle,0,Slow,1,1.4,7.0,5.6,109
1160,12,78,Middle,1,Slow,4,2.0,5.6,3.5999999999999996,106
1161,12,80,Middle,3,Shigh,2,6.0,7.0,1.0,67
1162,12,81,Middle,4,Shigh,2,6.0,7.0,1.0,69
1163,12,84,Middle,1,Slow,0,2.0,7.0,5.0,105
1164,12,85,Middle,1,Slow,1,2.0,7.0,5.0,104
1165,12,85,Middle,2,Slow,2,2.0,5.0,3.0,112
1166,12,86,Middle,1,Slow,2,2.0,7.0,5.0,103
1167,12,86,Middle,0,Slow,3,1.4,5.0,3.6,108
1168,12,87,Middle,0,Slow,2,1.4,7.0,5.6,107
1169,12,88,Middle,4,Shigh,0,6.0,7.0,1.0,68
1170,12,91,Rich,2,Slow,2,2.0,10.0,8.0,111
1171,12,91,Rich,1,Slow,4,2.0,8.0,6.0,102
1172,12,92,Rich,0,Slow,1,1.4,10.0,8.6,106
1173,12,92,Rich,3,Shigh,2,6.0,8.6,2.5999999999999996,66
1174,12,93,Rich,1,Slow,0,2.0,10.0,8.0,101
1175,12,93,Rich,0,Slow,3,1.4,8.0,6.6,105
1176,12,94,Rich,3,Shigh,1,6.0,10.0,4.0,65
1177,12,94,Rich,1,Slow,2,2.0,4.0,2.0,100
1178,12,95,Rich,3,Shigh,3,6.0,10.0,4.0,64
1179,12,95,Rich,1,Slow,4,2.0,4.0,2.0,99
1180,12,96,Rich,2,Slow,1,2.0,10.0,8.0,110
1181,12,97,Rich,1,Slow,0,2.0,10.0,8.0,98
1182,12,99,Rich,0,Slow,3,1.4,10.0,8.6,104
1183,12,99,Rich,3,Shigh,4,6.0,8.6,2.5999999999999996,63
1184,13,0,Poor,0,Slow,1,1.4,3.0,1.6,129
1185,13,1,Poor,1,Slow,1,2.0,3.0,1.0,129
1186,13,3,Poor,0,Slow,1,1.4,3.0,1.6,128
1187,13,4,Poor,1,Slow,0,2.0,3.0,1.0,128
1188,13,5,Poor,0,Slow,2,1.4,3.0,1.6,127
1189,13,6,Poor,1,Slow,1,2.0,3.0,1.0,127
1190,13,7,Poor,2,Slow,4,2.0,3.0,1.0,129
1191,13,8,Poor,0,Slow,2,1.4,3.0,1.6,126
1192,13,9,Poor,1,Slow,2,2.0,3.0,1.0,126
1193,13,12,Poor,0,Slow,2,1.4,3.0,1.6,125
1194,13,13,Poor,0,Slow,1,1.4,3.0,1.6,124
1195,13,15,Poor,0,Slow,0,1.4,3.0,1.6,123
1196,13,17,Poor,2,Slow,2,2.0,3.0,1.0,128
1197,13,18,Poor,0,Slow,1,1.4,3.0,1.6,122
1198,13,19,Poor,1,Slow,1,2.0,3.0,1.0,125
1199,13,20,Poor,2,Slow,4,2.0,3.0,1.0,127
1200,13,21,Poor,1,Slow,1,2.0,3.0,1.0,124
1201,13,22,Poor,0,Slow,1,1.4,3.0,1.6,121
1202,13,23,Poor,1,Slow,0,2.0,3.0,1.0,123
1203,13,24,Poor,2,Slow,0,2.0,3.0,1.0,126
1204,13,25,Poor,0,Slow,2,1.4,3.0,1.6,120
1205,13,26,Poor,1,Slow,3,2.0,3.0,1.0,122
1206,13,27,Poor,0,Slow,0,1.4,3.0,1.6,119
1207,13,28,Poor,0,Slow,0,1.4,3.0,1.6,118
1208,13,30,Poor,0,Slow,3,1.4,3.0,1.6,117
1209,13,31,Poor,1,Slow,4,2.0,3.0,1.0,121
1210,13,32,Poor,2,Slow,0,2.0,3.0,1.0,125
1211,13,33,Poor,1,Slow,1,2.0,3.0,1.0,120
1212,13,34,Poor,0,Slow,0,1.4,3.0,1.6,116
1213,13,36,Poor,1,Slow,4,2.0,3.0,1.0,119
1214,13,37,Poor,1,Slow,3,2.0,3.0,1.0,118
1215,13,39,Poor,1,Slow,0,2.0,3.0,1.0,117
1216,13,41,Poor,1,Slow,2,2.0,3.0,1.0,116
1217,13,42,Poor,2,Slow,1,2.0,3.0,1.0,124
1218,13,43,Poor,0,Slow,2,1.4,3.0,1.6,115
1219,13,44,Poor,1,Slow,0,2.0,3.0,1.0,115
1220,13,45,Poor,0,Slow,2,1.4,3.0,1.6,114
1221,13,46,Poor,0,Slow,0,1.4,3.0,1.6,113
1222,13,48,Poor,2,Slow,1,2.0,3.0,1.0,123
1223,13,49,Poor,1,Slow,0,2.0,3.0,1.0,114
1224,13,50,Poor,2,Slow,2,2.0,3.0,1.0,122
1225,13,51,Poor,2,Slow,3,2.0,3.0,1.0,121
1226,13,54,Poor,1,Slow,0,2.0,3.0,1.0,113
1227,13,55,Poor,0,Slow,0,1.4,3.0,1.6,112
1228,13,57,Poor,1,Slow,4,2.0,3.0,1.0,112
1229,13,58,Poor,2,Slow,4,2.0,3.0,1.0,120
1230,13,59,Poor,2,Slow,0,2.0,3.0,1.0,119
1231,13,60,Poor,1,Slow,0,2.0,3.0,1.0,111
1232,13,61,Poor,1,Slow,2,2.0,3.0,1.0,110
1233,13,63,Poor,2,Slow,0,2.0,3.0,1.0,118
1234,13,64,Poor,0,Slow,3,1.4,3.0,1.6,111
1235,13,66,Poor,1,Slow,0,2.0,3.0,1.0,109
1236,13,71,Middle,0,Slow,1,1.4,7.0,5.6,110
1237,13,73,Middle,2,Slow,2,2.0,7.0,5.0,117
1238,13,75,Middle,1,Slow,1,2.0,7.0,5.0,108
1239,13,77,Middle,1,Slow,0,2.0,7.0,5.0,107
1240,13,77,Middle,0,Slow,1,1.4,5.0,3.6,109
1241,13,78,Middle,0,Slow,0,1.4,7.0,5.6,108
1242,13,79,Middle,3,Shigh,2,6.0,7.0,1.0,69
1243,13,80,Middle,4,Shigh,3,6.0,7.0,1.0,69
1244,13,82,Middle,3,Shigh,0,6.0,7.0,1.0,68
1245,13,85,Middle,0,Slow,0,1.4,7.0,5.6,107
1246,13,85,Middle,1,Slow,2,2.0,5.6,3.5999999999999996,106
1247,13,87,Middle,2,Slow,0,2.0,7.0,5.0,116
1248,13,88,Middle,0,Slow,0,1.4,7.0,5.6,106
1249,13,89,Middle,3,Shigh,2,6.0,7.0,1.0,67
1250,13,90,Rich,0,Slow,2,1.4,10.0,8.6,105
1251,13,90,Rich,2,Slow,3,2.0,8.6,6.6,115
1252,13,91,Rich,1,Slow,0,2.0,10.0,8.0,105
1253,13,91,Rich,3,Shigh,1,6.0,8.0,2.0,66
1254,13,92,Rich,2,Slow,1,2.0,10.0,8.0,114
1255,13,92,Rich,1,Slow,2,2.0,8.0,6.0,104
1256,13,92,Rich,3,Shigh,3,6.0,6.0,0.0,65
1257,13,94,Rich,0,Slow,3,1.4,10.0,8.6,104
1258,13,95,Rich,2,Slow,0,2.0,10.0,8.0,113
1259,13,95,Rich,0,Slow,3,1.4,8.0,6.6,103
1260,13,96,Rich,4,Shigh,3,6.0,10.0,4.0,68
1261,13,96,Rich,0,Slow,4,1.4,4.0,2.6,102
1262,13,97,Rich,4,Shigh,0,6.0,10.0,4.0,67
1263,13,97,Rich,1,Slow,3,2.0,4.0,2.0,103
1264,13,97,Rich,2,Slow,4,2.0,2.0,0.0,112
1265,13,98,Rich,3,Shigh,0,6.0,10.0,4.0,64
1266,13,98,Rich,1,Slow,3,2.0,4.0,2.0,102
1267,13,98,Rich,0,Slow,4,1.4,2.0,0.6000000000000001,101
1268,13,99,Rich,0,Slow,3,1.4,10.0,8.6,100
1269,14,0,Poor,0,Slow,0,1.4,3.0,1.6,129
1270,14,2,Poor,0,Slow,0,1.4,3.0,1.6,128
1271,14,3,Poor,0,Slow,2,1.4,3.0,1.6,127
1272,14,4,Poor,2,Slow,3,2.0,3.0,1.0,129
1273,14,6,Poor,1,Slow,2,2.0,3.0,1.0,129
1274,14,7,Poor,2,Slow,2,2.0,3.0,1.0,128
1275,14,8,Poor,0,Slow,3,1.4,3.0,1.6,126
1276,14,9,Poor,1,Slow,0,2.0,3.0,1.0,128
1277,14,10,Poor,1,Slow,3,2.0,3.0,1.0,127
1278,14,11,Poor,0,Slow,4,1.4,3.0,1.6,125
1279,14,12,Poor,2,Slow,1,2.0,3.0,1.0,127
1280,14,13,Poor,2,Slow,0,2.0,3.0,1.0,126
1281,14,16,Poor,1,Slow,0,2.0,3.0,1.0,126
1282,14,17,Poor,1,Slow,0,2.0,3.0,1.0,125
1283,14,18,Poor,1,Slow,1,2.0,3.0,1.0,124
1284,14,19,Poor,1,Slow,3,2.0,3.0,1.0,123
1285,14,20,Poor,1,Slow,0,2.0,3.0,1.0,122
1286,14,22,Poor,2,Slow,3,2.0,3.0,1.0,125
1287,14,23,Poor,0,Slow,0,1.4,3.0,1.6,124
1288,14,24,Poor,1,Slow,1,2.0,3.0,1.0,121
1289,14,25,Poor,0,Slow,2,1.4,3.0,1.6,123
1290,14,27,Poor,0,Slow,4,1.4,3.0,1.6,122
1291,14,28,Poor,2,Slow,1,2.0,3.0,1.0,124
1292,14,29,Poor,1,Slow,2,2.0,3.0,1.0,120
1293,14,31,Poor,1,Slow,3,2.0,3.0,1.0,119
1294,14,32,Poor,1,Slow,3,2.0,3.0,1.0,118
1295,14,33,Poor,1,Slow,2,2.0,3.0,1.0,117
1296,14,34,Poor,1,Slow,1,2.0,3.0,1.0,116
1297,14,36,Poor,2,Slow,4,2.0,3.0,1.0,123
1298,14,37,Poor,2,Slow,2,2.0,3.0,1.0,122
1299,14,39,Poor,1,Slow,0,2.0,3.0,1.0,115
1300,14,42,Poor,1,Slow,1,2.0,3.0,1.0,114
1301,14,43,Poor,1,Slow,4,2.0,3.0,1.0,113
1302,14,44,Poor,1,Slow,0,2.0,3.0,1.0,112
1303,14,46,Poor,0,Slow,3,1.4,3.0,1.6,121
1304,14,47,Poor,0,Slow,0,1.4,3.0,1.6,120
1305,14,48,Poor,1,Slow,3,2.0,3.0,1.0,111
1306,14,49,Poor,2,Slow,4,2.0,3.0,1.0,121
1307,14,50,Poor,2,Slow,1,2.0,3.0,1.0,120
1308,14,51,Poor,1,Slow,0,2.0,3.0,1.0,110
1309,14,52,Poor,0,Slow,0,1.4,3.0,1.6,119
1310,14,54,Poor,1,Slow,1,2.0,3.0,1.0,109
1311,14,56,Poor,0,Slow,1,1.4,3.0,1.6,118
1312,14,58,Poor,0,Slow,2,1.4,3.0,1.6,117
1313,14,60,Poor,0,Slow,1,1.4,3.0,1.6,116
1314,14,61,Poor,1,Slow,1,2.0,3.0,1.0,108
1315,14,65,Poor,1,Slow,3,2.0,3.0,1.0,107
1316,14,66,Poor,1,Slow,1,2.0,3.0,1.0,106
1317,14,67,Poor,1,Slow,0,2.0,3.0,1.0,105
1318,14,70,Middle,0,Slow,0,1.4,7.0,5.6,115
1319,14,70,Middle,1,Slow,1,2.0,5.6,3.5999999999999996,104
1320,14,71,Middle,0,Slow,0,1.4,7.0,5.6,114
1321,14,71,Middle,1,Slow,2,2.0,5.6,3.5999999999999996,103
1322,14,72,Middle,0,Slow,0,1.4,7.0,5.6,113
1323,14,72,Middle,1,Slow,4,2.0,5.6,3.5999999999999996,102
1324,14,73,Middle,2,Slow,0,2.0,7.0,5.0,119
1325,14,73,Middle,1,Slow,1,2.0,5.0,3.0,101
1326,14,74,Middle,4,Shigh,0,6.0,7.0,1.0,69
1327,14,75,Middle,2,Slow,3,2.0,7.0,5.0,118
1328,14,76,Middle,3,Shigh,0,6.0,7.0,1.0,69
1329,14,77,Middle,1,Slow,2,2.0,7.0,5.0,100
1330,14,78,Middle,4,Shigh,0,6.0,7.0,1.0,68
1331,14,79,Middle,0,Slow,2,1.4,7.0,5.6,112
1332,14,79,Middle,2,Slow,4,2.0,5.6,3.5999999999999996,117
1333,14,80,Middle,4,Shigh,2,6.0,7.0,1.0,67
1334,14,81,Middle,4,Shigh,2,6.0,7.0,1.0,66
1335,14,82,Middle,4,Shigh,0,6.0,7.0,1.0,65
1336,14,83,Middle,1,Slow,0,2.0,7.0,5.0,99
1337,14,84,Middle,0,Slow,0,1.4,7.0,5.6,111
1338,14,84,Middle,1,Slow,2,2.0,5.6,3.5999999999999996,98
1339,14,85,Middle,0,Slow,0,1.4,7.0,5.6,110
1340,14,86,Middle,0,Slow,3,1.4,7.0,5.6,109
1341,14,88,Middle,4,Shigh,1,6.0,7.0,1.0,64
1342,14,89,Middle,0,Slow,0,1.4,7.0,5.6,108
1343,14,89,Middle,2,Slow,3,2.0,5.6,3.5999999999999996,116
1344,14,89,Middle,1,Slow,4,2.0,3.5999999999999996,1.5999999999999996,97
1345,14,90,Rich,2,Slow,0,2.0,10.0,8.0,115
1346,14,90,Rich,3,Shigh,3,6.0,8.0,2.0,68
1347,14,90,Rich,0,Slow,4,1.4,2.0,0.6000000000000001,107
1348,14,91,Rich,4,Shigh,2,6.0,10.0,4.0,63
1349,14,91,Rich,1,Slow,3,2.0,4.0,2.0,96
1350,14,91,Rich,0,Slow,4,1.4,2.0,0.6000000000000001,106
1351,14,93,Rich,4,Shigh,0,6.0,10.0,4.0,62
1352,14,93,Rich,2,Slow,4,2.0,4.0,2.0,114
1353,14,94,Rich,3,Shigh,0,6.0,10.0,4.0,67
1354,14,94,Rich,0,Slow,1,1.4,4.0,2.6,105
1355,14,95,Rich,4,Shigh,1,6.0,10.0,4.0,61
1356,14,96,Rich,2,Slow,0,2.0,10.0,8.0,113
1357,14,96,Rich,1,Slow,1,2.0,8.0,6.0,95
1358,14,97,Rich,2,Slow,0,2.0,10.0,8.0,112
1359,14,98,Rich,1,Slow,3,2.0,10.0,8.0,94
1360,15,0,Poor,2,Slow,0,2.0,3.0,1.0,129
1361,15,2,Poor,0,Slow,1,1.4,3.0,1.6,129
1362,15,6,Poor,1,Slow,3,2.0,3.0,1.0,129
1363,15,7,Poor,2,Slow,1,2.0,3.0,1.0,128
1364,15,8,Poor,2,Slow,0,2.0,3.0,1.0,127
1365,15,9,Poor,1,Slow,3,2.0,3.0,1.0,128
1366,15,10,Poor,1,Slow,2,2.0,3.0,1.0,127
1367,15,11,Poor,1,Slow,0,2.0,3.0,1.0,126
1368,15,12,Poor,1,Slow,4,2.0,3.0,1.0,125
1369,15,14,Poor,1,Slow,0,2.0,3.0,1.0,124
1370,15,16,Poor,2,Slow,2,2.0,3.0,1.0,126
1371,15,17,Poor,1,Slow,1,2.0,3.0,1.0,123
1372,15,18,Poor,1,Slow,1,2.0,3.0,1.0,122
1373,15,19,Poor,1,Slow,0,2.0,3.0,1.0,121
1374,15,20,Poor,0,Slow,4,1.4,3.0,1.6,128
1375,15,21,Poor,1,Slow,2,2.0,3.0,1.0,120
1376,15,22,Poor,0,Slow,3,1.4,3.0,1.6,127
1377,15,24,Poor,0,Slow,0,1.4,3.0,1.6,126
1378,15,26,Poor,2,Slow,2,2.0,3.0,1.0,125
1379,15,27,Poor,1,Slow,3,2.0,3.0,1.0,119
1380,15,28,Poor,0,Slow,1,1.4,3.0,1.6,125
1381,15,29,Poor,0,Slow,0,1.4,3.0,1.6,124
1382,15,31,Poor,0,Slow,0,1.4,3.0,1.6,123
1383,15,33,Poor,1,Slow,1,2.0,3.0,1.0,118
1384,15,36,Poor,1,Slow,3,2.0,3.0,1.0,117
1385,15,37,Poor,1,Slow,2,2.0,3.0,1.0,116
1386,15,39,Poor,1,Slow,0,2.0,3.0,1.0,115
1387,15,40,Poor,0,Slow,1,1.4,3.0,1.6,122
1388,15,41,Poor,0,Slow,0,1.4,3.0,1.6,121
1389,15,42,Poor,2,Slow,0,2.0,3.0,1.0,124
1390,15,44,Poor,1,Slow,4,2.0,3.0,1.0,114
1391,15,46,Poor,1,Slow,0,2.0,3.0,1.0,113
1392,15,47,Poor,0,Slow,2,1.4,3.0,1.6,120
1393,15,49,Poor,0,Slow,3,1.4,3.0,1.6,119
1394,15,50,Poor,0,Slow,1,1.4,3.0,1.6,118
1395,15,51,Poor,1,Slow,2,2.0,3.0,1.0,112
1396,15,53,Poor,2,Slow,1,2.0,3.0,1.0,123
1397,15,55,Poor,0,Slow,4,1.4,3.0,1.6,117
1398,15,56,Poor,0,Slow,2,1.4,3.0,1.6,116
1399,15,58,Poor,0,Slow,3,1.4,3.0,1.6,115
1400,15,62,Poor,2,Slow,2,2.0,3.0,1.0,122
1401,15,63,Poor,0,Slow,1,1.4,3.0,1.6,114
1402,15,65,Poor,0,Slow,4,1.4,3.0,1.6,113
1403,15,68,Poor,2,Slow,1,2.0,3.0,1.0,121
1404,15,70,Middle,0,Slow,0,1.4,7.0,5.6,112
1405,15,71,Middle,1,Slow,0,2.0,7.0,5.0,111
1406,15,71,Middle,2,Slow,1,2.0,5.0,3.0,120
1407,15,72,Middle,2,Slow,1,2.0,7.0,5.0,119
1408,15,73,Middle,0,Slow,0,1.4,7.0,5.6,111
1409,15,74,Middle,1,Slow,2,2.0,7.0,5.0,110
1410,15,75,Middle,0,Slow,0,1.4,7.0,5.6,110
1411,15,76,Middle,2,Slow,0,2.0,7.0,5.0,118
1412,15,76,Middle,1,Slow,3,2.0,5.0,3.0,109
1413,15,77,Middle,0,Slow,1,1.4,7.0,5.6,109
1414,15,78,Middle,1,Slow,0,2.0,7.0,5.0,108
1415,15,78,Middle,0,Slow,3,1.4,5.0,3.6,108
1416,15,78,Middle,2,Slow,4,2.0,3.6,1.6,117
1417,15,79,Middle,0,Slow,4,1.4,7.0,5.6,107
1418,15,80,Middle,0,Slow,0,1.4,7.0,5.6,106
1419,15,80,Middle,1,Slow,2,2.0,5.6,3.5999999999999996,107
1420,15,81,Middle,0,Slow,0,1.4,7.0,5.6,105
1421,15,81,Middle,1,Slow,3,2.0,5.6,3.5999999999999996,106
1422,15,82,Middle,1,Slow,4,2.0,7.0,5.0,105
1423,15,83,Middle,4,Shigh,3,6.0,7.0,1.0,69
1424,15,84,Middle,0,Slow,1,1.4,7.0,5.6,104
1425,15,84,Middle,2,Slow,3,2.0,5.6,3.5999999999999996,116
1426,15,85,Middle,2,Slow,2,2.0,7.0,5.0,115
1427,15,86,Middle,3,Shigh,0,6.0,7.0,1.0,69
1428,15,87,Middle,1,Slow,4,2.0,7.0,5.0,104
1429,15,88,Middle,3,Shigh,2,6.0,7.0,1.0,68
1430,15,89,Middle,3,Shigh,0,6.0,7.0,1.0,67
1431,15,90,Rich,2,Slow,0,2.0,10.0,8.0,114
1432,15,90,Rich,0,Slow,2,1.4,8.0,6.6,103
1433,15,90,Rich,3,Shigh,4,6.0,6.6,0.5999999999999996,66
1434,15,91,Rich,2,Slow,0,2.0,10.0,8.0,113
1435,15,92,Rich,1,Slow,2,2.0,10.0,8.0,103
1436,15,92,Rich,3,Shigh,3,6.0,8.0,2.0,65
1437,15,93,Rich,0,Slow,0,1.4,10.0,8.6,102
1438,15,94,Rich,3,Shigh,0,6.0,10.0,4.0,64
1439,15,94,Rich,0,Slow,4,1.4,4.0,2.6,101
1440,15,95,Rich,4,Shigh,3,6.0,10.0,4.0,68
1441,15,96,Rich,2,Slow,1,2.0,10.0,8.0,112
1442,15,96,Rich,1,Slow,4,2.0,8.0,6.0,102
1443,15,97,Rich,2,Slow,1,2.0,10.0,8.0,111
1444,15,97,Rich,1,Slow,4,2.0,8.0,6.0,101
1445,15,98,Rich,2,Slow,2,2.0,10.0,8.0,110
1446,15,98,Rich,1,Slow,3,2.0,8.0,6.0,100
1447,15,99,Rich,3,Shigh,0,6.0,10.0,4.0,63
1448,16,0,Poor,0,Slow,1,1.4,3.0,1.6,129
1449,16,3,Poor,0,Slow,0,1.4,3.0,1.6,128
1450,16,6,Poor,2,Slow,1,2.0,3.0,1.0,129
1451,16,7,Poor,1,Slow,2,2.0,3.0,1.0,129
1452,16,8,Poor,2,Slow,0,2.0,3.0,1.0,128
1453,16,9,Poor,0,Slow,1,1.4,3.0,1.6,127
1454,16,10,Poor,1,Slow,0,2.0,3.0,1.0,128
1455,16,11,Poor,2,Slow,1,2.0,3.0,1.0,127
1456,16,13,Poor,0,Slow,0,1.4,3.0,1.6,126
1457,16,14,Poor,1,Slow,2,2.0,3.0,1.0,127
1458,16,15,Poor,1,Slow,2,2.0,3.0,1.0,126
1459,16,17,Poor,1,Slow,2,2.0,3.0,1.0,125
1460,16,18,Poor,1,Slow,3,2.0,3.0,1.0,124
1461,16,19,Poor,0,Slow,0,1.4,3.0,1.6,125
1462,16,20,Poor,1,Slow,0,2.0,3.0,1.0,123
1463,16,22,Poor,1,Slow,0,2.0,3.0,1.0,122
1464,16,23,Poor,1,Slow,3,2.0,3.0,1.0,121
1465,16,24,Poor,2,Slow,1,2.0,3.0,1.0,126
1466,16,25,Poor,0,Slow,4,1.4,3.0,1.6,124
1467,16,26,Poor,1,Slow,4,2.0,3.0,1.0,120
1468,16,29,Poor,1,Slow,4,2.0,3.0,1.0,119
1469,16,30,Poor,2,Slow,1,2.0,3.0,1.0,125
1470,16,31,Poor,0,Slow,3,1.4,3.0,1.6,123
1471,16,35,Poor,1,Slow,2,2.0,3.0,1.0,118
1472,16,38,Poor,2,Slow,0,2.0,3.0,1.0,124
1473,16,40,Poor,1,Slow,1,2.0,3.0,1.0,117
1474,16,41,Poor,0,Slow,2,1.4,3.0,1.6,122
1475,16,42,Poor,0,Slow,1,1.4,3.0,1.6,121
1476,16,44,Poor,1,Slow,1,2.0,3.0,1.0,116
1477,16,45,Poor,0,Slow,0,1.4,3.0,1.6,120
1478,16,46,Poor,1,Slow,0,2.0,3.0,1.0,115
1479,16,47,Poor,0,Slow,4,1.4,3.0,1.6,119
1480,16,48,Poor,2,Slow,0,2.0,3.0,1.0,123
1481,16,49,Poor,0,Slow,0,1.4,3.0,1.6,118
1482,16,50,Poor,0,Slow,1,1.4,3.0,1.6,117
1483,16,51,Poor,0,Slow,0,1.4,3.0,1.6,116
1484,16,53,Poor,1,Slow,4,2.0,3.0,1.0,114
1485,16,56,Poor,1,Slow,0,2.0,3.0,1.0,113
1486,16,57,Poor,2,Slow,0,2.0,3.0,1.0,122
1487,16,58,Poor,1,Slow,1,2.0,3.0,1.0,112
1488,16,59,Poor,1,Slow,1,2.0,3.0,1.0,111
1489,16,60,Poor,0,Slow,0,1.4,3.0,1.6,115
1490,16,63,Poor,1,Slow,2,2.0,3.0,1.0,110
1491,16,65,Poor,2,Slow,0,2.0,3.0,1.0,121
1492,16,66,Poor,0,Slow,3,1.4,3.0,1.6,114
1493,16,68,Poor,2,Slow,0,2.0,3.0,1.0,120
1494,16,69,Poor,1,Slow,1,2.0,3.0,1.0,109
1495,16,70,Middle,1,Slow,0,2.0,7.0,5.0,108
1496,16,70,Middle,0,Slow,2,1.4,5.0,3.6,113
1497,16,71,Middle,0,Slow,1,1.4,7.0,5.6,112
1498,16,71,Middle,1,Slow,2,2.0,5.6,3.5999999999999996,107
1499,16,72,Middle,2,Slow,3,2.0,7.0,5.0,119
1500,16,73,Middle,3,Shigh,0,6.0,7.0,1.0,69
1501,16,75,Middle,3,Shigh,3,6.0,7.0,1.0,68
1502,16,76,Middle,4,Shigh,1,6.0,7.0,1.0,69
1503,16,77,Middle,2,Slow,1,2.0,7.0,5.0,118
1504,16,77,Middle,1,Slow,4,2.0,5.0,3.0,106
1505,16,78,Middle,3,Shigh,1,6.0,7.0,1.0,67
1506,16,79,Middle,0,Slow,0,1.4,7.0,5.6,111
1507,16,79,Middle,1,Slow,1,2.0,5.6,3.5999999999999996,105
1508,16,79,Middle,2,Slow,4,2.0,3.5999999999999996,1.5999999999999996,117
1509,16,80,Middle,0,Slow,0,1.4,7.0,5.6,110
1510,16,80,Middle,2,Slow,1,2.0,5.6,3.5999999999999996,116
1511,16,81,Middle,4,Shigh,0,6.0,7.0,1.0,68
1512,16,82,Middle,4,Shigh,3,6.0,7.0,1.0,67
1513,16,83,Middle,1,Slow,4,2.0,7.0,5.0,104
1514,16,84,Middle,1,Slow,3,2.0,7.0,5.0,103
1515,16,85,Middle,0,Slow,0,1.4,7.0,5.6,109
1516,16,85,Middle,2,Slow,3,2.0,5.6,3.5999999999999996,115
1517,16,86,Middle,2,Slow,3,2.0,7.0,5.0,114
1518,16,86,Middle,0,Slow,4,1.4,5.0,3.6,108
1519,16,87,Middle,4,Shigh,0,6.0,7.0,1.0,66
1520,16,89,Middle,4,Shigh,2,6.0,7.0,1.0,65
1521,16,90,Rich,1,Slow,2,2.0,10.0,8.0,102
1522,16,90,Rich,2,Slow,3,2.0,8.0,6.0,113
1523,16,90,Rich,0,Slow,4,1.4,6.0,4.6,107
1524,16,91,Rich,1,Slow,0,2.0,10.0,8.0,101
1525,16,91,Rich,4,Shigh,4,6.0,8.0,2.0,64
1526,16,92,Rich,0,Slow,3,1.4,10.0,8.6,106
1527,16,92,Rich,2,Slow,4,2.0,8.6,6.6,112
1528,16,93,Rich,0,Slow,0,1.4,10.0,8.6,105
1529,16,93,Rich,1,Slow,2,2.0,8.6,6.6,100
1530,16,93,Rich,2,Slow,3,2.0,6.6,4.6,111
1531,16,94,Rich,2,Slow,2,2.0,10.0,8.0,110
1532,16,94,Rich,1,Slow,4,2.0,8.0,6.0,99
1533,16,95,Rich,3,Shigh,0,6.0,10.0,4.0,66
1534,16,96,Rich,0,Slow,3,1.4,10.0,8.6,104
1535,16,97,Rich,3,Shigh,0,6.0,10.0,4.0,65
1536,16,97,Rich,2,Slow,1,2.0,4.0,2.0,109
1537,16,97,Rich,0,Slow,3,1.4,2.0,0.6000000000000001,103
1538,16,98,Rich,4,Shigh,1,6.0,10.0,4.0,63
1539,16,98,Rich,0,Slow,4,1.4,4.0,2.6,102
1540,16,99,Rich,4,Shigh,0,6.0,10.0,4.0,62
1541,16,99,Rich,1,Slow,2,2.0,4.0,2.0,98
1542,17,0,Poor,2,Slow,2,2.0,3.0,1.0,129
1543,17,1,Poor,1,Slow,4,2.0,3.0,1.0,129
1544,17,2,Poor,1,Slow,3,2.0,3.0,1.0,128
1545,17,4,Poor,2,Slow,1,2.0,3.0,1.0,128
1546,17,6,Poor,1,Slow,1,2.0,3.0,1.0,127
1547,17,7,Poor,0,Slow,0,1.4,3.0,1.6,129
1548,17,8,Poor,1,Slow,0,2.0,3.0,1.0,126
1549,17,9,Poor,2,Slow,2,2.0,3.0,1.0,127
1550,17,10,Poor,0,Slow,3,1.4,3.0,1.6,128
1551,17,12,Poor,1,Slow,1,2.0,3.0,1.0,125
1552,17,13,Poor,2,Slow,1,2.0,3.0,1.0,126
1553,17,14,Poor,0,Slow,2,1.4,3.0,1.6,127
1554,17,15,Poor,2,Slow,1,2.0,3.0,1.0,125
1555,17,16,Poor,1,Slow,3,2.0,3.0,1.0,124
1556,17,17,Poor,2,Slow,4,2.0,3.0,1.0,124
1557,17,18,Poor,2,Slow,0,2.0,3.0,1.0,123
1558,17,19,Poor,0,Slow,3,1.4,3.0,1.6,126
1559,17,20,Poor,0,Slow,0,1.4,3.0,1.6,125
1560,17,21,Poor,2,Slow,0,2.0,3.0,1.0,122
1561,17,24,Poor,1,Slow,4,2.0,3.0,1.0,123
1562,17,26,Poor,0,Slow,0,1.4,3.0,1.6,124
1563,17,29,Poor,2,Slow,0,2.0,3.0,1.0,121
1564,17,31,Poor,1,Slow,1,2.0,3.0,1.0,122
1565,17,33,Poor,1,Slow,1,2.0,3.0,1.0,121
1566,17,34,Poor,1,Slow,3,2.0,3.0,1.0,120
1567,17,35,Poor,1,Slow,1,2.0,3.0,1.0,119
1568,17,36,Poor,2,Slow,2,2.0,3.0,1.0,120
1569,17,37,Poor,1,Slow,2,2.0,3.0,1.0,118
1570,17,39,Poor,1,Slow,2,2.0,3.0,1.0,117
1571,17,40,Poor,0,Slow,4,1.4,3.0,1.6,123
1572,17,41,Poor,1,Slow,0,2.0,3.0,1.0,116
1573,17,42,Poor,1,Slow,2,2.0,3.0,1.0,115
1574,17,43,Poor,0,Slow,3,1.4,3.0,1.6,122
1575,17,44,Poor,0,Slow,4,1.4,3.0,1.6,121
1576,17,45,Poor,1,Slow,2,2.0,3.0,1.0,114
1577,17,46,Poor,1,Slow,0,2.0,3.0,1.0,113
1578,17,47,Poor,0,Slow,4,1.4,3.0,1.6,120
1579,17,49,Poor,1,Slow,1,2.0,3.0,1.0,112
1580,17,50,Poor,0,Slow,0,1.4,3.0,1.6,119
1581,17,51,Poor,0,Slow,1,1.4,3.0,1.6,118
1582,17,52,Poor,1,Slow,0,2.0,3.0,1.0,111
1583,17,53,Poor,2,Slow,3,2.0,3.0,1.0,119
1584,17,54,Poor,2,Slow,2,2.0,3.0,1.0,118
1585,17,55,Poor,0,Slow,3,1.4,3.0,1.6,117
1586,17,56,Poor,0,Slow,1,1.4,3.0,1.6,116
1587,17,57,Poor,2,Slow,0,2.0,3.0,1.0,117
1588,17,60,Poor,1,Slow,0,2.0,3.0,1.0,110
1589,17,61,Poor,1,Slow,0,2.0,3.0,1.0,109
1590,17,62,Poor,1,Slow,0,2.0,3.0,1.0,108
1591,17,63,Poor,0,Slow,4,1.4,3.0,1.6,115
1592,17,67,Poor,1,Slow,2,2.0,3.0,1.0,107
1593,17,68,Poor,2,Slow,3,2.0,3.0,1.0,116
1594,17,69,Poor,0,Slow,3,1.4,3.0,1.6,114
1595,17,70,Middle,1,Slow,1,2.0,7.0,5.0,106
1596,17,70,Middle,0,Slow,3,1.4,5.0,3.6,113
1597,17,71,Middle,3,Shigh,0,6.0,7.0,1.0,69
1598,17,72,Middle,2,Slow,3,2.0,7.0,5.0,115
1599,17,74,Middle,1,Slow,2,2.0,7.0,5.0,105
1600,17,76,Middle,0,Slow,0,1.4,7.0,5.6,112
1601,17,77,Middle,0,Slow,2,1.4,7.0,5.6,111
1602,17,77,Middle,1,Slow,4,2.0,5.6,3.5999999999999996,104
1603,17,78,Middle,4,Shigh,0,6.0,7.0,1.0,69
1604,17,79,Middle,3,Shigh,1,6.0,7.0,1.0,68
1605,17,80,Middle,4,Shigh,0,6.0,7.0,1.0,68
1606,17,81,Middle,3,Shigh,3,6.0,7.0,1.0,67
1607,17,82,Middle,4,Shigh,0,6.0,7.0,1.0,67
1608,17,83,Middle,1,Slow,3,2.0,7.0,5.0,103
1609,17,83,Middle,2,Slow,4,2.0,5.0,3.0,114
1610,17,84,Middle,4,Shigh,1,6.0,7.0,1.0,66
1611,17,85,Middle,1,Slow,1,2.0,7.0,5.0,102
1612,17,86,Middle,0,Slow,4,1.4,7.0,5.6,110
1613,17,87,Middle,1,Slow,0,2.0,7.0,5.0,101
1614,17,88,Middle,2,Slow,0,2.0,7.0,5.0,113
1615,17,88,Middle,1,Slow,3,2.0,5.0,3.0,100
1616,17,89,Middle,0,Slow,2,1.4,7.0,5.6,109
1617,17,90,Rich,3,Shigh,1,6.0,10.0,4.0,66
1618,17,90,Rich,1,Slow,4,2.0,4.0,2.0,99
1619,17,91,Rich,4,Shigh,0,6.0,10.0,4.0,65
1620,17,91,Rich,0,Slow,1,1.4,4.0,2.6,108
1621,17,92,Rich,3,Shigh,1,6.0,10.0,4.0,65
1622,17,93,Rich,1,Slow,2,2.0,10.0,8.0,98
1623,17,94,Rich,1,Slow,2,2.0,10.0,8.0,97
1624,17,94,Rich,3,Shigh,3,6.0,8.0,2.0,64
1625,17,95,Rich,2,Slow,0,2.0,10.0,8.0,112
1626,17,95,Rich,0,Slow,1,1.4,8.0,6.6,107
1627,17,95,Rich,3,Shigh,2,6.0,6.6,0.5999999999999996,63
1628,17,96,Rich,2,Slow,0,2.0,10.0,8.0,111
1629,17,96,Rich,3,Shigh,1,6.0,8.0,2.0,62
1630,17,96,Rich,0,Slow,2,1.4,2.0,0.6000000000000001,106
1631,17,97,Rich,3,Shigh,0,6.0,10.0,4.0,61
1632,17,97,Rich,1,Slow,3,2.0,4.0,2.0,96
1633,17,99,Rich,0,Slow,0,1.4,10.0,8.6,105
1634,17,99,Rich,2,Slow,2,2.0,8.6,6.6,110
1635,18,0,Poor,0,Slow,1,1.4,3.0,1.6,129
1636,18,1,Poor,1,Slow,0,2.0,3.0,1.0,129
1637,18,2,Poor,1,Slow,0,2.0,3.0,1.0,128
1638,18,4,Poor,0,Slow,0,1.4,3.0,1.6,128
1639,18,5,Poor,1,Slow,0,2.0,3.0,1.0,127
1640,18,6,Poor,1,Slow,4,2.0,3.0,1.0,126
1641,18,7,Poor,1,Slow,4,2.0,3.0,1.0,125
1642,18,8,Poor,1,Slow,4,2.0,3.0,1.0,124
1643,18,9,Poor,0,Slow,0,1.4,3.0,1.6,127
1644,18,10,Poor,2,Slow,0,2.0,3.0,1.0,129
1645,18,11,Poor,1,Slow,1,2.0,3.0,1.0,123
1646,18,13,Poor,0,Slow,0,1.4,3.0,1.6,126
1647,18,18,Poor,1,Slow,2,2.0,3.0,1.0,122
1648,18,19,Poor,0,Slow,2,1.4,3.0,1.6,125
1649,18,20,Poor,1,Slow,0,2.0,3.0,1.0,121
1650,18,22,Poor,2,Slow,2,2.0,3.0,1.0,128
1651,18,24,Poor,0,Slow,0,1.4,3.0,1.6,124
1652,18,25,Poor,0,Slow,0,1.4,3.0,1.6,123
1653,18,26,Poor,0,Slow,0,1.4,3.0,1.6,122
1654,18,27,Poor,0,Slow,2,1.4,3.0,1.6,121
1655,18,29,Poor,2,Slow,1,2.0,3.0,1.0,127
1656,18,33,Poor,2,Slow,0,2.0,3.0,1.0,126
1657,18,34,Poor,2,Slow,1,2.0,3.0,1.0,125
1658,18,36,Poor,2,Slow,1,2.0,3.0,1.0,124
1659,18,37,Poor,0,Slow,0,1.4,3.0,1.6,120
1660,18,38,Poor,1,Slow,1,2.0,3.0,1.0,120
1661,18,39,Poor,1,Slow,0,2.0,3.0,1.0,119
1662,18,40,Poor,0,Slow,2,1.4,3.0,1.6,119
1663,18,41,Poor,1,Slow,0,2.0,3.0,1.0,118
1664,18,42,Poor,1,Slow,1,2.0,3.0,1.0,117
1665,18,43,Poor,1,Slow,0,2.0,3.0,1.0,116
1666,18,45,Poor,2,Slow,2,2.0,3.0,1.0,123
1667,18,47,Poor,0,Slow,0,1.4,3.0,1.6,118
1668,18,48,Poor,2,Slow,2,2.0,3.0,1.0,122
1669,18,49,Poor,1,Slow,0,2.0,3.0,1.0,115
1670,18,50,Poor,1,Slow,0,2.0,3.0,1.0,114
1671,18,52,Poor,0,Slow,4,1.4,3.0,1.6,117
1672,18,55,Poor,0,Slow,2,1.4,3.0,1.6,116
1673,18,57,Poor,1,Slow,4,2.0,3.0,1.0,113
1674,18,61,Poor,2,Slow,0,2.0,3.0,1.0,121
1675,18,62,Poor,0,Slow,1,1.4,3.0,1.6,115
1676,18,63,Poor,1,Slow,0,2.0,3.0,1.0,112
1677,18,65,Poor,0,Slow,3,1.4,3.0,1.6,114
1678,18,67,Poor,1,Slow,2,2.0,3.0,1.0,111
1679,18,69,Poor,0,Slow,1,1.4,3.0,1.6,113
1680,18,71,Middle,4,Shigh,1,6.0,7.0,1.0,69
1681,18,72,Middle,0,Slow,2,1.4,7.0,5.6,112
1682,18,73,Middle,0,Slow,1,1.4,7.0,5.6,111
1683,18,73,Middle,2,Slow,3,2.0,5.6,3.5999999999999996,120
1684,18,74,Middle,0,Slow,0,1.4,7.0,5.6,110
1685,18,74,Middle,2,Slow,4,2.0,5.6,3.5999999999999996,119
1686,18,75,Middle,1,Slow,0,2.0,7.0,5.0,110
1687,18,76,Middle,3,Shigh,0,6.0,7.0,1.0,69
1688,18,77,Middle,0,Slow,0,1.4,7.0,5.6,109
1689,18,78,Middle,2,Slow,3,2.0,7.0,5.0,118
1690,18,80,Middle,2,Slow,1,2.0,7.0,5.0,117
1691,18,80,Middle,0,Slow,2,1.4,5.0,3.6,108
1692,18,81,Middle,1,Slow,1,2.0,7.0,5.0,109
1693,18,83,Middle,1,Slow,3,2.0,7.0,5.0,108
1694,18,85,Middle,3,Shigh,0,6.0,7.0,1.0,68
1695,18,86,Middle,0,Slow,0,1.4,7.0,5.6,107
1696,18,87,Middle,1,Slow,1,2.0,7.0,5.0,107
1697,18,87,Middle,0,Slow,3,1.4,5.0,3.6,106
1698,18,89,Middle,3,Shigh,0,6.0,7.0,1.0,67
1699,18,90,Rich,2,Slow,2,2.0,10.0,8.0,116
1700,18,91,Rich,0,Slow,2,1.4,10.0,8.6,105
1701,18,93,Rich,1,Slow,1,2.0,10.0,8.0,106
1702,18,93,Rich,4,Shigh,2,6.0,8.0,2.0,68
1703,18,94,Rich,3,Shigh,1,6.0,10.0,4.0,66
1704,18,94,Rich,2,Slow,4,2.0,4.0,2.0,115
1705,18,95,Rich,4,Shigh,0,6.0,10.0,4.0,67
1706,18,95,Rich,1,Slow,3,2.0,4.0,2.0,105
1707,18,96,Rich,0,Slow,0,1.4,10.0,8.6,104
1708,18,97,Rich,3,Shigh,1,6.0,10.0,4.0,65
1709,18,98,Rich,1,Slow,1,2.0,10.0,8.0,104
1710,18,98,Rich,0,Slow,3,1.4,8.0,6.6,103
1711,18,99,Rich,2,Slow,1,2.0,10.0,8.0,114
1712,18,99,Rich,1,Slow,4,2.0,8.0,6.0,103
1713,19,0,Poor,1,Slow,1,2.0,3.0,1.0,129
1714,19,1,Poor,0,Slow,0,1.4,3.0,1.6,129
1715,19,3,Poor,2,Slow,1,2.0,3.0,1.0,129
1716,19,4,Poor,2,Slow,0,2.0,3.0,1.0,128
1717,19,5,Poor,2,Slow,1,2.0,3.0,1.0,127
1718,19,8,Poor,2,Slow,1,2.0,3.0,1.0,126
1719,19,9,Poor,1,Slow,1,2.0,3.0,1.0,128
1720,19,10,Poor,1,Slow,1,2.0,3.0,1.0,127
1721,19,11,Poor,0,Slow,0,1.4,3.0,1.6,128
1722,19,14,Poor,2,Slow,0,2.0,3.0,1.0,125
1723,19,15,Poor,0,Slow,3,1.4,3.0,1.6,127
1724,19,16,Poor,2,Slow,4,2.0,3.0,1.0,124
1725,19,18,Poor,0,Slow,2,1.4,3.0,1.6,126
1726,19,20,Poor,0,Slow,2,1.4,3.0,1.6,125
1727,19,21,Poor,2,Slow,4,2.0,3.0,1.0,123
1728,19,22,Poor,2,Slow,4,2.0,3.0,1.0,122
1729,19,24,Poor,2,Slow,3,2.0,3.0,1.0,121
1730,19,26,Poor,1,Slow,0,2.0,3.0,1.0,126
1731,19,27,Poor,0,Slow,4,1.4,3.0,1.6,124
1732,19,28,Poor,1,Slow,1,2.0,3.0,1.0,125
1733,19,30,Poor,0,Slow,1,1.4,3.0,1.6,123
1734,19,32,Poor,1,Slow,4,2.0,3.0,1.0,124
1735,19,34,Poor,0,Slow,2,1.4,3.0,1.6,122
1736,19,35,Poor,0,Slow,3,1.4,3.0,1.6,121
1737,19,38,Poor,1,Slow,1,2.0,3.0,1.0,123
1738,19,39,Poor,0,Slow,1,1.4,3.0,1.6,120
1739,19,41,Poor,0,Slow,4,1.4,3.0,1.6,119
1740,19,42,Poor,1,Slow,3,2.0,3.0,1.0,122
1741,19,43,Poor,1,Slow,1,2.0,3.0,1.0,121
1742,19,44,Poor,0,Slow,1,1.4,3.0,1.6,118
1743,19,45,Poor,0,Slow,3,1.4,3.0,1.6,117
1744,19,46,Poor,1,Slow,1,2.0,3.0,1.0,120
1745,19,47,Poor,2,Slow,3,2.0,3.0,1.0,120
1746,19,48,Poor,2,Slow,2,2.0,3.0,1.0,119
1747,19,49,Poor,1,Slow,2,2.0,3.0,1.0,119
1748,19,50,Poor,1,Slow,3,2.0,3.0,1.0,118
1749,19,51,Poor,0,Slow,1,1.4,3.0,1.6,116
1750,19,52,Poor,1,Slow,1,2.0,3.0,1.0,117
1751,19,54,Poor,0,Slow,2,1.4,3.0,1.6,115
1752,19,55,Poor,1,Slow,0,2.0,3.0,1.0,116
1753,19,56,Poor,0,Slow,0,1.4,3.0,1.6,114
1754,19,57,Poor,0,Slow,3,1.4,3.0,1.6,113
1755,19,58,Poor,2,Slow,0,2.0,3.0,1.0,118
1756,19,59,Poor,2,Slow,2,2.0,3.0,1.0,117
1757,19,61,Poor,0,Slow,4,1.4,3.0,1.6,112
1758,19,64,Poor,1,Slow,0,2.0,3.0,1.0,115
1759,19,65,Poor,0,Slow,2,1.4,3.0,1.6,111
1760,19,67,Poor,2,Slow,0,2.0,3.0,1.0,116
1761,19,68,Poor,1,Slow,0,2.0,3.0,1.0,114
1762,19,69,Poor,1,Slow,2,2.0,3.0,1.0,113
1763,19,70,Middle,3,Shigh,0,6.0,7.0,1.0,69
1764,19,71,Middle,4,Shigh,0,6.0,7.0,1.0,69
1765,19,72,Middle,2,Slow,4,2.0,7.0,5.0,115
1766,19,73,Middle,0,Slow,1,1.4,7.0,5.6,110
1767,19,74,Middle,0,Slow,0,1.4,7.0,5.6,109
1768,19,74,Middle,1,Slow,2,2.0,5.6,3.5999999999999996,112
1769,19,75,Middle,3,Shigh,1,6.0,7.0,1.0,68
1770,19,76,Middle,0,Slow,1,1.4,7.0,5.6,108
1771,19,77,Middle,1,Slow,0,2.0,7.0,5.0,111
1772,19,78,Middle,0,Slow,2,1.4,7.0,5.6,107
1773,19,78,Middle,1,Slow,4,2.0,5.6,3.5999999999999996,110
1774,19,80,Middle,0,Slow,2,1.4,7.0,5.6,106
1775,19,81,Middle,0,Slow,1,1.4,7.0,5.6,105
1776,19,81,Middle,1,Slow,3,2.0,5.6,3.5999999999999996,109
1777,19,82,Middle,4,Shigh,2,6.0,7.0,1.0,68
1778,19,83,Middle,0,Slow,0,1.4,7.0,5.6,104
1779,19,83,Middle,1,Slow,3,2.0,5.6,3.5999999999999996,108
1780,19,84,Middle,0,Slow,1,1.4,7.0,5.6,103
1781,19,85,Middle,1,Slow,0,2.0,7.0,5.0,107
1782,19,86,Middle,0,Slow,1,1.4,7.0,5.6,102
1783,19,87,Middle,1,Slow,0,2.0,7.0,5.0,106
1784,19,88,Middle,0,Slow,1,1.4,7.0,5.6,101
1785,19,89,Middle,3,Shigh,0,6.0,7.0,1.0,67
1786,19,90,Rich,3,Shigh,0,6.0,10.0,4.0,66
1787,19,90,Rich,1,Slow,2,2.0,4.0,2.0,105
1788,19,90,Rich,0,Slow,3,1.4,2.0,0.6000000000000001,100
1789,19,91,Rich,1,Slow,1,2.0,10.0,8.0,104
1790,19,91,Rich,3,Shigh,2,6.0,8.0,2.0,65
1791,19,92,Rich,2,Slow,2,2.0,10.0,8.0,114
1792,19,92,Rich,0,Slow,3,1.4,8.0,6.6,99
1793,19,93,Rich,0,Slow,0,1.4,10.0,8.6,98
1794,19,93,Rich,4,Shigh,2,6.0,8.6,2.5999999999999996,67
1795,19,93,Rich,1,Slow,3,2.0,2.5999999999999996,0.5999999999999996,103
1796,19,94,Rich,0,Slow,3,1.4,10.0,8.6,97
1797,19,95,Rich,1,Slow,1,2.0,10.0,8.0,102
1798,19,95,Rich,4,Shigh,4,6.0,8.0,2.0,66
1799,19,96,Rich,2,Slow,0,2.0,10.0,8.0,113
1800,19,96,Rich,0,Slow,4,1.4,8.0,6.6,96
1801,19,97,Rich,1,Slow,0,2.0,10.0,8.0,101
1802,19,98,Rich,2,Slow,1,2.0,10.0,8.0,112
1803,19,98,Rich,0,Slow,2,1.4,8.0,6.6,95
1804,19,99,Rich,2,Slow,0,2.0,10.0,8.0,111
1805,19,99,Rich,4,Shigh,2,6.0,8.0,2.0,65
1806,19,99,Rich,0,Slow,3,1.4,2.0,0.6000000000000001,94
1807,20,2,Poor,1,Slow,0,2.0,3.0,1.0,129
1808,20,3,Poor,0,Slow,0,1.4,3.0,1.6,129
1809,20,5,Poor,0,Slow,0,1.4,3.0,1.6,128
1810,20,6,Poor,1,Slow,3,2.0,3.0,1.0,128
1811,20,7,Poor,1,Slow,0,2.0,3.0,1.0,127
1812,20,8,Poor,1,Slow,1,2.0,3.0,1.0,126
1813,20,11,Poor,0,Slow,3,1.4,3.0,1.6,127
1814,20,12,Poor,2,Slow,1,2.0,3.0,1.0,129
1815,20,13,Poor,0,Slow,0,1.4,3.0,1.6,126
1816,20,14,Poor,2,Slow,2,2.0,3.0,1.0,128
1817,20,15,Poor,2,Slow,3,2.0,3.0,1.0,127
1818,20,16,Poor,2,Slow,3,2.0,3.0,1.0,126
1819,20,17,Poor,1,Slow,4,2.0,3.0,1.0,125
1820,20,19,Poor,0,Slow,0,1.4,3.0,1.6,125
1821,20,20,Poor,2,Slow,1,2.0,3.0,1.0,125
1822,20,21,Poor,2,Slow,3,2.0,3.0,1.0,124
1823,20,23,Poor,0,Slow,3,1.4,3.0,1.6,124
1824,20,24,Poor,1,Slow,3,2.0,3.0,1.0,124
1825,20,25,Poor,1,Slow,2,2.0,3.0,1.0,123
1826,20,26,Poor,0,Slow,0,1.4,3.0,1.6,123
1827,20,28,Poor,0,Slow,2,1.4,3.0,1.6,122
1828,20,29,Poor,1,Slow,1,2.0,3.0,1.0,122
1829,20,31,Poor,0,Slow,0,1.4,3.0,1.6,121
1830,20,32,Poor,1,Slow,1,2.0,3.0,1.0,121
1831,20,34,Poor,2,Slow,1,2.0,3.0,1.0,123
1832,20,35,Poor,1,Slow,0,2.0,3.0,1.0,120
1833,20,36,Poor,2,Slow,0,2.0,3.0,1.0,122
1834,20,37,Poor,0,Slow,0,1.4,3.0,1.6,120
1835,20,39,Poor,1,Slow,0,2.0,3.0,1.0,119
1836,20,40,Poor,1,Slow,0,2.0,3.0,1.0,118
1837,20,44,Poor,1,Slow,4,2.0,3.0,1.0,117
1838,20,46,Poor,1,Slow,3,2.0,3.0,1.0,116
1839,20,49,Poor,2,Slow,4,2.0,3.0,1.0,121
1840,20,50,Poor,1,Slow,0,2.0,3.0,1.0,115
1841,20,52,Poor,0,Slow,1,1.4,3.0,1.6,119
1842,20,53,Poor,1,Slow,2,2.0,3.0,1.0,114
1843,20,54,Poor,1,Slow,3,2.0,3.0,1.0,113
1844,20,57,Poor,1,Slow,1,2.0,3.0,1.0,112
1845,20,58,Poor,0,Slow,2,1.4,3.0,1.6,118
1846,20,59,Poor,2,Slow,3,2.0,3.0,1.0,120
1847,20,60,Poor,0,Slow,1,1.4,3.0,1.6,117
1848,20,61,Poor,1,Slow,2,2.0,3.0,1.0,111
1849,20,62,Poor,1,Slow,1,2.0,3.0,1.0,110
1850,20,64,Poor,0,Slow,0,1.4,3.0,1.6,116
1851,20,65,Poor,0,Slow,0,1.4,3.0,1.6,115
1852,20,68,Poor,2,Slow,0,2.0,3.0,1.0,119
1853,20,69,Poor,0,Slow,2,1.4,3.0,1.6,114
1854,20,70,Middle,4,Shigh,0,6.0,7.0,1.0,69
1855,20,71,Middle,1,Slow,0,2.0,7.0,5.0,109
1856,20,71,Middle,2,Slow,1,2.0,5.0,3.0,118
1857,20,71,Middle,0,Slow,3,1.4,3.0,1.6,113
1858,20,73,Middle,3,Shigh,2,6.0,7.0,1.0,69
1859,20,74,Middle,0,Slow,3,1.4,7.0,5.6,112
1860,20,75,Middle,2,Slow,2,2.0,7.0,5.0,117
1861,20,76,Middle,2,Slow,1,2.0,7.0,5.0,116
1862,20,77,Middle,3,Shigh,1,6.0,7.0,1.0,68
1863,20,78,Middle,3,Shigh,0,6.0,7.0,1.0,67
1864,20,79,Middle,3,Shigh,0,6.0,7.0,1.0,66
1865,20,80,Middle,0,Slow,0,1.4,7.0,5.6,111
1866,20,81,Middle,0,Slow,4,1.4,7.0,5.6,110
1867,20,82,Middle,1,Slow,0,2.0,7.0,5.0,108
1868,20,83,Middle,3,Shigh,1,6.0,7.0,1.0,65
1869,20,85,Middle,0,Slow,3,1.4,7.0,5.6,109
1870,20,86,Middle,0,Slow,2,1.4,7.0,5.6,108
1871,20,86,Middle,1,Slow,4,2.0,5.6,3.5999999999999996,107
1872,20,87,Middle,3,Shigh,2,6.0,7.0,1.0,64
1873,20,88,Middle,0,Slow,3,1.4,7.0,5.6,107
1874,20,88,Middle,1,Slow,4,2.0,5.6,3.5999999999999996,106
1875,20,90,Rich,2,Slow,0,2.0,10.0,8.0,115
1876,20,90,Rich,3,Shigh,1,6.0,8.0,2.0,63
1877,20,90,Rich,0,Slow,4,1.4,2.0,0.6000000000000001,106
1878,20,91,Rich,4,Shigh,2,6.0,10.0,4.0,68
1879,20,91,Rich,1,Slow,4,2.0,4.0,2.0,105
1880,20,92,Rich,4,Shigh,1,6.0,10.0,4.0,67
1881,20,92,Rich,0,Slow,2,1.4,4.0,2.6,105
1882,20,93,Rich,3,Shigh,0,6.0,10.0,4.0,62
1883,20,93,Rich,1,Slow,3,2.0,4.0,2.0,104
1884,20,94,Rich,2,Slow,0,2.0,10.0,8.0,114
1885,20,94,Rich,3,Shigh,2,6.0,8.0,2.0,61
1886,20,95,Rich,4,Shigh,1,6.0,10.0,4.0,66
1887,20,95,Rich,0,Slow,2,1.4,4.0,2.6,104
1888,20,95,Rich,2,Slow,3,2.0,2.6,0.6000000000000001,113
1889,20,96,Rich,4,Shigh,1,6.0,10.0,4.0,65
1890,20,96,Rich,2,Slow,2,2.0,4.0,2.0,112
1891,20,96,Rich,1,Slow,4,2.0,2.0,0.0,103
1892,20,97,Rich,3,Shigh,0,6.0,10.0,4.0,60
1893,20,97,Rich,2,Slow,2,2.0,4.0,2.0,111
1894,20,97,Rich,1,Slow,3,2.0,2.0,0.0,102
1895,20,98,Rich,4,Shigh,3,6.0,10.0,4.0,64
1896,20,99,Rich,2,Slow,0,2.0,10.0,8.0,110
1897,20,99,Rich,0,Slow,1,1.4,8.0,6.6,103
1898,21,0,Poor,2,Slow,3,2.0,3.0,1.0,129
1899,21,1,Poor,0,Slow,2,1.4,3.0,1.6,129
1900,21,2,Poor,1,Slow,2,2.0,3.0,1.0,129
1901,21,4,Poor,2,Slow,4,2.0,3.0,1.0,128
1902,21,5,Poor,2,Slow,0,2.0,3.0,1.0,127
1903,21,6,Poor,2,Slow,3,2.0,3.0,1.0,126
1904,21,8,Poor,2,Slow,4,2.0,3.0,1.0,125
1905,21,10,Poor,2,Slow,1,2.0,3.0,1.0,124
1906,21,11,Poor,2,Slow,0,2.0,3.0,1.0,123
1907,21,12,Poor,1,Slow,2,2.0,3.0,1.0,128
1908,21,13,Poor,2,Slow,1,2.0,3.0,1.0,122
1909,21,14,Poor,0,Slow,1,1.4,3.0,1.6,128
1910,21,16,Poor,1,Slow,2,2.0,3.0,1.0,127
1911,21,17,Poor,2,Slow,0,2.0,3.0,1.0,121
1912,21,19,Poor,0,Slow,1,1.4,3.0,1.6,127
1913,21,20,Poor,0,Slow,2,1.4,3.0,1.6,126
1914,21,21,Poor,2,Slow,0,2.0,3.0,1.0,120
1915,21,22,Poor,2,Slow,0,2.0,3.0,1.0,119
1916,21,24,Poor,1,Slow,1,2.0,3.0,1.0,126
1917,21,25,Poor,2,Slow,0,2.0,3.0,1.0,118
1918,21,26,Poor,0,Slow,3,1.4,3.0,1.6,125
1919,21,27,Poor,1,Slow,4,2.0,3.0,1.0,125
1920,21,29,Poor,2,Slow,0,2.0,3.0,1.0,117
1921,21,30,Poor,0,Slow,0,1.4,3.0,1.6,124
1922,21,31,Poor,1,Slow,1,2.0,3.0,1.0,124
1923,21,33,Poor,1,Slow,1,2.0,3.0,1.0,123
1924,21,34,Poor,0,Slow,1,1.4,3.0,1.6,123
1925,21,35,Poor,1,Slow,0,2.0,3.0,1.0,122
1926,21,37,Poor,1,Slow,4,2.0,3.0,1.0,121
1927,21,38,Poor,1,Slow,2,2.0,3.0,1.0,120
1928,21,39,Poor,0,Slow,0,1.4,3.0,1.6,122
1929,21,40,Poor,1,Slow,0,2.0,3.0,1.0,119
1930,21,41,Poor,0,Slow,0,1.4,3.0,1.6,121
1931,21,42,Poor,0,Slow,0,1.4,3.0,1.6,120
1932,21,45,Poor,0,Slow,3,1.4,3.0,1.6,119
1933,21,47,Poor,1,Slow,3,2.0,3.0,1.0,118
1934,21,50,Poor,2,Slow,2,2.0,3.0,1.0,116
1935,21,51,Poor,2,Slow,0,2.0,3.0,1.0,115
1936,21,52,Poor,0,Slow,0,1.4,3.0,1.6,118
1937,21,53,Poor,0,Slow,0,1.4,3.0,1.6,117
1938,21,54,Poor,2,Slow,1,2.0,3.0,1.0,114
1939,21,55,Poor,1,Slow,3,2.0,3.0,1.0,117
1940,21,56,Poor,0,Slow,4,1.4,3.0,1.6,116
1941,21,57,Poor,2,Slow,3,2.0,3.0,1.0,113
1942,21,58,Poor,1,Slow,1,2.0,3.0,1.0,116
1943,21,59,Poor,0,Slow,0,1.4,3.0,1.6,115
1944,21,60,Poor,2,Slow,3,2.0,3.0,1.0,112
1945,21,61,Poor,2,Slow,1,2.0,3.0,1.0,111
1946,21,63,Poor,1,Slow,1,2.0,3.0,1.0,115
1947,21,66,Poor,1,Slow,0,2.0,3.0,1.0,114
1948,21,68,Poor,0,Slow,2,1.4,3.0,1.6,114
1949,21,69,Poor,0,Slow,0,1.4,3.0,1.6,113
1950,21,70,Middle,2,Slow,2,2.0,7.0,5.0,110
1951,21,70,Middle,0,Slow,4,1.4,5.0,3.6,112
1952,21,71,Middle,0,Slow,3,1.4,7.0,5.6,111
1953,21,72,Middle,4,Shigh,0,6.0,7.0,1.0,69
1954,21,73,Middle,3,Shigh,0,6.0,7.0,1.0,69
1955,21,75,Middle,3,Shigh,1,6.0,7.0,1.0,68
1956,21,76,Middle,1,Slow,3,2.0,7.0,5.0,113
1957,21,77,Middle,1,Slow,0,2.0,7.0,5.0,112
1958,21,77,Middle,0,Slow,2,1.4,5.0,3.6,110
1959,21,78,Middle,3,Shigh,3,6.0,7.0,1.0,67
1960,21,79,Middle,1,Slow,0,2.0,7.0,5.0,111
1961,21,80,Middle,2,Slow,4,2.0,7.0,5.0,109
1962,21,81,Middle,2,Slow,1,2.0,7.0,5.0,108
1963,21,82,Middle,0,Slow,0,1.4,7.0,5.6,109
1964,21,84,Middle,2,Slow,1,2.0,7.0,5.0,107
1965,21,84,Middle,0,Slow,2,1.4,5.0,3.6,108
1966,21,85,Middle,3,Shigh,0,6.0,7.0,1.0,66
1967,21,87,Middle,1,Slow,1,2.0,7.0,5.0,110
1968,21,87,Middle,2,Slow,4,2.0,5.0,3.0,106
1969,21,88,Middle,2,Slow,1,2.0,7.0,5.0,105
1970,21,89,Middle,1,Slow,1,2.0,7.0,5.0,109
1971,21,90,Rich,3,Shigh,1,6.0,10.0,4.0,65
1972,21,90,Rich,0,Slow,3,1.4,4.0,2.6,107
1973,21,91,Rich,1,Slow,0,2.0,10.0,8.0,108
1974,21,91,Rich,4,Shigh,1,6.0,8.0,2.0,68
1975,21,91,Rich,2,Slow,2,2.0,2.0,0.0,104
1976,21,92,Rich,3,Shigh,2,6.0,10.0,4.0,64
1977,21,93,Rich,3,Shigh,2,6.0,10.0,4.0,63
1978,21,93,Rich,1,Slow,3,2.0,4.0,2.0,107
1979,21,94,Rich,0,Slow,4,1.4,10.0,8.6,106
1980,21,96,Rich,0,Slow,1,1.4,10.0,8.6,105
1981,21,96,Rich,2,Slow,3,2.0,8.6,6.6,103
1982,21,96,Rich,1,Slow,4,2.0,6.6,4.6,106
1983,21,97,Rich,3,Shigh,1,6.0,10.0,4.0,62
1984,21,97,Rich,1,Slow,2,2.0,4.0,2.0,105
1985,21,97,Rich,0,Slow,4,1.4,2.0,0.6000000000000001,104
1986,21,98,Rich,0,Slow,4,1.4,10.0,8.6,103
1987,21,99,Rich,3,Shigh,0,6.0,10.0,4.0,61
1988,21,99,Rich,1,Slow,3,2.0,4.0,2.0,104
1989,21,99,Rich,2,Slow,4,2.0,2.0,0.0,102
1990,22,1,Poor,0,Slow,3,1.4,3.0,1.6,129
1991,22,2,Poor,2,Slow,2,2.0,3.0,1.0,129
1992,22,3,Poor,1,Slow,1,2.0,3.0,1.0,129
1993,22,4,Poor,1,Slow,2,2.0,3.0,1.0,128
1994,22,5,Poor,0,Slow,2,1.4,3.0,1.6,128
1995,22,7,Poor,0,Slow,2,1.4,3.0,1.6,127
1996,22,8,Poor,2,Slow,2,2.0,3.0,1.0,128
1997,22,9,Poor,1,Slow,0,2.0,3.0,1.0,127
1998,22,10,Poor,2,Slow,4,2.0,3.0,1.0,127
1999,22,13,Poor,1,Slow,4,2.0,3.0,1.0,126
2000,22,16,Poor,2,Slow,0,2.0,3.0,1.0,126
2001,22,18,Poor,0,Slow,4,1.4,3.0,1.6,126
2002,22,21,Poor,0,Slow,4,1.4,3.0,1.6,125
2003,22,22,Poor,1,Slow,3,2.0,3.0,1.0,125
2004,22,23,Poor,0,Slow,2,1.4,3.0,1.6,124
2005,22,24,Poor,1,Slow,2,2.0,3.0,1.0,124
2006,22,25,Poor,2,Slow,1,2.0,3.0,1.0,125
2007,22,26,Poor,0,Slow,3,1.4,3.0,1.6,123
2008,22,27,Poor,1,Slow,2,2.0,3.0,1.0,123
2009,22,28,Poor,0,Slow,4,1.4,3.0,1.6,122
2010,22,30,Poor,2,Slow,2,2.0,3.0,1.0,124
2011,22,31,Poor,1,Slow,4,2.0,3.0,1.0,122
2012,22,32,Poor,0,Slow,3,1.4,3.0,1.6,121
2013,22,33,Poor,1,Slow,0,2.0,3.0,1.0,121
2014,22,34,Poor,1,Slow,2,2.0,3.0,1.0,120
2015,22,35,Poor,0,Slow,0,1.4,3.0,1.6,120
2016,22,36,Poor,0,Slow,1,1.4,3.0,1.6,119
2017,22,37,Poor,0,Slow,1,1.4,3.0,1.6,118
2018,22,38,Poor,2,Slow,1,2.0,3.0,1.0,123
2019,22,39,Poor,2,Slow,4,2.0,3.0,1.0,122
2020,22,42,Poor,0,Slow,3,1.4,3.0,1.6,117
2021,22,45,Poor,2,Slow,0,2.0,3.0,1.0,121
2022,22,46,Poor,1,Slow,0,2.0,3.0,1.0,119
2023,22,48,Poor,2,Slow,1,2.0,3.0,1.0,120
2024,22,49,Poor,0,Slow,0,1.4,3.0,1.6,116
2025,22,50,Poor,2,Slow,3,2.0,3.0,1.0,119
2026,22,52,Poor,0,Slow,1,1.4,3.0,1.6,115
2027,22,53,Poor,1,Slow,0,2.0,3.0,1.0,118
2028,22,54,Poor,2,Slow,0,2.0,3.0,1.0,118
2029,22,57,Poor,0,Slow,0,1.4,3.0,1.6,114
2030,22,58,Poor,0,Slow,0,1.4,3.0,1.6,113
2031,22,59,Poor,1,Slow,2,2.0,3.0,1.0,117
2032,22,60,Poor,2,Slow,0,2.0,3.0,1.0,117
2033,22,62,Poor,0,Slow,2,1.4,3.0,1.6,112
2034,22,63,Poor,1,Slow,0,2.0,3.0,1.0,116
2035,22,65,Poor,2,Slow,1,2.0,3.0,1.0,116
2036,22,66,Poor,0,Slow,2,1.4,3.0,1.6,111
2037,22,67,Poor,0,Slow,0,1.4,3.0,1.6,110
2038,22,68,Poor,0,Slow,1,1.4,3.0,1.6,109
2039,22,69,Poor,1,Slow,0,2.0,3.0,1.0,115
2040,22,70,Middle,1,Slow,0,2.0,7.0,5.0,114
2041,22,71,Middle,1,Slow,1,2.0,7.0,5.0,113
2042,22,72,Middle,0,Slow,2,1.4,7.0,5.6,108
2043,22,73,Middle,4,Shigh,0,6.0,7.0,1.0,69
2044,22,74,Middle,0,Slow,1,1.4,7.0,5.6,107
2045,22,75,Middle,1,Slow,3,2.0,7.0,5.0,112
2046,22,75,Middle,0,Slow,4,1.4,5.0,3.6,106
2047,22,77,Middle,4,Shigh,1,6.0,7.0,1.0,68
2048,22,78,Middle,2,Slow,0,2.0,7.0,5.0,115
2049,22,78,Middle,1,Slow,1,2.0,5.0,3.0,111
2050,22,79,Middle,4,Shigh,2,6.0,7.0,1.0,67
2051,22,81,Middle,3,Shigh,0,6.0,7.0,1.0,69
2052,22,82,Middle,1,Slow,1,2.0,7.0,5.0,110
2053,22,82,Middle,0,Slow,2,1.4,5.0,3.6,105
2054,22,82,Middle,2,Slow,4,2.0,3.6,1.6,114
2055,22,83,Middle,0,Slow,2,1.4,7.0,5.6,104
2056,22,84,Middle,0,Slow,0,1.4,7.0,5.6,103
2057,22,85,Middle,0,Slow,1,1.4,7.0,5.6,102
2058,22,85,Middle,1,Slow,3,2.0,5.6,3.5999999999999996,109
2059,22,86,Middle,3,Shigh,4,6.0,7.0,1.0,68
2060,22,87,Middle,0,Slow,3,1.4,7.0,5.6,101
2061,22,89,Middle,3,Shigh,4,6.0,7.0,1.0,67
2062,22,90,Rich,0,Slow,1,1.4,10.0,8.6,100
2063,22,90,Rich,2,Slow,2,2.0,8.6,6.6,113
2064,22,90,Rich,3,Shigh,3,6.0,6.6,0.5999999999999996,66
2065,22,91,Rich,3,Shigh,1,6.0,10.0,4.0,65
2066,22,91,Rich,2,Slow,2,2.0,4.0,2.0,112
2067,22,92,Rich,3,Shigh,0,6.0,10.0,4.0,64
2068,22,92,Rich,0,Slow,2,1.4,4.0,2.6,99
2069,22,93,Rich,4,Shigh,0,6.0,10.0,4.0,66
2070,22,93,Rich,1,Slow,3,2.0,4.0,2.0,108
2071,22,95,Rich,0,Slow,2,1.4,10.0,8.6,98
2072,22,96,Rich,3,Shigh,1,6.0,10.0,4.0,63
2073,22,96,Rich,2,Slow,4,2.0,4.0,2.0,111
2074,22,97,Rich,0,Slow,3,1.4,10.0,8.6,97
2075,22,98,Rich,2,Slow,0,2.0,10.0,8.0,110
2076,22,98,Rich,1,Slow,2,2.0,8.0,6.0,107
2077,22,98,Rich,0,Slow,4,1.4,6.0,4.6,96
2078,22,99,Rich,3,Shigh,0,6.0,10.0,4.0,62
2079,22,99,Rich,2,Slow,1,2.0,4.0,2.0,109
2080,22,99,Rich,1,Slow,3,2.0,2.0,0.0,106
2081,23,0,Poor,0,Slow,1,1.4,3.0,1.6,129
2082,23,1,Poor,0,Slow,3,1.4,3.0,1.6,128
2083,23,2,Poor,2,Slow,0,2.0,3.0,1.0,129
2084,23,3,Poor,0,Slow,2,1.4,3.0,1.6,127
2085,23,4,Poor,1,Slow,0,2.0,3.0,1.0,129
2086,23,5,Poor,0,Slow,0,1.4,3.0,1.6,126
2087,23,6,Poor,1,Slow,2,2.0,3.0,1.0,128
2088,23,7,Poor,2,Slow,1,2.0,3.0,1.0,128
2089,23,9,Poor,0,Slow,0,1.4,3.0,1.6,125
2090,23,10,Poor,0,Slow,3,1.4,3.0,1.6,124
2091,23,11,Poor,0,Slow,2,1.4,3.0,1.6,123
2092,23,12,Poor,0,Slow,3,1.4,3.0,1.6,122
2093,23,14,Poor,2,Slow,1,2.0,3.0,1.0,127
2094,23,15,Poor,1,Slow,3,2.0,3.0,1.0,127
2095,23,17,Poor,2,Slow,4,2.0,3.0,1.0,126
2096,23,18,Poor,1,Slow,2,2.0,3.0,1.0,126
2097,23,19,Poor,0,Slow,1,1.4,3.0,1.6,121
2098,23,21,Poor,0,Slow,0,1.4,3.0,1.6,120
2099,23,22,Poor,0,Slow,1,1.4,3.0,1.6,119
2100,23,23,Poor,0,Slow,0,1.4,3.0,1.6,118
2101,23,24,Poor,1,Slow,1,2.0,3.0,1.0,125
2102,23,25,Poor,1,Slow,0,2.0,3.0,1.0,124
2103,23,27,Poor,1,Slow,1,2.0,3.0,1.0,123
2104,23,28,Poor,1,Slow,1,2.0,3.0,1.0,122
2105,23,29,Poor,0,Slow,0,1.4,3.0,1.6,117
2106,23,30,Poor,1,Slow,0,2.0,3.0,1.0,121
2107,23,31,Poor,1,Slow,4,2.0,3.0,1.0,120
2108,23,32,Poor,1,Slow,3,2.0,3.0,1.0,119
2109,23,34,Poor,0,Slow,0,1.4,3.0,1.6,116
2110,23,36,Poor,1,Slow,1,2.0,3.0,1.0,118
2111,23,37,Poor,2,Slow,1,2.0,3.0,1.0,125
2112,23,39,Poor,0,Slow,0,1.4,3.0,1.6,115
2113,23,41,Poor,0,Slow,2,1.4,3.0,1.6,114
2114,23,43,Poor,0,Slow,4,1.4,3.0,1.6,113
2115,23,44,Poor,1,Slow,1,2.0,3.0,1.0,117
2116,23,45,Poor,1,Slow,4,2.0,3.0,1.0,116
2117,23,47,Poor,0,Slow,2,1.4,3.0,1.6,112
2118,23,48,Poor,0,Slow,0,1.4,3.0,1.6,111
2119,23,49,Poor,0,Slow,3,1.4,3.0,1.6,110
2120,23,52,Poor,1,Slow,0,2.0,3.0,1.0,115
2121,23,53,Poor,0,Slow,3,1.4,3.0,1.6,109
2122,23,54,Poor,1,Slow,3,2.0,3.0,1.0,114
2123,23,55,Poor,1,Slow,1,2.0,3.0,1.0,113
2124,23,56,Poor,1,Slow,3,2.0,3.0,1.0,112
2125,23,57,Poor,1,Slow,2,2.0,3.0,1.0,111
2126,23,58,Poor,2,Slow,1,2.0,3.0,1.0,124
2127,23,59,Poor,1,Slow,0,2.0,3.0,1.0,110
2128,23,60,Poor,1,Slow,2,2.0,3.0,1.0,109
2129,23,61,Poor,1,Slow,1,2.0,3.0,1.0,108
2130,23,62,Poor,0,Slow,1,1.4,3.0,1.6,108
2131,23,63,Poor,0,Slow,1,1.4,3.0,1.6,107
2132,23,64,Poor,1,Slow,2,2.0,3.0,1.0,107
2133,23,66,Poor,0,Slow,3,1.4,3.0,1.6,106
2134,23,67,Poor,0,Slow,1,1.4,3.0,1.6,105
2135,23,68,Poor,1,Slow,0,2.0,3.0,1.0,106
2136,23,69,Poor,0,Slow,2,1.4,3.0,1.6,104
2137,23,70,Middle,3,Shigh,1,6.0,7.0,1.0,69
2138,23,72,Middle,2,Slow,3,2.0,7.0,5.0,123
2139,23,72,Middle,1,Slow,4,2.0,5.0,3.0,105
2140,23,73,Middle,2,Slow,1,2.0,7.0,5.0,122
2141,23,73,Middle,1,Slow,3,2.0,5.0,3.0,104
2142,23,74,Middle,1,Slow,1,2.0,7.0,5.0,103
2143,23,74,Middle,2,Slow,2,2.0,5.0,3.0,121
2144,23,75,Middle,0,Slow,2,1.4,7.0,5.6,103
2145,23,75,Middle,2,Slow,3,2.0,5.6,3.5999999999999996,120
2146,23,76,Middle,0,Slow,0,1.4,7.0,5.6,102
2147,23,76,Middle,2,Slow,3,2.0,5.6,3.5999999999999996,119
2148,23,78,Middle,0,Slow,2,1.4,7.0,5.6,101
2149,23,79,Middle,1,Slow,1,2.0,7.0,5.0,102
2150,23,79,Middle,2,Slow,3,2.0,5.0,3.0,118
2151,23,80,Middle,2,Slow,0,2.0,7.0,5.0,117
2152,23,80,Middle,0,Slow,1,1.4,5.0,3.6,100
2153,23,80,Middle,1,Slow,2,2.0,3.6,1.6,101
2154,23,83,Middle,0,Slow,4,1.4,7.0,5.6,99
2155,23,84,Middle,0,Slow,1,1.4,7.0,5.6,98
2156,23,84,Middle,1,Slow,3,2.0,5.6,3.5999999999999996,100
2157,23,85,Middle,1,Slow,4,2.0,7.0,5.0,99
2158,23,86,Middle,4,Shigh,0,6.0,7.0,1.0,69
2159,23,87,Middle,1,Slow,0,2.0,7.0,5.0,98
2160,23,87,Middle,2,Slow,1,2.0,5.0,3.0,116
2161,23,88,Middle,2,Slow,1,2.0,7.0,5.0,115
2162,23,88,Middle,1,Slow,3,2.0,5.0,3.0,97
2163,23,89,Middle,4,Shigh,1,6.0,7.0,1.0,68
2164,23,90,Rich,0,Slow,0,1.4,10.0,8.6,97
2165,23,90,Rich,1,Slow,1,2.0,8.6,6.6,96
2166,23,90,Rich,4,Shigh,2,6.0,6.6,0.5999999999999996,67
2167,23,91,Rich,0,Slow,2,1.4,10.0,8.6,96
2168,23,91,Rich,4,Shigh,3,6.0,8.6,2.5999999999999996,66
2169,23,92,Rich,2,Slow,0,2.0,10.0,8.0,114
2170,23,92,Rich,0,Slow,2,1.4,8.0,6.6,95
2171,23,92,Rich,4,Shigh,3,6.0,6.6,0.5999999999999996,65
2172,23,93,Rich,1,Slow,3,2.0,10.0,8.0,95
2173,23,94,Rich,0,Slow,0,1.4,10.0,8.6,94
2174,23,94,Rich,2,Slow,4,2.0,8.6,6.6,113
2175,23,95,Rich,0,Slow,0,1.4,10.0,8.6,93
2176,23,96,Rich,2,Slow,1,2.0,10.0,8.0,112
2177,23,97,Rich,2,Slow,1,2.0,10.0,8.0,111
2178,23,97,Rich,3,Shigh,3,6.0,8.0,2.0,68
2179,23,98,Rich,3,Shigh,4,6.0,10.0,4.0,67
2180,23,99,Rich,0,Slow,3,1.4,10.0,8.6,92
2181,24,0,Poor,1,Slow,3,2.0,3.0,1.0,129
2182,24,1,Poor,0,Slow,4,1.4,3.0,1.6,129
2183,24,2,Poor,0,Slow,1,1.4,3.0,1.6,128
2184,24,3,Poor,0,Slow,4,1.4,3.0,1.6,127
2185,24,4,Poor,0,Slow,2,1.4,3.0,1.6,126
2186,24,5,Poor,1,Slow,2,2.0,3.0,1.0,128
2187,24,6,Poor,0,Slow,0,1.4,3.0,1.6,125
2188,24,11,Poor,1,Slow,2,2.0,3.0,1.0,127
2189,24,13,Poor,1,Slow,0,2.0,3.0,1.0,126
2190,24,14,Poor,2,Slow,4,2.0,3.0,1.0,129
2191,24,15,Poor,1,Slow,2,2.0,3.0,1.0,125
2192,24,16,Poor,2,Slow,2,2.0,3.0,1.0,128
2193,24,17,Poor,1,Slow,1,2.0,3.0,1.0,124
2194,24,18,Poor,0,Slow,3,1.4,3.0,1.6,124
2195,24,19,Poor,1,Slow,0,2.0,3.0,1.0,123
2196,24,20,Poor,0,Slow,3,1.4,3.0,1.6,123
2197,24,21,Poor,0,Slow,1,1.4,3.0,1.6,122
2198,24,22,Poor,0,Slow,3,1.4,3.0,1.6,121
2199,24,24,Poor,2,Slow,1,2.0,3.0,1.0,127
2200,24,25,Poor,0,Slow,2,1.4,3.0,1.6,120
2201,24,26,Poor,2,Slow,2,2.0,3.0,1.0,126
2202,24,27,Poor,1,Slow,1,2.0,3.0,1.0,122
2203,24,29,Poor,1,Slow,0,2.0,3.0,1.0,121
2204,24,30,Poor,1,Slow,1,2.0,3.0,1.0,120
2205,24,33,Poor,1,Slow,2,2.0,3.0,1.0,119
2206,24,34,Poor,0,Slow,0,1.4,3.0,1.6,119
2207,24,35,Poor,0,Slow,1,1.4,3.0,1.6,118
2208,24,36,Poor,2,Slow,3,2.0,3.0,1.0,125
2209,24,37,Poor,1,Slow,0,2.0,3.0,1.0,118
2210,24,39,Poor,2,Slow,0,2.0,3.0,1.0,124
2211,24,41,Poor,0,Slow,1,1.4,3.0,1.6,117
2212,24,42,Poor,0,Slow,0,1.4,3.0,1.6,116
2213,24,44,Poor,1,Slow,4,2.0,3.0,1.0,117
2214,24,46,Poor,1,Slow,3,2.0,3.0,1.0,116
2215,24,47,Poor,1,Slow,2,2.0,3.0,1.0,115
2216,24,48,Poor,0,Slow,1,1.4,3.0,1.6,115
2217,24,49,Poor,0,Slow,3,1.4,3.0,1.6,114
2218,24,50,Poor,0,Slow,0,1.4,3.0,1.6,113
2219,24,52,Poor,1,Slow,3,2.0,3.0,1.0,114
2220,24,53,Poor,0,Slow,0,1.4,3.0,1.6,112
2221,24,54,Poor,2,Slow,1,2.0,3.0,1.0,123
2222,24,56,Poor,0,Slow,4,1.4,3.0,1.6,111
2223,24,59,Poor,0,Slow,0,1.4,3.0,1.6,110
2224,24,61,Poor,1,Slow,4,2.0,3.0,1.0,113
2225,24,62,Poor,2,Slow,3,2.0,3.0,1.0,122
2226,24,64,Poor,2,Slow,0,2.0,3.0,1.0,121
2227,24,65,Poor,1,Slow,0,2.0,3.0,1.0,112
2228,24,66,Poor,0,Slow,0,1.4,3.0,1.6,109
2229,24,67,Poor,1,Slow,0,2.0,3.0,1.0,111
2230,24,68,Poor,1,Slow,4,2.0,3.0,1.0,110
2231,24,70,Middle,2,Slow,0,2.0,7.0,5.0,120
2232,24,71,Middle,1,Slow,0,2.0,7.0,5.0,109
2233,24,71,Middle,0,Slow,1,1.4,5.0,3.6,108
2234,24,71,Middle,2,Slow,4,2.0,3.6,1.6,119
2235,24,72,Middle,1,Slow,0,2.0,7.0,5.0,108
2236,24,73,Middle,2,Slow,0,2.0,7.0,5.0,118
2237,24,74,Middle,3,Shigh,1,6.0,7.0,1.0,69
2238,24,75,Middle,3,Shigh,0,6.0,7.0,1.0,68
2239,24,76,Middle,0,Slow,2,1.4,7.0,5.6,107
2240,24,76,Middle,1,Slow,3,2.0,5.6,3.5999999999999996,107
2241,24,78,Middle,4,Shigh,0,6.0,7.0,1.0,69
2242,24,79,Middle,3,Shigh,1,6.0,7.0,1.0,67
2243,24,80,Middle,3,Shigh,4,6.0,7.0,1.0,66
2244,24,81,Middle,0,Slow,1,1.4,7.0,5.6,106
2245,24,84,Middle,3,Shigh,3,6.0,7.0,1.0,65
2246,24,85,Middle,3,Shigh,0,6.0,7.0,1.0,64
2247,24,86,Middle,0,Slow,3,1.4,7.0,5.6,105
2248,24,86,Middle,1,Slow,4,2.0,5.6,3.5999999999999996,106
2249,24,87,Middle,2,Slow,3,2.0,7.0,5.0,117
2250,24,88,Middle,2,Slow,1,2.0,7.0,5.0,116
2251,24,89,Middle,2,Slow,1,2.0,7.0,5.0,115
2252,24,89,Middle,0,Slow,3,1.4,5.0,3.6,104
2253,24,90,Rich,0,Slow,1,1.4,10.0,8.6,103
2254,24,90,Rich,3,Shigh,2,6.0,8.6,2.5999999999999996,63
2255,24,90,Rich,1,Slow,3,2.0,2.5999999999999996,0.5999999999999996,105
2256,24,91,Rich,1,Slow,2,2.0,10.0,8.0,104
2257,24,91,Rich,0,Slow,3,1.4,8.0,6.6,102
2258,24,92,Rich,0,Slow,0,1.4,10.0,8.6,101
2259,24,92,Rich,3,Shigh,3,6.0,8.6,2.5999999999999996,62
2260,24,93,Rich,2,Slow,0,2.0,10.0,8.0,114
2261,24,93,Rich,3,Shigh,1,6.0,8.0,2.0,61
2262,24,93,Rich,0,Slow,3,1.4,2.0,0.6000000000000001,100
2263,24,94,Rich,0,Slow,0,1.4,10.0,8.6,99
2264,24,94,Rich,1,Slow,2,2.0,8.6,6.6,103
2265,24,94,Rich,3,Shigh,3,6.0,6.6,0.5999999999999996,60
2266,24,95,Rich,0,Slow,1,1.4,10.0,8.6,98
2267,24,95,Rich,1,Slow,3,2.0,8.6,6.6,102
2268,24,95,Rich,2,Slow,4,2.0,6.6,4.6,113
2269,24,96,Rich,4,Shigh,2,6.0,10.0,4.0,68
2270,24,97,Rich,3,Shigh,4,6.0,10.0,4.0,59
2271,24,99,Rich,3,Shigh,3,6.0,10.0,4.0,58
2272,25,0,Poor,0,Slow,4,1.4,3.0,1.6,129
2273,25,2,Poor,0,Slow,3,1.4,3.0,1.6,128
2274,25,3,Poor,1,Slow,2,2.0,3.0,1.0,129
2275,25,4,Poor,0,Slow,3,1.4,3.0,1.6,127
2276,25,8,Poor,1,Slow,1,2.0,3.0,1.0,128
2277,25,10,Poor,0,Slow,3,1.4,3.0,1.6,126
2278,25,11,Poor,0,Slow,0,1.4,3.0,1.6,125
2279,25,13,Poor,0,Slow,0,1.4,3.0,1.6,124
2280,25,14,Poor,2,Slow,3,2.0,3.0,1.0,129
2281,25,15,Poor,1,Slow,0,2.0,3.0,1.0,127
2282,25,17,Poor,0,Slow,3,1.4,3.0,1.6,123
2283,25,19,Poor,1,Slow,1,2.0,3.0,1.0,126
2284,25,20,Poor,2,Slow,2,2.0,3.0,1.0,128
2285,25,21,Poor,0,Slow,1,1.4,3.0,1.6,122
2286,25,22,Poor,1,Slow,3,2.0,3.0,1.0,125
2287,25,25,Poor,1,Slow,2,2.0,3.0,1.0,124
2288,25,26,Poor,1,Slow,0,2.0,3.0,1.0,123
2289,25,28,Poor,0,Slow,1,1.4,3.0,1.6,121
2290,25,29,Poor,0,Slow,1,1.4,3.0,1.6,120
2291,25,30,Poor,0,Slow,1,1.4,3.0,1.6,119
2292,25,31,Poor,0,Slow,3,1.4,3.0,1.6,118
2293,25,33,Poor,0,Slow,3,1.4,3.0,1.6,117
2294,25,34,Poor,0,Slow,0,1.4,3.0,1.6,116
2295,25,35,Poor,1,Slow,0,2.0,3.0,1.0,122
2296,25,36,Poor,0,Slow,4,1.4,3.0,1.6,115
2297,25,37,Poor,1,Slow,2,2.0,3.0,1.0,121
2298,25,38,Poor,2,Slow,1,2.0,3.0,1.0,127
2299,25,39,Poor,2,Slow,1,2.0,3.0,1.0,126
2300,25,40,Poor,2,Slow,0,2.0,3.0,1.0,125
2301,25,41,Poor,1,Slow,1,2.0,3.0,1.0,120
2302,25,43,Poor,0,Slow,1,1.4,3.0,1.6,114
2303,25,44,Poor,1,Slow,0,2.0,3.0,1.0,119
2304,25,45,Poor,2,Slow,3,2.0,3.0,1.0,124
2305,25,46,Poor,0,Slow,1,1.4,3.0,1.6,113
2306,25,47,Poor,1,Slow,0,2.0,3.0,1.0,118
2307,25,48,Poor,1,Slow,4,2.0,3.0,1.0,117
2308,25,50,Poor,0,Slow,4,1.4,3.0,1.6,112
2309,25,52,Poor,1,Slow,3,2.0,3.0,1.0,116
2310,25,53,Poor,1,Slow,1,2.0,3.0,1.0,115
2311,25,54,Poor,2,Slow,3,2.0,3.0,1.0,123
2312,25,57,Poor,1,Slow,4,2.0,3.0,1.0,114
2313,25,58,Poor,0,Slow,1,1.4,3.0,1.6,111
2314,25,59,Poor,0,Slow,2,1.4,3.0,1.6,110
2315,25,60,Poor,1,Slow,4,2.0,3.0,1.0,113
2316,25,63,Poor,1,Slow,0,2.0,3.0,1.0,112
2317,25,65,Poor,0,Slow,1,1.4,3.0,1.6,109
2318,25,66,Poor,0,Slow,3,1.4,3.0,1.6,108
2319,25,67,Poor,2,Slow,1,2.0,3.0,1.0,122
2320,25,68,Poor,0,Slow,0,1.4,3.0,1.6,107
2321,25,69,Poor,1,Slow,3,2.0,3.0,1.0,111
2322,25,70,Middle,1,Slow,1,2.0,7.0,5.0,110
2323,25,70,Middle,0,Slow,2,1.4,5.0,3.6,106
2324,25,72,Middle,3,Shigh,0,6.0,7.0,1.0,69
2325,25,73,Middle,0,Slow,0,1.4,7.0,5.6,105
2326,25,73,Middle,2,Slow,2,2.0,5.6,3.5999999999999996,121
2327,25,75,Middle,1,Slow,1,2.0,7.0,5.0,109
2328,25,75,Middle,2,Slow,3,2.0,5.0,3.0,120
2329,25,76,Middle,1,Slow,0,2.0,7.0,5.0,108
2330,25,77,Middle,4,Shigh,3,6.0,7.0,1.0,69
2331,25,78,Middle,4,Shigh,2,6.0,7.0,1.0,68
2332,25,79,Middle,0,Slow,2,1.4,7.0,5.6,104
2333,25,81,Middle,0,Slow,0,1.4,7.0,5.6,103
2334,25,82,Middle,1,Slow,4,2.0,7.0,5.0,107
2335,25,83,Middle,2,Slow,2,2.0,7.0,5.0,119
2336,25,84,Middle,3,Shigh,3,6.0,7.0,1.0,68
2337,25,85,Middle,0,Slow,2,1.4,7.0,5.6,102
2338,25,85,Middle,1,Slow,4,2.0,5.6,3.5999999999999996,106
2339,25,86,Middle,2,Slow,3,2.0,7.0,5.0,118
2340,25,86,Middle,0,Slow,4,1.4,5.0,3.6,101
2341,25,87,Middle,0,Slow,0,1.4,7.0,5.6,100
2342,25,87,Middle,1,Slow,4,2.0,5.6,3.5999999999999996,105
2343,25,89,Middle,0,Slow,2,1.4,7.0,5.6,99
2344,25,90,Rich,1,Slow,0,2.0,10.0,8.0,104
2345,25,91,Rich,3,Shigh,0,6.0,10.0,4.0,67
2346,25,91,Rich,1,Slow,3,2.0,4.0,2.0,103
2347,25,91,Rich,2,Slow,4,2.0,2.0,0.0,117
2348,25,92,Rich,1,Slow,3,2.0,10.0,8.0,102
2349,25,92,Rich,0,Slow,4,1.4,8.0,6.6,98
2350,25,93,Rich,0,Slow,4,1.4,10.0,8.6,97
2351,25,94,Rich,1,Slow,0,2.0,10.0,8.0,101
2352,25,95,Rich,1,Slow,0,2.0,10.0,8.0,100
2353,25,95,Rich,0,Slow,3,1.4,8.0,6.6,96
2354,25,96,Rich,0,Slow,0,1.4,10.0,8.6,95
2355,25,96,Rich,3,Shigh,1,6.0,8.6,2.5999999999999996,66
2356,25,97,Rich,0,Slow,3,1.4,10.0,8.6,94
2357,25,98,Rich,2,Slow,3,2.0,10.0,8.0,116
2358,25,99,Rich,3,Shigh,1,6.0,10.0,4.0,65
2359,26,0,Poor,0,Slow,4,1.4,3.0,1.6,129
2360,26,1,Poor,0,Slow,4,1.4,3.0,1.6,128
2361,26,2,Poor,1,Slow,0,2.0,3.0,1.0,129
2362,26,3,Poor,0,Slow,0,1.4,3.0,1.6,127
2363,26,5,Poor,0,Slow,4,1.4,3.0,1.6,126
2364,26,6,Poor,1,Slow,0,2.0,3.0,1.0,128
2365,26,7,Poor,0,Slow,1,1.4,3.0,1.6,125
2366,26,9,Poor,2,Slow,4,2.0,3.0,1.0,129
2367,26,10,Poor,2,Slow,4,2.0,3.0,1.0,128
2368,26,11,Poor,1,Slow,0,2.0,3.0,1.0,127
2369,26,12,Poor,0,Slow,0,1.4,3.0,1.6,124
2370,26,13,Poor,0,Slow,3,1.4,3.0,1.6,123
2371,26,16,Poor,0,Slow,1,1.4,3.0,1.6,122
2372,26,18,Poor,0,Slow,4,1.4,3.0,1.6,121
2373,26,19,Poor,1,Slow,0,2.0,3.0,1.0,126
2374,26,20,Poor,1,Slow,0,2.0,3.0,1.0,125
2375,26,21,Poor,0,Slow,0,1.4,3.0,1.6,120
2376,26,23,Poor,1,Slow,0,2.0,3.0,1.0,124
2377,26,24,Poor,1,Slow,2,2.0,3.0,1.0,123
2378,26,27,Poor,2,Slow,0,2.0,3.0,1.0,127
2379,26,28,Poor,2,Slow,0,2.0,3.0,1.0,126
2380,26,31,Poor,2,Slow,3,2.0,3.0,1.0,125
2381,26,32,Poor,1,Slow,2,2.0,3.0,1.0,122
2382,26,33,Poor,0,Slow,4,1.4,3.0,1.6,119
2383,26,35,Poor,1,Slow,0,2.0,3.0,1.0,121
2384,26,36,Poor,0,Slow,1,1.4,3.0,1.6,118
2385,26,37,Poor,0,Slow,1,1.4,3.0,1.6,117
2386,26,40,Poor,1,Slow,1,2.0,3.0,1.0,120
2387,26,42,Poor,0,Slow,1,1.4,3.0,1.6,116
2388,26,44,Poor,1,Slow,2,2.0,3.0,1.0,119
2389,26,45,Poor,0,Slow,2,1.4,3.0,1.6,115
2390,26,46,Poor,1,Slow,1,2.0,3.0,1.0,118
2391,26,47,Poor,1,Slow,1,2.0,3.0,1.0,117
2392,26,50,Poor,0,Slow,4,1.4,3.0,1.6,114
2393,26,51,Poor,1,Slow,4,2.0,3.0,1.0,116
2394,26,52,Poor,1,Slow,1,2.0,3.0,1.0,115
2395,26,54,Poor,1,Slow,1,2.0,3.0,1.0,114
2396,26,55,Poor,0,Slow,1,1.4,3.0,1.6,113
2397,26,56,Poor,0,Slow,0,1.4,3.0,1.6,112
2398,26,57,Poor,1,Slow,4,2.0,3.0,1.0,113
2399,26,58,Poor,2,Slow,2,2.0,3.0,1.0,124
2400,26,59,Poor,1,Slow,0,2.0,3.0,1.0,112
2401,26,61,Poor,2,Slow,4,2.0,3.0,1.0,123
2402,26,62,Poor,0,Slow,1,1.4,3.0,1.6,111
2403,26,63,Poor,0,Slow,1,1.4,3.0,1.6,110
2404,26,64,Poor,1,Slow,3,2.0,3.0,1.0,111
2405,26,65,Poor,1,Slow,4,2.0,3.0,1.0,110
2406,26,67,Poor,1,Slow,1,2.0,3.0,1.0,109
2407,26,70,Middle,1,Slow,0,2.0,7.0,5.0,108
2408,26,70,Middle,2,Slow,1,2.0,5.0,3.0,122
2409,26,71,Middle,2,Slow,1,2.0,7.0,5.0,121
2410,26,71,Middle,0,Slow,2,1.4,5.0,3.6,109
2411,26,71,Middle,1,Slow,4,2.0,3.6,1.6,107
2412,26,74,Middle,3,Shigh,1,6.0,7.0,1.0,69
2413,26,75,Middle,0,Slow,0,1.4,7.0,5.6,108
2414,26,76,Middle,0,Slow,0,1.4,7.0,5.6,107
2415,26,77,Middle,0,Slow,2,1.4,7.0,5.6,106
2416,26,77,Middle,1,Slow,3,2.0,5.6,3.5999999999999996,106
2417,26,78,Middle,0,Slow,1,1.4,7.0,5.6,105
2418,26,78,Middle,2,Slow,2,2.0,5.6,3.5999999999999996,120
2419,26,78,Middle,1,Slow,3,2.0,3.5999999999999996,1.5999999999999996,105
2420,26,79,Middle,2,Slow,0,2.0,7.0,5.0,119
2421,26,79,Middle,1,Slow,2,2.0,5.0,3.0,104
2422,26,80,Middle,1,Slow,0,2.0,7.0,5.0,103
2423,26,81,Middle,0,Slow,0,1.4,7.0,5.6,104
2424,26,81,Middle,2,Slow,2,2.0,5.6,3.5999999999999996,118
2425,26,82,Middle,1,Slow,0,2.0,7.0,5.0,102
2426,26,82,Middle,2,Slow,2,2.0,5.0,3.0,117
2427,26,82,Middle,0,Slow,3,1.4,3.0,1.6,103
2428,26,83,Middle,1,Slow,1,2.0,7.0,5.0,101
2429,26,83,Middle,2,Slow,3,2.0,5.0,3.0,116
2430,26,84,Middle,2,Slow,1,2.0,7.0,5.0,115
2431,26,84,Middle,1,Slow,4,2.0,5.0,3.0,100
2432,26,85,Middle,0,Slow,1,1.4,7.0,5.6,102
2433,26,87,Middle,4,Shigh,1,6.0,7.0,1.0,69
2434,26,88,Middle,2,Slow,0,2.0,7.0,5.0,114
2435,26,90,Rich,3,Shigh,2,6.0,10.0,4.0,68
2436,26,90,Rich,0,Slow,4,1.4,4.0,2.6,101
2437,26,91,Rich,4,Shigh,2,6.0,10.0,4.0,68
2438,26,91,Rich,0,Slow,4,1.4,4.0,2.6,100
2439,26,92,Rich,0,Slow,0,1.4,10.0,8.6,99
2440,26,92,Rich,2,Slow,1,2.0,8.6,6.6,113
2441,26,92,Rich,1,Slow,4,2.0,6.6,4.6,99
2442,26,93,Rich,2,Slow,2,2.0,10.0,8.0,112
2443,26,94,Rich,4,Shigh,1,6.0,10.0,4.0,67
2444,26,94,Rich,2,Slow,2,2.0,4.0,2.0,111
2445,26,95,Rich,2,Slow,2,2.0,10.0,8.0,110
2446,26,95,Rich,3,Shigh,4,6.0,8.0,2.0,67
2447,26,96,Rich,2,Slow,2,2.0,10.0,8.0,109
2448,26,97,Rich,0,Slow,0,1.4,10.0,8.6,98
2449,26,97,Rich,1,Slow,2,2.0,8.6,6.6,98
2450,26,98,Rich,1,Slow,1,2.0,10.0,8.0,97
2451,26,98,Rich,0,Slow,2,1.4,8.0,6.6,97
2452,26,99,Rich,3,Shigh,0,6.0,10.0,4.0,66
2453,26,99,Rich,0,Slow,1,1.4,4.0,2.6,96
2454,26,99,Rich,1,Slow,2,2.0,2.6,0.6000000000000001,96
2455,27,1,Poor,2,Slow,4,2.0,3.0,1.0,129
2456,27,2,Poor,0,Slow,0,1.4,3.0,1.6,129
2457,27,4,Poor,1,Slow,3,2.0,3.0,1.0,129
2458,27,5,Poor,2,Slow,1,2.0,3.0,1.0,128
2459,27,7,Poor,2,Slow,0,2.0,3.0,1.0,127
2460,27,9,Poor,2,Slow,0,2.0,3.0,1.0,126
2461,27,10,Poor,0,Slow,2,1.4,3.0,1.6,128
2462,27,14,Poor,1,Slow,3,2.0,3.0,1.0,128
2463,27,15,Poor,1,Slow,0,2.0,3.0,1.0,127
2464,27,16,Poor,2,Slow,3,2.0,3.0,1.0,125
2465,27,18,Poor,0,Slow,1,1.4,3.0,1.6,127
2466,27,19,Poor,0,Slow,3,1.4,3.0,1.6,126
2467,27,20,Poor,2,Slow,2,2.0,3.0,1.0,124
2468,27,21,Poor,2,Slow,1,2.0,3.0,1.0,123
2469,27,23,Poor,2,Slow,1,2.0,3.0,1.0,122
2470,27,25,Poor,1,Slow,1,2.0,3.0,1.0,126
2471,27,26,Poor,0,Slow,3,1.4,3.0,1.6,125
2472,27,27,Poor,2,Slow,1,2.0,3.0,1.0,121
2473,27,28,Poor,0,Slow,2,1.4,3.0,1.6,124
2474,27,29,Poor,2,Slow,0,2.0,3.0,1.0,120
2475,27,31,Poor,1,Slow,2,2.0,3.0,1.0,125
2476,27,32,Poor,2,Slow,2,2.0,3.0,1.0,119
2477,27,33,Poor,1,Slow,1,2.0,3.0,1.0,124
2478,27,34,Poor,2,Slow,2,2.0,3.0,1.0,118
2479,27,35,Poor,2,Slow,0,2.0,3.0,1.0,117
2480,27,36,Poor,0,Slow,4,1.4,3.0,1.6,123
2481,27,39,Poor,1,Slow,1,2.0,3.0,1.0,123
2482,27,40,Poor,1,Slow,2,2.0,3.0,1.0,122
2483,27,41,Poor,1,Slow,2,2.0,3.0,1.0,121
2484,27,42,Poor,1,Slow,1,2.0,3.0,1.0,120
2485,27,43,Poor,0,Slow,1,1.4,3.0,1.6,122
2486,27,44,Poor,0,Slow,0,1.4,3.0,1.6,121
2487,27,47,Poor,2,Slow,1,2.0,3.0,1.0,116
2488,27,50,Poor,1,Slow,0,2.0,3.0,1.0,119
2489,27,55,Poor,0,Slow,1,1.4,3.0,1.6,120
2490,27,57,Poor,1,Slow,2,2.0,3.0,1.0,118
2491,27,59,Poor,1,Slow,0,2.0,3.0,1.0,117
2492,27,60,Poor,1,Slow,2,2.0,3.0,1.0,116
2493,27,61,Poor,1,Slow,2,2.0,3.0,1.0,115
2494,27,62,Poor,1,Slow,1,2.0,3.0,1.0,114
2495,27,63,Poor,1,Slow,2,2.0,3.0,1.0,113
2496,27,64,Poor,1,Slow,0,2.0,3.0,1.0,112
2497,27,65,Poor,0,Slow,0,1.4,3.0,1.6,119
2498,27,66,Poor,2,Slow,0,2.0,3.0,1.0,115
2499,27,67,Poor,1,Slow,3,2.0,3.0,1.0,111
2500,27,68,Poor,2,Slow,0,2.0,3.0,1.0,114
2501,27,69,Poor,1,Slow,0,2.0,3.0,1.0,110
2502,27,70,Middle,3,Shigh,0,6.0,7.0,1.0,69
2503,27,71,Middle,3,Shigh,4,6.0,7.0,1.0,68
2504,27,72,Middle,4,Shigh,0,6.0,7.0,1.0,69
2505,27,73,Middle,2,Slow,3,2.0,7.0,5.0,113
2506,27,74,Middle,0,Slow,0,1.4,7.0,5.6,118
2507,27,74,Middle,1,Slow,3,2.0,5.6,3.5999999999999996,109
2508,27,75,Middle,3,Shigh,0,6.0,7.0,1.0,67
2509,27,76,Middle,0,Slow,2,1.4,7.0,5.6,117
2510,27,76,Middle,2,Slow,4,2.0,5.6,3.5999999999999996,112
2511,27,77,Middle,1,Slow,1,2.0,7.0,5.0,108
2512,27,78,Middle,1,Slow,1,2.0,7.0,5.0,107
2513,27,78,Middle,0,Slow,4,1.4,5.0,3.6,116
2514,27,79,Middle,1,Slow,1,2.0,7.0,5.0,106
2515,27,80,Middle,3,Shigh,1,6.0,7.0,1.0,66
2516,27,82,Middle,2,Slow,0,2.0,7.0,5.0,111
2517,27,83,Middle,0,Slow,1,1.4,7.0,5.6,115
2518,27,84,Middle,0,Slow,3,1.4,7.0,5.6,114
2519,27,84,Middle,1,Slow,4,2.0,5.6,3.5999999999999996,105
2520,27,85,Middle,1,Slow,0,2.0,7.0,5.0,104
2521,27,85,Middle,0,Slow,3,1.4,5.0,3.6,113
2522,27,86,Middle,2,Slow,1,2.0,7.0,5.0,110
2523,27,87,Middle,0,Slow,0,1.4,7.0,5.6,112
2524,27,87,Middle,1,Slow,2,2.0,5.6,3.5999999999999996,103
2525,27,88,Middle,4,Shigh,1,6.0,7.0,1.0,68
2526,27,89,Middle,2,Slow,2,2.0,7.0,5.0,109
2527,27,89,Middle,0,Slow,4,1.4,5.0,3.6,111
2528,27,90,Rich,0,Slow,1,1.4,10.0,8.6,110
2529,27,90,Rich,1,Slow,3,2.0,8.6,6.6,102
2530,27,91,Rich,3,Shigh,0,6.0,10.0,4.0,65
2531,27,91,Rich,1,Slow,3,2.0,4.0,2.0,101
2532,27,92,Rich,4,Shigh,0,6.0,10.0,4.0,67
2533,27,92,Rich,1,Slow,3,2.0,4.0,2.0,100
2534,27,93,Rich,1,Slow,0,2.0,10.0,8.0,99
2535,27,93,Rich,0,Slow,2,1.4,8.0,6.6,109
2536,27,93,Rich,4,Shigh,4,6.0,6.6,0.5999999999999996,66
2537,27,94,Rich,3,Shigh,0,6.0,10.0,4.0,64
2538,27,94,Rich,0,Slow,1,1.4,4.0,2.6,108
2539,27,94,Rich,1,Slow,2,2.0,2.6,0.6000000000000001,98
2540,27,95,Rich,0,Slow,3,1.4,10.0,8.6,107
2541,27,95,Rich,1,Slow,4,2.0,8.6,6.6,97
2542,27,96,Rich,0,Slow,1,1.4,10.0,8.6,106
2543,27,96,Rich,1,Slow,4,2.0,8.6,6.6,96
2544,27,97,Rich,1,Slow,3,2.0,10.0,8.0,95
2545,27,97,Rich,0,Slow,4,1.4,8.0,6.6,105
2546,27,98,Rich,0,Slow,0,1.4,10.0,8.6,104
2547,27,98,Rich,1,Slow,1,2.0,8.6,6.6,94
2548,27,98,Rich,3,Shigh,2,6.0,6.6,0.5999999999999996,63
2549,27,99,Rich,2,Slow,0,2.0,10.0,8.0,108
2550,28,0,Poor,1,Slow,3,2.0,3.0,1.0,129
2551,28,1,Poor,0,Slow,0,1.4,3.0,1.6,129
2552,28,2,Poor,2,Slow,0,2.0,3.0,1.0,129
2553,28,4,Poor,0,Slow,2,1.4,3.0,1.6,128
2554,28,6,Poor,0,Slow,2,1.4,3.0,1.6,127
2555,28,7,Poor,0,Slow,1,1.4,3.0,1.6,126
2556,28,9,Poor,2,Slow,1,2.0,3.0,1.0,128
2557,28,10,Poor,0,Slow,3,1.4,3.0,1.6,125
2558,28,12,Poor,1,Slow,0,2.0,3.0,1.0,128
2559,28,13,Poor,0,Slow,4,1.4,3.0,1.6,124
2560,28,17,Poor,0,Slow,0,1.4,3.0,1.6,123
2561,28,18,Poor,1,Slow,2,2.0,3.0,1.0,127
2562,28,19,Poor,2,Slow,1,2.0,3.0,1.0,127
2563,28,21,Poor,1,Slow,1,2.0,3.0,1.0,126
2564,28,22,Poor,1,Slow,1,2.0,3.0,1.0,125
2565,28,23,Poor,0,Slow,3,1.4,3.0,1.6,122
2566,28,24,Poor,1,Slow,3,2.0,3.0,1.0,124
2567,28,26,Poor,2,Slow,1,2.0,3.0,1.0,126
2568,28,27,Poor,0,Slow,2,1.4,3.0,1.6,121
2569,28,28,Poor,2,Slow,2,2.0,3.0,1.0,125
2570,28,29,Poor,2,Slow,2,2.0,3.0,1.0,124
2571,28,30,Poor,1,Slow,0,2.0,3.0,1.0,123
2572,28,31,Poor,2,Slow,0,2.0,3.0,1.0,123
2573,28,32,Poor,2,Slow,1,2.0,3.0,1.0,122
2574,28,33,Poor,2,Slow,1,2.0,3.0,1.0,121
2575,28,34,Poor,0,Slow,2,1.4,3.0,1.6,120
2576,28,35,Poor,2,Slow,3,2.0,3.0,1.0,120
2577,28,36,Poor,0,Slow,3,1.4,3.0,1.6,119
2578,28,38,Poor,1,Slow,4,2.0,3.0,1.0,122
2579,28,39,Poor,0,Slow,0,1.4,3.0,1.6,118
2580,28,40,Poor,2,Slow,0,2.0,3.0,1.0,119
2581,28,41,Poor,2,Slow,2,2.0,3.0,1.0,118
2582,28,42,Poor,0,Slow,0,1.4,3.0,1.6,117
2583,28,43,Poor,0,Slow,3,1.4,3.0,1.6,116
2584,28,44,Poor,1,Slow,0,2.0,3.0,1.0,121
2585,28,45,Poor,2,Slow,2,2.0,3.0,1.0,117
2586,28,47,Poor,2,Slow,0,2.0,3.0,1.0,116
2587,28,49,Poor,1,Slow,1,2.0,3.0,1.0,120
2588,28,50,Poor,1,Slow,2,2.0,3.0,1.0,119
2589,28,51,Poor,1,Slow,0,2.0,3.0,1.0,118
2590,28,53,Poor,0,Slow,2,1.4,3.0,1.6,115
2591,28,54,Poor,0,Slow,3,1.4,3.0,1.6,114
2592,28,57,Poor,1,Slow,2,2.0,3.0,1.0,117
2593,28,59,Poor,1,Slow,1,2.0,3.0,1.0,116
2594,28,60,Poor,1,Slow,1,2.0,3.0,1.0,115
2595,28,61,Poor,1,Slow,2,2.0,3.0,1.0,114
2596,28,62,Poor,1,Slow,2,2.0,3.0,1.0,113
2597,28,63,Poor,2,Slow,0,2.0,3.0,1.0,115
2598,28,65,Poor,0,Slow,1,1.4,3.0,1.6,113
2599,28,66,Poor,2,Slow,2,2.0,3.0,1.0,114
2600,28,67,Poor,1,Slow,3,2.0,3.0,1.0,112
2601,28,68,Poor,2,Slow,0,2.0,3.0,1.0,113
2602,28,71,Middle,1,Slow,1,2.0,7.0,5.0,111
2603,28,71,Middle,0,Slow,2,1.4,5.0,3.6,112
2604,28,71,Middle,2,Slow,4,2.0,3.6,1.6,112
2605,28,72,Middle,4,Shigh,0,6.0,7.0,1.0,69
2606,28,73,Middle,1,Slow,0,2.0,7.0,5.0,110
2607,28,73,Middle,0,Slow,1,1.4,5.0,3.6,111
2608,28,74,Middle,4,Shigh,2,6.0,7.0,1.0,68
2609,28,75,Middle,0,Slow,3,1.4,7.0,5.6,110
2610,28,76,Middle,1,Slow,1,2.0,7.0,5.0,109
2611,28,77,Middle,1,Slow,0,2.0,7.0,5.0,108
2612,28,77,Middle,2,Slow,3,2.0,5.0,3.0,111
2613,28,78,Middle,3,Shigh,0,6.0,7.0,1.0,69
2614,28,79,Middle,0,Slow,0,1.4,7.0,5.6,109
2615,28,79,Middle,1,Slow,4,2.0,5.6,3.5999999999999996,107
2616,28,80,Middle,4,Shigh,0,6.0,7.0,1.0,67
2617,28,83,Middle,3,Shigh,0,6.0,7.0,1.0,68
2618,28,84,Middle,0,Slow,2,1.4,7.0,5.6,108
2619,28,85,Middle,2,Slow,3,2.0,7.0,5.0,110
2620,28,86,Middle,4,Shigh,0,6.0,7.0,1.0,66
2621,28,87,Middle,2,Slow,1,2.0,7.0,5.0,109
2622,28,87,Middle,0,Slow,2,1.4,5.0,3.6,107
2623,28,88,Middle,1,Slow,1,2.0,7.0,5.0,106
2624,28,90,Rich,1,Slow,2,2.0,10.0,8.0,105
2625,28,90,Rich,0,Slow,3,1.4,8.0,6.6,106
2626,28,90,Rich,3,Shigh,4,6.0,6.6,0.5999999999999996,67
2627,28,91,Rich,2,Slow,0,2.0,10.0,8.0,108
2628,28,91,Rich,0,Slow,1,1.4,8.0,6.6,105
2629,28,91,Rich,4,Shigh,3,6.0,6.6,0.5999999999999996,65
2630,28,93,Rich,0,Slow,1,1.4,10.0,8.6,104
2631,28,94,Rich,2,Slow,3,2.0,10.0,8.0,107
2632,28,95,Rich,3,Shigh,0,6.0,10.0,4.0,66
2633,28,95,Rich,0,Slow,4,1.4,4.0,2.6,103
2634,28,96,Rich,1,Slow,0,2.0,10.0,8.0,104
2635,28,96,Rich,3,Shigh,2,6.0,8.0,2.0,65
2636,28,97,Rich,0,Slow,4,1.4,10.0,8.6,102
2637,28,98,Rich,0,Slow,0,1.4,10.0,8.6,101
2638,28,98,Rich,1,Slow,1,2.0,8.6,6.6,103
2639,28,98,Rich,2,Slow,4,2.0,6.6,4.6,106
2640,28,99,Rich,2,Slow,4,2.0,10.0,8.0,105
2641,29,1,Poor,2,Slow,4,2.0,3.0,1.0,129
2642,29,2,Poor,0,Slow,2,1.4,3.0,1.6,129
2643,29,3,Poor,1,Slow,0,2.0,3.0,1.0,129
2644,29,5,Poor,0,Slow,1,1.4,3.0,1.6,128
2645,29,6,Poor,1,Slow,3,2.0,3.0,1.0,128
2646,29,7,Poor,0,Slow,1,1.4,3.0,1.6,127
2647,29,9,Poor,0,Slow,1,1.4,3.0,1.6,126
2648,29,10,Poor,0,Slow,1,1.4,3.0,1.6,125
2649,29,11,Poor,0,Slow,0,1.4,3.0,1.6,124
2650,29,12,Poor,0,Slow,0,1.4,3.0,1.6,123
2651,29,13,Poor,1,Slow,4,2.0,3.0,1.0,127
2652,29,14,Poor,0,Slow,0,1.4,3.0,1.6,122
2653,29,15,Poor,0,Slow,0,1.4,3.0,1.6,121
2654,29,18,Poor,2,Slow,1,2.0,3.0,1.0,128
2655,29,20,Poor,2,Slow,0,2.0,3.0,1.0,127
2656,29,21,Poor,2,Slow,3,2.0,3.0,1.0,126
2657,29,23,Poor,2,Slow,0,2.0,3.0,1.0,125
2658,29,24,Poor,1,Slow,1,2.0,3.0,1.0,126
2659,29,25,Poor,0,Slow,3,1.4,3.0,1.6,120
2660,29,27,Poor,2,Slow,3,2.0,3.0,1.0,124
2661,29,29,Poor,0,Slow,0,1.4,3.0,1.6,119
2662,29,32,Poor,0,Slow,0,1.4,3.0,1.6,118
2663,29,34,Poor,1,Slow,0,2.0,3.0,1.0,125
2664,29,35,Poor,0,Slow,2,1.4,3.0,1.6,117
2665,29,36,Poor,1,Slow,3,2.0,3.0,1.0,124
2666,29,40,Poor,2,Slow,0,2.0,3.0,1.0,123
2667,29,42,Poor,1,Slow,0,2.0,3.0,1.0,123
2668,29,43,Poor,1,Slow,2,2.0,3.0,1.0,122
2669,29,44,Poor,1,Slow,0,2.0,3.0,1.0,121
2670,29,45,Poor,1,Slow,4,2.0,3.0,1.0,120
2671,29,46,Poor,1,Slow,0,2.0,3.0,1.0,119
2672,29,47,Poor,2,Slow,2,2.0,3.0,1.0,122
2673,29,48,Poor,1,Slow,1,2.0,3.0,1.0,118
2674,29,50,Poor,1,Slow,3,2.0,3.0,1.0,117
2675,29,51,Poor,0,Slow,1,1.4,3.0,1.6,116
2676,29,52,Poor,0,Slow,0,1.4,3.0,1.6,115
2677,29,53,Poor,1,Slow,0,2.0,3.0,1.0,116
2678,29,54,Poor,0,Slow,0,1.4,3.0,1.6,114
2679,29,60,Poor,1,Slow,1,2.0,3.0,1.0,115
2680,29,61,Poor,2,Slow,1,2.0,3.0,1.0,121
2681,29,63,Poor,0,Slow,2,1.4,3.0,1.6,113
2682,29,64,Poor,2,Slow,3,2.0,3.0,1.0,120
2683,29,65,Poor,2,Slow,2,2.0,3.0,1.0,119
2684,29,66,Poor,1,Slow,1,2.0,3.0,1.0,114
2685,29,67,Poor,1,Slow,2,2.0,3.0,1.0,113
2686,29,68,Poor,1,Slow,2,2.0,3.0,1.0,112
2687,29,70,Middle,0,Slow,1,1.4,7.0,5.6,112
2688,29,71,Middle,2,Slow,2,2.0,7.0,5.0,118
2689,29,71,Middle,1,Slow,3,2.0,5.0,3.0,111
2690,29,72,Middle,0,Slow,1,1.4,7.0,5.6,111
2691,29,73,Middle,1,Slow,1,2.0,7.0,5.0,110
2692,29,74,Middle,1,Slow,0,2.0,7.0,5.0,109
2693,29,74,Middle,2,Slow,4,2.0,5.0,3.0,117
2694,29,75,Middle,2,Slow,3,2.0,7.0,5.0,116
2695,29,76,Middle,3,Shigh,3,6.0,7.0,1.0,69
2696,29,77,Middle,1,Slow,1,2.0,7.0,5.0,108
2697,29,78,Middle,1,Slow,0,2.0,7.0,5.0,107
2698,29,79,Middle,3,Shigh,2,6.0,7.0,1.0,68
2699,29,81,Middle,1,Slow,0,2.0,7.0,5.0,106
2700,29,82,Middle,1,Slow,2,2.0,7.0,5.0,105
2701,29,83,Middle,0,Slow,2,1.4,7.0,5.6,110
2702,29,85,Middle,3,Shigh,1,6.0,7.0,1.0,67
2703,29,86,Middle,0,Slow,1,1.4,7.0,5.6,109
2704,29,86,Middle,2,Slow,3,2.0,5.6,3.5999999999999996,115
2705,29,87,Middle,4,Shigh,1,6.0,7.0,1.0,69
2706,29,88,Middle,0,Slow,0,1.4,7.0,5.6,108
2707,29,89,Middle,1,Slow,0,2.0,7.0,5.0,104
2708,29,89,Middle,0,Slow,1,1.4,5.0,3.6,107
2709,29,90,Rich,4,Shigh,0,6.0,10.0,4.0,68
2710,29,90,Rich,2,Slow,1,2.0,4.0,2.0,114
2711,29,90,Rich,1,Slow,2,2.0,2.0,0.0,103
2712,29,91,Rich,3,Shigh,0,6.0,10.0,4.0,66
2713,29,91,Rich,2,Slow,4,2.0,4.0,2.0,113
2714,29,92,Rich,1,Slow,4,2.0,10.0,8.0,102
2715,29,93,Rich,1,Slow,0,2.0,10.0,8.0,101
2716,29,93,Rich,4,Shigh,3,6.0,8.0,2.0,67
2717,29,94,Rich,0,Slow,1,1.4,10.0,8.6,106
2718,29,94,Rich,3,Shigh,3,6.0,8.6,2.5999999999999996,65
2719,29,95,Rich,0,Slow,2,1.4,10.0,8.6,105
2720,29,95,Rich,2,Slow,3,2.0,8.6,6.6,112
2721,29,96,Rich,3,Shigh,0,6.0,10.0,4.0,64
2722,29,96,Rich,2,Slow,4,2.0,4.0,2.0,111
2723,29,97,Rich,1,Slow,2,2.0,10.0,8.0,100
2724,29,98,Rich,4,Shigh,1,6.0,10.0,4.0,66
2725,29,99,Rich,4,Shigh,1,6.0,10.0,4.0,65
2726,29,99,Rich,0,Slow,4,1.4,4.0,2.6,104
