seed,participation_rate,avg_purchases_per_buyer,total_revenue,total_inventory_remaining,n_blocked_by_utility,n_blocked_by_budget,n_blocked_by_inventory,n_not_noticed,promotion_active,promotion_seller_id,promotion_seller_class,promotion_discount,visibility_rate_seller_0,visibility_rate_seller_1,visibility_rate_seller_2,visibility_rate_seller_3,visibility_rate_seller_4,Poor_participation_rate,Poor_to_Slow_share,Poor_to_Shigh_share,Poor_blocked_by_budget_at_Slow,Poor_blocked_by_budget_at_Shigh,Middle_participation_rate,Middle_to_Slow_share,Middle_to_Shigh_share,Middle_blocked_by_budget_at_Slow,Middle_blocked_by_budget_at_Shigh,Rich_participation_rate,Rich_to_Slow_share,Rich_to_Shigh_share,Rich_blocked_by_budget_at_Slow,Rich_blocked_by_budget_at_Shigh
0,0.67,0.81,206.0,449,104,153,0,87,False,-1,none,0.3,0.77,0.81,0.52,0.73,0.55,0.6285714285714286,1.0,0.0,38,87,0.8,0.7391304347826086,0.2608695652173913,10,13,0.7,0.6428571428571429,0.35714285714285715,1,4
0,0.63,0.72,156.0,458,111,167,0,70,False,-1,none,0.3,0.81,0.8,0.56,0.78,0.55,0.6571428571428571,1.0,0.0,44,100,0.55,0.9411764705882353,0.058823529411764705,2,18,0.6,0.7777777777777778,0.2222222222222222,0,3
0,0.68,0.78,180.0,452,106,165,0,81,False,-1,none,0.3,0.85,0.81,0.58,0.78,0.47,0.6571428571428571,1.0,0.0,52,87,0.75,0.8421052631578947,0.15789473684210525,7,16,0.7,0.7692307692307693,0.23076923076923078,2,1
0,0.61,0.75,186.0,455,100,162,0,68,False,-1,none,0.3,0.8,0.73,0.53,0.76,0.55,0.5428571428571428,1.0,0.0,43,83,0.8,0.8260869565217391,0.17391304347826086,8,22,0.7,0.6428571428571429,0.35714285714285715,1,5
0,0.7,0.87,187.99999999999997,443,95,167,0,86,True,1,Slow,0.3,0.77,0.86,0.58,0.77,0.51,0.7,1.0,0.0,49,94,0.65,0.8333333333333334,0.16666666666666666,5,14,0.8,0.7368421052631579,0.2631578947368421,0,5
0,0.68,0.83,210.0,447,104,169,0,69,False,-1,none,0.3,0.81,0.83,0.54,0.77,0.61,0.5857142857142857,1.0,0.0,43,95,0.9,0.8076923076923077,0.19230769230769232,5,19,0.9,0.625,0.375,4,3
0,0.56,0.65,154.0,465,109,144,0,72,False,-1,none,0.3,0.72,0.77,0.48,0.72,0.49,0.5142857142857142,1.0,0.0,30,88,0.65,0.7777777777777778,0.2222222222222222,11,14,0.7,0.8181818181818182,0.18181818181818182,0,1
0,0.56,0.7,165.6,460,130,143,0,67,True,3,Shigh,0.3,0.78,0.78,0.61,0.68,0.58,0.4857142857142857,1.0,0.0,38,90,0.65,0.75,0.25,4,9,0.9,0.6875,0.3125,2,0
0,0.7,0.85,202.0,445,104,172,0,89,False,-1,none,0.3,0.87,0.87,0.57,0.8,0.5,0.6857142857142857,1.0,0.0,55,97,0.7,0.8695652173913043,0.13043478260869565,7,8,0.8,0.6428571428571429,0.35714285714285715,3,2
0,0.66,0.73,158.0,457,107,182,0,73,False,-1,none,0.3,0.81,0.81,0.56,0.82,0.62,0.6714285714285714,1.0,0.0,55,106,0.65,0.8823529411764706,0.11764705882352941,2,17,0.6,0.8888888888888888,0.1111111111111111,2,0
0,0.67,0.83,202.0,447,94,167,0,71,False,-1,none,0.3,0.79,0.78,0.58,0.76,0.53,0.6571428571428571,1.0,0.0,53,91,0.65,0.7894736842105263,0.21052631578947367,5,12,0.8,0.7222222222222222,0.2777777777777778,1,5
0,0.68,0.78,192.0,452,109,149,0,84,False,-1,none,0.3,0.78,0.81,0.54,0.78,0.45,0.6428571428571429,1.0,0.0,44,83,0.75,0.8421052631578947,0.15789473684210525,4,14,0.8,0.5384615384615384,0.46153846153846156,2,2
0,0.64,0.75,170.0,455,107,156,0,82,False,-1,none,0.3,0.78,0.76,0.53,0.72,0.59,0.5714285714285714,1.0,0.0,39,89,0.75,0.9090909090909091,0.09090909090909091,6,16,0.9,0.7692307692307693,0.23076923076923078,0,6
0,0.57,0.69,162.0,461,124,152,0,80,False,-1,none,0.3,0.79,0.82,0.55,0.77,0.52,0.5428571428571428,1.0,0.0,38,94,0.6,0.7647058823529411,0.23529411764705882,6,11,0.7,0.8571428571428571,0.14285714285714285,1,2
0,0.62,0.76,192.0,454,126,148,0,65,False,-1,none,0.3,0.78,0.8,0.6,0.75,0.57,0.6142857142857143,1.0,0.0,35,94,0.55,0.6875,0.3125,7,8,0.8,0.7058823529411765,0.29411764705882354,1,3
0,0.65,0.74,180.0,456,87,159,0,65,False,-1,none,0.3,0.7,0.74,0.55,0.72,0.49,0.5857142857142857,1.0,0.0,51,82,0.8,0.7368421052631579,0.2631578947368421,7,15,0.8,0.7857142857142857,0.21428571428571427,0,4
0,0.68,0.79,193.8,451,117,171,0,68,True,4,Shigh,0.3,0.81,0.83,0.64,0.83,0.56,0.6142857142857143,1.0,0.0,52,96,0.85,0.6363636363636364,0.36363636363636365,9,9,0.8,0.6428571428571429,0.35714285714285715,1,4
0,0.62,0.73,158.0,457,99,167,0,66,False,-1,none,0.3,0.75,0.77,0.59,0.73,0.55,0.6142857142857143,1.0,0.0,50,95,0.65,0.9473684210526315,0.05263157894736842,1,15,0.6,0.8181818181818182,0.18181818181818182,0,6
0,0.64,0.77,188.4,453,107,152,0,69,True,3,Shigh,0.3,0.8,0.78,0.5,0.73,0.55,0.5857142857142857,1.0,0.0,38,90,0.75,0.6818181818181818,0.3181818181818182,8,10,0.8,0.5,0.5,2,4
0,0.63,0.76,175.79999999999998,454,110,154,0,70,True,1,Slow,0.3,0.79,0.79,0.51,0.77,0.54,0.5714285714285714,1.0,0.0,41,93,0.8,0.782608695652174,0.21739130434782608,3,15,0.7,0.5833333333333334,0.4166666666666667,1,1
0,0.63,0.71,154.0,459,104,156,0,89,False,-1,none,0.3,0.78,0.76,0.5,0.69,0.58,0.6571428571428571,1.0,0.0,42,96,0.55,0.9333333333333333,0.06666666666666667,1,13,0.6,0.8,0.2,1,3
0,0.59,0.73,178.0,457,102,149,0,71,False,-1,none,0.3,0.75,0.75,0.53,0.74,0.47,0.5428571428571428,1.0,0.0,45,83,0.7,0.8,0.2,5,13,0.7,0.7333333333333333,0.26666666666666666,0,3
1,0.56,0.7,176.0,460,106,166,0,78,False,-1,none,0.3,0.81,0.78,0.49,0.77,0.57,0.5142857142857142,1.0,0.0,40,95,0.65,0.7727272727272727,0.22727272727272727,10,15,0.7,0.6666666666666666,0.3333333333333333,3,3
1,0.63,0.81,198.0,449,115,166,0,78,False,-1,none,0.3,0.84,0.84,0.61,0.79,0.54,0.6,1.0,0.0,44,94,0.6,0.7894736842105263,0.21052631578947367,10,12,0.9,0.75,0.25,3,3
1,0.69,0.8,200.0,450,86,187,0,72,False,-1,none,0.3,0.84,0.78,0.59,0.75,0.57,0.6857142857142857,1.0,0.0,65,97,0.75,0.6666666666666666,0.3333333333333333,10,12,0.6,0.7142857142857143,0.2857142857142857,0,3
1,0.62,0.77,190.0,453,110,173,0,85,False,-1,none,0.3,0.84,0.83,0.56,0.8,0.57,0.5571428571428572,1.0,0.0,49,100,0.8,0.8571428571428571,0.14285714285714285,4,13,0.7,0.6470588235294118,0.35294117647058826,4,3
1,0.59,0.69,186.0,461,120,150,0,76,False,-1,none,0.3,0.78,0.78,0.55,0.78,0.5,0.5571428571428572,1.0,0.0,40,90,0.65,0.7058823529411765,0.29411764705882354,4,10,0.7,0.46153846153846156,0.5384615384615384,2,4
1,0.67,0.78,200.0,452,109,158,0,80,False,-1,none,0.3,0.83,0.78,0.56,0.76,0.52,0.6142857142857143,1.0,0.0,37,94,0.8,0.75,0.25,10,11,0.8,0.6,0.4,4,2
1,0.68,0.83,211.2,447,111,165,0,76,True,4,Shigh,0.3,0.81,0.82,0.56,0.79,0.61,0.6428571428571429,1.0,0.0,45,95,0.8,0.64,0.36,10,12,0.7,0.6153846153846154,0.38461538461538464,2,1
1,0.64,0.73,178.0,457,135,175,0,72,False,-1,none,0.3,0.86,0.86,0.68,0.85,0.58,0.6428571428571429,1.0,0.0,47,105,0.55,0.6153846153846154,0.38461538461538464,8,11,0.8,0.8,0.2,1,3
1,0.66,0.79,202.0,451,111,168,0,72,False,-1,none,0.3,0.79,0.83,0.55,0.82,0.59,0.5714285714285714,1.0,0.0,43,100,0.95,0.72,0.28,9,10,0.7,0.7142857142857143,0.2857142857142857,2,4
1,0.66,0.82,188.6,448,110,158,0,65,True,2,Slow,0.3,0.83,0.81,0.54,0.78,0.54,0.6,1.0,0.0,33,93,0.85,0.782608695652174,0.21739130434782608,8,19,0.7,0.75,0.25,2,3
1,0.61,0.73,186.0,457,116,166,0,65,False,-1,none,0.3,0.83,0.78,0.6,0.82,0.52,0.5428571428571428,1.0,0.0,44,90,0.85,0.7916666666666666,0.20833333333333334,11,14,0.6,0.5454545454545454,0.45454545454545453,3,4
1,0.68,0.79,194.0,451,117,162,0,67,False,-1,none,0.3,0.85,0.76,0.63,0.74,0.6,0.6428571428571429,1.0,0.0,47,97,0.7,0.7894736842105263,0.21052631578947367,3,10,0.9,0.6666666666666666,0.3333333333333333,1,4
1,0.64,0.67,170.0,463,111,180,0,72,False,-1,none,0.3,0.82,0.83,0.54,0.81,0.58,0.6428571428571429,1.0,0.0,49,101,0.7,0.6,0.4,10,16,0.5,0.5714285714285714,0.42857142857142855,1,3
1,0.67,0.84,200.0,446,109,167,0,75,False,-1,none,0.3,0.84,0.86,0.62,0.76,0.52,0.5857142857142857,1.0,0.0,49,92,0.9,0.8928571428571429,0.10714285714285714,8,14,0.8,0.6666666666666666,0.3333333333333333,2,2
1,0.63,0.72,188.0,458,113,148,0,72,False,-1,none,0.3,0.79,0.76,0.5,0.73,0.55,0.5428571428571428,1.0,0.0,35,85,0.85,0.8095238095238095,0.19047619047619047,5,17,0.8,0.46153846153846156,0.5384615384615384,3,3
1,0.68,0.79,186.0,451,96,182,0,73,False,-1,none,0.3,0.84,0.8,0.59,0.79,0.55,0.6571428571428571,1.0,0.0,55,97,0.8,0.875,0.125,6,18,0.6,0.5555555555555556,0.4444444444444444,3,3
1,0.63,0.78,184.0,452,120,150,0,77,False,-1,none,0.3,0.79,0.81,0.56,0.79,0.53,0.5571428571428572,1.0,0.0,37,87,0.8,0.8695652173913043,0.13043478260869565,5,14,0.8,0.75,0.25,4,3
1,0.61,0.76,164.0,454,112,164,0,63,False,-1,none,0.3,0.8,0.8,0.58,0.78,0.56,0.5571428571428572,1.0,0.0,49,94,0.85,0.9565217391304348,0.043478260869565216,2,17,0.5,0.8571428571428571,0.14285714285714285,0,2
1,0.65,0.77,194.0,453,110,176,0,77,False,-1,none,0.3,0.86,0.85,0.5,0.81,0.61,0.6428571428571429,1.0,0.0,43,107,0.65,0.75,0.25,11,9,0.7,0.5833333333333334,0.4166666666666667,2,4
1,0.66,0.77,186.0,453,98,154,0,76,False,-1,none,0.3,0.76,0.74,0.49,0.74,0.56,0.6,1.0,0.0,51,87,0.75,0.9090909090909091,0.09090909090909091,1,12,0.9,0.5384615384615384,0.46153846153846156,0,3
1,0.66,0.78,168.6,452,107,145,0,80,True,2,Slow,0.3,0.77,0.79,0.55,0.73,0.46,0.6142857142857143,1.0,0.0,42,84,0.8,0.8695652173913043,0.13043478260869565,2,14,0.7,0.7272727272727273,0.2727272727272727,0,3
1,0.64,0.73,194.0,457,99,167,0,81,False,-1,none,0.3,0.8,0.8,0.43,0.74,0.62,0.5428571428571428,1.0,0.0,41,94,0.85,0.6666666666666666,0.3333333333333333,14,14,0.9,0.6428571428571429,0.35714285714285715,2,2
2,0.67,0.79,202.0,451,104,168,0,69,False,-1,none,0.3,0.83,0.77,0.62,0.75,0.54,0.6285714285714286,1.0,0.0,48,90,0.75,0.6818181818181818,0.3181818181818182,14,11,0.8,0.6923076923076923,0.3076923076923077,2,3
2,0.66,0.77,190.0,453,128,141,0,79,False,-1,none,0.3,0.82,0.79,0.56,0.76,0.53,0.5714285714285714,1.0,0.0,33,84,0.9,0.8461538461538461,0.15384615384615385,7,16,0.8,0.5454545454545454,0.45454545454545453,0,1
2,0.6,0.71,162.0,459,102,142,0,85,False,-1,none,0.3,0.77,0.78,0.51,0.63,0.46,0.5714285714285714,1.0,0.0,49,82,0.8,0.8333333333333334,0.16666666666666666,1,7,0.4,0.8571428571428571,0.14285714285714285,1,2
2,0.58,0.7,160.0,460,116,138,0,76,False,-1,none,0.3,0.76,0.78,0.48,0.75,0.47,0.5,1.0,0.0,32,84,0.65,0.8333333333333334,0.16666666666666666,4,14,1.0,0.8823529411764706,0.11764705882352941,1,3
2,0.68,0.79,190.0,451,117,168,0,86,False,-1,none,0.3,0.83,0.85,0.67,0.74,0.55,0.6285714285714286,1.0,0.0,49,89,0.85,0.7391304347826086,0.2608695652173913,9,16,0.7,0.8333333333333334,0.16666666666666666,2,3
2,0.68,0.82,200.0,448,126,158,0,79,False,-1,none,0.3,0.83,0.85,0.61,0.79,0.58,0.6142857142857143,1.0,0.0,36,95,0.8,0.7916666666666666,0.20833333333333334,9,11,0.9,0.7333333333333333,0.26666666666666666,4,3
2,0.61,0.76,162.59999999999997,454,117,160,0,82,True,1,Slow,0.3,0.79,0.82,0.53,0.79,0.6,0.5714285714285714,1.0,0.0,36,105,0.65,0.8571428571428571,0.14285714285714285,4,12,0.8,0.6666666666666666,0.3333333333333333,1,2
2,0.61,0.78,188.0,452,113,156,0,73,False,-1,none,0.3,0.81,0.82,0.52,0.77,0.55,0.5428571428571428,1.0,0.0,41,92,0.75,0.8695652173913043,0.13043478260869565,5,12,0.8,0.7058823529411765,0.29411764705882354,3,3
2,0.68,0.75,166.0,455,94,181,0,75,False,-1,none,0.3,0.83,0.78,0.54,0.78,0.57,0.7285714285714285,1.0,0.0,59,106,0.5,0.8333333333333334,0.16666666666666666,6,8,0.7,0.8333333333333334,0.16666666666666666,1,1
2,0.73,0.91,229.4,439,104,170,0,60,True,3,Shigh,0.3,0.79,0.8,0.67,0.77,0.62,0.7,1.0,0.0,56,95,0.85,0.5769230769230769,0.4230769230769231,9,10,0.7,0.7333333333333333,0.26666666666666666,0,0
2,0.67,0.84,192.0,446,112,159,0,85,False,-1,none,0.3,0.84,0.84,0.49,0.77,0.61,0.6142857142857143,1.0,0.0,47,92,0.8,0.8846153846153846,0.11538461538461539,5,11,0.8,0.8,0.2,1,3
2,0.61,0.76,172.4,454,107,136,0,86,True,3,Shigh,0.3,0.77,0.79,0.48,0.67,0.48,0.5428571428571428,1.0,0.0,33,79,0.75,0.8461538461538461,0.15384615384615385,7,13,0.8,0.8181818181818182,0.18181818181818182,1,3
2,0.65,0.88,212.0,442,111,175,0,81,False,-1,none,0.3,0.89,0.89,0.58,0.83,0.55,0.5428571428571428,1.0,0.0,44,94,0.95,0.84375,0.15625,10,19,0.8,0.7777777777777778,0.2222222222222222,2,6
2,0.63,0.75,170.0,455,104,162,0,84,False,-1,none,0.3,0.85,0.78,0.57,0.73,0.48,0.6142857142857143,1.0,0.0,50,86,0.6,0.8947368421052632,0.10526315789473684,5,16,0.8,0.7692307692307693,0.23076923076923078,2,3
2,0.61,0.76,171.0,454,114,158,0,67,True,3,Shigh,0.3,0.75,0.82,0.56,0.78,0.57,0.6,1.0,0.0,41,99,0.65,0.8095238095238095,0.19047619047619047,5,8,0.6,0.7692307692307693,0.23076923076923078,1,4
2,0.59,0.69,146.0,461,115,152,0,74,False,-1,none,0.3,0.78,0.75,0.52,0.73,0.58,0.6,1.0,0.0,39,95,0.65,1.0,0.0,0,17,0.4,0.6666666666666666,0.3333333333333333,0,1
2,0.62,0.77,170.0,453,119,158,0,81,False,-1,none,0.3,0.83,0.84,0.55,0.76,0.56,0.6,1.0,0.0,43,101,0.6,0.9047619047619048,0.09523809523809523,3,8,0.8,0.8571428571428571,0.14285714285714285,1,2
2,0.7,0.87,206.0,443,100,183,0,85,False,-1,none,0.3,0.85,0.88,0.59,0.74,0.64,0.6714285714285714,1.0,0.0,56,98,0.7,0.8260869565217391,0.17391304347826086,9,13,0.9,0.7647058823529411,0.23529411764705882,2,5
2,0.72,0.86,204.0,444,108,158,0,78,False,-1,none,0.3,0.83,0.84,0.56,0.78,0.51,0.6857142857142857,1.0,0.0,48,91,0.85,0.875,0.125,1,14,0.7,0.6153846153846154,0.38461538461538464,1,3
2,0.58,0.69,170.0,461,116,159,0,86,False,-1,none,0.3,0.81,0.79,0.52,0.76,0.56,0.5428571428571428,1.0,0.0,42,90,0.65,0.75,0.25,7,15,0.7,0.7272727272727273,0.2727272727272727,3,2
2,0.62,0.76,184.0,454,116,167,0,76,False,-1,none,0.3,0.83,0.83,0.59,0.79,0.55,0.5714285714285714,1.0,0.0,50,96,0.65,0.7619047619047619,0.23809523809523808,2,13,0.9,0.8,0.2,4,2
2,0.61,0.71,182.0,459,107,164,0,63,False,-1,none,0.3,0.79,0.77,0.58,0.72,0.56,0.5571428571428572,1.0,0.0,45,89,0.7,0.6470588235294118,0.35294117647058826,11,9,0.8,0.7333333333333333,0.26666666666666666,4,6
3,0.63,0.74,169.0,456,112,163,0,76,True,1,Slow,0.3,0.79,0.8,0.53,0.76,0.61,0.5571428571428572,1.0,0.0,41,98,0.8,0.7619047619047619,0.23809523809523808,4,15,0.8,0.7142857142857143,0.2857142857142857,3,2
3,0.69,0.83,198.0,447,96,175,0,81,False,-1,none,0.3,0.84,0.81,0.57,0.79,0.53,0.6571428571428571,1.0,0.0,51,92,0.65,0.8095238095238095,0.19047619047619047,5,20,1.0,0.75,0.25,2,5
3,0.64,0.75,186.0,455,123,182,0,80,False,-1,none,0.3,0.88,0.83,0.61,0.81,0.67,0.5857142857142857,1.0,0.0,47,99,0.75,0.6842105263157895,0.3157894736842105,9,19,0.8,0.8,0.2,1,7
3,0.57,0.72,164.0,458,129,151,0,88,False,-1,none,0.3,0.82,0.83,0.55,0.76,0.56,0.5428571428571428,1.0,0.0,39,100,0.55,0.9473684210526315,0.05263157894736842,0,8,0.8,0.7333333333333333,0.26666666666666666,0,4
3,0.69,0.78,188.0,452,105,181,0,71,False,-1,none,0.3,0.87,0.83,0.54,0.81,0.59,0.6571428571428571,1.0,0.0,50,100,0.8,0.7368421052631579,0.2631578947368421,10,15,0.7,0.7692307692307693,0.23076923076923078,2,4
3,0.68,0.82,204.0,448,104,183,0,71,False,-1,none,0.3,0.85,0.85,0.63,0.77,0.59,0.6714285714285714,1.0,0.0,62,93,0.6,0.8,0.2,9,11,0.9,0.6,0.4,2,6
3,0.61,0.74,168.0,456,106,156,0,79,False,-1,none,0.3,0.76,0.78,0.51,0.75,0.56,0.6428571428571429,1.0,0.0,43,98,0.55,0.9047619047619048,0.09523809523809523,2,11,0.5,0.625,0.375,0,2
3,0.54,0.66,160.0,464,113,150,0,66,False,-1,none,0.3,0.76,0.76,0.52,0.72,0.53,0.4857142857142857,1.0,0.0,37,87,0.7,0.8095238095238095,0.19047619047619047,7,14,0.6,0.7272727272727273,0.2727272727272727,2,3
3,0.67,0.75,174.0,455,117,171,0,87,False,-1,none,0.3,0.85,0.85,0.57,0.81,0.55,0.6142857142857143,1.0,0.0,49,92,0.8,0.8,0.2,7,17,0.8,0.8333333333333334,0.16666666666666666,2,4
3,0.67,0.8,196.0,450,93,159,0,78,False,-1,none,0.3,0.78,0.78,0.48,0.73,0.55,0.6142857142857143,1.0,0.0,43,90,0.8,0.8181818181818182,0.18181818181818182,6,14,0.8,0.6666666666666666,0.3333333333333333,4,2
3,0.59,0.73,174.0,457,120,150,0,67,False,-1,none,0.3,0.77,0.79,0.53,0.75,0.59,0.5,1.0,0.0,33,89,0.85,0.9615384615384616,0.038461538461538464,1,20,0.7,0.5,0.5,3,4
3,0.68,0.83,196.59999999999997,447,92,161,0,94,True,1,Slow,0.3,0.83,0.82,0.46,0.74,0.51,0.6571428571428571,1.0,0.0,44,90,0.7,0.7619047619047619,0.23809523809523808,9,11,0.8,0.5333333333333333,0.4666666666666667,0,7
3,0.62,0.72,172.0,458,103,163,0,67,False,-1,none,0.3,0.78,0.78,0.53,0.75,0.54,0.6,1.0,0.0,45,94,0.7,0.7142857142857143,0.2857142857142857,9,11,0.6,0.8888888888888888,0.1111111111111111,0,4
3,0.61,0.7,160.0,460,115,159,0,71,False,-1,none,0.3,0.8,0.81,0.59,0.73,0.51,0.5285714285714286,1.0,0.0,46,84,0.85,0.8636363636363636,0.13636363636363635,5,21,0.7,0.8181818181818182,0.18181818181818182,1,2
3,0.58,0.7,160.0,460,113,140,0,77,False,-1,none,0.3,0.73,0.78,0.53,0.71,0.48,0.5285714285714286,1.0,0.0,38,81,0.7,0.8571428571428571,0.14285714285714285,4,11,0.7,0.8333333333333334,0.16666666666666666,1,5
3,0.61,0.69,170.0,461,117,166,0,83,False,-1,none,0.3,0.84,0.8,0.48,0.85,0.55,0.5714285714285714,1.0,0.0,40,98,0.7,0.7368421052631579,0.2631578947368421,11,15,0.7,0.7,0.3,0,2
3,0.58,0.68,164.0,462,117,172,0,58,False,-1,none,0.3,0.79,0.81,0.62,0.74,0.61,0.6,1.0,0.0,51,103,0.45,0.6428571428571429,0.35714285714285715,4,7,0.7,0.8333333333333334,0.16666666666666666,3,4
3,0.56,0.63,157.6,467,106,146,0,85,True,1,Slow,0.3,0.75,0.74,0.51,0.67,0.48,0.5142857142857142,1.0,0.0,36,83,0.65,0.7142857142857143,0.2857142857142857,8,11,0.7,0.5384615384615384,0.46153846153846156,4,4
3,0.57,0.67,146.0,463,111,153,0,69,False,-1,none,0.3,0.79,0.74,0.54,0.73,0.51,0.5285714285714286,1.0,0.0,40,87,0.8,0.9130434782608695,0.08695652173913043,6,19,0.4,0.8571428571428571,0.14285714285714285,0,1
3,0.62,0.72,192.0,458,111,164,0,73,False,-1,none,0.3,0.84,0.8,0.57,0.77,0.49,0.5857142857142857,1.0,0.0,44,88,0.7,0.5294117647058824,0.47058823529411764,17,10,0.7,0.7142857142857143,0.2857142857142857,2,3
3,0.67,0.83,190.0,447,111,168,0,78,False,-1,none,0.3,0.85,0.85,0.62,0.8,0.5,0.6428571428571429,1.0,0.0,54,91,0.65,0.8947368421052632,0.10526315789473684,3,12,0.9,0.7894736842105263,0.21052631578947367,3,5
3,0.68,0.81,198.0,449,96,167,0,71,False,-1,none,0.3,0.74,0.8,0.57,0.73,0.6,0.6428571428571429,1.0,0.0,48,93,0.8,0.782608695652174,0.21739130434782608,9,15,0.7,0.6923076923076923,0.3076923076923077,1,1
4,0.69,0.82,212.0,448,108,163,0,82,False,-1,none,0.3,0.83,0.83,0.51,0.76,0.6,0.6428571428571429,1.0,0.0,42,94,0.75,0.75,0.25,7,15,0.9,0.5882352941176471,0.4117647058823529,1,4
4,0.65,0.77,190.0,453,111,163,0,74,False,-1,none,0.3,0.82,0.82,0.54,0.78,0.55,0.6,1.0,0.0,43,97,0.75,0.75,0.25,9,11,0.8,0.7333333333333333,0.26666666666666666,3,0
4,0.54,0.67,166.0,463,92,149,0,77,False,-1,none,0.3,0.73,0.73,0.4,0.71,0.51,0.4857142857142857,1.0,0.0,34,89,0.8,0.8333333333333334,0.16666666666666666,9,16,0.4,0.5555555555555556,0.4444444444444444,1,0
4,0.69,0.83,214.0,447,109,188,0,70,False,-1,none,0.3,0.86,0.83,0.64,0.82,0.65,0.6571428571428571,1.0,0.0,48,106,0.8,0.7272727272727273,0.2727272727272727,13,16,0.7,0.6,0.4,2,3
4,0.68,0.84,200.0,446,99,163,0,79,False,-1,none,0.3,0.8,0.82,0.58,0.77,0.49,0.6142857142857143,1.0,0.0,50,87,0.75,0.8333333333333334,0.16666666666666666,9,14,1.0,0.7647058823529411,0.23529411764705882,1,2
4,0.72,0.92,208.2,438,105,167,0,86,True,0,Slow,0.3,0.84,0.86,0.55,0.79,0.6,0.6142857142857143,1.0,0.0,44,93,1.0,0.7777777777777778,0.2222222222222222,14,14,0.9,0.7368421052631579,0.2631578947368421,1,1
4,0.65,0.83,190.0,447,111,151,0,80,False,-1,none,0.3,0.8,0.8,0.56,0.74,0.55,0.5714285714285714,1.0,0.0,40,87,0.8,0.8888888888888888,0.1111111111111111,6,15,0.9,0.8125,0.1875,1,2
4,0.61,0.72,180.0,458,114,160,0,74,False,-1,none,0.3,0.8,0.81,0.53,0.77,0.55,0.5714285714285714,1.0,0.0,38,93,0.7,0.8095238095238095,0.19047619047619047,7,15,0.7,0.5454545454545454,0.45454545454545453,4,3
4,0.68,0.82,208.0,448,107,181,0,80,False,-1,none,0.3,0.83,0.85,0.58,0.84,0.6,0.6285714285714286,1.0,0.0,49,99,0.85,0.76,0.24,12,14,0.7,0.6153846153846154,0.38461538461538464,2,5
4,0.65,0.75,186.0,455,111,169,0,75,False,-1,none,0.3,0.81,0.83,0.57,0.8,0.54,0.5857142857142857,1.0,0.0,52,98,0.8,0.7222222222222222,0.2777777777777778,7,11,0.8,0.75,0.25,0,1
4,0.74,0.93,193.59999999999997,437,118,161,0,88,True,1,Slow,0.3,0.88,0.85,0.58,0.79,0.62,0.7,1.0,0.0,38,102,0.85,0.8518518518518519,0.14814814814814814,4,16,0.8,0.8,0.2,0,1
4,0.63,0.73,178.0,457,115,152,0,80,False,-1,none,0.3,0.82,0.77,0.52,0.7,0.59,0.5571428571428572,1.0,0.0,38,91,0.8,0.8,0.2,10,10,0.8,0.7142857142857143,0.2857142857142857,0,3
4,0.64,0.85,206.0,445,111,161,0,68,False,-1,none,0.3,0.76,0.79,0.59,0.82,0.61,0.5857142857142857,1.0,0.0,39,102,0.75,0.8928571428571429,0.10714285714285714,0,15,0.8,0.625,0.375,3,2
4,0.63,0.78,185.2,452,130,147,0,70,True,4,Shigh,0.3,0.85,0.83,0.6,0.72,0.55,0.5714285714285714,1.0,0.0,46,85,0.75,0.8333333333333334,0.16666666666666666,1,9,0.8,0.5714285714285714,0.42857142857142855,2,4
4,0.59,0.71,166.0,459,117,158,0,74,False,-1,none,0.3,0.79,0.8,0.56,0.73,0.58,0.5285714285714286,1.0,0.0,43,88,0.75,0.8421052631578947,0.15789473684210525,7,13,0.7,0.8,0.2,1,6
4,0.71,0.82,193.0,448,106,165,0,82,True,1,Slow,0.3,0.82,0.84,0.6,0.74,0.53,0.6714285714285714,1.0,0.0,50,89,0.7,0.5882352941176471,0.4117647058823529,13,9,1.0,0.7777777777777778,0.2222222222222222,1,3
4,0.68,0.84,204.0,446,93,159,0,74,False,-1,none,0.3,0.79,0.79,0.51,0.78,0.49,0.5857142857142857,1.0,0.0,46,88,0.9,0.92,0.08,3,18,0.9,0.6111111111111112,0.3888888888888889,3,1
4,0.65,0.82,200.0,448,118,156,0,74,False,-1,none,0.3,0.81,0.84,0.6,0.78,0.53,0.6142857142857143,1.0,0.0,43,91,0.6,0.8823529411764706,0.11764705882352941,6,12,1.0,0.6818181818181818,0.3181818181818182,0,4
4,0.71,0.81,194.0,449,103,185,0,71,False,-1,none,0.3,0.83,0.83,0.6,0.84,0.59,0.7428571428571429,1.0,0.0,61,103,0.65,0.7058823529411765,0.29411764705882354,7,10,0.6,0.75,0.25,2,2
4,0.66,0.73,178.0,457,91,182,0,79,False,-1,none,0.3,0.79,0.81,0.51,0.79,0.56,0.6285714285714286,1.0,0.0,54,98,0.8,0.7368421052631579,0.2631578947368421,10,17,0.6,0.7,0.3,1,2
4,0.57,0.67,190.0,463,115,140,0,78,False,-1,none,0.3,0.74,0.76,0.48,0.73,0.51,0.5142857142857142,1.0,0.0,31,86,0.7,0.5625,0.4375,6,13,0.7,0.5333333333333333,0.4666666666666667,2,2
4,0.71,0.89,202.39999999999998,441,120,171,0,65,True,1,Slow,0.3,0.87,0.87,0.65,0.78,0.63,0.6571428571428571,1.0,0.0,45,101,0.8,0.8181818181818182,0.18181818181818182,7,12,0.9,0.6842105263157895,0.3157894736842105,2,4
5,0.71,0.85,217.4,445,113,173,0,84,True,4,Shigh,0.3,0.81,0.86,0.62,0.83,0.59,0.6428571428571429,1.0,0.0,47,102,0.8,0.7083333333333334,0.2916666666666667,6,10,1.0,0.5,0.5,6,2
5,0.72,0.88,216.8,442,120,163,0,74,True,4,Shigh,0.3,0.86,0.87,0.6,0.78,0.6,0.6714285714285714,1.0,0.0,42,93,0.8,0.72,0.28,13,11,0.9,0.6875,0.3125,3,1
5,0.62,0.75,166.4,455,118,159,0,73,True,3,Shigh,0.3,0.79,0.78,0.54,0.8,0.61,0.5857142857142857,1.0,0.0,43,98,0.65,0.9,0.1,3,12,0.8,0.7857142857142857,0.21428571428571427,1,2
5,0.66,0.79,182.0,451,102,158,0,91,False,-1,none,0.3,0.79,0.83,0.47,0.76,0.54,0.6142857142857143,1.0,0.0,38,95,0.75,0.9,0.1,3,13,0.8,0.75,0.25,4,5
5,0.62,0.69,170.0,461,113,167,0,76,False,-1,none,0.3,0.81,0.8,0.59,0.76,0.53,0.5857142857142857,1.0,0.0,53,92,0.7,0.7777777777777778,0.2222222222222222,1,12,0.7,0.6,0.4,5,4
5,0.64,0.77,187.6,453,103,153,0,72,True,3,Shigh,0.3,0.77,0.81,0.52,0.72,0.51,0.6,1.0,0.0,44,85,0.65,0.631578947368421,0.3684210526315789,10,10,0.9,0.6875,0.3125,0,4
5,0.67,0.8,184.0,450,135,153,0,87,False,-1,none,0.3,0.88,0.9,0.57,0.78,0.55,0.6,1.0,0.0,38,91,0.8,0.9166666666666666,0.08333333333333333,1,17,0.9,0.7142857142857143,0.2857142857142857,4,2
5,0.67,0.8,192.0,450,121,158,0,81,False,-1,none,0.3,0.85,0.79,0.59,0.79,0.57,0.6142857142857143,1.0,0.0,39,89,0.75,0.8181818181818182,0.18181818181818182,4,17,0.9,0.7333333333333333,0.26666666666666666,5,4
5,0.66,0.77,182.0,453,94,170,0,79,False,-1,none,0.3,0.8,0.81,0.49,0.79,0.52,0.6857142857142857,1.0,0.0,53,97,0.6,0.8125,0.1875,6,10,0.6,0.6923076923076923,0.3076923076923077,0,4
5,0.6,0.71,174.0,459,99,159,0,56,False,-1,none,0.3,0.72,0.75,0.54,0.74,0.54,0.5714285714285714,1.0,0.0,47,87,0.7,0.7619047619047619,0.23809523809523808,5,17,0.6,0.7,0.3,0,3
5,0.66,0.75,163.99999999999997,455,129,162,0,59,True,0,Slow,0.3,0.83,0.8,0.56,0.8,0.67,0.6,1.0,0.0,39,102,0.9,0.8260869565217391,0.17391304347826086,4,13,0.6,0.6,0.4,0,4
5,0.54,0.7,154.2,460,105,138,0,67,True,0,Slow,0.3,0.73,0.73,0.51,0.68,0.48,0.5,1.0,0.0,40,81,0.55,0.85,0.15,3,10,0.8,0.7333333333333333,0.26666666666666666,0,4
5,0.59,0.73,186.0,457,82,133,0,72,False,-1,none,0.3,0.67,0.71,0.42,0.68,0.4,0.5428571428571428,1.0,0.0,36,73,0.65,0.7777777777777778,0.2222222222222222,6,11,0.8,0.6470588235294118,0.35294117647058826,4,3
5,0.67,0.8,192.0,450,97,165,0,83,False,-1,none,0.3,0.8,0.81,0.55,0.74,0.52,0.6142857142857143,1.0,0.0,45,86,0.85,0.8260869565217391,0.17391304347826086,10,17,0.7,0.7142857142857143,0.2857142857142857,3,4
5,0.64,0.76,196.0,454,103,181,0,70,False,-1,none,0.3,0.79,0.8,0.6,0.79,0.62,0.5857142857142857,1.0,0.0,50,99,0.8,0.6666666666666666,0.3333333333333333,11,14,0.7,0.7142857142857143,0.2857142857142857,1,6
5,0.68,0.77,174.0,453,105,164,0,74,False,-1,none,0.3,0.82,0.84,0.57,0.74,0.49,0.6571428571428571,1.0,0.0,52,88,0.7,0.8333333333333334,0.16666666666666666,5,17,0.8,0.8461538461538461,0.15384615384615385,0,2
5,0.66,0.8,192.0,450,87,162,0,66,False,-1,none,0.3,0.76,0.72,0.51,0.7,0.6,0.6428571428571429,1.0,0.0,42,95,0.75,0.7619047619047619,0.23809523809523808,5,15,0.6,0.7857142857142857,0.21428571428571427,1,4
5,0.62,0.73,170.0,457,123,160,0,79,False,-1,none,0.3,0.84,0.81,0.5,0.73,0.68,0.5714285714285714,1.0,0.0,35,99,0.75,0.8,0.2,6,16,0.7,0.8461538461538461,0.15384615384615385,1,3
5,0.68,0.79,206.0,451,88,158,0,80,False,-1,none,0.3,0.75,0.75,0.55,0.69,0.51,0.6571428571428571,1.0,0.0,47,80,0.7,0.6666666666666666,0.3333333333333333,11,12,0.8,0.6,0.4,2,6
5,0.66,0.73,170.0,457,119,170,0,88,False,-1,none,0.3,0.84,0.82,0.54,0.77,0.65,0.6,1.0,0.0,41,104,0.9,0.8636363636363636,0.13636363636363635,4,18,0.6,0.6666666666666666,0.3333333333333333,1,2
5,0.62,0.72,172.0,458,114,158,0,81,False,-1,none,0.3,0.75,0.8,0.58,0.78,0.53,0.5857142857142857,1.0,0.0,44,94,0.65,0.8235294117647058,0.17647058823529413,7,11,0.8,0.7142857142857143,0.2857142857142857,0,2
5,0.7,0.81,194.0,449,110,169,0,80,False,-1,none,0.3,0.85,0.83,0.56,0.78,0.58,0.6714285714285714,1.0,0.0,49,97,0.75,0.8,0.2,5,13,0.8,0.7142857142857143,0.2857142857142857,1,4
6,0.61,0.72,150.59999999999997,458,131,150,0,77,True,1,Slow,0.3,0.83,0.83,0.54,0.78,0.55,0.5285714285714286,1.0,0.0,35,91,0.8,0.8636363636363636,0.13636363636363635,3,18,0.8,0.7692307692307693,0.23076923076923078,0,3
6,0.68,0.86,216.0,444,99,167,0,73,False,-1,none,0.3,0.82,0.83,0.58,0.78,0.51,0.5857142857142857,1.0,0.0,53,84,0.85,0.84,0.16,3,19,1.0,0.65,0.35,5,3
6,0.72,0.84,204.0,446,95,174,0,82,False,-1,none,0.3,0.79,0.82,0.57,0.78,0.57,0.6714285714285714,1.0,0.0,53,95,0.85,0.782608695652174,0.21739130434782608,8,14,0.8,0.7142857142857143,0.2857142857142857,1,3
6,0.69,0.87,191.39999999999998,443,84,163,0,76,True,0,Slow,0.3,0.8,0.76,0.49,0.76,0.53,0.6714285714285714,1.0,0.0,49,92,0.7,0.8181818181818182,0.18181818181818182,5,13,0.8,0.6875,0.3125,1,3
6,0.62,0.84,197.99999999999997,446,117,159,0,75,True,0,Slow,0.3,0.82,0.8,0.52,0.83,0.63,0.5428571428571428,1.0,0.0,35,100,0.8,0.8214285714285714,0.17857142857142858,2,17,0.8,0.5625,0.4375,1,4
6,0.68,0.83,202.2,447,98,178,0,71,True,0,Slow,0.3,0.82,0.82,0.64,0.81,0.5,0.6285714285714286,1.0,0.0,50,91,0.75,0.6666666666666666,0.3333333333333333,13,14,0.9,0.5625,0.4375,6,4
6,0.64,0.73,178.0,457,94,165,0,73,False,-1,none,0.3,0.77,0.77,0.52,0.71,0.55,0.6285714285714286,1.0,0.0,46,92,0.65,0.7058823529411765,0.29411764705882354,10,13,0.7,0.75,0.25,0,4
6,0.7,0.82,188.0,448,102,156,0,85,False,-1,none,0.3,0.82,0.79,0.53,0.78,0.48,0.6428571428571429,1.0,0.0,45,90,0.85,0.875,0.125,4,17,0.8,0.7692307692307693,0.23076923076923078,0,0
6,0.62,0.78,176.0,452,100,173,0,64,False,-1,none,0.3,0.79,0.8,0.62,0.81,0.49,0.6,1.0,0.0,56,91,0.6,0.85,0.15,7,16,0.8,0.875,0.125,1,2
6,0.61,0.76,176.0,454,107,147,0,70,False,-1,none,0.3,0.76,0.77,0.53,0.71,0.53,0.5571428571428572,1.0,0.0,36,89,0.8,0.92,0.08,5,12,0.6,0.6666666666666666,0.3333333333333333,1,4
6,0.62,0.76,176.0,454,97,157,0,75,False,-1,none,0.3,0.77,0.79,0.53,0.74,0.47,0.5857142857142857,1.0,0.0,48,85,0.7,0.8636363636363636,0.13636363636363635,6,14,0.7,0.7692307692307693,0.23076923076923078,1,3
6,0.63,0.82,200.0,448,106,152,0,75,False,-1,none,0.3,0.8,0.82,0.56,0.7,0.52,0.5428571428571428,1.0,0.0,39,82,0.85,0.8888888888888888,0.1111111111111111,8,18,0.8,0.6470588235294118,0.35294117647058826,1,4
6,0.58,0.7,172.0,460,98,162,0,65,False,-1,none,0.3,0.76,0.76,0.48,0.72,0.58,0.5571428571428572,1.0,0.0,47,93,0.6,0.7777777777777778,0.2222222222222222,5,12,0.7,0.6923076923076923,0.3076923076923077,2,3
6,0.61,0.73,170.0,457,107,160,0,80,False,-1,none,0.3,0.81,0.82,0.46,0.77,0.54,0.6285714285714286,1.0,0.0,45,94,0.5,0.8823529411764706,0.11764705882352941,6,13,0.7,0.6666666666666666,0.3333333333333333,2,0
6,0.65,0.8,200.0,450,115,163,0,82,False,-1,none,0.3,0.82,0.83,0.6,0.77,0.56,0.5714285714285714,1.0,0.0,44,89,0.75,0.8181818181818182,0.18181818181818182,7,15,1.0,0.6666666666666666,0.3333333333333333,4,4
6,0.63,0.73,170.0,457,103,151,0,73,False,-1,none,0.3,0.79,0.77,0.53,0.68,0.5,0.6142857142857143,1.0,0.0,49,84,0.65,0.8823529411764706,0.11764705882352941,3,13,0.7,0.6923076923076923,0.3076923076923077,1,1
6,0.61,0.72,172.0,458,110,149,0,74,False,-1,none,0.3,0.77,0.76,0.56,0.7,0.52,0.5571428571428572,1.0,0.0,38,88,0.7,0.8947368421052632,0.10526315789473684,5,13,0.8,0.6428571428571429,0.35714285714285715,4,1
6,0.73,0.89,206.0,441,100,169,0,82,False,-1,none,0.3,0.82,0.84,0.57,0.82,0.53,0.6857142857142857,1.0,0.0,48,97,0.75,0.9545454545454546,0.045454545454545456,0,17,1.0,0.6842105263157895,0.3157894736842105,3,4
6,0.61,0.69,154.0,461,97,154,0,75,False,-1,none,0.3,0.73,0.72,0.49,0.77,0.49,0.6,1.0,0.0,41,91,0.65,0.8947368421052632,0.10526315789473684,4,14,0.6,0.75,0.25,2,2
6,0.7,0.9,220.0,440,95,162,0,63,False,-1,none,0.3,0.79,0.78,0.57,0.78,0.55,0.6285714285714286,1.0,0.0,41,90,0.85,0.8518518518518519,0.14814814814814814,6,17,0.9,0.6842105263157895,0.3157894736842105,3,5
6,0.7,0.86,182.59999999999997,444,110,171,0,78,True,0,Slow,0.3,0.84,0.84,0.61,0.78,0.6,0.6857142857142857,1.0,0.0,48,101,0.75,0.875,0.125,5,14,0.7,0.6923076923076923,0.3076923076923077,1,2
6,0.62,0.79,194.0,451,107,162,0,67,False,-1,none,0.3,0.78,0.76,0.62,0.78,0.54,0.5285714285714286,1.0,0.0,38,90,0.85,0.84,0.16,8,19,0.8,0.7058823529411765,0.29411764705882354,3,4
7,0.74,0.87,202.0,443,108,163,0,92,False,-1,none,0.3,0.83,0.88,0.51,0.78,0.58,0.7428571428571429,1.0,0.0,44,100,0.7,0.85,0.15,4,14,0.8,0.7142857142857143,0.2857142857142857,0,1
7,0.56,0.75,186.0,455,110,149,0,81,False,-1,none,0.3,0.79,0.76,0.56,0.71,0.52,0.4714285714285714,1.0,0.0,37,86,0.8,0.8461538461538461,0.15384615384615385,6,17,0.7,0.6875,0.3125,1,2
7,0.67,0.84,192.0,446,113,172,0,56,False,-1,none,0.3,0.83,0.84,0.6,0.79,0.63,0.6571428571428571,1.0,0.0,46,104,0.6,0.9523809523809523,0.047619047619047616,2,13,0.9,0.7058823529411765,0.29411764705882354,3,4
7,0.59,0.73,174.0,457,110,139,0,73,False,-1,none,0.3,0.77,0.75,0.5,0.73,0.47,0.5571428571428572,1.0,0.0,40,80,0.55,0.875,0.125,3,11,0.9,0.7222222222222222,0.2777777777777778,2,3
7,0.61,0.71,166.0,459,137,151,0,86,False,-1,none,0.3,0.87,0.81,0.54,0.82,0.55,0.5571428571428572,1.0,0.0,38,96,0.75,0.8421052631578947,0.15789473684210525,2,11,0.7,0.7692307692307693,0.23076923076923078,2,2
7,0.66,0.84,220.0,446,112,154,0,80,False,-1,none,0.3,0.81,0.8,0.56,0.75,0.58,0.5857142857142857,1.0,0.0,39,87,0.75,0.84,0.16,1,18,1.0,0.5,0.5,2,7
7,0.56,0.67,178.0,463,116,142,0,70,False,-1,none,0.3,0.76,0.76,0.52,0.7,0.51,0.4714285714285714,1.0,0.0,37,82,0.7,0.7894736842105263,0.21052631578947367,7,11,0.9,0.5333333333333333,0.4666666666666667,1,4
7,0.64,0.78,188.0,452,123,152,0,72,False,-1,none,0.3,0.8,0.8,0.62,0.8,0.51,0.5571428571428572,1.0,0.0,36,92,0.85,0.782608695652174,0.21739130434782608,8,12,0.8,0.8,0.2,2,2
7,0.66,0.76,192.0,454,105,165,0,79,False,-1,none,0.3,0.79,0.8,0.51,0.78,0.58,0.6142857142857143,1.0,0.0,38,93,0.75,0.6842105263157895,0.3157894736842105,13,18,0.8,0.6923076923076923,0.3076923076923077,0,3
7,0.69,0.82,184.0,448,116,166,0,81,False,-1,none,0.3,0.83,0.86,0.57,0.82,0.56,0.6571428571428571,1.0,0.0,44,97,0.8,0.9130434782608695,0.08695652173913043,4,14,0.7,0.7692307692307693,0.23076923076923078,2,5
7,0.66,0.79,195.0,451,108,166,0,72,True,0,Slow,0.3,0.79,0.83,0.57,0.77,0.57,0.5857142857142857,1.0,0.0,49,90,0.85,0.6956521739130435,0.30434782608695654,8,16,0.8,0.5714285714285714,0.42857142857142855,0,3
7,0.69,0.87,230.0,443,102,150,0,86,False,-1,none,0.3,0.81,0.8,0.52,0.78,0.48,0.6285714285714286,1.0,0.0,44,83,0.8,0.7916666666666666,0.20833333333333334,4,12,0.9,0.5263157894736842,0.47368421052631576,4,3
7,0.64,0.76,192.0,454,123,143,0,78,False,-1,none,0.3,0.8,0.78,0.6,0.76,0.48,0.6142857142857143,1.0,0.0,40,89,0.75,0.65,0.35,5,9,0.6,0.75,0.25,0,0
7,0.58,0.81,202.0,449,94,158,0,72,False,-1,none,0.3,0.77,0.8,0.49,0.73,0.54,0.5285714285714286,1.0,0.0,47,86,0.65,0.8846153846153846,0.11538461538461539,4,14,0.8,0.6111111111111112,0.3888888888888889,4,3
7,0.63,0.78,193.2,452,93,157,0,87,True,4,Shigh,0.3,0.78,0.77,0.45,0.75,0.53,0.5714285714285714,1.0,0.0,44,87,0.75,0.7619047619047619,0.23809523809523808,5,14,0.8,0.5882352941176471,0.4117647058823529,4,3
7,0.69,0.83,198.0,447,106,162,0,69,False,-1,none,0.3,0.83,0.77,0.61,0.79,0.51,0.6285714285714286,1.0,0.0,44,85,0.85,0.782608695652174,0.21739130434782608,9,20,0.8,0.8,0.2,0,4
7,0.62,0.74,180.0,456,130,153,0,73,False,-1,none,0.3,0.83,0.8,0.58,0.8,0.56,0.6,1.0,0.0,43,90,0.6,0.75,0.25,4,12,0.8,0.75,0.25,0,4
7,0.62,0.74,188.0,456,100,159,0,82,False,-1,none,0.3,0.78,0.79,0.53,0.73,0.5,0.6,1.0,0.0,47,94,0.7,0.7,0.3,3,8,0.6,0.6363636363636364,0.36363636363636365,4,3
7,0.6,0.73,182.0,457,97,155,0,90,False,-1,none,0.3,0.76,0.76,0.49,0.7,0.54,0.5142857142857142,1.0,0.0,41,89,0.8,0.7727272727272727,0.22727272727272727,6,18,0.8,0.7333333333333333,0.26666666666666666,0,1
7,0.56,0.64,176.0,466,110,166,0,85,False,-1,none,0.3,0.82,0.77,0.48,0.78,0.55,0.5571428571428572,1.0,0.0,44,95,0.55,0.5384615384615384,0.46153846153846156,10,14,0.6,0.5,0.5,1,2
7,0.66,0.79,190.0,451,100,166,0,65,False,-1,none,0.3,0.78,0.79,0.55,0.74,0.59,0.6,1.0,0.0,44,97,0.8,0.8636363636363636,0.13636363636363635,6,13,0.8,0.6666666666666666,0.3333333333333333,2,4
7,0.61,0.76,192.0,454,122,161,0,91,False,-1,none,0.3,0.88,0.78,0.53,0.75,0.65,0.5142857142857142,1.0,0.0,36,95,0.8,0.8095238095238095,0.19047619047619047,8,17,0.9,0.6842105263157895,0.3157894736842105,2,3
8,0.73,0.83,202.0,447,118,181,0,83,False,-1,none,0.3,0.89,0.91,0.59,0.85,0.58,0.6714285714285714,1.0,0.0,56,101,0.85,0.7368421052631579,0.2631578947368421,8,9,0.9,0.75,0.25,4,3
8,0.65,0.74,188.0,456,101,166,0,69,False,-1,none,0.3,0.76,0.75,0.48,0.77,0.65,0.5857142857142857,1.0,0.0,38,96,0.95,0.68,0.32,13,18,0.5,0.75,0.25,0,1
8,0.66,0.78,188.0,452,123,152,0,82,False,-1,none,0.3,0.82,0.82,0.56,0.76,0.57,0.6428571428571429,1.0,0.0,40,90,0.7,0.7,0.3,6,10,0.7,0.8461538461538461,0.15384615384615385,3,3
8,0.59,0.71,166.0,459,133,138,0,78,False,-1,none,0.3,0.8,0.81,0.52,0.77,0.52,0.5571428571428572,1.0,0.0,33,91,0.65,0.7777777777777778,0.2222222222222222,3,8,0.7,0.8571428571428571,0.14285714285714285,2,1
8,0.64,0.76,198.39999999999998,454,106,154,0,74,True,2,Slow,0.3,0.79,0.8,0.51,0.73,0.53,0.5571428571428572,1.0,0.0,41,86,0.8,0.6363636363636364,0.36363636363636365,11,8,0.9,0.5714285714285714,0.42857142857142855,3,5
8,0.66,0.76,176.0,454,130,160,0,69,False,-1,none,0.3,0.85,0.82,0.57,0.82,0.6,0.6428571428571429,1.0,0.0,42,99,0.7,0.8421052631578947,0.15789473684210525,4,13,0.7,0.7272727272727273,0.2727272727272727,0,2
8,0.67,0.82,204.0,448,115,154,0,74,False,-1,none,0.3,0.79,0.79,0.61,0.77,0.55,0.6428571428571429,1.0,0.0,40,89,0.65,0.6666666666666666,0.3333333333333333,8,11,0.9,0.7727272727272727,0.22727272727272727,2,4
8,0.63,0.8,185.6,450,118,145,0,72,True,4,Shigh,0.3,0.79,0.81,0.54,0.73,0.56,0.5857142857142857,1.0,0.0,43,89,0.7,0.8260869565217391,0.17391304347826086,2,7,0.8,0.625,0.375,0,4
8,0.61,0.72,180.0,458,111,160,0,67,False,-1,none,0.3,0.8,0.79,0.57,0.73,0.54,0.6142857142857143,1.0,0.0,38,100,0.55,0.5714285714285714,0.42857142857142855,9,9,0.7,0.8,0.2,0,4
8,0.68,0.79,186.0,451,115,161,0,90,False,-1,none,0.3,0.83,0.82,0.62,0.81,0.47,0.6428571428571429,1.0,0.0,48,89,0.7,0.8421052631578947,0.15789473684210525,6,11,0.9,0.7333333333333333,0.26666666666666666,1,6
8,0.6,0.7,172.0,460,109,155,0,86,False,-1,none,0.3,0.8,0.78,0.45,0.78,0.53,0.5714285714285714,1.0,0.0,39,95,0.65,0.8333333333333334,0.16666666666666666,4,11,0.7,0.5833333333333334,0.4166666666666667,4,2
8,0.71,0.8,184.0,450,83,168,0,84,False,-1,none,0.3,0.78,0.8,0.46,0.74,0.53,0.7428571428571429,1.0,0.0,49,98,0.7,0.6842105263157895,0.3157894736842105,9,10,0.5,1.0,0.0,0,2
8,0.73,0.89,214.0,441,118,179,0,74,False,-1,none,0.3,0.9,0.88,0.6,0.87,0.61,0.6857142857142857,1.0,0.0,50,101,0.85,0.8,0.2,4,20,0.8,0.75,0.25,2,2
8,0.58,0.67,166.0,463,135,155,0,68,False,-1,none,0.3,0.81,0.77,0.62,0.78,0.59,0.5428571428571428,1.0,0.0,41,98,0.7,0.7,0.3,5,8,0.6,0.7777777777777778,0.2222222222222222,3,0
8,0.66,0.85,214.0,445,101,165,0,69,False,-1,none,0.3,0.79,0.82,0.55,0.79,0.56,0.6,1.0,0.0,45,95,0.7,0.6666666666666666,0.3333333333333333,8,7,1.0,0.8095238095238095,0.19047619047619047,3,7
8,0.62,0.79,198.0,451,103,164,0,79,False,-1,none,0.3,0.81,0.82,0.54,0.77,0.52,0.5142857142857142,1.0,0.0,40,93,0.9,0.7777777777777778,0.2222222222222222,10,11,0.8,0.7333333333333333,0.26666666666666666,5,5
8,0.65,0.82,184.0,448,102,154,0,77,False,-1,none,0.3,0.8,0.77,0.54,0.74,0.53,0.6142857142857143,1.0,0.0,46,85,0.75,0.92,0.08,4,15,0.7,0.7692307692307693,0.23076923076923078,1,3
8,0.63,0.74,188.0,456,120,147,0,84,False,-1,none,0.3,0.8,0.8,0.52,0.77,0.52,0.5714285714285714,1.0,0.0,40,88,0.7,0.7222222222222222,0.2777777777777778,3,12,0.9,0.6666666666666666,0.3333333333333333,3,1
8,0.69,0.83,198.0,447,110,168,0,64,False,-1,none,0.3,0.83,0.83,0.59,0.76,0.6,0.6857142857142857,1.0,0.0,47,95,0.65,0.9545454545454546,0.045454545454545456,2,14,0.8,0.46153846153846156,0.5384615384615384,3,7
8,0.61,0.72,156.0,458,128,161,0,64,False,-1,none,0.3,0.77,0.81,0.56,0.8,0.67,0.5428571428571428,1.0,0.0,43,98,0.85,0.9047619047619048,0.09523809523809523,5,9,0.6,0.9230769230769231,0.07692307692307693,1,5
8,0.68,0.77,194.0,453,103,170,0,70,False,-1,none,0.3,0.8,0.78,0.58,0.78,0.56,0.6714285714285714,1.0,0.0,48,90,0.75,0.7,0.3,10,17,0.6,0.6,0.4,4,1
8,0.65,0.76,204.0,454,97,158,0,74,False,-1,none,0.3,0.76,0.79,0.55,0.75,0.46,0.6142857142857143,1.0,0.0,55,83,0.6,0.7058823529411765,0.29411764705882354,8,7,1.0,0.5,0.5,1,4
9,0.67,0.77,190.0,453,109,164,0,85,False,-1,none,0.3,0.84,0.84,0.48,0.79,0.55,0.6714285714285714,1.0,0.0,41,102,0.7,0.6842105263157895,0.3157894736842105,6,13,0.6,0.7272727272727273,0.2727272727272727,0,2
9,0.65,0.76,180.0,454,115,171,0,78,False,-1,none,0.3,0.81,0.84,0.51,0.83,0.63,0.6142857142857143,1.0,0.0,46,106,0.7,0.8421052631578947,0.15789473684210525,5,11,0.8,0.6923076923076923,0.3076923076923077,0,3
9,0.68,0.86,216.0,444,116,179,0,69,False,-1,none,0.3,0.86,0.88,0.59,0.84,0.64,0.6,1.0,0.0,47,102,0.9,0.782608695652174,0.21739130434782608,5,19,0.8,0.7142857142857143,0.2857142857142857,4,2
9,0.62,0.77,184.0,453,102,154,0,77,True,4,Shigh,0.3,0.8,0.8,0.53,0.7,0.5,0.6142857142857143,1.0,0.0,52,85,0.65,0.6666666666666666,0.3333333333333333,1,11,0.6,0.5833333333333334,0.4166666666666667,1,4
9,0.63,0.74,196.0,456,104,154,0,78,False,-1,none,0.3,0.78,0.82,0.44,0.78,0.5,0.5571428571428572,1.0,0.0,41,87,0.8,0.65,0.35,11,12,0.8,0.6666666666666666,0.3333333333333333,0,3
9,0.62,0.74,168.0,456,131,153,0,77,False,-1,none,0.3,0.82,0.82,0.55,0.82,0.57,0.5714285714285714,1.0,0.0,41,97,0.8,0.8695652173913043,0.13043478260869565,3,11,0.6,0.8,0.2,0,1
9,0.63,0.8,204.2,450,121,158,0,66,True,3,Shigh,0.3,0.82,0.79,0.61,0.79,0.58,0.5857142857142857,1.0,0.0,41,97,0.7,0.5714285714285714,0.42857142857142855,11,9,0.8,0.6111111111111112,0.3888888888888889,0,0
9,0.7,0.82,204.0,448,101,171,0,76,False,-1,none,0.3,0.78,0.78,0.58,0.8,0.6,0.6857142857142857,1.0,0.0,48,100,0.8,0.6521739130434783,0.34782608695652173,8,12,0.6,0.8,0.2,1,2
9,0.72,0.84,208.0,446,91,170,0,85,False,-1,none,0.3,0.85,0.82,0.52,0.71,0.55,0.7,1.0,0.0,55,87,0.65,0.8823529411764706,0.11764705882352941,5,10,1.0,0.5555555555555556,0.4444444444444444,4,9
9,0.65,0.78,175.39999999999998,452,95,159,0,73,True,2,Slow,0.3,0.78,0.78,0.51,0.73,0.52,0.6428571428571429,1.0,0.0,41,94,0.75,0.7619047619047619,0.23809523809523808,7,16,0.5,0.6666666666666666,0.3333333333333333,1,0
9,0.6,0.78,192.0,452,117,158,0,82,False,-1,none,0.3,0.84,0.82,0.56,0.76,0.55,0.5428571428571428,1.0,0.0,48,88,0.65,0.8095238095238095,0.19047619047619047,3,15,0.9,0.7222222222222222,0.2777777777777778,1,3
9,0.64,0.75,160.6,455,118,153,0,84,True,4,Shigh,0.3,0.8,0.8,0.46,0.79,0.61,0.5857142857142857,1.0,0.0,41,95,0.75,0.9090909090909091,0.09090909090909091,3,11,0.8,0.8333333333333334,0.16666666666666666,1,2
9,0.67,0.83,208.79999999999998,447,107,148,0,77,True,2,Slow,0.3,0.76,0.8,0.54,0.73,0.55,0.6,1.0,0.0,40,89,0.8,0.6666666666666666,0.3333333333333333,5,13,0.9,0.6,0.4,1,0
9,0.7,0.77,190.0,453,96,179,0,68,False,-1,none,0.3,0.84,0.81,0.56,0.74,0.57,0.7428571428571429,1.0,0.0,55,99,0.6,0.625,0.375,10,12,0.6,0.625,0.375,1,2
9,0.66,0.79,198.0,451,95,165,0,71,False,-1,none,0.3,0.78,0.74,0.57,0.74,0.56,0.6285714285714286,1.0,0.0,48,90,0.75,0.8,0.2,9,14,0.7,0.6,0.4,2,2
9,0.7,0.82,196.0,448,91,172,0,90,False,-1,none,0.3,0.8,0.84,0.56,0.76,0.49,0.6857142857142857,1.0,0.0,57,90,0.75,0.6666666666666666,0.3333333333333333,11,13,0.7,0.9230769230769231,0.07692307692307693,0,1
9,0.61,0.73,162.0,457,100,157,0,75,False,-1,none,0.3,0.78,0.74,0.53,0.69,0.56,0.5857142857142857,1.0,0.0,49,92,0.6,0.8823529411764706,0.11764705882352941,2,9,0.8,0.8666666666666667,0.13333333333333333,1,4
9,0.59,0.7,180.0,460,109,163,0,73,False,-1,none,0.3,0.82,0.8,0.52,0.72,0.56,0.5714285714285714,1.0,0.0,45,91,0.65,0.7,0.3,9,13,0.6,0.6,0.4,2,3
9,0.61,0.73,182.0,457,95,152,0,60,False,-1,none,0.3,0.75,0.74,0.47,0.72,0.52,0.5428571428571428,1.0,0.0,45,85,0.7,0.8095238095238095,0.19047619047619047,4,12,0.9,0.6428571428571429,0.35714285714285715,4,2
9,0.58,0.67,174.0,463,128,148,0,72,False,-1,none,0.3,0.76,0.77,0.62,0.74,0.54,0.5285714285714286,1.0,0.0,38,93,0.55,0.5833333333333334,0.4166666666666667,4,9,1.0,0.7222222222222222,0.2777777777777778,1,3
9,0.6,0.69,178.0,461,93,157,0,66,False,-1,none,0.3,0.75,0.73,0.51,0.68,0.52,0.5428571428571428,1.0,0.0,46,78,0.7,0.6842105263157895,0.3157894736842105,14,15,0.8,0.6666666666666666,0.3333333333333333,2,2
9,0.55,0.63,146.0,467,109,145,0,73,False,-1,none,0.3,0.74,0.74,0.49,0.72,0.48,0.5571428571428572,1.0,0.0,43,87,0.5,0.8461538461538461,0.15384615384615385,3,11,0.6,0.7,0.3,0,1
10,0.66,0.82,187.4,448,115,140,0,73,True,3,Shigh,0.3,0.79,0.76,0.59,0.73,0.5,0.6142857142857143,0.9767441860465116,0.023255813953488372,46,83,0.7,0.8260869565217391,0.17391304347826086,3,6,0.9,0.75,0.25,0,2
10,0.66,0.86,188.0,444,107,179,0,73,False,-1,none,0.3,0.87,0.86,0.6,0.83,0.56,0.5857142857142857,1.0,0.0,51,96,0.8,0.9230769230769231,0.07692307692307693,4,21,0.9,0.8947368421052632,0.10526315789473684,3,4
10,0.68,0.77,202.0,453,102,163,0,93,False,-1,none,0.3,0.79,0.8,0.49,0.83,0.51,0.6714285714285714,1.0,0.0,38,100,0.7,0.6842105263157895,0.3157894736842105,12,12,0.7,0.45454545454545453,0.5454545454545454,1,0
10,0.6,0.74,176.0,456,111,152,0,68,False,-1,none,0.3,0.77,0.8,0.5,0.75,0.55,0.5428571428571428,1.0,0.0,37,91,0.7,0.75,0.25,9,12,0.8,0.875,0.125,0,3
10,0.57,0.68,168.0,462,130,152,0,85,False,-1,none,0.3,0.85,0.83,0.53,0.76,0.53,0.5285714285714286,1.0,0.0,40,95,0.55,0.6666666666666666,0.3333333333333333,6,6,0.9,0.7894736842105263,0.21052631578947367,1,4
10,0.73,0.86,212.0,444,120,178,0,86,False,-1,none,0.3,0.84,0.89,0.62,0.86,0.63,0.6857142857142857,1.0,0.0,45,101,0.8,0.75,0.25,8,19,0.9,0.7222222222222222,0.2777777777777778,0,5
10,0.6,0.69,144.59999999999997,461,117,158,0,76,True,1,Slow,0.3,0.78,0.8,0.54,0.73,0.59,0.5571428571428572,1.0,0.0,40,92,0.7,0.7894736842105263,0.21052631578947367,9,16,0.7,0.8181818181818182,0.18181818181818182,0,1
10,0.66,0.79,202.0,451,102,167,0,82,False,-1,none,0.3,0.84,0.78,0.46,0.83,0.57,0.6,1.0,0.0,42,97,0.8,0.7727272727272727,0.22727272727272727,7,17,0.8,0.6,0.4,1,3
10,0.67,0.73,166.0,457,93,145,0,74,False,-1,none,0.3,0.74,0.72,0.45,0.68,0.52,0.6571428571428571,1.0,0.0,42,87,0.65,0.875,0.125,2,12,0.8,0.7,0.3,0,2
10,0.61,0.7,180.0,460,86,179,0,70,False,-1,none,0.3,0.77,0.75,0.52,0.74,0.57,0.5857142857142857,1.0,0.0,51,91,0.8,0.5909090909090909,0.4090909090909091,15,19,0.4,0.8571428571428571,0.14285714285714285,1,2
10,0.62,0.76,194.0,454,107,165,0,67,True,4,Shigh,0.3,0.8,0.74,0.54,0.78,0.62,0.5428571428571428,1.0,0.0,39,93,0.9,0.6428571428571429,0.35714285714285715,10,16,0.6,0.5,0.5,5,2
10,0.62,0.76,172.0,454,122,157,0,80,False,-1,none,0.3,0.84,0.82,0.61,0.8,0.48,0.5285714285714286,1.0,0.0,44,91,0.85,0.8518518518518519,0.14814814814814814,4,17,0.8,0.9166666666666666,0.08333333333333333,0,1
10,0.53,0.64,156.0,466,119,147,0,70,False,-1,none,0.3,0.74,0.76,0.54,0.75,0.51,0.45714285714285713,1.0,0.0,34,85,0.65,0.7777777777777778,0.2222222222222222,11,14,0.8,0.7857142857142857,0.21428571428571427,0,3
10,0.64,0.71,174.0,459,118,162,0,84,False,-1,none,0.3,0.84,0.78,0.6,0.76,0.53,0.6428571428571429,1.0,0.0,46,92,0.6,0.7142857142857143,0.2857142857142857,9,11,0.7,0.6666666666666666,0.3333333333333333,1,3
10,0.6,0.79,173.2,451,113,146,0,77,True,1,Slow,0.3,0.76,0.78,0.54,0.75,0.55,0.5571428571428572,1.0,0.0,33,94,0.65,0.8421052631578947,0.15789473684210525,5,8,0.8,0.7368421052631579,0.2631578947368421,2,4
10,0.72,0.88,204.0,442,105,181,0,71,False,-1,none,0.3,0.86,0.83,0.65,0.85,0.55,0.7428571428571429,1.0,0.0,55,100,0.55,0.8,0.2,6,15,0.9,0.8095238095238095,0.19047619047619047,2,3
10,0.57,0.73,166.0,457,94,154,0,84,False,-1,none,0.3,0.78,0.75,0.54,0.71,0.43,0.5,1.0,0.0,42,82,0.85,0.8846153846153846,0.11538461538461539,7,16,0.5,0.8333333333333334,0.16666666666666666,3,4
10,0.71,0.84,188.0,446,113,165,0,73,False,-1,none,0.3,0.87,0.81,0.57,0.83,0.54,0.6857142857142857,1.0,0.0,48,95,0.8,0.8571428571428571,0.14285714285714285,5,13,0.7,0.8571428571428571,0.14285714285714285,2,2
10,0.62,0.77,186.0,453,106,162,0,80,False,-1,none,0.3,0.84,0.78,0.44,0.76,0.63,0.5714285714285714,1.0,0.0,39,93,0.7,0.8421052631578947,0.15789473684210525,5,18,0.8,0.7058823529411765,0.29411764705882354,4,3
10,0.61,0.76,168.0,454,110,160,0,64,False,-1,none,0.3,0.8,0.78,0.57,0.74,0.57,0.6,1.0,0.0,45,98,0.6,0.8571428571428571,0.14285714285714285,3,13,0.7,0.9230769230769231,0.07692307692307693,0,1
10,0.56,0.68,162.6,462,107,142,0,78,True,4,Shigh,0.3,0.76,0.76,0.53,0.66,0.46,0.5285714285714286,1.0,0.0,43,84,0.55,0.8,0.2,4,8,0.8,0.6666666666666666,0.3333333333333333,1,2
10,0.66,0.78,184.0,452,105,183,0,69,False,-1,none,0.3,0.85,0.85,0.63,0.78,0.55,0.6428571428571429,1.0,0.0,60,90,0.75,0.7391304347826086,0.2608695652173913,9,21,0.6,0.9,0.1,0,3
11,0.59,0.77,186.0,453,113,146,0,64,False,-1,none,0.3,0.75,0.78,0.6,0.7,0.53,0.44285714285714284,1.0,0.0,37,83,0.9,0.8888888888888888,0.1111111111111111,3,19,1.0,0.7368421052631579,0.2631578947368421,2,2
11,0.62,0.76,176.0,454,119,164,0,86,False,-1,none,0.3,0.83,0.84,0.57,0.84,0.51,0.6,1.0,0.0,43,96,0.7,0.8947368421052632,0.10526315789473684,5,14,0.6,0.7333333333333333,0.26666666666666666,3,3
11,0.6,0.69,182.0,461,142,147,0,77,False,-1,none,0.3,0.83,0.86,0.54,0.78,0.57,0.5,1.0,0.0,37,90,0.8,0.7777777777777778,0.2222222222222222,3,14,0.9,0.5625,0.4375,1,2
11,0.56,0.68,176.0,462,114,160,0,63,False,-1,none,0.3,0.79,0.78,0.53,0.75,0.57,0.4857142857142857,1.0,0.0,34,95,0.7,0.8421052631578947,0.15789473684210525,7,16,0.8,0.5333333333333333,0.4666666666666667,4,4
11,0.6,0.71,166.0,459,92,164,0,63,False,-1,none,0.3,0.78,0.75,0.49,0.69,0.56,0.5857142857142857,1.0,0.0,46,90,0.6,0.8125,0.1875,6,18,0.7,0.7857142857142857,0.21428571428571427,1,3
11,0.63,0.78,186.6,452,120,148,0,89,True,4,Shigh,0.3,0.83,0.79,0.56,0.74,0.54,0.6142857142857143,1.0,0.0,42,93,0.6,0.8,0.2,2,7,0.8,0.6666666666666666,0.3333333333333333,3,1
11,0.62,0.74,168.8,456,103,158,0,65,True,4,Shigh,0.3,0.76,0.78,0.57,0.74,0.5,0.6142857142857143,1.0,0.0,47,95,0.65,0.8,0.2,5,9,0.6,0.7272727272727273,0.2727272727272727,0,2
11,0.57,0.7,144.2,460,112,142,0,81,True,0,Slow,0.3,0.74,0.77,0.59,0.72,0.42,0.5,1.0,0.0,39,81,0.75,0.8260869565217391,0.17391304347826086,7,13,0.7,0.8181818181818182,0.18181818181818182,1,1
11,0.7,0.83,202.0,447,85,192,0,75,False,-1,none,0.3,0.83,0.85,0.56,0.82,0.54,0.6714285714285714,1.0,0.0,58,98,0.85,0.8214285714285714,0.17857142857142858,12,20,0.6,0.5,0.5,1,3
11,0.54,0.69,165.39999999999998,461,112,146,0,63,True,0,Slow,0.3,0.74,0.77,0.54,0.69,0.53,0.45714285714285713,1.0,0.0,37,88,0.75,0.7727272727272727,0.22727272727272727,7,13,0.7,0.6428571428571429,0.35714285714285715,1,0
11,0.68,0.81,186.0,449,117,173,0,69,False,-1,none,0.3,0.87,0.86,0.61,0.79,0.58,0.6285714285714286,1.0,0.0,50,99,0.8,0.8571428571428571,0.14285714285714285,7,14,0.8,0.8125,0.1875,1,2
11,0.59,0.79,186.0,451,110,152,0,79,False,-1,none,0.3,0.77,0.82,0.52,0.75,0.55,0.4857142857142857,1.0,0.0,37,83,0.85,0.8666666666666667,0.13333333333333333,8,16,0.8,0.8,0.2,3,5
11,0.66,0.81,190.0,449,84,170,0,70,False,-1,none,0.3,0.8,0.76,0.52,0.74,0.53,0.6714285714285714,1.0,0.0,50,89,0.55,0.7647058823529411,0.23529411764705882,8,12,0.8,0.8235294117647058,0.17647058823529413,2,9
11,0.65,0.77,198.0,453,108,166,0,84,False,-1,none,0.3,0.83,0.82,0.54,0.81,0.51,0.5857142857142857,1.0,0.0,43,89,0.75,0.6111111111111112,0.3888888888888889,13,16,0.9,0.7777777777777778,0.2222222222222222,1,4
11,0.66,0.74,180.0,456,112,157,0,67,False,-1,none,0.3,0.76,0.78,0.55,0.74,0.6,0.6142857142857143,1.0,0.0,33,95,0.7,0.8235294117647058,0.17647058823529413,8,15,0.9,0.6428571428571429,0.35714285714285715,5,1
11,0.61,0.78,208.0,452,103,149,0,75,False,-1,none,0.3,0.77,0.75,0.5,0.72,0.56,0.5142857142857142,1.0,0.0,35,84,0.8,0.782608695652174,0.21739130434782608,8,14,0.9,0.5789473684210527,0.42105263157894735,5,3
11,0.66,0.76,184.0,454,114,159,0,81,False,-1,none,0.3,0.82,0.81,0.56,0.76,0.54,0.6714285714285714,1.0,0.0,49,93,0.6,0.7333333333333333,0.26666666666666666,4,10,0.7,0.7142857142857143,0.2857142857142857,1,2
11,0.61,0.71,162.0,459,136,163,0,65,False,-1,none,0.3,0.84,0.83,0.61,0.8,0.62,0.5571428571428572,1.0,0.0,36,105,0.75,0.9,0.1,2,20,0.7,0.75,0.25,0,0
11,0.64,0.79,198.0,451,108,159,0,79,False,-1,none,0.3,0.82,0.8,0.5,0.79,0.55,0.5285714285714286,1.0,0.0,42,87,0.85,0.8695652173913043,0.13043478260869565,6,16,1.0,0.631578947368421,0.3684210526315789,4,4
11,0.59,0.74,184.0,456,121,148,0,67,False,-1,none,0.3,0.8,0.78,0.6,0.74,0.51,0.5142857142857142,1.0,0.0,35,87,0.7,0.8095238095238095,0.19047619047619047,8,12,0.9,0.7058823529411765,0.29411764705882354,2,4
11,0.57,0.65,158.0,465,125,146,0,69,False,-1,none,0.3,0.78,0.75,0.5,0.74,0.59,0.5428571428571428,1.0,0.0,28,91,0.7,0.7777777777777778,0.2222222222222222,6,17,0.5,0.6666666666666666,0.3333333333333333,1,3
11,0.52,0.63,162.0,467,125,151,0,66,False,-1,none,0.3,0.76,0.77,0.54,0.74,0.58,0.4857142857142857,1.0,0.0,26,97,0.65,0.6666666666666666,0.3333333333333333,10,12,0.5,0.7272727272727273,0.2727272727272727,1,5
12,0.69,0.83,202.0,447,85,177,0,70,False,-1,none,0.3,0.81,0.81,0.54,0.76,0.53,0.7,1.0,0.0,55,94,0.6,0.6875,0.3125,10,11,0.8,0.7777777777777778,0.2222222222222222,3,4
12,0.69,0.84,208.0,446,116,167,0,68,False,-1,none,0.3,0.85,0.86,0.61,0.81,0.54,0.6142857142857143,1.0,0.0,46,88,0.85,0.8,0.2,10,14,0.9,0.6666666666666666,0.3333333333333333,3,6
12,0.61,0.67,166.0,463,118,148,0,82,False,-1,none,0.3,0.78,0.79,0.54,0.75,0.47,0.5857142857142857,1.0,0.0,46,85,0.7,0.6666666666666666,0.3333333333333333,2,9,0.6,0.7272727272727273,0.2727272727272727,4,2
12,0.65,0.83,206.0,447,105,170,0,72,False,-1,none,0.3,0.82,0.83,0.58,0.8,0.55,0.5714285714285714,1.0,0.0,42,100,0.8,0.84,0.16,9,11,0.9,0.6666666666666666,0.3333333333333333,5,3
12,0.64,0.75,186.0,455,112,163,0,75,False,-1,none,0.3,0.81,0.82,0.57,0.8,0.5,0.6285714285714286,1.0,0.0,49,93,0.6,0.7647058823529411,0.23529411764705882,6,11,0.8,0.6428571428571429,0.35714285714285715,3,1
12,0.61,0.72,172.0,458,92,178,0,68,False,-1,none,0.3,0.75,0.79,0.58,0.75,0.55,0.5857142857142857,1.0,0.0,51,98,0.65,0.7222222222222222,0.2777777777777778,11,13,0.7,0.8461538461538461,0.15384615384615385,2,3
12,0.68,0.83,188.2,447,110,152,0,85,True,2,Slow,0.3,0.83,0.81,0.54,0.77,0.5,0.6,1.0,0.0,42,88,0.9,0.7692307692307693,0.23076923076923078,6,14,0.8,0.7857142857142857,0.21428571428571427,0,2
12,0.63,0.79,182.0,451,107,162,0,57,True,2,Slow,0.3,0.77,0.77,0.56,0.76,0.62,0.6,1.0,0.0,42,95,0.65,0.8181818181818182,0.18181818181818182,7,9,0.8,0.6428571428571429,0.35714285714285715,3,6
12,0.58,0.74,176.0,456,104,155,0,62,False,-1,none,0.3,0.77,0.75,0.55,0.74,0.52,0.5714285714285714,1.0,0.0,34,95,0.6,0.8571428571428571,0.14285714285714285,6,13,0.6,0.6923076923076923,0.3076923076923077,4,3
12,0.62,0.73,182.0,457,114,157,0,71,False,-1,none,0.3,0.81,0.8,0.54,0.77,0.52,0.5285714285714286,1.0,0.0,42,89,0.9,0.7692307692307693,0.23076923076923078,6,16,0.7,0.7,0.3,2,2
12,0.57,0.65,154.0,465,118,144,0,63,False,-1,none,0.3,0.76,0.73,0.52,0.72,0.54,0.5142857142857142,1.0,0.0,33,86,0.75,0.8333333333333334,0.16666666666666666,4,18,0.6,0.7272727272727273,0.2727272727272727,0,3
12,0.67,0.8,188.0,450,106,155,0,79,False,-1,none,0.3,0.81,0.8,0.48,0.74,0.58,0.6,1.0,0.0,40,94,0.85,0.9230769230769231,0.07692307692307693,0,16,0.8,0.5833333333333334,0.4166666666666667,1,4
12,0.61,0.71,158.0,459,134,151,0,84,False,-1,none,0.3,0.84,0.81,0.6,0.79,0.52,0.5428571428571428,1.0,0.0,47,89,0.75,0.9130434782608695,0.08695652173913043,0,15,0.8,0.8,0.2,0,0
12,0.62,0.77,186.0,453,114,141,0,88,False,-1,none,0.3,0.82,0.8,0.5,0.75,0.45,0.5285714285714286,1.0,0.0,39,84,0.8,0.88,0.12,5,10,0.9,0.6666666666666666,0.3333333333333333,1,2
12,0.67,0.82,192.0,448,116,160,0,62,False,-1,none,0.3,0.79,0.84,0.6,0.76,0.59,0.6428571428571429,1.0,0.0,41,96,0.6,0.8333333333333334,0.16666666666666666,5,12,1.0,0.7777777777777778,0.2222222222222222,2,4
12,0.59,0.67,166.0,463,118,141,0,69,False,-1,none,0.3,0.76,0.74,0.55,0.74,0.47,0.5142857142857142,1.0,0.0,42,80,0.75,0.8823529411764706,0.11764705882352941,5,9,0.8,0.5714285714285714,0.42857142857142855,3,2
12,0.68,0.76,196.0,454,114,170,0,80,False,-1,none,0.3,0.84,0.86,0.56,0.77,0.57,0.6571428571428571,1.0,0.0,46,94,0.7,0.6666666666666666,0.3333333333333333,14,10,0.8,0.5833333333333334,0.4166666666666667,2,4
12,0.6,0.69,174.0,461,131,160,0,65,False,-1,none,0.3,0.81,0.79,0.59,0.8,0.61,0.5428571428571428,1.0,0.0,36,94,0.75,0.8421052631578947,0.15789473684210525,5,16,0.7,0.5,0.5,6,3
12,0.7,0.87,216.0,443,108,163,0,82,True,3,Shigh,0.3,0.85,0.84,0.64,0.69,0.56,0.6428571428571429,1.0,0.0,55,84,0.75,0.64,0.36,6,12,1.0,0.6470588235294118,0.35294117647058826,1,5
12,0.6,0.69,174.0,461,108,141,0,77,False,-1,none,0.3,0.74,0.71,0.54,0.71,0.48,0.4857142857142857,1.0,0.0,38,77,0.9,0.7,0.3,9,12,0.8,0.8,0.2,2,3
12,0.6,0.67,170.0,463,109,153,0,81,False,-1,none,0.3,0.79,0.8,0.48,0.71,0.51,0.5714285714285714,1.0,0.0,45,84,0.7,0.7647058823529411,0.23529411764705882,7,11,0.6,0.5,0.5,3,3
12,0.63,0.78,186.2,452,111,142,0,89,True,1,Slow,0.3,0.8,0.77,0.51,0.73,0.5,0.5571428571428572,1.0,0.0,33,85,0.8,0.7142857142857143,0.2857142857142857,5,13,0.8,0.6428571428571429,0.35714285714285715,1,5
13,0.63,0.75,178.0,455,131,167,0,77,False,-1,none,0.3,0.88,0.88,0.62,0.83,0.52,0.5571428571428572,1.0,0.0,47,91,0.85,0.7916666666666666,0.20833333333333334,11,18,0.7,0.8333333333333334,0.16666666666666666,0,0
13,0.66,0.75,166.0,455,115,155,0,70,False,-1,none,0.3,0.78,0.81,0.51,0.75,0.6,0.6428571428571429,1.0,0.0,44,95,0.6,0.9375,0.0625,2,11,0.9,0.7857142857142857,0.21428571428571427,1,2
13,0.5,0.58,136.0,472,119,136,0,67,False,-1,none,0.3,0.73,0.74,0.48,0.67,0.51,0.4142857142857143,1.0,0.0,28,77,0.7,0.8333333333333334,0.16666666666666666,5,22,0.7,0.8181818181818182,0.18181818181818182,0,4
13,0.54,0.63,150.0,467,101,143,0,78,False,-1,none,0.3,0.71,0.73,0.47,0.7,0.46,0.5142857142857142,1.0,0.0,37,85,0.5,0.7857142857142857,0.21428571428571427,6,13,0.8,0.7692307692307693,0.23076923076923078,0,2
13,0.67,0.77,190.0,453,101,182,0,80,False,-1,none,0.3,0.77,0.82,0.61,0.79,0.61,0.6285714285714286,1.0,0.0,56,101,0.75,0.782608695652174,0.21739130434782608,10,12,0.8,0.6,0.4,1,2
13,0.66,0.76,176.0,454,105,166,0,68,False,-1,none,0.3,0.8,0.8,0.59,0.77,0.51,0.5857142857142857,1.0,0.0,46,90,0.9,0.875,0.125,6,20,0.7,0.7272727272727273,0.2727272727272727,3,1
13,0.69,0.81,190.0,449,91,176,0,77,False,-1,none,0.3,0.81,0.82,0.52,0.74,0.59,0.7,1.0,0.0,55,98,0.6,0.8235294117647058,0.17647058823529413,5,12,0.8,0.7333333333333333,0.26666666666666666,2,4
13,0.73,0.88,220.0,442,120,180,0,82,False,-1,none,0.3,0.88,0.89,0.64,0.88,0.59,0.6857142857142857,1.0,0.0,45,109,0.75,0.7368421052631579,0.2631578947368421,10,8,1.0,0.7142857142857143,0.2857142857142857,2,6
13,0.59,0.66,160.0,464,116,166,0,62,False,-1,none,0.3,0.8,0.79,0.56,0.75,0.58,0.5571428571428572,1.0,0.0,44,95,0.6,0.7333333333333333,0.26666666666666666,7,15,0.8,0.75,0.25,1,4
13,0.58,0.66,160.0,464,104,166,0,84,False,-1,none,0.3,0.77,0.74,0.55,0.72,0.58,0.5571428571428572,1.0,0.0,48,87,0.7,0.7058823529411765,0.29411764705882354,14,13,0.5,0.8,0.2,2,2
13,0.63,0.73,174.0,457,130,162,0,80,False,-1,none,0.3,0.84,0.88,0.56,0.81,0.56,0.6,1.0,0.0,37,97,0.65,0.875,0.125,5,16,0.8,0.6666666666666666,0.3333333333333333,4,3
13,0.6,0.69,174.0,461,109,173,0,59,False,-1,none,0.3,0.8,0.78,0.62,0.75,0.56,0.5142857142857142,1.0,0.0,46,92,0.85,0.7142857142857143,0.2857142857142857,11,18,0.7,0.75,0.25,3,3
13,0.69,0.83,202.0,447,110,159,0,88,False,-1,none,0.3,0.83,0.84,0.48,0.81,0.56,0.6142857142857143,1.0,0.0,36,101,0.85,0.8333333333333334,0.16666666666666666,7,13,0.9,0.6875,0.3125,1,1
13,0.64,0.8,188.0,450,96,148,0,81,False,-1,none,0.3,0.75,0.74,0.54,0.73,0.48,0.6142857142857143,1.0,0.0,35,83,0.75,0.875,0.125,4,20,0.6,0.6666666666666666,0.3333333333333333,4,2
13,0.71,0.84,204.0,446,104,188,0,64,False,-1,none,0.3,0.84,0.86,0.61,0.79,0.66,0.6571428571428571,1.0,0.0,58,101,0.8,0.8181818181818182,0.18181818181818182,5,19,0.9,0.6875,0.3125,3,2
13,0.56,0.66,164.8,464,121,144,0,79,True,4,Shigh,0.3,0.77,0.78,0.46,0.76,0.54,0.4714285714285714,1.0,0.0,33,93,0.65,0.5882352941176471,0.4117647058823529,6,7,1.0,0.8125,0.1875,1,4
13,0.64,0.74,184.0,456,106,170,0,75,False,-1,none,0.3,0.81,0.83,0.54,0.78,0.54,0.6,1.0,0.0,55,93,0.75,0.7368421052631579,0.2631578947368421,6,15,0.7,0.6923076923076923,0.3076923076923077,1,0
13,0.68,0.78,176.4,452,128,152,0,87,True,4,Shigh,0.3,0.85,0.83,0.58,0.78,0.54,0.6428571428571429,1.0,0.0,41,91,0.8,0.85,0.15,5,13,0.7,0.7692307692307693,0.23076923076923078,0,2
13,0.63,0.79,190.0,451,115,153,0,73,False,-1,none,0.3,0.79,0.77,0.58,0.78,0.55,0.5857142857142857,1.0,0.0,35,92,0.7,0.8095238095238095,0.19047619047619047,9,12,0.8,0.75,0.25,2,3
13,0.61,0.74,180.0,456,102,155,0,74,False,-1,none,0.3,0.78,0.77,0.51,0.75,0.5,0.6142857142857143,1.0,0.0,43,87,0.55,0.7777777777777778,0.2222222222222222,8,16,0.7,0.6923076923076923,0.3076923076923077,0,1
13,0.63,0.73,158.0,457,120,168,0,69,False,-1,none,0.3,0.82,0.83,0.59,0.77,0.6,0.6,1.0,0.0,45,99,0.75,0.8947368421052632,0.10526315789473684,5,17,0.6,0.9166666666666666,0.08333333333333333,0,2
13,0.56,0.7,164.0,460,107,153,0,75,False,-1,none,0.3,0.79,0.76,0.5,0.73,0.52,0.5428571428571428,1.0,0.0,41,93,0.5,0.8666666666666667,0.13333333333333333,2,12,0.8,0.7647058823529411,0.23529411764705882,2,3
14,0.61,0.75,177.0,455,113,143,0,79,True,4,Shigh,0.3,0.75,0.76,0.5,0.72,0.58,0.5571428571428572,1.0,0.0,36,90,0.75,0.75,0.25,3,9,0.7,0.75,0.25,2,3
14,0.59,0.75,193.6,455,114,151,0,80,True,2,Slow,0.3,0.83,0.78,0.54,0.74,0.51,0.5142857142857142,1.0,0.0,39,85,0.8,0.68,0.32,12,12,0.7,0.6153846153846154,0.38461538461538464,0,3
14,0.67,0.82,188.0,448,117,150,0,96,False,-1,none,0.3,0.8,0.86,0.54,0.76,0.53,0.6142857142857143,1.0,0.0,40,90,0.8,0.8846153846153846,0.11538461538461539,0,18,0.8,0.7692307692307693,0.23076923076923078,0,2
14,0.71,0.88,208.0,442,102,172,0,73,False,-1,none,0.3,0.84,0.81,0.63,0.79,0.55,0.6714285714285714,1.0,0.0,57,94,0.75,0.88,0.12,4,10,0.9,0.6875,0.3125,3,4
14,0.69,0.84,192.0,446,104,174,0,78,False,-1,none,0.3,0.84,0.87,0.53,0.8,0.58,0.7,1.0,0.0,49,99,0.55,0.8888888888888888,0.1111111111111111,3,14,0.9,0.7647058823529411,0.23529411764705882,2,7
14,0.71,0.84,186.2,446,117,169,0,65,True,2,Slow,0.3,0.85,0.85,0.57,0.79,0.64,0.7,1.0,0.0,39,103,0.7,0.7368421052631579,0.2631578947368421,10,15,0.8,0.7692307692307693,0.23076923076923078,2,0
14,0.6,0.71,174.0,459,105,169,0,70,False,-1,none,0.3,0.77,0.79,0.59,0.75,0.55,0.5428571428571428,1.0,0.0,48,92,0.7,0.7894736842105263,0.21052631578947367,6,17,0.8,0.7142857142857143,0.2857142857142857,3,3
14,0.61,0.76,168.0,454,100,159,0,85,False,-1,none,0.3,0.82,0.75,0.48,0.79,0.51,0.5571428571428572,1.0,0.0,44,89,0.75,0.9565217391304348,0.043478260869565216,2,18,0.7,0.7857142857142857,0.21428571428571427,0,6
14,0.55,0.64,152.0,466,105,146,0,70,False,-1,none,0.3,0.69,0.72,0.55,0.69,0.5,0.5142857142857142,1.0,0.0,44,85,0.55,0.7692307692307693,0.23076923076923078,3,9,0.8,0.8,0.2,2,3
14,0.59,0.65,162.0,465,103,150,0,77,False,-1,none,0.3,0.75,0.74,0.48,0.72,0.49,0.6,1.0,0.0,44,86,0.55,0.7857142857142857,0.21428571428571427,8,8,0.6,0.4444444444444444,0.5555555555555556,1,3
14,0.66,0.85,193.0,445,121,150,0,89,True,4,Shigh,0.3,0.87,0.86,0.63,0.73,0.47,0.6285714285714286,1.0,0.0,46,85,0.85,0.7857142857142857,0.21428571428571427,5,11,0.5,0.8461538461538461,0.15384615384615385,0,3
14,0.68,0.78,192.0,452,108,172,0,82,False,-1,none,0.3,0.86,0.82,0.59,0.77,0.54,0.6285714285714286,1.0,0.0,52,93,0.8,0.7,0.3,10,14,0.8,0.7857142857142857,0.21428571428571427,0,3
14,0.67,0.82,212.0,448,93,171,0,74,False,-1,none,0.3,0.8,0.81,0.53,0.81,0.51,0.6142857142857143,1.0,0.0,47,92,0.7,0.7142857142857143,0.2857142857142857,10,13,1.0,0.6666666666666666,0.3333333333333333,4,5
14,0.59,0.7,168.0,460,103,142,0,60,False,-1,none,0.3,0.72,0.74,0.5,0.71,0.48,0.5571428571428572,1.0,0.0,38,83,0.6,0.8947368421052632,0.10526315789473684,5,9,0.8,0.5833333333333334,0.4166666666666667,3,4
14,0.56,0.62,140.0,468,154,159,0,75,False,-1,none,0.3,0.87,0.86,0.61,0.8,0.61,0.5142857142857142,1.0,0.0,37,104,0.7,0.8947368421052632,0.10526315789473684,2,15,0.6,0.7142857142857143,0.2857142857142857,0,1
14,0.64,0.75,190.0,455,116,159,0,80,False,-1,none,0.3,0.77,0.82,0.56,0.81,0.54,0.5857142857142857,1.0,0.0,35,92,0.75,0.8095238095238095,0.19047619047619047,10,16,0.8,0.5384615384615384,0.46153846153846156,2,4
14,0.69,0.84,179.79999999999998,446,101,173,0,67,True,2,Slow,0.3,0.78,0.82,0.6,0.78,0.6,0.6571428571428571,1.0,0.0,46,93,0.8,0.782608695652174,0.21739130434782608,8,20,0.7,0.8666666666666667,0.13333333333333333,2,4
14,0.68,0.83,198.0,447,115,185,0,77,False,-1,none,0.3,0.83,0.87,0.62,0.85,0.66,0.6285714285714286,1.0,0.0,50,104,0.8,0.8260869565217391,0.17391304347826086,5,21,0.8,0.75,0.25,1,4
14,0.67,0.8,184.0,450,83,156,0,76,False,-1,none,0.3,0.75,0.75,0.48,0.74,0.47,0.6571428571428571,1.0,0.0,47,81,0.65,0.9,0.1,3,19,0.8,0.7142857142857143,0.2857142857142857,3,3
14,0.68,0.81,194.0,449,113,180,0,71,False,-1,none,0.3,0.82,0.85,0.57,0.84,0.66,0.6285714285714286,1.0,0.0,45,107,0.85,0.8846153846153846,0.11538461538461539,6,16,0.7,0.5454545454545454,0.45454545454545453,4,2
14,0.62,0.71,174.0,459,108,163,0,78,False,-1,none,0.3,0.78,0.81,0.47,0.78,0.58,0.5428571428571428,1.0,0.0,42,96,0.8,0.8,0.2,5,17,0.8,0.6923076923076923,0.3076923076923077,0,3
14,0.72,0.87,214.0,443,111,172,0,75,False,-1,none,0.3,0.87,0.84,0.62,0.82,0.55,0.6714285714285714,1.0,0.0,50,93,0.8,0.76,0.24,8,16,0.9,0.7333333333333333,0.26666666666666666,2,3
15,0.61,0.76,196.0,454,122,168,0,74,False,-1,none,0.3,0.83,0.85,0.57,0.81,0.6,0.5428571428571428,1.0,0.0,42,102,0.65,0.8125,0.1875,6,10,1.0,0.6363636363636364,0.36363636363636365,4,4
15,0.62,0.7,180.0,460,113,173,0,69,False,-1,none,0.3,0.8,0.8,0.53,0.8,0.63,0.5857142857142857,1.0,0.0,43,101,0.7,0.6,0.4,8,14,0.7,0.7142857142857143,0.2857142857142857,3,4
15,0.65,0.78,188.0,452,87,152,0,78,False,-1,none,0.3,0.74,0.7,0.48,0.7,0.55,0.6428571428571429,1.0,0.0,44,87,0.6,0.7777777777777778,0.2222222222222222,5,10,0.8,0.7333333333333333,0.26666666666666666,2,4
15,0.59,0.69,170.0,461,109,162,0,75,False,-1,none,0.3,0.81,0.82,0.5,0.78,0.49,0.5714285714285714,1.0,0.0,49,88,0.55,0.8125,0.1875,4,14,0.8,0.6153846153846154,0.38461538461538464,2,5
15,0.72,0.85,206.0,445,99,158,0,73,False,-1,none,0.3,0.8,0.77,0.58,0.75,0.52,0.6714285714285714,1.0,0.0,48,87,0.85,0.7727272727272727,0.22727272727272727,8,12,0.8,0.75,0.25,1,2
15,0.61,0.74,180.0,456,121,149,0,86,False,-1,none,0.3,0.78,0.8,0.59,0.74,0.53,0.5428571428571428,1.0,0.0,33,90,0.75,0.9130434782608695,0.08695652173913043,5,14,0.8,0.5384615384615384,0.46153846153846156,5,2
15,0.65,0.8,196.0,450,106,160,0,74,False,-1,none,0.3,0.83,0.77,0.54,0.75,0.57,0.6142857142857143,1.0,0.0,43,94,0.7,0.85,0.15,5,14,0.8,0.6470588235294118,0.35294117647058826,1,3
15,0.73,0.9,216.0,440,101,165,0,64,False,-1,none,0.3,0.82,0.83,0.56,0.77,0.58,0.7,1.0,0.0,50,93,0.7,0.8095238095238095,0.19047619047619047,3,12,1.0,0.75,0.25,1,6
15,0.64,0.78,184.0,452,110,146,0,76,False,-1,none,0.3,0.8,0.78,0.52,0.7,0.54,0.5571428571428572,1.0,0.0,47,79,0.75,0.8,0.2,7,11,1.0,0.8421052631578947,0.15789473684210525,0,2
15,0.68,0.85,204.4,445,116,160,0,99,True,3,Shigh,0.3,0.86,0.91,0.48,0.81,0.55,0.6,1.0,0.0,51,95,0.85,0.7037037037037037,0.2962962962962963,5,5,0.9,0.625,0.375,2,2
15,0.63,0.81,170.79999999999998,449,107,155,0,67,True,0,Slow,0.3,0.78,0.75,0.58,0.74,0.58,0.6142857142857143,1.0,0.0,43,91,0.6,0.85,0.15,3,15,0.8,0.75,0.25,0,3
15,0.6,0.73,168.6,457,143,140,0,74,True,4,Shigh,0.3,0.84,0.84,0.61,0.75,0.52,0.5142857142857142,1.0,0.0,32,91,0.8,0.782608695652174,0.21739130434782608,5,10,0.8,0.8571428571428571,0.14285714285714285,1,1
15,0.69,0.85,218.0,445,97,169,0,79,False,-1,none,0.3,0.83,0.83,0.51,0.79,0.55,0.6428571428571429,1.0,0.0,42,95,0.8,0.72,0.28,13,15,0.8,0.6666666666666666,0.3333333333333333,3,1
15,0.65,0.84,196.0,446,107,173,0,71,False,-1,none,0.3,0.84,0.81,0.62,0.82,0.55,0.6,1.0,0.0,51,95,0.75,0.92,0.08,3,16,0.8,0.7058823529411765,0.29411764705882354,2,6
15,0.63,0.79,194.0,451,112,166,0,68,False,-1,none,0.3,0.82,0.83,0.57,0.72,0.63,0.5857142857142857,1.0,0.0,49,93,0.65,0.8,0.2,5,14,0.9,0.7222222222222222,0.2777777777777778,3,2
15,0.62,0.77,178.0,453,115,149,0,84,False,-1,none,0.3,0.82,0.79,0.54,0.78,0.48,0.5285714285714286,1.0,0.0,41,84,0.9,0.8888888888888888,0.1111111111111111,2,19,0.7,0.7692307692307693,0.23076923076923078,0,3
15,0.63,0.72,184.0,458,116,162,0,80,False,-1,none,0.3,0.82,0.83,0.51,0.78,0.56,0.5857142857142857,1.0,0.0,47,91,0.75,0.7894736842105263,0.21052631578947367,7,15,0.7,0.5,0.5,0,2
15,0.66,0.78,188.0,452,95,165,0,82,False,-1,none,0.3,0.8,0.78,0.54,0.73,0.53,0.6142857142857143,1.0,0.0,51,85,0.75,0.75,0.25,10,16,0.8,0.8,0.2,1,2
15,0.61,0.68,164.0,462,109,144,0,74,False,-1,none,0.3,0.75,0.72,0.51,0.73,0.5,0.6285714285714286,1.0,0.0,43,83,0.5,0.9230769230769231,0.07692307692307693,2,13,0.7,0.45454545454545453,0.5454545454545454,0,3
15,0.69,0.83,202.0,447,91,170,0,71,False,-1,none,0.3,0.8,0.8,0.52,0.75,0.57,0.6285714285714286,1.0,0.0,48,92,0.8,0.782608695652174,0.21739130434782608,7,16,0.9,0.75,0.25,2,5
15,0.67,0.78,196.0,452,108,168,0,76,False,-1,none,0.3,0.79,0.83,0.48,0.8,0.64,0.6142857142857143,1.0,0.0,38,102,0.75,0.7,0.3,12,13,0.9,0.7333333333333333,0.26666666666666666,1,2
15,0.69,0.8,180.6,450,121,153,0,86,True,2,Slow,0.3,0.83,0.84,0.57,0.77,0.53,0.6571428571428571,1.0,0.0,36,91,0.7,0.7222222222222222,0.2777777777777778,7,14,0.9,0.7857142857142857,0.21428571428571427,0,5
16,0.66,0.78,196.0,452,113,175,0,79,False,-1,none,0.3,0.83,0.85,0.56,0.85,0.57,0.6142857142857143,1.0,0.0,42,99,0.7,0.8095238095238095,0.19047619047619047,7,22,0.9,0.5714285714285714,0.42857142857142855,2,3
16,0.63,0.75,174.0,455,112,175,0,83,False,-1,none,0.3,0.81,0.83,0.59,0.84,0.55,0.6142857142857143,1.0,0.0,46,101,0.7,0.95,0.05,2,20,0.6,0.5833333333333334,0.4166666666666667,3,3
16,0.56,0.65,150.0,465,129,143,0,68,False,-1,none,0.3,0.78,0.76,0.54,0.73,0.56,0.5,1.0,0.0,29,90,0.8,0.9090909090909091,0.09090909090909091,4,18,0.5,0.625,0.375,0,2
16,0.64,0.76,180.0,454,105,163,0,81,False,-1,none,0.3,0.83,0.78,0.58,0.71,0.54,0.6285714285714286,1.0,0.0,46,87,0.6,0.9444444444444444,0.05555555555555555,2,21,0.8,0.5714285714285714,0.42857142857142855,3,4
16,0.67,0.85,189.79999999999998,445,111,170,0,74,True,0,Slow,0.3,0.83,0.84,0.57,0.8,0.62,0.6,1.0,0.0,38,99,0.8,0.782608695652174,0.21739130434782608,8,21,0.9,0.7894736842105263,0.21052631578947367,1,3
16,0.67,0.82,184.4,448,111,159,0,83,True,4,Shigh,0.3,0.84,0.84,0.6,0.75,0.49,0.6428571428571429,1.0,0.0,51,85,0.7,0.875,0.125,4,14,0.8,0.7692307692307693,0.23076923076923078,1,4
16,0.56,0.68,168.0,462,120,171,0,81,False,-1,none,0.3,0.83,0.81,0.6,0.79,0.56,0.5285714285714286,1.0,0.0,40,95,0.7,0.6818181818181818,0.3181818181818182,15,19,0.5,0.8888888888888888,0.1111111111111111,0,2
16,0.63,0.76,188.0,454,119,168,0,77,False,-1,none,0.3,0.84,0.83,0.55,0.83,0.58,0.5714285714285714,1.0,0.0,33,101,0.75,0.8571428571428571,0.14285714285714285,7,18,0.8,0.6,0.4,4,5
16,0.68,0.83,196.6,447,110,163,0,74,True,4,Shigh,0.3,0.83,0.8,0.58,0.79,0.56,0.6285714285714286,1.0,0.0,42,94,0.8,0.8636363636363636,0.13636363636363635,6,14,0.8,0.6470588235294118,0.35294117647058826,4,3
16,0.68,0.8,161.39999999999998,450,110,163,0,77,True,1,Slow,0.3,0.82,0.82,0.56,0.79,0.54,0.6714285714285714,1.0,0.0,41,90,0.75,0.8636363636363636,0.13636363636363635,7,22,0.6,0.8,0.2,1,2
16,0.56,0.68,164.0,462,92,152,0,63,False,-1,none,0.3,0.72,0.72,0.49,0.7,0.49,0.5142857142857142,1.0,0.0,39,84,0.55,0.875,0.125,6,17,0.9,0.6875,0.3125,3,3
16,0.46,0.52,132.0,478,136,139,0,78,False,-1,none,0.3,0.77,0.79,0.45,0.73,0.53,0.38571428571428573,1.0,0.0,24,85,0.55,0.8666666666666667,0.13333333333333333,4,20,0.8,0.5,0.5,1,5
16,0.65,0.75,170.0,455,130,162,0,78,False,-1,none,0.3,0.87,0.85,0.6,0.77,0.58,0.6,1.0,0.0,43,92,0.75,0.9473684210526315,0.05263157894736842,2,19,0.8,0.7142857142857143,0.2857142857142857,2,4
16,0.6,0.73,162.0,457,105,153,0,79,False,-1,none,0.3,0.79,0.76,0.48,0.71,0.57,0.5857142857142857,1.0,0.0,43,91,0.6,0.9473684210526315,0.05263157894736842,0,16,0.7,0.7692307692307693,0.23076923076923078,1,2
16,0.58,0.68,180.0,462,111,171,0,70,False,-1,none,0.3,0.78,0.79,0.55,0.74,0.64,0.5142857142857142,1.0,0.0,40,102,0.75,0.7,0.3,9,16,0.7,0.5833333333333334,0.4166666666666667,1,3
16,0.65,0.76,168.0,454,110,167,0,87,False,-1,none,0.3,0.83,0.85,0.52,0.81,0.52,0.6428571428571429,1.0,0.0,46,96,0.7,0.9047619047619048,0.09523809523809523,3,18,0.6,0.8,0.2,2,2
16,0.71,0.85,202.0,445,98,182,0,80,False,-1,none,0.3,0.83,0.84,0.63,0.74,0.61,0.6857142857142857,1.0,0.0,52,96,0.7,0.7727272727272727,0.22727272727272727,8,17,0.9,0.8,0.2,2,7
16,0.66,0.83,198.0,447,91,180,0,76,False,-1,none,0.3,0.8,0.84,0.55,0.74,0.61,0.6142857142857143,1.0,0.0,51,93,0.75,0.9090909090909091,0.09090909090909091,4,23,0.8,0.6666666666666666,0.3333333333333333,4,5
16,0.7,0.88,188.0,442,103,180,0,94,False,-1,none,0.3,0.88,0.88,0.58,0.8,0.57,0.6714285714285714,1.0,0.0,52,94,0.7,0.9545454545454546,0.045454545454545456,1,25,0.9,0.8947368421052632,0.10526315789473684,2,6
16,0.62,0.74,150.4,456,93,157,0,76,True,2,Slow,0.3,0.79,0.76,0.5,0.74,0.45,0.6142857142857143,1.0,0.0,45,91,0.55,0.8823529411764706,0.11764705882352941,3,12,0.8,0.9285714285714286,0.07142857142857142,2,4
16,0.58,0.66,148.0,464,110,143,0,71,False,-1,none,0.3,0.73,0.72,0.53,0.71,0.5,0.5714285714285714,1.0,0.0,39,89,0.6,0.9444444444444444,0.05555555555555555,1,10,0.6,0.625,0.375,2,2
16,0.65,0.81,190.0,449,109,167,0,93,False,-1,none,0.3,0.85,0.84,0.47,0.83,0.58,0.5714285714285714,1.0,0.0,41,102,0.8,0.9130434782608695,0.08695652173913043,5,16,0.9,0.7222222222222222,0.2777777777777778,2,1
17,0.62,0.75,174.0,455,117,153,0,80,False,-1,none,0.3,0.81,0.77,0.58,0.74,0.55,0.5428571428571428,1.0,0.0,33,91,0.8,0.85,0.15,7,14,0.8,0.8235294117647058,0.17647058823529413,6,2
17,0.58,0.73,174.0,457,106,153,0,83,False,-1,none,0.3,0.81,0.78,0.51,0.73,0.49,0.5571428571428572,1.0,0.0,43,92,0.75,0.8518518518518519,0.14814814814814814,4,11,0.4,0.5714285714285714,0.42857142857142855,2,1
17,0.69,0.82,204.0,448,110,167,0,71,False,-1,none,0.3,0.8,0.82,0.6,0.75,0.62,0.6285714285714286,1.0,0.0,47,91,0.8,0.7083333333333334,0.2916666666666667,10,13,0.9,0.7857142857142857,0.21428571428571427,2,4
17,0.68,0.82,200.0,448,107,167,0,79,False,-1,none,0.3,0.84,0.8,0.61,0.74,0.57,0.6142857142857143,1.0,0.0,41,92,0.9,0.7692307692307693,0.23076923076923078,16,13,0.7,0.7692307692307693,0.23076923076923078,0,5
17,0.66,0.78,184.0,452,108,164,0,85,False,-1,none,0.3,0.83,0.85,0.49,0.8,0.53,0.6571428571428571,1.0,0.0,45,95,0.65,0.8,0.2,6,13,0.7,0.75,0.25,1,4
17,0.66,0.79,194.0,451,113,175,0,78,False,-1,none,0.3,0.81,0.84,0.55,0.83,0.64,0.6285714285714286,1.0,0.0,47,104,0.75,0.8095238095238095,0.19047619047619047,3,14,0.7,0.6428571428571429,0.35714285714285715,4,3
17,0.69,0.84,192.0,446,104,145,0,87,False,-1,none,0.3,0.78,0.76,0.53,0.76,0.5,0.6285714285714286,1.0,0.0,42,85,0.8,0.8888888888888888,0.1111111111111111,5,9,0.9,0.7692307692307693,0.23076923076923078,1,3
17,0.57,0.65,166.0,465,112,150,0,68,False,-1,none,0.3,0.75,0.75,0.55,0.69,0.53,0.5857142857142857,1.0,0.0,42,92,0.5,0.7692307692307693,0.23076923076923078,4,7,0.6,0.45454545454545453,0.5454545454545454,2,3
17,0.66,0.77,182.4,453,129,147,0,82,True,4,Shigh,0.3,0.84,0.82,0.54,0.79,0.54,0.5428571428571428,1.0,0.0,35,89,0.95,0.7777777777777778,0.2222222222222222,8,13,0.9,0.8333333333333334,0.16666666666666666,0,2
17,0.7,0.76,180.0,454,106,171,0,72,False,-1,none,0.3,0.8,0.8,0.59,0.73,0.61,0.6428571428571429,1.0,0.0,53,89,0.95,0.7916666666666666,0.20833333333333334,8,21,0.6,0.7142857142857143,0.2857142857142857,0,0
17,0.66,0.81,194.0,449,115,156,0,73,False,-1,none,0.3,0.82,0.8,0.6,0.76,0.54,0.5714285714285714,1.0,0.0,45,89,0.85,0.8260869565217391,0.17391304347826086,8,10,0.9,0.7777777777777778,0.2222222222222222,2,2
17,0.59,0.72,172.0,458,91,166,0,76,False,-1,none,0.3,0.77,0.77,0.55,0.68,0.52,0.5428571428571428,1.0,0.0,50,85,0.8,0.8,0.2,11,16,0.5,0.7777777777777778,0.2222222222222222,2,2
17,0.65,0.82,192.0,448,109,166,0,83,False,-1,none,0.3,0.82,0.87,0.57,0.8,0.51,0.5857142857142857,1.0,0.0,48,97,0.85,0.8888888888888888,0.1111111111111111,5,12,0.7,0.7142857142857143,0.2857142857142857,2,2
17,0.63,0.72,168.0,458,117,155,0,71,False,-1,none,0.3,0.8,0.78,0.6,0.77,0.49,0.6142857142857143,1.0,0.0,42,90,0.65,0.7777777777777778,0.2222222222222222,5,13,0.7,0.8181818181818182,0.18181818181818182,0,5
17,0.58,0.69,186.0,461,115,161,0,75,False,-1,none,0.3,0.8,0.79,0.52,0.78,0.56,0.5142857142857142,1.0,0.0,36,95,0.65,0.7058823529411765,0.29411764705882354,11,10,0.9,0.5625,0.4375,5,4
17,0.51,0.63,166.0,467,126,144,0,77,False,-1,none,0.3,0.76,0.78,0.51,0.76,0.52,0.45714285714285713,1.0,0.0,30,93,0.5,0.5,0.5,8,7,0.9,0.7894736842105263,0.21052631578947367,1,5
17,0.67,0.73,178.0,457,123,176,0,68,False,-1,none,0.3,0.84,0.85,0.6,0.8,0.63,0.6428571428571429,1.0,0.0,44,102,0.7,0.6875,0.3125,9,17,0.8,0.75,0.25,2,2
17,0.66,0.76,180.0,454,107,172,0,75,False,-1,none,0.3,0.77,0.84,0.56,0.79,0.59,0.6,1.0,0.0,46,98,0.85,0.8260869565217391,0.17391304347826086,9,15,0.7,0.7272727272727273,0.2727272727272727,2,2
17,0.74,0.84,196.0,446,99,169,0,88,False,-1,none,0.3,0.87,0.85,0.5,0.8,0.5,0.7142857142857143,1.0,0.0,55,92,0.8,0.7727272727272727,0.22727272727272727,9,11,0.8,0.8333333333333334,0.16666666666666666,0,2
17,0.66,0.81,198.0,449,99,177,0,63,False,-1,none,0.3,0.81,0.78,0.56,0.82,0.6,0.6,1.0,0.0,52,97,0.7,0.8571428571428571,0.14285714285714285,6,17,1.0,0.6666666666666666,0.3333333333333333,3,2
17,0.64,0.75,182.0,455,110,166,0,74,False,-1,none,0.3,0.8,0.79,0.57,0.81,0.54,0.6285714285714286,1.0,0.0,44,101,0.65,0.7777777777777778,0.2222222222222222,5,9,0.7,0.6923076923076923,0.3076923076923077,4,3
17,0.64,0.77,186.0,453,115,149,0,74,False,-1,none,0.3,0.77,0.78,0.53,0.75,0.58,0.5571428571428572,1.0,0.0,36,92,0.8,0.9130434782608695,0.08695652173913043,3,14,0.9,0.6,0.4,2,2
18,0.62,0.76,184.0,454,128,157,0,79,False,-1,none,0.3,0.83,0.83,0.57,0.79,0.59,0.5285714285714286,1.0,0.0,38,99,0.75,0.9047619047619048,0.09523809523809523,2,11,1.0,0.6666666666666666,0.3333333333333333,0,7
18,0.71,0.85,214.0,445,107,175,0,73,False,-1,none,0.3,0.86,0.85,0.61,0.74,0.61,0.6714285714285714,1.0,0.0,51,92,0.75,0.7727272727272727,0.22727272727272727,11,16,0.9,0.625,0.375,3,2
18,0.69,0.86,220.0,444,96,168,0,85,False,-1,none,0.3,0.8,0.81,0.56,0.73,0.6,0.6,1.0,0.0,39,97,0.85,0.7307692307692307,0.2692307692307692,15,15,1.0,0.7222222222222222,0.2777777777777778,0,2
18,0.61,0.76,188.8,454,110,140,0,84,True,4,Shigh,0.3,0.78,0.76,0.49,0.76,0.47,0.5571428571428572,1.0,0.0,35,87,0.7,0.7368421052631579,0.2631578947368421,6,10,0.8,0.6666666666666666,0.3333333333333333,1,1
18,0.63,0.69,174.0,461,103,162,0,86,False,-1,none,0.3,0.76,0.8,0.5,0.75,0.53,0.6285714285714286,1.0,0.0,50,95,0.75,0.6470588235294118,0.35294117647058826,7,8,0.4,0.625,0.375,0,2
18,0.74,0.92,196.79999999999998,438,103,174,0,71,True,1,Slow,0.3,0.81,0.86,0.63,0.79,0.6,0.7285714285714285,1.0,0.0,52,100,0.7,0.9523809523809523,0.047619047619047616,2,16,0.9,0.5882352941176471,0.4117647058823529,2,2
18,0.59,0.7,176.0,460,124,151,0,75,False,-1,none,0.3,0.8,0.78,0.55,0.75,0.57,0.5285714285714286,1.0,0.0,39,86,0.75,0.8636363636363636,0.13636363636363635,5,19,0.7,0.45454545454545453,0.5454545454545454,0,2
18,0.72,0.89,226.0,441,104,161,0,81,False,-1,none,0.3,0.82,0.78,0.59,0.8,0.55,0.6428571428571429,1.0,0.0,40,89,0.9,0.8666666666666667,0.13333333333333333,10,20,0.9,0.42857142857142855,0.5714285714285714,1,1
18,0.58,0.67,146.0,463,90,152,0,76,False,-1,none,0.3,0.69,0.75,0.51,0.67,0.47,0.5857142857142857,1.0,0.0,47,82,0.7,0.9047619047619048,0.09523809523809523,5,17,0.3,0.8,0.2,0,1
18,0.64,0.75,182.0,455,110,157,0,78,False,-1,none,0.3,0.81,0.77,0.59,0.73,0.52,0.6,1.0,0.0,47,89,0.7,0.8421052631578947,0.15789473684210525,7,11,0.8,0.6428571428571429,0.35714285714285715,0,3
18,0.64,0.8,180.0,450,109,163,0,68,False,-1,none,0.3,0.8,0.84,0.57,0.79,0.52,0.5714285714285714,1.0,0.0,47,92,0.85,0.88,0.12,4,17,0.7,0.8666666666666667,0.13333333333333333,1,2
18,0.69,0.8,180.8,450,119,166,0,85,True,3,Shigh,0.3,0.86,0.85,0.5,0.86,0.58,0.6714285714285714,1.0,0.0,47,102,0.75,0.8,0.2,5,11,0.7,0.7692307692307693,0.23076923076923078,0,1
18,0.55,0.67,166.0,463,116,148,0,74,False,-1,none,0.3,0.77,0.79,0.5,0.72,0.53,0.4714285714285714,1.0,0.0,38,85,0.8,0.8518518518518519,0.14814814814814814,8,15,0.6,0.42857142857142855,0.5714285714285714,0,2
18,0.72,0.85,186.0,445,119,181,0,75,False,-1,none,0.3,0.88,0.9,0.61,0.83,0.63,0.7142857142857143,1.0,0.0,58,104,0.7,1.0,0.0,0,16,0.8,0.75,0.25,2,1
18,0.66,0.77,194.0,453,100,169,0,69,False,-1,none,0.3,0.79,0.79,0.56,0.75,0.57,0.6,1.0,0.0,48,89,0.8,0.8636363636363636,0.13636363636363635,7,17,0.8,0.46153846153846156,0.5384615384615384,3,5
18,0.67,0.77,190.0,453,94,156,0,78,False,-1,none,0.3,0.77,0.74,0.55,0.72,0.49,0.6428571428571429,1.0,0.0,53,79,0.7,0.7894736842105263,0.21052631578947367,6,17,0.8,0.6153846153846154,0.38461538461538464,0,1
18,0.61,0.73,166.0,457,103,141,0,78,False,-1,none,0.3,0.75,0.74,0.47,0.74,0.47,0.5571428571428572,1.0,0.0,33,84,0.7,0.9130434782608695,0.08695652173913043,5,15,0.8,0.7272727272727273,0.2727272727272727,2,2
18,0.64,0.79,206.0,451,114,169,0,73,False,-1,none,0.3,0.82,0.83,0.55,0.77,0.65,0.6,1.0,0.0,44,102,0.7,0.75,0.25,5,14,0.8,0.5882352941176471,0.4117647058823529,1,3
18,0.65,0.9,196.2,440,119,145,0,71,True,1,Slow,0.3,0.84,0.82,0.59,0.75,0.54,0.5857142857142857,1.0,0.0,36,85,0.8,0.8666666666666667,0.13333333333333333,3,18,0.8,0.6666666666666666,0.3333333333333333,3,0
18,0.68,0.83,206.0,447,115,154,0,83,False,-1,none,0.3,0.85,0.81,0.51,0.8,0.55,0.6571428571428571,1.0,0.0,40,92,0.7,0.782608695652174,0.21739130434782608,6,13,0.8,0.6428571428571429,0.35714285714285715,0,3
18,0.64,0.81,194.0,449,111,154,0,79,False,-1,none,0.3,0.8,0.78,0.51,0.79,0.58,0.5285714285714286,1.0,0.0,36,93,0.9,0.9285714285714286,0.07142857142857142,3,19,0.9,0.625,0.375,1,2
18,0.59,0.71,162.0,459,111,160,0,78,False,-1,none,0.3,0.82,0.79,0.52,0.77,0.52,0.5714285714285714,1.0,0.0,41,98,0.75,0.875,0.125,3,17,0.4,0.7142857142857143,0.2857142857142857,0,1
19,0.64,0.76,192.0,454,94,168,0,57,False,-1,none,0.3,0.76,0.76,0.54,0.72,0.6,0.6571428571428571,1.0,0.0,48,95,0.55,0.8,0.2,3,13,0.7,0.5333333333333333,0.4666666666666667,4,5
19,0.62,0.73,190.0,457,96,169,0,72,False,-1,none,0.3,0.79,0.74,0.57,0.76,0.52,0.6,1.0,0.0,48,89,0.7,0.6666666666666666,0.3333333333333333,13,15,0.6,0.6153846153846154,0.38461538461538464,0,4
19,0.58,0.72,150.2,458,98,159,0,76,True,1,Slow,0.3,0.8,0.76,0.49,0.71,0.53,0.5571428571428572,1.0,0.0,39,97,0.6,0.8823529411764706,0.11764705882352941,4,13,0.7,0.8,0.2,0,6
19,0.6,0.72,184.0,458,101,159,0,73,False,-1,none,0.3,0.76,0.78,0.54,0.68,0.56,0.5428571428571428,1.0,0.0,40,91,0.75,0.7272727272727273,0.2727272727272727,11,13,0.7,0.6666666666666666,0.3333333333333333,2,2
19,0.58,0.77,166.0,453,104,164,0,65,False,-1,none,0.3,0.78,0.79,0.64,0.72,0.52,0.5142857142857142,1.0,0.0,48,85,0.75,0.9629629629629629,0.037037037037037035,3,25,0.7,0.8571428571428571,0.14285714285714285,0,3
19,0.57,0.68,168.0,462,124,151,0,72,False,-1,none,0.3,0.81,0.78,0.62,0.7,0.52,0.5142857142857142,1.0,0.0,37,88,0.7,0.8947368421052632,0.10526315789473684,5,17,0.7,0.5384615384615384,0.46153846153846156,1,3
19,0.59,0.67,158.0,463,106,164,0,78,False,-1,none,0.3,0.78,0.78,0.59,0.75,0.47,0.5571428571428572,1.0,0.0,42,88,0.7,0.8235294117647058,0.17647058823529413,9,19,0.6,0.7272727272727273,0.2727272727272727,3,3
19,0.57,0.7,188.0,460,112,137,0,66,False,-1,none,0.3,0.74,0.74,0.52,0.67,0.52,0.4714285714285714,1.0,0.0,36,78,0.7,0.7894736842105263,0.21052631578947367,5,13,1.0,0.5555555555555556,0.4444444444444444,2,3
19,0.66,0.83,202.0,447,102,170,0,90,False,-1,none,0.3,0.86,0.86,0.52,0.77,0.54,0.6285714285714286,1.0,0.0,50,96,0.8,0.7777777777777778,0.2222222222222222,10,13,0.6,0.75,0.25,0,1
19,0.61,0.77,167.0,453,104,143,0,71,True,0,Slow,0.3,0.77,0.77,0.5,0.66,0.54,0.6142857142857143,1.0,0.0,30,92,0.55,0.8235294117647058,0.17647058823529413,4,12,0.7,0.75,0.25,2,3
19,0.64,0.77,190.0,453,102,153,0,93,False,-1,none,0.3,0.83,0.79,0.48,0.75,0.47,0.5857142857142857,1.0,0.0,43,87,0.8,0.8260869565217391,0.17391304347826086,6,12,0.7,0.6153846153846154,0.38461538461538464,1,4
19,0.63,0.75,186.0,455,103,165,0,67,False,-1,none,0.3,0.78,0.79,0.53,0.74,0.59,0.5571428571428572,1.0,0.0,48,91,0.85,0.65,0.35,5,19,0.7,0.875,0.125,1,1
19,0.61,0.69,162.0,461,114,159,0,83,False,-1,none,0.3,0.81,0.79,0.5,0.75,0.57,0.5571428571428572,1.0,0.0,39,94,0.8,0.7368421052631579,0.2631578947368421,8,16,0.6,0.9090909090909091,0.09090909090909091,0,2
19,0.67,0.77,170.0,453,104,162,0,87,False,-1,none,0.3,0.79,0.76,0.6,0.75,0.53,0.6428571428571429,1.0,0.0,47,93,0.75,0.95,0.05,1,15,0.7,0.75,0.25,2,4
19,0.72,0.84,188.0,446,102,187,0,67,False,-1,none,0.3,0.83,0.84,0.62,0.81,0.63,0.6857142857142857,1.0,0.0,56,101,0.85,0.9166666666666666,0.08333333333333333,3,20,0.7,0.75,0.25,4,3
19,0.75,0.87,214.0,443,112,165,0,101,False,-1,none,0.3,0.85,0.9,0.57,0.77,0.55,0.6714285714285714,1.0,0.0,45,92,0.95,0.7916666666666666,0.20833333333333334,7,17,0.9,0.6875,0.3125,3,1
19,0.7,0.82,204.0,448,111,163,0,84,False,-1,none,0.3,0.84,0.85,0.51,0.81,0.55,0.6714285714285714,1.0,0.0,45,96,0.65,0.6875,0.3125,4,15,1.0,0.7368421052631579,0.2631578947368421,1,2
19,0.67,0.84,188.39999999999998,446,105,155,0,81,True,0,Slow,0.3,0.79,0.83,0.47,0.8,0.55,0.6142857142857143,1.0,0.0,40,92,0.75,0.7619047619047619,0.23809523809523808,7,12,0.9,0.7647058823529411,0.23529411764705882,1,3
19,0.68,0.8,192.0,450,101,170,0,64,False,-1,none,0.3,0.81,0.8,0.55,0.75,0.6,0.6142857142857143,1.0,0.0,52,91,0.8,0.8947368421052632,0.10526315789473684,0,19,0.9,0.6666666666666666,0.3333333333333333,3,5
19,0.69,0.93,211.6,437,126,168,0,88,True,2,Slow,0.3,0.91,0.9,0.57,0.88,0.61,0.6142857142857143,1.0,0.0,36,104,0.8,0.75,0.25,8,16,1.0,0.8181818181818182,0.18181818181818182,2,2
19,0.69,0.82,180.79999999999998,448,114,180,0,59,True,0,Slow,0.3,0.86,0.82,0.62,0.82,0.64,0.6571428571428571,1.0,0.0,47,106,0.75,0.7368421052631579,0.2631578947368421,6,19,0.8,0.7142857142857143,0.2857142857142857,1,1
19,0.69,0.81,169.59999999999997,449,100,163,0,76,True,1,Slow,0.3,0.8,0.81,0.51,0.74,0.58,0.7,1.0,0.0,45,93,0.6,0.7894736842105263,0.21052631578947367,8,15,0.8,0.7272727272727273,0.2727272727272727,0,2
20,0.66,0.8,192.0,450,100,159,0,86,False,-1,none,0.3,0.81,0.8,0.54,0.75,0.49,0.6285714285714286,1.0,0.0,46,87,0.7,0.75,0.25,9,11,0.8,0.8125,0.1875,3,3
20,0.62,0.75,162.0,455,97,168,0,70,False,-1,none,0.3,0.79,0.77,0.52,0.75,0.57,0.6142857142857143,1.0,0.0,46,98,0.65,0.9473684210526315,0.05263157894736842,1,21,0.6,0.8461538461538461,0.15384615384615385,0,2
20,0.53,0.68,166.0,462,110,143,0,64,True,3,Shigh,0.3,0.73,0.73,0.56,0.69,0.5,0.4714285714285714,1.0,0.0,40,84,0.6,0.7058823529411765,0.29411764705882354,3,7,0.8,0.6111111111111112,0.3888888888888889,5,4
20,0.59,0.67,166.0,463,125,139,0,74,False,-1,none,0.3,0.78,0.76,0.51,0.71,0.55,0.5428571428571428,1.0,0.0,31,89,0.85,0.8571428571428571,0.14285714285714285,3,11,0.4,0.375,0.625,4,1
20,0.57,0.71,166.0,459,109,142,0,68,False,-1,none,0.3,0.75,0.75,0.53,0.74,0.45,0.5571428571428572,1.0,0.0,36,81,0.7,0.9090909090909091,0.09090909090909091,5,16,0.4,0.6,0.4,1,3
20,0.56,0.7,172.0,460,123,149,0,78,False,-1,none,0.3,0.8,0.77,0.54,0.69,0.62,0.45714285714285713,1.0,0.0,32,95,0.7,0.8421052631578947,0.15789473684210525,5,13,1.0,0.7368421052631579,0.2631578947368421,0,4
20,0.62,0.75,182.0,455,125,170,0,80,False,-1,none,0.3,0.84,0.84,0.56,0.85,0.61,0.5571428571428572,1.0,0.0,39,98,0.7,0.7777777777777778,0.2222222222222222,9,17,0.9,0.7777777777777778,0.2222222222222222,4,3
20,0.65,0.75,178.0,455,101,146,0,83,False,-1,none,0.3,0.76,0.78,0.47,0.68,0.53,0.6285714285714286,1.0,0.0,41,85,0.65,0.875,0.125,3,14,0.8,0.6666666666666666,0.3333333333333333,2,1
20,0.68,0.8,204.0,450,103,167,0,85,False,-1,none,0.3,0.81,0.82,0.54,0.81,0.52,0.6,1.0,0.0,49,92,0.85,0.8571428571428571,0.14285714285714285,5,15,0.9,0.5294117647058824,0.47058823529411764,4,2
20,0.68,0.76,192.0,454,84,188,0,67,False,-1,none,0.3,0.82,0.78,0.49,0.78,0.61,0.6428571428571429,1.0,0.0,57,103,0.75,0.7368421052631579,0.2631578947368421,5,18,0.8,0.5833333333333334,0.4166666666666667,3,2
20,0.68,0.81,191.6,449,107,160,0,72,True,3,Shigh,0.3,0.79,0.79,0.61,0.78,0.51,0.6285714285714286,1.0,0.0,46,93,0.85,0.625,0.375,7,12,0.7,0.8461538461538461,0.15384615384615385,2,0
20,0.64,0.75,174.0,455,109,159,0,77,False,-1,none,0.3,0.8,0.79,0.59,0.76,0.49,0.5857142857142857,1.0,0.0,46,82,0.75,0.8571428571428571,0.14285714285714285,5,20,0.8,0.7692307692307693,0.23076923076923078,2,4
20,0.64,0.74,186.0,456,89,155,0,77,True,2,Slow,0.3,0.76,0.73,0.45,0.7,0.54,0.6142857142857143,1.0,0.0,43,85,0.7,0.6111111111111112,0.3888888888888889,10,14,0.7,0.6666666666666666,0.3333333333333333,1,2
20,0.67,0.74,176.0,456,122,159,0,75,False,-1,none,0.3,0.82,0.84,0.53,0.79,0.57,0.6428571428571429,1.0,0.0,36,98,0.75,0.8235294117647058,0.17647058823529413,6,16,0.7,0.6666666666666666,0.3333333333333333,1,2
20,0.64,0.78,204.0,452,104,169,0,64,False,-1,none,0.3,0.79,0.82,0.57,0.75,0.58,0.6142857142857143,1.0,0.0,46,96,0.6,0.7058823529411765,0.29411764705882354,6,12,0.9,0.6111111111111112,0.3888888888888889,5,4
20,0.57,0.64,176.0,466,129,154,0,78,False,-1,none,0.3,0.83,0.83,0.47,0.8,0.54,0.5285714285714286,1.0,0.0,38,93,0.6,0.5,0.5,8,12,0.8,0.6,0.4,1,2
20,0.66,0.8,187.8,450,95,159,0,76,True,3,Shigh,0.3,0.77,0.78,0.54,0.7,0.55,0.6142857142857143,1.0,0.0,46,94,0.75,0.72,0.28,9,9,0.8,0.6666666666666666,0.3333333333333333,0,1
20,0.63,0.78,172.0,452,104,162,0,76,False,-1,none,0.3,0.79,0.8,0.52,0.79,0.54,0.5714285714285714,1.0,0.0,39,97,0.75,0.9583333333333334,0.041666666666666664,2,18,0.8,0.7857142857142857,0.21428571428571427,3,3
20,0.57,0.72,168.0,458,104,151,0,78,False,-1,none,0.3,0.74,0.78,0.45,0.75,0.55,0.5285714285714286,1.0,0.0,34,93,0.6,0.8333333333333334,0.16666666666666666,4,14,0.8,0.8235294117647058,0.17647058823529413,1,5
20,0.63,0.74,162.59999999999997,456,92,158,0,86,True,1,Slow,0.3,0.78,0.77,0.51,0.74,0.44,0.6571428571428571,1.0,0.0,46,92,0.6,0.875,0.125,5,12,0.5,0.4,0.6,2,1
20,0.7,0.82,196.0,448,114,165,0,79,False,-1,none,0.3,0.86,0.84,0.62,0.74,0.55,0.6571428571428571,1.0,0.0,47,88,0.85,0.8260869565217391,0.17391304347826086,8,19,0.7,0.6923076923076923,0.3076923076923077,1,2
20,0.6,0.75,178.0,455,109,169,0,72,False,-1,none,0.3,0.77,0.81,0.59,0.77,0.59,0.5142857142857142,1.0,0.0,47,92,0.8,0.9130434782608695,0.08695652173913043,6,20,0.8,0.6875,0.3125,1,3
21,0.65,0.79,186.0,451,118,155,0,68,False,-1,none,0.3,0.8,0.83,0.58,0.78,0.53,0.6142857142857143,1.0,0.0,42,90,0.75,0.8095238095238095,0.19047619047619047,5,14,0.7,0.8,0.2,0,4
21,0.58,0.62,144.0,468,108,152,0,78,False,-1,none,0.3,0.76,0.76,0.49,0.71,0.5,0.6142857142857143,1.0,0.0,46,94,0.55,0.8333333333333334,0.16666666666666666,3,6,0.4,0.5714285714285714,0.42857142857142855,1,2
21,0.62,0.72,176.0,458,105,166,0,67,False,-1,none,0.3,0.8,0.79,0.52,0.74,0.58,0.5428571428571428,1.0,0.0,45,92,0.75,0.7894736842105263,0.21052631578947367,9,15,0.9,0.7333333333333333,0.26666666666666666,2,3
21,0.63,0.76,192.0,454,112,176,0,81,False,-1,none,0.3,0.82,0.85,0.47,0.85,0.65,0.6,1.0,0.0,48,99,0.75,0.7619047619047619,0.23809523809523808,3,22,0.6,0.6153846153846154,0.38461538461538464,1,3
21,0.65,0.77,190.0,453,98,162,0,73,False,-1,none,0.3,0.79,0.79,0.51,0.74,0.54,0.6285714285714286,1.0,0.0,45,90,0.65,0.8571428571428571,0.14285714285714285,5,17,0.8,0.5,0.5,2,3
21,0.67,0.79,206.0,451,109,162,0,75,False,-1,none,0.3,0.82,0.82,0.53,0.77,0.56,0.6285714285714286,1.0,0.0,42,91,0.75,0.7142857142857143,0.2857142857142857,12,12,0.8,0.5714285714285714,0.42857142857142855,1,4
21,0.55,0.6,160.0,470,116,155,0,69,False,-1,none,0.3,0.77,0.76,0.48,0.72,0.58,0.5428571428571428,1.0,0.0,35,96,0.6,0.6153846153846154,0.38461538461538464,9,11,0.5,0.4444444444444444,0.5555555555555556,0,4
21,0.55,0.7,180.0,460,123,143,0,74,False,-1,none,0.3,0.8,0.75,0.51,0.74,0.56,0.4857142857142857,1.0,0.0,29,90,0.65,0.7368421052631579,0.2631578947368421,8,13,0.8,0.7058823529411765,0.29411764705882354,0,3
21,0.62,0.72,173.6,458,123,152,0,73,True,0,Slow,0.3,0.82,0.8,0.53,0.76,0.56,0.5428571428571428,1.0,0.0,36,92,0.8,0.7368421052631579,0.2631578947368421,10,10,0.8,0.6,0.4,1,3
21,0.6,0.68,176.0,462,123,148,0,71,False,-1,none,0.3,0.79,0.8,0.59,0.75,0.46,0.6142857142857143,1.0,0.0,40,90,0.6,0.6875,0.3125,7,10,0.5,0.4444444444444444,0.5555555555555556,1,0
21,0.61,0.74,192.0,456,96,169,0,66,False,-1,none,0.3,0.73,0.77,0.51,0.76,0.62,0.6142857142857143,1.0,0.0,39,102,0.55,0.6,0.4,11,12,0.7,0.6875,0.3125,2,3
21,0.53,0.63,166.0,467,126,150,0,86,False,-1,none,0.3,0.75,0.78,0.5,0.74,0.62,0.4714285714285714,1.0,0.0,31,97,0.55,0.7857142857142857,0.21428571428571427,8,11,0.9,0.5625,0.4375,0,3
21,0.67,0.85,206.0,445,95,159,0,96,False,-1,none,0.3,0.81,0.8,0.55,0.77,0.46,0.5857142857142857,1.0,0.0,48,81,0.9,0.7777777777777778,0.2222222222222222,9,18,0.8,0.8235294117647058,0.17647058823529413,1,2
21,0.64,0.77,182.0,453,113,166,0,79,False,-1,none,0.3,0.81,0.85,0.53,0.77,0.6,0.6428571428571429,1.0,0.0,43,99,0.65,0.9,0.1,3,17,0.6,0.5833333333333334,0.4166666666666667,1,3
21,0.6,0.77,190.0,453,95,152,0,71,False,-1,none,0.3,0.78,0.74,0.53,0.68,0.51,0.5428571428571428,1.0,0.0,45,79,0.75,0.8076923076923077,0.19230769230769232,6,15,0.7,0.6923076923076923,0.3076923076923077,0,7
21,0.62,0.73,190.0,457,116,146,0,80,False,-1,none,0.3,0.8,0.81,0.52,0.76,0.46,0.5714285714285714,1.0,0.0,39,87,0.7,0.8,0.2,7,9,0.8,0.46153846153846156,0.5384615384615384,1,3
21,0.63,0.75,174.6,455,112,142,0,76,True,2,Slow,0.3,0.78,0.78,0.54,0.74,0.45,0.6142857142857143,1.0,0.0,42,79,0.6,0.8823529411764706,0.11764705882352941,1,16,0.8,0.5,0.5,2,2
21,0.69,0.81,192.2,449,105,174,0,70,True,0,Slow,0.3,0.83,0.82,0.61,0.79,0.55,0.6714285714285714,1.0,0.0,46,102,0.75,0.65,0.35,11,13,0.7,0.6923076923076923,0.3076923076923077,1,1
21,0.64,0.83,190.39999999999998,447,117,157,0,83,True,0,Slow,0.3,0.83,0.87,0.49,0.77,0.61,0.5714285714285714,1.0,0.0,42,94,0.75,0.8888888888888888,0.1111111111111111,2,15,0.9,0.5625,0.4375,0,4
21,0.68,0.84,196.0,446,112,164,0,85,False,-1,none,0.3,0.87,0.85,0.56,0.78,0.54,0.6285714285714286,1.0,0.0,40,94,0.8,0.92,0.08,7,17,0.8,0.6666666666666666,0.3333333333333333,3,3
21,0.65,0.79,186.0,451,115,165,0,86,False,-1,none,0.3,0.87,0.81,0.53,0.81,0.57,0.6428571428571429,1.0,0.0,44,104,0.7,0.875,0.125,2,13,0.6,0.6,0.4,0,2
21,0.58,0.73,170.0,457,99,139,0,74,False,-1,none,0.3,0.72,0.75,0.5,0.7,0.44,0.5142857142857142,1.0,0.0,39,74,0.75,0.84,0.16,6,18,0.7,0.8333333333333334,0.16666666666666666,0,2
22,0.69,0.8,178.59999999999997,450,105,167,0,73,True,0,Slow,0.3,0.84,0.81,0.51,0.77,0.59,0.6714285714285714,1.0,0.0,44,100,0.75,0.7272727272727273,0.2727272727272727,8,14,0.7,0.7,0.3,0,1
22,0.68,0.85,206.0,445,106,163,0,81,False,-1,none,0.3,0.81,0.81,0.58,0.78,0.56,0.6285714285714286,1.0,0.0,41,96,0.9,0.8148148148148148,0.18518518518518517,8,11,0.6,0.7142857142857143,0.2857142857142857,4,3
22,0.66,0.78,208.0,452,109,146,0,72,False,-1,none,0.3,0.79,0.79,0.58,0.75,0.42,0.5857142857142857,1.0,0.0,40,80,0.9,0.64,0.36,11,10,0.7,0.6666666666666666,0.3333333333333333,1,4
22,0.66,0.84,212.0,446,119,157,0,75,False,-1,none,0.3,0.83,0.85,0.57,0.77,0.58,0.6142857142857143,1.0,0.0,45,92,0.75,0.782608695652174,0.21739130434782608,3,12,0.8,0.6666666666666666,0.3333333333333333,1,4
22,0.72,0.85,218.0,445,115,180,0,85,False,-1,none,0.3,0.87,0.91,0.59,0.86,0.57,0.6428571428571429,1.0,0.0,53,99,0.85,0.6818181818181818,0.3181818181818182,13,13,1.0,0.7222222222222222,0.2777777777777778,0,2
22,0.57,0.66,164.0,464,107,136,0,86,False,-1,none,0.3,0.73,0.72,0.45,0.72,0.47,0.5285714285714286,1.0,0.0,35,84,0.75,0.7272727272727273,0.2727272727272727,6,7,0.5,0.7142857142857143,0.2857142857142857,0,4
22,0.57,0.61,134.0,469,111,143,0,65,False,-1,none,0.3,0.73,0.71,0.51,0.68,0.52,0.5714285714285714,1.0,0.0,43,86,0.6,0.8666666666666667,0.13333333333333333,0,14,0.5,0.8333333333333334,0.16666666666666666,0,0
22,0.63,0.73,166.0,457,114,157,0,86,False,-1,none,0.3,0.8,0.79,0.57,0.72,0.56,0.6142857142857143,1.0,0.0,43,96,0.7,0.9,0.1,1,15,0.6,0.7,0.3,1,1
22,0.69,0.79,202.0,451,124,184,0,73,False,-1,none,0.3,0.9,0.88,0.65,0.82,0.62,0.6714285714285714,1.0,0.0,56,102,0.7,0.6842105263157895,0.3157894736842105,8,13,0.8,0.6153846153846154,0.38461538461538464,2,3
22,0.61,0.72,164.0,458,109,155,0,74,False,-1,none,0.3,0.73,0.78,0.55,0.76,0.54,0.5571428571428572,1.0,0.0,43,91,0.7,0.9473684210526315,0.05263157894736842,2,15,0.8,0.7142857142857143,0.2857142857142857,1,3
22,0.66,0.76,184.0,454,107,158,0,84,False,-1,none,0.3,0.83,0.77,0.54,0.77,0.5,0.6571428571428571,1.0,0.0,50,91,0.65,0.6666666666666666,0.3333333333333333,8,7,0.7,0.8333333333333334,0.16666666666666666,1,1
22,0.59,0.73,178.0,457,120,149,0,68,False,-1,none,0.3,0.77,0.78,0.58,0.77,0.52,0.5285714285714286,1.0,0.0,33,86,0.7,0.8,0.2,7,16,0.8,0.75,0.25,1,6
22,0.59,0.74,169.6,456,118,136,0,82,True,1,Slow,0.3,0.78,0.75,0.52,0.71,0.52,0.4857142857142857,1.0,0.0,35,82,0.85,0.76,0.24,6,10,0.8,0.8,0.2,1,2
22,0.63,0.72,180.0,458,116,151,0,86,False,-1,none,0.3,0.82,0.81,0.49,0.75,0.52,0.6285714285714286,1.0,0.0,42,85,0.55,0.6153846153846154,0.38461538461538464,8,10,0.8,0.7333333333333333,0.26666666666666666,4,2
22,0.68,0.86,205.6,444,103,157,0,94,True,3,Shigh,0.3,0.84,0.79,0.46,0.75,0.62,0.6142857142857143,1.0,0.0,39,98,0.75,0.8148148148148148,0.18518518518518517,7,11,1.0,0.5625,0.4375,0,2
22,0.59,0.68,172.0,462,97,159,0,71,False,-1,none,0.3,0.78,0.72,0.53,0.74,0.47,0.5571428571428572,1.0,0.0,42,90,0.75,0.6666666666666666,0.3333333333333333,15,9,0.5,0.7272727272727273,0.2727272727272727,1,2
22,0.65,0.77,169.39999999999998,453,105,159,0,74,True,2,Slow,0.3,0.78,0.78,0.55,0.76,0.54,0.6428571428571429,1.0,0.0,44,96,0.8,0.8260869565217391,0.17391304347826086,5,11,0.4,0.625,0.375,0,3
22,0.6,0.72,164.0,458,127,149,0,77,False,-1,none,0.3,0.8,0.78,0.62,0.71,0.57,0.5285714285714286,1.0,0.0,43,90,0.85,0.92,0.08,3,11,0.6,0.7,0.3,0,2
22,0.65,0.78,188.0,452,137,166,0,79,False,-1,none,0.3,0.89,0.91,0.54,0.83,0.64,0.6,1.0,0.0,40,97,0.8,0.8260869565217391,0.17391304347826086,6,19,0.7,0.6923076923076923,0.3076923076923077,1,3
22,0.73,0.89,222.0,441,103,168,0,75,False,-1,none,0.3,0.83,0.86,0.57,0.79,0.55,0.7,1.0,0.0,54,93,0.8,0.76,0.24,7,13,0.8,0.6666666666666666,0.3333333333333333,0,1
22,0.6,0.72,169.2,458,105,179,0,69,True,3,Shigh,0.3,0.82,0.8,0.56,0.74,0.64,0.5857142857142857,1.0,0.0,55,100,0.75,0.6818181818181818,0.3181818181818182,7,14,0.4,0.7777777777777778,0.2222222222222222,2,1
22,0.68,0.88,174.39999999999998,442,105,160,0,77,True,1,Slow,0.3,0.83,0.84,0.51,0.8,0.55,0.6428571428571429,1.0,0.0,41,93,0.8,0.9285714285714286,0.07142857142857142,2,18,0.7,0.7857142857142857,0.21428571428571427,2,4
23,0.62,0.75,157.39999999999998,455,125,151,0,79,True,0,Slow,0.3,0.81,0.84,0.5,0.77,0.59,0.5857142857142857,1.0,0.0,29,101,0.7,0.8636363636363636,0.13636363636363635,5,14,0.7,0.8,0.2,0,2
23,0.68,0.83,210.0,447,98,179,0,60,False,-1,none,0.3,0.82,0.82,0.59,0.74,0.63,0.6571428571428571,1.0,0.0,57,101,0.65,0.6842105263157895,0.3157894736842105,6,10,0.9,0.7222222222222222,0.2777777777777778,1,4
23,0.75,0.9,228.0,440,84,192,0,74,False,-1,none,0.3,0.84,0.82,0.64,0.79,0.57,0.7571428571428571,1.0,0.0,63,98,0.8,0.7083333333333334,0.2916666666666667,10,14,0.6,0.6153846153846154,0.38461538461538464,4,3
23,0.62,0.74,196.0,456,94,155,0,92,False,-1,none,0.3,0.77,0.75,0.48,0.75,0.48,0.5714285714285714,1.0,0.0,48,84,0.75,0.5714285714285714,0.42857142857142855,9,9,0.7,0.7692307692307693,0.23076923076923078,0,5
23,0.63,0.74,168.0,456,115,159,0,67,False,-1,none,0.3,0.82,0.79,0.6,0.76,0.51,0.6428571428571429,1.0,0.0,54,88,0.45,0.9285714285714286,0.07142857142857142,3,8,0.9,0.7333333333333333,0.26666666666666666,0,6
23,0.7,0.81,214.0,449,119,165,0,75,False,-1,none,0.3,0.83,0.82,0.62,0.8,0.58,0.6428571428571429,1.0,0.0,39,97,0.8,0.5,0.5,15,9,0.9,0.7647058823529411,0.23529411764705882,2,3
23,0.63,0.72,176.0,458,111,147,0,100,False,-1,none,0.3,0.79,0.82,0.42,0.77,0.5,0.6285714285714286,1.0,0.0,41,90,0.65,0.6470588235294118,0.35294117647058826,5,9,0.6,0.8181818181818182,0.18181818181818182,1,1
23,0.71,0.9,216.0,440,107,170,0,73,False,-1,none,0.3,0.79,0.85,0.6,0.82,0.61,0.6285714285714286,1.0,0.0,44,100,0.9,0.7857142857142857,0.21428571428571427,8,15,0.9,0.8333333333333334,0.16666666666666666,2,1
23,0.65,0.82,192.0,448,91,150,0,87,False,-1,none,0.3,0.71,0.77,0.51,0.69,0.55,0.5857142857142857,1.0,0.0,42,91,0.8,0.92,0.08,2,10,0.8,0.6875,0.3125,1,4
23,0.64,0.8,192.0,450,113,164,0,73,False,-1,none,0.3,0.84,0.83,0.59,0.73,0.58,0.6,1.0,0.0,45,92,0.65,0.8260869565217391,0.17391304347826086,7,13,0.9,0.7333333333333333,0.26666666666666666,3,4
23,0.68,0.83,182.0,447,94,164,0,69,False,-1,none,0.3,0.79,0.79,0.55,0.76,0.52,0.6857142857142857,1.0,0.0,55,91,0.7,0.9130434782608695,0.08695652173913043,2,12,0.6,0.8,0.2,2,2
23,0.69,0.85,214.0,445,107,163,0,80,False,-1,none,0.3,0.83,0.84,0.59,0.76,0.53,0.6571428571428571,1.0,0.0,46,88,0.7,0.8695652173913043,0.13043478260869565,7,13,0.9,0.5,0.5,5,4
23,0.61,0.76,196.0,454,108,160,0,91,False,-1,none,0.3,0.81,0.82,0.51,0.74,0.56,0.5714285714285714,1.0,0.0,43,89,0.7,0.7142857142857143,0.2857142857142857,11,8,0.7,0.6666666666666666,0.3333333333333333,5,4
23,0.59,0.74,188.0,456,101,157,0,68,False,-1,none,0.3,0.78,0.79,0.54,0.75,0.46,0.5142857142857142,1.0,0.0,38,87,0.75,0.7391304347826086,0.2608695652173913,14,11,0.8,0.7333333333333333,0.26666666666666666,3,4
23,0.64,0.8,200.0,450,95,159,0,71,False,-1,none,0.3,0.79,0.79,0.53,0.71,0.52,0.5428571428571428,1.0,0.0,47,82,0.85,0.7391304347826086,0.2608695652173913,10,15,0.9,0.7647058823529411,0.23529411764705882,3,2
23,0.7,0.8,192.0,450,87,169,0,79,False,-1,none,0.3,0.8,0.78,0.48,0.71,0.59,0.6714285714285714,1.0,0.0,49,94,0.95,0.7407407407407407,0.25925925925925924,10,13,0.4,0.8333333333333334,0.16666666666666666,1,2
23,0.65,0.76,188.0,454,102,164,0,83,False,-1,none,0.3,0.81,0.83,0.48,0.71,0.59,0.6428571428571429,1.0,0.0,54,90,0.55,0.6666666666666666,0.3333333333333333,12,6,0.9,0.75,0.25,1,1
23,0.69,0.91,205.8,439,115,160,0,69,True,3,Shigh,0.3,0.83,0.83,0.64,0.79,0.57,0.6285714285714286,1.0,0.0,49,94,0.9,0.7741935483870968,0.22580645161290322,3,11,0.7,0.8125,0.1875,0,3
23,0.7,0.91,206.0,439,118,138,0,83,True,2,Slow,0.3,0.83,0.8,0.61,0.7,0.53,0.6142857142857143,1.0,0.0,33,77,0.85,0.8275862068965517,0.1724137931034483,7,16,1.0,0.7333333333333333,0.26666666666666666,2,3
23,0.79,0.97,246.0,433,112,170,0,81,False,-1,none,0.3,0.91,0.91,0.55,0.82,0.6,0.7285714285714285,1.0,0.0,46,92,0.9,0.6956521739130435,0.30434782608695654,6,13,1.0,0.7272727272727273,0.2727272727272727,5,8
23,0.67,0.81,190.0,449,84,160,0,75,False,-1,none,0.3,0.76,0.76,0.49,0.75,0.49,0.6857142857142857,1.0,0.0,48,88,0.65,0.8095238095238095,0.19047619047619047,9,12,0.6,0.7272727272727273,0.2727272727272727,0,3
23,0.71,0.9,220.0,440,80,171,0,64,False,-1,none,0.3,0.78,0.77,0.6,0.74,0.52,0.6714285714285714,1.0,0.0,58,87,0.85,0.8148148148148148,0.18518518518518517,9,11,0.7,0.6666666666666666,0.3333333333333333,2,4
24,0.57,0.73,178.0,457,111,151,0,80,False,-1,none,0.3,0.79,0.8,0.51,0.71,0.54,0.4857142857142857,1.0,0.0,39,86,0.75,0.9090909090909091,0.09090909090909091,4,17,0.8,0.6470588235294118,0.35294117647058826,1,4
24,0.67,0.84,199.39999999999998,446,108,158,0,85,True,2,Slow,0.3,0.83,0.8,0.59,0.72,0.56,0.6428571428571429,1.0,0.0,46,89,0.65,0.8,0.2,6,12,0.9,0.631578947368421,0.3684210526315789,1,4
24,0.65,0.72,172.0,458,106,169,0,83,False,-1,none,0.3,0.83,0.84,0.5,0.78,0.52,0.6,1.0,0.0,47,95,0.75,0.7368421052631579,0.2631578947368421,11,15,0.8,0.8181818181818182,0.18181818181818182,1,0
24,0.6,0.68,160.0,462,118,158,0,66,False,-1,none,0.3,0.79,0.81,0.53,0.78,0.53,0.5428571428571428,1.0,0.0,43,92,0.75,0.7894736842105263,0.21052631578947367,6,13,0.7,0.8181818181818182,0.18181818181818182,2,2
24,0.66,0.75,174.0,455,121,159,0,80,False,-1,none,0.3,0.83,0.83,0.61,0.78,0.5,0.6285714285714286,1.0,0.0,52,90,0.7,0.8888888888888888,0.1111111111111111,2,12,0.8,0.6923076923076923,0.3076923076923077,0,3
24,0.63,0.74,172.0,456,109,153,0,89,False,-1,none,0.3,0.81,0.78,0.5,0.77,0.5,0.6285714285714286,1.0,0.0,42,94,0.6,0.8235294117647058,0.17647058823529413,7,10,0.7,0.7692307692307693,0.23076923076923078,0,0
24,0.64,0.75,186.0,455,105,162,0,73,False,-1,none,0.3,0.78,0.8,0.59,0.68,0.57,0.5714285714285714,1.0,0.0,48,86,0.85,0.7619047619047619,0.23809523809523808,10,15,0.7,0.7142857142857143,0.2857142857142857,1,2
24,0.56,0.7,168.0,460,98,154,0,73,False,-1,none,0.3,0.74,0.71,0.5,0.75,0.52,0.4857142857142857,1.0,0.0,38,89,0.85,0.8518518518518519,0.14814814814814814,10,15,0.5,0.6666666666666666,0.3333333333333333,1,1
24,0.55,0.72,164.0,458,110,151,0,72,False,-1,none,0.3,0.73,0.78,0.58,0.73,0.51,0.4714285714285714,1.0,0.0,37,90,0.7,0.9090909090909091,0.09090909090909091,4,13,0.8,0.8235294117647058,0.17647058823529413,3,4
24,0.67,0.83,190.0,447,103,166,0,58,False,-1,none,0.3,0.8,0.75,0.64,0.76,0.57,0.6428571428571429,1.0,0.0,45,98,0.8,0.8888888888888888,0.1111111111111111,4,15,0.6,0.7272727272727273,0.2727272727272727,1,3
24,0.62,0.69,186.0,461,108,162,0,76,False,-1,none,0.3,0.76,0.75,0.6,0.73,0.55,0.6285714285714286,1.0,0.0,49,94,0.6,0.42857142857142855,0.5714285714285714,10,7,0.6,0.6363636363636364,0.36363636363636365,0,2
24,0.6,0.71,178.0,459,112,160,0,82,False,-1,none,0.3,0.77,0.81,0.53,0.79,0.53,0.5285714285714286,1.0,0.0,40,95,0.8,0.8181818181818182,0.18181818181818182,7,12,0.7,0.5833333333333334,0.4166666666666667,2,4
24,0.67,0.83,203.0,447,113,156,0,83,True,0,Slow,0.3,0.83,0.82,0.54,0.76,0.57,0.5857142857142857,1.0,0.0,40,86,0.8,0.7272727272727273,0.2727272727272727,7,17,1.0,0.6111111111111112,0.3888888888888889,2,4
24,0.62,0.71,170.0,459,124,171,0,74,False,-1,none,0.3,0.83,0.86,0.58,0.79,0.6,0.5714285714285714,1.0,0.0,48,94,0.75,0.9,0.1,6,16,0.7,0.5454545454545454,0.45454545454545453,2,5
24,0.62,0.69,154.0,461,134,170,0,72,False,-1,none,0.3,0.83,0.87,0.57,0.88,0.58,0.5857142857142857,1.0,0.0,45,107,0.7,0.8888888888888888,0.1111111111111111,2,12,0.7,0.8,0.2,2,2
24,0.57,0.69,166.0,461,123,153,0,65,False,-1,none,0.3,0.78,0.79,0.52,0.75,0.61,0.4857142857142857,1.0,0.0,32,89,0.8,0.9090909090909091,0.09090909090909091,6,19,0.7,0.6153846153846154,0.38461538461538464,4,3
24,0.61,0.7,172.0,460,121,172,0,72,False,-1,none,0.3,0.82,0.84,0.62,0.8,0.55,0.5857142857142857,1.0,0.0,49,92,0.65,0.7222222222222222,0.2777777777777778,13,16,0.7,0.7272727272727273,0.2727272727272727,0,2
24,0.62,0.68,192.0,462,119,140,0,73,False,-1,none,0.3,0.77,0.75,0.57,0.66,0.52,0.5428571428571428,1.0,0.0,39,80,0.8,0.5294117647058824,0.47058823529411764,9,8,0.8,0.5384615384615384,0.46153846153846156,1,3
24,0.56,0.67,170.0,463,108,140,0,75,False,-1,none,0.3,0.77,0.74,0.51,0.64,0.49,0.4857142857142857,1.0,0.0,38,78,0.7,0.7222222222222222,0.2777777777777778,6,11,0.8,0.7333333333333333,0.26666666666666666,1,6
24,0.67,0.75,182.0,455,114,168,0,78,False,-1,none,0.3,0.81,0.83,0.59,0.81,0.53,0.6142857142857143,1.0,0.0,51,95,0.9,0.7272727272727273,0.2727272727272727,7,12,0.6,0.8,0.2,2,1
24,0.61,0.72,168.0,458,110,145,0,83,False,-1,none,0.3,0.78,0.81,0.47,0.71,0.5,0.5857142857142857,1.0,0.0,39,85,0.65,0.8,0.2,7,12,0.7,0.8181818181818182,0.18181818181818182,0,2
24,0.57,0.73,178.0,457,124,164,0,69,False,-1,none,0.3,0.82,0.84,0.59,0.79,0.57,0.5,1.0,0.0,39,101,0.75,0.8260869565217391,0.17391304347826086,6,13,0.7,0.7333333333333333,0.26666666666666666,1,4
25,0.64,0.75,182.0,455,114,151,0,75,False,-1,none,0.3,0.77,0.78,0.55,0.77,0.53,0.6428571428571429,1.0,0.0,36,94,0.65,0.8823529411764706,0.11764705882352941,2,13,0.6,0.5384615384615384,0.46153846153846156,3,3
25,0.68,0.8,192.0,450,109,162,0,69,False,-1,none,0.3,0.81,0.8,0.53,0.77,0.6,0.6428571428571429,1.0,0.0,41,95,0.75,0.85,0.15,4,17,0.8,0.6666666666666666,0.3333333333333333,0,5
25,0.63,0.81,189.0,449,108,158,0,68,True,3,Shigh,0.3,0.82,0.77,0.56,0.75,0.57,0.5857142857142857,1.0,0.0,46,101,0.75,0.8148148148148148,0.18518518518518517,3,6,0.7,0.6923076923076923,0.3076923076923077,0,2
25,0.64,0.73,182.0,457,111,160,0,71,False,-1,none,0.3,0.8,0.8,0.55,0.77,0.52,0.6142857142857143,1.0,0.0,45,93,0.6,0.6875,0.3125,9,9,0.9,0.7142857142857143,0.2857142857142857,4,0
25,0.67,0.78,181.39999999999998,452,98,165,0,74,True,0,Slow,0.3,0.81,0.8,0.45,0.76,0.59,0.6428571428571429,1.0,0.0,42,100,0.7,0.7222222222222222,0.2777777777777778,9,12,0.8,0.5,0.5,0,2
25,0.7,0.8,208.0,450,104,193,0,53,False,-1,none,0.3,0.81,0.84,0.71,0.8,0.61,0.6714285714285714,1.0,0.0,56,103,0.75,0.6818181818181818,0.3181818181818182,16,9,0.8,0.5454545454545454,0.45454545454545453,5,4
25,0.68,0.78,196.0,452,103,178,0,91,False,-1,none,0.3,0.84,0.84,0.56,0.82,0.53,0.6142857142857143,1.0,0.0,54,95,0.9,0.75,0.25,11,14,0.7,0.6363636363636364,0.36363636363636365,1,3
25,0.64,0.74,180.0,456,93,152,0,81,False,-1,none,0.3,0.76,0.73,0.55,0.68,0.47,0.5857142857142857,1.0,0.0,41,81,0.85,0.7727272727272727,0.22727272727272727,10,17,0.6,0.7272727272727273,0.2727272727272727,2,1
25,0.68,0.83,190.6,447,106,166,0,80,True,0,Slow,0.3,0.79,0.83,0.61,0.78,0.54,0.6428571428571429,1.0,0.0,47,91,0.8,0.7916666666666666,0.20833333333333334,7,16,0.7,0.6923076923076923,0.3076923076923077,2,3
25,0.69,0.83,170.0,447,114,170,0,88,False,-1,none,0.3,0.87,0.84,0.64,0.8,0.52,0.7,1.0,0.0,55,96,0.65,1.0,0.0,0,14,0.7,0.9166666666666666,0.08333333333333333,0,5
25,0.69,0.79,202.0,451,106,175,0,60,False,-1,none,0.3,0.83,0.8,0.55,0.79,0.63,0.6571428571428571,1.0,0.0,56,96,0.7,0.6470588235294118,0.35294117647058826,8,10,0.9,0.6875,0.3125,1,4
25,0.65,0.73,198.0,457,129,174,0,89,False,-1,none,0.3,0.87,0.85,0.55,0.86,0.63,0.5857142857142857,1.0,0.0,39,101,0.7,0.6,0.4,9,14,1.0,0.5882352941176471,0.4117647058823529,5,6
25,0.69,0.8,192.0,450,102,165,0,78,False,-1,none,0.3,0.79,0.81,0.58,0.79,0.5,0.6428571428571429,1.0,0.0,49,89,0.85,0.8333333333333334,0.16666666666666666,8,13,0.7,0.6363636363636364,0.36363636363636365,2,4
25,0.67,0.85,218.2,445,103,149,0,83,True,3,Shigh,0.3,0.81,0.79,0.49,0.73,0.55,0.5714285714285714,1.0,0.0,44,86,0.9,0.6785714285714286,0.32142857142857145,8,8,0.9,0.5294117647058824,0.47058823529411764,1,2
25,0.68,0.82,207.8,448,112,167,0,74,True,4,Shigh,0.3,0.82,0.84,0.56,0.77,0.62,0.6,1.0,0.0,42,91,0.85,0.6666666666666666,0.3333333333333333,12,16,0.9,0.5384615384615384,0.46153846153846156,3,3
25,0.7,0.89,202.0,441,119,153,0,79,False,-1,none,0.3,0.84,0.86,0.59,0.77,0.55,0.6142857142857143,1.0,0.0,37,89,0.9,0.8888888888888888,0.1111111111111111,3,16,0.9,0.8421052631578947,0.15789473684210525,3,5
25,0.65,0.75,178.0,455,99,167,0,74,False,-1,none,0.3,0.78,0.8,0.57,0.78,0.48,0.6142857142857143,1.0,0.0,54,92,0.75,0.7894736842105263,0.21052631578947367,4,14,0.7,0.7692307692307693,0.23076923076923078,0,3
25,0.64,0.74,170.6,456,108,160,0,68,True,4,Shigh,0.3,0.78,0.77,0.55,0.72,0.6,0.6142857142857143,1.0,0.0,50,93,0.8,0.8636363636363636,0.13636363636363635,1,12,0.5,0.5555555555555556,0.4444444444444444,3,1
25,0.7,0.81,190.0,449,91,170,0,73,False,-1,none,0.3,0.76,0.78,0.54,0.7,0.64,0.6857142857142857,1.0,0.0,53,93,0.65,0.8125,0.1875,3,12,0.9,0.7647058823529411,0.23529411764705882,4,5
25,0.63,0.74,200.0,456,116,148,0,82,False,-1,none,0.3,0.77,0.76,0.57,0.73,0.55,0.5714285714285714,1.0,0.0,32,88,0.75,0.6842105263157895,0.3157894736842105,13,12,0.8,0.5333333333333333,0.4666666666666667,2,1
25,0.65,0.86,203.39999999999998,444,95,147,0,77,True,2,Slow,0.3,0.74,0.77,0.55,0.74,0.48,0.5857142857142857,1.0,0.0,36,83,0.75,0.8076923076923077,0.19230769230769232,8,13,0.9,0.6666666666666666,0.3333333333333333,3,4
25,0.72,0.82,203.79999999999998,448,107,182,0,74,True,1,Slow,0.3,0.86,0.85,0.54,0.81,0.65,0.6857142857142857,1.0,0.0,42,107,0.75,0.5625,0.4375,13,15,0.9,0.6111111111111112,0.3888888888888889,2,3
26,0.61,0.79,186.6,451,108,153,0,70,True,2,Slow,0.3,0.8,0.77,0.5,0.78,0.55,0.5571428571428572,1.0,0.0,42,89,0.65,0.8095238095238095,0.19047619047619047,5,7,0.9,0.6666666666666666,0.3333333333333333,5,5
26,0.6,0.7,164.0,460,105,154,0,76,False,-1,none,0.3,0.78,0.78,0.47,0.7,0.56,0.5714285714285714,1.0,0.0,42,95,0.75,0.8571428571428571,0.14285714285714285,3,11,0.5,0.6666666666666666,0.3333333333333333,1,2
26,0.66,0.81,214.0,449,99,145,0,95,False,-1,none,0.3,0.78,0.77,0.51,0.74,0.45,0.5714285714285714,1.0,0.0,39,86,0.85,0.75,0.25,5,10,0.9,0.5882352941176471,0.4117647058823529,3,2
26,0.68,0.85,190.0,445,110,170,0,55,False,-1,none,0.3,0.82,0.81,0.62,0.79,0.61,0.6142857142857143,1.0,0.0,49,97,0.9,0.9333333333333333,0.06666666666666667,0,17,0.7,0.75,0.25,2,5
26,0.56,0.66,168.0,464,112,142,0,85,False,-1,none,0.3,0.78,0.75,0.48,0.71,0.48,0.4857142857142857,1.0,0.0,35,85,0.8,0.7727272727272727,0.22727272727272727,5,14,0.6,0.6,0.4,1,2
26,0.57,0.71,170.0,459,104,148,0,82,False,-1,none,0.3,0.76,0.75,0.55,0.75,0.42,0.5285714285714286,1.0,0.0,42,83,0.65,0.8571428571428571,0.14285714285714285,7,11,0.7,0.6923076923076923,0.3076923076923077,2,3
26,0.69,0.75,190.0,455,121,167,0,82,False,-1,none,0.3,0.87,0.85,0.53,0.83,0.55,0.6428571428571429,1.0,0.0,54,89,0.75,0.7058823529411765,0.29411764705882354,5,14,0.9,0.6153846153846154,0.38461538461538464,0,5
26,0.67,0.8,200.0,450,107,167,0,71,False,-1,none,0.3,0.8,0.85,0.54,0.75,0.6,0.6142857142857143,1.0,0.0,45,91,0.85,0.72,0.28,11,16,0.7,0.75,0.25,1,3
26,0.58,0.69,158.0,461,118,153,0,65,False,-1,none,0.3,0.79,0.78,0.56,0.71,0.56,0.5571428571428572,1.0,0.0,43,91,0.55,0.875,0.125,3,9,0.8,0.7857142857142857,0.21428571428571427,1,6
26,0.65,0.8,204.0,450,105,159,0,71,False,-1,none,0.3,0.8,0.8,0.55,0.79,0.5,0.6,1.0,0.0,45,94,0.85,0.7692307692307693,0.23076923076923078,5,12,0.6,0.5833333333333334,0.4166666666666667,2,1
26,0.64,0.77,182.0,453,108,153,0,87,False,-1,none,0.3,0.82,0.76,0.46,0.8,0.54,0.5714285714285714,1.0,0.0,41,95,0.75,0.8181818181818182,0.18181818181818182,3,10,0.9,0.8,0.2,1,3
26,0.59,0.7,168.0,460,98,162,0,70,False,-1,none,0.3,0.77,0.79,0.49,0.73,0.52,0.6,1.0,0.0,44,94,0.55,0.8125,0.1875,3,13,0.6,0.6666666666666666,0.3333333333333333,3,5
26,0.72,0.84,200.0,446,111,189,0,71,False,-1,none,0.3,0.88,0.85,0.62,0.87,0.62,0.6285714285714286,1.0,0.0,55,101,0.95,0.8461538461538461,0.15384615384615385,9,19,0.9,0.7142857142857143,0.2857142857142857,0,5
26,0.69,0.83,186.0,447,107,187,0,63,False,-1,none,0.3,0.87,0.85,0.6,0.84,0.61,0.7,1.0,0.0,58,110,0.6,0.8823529411764706,0.11764705882352941,3,10,0.8,0.8235294117647058,0.17647058823529413,2,4
26,0.57,0.69,162.0,461,129,143,0,79,False,-1,none,0.3,0.78,0.79,0.57,0.77,0.5,0.5142857142857142,1.0,0.0,34,91,0.7,0.9047619047619048,0.09523809523809523,2,14,0.7,0.6666666666666666,0.3333333333333333,0,2
26,0.69,0.87,218.0,443,101,171,0,76,False,-1,none,0.3,0.85,0.83,0.57,0.77,0.57,0.6571428571428571,1.0,0.0,49,97,0.75,0.8148148148148148,0.18518518518518517,8,13,0.8,0.5714285714285714,0.42857142857142855,2,2
26,0.65,0.73,194.0,457,117,154,0,81,False,-1,none,0.3,0.83,0.8,0.49,0.77,0.55,0.5714285714285714,1.0,0.0,44,90,0.85,0.6190476190476191,0.38095238095238093,8,9,0.8,0.6666666666666666,0.3333333333333333,0,3
26,0.68,0.8,184.0,450,110,180,0,70,False,-1,none,0.3,0.85,0.87,0.6,0.79,0.59,0.7142857142857143,1.0,0.0,54,102,0.65,0.9,0.1,6,14,0.5,0.6,0.4,2,2
26,0.61,0.73,178.0,457,104,159,0,69,False,-1,none,0.3,0.76,0.78,0.6,0.75,0.47,0.5571428571428572,1.0,0.0,55,82,0.75,0.8636363636363636,0.13636363636363635,3,13,0.7,0.5833333333333334,0.4166666666666667,3,3
26,0.59,0.77,182.0,453,124,155,0,79,False,-1,none,0.3,0.81,0.82,0.55,0.83,0.55,0.4857142857142857,1.0,0.0,37,95,0.8,0.9629629629629629,0.037037037037037035,2,18,0.9,0.625,0.375,0,3
26,0.7,0.85,230.0,445,116,160,0,79,False,-1,none,0.3,0.84,0.83,0.53,0.79,0.62,0.6428571428571429,1.0,0.0,37,95,0.85,0.72,0.28,6,16,0.8,0.4666666666666667,0.5333333333333333,3,3
26,0.68,0.75,198.0,455,122,158,0,85,False,-1,none,0.3,0.82,0.85,0.55,0.8,0.53,0.5857142857142857,1.0,0.0,39,88,0.9,0.7,0.3,10,14,0.9,0.5714285714285714,0.42857142857142855,3,4
27,0.61,0.73,186.0,457,100,149,0,73,False,-1,none,0.3,0.75,0.76,0.52,0.76,0.43,0.5571428571428572,1.0,0.0,42,83,0.8,0.7272727272727273,0.2727272727272727,5,14,0.6,0.6363636363636364,0.36363636363636365,3,2
27,0.71,0.86,196.0,444,100,162,0,82,False,-1,none,0.3,0.81,0.75,0.58,0.77,0.57,0.6428571428571429,1.0,0.0,44,93,0.9,0.9130434782608695,0.08695652173913043,3,20,0.8,0.7647058823529411,0.23529411764705882,1,1
27,0.63,0.78,184.6,452,124,155,0,73,True,2,Slow,0.3,0.83,0.82,0.61,0.78,0.53,0.5428571428571428,1.0,0.0,39,86,0.75,0.7368421052631579,0.2631578947368421,9,12,1.0,0.75,0.25,3,6
27,0.73,0.86,189.39999999999998,444,114,184,0,66,True,1,Slow,0.3,0.85,0.86,0.63,0.83,0.67,0.7285714285714285,1.0,0.0,52,110,0.7,0.7368421052631579,0.2631578947368421,9,9,0.8,0.7333333333333333,0.26666666666666666,1,3
27,0.71,0.91,214.0,439,106,185,0,63,False,-1,none,0.3,0.87,0.87,0.62,0.78,0.68,0.6714285714285714,1.0,0.0,51,105,0.8,0.84,0.16,9,15,0.8,0.7894736842105263,0.21052631578947367,1,4
27,0.7,0.81,189.4,449,106,156,0,77,True,3,Shigh,0.3,0.81,0.8,0.54,0.8,0.48,0.6571428571428571,1.0,0.0,50,88,0.85,0.7272727272727273,0.2727272727272727,7,9,0.7,0.6363636363636364,0.36363636363636365,0,2
27,0.62,0.74,164.0,456,115,162,0,89,False,-1,none,0.3,0.85,0.79,0.5,0.77,0.6,0.5857142857142857,1.0,0.0,43,99,0.65,0.9,0.1,4,14,0.8,0.8333333333333334,0.16666666666666666,0,2
27,0.68,0.83,185.59999999999997,447,120,167,0,85,True,0,Slow,0.3,0.88,0.86,0.61,0.81,0.54,0.6571428571428571,1.0,0.0,49,96,0.75,0.76,0.24,10,10,0.7,0.6363636363636364,0.36363636363636365,0,2
27,0.59,0.77,190.0,453,104,131,0,83,False,-1,none,0.3,0.74,0.76,0.51,0.67,0.44,0.45714285714285713,1.0,0.0,37,72,0.85,0.8260869565217391,0.17391304347826086,4,16,1.0,0.7727272727272727,0.22727272727272727,0,2
27,0.58,0.67,170.0,463,120,150,0,73,False,-1,none,0.3,0.79,0.8,0.52,0.76,0.5,0.5285714285714286,1.0,0.0,36,88,0.7,0.6875,0.3125,13,10,0.7,0.6923076923076923,0.3076923076923077,1,2
27,0.73,0.9,204.0,440,81,181,0,83,False,-1,none,0.3,0.81,0.83,0.55,0.78,0.55,0.6571428571428571,1.0,0.0,54,92,0.9,0.9310344827586207,0.06896551724137931,6,25,0.9,0.7142857142857143,0.2857142857142857,1,3
27,0.65,0.78,180.0,452,106,159,0,87,False,-1,none,0.3,0.83,0.8,0.49,0.76,0.55,0.6428571428571429,1.0,0.0,45,92,0.7,0.9047619047619048,0.09523809523809523,4,14,0.6,0.6666666666666666,0.3333333333333333,0,4
27,0.6,0.76,168.0,454,116,147,0,71,False,-1,none,0.3,0.77,0.79,0.56,0.74,0.53,0.5428571428571428,1.0,0.0,37,93,0.75,0.9545454545454546,0.045454545454545456,2,12,0.7,0.8,0.2,1,2
27,0.61,0.69,166.0,461,103,160,0,63,False,-1,none,0.3,0.74,0.74,0.53,0.74,0.57,0.5857142857142857,1.0,0.0,38,95,0.7,0.6666666666666666,0.3333333333333333,12,14,0.6,0.8333333333333334,0.16666666666666666,0,1
27,0.64,0.82,204.0,448,81,148,0,79,False,-1,none,0.3,0.73,0.71,0.5,0.7,0.47,0.6,1.0,0.0,39,75,0.8,0.7586206896551724,0.2413793103448276,14,16,0.6,0.7,0.3,0,4
27,0.6,0.72,170.79999999999998,458,99,147,0,67,True,1,Slow,0.3,0.76,0.73,0.51,0.69,0.49,0.5857142857142857,1.0,0.0,40,86,0.65,0.7222222222222222,0.2777777777777778,9,9,0.6,0.5,0.5,1,2
27,0.6,0.73,174.0,457,113,159,0,75,False,-1,none,0.3,0.81,0.8,0.59,0.72,0.53,0.5857142857142857,1.0,0.0,45,87,0.65,0.7058823529411765,0.29411764705882354,11,14,0.6,0.8461538461538461,0.15384615384615385,0,2
27,0.61,0.66,184.0,464,123,163,0,73,False,-1,none,0.3,0.84,0.75,0.6,0.77,0.56,0.5571428571428572,1.0,0.0,43,94,0.75,0.47058823529411764,0.5294117647058824,15,8,0.7,0.6,0.4,2,1
27,0.6,0.68,149.6,462,94,149,0,79,True,1,Slow,0.3,0.74,0.71,0.47,0.7,0.49,0.5714285714285714,1.0,0.0,39,90,0.75,0.7058823529411765,0.29411764705882354,6,12,0.5,0.75,0.25,1,1
27,0.6,0.74,159.39999999999998,456,112,147,0,72,True,2,Slow,0.3,0.78,0.71,0.6,0.75,0.49,0.5857142857142857,1.0,0.0,38,89,0.75,0.7727272727272727,0.22727272727272727,7,10,0.4,0.8888888888888888,0.1111111111111111,0,3
27,0.67,0.83,210.0,447,94,151,0,87,False,-1,none,0.3,0.79,0.75,0.52,0.76,0.46,0.5714285714285714,1.0,0.0,42,87,0.9,0.68,0.32,11,8,0.9,0.8235294117647058,0.17647058823529413,1,2
27,0.63,0.72,192.0,458,91,167,0,75,False,-1,none,0.3,0.77,0.77,0.54,0.73,0.49,0.6142857142857143,1.0,0.0,45,87,0.7,0.5625,0.4375,18,12,0.6,0.5833333333333334,0.4166666666666667,2,3
28,0.7,0.81,202.0,449,112,161,0,81,False,-1,none,0.3,0.81,0.81,0.55,0.78,0.59,0.5857142857142857,1.0,0.0,42,91,0.95,0.68,0.32,10,12,1.0,0.8666666666666667,0.13333333333333333,1,5
28,0.72,0.89,214.0,441,92,175,0,74,False,-1,none,0.3,0.77,0.79,0.6,0.81,0.59,0.6571428571428571,1.0,0.0,53,95,0.85,0.7777777777777778,0.2222222222222222,6,17,0.9,0.8,0.2,0,4
28,0.63,0.71,174.0,459,96,148,0,65,False,-1,none,0.3,0.75,0.73,0.54,0.65,0.48,0.6142857142857143,1.0,0.0,48,82,0.65,0.8,0.2,2,12,0.7,0.5,0.5,2,2
28,0.69,0.82,200.0,448,108,177,0,58,False,-1,none,0.3,0.84,0.82,0.64,0.78,0.59,0.6857142857142857,1.0,0.0,48,100,0.75,0.8095238095238095,0.19047619047619047,9,13,0.6,0.5833333333333334,0.4166666666666667,3,4
28,0.77,0.95,238.0,435,99,185,0,61,False,-1,none,0.3,0.83,0.85,0.64,0.81,0.66,0.7142857142857143,1.0,0.0,45,105,0.85,0.7407407407407407,0.25925925925925924,12,18,1.0,0.7222222222222222,0.2777777777777778,3,2
28,0.69,0.83,206.0,447,136,151,0,80,False,-1,none,0.3,0.86,0.84,0.62,0.79,0.59,0.6142857142857143,1.0,0.0,38,99,0.8,0.7619047619047619,0.23809523809523808,1,9,1.0,0.7368421052631579,0.2631578947368421,1,3
28,0.66,0.74,160.0,456,108,160,0,63,True,1,Slow,0.3,0.79,0.77,0.61,0.67,0.58,0.7142857142857143,1.0,0.0,46,94,0.5,0.7142857142857143,0.2857142857142857,6,11,0.6,0.8,0.2,0,3
28,0.72,0.86,195.0,444,102,169,0,78,True,4,Shigh,0.3,0.79,0.8,0.58,0.79,0.61,0.7,1.0,0.0,52,102,0.7,0.85,0.15,2,9,0.9,0.7058823529411765,0.29411764705882354,2,2
28,0.66,0.79,178.0,451,96,162,0,68,False,-1,none,0.3,0.76,0.74,0.57,0.73,0.57,0.6571428571428571,1.0,0.0,47,99,0.65,0.9523809523809523,0.047619047619047616,3,9,0.7,0.6666666666666666,0.3333333333333333,0,4
28,0.55,0.69,143.2,461,110,132,0,64,True,2,Slow,0.3,0.69,0.73,0.49,0.7,0.5,0.5142857142857142,1.0,0.0,33,84,0.6,0.95,0.05,2,11,0.7,0.7272727272727273,0.2727272727272727,0,2
28,0.7,0.85,210.0,445,113,182,0,60,False,-1,none,0.3,0.86,0.88,0.65,0.82,0.59,0.6428571428571429,1.0,0.0,56,97,0.75,0.7,0.3,10,15,1.0,0.7894736842105263,0.21052631578947367,1,3
28,0.61,0.75,198.0,455,127,165,0,78,False,-1,none,0.3,0.85,0.85,0.57,0.83,0.57,0.5428571428571428,1.0,0.0,43,97,0.7,0.75,0.25,8,12,0.9,0.5882352941176471,0.4117647058823529,3,2
28,0.65,0.82,204.0,448,101,165,0,87,False,-1,none,0.3,0.83,0.8,0.54,0.75,0.56,0.5714285714285714,1.0,0.0,44,95,0.85,0.8846153846153846,0.11538461538461539,5,12,0.8,0.5625,0.4375,4,5
28,0.73,0.82,196.0,448,112,181,0,75,False,-1,none,0.3,0.86,0.87,0.62,0.78,0.62,0.7142857142857143,1.0,0.0,56,101,0.75,0.7368421052631579,0.2631578947368421,8,13,0.8,0.7692307692307693,0.23076923076923078,1,2
28,0.66,0.87,203.39999999999998,443,97,167,0,74,True,0,Slow,0.3,0.83,0.82,0.56,0.71,0.59,0.5857142857142857,1.0,0.0,46,95,0.9,0.8064516129032258,0.1935483870967742,6,15,0.7,0.5714285714285714,0.42857142857142855,3,2
28,0.63,0.74,184.0,456,130,151,0,75,False,-1,none,0.3,0.83,0.84,0.57,0.77,0.54,0.6,1.0,0.0,42,96,0.65,0.7058823529411765,0.29411764705882354,3,6,0.8,0.7333333333333333,0.26666666666666666,1,3
28,0.59,0.75,170.0,455,136,153,0,81,False,-1,none,0.3,0.87,0.85,0.57,0.82,0.53,0.5,1.0,0.0,37,92,0.7,0.9090909090909091,0.09090909090909091,3,17,1.0,0.8333333333333334,0.16666666666666666,2,2
28,0.76,0.92,228.0,438,110,177,0,91,False,-1,none,0.3,0.93,0.87,0.59,0.79,0.61,0.6714285714285714,1.0,0.0,56,91,0.95,0.8076923076923077,0.19230769230769232,9,17,1.0,0.6842105263157895,0.3157894736842105,0,4
28,0.63,0.79,186.0,451,115,167,0,69,False,-1,none,0.3,0.82,0.81,0.59,0.8,0.59,0.6142857142857143,1.0,0.0,49,96,0.7,0.875,0.125,2,13,0.6,0.6363636363636364,0.36363636363636365,3,4
28,0.63,0.7,176.0,460,124,154,0,87,False,-1,none,0.3,0.82,0.8,0.54,0.74,0.58,0.5142857142857142,1.0,0.0,32,90,0.9,0.7272727272727273,0.2727272727272727,13,13,0.9,0.75,0.25,3,3
28,0.63,0.75,194.0,455,112,163,0,75,False,-1,none,0.3,0.83,0.78,0.57,0.77,0.55,0.5714285714285714,1.0,0.0,40,92,0.7,0.631578947368421,0.3684210526315789,10,12,0.9,0.75,0.25,5,4
28,0.56,0.69,174.0,461,123,141,0,72,False,-1,none,0.3,0.78,0.78,0.53,0.69,0.55,0.44285714285714284,1.0,0.0,32,85,0.75,0.7368421052631579,0.2631578947368421,6,12,1.0,0.7894736842105263,0.21052631578947367,2,4
29,0.62,0.81,185.2,449,93,144,0,72,True,0,Slow,0.3,0.73,0.77,0.47,0.69,0.52,0.5428571428571428,1.0,0.0,38,82,0.8,0.8148148148148148,0.18518518518518517,9,12,0.8,0.6666666666666666,0.3333333333333333,0,3
29,0.65,0.7,192.0,460,109,150,0,76,False,-1,none,0.3,0.81,0.75,0.46,0.71,0.56,0.6142857142857143,1.0,0.0,38,91,0.6,0.3076923076923077,0.6923076923076923,12,8,1.0,0.7142857142857143,0.2857142857142857,0,1
29,0.73,0.86,212.0,444,112,181,0,66,False,-1,none,0.3,0.89,0.85,0.65,0.81,0.59,0.6571428571428571,1.0,0.0,50,99,0.9,0.7692307692307693,0.23076923076923078,12,13,0.9,0.7142857142857143,0.2857142857142857,3,4
29,0.65,0.75,186.0,455,93,172,0,75,False,-1,none,0.3,0.8,0.8,0.48,0.79,0.53,0.6571428571428571,1.0,0.0,48,101,0.65,0.625,0.375,9,8,0.6,0.7692307692307693,0.23076923076923078,4,2
29,0.62,0.72,175.0,458,120,152,0,91,True,2,Slow,0.3,0.82,0.82,0.53,0.76,0.51,0.6142857142857143,1.0,0.0,45,86,0.55,0.7647058823529411,0.23529411764705882,4,14,0.8,0.5,0.5,0,3
29,0.69,0.88,200.0,442,120,170,0,72,False,-1,none,0.3,0.85,0.87,0.66,0.79,0.61,0.6571428571428571,1.0,0.0,48,99,0.75,0.9166666666666666,0.08333333333333333,0,19,0.8,0.7777777777777778,0.2222222222222222,1,3
29,0.72,0.86,212.0,444,93,179,0,72,False,-1,none,0.3,0.84,0.8,0.54,0.84,0.56,0.6428571428571429,1.0,0.0,54,93,0.85,0.8846153846153846,0.11538461538461539,4,19,1.0,0.5333333333333333,0.4666666666666667,3,6
29,0.61,0.76,184.0,454,115,132,0,77,False,-1,none,0.3,0.75,0.78,0.53,0.69,0.48,0.5857142857142857,1.0,0.0,34,79,0.6,0.7368421052631579,0.2631578947368421,6,11,0.8,0.8125,0.1875,0,2
29,0.71,0.8,204.0,450,108,184,0,83,False,-1,none,0.3,0.87,0.81,0.6,0.83,0.61,0.6857142857142857,1.0,0.0,56,102,0.75,0.7058823529411765,0.29411764705882354,8,11,0.8,0.6,0.4,2,5
29,0.64,0.79,202.0,451,97,155,0,74,False,-1,none,0.3,0.79,0.75,0.56,0.72,0.49,0.6142857142857143,1.0,0.0,45,82,0.7,0.631578947368421,0.3684210526315789,11,11,0.7,0.7647058823529411,0.23529411764705882,3,3
29,0.66,0.78,182.79999999999998,452,108,181,0,83,True,0,Slow,0.3,0.85,0.87,0.52,0.83,0.6,0.6571428571428571,1.0,0.0,55,104,0.7,0.75,0.25,7,13,0.6,0.5454545454545454,0.45454545454545453,1,1
29,0.66,0.74,196.0,456,106,157,0,73,False,-1,none,0.3,0.77,0.78,0.53,0.72,0.57,0.6285714285714286,1.0,0.0,40,87,0.7,0.625,0.375,12,13,0.8,0.5714285714285714,0.42857142857142855,3,2
29,0.54,0.69,162.0,461,127,144,0,80,False,-1,none,0.3,0.8,0.8,0.49,0.74,0.57,0.4714285714285714,1.0,0.0,32,90,0.65,0.7894736842105263,0.21052631578947367,5,13,0.8,0.8823529411764706,0.11764705882352941,2,2
29,0.59,0.78,168.79999999999998,452,113,145,0,64,True,0,Slow,0.3,0.78,0.79,0.47,0.73,0.59,0.4714285714285714,1.0,0.0,29,87,0.85,0.8461538461538461,0.15384615384615385,10,15,0.9,0.7777777777777778,0.2222222222222222,0,4
29,0.58,0.71,158.0,459,113,146,0,80,False,-1,none,0.3,0.78,0.81,0.53,0.71,0.47,0.5428571428571428,1.0,0.0,40,86,0.75,0.9545454545454546,0.045454545454545456,2,15,0.5,0.7272727272727273,0.2727272727272727,1,2
29,0.7,0.81,190.0,449,118,173,0,63,False,-1,none,0.3,0.84,0.83,0.6,0.81,0.64,0.6714285714285714,1.0,0.0,49,107,0.7,0.8888888888888888,0.1111111111111111,3,11,0.9,0.6875,0.3125,1,2
29,0.62,0.73,177.79999999999998,457,116,155,0,76,True,1,Slow,0.3,0.77,0.79,0.51,0.8,0.57,0.6,1.0,0.0,36,99,0.7,0.6111111111111112,0.3888888888888889,5,11,0.6,0.5454545454545454,0.45454545454545453,2,2
29,0.65,0.8,176.2,450,115,147,0,73,True,0,Slow,0.3,0.8,0.79,0.53,0.74,0.56,0.6285714285714286,1.0,0.0,39,90,0.8,0.7727272727272727,0.22727272727272727,7,10,0.5,0.6923076923076923,0.3076923076923077,1,0
29,0.6,0.69,149.2,461,100,143,0,98,True,1,Slow,0.3,0.76,0.76,0.42,0.72,0.46,0.6,1.0,0.0,38,81,0.6,0.6666666666666666,0.3333333333333333,10,10,0.6,0.8,0.2,0,4
29,0.64,0.76,164.2,454,105,162,0,92,True,1,Slow,0.3,0.81,0.84,0.51,0.78,0.49,0.6142857142857143,1.0,0.0,45,94,0.7,0.7894736842105263,0.21052631578947367,6,13,0.7,0.6923076923076923,0.3076923076923077,1,3
29,0.6,0.71,162.0,459,120,143,0,71,False,-1,none,0.3,0.8,0.78,0.59,0.71,0.46,0.5571428571428572,1.0,0.0,42,84,0.65,0.85,0.15,3,12,0.8,0.8333333333333334,0.16666666666666666,0,2
29,0.71,0.85,202.0,445,102,174,0,74,False,-1,none,0.3,0.83,0.83,0.58,0.81,0.56,0.7,1.0,0.0,50,101,0.7,0.8947368421052632,0.10526315789473684,3,11,0.8,0.6470588235294118,0.35294117647058826,5,4
