seed,seller_id,seller_class,n_sold,revenue,inventory_remaining,position_score,visibility_prob,visibility_rate
0,0,Slow,20,40.0,110,0.9,0.95,0.77
0,1,Slow,32,64.0,98,0.9,0.95,0.81
0,2,Slow,17,34.0,113,0.3,0.65,0.52
0,3,Shigh,7,42.0,63,0.8,0.9,0.73
0,4,Shigh,4,24.0,66,0.3,0.65,0.55
0,0,Slow,32,64.0,98,0.9,0.95,0.81
0,1,Slow,24,48.0,106,0.9,0.95,0.8
0,2,Slow,15,30.0,115,0.3,0.65,0.56
0,3,Shigh,0,0.0,70,0.8,0.9,0.78
0,4,Shigh,3,18.0,67,0.3,0.65,0.55
0,0,Slow,25,50.0,105,0.9,0.95,0.85
0,1,Slow,29,58.0,101,0.9,0.95,0.81
0,2,Slow,19,38.0,111,0.3,0.65,0.58
0,3,Shigh,6,36.0,64,0.8,0.9,0.78
0,4,Shigh,0,0.0,70,0.3,0.65,0.47
0,0,Slow,22,44.0,108,0.9,0.95,0.8
0,1,Slow,23,46.0,107,0.9,0.95,0.73
0,2,Slow,20,40.0,110,0.3,0.65,0.53
0,3,Shigh,4,24.0,66,0.8,0.9,0.76
0,4,Shigh,6,36.0,64,0.3,0.65,0.55
0,0,Slow,30,60.0,100,0.9,0.95,0.77
0,1,Slow,29,40.59999999999998,101,0.9,0.95,0.86
0,2,Slow,18,36.0,112,0.3,0.65,0.58
0,3,Shigh,3,18.0,67,0.8,0.9,0.77
0,4,Shigh,5,30.0,65,0.3,0.65,0.51
0,0,Slow,31,62.0,99,0.9,0.95,0.81
0,1,Slow,23,46.0,107,0.9,0.95,0.83
0,2,Slow,17,34.0,113,0.3,0.65,0.54
0,3,Shigh,7,42.0,63,0.8,0.9,0.77
0,4,Shigh,4,24.0,66,0.3,0.65,0.61
0,0,Slow,24,48.0,106,0.9,0.95,0.72
0,1,Slow,22,44.0,108,0.9,0.95,0.77
0,2,Slow,12,24.0,118,0.3,0.65,0.48
0,3,Shigh,4,24.0,66,0.8,0.9,0.72
0,4,Shigh,3,18.0,67,0.3,0.65,0.49
0,0,Slow,21,42.0,109,0.9,0.95,0.78
0,1,Slow,22,44.0,108,0.9,0.95,0.78
0,2,Slow,18,36.0,112,0.3,0.65,0.61
0,3,Shigh,7,29.399999999999995,63,0.8,0.9,0.68
0,4,Shigh,2,12.0,68,0.3,0.65,0.58
0,0,Slow,36,72.0,94,0.9,0.95,0.87
0,1,Slow,23,46.0,107,0.9,0.95,0.87
0,2,Slow,22,44.0,108,0.3,0.65,0.57
0,3,Shigh,7,42.0,63,0.8,0.9,0.8
0,4,Shigh,1,6.0,69,0.3,0.65,0.5
0,0,Slow,29,58.0,101,0.9,0.95,0.81
0,1,Slow,25,50.0,105,0.9,0.95,0.81
0,2,Slow,17,34.0,113,0.3,0.65,0.56
0,3,Shigh,2,12.0,68,0.8,0.9,0.82
0,4,Shigh,2,12.0,68,0.3,0.65,0.62
0,0,Slow,23,46.0,107,0.9,0.95,0.79
0,1,Slow,30,60.0,100,0.9,0.95,0.78
0,2,Slow,21,42.0,109,0.3,0.65,0.58
0,3,Shigh,7,42.0,63,0.8,0.9,0.76
0,4,Shigh,2,12.0,68,0.3,0.65,0.53
0,0,Slow,30,60.0,100,0.9,0.95,0.78
0,1,Slow,23,46.0,107,0.9,0.95,0.81
0,2,Slow,12,24.0,118,0.3,0.65,0.54
0,3,Shigh,7,42.0,63,0.8,0.9,0.78
0,4,Shigh,4,24.0,66,0.3,0.65,0.45
0,0,Slow,24,48.0,106,0.9,0.95,0.78
0,1,Slow,23,46.0,107,0.9,0.95,0.76
0,2,Slow,18,36.0,112,0.3,0.65,0.53
0,3,Shigh,5,30.0,65,0.8,0.9,0.72
0,4,Shigh,4,24.0,66,0.3,0.65,0.59
0,0,Slow,21,42.0,109,0.9,0.95,0.79
0,1,Slow,25,50.0,105,0.9,0.95,0.82
0,2,Slow,17,34.0,113,0.3,0.65,0.55
0,3,Shigh,3,18.0,67,0.8,0.9,0.77
0,4,Shigh,2,12.0,68,0.3,0.65,0.52
0,0,Slow,25,50.0,105,0.9,0.95,0.78
0,1,Slow,26,52.0,104,0.9,0.95,0.8
0,2,Slow,17,34.0,113,0.3,0.65,0.6
0,3,Shigh,8,48.0,62,0.8,0.9,0.75
0,4,Shigh,2,12.0,68,0.3,0.65,0.57
0,0,Slow,21,42.0,109,0.9,0.95,0.7
0,1,Slow,23,46.0,107,0.9,0.95,0.74
0,2,Slow,22,44.0,108,0.3,0.65,0.55
0,3,Shigh,6,36.0,64,0.8,0.9,0.72
0,4,Shigh,3,18.0,67,0.3,0.65,0.49
0,0,Slow,24,48.0,106,0.9,0.95,0.81
0,1,Slow,26,52.0,104,0.9,0.95,0.83
0,2,Slow,17,34.0,113,0.3,0.65,0.64
0,3,Shigh,4,24.0,66,0.8,0.9,0.83
0,4,Shigh,9,37.8,61,0.3,0.65,0.56
0,0,Slow,26,52.0,104,0.9,0.95,0.75
0,1,Slow,26,52.0,104,0.9,0.95,0.77
0,2,Slow,18,36.0,112,0.3,0.65,0.59
0,3,Shigh,3,18.0,67,0.8,0.9,0.73
0,4,Shigh,1,6.0,69,0.3,0.65,0.55
0,0,Slow,23,46.0,107,0.9,0.95,0.8
0,1,Slow,25,50.0,105,0.9,0.95,0.78
0,2,Slow,16,32.0,114,0.3,0.65,0.5
0,3,Shigh,13,54.60000000000001,57,0.8,0.9,0.73
0,4,Shigh,2,12.0,68,0.3,0.65,0.55
0,0,Slow,28,56.0,102,0.9,0.95,0.79
0,1,Slow,25,34.999999999999986,105,0.9,0.95,0.79
0,2,Slow,13,26.0,117,0.3,0.65,0.51
0,3,Shigh,7,42.0,63,0.8,0.9,0.77
0,4,Shigh,2,12.0,68,0.3,0.65,0.54
0,0,Slow,27,54.0,103,0.9,0.95,0.78
0,1,Slow,23,46.0,107,0.9,0.95,0.76
0,2,Slow,19,38.0,111,0.3,0.65,0.5
0,3,Shigh,1,6.0,69,0.8,0.9,0.69
0,4,Shigh,4,24.0,66,0.3,0.65,0.58
0,0,Slow,17,34.0,113,0.9,0.95,0.75
0,1,Slow,28,56.0,102,0.9,0.95,0.75
0,2,Slow,22,44.0,108,0.3,0.65,0.53
0,3,Shigh,4,24.0,66,0.8,0.9,0.74
0,4,Shigh,4,24.0,66,0.3,0.65,0.47
1,0,Slow,22,44.0,108,0.9,0.95,0.81
1,1,Slow,21,42.0,109,0.9,0.95,0.78
1,2,Slow,19,38.0,111,0.3,0.65,0.49
1,3,Shigh,5,30.0,65,0.8,0.9,0.77
1,4,Shigh,4,24.0,66,0.3,0.65,0.57
1,0,Slow,28,56.0,102,0.9,0.95,0.84
1,1,Slow,27,54.0,103,0.9,0.95,0.84
1,2,Slow,18,36.0,112,0.3,0.65,0.61
1,3,Shigh,6,36.0,64,0.8,0.9,0.79
1,4,Shigh,3,18.0,67,0.3,0.65,0.54
1,0,Slow,21,42.0,109,0.9,0.95,0.84
1,1,Slow,25,50.0,105,0.9,0.95,0.78
1,2,Slow,23,46.0,107,0.3,0.65,0.59
1,3,Shigh,7,42.0,63,0.8,0.9,0.75
1,4,Shigh,3,18.0,67,0.3,0.65,0.57
1,0,Slow,29,58.0,101,0.9,0.95,0.84
1,1,Slow,23,46.0,107,0.9,0.95,0.83
1,2,Slow,15,30.0,115,0.3,0.65,0.56
1,3,Shigh,8,48.0,62,0.8,0.9,0.8
1,4,Shigh,2,12.0,68,0.3,0.65,0.57
1,0,Slow,24,48.0,106,0.9,0.95,0.78
1,1,Slow,21,42.0,109,0.9,0.95,0.78
1,2,Slow,16,32.0,114,0.3,0.65,0.55
1,3,Shigh,8,48.0,62,0.8,0.9,0.78
1,4,Shigh,3,18.0,67,0.3,0.65,0.5
1,0,Slow,27,54.0,103,0.9,0.95,0.83
1,1,Slow,19,38.0,111,0.9,0.95,0.78
1,2,Slow,21,42.0,109,0.3,0.65,0.56
1,3,Shigh,9,54.0,61,0.8,0.9,0.76
1,4,Shigh,3,18.0,67,0.3,0.65,0.52
1,0,Slow,35,70.0,95,0.9,0.95,0.81
1,1,Slow,24,48.0,106,0.9,0.95,0.82
1,2,Slow,12,24.0,118,0.3,0.65,0.56
1,3,Shigh,7,42.0,63,0.8,0.9,0.79
1,4,Shigh,5,20.999999999999996,65,0.3,0.65,0.61
1,0,Slow,21,42.0,109,0.9,0.95,0.86
1,1,Slow,20,40.0,110,0.9,0.95,0.86
1,2,Slow,24,48.0,106,0.3,0.65,0.68
1,3,Shigh,4,24.0,66,0.8,0.9,0.85
1,4,Shigh,4,24.0,66,0.3,0.65,0.58
1,0,Slow,29,58.0,101,0.9,0.95,0.79
1,1,Slow,26,52.0,104,0.9,0.95,0.83
1,2,Slow,13,26.0,117,0.3,0.65,0.55
1,3,Shigh,11,66.0,59,0.8,0.9,0.82
1,4,Shigh,1,6.0,69,0.3,0.65,0.59
1,0,Slow,26,52.0,104,0.9,0.95,0.83
1,1,Slow,29,58.0,101,0.9,0.95,0.81
1,2,Slow,19,26.59999999999999,111,0.3,0.65,0.54
1,3,Shigh,5,30.0,65,0.8,0.9,0.78
1,4,Shigh,3,18.0,67,0.3,0.65,0.54
1,0,Slow,25,50.0,105,0.9,0.95,0.83
1,1,Slow,15,30.0,115,0.9,0.95,0.78
1,2,Slow,23,46.0,107,0.3,0.65,0.6
1,3,Shigh,5,30.0,65,0.8,0.9,0.82
1,4,Shigh,5,30.0,65,0.3,0.65,0.52
1,0,Slow,26,52.0,104,0.9,0.95,0.85
1,1,Slow,27,54.0,103,0.9,0.95,0.76
1,2,Slow,18,36.0,112,0.3,0.65,0.63
1,3,Shigh,7,42.0,63,0.8,0.9,0.74
1,4,Shigh,2,12.0,68,0.3,0.65,0.6
1,0,Slow,19,38.0,111,0.9,0.95,0.82
1,1,Slow,23,46.0,107,0.9,0.95,0.83
1,2,Slow,14,28.0,116,0.3,0.65,0.54
1,3,Shigh,4,24.0,66,0.8,0.9,0.81
1,4,Shigh,6,36.0,64,0.3,0.65,0.58
1,0,Slow,25,50.0,105,0.9,0.95,0.84
1,1,Slow,31,62.0,99,0.9,0.95,0.86
1,2,Slow,22,44.0,108,0.3,0.65,0.62
1,3,Shigh,8,48.0,62,0.8,0.9,0.76
1,4,Shigh,0,0.0,70,0.3,0.65,0.52
1,0,Slow,26,52.0,104,0.9,0.95,0.79
1,1,Slow,21,42.0,109,0.9,0.95,0.76
1,2,Slow,15,30.0,115,0.3,0.65,0.5
1,3,Shigh,6,36.0,64,0.8,0.9,0.73
1,4,Shigh,5,30.0,65,0.3,0.65,0.55
1,0,Slow,30,60.0,100,0.9,0.95,0.84
1,1,Slow,30,60.0,100,0.9,0.95,0.8
1,2,Slow,13,26.0,117,0.3,0.65,0.59
1,3,Shigh,2,12.0,68,0.8,0.9,0.79
1,4,Shigh,5,30.0,65,0.3,0.65,0.55
1,0,Slow,35,70.0,95,0.9,0.95,0.79
1,1,Slow,25,50.0,105,0.9,0.95,0.81
1,2,Slow,14,28.0,116,0.3,0.65,0.56
1,3,Shigh,7,42.0,63,0.8,0.9,0.79
1,4,Shigh,1,6.0,69,0.3,0.65,0.53
1,0,Slow,30,60.0,100,0.9,0.95,0.8
1,1,Slow,25,50.0,105,0.9,0.95,0.8
1,2,Slow,18,36.0,112,0.3,0.65,0.58
1,3,Shigh,3,18.0,67,0.8,0.9,0.78
1,4,Shigh,0,0.0,70,0.3,0.65,0.56
1,0,Slow,28,56.0,102,0.9,0.95,0.86
1,1,Slow,31,62.0,99,0.9,0.95,0.85
1,2,Slow,11,22.0,119,0.3,0.65,0.5
1,3,Shigh,7,42.0,63,0.8,0.9,0.81
1,4,Shigh,3,18.0,67,0.3,0.65,0.61
1,0,Slow,20,40.0,110,0.9,0.95,0.76
1,1,Slow,27,54.0,103,0.9,0.95,0.74
1,2,Slow,21,42.0,109,0.3,0.65,0.49
1,3,Shigh,6,36.0,64,0.8,0.9,0.74
1,4,Shigh,1,6.0,69,0.3,0.65,0.56
1,0,Slow,27,54.0,103,0.9,0.95,0.77
1,1,Slow,27,54.0,103,0.9,0.95,0.79
1,2,Slow,18,25.199999999999992,112,0.3,0.65,0.55
1,3,Shigh,5,30.0,65,0.8,0.9,0.73
1,4,Shigh,2,12.0,68,0.3,0.65,0.46
1,0,Slow,24,48.0,106,0.9,0.95,0.8
1,1,Slow,29,58.0,101,0.9,0.95,0.8
1,2,Slow,8,16.0,122,0.3,0.65,0.43
1,3,Shigh,7,42.0,63,0.8,0.9,0.74
1,4,Shigh,5,30.0,65,0.3,0.65,0.62
2,0,Slow,26,52.0,104,0.9,0.95,0.83
2,1,Slow,17,34.0,113,0.9,0.95,0.77
2,2,Slow,22,44.0,108,0.3,0.65,0.62
2,3,Shigh,5,30.0,65,0.8,0.9,0.75
2,4,Shigh,8,48.0,62,0.3,0.65,0.54
2,0,Slow,26,52.0,104,0.9,0.95,0.82
2,1,Slow,27,54.0,103,0.9,0.95,0.79
2,2,Slow,13,26.0,117,0.3,0.65,0.56
2,3,Shigh,4,24.0,66,0.8,0.9,0.76
2,4,Shigh,6,36.0,64,0.3,0.65,0.53
2,0,Slow,28,56.0,102,0.9,0.95,0.77
2,1,Slow,19,38.0,111,0.9,0.95,0.78
2,2,Slow,18,36.0,112,0.3,0.65,0.51
2,3,Shigh,2,12.0,68,0.8,0.9,0.63
2,4,Shigh,3,18.0,67,0.3,0.65,0.46
2,0,Slow,22,44.0,108,0.9,0.95,0.76
2,1,Slow,28,56.0,102,0.9,0.95,0.78
2,2,Slow,13,26.0,117,0.3,0.65,0.48
2,3,Shigh,5,30.0,65,0.8,0.9,0.75
2,4,Shigh,1,6.0,69,0.3,0.65,0.47
2,0,Slow,26,52.0,104,0.9,0.95,0.83
2,1,Slow,22,44.0,108,0.9,0.95,0.85
2,2,Slow,22,44.0,108,0.3,0.65,0.67
2,3,Shigh,7,42.0,63,0.8,0.9,0.74
2,4,Shigh,1,6.0,69,0.3,0.65,0.55
2,0,Slow,32,64.0,98,0.9,0.95,0.83
2,1,Slow,26,52.0,104,0.9,0.95,0.85
2,2,Slow,15,30.0,115,0.3,0.65,0.61
2,3,Shigh,8,48.0,62,0.8,0.9,0.79
2,4,Shigh,2,12.0,68,0.3,0.65,0.58
2,0,Slow,28,56.0,102,0.9,0.95,0.79
2,1,Slow,28,39.19999999999998,102,0.9,0.95,0.82
2,2,Slow,10,20.0,120,0.3,0.65,0.53
2,3,Shigh,6,36.0,64,0.8,0.9,0.79
2,4,Shigh,0,0.0,70,0.3,0.65,0.6
2,0,Slow,29,58.0,101,0.9,0.95,0.81
2,1,Slow,21,42.0,109,0.9,0.95,0.82
2,2,Slow,20,40.0,110,0.3,0.65,0.52
2,3,Shigh,5,30.0,65,0.8,0.9,0.77
2,4,Shigh,4,24.0,66,0.3,0.65,0.55
2,0,Slow,26,52.0,104,0.9,0.95,0.83
2,1,Slow,32,64.0,98,0.9,0.95,0.78
2,2,Slow,14,28.0,116,0.3,0.65,0.54
2,3,Shigh,4,24.0,66,0.8,0.9,0.78
2,4,Shigh,0,0.0,70,0.3,0.65,0.57
2,0,Slow,23,46.0,107,0.9,0.95,0.79
2,1,Slow,24,48.0,106,0.9,0.95,0.8
2,2,Slow,28,56.0,102,0.3,0.65,0.67
2,3,Shigh,6,25.199999999999996,64,0.8,0.9,0.77
2,4,Shigh,7,42.0,63,0.3,0.65,0.62
2,0,Slow,23,46.0,107,0.9,0.95,0.84
2,1,Slow,30,60.0,100,0.9,0.95,0.84
2,2,Slow,24,48.0,106,0.3,0.65,0.49
2,3,Shigh,4,24.0,66,0.8,0.9,0.77
2,4,Shigh,3,18.0,67,0.3,0.65,0.61
2,0,Slow,23,46.0,107,0.9,0.95,0.77
2,1,Slow,33,66.0,97,0.9,0.95,0.79
2,2,Slow,13,26.0,117,0.3,0.65,0.48
2,3,Shigh,2,8.399999999999999,68,0.8,0.9,0.67
2,4,Shigh,3,18.0,67,0.3,0.65,0.48
2,0,Slow,35,70.0,95,0.9,0.95,0.89
2,1,Slow,25,50.0,105,0.9,0.95,0.89
2,2,Slow,21,42.0,109,0.3,0.65,0.58
2,3,Shigh,6,36.0,64,0.8,0.9,0.83
2,4,Shigh,2,12.0,68,0.3,0.65,0.55
2,0,Slow,18,36.0,112,0.9,0.95,0.85
2,1,Slow,32,64.0,98,0.9,0.95,0.78
2,2,Slow,21,42.0,109,0.3,0.65,0.57
2,3,Shigh,3,18.0,67,0.8,0.9,0.73
2,4,Shigh,2,12.0,68,0.3,0.65,0.48
2,0,Slow,22,44.0,108,0.9,0.95,0.75
2,1,Slow,28,56.0,102,0.9,0.95,0.82
2,2,Slow,18,36.0,112,0.3,0.65,0.56
2,3,Shigh,4,16.799999999999997,66,0.8,0.9,0.78
2,4,Shigh,4,24.0,66,0.3,0.65,0.57
2,0,Slow,31,62.0,99,0.9,0.95,0.78
2,1,Slow,17,34.0,113,0.9,0.95,0.75
2,2,Slow,19,38.0,111,0.3,0.65,0.52
2,3,Shigh,3,18.0,67,0.8,0.9,0.73
2,4,Shigh,1,6.0,69,0.3,0.65,0.58
2,0,Slow,27,54.0,103,0.9,0.95,0.83
2,1,Slow,27,54.0,103,0.9,0.95,0.84
2,2,Slow,19,38.0,111,0.3,0.65,0.55
2,3,Shigh,2,12.0,68,0.8,0.9,0.76
2,4,Shigh,3,18.0,67,0.3,0.65,0.56
2,0,Slow,32,64.0,98,0.9,0.95,0.85
2,1,Slow,27,54.0,103,0.9,0.95,0.88
2,2,Slow,19,38.0,111,0.3,0.65,0.59
2,3,Shigh,3,18.0,67,0.8,0.9,0.74
2,4,Shigh,6,36.0,64,0.3,0.65,0.64
2,0,Slow,26,52.0,104,0.9,0.95,0.83
2,1,Slow,30,60.0,100,0.9,0.95,0.84
2,2,Slow,18,36.0,112,0.3,0.65,0.56
2,3,Shigh,3,18.0,67,0.8,0.9,0.78
2,4,Shigh,6,36.0,64,0.3,0.65,0.51
2,0,Slow,28,56.0,102,0.9,0.95,0.81
2,1,Slow,26,52.0,104,0.9,0.95,0.79
2,2,Slow,10,20.0,120,0.3,0.65,0.52
2,3,Shigh,2,12.0,68,0.8,0.9,0.76
2,4,Shigh,4,24.0,66,0.3,0.65,0.56
2,0,Slow,24,48.0,106,0.9,0.95,0.83
2,1,Slow,25,50.0,105,0.9,0.95,0.83
2,2,Slow,19,38.0,111,0.3,0.65,0.59
2,3,Shigh,3,18.0,67,0.8,0.9,0.79
2,4,Shigh,4,24.0,66,0.3,0.65,0.55
2,0,Slow,17,34.0,113,0.9,0.95,0.79
2,1,Slow,31,62.0,99,0.9,0.95,0.77
2,2,Slow,11,22.0,119,0.3,0.65,0.58
2,3,Shigh,8,48.0,62,0.8,0.9,0.72
2,4,Shigh,3,18.0,67,0.3,0.65,0.56
3,0,Slow,21,42.0,109,0.9,0.95,0.79
3,1,Slow,21,29.399999999999988,109,0.9,0.95,0.8
3,2,Slow,21,42.0,109,0.3,0.65,0.53
3,3,Shigh,5,30.0,65,0.8,0.9,0.76
3,4,Shigh,5,30.0,65,0.3,0.65,0.61
3,0,Slow,26,52.0,104,0.9,0.95,0.84
3,1,Slow,26,52.0,104,0.9,0.95,0.81
3,2,Slow,24,48.0,106,0.3,0.65,0.57
3,3,Shigh,6,36.0,64,0.8,0.9,0.79
3,4,Shigh,4,24.0,66,0.3,0.65,0.53
3,0,Slow,29,58.0,101,0.9,0.95,0.88
3,1,Slow,26,52.0,104,0.9,0.95,0.83
3,2,Slow,13,26.0,117,0.3,0.65,0.61
3,3,Shigh,2,12.0,68,0.8,0.9,0.81
3,4,Shigh,7,42.0,63,0.3,0.65,0.67
3,0,Slow,20,40.0,110,0.9,0.95,0.82
3,1,Slow,30,60.0,100,0.9,0.95,0.83
3,2,Slow,17,34.0,113,0.3,0.65,0.55
3,3,Shigh,2,12.0,68,0.8,0.9,0.76
3,4,Shigh,3,18.0,67,0.3,0.65,0.56
3,0,Slow,21,42.0,109,0.9,0.95,0.87
3,1,Slow,32,64.0,98,0.9,0.95,0.83
3,2,Slow,17,34.0,113,0.3,0.65,0.54
3,3,Shigh,8,48.0,62,0.8,0.9,0.81
3,4,Shigh,1,6.0,69,0.3,0.65,0.59
3,0,Slow,25,50.0,105,0.9,0.95,0.85
3,1,Slow,29,58.0,101,0.9,0.95,0.85
3,2,Slow,18,36.0,112,0.3,0.65,0.63
3,3,Shigh,6,36.0,64,0.8,0.9,0.77
3,4,Shigh,5,30.0,65,0.3,0.65,0.59
3,0,Slow,29,58.0,101,0.9,0.95,0.76
3,1,Slow,23,46.0,107,0.9,0.95,0.78
3,2,Slow,16,32.0,114,0.3,0.65,0.51
3,3,Shigh,2,12.0,68,0.8,0.9,0.75
3,4,Shigh,4,24.0,66,0.3,0.65,0.56
3,0,Slow,21,42.0,109,0.9,0.95,0.76
3,1,Slow,22,44.0,108,0.9,0.95,0.76
3,2,Slow,18,36.0,112,0.3,0.65,0.52
3,3,Shigh,5,30.0,65,0.8,0.9,0.72
3,4,Shigh,3,18.0,67,0.3,0.65,0.53
3,0,Slow,22,44.0,108,0.9,0.95,0.85
3,1,Slow,31,62.0,99,0.9,0.95,0.85
3,2,Slow,19,38.0,111,0.3,0.65,0.57
3,3,Shigh,3,18.0,67,0.8,0.9,0.81
3,4,Shigh,4,24.0,66,0.3,0.65,0.55
3,0,Slow,25,50.0,105,0.9,0.95,0.78
3,1,Slow,30,60.0,100,0.9,0.95,0.78
3,2,Slow,16,32.0,114,0.3,0.65,0.48
3,3,Shigh,4,24.0,66,0.8,0.9,0.73
3,4,Shigh,5,30.0,65,0.3,0.65,0.55
3,0,Slow,28,56.0,102,0.9,0.95,0.77
3,1,Slow,23,46.0,107,0.9,0.95,0.79
3,2,Slow,15,30.0,115,0.3,0.65,0.53
3,3,Shigh,4,24.0,66,0.8,0.9,0.75
3,4,Shigh,3,18.0,67,0.3,0.65,0.59
3,0,Slow,28,56.0,102,0.9,0.95,0.83
3,1,Slow,28,39.19999999999998,102,0.9,0.95,0.82
3,2,Slow,13,26.0,117,0.3,0.65,0.46
3,3,Shigh,4,24.0,66,0.8,0.9,0.74
3,4,Shigh,8,48.0,62,0.3,0.65,0.51
3,0,Slow,23,46.0,107,0.9,0.95,0.78
3,1,Slow,27,54.0,103,0.9,0.95,0.78
3,2,Slow,14,28.0,116,0.3,0.65,0.53
3,3,Shigh,5,30.0,65,0.8,0.9,0.75
3,4,Shigh,3,18.0,67,0.3,0.65,0.54
3,0,Slow,23,46.0,107,0.9,0.95,0.8
3,1,Slow,23,46.0,107,0.9,0.95,0.81
3,2,Slow,18,36.0,112,0.3,0.65,0.59
3,3,Shigh,5,30.0,65,0.8,0.9,0.73
3,4,Shigh,2,12.0,68,0.3,0.65,0.51
3,0,Slow,14,28.0,116,0.9,0.95,0.73
3,1,Slow,32,64.0,98,0.9,0.95,0.78
3,2,Slow,19,38.0,111,0.3,0.65,0.53
3,3,Shigh,4,24.0,66,0.8,0.9,0.71
3,4,Shigh,3,18.0,67,0.3,0.65,0.48
3,0,Slow,27,54.0,103,0.9,0.95,0.84
3,1,Slow,24,48.0,106,0.9,0.95,0.8
3,2,Slow,10,20.0,120,0.3,0.65,0.48
3,3,Shigh,4,24.0,66,0.8,0.9,0.85
3,4,Shigh,3,18.0,67,0.3,0.65,0.55
3,0,Slow,20,40.0,110,0.9,0.95,0.79
3,1,Slow,23,46.0,107,0.9,0.95,0.81
3,2,Slow,18,36.0,112,0.3,0.65,0.62
3,3,Shigh,3,18.0,67,0.8,0.9,0.74
3,4,Shigh,5,30.0,65,0.3,0.65,0.61
3,0,Slow,25,50.0,105,0.9,0.95,0.75
3,1,Slow,14,19.599999999999998,116,0.9,0.95,0.74
3,2,Slow,14,28.0,116,0.3,0.65,0.51
3,3,Shigh,5,30.0,65,0.8,0.9,0.67
3,4,Shigh,5,30.0,65,0.3,0.65,0.48
3,0,Slow,34,68.0,96,0.9,0.95,0.79
3,1,Slow,16,32.0,114,0.9,0.95,0.74
3,2,Slow,16,32.0,114,0.3,0.65,0.54
3,3,Shigh,2,12.0,68,0.8,0.9,0.73
3,4,Shigh,1,6.0,69,0.3,0.65,0.51
3,0,Slow,27,54.0,103,0.9,0.95,0.84
3,1,Slow,21,42.0,109,0.9,0.95,0.8
3,2,Slow,12,24.0,118,0.3,0.65,0.57
3,3,Shigh,7,42.0,63,0.8,0.9,0.77
3,4,Shigh,5,30.0,65,0.3,0.65,0.49
3,0,Slow,27,54.0,103,0.9,0.95,0.85
3,1,Slow,32,64.0,98,0.9,0.95,0.85
3,2,Slow,21,42.0,109,0.3,0.65,0.62
3,3,Shigh,2,12.0,68,0.8,0.9,0.8
3,4,Shigh,4,24.0,66,0.3,0.65,0.5
3,0,Slow,23,46.0,107,0.9,0.95,0.74
3,1,Slow,27,54.0,103,0.9,0.95,0.8
3,2,Slow,22,44.0,108,0.3,0.65,0.57
3,3,Shigh,5,30.0,65,0.8,0.9,0.73
3,4,Shigh,3,18.0,67,0.3,0.65,0.6
4,0,Slow,30,60.0,100,0.9,0.95,0.83
4,1,Slow,21,42.0,109,0.9,0.95,0.83
4,2,Slow,17,34.0,113,0.3,0.65,0.51
4,3,Shigh,7,42.0,63,0.8,0.9,0.76
4,4,Shigh,7,42.0,63,0.3,0.65,0.6
4,0,Slow,31,62.0,99,0.9,0.95,0.82
4,1,Slow,26,52.0,104,0.9,0.95,0.82
4,2,Slow,12,24.0,118,0.3,0.65,0.54
4,3,Shigh,7,42.0,63,0.8,0.9,0.78
4,4,Shigh,2,12.0,68,0.3,0.65,0.55
4,0,Slow,26,52.0,104,0.9,0.95,0.73
4,1,Slow,25,50.0,105,0.9,0.95,0.73
4,2,Slow,9,18.0,121,0.3,0.65,0.4
4,3,Shigh,6,36.0,64,0.8,0.9,0.71
4,4,Shigh,2,12.0,68,0.3,0.65,0.51
4,0,Slow,27,54.0,103,0.9,0.95,0.86
4,1,Slow,25,50.0,105,0.9,0.95,0.83
4,2,Slow,19,38.0,111,0.3,0.65,0.64
4,3,Shigh,7,42.0,63,0.8,0.9,0.82
4,4,Shigh,5,30.0,65,0.3,0.65,0.65
4,0,Slow,38,76.0,92,0.9,0.95,0.8
4,1,Slow,21,42.0,109,0.9,0.95,0.82
4,2,Slow,18,36.0,112,0.3,0.65,0.58
4,3,Shigh,5,30.0,65,0.8,0.9,0.77
4,4,Shigh,3,18.0,67,0.3,0.65,0.49
4,0,Slow,32,44.799999999999976,98,0.9,0.95,0.84
4,1,Slow,24,48.0,106,0.9,0.95,0.86
4,2,Slow,22,44.0,108,0.3,0.65,0.55
4,3,Shigh,5,30.0,65,0.8,0.9,0.79
4,4,Shigh,5,30.0,65,0.3,0.65,0.6
4,0,Slow,28,56.0,102,0.9,0.95,0.8
4,1,Slow,26,52.0,104,0.9,0.95,0.8
4,2,Slow,22,44.0,108,0.3,0.65,0.56
4,3,Shigh,3,18.0,67,0.8,0.9,0.74
4,4,Shigh,4,24.0,66,0.3,0.65,0.55
4,0,Slow,22,44.0,108,0.9,0.95,0.8
4,1,Slow,20,40.0,110,0.9,0.95,0.81
4,2,Slow,22,44.0,108,0.3,0.65,0.53
4,3,Shigh,8,48.0,62,0.8,0.9,0.77
4,4,Shigh,2,12.0,68,0.3,0.65,0.55
4,0,Slow,31,62.0,99,0.9,0.95,0.83
4,1,Slow,24,48.0,106,0.9,0.95,0.85
4,2,Slow,16,32.0,114,0.3,0.65,0.58
4,3,Shigh,6,36.0,64,0.8,0.9,0.84
4,4,Shigh,4,24.0,66,0.3,0.65,0.6
4,0,Slow,25,50.0,105,0.9,0.95,0.81
4,1,Slow,19,38.0,111,0.9,0.95,0.83
4,2,Slow,20,40.0,110,0.3,0.65,0.57
4,3,Shigh,7,42.0,63,0.8,0.9,0.8
4,4,Shigh,2,12.0,68,0.3,0.65,0.54
4,0,Slow,38,76.0,92,0.9,0.95,0.88
4,1,Slow,30,41.99999999999998,100,0.9,0.95,0.85
4,2,Slow,15,30.0,115,0.3,0.65,0.58
4,3,Shigh,2,12.0,68,0.8,0.9,0.79
4,4,Shigh,5,30.0,65,0.3,0.65,0.62
4,0,Slow,22,44.0,108,0.9,0.95,0.82
4,1,Slow,23,46.0,107,0.9,0.95,0.77
4,2,Slow,16,32.0,114,0.3,0.65,0.52
4,3,Shigh,3,18.0,67,0.8,0.9,0.7
4,4,Shigh,6,36.0,64,0.3,0.65,0.59
4,0,Slow,24,48.0,106,0.9,0.95,0.76
4,1,Slow,31,62.0,99,0.9,0.95,0.79
4,2,Slow,21,42.0,109,0.3,0.65,0.59
4,3,Shigh,4,24.0,66,0.8,0.9,0.82
4,4,Shigh,4,24.0,66,0.3,0.65,0.61
4,0,Slow,24,48.0,106,0.9,0.95,0.85
4,1,Slow,27,54.0,103,0.9,0.95,0.83
4,2,Slow,16,32.0,114,0.3,0.65,0.6
4,3,Shigh,4,24.0,66,0.8,0.9,0.72
4,4,Shigh,5,20.999999999999996,65,0.3,0.65,0.55
4,0,Slow,24,48.0,106,0.9,0.95,0.79
4,1,Slow,26,52.0,104,0.9,0.95,0.8
4,2,Slow,15,30.0,115,0.3,0.65,0.56
4,3,Shigh,2,12.0,68,0.8,0.9,0.73
4,4,Shigh,6,36.0,64,0.3,0.65,0.58
4,0,Slow,23,46.0,107,0.9,0.95,0.82
4,1,Slow,26,36.399999999999984,104,0.9,0.95,0.84
4,2,Slow,23,46.0,107,0.3,0.65,0.6
4,3,Shigh,4,24.0,66,0.8,0.9,0.74
4,4,Shigh,7,42.0,63,0.3,0.65,0.53
4,0,Slow,27,54.0,103,0.9,0.95,0.79
4,1,Slow,27,54.0,103,0.9,0.95,0.79
4,2,Slow,23,46.0,107,0.3,0.65,0.51
4,3,Shigh,6,36.0,64,0.8,0.9,0.78
4,4,Shigh,3,18.0,67,0.3,0.65,0.49
4,0,Slow,30,60.0,100,0.9,0.95,0.81
4,1,Slow,25,50.0,105,0.9,0.95,0.84
4,2,Slow,17,34.0,113,0.3,0.65,0.6
4,3,Shigh,2,12.0,68,0.8,0.9,0.78
4,4,Shigh,5,30.0,65,0.3,0.65,0.53
4,0,Slow,24,48.0,106,0.9,0.95,0.83
4,1,Slow,28,56.0,102,0.9,0.95,0.83
4,2,Slow,22,44.0,108,0.3,0.65,0.6
4,3,Shigh,5,30.0,65,0.8,0.9,0.84
4,4,Shigh,4,24.0,66,0.3,0.65,0.59
4,0,Slow,20,40.0,110,0.9,0.95,0.79
4,1,Slow,22,44.0,108,0.9,0.95,0.81
4,2,Slow,23,46.0,107,0.3,0.65,0.51
4,3,Shigh,4,24.0,66,0.8,0.9,0.79
4,4,Shigh,5,30.0,65,0.3,0.65,0.56
4,0,Slow,20,40.0,110,0.9,0.95,0.74
4,1,Slow,19,38.0,111,0.9,0.95,0.76
4,2,Slow,15,30.0,115,0.3,0.65,0.48
4,3,Shigh,7,42.0,63,0.8,0.9,0.73
4,4,Shigh,6,36.0,64,0.3,0.65,0.51
4,0,Slow,26,52.0,104,0.9,0.95,0.87
4,1,Slow,25,34.999999999999986,105,0.9,0.95,0.87
4,2,Slow,26,52.0,104,0.3,0.65,0.65
4,3,Shigh,6,36.0,64,0.8,0.9,0.78
4,4,Shigh,5,30.0,65,0.3,0.65,0.63
5,0,Slow,22,44.0,108,0.9,0.95,0.81
5,1,Slow,28,56.0,102,0.9,0.95,0.86
5,2,Slow,18,36.0,112,0.3,0.65,0.62
5,3,Shigh,8,48.0,62,0.8,0.9,0.83
5,4,Shigh,7,29.399999999999995,63,0.3,0.65,0.59
5,0,Slow,32,64.0,98,0.9,0.95,0.86
5,1,Slow,29,58.0,101,0.9,0.95,0.87
5,2,Slow,19,38.0,111,0.3,0.65,0.6
5,3,Shigh,7,42.0,63,0.8,0.9,0.78
5,4,Shigh,4,16.799999999999997,66,0.3,0.65,0.6
5,0,Slow,19,38.0,111,0.9,0.95,0.79
5,1,Slow,28,56.0,102,0.9,0.95,0.78
5,2,Slow,23,46.0,107,0.3,0.65,0.54
5,3,Shigh,3,12.599999999999998,67,0.8,0.9,0.8
5,4,Shigh,3,18.0,67,0.3,0.65,0.61
5,0,Slow,26,52.0,104,0.9,0.95,0.79
5,1,Slow,35,70.0,95,0.9,0.95,0.83
5,2,Slow,14,28.0,116,0.3,0.65,0.47
5,3,Shigh,4,24.0,66,0.8,0.9,0.76
5,4,Shigh,2,12.0,68,0.3,0.65,0.54
5,0,Slow,25,50.0,105,0.9,0.95,0.81
5,1,Slow,21,42.0,109,0.9,0.95,0.8
5,2,Slow,17,34.0,113,0.3,0.65,0.59
5,3,Shigh,5,30.0,65,0.8,0.9,0.76
5,4,Shigh,4,24.0,66,0.3,0.65,0.53
5,0,Slow,25,50.0,105,0.9,0.95,0.77
5,1,Slow,28,56.0,102,0.9,0.95,0.81
5,2,Slow,13,26.0,117,0.3,0.65,0.52
5,3,Shigh,8,33.599999999999994,62,0.8,0.9,0.72
5,4,Shigh,4,24.0,66,0.3,0.65,0.51
5,0,Slow,27,54.0,103,0.9,0.95,0.88
5,1,Slow,27,54.0,103,0.9,0.95,0.9
5,2,Slow,24,48.0,106,0.3,0.65,0.57
5,3,Shigh,4,24.0,66,0.8,0.9,0.78
5,4,Shigh,0,0.0,70,0.3,0.65,0.55
5,0,Slow,27,54.0,103,0.9,0.95,0.85
5,1,Slow,27,54.0,103,0.9,0.95,0.79
5,2,Slow,18,36.0,112,0.3,0.65,0.59
5,3,Shigh,6,36.0,64,0.8,0.9,0.79
5,4,Shigh,4,24.0,66,0.3,0.65,0.57
5,0,Slow,32,64.0,98,0.9,0.95,0.8
5,1,Slow,20,40.0,110,0.9,0.95,0.81
5,2,Slow,18,36.0,112,0.3,0.65,0.49
5,3,Shigh,5,30.0,65,0.8,0.9,0.79
5,4,Shigh,2,12.0,68,0.3,0.65,0.52
5,0,Slow,25,50.0,105,0.9,0.95,0.72
5,1,Slow,19,38.0,111,0.9,0.95,0.75
5,2,Slow,15,30.0,115,0.3,0.65,0.54
5,3,Shigh,7,42.0,63,0.8,0.9,0.74
5,4,Shigh,4,24.0,66,0.3,0.65,0.54
5,0,Slow,30,41.99999999999998,100,0.9,0.95,0.83
5,1,Slow,21,42.0,109,0.9,0.95,0.8
5,2,Slow,16,32.0,114,0.3,0.65,0.56
5,3,Shigh,4,24.0,66,0.8,0.9,0.8
5,4,Shigh,4,24.0,66,0.3,0.65,0.67
5,0,Slow,22,30.799999999999986,108,0.9,0.95,0.73
5,1,Slow,23,46.0,107,0.9,0.95,0.73
5,2,Slow,19,38.0,111,0.3,0.65,0.51
5,3,Shigh,3,18.0,67,0.8,0.9,0.68
5,4,Shigh,3,18.0,67,0.3,0.65,0.48
5,0,Slow,22,44.0,108,0.9,0.95,0.67
5,1,Slow,30,60.0,100,0.9,0.95,0.71
5,2,Slow,13,26.0,117,0.3,0.65,0.42
5,3,Shigh,10,60.0,60,0.8,0.9,0.68
5,4,Shigh,1,6.0,69,0.3,0.65,0.4
5,0,Slow,32,64.0,98,0.9,0.95,0.8
5,1,Slow,32,64.0,98,0.9,0.95,0.81
5,2,Slow,8,16.0,122,0.3,0.65,0.55
5,3,Shigh,5,30.0,65,0.8,0.9,0.74
5,4,Shigh,3,18.0,67,0.3,0.65,0.52
5,0,Slow,26,52.0,104,0.9,0.95,0.79
5,1,Slow,26,52.0,104,0.9,0.95,0.8
5,2,Slow,15,30.0,115,0.3,0.65,0.6
5,3,Shigh,9,54.0,61,0.8,0.9,0.79
5,4,Shigh,1,6.0,69,0.3,0.65,0.62
5,0,Slow,27,54.0,103,0.9,0.95,0.82
5,1,Slow,27,54.0,103,0.9,0.95,0.84
5,2,Slow,16,32.0,114,0.3,0.65,0.57
5,3,Shigh,5,30.0,65,0.8,0.9,0.74
5,4,Shigh,2,12.0,68,0.3,0.65,0.49
5,0,Slow,26,52.0,104,0.9,0.95,0.76
5,1,Slow,24,48.0,106,0.9,0.95,0.72
5,2,Slow,20,40.0,110,0.3,0.65,0.51
5,3,Shigh,7,42.0,63,0.8,0.9,0.7
5,4,Shigh,1,6.0,69,0.3,0.65,0.6
5,0,Slow,27,54.0,103,0.9,0.95,0.84
5,1,Slow,26,52.0,104,0.9,0.95,0.81
5,2,Slow,12,24.0,118,0.3,0.65,0.5
5,3,Shigh,3,18.0,67,0.8,0.9,0.73
5,4,Shigh,4,24.0,66,0.3,0.65,0.68
5,0,Slow,23,46.0,107,0.9,0.95,0.75
5,1,Slow,22,44.0,108,0.9,0.95,0.75
5,2,Slow,21,42.0,109,0.3,0.65,0.55
5,3,Shigh,6,36.0,64,0.8,0.9,0.69
5,4,Shigh,7,42.0,63,0.3,0.65,0.51
5,0,Slow,24,48.0,106,0.9,0.95,0.84
5,1,Slow,28,56.0,102,0.9,0.95,0.82
5,2,Slow,15,30.0,115,0.3,0.65,0.54
5,3,Shigh,3,18.0,67,0.8,0.9,0.77
5,4,Shigh,3,18.0,67,0.3,0.65,0.65
5,0,Slow,19,38.0,111,0.9,0.95,0.75
5,1,Slow,32,64.0,98,0.9,0.95,0.8
5,2,Slow,16,32.0,114,0.3,0.65,0.58
5,3,Shigh,5,30.0,65,0.8,0.9,0.78
5,4,Shigh,3,18.0,67,0.3,0.65,0.53
5,0,Slow,29,58.0,101,0.9,0.95,0.85
5,1,Slow,29,58.0,101,0.9,0.95,0.83
5,2,Slow,13,26.0,117,0.3,0.65,0.56
5,3,Shigh,7,42.0,63,0.8,0.9,0.78
5,4,Shigh,6,36.0,64,0.3,0.65,0.58
6,0,Slow,25,50.0,105,0.9,0.95,0.83
6,1,Slow,29,40.59999999999998,101,0.9,0.95,0.83
6,2,Slow,13,26.0,117,0.3,0.65,0.54
6,3,Shigh,4,24.0,66,0.8,0.9,0.78
6,4,Shigh,3,18.0,67,0.3,0.65,0.55
6,0,Slow,27,54.0,103,0.9,0.95,0.82
6,1,Slow,21,42.0,109,0.9,0.95,0.83
6,2,Slow,27,54.0,103,0.3,0.65,0.58
6,3,Shigh,9,54.0,61,0.8,0.9,0.78
6,4,Shigh,2,12.0,68,0.3,0.65,0.51
6,0,Slow,25,50.0,105,0.9,0.95,0.79
6,1,Slow,33,66.0,97,0.9,0.95,0.82
6,2,Slow,19,38.0,111,0.3,0.65,0.57
6,3,Shigh,5,30.0,65,0.8,0.9,0.78
6,4,Shigh,4,24.0,66,0.3,0.65,0.57
6,0,Slow,30,41.99999999999998,100,0.9,0.95,0.8
6,1,Slow,26,52.0,104,0.9,0.95,0.76
6,2,Slow,20,40.0,110,0.3,0.65,0.49
6,3,Shigh,7,42.0,63,0.8,0.9,0.76
6,4,Shigh,1,6.0,69,0.3,0.65,0.53
6,0,Slow,30,41.99999999999998,100,0.9,0.95,0.82
6,1,Slow,22,44.0,108,0.9,0.95,0.8
6,2,Slow,16,32.0,114,0.3,0.65,0.52
6,3,Shigh,6,36.0,64,0.8,0.9,0.83
6,4,Shigh,6,36.0,64,0.3,0.65,0.63
6,0,Slow,33,46.199999999999974,97,0.9,0.95,0.82
6,1,Slow,20,40.0,110,0.9,0.95,0.82
6,2,Slow,16,32.0,114,0.3,0.65,0.64
6,3,Shigh,6,36.0,64,0.8,0.9,0.81
6,4,Shigh,8,48.0,62,0.3,0.65,0.5
6,0,Slow,22,44.0,108,0.9,0.95,0.77
6,1,Slow,19,38.0,111,0.9,0.95,0.77
6,2,Slow,23,46.0,107,0.3,0.65,0.52
6,3,Shigh,6,36.0,64,0.8,0.9,0.71
6,4,Shigh,3,18.0,67,0.3,0.65,0.55
6,0,Slow,35,70.0,95,0.9,0.95,0.82
6,1,Slow,21,42.0,109,0.9,0.95,0.79
6,2,Slow,20,40.0,110,0.3,0.65,0.53
6,3,Shigh,3,18.0,67,0.8,0.9,0.78
6,4,Shigh,2,12.0,68,0.3,0.65,0.48
6,0,Slow,21,42.0,109,0.9,0.95,0.79
6,1,Slow,28,56.0,102,0.9,0.95,0.8
6,2,Slow,23,46.0,107,0.3,0.65,0.62
6,3,Shigh,5,30.0,65,0.8,0.9,0.81
6,4,Shigh,1,6.0,69,0.3,0.65,0.49
6,0,Slow,28,56.0,102,0.9,0.95,0.76
6,1,Slow,29,58.0,101,0.9,0.95,0.77
6,2,Slow,15,30.0,115,0.3,0.65,0.53
6,3,Shigh,4,24.0,66,0.8,0.9,0.71
6,4,Shigh,3,18.0,67,0.3,0.65,0.53
6,0,Slow,25,50.0,105,0.9,0.95,0.77
6,1,Slow,24,48.0,106,0.9,0.95,0.79
6,2,Slow,21,42.0,109,0.3,0.65,0.53
6,3,Shigh,3,18.0,67,0.8,0.9,0.74
6,4,Shigh,4,24.0,66,0.3,0.65,0.47
6,0,Slow,26,52.0,104,0.9,0.95,0.8
6,1,Slow,24,48.0,106,0.9,0.95,0.82
6,2,Slow,21,42.0,109,0.3,0.65,0.56
6,3,Shigh,4,24.0,66,0.8,0.9,0.7
6,4,Shigh,6,36.0,64,0.3,0.65,0.52
6,0,Slow,25,50.0,105,0.9,0.95,0.76
6,1,Slow,20,40.0,110,0.9,0.95,0.76
6,2,Slow,17,34.0,113,0.3,0.65,0.48
6,3,Shigh,3,18.0,67,0.8,0.9,0.72
6,4,Shigh,4,24.0,66,0.3,0.65,0.58
6,0,Slow,27,54.0,103,0.9,0.95,0.81
6,1,Slow,31,62.0,99,0.9,0.95,0.82
6,2,Slow,8,16.0,122,0.3,0.65,0.46
6,3,Shigh,4,24.0,66,0.8,0.9,0.77
6,4,Shigh,3,18.0,67,0.3,0.65,0.54
6,0,Slow,25,50.0,105,0.9,0.95,0.82
6,1,Slow,27,54.0,103,0.9,0.95,0.83
6,2,Slow,20,40.0,110,0.3,0.65,0.6
6,3,Shigh,9,54.0,61,0.8,0.9,0.77
6,4,Shigh,2,12.0,68,0.3,0.65,0.56
6,0,Slow,26,52.0,104,0.9,0.95,0.79
6,1,Slow,24,48.0,106,0.9,0.95,0.77
6,2,Slow,19,38.0,111,0.3,0.65,0.53
6,3,Shigh,4,24.0,66,0.8,0.9,0.68
6,4,Shigh,3,18.0,67,0.3,0.65,0.5
6,0,Slow,21,42.0,109,0.9,0.95,0.77
6,1,Slow,25,50.0,105,0.9,0.95,0.76
6,2,Slow,19,38.0,111,0.3,0.65,0.56
6,3,Shigh,3,18.0,67,0.8,0.9,0.7
6,4,Shigh,4,24.0,66,0.3,0.65,0.52
6,0,Slow,30,60.0,100,0.9,0.95,0.82
6,1,Slow,26,52.0,104,0.9,0.95,0.84
6,2,Slow,27,54.0,103,0.3,0.65,0.57
6,3,Shigh,5,30.0,65,0.8,0.9,0.82
6,4,Shigh,1,6.0,69,0.3,0.65,0.53
6,0,Slow,29,58.0,101,0.9,0.95,0.73
6,1,Slow,22,44.0,108,0.9,0.95,0.72
6,2,Slow,15,30.0,115,0.3,0.65,0.49
6,3,Shigh,3,18.0,67,0.8,0.9,0.77
6,4,Shigh,2,12.0,68,0.3,0.65,0.49
6,0,Slow,31,62.0,99,0.9,0.95,0.79
6,1,Slow,27,54.0,103,0.9,0.95,0.78
6,2,Slow,20,40.0,110,0.3,0.65,0.57
6,3,Shigh,6,36.0,64,0.8,0.9,0.78
6,4,Shigh,6,36.0,64,0.3,0.65,0.55
6,0,Slow,27,37.79999999999998,103,0.9,0.95,0.84
6,1,Slow,28,56.0,102,0.9,0.95,0.84
6,2,Slow,22,44.0,108,0.3,0.65,0.61
6,3,Shigh,3,18.0,67,0.8,0.9,0.78
6,4,Shigh,5,30.0,65,0.3,0.65,0.6
6,0,Slow,28,56.0,102,0.9,0.95,0.78
6,1,Slow,26,52.0,104,0.9,0.95,0.76
6,2,Slow,16,32.0,114,0.3,0.65,0.62
6,3,Shigh,5,30.0,65,0.8,0.9,0.78
6,4,Shigh,4,24.0,66,0.3,0.65,0.54
7,0,Slow,28,56.0,102,0.9,0.95,0.83
7,1,Slow,37,74.0,93,0.9,0.95,0.88
7,2,Slow,14,28.0,116,0.3,0.65,0.51
7,3,Shigh,3,18.0,67,0.8,0.9,0.78
7,4,Shigh,3,18.0,67,0.3,0.65,0.58
7,0,Slow,20,40.0,110,0.9,0.95,0.79
7,1,Slow,25,50.0,105,0.9,0.95,0.76
7,2,Slow,19,38.0,111,0.3,0.65,0.56
7,3,Shigh,6,36.0,64,0.8,0.9,0.71
7,4,Shigh,5,30.0,65,0.3,0.65,0.52
7,0,Slow,24,48.0,106,0.9,0.95,0.83
7,1,Slow,34,68.0,96,0.9,0.95,0.84
7,2,Slow,20,40.0,110,0.3,0.65,0.6
7,3,Shigh,6,36.0,64,0.8,0.9,0.79
7,4,Shigh,4,24.0,66,0.3,0.65,0.63
7,0,Slow,21,42.0,109,0.9,0.95,0.77
7,1,Slow,29,58.0,101,0.9,0.95,0.75
7,2,Slow,15,30.0,115,0.3,0.65,0.5
7,3,Shigh,3,18.0,67,0.8,0.9,0.73
7,4,Shigh,4,24.0,66,0.3,0.65,0.47
7,0,Slow,28,56.0,102,0.9,0.95,0.87
7,1,Slow,23,46.0,107,0.9,0.95,0.81
7,2,Slow,14,28.0,116,0.3,0.65,0.54
7,3,Shigh,2,12.0,68,0.8,0.9,0.82
7,4,Shigh,3,18.0,67,0.3,0.65,0.55
7,0,Slow,24,48.0,106,0.9,0.95,0.81
7,1,Slow,21,42.0,109,0.9,0.95,0.8
7,2,Slow,25,50.0,105,0.3,0.65,0.56
7,3,Shigh,8,48.0,62,0.8,0.9,0.75
7,4,Shigh,3,18.0,67,0.3,0.65,0.58
7,0,Slow,20,40.0,110,0.9,0.95,0.76
7,1,Slow,21,42.0,109,0.9,0.95,0.76
7,2,Slow,17,34.0,113,0.3,0.65,0.52
7,3,Shigh,5,30.0,65,0.8,0.9,0.7
7,4,Shigh,5,30.0,65,0.3,0.65,0.51
7,0,Slow,22,44.0,108,0.9,0.95,0.8
7,1,Slow,29,58.0,101,0.9,0.95,0.8
7,2,Slow,18,36.0,112,0.3,0.65,0.62
7,3,Shigh,5,30.0,65,0.8,0.9,0.8
7,4,Shigh,4,24.0,66,0.3,0.65,0.51
7,0,Slow,23,46.0,107,0.9,0.95,0.79
7,1,Slow,26,52.0,104,0.9,0.95,0.8
7,2,Slow,15,30.0,115,0.3,0.65,0.51
7,3,Shigh,3,18.0,67,0.8,0.9,0.78
7,4,Shigh,6,36.0,64,0.3,0.65,0.58
7,0,Slow,27,54.0,103,0.9,0.95,0.83
7,1,Slow,31,62.0,99,0.9,0.95,0.86
7,2,Slow,18,36.0,112,0.3,0.65,0.57
7,3,Shigh,3,18.0,67,0.8,0.9,0.82
7,4,Shigh,3,18.0,67,0.3,0.65,0.56
7,0,Slow,25,34.999999999999986,105,0.9,0.95,0.79
7,1,Slow,23,46.0,107,0.9,0.95,0.83
7,2,Slow,18,36.0,112,0.3,0.65,0.57
7,3,Shigh,6,36.0,64,0.8,0.9,0.77
7,4,Shigh,5,30.0,65,0.3,0.65,0.57
7,0,Slow,21,42.0,109,0.9,0.95,0.81
7,1,Slow,29,58.0,101,0.9,0.95,0.8
7,2,Slow,21,42.0,109,0.3,0.65,0.52
7,3,Shigh,8,48.0,62,0.8,0.9,0.78
7,4,Shigh,5,30.0,65,0.3,0.65,0.48
7,0,Slow,20,40.0,110,0.9,0.95,0.8
7,1,Slow,23,46.0,107,0.9,0.95,0.78
7,2,Slow,19,38.0,111,0.3,0.65,0.6
7,3,Shigh,6,36.0,64,0.8,0.9,0.76
7,4,Shigh,4,24.0,66,0.3,0.65,0.48
7,0,Slow,33,66.0,97,0.9,0.95,0.77
7,1,Slow,24,48.0,106,0.9,0.95,0.8
7,2,Slow,14,28.0,116,0.3,0.65,0.49
7,3,Shigh,5,30.0,65,0.8,0.9,0.73
7,4,Shigh,5,30.0,65,0.3,0.65,0.54
7,0,Slow,27,54.0,103,0.9,0.95,0.78
7,1,Slow,28,56.0,102,0.9,0.95,0.77
7,2,Slow,11,22.0,119,0.3,0.65,0.45
7,3,Shigh,5,30.0,65,0.8,0.9,0.75
7,4,Shigh,6,25.199999999999996,64,0.3,0.65,0.53
7,0,Slow,19,38.0,111,0.9,0.95,0.83
7,1,Slow,19,38.0,111,0.9,0.95,0.77
7,2,Slow,31,62.0,99,0.3,0.65,0.61
7,3,Shigh,6,36.0,64,0.8,0.9,0.79
7,4,Shigh,5,30.0,65,0.3,0.65,0.51
7,0,Slow,32,64.0,98,0.9,0.95,0.83
7,1,Slow,20,40.0,110,0.9,0.95,0.8
7,2,Slow,15,30.0,115,0.3,0.65,0.58
7,3,Shigh,4,24.0,66,0.8,0.9,0.8
7,4,Shigh,5,30.0,65,0.3,0.65,0.56
7,0,Slow,23,46.0,107,0.9,0.95,0.78
7,1,Slow,24,48.0,106,0.9,0.95,0.79
7,2,Slow,16,32.0,114,0.3,0.65,0.53
7,3,Shigh,5,30.0,65,0.8,0.9,0.73
7,4,Shigh,2,12.0,68,0.3,0.65,0.5
7,0,Slow,22,44.0,108,0.9,0.95,0.76
7,1,Slow,19,38.0,111,0.9,0.95,0.76
7,2,Slow,18,36.0,112,0.3,0.65,0.49
7,3,Shigh,7,42.0,63,0.8,0.9,0.7
7,4,Shigh,4,24.0,66,0.3,0.65,0.54
7,0,Slow,16,32.0,114,0.9,0.95,0.82
7,1,Slow,18,36.0,112,0.9,0.95,0.77
7,2,Slow,19,38.0,111,0.3,0.65,0.48
7,3,Shigh,4,24.0,66,0.8,0.9,0.78
7,4,Shigh,7,42.0,63,0.3,0.65,0.55
7,0,Slow,29,58.0,101,0.9,0.95,0.78
7,1,Slow,23,46.0,107,0.9,0.95,0.79
7,2,Slow,18,36.0,112,0.3,0.65,0.55
7,3,Shigh,6,36.0,64,0.8,0.9,0.74
7,4,Shigh,3,18.0,67,0.3,0.65,0.59
7,0,Slow,31,62.0,99,0.9,0.95,0.88
7,1,Slow,22,44.0,108,0.9,0.95,0.78
7,2,Slow,15,30.0,115,0.3,0.65,0.53
7,3,Shigh,4,24.0,66,0.8,0.9,0.75
7,4,Shigh,5,30.0,65,0.3,0.65,0.65
8,0,Slow,31,62.0,99,0.9,0.95,0.89
8,1,Slow,23,46.0,107,0.9,0.95,0.91
8,2,Slow,20,40.0,110,0.3,0.65,0.59
8,3,Shigh,8,48.0,62,0.8,0.9,0.85
8,4,Shigh,2,12.0,68,0.3,0.65,0.58
8,0,Slow,27,54.0,103,0.9,0.95,0.76
8,1,Slow,23,46.0,107,0.9,0.95,0.75
8,2,Slow,13,26.0,117,0.3,0.65,0.48
8,3,Shigh,4,24.0,66,0.8,0.9,0.77
8,4,Shigh,6,36.0,64,0.3,0.65,0.65
8,0,Slow,29,58.0,101,0.9,0.95,0.82
8,1,Slow,30,60.0,100,0.9,0.95,0.82
8,2,Slow,13,26.0,117,0.3,0.65,0.56
8,3,Shigh,6,36.0,64,0.8,0.9,0.76
8,4,Shigh,3,18.0,67,0.3,0.65,0.57
8,0,Slow,25,50.0,105,0.9,0.95,0.8
8,1,Slow,26,52.0,104,0.9,0.95,0.81
8,2,Slow,15,30.0,115,0.3,0.65,0.52
8,3,Shigh,2,12.0,68,0.8,0.9,0.77
8,4,Shigh,4,24.0,66,0.3,0.65,0.52
8,0,Slow,24,48.0,106,0.9,0.95,0.79
8,1,Slow,23,46.0,107,0.9,0.95,0.8
8,2,Slow,14,19.599999999999998,116,0.3,0.65,0.51
8,3,Shigh,11,66.0,59,0.8,0.9,0.73
8,4,Shigh,4,24.0,66,0.3,0.65,0.53
8,0,Slow,33,66.0,97,0.9,0.95,0.85
8,1,Slow,18,36.0,112,0.9,0.95,0.82
8,2,Slow,17,34.0,113,0.3,0.65,0.57
8,3,Shigh,5,30.0,65,0.8,0.9,0.82
8,4,Shigh,2,12.0,68,0.3,0.65,0.6
8,0,Slow,34,68.0,96,0.9,0.95,0.79
8,1,Slow,24,48.0,106,0.9,0.95,0.79
8,2,Slow,13,26.0,117,0.3,0.65,0.61
8,3,Shigh,9,54.0,61,0.8,0.9,0.77
8,4,Shigh,3,18.0,67,0.3,0.65,0.55
8,0,Slow,22,44.0,108,0.9,0.95,0.79
8,1,Slow,36,72.0,94,0.9,0.95,0.81
8,2,Slow,13,26.0,117,0.3,0.65,0.54
8,3,Shigh,2,12.0,68,0.8,0.9,0.73
8,4,Shigh,8,33.599999999999994,62,0.3,0.65,0.56
8,0,Slow,25,50.0,105,0.9,0.95,0.8
8,1,Slow,22,44.0,108,0.9,0.95,0.79
8,2,Slow,15,30.0,115,0.3,0.65,0.57
8,3,Shigh,9,54.0,61,0.8,0.9,0.73
8,4,Shigh,2,12.0,68,0.3,0.65,0.54
8,0,Slow,27,54.0,103,0.9,0.95,0.83
8,1,Slow,24,48.0,106,0.9,0.95,0.82
8,2,Slow,21,42.0,109,0.3,0.65,0.62
8,3,Shigh,4,24.0,66,0.8,0.9,0.81
8,4,Shigh,3,18.0,67,0.3,0.65,0.47
8,0,Slow,22,44.0,108,0.9,0.95,0.8
8,1,Slow,28,56.0,102,0.9,0.95,0.78
8,2,Slow,14,28.0,116,0.3,0.65,0.45
8,3,Shigh,5,30.0,65,0.8,0.9,0.78
8,4,Shigh,3,18.0,67,0.3,0.65,0.53
8,0,Slow,28,56.0,102,0.9,0.95,0.78
8,1,Slow,27,54.0,103,0.9,0.95,0.8
8,2,Slow,17,34.0,113,0.3,0.65,0.46
8,3,Shigh,4,24.0,66,0.8,0.9,0.74
8,4,Shigh,2,12.0,68,0.3,0.65,0.53
8,0,Slow,31,62.0,99,0.9,0.95,0.9
8,1,Slow,26,52.0,104,0.9,0.95,0.88
8,2,Slow,22,44.0,108,0.3,0.65,0.6
8,3,Shigh,6,36.0,64,0.8,0.9,0.87
8,4,Shigh,3,18.0,67,0.3,0.65,0.61
8,0,Slow,22,44.0,108,0.9,0.95,0.81
8,1,Slow,27,54.0,103,0.9,0.95,0.77
8,2,Slow,10,20.0,120,0.3,0.65,0.62
8,3,Shigh,5,30.0,65,0.8,0.9,0.78
8,4,Shigh,0,0.0,70,0.3,0.65,0.59
8,0,Slow,30,60.0,100,0.9,0.95,0.79
8,1,Slow,30,60.0,100,0.9,0.95,0.82
8,2,Slow,13,26.0,117,0.3,0.65,0.55
8,3,Shigh,6,36.0,64,0.8,0.9,0.79
8,4,Shigh,4,24.0,66,0.3,0.65,0.56
8,0,Slow,29,58.0,101,0.9,0.95,0.81
8,1,Slow,25,50.0,105,0.9,0.95,0.82
8,2,Slow,16,32.0,114,0.3,0.65,0.54
8,3,Shigh,6,36.0,64,0.8,0.9,0.77
8,4,Shigh,5,30.0,65,0.3,0.65,0.52
8,0,Slow,24,48.0,106,0.9,0.95,0.8
8,1,Slow,32,64.0,98,0.9,0.95,0.77
8,2,Slow,18,36.0,112,0.3,0.65,0.54
8,3,Shigh,5,30.0,65,0.8,0.9,0.74
8,4,Shigh,1,6.0,69,0.3,0.65,0.53
8,0,Slow,20,40.0,110,0.9,0.95,0.8
8,1,Slow,25,50.0,105,0.9,0.95,0.8
8,2,Slow,18,36.0,112,0.3,0.65,0.52
8,3,Shigh,5,30.0,65,0.8,0.9,0.77
8,4,Shigh,3,18.0,67,0.3,0.65,0.52
8,0,Slow,26,52.0,104,0.9,0.95,0.83
8,1,Slow,31,62.0,99,0.9,0.95,0.83
8,2,Slow,18,36.0,112,0.3,0.65,0.59
8,3,Shigh,5,30.0,65,0.8,0.9,0.76
8,4,Shigh,4,24.0,66,0.3,0.65,0.6
8,0,Slow,27,54.0,103,0.9,0.95,0.77
8,1,Slow,20,40.0,110,0.9,0.95,0.81
8,2,Slow,20,40.0,110,0.3,0.65,0.56
8,3,Shigh,2,12.0,68,0.8,0.9,0.8
8,4,Shigh,2,12.0,68,0.3,0.65,0.67
8,0,Slow,28,56.0,102,0.9,0.95,0.8
8,1,Slow,27,54.0,103,0.9,0.95,0.78
8,2,Slow,15,30.0,115,0.3,0.65,0.58
8,3,Shigh,5,30.0,65,0.8,0.9,0.78
8,4,Shigh,4,24.0,66,0.3,0.65,0.56
8,0,Slow,26,52.0,104,0.9,0.95,0.76
8,1,Slow,31,62.0,99,0.9,0.95,0.79
8,2,Slow,9,18.0,121,0.3,0.65,0.55
8,3,Shigh,7,42.0,63,0.8,0.9,0.75
8,4,Shigh,5,30.0,65,0.3,0.65,0.46
9,0,Slow,22,44.0,108,0.9,0.95,0.84
9,1,Slow,27,54.0,103,0.9,0.95,0.84
9,2,Slow,17,34.0,113,0.3,0.65,0.48
9,3,Shigh,8,48.0,62,0.8,0.9,0.79
9,4,Shigh,2,12.0,68,0.3,0.65,0.55
9,0,Slow,20,40.0,110,0.9,0.95,0.81
9,1,Slow,25,50.0,105,0.9,0.95,0.84
9,2,Slow,19,38.0,111,0.3,0.65,0.51
9,3,Shigh,5,30.0,65,0.8,0.9,0.83
9,4,Shigh,3,18.0,67,0.3,0.65,0.63
9,0,Slow,24,48.0,106,0.9,0.95,0.86
9,1,Slow,30,60.0,100,0.9,0.95,0.88
9,2,Slow,19,38.0,111,0.3,0.65,0.59
9,3,Shigh,5,30.0,65,0.8,0.9,0.84
9,4,Shigh,7,42.0,63,0.3,0.65,0.64
9,0,Slow,27,54.0,103,0.9,0.95,0.8
9,1,Slow,19,38.0,111,0.9,0.95,0.8
9,2,Slow,18,36.0,112,0.3,0.65,0.53
9,3,Shigh,3,18.0,67,0.8,0.9,0.7
9,4,Shigh,10,42.0,60,0.3,0.65,0.5
9,0,Slow,26,52.0,104,0.9,0.95,0.78
9,1,Slow,27,54.0,103,0.9,0.95,0.82
9,2,Slow,9,18.0,121,0.3,0.65,0.44
9,3,Shigh,7,42.0,63,0.8,0.9,0.78
9,4,Shigh,5,30.0,65,0.3,0.65,0.5
9,0,Slow,20,40.0,110,0.9,0.95,0.82
9,1,Slow,30,60.0,100,0.9,0.95,0.82
9,2,Slow,19,38.0,111,0.3,0.65,0.55
9,3,Shigh,2,12.0,68,0.8,0.9,0.82
9,4,Shigh,3,18.0,67,0.3,0.65,0.57
9,0,Slow,17,34.0,113,0.9,0.95,0.82
9,1,Slow,30,60.0,100,0.9,0.95,0.79
9,2,Slow,17,34.0,113,0.3,0.65,0.61
9,3,Shigh,11,46.2,59,0.8,0.9,0.79
9,4,Shigh,5,30.0,65,0.3,0.65,0.58
9,0,Slow,20,40.0,110,0.9,0.95,0.78
9,1,Slow,34,68.0,96,0.9,0.95,0.78
9,2,Slow,16,32.0,114,0.3,0.65,0.58
9,3,Shigh,4,24.0,66,0.8,0.9,0.8
9,4,Shigh,6,36.0,64,0.3,0.65,0.6
9,0,Slow,34,68.0,96,0.9,0.95,0.85
9,1,Slow,30,60.0,100,0.9,0.95,0.82
9,2,Slow,13,26.0,117,0.3,0.65,0.52
9,3,Shigh,6,36.0,64,0.8,0.9,0.71
9,4,Shigh,4,24.0,66,0.3,0.65,0.55
9,0,Slow,19,38.0,111,0.9,0.95,0.78
9,1,Slow,27,54.0,103,0.9,0.95,0.78
9,2,Slow,18,25.199999999999992,112,0.3,0.65,0.51
9,3,Shigh,6,36.0,64,0.8,0.9,0.73
9,4,Shigh,3,18.0,67,0.3,0.65,0.52
9,0,Slow,22,44.0,108,0.9,0.95,0.84
9,1,Slow,27,54.0,103,0.9,0.95,0.82
9,2,Slow,18,36.0,112,0.3,0.65,0.56
9,3,Shigh,9,54.0,61,0.8,0.9,0.76
9,4,Shigh,2,12.0,68,0.3,0.65,0.55
9,0,Slow,29,58.0,101,0.9,0.95,0.8
9,1,Slow,27,54.0,103,0.9,0.95,0.8
9,2,Slow,14,28.0,116,0.3,0.65,0.46
9,3,Shigh,2,12.0,68,0.8,0.9,0.79
9,4,Shigh,3,12.599999999999998,67,0.3,0.65,0.61
9,0,Slow,22,44.0,108,0.9,0.95,0.76
9,1,Slow,24,48.0,106,0.9,0.95,0.8
9,2,Slow,21,29.399999999999988,109,0.3,0.65,0.54
9,3,Shigh,9,54.0,61,0.8,0.9,0.73
9,4,Shigh,5,30.0,65,0.3,0.65,0.55
9,0,Slow,26,52.0,104,0.9,0.95,0.84
9,1,Slow,29,58.0,101,0.9,0.95,0.81
9,2,Slow,11,22.0,119,0.3,0.65,0.56
9,3,Shigh,7,42.0,63,0.8,0.9,0.74
9,4,Shigh,3,18.0,67,0.3,0.65,0.57
9,0,Slow,29,58.0,101,0.9,0.95,0.78
9,1,Slow,22,44.0,108,0.9,0.95,0.74
9,2,Slow,20,40.0,110,0.3,0.65,0.57
9,3,Shigh,5,30.0,65,0.8,0.9,0.74
9,4,Shigh,4,24.0,66,0.3,0.65,0.56
9,0,Slow,20,40.0,110,0.9,0.95,0.8
9,1,Slow,34,68.0,96,0.9,0.95,0.84
9,2,Slow,19,38.0,111,0.3,0.65,0.56
9,3,Shigh,7,42.0,63,0.8,0.9,0.76
9,4,Shigh,1,6.0,69,0.3,0.65,0.49
9,0,Slow,27,54.0,103,0.9,0.95,0.78
9,1,Slow,18,36.0,112,0.9,0.95,0.74
9,2,Slow,23,46.0,107,0.3,0.65,0.53
9,3,Shigh,2,12.0,68,0.8,0.9,0.69
9,4,Shigh,5,30.0,65,0.3,0.65,0.56
9,0,Slow,19,38.0,111,0.9,0.95,0.82
9,1,Slow,25,50.0,105,0.9,0.95,0.8
9,2,Slow,15,30.0,115,0.3,0.65,0.52
9,3,Shigh,9,54.0,61,0.8,0.9,0.72
9,4,Shigh,1,6.0,69,0.3,0.65,0.56
9,0,Slow,23,46.0,107,0.9,0.95,0.75
9,1,Slow,22,44.0,108,0.9,0.95,0.74
9,2,Slow,23,46.0,107,0.3,0.65,0.47
9,3,Shigh,5,30.0,65,0.8,0.9,0.72
9,4,Shigh,4,24.0,66,0.3,0.65,0.52
9,0,Slow,26,52.0,104,0.9,0.95,0.76
9,1,Slow,16,32.0,114,0.9,0.95,0.77
9,2,Slow,15,30.0,115,0.3,0.65,0.62
9,3,Shigh,8,48.0,62,0.8,0.9,0.74
9,4,Shigh,3,18.0,67,0.3,0.65,0.54
9,0,Slow,21,42.0,109,0.9,0.95,0.75
9,1,Slow,18,36.0,112,0.9,0.95,0.73
9,2,Slow,20,40.0,110,0.3,0.65,0.51
9,3,Shigh,6,36.0,64,0.8,0.9,0.68
9,4,Shigh,4,24.0,66,0.3,0.65,0.52
9,0,Slow,22,44.0,108,0.9,0.95,0.74
9,1,Slow,19,38.0,111,0.9,0.95,0.74
9,2,Slow,14,28.0,116,0.3,0.65,0.49
9,3,Shigh,3,18.0,67,0.8,0.9,0.72
9,4,Shigh,2,12.0,68,0.3,0.65,0.48
10,0,Slow,25,50.0,105,0.9,0.95,0.79
10,1,Slow,26,52.0,104,0.9,0.95,0.76
10,2,Slow,21,42.0,109,0.3,0.65,0.59
10,3,Shigh,6,25.199999999999996,64,0.8,0.9,0.73
10,4,Shigh,3,18.0,67,0.3,0.65,0.5
10,0,Slow,28,56.0,102,0.9,0.95,0.87
10,1,Slow,28,56.0,102,0.9,0.95,0.86
10,2,Slow,22,44.0,108,0.3,0.65,0.6
10,3,Shigh,3,18.0,67,0.8,0.9,0.83
10,4,Shigh,2,12.0,68,0.3,0.65,0.56
10,0,Slow,30,60.0,100,0.9,0.95,0.79
10,1,Slow,24,48.0,106,0.9,0.95,0.8
10,2,Slow,12,24.0,118,0.3,0.65,0.49
10,3,Shigh,11,66.0,59,0.8,0.9,0.83
10,4,Shigh,2,12.0,68,0.3,0.65,0.51
10,0,Slow,23,46.0,107,0.9,0.95,0.77
10,1,Slow,25,50.0,105,0.9,0.95,0.8
10,2,Slow,16,32.0,114,0.3,0.65,0.5
10,3,Shigh,4,24.0,66,0.8,0.9,0.75
10,4,Shigh,6,36.0,64,0.3,0.65,0.55
10,0,Slow,24,48.0,106,0.9,0.95,0.85
10,1,Slow,25,50.0,105,0.9,0.95,0.83
10,2,Slow,11,22.0,119,0.3,0.65,0.53
10,3,Shigh,3,18.0,67,0.8,0.9,0.76
10,4,Shigh,6,36.0,64,0.3,0.65,0.53
10,0,Slow,19,38.0,111,0.9,0.95,0.84
10,1,Slow,39,78.0,91,0.9,0.95,0.89
10,2,Slow,18,36.0,112,0.3,0.65,0.62
10,3,Shigh,3,18.0,67,0.8,0.9,0.86
10,4,Shigh,8,48.0,62,0.3,0.65,0.63
10,0,Slow,19,38.0,111,0.9,0.95,0.78
10,1,Slow,28,39.19999999999998,102,0.9,0.95,0.8
10,2,Slow,14,28.0,116,0.3,0.65,0.54
10,3,Shigh,5,30.0,65,0.8,0.9,0.73
10,4,Shigh,1,6.0,69,0.3,0.65,0.59
10,0,Slow,31,62.0,99,0.9,0.95,0.84
10,1,Slow,22,44.0,108,0.9,0.95,0.78
10,2,Slow,13,26.0,117,0.3,0.65,0.46
10,3,Shigh,8,48.0,62,0.8,0.9,0.83
10,4,Shigh,4,24.0,66,0.3,0.65,0.57
10,0,Slow,25,50.0,105,0.9,0.95,0.74
10,1,Slow,27,54.0,103,0.9,0.95,0.72
10,2,Slow,15,30.0,115,0.3,0.65,0.45
10,3,Shigh,2,12.0,68,0.8,0.9,0.68
10,4,Shigh,4,24.0,66,0.3,0.65,0.52
10,0,Slow,25,50.0,105,0.9,0.95,0.77
10,1,Slow,21,42.0,109,0.9,0.95,0.75
10,2,Slow,15,30.0,115,0.3,0.65,0.52
10,3,Shigh,4,24.0,66,0.8,0.9,0.74
10,4,Shigh,6,36.0,64,0.3,0.65,0.57
10,0,Slow,25,50.0,105,0.9,0.95,0.8
10,1,Slow,21,42.0,109,0.9,0.95,0.74
10,2,Slow,17,34.0,113,0.3,0.65,0.54
10,3,Shigh,5,30.0,65,0.8,0.9,0.78
10,4,Shigh,10,42.0,60,0.3,0.65,0.62
10,0,Slow,23,46.0,107,0.9,0.95,0.84
10,1,Slow,22,44.0,108,0.9,0.95,0.82
10,2,Slow,24,48.0,106,0.3,0.65,0.61
10,3,Shigh,4,24.0,66,0.8,0.9,0.8
10,4,Shigh,2,12.0,68,0.3,0.65,0.48
10,0,Slow,21,42.0,109,0.9,0.95,0.74
10,1,Slow,18,36.0,112,0.9,0.95,0.76
10,2,Slow,19,38.0,111,0.3,0.65,0.54
10,3,Shigh,6,36.0,64,0.8,0.9,0.75
10,4,Shigh,2,12.0,68,0.3,0.65,0.51
10,0,Slow,24,48.0,106,0.9,0.95,0.84
10,1,Slow,21,42.0,109,0.9,0.95,0.78
10,2,Slow,18,36.0,112,0.3,0.65,0.6
10,3,Shigh,5,30.0,65,0.8,0.9,0.76
10,4,Shigh,4,24.0,66,0.3,0.65,0.53
10,0,Slow,25,50.0,105,0.9,0.95,0.76
10,1,Slow,27,37.79999999999998,103,0.9,0.95,0.78
10,2,Slow,18,36.0,112,0.3,0.65,0.54
10,3,Shigh,2,12.0,68,0.8,0.9,0.75
10,4,Shigh,5,30.0,65,0.3,0.65,0.55
10,0,Slow,30,60.0,100,0.9,0.95,0.86
10,1,Slow,29,58.0,101,0.9,0.95,0.83
10,2,Slow,21,42.0,109,0.3,0.65,0.65
10,3,Shigh,5,30.0,65,0.8,0.9,0.85
10,4,Shigh,4,24.0,66,0.3,0.65,0.55
10,0,Slow,18,36.0,112,0.9,0.95,0.78
10,1,Slow,26,52.0,104,0.9,0.95,0.75
10,2,Slow,24,48.0,106,0.3,0.65,0.54
10,3,Shigh,4,24.0,66,0.8,0.9,0.71
10,4,Shigh,3,18.0,67,0.3,0.65,0.43
10,0,Slow,33,66.0,97,0.9,0.95,0.87
10,1,Slow,31,62.0,99,0.9,0.95,0.81
10,2,Slow,15,30.0,115,0.3,0.65,0.57
10,3,Shigh,3,18.0,67,0.8,0.9,0.83
10,4,Shigh,2,12.0,68,0.3,0.65,0.54
10,0,Slow,23,46.0,107,0.9,0.95,0.84
10,1,Slow,26,52.0,104,0.9,0.95,0.78
10,2,Slow,17,34.0,113,0.3,0.65,0.44
10,3,Shigh,6,36.0,64,0.8,0.9,0.76
10,4,Shigh,6,36.0,64,0.3,0.65,0.63
10,0,Slow,34,68.0,96,0.9,0.95,0.8
10,1,Slow,23,46.0,107,0.9,0.95,0.78
10,2,Slow,14,28.0,116,0.3,0.65,0.57
10,3,Shigh,4,24.0,66,0.8,0.9,0.74
10,4,Shigh,2,12.0,68,0.3,0.65,0.57
10,0,Slow,23,46.0,107,0.9,0.95,0.76
10,1,Slow,17,34.0,113,0.9,0.95,0.76
10,2,Slow,20,40.0,110,0.3,0.65,0.53
10,3,Shigh,6,36.0,64,0.8,0.9,0.66
10,4,Shigh,3,12.599999999999998,67,0.3,0.65,0.46
10,0,Slow,32,64.0,98,0.9,0.95,0.85
10,1,Slow,21,42.0,109,0.9,0.95,0.85
10,2,Slow,20,40.0,110,0.3,0.65,0.63
10,3,Shigh,5,30.0,65,0.8,0.9,0.78
10,4,Shigh,4,24.0,66,0.3,0.65,0.55
11,0,Slow,27,54.0,103,0.9,0.95,0.75
11,1,Slow,20,40.0,110,0.9,0.95,0.78
11,2,Slow,22,44.0,108,0.3,0.65,0.6
11,3,Shigh,4,24.0,66,0.8,0.9,0.7
11,4,Shigh,4,24.0,66,0.3,0.65,0.53
11,0,Slow,31,62.0,99,0.9,0.95,0.83
11,1,Slow,25,50.0,105,0.9,0.95,0.84
11,2,Slow,14,28.0,116,0.3,0.65,0.57
11,3,Shigh,3,18.0,67,0.8,0.9,0.84
11,4,Shigh,3,18.0,67,0.3,0.65,0.51
11,0,Slow,22,44.0,108,0.9,0.95,0.83
11,1,Slow,21,42.0,109,0.9,0.95,0.86
11,2,Slow,16,32.0,114,0.3,0.65,0.54
11,3,Shigh,7,42.0,63,0.8,0.9,0.78
11,4,Shigh,4,24.0,66,0.3,0.65,0.57
11,0,Slow,20,40.0,110,0.9,0.95,0.79
11,1,Slow,24,48.0,106,0.9,0.95,0.78
11,2,Slow,16,32.0,114,0.3,0.65,0.53
11,3,Shigh,8,48.0,62,0.8,0.9,0.75
11,4,Shigh,2,12.0,68,0.3,0.65,0.57
11,0,Slow,28,56.0,102,0.9,0.95,0.78
11,1,Slow,23,46.0,107,0.9,0.95,0.75
11,2,Slow,14,28.0,116,0.3,0.65,0.49
11,3,Shigh,4,24.0,66,0.8,0.9,0.69
11,4,Shigh,3,18.0,67,0.3,0.65,0.56
11,0,Slow,28,56.0,102,0.9,0.95,0.83
11,1,Slow,23,46.0,107,0.9,0.95,0.79
11,2,Slow,19,38.0,111,0.3,0.65,0.56
11,3,Shigh,6,36.0,64,0.8,0.9,0.74
11,4,Shigh,3,12.599999999999998,67,0.3,0.65,0.54
11,0,Slow,21,42.0,109,0.9,0.95,0.76
11,1,Slow,23,46.0,107,0.9,0.95,0.78
11,2,Slow,21,42.0,109,0.3,0.65,0.57
11,3,Shigh,4,24.0,66,0.8,0.9,0.74
11,4,Shigh,4,16.799999999999997,66,0.3,0.65,0.5
11,0,Slow,32,44.799999999999976,98,0.9,0.95,0.74
11,1,Slow,17,34.0,113,0.9,0.95,0.77
11,2,Slow,13,26.0,117,0.3,0.65,0.59
11,3,Shigh,4,24.0,66,0.8,0.9,0.72
11,4,Shigh,3,18.0,67,0.3,0.65,0.42
11,0,Slow,32,64.0,98,0.9,0.95,0.83
11,1,Slow,25,50.0,105,0.9,0.95,0.85
11,2,Slow,18,36.0,112,0.3,0.65,0.56
11,3,Shigh,8,48.0,62,0.8,0.9,0.82
11,4,Shigh,1,6.0,69,0.3,0.65,0.54
11,0,Slow,18,25.199999999999992,112,0.9,0.95,0.74
11,1,Slow,22,44.0,108,0.9,0.95,0.77
11,2,Slow,16,32.0,114,0.3,0.65,0.54
11,3,Shigh,7,42.0,63,0.8,0.9,0.69
11,4,Shigh,3,18.0,67,0.3,0.65,0.53
11,0,Slow,25,50.0,105,0.9,0.95,0.87
11,1,Slow,30,60.0,100,0.9,0.95,0.86
11,2,Slow,19,38.0,111,0.3,0.65,0.61
11,3,Shigh,2,12.0,68,0.8,0.9,0.79
11,4,Shigh,5,30.0,65,0.3,0.65,0.58
11,0,Slow,26,52.0,104,0.9,0.95,0.77
11,1,Slow,29,58.0,101,0.9,0.95,0.82
11,2,Slow,18,36.0,112,0.3,0.65,0.52
11,3,Shigh,4,24.0,66,0.8,0.9,0.75
11,4,Shigh,4,24.0,66,0.3,0.65,0.55
11,0,Slow,29,58.0,101,0.9,0.95,0.8
11,1,Slow,21,42.0,109,0.9,0.95,0.76
11,2,Slow,24,48.0,106,0.3,0.65,0.52
11,3,Shigh,6,36.0,64,0.8,0.9,0.74
11,4,Shigh,2,12.0,68,0.3,0.65,0.53
11,0,Slow,32,64.0,98,0.9,0.95,0.83
11,1,Slow,19,38.0,111,0.9,0.95,0.82
11,2,Slow,16,32.0,114,0.3,0.65,0.54
11,3,Shigh,7,42.0,63,0.8,0.9,0.81
11,4,Shigh,3,18.0,67,0.3,0.65,0.51
11,0,Slow,25,50.0,105,0.9,0.95,0.76
11,1,Slow,26,52.0,104,0.9,0.95,0.78
11,2,Slow,17,34.0,113,0.3,0.65,0.55
11,3,Shigh,3,18.0,67,0.8,0.9,0.74
11,4,Shigh,5,30.0,65,0.3,0.65,0.6
11,0,Slow,27,54.0,103,0.9,0.95,0.77
11,1,Slow,24,48.0,106,0.9,0.95,0.75
11,2,Slow,16,32.0,114,0.3,0.65,0.5
11,3,Shigh,8,48.0,62,0.8,0.9,0.72
11,4,Shigh,5,30.0,65,0.3,0.65,0.56
11,0,Slow,27,54.0,103,0.9,0.95,0.82
11,1,Slow,27,54.0,103,0.9,0.95,0.81
11,2,Slow,15,30.0,115,0.3,0.65,0.56
11,3,Shigh,6,36.0,64,0.8,0.9,0.76
11,4,Shigh,3,18.0,67,0.3,0.65,0.54
11,0,Slow,25,50.0,105,0.9,0.95,0.84
11,1,Slow,24,48.0,106,0.9,0.95,0.83
11,2,Slow,17,34.0,113,0.3,0.65,0.61
11,3,Shigh,5,30.0,65,0.8,0.9,0.8
11,4,Shigh,0,0.0,70,0.3,0.65,0.62
11,0,Slow,28,56.0,102,0.9,0.95,0.82
11,1,Slow,25,50.0,105,0.9,0.95,0.8
11,2,Slow,17,34.0,113,0.3,0.65,0.5
11,3,Shigh,5,30.0,65,0.8,0.9,0.79
11,4,Shigh,6,36.0,64,0.3,0.65,0.55
11,0,Slow,24,48.0,106,0.9,0.95,0.8
11,1,Slow,26,52.0,104,0.9,0.95,0.78
11,2,Slow,18,36.0,112,0.3,0.65,0.6
11,3,Shigh,10,60.0,60,0.8,0.9,0.74
11,4,Shigh,1,6.0,69,0.3,0.65,0.51
11,0,Slow,21,42.0,109,0.9,0.95,0.78
11,1,Slow,22,44.0,108,0.9,0.95,0.75
11,2,Slow,13,26.0,117,0.3,0.65,0.5
11,3,Shigh,5,30.0,65,0.8,0.9,0.74
11,4,Shigh,3,18.0,67,0.3,0.65,0.59
11,0,Slow,17,34.0,113,0.9,0.95,0.76
11,1,Slow,26,52.0,104,0.9,0.95,0.77
11,2,Slow,12,24.0,118,0.3,0.65,0.54
11,3,Shigh,6,36.0,64,0.8,0.9,0.74
11,4,Shigh,3,18.0,67,0.3,0.65,0.58
12,0,Slow,30,60.0,100,0.9,0.95,0.81
12,1,Slow,26,52.0,104,0.9,0.95,0.81
12,2,Slow,18,36.0,112,0.3,0.65,0.54
12,3,Shigh,4,24.0,66,0.8,0.9,0.76
12,4,Shigh,5,30.0,65,0.3,0.65,0.53
12,0,Slow,39,78.0,91,0.9,0.95,0.85
12,1,Slow,23,46.0,107,0.9,0.95,0.86
12,2,Slow,13,26.0,117,0.3,0.65,0.61
12,3,Shigh,6,36.0,64,0.8,0.9,0.81
12,4,Shigh,4,24.0,66,0.3,0.65,0.54
12,0,Slow,27,54.0,103,0.9,0.95,0.78
12,1,Slow,19,38.0,111,0.9,0.95,0.79
12,2,Slow,17,34.0,113,0.3,0.65,0.54
12,3,Shigh,8,48.0,62,0.8,0.9,0.75
12,4,Shigh,0,0.0,70,0.3,0.65,0.47
12,0,Slow,28,56.0,102,0.9,0.95,0.82
12,1,Slow,27,54.0,103,0.9,0.95,0.83
12,2,Slow,21,42.0,109,0.3,0.65,0.58
12,3,Shigh,6,36.0,64,0.8,0.9,0.8
12,4,Shigh,4,24.0,66,0.3,0.65,0.55
12,0,Slow,23,46.0,107,0.9,0.95,0.81
12,1,Slow,26,52.0,104,0.9,0.95,0.82
12,2,Slow,19,38.0,111,0.3,0.65,0.57
12,3,Shigh,5,30.0,65,0.8,0.9,0.8
12,4,Shigh,3,18.0,67,0.3,0.65,0.5
12,0,Slow,20,40.0,110,0.9,0.95,0.75
12,1,Slow,23,46.0,107,0.9,0.95,0.79
12,2,Slow,21,42.0,109,0.3,0.65,0.58
12,3,Shigh,6,36.0,64,0.8,0.9,0.75
12,4,Shigh,2,12.0,68,0.3,0.65,0.55
12,0,Slow,23,46.0,107,0.9,0.95,0.83
12,1,Slow,29,58.0,101,0.9,0.95,0.81
12,2,Slow,19,26.59999999999999,111,0.3,0.65,0.54
12,3,Shigh,7,42.0,63,0.8,0.9,0.77
12,4,Shigh,3,18.0,67,0.3,0.65,0.5
12,0,Slow,27,54.0,103,0.9,0.95,0.77
12,1,Slow,23,46.0,107,0.9,0.95,0.77
12,2,Slow,19,26.59999999999999,111,0.3,0.65,0.56
12,3,Shigh,3,18.0,67,0.8,0.9,0.76
12,4,Shigh,6,36.0,64,0.3,0.65,0.62
12,0,Slow,24,48.0,106,0.9,0.95,0.77
12,1,Slow,24,48.0,106,0.9,0.95,0.75
12,2,Slow,20,40.0,110,0.3,0.65,0.55
12,3,Shigh,4,24.0,66,0.8,0.9,0.74
12,4,Shigh,2,12.0,68,0.3,0.65,0.52
12,0,Slow,22,44.0,108,0.9,0.95,0.81
12,1,Slow,25,50.0,105,0.9,0.95,0.8
12,2,Slow,16,32.0,114,0.3,0.65,0.54
12,3,Shigh,8,48.0,62,0.8,0.9,0.77
12,4,Shigh,1,6.0,69,0.3,0.65,0.52
12,0,Slow,24,48.0,106,0.9,0.95,0.76
12,1,Slow,19,38.0,111,0.9,0.95,0.73
12,2,Slow,17,34.0,113,0.3,0.65,0.52
12,3,Shigh,5,30.0,65,0.8,0.9,0.72
12,4,Shigh,2,12.0,68,0.3,0.65,0.54
12,0,Slow,26,52.0,104,0.9,0.95,0.81
12,1,Slow,27,54.0,103,0.9,0.95,0.8
12,2,Slow,21,42.0,109,0.3,0.65,0.48
12,3,Shigh,2,12.0,68,0.8,0.9,0.74
12,4,Shigh,4,24.0,66,0.3,0.65,0.58
12,0,Slow,33,66.0,97,0.9,0.95,0.84
12,1,Slow,17,34.0,113,0.9,0.95,0.81
12,2,Slow,13,26.0,117,0.3,0.65,0.6
12,3,Shigh,1,6.0,69,0.8,0.9,0.79
12,4,Shigh,4,24.0,66,0.3,0.65,0.52
12,0,Slow,30,60.0,100,0.9,0.95,0.82
12,1,Slow,24,48.0,106,0.9,0.95,0.8
12,2,Slow,16,32.0,114,0.3,0.65,0.5
12,3,Shigh,4,24.0,66,0.8,0.9,0.75
12,4,Shigh,4,24.0,66,0.3,0.65,0.45
12,0,Slow,30,60.0,100,0.9,0.95,0.79
12,1,Slow,24,48.0,106,0.9,0.95,0.84
12,2,Slow,20,40.0,110,0.3,0.65,0.6
12,3,Shigh,3,18.0,67,0.8,0.9,0.76
12,4,Shigh,5,30.0,65,0.3,0.65,0.59
12,0,Slow,20,40.0,110,0.9,0.95,0.76
12,1,Slow,22,44.0,108,0.9,0.95,0.74
12,2,Slow,19,38.0,111,0.3,0.65,0.55
12,3,Shigh,6,36.0,64,0.8,0.9,0.74
12,4,Shigh,2,12.0,68,0.3,0.65,0.47
12,0,Slow,25,50.0,105,0.9,0.95,0.84
12,1,Slow,27,54.0,103,0.9,0.95,0.86
12,2,Slow,13,26.0,117,0.3,0.65,0.56
12,3,Shigh,4,24.0,66,0.8,0.9,0.77
12,4,Shigh,8,48.0,62,0.3,0.65,0.57
12,0,Slow,22,44.0,108,0.9,0.95,0.81
12,1,Slow,24,48.0,106,0.9,0.95,0.79
12,2,Slow,17,34.0,113,0.3,0.65,0.59
12,3,Shigh,3,18.0,67,0.8,0.9,0.8
12,4,Shigh,5,30.0,65,0.3,0.65,0.61
12,0,Slow,25,50.0,105,0.9,0.95,0.85
12,1,Slow,28,56.0,102,0.9,0.95,0.84
12,2,Slow,22,44.0,108,0.3,0.65,0.64
12,3,Shigh,9,37.8,61,0.8,0.9,0.69
12,4,Shigh,5,30.0,65,0.3,0.65,0.56
12,0,Slow,25,50.0,105,0.9,0.95,0.74
12,1,Slow,21,42.0,109,0.9,0.95,0.71
12,2,Slow,15,30.0,115,0.3,0.65,0.54
12,3,Shigh,8,48.0,62,0.8,0.9,0.71
12,4,Shigh,2,12.0,68,0.3,0.65,0.48
12,0,Slow,26,52.0,104,0.9,0.95,0.79
12,1,Slow,18,36.0,112,0.9,0.95,0.8
12,2,Slow,16,32.0,114,0.3,0.65,0.48
12,3,Shigh,3,18.0,67,0.8,0.9,0.71
12,4,Shigh,7,42.0,63,0.3,0.65,0.51
12,0,Slow,24,48.0,106,0.9,0.95,0.8
12,1,Slow,20,27.99999999999999,110,0.9,0.95,0.77
12,2,Slow,19,38.0,111,0.3,0.65,0.51
12,3,Shigh,7,42.0,63,0.8,0.9,0.73
12,4,Shigh,4,24.0,66,0.3,0.65,0.5
13,0,Slow,27,54.0,103,0.9,0.95,0.88
13,1,Slow,25,50.0,105,0.9,0.95,0.88
13,2,Slow,13,26.0,117,0.3,0.65,0.62
13,3,Shigh,5,30.0,65,0.8,0.9,0.83
13,4,Shigh,4,24.0,66,0.3,0.65,0.52
13,0,Slow,29,58.0,101,0.9,0.95,0.78
13,1,Slow,28,56.0,102,0.9,0.95,0.81
13,2,Slow,13,26.0,117,0.3,0.65,0.51
13,3,Shigh,4,24.0,66,0.8,0.9,0.75
13,4,Shigh,1,6.0,69,0.3,0.65,0.6
13,0,Slow,22,44.0,108,0.9,0.95,0.73
13,1,Slow,16,32.0,114,0.9,0.95,0.74
13,2,Slow,15,30.0,115,0.3,0.65,0.48
13,3,Shigh,6,36.0,64,0.8,0.9,0.67
13,4,Shigh,3,18.0,67,0.3,0.65,0.51
13,0,Slow,24,48.0,106,0.9,0.95,0.71
13,1,Slow,22,44.0,108,0.9,0.95,0.73
13,2,Slow,12,24.0,118,0.3,0.65,0.47
13,3,Shigh,5,30.0,65,0.8,0.9,0.7
13,4,Shigh,3,18.0,67,0.3,0.65,0.46
13,0,Slow,21,42.0,109,0.9,0.95,0.77
13,1,Slow,29,58.0,101,0.9,0.95,0.82
13,2,Slow,19,38.0,111,0.3,0.65,0.61
13,3,Shigh,4,24.0,66,0.8,0.9,0.79
13,4,Shigh,4,24.0,66,0.3,0.65,0.61
13,0,Slow,27,54.0,103,0.9,0.95,0.8
13,1,Slow,24,48.0,106,0.9,0.95,0.8
13,2,Slow,19,38.0,111,0.3,0.65,0.59
13,3,Shigh,4,24.0,66,0.8,0.9,0.77
13,4,Shigh,2,12.0,68,0.3,0.65,0.51
13,0,Slow,27,54.0,103,0.9,0.95,0.81
13,1,Slow,27,54.0,103,0.9,0.95,0.82
13,2,Slow,21,42.0,109,0.3,0.65,0.52
13,3,Shigh,4,24.0,66,0.8,0.9,0.74
13,4,Shigh,4,24.0,66,0.3,0.65,0.59
13,0,Slow,26,52.0,104,0.9,0.95,0.88
13,1,Slow,33,66.0,97,0.9,0.95,0.89
13,2,Slow,17,34.0,113,0.3,0.65,0.64
13,3,Shigh,7,42.0,63,0.8,0.9,0.88
13,4,Shigh,4,24.0,66,0.3,0.65,0.59
13,0,Slow,26,52.0,104,0.9,0.95,0.8
13,1,Slow,21,42.0,109,0.9,0.95,0.79
13,2,Slow,13,26.0,117,0.3,0.65,0.56
13,3,Shigh,6,36.0,64,0.8,0.9,0.75
13,4,Shigh,3,18.0,67,0.3,0.65,0.58
13,0,Slow,28,56.0,102,0.9,0.95,0.77
13,1,Slow,19,38.0,111,0.9,0.95,0.74
13,2,Slow,12,24.0,118,0.3,0.65,0.55
13,3,Shigh,3,18.0,67,0.8,0.9,0.72
13,4,Shigh,7,42.0,63,0.3,0.65,0.58
13,0,Slow,32,64.0,98,0.9,0.95,0.84
13,1,Slow,21,42.0,109,0.9,0.95,0.88
13,2,Slow,15,30.0,115,0.3,0.65,0.56
13,3,Shigh,4,24.0,66,0.8,0.9,0.81
13,4,Shigh,3,18.0,67,0.3,0.65,0.56
13,0,Slow,26,52.0,104,0.9,0.95,0.8
13,1,Slow,26,52.0,104,0.9,0.95,0.78
13,2,Slow,7,14.0,123,0.3,0.65,0.62
13,3,Shigh,7,42.0,63,0.8,0.9,0.75
13,4,Shigh,4,24.0,66,0.3,0.65,0.56
13,0,Slow,30,60.0,100,0.9,0.95,0.83
13,1,Slow,30,60.0,100,0.9,0.95,0.84
13,2,Slow,10,20.0,120,0.3,0.65,0.48
13,3,Shigh,9,54.0,61,0.8,0.9,0.81
13,4,Shigh,3,18.0,67,0.3,0.65,0.56
13,0,Slow,30,60.0,100,0.9,0.95,0.75
13,1,Slow,27,54.0,103,0.9,0.95,0.74
13,2,Slow,17,34.0,113,0.3,0.65,0.54
13,3,Shigh,4,24.0,66,0.8,0.9,0.73
13,4,Shigh,4,24.0,66,0.3,0.65,0.48
13,0,Slow,29,58.0,101,0.9,0.95,0.84
13,1,Slow,25,50.0,105,0.9,0.95,0.86
13,2,Slow,22,44.0,108,0.3,0.65,0.61
13,3,Shigh,5,30.0,65,0.8,0.9,0.79
13,4,Shigh,5,30.0,65,0.3,0.65,0.66
13,0,Slow,16,32.0,114,0.9,0.95,0.77
13,1,Slow,24,48.0,106,0.9,0.95,0.78
13,2,Slow,15,30.0,115,0.3,0.65,0.46
13,3,Shigh,7,42.0,63,0.8,0.9,0.76
13,4,Shigh,5,20.999999999999996,65,0.3,0.65,0.54
13,0,Slow,21,42.0,109,0.9,0.95,0.81
13,1,Slow,21,42.0,109,0.9,0.95,0.83
13,2,Slow,23,46.0,107,0.3,0.65,0.54
13,3,Shigh,6,36.0,64,0.8,0.9,0.78
13,4,Shigh,4,24.0,66,0.3,0.65,0.54
13,0,Slow,27,54.0,103,0.9,0.95,0.85
13,1,Slow,25,50.0,105,0.9,0.95,0.83
13,2,Slow,20,40.0,110,0.3,0.65,0.58
13,3,Shigh,4,24.0,66,0.8,0.9,0.78
13,4,Shigh,2,8.399999999999999,68,0.3,0.65,0.54
13,0,Slow,25,50.0,105,0.9,0.95,0.79
13,1,Slow,26,52.0,104,0.9,0.95,0.77
13,2,Slow,19,38.0,111,0.3,0.65,0.58
13,3,Shigh,4,24.0,66,0.8,0.9,0.78
13,4,Shigh,5,30.0,65,0.3,0.65,0.55
13,0,Slow,23,46.0,107,0.9,0.95,0.78
13,1,Slow,23,46.0,107,0.9,0.95,0.77
13,2,Slow,20,40.0,110,0.3,0.65,0.51
13,3,Shigh,7,42.0,63,0.8,0.9,0.75
13,4,Shigh,2,12.0,68,0.3,0.65,0.5
13,0,Slow,32,64.0,98,0.9,0.95,0.82
13,1,Slow,20,40.0,110,0.9,0.95,0.83
13,2,Slow,19,38.0,111,0.3,0.65,0.59
13,3,Shigh,0,0.0,70,0.8,0.9,0.77
13,4,Shigh,3,18.0,67,0.3,0.65,0.6
13,0,Slow,24,48.0,106,0.9,0.95,0.79
13,1,Slow,26,52.0,104,0.9,0.95,0.76
13,2,Slow,14,28.0,116,0.3,0.65,0.5
13,3,Shigh,6,36.0,64,0.8,0.9,0.73
13,4,Shigh,3,18.0,67,0.3,0.65,0.52
14,0,Slow,29,58.0,101,0.9,0.95,0.75
14,1,Slow,24,48.0,106,0.9,0.95,0.76
14,2,Slow,14,28.0,116,0.3,0.65,0.5
14,3,Shigh,5,30.0,65,0.8,0.9,0.72
14,4,Shigh,5,20.999999999999996,65,0.3,0.65,0.58
14,0,Slow,23,46.0,107,0.9,0.95,0.83
14,1,Slow,24,48.0,106,0.9,0.95,0.78
14,2,Slow,12,16.8,118,0.3,0.65,0.54
14,3,Shigh,4,24.0,66,0.8,0.9,0.74
14,4,Shigh,9,54.0,61,0.3,0.65,0.51
14,0,Slow,30,60.0,100,0.9,0.95,0.8
14,1,Slow,22,44.0,108,0.9,0.95,0.86
14,2,Slow,22,44.0,108,0.3,0.65,0.54
14,3,Shigh,2,12.0,68,0.8,0.9,0.76
14,4,Shigh,4,24.0,66,0.3,0.65,0.53
14,0,Slow,26,52.0,104,0.9,0.95,0.84
14,1,Slow,31,62.0,99,0.9,0.95,0.81
14,2,Slow,23,46.0,107,0.3,0.65,0.63
14,3,Shigh,5,30.0,65,0.8,0.9,0.79
14,4,Shigh,3,18.0,67,0.3,0.65,0.55
14,0,Slow,35,70.0,95,0.9,0.95,0.84
14,1,Slow,25,50.0,105,0.9,0.95,0.87
14,2,Slow,20,40.0,110,0.3,0.65,0.53
14,3,Shigh,5,30.0,65,0.8,0.9,0.8
14,4,Shigh,2,12.0,68,0.3,0.65,0.58
14,0,Slow,19,38.0,111,0.9,0.95,0.85
14,1,Slow,31,62.0,99,0.9,0.95,0.85
14,2,Slow,23,32.19999999999999,107,0.3,0.65,0.57
14,3,Shigh,5,30.0,65,0.8,0.9,0.79
14,4,Shigh,2,12.0,68,0.3,0.65,0.64
14,0,Slow,25,50.0,105,0.9,0.95,0.77
14,1,Slow,16,32.0,114,0.9,0.95,0.79
14,2,Slow,18,36.0,112,0.3,0.65,0.59
14,3,Shigh,5,30.0,65,0.8,0.9,0.75
14,4,Shigh,6,36.0,64,0.3,0.65,0.55
14,0,Slow,24,48.0,106,0.9,0.95,0.82
14,1,Slow,30,60.0,100,0.9,0.95,0.75
14,2,Slow,16,32.0,114,0.3,0.65,0.48
14,3,Shigh,5,30.0,65,0.8,0.9,0.79
14,4,Shigh,2,12.0,68,0.3,0.65,0.51
14,0,Slow,16,32.0,114,0.9,0.95,0.69
14,1,Slow,21,42.0,109,0.9,0.95,0.72
14,2,Slow,20,40.0,110,0.3,0.65,0.55
14,3,Shigh,4,24.0,66,0.8,0.9,0.69
14,4,Shigh,2,12.0,68,0.3,0.65,0.5
14,0,Slow,25,50.0,105,0.9,0.95,0.75
14,1,Slow,24,48.0,106,0.9,0.95,0.74
14,2,Slow,9,18.0,121,0.3,0.65,0.48
14,3,Shigh,5,30.0,65,0.8,0.9,0.72
14,4,Shigh,3,18.0,67,0.3,0.65,0.49
14,0,Slow,31,62.0,99,0.9,0.95,0.87
14,1,Slow,21,42.0,109,0.9,0.95,0.86
14,2,Slow,22,44.0,108,0.3,0.65,0.63
14,3,Shigh,5,30.0,65,0.8,0.9,0.73
14,4,Shigh,5,20.999999999999996,65,0.3,0.65,0.47
14,0,Slow,22,44.0,108,0.9,0.95,0.86
14,1,Slow,24,48.0,106,0.9,0.95,0.82
14,2,Slow,22,44.0,108,0.3,0.65,0.59
14,3,Shigh,3,18.0,67,0.8,0.9,0.77
14,4,Shigh,7,42.0,63,0.3,0.65,0.54
14,0,Slow,27,54.0,103,0.9,0.95,0.8
14,1,Slow,28,56.0,102,0.9,0.95,0.81
14,2,Slow,12,24.0,118,0.3,0.65,0.53
14,3,Shigh,7,42.0,63,0.8,0.9,0.81
14,4,Shigh,4,24.0,66,0.3,0.65,0.51
14,0,Slow,17,34.0,113,0.9,0.95,0.72
14,1,Slow,32,64.0,98,0.9,0.95,0.74
14,2,Slow,14,28.0,116,0.3,0.65,0.5
14,3,Shigh,6,36.0,64,0.8,0.9,0.71
14,4,Shigh,2,12.0,68,0.3,0.65,0.48
14,0,Slow,21,42.0,109,0.9,0.95,0.87
14,1,Slow,18,36.0,112,0.9,0.95,0.86
14,2,Slow,18,36.0,112,0.3,0.65,0.61
14,3,Shigh,2,12.0,68,0.8,0.9,0.8
14,4,Shigh,4,24.0,66,0.3,0.65,0.61
14,0,Slow,27,54.0,103,0.9,0.95,0.77
14,1,Slow,27,54.0,103,0.9,0.95,0.82
14,2,Slow,12,24.0,118,0.3,0.65,0.56
14,3,Shigh,6,36.0,64,0.8,0.9,0.81
14,4,Shigh,4,24.0,66,0.3,0.65,0.54
14,0,Slow,23,46.0,107,0.9,0.95,0.78
14,1,Slow,27,54.0,103,0.9,0.95,0.82
14,2,Slow,27,37.79999999999998,103,0.3,0.65,0.6
14,3,Shigh,3,18.0,67,0.8,0.9,0.78
14,4,Shigh,5,30.0,65,0.3,0.65,0.6
14,0,Slow,31,62.0,99,0.9,0.95,0.83
14,1,Slow,27,54.0,103,0.9,0.95,0.87
14,2,Slow,18,36.0,112,0.3,0.65,0.62
14,3,Shigh,4,24.0,66,0.8,0.9,0.85
14,4,Shigh,3,18.0,67,0.3,0.65,0.66
14,0,Slow,21,42.0,109,0.9,0.95,0.75
14,1,Slow,33,66.0,97,0.9,0.95,0.75
14,2,Slow,21,42.0,109,0.3,0.65,0.48
14,3,Shigh,6,36.0,64,0.8,0.9,0.74
14,4,Shigh,0,0.0,70,0.3,0.65,0.47
14,0,Slow,22,44.0,108,0.9,0.95,0.82
14,1,Slow,35,70.0,95,0.9,0.95,0.85
14,2,Slow,19,38.0,111,0.3,0.65,0.57
14,3,Shigh,6,36.0,64,0.8,0.9,0.84
14,4,Shigh,2,12.0,68,0.3,0.65,0.66
14,0,Slow,28,56.0,102,0.9,0.95,0.78
14,1,Slow,22,44.0,108,0.9,0.95,0.81
14,2,Slow,10,20.0,120,0.3,0.65,0.47
14,3,Shigh,4,24.0,66,0.8,0.9,0.78
14,4,Shigh,6,36.0,64,0.3,0.65,0.58
14,0,Slow,29,58.0,101,0.9,0.95,0.87
14,1,Slow,25,50.0,105,0.9,0.95,0.84
14,2,Slow,23,46.0,107,0.3,0.65,0.62
14,3,Shigh,2,12.0,68,0.8,0.9,0.82
14,4,Shigh,7,42.0,63,0.3,0.65,0.55
15,0,Slow,26,52.0,104,0.9,0.95,0.83
15,1,Slow,25,50.0,105,0.9,0.95,0.85
15,2,Slow,14,28.0,116,0.3,0.65,0.57
15,3,Shigh,9,54.0,61,0.8,0.9,0.81
15,4,Shigh,3,18.0,67,0.3,0.65,0.6
15,0,Slow,25,50.0,105,0.9,0.95,0.8
15,1,Slow,19,38.0,111,0.9,0.95,0.8
15,2,Slow,17,34.0,113,0.3,0.65,0.53
15,3,Shigh,6,36.0,64,0.8,0.9,0.8
15,4,Shigh,4,24.0,66,0.3,0.65,0.63
15,0,Slow,24,48.0,106,0.9,0.95,0.74
15,1,Slow,27,54.0,103,0.9,0.95,0.7
15,2,Slow,19,38.0,111,0.3,0.65,0.48
15,3,Shigh,7,42.0,63,0.8,0.9,0.7
15,4,Shigh,1,6.0,69,0.3,0.65,0.55
15,0,Slow,25,50.0,105,0.9,0.95,0.81
15,1,Slow,24,48.0,106,0.9,0.95,0.82
15,2,Slow,13,26.0,117,0.3,0.65,0.5
15,3,Shigh,5,30.0,65,0.8,0.9,0.78
15,4,Shigh,2,12.0,68,0.3,0.65,0.49
15,0,Slow,28,56.0,102,0.9,0.95,0.8
15,1,Slow,33,66.0,97,0.9,0.95,0.77
15,2,Slow,14,28.0,116,0.3,0.65,0.58
15,3,Shigh,5,30.0,65,0.8,0.9,0.75
15,4,Shigh,5,30.0,65,0.3,0.65,0.52
15,0,Slow,25,50.0,105,0.9,0.95,0.78
15,1,Slow,19,38.0,111,0.9,0.95,0.8
15,2,Slow,21,42.0,109,0.3,0.65,0.59
15,3,Shigh,7,42.0,63,0.8,0.9,0.74
15,4,Shigh,1,6.0,69,0.3,0.65,0.53
15,0,Slow,28,56.0,102,0.9,0.95,0.83
15,1,Slow,20,40.0,110,0.9,0.95,0.77
15,2,Slow,21,42.0,109,0.3,0.65,0.54
15,3,Shigh,8,48.0,62,0.8,0.9,0.75
15,4,Shigh,4,24.0,66,0.3,0.65,0.57
15,0,Slow,30,60.0,100,0.9,0.95,0.82
15,1,Slow,30,60.0,100,0.9,0.95,0.83
15,2,Slow,22,44.0,108,0.3,0.65,0.56
15,3,Shigh,5,30.0,65,0.8,0.9,0.77
15,4,Shigh,5,30.0,65,0.3,0.65,0.58
15,0,Slow,19,38.0,111,0.9,0.95,0.8
15,1,Slow,32,64.0,98,0.9,0.95,0.78
15,2,Slow,20,40.0,110,0.3,0.65,0.52
15,3,Shigh,4,24.0,66,0.8,0.9,0.7
15,4,Shigh,3,18.0,67,0.3,0.65,0.54
15,0,Slow,26,52.0,104,0.9,0.95,0.86
15,1,Slow,32,64.0,98,0.9,0.95,0.91
15,2,Slow,14,28.0,116,0.3,0.65,0.48
15,3,Shigh,11,46.2,59,0.8,0.9,0.81
15,4,Shigh,1,6.0,69,0.3,0.65,0.55
15,0,Slow,30,41.99999999999998,100,0.9,0.95,0.78
15,1,Slow,27,54.0,103,0.9,0.95,0.75
15,2,Slow,13,26.0,117,0.3,0.65,0.58
15,3,Shigh,5,30.0,65,0.8,0.9,0.74
15,4,Shigh,3,18.0,67,0.3,0.65,0.58
15,0,Slow,22,44.0,108,0.9,0.95,0.84
15,1,Slow,23,46.0,107,0.9,0.95,0.84
15,2,Slow,22,44.0,108,0.3,0.65,0.61
15,3,Shigh,5,30.0,65,0.8,0.9,0.75
15,4,Shigh,3,12.599999999999998,67,0.3,0.65,0.52
15,0,Slow,29,58.0,101,0.9,0.95,0.83
15,1,Slow,31,62.0,99,0.9,0.95,0.83
15,2,Slow,13,26.0,117,0.3,0.65,0.51
15,3,Shigh,8,48.0,62,0.8,0.9,0.79
15,4,Shigh,4,24.0,66,0.3,0.65,0.55
15,0,Slow,27,54.0,103,0.9,0.95,0.84
15,1,Slow,30,60.0,100,0.9,0.95,0.81
15,2,Slow,19,38.0,111,0.3,0.65,0.62
15,3,Shigh,4,24.0,66,0.8,0.9,0.82
15,4,Shigh,4,24.0,66,0.3,0.65,0.55
15,0,Slow,32,64.0,98,0.9,0.95,0.82
15,1,Slow,31,62.0,99,0.9,0.95,0.83
15,2,Slow,8,16.0,122,0.3,0.65,0.57
15,3,Shigh,3,18.0,67,0.8,0.9,0.72
15,4,Shigh,5,30.0,65,0.3,0.65,0.63
15,0,Slow,32,64.0,98,0.9,0.95,0.82
15,1,Slow,22,44.0,108,0.9,0.95,0.79
15,2,Slow,17,34.0,113,0.3,0.65,0.54
15,3,Shigh,4,24.0,66,0.8,0.9,0.78
15,4,Shigh,1,6.0,69,0.3,0.65,0.48
15,0,Slow,22,44.0,108,0.9,0.95,0.82
15,1,Slow,24,48.0,106,0.9,0.95,0.83
15,2,Slow,15,30.0,115,0.3,0.65,0.51
15,3,Shigh,8,48.0,62,0.8,0.9,0.78
15,4,Shigh,4,24.0,66,0.3,0.65,0.56
15,0,Slow,33,66.0,97,0.9,0.95,0.8
15,1,Slow,19,38.0,111,0.9,0.95,0.78
15,2,Slow,16,32.0,114,0.3,0.65,0.54
15,3,Shigh,3,18.0,67,0.8,0.9,0.73
15,4,Shigh,5,30.0,65,0.3,0.65,0.53
15,0,Slow,24,48.0,106,0.9,0.95,0.75
15,1,Slow,20,40.0,110,0.9,0.95,0.72
15,2,Slow,18,36.0,112,0.3,0.65,0.51
15,3,Shigh,2,12.0,68,0.8,0.9,0.73
15,4,Shigh,6,36.0,64,0.3,0.65,0.5
15,0,Slow,26,52.0,104,0.9,0.95,0.8
15,1,Slow,25,50.0,105,0.9,0.95,0.8
15,2,Slow,20,40.0,110,0.3,0.65,0.52
15,3,Shigh,8,48.0,62,0.8,0.9,0.75
15,4,Shigh,4,24.0,66,0.3,0.65,0.57
15,0,Slow,24,48.0,106,0.9,0.95,0.79
15,1,Slow,29,58.0,101,0.9,0.95,0.83
15,2,Slow,15,30.0,115,0.3,0.65,0.48
15,3,Shigh,3,18.0,67,0.8,0.9,0.8
15,4,Shigh,8,48.0,62,0.3,0.65,0.64
15,0,Slow,29,58.0,101,0.9,0.95,0.83
15,1,Slow,23,46.0,107,0.9,0.95,0.84
15,2,Slow,17,23.799999999999994,113,0.3,0.65,0.57
15,3,Shigh,5,30.0,65,0.8,0.9,0.77
15,4,Shigh,4,24.0,66,0.3,0.65,0.53
16,0,Slow,24,48.0,106,0.9,0.95,0.83
16,1,Slow,31,62.0,99,0.9,0.95,0.85
16,2,Slow,13,26.0,117,0.3,0.65,0.56
16,3,Shigh,10,60.0,60,0.8,0.9,0.85
16,4,Shigh,3,18.0,67,0.3,0.65,0.57
16,0,Slow,28,56.0,102,0.9,0.95,0.81
16,1,Slow,23,46.0,107,0.9,0.95,0.83
16,2,Slow,16,32.0,114,0.3,0.65,0.59
16,3,Shigh,6,36.0,64,0.8,0.9,0.84
16,4,Shigh,4,24.0,66,0.3,0.65,0.55
16,0,Slow,22,44.0,108,0.9,0.95,0.78
16,1,Slow,19,38.0,111,0.9,0.95,0.76
16,2,Slow,19,38.0,111,0.3,0.65,0.54
16,3,Shigh,4,24.0,66,0.8,0.9,0.73
16,4,Shigh,4,24.0,66,0.3,0.65,0.56
16,0,Slow,24,48.0,106,0.9,0.95,0.83
16,1,Slow,35,70.0,95,0.9,0.95,0.78
16,2,Slow,13,26.0,117,0.3,0.65,0.58
16,3,Shigh,3,18.0,67,0.8,0.9,0.71
16,4,Shigh,5,30.0,65,0.3,0.65,0.54
16,0,Slow,26,36.399999999999984,104,0.9,0.95,0.83
16,1,Slow,32,64.0,98,0.9,0.95,0.84
16,2,Slow,17,34.0,113,0.3,0.65,0.57
16,3,Shigh,7,42.0,63,0.8,0.9,0.8
16,4,Shigh,3,18.0,67,0.3,0.65,0.62
16,0,Slow,30,60.0,100,0.9,0.95,0.84
16,1,Slow,27,54.0,103,0.9,0.95,0.84
16,2,Slow,18,36.0,112,0.3,0.65,0.6
16,3,Shigh,5,30.0,65,0.8,0.9,0.75
16,4,Shigh,2,8.399999999999999,68,0.3,0.65,0.49
16,0,Slow,19,38.0,111,0.9,0.95,0.83
16,1,Slow,19,38.0,111,0.9,0.95,0.81
16,2,Slow,21,42.0,109,0.3,0.65,0.6
16,3,Shigh,6,36.0,64,0.8,0.9,0.79
16,4,Shigh,5,30.0,65,0.3,0.65,0.56
16,0,Slow,23,46.0,107,0.9,0.95,0.84
16,1,Slow,28,56.0,102,0.9,0.95,0.83
16,2,Slow,16,32.0,114,0.3,0.65,0.55
16,3,Shigh,7,42.0,63,0.8,0.9,0.83
16,4,Shigh,2,12.0,68,0.3,0.65,0.58
16,0,Slow,30,60.0,100,0.9,0.95,0.83
16,1,Slow,25,50.0,105,0.9,0.95,0.8
16,2,Slow,19,38.0,111,0.3,0.65,0.58
16,3,Shigh,6,36.0,64,0.8,0.9,0.79
16,4,Shigh,4,16.799999999999997,66,0.3,0.65,0.56
16,0,Slow,24,48.0,106,0.9,0.95,0.82
16,1,Slow,31,43.39999999999998,99,0.9,0.95,0.82
16,2,Slow,17,34.0,113,0.3,0.65,0.56
16,3,Shigh,3,18.0,67,0.8,0.9,0.79
16,4,Shigh,3,18.0,67,0.3,0.65,0.54
16,0,Slow,20,40.0,110,0.9,0.95,0.72
16,1,Slow,22,44.0,108,0.9,0.95,0.72
16,2,Slow,21,42.0,109,0.3,0.65,0.49
16,3,Shigh,6,36.0,64,0.8,0.9,0.7
16,4,Shigh,2,12.0,68,0.3,0.65,0.49
16,0,Slow,17,34.0,113,0.9,0.95,0.77
16,1,Slow,18,36.0,112,0.9,0.95,0.79
16,2,Slow,11,22.0,119,0.3,0.65,0.45
16,3,Shigh,6,36.0,64,0.8,0.9,0.73
16,4,Shigh,3,18.0,67,0.3,0.65,0.53
16,0,Slow,29,58.0,101,0.9,0.95,0.87
16,1,Slow,26,52.0,104,0.9,0.95,0.85
16,2,Slow,15,30.0,115,0.3,0.65,0.6
16,3,Shigh,3,18.0,67,0.8,0.9,0.77
16,4,Shigh,4,24.0,66,0.3,0.65,0.58
16,0,Slow,24,48.0,106,0.9,0.95,0.79
16,1,Slow,26,52.0,104,0.9,0.95,0.76
16,2,Slow,12,24.0,118,0.3,0.65,0.48
16,3,Shigh,7,42.0,63,0.8,0.9,0.71
16,4,Shigh,3,18.0,67,0.3,0.65,0.57
16,0,Slow,17,34.0,113,0.9,0.95,0.78
16,1,Slow,24,48.0,106,0.9,0.95,0.79
16,2,Slow,16,32.0,114,0.3,0.65,0.55
16,3,Shigh,8,48.0,62,0.8,0.9,0.74
16,4,Shigh,3,18.0,67,0.3,0.65,0.64
16,0,Slow,26,52.0,104,0.9,0.95,0.83
16,1,Slow,26,52.0,104,0.9,0.95,0.85
16,2,Slow,19,38.0,111,0.3,0.65,0.52
16,3,Shigh,3,18.0,67,0.8,0.9,0.81
16,4,Shigh,2,12.0,68,0.3,0.65,0.52
16,0,Slow,27,54.0,103,0.9,0.95,0.83
16,1,Slow,28,56.0,102,0.9,0.95,0.84
16,2,Slow,25,50.0,105,0.3,0.65,0.63
16,3,Shigh,2,12.0,68,0.8,0.9,0.74
16,4,Shigh,7,42.0,63,0.3,0.65,0.61
16,0,Slow,28,56.0,102,0.9,0.95,0.8
16,1,Slow,31,62.0,99,0.9,0.95,0.84
16,2,Slow,14,28.0,116,0.3,0.65,0.55
16,3,Shigh,3,18.0,67,0.8,0.9,0.74
16,4,Shigh,9,54.0,61,0.3,0.65,0.61
16,0,Slow,36,72.0,94,0.9,0.95,0.88
16,1,Slow,31,62.0,99,0.9,0.95,0.88
16,2,Slow,18,36.0,112,0.3,0.65,0.58
16,3,Shigh,3,18.0,67,0.8,0.9,0.8
16,4,Shigh,3,18.0,67,0.3,0.65,0.57
16,0,Slow,28,56.0,102,0.9,0.95,0.79
16,1,Slow,28,56.0,102,0.9,0.95,0.76
16,2,Slow,17,23.799999999999994,113,0.3,0.65,0.5
16,3,Shigh,3,18.0,67,0.8,0.9,0.74
16,4,Shigh,2,12.0,68,0.3,0.65,0.45
16,0,Slow,23,46.0,107,0.9,0.95,0.73
16,1,Slow,24,48.0,106,0.9,0.95,0.72
16,2,Slow,14,28.0,116,0.3,0.65,0.53
16,3,Shigh,5,30.0,65,0.8,0.9,0.71
16,4,Shigh,1,6.0,69,0.3,0.65,0.5
16,0,Slow,36,72.0,94,0.9,0.95,0.85
16,1,Slow,24,48.0,106,0.9,0.95,0.84
16,2,Slow,14,28.0,116,0.3,0.65,0.47
16,3,Shigh,7,42.0,63,0.8,0.9,0.83
16,4,Shigh,1,6.0,69,0.3,0.65,0.58
17,0,Slow,24,48.0,106,0.9,0.95,0.81
17,1,Slow,29,58.0,101,0.9,0.95,0.77
17,2,Slow,17,34.0,113,0.3,0.65,0.58
17,3,Shigh,6,36.0,64,0.8,0.9,0.74
17,4,Shigh,1,6.0,69,0.3,0.65,0.55
17,0,Slow,34,68.0,96,0.9,0.95,0.81
17,1,Slow,16,32.0,114,0.9,0.95,0.78
17,2,Slow,17,34.0,113,0.3,0.65,0.51
17,3,Shigh,4,24.0,66,0.8,0.9,0.73
17,4,Shigh,2,12.0,68,0.3,0.65,0.49
17,0,Slow,23,46.0,107,0.9,0.95,0.8
17,1,Slow,32,64.0,98,0.9,0.95,0.82
17,2,Slow,18,36.0,112,0.3,0.65,0.6
17,3,Shigh,9,54.0,61,0.8,0.9,0.75
17,4,Shigh,2,12.0,68,0.3,0.65,0.62
17,0,Slow,30,60.0,100,0.9,0.95,0.84
17,1,Slow,20,40.0,110,0.9,0.95,0.8
17,2,Slow,23,46.0,107,0.3,0.65,0.61
17,3,Shigh,6,36.0,64,0.8,0.9,0.74
17,4,Shigh,4,24.0,66,0.3,0.65,0.57
17,0,Slow,34,68.0,96,0.9,0.95,0.83
17,1,Slow,24,48.0,106,0.9,0.95,0.85
17,2,Slow,12,24.0,118,0.3,0.65,0.49
17,3,Shigh,3,18.0,67,0.8,0.9,0.8
17,4,Shigh,5,30.0,65,0.3,0.65,0.53
17,0,Slow,29,58.0,101,0.9,0.95,0.81
17,1,Slow,36,72.0,94,0.9,0.95,0.84
17,2,Slow,6,12.0,124,0.3,0.65,0.55
17,3,Shigh,3,18.0,67,0.8,0.9,0.83
17,4,Shigh,5,30.0,65,0.3,0.65,0.64
17,0,Slow,34,68.0,96,0.9,0.95,0.78
17,1,Slow,22,44.0,108,0.9,0.95,0.76
17,2,Slow,21,42.0,109,0.3,0.65,0.53
17,3,Shigh,6,36.0,64,0.8,0.9,0.76
17,4,Shigh,2,12.0,68,0.3,0.65,0.5
17,0,Slow,21,42.0,109,0.9,0.95,0.75
17,1,Slow,19,38.0,111,0.9,0.95,0.75
17,2,Slow,16,32.0,114,0.3,0.65,0.55
17,3,Shigh,6,36.0,64,0.8,0.9,0.69
17,4,Shigh,3,18.0,67,0.3,0.65,0.53
17,0,Slow,22,44.0,108,0.9,0.95,0.84
17,1,Slow,30,60.0,100,0.9,0.95,0.82
17,2,Slow,18,36.0,112,0.3,0.65,0.54
17,3,Shigh,6,36.0,64,0.8,0.9,0.79
17,4,Shigh,2,8.399999999999999,68,0.3,0.65,0.54
17,0,Slow,29,58.0,101,0.9,0.95,0.8
17,1,Slow,25,50.0,105,0.9,0.95,0.8
17,2,Slow,15,30.0,115,0.3,0.65,0.59
17,3,Shigh,5,30.0,65,0.8,0.9,0.73
17,4,Shigh,2,12.0,68,0.3,0.65,0.61
17,0,Slow,24,48.0,106,0.9,0.95,0.82
17,1,Slow,33,66.0,97,0.9,0.95,0.8
17,2,Slow,18,36.0,112,0.3,0.65,0.6
17,3,Shigh,5,30.0,65,0.8,0.9,0.76
17,4,Shigh,2,12.0,68,0.3,0.65,0.54
17,0,Slow,29,58.0,101,0.9,0.95,0.77
17,1,Slow,23,46.0,107,0.9,0.95,0.77
17,2,Slow,15,30.0,115,0.3,0.65,0.55
17,3,Shigh,2,12.0,68,0.8,0.9,0.68
17,4,Shigh,4,24.0,66,0.3,0.65,0.52
17,0,Slow,31,62.0,99,0.9,0.95,0.82
17,1,Slow,29,58.0,101,0.9,0.95,0.87
17,2,Slow,14,28.0,116,0.3,0.65,0.57
17,3,Shigh,6,36.0,64,0.8,0.9,0.8
17,4,Shigh,1,6.0,69,0.3,0.65,0.51
17,0,Slow,25,50.0,105,0.9,0.95,0.8
17,1,Slow,19,38.0,111,0.9,0.95,0.78
17,2,Slow,22,44.0,108,0.3,0.65,0.6
17,3,Shigh,2,12.0,68,0.8,0.9,0.77
17,4,Shigh,4,24.0,66,0.3,0.65,0.49
17,0,Slow,23,46.0,107,0.9,0.95,0.8
17,1,Slow,24,48.0,106,0.9,0.95,0.79
17,2,Slow,14,28.0,116,0.3,0.65,0.52
17,3,Shigh,9,54.0,61,0.8,0.9,0.78
17,4,Shigh,4,24.0,66,0.3,0.65,0.56
17,0,Slow,24,48.0,106,0.9,0.95,0.76
17,1,Slow,17,34.0,113,0.9,0.95,0.78
17,2,Slow,11,22.0,119,0.3,0.65,0.51
17,3,Shigh,9,54.0,61,0.8,0.9,0.76
17,4,Shigh,1,6.0,69,0.3,0.65,0.52
17,0,Slow,29,58.0,101,0.9,0.95,0.84
17,1,Slow,23,46.0,107,0.9,0.95,0.85
17,2,Slow,13,26.0,117,0.3,0.65,0.6
17,3,Shigh,7,42.0,63,0.8,0.9,0.8
17,4,Shigh,2,12.0,68,0.3,0.65,0.63
17,0,Slow,24,48.0,106,0.9,0.95,0.77
17,1,Slow,28,56.0,102,0.9,0.95,0.84
17,2,Slow,17,34.0,113,0.3,0.65,0.56
17,3,Shigh,2,12.0,68,0.8,0.9,0.79
17,4,Shigh,5,30.0,65,0.3,0.65,0.59
17,0,Slow,33,66.0,97,0.9,0.95,0.87
17,1,Slow,29,58.0,101,0.9,0.95,0.85
17,2,Slow,16,32.0,114,0.3,0.65,0.5
17,3,Shigh,3,18.0,67,0.8,0.9,0.8
17,4,Shigh,4,24.0,66,0.3,0.65,0.5
17,0,Slow,28,56.0,102,0.9,0.95,0.81
17,1,Slow,27,54.0,103,0.9,0.95,0.78
17,2,Slow,17,34.0,113,0.3,0.65,0.56
17,3,Shigh,5,30.0,65,0.8,0.9,0.82
17,4,Shigh,4,24.0,66,0.3,0.65,0.6
17,0,Slow,30,60.0,100,0.9,0.95,0.8
17,1,Slow,20,40.0,110,0.9,0.95,0.79
17,2,Slow,17,34.0,113,0.3,0.65,0.57
17,3,Shigh,5,30.0,65,0.8,0.9,0.81
17,4,Shigh,3,18.0,67,0.3,0.65,0.54
17,0,Slow,25,50.0,105,0.9,0.95,0.77
17,1,Slow,29,58.0,101,0.9,0.95,0.78
17,2,Slow,15,30.0,115,0.3,0.65,0.53
17,3,Shigh,5,30.0,65,0.8,0.9,0.75
17,4,Shigh,3,18.0,67,0.3,0.65,0.58
18,0,Slow,26,52.0,104,0.9,0.95,0.83
18,1,Slow,25,50.0,105,0.9,0.95,0.83
18,2,Slow,17,34.0,113,0.3,0.65,0.57
18,3,Shigh,5,30.0,65,0.8,0.9,0.79
18,4,Shigh,3,18.0,67,0.3,0.65,0.59
18,0,Slow,29,58.0,101,0.9,0.95,0.86
18,1,Slow,26,52.0,104,0.9,0.95,0.85
18,2,Slow,19,38.0,111,0.3,0.65,0.61
18,3,Shigh,6,36.0,64,0.8,0.9,0.74
18,4,Shigh,4,24.0,66,0.3,0.65,0.61
18,0,Slow,32,64.0,98,0.9,0.95,0.8
18,1,Slow,25,50.0,105,0.9,0.95,0.81
18,2,Slow,16,32.0,114,0.3,0.65,0.56
18,3,Shigh,7,42.0,63,0.8,0.9,0.73
18,4,Shigh,5,30.0,65,0.3,0.65,0.6
18,0,Slow,20,40.0,110,0.9,0.95,0.78
18,1,Slow,26,52.0,104,0.9,0.95,0.76
18,2,Slow,19,38.0,111,0.3,0.65,0.49
18,3,Shigh,8,48.0,62,0.8,0.9,0.76
18,4,Shigh,4,16.799999999999997,66,0.3,0.65,0.47
18,0,Slow,20,40.0,110,0.9,0.95,0.76
18,1,Slow,25,50.0,105,0.9,0.95,0.8
18,2,Slow,16,32.0,114,0.3,0.65,0.5
18,3,Shigh,7,42.0,63,0.8,0.9,0.75
18,4,Shigh,0,0.0,70,0.3,0.65,0.53
18,0,Slow,33,66.0,97,0.9,0.95,0.81
18,1,Slow,30,41.99999999999998,100,0.9,0.95,0.86
18,2,Slow,19,38.0,111,0.3,0.65,0.63
18,3,Shigh,5,30.0,65,0.8,0.9,0.79
18,4,Shigh,2,12.0,68,0.3,0.65,0.6
18,0,Slow,22,44.0,108,0.9,0.95,0.8
18,1,Slow,21,42.0,109,0.9,0.95,0.78
18,2,Slow,16,32.0,114,0.3,0.65,0.55
18,3,Shigh,8,48.0,62,0.8,0.9,0.75
18,4,Shigh,3,18.0,67,0.3,0.65,0.57
18,0,Slow,39,78.0,91,0.9,0.95,0.82
18,1,Slow,23,46.0,107,0.9,0.95,0.78
18,2,Slow,18,36.0,112,0.3,0.65,0.59
18,3,Shigh,7,42.0,63,0.8,0.9,0.8
18,4,Shigh,5,30.0,65,0.3,0.65,0.55
18,0,Slow,21,42.0,109,0.9,0.95,0.69
18,1,Slow,27,54.0,103,0.9,0.95,0.75
18,2,Slow,12,24.0,118,0.3,0.65,0.51
18,3,Shigh,3,18.0,67,0.8,0.9,0.67
18,4,Shigh,2,12.0,68,0.3,0.65,0.47
18,0,Slow,25,50.0,105,0.9,0.95,0.81
18,1,Slow,26,52.0,104,0.9,0.95,0.77
18,2,Slow,15,30.0,115,0.3,0.65,0.59
18,3,Shigh,5,30.0,65,0.8,0.9,0.73
18,4,Shigh,3,18.0,67,0.3,0.65,0.52
18,0,Slow,25,50.0,105,0.9,0.95,0.8
18,1,Slow,32,64.0,98,0.9,0.95,0.84
18,2,Slow,20,40.0,110,0.3,0.65,0.57
18,3,Shigh,3,18.0,67,0.8,0.9,0.79
18,4,Shigh,2,12.0,68,0.3,0.65,0.52
18,0,Slow,31,62.0,99,0.9,0.95,0.86
18,1,Slow,27,54.0,103,0.9,0.95,0.85
18,2,Slow,17,34.0,113,0.3,0.65,0.5
18,3,Shigh,4,16.799999999999997,66,0.8,0.9,0.86
18,4,Shigh,4,24.0,66,0.3,0.65,0.58
18,0,Slow,23,46.0,107,0.9,0.95,0.77
18,1,Slow,23,46.0,107,0.9,0.95,0.79
18,2,Slow,13,26.0,117,0.3,0.65,0.5
18,3,Shigh,4,24.0,66,0.8,0.9,0.72
18,4,Shigh,3,18.0,67,0.3,0.65,0.53
18,0,Slow,32,64.0,98,0.9,0.95,0.88
18,1,Slow,29,58.0,101,0.9,0.95,0.9
18,2,Slow,18,36.0,112,0.3,0.65,0.61
18,3,Shigh,5,30.0,65,0.8,0.9,0.83
18,4,Shigh,0,0.0,70,0.3,0.65,0.63
18,0,Slow,24,48.0,106,0.9,0.95,0.79
18,1,Slow,27,54.0,103,0.9,0.95,0.79
18,2,Slow,17,34.0,113,0.3,0.65,0.56
18,3,Shigh,5,30.0,65,0.8,0.9,0.75
18,4,Shigh,5,30.0,65,0.3,0.65,0.57
18,0,Slow,25,50.0,105,0.9,0.95,0.77
18,1,Slow,18,36.0,112,0.9,0.95,0.74
18,2,Slow,25,50.0,105,0.3,0.65,0.55
18,3,Shigh,7,42.0,63,0.8,0.9,0.72
18,4,Shigh,1,6.0,69,0.3,0.65,0.49
18,0,Slow,21,42.0,109,0.9,0.95,0.75
18,1,Slow,31,62.0,99,0.9,0.95,0.74
18,2,Slow,14,28.0,116,0.3,0.65,0.47
18,3,Shigh,5,30.0,65,0.8,0.9,0.74
18,4,Shigh,2,12.0,68,0.3,0.65,0.47
18,0,Slow,29,58.0,101,0.9,0.95,0.82
18,1,Slow,21,42.0,109,0.9,0.95,0.83
18,2,Slow,15,30.0,115,0.3,0.65,0.55
18,3,Shigh,8,48.0,62,0.8,0.9,0.77
18,4,Shigh,4,24.0,66,0.3,0.65,0.65
18,0,Slow,32,64.0,98,0.9,0.95,0.84
18,1,Slow,31,43.39999999999998,99,0.9,0.95,0.82
18,2,Slow,15,30.0,115,0.3,0.65,0.59
18,3,Shigh,3,18.0,67,0.8,0.9,0.75
18,4,Shigh,5,30.0,65,0.3,0.65,0.54
18,0,Slow,24,48.0,106,0.9,0.95,0.85
18,1,Slow,31,62.0,99,0.9,0.95,0.81
18,2,Slow,17,34.0,113,0.3,0.65,0.51
18,3,Shigh,9,54.0,61,0.8,0.9,0.8
18,4,Shigh,4,24.0,66,0.3,0.65,0.55
18,0,Slow,34,68.0,96,0.9,0.95,0.8
18,1,Slow,27,54.0,103,0.9,0.95,0.78
18,2,Slow,11,22.0,119,0.3,0.65,0.51
18,3,Shigh,5,30.0,65,0.8,0.9,0.79
18,4,Shigh,5,30.0,65,0.3,0.65,0.58
18,0,Slow,24,48.0,106,0.9,0.95,0.82
18,1,Slow,21,42.0,109,0.9,0.95,0.79
18,2,Slow,21,42.0,109,0.3,0.65,0.52
18,3,Shigh,4,24.0,66,0.8,0.9,0.77
18,4,Shigh,3,18.0,67,0.3,0.65,0.52
19,0,Slow,26,52.0,104,0.9,0.95,0.76
19,1,Slow,25,50.0,105,0.9,0.95,0.76
19,2,Slow,14,28.0,116,0.3,0.65,0.54
19,3,Shigh,6,36.0,64,0.8,0.9,0.72
19,4,Shigh,4,24.0,66,0.3,0.65,0.6
19,0,Slow,27,54.0,103,0.9,0.95,0.79
19,1,Slow,17,34.0,113,0.9,0.95,0.74
19,2,Slow,20,40.0,110,0.3,0.65,0.57
19,3,Shigh,6,36.0,64,0.8,0.9,0.76
19,4,Shigh,4,24.0,66,0.3,0.65,0.52
19,0,Slow,25,50.0,105,0.9,0.95,0.8
19,1,Slow,21,29.399999999999988,109,0.9,0.95,0.76
19,2,Slow,19,38.0,111,0.3,0.65,0.49
19,3,Shigh,5,30.0,65,0.8,0.9,0.71
19,4,Shigh,2,12.0,68,0.3,0.65,0.53
19,0,Slow,23,46.0,107,0.9,0.95,0.76
19,1,Slow,24,48.0,106,0.9,0.95,0.78
19,2,Slow,13,26.0,117,0.3,0.65,0.54
19,3,Shigh,6,36.0,64,0.8,0.9,0.68
19,4,Shigh,5,30.0,65,0.3,0.65,0.56
19,0,Slow,32,64.0,98,0.9,0.95,0.78
19,1,Slow,21,42.0,109,0.9,0.95,0.79
19,2,Slow,22,44.0,108,0.3,0.65,0.64
19,3,Shigh,1,6.0,69,0.8,0.9,0.72
19,4,Shigh,2,12.0,68,0.3,0.65,0.52
19,0,Slow,22,44.0,108,0.9,0.95,0.81
19,1,Slow,22,44.0,108,0.9,0.95,0.78
19,2,Slow,15,30.0,115,0.3,0.65,0.62
19,3,Shigh,5,30.0,65,0.8,0.9,0.7
19,4,Shigh,5,30.0,65,0.3,0.65,0.52
19,0,Slow,13,26.0,117,0.9,0.95,0.78
19,1,Slow,34,68.0,96,0.9,0.95,0.78
19,2,Slow,14,28.0,116,0.3,0.65,0.59
19,3,Shigh,4,24.0,66,0.8,0.9,0.75
19,4,Shigh,4,24.0,66,0.3,0.65,0.47
19,0,Slow,23,46.0,107,0.9,0.95,0.74
19,1,Slow,22,44.0,108,0.9,0.95,0.74
19,2,Slow,14,28.0,116,0.3,0.65,0.52
19,3,Shigh,7,42.0,63,0.8,0.9,0.67
19,4,Shigh,6,36.0,64,0.3,0.65,0.52
19,0,Slow,24,48.0,106,0.9,0.95,0.86
19,1,Slow,29,58.0,101,0.9,0.95,0.86
19,2,Slow,21,42.0,109,0.3,0.65,0.52
19,3,Shigh,7,42.0,63,0.8,0.9,0.77
19,4,Shigh,3,18.0,67,0.3,0.65,0.54
19,0,Slow,23,32.19999999999999,107,0.9,0.95,0.77
19,1,Slow,26,52.0,104,0.9,0.95,0.77
19,2,Slow,19,38.0,111,0.3,0.65,0.5
19,3,Shigh,6,36.0,64,0.8,0.9,0.66
19,4,Shigh,2,12.0,68,0.3,0.65,0.54
19,0,Slow,30,60.0,100,0.9,0.95,0.83
19,1,Slow,24,48.0,106,0.9,0.95,0.79
19,2,Slow,12,24.0,118,0.3,0.65,0.48
19,3,Shigh,4,24.0,66,0.8,0.9,0.75
19,4,Shigh,6,36.0,64,0.3,0.65,0.47
19,0,Slow,23,46.0,107,0.9,0.95,0.78
19,1,Slow,26,52.0,104,0.9,0.95,0.79
19,2,Slow,16,32.0,114,0.3,0.65,0.53
19,3,Shigh,4,24.0,66,0.8,0.9,0.74
19,4,Shigh,6,36.0,64,0.3,0.65,0.59
19,0,Slow,23,46.0,107,0.9,0.95,0.81
19,1,Slow,25,50.0,105,0.9,0.95,0.79
19,2,Slow,15,30.0,115,0.3,0.65,0.5
19,3,Shigh,6,36.0,64,0.8,0.9,0.75
19,4,Shigh,1,6.0,69,0.3,0.65,0.57
19,0,Slow,28,56.0,102,0.9,0.95,0.79
19,1,Slow,30,60.0,100,0.9,0.95,0.76
19,2,Slow,14,28.0,116,0.3,0.65,0.6
19,3,Shigh,5,30.0,65,0.8,0.9,0.75
19,4,Shigh,1,6.0,69,0.3,0.65,0.53
19,0,Slow,25,50.0,105,0.9,0.95,0.83
19,1,Slow,34,68.0,96,0.9,0.95,0.84
19,2,Slow,16,32.0,114,0.3,0.65,0.62
19,3,Shigh,4,24.0,66,0.8,0.9,0.81
19,4,Shigh,3,18.0,67,0.3,0.65,0.63
19,0,Slow,26,52.0,104,0.9,0.95,0.85
19,1,Slow,28,56.0,102,0.9,0.95,0.9
19,2,Slow,21,42.0,109,0.3,0.65,0.57
19,3,Shigh,8,48.0,62,0.8,0.9,0.77
19,4,Shigh,3,18.0,67,0.3,0.65,0.55
19,0,Slow,30,60.0,100,0.9,0.95,0.84
19,1,Slow,24,48.0,106,0.9,0.95,0.85
19,2,Slow,19,38.0,111,0.3,0.65,0.51
19,3,Shigh,6,36.0,64,0.8,0.9,0.81
19,4,Shigh,5,30.0,65,0.3,0.65,0.55
19,0,Slow,22,30.799999999999986,108,0.9,0.95,0.79
19,1,Slow,33,66.0,97,0.9,0.95,0.83
19,2,Slow,15,30.0,115,0.3,0.65,0.47
19,3,Shigh,5,30.0,65,0.8,0.9,0.8
19,4,Shigh,5,30.0,65,0.3,0.65,0.55
19,0,Slow,27,54.0,103,0.9,0.95,0.81
19,1,Slow,33,66.0,97,0.9,0.95,0.8
19,2,Slow,13,26.0,117,0.3,0.65,0.55
19,3,Shigh,6,36.0,64,0.8,0.9,0.75
19,4,Shigh,2,12.0,68,0.3,0.65,0.6
19,0,Slow,28,56.0,102,0.9,0.95,0.91
19,1,Slow,29,58.0,101,0.9,0.95,0.9
19,2,Slow,22,30.799999999999986,108,0.3,0.65,0.57
19,3,Shigh,6,36.0,64,0.8,0.9,0.88
19,4,Shigh,5,30.0,65,0.3,0.65,0.61
19,0,Slow,28,39.19999999999998,102,0.9,0.95,0.86
19,1,Slow,22,44.0,108,0.9,0.95,0.82
19,2,Slow,18,36.0,112,0.3,0.65,0.62
19,3,Shigh,8,48.0,62,0.8,0.9,0.82
19,4,Shigh,4,24.0,66,0.3,0.65,0.64
19,0,Slow,28,56.0,102,0.9,0.95,0.8
19,1,Slow,31,43.39999999999998,99,0.9,0.95,0.81
19,2,Slow,11,22.0,119,0.3,0.65,0.51
19,3,Shigh,5,30.0,65,0.8,0.9,0.74
19,4,Shigh,3,18.0,67,0.3,0.65,0.58
20,0,Slow,29,58.0,101,0.9,0.95,0.81
20,1,Slow,23,46.0,107,0.9,0.95,0.8
20,2,Slow,20,40.0,110,0.3,0.65,0.54
20,3,Shigh,4,24.0,66,0.8,0.9,0.75
20,4,Shigh,5,30.0,65,0.3,0.65,0.49
20,0,Slow,30,60.0,100,0.9,0.95,0.79
20,1,Slow,26,52.0,104,0.9,0.95,0.77
20,2,Slow,16,32.0,114,0.3,0.65,0.52
20,3,Shigh,1,6.0,69,0.8,0.9,0.75
20,4,Shigh,2,12.0,68,0.3,0.65,0.57
20,0,Slow,20,40.0,110,0.9,0.95,0.73
20,1,Slow,23,46.0,107,0.9,0.95,0.73
20,2,Slow,15,30.0,115,0.3,0.65,0.56
20,3,Shigh,11,46.2,59,0.8,0.9,0.69
20,4,Shigh,2,12.0,68,0.3,0.65,0.5
20,0,Slow,22,44.0,108,0.9,0.95,0.78
20,1,Slow,25,50.0,105,0.9,0.95,0.76
20,2,Slow,12,24.0,118,0.3,0.65,0.51
20,3,Shigh,5,30.0,65,0.8,0.9,0.71
20,4,Shigh,4,24.0,66,0.3,0.65,0.55
20,0,Slow,26,52.0,104,0.9,0.95,0.75
20,1,Slow,23,46.0,107,0.9,0.95,0.75
20,2,Slow,17,34.0,113,0.3,0.65,0.53
20,3,Shigh,4,24.0,66,0.8,0.9,0.74
20,4,Shigh,2,12.0,68,0.3,0.65,0.45
20,0,Slow,25,50.0,105,0.9,0.95,0.8
20,1,Slow,20,40.0,110,0.9,0.95,0.77
20,2,Slow,17,34.0,113,0.3,0.65,0.54
20,3,Shigh,8,48.0,62,0.8,0.9,0.69
20,4,Shigh,1,6.0,69,0.3,0.65,0.62
20,0,Slow,25,50.0,105,0.9,0.95,0.84
20,1,Slow,31,62.0,99,0.9,0.95,0.84
20,2,Slow,14,28.0,116,0.3,0.65,0.56
20,3,Shigh,5,30.0,65,0.8,0.9,0.85
20,4,Shigh,4,24.0,66,0.3,0.65,0.61
20,0,Slow,18,36.0,112,0.9,0.95,0.76
20,1,Slow,36,72.0,94,0.9,0.95,0.78
20,2,Slow,14,28.0,116,0.3,0.65,0.47
20,3,Shigh,6,36.0,64,0.8,0.9,0.68
20,4,Shigh,1,6.0,69,0.3,0.65,0.53
20,0,Slow,23,46.0,107,0.9,0.95,0.81
20,1,Slow,30,60.0,100,0.9,0.95,0.82
20,2,Slow,18,36.0,112,0.3,0.65,0.54
20,3,Shigh,10,60.0,60,0.8,0.9,0.81
20,4,Shigh,2,12.0,68,0.3,0.65,0.52
20,0,Slow,29,58.0,101,0.9,0.95,0.82
20,1,Slow,27,54.0,103,0.9,0.95,0.78
20,2,Slow,10,20.0,120,0.3,0.65,0.49
20,3,Shigh,8,48.0,62,0.8,0.9,0.78
20,4,Shigh,2,12.0,68,0.3,0.65,0.61
20,0,Slow,33,66.0,97,0.9,0.95,0.79
20,1,Slow,23,46.0,107,0.9,0.95,0.79
20,2,Slow,14,28.0,116,0.3,0.65,0.61
20,3,Shigh,10,42.0,60,0.8,0.9,0.78
20,4,Shigh,4,24.0,66,0.3,0.65,0.51
20,0,Slow,32,64.0,98,0.9,0.95,0.8
20,1,Slow,18,36.0,112,0.9,0.95,0.79
20,2,Slow,21,42.0,109,0.3,0.65,0.59
20,3,Shigh,3,18.0,67,0.8,0.9,0.76
20,4,Shigh,4,24.0,66,0.3,0.65,0.49
20,0,Slow,30,60.0,100,0.9,0.95,0.76
20,1,Slow,23,46.0,107,0.9,0.95,0.73
20,2,Slow,8,11.200000000000001,122,0.3,0.65,0.45
20,3,Shigh,7,42.0,63,0.8,0.9,0.7
20,4,Shigh,5,30.0,65,0.3,0.65,0.54
20,0,Slow,30,60.0,100,0.9,0.95,0.82
20,1,Slow,24,48.0,106,0.9,0.95,0.84
20,2,Slow,14,28.0,116,0.3,0.65,0.53
20,3,Shigh,5,30.0,65,0.8,0.9,0.79
20,4,Shigh,2,12.0,68,0.3,0.65,0.57
20,0,Slow,30,60.0,100,0.9,0.95,0.79
20,1,Slow,24,48.0,106,0.9,0.95,0.82
20,2,Slow,15,30.0,115,0.3,0.65,0.57
20,3,Shigh,2,12.0,68,0.8,0.9,0.75
20,4,Shigh,11,66.0,59,0.3,0.65,0.58
20,0,Slow,19,38.0,111,0.9,0.95,0.83
20,1,Slow,22,44.0,108,0.9,0.95,0.83
20,2,Slow,13,26.0,117,0.3,0.65,0.47
20,3,Shigh,7,42.0,63,0.8,0.9,0.8
20,4,Shigh,5,30.0,65,0.3,0.65,0.54
20,0,Slow,25,50.0,105,0.9,0.95,0.77
20,1,Slow,22,44.0,108,0.9,0.95,0.78
20,2,Slow,21,42.0,109,0.3,0.65,0.54
20,3,Shigh,10,42.0,60,0.8,0.9,0.7
20,4,Shigh,3,18.0,67,0.3,0.65,0.55
20,0,Slow,31,62.0,99,0.9,0.95,0.79
20,1,Slow,23,46.0,107,0.9,0.95,0.8
20,2,Slow,20,40.0,110,0.3,0.65,0.52
20,3,Shigh,3,18.0,67,0.8,0.9,0.79
20,4,Shigh,2,12.0,68,0.3,0.65,0.54
20,0,Slow,26,52.0,104,0.9,0.95,0.74
20,1,Slow,29,58.0,101,0.9,0.95,0.78
20,2,Slow,12,24.0,118,0.3,0.65,0.45
20,3,Shigh,3,18.0,67,0.8,0.9,0.75
20,4,Shigh,3,18.0,67,0.3,0.65,0.55
20,0,Slow,26,52.0,104,0.9,0.95,0.78
20,1,Slow,27,37.79999999999998,103,0.9,0.95,0.77
20,2,Slow,11,22.0,119,0.3,0.65,0.51
20,3,Shigh,4,24.0,66,0.8,0.9,0.74
20,4,Shigh,3,18.0,67,0.3,0.65,0.44
20,0,Slow,27,54.0,103,0.9,0.95,0.86
20,1,Slow,31,62.0,99,0.9,0.95,0.84
20,2,Slow,17,34.0,113,0.3,0.65,0.62
20,3,Shigh,5,30.0,65,0.8,0.9,0.74
20,4,Shigh,4,24.0,66,0.3,0.65,0.55
20,0,Slow,22,44.0,108,0.9,0.95,0.77
20,1,Slow,26,52.0,104,0.9,0.95,0.81
20,2,Slow,16,32.0,114,0.3,0.65,0.59
20,3,Shigh,4,24.0,66,0.8,0.9,0.77
20,4,Shigh,3,18.0,67,0.3,0.65,0.59
21,0,Slow,18,36.0,112,0.9,0.95,0.8
21,1,Slow,29,58.0,101,0.9,0.95,0.83
21,2,Slow,24,48.0,106,0.3,0.65,0.58
21,3,Shigh,4,24.0,66,0.8,0.9,0.78
21,4,Shigh,5,30.0,65,0.3,0.65,0.53
21,0,Slow,21,42.0,109,0.9,0.95,0.76
21,1,Slow,21,42.0,109,0.9,0.95,0.76
21,2,Slow,12,24.0,118,0.3,0.65,0.49
21,3,Shigh,2,12.0,68,0.8,0.9,0.71
21,4,Shigh,5,30.0,65,0.3,0.65,0.5
21,0,Slow,21,42.0,109,0.9,0.95,0.8
21,1,Slow,24,48.0,106,0.9,0.95,0.79
21,2,Slow,19,38.0,111,0.3,0.65,0.52
21,3,Shigh,5,30.0,65,0.8,0.9,0.74
21,4,Shigh,3,18.0,67,0.3,0.65,0.58
21,0,Slow,24,48.0,106,0.9,0.95,0.82
21,1,Slow,27,54.0,103,0.9,0.95,0.85
21,2,Slow,12,24.0,118,0.3,0.65,0.47
21,3,Shigh,5,30.0,65,0.8,0.9,0.85
21,4,Shigh,8,48.0,62,0.3,0.65,0.65
21,0,Slow,25,50.0,105,0.9,0.95,0.79
21,1,Slow,32,64.0,98,0.9,0.95,0.79
21,2,Slow,11,22.0,119,0.3,0.65,0.51
21,3,Shigh,5,30.0,65,0.8,0.9,0.74
21,4,Shigh,4,24.0,66,0.3,0.65,0.54
21,0,Slow,25,50.0,105,0.9,0.95,0.82
21,1,Slow,25,50.0,105,0.9,0.95,0.82
21,2,Slow,17,34.0,113,0.3,0.65,0.53
21,3,Shigh,6,36.0,64,0.8,0.9,0.77
21,4,Shigh,6,36.0,64,0.3,0.65,0.56
21,0,Slow,16,32.0,114,0.9,0.95,0.77
21,1,Slow,26,52.0,104,0.9,0.95,0.76
21,2,Slow,5,10.0,125,0.3,0.65,0.48
21,3,Shigh,5,30.0,65,0.8,0.9,0.72
21,4,Shigh,7,42.0,63,0.3,0.65,0.58
21,0,Slow,22,44.0,108,0.9,0.95,0.8
21,1,Slow,22,44.0,108,0.9,0.95,0.75
21,2,Slow,15,30.0,115,0.3,0.65,0.51
21,3,Shigh,8,48.0,62,0.8,0.9,0.74
21,4,Shigh,2,12.0,68,0.3,0.65,0.56
21,0,Slow,24,33.59999999999999,106,0.9,0.95,0.82
21,1,Slow,23,46.0,107,0.9,0.95,0.8
21,2,Slow,12,24.0,118,0.3,0.65,0.53
21,3,Shigh,5,30.0,65,0.8,0.9,0.76
21,4,Shigh,7,42.0,63,0.3,0.65,0.56
21,0,Slow,20,40.0,110,0.9,0.95,0.79
21,1,Slow,22,44.0,108,0.9,0.95,0.8
21,2,Slow,15,30.0,115,0.3,0.65,0.59
21,3,Shigh,6,36.0,64,0.8,0.9,0.75
21,4,Shigh,4,24.0,66,0.3,0.65,0.46
21,0,Slow,28,56.0,102,0.9,0.95,0.73
21,1,Slow,24,48.0,106,0.9,0.95,0.77
21,2,Slow,11,22.0,119,0.3,0.65,0.51
21,3,Shigh,6,36.0,64,0.8,0.9,0.76
21,4,Shigh,7,42.0,63,0.3,0.65,0.62
21,0,Slow,16,32.0,114,0.9,0.95,0.75
21,1,Slow,21,42.0,109,0.9,0.95,0.78
21,2,Slow,14,28.0,116,0.3,0.65,0.5
21,3,Shigh,9,54.0,61,0.8,0.9,0.74
21,4,Shigh,3,18.0,67,0.3,0.65,0.62
21,0,Slow,26,52.0,104,0.9,0.95,0.81
21,1,Slow,31,62.0,99,0.9,0.95,0.8
21,2,Slow,16,32.0,114,0.3,0.65,0.55
21,3,Shigh,8,48.0,62,0.8,0.9,0.77
21,4,Shigh,3,18.0,67,0.3,0.65,0.46
21,0,Slow,28,56.0,102,0.9,0.95,0.81
21,1,Slow,29,58.0,101,0.9,0.95,0.85
21,2,Slow,13,26.0,117,0.3,0.65,0.53
21,3,Shigh,7,42.0,63,0.8,0.9,0.77
21,4,Shigh,1,6.0,69,0.3,0.65,0.6
21,0,Slow,28,56.0,102,0.9,0.95,0.78
21,1,Slow,19,38.0,111,0.9,0.95,0.74
21,2,Slow,19,38.0,111,0.3,0.65,0.53
21,3,Shigh,2,12.0,68,0.8,0.9,0.68
21,4,Shigh,6,36.0,64,0.3,0.65,0.51
21,0,Slow,24,48.0,106,0.9,0.95,0.8
21,1,Slow,26,52.0,104,0.9,0.95,0.81
21,2,Slow,13,26.0,117,0.3,0.65,0.52
21,3,Shigh,9,54.0,61,0.8,0.9,0.76
21,4,Shigh,3,18.0,67,0.3,0.65,0.46
21,0,Slow,22,44.0,108,0.9,0.95,0.78
21,1,Slow,25,50.0,105,0.9,0.95,0.78
21,2,Slow,19,26.59999999999999,111,0.3,0.65,0.54
21,3,Shigh,5,30.0,65,0.8,0.9,0.74
21,4,Shigh,4,24.0,66,0.3,0.65,0.45
21,0,Slow,22,30.799999999999986,108,0.9,0.95,0.83
21,1,Slow,24,48.0,106,0.9,0.95,0.82
21,2,Slow,23,46.0,107,0.3,0.65,0.61
21,3,Shigh,7,42.0,63,0.8,0.9,0.79
21,4,Shigh,4,24.0,66,0.3,0.65,0.55
21,0,Slow,24,33.59999999999999,106,0.9,0.95,0.83
21,1,Slow,31,62.0,99,0.9,0.95,0.87
21,2,Slow,17,34.0,113,0.3,0.65,0.49
21,3,Shigh,9,54.0,61,0.8,0.9,0.77
21,4,Shigh,1,6.0,69,0.3,0.65,0.61
21,0,Slow,31,62.0,99,0.9,0.95,0.87
21,1,Slow,28,56.0,102,0.9,0.95,0.85
21,2,Slow,19,38.0,111,0.3,0.65,0.56
21,3,Shigh,6,36.0,64,0.8,0.9,0.78
21,4,Shigh,3,18.0,67,0.3,0.65,0.54
21,0,Slow,28,56.0,102,0.9,0.95,0.87
21,1,Slow,30,60.0,100,0.9,0.95,0.81
21,2,Slow,16,32.0,114,0.3,0.65,0.53
21,3,Shigh,5,30.0,65,0.8,0.9,0.81
21,4,Shigh,2,12.0,68,0.3,0.65,0.57
21,0,Slow,27,54.0,103,0.9,0.95,0.72
21,1,Slow,20,40.0,110,0.9,0.95,0.75
21,2,Slow,19,38.0,111,0.3,0.65,0.5
21,3,Shigh,3,18.0,67,0.8,0.9,0.7
21,4,Shigh,4,24.0,66,0.3,0.65,0.44
22,0,Slow,27,37.79999999999998,103,0.9,0.95,0.84
22,1,Slow,24,48.0,106,0.9,0.95,0.81
22,2,Slow,17,34.0,113,0.3,0.65,0.51
22,3,Shigh,4,24.0,66,0.8,0.9,0.77
22,4,Shigh,4,24.0,66,0.3,0.65,0.59
22,0,Slow,20,40.0,110,0.9,0.95,0.81
22,1,Slow,36,72.0,94,0.9,0.95,0.81
22,2,Slow,21,42.0,109,0.3,0.65,0.58
22,3,Shigh,4,24.0,66,0.8,0.9,0.78
22,4,Shigh,4,24.0,66,0.3,0.65,0.56
22,0,Slow,23,46.0,107,0.9,0.95,0.79
22,1,Slow,18,36.0,112,0.9,0.95,0.79
22,2,Slow,22,44.0,108,0.3,0.65,0.58
22,3,Shigh,8,48.0,62,0.8,0.9,0.75
22,4,Shigh,5,30.0,65,0.3,0.65,0.42
22,0,Slow,26,52.0,104,0.9,0.95,0.83
22,1,Slow,29,58.0,101,0.9,0.95,0.85
22,2,Slow,18,36.0,112,0.3,0.65,0.57
22,3,Shigh,8,48.0,62,0.8,0.9,0.77
22,4,Shigh,3,18.0,67,0.3,0.65,0.58
22,0,Slow,24,48.0,106,0.9,0.95,0.87
22,1,Slow,29,58.0,101,0.9,0.95,0.91
22,2,Slow,20,40.0,110,0.3,0.65,0.59
22,3,Shigh,6,36.0,64,0.8,0.9,0.86
22,4,Shigh,4,24.0,66,0.3,0.65,0.57
22,0,Slow,22,44.0,108,0.9,0.95,0.73
22,1,Slow,19,38.0,111,0.9,0.95,0.72
22,2,Slow,17,34.0,113,0.3,0.65,0.45
22,3,Shigh,6,36.0,64,0.8,0.9,0.72
22,4,Shigh,3,18.0,67,0.3,0.65,0.47
22,0,Slow,23,46.0,107,0.9,0.95,0.73
22,1,Slow,22,44.0,108,0.9,0.95,0.71
22,2,Slow,14,28.0,116,0.3,0.65,0.51
22,3,Shigh,1,6.0,69,0.8,0.9,0.68
22,4,Shigh,1,6.0,69,0.3,0.65,0.52
22,0,Slow,27,54.0,103,0.9,0.95,0.8
22,1,Slow,29,58.0,101,0.9,0.95,0.79
22,2,Slow,11,22.0,119,0.3,0.65,0.57
22,3,Shigh,2,12.0,68,0.8,0.9,0.72
22,4,Shigh,3,18.0,67,0.3,0.65,0.56
22,0,Slow,26,52.0,104,0.9,0.95,0.9
22,1,Slow,30,60.0,100,0.9,0.95,0.88
22,2,Slow,14,28.0,116,0.3,0.65,0.65
22,3,Shigh,8,48.0,62,0.8,0.9,0.82
22,4,Shigh,2,12.0,68,0.3,0.65,0.62
22,0,Slow,21,42.0,109,0.9,0.95,0.73
22,1,Slow,23,46.0,107,0.9,0.95,0.78
22,2,Slow,21,42.0,109,0.3,0.65,0.55
22,3,Shigh,2,12.0,68,0.8,0.9,0.76
22,4,Shigh,4,24.0,66,0.3,0.65,0.54
22,0,Slow,22,44.0,108,0.9,0.95,0.83
22,1,Slow,27,54.0,103,0.9,0.95,0.77
22,2,Slow,19,38.0,111,0.3,0.65,0.54
22,3,Shigh,6,36.0,64,0.8,0.9,0.77
22,4,Shigh,1,6.0,69,0.3,0.65,0.5
22,0,Slow,26,52.0,104,0.9,0.95,0.77
22,1,Slow,22,44.0,108,0.9,0.95,0.78
22,2,Slow,18,36.0,112,0.3,0.65,0.58
22,3,Shigh,3,18.0,67,0.8,0.9,0.77
22,4,Shigh,4,24.0,66,0.3,0.65,0.52
22,0,Slow,22,44.0,108,0.9,0.95,0.78
22,1,Slow,24,33.59999999999999,106,0.9,0.95,0.75
22,2,Slow,18,36.0,112,0.3,0.65,0.52
22,3,Shigh,5,30.0,65,0.8,0.9,0.71
22,4,Shigh,3,18.0,67,0.3,0.65,0.52
22,0,Slow,27,54.0,103,0.9,0.95,0.82
22,1,Slow,24,48.0,106,0.9,0.95,0.81
22,2,Slow,14,28.0,116,0.3,0.65,0.49
22,3,Shigh,6,36.0,64,0.8,0.9,0.75
22,4,Shigh,3,18.0,67,0.3,0.65,0.52
22,0,Slow,29,58.0,101,0.9,0.95,0.84
22,1,Slow,29,58.0,101,0.9,0.95,0.79
22,2,Slow,17,34.0,113,0.3,0.65,0.46
22,3,Shigh,9,37.8,61,0.8,0.9,0.75
22,4,Shigh,3,18.0,67,0.3,0.65,0.62
22,0,Slow,24,48.0,106,0.9,0.95,0.78
22,1,Slow,22,44.0,108,0.9,0.95,0.72
22,2,Slow,15,30.0,115,0.3,0.65,0.53
22,3,Shigh,7,42.0,63,0.8,0.9,0.74
22,4,Shigh,2,12.0,68,0.3,0.65,0.47
22,0,Slow,17,34.0,113,0.9,0.95,0.78
22,1,Slow,30,60.0,100,0.9,0.95,0.78
22,2,Slow,21,29.399999999999988,109,0.3,0.65,0.55
22,3,Shigh,3,18.0,67,0.8,0.9,0.76
22,4,Shigh,3,18.0,67,0.3,0.65,0.54
22,0,Slow,24,48.0,106,0.9,0.95,0.8
22,1,Slow,26,52.0,104,0.9,0.95,0.78
22,2,Slow,17,34.0,113,0.3,0.65,0.62
22,3,Shigh,3,18.0,67,0.8,0.9,0.71
22,4,Shigh,4,24.0,66,0.3,0.65,0.57
22,0,Slow,27,54.0,103,0.9,0.95,0.89
22,1,Slow,33,66.0,97,0.9,0.95,0.91
22,2,Slow,11,22.0,119,0.3,0.65,0.54
22,3,Shigh,3,18.0,67,0.8,0.9,0.83
22,4,Shigh,4,24.0,66,0.3,0.65,0.64
22,0,Slow,35,70.0,95,0.9,0.95,0.83
22,1,Slow,29,58.0,101,0.9,0.95,0.86
22,2,Slow,16,32.0,114,0.3,0.65,0.57
22,3,Shigh,6,36.0,64,0.8,0.9,0.79
22,4,Shigh,4,24.0,66,0.3,0.65,0.55
22,0,Slow,30,60.0,100,0.9,0.95,0.82
22,1,Slow,16,32.0,114,0.9,0.95,0.8
22,2,Slow,16,32.0,114,0.3,0.65,0.56
22,3,Shigh,8,33.599999999999994,62,0.8,0.9,0.74
22,4,Shigh,3,18.0,67,0.3,0.65,0.64
22,0,Slow,30,60.0,100,0.9,0.95,0.83
22,1,Slow,35,48.99999999999997,95,0.9,0.95,0.84
22,2,Slow,17,34.0,113,0.3,0.65,0.51
22,3,Shigh,4,24.0,66,0.8,0.9,0.8
22,4,Shigh,1,6.0,69,0.3,0.65,0.55
23,0,Slow,21,29.399999999999988,109,0.9,0.95,0.81
23,1,Slow,33,66.0,97,0.9,0.95,0.84
23,2,Slow,14,28.0,116,0.3,0.65,0.5
23,3,Shigh,3,18.0,67,0.8,0.9,0.77
23,4,Shigh,2,12.0,68,0.3,0.65,0.59
23,0,Slow,32,64.0,98,0.9,0.95,0.82
23,1,Slow,25,50.0,105,0.9,0.95,0.82
23,2,Slow,15,30.0,115,0.3,0.65,0.59
23,3,Shigh,7,42.0,63,0.8,0.9,0.74
23,4,Shigh,5,30.0,65,0.3,0.65,0.63
23,0,Slow,30,60.0,100,0.9,0.95,0.84
23,1,Slow,30,60.0,100,0.9,0.95,0.82
23,2,Slow,18,36.0,112,0.3,0.65,0.64
23,3,Shigh,8,48.0,62,0.8,0.9,0.79
23,4,Shigh,4,24.0,66,0.3,0.65,0.57
23,0,Slow,18,36.0,112,0.9,0.95,0.77
23,1,Slow,30,60.0,100,0.9,0.95,0.75
23,2,Slow,17,34.0,113,0.3,0.65,0.48
23,3,Shigh,7,42.0,63,0.8,0.9,0.75
23,4,Shigh,5,30.0,65,0.3,0.65,0.48
23,0,Slow,24,48.0,106,0.9,0.95,0.82
23,1,Slow,24,48.0,106,0.9,0.95,0.79
23,2,Slow,20,40.0,110,0.3,0.65,0.6
23,3,Shigh,5,30.0,65,0.8,0.9,0.76
23,4,Shigh,1,6.0,69,0.3,0.65,0.51
23,0,Slow,23,46.0,107,0.9,0.95,0.83
23,1,Slow,26,52.0,104,0.9,0.95,0.82
23,2,Slow,18,36.0,112,0.3,0.65,0.62
23,3,Shigh,9,54.0,61,0.8,0.9,0.8
23,4,Shigh,3,18.0,67,0.3,0.65,0.58
23,0,Slow,28,56.0,102,0.9,0.95,0.79
23,1,Slow,27,54.0,103,0.9,0.95,0.82
23,2,Slow,10,20.0,120,0.3,0.65,0.42
23,3,Shigh,6,36.0,64,0.8,0.9,0.77
23,4,Shigh,2,12.0,68,0.3,0.65,0.5
23,0,Slow,27,54.0,103,0.9,0.95,0.79
23,1,Slow,37,74.0,93,0.9,0.95,0.85
23,2,Slow,18,36.0,112,0.3,0.65,0.6
23,3,Shigh,7,42.0,63,0.8,0.9,0.82
23,4,Shigh,1,6.0,69,0.3,0.65,0.61
23,0,Slow,26,52.0,104,0.9,0.95,0.71
23,1,Slow,26,52.0,104,0.9,0.95,0.77
23,2,Slow,24,48.0,106,0.3,0.65,0.51
23,3,Shigh,3,18.0,67,0.8,0.9,0.69
23,4,Shigh,4,24.0,66,0.3,0.65,0.55
23,0,Slow,27,54.0,103,0.9,0.95,0.84
23,1,Slow,28,56.0,102,0.9,0.95,0.83
23,2,Slow,18,36.0,112,0.3,0.65,0.59
23,3,Shigh,3,18.0,67,0.8,0.9,0.73
23,4,Shigh,4,24.0,66,0.3,0.65,0.58
23,0,Slow,29,58.0,101,0.9,0.95,0.79
23,1,Slow,28,56.0,102,0.9,0.95,0.79
23,2,Slow,19,38.0,111,0.3,0.65,0.55
23,3,Shigh,2,12.0,68,0.8,0.9,0.76
23,4,Shigh,1,6.0,69,0.3,0.65,0.52
23,0,Slow,26,52.0,104,0.9,0.95,0.83
23,1,Slow,25,50.0,105,0.9,0.95,0.84
23,2,Slow,21,42.0,109,0.3,0.65,0.59
23,3,Shigh,6,36.0,64,0.8,0.9,0.76
23,4,Shigh,6,36.0,64,0.3,0.65,0.53
23,0,Slow,26,52.0,104,0.9,0.95,0.81
23,1,Slow,26,52.0,104,0.9,0.95,0.82
23,2,Slow,15,30.0,115,0.3,0.65,0.51
23,3,Shigh,3,18.0,67,0.8,0.9,0.74
23,4,Shigh,7,42.0,63,0.3,0.65,0.56
23,0,Slow,19,38.0,111,0.9,0.95,0.78
23,1,Slow,29,58.0,101,0.9,0.95,0.79
23,2,Slow,17,34.0,113,0.3,0.65,0.54
23,3,Shigh,7,42.0,63,0.8,0.9,0.75
23,4,Shigh,2,12.0,68,0.3,0.65,0.46
23,0,Slow,28,56.0,102,0.9,0.95,0.79
23,1,Slow,20,40.0,110,0.9,0.95,0.79
23,2,Slow,18,36.0,112,0.3,0.65,0.53
23,3,Shigh,6,36.0,64,0.8,0.9,0.71
23,4,Shigh,5,30.0,65,0.3,0.65,0.52
23,0,Slow,34,68.0,96,0.9,0.95,0.8
23,1,Slow,25,50.0,105,0.9,0.95,0.78
23,2,Slow,12,24.0,118,0.3,0.65,0.48
23,3,Shigh,8,48.0,62,0.8,0.9,0.71
23,4,Shigh,0,0.0,70,0.3,0.65,0.59
23,0,Slow,26,52.0,104,0.9,0.95,0.81
23,1,Slow,29,58.0,101,0.9,0.95,0.83
23,2,Slow,12,24.0,118,0.3,0.65,0.48
23,3,Shigh,6,36.0,64,0.8,0.9,0.71
23,4,Shigh,4,24.0,66,0.3,0.65,0.59
23,0,Slow,33,66.0,97,0.9,0.95,0.83
23,1,Slow,27,54.0,103,0.9,0.95,0.83
23,2,Slow,19,38.0,111,0.3,0.65,0.64
23,3,Shigh,8,33.599999999999994,62,0.8,0.9,0.79
23,4,Shigh,2,12.0,68,0.3,0.65,0.57
23,0,Slow,28,56.0,102,0.9,0.95,0.83
23,1,Slow,33,66.0,97,0.9,0.95,0.8
23,2,Slow,18,25.199999999999992,112,0.3,0.65,0.61
23,3,Shigh,4,24.0,66,0.8,0.9,0.7
23,4,Shigh,3,18.0,67,0.3,0.65,0.53
23,0,Slow,40,80.0,90,0.9,0.95,0.91
23,1,Slow,30,60.0,100,0.9,0.95,0.91
23,2,Slow,11,22.0,119,0.3,0.65,0.55
23,3,Shigh,8,48.0,62,0.8,0.9,0.82
23,4,Shigh,4,24.0,66,0.3,0.65,0.6
23,0,Slow,27,54.0,103,0.9,0.95,0.76
23,1,Slow,28,56.0,102,0.9,0.95,0.76
23,2,Slow,17,34.0,113,0.3,0.65,0.49
23,3,Shigh,4,24.0,66,0.8,0.9,0.75
23,4,Shigh,3,18.0,67,0.3,0.65,0.49
23,0,Slow,34,68.0,96,0.9,0.95,0.78
23,1,Slow,31,62.0,99,0.9,0.95,0.77
23,2,Slow,15,30.0,115,0.3,0.65,0.6
23,3,Shigh,8,48.0,62,0.8,0.9,0.74
23,4,Shigh,2,12.0,68,0.3,0.65,0.52
24,0,Slow,33,66.0,97,0.9,0.95,0.79
24,1,Slow,19,38.0,111,0.9,0.95,0.8
24,2,Slow,13,26.0,117,0.3,0.65,0.51
24,3,Shigh,7,42.0,63,0.8,0.9,0.71
24,4,Shigh,1,6.0,69,0.3,0.65,0.54
24,0,Slow,33,66.0,97,0.9,0.95,0.83
24,1,Slow,19,38.0,111,0.9,0.95,0.8
24,2,Slow,20,27.99999999999999,110,0.3,0.65,0.59
24,3,Shigh,8,48.0,62,0.8,0.9,0.72
24,4,Shigh,3,18.0,67,0.3,0.65,0.56
24,0,Slow,21,42.0,109,0.9,0.95,0.83
24,1,Slow,28,56.0,102,0.9,0.95,0.84
24,2,Slow,19,38.0,111,0.3,0.65,0.5
24,3,Shigh,6,36.0,64,0.8,0.9,0.78
24,4,Shigh,1,6.0,69,0.3,0.65,0.52
24,0,Slow,23,46.0,107,0.9,0.95,0.79
24,1,Slow,24,48.0,106,0.9,0.95,0.81
24,2,Slow,14,28.0,116,0.3,0.65,0.53
24,3,Shigh,4,24.0,66,0.8,0.9,0.78
24,4,Shigh,3,18.0,67,0.3,0.65,0.53
24,0,Slow,29,58.0,101,0.9,0.95,0.83
24,1,Slow,23,46.0,107,0.9,0.95,0.83
24,2,Slow,16,32.0,114,0.3,0.65,0.61
24,3,Shigh,2,12.0,68,0.8,0.9,0.78
24,4,Shigh,3,18.0,67,0.3,0.65,0.5
24,0,Slow,21,42.0,109,0.9,0.95,0.81
24,1,Slow,31,62.0,99,0.9,0.95,0.78
24,2,Slow,16,32.0,114,0.3,0.65,0.5
24,3,Shigh,4,24.0,66,0.8,0.9,0.77
24,4,Shigh,2,12.0,68,0.3,0.65,0.5
24,0,Slow,20,40.0,110,0.9,0.95,0.78
24,1,Slow,28,56.0,102,0.9,0.95,0.8
24,2,Slow,19,38.0,111,0.3,0.65,0.59
24,3,Shigh,5,30.0,65,0.8,0.9,0.68
24,4,Shigh,4,24.0,66,0.3,0.65,0.57
24,0,Slow,26,52.0,104,0.9,0.95,0.74
24,1,Slow,22,44.0,108,0.9,0.95,0.71
24,2,Slow,14,28.0,116,0.3,0.65,0.5
24,3,Shigh,5,30.0,65,0.8,0.9,0.75
24,4,Shigh,2,12.0,68,0.3,0.65,0.52
24,0,Slow,24,48.0,106,0.9,0.95,0.73
24,1,Slow,24,48.0,106,0.9,0.95,0.78
24,2,Slow,17,34.0,113,0.3,0.65,0.58
24,3,Shigh,5,30.0,65,0.8,0.9,0.73
24,4,Shigh,1,6.0,69,0.3,0.65,0.51
24,0,Slow,31,62.0,99,0.9,0.95,0.8
24,1,Slow,23,46.0,107,0.9,0.95,0.75
24,2,Slow,24,48.0,106,0.3,0.65,0.64
24,3,Shigh,4,24.0,66,0.8,0.9,0.76
24,4,Shigh,2,12.0,68,0.3,0.65,0.57
24,0,Slow,22,44.0,108,0.9,0.95,0.76
24,1,Slow,18,36.0,112,0.9,0.95,0.75
24,2,Slow,17,34.0,113,0.3,0.65,0.6
24,3,Shigh,7,42.0,63,0.8,0.9,0.73
24,4,Shigh,5,30.0,65,0.3,0.65,0.55
24,0,Slow,26,52.0,104,0.9,0.95,0.77
24,1,Slow,27,54.0,103,0.9,0.95,0.81
24,2,Slow,11,22.0,119,0.3,0.65,0.53
24,3,Shigh,6,36.0,64,0.8,0.9,0.79
24,4,Shigh,2,12.0,68,0.3,0.65,0.53
24,0,Slow,22,30.799999999999986,108,0.9,0.95,0.83
24,1,Slow,32,64.0,98,0.9,0.95,0.82
24,2,Slow,13,26.0,117,0.3,0.65,0.54
24,3,Shigh,7,42.0,63,0.8,0.9,0.76
24,4,Shigh,7,42.0,63,0.3,0.65,0.57
24,0,Slow,25,50.0,105,0.9,0.95,0.83
24,1,Slow,24,48.0,106,0.9,0.95,0.86
24,2,Slow,16,32.0,114,0.3,0.65,0.58
24,3,Shigh,3,18.0,67,0.8,0.9,0.79
24,4,Shigh,4,24.0,66,0.3,0.65,0.6
24,0,Slow,19,38.0,111,0.9,0.95,0.83
24,1,Slow,27,54.0,103,0.9,0.95,0.87
24,2,Slow,18,36.0,112,0.3,0.65,0.57
24,3,Shigh,3,18.0,67,0.8,0.9,0.88
24,4,Shigh,1,6.0,69,0.3,0.65,0.58
24,0,Slow,26,52.0,104,0.9,0.95,0.78
24,1,Slow,23,46.0,107,0.9,0.95,0.79
24,2,Slow,15,30.0,115,0.3,0.65,0.52
24,3,Shigh,5,30.0,65,0.8,0.9,0.75
24,4,Shigh,3,18.0,67,0.3,0.65,0.61
24,0,Slow,19,38.0,111,0.9,0.95,0.82
24,1,Slow,25,50.0,105,0.9,0.95,0.84
24,2,Slow,20,40.0,110,0.3,0.65,0.62
24,3,Shigh,4,24.0,66,0.8,0.9,0.8
24,4,Shigh,3,18.0,67,0.3,0.65,0.55
24,0,Slow,22,44.0,108,0.9,0.95,0.77
24,1,Slow,19,38.0,111,0.9,0.95,0.75
24,2,Slow,14,28.0,116,0.3,0.65,0.57
24,3,Shigh,9,54.0,61,0.8,0.9,0.66
24,4,Shigh,4,24.0,66,0.3,0.65,0.52
24,0,Slow,26,52.0,104,0.9,0.95,0.77
24,1,Slow,19,38.0,111,0.9,0.95,0.74
24,2,Slow,13,26.0,117,0.3,0.65,0.51
24,3,Shigh,6,36.0,64,0.8,0.9,0.64
24,4,Shigh,5,30.0,65,0.3,0.65,0.49
24,0,Slow,30,60.0,100,0.9,0.95,0.81
24,1,Slow,24,48.0,106,0.9,0.95,0.83
24,2,Slow,14,28.0,116,0.3,0.65,0.59
24,3,Shigh,3,18.0,67,0.8,0.9,0.81
24,4,Shigh,4,24.0,66,0.3,0.65,0.53
24,0,Slow,28,56.0,102,0.9,0.95,0.78
24,1,Slow,25,50.0,105,0.9,0.95,0.81
24,2,Slow,12,24.0,118,0.3,0.65,0.47
24,3,Shigh,5,30.0,65,0.8,0.9,0.71
24,4,Shigh,1,6.0,69,0.3,0.65,0.5
24,0,Slow,26,52.0,104,0.9,0.95,0.82
24,1,Slow,25,50.0,105,0.9,0.95,0.84
24,2,Slow,15,30.0,115,0.3,0.65,0.59
24,3,Shigh,7,42.0,63,0.8,0.9,0.79
24,4,Shigh,1,6.0,69,0.3,0.65,0.57
25,0,Slow,20,40.0,110,0.9,0.95,0.77
25,1,Slow,27,54.0,103,0.9,0.95,0.78
25,2,Slow,20,40.0,110,0.3,0.65,0.55
25,3,Shigh,6,36.0,64,0.8,0.9,0.77
25,4,Shigh,3,18.0,67,0.3,0.65,0.53
25,0,Slow,30,60.0,100,0.9,0.95,0.81
25,1,Slow,25,50.0,105,0.9,0.95,0.8
25,2,Slow,16,32.0,114,0.3,0.65,0.53
25,3,Shigh,7,42.0,63,0.8,0.9,0.77
25,4,Shigh,2,12.0,68,0.3,0.65,0.6
25,0,Slow,32,64.0,98,0.9,0.95,0.82
25,1,Slow,21,42.0,109,0.9,0.95,0.77
25,2,Slow,18,36.0,112,0.3,0.65,0.56
25,3,Shigh,5,20.999999999999996,65,0.8,0.9,0.75
25,4,Shigh,4,24.0,66,0.3,0.65,0.57
25,0,Slow,19,38.0,111,0.9,0.95,0.8
25,1,Slow,28,56.0,102,0.9,0.95,0.8
25,2,Slow,17,34.0,113,0.3,0.65,0.55
25,3,Shigh,5,30.0,65,0.8,0.9,0.77
25,4,Shigh,5,30.0,65,0.3,0.65,0.52
25,0,Slow,29,40.59999999999998,101,0.9,0.95,0.81
25,1,Slow,22,44.0,108,0.9,0.95,0.8
25,2,Slow,13,26.0,117,0.3,0.65,0.45
25,3,Shigh,6,36.0,64,0.8,0.9,0.76
25,4,Shigh,5,30.0,65,0.3,0.65,0.59
25,0,Slow,19,38.0,111,0.9,0.95,0.81
25,1,Slow,24,48.0,106,0.9,0.95,0.84
25,2,Slow,27,54.0,103,0.3,0.65,0.71
25,3,Shigh,9,54.0,61,0.8,0.9,0.8
25,4,Shigh,2,12.0,68,0.3,0.65,0.61
25,0,Slow,25,50.0,105,0.9,0.95,0.84
25,1,Slow,29,58.0,101,0.9,0.95,0.84
25,2,Slow,17,34.0,113,0.3,0.65,0.56
25,3,Shigh,6,36.0,64,0.8,0.9,0.82
25,4,Shigh,3,18.0,67,0.3,0.65,0.53
25,0,Slow,24,48.0,106,0.9,0.95,0.76
25,1,Slow,18,36.0,112,0.9,0.95,0.73
25,2,Slow,23,46.0,107,0.3,0.65,0.55
25,3,Shigh,5,30.0,65,0.8,0.9,0.68
25,4,Shigh,3,18.0,67,0.3,0.65,0.47
25,0,Slow,18,25.199999999999992,112,0.9,0.95,0.79
25,1,Slow,29,58.0,101,0.9,0.95,0.83
25,2,Slow,25,50.0,105,0.3,0.65,0.61
25,3,Shigh,8,48.0,62,0.8,0.9,0.78
25,4,Shigh,0,0.0,70,0.3,0.65,0.54
25,0,Slow,34,68.0,96,0.9,0.95,0.87
25,1,Slow,28,56.0,102,0.9,0.95,0.84
25,2,Slow,20,40.0,110,0.3,0.65,0.64
25,3,Shigh,2,12.0,68,0.8,0.9,0.8
25,4,Shigh,2,12.0,68,0.3,0.65,0.52
25,0,Slow,18,36.0,112,0.9,0.95,0.83
25,1,Slow,29,58.0,101,0.9,0.95,0.8
25,2,Slow,20,40.0,110,0.3,0.65,0.55
25,3,Shigh,5,30.0,65,0.8,0.9,0.79
25,4,Shigh,6,36.0,64,0.3,0.65,0.63
25,0,Slow,26,52.0,104,0.9,0.95,0.87
25,1,Slow,17,34.0,113,0.9,0.95,0.85
25,2,Slow,19,38.0,111,0.3,0.65,0.55
25,3,Shigh,9,54.0,61,0.8,0.9,0.86
25,4,Shigh,6,36.0,64,0.3,0.65,0.63
25,0,Slow,24,48.0,106,0.9,0.95,0.79
25,1,Slow,29,58.0,101,0.9,0.95,0.81
25,2,Slow,20,40.0,110,0.3,0.65,0.58
25,3,Shigh,5,30.0,65,0.8,0.9,0.79
25,4,Shigh,3,18.0,67,0.3,0.65,0.5
25,0,Slow,26,52.0,104,0.9,0.95,0.81
25,1,Slow,27,54.0,103,0.9,0.95,0.79
25,2,Slow,14,28.0,116,0.3,0.65,0.49
25,3,Shigh,12,50.400000000000006,58,0.8,0.9,0.73
25,4,Shigh,6,36.0,64,0.3,0.65,0.55
25,0,Slow,28,56.0,102,0.9,0.95,0.82
25,1,Slow,26,52.0,104,0.9,0.95,0.84
25,2,Slow,16,32.0,114,0.3,0.65,0.56
25,3,Shigh,6,36.0,64,0.8,0.9,0.77
25,4,Shigh,8,33.599999999999994,62,0.3,0.65,0.62
25,0,Slow,35,70.0,95,0.9,0.95,0.84
25,1,Slow,29,58.0,101,0.9,0.95,0.86
25,2,Slow,21,42.0,109,0.3,0.65,0.59
25,3,Shigh,7,42.0,63,0.8,0.9,0.77
25,4,Shigh,2,12.0,68,0.3,0.65,0.55
25,0,Slow,22,44.0,108,0.9,0.95,0.78
25,1,Slow,29,58.0,101,0.9,0.95,0.8
25,2,Slow,17,34.0,113,0.3,0.65,0.57
25,3,Shigh,3,18.0,67,0.8,0.9,0.78
25,4,Shigh,3,18.0,67,0.3,0.65,0.48
25,0,Slow,21,42.0,109,0.9,0.95,0.78
25,1,Slow,25,50.0,105,0.9,0.95,0.77
25,2,Slow,22,44.0,108,0.3,0.65,0.55
25,3,Shigh,4,24.0,66,0.8,0.9,0.72
25,4,Shigh,3,12.599999999999998,67,0.3,0.65,0.6
25,0,Slow,32,64.0,98,0.9,0.95,0.76
25,1,Slow,27,54.0,103,0.9,0.95,0.78
25,2,Slow,15,30.0,115,0.3,0.65,0.54
25,3,Shigh,4,24.0,66,0.8,0.9,0.7
25,4,Shigh,4,24.0,66,0.3,0.65,0.64
25,0,Slow,23,46.0,107,0.9,0.95,0.77
25,1,Slow,24,48.0,106,0.9,0.95,0.76
25,2,Slow,16,32.0,114,0.3,0.65,0.57
25,3,Shigh,9,54.0,61,0.8,0.9,0.73
25,4,Shigh,4,24.0,66,0.3,0.65,0.55
25,0,Slow,25,50.0,105,0.9,0.95,0.74
25,1,Slow,31,62.0,99,0.9,0.95,0.77
25,2,Slow,21,29.399999999999988,109,0.3,0.65,0.55
25,3,Shigh,7,42.0,63,0.8,0.9,0.74
25,4,Shigh,5,30.0,65,0.3,0.65,0.48
25,0,Slow,29,58.0,101,0.9,0.95,0.86
25,1,Slow,28,39.19999999999998,102,0.9,0.95,0.85
25,2,Slow,13,26.0,117,0.3,0.65,0.54
25,3,Shigh,8,48.0,62,0.8,0.9,0.81
25,4,Shigh,6,36.0,64,0.3,0.65,0.65
26,0,Slow,31,62.0,99,0.9,0.95,0.8
26,1,Slow,18,36.0,112,0.9,0.95,0.77
26,2,Slow,17,23.799999999999994,113,0.3,0.65,0.5
26,3,Shigh,4,24.0,66,0.8,0.9,0.78
26,4,Shigh,6,36.0,64,0.3,0.65,0.55
26,0,Slow,22,44.0,108,0.9,0.95,0.78
26,1,Slow,25,50.0,105,0.9,0.95,0.78
26,2,Slow,14,28.0,116,0.3,0.65,0.47
26,3,Shigh,2,12.0,68,0.8,0.9,0.7
26,4,Shigh,4,24.0,66,0.3,0.65,0.56
26,0,Slow,23,46.0,107,0.9,0.95,0.78
26,1,Slow,28,56.0,102,0.9,0.95,0.77
26,2,Slow,16,32.0,114,0.3,0.65,0.51
26,3,Shigh,6,36.0,64,0.8,0.9,0.74
26,4,Shigh,6,36.0,64,0.3,0.65,0.45
26,0,Slow,26,52.0,104,0.9,0.95,0.82
26,1,Slow,33,66.0,97,0.9,0.95,0.81
26,2,Slow,21,42.0,109,0.3,0.65,0.62
26,3,Shigh,2,12.0,68,0.8,0.9,0.79
26,4,Shigh,4,24.0,66,0.3,0.65,0.61
26,0,Slow,18,36.0,112,0.9,0.95,0.78
26,1,Slow,24,48.0,106,0.9,0.95,0.75
26,2,Slow,12,24.0,118,0.3,0.65,0.48
26,3,Shigh,4,24.0,66,0.8,0.9,0.71
26,4,Shigh,5,30.0,65,0.3,0.65,0.48
26,0,Slow,23,46.0,107,0.9,0.95,0.76
26,1,Slow,25,50.0,105,0.9,0.95,0.75
26,2,Slow,15,30.0,115,0.3,0.65,0.55
26,3,Shigh,2,12.0,68,0.8,0.9,0.75
26,4,Shigh,5,30.0,65,0.3,0.65,0.42
26,0,Slow,26,52.0,104,0.9,0.95,0.87
26,1,Slow,25,50.0,105,0.9,0.95,0.85
26,2,Slow,14,28.0,116,0.3,0.65,0.53
26,3,Shigh,7,42.0,63,0.8,0.9,0.83
26,4,Shigh,4,24.0,66,0.3,0.65,0.55
26,0,Slow,21,42.0,109,0.9,0.95,0.8
26,1,Slow,33,66.0,97,0.9,0.95,0.85
26,2,Slow,15,30.0,115,0.3,0.65,0.54
26,3,Shigh,5,30.0,65,0.8,0.9,0.75
26,4,Shigh,5,30.0,65,0.3,0.65,0.6
26,0,Slow,31,62.0,99,0.9,0.95,0.79
26,1,Slow,25,50.0,105,0.9,0.95,0.78
26,2,Slow,9,18.0,121,0.3,0.65,0.56
26,3,Shigh,1,6.0,69,0.8,0.9,0.71
26,4,Shigh,4,24.0,66,0.3,0.65,0.56
26,0,Slow,24,48.0,106,0.9,0.95,0.8
26,1,Slow,30,60.0,100,0.9,0.95,0.8
26,2,Slow,17,34.0,113,0.3,0.65,0.55
26,3,Shigh,7,42.0,63,0.8,0.9,0.79
26,4,Shigh,2,12.0,68,0.3,0.65,0.5
26,0,Slow,22,44.0,108,0.9,0.95,0.82
26,1,Slow,33,66.0,97,0.9,0.95,0.76
26,2,Slow,15,30.0,115,0.3,0.65,0.46
26,3,Shigh,4,24.0,66,0.8,0.9,0.8
26,4,Shigh,3,18.0,67,0.3,0.65,0.54
26,0,Slow,24,48.0,106,0.9,0.95,0.77
26,1,Slow,26,52.0,104,0.9,0.95,0.79
26,2,Slow,15,30.0,115,0.3,0.65,0.49
26,3,Shigh,4,24.0,66,0.8,0.9,0.73
26,4,Shigh,3,18.0,67,0.3,0.65,0.52
26,0,Slow,37,74.0,93,0.9,0.95,0.88
26,1,Slow,27,54.0,103,0.9,0.95,0.85
26,2,Slow,12,24.0,118,0.3,0.65,0.62
26,3,Shigh,3,18.0,67,0.8,0.9,0.87
26,4,Shigh,6,36.0,64,0.3,0.65,0.62
26,0,Slow,26,52.0,104,0.9,0.95,0.87
26,1,Slow,32,64.0,98,0.9,0.95,0.85
26,2,Slow,17,34.0,113,0.3,0.65,0.6
26,3,Shigh,4,24.0,66,0.8,0.9,0.84
26,4,Shigh,3,18.0,67,0.3,0.65,0.61
26,0,Slow,24,48.0,106,0.9,0.95,0.78
26,1,Slow,20,40.0,110,0.9,0.95,0.79
26,2,Slow,19,38.0,111,0.3,0.65,0.57
26,3,Shigh,3,18.0,67,0.8,0.9,0.77
26,4,Shigh,1,6.0,69,0.3,0.65,0.5
26,0,Slow,37,74.0,93,0.9,0.95,0.85
26,1,Slow,23,46.0,107,0.9,0.95,0.83
26,2,Slow,16,32.0,114,0.3,0.65,0.57
26,3,Shigh,7,42.0,63,0.8,0.9,0.77
26,4,Shigh,5,30.0,65,0.3,0.65,0.57
26,0,Slow,23,46.0,107,0.9,0.95,0.83
26,1,Slow,24,48.0,106,0.9,0.95,0.8
26,2,Slow,14,28.0,116,0.3,0.65,0.49
26,3,Shigh,9,54.0,61,0.8,0.9,0.77
26,4,Shigh,3,18.0,67,0.3,0.65,0.55
26,0,Slow,23,46.0,107,0.9,0.95,0.85
26,1,Slow,30,60.0,100,0.9,0.95,0.87
26,2,Slow,24,48.0,106,0.3,0.65,0.6
26,3,Shigh,3,18.0,67,0.8,0.9,0.79
26,4,Shigh,3,18.0,67,0.3,0.65,0.59
26,0,Slow,20,40.0,110,0.9,0.95,0.76
26,1,Slow,28,56.0,102,0.9,0.95,0.78
26,2,Slow,18,36.0,112,0.3,0.65,0.6
26,3,Shigh,4,24.0,66,0.8,0.9,0.75
26,4,Shigh,4,24.0,66,0.3,0.65,0.47
26,0,Slow,22,44.0,108,0.9,0.95,0.81
26,1,Slow,30,60.0,100,0.9,0.95,0.82
26,2,Slow,20,40.0,110,0.3,0.65,0.55
26,3,Shigh,3,18.0,67,0.8,0.9,0.83
26,4,Shigh,3,18.0,67,0.3,0.65,0.55
26,0,Slow,25,50.0,105,0.9,0.95,0.84
26,1,Slow,31,62.0,99,0.9,0.95,0.83
26,2,Slow,15,30.0,115,0.3,0.65,0.53
26,3,Shigh,5,30.0,65,0.8,0.9,0.79
26,4,Shigh,11,66.0,59,0.3,0.65,0.62
26,0,Slow,25,50.0,105,0.9,0.95,0.82
26,1,Slow,23,46.0,107,0.9,0.95,0.85
26,2,Slow,17,34.0,113,0.3,0.65,0.55
26,3,Shigh,11,66.0,59,0.8,0.9,0.8
26,4,Shigh,1,6.0,69,0.3,0.65,0.53
27,0,Slow,27,54.0,103,0.9,0.95,0.75
27,1,Slow,24,48.0,106,0.9,0.95,0.76
27,2,Slow,13,26.0,117,0.3,0.65,0.52
27,3,Shigh,8,48.0,62,0.8,0.9,0.76
27,4,Shigh,2,12.0,68,0.3,0.65,0.43
27,0,Slow,33,66.0,97,0.9,0.95,0.81
27,1,Slow,28,56.0,102,0.9,0.95,0.75
27,2,Slow,18,36.0,112,0.3,0.65,0.58
27,3,Shigh,5,30.0,65,0.8,0.9,0.77
27,4,Shigh,1,6.0,69,0.3,0.65,0.57
27,0,Slow,24,48.0,106,0.9,0.95,0.83
27,1,Slow,25,50.0,105,0.9,0.95,0.82
27,2,Slow,19,26.59999999999999,111,0.3,0.65,0.61
27,3,Shigh,6,36.0,64,0.8,0.9,0.78
27,4,Shigh,4,24.0,66,0.3,0.65,0.53
27,0,Slow,24,48.0,106,0.9,0.95,0.85
27,1,Slow,29,40.59999999999998,101,0.9,0.95,0.86
27,2,Slow,24,48.0,106,0.3,0.65,0.63
27,3,Shigh,5,30.0,65,0.8,0.9,0.83
27,4,Shigh,3,18.0,67,0.3,0.65,0.67
27,0,Slow,39,78.0,91,0.9,0.95,0.87
27,1,Slow,21,42.0,109,0.9,0.95,0.87
27,2,Slow,22,44.0,108,0.3,0.65,0.62
27,3,Shigh,5,30.0,65,0.8,0.9,0.78
27,4,Shigh,4,24.0,66,0.3,0.65,0.68
27,0,Slow,29,58.0,101,0.9,0.95,0.81
27,1,Slow,28,56.0,102,0.9,0.95,0.8
27,2,Slow,13,26.0,117,0.3,0.65,0.54
27,3,Shigh,7,29.399999999999995,63,0.8,0.9,0.8
27,4,Shigh,3,18.0,67,0.3,0.65,0.48
27,0,Slow,25,50.0,105,0.9,0.95,0.85
27,1,Slow,27,54.0,103,0.9,0.95,0.79
27,2,Slow,16,32.0,114,0.3,0.65,0.5
27,3,Shigh,3,18.0,67,0.8,0.9,0.77
27,4,Shigh,2,12.0,68,0.3,0.65,0.6
27,0,Slow,33,46.199999999999974,97,0.9,0.95,0.88
27,1,Slow,22,44.0,108,0.9,0.95,0.86
27,2,Slow,17,34.0,113,0.3,0.65,0.61
27,3,Shigh,4,24.0,66,0.8,0.9,0.81
27,4,Shigh,6,36.0,64,0.3,0.65,0.54
27,0,Slow,20,40.0,110,0.9,0.95,0.74
27,1,Slow,31,62.0,99,0.9,0.95,0.76
27,2,Slow,16,32.0,114,0.3,0.65,0.51
27,3,Shigh,9,54.0,61,0.8,0.9,0.67
27,4,Shigh,0,0.0,70,0.3,0.65,0.44
27,0,Slow,21,42.0,109,0.9,0.95,0.79
27,1,Slow,24,48.0,106,0.9,0.95,0.8
27,2,Slow,12,24.0,118,0.3,0.65,0.52
27,3,Shigh,9,54.0,61,0.8,0.9,0.76
27,4,Shigh,1,6.0,69,0.3,0.65,0.5
27,0,Slow,32,64.0,98,0.9,0.95,0.81
27,1,Slow,26,52.0,104,0.9,0.95,0.83
27,2,Slow,27,54.0,103,0.3,0.65,0.55
27,3,Shigh,5,30.0,65,0.8,0.9,0.78
27,4,Shigh,2,12.0,68,0.3,0.65,0.55
27,0,Slow,24,48.0,106,0.9,0.95,0.83
27,1,Slow,31,62.0,99,0.9,0.95,0.8
27,2,Slow,16,32.0,114,0.3,0.65,0.49
27,3,Shigh,6,36.0,64,0.8,0.9,0.76
27,4,Shigh,1,6.0,69,0.3,0.65,0.55
27,0,Slow,31,62.0,99,0.9,0.95,0.77
27,1,Slow,23,46.0,107,0.9,0.95,0.79
27,2,Slow,15,30.0,115,0.3,0.65,0.56
27,3,Shigh,3,18.0,67,0.8,0.9,0.74
27,4,Shigh,2,12.0,68,0.3,0.65,0.53
27,0,Slow,23,46.0,107,0.9,0.95,0.74
27,1,Slow,20,40.0,110,0.9,0.95,0.74
27,2,Slow,18,36.0,112,0.3,0.65,0.53
27,3,Shigh,6,36.0,64,0.8,0.9,0.74
27,4,Shigh,1,6.0,69,0.3,0.65,0.57
27,0,Slow,26,52.0,104,0.9,0.95,0.73
27,1,Slow,23,46.0,107,0.9,0.95,0.71
27,2,Slow,21,42.0,109,0.3,0.65,0.5
27,3,Shigh,9,54.0,61,0.8,0.9,0.7
27,4,Shigh,3,18.0,67,0.3,0.65,0.47
27,0,Slow,22,44.0,108,0.9,0.95,0.76
27,1,Slow,20,27.99999999999999,110,0.9,0.95,0.73
27,2,Slow,18,36.0,112,0.3,0.65,0.51
27,3,Shigh,4,24.0,66,0.8,0.9,0.69
27,4,Shigh,6,36.0,64,0.3,0.65,0.49
27,0,Slow,24,48.0,106,0.9,0.95,0.81
27,1,Slow,23,46.0,107,0.9,0.95,0.8
27,2,Slow,16,32.0,114,0.3,0.65,0.59
27,3,Shigh,5,30.0,65,0.8,0.9,0.72
27,4,Shigh,3,18.0,67,0.3,0.65,0.53
27,0,Slow,19,38.0,111,0.9,0.95,0.84
27,1,Slow,16,32.0,114,0.9,0.95,0.75
27,2,Slow,20,40.0,110,0.3,0.65,0.6
27,3,Shigh,8,48.0,62,0.8,0.9,0.77
27,4,Shigh,6,36.0,64,0.3,0.65,0.56
27,0,Slow,28,56.0,102,0.9,0.95,0.74
27,1,Slow,23,32.19999999999999,107,0.9,0.95,0.71
27,2,Slow,8,16.0,122,0.3,0.65,0.47
27,3,Shigh,4,24.0,66,0.8,0.9,0.7
27,4,Shigh,3,18.0,67,0.3,0.65,0.49
27,0,Slow,24,48.0,106,0.9,0.95,0.78
27,1,Slow,21,42.0,109,0.9,0.95,0.71
27,2,Slow,21,29.399999999999988,109,0.3,0.65,0.6
27,3,Shigh,1,6.0,69,0.8,0.9,0.75
27,4,Shigh,3,18.0,67,0.3,0.65,0.49
27,0,Slow,22,44.0,108,0.9,0.95,0.79
27,1,Slow,25,50.0,105,0.9,0.95,0.75
27,2,Slow,25,50.0,105,0.3,0.65,0.52
27,3,Shigh,8,48.0,62,0.8,0.9,0.76
27,4,Shigh,3,18.0,67,0.3,0.65,0.46
27,0,Slow,26,52.0,104,0.9,0.95,0.77
27,1,Slow,20,40.0,110,0.9,0.95,0.77
27,2,Slow,15,30.0,115,0.3,0.65,0.54
27,3,Shigh,8,48.0,62,0.8,0.9,0.73
27,4,Shigh,4,24.0,66,0.3,0.65,0.49
28,0,Slow,27,54.0,103,0.9,0.95,0.81
28,1,Slow,27,54.0,103,0.9,0.95,0.81
28,2,Slow,16,32.0,114,0.3,0.65,0.55
28,3,Shigh,7,42.0,63,0.8,0.9,0.78
28,4,Shigh,3,18.0,67,0.3,0.65,0.59
28,0,Slow,28,56.0,102,0.9,0.95,0.77
28,1,Slow,27,54.0,103,0.9,0.95,0.79
28,2,Slow,24,48.0,106,0.3,0.65,0.6
28,3,Shigh,5,30.0,65,0.8,0.9,0.81
28,4,Shigh,4,24.0,66,0.3,0.65,0.59
28,0,Slow,26,52.0,104,0.9,0.95,0.75
28,1,Slow,22,44.0,108,0.9,0.95,0.73
28,2,Slow,16,32.0,114,0.3,0.65,0.54
28,3,Shigh,7,42.0,63,0.8,0.9,0.65
28,4,Shigh,2,12.0,68,0.3,0.65,0.48
28,0,Slow,32,64.0,98,0.9,0.95,0.84
28,1,Slow,18,36.0,112,0.9,0.95,0.82
28,2,Slow,23,46.0,107,0.3,0.65,0.64
28,3,Shigh,4,24.0,66,0.8,0.9,0.78
28,4,Shigh,5,30.0,65,0.3,0.65,0.59
28,0,Slow,29,58.0,101,0.9,0.95,0.83
28,1,Slow,33,66.0,97,0.9,0.95,0.85
28,2,Slow,21,42.0,109,0.3,0.65,0.64
28,3,Shigh,6,36.0,64,0.8,0.9,0.81
28,4,Shigh,5,30.0,65,0.3,0.65,0.66
28,0,Slow,27,54.0,103,0.9,0.95,0.86
28,1,Slow,24,48.0,106,0.9,0.95,0.84
28,2,Slow,22,44.0,108,0.3,0.65,0.62
28,3,Shigh,5,30.0,65,0.8,0.9,0.79
28,4,Shigh,4,24.0,66,0.3,0.65,0.59
28,0,Slow,31,62.0,99,0.9,0.95,0.79
28,1,Slow,19,26.59999999999999,111,0.9,0.95,0.77
28,2,Slow,16,32.0,114,0.3,0.65,0.61
28,3,Shigh,3,18.0,67,0.8,0.9,0.67
28,4,Shigh,3,18.0,67,0.3,0.65,0.58
28,0,Slow,32,64.0,98,0.9,0.95,0.79
28,1,Slow,26,52.0,104,0.9,0.95,0.8
28,2,Slow,20,40.0,110,0.3,0.65,0.58
28,3,Shigh,4,24.0,66,0.8,0.9,0.79
28,4,Shigh,5,20.999999999999996,65,0.3,0.65,0.61
28,0,Slow,23,46.0,107,0.9,0.95,0.76
28,1,Slow,28,56.0,102,0.9,0.95,0.74
28,2,Slow,23,46.0,107,0.3,0.65,0.57
28,3,Shigh,1,6.0,69,0.8,0.9,0.73
28,4,Shigh,4,24.0,66,0.3,0.65,0.57
28,0,Slow,25,50.0,105,0.9,0.95,0.69
28,1,Slow,20,40.0,110,0.9,0.95,0.73
28,2,Slow,16,22.399999999999995,114,0.3,0.65,0.49
28,3,Shigh,4,24.0,66,0.8,0.9,0.7
28,4,Shigh,2,12.0,68,0.3,0.65,0.5
28,0,Slow,30,60.0,100,0.9,0.95,0.86
28,1,Slow,26,52.0,104,0.9,0.95,0.88
28,2,Slow,20,40.0,110,0.3,0.65,0.65
28,3,Shigh,7,42.0,63,0.8,0.9,0.82
28,4,Shigh,2,12.0,68,0.3,0.65,0.59
28,0,Slow,30,60.0,100,0.9,0.95,0.85
28,1,Slow,15,30.0,115,0.9,0.95,0.85
28,2,Slow,14,28.0,116,0.3,0.65,0.57
28,3,Shigh,6,36.0,64,0.8,0.9,0.83
28,4,Shigh,8,48.0,62,0.3,0.65,0.57
28,0,Slow,25,50.0,105,0.9,0.95,0.83
28,1,Slow,33,66.0,97,0.9,0.95,0.8
28,2,Slow,15,30.0,115,0.3,0.65,0.54
28,3,Shigh,7,42.0,63,0.8,0.9,0.75
28,4,Shigh,4,24.0,66,0.3,0.65,0.56
28,0,Slow,35,70.0,95,0.9,0.95,0.86
28,1,Slow,23,46.0,107,0.9,0.95,0.87
28,2,Slow,15,30.0,115,0.3,0.65,0.62
28,3,Shigh,4,24.0,66,0.8,0.9,0.78
28,4,Shigh,4,24.0,66,0.3,0.65,0.62
28,0,Slow,29,40.59999999999998,101,0.9,0.95,0.83
28,1,Slow,30,60.0,100,0.9,0.95,0.82
28,2,Slow,17,34.0,113,0.3,0.65,0.56
28,3,Shigh,5,30.0,65,0.8,0.9,0.71
28,4,Shigh,6,36.0,64,0.3,0.65,0.59
28,0,Slow,22,44.0,108,0.9,0.95,0.83
28,1,Slow,26,52.0,104,0.9,0.95,0.84
28,2,Slow,16,32.0,114,0.3,0.65,0.57
28,3,Shigh,7,42.0,63,0.8,0.9,0.77
28,4,Shigh,3,18.0,67,0.3,0.65,0.54
28,0,Slow,29,58.0,101,0.9,0.95,0.87
28,1,Slow,27,54.0,103,0.9,0.95,0.85
28,2,Slow,13,26.0,117,0.3,0.65,0.57
28,3,Shigh,2,12.0,68,0.8,0.9,0.82
28,4,Shigh,1,6.0,69,0.3,0.65,0.53
28,0,Slow,28,56.0,102,0.9,0.95,0.93
28,1,Slow,35,70.0,95,0.9,0.95,0.87
28,2,Slow,19,38.0,111,0.3,0.65,0.59
28,3,Shigh,4,24.0,66,0.8,0.9,0.79
28,4,Shigh,7,42.0,63,0.3,0.65,0.61
28,0,Slow,34,68.0,96,0.9,0.95,0.82
28,1,Slow,17,34.0,113,0.9,0.95,0.81
28,2,Slow,20,40.0,110,0.3,0.65,0.59
28,3,Shigh,6,36.0,64,0.8,0.9,0.8
28,4,Shigh,1,6.0,69,0.3,0.65,0.59
28,0,Slow,28,56.0,102,0.9,0.95,0.82
28,1,Slow,20,40.0,110,0.9,0.95,0.8
28,2,Slow,15,30.0,115,0.3,0.65,0.54
28,3,Shigh,4,24.0,66,0.8,0.9,0.74
28,4,Shigh,5,30.0,65,0.3,0.65,0.58
28,0,Slow,27,54.0,103,0.9,0.95,0.83
28,1,Slow,26,52.0,104,0.9,0.95,0.78
28,2,Slow,11,22.0,119,0.3,0.65,0.57
28,3,Shigh,5,30.0,65,0.8,0.9,0.77
28,4,Shigh,7,42.0,63,0.3,0.65,0.55
28,0,Slow,20,40.0,110,0.9,0.95,0.78
28,1,Slow,23,46.0,107,0.9,0.95,0.78
28,2,Slow,19,38.0,111,0.3,0.65,0.53
28,3,Shigh,6,36.0,64,0.8,0.9,0.69
28,4,Shigh,3,18.0,67,0.3,0.65,0.55
29,0,Slow,24,33.59999999999999,106,0.9,0.95,0.73
29,1,Slow,29,58.0,101,0.9,0.95,0.77
29,2,Slow,15,30.0,115,0.3,0.65,0.47
29,3,Shigh,7,42.0,63,0.8,0.9,0.69
29,4,Shigh,3,18.0,67,0.3,0.65,0.52
29,0,Slow,17,34.0,113,0.9,0.95,0.81
29,1,Slow,26,52.0,104,0.9,0.95,0.75
29,2,Slow,13,26.0,117,0.3,0.65,0.46
29,3,Shigh,7,42.0,63,0.8,0.9,0.71
29,4,Shigh,6,36.0,64,0.3,0.65,0.56
29,0,Slow,32,64.0,98,0.9,0.95,0.89
29,1,Slow,23,46.0,107,0.9,0.95,0.85
29,2,Slow,21,42.0,109,0.3,0.65,0.65
29,3,Shigh,7,42.0,63,0.8,0.9,0.81
29,4,Shigh,3,18.0,67,0.3,0.65,0.59
29,0,Slow,15,30.0,115,0.9,0.95,0.8
29,1,Slow,32,64.0,98,0.9,0.95,0.8
29,2,Slow,20,40.0,110,0.3,0.65,0.48
29,3,Shigh,6,36.0,64,0.8,0.9,0.79
29,4,Shigh,3,18.0,67,0.3,0.65,0.53
29,0,Slow,26,52.0,104,0.9,0.95,0.82
29,1,Slow,21,42.0,109,0.9,0.95,0.82
29,2,Slow,16,22.399999999999995,114,0.3,0.65,0.53
29,3,Shigh,6,36.0,64,0.8,0.9,0.76
29,4,Shigh,4,24.0,66,0.3,0.65,0.51
29,0,Slow,30,60.0,100,0.9,0.95,0.85
29,1,Slow,34,68.0,96,0.9,0.95,0.87
29,2,Slow,17,34.0,113,0.3,0.65,0.66
29,3,Shigh,3,18.0,67,0.8,0.9,0.79
29,4,Shigh,4,24.0,66,0.3,0.65,0.61
29,0,Slow,28,56.0,102,0.9,0.95,0.84
29,1,Slow,29,58.0,101,0.9,0.95,0.8
29,2,Slow,21,42.0,109,0.3,0.65,0.54
29,3,Shigh,5,30.0,65,0.8,0.9,0.84
29,4,Shigh,5,30.0,65,0.3,0.65,0.56
29,0,Slow,27,54.0,103,0.9,0.95,0.75
29,1,Slow,28,56.0,102,0.9,0.95,0.78
29,2,Slow,14,28.0,116,0.3,0.65,0.53
29,3,Shigh,4,24.0,66,0.8,0.9,0.69
29,4,Shigh,3,18.0,67,0.3,0.65,0.48
29,0,Slow,27,54.0,103,0.9,0.95,0.87
29,1,Slow,27,54.0,103,0.9,0.95,0.81
29,2,Slow,14,28.0,116,0.3,0.65,0.6
29,3,Shigh,7,42.0,63,0.8,0.9,0.83
29,4,Shigh,4,24.0,66,0.3,0.65,0.61
29,0,Slow,30,60.0,100,0.9,0.95,0.79
29,1,Slow,22,44.0,108,0.9,0.95,0.75
29,2,Slow,16,32.0,114,0.3,0.65,0.56
29,3,Shigh,6,36.0,64,0.8,0.9,0.72
29,4,Shigh,5,30.0,65,0.3,0.65,0.49
29,0,Slow,23,32.19999999999999,107,0.9,0.95,0.85
29,1,Slow,26,52.0,104,0.9,0.95,0.87
29,2,Slow,19,38.0,111,0.3,0.65,0.52
29,3,Shigh,4,24.0,66,0.8,0.9,0.83
29,4,Shigh,6,36.0,64,0.3,0.65,0.6
29,0,Slow,29,58.0,101,0.9,0.95,0.77
29,1,Slow,18,36.0,112,0.9,0.95,0.78
29,2,Slow,15,30.0,115,0.3,0.65,0.53
29,3,Shigh,8,48.0,62,0.8,0.9,0.72
29,4,Shigh,4,24.0,66,0.3,0.65,0.57
29,0,Slow,18,36.0,112,0.9,0.95,0.8
29,1,Slow,26,52.0,104,0.9,0.95,0.8
29,2,Slow,20,40.0,110,0.3,0.65,0.49
29,3,Shigh,1,6.0,69,0.8,0.9,0.74
29,4,Shigh,5,30.0,65,0.3,0.65,0.57
29,0,Slow,30,41.99999999999998,100,0.9,0.95,0.78
29,1,Slow,19,38.0,111,0.9,0.95,0.79
29,2,Slow,18,36.0,112,0.3,0.65,0.47
29,3,Shigh,5,30.0,65,0.8,0.9,0.73
29,4,Shigh,3,18.0,67,0.3,0.65,0.59
29,0,Slow,24,48.0,106,0.9,0.95,0.78
29,1,Slow,29,58.0,101,0.9,0.95,0.81
29,2,Slow,15,30.0,115,0.3,0.65,0.53
29,3,Shigh,1,6.0,69,0.8,0.9,0.71
29,4,Shigh,2,12.0,68,0.3,0.65,0.47
29,0,Slow,22,44.0,108,0.9,0.95,0.84
29,1,Slow,32,64.0,98,0.9,0.95,0.83
29,2,Slow,17,34.0,113,0.3,0.65,0.6
29,3,Shigh,6,36.0,64,0.8,0.9,0.81
29,4,Shigh,2,12.0,68,0.3,0.65,0.64
29,0,Slow,20,40.0,110,0.9,0.95,0.77
29,1,Slow,24,33.59999999999999,106,0.9,0.95,0.79
29,2,Slow,15,30.0,115,0.3,0.65,0.51
29,3,Shigh,6,36.0,64,0.8,0.9,0.8
29,4,Shigh,6,36.0,64,0.3,0.65,0.57
29,0,Slow,31,43.39999999999998,99,0.9,0.95,0.8
29,1,Slow,17,34.0,113,0.9,0.95,0.79
29,2,Slow,18,36.0,112,0.3,0.65,0.53
29,3,Shigh,5,30.0,65,0.8,0.9,0.74
29,4,Shigh,4,24.0,66,0.3,0.65,0.56
29,0,Slow,19,38.0,111,0.9,0.95,0.76
29,1,Slow,26,36.399999999999984,104,0.9,0.95,0.76
29,2,Slow,14,28.0,116,0.3,0.65,0.42
29,3,Shigh,6,36.0,64,0.8,0.9,0.72
29,4,Shigh,3,18.0,67,0.3,0.65,0.46
29,0,Slow,19,38.0,111,0.9,0.95,0.81
29,1,Slow,30,41.99999999999998,100,0.9,0.95,0.84
29,2,Slow,14,28.0,116,0.3,0.65,0.51
29,3,Shigh,7,42.0,63,0.8,0.9,0.78
29,4,Shigh,2,12.0,68,0.3,0.65,0.49
29,0,Slow,27,54.0,103,0.9,0.95,0.8
29,1,Slow,25,50.0,105,0.9,0.95,0.78
29,2,Slow,11,22.0,119,0.3,0.65,0.59
29,3,Shigh,5,30.0,65,0.8,0.9,0.71
29,4,Shigh,2,12.0,68,0.3,0.65,0.46
29,0,Slow,31,62.0,99,0.9,0.95,0.83
29,1,Slow,30,60.0,100,0.9,0.95,0.83
29,2,Slow,19,38.0,111,0.3,0.65,0.58
29,3,Shigh,3,18.0,67,0.8,0.9,0.81
29,4,Shigh,5,30.0,65,0.3,0.65,0.56
