transaction_id,seed,buyer_id,buyer_class,seller_id,seller_class,visit_order,price,budget_before,budget_after,seller_inventory_after
0,0,0,Poor,1,Slow,0,2.0,3.0,1.0,129
1,0,1,Poor,0,Slow,2,1.4,3.0,1.6,129
2,0,2,Poor,0,Slow,4,1.4,3.0,1.6,128
3,0,3,Poor,0,Slow,3,1.4,3.0,1.6,127
4,0,4,Poor,2,Slow,1,2.0,3.0,1.0,129
5,0,5,Poor,2,Slow,1,2.0,3.0,1.0,128
6,0,6,Poor,0,Slow,2,1.4,3.0,1.6,126
7,0,7,Poor,1,Slow,3,2.0,3.0,1.0,128
8,0,8,Poor,0,Slow,0,1.4,3.0,1.6,125
9,0,9,Poor,0,Slow,4,1.4,3.0,1.6,124
10,0,10,Poor,2,Slow,0,2.0,3.0,1.0,127
11,0,11,Poor,2,Slow,2,2.0,3.0,1.0,126
12,0,13,Poor,1,Slow,1,2.0,3.0,1.0,127
13,0,14,Poor,1,Slow,2,2.0,3.0,1.0,126
14,0,15,Poor,2,Slow,1,2.0,3.0,1.0,125
15,0,17,Poor,1,Slow,0,2.0,3.0,1.0,125
16,0,19,Poor,0,Slow,1,1.4,3.0,1.6,123
17,0,21,Poor,0,Slow,4,1.4,3.0,1.6,122
18,0,22,Poor,1,Slow,4,2.0,3.0,1.0,124
19,0,23,Poor,1,Slow,1,2.0,3.0,1.0,123
20,0,24,Poor,0,Slow,0,1.4,3.0,1.6,121
21,0,27,Poor,1,Slow,4,2.0,3.0,1.0,122
22,0,28,Poor,0,Slow,4,1.4,3.0,1.6,120
23,0,30,Poor,2,Slow,1,2.0,3.0,1.0,124
24,0,31,Poor,2,Slow,4,2.0,3.0,1.0,123
25,0,34,Poor,0,Slow,0,1.4,3.0,1.6,119
26,0,35,Poor,0,Slow,1,1.4,3.0,1.6,118
27,0,36,Poor,2,Slow,3,2.0,3.0,1.0,122
28,0,37,Poor,0,Slow,1,1.4,3.0,1.6,117
29,0,38,Poor,1,Slow,3,2.0,3.0,1.0,121
30,0,39,Poor,1,Slow,1,2.0,3.0,1.0,120
31,0,41,Poor,1,Slow,4,2.0,3.0,1.0,119
32,0,42,Poor,2,Slow,0,2.0,3.0,1.0,121
33,0,44,Poor,0,Slow,2,1.4,3.0,1.6,116
34,0,45,Poor,0,Slow,2,1.4,3.0,1.6,115
35,0,49,Poor,2,Slow,1,2.0,3.0,1.0,120
36,0,50,Poor,2,Slow,2,2.0,3.0,1.0,119
37,0,52,Poor,1,Slow,2,2.0,3.0,1.0,118
38,0,54,Poor,0,Slow,0,1.4,3.0,1.6,114
39,0,55,Poor,0,Slow,4,1.4,3.0,1.6,113
40,0,57,Poor,2,Slow,0,2.0,3.0,1.0,118
41,0,59,Poor,0,Slow,0,1.4,3.0,1.6,112
42,0,60,Poor,1,Slow,0,2.0,3.0,1.0,117
43,0,62,Poor,0,Slow,4,1.4,3.0,1.6,111
44,0,64,Poor,1,Slow,1,2.0,3.0,1.0,116
45,0,66,Poor,1,Slow,0,2.0,3.0,1.0,115
46,0,70,Middle,3,Shigh,2,6.0,7.0,1.0,69
47,0,71,Middle,1,Slow,0,2.0,7.0,5.0,114
48,0,71,Middle,2,Slow,1,2.0,5.0,3.0,117
49,0,71,Middle,0,Slow,3,1.4,3.0,1.6,110
50,0,72,Middle,1,Slow,0,2.0,7.0,5.0,113
51,0,72,Middle,0,Slow,2,1.4,5.0,3.6,109
52,0,73,Middle,2,Slow,1,2.0,7.0,5.0,116
53,0,73,Middle,1,Slow,3,2.0,5.0,3.0,112
54,0,75,Middle,1,Slow,0,2.0,7.0,5.0,111
55,0,75,Middle,2,Slow,2,2.0,5.0,3.0,115
56,0,75,Middle,0,Slow,3,1.4,3.0,1.6,108
57,0,76,Middle,2,Slow,4,2.0,7.0,5.0,114
58,0,77,Middle,3,Shigh,1,6.0,7.0,1.0,68
59,0,78,Middle,1,Slow,2,2.0,7.0,5.0,110
60,0,79,Middle,1,Slow,2,2.0,7.0,5.0,109
61,0,80,Middle,2,Slow,2,2.0,7.0,5.0,113
62,0,80,Middle,1,Slow,4,2.0,5.0,3.0,108
63,0,81,Middle,4,Shigh,4,6.0,7.0,1.0,69
64,0,82,Middle,2,Slow,0,2.0,7.0,5.0,112
65,0,82,Middle,1,Slow,1,2.0,5.0,3.0,107
66,0,83,Middle,1,Slow,1,2.0,7.0,5.0,106
67,0,83,Middle,2,Slow,4,2.0,5.0,3.0,111
68,0,84,Middle,0,Slow,3,1.4,7.0,5.6,107
69,0,86,Middle,1,Slow,1,2.0,7.0,5.0,105
70,0,87,Middle,3,Shigh,1,6.0,7.0,1.0,67
71,0,88,Middle,2,Slow,2,2.0,7.0,5.0,110
72,0,89,Middle,1,Slow,4,2.0,7.0,5.0,104
73,0,90,Rich,2,Slow,1,2.0,10.0,8.0,109
74,0,90,Rich,1,Slow,3,2.0,8.0,6.0,103
75,0,91,Rich,1,Slow,0,2.0,10.0,8.0,102
76,0,91,Rich,3,Shigh,1,6.0,8.0,2.0,66
77,0,92,Rich,2,Slow,0,2.0,10.0,8.0,108
78,0,92,Rich,1,Slow,1,2.0,8.0,6.0,101
79,0,92,Rich,0,Slow,2,1.4,6.0,4.6,106
80,0,93,Rich,0,Slow,1,1.4,10.0,8.6,105
81,0,93,Rich,3,Shigh,3,6.0,8.6,2.5999999999999996,65
82,0,95,Rich,3,Shigh,0,6.0,10.0,4.0,64
83,0,95,Rich,1,Slow,1,2.0,4.0,2.0,100
84,0,95,Rich,0,Slow,4,1.4,2.0,0.6000000000000001,104
85,0,96,Rich,0,Slow,1,1.4,10.0,8.6,103
86,0,96,Rich,4,Shigh,2,6.0,8.6,2.5999999999999996,68
87,0,96,Rich,1,Slow,4,2.0,2.5999999999999996,0.5999999999999996,99
88,0,97,Rich,4,Shigh,0,6.0,10.0,4.0,67
89,0,98,Rich,2,Slow,1,2.0,10.0,8.0,107
90,0,98,Rich,3,Shigh,2,6.0,8.0,2.0,63
91,0,99,Rich,4,Shigh,1,6.0,10.0,4.0,66
92,0,99,Rich,2,Slow,4,2.0,4.0,2.0,106
93,1,1,Poor,0,Slow,3,2.0,3.0,1.0,129
94,1,3,Poor,1,Slow,1,2.0,3.0,1.0,129
95,1,5,Poor,0,Slow,0,2.0,3.0,1.0,128
96,1,7,Poor,0,Slow,1,2.0,3.0,1.0,127
97,1,8,Poor,1,Slow,1,2.0,3.0,1.0,128
98,1,9,Poor,2,Slow,0,2.0,3.0,1.0,129
99,1,10,Poor,0,Slow,1,2.0,3.0,1.0,126
100,1,11,Poor,2,Slow,3,2.0,3.0,1.0,128
101,1,12,Poor,1,Slow,0,2.0,3.0,1.0,127
102,1,13,Poor,1,Slow,0,2.0,3.0,1.0,126
103,1,14,Poor,0,Slow,0,2.0,3.0,1.0,125
104,1,15,Poor,1,Slow,4,2.0,3.0,1.0,125
105,1,16,Poor,0,Slow,1,2.0,3.0,1.0,124
106,1,17,Poor,1,Slow,3,2.0,3.0,1.0,124
107,1,19,Poor,2,Slow,1,2.0,3.0,1.0,127
108,1,20,Poor,1,Slow,1,2.0,3.0,1.0,123
109,1,21,Poor,0,Slow,4,2.0,3.0,1.0,123
110,1,23,Poor,1,Slow,2,2.0,3.0,1.0,122
111,1,24,Poor,1,Slow,2,2.0,3.0,1.0,121
112,1,26,Poor,1,Slow,0,2.0,3.0,1.0,120
113,1,27,Poor,2,Slow,2,2.0,3.0,1.0,126
114,1,28,Poor,1,Slow,2,2.0,3.0,1.0,119
115,1,29,Poor,0,Slow,0,2.0,3.0,1.0,122
116,1,31,Poor,2,Slow,3,2.0,3.0,1.0,125
117,1,32,Poor,0,Slow,1,2.0,3.0,1.0,121
118,1,33,Poor,1,Slow,2,2.0,3.0,1.0,118
119,1,34,Poor,1,Slow,1,2.0,3.0,1.0,117
120,1,35,Poor,0,Slow,1,2.0,3.0,1.0,120
121,1,36,Poor,0,Slow,0,2.0,3.0,1.0,119
122,1,37,Poor,1,Slow,1,2.0,3.0,1.0,116
123,1,39,Poor,1,Slow,3,2.0,3.0,1.0,115
124,1,40,Poor,0,Slow,0,2.0,3.0,1.0,118
125,1,41,Poor,0,Slow,3,2.0,3.0,1.0,117
126,1,43,Poor,0,Slow,1,2.0,3.0,1.0,116
127,1,45,Poor,1,Slow,0,2.0,3.0,1.0,114
128,1,46,Poor,0,Slow,0,2.0,3.0,1.0,115
129,1,47,Poor,1,Slow,1,2.0,3.0,1.0,113
130,1,48,Poor,1,Slow,0,2.0,3.0,1.0,112
131,1,49,Poor,2,Slow,3,2.0,3.0,1.0,124
132,1,50,Poor,0,Slow,0,2.0,3.0,1.0,114
133,1,51,Poor,0,Slow,1,2.0,3.0,1.0,113
134,1,55,Poor,1,Slow,4,2.0,3.0,1.0,111
135,1,57,Poor,1,Slow,0,2.0,3.0,1.0,110
136,1,58,Poor,0,Slow,2,2.0,3.0,1.0,112
137,1,59,Poor,0,Slow,4,2.0,3.0,1.0,111
138,1,64,Poor,1,Slow,4,2.0,3.0,1.0,109
139,1,65,Poor,2,Slow,0,2.0,3.0,1.0,123
140,1,66,Poor,0,Slow,3,2.0,3.0,1.0,110
141,1,67,Poor,0,Slow,0,2.0,3.0,1.0,109
142,1,68,Poor,0,Slow,2,2.0,3.0,1.0,108
143,1,70,Middle,1,Slow,3,2.0,7.0,5.0,108
144,1,71,Middle,2,Slow,3,2.0,7.0,5.0,122
145,1,71,Middle,1,Slow,4,2.0,5.0,3.0,107
146,1,72,Middle,3,Shigh,1,6.0,7.0,1.0,69
147,1,73,Middle,0,Slow,2,2.0,7.0,5.0,107
148,1,73,Middle,1,Slow,4,2.0,5.0,3.0,106
149,1,75,Middle,4,Shigh,2,6.0,7.0,1.0,69
150,1,76,Middle,2,Slow,1,2.0,7.0,5.0,121
151,1,76,Middle,1,Slow,2,2.0,5.0,3.0,105
152,1,77,Middle,1,Slow,2,2.0,7.0,5.0,104
153,1,77,Middle,0,Slow,4,2.0,5.0,3.0,106
154,1,78,Middle,1,Slow,0,2.0,7.0,5.0,103
155,1,79,Middle,2,Slow,2,2.0,7.0,5.0,120
156,1,81,Middle,3,Shigh,0,6.0,7.0,1.0,68
157,1,82,Middle,1,Slow,1,2.0,7.0,5.0,102
158,1,82,Middle,2,Slow,4,2.0,5.0,3.0,119
159,1,83,Middle,1,Slow,0,2.0,7.0,5.0,101
160,1,84,Middle,0,Slow,4,2.0,7.0,5.0,105
161,1,85,Middle,2,Slow,0,2.0,7.0,5.0,118
162,1,86,Middle,3,Shigh,1,6.0,7.0,1.0,67
163,1,88,Middle,1,Slow,3,2.0,7.0,5.0,100
164,1,89,Middle,2,Slow,0,2.0,7.0,5.0,117
165,1,90,Rich,1,Slow,2,2.0,10.0,8.0,99
166,1,91,Rich,2,Slow,0,2.0,10.0,8.0,116
167,1,91,Rich,1,Slow,1,2.0,8.0,6.0,98
168,1,92,Rich,3,Shigh,1,6.0,10.0,4.0,66
169,1,92,Rich,2,Slow,4,2.0,4.0,2.0,115
170,1,93,Rich,0,Slow,1,2.0,10.0,8.0,104
171,1,93,Rich,1,Slow,3,2.0,8.0,6.0,97
172,1,94,Rich,3,Shigh,0,6.0,10.0,4.0,65
173,1,94,Rich,0,Slow,2,2.0,4.0,2.0,103
174,1,95,Rich,3,Shigh,1,6.0,10.0,4.0,64
175,1,95,Rich,0,Slow,4,2.0,4.0,2.0,102
176,1,96,Rich,1,Slow,0,2.0,10.0,8.0,96
177,1,96,Rich,3,Shigh,1,6.0,8.0,2.0,63
178,1,97,Rich,0,Slow,1,2.0,10.0,8.0,101
179,1,98,Rich,4,Shigh,0,6.0,10.0,4.0,68
180,1,98,Rich,1,Slow,3,2.0,4.0,2.0,95
181,1,99,Rich,1,Slow,3,2.0,10.0,8.0,94
182,2,1,Poor,1,Slow,0,2.0,3.0,1.0,129
183,2,2,Poor,1,Slow,1,2.0,3.0,1.0,128
184,2,3,Poor,0,Slow,3,2.0,3.0,1.0,129
185,2,5,Poor,0,Slow,1,2.0,3.0,1.0,128
186,2,6,Poor,0,Slow,1,2.0,3.0,1.0,127
187,2,7,Poor,1,Slow,1,2.0,3.0,1.0,127
188,2,8,Poor,0,Slow,0,2.0,3.0,1.0,126
189,2,10,Poor,0,Slow,4,2.0,3.0,1.0,125
190,2,11,Poor,2,Slow,4,2.0,3.0,1.0,129
191,2,12,Poor,0,Slow,0,2.0,3.0,1.0,124
192,2,13,Poor,0,Slow,4,2.0,3.0,1.0,123
193,2,15,Poor,1,Slow,1,2.0,3.0,1.0,126
194,2,17,Poor,2,Slow,1,2.0,3.0,1.0,128
195,2,18,Poor,0,Slow,4,2.0,3.0,1.0,122
196,2,19,Poor,0,Slow,1,2.0,3.0,1.0,121
197,2,20,Poor,0,Slow,0,2.0,3.0,1.0,120
198,2,23,Poor,0,Slow,4,2.0,3.0,1.0,119
199,2,24,Poor,0,Slow,4,2.0,3.0,1.0,118
200,2,25,Poor,1,Slow,0,2.0,3.0,1.0,125
201,2,26,Poor,2,Slow,1,2.0,3.0,1.0,127
202,2,27,Poor,1,Slow,3,2.0,3.0,1.0,124
203,2,28,Poor,0,Slow,4,2.0,3.0,1.0,117
204,2,29,Poor,2,Slow,1,2.0,3.0,1.0,126
205,2,31,Poor,1,Slow,1,2.0,3.0,1.0,123
206,2,33,Poor,1,Slow,2,2.0,3.0,1.0,122
207,2,34,Poor,1,Slow,3,2.0,3.0,1.0,121
208,2,35,Poor,1,Slow,0,2.0,3.0,1.0,120
209,2,37,Poor,0,Slow,1,2.0,3.0,1.0,116
210,2,38,Poor,0,Slow,1,2.0,3.0,1.0,115
211,2,39,Poor,2,Slow,2,2.0,3.0,1.0,125
212,2,41,Poor,0,Slow,1,2.0,3.0,1.0,114
213,2,42,Poor,0,Slow,2,2.0,3.0,1.0,113
214,2,43,Poor,1,Slow,4,2.0,3.0,1.0,119
215,2,44,Poor,0,Slow,0,2.0,3.0,1.0,112
216,2,46,Poor,1,Slow,3,2.0,3.0,1.0,118
217,2,47,Poor,0,Slow,4,2.0,3.0,1.0,111
218,2,48,Poor,2,Slow,2,2.0,3.0,1.0,124
219,2,49,Poor,0,Slow,2,2.0,3.0,1.0,110
220,2,50,Poor,0,Slow,1,2.0,3.0,1.0,109
221,2,52,Poor,2,Slow,2,2.0,3.0,1.0,123
222,2,54,Poor,2,Slow,0,2.0,3.0,1.0,122
223,2,56,Poor,1,Slow,4,2.0,3.0,1.0,117
224,2,58,Poor,2,Slow,3,2.0,3.0,1.0,121
225,2,60,Poor,2,Slow,2,2.0,3.0,1.0,120
226,2,62,Poor,1,Slow,4,2.0,3.0,1.0,116
227,2,63,Poor,2,Slow,2,2.0,3.0,1.0,119
228,2,64,Poor,1,Slow,0,2.0,3.0,1.0,115
229,2,65,Poor,2,Slow,1,2.0,3.0,1.0,118
230,2,66,Poor,0,Slow,1,2.0,3.0,1.0,108
231,2,67,Poor,2,Slow,3,2.0,3.0,1.0,117
232,2,68,Poor,1,Slow,3,2.0,3.0,1.0,114
233,2,69,Poor,1,Slow,3,2.0,3.0,1.0,113
234,2,70,Middle,2,Slow,1,2.0,7.0,5.0,116
235,2,71,Middle,1,Slow,0,2.0,7.0,5.0,112
236,2,72,Middle,0,Slow,3,2.0,7.0,5.0,107
237,2,73,Middle,0,Slow,0,2.0,7.0,5.0,106
238,2,73,Middle,2,Slow,1,2.0,5.0,3.0,115
239,2,75,Middle,0,Slow,1,2.0,7.0,5.0,105
240,2,77,Middle,0,Slow,1,2.0,7.0,5.0,104
241,2,78,Middle,2,Slow,3,2.0,7.0,5.0,114
242,2,79,Middle,1,Slow,0,2.0,7.0,5.0,111
243,2,79,Middle,0,Slow,2,2.0,5.0,3.0,103
244,2,80,Middle,0,Slow,1,2.0,7.0,5.0,102
245,2,80,Middle,1,Slow,2,2.0,5.0,3.0,110
246,2,81,Middle,0,Slow,2,2.0,7.0,5.0,101
247,2,82,Middle,4,Shigh,0,6.0,7.0,1.0,69
248,2,86,Middle,3,Shigh,1,6.0,7.0,1.0,69
249,2,87,Middle,1,Slow,0,2.0,7.0,5.0,109
250,2,87,Middle,0,Slow,1,2.0,5.0,3.0,100
251,2,87,Middle,2,Slow,3,2.0,3.0,1.0,113
252,2,88,Middle,1,Slow,2,2.0,7.0,5.0,108
253,2,89,Middle,3,Shigh,1,6.0,7.0,1.0,68
254,2,90,Rich,3,Shigh,0,6.0,10.0,4.0,67
255,2,91,Rich,2,Slow,0,2.0,10.0,8.0,112
256,2,91,Rich,1,Slow,3,2.0,8.0,6.0,107
257,2,92,Rich,1,Slow,2,2.0,10.0,8.0,106
258,2,92,Rich,0,Slow,3,2.0,8.0,6.0,99
259,2,93,Rich,1,Slow,3,2.0,10.0,8.0,105
260,2,93,Rich,0,Slow,4,2.0,8.0,6.0,98
261,2,94,Rich,1,Slow,2,2.0,10.0,8.0,104
262,2,94,Rich,2,Slow,4,2.0,8.0,6.0,111
263,2,95,Rich,1,Slow,0,2.0,10.0,8.0,103
264,2,95,Rich,3,Shigh,1,6.0,8.0,2.0,66
265,2,96,Rich,0,Slow,0,2.0,10.0,8.0,97
266,2,96,Rich,4,Shigh,2,6.0,8.0,2.0,68
267,2,97,Rich,3,Shigh,0,6.0,10.0,4.0,65
268,2,97,Rich,0,Slow,1,2.0,4.0,2.0,96
269,2,97,Rich,1,Slow,3,2.0,2.0,0.0,102
270,2,98,Rich,4,Shigh,1,6.0,10.0,4.0,67
271,2,98,Rich,1,Slow,4,2.0,4.0,2.0,101
272,2,99,Rich,0,Slow,1,2.0,10.0,8.0,95
273,2,99,Rich,2,Slow,3,2.0,8.0,6.0,110
274,3,0,Poor,2,Slow,0,2.0,3.0,1.0,129
275,3,1,Poor,0,Slow,1,2.0,3.0,1.0,129
276,3,3,Poor,0,Slow,4,2.0,3.0,1.0,128
277,3,4,Poor,2,Slow,0,2.0,3.0,1.0,128
278,3,6,Poor,1,Slow,1,2.0,3.0,1.0,129
279,3,7,Poor,1,Slow,4,2.0,3.0,1.0,128
280,3,8,Poor,0,Slow,1,2.0,3.0,1.0,127
281,3,9,Poor,1,Slow,0,2.0,3.0,1.0,127
282,3,10,Poor,0,Slow,0,2.0,3.0,1.0,126
283,3,11,Poor,0,Slow,4,2.0,3.0,1.0,125
284,3,12,Poor,1,Slow,2,2.0,3.0,1.0,126
285,3,14,Poor,2,Slow,3,2.0,3.0,1.0,127
286,3,15,Poor,1,Slow,3,2.0,3.0,1.0,125
287,3,17,Poor,0,Slow,2,2.0,3.0,1.0,124
288,3,19,Poor,1,Slow,2,2.0,3.0,1.0,124
289,3,20,Poor,2,Slow,3,2.0,3.0,1.0,126
290,3,23,Poor,1,Slow,1,2.0,3.0,1.0,123
291,3,24,Poor,2,Slow,0,2.0,3.0,1.0,125
292,3,25,Poor,1,Slow,1,2.0,3.0,1.0,122
293,3,27,Poor,2,Slow,1,2.0,3.0,1.0,124
294,3,28,Poor,0,Slow,3,2.0,3.0,1.0,123
295,3,29,Poor,1,Slow,0,2.0,3.0,1.0,121
296,3,30,Poor,2,Slow,0,2.0,3.0,1.0,123
297,3,31,Poor,1,Slow,4,2.0,3.0,1.0,120
298,3,32,Poor,2,Slow,2,2.0,3.0,1.0,122
299,3,34,Poor,0,Slow,2,2.0,3.0,1.0,122
300,3,35,Poor,2,Slow,2,2.0,3.0,1.0,121
301,3,36,Poor,0,Slow,4,2.0,3.0,1.0,121
302,3,37,Poor,2,Slow,1,2.0,3.0,1.0,120
303,3,38,Poor,2,Slow,1,2.0,3.0,1.0,119
304,3,39,Poor,1,Slow,0,2.0,3.0,1.0,119
305,3,40,Poor,0,Slow,1,2.0,3.0,1.0,120
306,3,41,Poor,1,Slow,0,2.0,3.0,1.0,118
307,3,43,Poor,1,Slow,3,2.0,3.0,1.0,117
308,3,47,Poor,2,Slow,0,2.0,3.0,1.0,118
309,3,49,Poor,0,Slow,0,2.0,3.0,1.0,119
310,3,50,Poor,1,Slow,3,2.0,3.0,1.0,116
311,3,51,Poor,0,Slow,3,2.0,3.0,1.0,118
312,3,52,Poor,0,Slow,4,2.0,3.0,1.0,117
313,3,53,Poor,1,Slow,0,2.0,3.0,1.0,115
314,3,54,Poor,1,Slow,1,2.0,3.0,1.0,114
315,3,56,Poor,1,Slow,4,2.0,3.0,1.0,113
316,3,57,Poor,2,Slow,0,2.0,3.0,1.0,117
317,3,58,Poor,1,Slow,0,2.0,3.0,1.0,112
318,3,59,Poor,1,Slow,4,2.0,3.0,1.0,111
319,3,60,Poor,0,Slow,1,2.0,3.0,1.0,116
320,3,63,Poor,2,Slow,0,2.0,3.0,1.0,116
321,3,64,Poor,1,Slow,2,2.0,3.0,1.0,110
322,3,65,Poor,0,Slow,2,2.0,3.0,1.0,115
323,3,68,Poor,0,Slow,2,2.0,3.0,1.0,114
324,3,70,Middle,1,Slow,0,2.0,7.0,5.0,109
325,3,70,Middle,2,Slow,2,2.0,5.0,3.0,115
326,3,70,Middle,0,Slow,3,2.0,3.0,1.0,113
327,3,72,Middle,0,Slow,2,2.0,7.0,5.0,112
328,3,72,Middle,1,Slow,3,2.0,5.0,3.0,108
329,3,73,Middle,0,Slow,0,2.0,7.0,5.0,111
330,3,76,Middle,1,Slow,3,2.0,7.0,5.0,107
331,3,76,Middle,0,Slow,4,2.0,5.0,3.0,110
332,3,77,Middle,1,Slow,4,2.0,7.0,5.0,106
333,3,78,Middle,0,Slow,3,2.0,7.0,5.0,109
334,3,79,Middle,2,Slow,0,2.0,7.0,5.0,114
335,3,80,Middle,1,Slow,0,2.0,7.0,5.0,105
336,3,80,Middle,0,Slow,3,2.0,5.0,3.0,108
337,3,80,Middle,2,Slow,4,2.0,3.0,1.0,113
338,3,81,Middle,4,Shigh,0,6.0,7.0,1.0,69
339,3,82,Middle,4,Shigh,0,6.0,7.0,1.0,68
340,3,83,Middle,3,Shigh,0,6.0,7.0,1.0,69
341,3,84,Middle,2,Slow,1,2.0,7.0,5.0,112
342,3,85,Middle,1,Slow,2,2.0,7.0,5.0,104
343,3,86,Middle,1,Slow,1,2.0,7.0,5.0,103
344,3,87,Middle,2,Slow,0,2.0,7.0,5.0,111
345,3,87,Middle,1,Slow,4,2.0,5.0,3.0,102
346,3,88,Middle,4,Shigh,1,6.0,7.0,1.0,67
347,3,89,Middle,3,Shigh,4,6.0,7.0,1.0,68
348,3,90,Rich,3,Shigh,1,6.0,10.0,4.0,67
349,3,91,Rich,0,Slow,1,2.0,10.0,8.0,107
350,3,91,Rich,2,Slow,2,2.0,8.0,6.0,110
351,3,92,Rich,0,Slow,2,2.0,10.0,8.0,106
352,3,92,Rich,3,Shigh,4,6.0,8.0,2.0,66
353,3,93,Rich,4,Shigh,0,6.0,10.0,4.0,66
354,3,93,Rich,1,Slow,4,2.0,4.0,2.0,101
355,3,94,Rich,4,Shigh,2,6.0,10.0,4.0,65
356,3,95,Rich,3,Shigh,1,6.0,10.0,4.0,65
357,3,96,Rich,4,Shigh,0,6.0,10.0,4.0,64
358,3,96,Rich,0,Slow,3,2.0,4.0,2.0,105
359,3,97,Rich,0,Slow,0,2.0,10.0,8.0,104
360,3,97,Rich,4,Shigh,2,6.0,8.0,2.0,63
361,3,98,Rich,0,Slow,0,2.0,10.0,8.0,103
362,3,98,Rich,1,Slow,3,2.0,8.0,6.0,100
363,3,99,Rich,2,Slow,4,2.0,10.0,8.0,109
364,4,0,Poor,0,Slow,1,2.0,3.0,1.0,129
365,4,1,Poor,1,Slow,2,2.0,3.0,1.0,129
366,4,4,Poor,1,Slow,1,2.0,3.0,1.0,128
367,4,6,Poor,0,Slow,3,2.0,3.0,1.0,128
368,4,7,Poor,1,Slow,2,2.0,3.0,1.0,127
369,4,11,Poor,1,Slow,1,2.0,3.0,1.0,126
370,4,12,Poor,1,Slow,0,2.0,3.0,1.0,125
371,4,15,Poor,2,Slow,0,2.0,3.0,1.0,129
372,4,17,Poor,2,Slow,1,2.0,3.0,1.0,128
373,4,18,Poor,1,Slow,0,2.0,3.0,1.0,124
374,4,21,Poor,0,Slow,4,2.0,3.0,1.0,127
375,4,22,Poor,2,Slow,2,2.0,3.0,1.0,127
376,4,23,Poor,2,Slow,4,2.0,3.0,1.0,126
377,4,25,Poor,1,Slow,1,2.0,3.0,1.0,123
378,4,26,Poor,0,Slow,3,2.0,3.0,1.0,126
379,4,27,Poor,0,Slow,0,2.0,3.0,1.0,125
380,4,29,Poor,1,Slow,2,2.0,3.0,1.0,122
381,4,30,Poor,1,Slow,1,2.0,3.0,1.0,121
382,4,31,Poor,1,Slow,2,2.0,3.0,1.0,120
383,4,32,Poor,2,Slow,0,2.0,3.0,1.0,125
384,4,33,Poor,0,Slow,0,2.0,3.0,1.0,124
385,4,34,Poor,0,Slow,4,2.0,3.0,1.0,123
386,4,36,Poor,2,Slow,2,2.0,3.0,1.0,124
387,4,38,Poor,0,Slow,1,2.0,3.0,1.0,122
388,4,39,Poor,1,Slow,2,2.0,3.0,1.0,119
389,4,40,Poor,0,Slow,0,2.0,3.0,1.0,121
390,4,42,Poor,2,Slow,3,2.0,3.0,1.0,123
391,4,43,Poor,1,Slow,3,2.0,3.0,1.0,118
392,4,44,Poor,0,Slow,0,2.0,3.0,1.0,120
393,4,45,Poor,1,Slow,2,2.0,3.0,1.0,117
394,4,46,Poor,0,Slow,0,2.0,3.0,1.0,119
395,4,47,Poor,2,Slow,1,2.0,3.0,1.0,122
396,4,49,Poor,0,Slow,3,2.0,3.0,1.0,118
397,4,50,Poor,0,Slow,3,2.0,3.0,1.0,117
398,4,53,Poor,0,Slow,2,2.0,3.0,1.0,116
399,4,54,Poor,1,Slow,1,2.0,3.0,1.0,116
400,4,55,Poor,1,Slow,2,2.0,3.0,1.0,115
401,4,56,Poor,2,Slow,4,2.0,3.0,1.0,121
402,4,57,Poor,2,Slow,3,2.0,3.0,1.0,120
403,4,58,Poor,0,Slow,2,2.0,3.0,1.0,115
404,4,59,Poor,1,Slow,3,2.0,3.0,1.0,114
405,4,61,Poor,1,Slow,1,2.0,3.0,1.0,113
406,4,62,Poor,0,Slow,1,2.0,3.0,1.0,114
407,4,64,Poor,2,Slow,1,2.0,3.0,1.0,119
408,4,65,Poor,2,Slow,1,2.0,3.0,1.0,118
409,4,66,Poor,2,Slow,0,2.0,3.0,1.0,117
410,4,67,Poor,1,Slow,3,2.0,3.0,1.0,112
411,4,68,Poor,1,Slow,2,2.0,3.0,1.0,111
412,4,70,Middle,2,Slow,2,2.0,7.0,5.0,116
413,4,72,Middle,0,Slow,3,2.0,7.0,5.0,113
414,4,73,Middle,0,Slow,2,2.0,7.0,5.0,112
415,4,74,Middle,3,Shigh,0,6.0,7.0,1.0,69
416,4,75,Middle,0,Slow,2,2.0,7.0,5.0,111
417,4,76,Middle,1,Slow,2,2.0,7.0,5.0,110
418,4,76,Middle,0,Slow,3,2.0,5.0,3.0,110
419,4,77,Middle,4,Shigh,0,6.0,7.0,1.0,69
420,4,78,Middle,3,Shigh,1,6.0,7.0,1.0,68
421,4,80,Middle,3,Shigh,1,6.0,7.0,1.0,67
422,4,81,Middle,2,Slow,2,2.0,7.0,5.0,115
423,4,82,Middle,3,Shigh,1,6.0,7.0,1.0,66
424,4,83,Middle,4,Shigh,2,6.0,7.0,1.0,68
425,4,84,Middle,0,Slow,1,2.0,7.0,5.0,109
426,4,84,Middle,1,Slow,2,2.0,5.0,3.0,109
427,4,84,Middle,2,Slow,3,2.0,3.0,1.0,114
428,4,85,Middle,0,Slow,0,2.0,7.0,5.0,108
429,4,85,Middle,1,Slow,4,2.0,5.0,3.0,108
430,4,86,Middle,0,Slow,2,2.0,7.0,5.0,107
431,4,86,Middle,2,Slow,4,2.0,5.0,3.0,113
432,4,87,Middle,3,Shigh,2,6.0,7.0,1.0,65
433,4,88,Middle,3,Shigh,1,6.0,7.0,1.0,64
434,4,89,Middle,1,Slow,0,2.0,7.0,5.0,107
435,4,90,Rich,1,Slow,1,2.0,10.0,8.0,106
436,4,90,Rich,0,Slow,2,2.0,8.0,6.0,106
437,4,90,Rich,3,Shigh,3,6.0,6.0,0.0,63
438,4,91,Rich,0,Slow,2,2.0,10.0,8.0,105
439,4,93,Rich,3,Shigh,0,6.0,10.0,4.0,62
440,4,93,Rich,1,Slow,2,2.0,4.0,2.0,105
441,4,94,Rich,0,Slow,3,2.0,10.0,8.0,104
442,4,95,Rich,4,Shigh,0,6.0,10.0,4.0,67
443,4,95,Rich,2,Slow,1,2.0,4.0,2.0,112
444,4,96,Rich,4,Shigh,1,6.0,10.0,4.0,66
445,4,96,Rich,0,Slow,4,2.0,4.0,2.0,103
446,4,97,Rich,2,Slow,0,2.0,10.0,8.0,111
447,4,97,Rich,1,Slow,1,2.0,8.0,6.0,104
448,4,98,Rich,2,Slow,0,2.0,10.0,8.0,110
449,4,98,Rich,0,Slow,4,2.0,8.0,6.0,102
450,4,99,Rich,4,Shigh,0,6.0,10.0,4.0,65
451,4,99,Rich,0,Slow,2,2.0,4.0,2.0,101
452,5,0,Poor,0,Slow,0,2.0,3.0,1.0,129
453,5,1,Poor,0,Slow,3,2.0,3.0,1.0,128
454,5,2,Poor,1,Slow,3,2.0,3.0,1.0,129
455,5,3,Poor,2,Slow,1,2.0,3.0,1.0,129
456,5,5,Poor,2,Slow,0,2.0,3.0,1.0,128
457,5,6,Poor,2,Slow,1,2.0,3.0,1.0,127
458,5,8,Poor,0,Slow,2,2.0,3.0,1.0,127
459,5,9,Poor,1,Slow,1,2.0,3.0,1.0,128
460,5,11,Poor,0,Slow,1,2.0,3.0,1.0,126
461,5,12,Poor,1,Slow,3,2.0,3.0,1.0,127
462,5,13,Poor,1,Slow,1,2.0,3.0,1.0,126
463,5,15,Poor,1,Slow,3,2.0,3.0,1.0,125
464,5,17,Poor,1,Slow,3,2.0,3.0,1.0,124
465,5,18,Poor,1,Slow,0,2.0,3.0,1.0,123
466,5,19,Poor,0,Slow,4,2.0,3.0,1.0,125
467,5,20,Poor,1,Slow,3,2.0,3.0,1.0,122
468,5,21,Poor,0,Slow,3,2.0,3.0,1.0,124
469,5,23,Poor,2,Slow,1,2.0,3.0,1.0,126
470,5,24,Poor,1,Slow,4,2.0,3.0,1.0,121
471,5,25,Poor,2,Slow,0,2.0,3.0,1.0,125
472,5,26,Poor,1,Slow,2,2.0,3.0,1.0,120
473,5,27,Poor,2,Slow,3,2.0,3.0,1.0,124
474,5,28,Poor,0,Slow,4,2.0,3.0,1.0,123
475,5,29,Poor,1,Slow,3,2.0,3.0,1.0,119
476,5,31,Poor,0,Slow,1,2.0,3.0,1.0,122
477,5,32,Poor,1,Slow,3,2.0,3.0,1.0,118
478,5,33,Poor,2,Slow,0,2.0,3.0,1.0,123
479,5,34,Poor,2,Slow,0,2.0,3.0,1.0,122
480,5,39,Poor,2,Slow,4,2.0,3.0,1.0,121
481,5,40,Poor,1,Slow,1,2.0,3.0,1.0,117
482,5,42,Poor,0,Slow,2,2.0,3.0,1.0,121
483,5,43,Poor,2,Slow,2,2.0,3.0,1.0,120
484,5,44,Poor,2,Slow,2,2.0,3.0,1.0,119
485,5,45,Poor,1,Slow,2,2.0,3.0,1.0,116
486,5,46,Poor,0,Slow,0,2.0,3.0,1.0,120
487,5,47,Poor,1,Slow,4,2.0,3.0,1.0,115
488,5,48,Poor,2,Slow,0,2.0,3.0,1.0,118
489,5,51,Poor,0,Slow,0,2.0,3.0,1.0,119
490,5,52,Poor,1,Slow,1,2.0,3.0,1.0,114
491,5,53,Poor,1,Slow,0,2.0,3.0,1.0,113
492,5,54,Poor,1,Slow,1,2.0,3.0,1.0,112
493,5,56,Poor,1,Slow,0,2.0,3.0,1.0,111
494,5,58,Poor,0,Slow,2,2.0,3.0,1.0,118
495,5,59,Poor,2,Slow,3,2.0,3.0,1.0,117
496,5,60,Poor,2,Slow,1,2.0,3.0,1.0,116
497,5,62,Poor,2,Slow,0,2.0,3.0,1.0,115
498,5,63,Poor,1,Slow,1,2.0,3.0,1.0,110
499,5,64,Poor,1,Slow,0,2.0,3.0,1.0,109
500,5,65,Poor,2,Slow,1,2.0,3.0,1.0,114
501,5,66,Poor,2,Slow,0,2.0,3.0,1.0,113
502,5,67,Poor,0,Slow,4,2.0,3.0,1.0,117
503,5,68,Poor,0,Slow,2,2.0,3.0,1.0,116
504,5,69,Poor,2,Slow,0,2.0,3.0,1.0,112
505,5,70,Middle,0,Slow,4,2.0,7.0,5.0,115
506,5,71,Middle,4,Shigh,1,6.0,7.0,1.0,69
507,5,73,Middle,4,Shigh,1,6.0,7.0,1.0,68
508,5,74,Middle,0,Slow,0,2.0,7.0,5.0,114
509,5,75,Middle,1,Slow,0,2.0,7.0,5.0,108
510,5,75,Middle,2,Slow,2,2.0,5.0,3.0,111
511,5,75,Middle,0,Slow,3,2.0,3.0,1.0,113
512,5,76,Middle,1,Slow,4,2.0,7.0,5.0,107
513,5,77,Middle,1,Slow,0,2.0,7.0,5.0,106
514,5,77,Middle,0,Slow,3,2.0,5.0,3.0,112
515,5,78,Middle,2,Slow,2,2.0,7.0,5.0,110
516,5,79,Middle,3,Shigh,2,6.0,7.0,1.0,69
517,5,80,Middle,4,Shigh,2,6.0,7.0,1.0,67
518,5,82,Middle,3,Shigh,0,6.0,7.0,1.0,68
519,5,83,Middle,0,Slow,1,2.0,7.0,5.0,111
520,5,84,Middle,3,Shigh,0,6.0,7.0,1.0,67
521,5,85,Middle,0,Slow,0,2.0,7.0,5.0,110
522,5,86,Middle,4,Shigh,2,6.0,7.0,1.0,66
523,5,87,Middle,2,Slow,1,2.0,7.0,5.0,109
524,5,89,Middle,2,Slow,3,2.0,7.0,5.0,108
525,5,90,Rich,2,Slow,0,2.0,10.0,8.0,107
526,5,90,Rich,4,Shigh,1,6.0,8.0,2.0,65
527,5,91,Rich,2,Slow,0,2.0,10.0,8.0,106
528,5,91,Rich,0,Slow,3,2.0,8.0,6.0,109
529,5,92,Rich,0,Slow,0,2.0,10.0,8.0,108
530,5,92,Rich,2,Slow,2,2.0,8.0,6.0,105
531,5,92,Rich,3,Shigh,4,6.0,6.0,0.0,66
532,5,93,Rich,0,Slow,0,2.0,10.0,8.0,107
533,5,94,Rich,1,Slow,0,2.0,10.0,8.0,105
534,5,94,Rich,0,Slow,1,2.0,8.0,6.0,106
535,5,95,Rich,3,Shigh,1,6.0,10.0,4.0,65
536,5,95,Rich,0,Slow,2,2.0,4.0,2.0,105
537,5,96,Rich,4,Shigh,0,6.0,10.0,4.0,64
538,5,96,Rich,0,Slow,3,2.0,4.0,2.0,104
539,5,97,Rich,1,Slow,2,2.0,10.0,8.0,104
540,5,97,Rich,4,Shigh,4,6.0,8.0,2.0,63
541,5,98,Rich,4,Shigh,1,6.0,10.0,4.0,62
542,5,98,Rich,2,Slow,4,2.0,4.0,2.0,104
543,5,99,Rich,4,Shigh,0,6.0,10.0,4.0,61
544,6,0,Poor,0,Slow,3,2.0,3.0,1.0,129
545,6,2,Poor,1,Slow,4,2.0,3.0,1.0,129
546,6,3,Poor,0,Slow,3,2.0,3.0,1.0,128
547,6,5,Poor,1,Slow,2,2.0,3.0,1.0,128
548,6,6,Poor,2,Slow,2,2.0,3.0,1.0,129
549,6,7,Poor,1,Slow,0,2.0,3.0,1.0,127
550,6,8,Poor,1,Slow,4,2.0,3.0,1.0,126
551,6,9,Poor,0,Slow,1,2.0,3.0,1.0,127
552,6,11,Poor,1,Slow,4,2.0,3.0,1.0,125
553,6,12,Poor,0,Slow,2,2.0,3.0,1.0,126
554,6,13,Poor,2,Slow,0,2.0,3.0,1.0,128
555,6,14,Poor,2,Slow,0,2.0,3.0,1.0,127
556,6,15,Poor,2,Slow,0,2.0,3.0,1.0,126
557,6,16,Poor,0,Slow,1,2.0,3.0,1.0,125
558,6,18,Poor,2,Slow,1,2.0,3.0,1.0,125
559,6,20,Poor,0,Slow,0,2.0,3.0,1.0,124
560,6,21,Poor,0,Slow,2,2.0,3.0,1.0,123
561,6,22,Poor,0,Slow,3,2.0,3.0,1.0,122
562,6,23,Poor,1,Slow,1,2.0,3.0,1.0,124
563,6,24,Poor,2,Slow,0,2.0,3.0,1.0,124
564,6,25,Poor,1,Slow,0,2.0,3.0,1.0,123
565,6,26,Poor,1,Slow,1,2.0,3.0,1.0,122
566,6,27,Poor,1,Slow,1,2.0,3.0,1.0,121
567,6,28,Poor,0,Slow,0,2.0,3.0,1.0,121
568,6,29,Poor,0,Slow,2,2.0,3.0,1.0,120
569,6,30,Poor,1,Slow,2,2.0,3.0,1.0,120
570,6,31,Poor,0,Slow,2,2.0,3.0,1.0,119
571,6,32,Poor,1,Slow,4,2.0,3.0,1.0,119
572,6,34,Poor,1,Slow,4,2.0,3.0,1.0,118
573,6,35,Poor,0,Slow,1,2.0,3.0,1.0,118
574,6,36,Poor,1,Slow,4,2.0,3.0,1.0,117
575,6,37,Poor,2,Slow,1,2.0,3.0,1.0,123
576,6,38,Poor,2,Slow,3,2.0,3.0,1.0,122
577,6,39,Poor,2,Slow,0,2.0,3.0,1.0,121
578,6,41,Poor,0,Slow,0,2.0,3.0,1.0,117
579,6,42,Poor,2,Slow,3,2.0,3.0,1.0,120
580,6,47,Poor,0,Slow,1,2.0,3.0,1.0,116
581,6,48,Poor,2,Slow,2,2.0,3.0,1.0,119
582,6,49,Poor,0,Slow,0,2.0,3.0,1.0,115
583,6,50,Poor,1,Slow,4,2.0,3.0,1.0,116
584,6,51,Poor,1,Slow,2,2.0,3.0,1.0,115
585,6,53,Poor,2,Slow,0,2.0,3.0,1.0,118
586,6,54,Poor,1,Slow,0,2.0,3.0,1.0,114
587,6,56,Poor,2,Slow,0,2.0,3.0,1.0,117
588,6,58,Poor,0,Slow,3,2.0,3.0,1.0,114
589,6,60,Poor,1,Slow,2,2.0,3.0,1.0,113
590,6,61,Poor,1,Slow,2,2.0,3.0,1.0,112
591,6,62,Poor,0,Slow,4,2.0,3.0,1.0,113
592,6,63,Poor,1,Slow,0,2.0,3.0,1.0,111
593,6,64,Poor,0,Slow,1,2.0,3.0,1.0,112
594,6,66,Poor,2,Slow,0,2.0,3.0,1.0,116
595,6,67,Poor,2,Slow,1,2.0,3.0,1.0,115
596,6,69,Poor,2,Slow,4,2.0,3.0,1.0,114
597,6,70,Middle,0,Slow,3,2.0,7.0,5.0,111
598,6,71,Middle,3,Shigh,1,6.0,7.0,1.0,69
599,6,74,Middle,3,Shigh,1,6.0,7.0,1.0,68
600,6,75,Middle,0,Slow,0,2.0,7.0,5.0,110
601,6,75,Middle,2,Slow,2,2.0,5.0,3.0,113
602,6,76,Middle,0,Slow,0,2.0,7.0,5.0,109
603,6,78,Middle,3,Shigh,3,6.0,7.0,1.0,67
604,6,79,Middle,3,Shigh,2,6.0,7.0,1.0,66
605,6,80,Middle,1,Slow,0,2.0,7.0,5.0,110
606,6,81,Middle,4,Shigh,3,6.0,7.0,1.0,69
607,6,84,Middle,4,Shigh,0,6.0,7.0,1.0,68
608,6,86,Middle,3,Shigh,3,6.0,7.0,1.0,65
609,6,87,Middle,1,Slow,4,2.0,7.0,5.0,109
610,6,88,Middle,0,Slow,3,2.0,7.0,5.0,108
611,6,89,Middle,4,Shigh,0,6.0,7.0,1.0,67
612,6,90,Rich,4,Shigh,0,6.0,10.0,4.0,66
613,6,90,Rich,1,Slow,2,2.0,4.0,2.0,108
614,6,91,Rich,0,Slow,0,2.0,10.0,8.0,107
615,6,91,Rich,4,Shigh,1,6.0,8.0,2.0,65
616,6,92,Rich,1,Slow,0,2.0,10.0,8.0,107
617,6,92,Rich,4,Shigh,3,6.0,8.0,2.0,64
618,6,93,Rich,1,Slow,0,2.0,10.0,8.0,106
619,6,93,Rich,3,Shigh,3,6.0,8.0,2.0,64
620,6,94,Rich,2,Slow,1,2.0,10.0,8.0,112
621,6,94,Rich,3,Shigh,3,6.0,8.0,2.0,63
622,6,95,Rich,3,Shigh,0,6.0,10.0,4.0,62
623,6,95,Rich,1,Slow,3,2.0,4.0,2.0,105
624,6,96,Rich,4,Shigh,2,6.0,10.0,4.0,63
625,6,96,Rich,0,Slow,3,2.0,4.0,2.0,106
626,6,97,Rich,3,Shigh,0,6.0,10.0,4.0,61
627,6,97,Rich,0,Slow,4,2.0,4.0,2.0,105
628,6,99,Rich,3,Shigh,0,6.0,10.0,4.0,60
629,6,99,Rich,1,Slow,3,2.0,4.0,2.0,104
630,7,0,Poor,1,Slow,0,2.0,3.0,1.0,129
631,7,1,Poor,2,Slow,1,2.0,3.0,1.0,129
632,7,2,Poor,0,Slow,2,2.0,3.0,1.0,129
633,7,3,Poor,1,Slow,2,2.0,3.0,1.0,128
634,7,4,Poor,0,Slow,1,2.0,3.0,1.0,128
635,7,5,Poor,1,Slow,3,2.0,3.0,1.0,127
636,7,7,Poor,1,Slow,0,2.0,3.0,1.0,126
637,7,8,Poor,1,Slow,2,2.0,3.0,1.0,125
638,7,9,Poor,0,Slow,0,2.0,3.0,1.0,127
639,7,11,Poor,0,Slow,0,2.0,3.0,1.0,126
640,7,12,Poor,1,Slow,1,2.0,3.0,1.0,124
641,7,15,Poor,0,Slow,1,2.0,3.0,1.0,125
642,7,16,Poor,1,Slow,2,2.0,3.0,1.0,123
643,7,17,Poor,0,Slow,1,2.0,3.0,1.0,124
644,7,18,Poor,2,Slow,0,2.0,3.0,1.0,128
645,7,19,Poor,2,Slow,1,2.0,3.0,1.0,127
646,7,20,Poor,1,Slow,0,2.0,3.0,1.0,122
647,7,21,Poor,2,Slow,1,2.0,3.0,1.0,126
648,7,24,Poor,0,Slow,3,2.0,3.0,1.0,123
649,7,25,Poor,1,Slow,1,2.0,3.0,1.0,121
650,7,26,Poor,1,Slow,0,2.0,3.0,1.0,120
651,7,27,Poor,1,Slow,1,2.0,3.0,1.0,119
652,7,28,Poor,1,Slow,1,2.0,3.0,1.0,118
653,7,32,Poor,0,Slow,4,2.0,3.0,1.0,122
654,7,34,Poor,2,Slow,1,2.0,3.0,1.0,125
655,7,35,Poor,0,Slow,1,2.0,3.0,1.0,121
656,7,38,Poor,2,Slow,0,2.0,3.0,1.0,124
657,7,39,Poor,0,Slow,4,2.0,3.0,1.0,120
658,7,40,Poor,0,Slow,3,2.0,3.0,1.0,119
659,7,41,Poor,2,Slow,1,2.0,3.0,1.0,123
660,7,43,Poor,1,Slow,0,2.0,3.0,1.0,117
661,7,44,Poor,0,Slow,0,2.0,3.0,1.0,118
662,7,46,Poor,0,Slow,4,2.0,3.0,1.0,117
663,7,47,Poor,2,Slow,1,2.0,3.0,1.0,122
664,7,49,Poor,0,Slow,0,2.0,3.0,1.0,116
665,7,50,Poor,1,Slow,0,2.0,3.0,1.0,116
666,7,53,Poor,2,Slow,0,2.0,3.0,1.0,121
667,7,55,Poor,0,Slow,0,2.0,3.0,1.0,115
668,7,56,Poor,1,Slow,1,2.0,3.0,1.0,115
669,7,57,Poor,2,Slow,2,2.0,3.0,1.0,120
670,7,58,Poor,0,Slow,2,2.0,3.0,1.0,114
671,7,59,Poor,2,Slow,0,2.0,3.0,1.0,119
672,7,60,Poor,0,Slow,3,2.0,3.0,1.0,113
673,7,62,Poor,1,Slow,0,2.0,3.0,1.0,114
674,7,63,Poor,0,Slow,0,2.0,3.0,1.0,112
675,7,64,Poor,1,Slow,4,2.0,3.0,1.0,113
676,7,66,Poor,0,Slow,0,2.0,3.0,1.0,111
677,7,67,Poor,0,Slow,3,2.0,3.0,1.0,110
678,7,68,Poor,0,Slow,1,2.0,3.0,1.0,109
679,7,70,Middle,0,Slow,2,2.0,7.0,5.0,108
680,7,71,Middle,1,Slow,4,2.0,7.0,5.0,112
681,7,72,Middle,4,Shigh,0,4.199999999999999,7.0,2.8000000000000007,69
682,7,72,Middle,1,Slow,2,2.0,2.8000000000000007,0.8000000000000007,111
683,7,73,Middle,1,Slow,0,2.0,7.0,5.0,110
684,7,74,Middle,0,Slow,2,2.0,7.0,5.0,107
685,7,75,Middle,0,Slow,4,2.0,7.0,5.0,106
686,7,76,Middle,4,Shigh,0,4.199999999999999,7.0,2.8000000000000007,68
687,7,76,Middle,1,Slow,3,2.0,2.8000000000000007,0.8000000000000007,109
688,7,77,Middle,0,Slow,0,2.0,7.0,5.0,105
689,7,77,Middle,4,Shigh,4,4.199999999999999,5.0,0.8000000000000007,67
690,7,78,Middle,1,Slow,2,2.0,7.0,5.0,108
691,7,78,Middle,0,Slow,3,2.0,5.0,3.0,104
692,7,79,Middle,3,Shigh,2,6.0,7.0,1.0,69
693,7,80,Middle,1,Slow,0,2.0,7.0,5.0,107
694,7,80,Middle,2,Slow,1,2.0,5.0,3.0,118
695,7,81,Middle,4,Shigh,3,4.199999999999999,7.0,2.8000000000000007,66
696,7,83,Middle,2,Slow,0,2.0,7.0,5.0,117
697,7,83,Middle,0,Slow,3,2.0,5.0,3.0,103
698,7,84,Middle,0,Slow,0,2.0,7.0,5.0,102
699,7,84,Middle,4,Shigh,2,4.199999999999999,5.0,0.8000000000000007,65
700,7,85,Middle,4,Shigh,0,4.199999999999999,7.0,2.8000000000000007,64
701,7,85,Middle,1,Slow,3,2.0,2.8000000000000007,0.8000000000000007,106
702,7,86,Middle,2,Slow,1,2.0,7.0,5.0,116
703,7,86,Middle,0,Slow,2,2.0,5.0,3.0,101
704,7,87,Middle,1,Slow,0,2.0,7.0,5.0,105
705,7,87,Middle,0,Slow,3,2.0,5.0,3.0,100
706,7,88,Middle,0,Slow,0,2.0,7.0,5.0,99
707,7,88,Middle,4,Shigh,1,4.199999999999999,5.0,0.8000000000000007,63
708,7,89,Middle,3,Shigh,4,6.0,7.0,1.0,68
709,7,90,Rich,3,Shigh,0,6.0,10.0,4.0,67
710,7,90,Rich,0,Slow,1,2.0,4.0,2.0,98
711,7,90,Rich,2,Slow,2,2.0,2.0,0.0,115
712,7,91,Rich,1,Slow,0,2.0,10.0,8.0,104
713,7,92,Rich,2,Slow,0,2.0,10.0,8.0,114
714,7,92,Rich,1,Slow,1,2.0,8.0,6.0,103
715,7,92,Rich,0,Slow,4,2.0,6.0,4.0,97
716,7,93,Rich,0,Slow,3,2.0,10.0,8.0,96
717,7,94,Rich,2,Slow,0,2.0,10.0,8.0,113
718,7,94,Rich,3,Shigh,1,6.0,8.0,2.0,66
719,7,95,Rich,1,Slow,1,2.0,10.0,8.0,102
720,7,95,Rich,0,Slow,2,2.0,8.0,6.0,95
721,7,96,Rich,1,Slow,3,2.0,10.0,8.0,101
722,7,97,Rich,1,Slow,0,2.0,10.0,8.0,100
723,7,97,Rich,4,Shigh,1,4.199999999999999,8.0,3.8000000000000007,62
724,7,99,Rich,0,Slow,1,2.0,10.0,8.0,94
725,7,99,Rich,1,Slow,2,2.0,8.0,6.0,99
726,8,6,Poor,0,Slow,2,2.0,3.0,1.0,129
727,8,7,Poor,0,Slow,3,2.0,3.0,1.0,128
728,8,8,Poor,0,Slow,4,2.0,3.0,1.0,127
729,8,9,Poor,1,Slow,3,2.0,3.0,1.0,129
730,8,10,Poor,0,Slow,1,2.0,3.0,1.0,126
731,8,13,Poor,2,Slow,2,2.0,3.0,1.0,129
732,8,14,Poor,1,Slow,0,2.0,3.0,1.0,128
733,8,16,Poor,0,Slow,0,2.0,3.0,1.0,125
734,8,17,Poor,2,Slow,0,2.0,3.0,1.0,128
735,8,18,Poor,0,Slow,3,2.0,3.0,1.0,124
736,8,21,Poor,2,Slow,0,2.0,3.0,1.0,127
737,8,23,Poor,0,Slow,0,2.0,3.0,1.0,123
738,8,24,Poor,1,Slow,4,2.0,3.0,1.0,127
739,8,25,Poor,2,Slow,1,2.0,3.0,1.0,126
740,8,28,Poor,1,Slow,0,2.0,3.0,1.0,126
741,8,29,Poor,2,Slow,0,2.0,3.0,1.0,125
742,8,31,Poor,1,Slow,0,2.0,3.0,1.0,125
743,8,33,Poor,2,Slow,2,2.0,3.0,1.0,124
744,8,34,Poor,1,Slow,4,2.0,3.0,1.0,124
745,8,35,Poor,1,Slow,4,2.0,3.0,1.0,123
746,8,36,Poor,0,Slow,4,2.0,3.0,1.0,122
747,8,37,Poor,0,Slow,0,2.0,3.0,1.0,121
748,8,38,Poor,2,Slow,4,2.0,3.0,1.0,123
749,8,39,Poor,1,Slow,0,2.0,3.0,1.0,122
750,8,40,Poor,0,Slow,3,2.0,3.0,1.0,120
751,8,41,Poor,0,Slow,0,2.0,3.0,1.0,119
752,8,43,Poor,2,Slow,2,2.0,3.0,1.0,122
753,8,45,Poor,1,Slow,0,2.0,3.0,1.0,121
754,8,46,Poor,0,Slow,1,2.0,3.0,1.0,118
755,8,48,Poor,0,Slow,0,2.0,3.0,1.0,117
756,8,49,Poor,0,Slow,2,2.0,3.0,1.0,116
757,8,51,Poor,2,Slow,2,2.0,3.0,1.0,121
758,8,52,Poor,0,Slow,0,2.0,3.0,1.0,115
759,8,53,Poor,1,Slow,1,2.0,3.0,1.0,120
760,8,54,Poor,2,Slow,2,2.0,3.0,1.0,120
761,8,55,Poor,1,Slow,4,2.0,3.0,1.0,119
762,8,56,Poor,2,Slow,1,2.0,3.0,1.0,119
763,8,57,Poor,1,Slow,3,2.0,3.0,1.0,118
764,8,58,Poor,2,Slow,3,2.0,3.0,1.0,118
765,8,59,Poor,1,Slow,0,2.0,3.0,1.0,117
766,8,60,Poor,0,Slow,0,2.0,3.0,1.0,114
767,8,64,Poor,2,Slow,0,2.0,3.0,1.0,117
768,8,66,Poor,0,Slow,2,2.0,3.0,1.0,113
769,8,69,Poor,0,Slow,0,2.0,3.0,1.0,112
770,8,70,Middle,0,Slow,2,2.0,7.0,5.0,111
771,8,71,Middle,3,Shigh,0,6.0,7.0,1.0,69
772,8,72,Middle,0,Slow,0,2.0,7.0,5.0,110
773,8,72,Middle,1,Slow,1,2.0,5.0,3.0,116
774,8,73,Middle,0,Slow,0,2.0,7.0,5.0,109
775,8,74,Middle,0,Slow,0,2.0,7.0,5.0,108
776,8,74,Middle,2,Slow,2,2.0,5.0,3.0,116
777,8,74,Middle,1,Slow,3,2.0,3.0,1.0,115
778,8,75,Middle,2,Slow,2,2.0,7.0,5.0,115
779,8,76,Middle,1,Slow,2,2.0,7.0,5.0,114
780,8,76,Middle,0,Slow,4,2.0,5.0,3.0,107
781,8,77,Middle,2,Slow,0,2.0,7.0,5.0,114
782,8,77,Middle,0,Slow,3,2.0,5.0,3.0,106
783,8,77,Middle,1,Slow,4,2.0,3.0,1.0,113
784,8,78,Middle,1,Slow,0,2.0,7.0,5.0,112
785,8,78,Middle,0,Slow,4,2.0,5.0,3.0,105
786,8,79,Middle,2,Slow,1,2.0,7.0,5.0,113
787,8,79,Middle,1,Slow,3,2.0,5.0,3.0,111
788,8,80,Middle,0,Slow,2,2.0,7.0,5.0,104
789,8,81,Middle,4,Shigh,0,6.0,7.0,1.0,69
790,8,82,Middle,3,Shigh,0,6.0,7.0,1.0,68
791,8,83,Middle,1,Slow,1,2.0,7.0,5.0,110
792,8,84,Middle,0,Slow,2,2.0,7.0,5.0,103
793,8,85,Middle,2,Slow,3,2.0,7.0,5.0,112
794,8,85,Middle,1,Slow,4,2.0,5.0,3.0,109
795,8,86,Middle,3,Shigh,2,6.0,7.0,1.0,67
796,8,87,Middle,2,Slow,0,2.0,7.0,5.0,111
797,8,88,Middle,0,Slow,0,2.0,7.0,5.0,102
798,8,88,Middle,1,Slow,3,2.0,5.0,3.0,108
799,8,89,Middle,4,Shigh,0,6.0,7.0,1.0,68
800,8,90,Rich,3,Shigh,0,6.0,10.0,4.0,66
801,8,90,Rich,1,Slow,2,2.0,4.0,2.0,107
802,8,92,Rich,4,Shigh,0,6.0,10.0,4.0,67
803,8,92,Rich,1,Slow,4,2.0,4.0,2.0,106
804,8,93,Rich,0,Slow,0,2.0,10.0,8.0,101
805,8,94,Rich,2,Slow,0,2.0,10.0,8.0,110
806,8,94,Rich,0,Slow,1,2.0,8.0,6.0,100
807,8,94,Rich,1,Slow,4,2.0,6.0,4.0,105
808,8,95,Rich,2,Slow,2,2.0,10.0,8.0,109
809,8,96,Rich,0,Slow,1,2.0,10.0,8.0,99
810,8,97,Rich,2,Slow,3,2.0,10.0,8.0,108
811,8,98,Rich,0,Slow,0,2.0,10.0,8.0,98
812,8,98,Rich,4,Shigh,2,6.0,8.0,2.0,66
813,8,99,Rich,3,Shigh,1,6.0,10.0,4.0,65
814,8,99,Rich,0,Slow,3,2.0,4.0,2.0,97
815,9,0,Poor,0,Slow,0,2.0,3.0,1.0,129
816,9,1,Poor,1,Slow,4,2.0,3.0,1.0,129
817,9,2,Poor,2,Slow,3,2.0,3.0,1.0,129
818,9,7,Poor,2,Slow,0,2.0,3.0,1.0,128
819,9,8,Poor,1,Slow,1,2.0,3.0,1.0,128
820,9,9,Poor,2,Slow,0,2.0,3.0,1.0,127
821,9,11,Poor,1,Slow,3,2.0,3.0,1.0,127
822,9,12,Poor,2,Slow,1,2.0,3.0,1.0,126
823,9,14,Poor,0,Slow,3,2.0,3.0,1.0,128
824,9,16,Poor,2,Slow,1,2.0,3.0,1.0,125
825,9,17,Poor,2,Slow,4,2.0,3.0,1.0,124
826,9,18,Poor,2,Slow,1,2.0,3.0,1.0,123
827,9,23,Poor,2,Slow,3,2.0,3.0,1.0,122
828,9,24,Poor,0,Slow,1,2.0,3.0,1.0,127
829,9,26,Poor,0,Slow,2,2.0,3.0,1.0,126
830,9,27,Poor,1,Slow,2,2.0,3.0,1.0,126
831,9,29,Poor,1,Slow,1,2.0,3.0,1.0,125
832,9,31,Poor,0,Slow,4,2.0,3.0,1.0,125
833,9,32,Poor,0,Slow,1,2.0,3.0,1.0,124
834,9,33,Poor,0,Slow,1,2.0,3.0,1.0,123
835,9,34,Poor,0,Slow,4,2.0,3.0,1.0,122
836,9,35,Poor,2,Slow,1,2.0,3.0,1.0,121
837,9,36,Poor,1,Slow,0,2.0,3.0,1.0,124
838,9,38,Poor,2,Slow,2,2.0,3.0,1.0,120
839,9,39,Poor,1,Slow,0,2.0,3.0,1.0,123
840,9,40,Poor,1,Slow,2,2.0,3.0,1.0,122
841,9,41,Poor,2,Slow,2,2.0,3.0,1.0,119
842,9,42,Poor,1,Slow,2,2.0,3.0,1.0,121
843,9,43,Poor,1,Slow,4,2.0,3.0,1.0,120
844,9,46,Poor,0,Slow,1,2.0,3.0,1.0,121
845,9,48,Poor,2,Slow,2,2.0,3.0,1.0,118
846,9,49,Poor,0,Slow,0,2.0,3.0,1.0,120
847,9,50,Poor,2,Slow,3,2.0,3.0,1.0,117
848,9,51,Poor,1,Slow,1,2.0,3.0,1.0,119
849,9,54,Poor,1,Slow,0,2.0,3.0,1.0,118
850,9,55,Poor,2,Slow,0,2.0,3.0,1.0,116
851,9,56,Poor,2,Slow,2,2.0,3.0,1.0,115
852,9,57,Poor,0,Slow,0,2.0,3.0,1.0,119
853,9,58,Poor,2,Slow,1,2.0,3.0,1.0,114
854,9,59,Poor,2,Slow,0,2.0,3.0,1.0,113
855,9,60,Poor,1,Slow,0,2.0,3.0,1.0,117
856,9,62,Poor,0,Slow,0,2.0,3.0,1.0,118
857,9,64,Poor,1,Slow,0,2.0,3.0,1.0,116
858,9,65,Poor,0,Slow,1,2.0,3.0,1.0,117
859,9,66,Poor,2,Slow,1,2.0,3.0,1.0,112
860,9,68,Poor,1,Slow,2,2.0,3.0,1.0,115
861,9,70,Middle,1,Slow,1,2.0,7.0,5.0,114
862,9,71,Middle,3,Shigh,1,6.0,7.0,1.0,69
863,9,72,Middle,0,Slow,1,2.0,7.0,5.0,116
864,9,72,Middle,2,Slow,3,2.0,5.0,3.0,111
865,9,72,Middle,1,Slow,4,2.0,3.0,1.0,113
866,9,73,Middle,3,Shigh,2,6.0,7.0,1.0,68
867,9,74,Middle,3,Shigh,2,6.0,7.0,1.0,67
868,9,75,Middle,4,Shigh,0,6.0,7.0,1.0,69
869,9,77,Middle,0,Slow,4,2.0,7.0,5.0,115
870,9,78,Middle,0,Slow,0,2.0,7.0,5.0,114
871,9,78,Middle,1,Slow,2,2.0,5.0,3.0,112
872,9,78,Middle,2,Slow,3,2.0,3.0,1.0,110
873,9,79,Middle,1,Slow,0,2.0,7.0,5.0,111
874,9,79,Middle,0,Slow,4,2.0,5.0,3.0,113
875,9,81,Middle,0,Slow,2,2.0,7.0,5.0,112
876,9,82,Middle,4,Shigh,4,6.0,7.0,1.0,68
877,9,83,Middle,1,Slow,1,2.0,7.0,5.0,110
878,9,83,Middle,0,Slow,2,2.0,5.0,3.0,111
879,9,83,Middle,2,Slow,3,2.0,3.0,1.0,109
880,9,84,Middle,2,Slow,0,2.0,7.0,5.0,108
881,9,85,Middle,4,Shigh,1,6.0,7.0,1.0,67
882,9,86,Middle,0,Slow,1,2.0,7.0,5.0,110
883,9,87,Middle,1,Slow,3,2.0,7.0,5.0,109
884,9,88,Middle,2,Slow,2,2.0,7.0,5.0,107
885,9,88,Middle,0,Slow,4,2.0,5.0,3.0,109
886,9,89,Middle,1,Slow,1,2.0,7.0,5.0,108
887,9,90,Rich,2,Slow,0,2.0,10.0,8.0,106
888,9,90,Rich,4,Shigh,2,6.0,8.0,2.0,66
889,9,90,Rich,1,Slow,3,2.0,2.0,0.0,107
890,9,91,Rich,1,Slow,4,2.0,10.0,8.0,106
891,9,92,Rich,4,Shigh,1,6.0,10.0,4.0,65
892,9,93,Rich,3,Shigh,1,6.0,10.0,4.0,66
893,9,94,Rich,0,Slow,1,2.0,10.0,8.0,108
894,9,94,Rich,4,Shigh,2,6.0,8.0,2.0,64
895,9,95,Rich,1,Slow,4,2.0,10.0,8.0,105
896,9,96,Rich,0,Slow,1,2.0,10.0,8.0,107
897,9,96,Rich,3,Shigh,3,6.0,8.0,2.0,65
898,9,97,Rich,1,Slow,0,2.0,10.0,8.0,104
899,9,97,Rich,2,Slow,4,2.0,8.0,6.0,105
900,9,98,Rich,2,Slow,1,2.0,10.0,8.0,104
901,9,98,Rich,0,Slow,4,2.0,8.0,6.0,106
902,9,99,Rich,1,Slow,0,2.0,10.0,8.0,103
903,9,99,Rich,3,Shigh,1,6.0,8.0,2.0,64
904,10,0,Poor,1,Slow,1,2.0,3.0,1.0,129
905,10,1,Poor,1,Slow,2,2.0,3.0,1.0,128
906,10,3,Poor,2,Slow,3,2.0,3.0,1.0,129
907,10,4,Poor,1,Slow,2,2.0,3.0,1.0,127
908,10,6,Poor,0,Slow,0,1.4,3.0,1.6,129
909,10,9,Poor,1,Slow,0,2.0,3.0,1.0,126
910,10,10,Poor,2,Slow,2,2.0,3.0,1.0,128
911,10,13,Poor,2,Slow,0,2.0,3.0,1.0,127
912,10,14,Poor,0,Slow,1,1.4,3.0,1.6,128
913,10,17,Poor,2,Slow,2,2.0,3.0,1.0,126
914,10,19,Poor,1,Slow,3,2.0,3.0,1.0,125
915,10,20,Poor,0,Slow,3,1.4,3.0,1.6,127
916,10,21,Poor,1,Slow,0,2.0,3.0,1.0,124
917,10,22,Poor,0,Slow,2,1.4,3.0,1.6,126
918,10,23,Poor,0,Slow,0,1.4,3.0,1.6,125
919,10,24,Poor,0,Slow,3,1.4,3.0,1.6,124
920,10,27,Poor,2,Slow,4,2.0,3.0,1.0,125
921,10,28,Poor,0,Slow,4,1.4,3.0,1.6,123
922,10,29,Poor,0,Slow,0,1.4,3.0,1.6,122
923,10,30,Poor,2,Slow,0,2.0,3.0,1.0,124
924,10,32,Poor,0,Slow,0,1.4,3.0,1.6,121
925,10,34,Poor,2,Slow,2,2.0,3.0,1.0,123
926,10,35,Poor,1,Slow,0,2.0,3.0,1.0,123
927,10,36,Poor,0,Slow,2,1.4,3.0,1.6,120
928,10,37,Poor,1,Slow,1,2.0,3.0,1.0,122
929,10,38,Poor,2,Slow,4,2.0,3.0,1.0,122
930,10,39,Poor,2,Slow,3,2.0,3.0,1.0,121
931,10,41,Poor,1,Slow,1,2.0,3.0,1.0,121
932,10,42,Poor,1,Slow,4,2.0,3.0,1.0,120
933,10,43,Poor,2,Slow,1,2.0,3.0,1.0,120
934,10,45,Poor,0,Slow,2,1.4,3.0,1.6,119
935,10,46,Poor,2,Slow,1,2.0,3.0,1.0,119
936,10,47,Poor,1,Slow,1,2.0,3.0,1.0,119
937,10,48,Poor,2,Slow,0,2.0,3.0,1.0,118
938,10,49,Poor,0,Slow,2,1.4,3.0,1.6,118
939,10,50,Poor,2,Slow,0,2.0,3.0,1.0,117
940,10,51,Poor,0,Slow,1,1.4,3.0,1.6,117
941,10,52,Poor,1,Slow,2,2.0,3.0,1.0,118
942,10,53,Poor,1,Slow,2,2.0,3.0,1.0,117
943,10,54,Poor,1,Slow,4,2.0,3.0,1.0,116
944,10,55,Poor,2,Slow,0,2.0,3.0,1.0,116
945,10,57,Poor,0,Slow,4,1.4,3.0,1.6,116
946,10,58,Poor,2,Slow,1,2.0,3.0,1.0,115
947,10,59,Poor,1,Slow,2,2.0,3.0,1.0,115
948,10,60,Poor,2,Slow,0,2.0,3.0,1.0,114
949,10,61,Poor,1,Slow,1,2.0,3.0,1.0,114
950,10,62,Poor,0,Slow,4,1.4,3.0,1.6,115
951,10,63,Poor,0,Slow,3,1.4,3.0,1.6,114
952,10,64,Poor,0,Slow,0,1.4,3.0,1.6,113
953,10,67,Poor,1,Slow,1,2.0,3.0,1.0,113
954,10,68,Poor,1,Slow,2,2.0,3.0,1.0,112
955,10,69,Poor,1,Slow,1,2.0,3.0,1.0,111
956,10,70,Middle,4,Shigh,0,6.0,7.0,1.0,69
957,10,71,Middle,1,Slow,1,2.0,7.0,5.0,110
958,10,73,Middle,1,Slow,1,2.0,7.0,5.0,109
959,10,74,Middle,0,Slow,2,1.4,7.0,5.6,112
960,10,75,Middle,1,Slow,0,2.0,7.0,5.0,108
961,10,75,Middle,2,Slow,2,2.0,5.0,3.0,113
962,10,76,Middle,1,Slow,2,2.0,7.0,5.0,107
963,10,77,Middle,1,Slow,1,2.0,7.0,5.0,106
964,10,77,Middle,0,Slow,2,1.4,5.0,3.6,111
965,10,78,Middle,1,Slow,4,2.0,7.0,5.0,105
966,10,79,Middle,2,Slow,2,2.0,7.0,5.0,112
967,10,79,Middle,1,Slow,3,2.0,5.0,3.0,104
968,10,80,Middle,2,Slow,1,2.0,7.0,5.0,111
969,10,80,Middle,0,Slow,2,1.4,5.0,3.6,110
970,10,80,Middle,1,Slow,4,2.0,3.6,1.6,103
971,10,81,Middle,3,Shigh,2,6.0,7.0,1.0,69
972,10,83,Middle,4,Shigh,1,6.0,7.0,1.0,68
973,10,84,Middle,1,Slow,4,2.0,7.0,5.0,102
974,10,85,Middle,2,Slow,0,2.0,7.0,5.0,110
975,10,86,Middle,2,Slow,2,2.0,7.0,5.0,109
976,10,86,Middle,0,Slow,3,1.4,5.0,3.6,109
977,10,87,Middle,4,Shigh,1,6.0,7.0,1.0,67
978,10,88,Middle,1,Slow,0,2.0,7.0,5.0,101
979,10,89,Middle,0,Slow,3,1.4,7.0,5.6,108
980,10,90,Rich,2,Slow,0,2.0,10.0,8.0,108
981,10,90,Rich,3,Shigh,3,6.0,8.0,2.0,68
982,10,91,Rich,1,Slow,1,2.0,10.0,8.0,100
983,10,91,Rich,3,Shigh,3,6.0,8.0,2.0,67
984,10,92,Rich,1,Slow,2,2.0,10.0,8.0,99
985,10,92,Rich,4,Shigh,3,6.0,8.0,2.0,66
986,10,92,Rich,0,Slow,4,1.4,2.0,0.6000000000000001,107
987,10,93,Rich,0,Slow,0,1.4,10.0,8.6,106
988,10,93,Rich,2,Slow,1,2.0,8.6,6.6,107
989,10,93,Rich,1,Slow,4,2.0,6.6,4.6,98
990,10,94,Rich,1,Slow,0,2.0,10.0,8.0,97
991,10,94,Rich,0,Slow,2,1.4,8.0,6.6,105
992,10,95,Rich,2,Slow,0,2.0,10.0,8.0,106
993,10,95,Rich,3,Shigh,1,6.0,8.0,2.0,66
994,10,95,Rich,0,Slow,4,1.4,2.0,0.6000000000000001,104
995,10,96,Rich,3,Shigh,2,6.0,10.0,4.0,65
996,10,97,Rich,1,Slow,0,2.0,10.0,8.0,96
997,10,97,Rich,0,Slow,2,1.4,8.0,6.6,103
998,10,97,Rich,2,Slow,3,2.0,6.6,4.6,105
999,10,98,Rich,3,Shigh,1,6.0,10.0,4.0,64
1000,11,1,Poor,0,Slow,1,2.0,3.0,1.0,129
1001,11,2,Poor,2,Slow,1,2.0,3.0,1.0,129
1002,11,3,Poor,1,Slow,0,2.0,3.0,1.0,129
1003,11,4,Poor,0,Slow,4,2.0,3.0,1.0,128
1004,11,5,Poor,2,Slow,3,2.0,3.0,1.0,128
1005,11,7,Poor,0,Slow,4,2.0,3.0,1.0,127
1006,11,9,Poor,0,Slow,3,2.0,3.0,1.0,126
1007,11,10,Poor,1,Slow,3,2.0,3.0,1.0,128
1008,11,11,Poor,2,Slow,1,2.0,3.0,1.0,127
1009,11,12,Poor,1,Slow,4,2.0,3.0,1.0,127
1010,11,14,Poor,0,Slow,1,2.0,3.0,1.0,125
1011,11,15,Poor,0,Slow,1,2.0,3.0,1.0,124
1012,11,17,Poor,0,Slow,2,2.0,3.0,1.0,123
1013,11,18,Poor,0,Slow,3,2.0,3.0,1.0,122
1014,11,19,Poor,2,Slow,3,2.0,3.0,1.0,126
1015,11,21,Poor,0,Slow,4,2.0,3.0,1.0,121
1016,11,22,Poor,1,Slow,0,2.0,3.0,1.0,126
1017,11,25,Poor,2,Slow,4,2.0,3.0,1.0,125
1018,11,27,Poor,1,Slow,1,2.0,3.0,1.0,125
1019,11,28,Poor,2,Slow,2,2.0,3.0,1.0,124
1020,11,29,Poor,1,Slow,0,2.0,3.0,1.0,124
1021,11,30,Poor,2,Slow,1,2.0,3.0,1.0,123
1022,11,31,Poor,1,Slow,3,2.0,3.0,1.0,123
1023,11,32,Poor,0,Slow,0,2.0,3.0,1.0,120
1024,11,34,Poor,0,Slow,2,2.0,3.0,1.0,119
1025,11,35,Poor,2,Slow,0,2.0,3.0,1.0,122
1026,11,37,Poor,0,Slow,0,2.0,3.0,1.0,118
1027,11,41,Poor,1,Slow,0,2.0,3.0,1.0,122
1028,11,42,Poor,2,Slow,4,2.0,3.0,1.0,121
1029,11,44,Poor,0,Slow,4,2.0,3.0,1.0,117
1030,11,45,Poor,0,Slow,0,2.0,3.0,1.0,116
1031,11,46,Poor,1,Slow,0,2.0,3.0,1.0,121
1032,11,47,Poor,1,Slow,2,2.0,3.0,1.0,120
1033,11,49,Poor,1,Slow,1,2.0,3.0,1.0,119
1034,11,50,Poor,1,Slow,3,2.0,3.0,1.0,118
1035,11,52,Poor,1,Slow,0,2.0,3.0,1.0,117
1036,11,53,Poor,2,Slow,0,2.0,3.0,1.0,120
1037,11,54,Poor,2,Slow,0,2.0,3.0,1.0,119
1038,11,55,Poor,2,Slow,3,2.0,3.0,1.0,118
1039,11,57,Poor,0,Slow,1,2.0,3.0,1.0,115
1040,11,58,Poor,0,Slow,0,2.0,3.0,1.0,114
1041,11,59,Poor,0,Slow,4,2.0,3.0,1.0,113
1042,11,61,Poor,2,Slow,1,2.0,3.0,1.0,117
1043,11,62,Poor,2,Slow,3,2.0,3.0,1.0,116
1044,11,64,Poor,2,Slow,2,2.0,3.0,1.0,115
1045,11,65,Poor,1,Slow,2,2.0,3.0,1.0,116
1046,11,66,Poor,1,Slow,0,2.0,3.0,1.0,115
1047,11,67,Poor,0,Slow,1,2.0,3.0,1.0,112
1048,11,68,Poor,2,Slow,0,2.0,3.0,1.0,114
1049,11,70,Middle,3,Shigh,2,4.199999999999999,7.0,2.8000000000000007,69
1050,11,70,Middle,1,Slow,4,2.0,2.8000000000000007,0.8000000000000007,114
1051,11,71,Middle,1,Slow,0,2.0,7.0,5.0,113
1052,11,71,Middle,0,Slow,1,2.0,5.0,3.0,111
1053,11,72,Middle,1,Slow,3,2.0,7.0,5.0,112
1054,11,73,Middle,3,Shigh,1,4.199999999999999,7.0,2.8000000000000007,68
1055,11,73,Middle,1,Slow,3,2.0,2.8000000000000007,0.8000000000000007,111
1056,11,74,Middle,1,Slow,1,2.0,7.0,5.0,110
1057,11,76,Middle,0,Slow,0,2.0,7.0,5.0,110
1058,11,76,Middle,2,Slow,1,2.0,5.0,3.0,113
1059,11,76,Middle,1,Slow,2,2.0,3.0,1.0,109
1060,11,77,Middle,1,Slow,3,2.0,7.0,5.0,108
1061,11,77,Middle,0,Slow,4,2.0,5.0,3.0,109
1062,11,78,Middle,4,Shigh,3,6.0,7.0,1.0,69
1063,11,79,Middle,4,Shigh,1,6.0,7.0,1.0,68
1064,11,80,Middle,1,Slow,0,2.0,7.0,5.0,107
1065,11,81,Middle,3,Shigh,1,4.199999999999999,7.0,2.8000000000000007,67
1066,11,81,Middle,2,Slow,4,2.0,2.8000000000000007,0.8000000000000007,112
1067,11,84,Middle,1,Slow,0,2.0,7.0,5.0,106
1068,11,85,Middle,0,Slow,1,2.0,7.0,5.0,108
1069,11,85,Middle,1,Slow,2,2.0,5.0,3.0,105
1070,11,86,Middle,0,Slow,2,2.0,7.0,5.0,107
1071,11,87,Middle,3,Shigh,4,4.199999999999999,7.0,2.8000000000000007,66
1072,11,88,Middle,2,Slow,2,2.0,7.0,5.0,111
1073,11,89,Middle,3,Shigh,1,4.199999999999999,7.0,2.8000000000000007,65
1074,11,90,Rich,3,Shigh,0,4.199999999999999,10.0,5.800000000000001,64
1075,11,90,Rich,0,Slow,1,2.0,5.800000000000001,3.8000000000000007,106
1076,11,91,Rich,0,Slow,4,2.0,10.0,8.0,105
1077,11,92,Rich,0,Slow,2,2.0,10.0,8.0,104
1078,11,92,Rich,1,Slow,4,2.0,8.0,6.0,104
1079,11,93,Rich,4,Shigh,0,6.0,10.0,4.0,67
1080,11,93,Rich,1,Slow,2,2.0,4.0,2.0,103
1081,11,94,Rich,4,Shigh,4,6.0,10.0,4.0,66
1082,11,95,Rich,1,Slow,4,2.0,10.0,8.0,102
1083,11,96,Rich,0,Slow,2,2.0,10.0,8.0,103
1084,11,97,Rich,0,Slow,4,2.0,10.0,8.0,102
1085,11,98,Rich,3,Shigh,3,4.199999999999999,10.0,5.800000000000001,63
1086,12,0,Poor,1,Slow,0,2.0,3.0,1.0,129
1087,12,2,Poor,1,Slow,2,2.0,3.0,1.0,128
1088,12,3,Poor,1,Slow,2,2.0,3.0,1.0,127
1089,12,4,Poor,2,Slow,2,2.0,3.0,1.0,129
1090,12,5,Poor,0,Slow,0,1.4,3.0,1.6,129
1091,12,7,Poor,2,Slow,2,2.0,3.0,1.0,128
1092,12,10,Poor,1,Slow,1,2.0,3.0,1.0,126
1093,12,11,Poor,1,Slow,1,2.0,3.0,1.0,125
1094,12,12,Poor,1,Slow,3,2.0,3.0,1.0,124
1095,12,13,Poor,2,Slow,0,2.0,3.0,1.0,127
1096,12,14,Poor,0,Slow,1,1.4,3.0,1.6,128
1097,12,15,Poor,1,Slow,0,2.0,3.0,1.0,123
1098,12,16,Poor,2,Slow,2,2.0,3.0,1.0,126
1099,12,17,Poor,1,Slow,2,2.0,3.0,1.0,122
1100,12,18,Poor,1,Slow,1,2.0,3.0,1.0,121
1101,12,19,Poor,2,Slow,3,2.0,3.0,1.0,125
1102,12,20,Poor,0,Slow,4,1.4,3.0,1.6,127
1103,12,21,Poor,2,Slow,1,2.0,3.0,1.0,124
1104,12,22,Poor,1,Slow,2,2.0,3.0,1.0,120
1105,12,23,Poor,0,Slow,0,1.4,3.0,1.6,126
1106,12,24,Poor,1,Slow,4,2.0,3.0,1.0,119
1107,12,25,Poor,1,Slow,0,2.0,3.0,1.0,118
1108,12,27,Poor,0,Slow,4,1.4,3.0,1.6,125
1109,12,28,Poor,0,Slow,0,1.4,3.0,1.6,124
1110,12,29,Poor,0,Slow,2,1.4,3.0,1.6,123
1111,12,30,Poor,0,Slow,4,1.4,3.0,1.6,122
1112,12,31,Poor,2,Slow,1,2.0,3.0,1.0,123
1113,12,32,Poor,0,Slow,2,1.4,3.0,1.6,121
1114,12,33,Poor,2,Slow,2,2.0,3.0,1.0,122
1115,12,34,Poor,1,Slow,3,2.0,3.0,1.0,117
1116,12,37,Poor,2,Slow,0,2.0,3.0,1.0,121
1117,12,41,Poor,2,Slow,2,2.0,3.0,1.0,120
1118,12,43,Poor,0,Slow,2,1.4,3.0,1.6,120
1119,12,44,Poor,1,Slow,1,2.0,3.0,1.0,116
1120,12,45,Poor,0,Slow,4,1.4,3.0,1.6,119
1121,12,47,Poor,0,Slow,3,1.4,3.0,1.6,118
1122,12,48,Poor,2,Slow,1,2.0,3.0,1.0,119
1123,12,49,Poor,1,Slow,0,2.0,3.0,1.0,115
1124,12,51,Poor,2,Slow,3,2.0,3.0,1.0,118
1125,12,52,Poor,1,Slow,0,2.0,3.0,1.0,114
1126,12,53,Poor,2,Slow,0,2.0,3.0,1.0,117
1127,12,54,Poor,2,Slow,1,2.0,3.0,1.0,116
1128,12,55,Poor,1,Slow,3,2.0,3.0,1.0,113
1129,12,56,Poor,2,Slow,0,2.0,3.0,1.0,115
1130,12,58,Poor,1,Slow,3,2.0,3.0,1.0,112
1131,12,59,Poor,0,Slow,2,1.4,3.0,1.6,117
1132,12,60,Poor,0,Slow,3,1.4,3.0,1.6,116
1133,12,61,Poor,1,Slow,4,2.0,3.0,1.0,111
1134,12,62,Poor,1,Slow,0,2.0,3.0,1.0,110
1135,12,63,Poor,0,Slow,0,1.4,3.0,1.6,115
1136,12,64,Poor,1,Slow,0,2.0,3.0,1.0,109
1137,12,65,Poor,0,Slow,4,1.4,3.0,1.6,114
1138,12,66,Poor,0,Slow,1,1.4,3.0,1.6,113
1139,12,69,Poor,2,Slow,3,2.0,3.0,1.0,114
1140,12,71,Middle,3,Shigh,2,6.0,7.0,1.0,69
1141,12,72,Middle,0,Slow,0,1.4,7.0,5.6,112
1142,12,72,Middle,1,Slow,1,2.0,5.6,3.5999999999999996,108
1143,12,73,Middle,2,Slow,0,2.0,7.0,5.0,113
1144,12,73,Middle,0,Slow,4,1.4,5.0,3.6,111
1145,12,74,Middle,3,Shigh,3,6.0,7.0,1.0,68
1146,12,76,Middle,1,Slow,2,2.0,7.0,5.0,107
1147,12,76,Middle,0,Slow,3,1.4,5.0,3.6,110
1148,12,78,Middle,0,Slow,1,1.4,7.0,5.6,109
1149,12,78,Middle,1,Slow,4,2.0,5.6,3.5999999999999996,106
1150,12,80,Middle,3,Shigh,2,6.0,7.0,1.0,67
1151,12,81,Middle,4,Shigh,2,6.0,7.0,1.0,69
1152,12,84,Middle,1,Slow,0,2.0,7.0,5.0,105
1153,12,85,Middle,1,Slow,1,2.0,7.0,5.0,104
1154,12,85,Middle,2,Slow,2,2.0,5.0,3.0,112
1155,12,86,Middle,1,Slow,2,2.0,7.0,5.0,103
1156,12,86,Middle,0,Slow,3,1.4,5.0,3.6,108
1157,12,87,Middle,0,Slow,2,1.4,7.0,5.6,107
1158,12,88,Middle,4,Shigh,0,6.0,7.0,1.0,68
1159,12,91,Rich,2,Slow,2,2.0,10.0,8.0,111
1160,12,91,Rich,1,Slow,4,2.0,8.0,6.0,102
1161,12,92,Rich,0,Slow,1,1.4,10.0,8.6,106
1162,12,92,Rich,3,Shigh,2,6.0,8.6,2.5999999999999996,66
1163,12,93,Rich,1,Slow,0,2.0,10.0,8.0,101
1164,12,93,Rich,0,Slow,3,1.4,8.0,6.6,105
1165,12,94,Rich,3,Shigh,1,6.0,10.0,4.0,65
1166,12,94,Rich,1,Slow,2,2.0,4.0,2.0,100
1167,12,95,Rich,3,Shigh,3,6.0,10.0,4.0,64
1168,12,95,Rich,1,Slow,4,2.0,4.0,2.0,99
1169,12,96,Rich,2,Slow,1,2.0,10.0,8.0,110
1170,12,97,Rich,1,Slow,0,2.0,10.0,8.0,98
1171,12,99,Rich,0,Slow,3,1.4,10.0,8.6,104
1172,12,99,Rich,3,Shigh,4,6.0,8.6,2.5999999999999996,63
1173,13,0,Poor,0,Slow,1,2.0,3.0,1.0,129
1174,13,1,Poor,1,Slow,1,2.0,3.0,1.0,129
1175,13,3,Poor,1,Slow,3,2.0,3.0,1.0,128
1176,13,4,Poor,1,Slow,0,2.0,3.0,1.0,127
1177,13,5,Poor,0,Slow,2,2.0,3.0,1.0,128
1178,13,6,Poor,1,Slow,1,2.0,3.0,1.0,126
1179,13,7,Poor,2,Slow,4,2.0,3.0,1.0,129
1180,13,8,Poor,0,Slow,2,2.0,3.0,1.0,127
1181,13,9,Poor,1,Slow,2,2.0,3.0,1.0,125
1182,13,12,Poor,0,Slow,2,2.0,3.0,1.0,126
1183,13,13,Poor,0,Slow,1,2.0,3.0,1.0,125
1184,13,15,Poor,0,Slow,0,2.0,3.0,1.0,124
1185,13,17,Poor,2,Slow,2,2.0,3.0,1.0,128
1186,13,18,Poor,0,Slow,1,2.0,3.0,1.0,123
1187,13,19,Poor,1,Slow,1,2.0,3.0,1.0,124
1188,13,20,Poor,2,Slow,4,2.0,3.0,1.0,127
1189,13,21,Poor,1,Slow,1,2.0,3.0,1.0,123
1190,13,22,Poor,0,Slow,1,2.0,3.0,1.0,122
1191,13,23,Poor,1,Slow,0,2.0,3.0,1.0,122
1192,13,24,Poor,2,Slow,0,2.0,3.0,1.0,126
1193,13,25,Poor,0,Slow,2,2.0,3.0,1.0,121
1194,13,26,Poor,1,Slow,3,2.0,3.0,1.0,121
1195,13,28,Poor,0,Slow,0,2.0,3.0,1.0,120
1196,13,30,Poor,0,Slow,3,2.0,3.0,1.0,119
1197,13,31,Poor,1,Slow,4,2.0,3.0,1.0,120
1198,13,32,Poor,2,Slow,0,2.0,3.0,1.0,125
1199,13,33,Poor,1,Slow,1,2.0,3.0,1.0,119
1200,13,34,Poor,0,Slow,0,2.0,3.0,1.0,118
1201,13,36,Poor,1,Slow,4,2.0,3.0,1.0,118
1202,13,37,Poor,1,Slow,3,2.0,3.0,1.0,117
1203,13,39,Poor,1,Slow,0,2.0,3.0,1.0,116
1204,13,41,Poor,1,Slow,2,2.0,3.0,1.0,115
1205,13,42,Poor,2,Slow,1,2.0,3.0,1.0,124
1206,13,44,Poor,1,Slow,0,2.0,3.0,1.0,114
1207,13,45,Poor,0,Slow,2,2.0,3.0,1.0,117
1208,13,46,Poor,0,Slow,0,2.0,3.0,1.0,116
1209,13,48,Poor,2,Slow,1,2.0,3.0,1.0,123
1210,13,49,Poor,1,Slow,0,2.0,3.0,1.0,113
1211,13,50,Poor,2,Slow,2,2.0,3.0,1.0,122
1212,13,51,Poor,2,Slow,3,2.0,3.0,1.0,121
1213,13,54,Poor,1,Slow,0,2.0,3.0,1.0,112
1214,13,55,Poor,0,Slow,0,2.0,3.0,1.0,115
1215,13,57,Poor,1,Slow,4,2.0,3.0,1.0,111
1216,13,58,Poor,2,Slow,4,2.0,3.0,1.0,120
1217,13,59,Poor,2,Slow,0,2.0,3.0,1.0,119
1218,13,60,Poor,1,Slow,0,2.0,3.0,1.0,110
1219,13,61,Poor,1,Slow,2,2.0,3.0,1.0,109
1220,13,63,Poor,2,Slow,0,2.0,3.0,1.0,118
1221,13,64,Poor,0,Slow,3,2.0,3.0,1.0,114
1222,13,66,Poor,1,Slow,0,2.0,3.0,1.0,108
1223,13,71,Middle,0,Slow,1,2.0,7.0,5.0,113
1224,13,73,Middle,2,Slow,2,2.0,7.0,5.0,117
1225,13,75,Middle,1,Slow,1,2.0,7.0,5.0,107
1226,13,77,Middle,1,Slow,0,2.0,7.0,5.0,106
1227,13,77,Middle,0,Slow,1,2.0,5.0,3.0,112
1228,13,78,Middle,0,Slow,0,2.0,7.0,5.0,111
1229,13,79,Middle,3,Shigh,2,6.0,7.0,1.0,69
1230,13,80,Middle,4,Shigh,3,6.0,7.0,1.0,69
1231,13,82,Middle,3,Shigh,0,6.0,7.0,1.0,68
1232,13,85,Middle,0,Slow,0,2.0,7.0,5.0,110
1233,13,85,Middle,1,Slow,2,2.0,5.0,3.0,105
1234,13,87,Middle,2,Slow,0,2.0,7.0,5.0,116
1235,13,88,Middle,0,Slow,0,2.0,7.0,5.0,109
1236,13,89,Middle,3,Shigh,2,6.0,7.0,1.0,67
1237,13,90,Rich,0,Slow,2,2.0,10.0,8.0,108
1238,13,90,Rich,2,Slow,3,2.0,8.0,6.0,115
1239,13,91,Rich,1,Slow,0,2.0,10.0,8.0,104
1240,13,91,Rich,3,Shigh,1,6.0,8.0,2.0,66
1241,13,92,Rich,2,Slow,1,2.0,10.0,8.0,114
1242,13,92,Rich,1,Slow,2,2.0,8.0,6.0,103
1243,13,92,Rich,0,Slow,4,2.0,6.0,4.0,107
1244,13,94,Rich,0,Slow,3,2.0,10.0,8.0,106
1245,13,95,Rich,2,Slow,0,2.0,10.0,8.0,113
1246,13,95,Rich,0,Slow,3,2.0,8.0,6.0,105
1247,13,96,Rich,4,Shigh,3,6.0,10.0,4.0,68
1248,13,96,Rich,0,Slow,4,2.0,4.0,2.0,104
1249,13,97,Rich,4,Shigh,0,6.0,10.0,4.0,67
1250,13,97,Rich,1,Slow,3,2.0,4.0,2.0,102
1251,13,97,Rich,2,Slow,4,2.0,2.0,0.0,112
1252,13,98,Rich,3,Shigh,0,6.0,10.0,4.0,65
1253,13,98,Rich,1,Slow,3,2.0,4.0,2.0,101
1254,13,98,Rich,0,Slow,4,2.0,2.0,0.0,103
1255,13,99,Rich,0,Slow,3,2.0,10.0,8.0,102
1256,14,0,Poor,0,Slow,0,2.0,3.0,1.0,129
1257,14,2,Poor,0,Slow,0,2.0,3.0,1.0,128
1258,14,3,Poor,0,Slow,2,2.0,3.0,1.0,127
1259,14,4,Poor,2,Slow,3,2.0,3.0,1.0,129
1260,14,6,Poor,1,Slow,2,2.0,3.0,1.0,129
1261,14,7,Poor,2,Slow,2,2.0,3.0,1.0,128
1262,14,8,Poor,1,Slow,4,2.0,3.0,1.0,128
1263,14,9,Poor,1,Slow,0,2.0,3.0,1.0,127
1264,14,10,Poor,1,Slow,3,2.0,3.0,1.0,126
1265,14,11,Poor,0,Slow,4,2.0,3.0,1.0,126
1266,14,12,Poor,2,Slow,1,2.0,3.0,1.0,127
1267,14,13,Poor,2,Slow,0,2.0,3.0,1.0,126
1268,14,16,Poor,1,Slow,0,2.0,3.0,1.0,125
1269,14,17,Poor,1,Slow,0,2.0,3.0,1.0,124
1270,14,18,Poor,1,Slow,1,2.0,3.0,1.0,123
1271,14,19,Poor,1,Slow,3,2.0,3.0,1.0,122
1272,14,20,Poor,1,Slow,0,2.0,3.0,1.0,121
1273,14,22,Poor,2,Slow,3,2.0,3.0,1.0,125
1274,14,23,Poor,1,Slow,4,2.0,3.0,1.0,120
1275,14,24,Poor,1,Slow,1,2.0,3.0,1.0,119
1276,14,25,Poor,0,Slow,2,2.0,3.0,1.0,125
1277,14,28,Poor,2,Slow,1,2.0,3.0,1.0,124
1278,14,29,Poor,1,Slow,2,2.0,3.0,1.0,118
1279,14,31,Poor,1,Slow,3,2.0,3.0,1.0,117
1280,14,32,Poor,1,Slow,3,2.0,3.0,1.0,116
1281,14,33,Poor,1,Slow,2,2.0,3.0,1.0,115
1282,14,34,Poor,1,Slow,1,2.0,3.0,1.0,114
1283,14,36,Poor,2,Slow,4,2.0,3.0,1.0,123
1284,14,37,Poor,2,Slow,2,2.0,3.0,1.0,122
1285,14,39,Poor,1,Slow,0,2.0,3.0,1.0,113
1286,14,42,Poor,1,Slow,1,2.0,3.0,1.0,112
1287,14,43,Poor,1,Slow,4,2.0,3.0,1.0,111
1288,14,44,Poor,1,Slow,0,2.0,3.0,1.0,110
1289,14,46,Poor,0,Slow,3,2.0,3.0,1.0,124
1290,14,47,Poor,0,Slow,0,2.0,3.0,1.0,123
1291,14,48,Poor,1,Slow,3,2.0,3.0,1.0,109
1292,14,49,Poor,2,Slow,4,2.0,3.0,1.0,121
1293,14,50,Poor,2,Slow,1,2.0,3.0,1.0,120
1294,14,51,Poor,1,Slow,0,2.0,3.0,1.0,108
1295,14,52,Poor,0,Slow,0,2.0,3.0,1.0,122
1296,14,54,Poor,1,Slow,1,2.0,3.0,1.0,107
1297,14,56,Poor,0,Slow,1,2.0,3.0,1.0,121
1298,14,58,Poor,0,Slow,2,2.0,3.0,1.0,120
1299,14,60,Poor,1,Slow,2,2.0,3.0,1.0,106
1300,14,61,Poor,1,Slow,1,2.0,3.0,1.0,105
1301,14,65,Poor,1,Slow,3,2.0,3.0,1.0,104
1302,14,66,Poor,1,Slow,1,2.0,3.0,1.0,103
1303,14,67,Poor,1,Slow,0,2.0,3.0,1.0,102
1304,14,70,Middle,0,Slow,0,2.0,7.0,5.0,119
1305,14,70,Middle,1,Slow,1,2.0,5.0,3.0,101
1306,14,71,Middle,0,Slow,0,2.0,7.0,5.0,118
1307,14,71,Middle,1,Slow,2,2.0,5.0,3.0,100
1308,14,72,Middle,0,Slow,0,2.0,7.0,5.0,117
1309,14,72,Middle,1,Slow,4,2.0,5.0,3.0,99
1310,14,73,Middle,2,Slow,0,2.0,7.0,5.0,119
1311,14,73,Middle,1,Slow,1,2.0,5.0,3.0,98
1312,14,74,Middle,4,Shigh,0,6.0,7.0,1.0,69
1313,14,75,Middle,2,Slow,3,2.0,7.0,5.0,118
1314,14,76,Middle,3,Shigh,0,6.0,7.0,1.0,69
1315,14,77,Middle,1,Slow,2,2.0,7.0,5.0,97
1316,14,78,Middle,4,Shigh,0,6.0,7.0,1.0,68
1317,14,79,Middle,0,Slow,2,2.0,7.0,5.0,116
1318,14,79,Middle,2,Slow,4,2.0,5.0,3.0,117
1319,14,80,Middle,4,Shigh,2,6.0,7.0,1.0,67
1320,14,81,Middle,4,Shigh,2,6.0,7.0,1.0,66
1321,14,82,Middle,4,Shigh,0,6.0,7.0,1.0,65
1322,14,83,Middle,1,Slow,0,2.0,7.0,5.0,96
1323,14,84,Middle,0,Slow,0,2.0,7.0,5.0,115
1324,14,84,Middle,1,Slow,2,2.0,5.0,3.0,95
1325,14,85,Middle,0,Slow,0,2.0,7.0,5.0,114
1326,14,86,Middle,0,Slow,3,2.0,7.0,5.0,113
1327,14,88,Middle,4,Shigh,1,6.0,7.0,1.0,64
1328,14,89,Middle,0,Slow,0,2.0,7.0,5.0,112
1329,14,89,Middle,2,Slow,3,2.0,5.0,3.0,116
1330,14,89,Middle,1,Slow,4,2.0,3.0,1.0,94
1331,14,90,Rich,2,Slow,0,2.0,10.0,8.0,115
1332,14,90,Rich,3,Shigh,3,6.0,8.0,2.0,68
1333,14,90,Rich,0,Slow,4,2.0,2.0,0.0,111
1334,14,91,Rich,4,Shigh,2,6.0,10.0,4.0,63
1335,14,91,Rich,1,Slow,3,2.0,4.0,2.0,93
1336,14,93,Rich,4,Shigh,0,6.0,10.0,4.0,62
1337,14,93,Rich,2,Slow,4,2.0,4.0,2.0,114
1338,14,94,Rich,3,Shigh,0,6.0,10.0,4.0,67
1339,14,94,Rich,0,Slow,1,2.0,4.0,2.0,110
1340,14,95,Rich,4,Shigh,1,6.0,10.0,4.0,61
1341,14,96,Rich,2,Slow,0,2.0,10.0,8.0,113
1342,14,96,Rich,1,Slow,1,2.0,8.0,6.0,92
1343,14,97,Rich,2,Slow,0,2.0,10.0,8.0,112
1344,14,98,Rich,1,Slow,3,2.0,10.0,8.0,91
1345,15,0,Poor,2,Slow,0,2.0,3.0,1.0,129
1346,15,2,Poor,0,Slow,1,2.0,3.0,1.0,129
1347,15,6,Poor,1,Slow,3,2.0,3.0,1.0,129
1348,15,7,Poor,2,Slow,1,2.0,3.0,1.0,128
1349,15,8,Poor,2,Slow,0,2.0,3.0,1.0,127
1350,15,9,Poor,1,Slow,3,2.0,3.0,1.0,128
1351,15,10,Poor,1,Slow,2,2.0,3.0,1.0,127
1352,15,11,Poor,1,Slow,0,2.0,3.0,1.0,126
1353,15,12,Poor,1,Slow,4,2.0,3.0,1.0,125
1354,15,14,Poor,1,Slow,0,2.0,3.0,1.0,124
1355,15,16,Poor,2,Slow,2,2.0,3.0,1.0,126
1356,15,17,Poor,1,Slow,1,2.0,3.0,1.0,123
1357,15,18,Poor,1,Slow,1,2.0,3.0,1.0,122
1358,15,19,Poor,1,Slow,0,2.0,3.0,1.0,121
1359,15,20,Poor,0,Slow,4,2.0,3.0,1.0,128
1360,15,21,Poor,1,Slow,2,2.0,3.0,1.0,120
1361,15,22,Poor,0,Slow,3,2.0,3.0,1.0,127
1362,15,24,Poor,0,Slow,0,2.0,3.0,1.0,126
1363,15,26,Poor,2,Slow,2,2.0,3.0,1.0,125
1364,15,27,Poor,1,Slow,3,2.0,3.0,1.0,119
1365,15,29,Poor,0,Slow,0,2.0,3.0,1.0,125
1366,15,31,Poor,1,Slow,4,2.0,3.0,1.0,118
1367,15,33,Poor,1,Slow,1,2.0,3.0,1.0,117
1368,15,36,Poor,1,Slow,3,2.0,3.0,1.0,116
1369,15,37,Poor,1,Slow,2,2.0,3.0,1.0,115
1370,15,39,Poor,1,Slow,0,2.0,3.0,1.0,114
1371,15,40,Poor,0,Slow,1,2.0,3.0,1.0,124
1372,15,41,Poor,0,Slow,0,2.0,3.0,1.0,123
1373,15,42,Poor,2,Slow,0,2.0,3.0,1.0,124
1374,15,44,Poor,1,Slow,4,2.0,3.0,1.0,113
1375,15,46,Poor,1,Slow,0,2.0,3.0,1.0,112
1376,15,47,Poor,0,Slow,2,2.0,3.0,1.0,122
1377,15,49,Poor,0,Slow,3,2.0,3.0,1.0,121
1378,15,50,Poor,0,Slow,1,2.0,3.0,1.0,120
1379,15,51,Poor,1,Slow,2,2.0,3.0,1.0,111
1380,15,53,Poor,2,Slow,1,2.0,3.0,1.0,123
1381,15,55,Poor,0,Slow,4,2.0,3.0,1.0,119
1382,15,56,Poor,0,Slow,2,2.0,3.0,1.0,118
1383,15,58,Poor,0,Slow,3,2.0,3.0,1.0,117
1384,15,62,Poor,2,Slow,2,2.0,3.0,1.0,122
1385,15,63,Poor,0,Slow,1,2.0,3.0,1.0,116
1386,15,65,Poor,0,Slow,4,2.0,3.0,1.0,115
1387,15,68,Poor,2,Slow,1,2.0,3.0,1.0,121
1388,15,70,Middle,0,Slow,0,2.0,7.0,5.0,114
1389,15,71,Middle,1,Slow,0,2.0,7.0,5.0,110
1390,15,71,Middle,2,Slow,1,2.0,5.0,3.0,120
1391,15,72,Middle,2,Slow,1,2.0,7.0,5.0,119
1392,15,73,Middle,0,Slow,0,2.0,7.0,5.0,113
1393,15,74,Middle,1,Slow,2,2.0,7.0,5.0,109
1394,15,75,Middle,0,Slow,0,2.0,7.0,5.0,112
1395,15,76,Middle,2,Slow,0,2.0,7.0,5.0,118
1396,15,76,Middle,1,Slow,3,2.0,5.0,3.0,108
1397,15,77,Middle,0,Slow,1,2.0,7.0,5.0,111
1398,15,78,Middle,1,Slow,0,2.0,7.0,5.0,107
1399,15,78,Middle,0,Slow,3,2.0,5.0,3.0,110
1400,15,78,Middle,2,Slow,4,2.0,3.0,1.0,117
1401,15,79,Middle,0,Slow,4,2.0,7.0,5.0,109
1402,15,80,Middle,0,Slow,0,2.0,7.0,5.0,108
1403,15,80,Middle,1,Slow,2,2.0,5.0,3.0,106
1404,15,81,Middle,0,Slow,0,2.0,7.0,5.0,107
1405,15,81,Middle,1,Slow,3,2.0,5.0,3.0,105
1406,15,82,Middle,1,Slow,4,2.0,7.0,5.0,104
1407,15,83,Middle,4,Shigh,3,6.0,7.0,1.0,69
1408,15,84,Middle,0,Slow,1,2.0,7.0,5.0,106
1409,15,84,Middle,2,Slow,3,2.0,5.0,3.0,116
1410,15,85,Middle,2,Slow,2,2.0,7.0,5.0,115
1411,15,86,Middle,3,Shigh,0,6.0,7.0,1.0,69
1412,15,87,Middle,1,Slow,4,2.0,7.0,5.0,103
1413,15,88,Middle,3,Shigh,2,6.0,7.0,1.0,68
1414,15,89,Middle,3,Shigh,0,6.0,7.0,1.0,67
1415,15,90,Rich,2,Slow,0,2.0,10.0,8.0,114
1416,15,90,Rich,0,Slow,2,2.0,8.0,6.0,105
1417,15,90,Rich,3,Shigh,4,6.0,6.0,0.0,66
1418,15,91,Rich,2,Slow,0,2.0,10.0,8.0,113
1419,15,92,Rich,1,Slow,2,2.0,10.0,8.0,102
1420,15,92,Rich,3,Shigh,3,6.0,8.0,2.0,65
1421,15,93,Rich,0,Slow,0,2.0,10.0,8.0,104
1422,15,94,Rich,3,Shigh,0,6.0,10.0,4.0,64
1423,15,94,Rich,0,Slow,4,2.0,4.0,2.0,103
1424,15,95,Rich,4,Shigh,3,6.0,10.0,4.0,68
1425,15,96,Rich,2,Slow,1,2.0,10.0,8.0,112
1426,15,96,Rich,1,Slow,4,2.0,8.0,6.0,101
1427,15,97,Rich,2,Slow,1,2.0,10.0,8.0,111
1428,15,97,Rich,1,Slow,4,2.0,8.0,6.0,100
1429,15,98,Rich,2,Slow,2,2.0,10.0,8.0,110
1430,15,98,Rich,1,Slow,3,2.0,8.0,6.0,99
1431,15,99,Rich,3,Shigh,0,6.0,10.0,4.0,63
1432,16,0,Poor,0,Slow,1,2.0,3.0,1.0,129
1433,16,3,Poor,0,Slow,0,2.0,3.0,1.0,128
1434,16,6,Poor,2,Slow,1,2.0,3.0,1.0,129
1435,16,7,Poor,1,Slow,2,2.0,3.0,1.0,129
1436,16,8,Poor,2,Slow,0,2.0,3.0,1.0,128
1437,16,9,Poor,0,Slow,1,2.0,3.0,1.0,127
1438,16,10,Poor,1,Slow,0,2.0,3.0,1.0,128
1439,16,11,Poor,2,Slow,1,2.0,3.0,1.0,127
1440,16,13,Poor,0,Slow,0,2.0,3.0,1.0,126
1441,16,14,Poor,1,Slow,2,2.0,3.0,1.0,127
1442,16,15,Poor,1,Slow,2,2.0,3.0,1.0,126
1443,16,17,Poor,1,Slow,2,2.0,3.0,1.0,125
1444,16,18,Poor,1,Slow,3,2.0,3.0,1.0,124
1445,16,19,Poor,0,Slow,0,2.0,3.0,1.0,125
1446,16,20,Poor,1,Slow,0,2.0,3.0,1.0,123
1447,16,22,Poor,1,Slow,0,2.0,3.0,1.0,122
1448,16,23,Poor,1,Slow,3,2.0,3.0,1.0,121
1449,16,24,Poor,2,Slow,1,2.0,3.0,1.0,126
1450,16,25,Poor,0,Slow,4,2.0,3.0,1.0,124
1451,16,26,Poor,1,Slow,4,2.0,3.0,1.0,120
1452,16,29,Poor,1,Slow,4,2.0,3.0,1.0,119
1453,16,30,Poor,2,Slow,1,2.0,3.0,1.0,125
1454,16,35,Poor,1,Slow,2,2.0,3.0,1.0,118
1455,16,38,Poor,2,Slow,0,2.0,3.0,1.0,124
1456,16,40,Poor,1,Slow,1,2.0,3.0,1.0,117
1457,16,41,Poor,0,Slow,2,2.0,3.0,1.0,123
1458,16,42,Poor,0,Slow,1,2.0,3.0,1.0,122
1459,16,44,Poor,1,Slow,1,2.0,3.0,1.0,116
1460,16,45,Poor,0,Slow,0,2.0,3.0,1.0,121
1461,16,46,Poor,1,Slow,0,2.0,3.0,1.0,115
1462,16,47,Poor,0,Slow,4,2.0,3.0,1.0,120
1463,16,48,Poor,2,Slow,0,2.0,3.0,1.0,123
1464,16,49,Poor,0,Slow,0,2.0,3.0,1.0,119
1465,16,50,Poor,0,Slow,1,2.0,3.0,1.0,118
1466,16,53,Poor,1,Slow,4,2.0,3.0,1.0,114
1467,16,56,Poor,1,Slow,0,2.0,3.0,1.0,113
1468,16,57,Poor,2,Slow,0,2.0,3.0,1.0,122
1469,16,58,Poor,1,Slow,1,2.0,3.0,1.0,112
1470,16,59,Poor,1,Slow,1,2.0,3.0,1.0,111
1471,16,60,Poor,0,Slow,0,2.0,3.0,1.0,117
1472,16,63,Poor,1,Slow,2,2.0,3.0,1.0,110
1473,16,65,Poor,2,Slow,0,2.0,3.0,1.0,121
1474,16,66,Poor,0,Slow,3,2.0,3.0,1.0,116
1475,16,68,Poor,2,Slow,0,2.0,3.0,1.0,120
1476,16,69,Poor,1,Slow,1,2.0,3.0,1.0,109
1477,16,70,Middle,1,Slow,0,2.0,7.0,5.0,108
1478,16,70,Middle,0,Slow,2,2.0,5.0,3.0,115
1479,16,71,Middle,0,Slow,1,2.0,7.0,5.0,114
1480,16,71,Middle,1,Slow,2,2.0,5.0,3.0,107
1481,16,72,Middle,2,Slow,3,2.0,7.0,5.0,119
1482,16,73,Middle,3,Shigh,0,6.0,7.0,1.0,69
1483,16,75,Middle,3,Shigh,3,6.0,7.0,1.0,68
1484,16,76,Middle,4,Shigh,1,6.0,7.0,1.0,69
1485,16,77,Middle,2,Slow,1,2.0,7.0,5.0,118
1486,16,77,Middle,1,Slow,4,2.0,5.0,3.0,106
1487,16,78,Middle,3,Shigh,1,6.0,7.0,1.0,67
1488,16,79,Middle,0,Slow,0,2.0,7.0,5.0,113
1489,16,79,Middle,1,Slow,1,2.0,5.0,3.0,105
1490,16,79,Middle,2,Slow,4,2.0,3.0,1.0,117
1491,16,80,Middle,0,Slow,0,2.0,7.0,5.0,112
1492,16,80,Middle,2,Slow,1,2.0,5.0,3.0,116
1493,16,81,Middle,4,Shigh,0,6.0,7.0,1.0,68
1494,16,82,Middle,4,Shigh,3,6.0,7.0,1.0,67
1495,16,83,Middle,1,Slow,4,2.0,7.0,5.0,104
1496,16,84,Middle,1,Slow,3,2.0,7.0,5.0,103
1497,16,85,Middle,0,Slow,0,2.0,7.0,5.0,111
1498,16,85,Middle,2,Slow,3,2.0,5.0,3.0,115
1499,16,86,Middle,2,Slow,3,2.0,7.0,5.0,114
1500,16,86,Middle,0,Slow,4,2.0,5.0,3.0,110
1501,16,87,Middle,4,Shigh,0,6.0,7.0,1.0,66
1502,16,89,Middle,4,Shigh,2,6.0,7.0,1.0,65
1503,16,90,Rich,1,Slow,2,2.0,10.0,8.0,102
1504,16,90,Rich,2,Slow,3,2.0,8.0,6.0,113
1505,16,90,Rich,0,Slow,4,2.0,6.0,4.0,109
1506,16,91,Rich,1,Slow,0,2.0,10.0,8.0,101
1507,16,91,Rich,4,Shigh,4,6.0,8.0,2.0,64
1508,16,92,Rich,0,Slow,3,2.0,10.0,8.0,108
1509,16,92,Rich,2,Slow,4,2.0,8.0,6.0,112
1510,16,93,Rich,0,Slow,0,2.0,10.0,8.0,107
1511,16,93,Rich,2,Slow,3,2.0,8.0,6.0,111
1512,16,94,Rich,2,Slow,2,2.0,10.0,8.0,110
1513,16,94,Rich,1,Slow,4,2.0,8.0,6.0,100
1514,16,95,Rich,3,Shigh,0,6.0,10.0,4.0,66
1515,16,96,Rich,0,Slow,3,2.0,10.0,8.0,106
1516,16,97,Rich,3,Shigh,0,6.0,10.0,4.0,65
1517,16,97,Rich,2,Slow,1,2.0,4.0,2.0,109
1518,16,98,Rich,4,Shigh,1,6.0,10.0,4.0,63
1519,16,98,Rich,0,Slow,4,2.0,4.0,2.0,105
1520,16,99,Rich,4,Shigh,0,6.0,10.0,4.0,62
1521,16,99,Rich,1,Slow,2,2.0,4.0,2.0,99
1522,17,0,Poor,2,Slow,2,2.0,3.0,1.0,129
1523,17,1,Poor,1,Slow,4,2.0,3.0,1.0,129
1524,17,2,Poor,1,Slow,3,2.0,3.0,1.0,128
1525,17,4,Poor,2,Slow,1,2.0,3.0,1.0,128
1526,17,6,Poor,1,Slow,1,2.0,3.0,1.0,127
1527,17,7,Poor,0,Slow,0,2.0,3.0,1.0,129
1528,17,8,Poor,1,Slow,0,2.0,3.0,1.0,126
1529,17,9,Poor,2,Slow,2,2.0,3.0,1.0,127
1530,17,12,Poor,1,Slow,1,2.0,3.0,1.0,125
1531,17,13,Poor,2,Slow,1,2.0,3.0,1.0,126
1532,17,14,Poor,0,Slow,2,2.0,3.0,1.0,128
1533,17,15,Poor,2,Slow,1,2.0,3.0,1.0,125
1534,17,16,Poor,1,Slow,3,2.0,3.0,1.0,124
1535,17,17,Poor,2,Slow,4,2.0,3.0,1.0,124
1536,17,18,Poor,2,Slow,0,2.0,3.0,1.0,123
1537,17,19,Poor,0,Slow,3,2.0,3.0,1.0,127
1538,17,20,Poor,0,Slow,0,2.0,3.0,1.0,126
1539,17,21,Poor,2,Slow,0,2.0,3.0,1.0,122
1540,17,24,Poor,1,Slow,4,2.0,3.0,1.0,123
1541,17,26,Poor,0,Slow,0,2.0,3.0,1.0,125
1542,17,29,Poor,2,Slow,0,2.0,3.0,1.0,121
1543,17,31,Poor,1,Slow,1,2.0,3.0,1.0,122
1544,17,33,Poor,1,Slow,1,2.0,3.0,1.0,121
1545,17,34,Poor,1,Slow,3,2.0,3.0,1.0,120
1546,17,35,Poor,1,Slow,1,2.0,3.0,1.0,119
1547,17,36,Poor,2,Slow,2,2.0,3.0,1.0,120
1548,17,37,Poor,1,Slow,2,2.0,3.0,1.0,118
1549,17,39,Poor,1,Slow,2,2.0,3.0,1.0,117
1550,17,40,Poor,0,Slow,4,2.0,3.0,1.0,124
1551,17,41,Poor,1,Slow,0,2.0,3.0,1.0,116
1552,17,42,Poor,1,Slow,2,2.0,3.0,1.0,115
1553,17,43,Poor,0,Slow,3,2.0,3.0,1.0,123
1554,17,44,Poor,0,Slow,4,2.0,3.0,1.0,122
1555,17,45,Poor,1,Slow,2,2.0,3.0,1.0,114
1556,17,46,Poor,1,Slow,0,2.0,3.0,1.0,113
1557,17,47,Poor,0,Slow,4,2.0,3.0,1.0,121
1558,17,49,Poor,1,Slow,1,2.0,3.0,1.0,112
1559,17,50,Poor,0,Slow,0,2.0,3.0,1.0,120
1560,17,51,Poor,0,Slow,1,2.0,3.0,1.0,119
1561,17,52,Poor,1,Slow,0,2.0,3.0,1.0,111
1562,17,53,Poor,2,Slow,3,2.0,3.0,1.0,119
1563,17,54,Poor,2,Slow,2,2.0,3.0,1.0,118
1564,17,55,Poor,0,Slow,3,2.0,3.0,1.0,118
1565,17,56,Poor,0,Slow,1,2.0,3.0,1.0,117
1566,17,57,Poor,2,Slow,0,2.0,3.0,1.0,117
1567,17,60,Poor,1,Slow,0,2.0,3.0,1.0,110
1568,17,61,Poor,1,Slow,0,2.0,3.0,1.0,109
1569,17,62,Poor,1,Slow,0,2.0,3.0,1.0,108
1570,17,63,Poor,0,Slow,4,2.0,3.0,1.0,116
1571,17,67,Poor,1,Slow,2,2.0,3.0,1.0,107
1572,17,68,Poor,2,Slow,3,2.0,3.0,1.0,116
1573,17,69,Poor,0,Slow,3,2.0,3.0,1.0,115
1574,17,70,Middle,1,Slow,1,2.0,7.0,5.0,106
1575,17,70,Middle,0,Slow,3,2.0,5.0,3.0,114
1576,17,71,Middle,3,Shigh,0,6.0,7.0,1.0,69
1577,17,72,Middle,2,Slow,3,2.0,7.0,5.0,115
1578,17,74,Middle,1,Slow,2,2.0,7.0,5.0,105
1579,17,76,Middle,0,Slow,0,2.0,7.0,5.0,113
1580,17,77,Middle,0,Slow,2,2.0,7.0,5.0,112
1581,17,77,Middle,1,Slow,4,2.0,5.0,3.0,104
1582,17,78,Middle,4,Shigh,0,6.0,7.0,1.0,69
1583,17,79,Middle,3,Shigh,1,6.0,7.0,1.0,68
1584,17,80,Middle,4,Shigh,0,6.0,7.0,1.0,68
1585,17,81,Middle,3,Shigh,3,6.0,7.0,1.0,67
1586,17,82,Middle,4,Shigh,0,6.0,7.0,1.0,67
1587,17,83,Middle,1,Slow,3,2.0,7.0,5.0,103
1588,17,83,Middle,2,Slow,4,2.0,5.0,3.0,114
1589,17,84,Middle,4,Shigh,1,6.0,7.0,1.0,66
1590,17,85,Middle,1,Slow,1,2.0,7.0,5.0,102
1591,17,86,Middle,0,Slow,4,2.0,7.0,5.0,111
1592,17,87,Middle,1,Slow,0,2.0,7.0,5.0,101
1593,17,88,Middle,2,Slow,0,2.0,7.0,5.0,113
1594,17,88,Middle,1,Slow,3,2.0,5.0,3.0,100
1595,17,89,Middle,0,Slow,2,2.0,7.0,5.0,110
1596,17,90,Rich,3,Shigh,1,6.0,10.0,4.0,66
1597,17,90,Rich,1,Slow,4,2.0,4.0,2.0,99
1598,17,91,Rich,4,Shigh,0,6.0,10.0,4.0,65
1599,17,91,Rich,0,Slow,1,2.0,4.0,2.0,109
1600,17,92,Rich,3,Shigh,1,6.0,10.0,4.0,65
1601,17,93,Rich,1,Slow,2,2.0,10.0,8.0,98
1602,17,94,Rich,1,Slow,2,2.0,10.0,8.0,97
1603,17,94,Rich,3,Shigh,3,6.0,8.0,2.0,64
1604,17,95,Rich,2,Slow,0,2.0,10.0,8.0,112
1605,17,95,Rich,0,Slow,1,2.0,8.0,6.0,108
1606,17,95,Rich,1,Slow,4,2.0,6.0,4.0,96
1607,17,96,Rich,2,Slow,0,2.0,10.0,8.0,111
1608,17,96,Rich,3,Shigh,1,6.0,8.0,2.0,63
1609,17,97,Rich,3,Shigh,0,6.0,10.0,4.0,62
1610,17,97,Rich,1,Slow,3,2.0,4.0,2.0,95
1611,17,99,Rich,0,Slow,0,2.0,10.0,8.0,107
1612,17,99,Rich,2,Slow,2,2.0,8.0,6.0,110
1613,18,0,Poor,0,Slow,1,2.0,3.0,1.0,129
1614,18,1,Poor,1,Slow,0,2.0,3.0,1.0,129
1615,18,2,Poor,1,Slow,0,2.0,3.0,1.0,128
1616,18,4,Poor,0,Slow,0,2.0,3.0,1.0,128
1617,18,5,Poor,1,Slow,0,2.0,3.0,1.0,127
1618,18,6,Poor,1,Slow,4,2.0,3.0,1.0,126
1619,18,7,Poor,1,Slow,4,2.0,3.0,1.0,125
1620,18,8,Poor,1,Slow,4,2.0,3.0,1.0,124
1621,18,9,Poor,0,Slow,0,2.0,3.0,1.0,127
1622,18,10,Poor,2,Slow,0,2.0,3.0,1.0,129
1623,18,11,Poor,1,Slow,1,2.0,3.0,1.0,123
1624,18,13,Poor,0,Slow,0,2.0,3.0,1.0,126
1625,18,18,Poor,1,Slow,2,2.0,3.0,1.0,122
1626,18,19,Poor,0,Slow,2,2.0,3.0,1.0,125
1627,18,20,Poor,1,Slow,0,2.0,3.0,1.0,121
1628,18,22,Poor,2,Slow,2,2.0,3.0,1.0,128
1629,18,24,Poor,0,Slow,0,2.0,3.0,1.0,124
1630,18,25,Poor,0,Slow,0,2.0,3.0,1.0,123
1631,18,26,Poor,0,Slow,0,2.0,3.0,1.0,122
1632,18,27,Poor,0,Slow,2,2.0,3.0,1.0,121
1633,18,29,Poor,2,Slow,1,2.0,3.0,1.0,127
1634,18,33,Poor,2,Slow,0,2.0,3.0,1.0,126
1635,18,34,Poor,2,Slow,1,2.0,3.0,1.0,125
1636,18,36,Poor,2,Slow,1,2.0,3.0,1.0,124
1637,18,37,Poor,0,Slow,0,2.0,3.0,1.0,120
1638,18,38,Poor,1,Slow,1,2.0,3.0,1.0,120
1639,18,39,Poor,1,Slow,0,2.0,3.0,1.0,119
1640,18,40,Poor,0,Slow,2,2.0,3.0,1.0,119
1641,18,41,Poor,1,Slow,0,2.0,3.0,1.0,118
1642,18,42,Poor,1,Slow,1,2.0,3.0,1.0,117
1643,18,43,Poor,1,Slow,0,2.0,3.0,1.0,116
1644,18,45,Poor,2,Slow,2,2.0,3.0,1.0,123
1645,18,47,Poor,0,Slow,0,2.0,3.0,1.0,118
1646,18,48,Poor,2,Slow,2,2.0,3.0,1.0,122
1647,18,49,Poor,1,Slow,0,2.0,3.0,1.0,115
1648,18,50,Poor,1,Slow,0,2.0,3.0,1.0,114
1649,18,52,Poor,0,Slow,4,2.0,3.0,1.0,117
1650,18,55,Poor,0,Slow,2,2.0,3.0,1.0,116
1651,18,57,Poor,1,Slow,4,2.0,3.0,1.0,113
1652,18,61,Poor,2,Slow,0,2.0,3.0,1.0,121
1653,18,62,Poor,0,Slow,1,2.0,3.0,1.0,115
1654,18,63,Poor,1,Slow,0,2.0,3.0,1.0,112
1655,18,65,Poor,0,Slow,3,2.0,3.0,1.0,114
1656,18,67,Poor,1,Slow,2,2.0,3.0,1.0,111
1657,18,69,Poor,0,Slow,1,2.0,3.0,1.0,113
1658,18,71,Middle,4,Shigh,1,6.0,7.0,1.0,69
1659,18,72,Middle,0,Slow,2,2.0,7.0,5.0,112
1660,18,73,Middle,0,Slow,1,2.0,7.0,5.0,111
1661,18,73,Middle,2,Slow,3,2.0,5.0,3.0,120
1662,18,74,Middle,0,Slow,0,2.0,7.0,5.0,110
1663,18,74,Middle,2,Slow,4,2.0,5.0,3.0,119
1664,18,75,Middle,1,Slow,0,2.0,7.0,5.0,110
1665,18,76,Middle,3,Shigh,0,6.0,7.0,1.0,69
1666,18,77,Middle,0,Slow,0,2.0,7.0,5.0,109
1667,18,78,Middle,2,Slow,3,2.0,7.0,5.0,118
1668,18,80,Middle,2,Slow,1,2.0,7.0,5.0,117
1669,18,80,Middle,0,Slow,2,2.0,5.0,3.0,108
1670,18,81,Middle,1,Slow,1,2.0,7.0,5.0,109
1671,18,83,Middle,1,Slow,3,2.0,7.0,5.0,108
1672,18,85,Middle,3,Shigh,0,6.0,7.0,1.0,68
1673,18,86,Middle,0,Slow,0,2.0,7.0,5.0,107
1674,18,87,Middle,1,Slow,1,2.0,7.0,5.0,107
1675,18,87,Middle,0,Slow,3,2.0,5.0,3.0,106
1676,18,89,Middle,3,Shigh,0,6.0,7.0,1.0,67
1677,18,90,Rich,2,Slow,2,2.0,10.0,8.0,116
1678,18,91,Rich,0,Slow,2,2.0,10.0,8.0,105
1679,18,93,Rich,1,Slow,1,2.0,10.0,8.0,106
1680,18,93,Rich,4,Shigh,2,6.0,8.0,2.0,68
1681,18,94,Rich,3,Shigh,1,6.0,10.0,4.0,66
1682,18,94,Rich,2,Slow,4,2.0,4.0,2.0,115
1683,18,95,Rich,4,Shigh,0,6.0,10.0,4.0,67
1684,18,95,Rich,1,Slow,3,2.0,4.0,2.0,105
1685,18,96,Rich,0,Slow,0,2.0,10.0,8.0,104
1686,18,97,Rich,3,Shigh,1,6.0,10.0,4.0,65
1687,18,98,Rich,1,Slow,1,2.0,10.0,8.0,104
1688,18,98,Rich,0,Slow,3,2.0,8.0,6.0,103
1689,18,99,Rich,2,Slow,1,2.0,10.0,8.0,114
1690,18,99,Rich,1,Slow,4,2.0,8.0,6.0,103
1691,19,0,Poor,1,Slow,1,2.0,3.0,1.0,129
1692,19,1,Poor,0,Slow,0,2.0,3.0,1.0,129
1693,19,3,Poor,2,Slow,1,2.0,3.0,1.0,129
1694,19,4,Poor,2,Slow,0,2.0,3.0,1.0,128
1695,19,5,Poor,2,Slow,1,2.0,3.0,1.0,127
1696,19,8,Poor,2,Slow,1,2.0,3.0,1.0,126
1697,19,9,Poor,1,Slow,1,2.0,3.0,1.0,128
1698,19,10,Poor,1,Slow,1,2.0,3.0,1.0,127
1699,19,11,Poor,0,Slow,0,2.0,3.0,1.0,128
1700,19,14,Poor,2,Slow,0,2.0,3.0,1.0,125
1701,19,15,Poor,0,Slow,3,2.0,3.0,1.0,127
1702,19,16,Poor,2,Slow,4,2.0,3.0,1.0,124
1703,19,18,Poor,0,Slow,2,2.0,3.0,1.0,126
1704,19,21,Poor,2,Slow,4,2.0,3.0,1.0,123
1705,19,22,Poor,2,Slow,4,2.0,3.0,1.0,122
1706,19,24,Poor,2,Slow,3,2.0,3.0,1.0,121
1707,19,26,Poor,1,Slow,0,2.0,3.0,1.0,126
1708,19,27,Poor,0,Slow,4,2.0,3.0,1.0,125
1709,19,28,Poor,1,Slow,1,2.0,3.0,1.0,125
1710,19,30,Poor,0,Slow,1,2.0,3.0,1.0,124
1711,19,32,Poor,1,Slow,4,2.0,3.0,1.0,124
1712,19,34,Poor,0,Slow,2,2.0,3.0,1.0,123
1713,19,35,Poor,0,Slow,3,2.0,3.0,1.0,122
1714,19,38,Poor,1,Slow,1,2.0,3.0,1.0,123
1715,19,41,Poor,0,Slow,4,2.0,3.0,1.0,121
1716,19,42,Poor,1,Slow,3,2.0,3.0,1.0,122
1717,19,43,Poor,1,Slow,1,2.0,3.0,1.0,121
1718,19,44,Poor,0,Slow,1,2.0,3.0,1.0,120
1719,19,45,Poor,0,Slow,3,2.0,3.0,1.0,119
1720,19,46,Poor,1,Slow,1,2.0,3.0,1.0,120
1721,19,47,Poor,2,Slow,3,2.0,3.0,1.0,120
1722,19,48,Poor,2,Slow,2,2.0,3.0,1.0,119
1723,19,49,Poor,1,Slow,2,2.0,3.0,1.0,119
1724,19,50,Poor,1,Slow,3,2.0,3.0,1.0,118
1725,19,51,Poor,0,Slow,1,2.0,3.0,1.0,118
1726,19,52,Poor,1,Slow,1,2.0,3.0,1.0,117
1727,19,54,Poor,0,Slow,2,2.0,3.0,1.0,117
1728,19,55,Poor,1,Slow,0,2.0,3.0,1.0,116
1729,19,56,Poor,0,Slow,0,2.0,3.0,1.0,116
1730,19,57,Poor,0,Slow,3,2.0,3.0,1.0,115
1731,19,58,Poor,2,Slow,0,2.0,3.0,1.0,118
1732,19,59,Poor,2,Slow,2,2.0,3.0,1.0,117
1733,19,61,Poor,0,Slow,4,2.0,3.0,1.0,114
1734,19,64,Poor,1,Slow,0,2.0,3.0,1.0,115
1735,19,65,Poor,0,Slow,2,2.0,3.0,1.0,113
1736,19,67,Poor,2,Slow,0,2.0,3.0,1.0,116
1737,19,68,Poor,1,Slow,0,2.0,3.0,1.0,114
1738,19,69,Poor,1,Slow,2,2.0,3.0,1.0,113
1739,19,70,Middle,3,Shigh,0,6.0,7.0,1.0,69
1740,19,71,Middle,4,Shigh,0,6.0,7.0,1.0,69
1741,19,72,Middle,2,Slow,4,2.0,7.0,5.0,115
1742,19,73,Middle,0,Slow,1,2.0,7.0,5.0,112
1743,19,74,Middle,0,Slow,0,2.0,7.0,5.0,111
1744,19,74,Middle,1,Slow,2,2.0,5.0,3.0,112
1745,19,75,Middle,3,Shigh,1,6.0,7.0,1.0,68
1746,19,76,Middle,0,Slow,1,2.0,7.0,5.0,110
1747,19,77,Middle,1,Slow,0,2.0,7.0,5.0,111
1748,19,78,Middle,0,Slow,2,2.0,7.0,5.0,109
1749,19,78,Middle,1,Slow,4,2.0,5.0,3.0,110
1750,19,80,Middle,0,Slow,2,2.0,7.0,5.0,108
1751,19,81,Middle,0,Slow,1,2.0,7.0,5.0,107
1752,19,81,Middle,1,Slow,3,2.0,5.0,3.0,109
1753,19,82,Middle,4,Shigh,2,6.0,7.0,1.0,68
1754,19,83,Middle,0,Slow,0,2.0,7.0,5.0,106
1755,19,83,Middle,1,Slow,3,2.0,5.0,3.0,108
1756,19,84,Middle,0,Slow,1,2.0,7.0,5.0,105
1757,19,85,Middle,1,Slow,0,2.0,7.0,5.0,107
1758,19,86,Middle,0,Slow,1,2.0,7.0,5.0,104
1759,19,87,Middle,1,Slow,0,2.0,7.0,5.0,106
1760,19,88,Middle,0,Slow,1,2.0,7.0,5.0,103
1761,19,89,Middle,3,Shigh,0,6.0,7.0,1.0,67
1762,19,90,Rich,3,Shigh,0,6.0,10.0,4.0,66
1763,19,90,Rich,1,Slow,2,2.0,4.0,2.0,105
1764,19,91,Rich,1,Slow,1,2.0,10.0,8.0,104
1765,19,91,Rich,3,Shigh,2,6.0,8.0,2.0,65
1766,19,92,Rich,2,Slow,2,2.0,10.0,8.0,114
1767,19,92,Rich,0,Slow,3,2.0,8.0,6.0,102
1768,19,93,Rich,0,Slow,0,2.0,10.0,8.0,101
1769,19,93,Rich,4,Shigh,2,6.0,8.0,2.0,67
1770,19,93,Rich,1,Slow,3,2.0,2.0,0.0,103
1771,19,94,Rich,0,Slow,3,2.0,10.0,8.0,100
1772,19,95,Rich,1,Slow,1,2.0,10.0,8.0,102
1773,19,95,Rich,4,Shigh,4,6.0,8.0,2.0,66
1774,19,96,Rich,2,Slow,0,2.0,10.0,8.0,113
1775,19,96,Rich,0,Slow,4,2.0,8.0,6.0,99
1776,19,97,Rich,1,Slow,0,2.0,10.0,8.0,101
1777,19,98,Rich,2,Slow,1,2.0,10.0,8.0,112
1778,19,98,Rich,0,Slow,2,2.0,8.0,6.0,98
1779,19,99,Rich,2,Slow,0,2.0,10.0,8.0,111
1780,19,99,Rich,4,Shigh,2,6.0,8.0,2.0,65
1781,20,2,Poor,1,Slow,0,2.0,3.0,1.0,129
1782,20,3,Poor,0,Slow,0,2.0,3.0,1.0,129
1783,20,5,Poor,0,Slow,0,2.0,3.0,1.0,128
1784,20,6,Poor,1,Slow,3,2.0,3.0,1.0,128
1785,20,7,Poor,1,Slow,0,2.0,3.0,1.0,127
1786,20,8,Poor,1,Slow,1,2.0,3.0,1.0,126
1787,20,11,Poor,0,Slow,3,2.0,3.0,1.0,127
1788,20,12,Poor,2,Slow,1,2.0,3.0,1.0,129
1789,20,13,Poor,0,Slow,0,2.0,3.0,1.0,126
1790,20,14,Poor,2,Slow,2,2.0,3.0,1.0,128
1791,20,15,Poor,2,Slow,3,2.0,3.0,1.0,127
1792,20,16,Poor,2,Slow,3,2.0,3.0,1.0,126
1793,20,17,Poor,1,Slow,4,2.0,3.0,1.0,125
1794,20,19,Poor,0,Slow,0,2.0,3.0,1.0,125
1795,20,20,Poor,2,Slow,1,2.0,3.0,1.0,125
1796,20,21,Poor,2,Slow,3,2.0,3.0,1.0,124
1797,20,23,Poor,0,Slow,3,2.0,3.0,1.0,124
1798,20,24,Poor,1,Slow,3,2.0,3.0,1.0,124
1799,20,25,Poor,1,Slow,2,2.0,3.0,1.0,123
1800,20,26,Poor,0,Slow,0,2.0,3.0,1.0,123
1801,20,28,Poor,0,Slow,2,2.0,3.0,1.0,122
1802,20,29,Poor,1,Slow,1,2.0,3.0,1.0,122
1803,20,31,Poor,0,Slow,0,2.0,3.0,1.0,121
1804,20,32,Poor,1,Slow,1,2.0,3.0,1.0,121
1805,20,34,Poor,2,Slow,1,2.0,3.0,1.0,123
1806,20,35,Poor,1,Slow,0,2.0,3.0,1.0,120
1807,20,36,Poor,2,Slow,0,2.0,3.0,1.0,122
1808,20,39,Poor,1,Slow,0,2.0,3.0,1.0,119
1809,20,40,Poor,1,Slow,0,2.0,3.0,1.0,118
1810,20,44,Poor,1,Slow,4,2.0,3.0,1.0,117
1811,20,46,Poor,1,Slow,3,2.0,3.0,1.0,116
1812,20,49,Poor,2,Slow,4,2.0,3.0,1.0,121
1813,20,50,Poor,1,Slow,0,2.0,3.0,1.0,115
1814,20,52,Poor,0,Slow,1,2.0,3.0,1.0,120
1815,20,53,Poor,1,Slow,2,2.0,3.0,1.0,114
1816,20,54,Poor,1,Slow,3,2.0,3.0,1.0,113
1817,20,57,Poor,1,Slow,1,2.0,3.0,1.0,112
1818,20,58,Poor,0,Slow,2,2.0,3.0,1.0,119
1819,20,59,Poor,2,Slow,3,2.0,3.0,1.0,120
1820,20,60,Poor,0,Slow,1,2.0,3.0,1.0,118
1821,20,61,Poor,1,Slow,2,2.0,3.0,1.0,111
1822,20,62,Poor,1,Slow,1,2.0,3.0,1.0,110
1823,20,64,Poor,0,Slow,0,2.0,3.0,1.0,117
1824,20,65,Poor,0,Slow,0,2.0,3.0,1.0,116
1825,20,68,Poor,2,Slow,0,2.0,3.0,1.0,119
1826,20,69,Poor,0,Slow,2,2.0,3.0,1.0,115
1827,20,70,Middle,4,Shigh,0,6.0,7.0,1.0,69
1828,20,71,Middle,1,Slow,0,2.0,7.0,5.0,109
1829,20,71,Middle,2,Slow,1,2.0,5.0,3.0,118
1830,20,71,Middle,0,Slow,3,2.0,3.0,1.0,114
1831,20,73,Middle,3,Shigh,2,6.0,7.0,1.0,69
1832,20,74,Middle,0,Slow,3,2.0,7.0,5.0,113
1833,20,75,Middle,2,Slow,2,2.0,7.0,5.0,117
1834,20,76,Middle,2,Slow,1,2.0,7.0,5.0,116
1835,20,77,Middle,3,Shigh,1,6.0,7.0,1.0,68
1836,20,78,Middle,3,Shigh,0,6.0,7.0,1.0,67
1837,20,79,Middle,3,Shigh,0,6.0,7.0,1.0,66
1838,20,80,Middle,0,Slow,0,2.0,7.0,5.0,112
1839,20,81,Middle,0,Slow,4,2.0,7.0,5.0,111
1840,20,82,Middle,1,Slow,0,2.0,7.0,5.0,108
1841,20,83,Middle,3,Shigh,1,6.0,7.0,1.0,65
1842,20,85,Middle,0,Slow,3,2.0,7.0,5.0,110
1843,20,86,Middle,0,Slow,2,2.0,7.0,5.0,109
1844,20,86,Middle,1,Slow,4,2.0,5.0,3.0,107
1845,20,87,Middle,3,Shigh,2,6.0,7.0,1.0,64
1846,20,88,Middle,0,Slow,3,2.0,7.0,5.0,108
1847,20,88,Middle,1,Slow,4,2.0,5.0,3.0,106
1848,20,90,Rich,2,Slow,0,2.0,10.0,8.0,115
1849,20,90,Rich,3,Shigh,1,6.0,8.0,2.0,63
1850,20,91,Rich,4,Shigh,2,6.0,10.0,4.0,68
1851,20,91,Rich,1,Slow,4,2.0,4.0,2.0,105
1852,20,92,Rich,4,Shigh,1,6.0,10.0,4.0,67
1853,20,92,Rich,0,Slow,2,2.0,4.0,2.0,107
1854,20,93,Rich,3,Shigh,0,6.0,10.0,4.0,62
1855,20,93,Rich,1,Slow,3,2.0,4.0,2.0,104
1856,20,94,Rich,2,Slow,0,2.0,10.0,8.0,114
1857,20,94,Rich,3,Shigh,2,6.0,8.0,2.0,61
1858,20,95,Rich,4,Shigh,1,6.0,10.0,4.0,66
1859,20,95,Rich,0,Slow,2,2.0,4.0,2.0,106
1860,20,96,Rich,4,Shigh,1,6.0,10.0,4.0,65
1861,20,96,Rich,2,Slow,2,2.0,4.0,2.0,113
1862,20,97,Rich,3,Shigh,0,6.0,10.0,4.0,60
1863,20,97,Rich,2,Slow,2,2.0,4.0,2.0,112
1864,20,98,Rich,4,Shigh,3,6.0,10.0,4.0,64
1865,20,99,Rich,2,Slow,0,2.0,10.0,8.0,111
1866,20,99,Rich,0,Slow,1,2.0,8.0,6.0,105
1867,21,0,Poor,2,Slow,3,2.0,3.0,1.0,129
1868,21,1,Poor,0,Slow,2,2.0,3.0,1.0,129
1869,21,2,Poor,1,Slow,2,2.0,3.0,1.0,129
1870,21,4,Poor,2,Slow,4,2.0,3.0,1.0,128
1871,21,5,Poor,2,Slow,0,2.0,3.0,1.0,127
1872,21,6,Poor,2,Slow,3,2.0,3.0,1.0,126
1873,21,8,Poor,2,Slow,4,2.0,3.0,1.0,125
1874,21,10,Poor,2,Slow,1,2.0,3.0,1.0,124
1875,21,11,Poor,2,Slow,0,2.0,3.0,1.0,123
1876,21,12,Poor,1,Slow,2,2.0,3.0,1.0,128
1877,21,13,Poor,2,Slow,1,2.0,3.0,1.0,122
1878,21,16,Poor,1,Slow,2,2.0,3.0,1.0,127
1879,21,17,Poor,2,Slow,0,2.0,3.0,1.0,121
1880,21,19,Poor,0,Slow,1,2.0,3.0,1.0,128
1881,21,20,Poor,0,Slow,2,2.0,3.0,1.0,127
1882,21,21,Poor,2,Slow,0,2.0,3.0,1.0,120
1883,21,22,Poor,2,Slow,0,2.0,3.0,1.0,119
1884,21,24,Poor,1,Slow,1,2.0,3.0,1.0,126
1885,21,25,Poor,2,Slow,0,2.0,3.0,1.0,118
1886,21,26,Poor,0,Slow,3,2.0,3.0,1.0,126
1887,21,27,Poor,1,Slow,4,2.0,3.0,1.0,125
1888,21,29,Poor,2,Slow,0,2.0,3.0,1.0,117
1889,21,30,Poor,0,Slow,0,2.0,3.0,1.0,125
1890,21,31,Poor,1,Slow,1,2.0,3.0,1.0,124
1891,21,33,Poor,1,Slow,1,2.0,3.0,1.0,123
1892,21,34,Poor,0,Slow,1,2.0,3.0,1.0,124
1893,21,35,Poor,1,Slow,0,2.0,3.0,1.0,122
1894,21,37,Poor,1,Slow,4,2.0,3.0,1.0,121
1895,21,38,Poor,1,Slow,2,2.0,3.0,1.0,120
1896,21,39,Poor,0,Slow,0,2.0,3.0,1.0,123
1897,21,40,Poor,1,Slow,0,2.0,3.0,1.0,119
1898,21,41,Poor,0,Slow,0,2.0,3.0,1.0,122
1899,21,42,Poor,0,Slow,0,2.0,3.0,1.0,121
1900,21,45,Poor,0,Slow,3,2.0,3.0,1.0,120
1901,21,47,Poor,1,Slow,3,2.0,3.0,1.0,118
1902,21,50,Poor,2,Slow,2,2.0,3.0,1.0,116
1903,21,51,Poor,2,Slow,0,2.0,3.0,1.0,115
1904,21,52,Poor,0,Slow,0,2.0,3.0,1.0,119
1905,21,53,Poor,0,Slow,0,2.0,3.0,1.0,118
1906,21,54,Poor,2,Slow,1,2.0,3.0,1.0,114
1907,21,55,Poor,1,Slow,3,2.0,3.0,1.0,117
1908,21,56,Poor,0,Slow,4,2.0,3.0,1.0,117
1909,21,57,Poor,2,Slow,3,2.0,3.0,1.0,113
1910,21,58,Poor,1,Slow,1,2.0,3.0,1.0,116
1911,21,59,Poor,0,Slow,0,2.0,3.0,1.0,116
1912,21,60,Poor,2,Slow,3,2.0,3.0,1.0,112
1913,21,61,Poor,2,Slow,1,2.0,3.0,1.0,111
1914,21,63,Poor,1,Slow,1,2.0,3.0,1.0,115
1915,21,66,Poor,1,Slow,0,2.0,3.0,1.0,114
1916,21,68,Poor,0,Slow,2,2.0,3.0,1.0,115
1917,21,69,Poor,0,Slow,0,2.0,3.0,1.0,114
1918,21,70,Middle,2,Slow,2,2.0,7.0,5.0,110
1919,21,70,Middle,0,Slow,4,2.0,5.0,3.0,113
1920,21,71,Middle,0,Slow,3,2.0,7.0,5.0,112
1921,21,72,Middle,4,Shigh,0,6.0,7.0,1.0,69
1922,21,73,Middle,3,Shigh,0,6.0,7.0,1.0,69
1923,21,75,Middle,3,Shigh,1,6.0,7.0,1.0,68
1924,21,76,Middle,1,Slow,3,2.0,7.0,5.0,113
1925,21,77,Middle,1,Slow,0,2.0,7.0,5.0,112
1926,21,77,Middle,0,Slow,2,2.0,5.0,3.0,111
1927,21,78,Middle,3,Shigh,3,6.0,7.0,1.0,67
1928,21,79,Middle,1,Slow,0,2.0,7.0,5.0,111
1929,21,80,Middle,2,Slow,4,2.0,7.0,5.0,109
1930,21,81,Middle,2,Slow,1,2.0,7.0,5.0,108
1931,21,82,Middle,0,Slow,0,2.0,7.0,5.0,110
1932,21,84,Middle,2,Slow,1,2.0,7.0,5.0,107
1933,21,84,Middle,0,Slow,2,2.0,5.0,3.0,109
1934,21,85,Middle,3,Shigh,0,6.0,7.0,1.0,66
1935,21,87,Middle,1,Slow,1,2.0,7.0,5.0,110
1936,21,87,Middle,2,Slow,4,2.0,5.0,3.0,106
1937,21,88,Middle,2,Slow,1,2.0,7.0,5.0,105
1938,21,89,Middle,1,Slow,1,2.0,7.0,5.0,109
1939,21,90,Rich,3,Shigh,1,6.0,10.0,4.0,65
1940,21,90,Rich,0,Slow,3,2.0,4.0,2.0,108
1941,21,91,Rich,1,Slow,0,2.0,10.0,8.0,108
1942,21,91,Rich,4,Shigh,1,6.0,8.0,2.0,68
1943,21,92,Rich,3,Shigh,2,6.0,10.0,4.0,64
1944,21,93,Rich,3,Shigh,2,6.0,10.0,4.0,63
1945,21,93,Rich,1,Slow,3,2.0,4.0,2.0,107
1946,21,94,Rich,0,Slow,4,2.0,10.0,8.0,107
1947,21,96,Rich,0,Slow,1,2.0,10.0,8.0,106
1948,21,96,Rich,2,Slow,3,2.0,8.0,6.0,104
1949,21,96,Rich,1,Slow,4,2.0,6.0,4.0,106
1950,21,97,Rich,3,Shigh,1,6.0,10.0,4.0,62
1951,21,97,Rich,1,Slow,2,2.0,4.0,2.0,105
1952,21,98,Rich,0,Slow,4,2.0,10.0,8.0,105
1953,21,99,Rich,3,Shigh,0,6.0,10.0,4.0,61
1954,21,99,Rich,1,Slow,3,2.0,4.0,2.0,104
1955,21,99,Rich,2,Slow,4,2.0,2.0,0.0,103
1956,22,1,Poor,0,Slow,3,2.0,3.0,1.0,129
1957,22,2,Poor,2,Slow,2,2.0,3.0,1.0,129
1958,22,3,Poor,1,Slow,1,2.0,3.0,1.0,129
1959,22,4,Poor,1,Slow,2,2.0,3.0,1.0,128
1960,22,5,Poor,0,Slow,2,2.0,3.0,1.0,128
1961,22,7,Poor,0,Slow,2,2.0,3.0,1.0,127
1962,22,8,Poor,2,Slow,2,2.0,3.0,1.0,128
1963,22,9,Poor,1,Slow,0,2.0,3.0,1.0,127
1964,22,10,Poor,2,Slow,4,2.0,3.0,1.0,127
1965,22,13,Poor,1,Slow,4,2.0,3.0,1.0,126
1966,22,16,Poor,2,Slow,0,2.0,3.0,1.0,126
1967,22,18,Poor,0,Slow,4,2.0,3.0,1.0,126
1968,22,21,Poor,0,Slow,4,2.0,3.0,1.0,125
1969,22,22,Poor,1,Slow,3,2.0,3.0,1.0,125
1970,22,23,Poor,0,Slow,2,2.0,3.0,1.0,124
1971,22,24,Poor,1,Slow,2,2.0,3.0,1.0,124
1972,22,25,Poor,2,Slow,1,2.0,3.0,1.0,125
1973,22,26,Poor,0,Slow,3,2.0,3.0,1.0,123
1974,22,27,Poor,1,Slow,2,2.0,3.0,1.0,123
1975,22,28,Poor,0,Slow,4,2.0,3.0,1.0,122
1976,22,30,Poor,2,Slow,2,2.0,3.0,1.0,124
1977,22,31,Poor,1,Slow,4,2.0,3.0,1.0,122
1978,22,32,Poor,0,Slow,3,2.0,3.0,1.0,121
1979,22,33,Poor,1,Slow,0,2.0,3.0,1.0,121
1980,22,34,Poor,1,Slow,2,2.0,3.0,1.0,120
1981,22,35,Poor,0,Slow,0,2.0,3.0,1.0,120
1982,22,36,Poor,0,Slow,1,2.0,3.0,1.0,119
1983,22,37,Poor,0,Slow,1,2.0,3.0,1.0,118
1984,22,38,Poor,2,Slow,1,2.0,3.0,1.0,123
1985,22,39,Poor,2,Slow,4,2.0,3.0,1.0,122
1986,22,42,Poor,0,Slow,3,2.0,3.0,1.0,117
1987,22,45,Poor,2,Slow,0,2.0,3.0,1.0,121
1988,22,46,Poor,1,Slow,0,2.0,3.0,1.0,119
1989,22,48,Poor,2,Slow,1,2.0,3.0,1.0,120
1990,22,49,Poor,0,Slow,0,2.0,3.0,1.0,116
1991,22,50,Poor,2,Slow,3,2.0,3.0,1.0,119
1992,22,52,Poor,0,Slow,1,2.0,3.0,1.0,115
1993,22,53,Poor,1,Slow,0,2.0,3.0,1.0,118
1994,22,54,Poor,2,Slow,0,2.0,3.0,1.0,118
1995,22,57,Poor,0,Slow,0,2.0,3.0,1.0,114
1996,22,58,Poor,0,Slow,0,2.0,3.0,1.0,113
1997,22,59,Poor,1,Slow,2,2.0,3.0,1.0,117
1998,22,60,Poor,2,Slow,0,2.0,3.0,1.0,117
1999,22,62,Poor,0,Slow,2,2.0,3.0,1.0,112
2000,22,63,Poor,1,Slow,0,2.0,3.0,1.0,116
2001,22,65,Poor,2,Slow,1,2.0,3.0,1.0,116
2002,22,66,Poor,0,Slow,2,2.0,3.0,1.0,111
2003,22,67,Poor,0,Slow,0,2.0,3.0,1.0,110
2004,22,68,Poor,0,Slow,1,2.0,3.0,1.0,109
2005,22,69,Poor,1,Slow,0,2.0,3.0,1.0,115
2006,22,70,Middle,1,Slow,0,2.0,7.0,5.0,114
2007,22,71,Middle,1,Slow,1,2.0,7.0,5.0,113
2008,22,72,Middle,0,Slow,2,2.0,7.0,5.0,108
2009,22,73,Middle,4,Shigh,0,6.0,7.0,1.0,69
2010,22,74,Middle,0,Slow,1,2.0,7.0,5.0,107
2011,22,75,Middle,1,Slow,3,2.0,7.0,5.0,112
2012,22,75,Middle,0,Slow,4,2.0,5.0,3.0,106
2013,22,77,Middle,4,Shigh,1,6.0,7.0,1.0,68
2014,22,78,Middle,2,Slow,0,2.0,7.0,5.0,115
2015,22,78,Middle,1,Slow,1,2.0,5.0,3.0,111
2016,22,79,Middle,4,Shigh,2,6.0,7.0,1.0,67
2017,22,81,Middle,3,Shigh,0,6.0,7.0,1.0,69
2018,22,82,Middle,1,Slow,1,2.0,7.0,5.0,110
2019,22,82,Middle,0,Slow,2,2.0,5.0,3.0,105
2020,22,82,Middle,2,Slow,4,2.0,3.0,1.0,114
2021,22,83,Middle,0,Slow,2,2.0,7.0,5.0,104
2022,22,84,Middle,0,Slow,0,2.0,7.0,5.0,103
2023,22,85,Middle,0,Slow,1,2.0,7.0,5.0,102
2024,22,86,Middle,3,Shigh,4,6.0,7.0,1.0,68
2025,22,87,Middle,0,Slow,3,2.0,7.0,5.0,101
2026,22,89,Middle,3,Shigh,4,6.0,7.0,1.0,67
2027,22,90,Rich,0,Slow,1,2.0,10.0,8.0,100
2028,22,90,Rich,2,Slow,2,2.0,8.0,6.0,113
2029,22,91,Rich,3,Shigh,1,6.0,10.0,4.0,66
2030,22,91,Rich,2,Slow,2,2.0,4.0,2.0,112
2031,22,92,Rich,3,Shigh,0,6.0,10.0,4.0,65
2032,22,92,Rich,0,Slow,2,2.0,4.0,2.0,99
2033,22,93,Rich,4,Shigh,0,6.0,10.0,4.0,66
2034,22,93,Rich,1,Slow,3,2.0,4.0,2.0,109
2035,22,95,Rich,0,Slow,2,2.0,10.0,8.0,98
2036,22,96,Rich,3,Shigh,1,6.0,10.0,4.0,64
2037,22,96,Rich,2,Slow,4,2.0,4.0,2.0,111
2038,22,98,Rich,2,Slow,0,2.0,10.0,8.0,110
2039,22,98,Rich,1,Slow,2,2.0,8.0,6.0,108
2040,22,98,Rich,0,Slow,4,2.0,6.0,4.0,97
2041,22,99,Rich,3,Shigh,0,6.0,10.0,4.0,63
2042,22,99,Rich,2,Slow,1,2.0,4.0,2.0,109
2043,23,0,Poor,0,Slow,1,2.0,3.0,1.0,129
2044,23,1,Poor,0,Slow,3,2.0,3.0,1.0,128
2045,23,2,Poor,2,Slow,0,2.0,3.0,1.0,129
2046,23,3,Poor,0,Slow,2,2.0,3.0,1.0,127
2047,23,4,Poor,1,Slow,0,2.0,3.0,1.0,129
2048,23,5,Poor,2,Slow,2,2.0,3.0,1.0,128
2049,23,6,Poor,1,Slow,2,2.0,3.0,1.0,128
2050,23,7,Poor,2,Slow,1,2.0,3.0,1.0,127
2051,23,9,Poor,0,Slow,0,2.0,3.0,1.0,126
2052,23,10,Poor,0,Slow,3,2.0,3.0,1.0,125
2053,23,11,Poor,0,Slow,2,2.0,3.0,1.0,124
2054,23,14,Poor,2,Slow,1,2.0,3.0,1.0,126
2055,23,15,Poor,1,Slow,3,2.0,3.0,1.0,127
2056,23,17,Poor,2,Slow,4,2.0,3.0,1.0,125
2057,23,18,Poor,1,Slow,2,2.0,3.0,1.0,126
2058,23,19,Poor,0,Slow,1,2.0,3.0,1.0,123
2059,23,21,Poor,0,Slow,0,2.0,3.0,1.0,122
2060,23,22,Poor,0,Slow,1,2.0,3.0,1.0,121
2061,23,23,Poor,0,Slow,0,2.0,3.0,1.0,120
2062,23,24,Poor,1,Slow,1,2.0,3.0,1.0,125
2063,23,25,Poor,1,Slow,0,2.0,3.0,1.0,124
2064,23,27,Poor,1,Slow,1,2.0,3.0,1.0,123
2065,23,28,Poor,1,Slow,1,2.0,3.0,1.0,122
2066,23,29,Poor,0,Slow,0,2.0,3.0,1.0,119
2067,23,30,Poor,1,Slow,0,2.0,3.0,1.0,121
2068,23,31,Poor,1,Slow,4,2.0,3.0,1.0,120
2069,23,32,Poor,1,Slow,3,2.0,3.0,1.0,119
2070,23,34,Poor,0,Slow,0,2.0,3.0,1.0,118
2071,23,36,Poor,1,Slow,1,2.0,3.0,1.0,118
2072,23,37,Poor,2,Slow,1,2.0,3.0,1.0,124
2073,23,39,Poor,0,Slow,0,2.0,3.0,1.0,117
2074,23,43,Poor,0,Slow,4,2.0,3.0,1.0,116
2075,23,44,Poor,1,Slow,1,2.0,3.0,1.0,117
2076,23,45,Poor,1,Slow,4,2.0,3.0,1.0,116
2077,23,47,Poor,0,Slow,2,2.0,3.0,1.0,115
2078,23,48,Poor,0,Slow,0,2.0,3.0,1.0,114
2079,23,49,Poor,0,Slow,3,2.0,3.0,1.0,113
2080,23,52,Poor,1,Slow,0,2.0,3.0,1.0,115
2081,23,53,Poor,0,Slow,3,2.0,3.0,1.0,112
2082,23,54,Poor,1,Slow,3,2.0,3.0,1.0,114
2083,23,55,Poor,1,Slow,1,2.0,3.0,1.0,113
2084,23,56,Poor,1,Slow,3,2.0,3.0,1.0,112
2085,23,57,Poor,1,Slow,2,2.0,3.0,1.0,111
2086,23,58,Poor,2,Slow,1,2.0,3.0,1.0,123
2087,23,59,Poor,1,Slow,0,2.0,3.0,1.0,110
2088,23,60,Poor,1,Slow,2,2.0,3.0,1.0,109
2089,23,61,Poor,1,Slow,1,2.0,3.0,1.0,108
2090,23,62,Poor,0,Slow,1,2.0,3.0,1.0,111
2091,23,63,Poor,0,Slow,1,2.0,3.0,1.0,110
2092,23,64,Poor,1,Slow,2,2.0,3.0,1.0,107
2093,23,66,Poor,0,Slow,3,2.0,3.0,1.0,109
2094,23,67,Poor,0,Slow,1,2.0,3.0,1.0,108
2095,23,68,Poor,1,Slow,0,2.0,3.0,1.0,106
2096,23,69,Poor,0,Slow,2,2.0,3.0,1.0,107
2097,23,70,Middle,3,Shigh,1,6.0,7.0,1.0,69
2098,23,72,Middle,2,Slow,3,2.0,7.0,5.0,122
2099,23,72,Middle,1,Slow,4,2.0,5.0,3.0,105
2100,23,73,Middle,2,Slow,1,2.0,7.0,5.0,121
2101,23,73,Middle,1,Slow,3,2.0,5.0,3.0,104
2102,23,74,Middle,1,Slow,1,2.0,7.0,5.0,103
2103,23,74,Middle,2,Slow,2,2.0,5.0,3.0,120
2104,23,75,Middle,0,Slow,2,2.0,7.0,5.0,106
2105,23,75,Middle,2,Slow,3,2.0,5.0,3.0,119
2106,23,76,Middle,0,Slow,0,2.0,7.0,5.0,105
2107,23,76,Middle,2,Slow,3,2.0,5.0,3.0,118
2108,23,78,Middle,0,Slow,2,2.0,7.0,5.0,104
2109,23,79,Middle,1,Slow,1,2.0,7.0,5.0,102
2110,23,79,Middle,2,Slow,3,2.0,5.0,3.0,117
2111,23,80,Middle,2,Slow,0,2.0,7.0,5.0,116
2112,23,80,Middle,0,Slow,1,2.0,5.0,3.0,103
2113,23,80,Middle,1,Slow,2,2.0,3.0,1.0,101
2114,23,83,Middle,0,Slow,4,2.0,7.0,5.0,102
2115,23,84,Middle,0,Slow,1,2.0,7.0,5.0,101
2116,23,84,Middle,1,Slow,3,2.0,5.0,3.0,100
2117,23,85,Middle,1,Slow,4,2.0,7.0,5.0,99
2118,23,86,Middle,4,Shigh,0,6.0,7.0,1.0,69
2119,23,87,Middle,1,Slow,0,2.0,7.0,5.0,98
2120,23,87,Middle,2,Slow,1,2.0,5.0,3.0,115
2121,23,88,Middle,2,Slow,1,2.0,7.0,5.0,114
2122,23,88,Middle,1,Slow,3,2.0,5.0,3.0,97
2123,23,89,Middle,4,Shigh,1,6.0,7.0,1.0,68
2124,23,90,Rich,0,Slow,0,2.0,10.0,8.0,100
2125,23,90,Rich,1,Slow,1,2.0,8.0,6.0,96
2126,23,91,Rich,0,Slow,2,2.0,10.0,8.0,99
2127,23,91,Rich,4,Shigh,3,6.0,8.0,2.0,67
2128,23,92,Rich,2,Slow,0,2.0,10.0,8.0,113
2129,23,92,Rich,0,Slow,2,2.0,8.0,6.0,98
2130,23,92,Rich,4,Shigh,3,6.0,6.0,0.0,66
2131,23,93,Rich,1,Slow,3,2.0,10.0,8.0,95
2132,23,94,Rich,0,Slow,0,2.0,10.0,8.0,97
2133,23,94,Rich,2,Slow,4,2.0,8.0,6.0,112
2134,23,95,Rich,0,Slow,0,2.0,10.0,8.0,96
2135,23,96,Rich,2,Slow,1,2.0,10.0,8.0,111
2136,23,97,Rich,2,Slow,1,2.0,10.0,8.0,110
2137,23,97,Rich,3,Shigh,3,6.0,8.0,2.0,68
2138,23,98,Rich,3,Shigh,4,6.0,10.0,4.0,67
2139,23,99,Rich,0,Slow,3,2.0,10.0,8.0,95
2140,24,0,Poor,1,Slow,3,2.0,3.0,1.0,129
2141,24,1,Poor,0,Slow,4,2.0,3.0,1.0,129
2142,24,2,Poor,0,Slow,1,2.0,3.0,1.0,128
2143,24,4,Poor,0,Slow,2,2.0,3.0,1.0,127
2144,24,5,Poor,1,Slow,2,2.0,3.0,1.0,128
2145,24,6,Poor,0,Slow,0,2.0,3.0,1.0,126
2146,24,11,Poor,1,Slow,2,2.0,3.0,1.0,127
2147,24,13,Poor,1,Slow,0,2.0,3.0,1.0,126
2148,24,14,Poor,2,Slow,4,2.0,3.0,1.0,129
2149,24,15,Poor,1,Slow,2,2.0,3.0,1.0,125
2150,24,16,Poor,2,Slow,2,2.0,3.0,1.0,128
2151,24,17,Poor,1,Slow,1,2.0,3.0,1.0,124
2152,24,18,Poor,0,Slow,3,2.0,3.0,1.0,125
2153,24,19,Poor,1,Slow,0,2.0,3.0,1.0,123
2154,24,20,Poor,0,Slow,3,2.0,3.0,1.0,124
2155,24,21,Poor,0,Slow,1,2.0,3.0,1.0,123
2156,24,22,Poor,0,Slow,3,2.0,3.0,1.0,122
2157,24,24,Poor,2,Slow,1,2.0,3.0,1.0,127
2158,24,25,Poor,0,Slow,2,2.0,3.0,1.0,121
2159,24,26,Poor,2,Slow,2,2.0,3.0,1.0,126
2160,24,27,Poor,1,Slow,1,2.0,3.0,1.0,122
2161,24,29,Poor,1,Slow,0,2.0,3.0,1.0,121
2162,24,30,Poor,1,Slow,1,2.0,3.0,1.0,120
2163,24,33,Poor,1,Slow,2,2.0,3.0,1.0,119
2164,24,34,Poor,0,Slow,0,2.0,3.0,1.0,120
2165,24,35,Poor,0,Slow,1,2.0,3.0,1.0,119
2166,24,36,Poor,2,Slow,3,2.0,3.0,1.0,125
2167,24,37,Poor,1,Slow,0,2.0,3.0,1.0,118
2168,24,39,Poor,2,Slow,0,2.0,3.0,1.0,124
2169,24,41,Poor,0,Slow,1,2.0,3.0,1.0,118
2170,24,42,Poor,0,Slow,0,2.0,3.0,1.0,117
2171,24,44,Poor,1,Slow,4,2.0,3.0,1.0,117
2172,24,46,Poor,1,Slow,3,2.0,3.0,1.0,116
2173,24,47,Poor,1,Slow,2,2.0,3.0,1.0,115
2174,24,48,Poor,0,Slow,1,2.0,3.0,1.0,116
2175,24,49,Poor,0,Slow,3,2.0,3.0,1.0,115
2176,24,50,Poor,0,Slow,0,2.0,3.0,1.0,114
2177,24,52,Poor,1,Slow,3,2.0,3.0,1.0,114
2178,24,53,Poor,0,Slow,0,2.0,3.0,1.0,113
2179,24,54,Poor,2,Slow,1,2.0,3.0,1.0,123
2180,24,56,Poor,0,Slow,4,2.0,3.0,1.0,112
2181,24,59,Poor,0,Slow,0,2.0,3.0,1.0,111
2182,24,61,Poor,1,Slow,4,2.0,3.0,1.0,113
2183,24,62,Poor,2,Slow,3,2.0,3.0,1.0,122
2184,24,64,Poor,2,Slow,0,2.0,3.0,1.0,121
2185,24,65,Poor,1,Slow,0,2.0,3.0,1.0,112
2186,24,66,Poor,0,Slow,0,2.0,3.0,1.0,110
2187,24,67,Poor,1,Slow,0,2.0,3.0,1.0,111
2188,24,68,Poor,1,Slow,4,2.0,3.0,1.0,110
2189,24,70,Middle,2,Slow,0,2.0,7.0,5.0,120
2190,24,71,Middle,1,Slow,0,2.0,7.0,5.0,109
2191,24,71,Middle,0,Slow,1,2.0,5.0,3.0,109
2192,24,71,Middle,2,Slow,4,2.0,3.0,1.0,119
2193,24,72,Middle,1,Slow,0,2.0,7.0,5.0,108
2194,24,73,Middle,2,Slow,0,2.0,7.0,5.0,118
2195,24,74,Middle,3,Shigh,1,6.0,7.0,1.0,69
2196,24,75,Middle,3,Shigh,0,6.0,7.0,1.0,68
2197,24,76,Middle,0,Slow,2,2.0,7.0,5.0,108
2198,24,76,Middle,1,Slow,3,2.0,5.0,3.0,107
2199,24,78,Middle,4,Shigh,0,6.0,7.0,1.0,69
2200,24,79,Middle,3,Shigh,1,6.0,7.0,1.0,67
2201,24,80,Middle,3,Shigh,4,6.0,7.0,1.0,66
2202,24,81,Middle,0,Slow,1,2.0,7.0,5.0,107
2203,24,84,Middle,3,Shigh,3,6.0,7.0,1.0,65
2204,24,85,Middle,3,Shigh,0,6.0,7.0,1.0,64
2205,24,86,Middle,0,Slow,3,2.0,7.0,5.0,106
2206,24,86,Middle,1,Slow,4,2.0,5.0,3.0,106
2207,24,87,Middle,2,Slow,3,2.0,7.0,5.0,117
2208,24,88,Middle,2,Slow,1,2.0,7.0,5.0,116
2209,24,89,Middle,2,Slow,1,2.0,7.0,5.0,115
2210,24,89,Middle,0,Slow,3,2.0,5.0,3.0,105
2211,24,90,Rich,0,Slow,1,2.0,10.0,8.0,104
2212,24,90,Rich,3,Shigh,2,6.0,8.0,2.0,63
2213,24,90,Rich,1,Slow,3,2.0,2.0,0.0,105
2214,24,91,Rich,1,Slow,2,2.0,10.0,8.0,104
2215,24,91,Rich,0,Slow,3,2.0,8.0,6.0,103
2216,24,92,Rich,0,Slow,0,2.0,10.0,8.0,102
2217,24,92,Rich,3,Shigh,3,6.0,8.0,2.0,62
2218,24,93,Rich,2,Slow,0,2.0,10.0,8.0,114
2219,24,93,Rich,3,Shigh,1,6.0,8.0,2.0,61
2220,24,93,Rich,0,Slow,3,2.0,2.0,0.0,101
2221,24,94,Rich,0,Slow,0,2.0,10.0,8.0,100
2222,24,94,Rich,1,Slow,2,2.0,8.0,6.0,103
2223,24,95,Rich,0,Slow,1,2.0,10.0,8.0,99
2224,24,95,Rich,1,Slow,3,2.0,8.0,6.0,102
2225,24,95,Rich,2,Slow,4,2.0,6.0,4.0,113
2226,24,96,Rich,4,Shigh,2,6.0,10.0,4.0,68
2227,24,97,Rich,3,Shigh,4,6.0,10.0,4.0,60
2228,24,99,Rich,3,Shigh,3,6.0,10.0,4.0,59
2229,25,0,Poor,0,Slow,4,2.0,3.0,1.0,129
2230,25,2,Poor,0,Slow,3,2.0,3.0,1.0,128
2231,25,3,Poor,1,Slow,2,2.0,3.0,1.0,129
2232,25,4,Poor,0,Slow,3,2.0,3.0,1.0,127
2233,25,8,Poor,1,Slow,1,2.0,3.0,1.0,128
2234,25,10,Poor,0,Slow,3,2.0,3.0,1.0,126
2235,25,11,Poor,0,Slow,0,2.0,3.0,1.0,125
2236,25,13,Poor,0,Slow,0,2.0,3.0,1.0,124
2237,25,14,Poor,2,Slow,3,2.0,3.0,1.0,129
2238,25,15,Poor,1,Slow,0,2.0,3.0,1.0,127
2239,25,17,Poor,0,Slow,3,2.0,3.0,1.0,123
2240,25,19,Poor,1,Slow,1,2.0,3.0,1.0,126
2241,25,20,Poor,2,Slow,2,2.0,3.0,1.0,128
2242,25,21,Poor,0,Slow,1,2.0,3.0,1.0,122
2243,25,22,Poor,1,Slow,3,2.0,3.0,1.0,125
2244,25,25,Poor,1,Slow,2,2.0,3.0,1.0,124
2245,25,26,Poor,1,Slow,0,2.0,3.0,1.0,123
2246,25,28,Poor,0,Slow,1,2.0,3.0,1.0,121
2247,25,29,Poor,0,Slow,1,2.0,3.0,1.0,120
2248,25,30,Poor,0,Slow,1,2.0,3.0,1.0,119
2249,25,31,Poor,0,Slow,3,2.0,3.0,1.0,118
2250,25,33,Poor,0,Slow,3,2.0,3.0,1.0,117
2251,25,34,Poor,0,Slow,0,2.0,3.0,1.0,116
2252,25,35,Poor,1,Slow,0,2.0,3.0,1.0,122
2253,25,36,Poor,0,Slow,4,2.0,3.0,1.0,115
2254,25,37,Poor,1,Slow,2,2.0,3.0,1.0,121
2255,25,38,Poor,2,Slow,1,2.0,3.0,1.0,127
2256,25,39,Poor,2,Slow,1,2.0,3.0,1.0,126
2257,25,40,Poor,2,Slow,0,2.0,3.0,1.0,125
2258,25,41,Poor,1,Slow,1,2.0,3.0,1.0,120
2259,25,43,Poor,0,Slow,1,2.0,3.0,1.0,114
2260,25,44,Poor,1,Slow,0,2.0,3.0,1.0,119
2261,25,45,Poor,2,Slow,3,2.0,3.0,1.0,124
2262,25,46,Poor,0,Slow,1,2.0,3.0,1.0,113
2263,25,47,Poor,1,Slow,0,2.0,3.0,1.0,118
2264,25,48,Poor,1,Slow,4,2.0,3.0,1.0,117
2265,25,50,Poor,0,Slow,4,2.0,3.0,1.0,112
2266,25,52,Poor,1,Slow,3,2.0,3.0,1.0,116
2267,25,53,Poor,1,Slow,1,2.0,3.0,1.0,115
2268,25,54,Poor,2,Slow,3,2.0,3.0,1.0,123
2269,25,57,Poor,1,Slow,4,2.0,3.0,1.0,114
2270,25,58,Poor,0,Slow,1,2.0,3.0,1.0,111
2271,25,59,Poor,0,Slow,2,2.0,3.0,1.0,110
2272,25,60,Poor,1,Slow,4,2.0,3.0,1.0,113
2273,25,63,Poor,1,Slow,0,2.0,3.0,1.0,112
2274,25,65,Poor,0,Slow,1,2.0,3.0,1.0,109
2275,25,67,Poor,2,Slow,1,2.0,3.0,1.0,122
2276,25,68,Poor,0,Slow,0,2.0,3.0,1.0,108
2277,25,69,Poor,1,Slow,3,2.0,3.0,1.0,111
2278,25,70,Middle,1,Slow,1,2.0,7.0,5.0,110
2279,25,70,Middle,0,Slow,2,2.0,5.0,3.0,107
2280,25,72,Middle,3,Shigh,0,6.0,7.0,1.0,69
2281,25,73,Middle,0,Slow,0,2.0,7.0,5.0,106
2282,25,73,Middle,2,Slow,2,2.0,5.0,3.0,121
2283,25,75,Middle,1,Slow,1,2.0,7.0,5.0,109
2284,25,75,Middle,2,Slow,3,2.0,5.0,3.0,120
2285,25,76,Middle,1,Slow,0,2.0,7.0,5.0,108
2286,25,77,Middle,4,Shigh,3,6.0,7.0,1.0,69
2287,25,78,Middle,4,Shigh,2,6.0,7.0,1.0,68
2288,25,79,Middle,0,Slow,2,2.0,7.0,5.0,105
2289,25,81,Middle,0,Slow,0,2.0,7.0,5.0,104
2290,25,82,Middle,1,Slow,4,2.0,7.0,5.0,107
2291,25,83,Middle,2,Slow,2,2.0,7.0,5.0,119
2292,25,84,Middle,3,Shigh,3,6.0,7.0,1.0,68
2293,25,85,Middle,0,Slow,2,2.0,7.0,5.0,103
2294,25,85,Middle,1,Slow,4,2.0,5.0,3.0,106
2295,25,86,Middle,2,Slow,3,2.0,7.0,5.0,118
2296,25,86,Middle,0,Slow,4,2.0,5.0,3.0,102
2297,25,87,Middle,0,Slow,0,2.0,7.0,5.0,101
2298,25,87,Middle,1,Slow,4,2.0,5.0,3.0,105
2299,25,89,Middle,0,Slow,2,2.0,7.0,5.0,100
2300,25,90,Rich,1,Slow,0,2.0,10.0,8.0,104
2301,25,91,Rich,3,Shigh,0,6.0,10.0,4.0,67
2302,25,91,Rich,1,Slow,3,2.0,4.0,2.0,103
2303,25,91,Rich,2,Slow,4,2.0,2.0,0.0,117
2304,25,92,Rich,1,Slow,3,2.0,10.0,8.0,102
2305,25,92,Rich,0,Slow,4,2.0,8.0,6.0,99
2306,25,93,Rich,0,Slow,4,2.0,10.0,8.0,98
2307,25,94,Rich,1,Slow,0,2.0,10.0,8.0,101
2308,25,95,Rich,1,Slow,0,2.0,10.0,8.0,100
2309,25,95,Rich,0,Slow,3,2.0,8.0,6.0,97
2310,25,96,Rich,0,Slow,0,2.0,10.0,8.0,96
2311,25,96,Rich,3,Shigh,1,6.0,8.0,2.0,66
2312,25,97,Rich,0,Slow,3,2.0,10.0,8.0,95
2313,25,98,Rich,2,Slow,3,2.0,10.0,8.0,116
2314,25,99,Rich,3,Shigh,1,6.0,10.0,4.0,65
2315,26,0,Poor,0,Slow,4,1.4,3.0,1.6,129
2316,26,1,Poor,0,Slow,4,1.4,3.0,1.6,128
2317,26,2,Poor,1,Slow,0,2.0,3.0,1.0,129
2318,26,3,Poor,0,Slow,0,1.4,3.0,1.6,127
2319,26,5,Poor,0,Slow,4,1.4,3.0,1.6,126
2320,26,6,Poor,1,Slow,0,2.0,3.0,1.0,128
2321,26,7,Poor,0,Slow,1,1.4,3.0,1.6,125
2322,26,9,Poor,2,Slow,4,2.0,3.0,1.0,129
2323,26,10,Poor,2,Slow,4,2.0,3.0,1.0,128
2324,26,11,Poor,1,Slow,0,2.0,3.0,1.0,127
2325,26,12,Poor,0,Slow,0,1.4,3.0,1.6,124
2326,26,13,Poor,0,Slow,3,1.4,3.0,1.6,123
2327,26,16,Poor,0,Slow,1,1.4,3.0,1.6,122
2328,26,18,Poor,0,Slow,4,1.4,3.0,1.6,121
2329,26,19,Poor,1,Slow,0,2.0,3.0,1.0,126
2330,26,20,Poor,1,Slow,0,2.0,3.0,1.0,125
2331,26,21,Poor,0,Slow,0,1.4,3.0,1.6,120
2332,26,23,Poor,1,Slow,0,2.0,3.0,1.0,124
2333,26,24,Poor,1,Slow,2,2.0,3.0,1.0,123
2334,26,27,Poor,2,Slow,0,2.0,3.0,1.0,127
2335,26,28,Poor,2,Slow,0,2.0,3.0,1.0,126
2336,26,31,Poor,2,Slow,3,2.0,3.0,1.0,125
2337,26,32,Poor,1,Slow,2,2.0,3.0,1.0,122
2338,26,33,Poor,0,Slow,4,1.4,3.0,1.6,119
2339,26,35,Poor,1,Slow,0,2.0,3.0,1.0,121
2340,26,36,Poor,0,Slow,1,1.4,3.0,1.6,118
2341,26,37,Poor,0,Slow,1,1.4,3.0,1.6,117
2342,26,40,Poor,1,Slow,1,2.0,3.0,1.0,120
2343,26,42,Poor,0,Slow,1,1.4,3.0,1.6,116
2344,26,44,Poor,1,Slow,2,2.0,3.0,1.0,119
2345,26,45,Poor,0,Slow,2,1.4,3.0,1.6,115
2346,26,46,Poor,1,Slow,1,2.0,3.0,1.0,118
2347,26,47,Poor,1,Slow,1,2.0,3.0,1.0,117
2348,26,50,Poor,0,Slow,4,1.4,3.0,1.6,114
2349,26,51,Poor,1,Slow,4,2.0,3.0,1.0,116
2350,26,52,Poor,1,Slow,1,2.0,3.0,1.0,115
2351,26,54,Poor,1,Slow,1,2.0,3.0,1.0,114
2352,26,55,Poor,0,Slow,1,1.4,3.0,1.6,113
2353,26,56,Poor,0,Slow,0,1.4,3.0,1.6,112
2354,26,57,Poor,1,Slow,4,2.0,3.0,1.0,113
2355,26,58,Poor,2,Slow,2,2.0,3.0,1.0,124
2356,26,59,Poor,1,Slow,0,2.0,3.0,1.0,112
2357,26,61,Poor,2,Slow,4,2.0,3.0,1.0,123
2358,26,62,Poor,0,Slow,1,1.4,3.0,1.6,111
2359,26,63,Poor,0,Slow,1,1.4,3.0,1.6,110
2360,26,64,Poor,1,Slow,3,2.0,3.0,1.0,111
2361,26,65,Poor,1,Slow,4,2.0,3.0,1.0,110
2362,26,67,Poor,1,Slow,1,2.0,3.0,1.0,109
2363,26,70,Middle,1,Slow,0,2.0,7.0,5.0,108
2364,26,70,Middle,2,Slow,1,2.0,5.0,3.0,122
2365,26,71,Middle,2,Slow,1,2.0,7.0,5.0,121
2366,26,71,Middle,0,Slow,2,1.4,5.0,3.6,109
2367,26,71,Middle,1,Slow,4,2.0,3.6,1.6,107
2368,26,74,Middle,3,Shigh,1,6.0,7.0,1.0,69
2369,26,75,Middle,0,Slow,0,1.4,7.0,5.6,108
2370,26,76,Middle,0,Slow,0,1.4,7.0,5.6,107
2371,26,77,Middle,0,Slow,2,1.4,7.0,5.6,106
2372,26,77,Middle,1,Slow,3,2.0,5.6,3.5999999999999996,106
2373,26,78,Middle,0,Slow,1,1.4,7.0,5.6,105
2374,26,78,Middle,2,Slow,2,2.0,5.6,3.5999999999999996,120
2375,26,78,Middle,1,Slow,3,2.0,3.5999999999999996,1.5999999999999996,105
2376,26,79,Middle,2,Slow,0,2.0,7.0,5.0,119
2377,26,79,Middle,1,Slow,2,2.0,5.0,3.0,104
2378,26,80,Middle,1,Slow,0,2.0,7.0,5.0,103
2379,26,81,Middle,0,Slow,0,1.4,7.0,5.6,104
2380,26,81,Middle,2,Slow,2,2.0,5.6,3.5999999999999996,118
2381,26,82,Middle,1,Slow,0,2.0,7.0,5.0,102
2382,26,82,Middle,2,Slow,2,2.0,5.0,3.0,117
2383,26,82,Middle,0,Slow,3,1.4,3.0,1.6,103
2384,26,83,Middle,1,Slow,1,2.0,7.0,5.0,101
2385,26,83,Middle,2,Slow,3,2.0,5.0,3.0,116
2386,26,84,Middle,2,Slow,1,2.0,7.0,5.0,115
2387,26,84,Middle,1,Slow,4,2.0,5.0,3.0,100
2388,26,85,Middle,0,Slow,1,1.4,7.0,5.6,102
2389,26,87,Middle,4,Shigh,1,6.0,7.0,1.0,69
2390,26,88,Middle,2,Slow,0,2.0,7.0,5.0,114
2391,26,90,Rich,3,Shigh,2,6.0,10.0,4.0,68
2392,26,90,Rich,0,Slow,4,1.4,4.0,2.6,101
2393,26,91,Rich,4,Shigh,2,6.0,10.0,4.0,68
2394,26,91,Rich,0,Slow,4,1.4,4.0,2.6,100
2395,26,92,Rich,0,Slow,0,1.4,10.0,8.6,99
2396,26,92,Rich,2,Slow,1,2.0,8.6,6.6,113
2397,26,92,Rich,1,Slow,4,2.0,6.6,4.6,99
2398,26,93,Rich,2,Slow,2,2.0,10.0,8.0,112
2399,26,94,Rich,4,Shigh,1,6.0,10.0,4.0,67
2400,26,94,Rich,2,Slow,2,2.0,4.0,2.0,111
2401,26,95,Rich,2,Slow,2,2.0,10.0,8.0,110
2402,26,95,Rich,3,Shigh,4,6.0,8.0,2.0,67
2403,26,96,Rich,2,Slow,2,2.0,10.0,8.0,109
2404,26,97,Rich,0,Slow,0,1.4,10.0,8.6,98
2405,26,97,Rich,1,Slow,2,2.0,8.6,6.6,98
2406,26,98,Rich,1,Slow,1,2.0,10.0,8.0,97
2407,26,98,Rich,0,Slow,2,1.4,8.0,6.6,97
2408,26,99,Rich,3,Shigh,0,6.0,10.0,4.0,66
2409,26,99,Rich,0,Slow,1,1.4,4.0,2.6,96
2410,26,99,Rich,1,Slow,2,2.0,2.6,0.6000000000000001,96
2411,27,1,Poor,2,Slow,4,2.0,3.0,1.0,129
2412,27,2,Poor,0,Slow,0,2.0,3.0,1.0,129
2413,27,4,Poor,1,Slow,3,2.0,3.0,1.0,129
2414,27,5,Poor,2,Slow,1,2.0,3.0,1.0,128
2415,27,7,Poor,2,Slow,0,2.0,3.0,1.0,127
2416,27,9,Poor,2,Slow,0,2.0,3.0,1.0,126
2417,27,10,Poor,0,Slow,2,2.0,3.0,1.0,128
2418,27,14,Poor,1,Slow,3,2.0,3.0,1.0,128
2419,27,15,Poor,1,Slow,0,2.0,3.0,1.0,127
2420,27,16,Poor,2,Slow,3,2.0,3.0,1.0,125
2421,27,18,Poor,0,Slow,1,2.0,3.0,1.0,127
2422,27,19,Poor,0,Slow,3,2.0,3.0,1.0,126
2423,27,20,Poor,2,Slow,2,2.0,3.0,1.0,124
2424,27,21,Poor,2,Slow,1,2.0,3.0,1.0,123
2425,27,23,Poor,2,Slow,1,2.0,3.0,1.0,122
2426,27,25,Poor,1,Slow,1,2.0,3.0,1.0,126
2427,27,26,Poor,0,Slow,3,2.0,3.0,1.0,125
2428,27,27,Poor,2,Slow,1,2.0,3.0,1.0,121
2429,27,28,Poor,0,Slow,2,2.0,3.0,1.0,124
2430,27,29,Poor,2,Slow,0,2.0,3.0,1.0,120
2431,27,31,Poor,1,Slow,2,2.0,3.0,1.0,125
2432,27,32,Poor,2,Slow,2,2.0,3.0,1.0,119
2433,27,33,Poor,1,Slow,1,2.0,3.0,1.0,124
2434,27,34,Poor,2,Slow,2,2.0,3.0,1.0,118
2435,27,35,Poor,2,Slow,0,2.0,3.0,1.0,117
2436,27,36,Poor,0,Slow,4,2.0,3.0,1.0,123
2437,27,39,Poor,1,Slow,1,2.0,3.0,1.0,123
2438,27,40,Poor,1,Slow,2,2.0,3.0,1.0,122
2439,27,41,Poor,1,Slow,2,2.0,3.0,1.0,121
2440,27,42,Poor,1,Slow,1,2.0,3.0,1.0,120
2441,27,43,Poor,0,Slow,1,2.0,3.0,1.0,122
2442,27,44,Poor,0,Slow,0,2.0,3.0,1.0,121
2443,27,47,Poor,2,Slow,1,2.0,3.0,1.0,116
2444,27,50,Poor,1,Slow,0,2.0,3.0,1.0,119
2445,27,55,Poor,0,Slow,1,2.0,3.0,1.0,120
2446,27,57,Poor,1,Slow,2,2.0,3.0,1.0,118
2447,27,59,Poor,1,Slow,0,2.0,3.0,1.0,117
2448,27,60,Poor,1,Slow,2,2.0,3.0,1.0,116
2449,27,61,Poor,1,Slow,2,2.0,3.0,1.0,115
2450,27,62,Poor,1,Slow,1,2.0,3.0,1.0,114
2451,27,63,Poor,1,Slow,2,2.0,3.0,1.0,113
2452,27,64,Poor,1,Slow,0,2.0,3.0,1.0,112
2453,27,65,Poor,0,Slow,0,2.0,3.0,1.0,119
2454,27,66,Poor,2,Slow,0,2.0,3.0,1.0,115
2455,27,67,Poor,1,Slow,3,2.0,3.0,1.0,111
2456,27,68,Poor,2,Slow,0,2.0,3.0,1.0,114
2457,27,69,Poor,1,Slow,0,2.0,3.0,1.0,110
2458,27,70,Middle,3,Shigh,0,6.0,7.0,1.0,69
2459,27,71,Middle,3,Shigh,4,6.0,7.0,1.0,68
2460,27,72,Middle,4,Shigh,0,6.0,7.0,1.0,69
2461,27,73,Middle,2,Slow,3,2.0,7.0,5.0,113
2462,27,74,Middle,0,Slow,0,2.0,7.0,5.0,118
2463,27,74,Middle,1,Slow,3,2.0,5.0,3.0,109
2464,27,75,Middle,3,Shigh,0,6.0,7.0,1.0,67
2465,27,76,Middle,0,Slow,2,2.0,7.0,5.0,117
2466,27,76,Middle,2,Slow,4,2.0,5.0,3.0,112
2467,27,77,Middle,1,Slow,1,2.0,7.0,5.0,108
2468,27,78,Middle,1,Slow,1,2.0,7.0,5.0,107
2469,27,78,Middle,0,Slow,4,2.0,5.0,3.0,116
2470,27,79,Middle,1,Slow,1,2.0,7.0,5.0,106
2471,27,80,Middle,3,Shigh,1,6.0,7.0,1.0,66
2472,27,82,Middle,2,Slow,0,2.0,7.0,5.0,111
2473,27,83,Middle,0,Slow,1,2.0,7.0,5.0,115
2474,27,84,Middle,0,Slow,3,2.0,7.0,5.0,114
2475,27,84,Middle,1,Slow,4,2.0,5.0,3.0,105
2476,27,85,Middle,1,Slow,0,2.0,7.0,5.0,104
2477,27,85,Middle,0,Slow,3,2.0,5.0,3.0,113
2478,27,86,Middle,2,Slow,1,2.0,7.0,5.0,110
2479,27,87,Middle,0,Slow,0,2.0,7.0,5.0,112
2480,27,88,Middle,4,Shigh,1,6.0,7.0,1.0,68
2481,27,89,Middle,2,Slow,2,2.0,7.0,5.0,109
2482,27,89,Middle,0,Slow,4,2.0,5.0,3.0,111
2483,27,90,Rich,0,Slow,1,2.0,10.0,8.0,110
2484,27,90,Rich,1,Slow,3,2.0,8.0,6.0,103
2485,27,91,Rich,3,Shigh,0,6.0,10.0,4.0,65
2486,27,91,Rich,1,Slow,3,2.0,4.0,2.0,102
2487,27,92,Rich,4,Shigh,0,6.0,10.0,4.0,67
2488,27,92,Rich,1,Slow,3,2.0,4.0,2.0,101
2489,27,93,Rich,1,Slow,0,2.0,10.0,8.0,100
2490,27,93,Rich,0,Slow,2,2.0,8.0,6.0,109
2491,27,93,Rich,4,Shigh,4,6.0,6.0,0.0,66
2492,27,94,Rich,3,Shigh,0,6.0,10.0,4.0,64
2493,27,94,Rich,0,Slow,1,2.0,4.0,2.0,108
2494,27,95,Rich,0,Slow,3,2.0,10.0,8.0,107
2495,27,95,Rich,1,Slow,4,2.0,8.0,6.0,99
2496,27,96,Rich,0,Slow,1,2.0,10.0,8.0,106
2497,27,96,Rich,1,Slow,4,2.0,8.0,6.0,98
2498,27,97,Rich,1,Slow,3,2.0,10.0,8.0,97
2499,27,97,Rich,0,Slow,4,2.0,8.0,6.0,105
2500,27,98,Rich,0,Slow,0,2.0,10.0,8.0,104
2501,27,98,Rich,1,Slow,1,2.0,8.0,6.0,96
2502,27,99,Rich,2,Slow,0,2.0,10.0,8.0,108
2503,28,0,Poor,1,Slow,3,2.0,3.0,1.0,129
2504,28,1,Poor,0,Slow,0,2.0,3.0,1.0,129
2505,28,2,Poor,2,Slow,0,2.0,3.0,1.0,129
2506,28,4,Poor,0,Slow,2,2.0,3.0,1.0,128
2507,28,6,Poor,0,Slow,2,2.0,3.0,1.0,127
2508,28,7,Poor,0,Slow,1,2.0,3.0,1.0,126
2509,28,9,Poor,2,Slow,1,2.0,3.0,1.0,128
2510,28,10,Poor,0,Slow,3,2.0,3.0,1.0,125
2511,28,12,Poor,1,Slow,0,2.0,3.0,1.0,128
2512,28,17,Poor,0,Slow,0,2.0,3.0,1.0,124
2513,28,18,Poor,1,Slow,2,2.0,3.0,1.0,127
2514,28,19,Poor,2,Slow,1,2.0,3.0,1.0,127
2515,28,21,Poor,1,Slow,1,2.0,3.0,1.0,126
2516,28,22,Poor,1,Slow,1,2.0,3.0,1.0,125
2517,28,23,Poor,0,Slow,3,2.0,3.0,1.0,123
2518,28,24,Poor,1,Slow,3,2.0,3.0,1.0,124
2519,28,26,Poor,2,Slow,1,2.0,3.0,1.0,126
2520,28,27,Poor,0,Slow,2,2.0,3.0,1.0,122
2521,28,28,Poor,2,Slow,2,2.0,3.0,1.0,125
2522,28,29,Poor,2,Slow,2,2.0,3.0,1.0,124
2523,28,30,Poor,1,Slow,0,2.0,3.0,1.0,123
2524,28,31,Poor,2,Slow,0,2.0,3.0,1.0,123
2525,28,32,Poor,2,Slow,1,2.0,3.0,1.0,122
2526,28,33,Poor,2,Slow,1,2.0,3.0,1.0,121
2527,28,34,Poor,0,Slow,2,2.0,3.0,1.0,121
2528,28,35,Poor,2,Slow,3,2.0,3.0,1.0,120
2529,28,36,Poor,0,Slow,3,2.0,3.0,1.0,120
2530,28,38,Poor,1,Slow,4,2.0,3.0,1.0,122
2531,28,39,Poor,0,Slow,0,2.0,3.0,1.0,119
2532,28,40,Poor,2,Slow,0,2.0,3.0,1.0,119
2533,28,41,Poor,2,Slow,2,2.0,3.0,1.0,118
2534,28,42,Poor,0,Slow,0,2.0,3.0,1.0,118
2535,28,43,Poor,0,Slow,3,2.0,3.0,1.0,117
2536,28,44,Poor,1,Slow,0,2.0,3.0,1.0,121
2537,28,45,Poor,2,Slow,2,2.0,3.0,1.0,117
2538,28,47,Poor,2,Slow,0,2.0,3.0,1.0,116
2539,28,49,Poor,1,Slow,1,2.0,3.0,1.0,120
2540,28,50,Poor,1,Slow,2,2.0,3.0,1.0,119
2541,28,51,Poor,1,Slow,0,2.0,3.0,1.0,118
2542,28,53,Poor,0,Slow,2,2.0,3.0,1.0,116
2543,28,54,Poor,0,Slow,3,2.0,3.0,1.0,115
2544,28,57,Poor,1,Slow,2,2.0,3.0,1.0,117
2545,28,59,Poor,1,Slow,1,2.0,3.0,1.0,116
2546,28,60,Poor,1,Slow,1,2.0,3.0,1.0,115
2547,28,61,Poor,1,Slow,2,2.0,3.0,1.0,114
2548,28,62,Poor,1,Slow,2,2.0,3.0,1.0,113
2549,28,63,Poor,2,Slow,0,2.0,3.0,1.0,115
2550,28,65,Poor,0,Slow,1,2.0,3.0,1.0,114
2551,28,66,Poor,2,Slow,2,2.0,3.0,1.0,114
2552,28,67,Poor,1,Slow,3,2.0,3.0,1.0,112
2553,28,68,Poor,2,Slow,0,2.0,3.0,1.0,113
2554,28,71,Middle,1,Slow,1,2.0,7.0,5.0,111
2555,28,71,Middle,0,Slow,2,2.0,5.0,3.0,113
2556,28,71,Middle,2,Slow,4,2.0,3.0,1.0,112
2557,28,72,Middle,4,Shigh,0,6.0,7.0,1.0,69
2558,28,73,Middle,1,Slow,0,2.0,7.0,5.0,110
2559,28,73,Middle,0,Slow,1,2.0,5.0,3.0,112
2560,28,74,Middle,4,Shigh,2,6.0,7.0,1.0,68
2561,28,75,Middle,0,Slow,3,2.0,7.0,5.0,111
2562,28,76,Middle,1,Slow,1,2.0,7.0,5.0,109
2563,28,77,Middle,1,Slow,0,2.0,7.0,5.0,108
2564,28,77,Middle,2,Slow,3,2.0,5.0,3.0,111
2565,28,78,Middle,3,Shigh,0,6.0,7.0,1.0,69
2566,28,79,Middle,0,Slow,0,2.0,7.0,5.0,110
2567,28,79,Middle,1,Slow,4,2.0,5.0,3.0,107
2568,28,80,Middle,4,Shigh,0,6.0,7.0,1.0,67
2569,28,83,Middle,3,Shigh,0,6.0,7.0,1.0,68
2570,28,84,Middle,0,Slow,2,2.0,7.0,5.0,109
2571,28,85,Middle,2,Slow,3,2.0,7.0,5.0,110
2572,28,86,Middle,4,Shigh,0,6.0,7.0,1.0,66
2573,28,87,Middle,2,Slow,1,2.0,7.0,5.0,109
2574,28,87,Middle,0,Slow,2,2.0,5.0,3.0,108
2575,28,88,Middle,1,Slow,1,2.0,7.0,5.0,106
2576,28,90,Rich,1,Slow,2,2.0,10.0,8.0,105
2577,28,90,Rich,0,Slow,3,2.0,8.0,6.0,107
2578,28,91,Rich,2,Slow,0,2.0,10.0,8.0,108
2579,28,91,Rich,0,Slow,1,2.0,8.0,6.0,106
2580,28,91,Rich,4,Shigh,3,6.0,6.0,0.0,65
2581,28,93,Rich,0,Slow,1,2.0,10.0,8.0,105
2582,28,94,Rich,2,Slow,3,2.0,10.0,8.0,107
2583,28,95,Rich,3,Shigh,0,6.0,10.0,4.0,67
2584,28,95,Rich,0,Slow,4,2.0,4.0,2.0,104
2585,28,96,Rich,1,Slow,0,2.0,10.0,8.0,104
2586,28,96,Rich,3,Shigh,2,6.0,8.0,2.0,66
2587,28,97,Rich,0,Slow,4,2.0,10.0,8.0,103
2588,28,98,Rich,0,Slow,0,2.0,10.0,8.0,102
2589,28,98,Rich,1,Slow,1,2.0,8.0,6.0,103
2590,28,98,Rich,2,Slow,4,2.0,6.0,4.0,106
2591,28,99,Rich,2,Slow,4,2.0,10.0,8.0,105
2592,29,1,Poor,2,Slow,4,2.0,3.0,1.0,129
2593,29,2,Poor,0,Slow,2,2.0,3.0,1.0,129
2594,29,3,Poor,1,Slow,0,2.0,3.0,1.0,129
2595,29,5,Poor,0,Slow,1,2.0,3.0,1.0,128
2596,29,6,Poor,1,Slow,3,2.0,3.0,1.0,128
2597,29,7,Poor,0,Slow,1,2.0,3.0,1.0,127
2598,29,9,Poor,0,Slow,1,2.0,3.0,1.0,126
2599,29,10,Poor,0,Slow,1,2.0,3.0,1.0,125
2600,29,11,Poor,0,Slow,0,2.0,3.0,1.0,124
2601,29,12,Poor,0,Slow,0,2.0,3.0,1.0,123
2602,29,13,Poor,1,Slow,4,2.0,3.0,1.0,127
2603,29,14,Poor,0,Slow,0,2.0,3.0,1.0,122
2604,29,15,Poor,0,Slow,0,2.0,3.0,1.0,121
2605,29,18,Poor,2,Slow,1,2.0,3.0,1.0,128
2606,29,20,Poor,2,Slow,0,2.0,3.0,1.0,127
2607,29,21,Poor,2,Slow,3,2.0,3.0,1.0,126
2608,29,23,Poor,2,Slow,0,2.0,3.0,1.0,125
2609,29,24,Poor,1,Slow,1,2.0,3.0,1.0,126
2610,29,25,Poor,0,Slow,3,2.0,3.0,1.0,120
2611,29,27,Poor,2,Slow,3,2.0,3.0,1.0,124
2612,29,29,Poor,0,Slow,0,2.0,3.0,1.0,119
2613,29,32,Poor,0,Slow,0,2.0,3.0,1.0,118
2614,29,34,Poor,1,Slow,0,2.0,3.0,1.0,125
2615,29,35,Poor,0,Slow,2,2.0,3.0,1.0,117
2616,29,36,Poor,1,Slow,3,2.0,3.0,1.0,124
2617,29,40,Poor,2,Slow,0,2.0,3.0,1.0,123
2618,29,42,Poor,1,Slow,0,2.0,3.0,1.0,123
2619,29,43,Poor,1,Slow,2,2.0,3.0,1.0,122
2620,29,44,Poor,1,Slow,0,2.0,3.0,1.0,121
2621,29,45,Poor,1,Slow,4,2.0,3.0,1.0,120
2622,29,46,Poor,1,Slow,0,2.0,3.0,1.0,119
2623,29,47,Poor,2,Slow,2,2.0,3.0,1.0,122
2624,29,48,Poor,1,Slow,1,2.0,3.0,1.0,118
2625,29,50,Poor,1,Slow,3,2.0,3.0,1.0,117
2626,29,51,Poor,0,Slow,1,2.0,3.0,1.0,116
2627,29,52,Poor,0,Slow,0,2.0,3.0,1.0,115
2628,29,53,Poor,1,Slow,0,2.0,3.0,1.0,116
2629,29,54,Poor,1,Slow,2,2.0,3.0,1.0,115
2630,29,60,Poor,1,Slow,1,2.0,3.0,1.0,114
2631,29,61,Poor,2,Slow,1,2.0,3.0,1.0,121
2632,29,63,Poor,0,Slow,2,2.0,3.0,1.0,114
2633,29,64,Poor,2,Slow,3,2.0,3.0,1.0,120
2634,29,65,Poor,2,Slow,2,2.0,3.0,1.0,119
2635,29,66,Poor,1,Slow,1,2.0,3.0,1.0,113
2636,29,67,Poor,1,Slow,2,2.0,3.0,1.0,112
2637,29,68,Poor,1,Slow,2,2.0,3.0,1.0,111
2638,29,70,Middle,0,Slow,1,2.0,7.0,5.0,113
2639,29,71,Middle,2,Slow,2,2.0,7.0,5.0,118
2640,29,71,Middle,1,Slow,3,2.0,5.0,3.0,110
2641,29,72,Middle,0,Slow,1,2.0,7.0,5.0,112
2642,29,73,Middle,1,Slow,1,2.0,7.0,5.0,109
2643,29,74,Middle,1,Slow,0,2.0,7.0,5.0,108
2644,29,74,Middle,2,Slow,4,2.0,5.0,3.0,117
2645,29,75,Middle,2,Slow,3,2.0,7.0,5.0,116
2646,29,76,Middle,3,Shigh,3,6.0,7.0,1.0,69
2647,29,77,Middle,1,Slow,1,2.0,7.0,5.0,107
2648,29,78,Middle,1,Slow,0,2.0,7.0,5.0,106
2649,29,79,Middle,3,Shigh,2,6.0,7.0,1.0,68
2650,29,81,Middle,1,Slow,0,2.0,7.0,5.0,105
2651,29,82,Middle,1,Slow,2,2.0,7.0,5.0,104
2652,29,83,Middle,0,Slow,2,2.0,7.0,5.0,111
2653,29,85,Middle,3,Shigh,1,6.0,7.0,1.0,67
2654,29,86,Middle,0,Slow,1,2.0,7.0,5.0,110
2655,29,86,Middle,2,Slow,3,2.0,5.0,3.0,115
2656,29,87,Middle,4,Shigh,1,6.0,7.0,1.0,69
2657,29,88,Middle,0,Slow,0,2.0,7.0,5.0,109
2658,29,89,Middle,1,Slow,0,2.0,7.0,5.0,103
2659,29,89,Middle,0,Slow,1,2.0,5.0,3.0,108
2660,29,90,Rich,4,Shigh,0,6.0,10.0,4.0,68
2661,29,90,Rich,2,Slow,1,2.0,4.0,2.0,114
2662,29,91,Rich,3,Shigh,0,6.0,10.0,4.0,66
2663,29,91,Rich,2,Slow,4,2.0,4.0,2.0,113
2664,29,92,Rich,1,Slow,4,2.0,10.0,8.0,102
2665,29,93,Rich,1,Slow,0,2.0,10.0,8.0,101
2666,29,93,Rich,4,Shigh,3,6.0,8.0,2.0,67
2667,29,94,Rich,0,Slow,1,2.0,10.0,8.0,107
2668,29,94,Rich,3,Shigh,3,6.0,8.0,2.0,65
2669,29,95,Rich,0,Slow,2,2.0,10.0,8.0,106
2670,29,95,Rich,2,Slow,3,2.0,8.0,6.0,112
2671,29,96,Rich,3,Shigh,0,6.0,10.0,4.0,64
2672,29,96,Rich,2,Slow,4,2.0,4.0,2.0,111
2673,29,97,Rich,1,Slow,2,2.0,10.0,8.0,100
2674,29,98,Rich,4,Shigh,1,6.0,10.0,4.0,66
2675,29,99,Rich,4,Shigh,1,6.0,10.0,4.0,65
2676,29,99,Rich,0,Slow,4,2.0,4.0,2.0,105
