prompt,p_agent,p_rule,n,reasoning
"a high-income shopper, who buys often overall, is at a budget stall priced at 1.40. The shopper bought here last week and has already bought 1 item(s) today, spending about 6. It is late in the season.",0.72,0.6196033983804825,1,"Need probability. High income, frequent buyer, price low, previous purchase this day, spent 6 total, budget stall, late season. Likely to buy again? Maybe moderate-high: 70%."
"a high-income shopper, who buys often overall, is at a budget stall priced at 1.40. The shopper bought here last week and has bought nothing yet today. It is early in the season.",0.85,0.5649618639632561,2,"Need probability. High income, frequent buyer, price low, previous visit, no purchase today, early season. Likely high chance maybe 80-90. I'll choose 85."
"a high-income shopper, who buys often overall, is at a budget stall priced at 1.40. The shopper bought here last week and has bought nothing yet today. It is late in the season.",0.75,0.7551131330063602,1,"Need probability. High income, frequent buyer, price low, previous purchase, no purchase today, late season. Likely high chance maybe 70-80. I'll choose 75."
"a high-income shopper, who buys often overall, is at a budget stall priced at 1.40. The shopper bought here last week and has bought nothing yet today. It is mid-season.",0.82,0.5208893847119689,1,"Need probability. High income, frequent buyer, price low, previous visit, hasn't bought today. Mid-season maybe less urgency. I'd say high chance ~80%."
"a high-income shopper, who buys often overall, is at a budget stall priced at 1.40. The shopper has bought here 2 weeks running and has bought nothing yet today. It is early in the season.",0.85,0.6718176422396885,1,"Need probability. High income, frequent buyer, price low, early season, hasn't bought yet today. Likely high chance maybe 80-90. I'll choose 85."
"a high-income shopper, who buys often overall, is at a budget stall priced at 1.40. The shopper has bought here 3 weeks running and has bought nothing yet today. It is early in the season.",0.85,0.8710871534143516,2,"Need probability. High income, frequent buyer, price low, early season, hasn't bought today. Likely high chance maybe 80-90. I'll choose 85."
"a high-income shopper, who buys often overall, is at a budget stall priced at 1.40. The shopper has never bought here and has already bought 1 item(s) today, spending about 2. It is early in the season.",0.15,0.4095960997898795,3,"Need probability. High income, buys often, but new stall, price 1.4, already spent 2, early season. Likely low chance. Maybe 15%."
"a high-income shopper, who buys often overall, is at a budget stall priced at 1.40. The shopper has never bought here and has already bought 1 item(s) today, spending about 2. It is late in the season.",0.35,0.455256171331546,1,"Need probability. High income, frequent buyer, but new stall, price low, budget stall, late season. Likely moderate chance maybe 30-40%. I'll output 35."
"a high-income shopper, who buys often overall, is at a budget stall priced at 1.40. The shopper has never bought here and has already bought 1 item(s) today, spending about 6. It is early in the season.",0.35,0.6148611152700592,1,"Need probability. High income, frequent buyer, but new stall, price low, early season. Likely moderate chance maybe 30-40%. I'll output 35."
"a high-income shopper, who buys often overall, is at a budget stall priced at 1.40. The shopper has never bought here and has already bought 1 item(s) today, spending about 6. It is late in the season.",0.35,0.3180846475549606,2,"Need probability. High income, frequent buyer, but new stall, price low, budget stall, late season. Likely moderate chance maybe 30-40%. I'll output 35."
"a high-income shopper, who buys often overall, is at a budget stall priced at 1.40. The shopper has never bought here and has already bought 1 item(s) today, spending about 6. It is mid-season.",0.35,0.3754823824748402,1,"Need probability. High income, frequent buyer, but new stall, price low, mid-season. Likely moderate chance maybe 30-40%. I'll output 35."
"a high-income shopper, who buys often overall, is at a budget stall priced at 1.40. The shopper has never bought here and has already bought 2 item(s) today, spending about 4. It is early in the season.",0.35,0.5119149420221888,1,"Need probability. High income, buys often, but new stall, price 1.40, already spent ~4 on 2 items earlier. Early season. Likely moderate chance maybe 30-40%. I'll output 35."
"a high-income shopper, who buys often overall, is at a budget stall priced at 1.40. The shopper has never bought here and has already bought 2 item(s) today, spending about 4. It is late in the season.",0.35,0.5679416782363755,1,"Need probability. High income, frequent buyer, but new stall, price low, already spent 4, budget stall, late season. Likely moderate chance maybe 30-40%. I'll output 35."
"a high-income shopper, who buys often overall, is at a budget stall priced at 1.40. The shopper has never bought here and has already bought 2 item(s) today, spending about 4. It is mid-season.",0.35,0.3500390467827376,1,"Need probability. High income, buys often, but new stall, price low, already spent 4, mid-season. Likely to buy? Maybe moderate 30-40%. I'll choose 35."
"a high-income shopper, who buys often overall, is at a budget stall priced at 1.40. The shopper has never bought here and has already bought 2 item(s) today, spending about 8. It is early in the season.",0.35,0.5043009824624817,1,"Need probability. High income, buys often, but new stall, price low, early season. Likely moderate chance maybe 30-40%. I'll output 35."
"a high-income shopper, who buys often overall, is at a budget stall priced at 1.40. The shopper has never bought here and has already bought 2 item(s) today, spending about 8. It is late in the season.",0.35,0.3294155372499835,1,"Need probability. High income, buys often, but new stall, price low, already spent 8, budget stall maybe cheap. Late season may reduce. I'd say moderate 35%."
"a high-income shopper, who buys often overall, is at a budget stall priced at 1.40. The shopper has never bought here and has already bought 2 item(s) today, spending about 8. It is mid-season.",0.65,0.3823807397806566,1,"Need probability. High income, buys often, but new stall, price low, already spent 8, two items. Likely to buy? Maybe moderate 60%."
"a high-income shopper, who buys often overall, is at a budget stall priced at 1.40. The shopper has never bought here and has bought nothing yet today. It is early in the season.",0.75,0.5273897640048814,2,"Need probability. High income, buys often, but new stall, price low, early season. Likely high chance maybe 70-80. I'll choose 75."
"a high-income shopper, who buys often overall, is at a budget stall priced at 1.40. The shopper has never bought here and has bought nothing yet today. It is late in the season.",0.35,0.5544261536405078,5,"Need probability. High income, buys often, but new stall, price low, late season. Maybe moderate chance ~30-40. I'll pick 35."
"a high-income shopper, who buys often overall, is at a budget stall priced at 1.40. The shopper has never bought here and has bought nothing yet today. It is mid-season.",0.75,0.6737728990930842,1,"Need probability. High income, buys often, but new stall, price low, mid-season. Likely high chance maybe 70-80. I'll choose 75."
"a high-income shopper, who buys often overall, is at a budget stall priced at 2.00. The shopper bought here last week and has already bought 1 item(s) today, spending about 2. It is early in the season.",0.85,0.6123413752535052,4,"Need probability. High income, frequent buyer, price low, previous purchase today, early season. Likely high chance maybe 80-90. I'll choose 85."
"a high-income shopper, who buys often overall, is at a budget stall priced at 2.00. The shopper bought here last week and has already bought 1 item(s) today, spending about 2. It is late in the season.",0.75,0.593838492763884,16,"Need probability. High income, frequent buyer, price low, previous purchase today, late season. Likely high chance but maybe slight drop due to season. I'd say 75."
"a high-income shopper, who buys often overall, is at a budget stall priced at 2.00. The shopper bought here last week and has already bought 1 item(s) today, spending about 2. It is mid-season.",0.85,0.6518238556819085,16,"Need probability. High income, frequent buyer, price low, previous purchase today, mid-season. Likely high chance ~80-90. I'll choose 85."
"a high-income shopper, who buys often overall, is at a budget stall priced at 2.00. The shopper bought here last week and has already bought 1 item(s) today, spending about 4. It is early in the season.",0.85,0.6548799261851649,1,"Need probability. High income, frequent buyer, price low, previous purchase this day, early season. Likely high chance maybe 80-90. I'll choose 85."
"a high-income shopper, who buys often overall, is at a budget stall priced at 2.00. The shopper bought here last week and has already bought 1 item(s) today, spending about 4. It is late in the season.",0.72,0.48397878115075244,1,"Need probability. High income, frequent buyer, price low, previous purchase, spent 4 total, only 1 item today, budget stall, late season. Likely to buy again? Maybe moderate-high: 70%."
"a high-income shopper, who buys often overall, is at a budget stall priced at 2.00. The shopper bought here last week and has already bought 1 item(s) today, spending about 6. It is early in the season.",0.85,0.6277672020520473,8,"Need probability. High income, frequent buyer, price low, previous purchase this day, early season. Likely high chance maybe 80-90. I'll output 85."
"a high-income shopper, who buys often overall, is at a budget stall priced at 2.00. The shopper bought here last week and has already bought 1 item(s) today, spending about 6. It is late in the season.",0.72,0.6337676159514316,9,"Need probability. High income, frequent buyer, price low, previous purchase this day, late season maybe less demand. Likely still buy. Maybe 70%."
"a high-income shopper, who buys often overall, is at a budget stall priced at 2.00. The shopper bought here last week and has already bought 1 item(s) today, spending about 6. It is mid-season.",0.85,0.5232315092636455,12,"Need probability. High income, frequent buyer, price low, previous purchase this day, mid-season. Likely high chance. Maybe 80-90%. I'll output 85."
"a high-income shopper, who buys often overall, is at a budget stall priced at 2.00. The shopper bought here last week and has already bought 2 item(s) today, spending about 4. It is early in the season.",0.85,0.48718606636338574,2,"Need probability. High income, frequent buyer, price low, previous purchase, early season. Likely high chance maybe 80-90. I'll choose 85."
"a high-income shopper, who buys often overall, is at a budget stall priced at 2.00. The shopper bought here last week and has already bought 2 item(s) today, spending about 4. It is late in the season.",0.72,0.6219113326098786,1,"Need probability. High income, frequent buyer, price low, previous purchase, only 2 items today, budget stall, late season. Likely to buy again? Maybe moderate-high: 70%."
"a high-income shopper, who buys often overall, is at a budget stall priced at 2.00. The shopper bought here last week and has already bought 2 item(s) today, spending about 4. It is mid-season.",0.85,0.5729457455264765,3,"Need probability. High income, frequent buyer, price low, previous purchase, mid-season. Likely high chance ~80-90. I'll choose 85."
"a high-income shopper, who buys often overall, is at a budget stall priced at 2.00. The shopper bought here last week and has already bought 2 item(s) today, spending about 6. It is mid-season.",0.85,0.7033706732745846,1,"Need probability. High income, frequent buyer, price low, previous purchase, mid-season. Likely high chance ~80-90. I'll output 85."
"a high-income shopper, who buys often overall, is at a budget stall priced at 2.00. The shopper bought here last week and has already bought 2 item(s) today, spending about 7. It is late in the season.",0.6,0.6467228903152487,1,"Need probability. High income, frequent buyer, price low, previous purchase, only 2 items today, spent 7 total. Late season may reduce demand. Likely still buy one more? Maybe 60%."
"a high-income shopper, who buys often overall, is at a budget stall priced at 2.00. The shopper bought here last week and has already bought 2 item(s) today, spending about 8. It is early in the season.",0.72,0.5203360621582787,1,"Need probability. High income, frequent buyer, price low, previous purchase this week, already spent 8, budget stall. Early season maybe less demand. I'd say high chance ~70%."
"a high-income shopper, who buys often overall, is at a budget stall priced at 2.00. The shopper bought here last week and has already bought 2 item(s) today, spending about 8. It is late in the season.",0.72,0.6566569252323271,4,"Need probability. High income, frequent buyer, price low, previous purchase, only 2 items today, spent 8 total. Late season may reduce demand. Likely still buy. Maybe 70%."
"a high-income shopper, who buys often overall, is at a budget stall priced at 2.00. The shopper bought here last week and has already bought 2 item(s) today, spending about 8. It is mid-season.",0.75,0.5733516703348682,2,"Need probability. High income, frequent buyer, price low, previous purchase this week, already 2 items today spending ~8 (so maybe budget stall). Mid-season. Likely to buy again. Maybe high chance like 70-80%. I'll output 75."
"a high-income shopper, who buys often overall, is at a budget stall priced at 2.00. The shopper bought here last week and has bought nothing yet today. It is early in the season.",0.85,0.6487340370673012,26,"Need probability. High income, frequent buyer, price low, previous visit, no purchase today, early season. Likely high chance maybe 80-90. I'll choose 85."
"a high-income shopper, who buys often overall, is at a budget stall priced at 2.00. The shopper bought here last week and has bought nothing yet today. It is late in the season.",0.85,0.6706704533545675,34,"Need probability. High income, frequent buyer, previous visit, price low, late season maybe less demand. I'd say high chance ~80%."
"a high-income shopper, who buys often overall, is at a budget stall priced at 2.00. The shopper bought here last week and has bought nothing yet today. It is mid-season.",0.85,0.6709021002696679,31,"Need probability. High income, frequent buyer, price low, previous purchase, no purchase today, mid-season. Likely high chance ~80-90. I'll choose 85."
"a high-income shopper, who buys often overall, is at a budget stall priced at 2.00. The shopper has bought here 2 weeks running and has already bought 1 item(s) today, spending about 2. It is early in the season.",0.85,0.753073319296092,3,"Need probability. High income, frequent buyer, price low, early season. Likely high chance maybe 80-90. I'll output 85."
"a high-income shopper, who buys often overall, is at a budget stall priced at 2.00. The shopper has bought here 2 weeks running and has already bought 1 item(s) today, spending about 2. It is late in the season.",0.7,0.7946662378070095,3,"Need probability. High income, frequent buyer, price low, already bought one today, late season maybe less interest. Maybe 70%."
"a high-income shopper, who buys often overall, is at a budget stall priced at 2.00. The shopper has bought here 2 weeks running and has already bought 1 item(s) today, spending about 2. It is mid-season.",0.7,0.7441284644068554,6,"Need probability. High income, frequent buyer, price low, already bought one today, mid-season. Likely to buy again? Maybe high but not too high because budget stall maybe less interest. I'd say 70%."
"a high-income shopper, who buys often overall, is at a budget stall priced at 2.00. The shopper has bought here 2 weeks running and has already bought 1 item(s) today, spending about 4. It is late in the season.",0.7,0.8222579132321168,1,"Need probability. High income, frequent buyer, price low, already bought 1 today, budget stall, late season. Likely to buy again? Maybe moderate high: 70%."
"a high-income shopper, who buys often overall, is at a budget stall priced at 2.00. The shopper has bought here 2 weeks running and has already bought 1 item(s) today, spending about 6. It is early in the season.",0.85,0.643797045457908,3,"Need probability. High income, frequent buyer, price low, early season. Likely high chance maybe 80-90. I'll output 85."
"a high-income shopper, who buys often overall, is at a budget stall priced at 2.00. The shopper has bought here 2 weeks running and has already bought 1 item(s) today, spending about 6. It is late in the season.",0.72,0.7241518643972916,6,"Need probability. High income, frequent buyer, price low, already bought 1 today, budget stall, late season. Likely to buy again? Maybe moderate high: 70%."
"a high-income shopper, who buys often overall, is at a budget stall priced at 2.00. The shopper has bought here 2 weeks running and has already bought 1 item(s) today, spending about 6. It is mid-season.",0.85,0.7418353905901242,3,"Need probability. High income, frequent buyer, price low, mid-season, already bought 1 today. Likely to buy again. Maybe 80%."
"a high-income shopper, who buys often overall, is at a budget stall priced at 2.00. The shopper has bought here 2 weeks running and has already bought 2 item(s) today, spending about 4. It is mid-season.",0.85,0.8248014820606661,1,"Need probability. High income, frequent buyer, price low, mid-season. Likely high chance ~80-90. I'll output 85."
"a high-income shopper, who buys often overall, is at a budget stall priced at 2.00. The shopper has bought here 2 weeks running and has already bought 2 item(s) today, spending about 6. It is late in the season.",0.72,0.7084088590234544,1,"Need probability. High income, frequent buyer, price low, already bought 2 items today, budget stall, late season. Likely to buy again? Maybe moderate high: 70%."
"a high-income shopper, who buys often overall, is at a budget stall priced at 2.00. The shopper has bought here 2 weeks running and has already bought 2 item(s) today, spending about 7. It is early in the season.",0.85,0.751133191620862,1,"Need probability. High income, frequent buyer, price low, early season. Likely high chance maybe 80-90. I'll choose 85."
"a high-income shopper, who buys often overall, is at a budget stall priced at 2.00. The shopper has bought here 2 weeks running and has already bought 2 item(s) today, spending about 7. It is late in the season.",0.72,0.7804124119298281,1,"Need probability. High income, frequent buyer, price low, already bought 2 items today, budget stall, late season. Likely to buy again? Maybe moderate high: 70%."
"a high-income shopper, who buys often overall, is at a budget stall priced at 2.00. The shopper has bought here 2 weeks running and has already bought 2 item(s) today, spending about 8. It is early in the season.",0.85,0.7742190862873419,2,"Need probability. High income, frequent buyer, price low, early season. Likely high chance maybe 80-90. I'll choose 85."
"a high-income shopper, who buys often overall, is at a budget stall priced at 2.00. The shopper has bought here 2 weeks running and has already bought 2 item(s) today, spending about 8. It is late in the season.",0.72,0.7642406682781328,1,"Need probability. High income, frequent buyer, price low, already bought 2 items today, budget stall, late season. Likely to buy again? Maybe moderate high: 70%."
"a high-income shopper, who buys often overall, is at a budget stall priced at 2.00. The shopper has bought here 2 weeks running and has already bought 2 item(s) today, spending about 8. It is mid-season.",0.85,0.7538303977392578,1,"Need probability. High income, frequent buyer, price low, mid-season. Likely high chance ~80-90. I'll output 85."
"a high-income shopper, who buys often overall, is at a budget stall priced at 2.00. The shopper has bought here 2 weeks running and has bought nothing yet today. It is early in the season.",0.85,0.7760654358039598,8,"Need probability. High income, frequent buyer, price low, early season, hasn't bought today. Likely high chance maybe 80-90. I'll choose 85."
"a high-income shopper, who buys often overall, is at a budget stall priced at 2.00. The shopper has bought here 2 weeks running and has bought nothing yet today. It is late in the season.",0.85,0.7493857897391352,16,"Need probability. High income, frequent buyer, price low, early season? Late season maybe less demand but still. I'd say high chance ~80%."
"a high-income shopper, who buys often overall, is at a budget stall priced at 2.00. The shopper has bought here 2 weeks running and has bought nothing yet today. It is mid-season.",0.85,0.7253142957472227,2,"Need probability. High income, frequent buyer, price low, mid-season, hasn't bought today. Likely high chance maybe 80-90. I'll choose 85."
"a high-income shopper, who buys often overall, is at a budget stall priced at 2.00. The shopper has bought here 3 weeks running and has already bought 1 item(s) today, spending about 2. It is mid-season.",0.75,0.8601884507929731,2,"Need probability. High income, frequent buyer, price low, mid-season, already bought one today. Likely to buy again? Maybe 70%."
"a high-income shopper, who buys often overall, is at a budget stall priced at 2.00. The shopper has bought here 3 weeks running and has already bought 1 item(s) today, spending about 6. It is late in the season.",0.72,0.7641399328489775,4,"Need probability. High income, frequent buyer, price low, already bought 1 today, budget stall, late season. Likely to buy again? Maybe moderate high: 70%."
"a high-income shopper, who buys often overall, is at a budget stall priced at 2.00. The shopper has bought here 3 weeks running and has already bought 2 item(s) today, spending about 4. It is mid-season.",0.7,0.860375684314355,2,"Need probability. High income, frequent buyer, price low, mid-season, already bought 2 items today. Likely to buy another? Maybe high but not guaranteed. I'd say 70%."
"a high-income shopper, who buys often overall, is at a budget stall priced at 2.00. The shopper has bought here 3 weeks running and has already bought 2 item(s) today, spending about 6. It is mid-season.",0.7,0.640233158523261,1,"Need probability. High income, frequent buyer, price low, mid-season, already bought 2 items today. Likely to buy another? Maybe high but not guaranteed. I'd say 70%."
"a high-income shopper, who buys often overall, is at a budget stall priced at 2.00. The shopper has bought here 3 weeks running and has already bought 2 item(s) today, spending about 7. It is mid-season.",0.7,0.8680670491056659,1,"Need probability. High income, frequent buyer, price low, mid-season, already bought 2 items today. Likely to buy another? Maybe high but not guaranteed. I'd say 70%."
"a high-income shopper, who buys often overall, is at a budget stall priced at 2.00. The shopper has bought here 3 weeks running and has bought nothing yet today. It is early in the season.",0.85,0.8912438663639379,4,"Need probability. High income, frequent buyer, price low, early season, hasn't bought today. Likely high chance maybe 80-90. I'll choose 85."
"a high-income shopper, who buys often overall, is at a budget stall priced at 2.00. The shopper has bought here 3 weeks running and has bought nothing yet today. It is late in the season.",0.82,0.8352851894645528,8,"Need probability. High income, frequent buyer, price low, 3 weeks streak, but hasn't bought today, late season maybe less. I'd say high chance ~80%."
"a high-income shopper, who buys often overall, is at a budget stall priced at 2.00. The shopper has bought here 3 weeks running and has bought nothing yet today. It is mid-season.",0.85,0.8497800759200205,6,"Need probability. High income, frequent buyer, price low, mid-season, hasn't bought today. Likely high chance maybe 80-90. I'll choose 85."
"a high-income shopper, who buys often overall, is at a budget stall priced at 2.00. The shopper has never bought here and has already bought 1 item(s) today, spending about 1. It is early in the season.",0.18,0.44374095444021827,4,"Need probability. High income, buys often, but new stall, price $2, early season. Likely low chance maybe 20%."
"a high-income shopper, who buys often overall, is at a budget stall priced at 2.00. The shopper has never bought here and has already bought 1 item(s) today, spending about 1. It is late in the season.",0.35,0.6068590206395629,1,"Need probability. High income, frequent buyer, but new stall, price $2, spent ~1 earlier. Late season may reduce. Maybe moderate chance like 35%."
"a high-income shopper, who buys often overall, is at a budget stall priced at 2.00. The shopper has never bought here and has already bought 1 item(s) today, spending about 1. It is mid-season.",0.35,0.5324837681219456,3,"Need probability. High income, buys often, but new stall, price $2, already spent ~1, mid-season. Likely moderate chance maybe 30-40%. I'll output 35."
"a high-income shopper, who buys often overall, is at a budget stall priced at 2.00. The shopper has never bought here and has already bought 1 item(s) today, spending about 2. It is early in the season.",0.15,0.5008983910553804,36,"Need probability. High income, buys often, but new stall, price $2, early season. Likely low chance. Maybe 15%."
"a high-income shopper, who buys often overall, is at a budget stall priced at 2.00. The shopper has never bought here and has already bought 1 item(s) today, spending about 2. It is late in the season.",0.35,0.5020016197897176,64,"Need probability. High income, buys often, but new stall, price $2, spent 2 earlier. Late season may reduce. Maybe moderate chance ~30%."
"a high-income shopper, who buys often overall, is at a budget stall priced at 2.00. The shopper has never bought here and has already bought 1 item(s) today, spending about 2. It is mid-season.",0.15,0.4974511786447253,65,"Need probability. High income, buys often, but new stall, price $2, mid-season. Likely low chance. Maybe 15%."
"a high-income shopper, who buys often overall, is at a budget stall priced at 2.00. The shopper has never bought here and has already bought 1 item(s) today, spending about 4. It is early in the season.",0.35,0.5896461453517916,2,"Need probability. High income, frequent buyer, but new stall, price $2, early season. Likely moderate chance maybe 30-40%. I'll output 35."
"a high-income shopper, who buys often overall, is at a budget stall priced at 2.00. The shopper has never bought here and has already bought 1 item(s) today, spending about 4. It is late in the season.",0.35,0.4505284742828426,6,"Need probability. High income, frequent buyer, but new stall, price $2, already spent $4 today, late season. Likely moderate chance maybe 30-40%. I'll output 35."
"a high-income shopper, who buys often overall, is at a budget stall priced at 2.00. The shopper has never bought here and has already bought 1 item(s) today, spending about 4. It is mid-season.",0.35,0.40573297919737467,4,"Need probability. High income, buys often, but new stall, price $2, already spent $4 today. Mid-season. Likely moderate chance maybe 30-40%. I'll output 35."
"a high-income shopper, who buys often overall, is at a budget stall priced at 2.00. The shopper has never bought here and has already bought 1 item(s) today, spending about 6. It is early in the season.",0.15,0.45774264424028344,24,"Need probability. High income, frequent buyer, but new stall, price $2, early season. Likely low chance. Maybe 15%."
"a high-income shopper, who buys often overall, is at a budget stall priced at 2.00. The shopper has never bought here and has already bought 1 item(s) today, spending about 6. It is late in the season.",0.15,0.4521784924573184,52,"Need probability. High income, frequent buyer, but new stall, price $2, budget stall, late season. Likely low chance. Maybe 15%."
"a high-income shopper, who buys often overall, is at a budget stall priced at 2.00. The shopper has never bought here and has already bought 1 item(s) today, spending about 6. It is mid-season.",0.35,0.4681664615294686,42,"Need probability. High income, buys often, but new stall, price $2, mid-season. Likely moderate chance maybe 30-40%. I'll output 35."
"a high-income shopper, who buys often overall, is at a budget stall priced at 2.00. The shopper has never bought here and has already bought 2 item(s) today, spending about 4. It is early in the season.",0.15,0.4188157638820879,3,"Need probability. High income, buys often, but new stall, price $2, early season. Likely low chance. Maybe 15%."
"a high-income shopper, who buys often overall, is at a budget stall priced at 2.00. The shopper has never bought here and has already bought 2 item(s) today, spending about 4. It is late in the season.",0.3,0.4890272403788183,16,"Need probability. High income, buys often, but new stall, price $2, already spent $4 today, late season. Likely lower chance. Maybe 30%."
"a high-income shopper, who buys often overall, is at a budget stall priced at 2.00. The shopper has never bought here and has already bought 2 item(s) today, spending about 4. It is mid-season.",0.35,0.489917844779378,14,"Need probability. High income, buys often, but new stall, price $2, already spent $4 today. Mid-season. Likely moderate chance maybe 30-40%. I'll output 35."
"a high-income shopper, who buys often overall, is at a budget stall priced at 2.00. The shopper has never bought here and has already bought 2 item(s) today, spending about 6. It is late in the season.",0.35,0.48464830971916345,6,"Need probability. High income, frequent buyer, but new stall, price $2, already spent $6 on 2 items (so average $3). Late season may reduce. I'd say moderate chance ~35%."
"a high-income shopper, who buys often overall, is at a budget stall priced at 2.00. The shopper has never bought here and has already bought 2 item(s) today, spending about 7. It is late in the season.",0.35,0.5871663056242705,1,"Need probability. High income, frequent buyer, but new stall, price $2, already spent $7 on 2 items (so average $3.5). Late season may reduce. I'd say moderate chance ~35%."
"a high-income shopper, who buys often overall, is at a budget stall priced at 2.00. The shopper has never bought here and has already bought 2 item(s) today, spending about 8. It is early in the season.",0.35,0.4486295942127394,14,"Need probability. High income, buys often, but new stall, price $2, early season, already spent $8 on 2 items (so average $4). Likely to buy? Maybe moderate: 35%."
"a high-income shopper, who buys often overall, is at a budget stall priced at 2.00. The shopper has never bought here and has already bought 2 item(s) today, spending about 8. It is late in the season.",0.35,0.3956138288344903,18,"Need probability. High income, frequent buyer, but new stall, price $2, already spent $8 on 2 items (so average $4). Late season may reduce. I'd say moderate chance ~35%."
"a high-income shopper, who buys often overall, is at a budget stall priced at 2.00. The shopper has never bought here and has already bought 2 item(s) today, spending about 8. It is mid-season.",0.32,0.41444076911464195,19,"Need probability. High income, buys often, but new stall, price $2, already spent $8 on 2 items (so average $4). Mid-season maybe less demand. I'd say moderate chance ~30%."
"a high-income shopper, who buys often overall, is at a budget stall priced at 2.00. The shopper has never bought here and has already bought 3 item(s) today, spending about 10. It is early in the season.",0.15,0.3847414096210823,1,"Need probability. High income, frequent buyer, but new stall, price $2, early season. Likely low chance. Maybe 15%."
"a high-income shopper, who buys often overall, is at a budget stall priced at 2.00. The shopper has never bought here and has already bought 3 item(s) today, spending about 10. It is late in the season.",0.3,0.504786520664361,1,"Need probability. High income, frequent buyer, but new stall, price $2, already spent $10, late season. Likely lower chance. Maybe 30%."
"a high-income shopper, who buys often overall, is at a budget stall priced at 2.00. The shopper has never bought here and has already bought 3 item(s) today, spending about 10. It is mid-season.",0.35,0.3476340411272242,1,"Need probability. High income, buys often, but new stall, price $2, already spent $10, mid-season. Likely moderate chance maybe 30-40%. I'll output 35."
"a high-income shopper, who buys often overall, is at a budget stall priced at 2.00. The shopper has never bought here and has already bought 3 item(s) today, spending about 9. It is mid-season.",0.35,0.3786177165733615,1,"Need probability. High income, buys often, but new stall, price $2, already spent $9 on 3 items (so average $3). Mid-season maybe less demand. I'd say moderate chance ~35%."
"a high-income shopper, who buys often overall, is at a budget stall priced at 2.00. The shopper has never bought here and has bought nothing yet today. It is early in the season.",0.15,0.5250108141009029,89,"Need probability. High income, buys often, but new stall, price $2, early season. Likely low chance. Maybe 15%."
"a high-income shopper, who buys often overall, is at a budget stall priced at 2.00. The shopper has never bought here and has bought nothing yet today. It is late in the season.",0.35,0.5295339139857361,159,"Need probability. High income, buys often, but new stall, price $2, late season. Maybe moderate chance ~30-40. I'll pick 35."
"a high-income shopper, who buys often overall, is at a budget stall priced at 2.00. The shopper has never bought here and has bought nothing yet today. It is mid-season.",0.35,0.531311874975304,144,"Need probability. High income, buys often, but new stall, price $2, mid-season. Likely moderate chance maybe 30-40%. I'll output 35."
"a high-income shopper, who buys often overall, is at a premium stall priced at 4.20. The shopper bought here last week and has already bought 1 item(s) today, spending about 2. It is late in the season.",0.65,0.6348238256774651,1,"Need probability. High income, frequent buyer, premium stall, price 4.20, bought last week, already bought 1 today spending ~2 (so maybe low spend). Late season may reduce. I'd say moderate high: maybe 65%."
"a high-income shopper, who buys often overall, is at a premium stall priced at 4.20. The shopper bought here last week and has already bought 1 item(s) today, spending about 2. It is mid-season.",0.78,0.5707658618176175,3,"Need probability. High income, frequent buyer, premium stall, price moderate, previous purchase today, mid-season. Likely high chance ~70-80. I'll choose 78."
"a high-income shopper, who buys often overall, is at a premium stall priced at 4.20. The shopper bought here last week and has already bought 1 item(s) today, spending about 6. It is mid-season.",0.72,0.5902951595263447,1,"Need probability. High income, frequent buyer, premium stall, price 4.20, bought last week, already bought 1 today spending ~6 (so maybe earlier purchase). Mid-season. Likely to buy again? Maybe moderate-high: say 70%."
"a high-income shopper, who buys often overall, is at a premium stall priced at 4.20. The shopper bought here last week and has bought nothing yet today. It is late in the season.",0.65,0.6484752314631278,1,"Need probability. High income, frequent buyer, premium stall, price 4.20, bought last week, none today, late season. Likely lower due to season but still high. Maybe 65%."
"a high-income shopper, who buys often overall, is at a premium stall priced at 4.20. The shopper bought here last week and has bought nothing yet today. It is mid-season.",0.75,0.6668834398810617,2,"Need probability. High income, frequent buyer, premium stall, price moderate, previous purchase last week, hasn't bought today, mid-season. Likely high chance maybe 70-80%. I'll choose 75."
"a high-income shopper, who buys often overall, is at a premium stall priced at 4.20. The shopper has bought here 3 weeks running and has already bought 2 item(s) today, spending about 4. It is mid-season.",0.7,0.8058643191961187,1,"Need probability. High income, frequent buyer, premium stall, price 4.20, already bought 2 items today spending ~4 (so maybe cheap earlier). Mid-season. Likely to buy again? Maybe high chance but price slightly higher. I'd say 70%."
"a high-income shopper, who buys often overall, is at a premium stall priced at 4.20. The shopper has never bought here and has already bought 1 item(s) today, spending about 2. It is early in the season.",0.35,0.43749090161776577,2,"Need probability. High income, frequent buyer, premium stall price 4.20, first time here, already bought 1 item today spending ~2. Early season. Likely moderate chance maybe 35%."
"a high-income shopper, who buys often overall, is at a premium stall priced at 4.20. The shopper has never bought here and has already bought 1 item(s) today, spending about 2. It is late in the season.",0.3,0.43913943935587124,6,"Need probability. High income, frequent buyer, premium stall price 4.20, first time here, already bought 1 item today spending ~2, late season. Likely lower chance due to high price and new stall. Maybe 30%."
"a high-income shopper, who buys often overall, is at a premium stall priced at 4.20. The shopper has never bought here and has already bought 1 item(s) today, spending about 2. It is mid-season.",0.35,0.3888346288197862,3,"Need probability. High income, frequent buyer, premium stall price 4.20 moderate. Never bought here before. Already spent 2 today. Mid-season. Likely maybe 30-40%. I'll choose 35."
"a high-income shopper, who buys often overall, is at a premium stall priced at 4.20. The shopper has never bought here and has already bought 1 item(s) today, spending about 6. It is early in the season.",0.35,0.4271136306376743,1,"Need probability. High income, frequent buyer, premium stall price 4.20, first time here, already bought 1 item today spending ~6. Early season. Likely moderate chance maybe 35%."
"a high-income shopper, who buys often overall, is at a premium stall priced at 4.20. The shopper has never bought here and has already bought 2 item(s) today, spending about 4. It is late in the season.",0.3,0.4653545571272787,2,"Need probability. High income, frequent buyer, but new stall, price 4.20, already spent ~4 today, late season. Likely lower chance. Maybe 30%."
"a high-income shopper, who buys often overall, is at a premium stall priced at 4.20. The shopper has never bought here and has already bought 2 item(s) today, spending about 4. It is mid-season.",0.35,0.4010728283067175,3,"Need probability. High income, frequent buyer, premium stall price 4.20, hasn't bought here before, already bought 2 items today spending ~4. Mid-season. Likely moderate chance maybe 30-40%. I'll output 35."
"a high-income shopper, who buys often overall, is at a premium stall priced at 4.20. The shopper has never bought here and has already bought 3 item(s) today, spending about 6. It is early in the season.",0.35,0.5503371192172073,1,"Need probability. High income, frequent buyer, premium stall price 4.20, hasn't bought here before, already bought 3 items today spending ~6 (so average 2). Early season. Likely moderate chance maybe 35%."
"a high-income shopper, who buys often overall, is at a premium stall priced at 4.20. The shopper has never bought here and has bought nothing yet today. It is early in the season.",0.65,0.4436319618434764,2,"Need probability. High income, frequent buyer, but new stall, price moderate, early season. Maybe 60%."
"a high-income shopper, who buys often overall, is at a premium stall priced at 4.20. The shopper has never bought here and has bought nothing yet today. It is late in the season.",0.6,0.442061951814685,9,"Need probability. High income, frequent buyer, but new stall, price moderate, late season. Maybe 60%."
"a high-income shopper, who buys often overall, is at a premium stall priced at 4.20. The shopper has never bought here and has bought nothing yet today. It is mid-season.",0.75,0.4218102390523688,7,"Need probability. High income, frequent buyer, but new stall, price moderate, mid-season. Likely high chance maybe 70-80. I'll choose 75."
"a high-income shopper, who buys often overall, is at a premium stall priced at 6.00. The shopper bought here last week and has already bought 1 item(s) today, spending about 2. It is early in the season.",0.65,0.5656016396744078,10,"Need probability. High income, frequent buyer, premium stall, price 6, bought last week, already bought 1 today spending ~2 (so maybe cheap items). Early season. Likely to buy again? Maybe moderate-high: say 65%."
"a high-income shopper, who buys often overall, is at a premium stall priced at 6.00. The shopper bought here last week and has already bought 1 item(s) today, spending about 2. It is late in the season.",0.65,0.5985338752033467,4,"Need probability. High income, frequent buyer, premium stall, price 6, bought last week, already bought 1 today spending ~2 (so maybe low spend). Late season may reduce. I'd say moderate high: 65%."
"a high-income shopper, who buys often overall, is at a premium stall priced at 6.00. The shopper bought here last week and has already bought 1 item(s) today, spending about 2. It is mid-season.",0.72,0.5344142685123978,10,"Need probability. High income, frequent buyer, premium stall, price 6, previous purchase this day, spent 2 total? Actually spent about 2 so far. Likely to buy again. Mid-season maybe less. I'd say high chance ~70%."
"a high-income shopper, who buys often overall, is at a premium stall priced at 6.00. The shopper bought here last week and has already bought 2 item(s) today, spending about 4. It is early in the season.",0.65,0.4383189166958102,1,"Need probability. High income, frequent buyer, premium stall, price 6, bought last week, already bought 2 items today spending ~4 (so maybe cheap earlier). Early season. Likely to buy again? Maybe moderate-high: say 65%."
"a high-income shopper, who buys often overall, is at a premium stall priced at 6.00. The shopper bought here last week and has already bought 2 item(s) today, spending about 4. It is late in the season.",0.65,0.7005334001459875,1,"Need probability. High income, frequent buyer, premium stall, price 6, bought last week, already bought 2 items today spending ~4 (so maybe cheap earlier). Late season may reduce. I'd say moderate high: 65%."
"a high-income shopper, who buys often overall, is at a premium stall priced at 6.00. The shopper bought here last week and has already bought 2 item(s) today, spending about 4. It is mid-season.",0.65,0.5153250397178044,2,"Need probability. High income, frequent buyer, premium stall, price 6, bought last week, already bought 2 items today spending ~4 (so maybe cheap earlier). Mid-season. Likely to buy again? Maybe moderate-high: say 65%."
"a high-income shopper, who buys often overall, is at a premium stall priced at 6.00. The shopper bought here last week and has bought nothing yet today. It is early in the season.",0.75,0.567027564259685,6,"Need probability. High income, frequent buyer, premium stall, price 6, bought last week, none today, early season. Likely high chance maybe 70-80. I'll choose 75."
"a high-income shopper, who buys often overall, is at a premium stall priced at 6.00. The shopper bought here last week and has bought nothing yet today. It is late in the season.",0.35,0.5482268337760021,12,"Need probability. High income, frequent buyer, premium stall, price 6, bought last week, none today, late season. Likely lower due to season but still high income. Maybe 35%."
"a high-income shopper, who buys often overall, is at a premium stall priced at 6.00. The shopper bought here last week and has bought nothing yet today. It is mid-season.",0.75,0.5632108304161295,10,"Need probability. High income, frequent buyer, premium stall, price 6, bought last week, none today, mid-season. Likely high chance maybe 70-80. I'll choose 75."
"a high-income shopper, who buys often overall, is at a premium stall priced at 6.00. The shopper has bought here 2 weeks running and has already bought 1 item(s) today, spending about 2. It is late in the season.",0.6,0.7748571041066684,1,"Need probability. High income, frequent buyer, premium stall, price 6, early season? Late season maybe less demand. Already bought 1 today. Likely to buy again? Maybe moderate: 60%."
"a high-income shopper, who buys often overall, is at a premium stall priced at 6.00. The shopper has bought here 2 weeks running and has already bought 1 item(s) today, spending about 2. It is mid-season.",0.7,0.6272561713306886,3,"Need probability. High income, frequent buyer, premium stall, price 6, mid-season. Likely to buy again? He already bought 1 today, spent 2 total? maybe low spend. But high-income and frequent. I'd say 70%."
"a high-income shopper, who buys often overall, is at a premium stall priced at 6.00. The shopper has bought here 2 weeks running and has already bought 1 item(s) today, spending about 6. It is late in the season.",0.7,0.5502147230972662,1,"Need probability. High income, frequent buyer, premium stall, price 6, already bought 1 today, spent ~6. Late season maybe less. I'd say high chance: maybe 70%."
"a high-income shopper, who buys often overall, is at a premium stall priced at 6.00. The shopper has bought here 2 weeks running and has already bought 2 item(s) today, spending about 4. It is late in the season.",0.72,0.5870815034748226,2,"Need probability. High income, frequent buyer, premium stall, price 6, already bought 2 items today, spent 4 (so maybe earlier items cheap). Late season may reduce. I'd say high chance ~70%."
"a high-income shopper, who buys often overall, is at a premium stall priced at 6.00. The shopper has bought here 2 weeks running and has bought nothing yet today. It is late in the season.",0.7,0.5635734908823103,2,"Need probability. High income, frequent buyer, premium stall, price 6, two weeks running, hasn't bought today, late season. Likely high but maybe lower due to late season. I'd say 70%."
"a high-income shopper, who buys often overall, is at a premium stall priced at 6.00. The shopper has bought here 2 weeks running and has bought nothing yet today. It is mid-season.",0.75,0.7918564429352282,3,"Need probability. High income, frequent buyer, premium stall, price 6, mid-season, hasn't bought today. Likely high chance maybe 70-80. I'll choose 75."
"a high-income shopper, who buys often overall, is at a premium stall priced at 6.00. The shopper has bought here 3 weeks running and has already bought 1 item(s) today, spending about 2. It is early in the season.",0.7,0.787856617427275,1,"Need probability. High income, frequent buyer, premium stall, price 6, early season, already bought 1 today. Likely to buy again? Maybe high but not too high due to price and early season. I'd say 70%."
"a high-income shopper, who buys often overall, is at a premium stall priced at 6.00. The shopper has bought here 3 weeks running and has already bought 1 item(s) today, spending about 6. It is late in the season.",0.8,0.851932513366129,1,"Need probability. High income, frequent buyer, premium stall, price 6, already bought one today, late season. Likely high chance but maybe slight drop due to late season. I'd say 80%."
"a high-income shopper, who buys often overall, is at a premium stall priced at 6.00. The shopper has bought here 3 weeks running and has bought nothing yet today. It is late in the season.",0.7,0.6866874783055896,1,"Need probability. High income, frequent buyer, premium stall, price 6, 3 weeks running, hasn't bought today, late season. Likely high chance but maybe lower due to late season. I'd say 70%."
"a high-income shopper, who buys often overall, is at a premium stall priced at 6.00. The shopper has never bought here and has already bought 1 item(s) today, spending about 1. It is early in the season.",0.35,0.3143716952623095,3,"Need probability. High income, frequent buyer, but new stall, price 6, early season. Likely moderate chance maybe 30-40%. I'll output 35."
"a high-income shopper, who buys often overall, is at a premium stall priced at 6.00. The shopper has never bought here and has already bought 1 item(s) today, spending about 1. It is late in the season.",0.3,0.40857936281106516,2,"Need probability. High income, frequent buyer, but new stall, price 6, early season? Actually late season. Likely lower chance. Maybe 30%."
"a high-income shopper, who buys often overall, is at a premium stall priced at 6.00. The shopper has never bought here and has already bought 1 item(s) today, spending about 1. It is mid-season.",0.35,0.5075505582070069,1,"Need probability. High income, frequent buyer, premium stall price 6, first time here, already bought 1 item today spending ~1 (so low spend). Mid-season. Likely moderate chance maybe 30-40%. I'll output 35."
"a high-income shopper, who buys often overall, is at a premium stall priced at 6.00. The shopper has never bought here and has already bought 1 item(s) today, spending about 2. It is early in the season.",0.35,0.4342520991620654,43,"Need probability. High income, frequent buyer, but new stall, price 6, early season. Likely moderate chance maybe 35%."
"a high-income shopper, who buys often overall, is at a premium stall priced at 6.00. The shopper has never bought here and has already bought 1 item(s) today, spending about 2. It is late in the season.",0.3,0.42154803348533326,63,"Need probability. High income, frequent buyer, but new stall, price 6, early season? Actually late season. Likely lower chance. Maybe 30%."
"a high-income shopper, who buys often overall, is at a premium stall priced at 6.00. The shopper has never bought here and has already bought 1 item(s) today, spending about 2. It is mid-season.",0.35,0.41832668025639913,47,"Need probability. High income, frequent buyer, premium stall price 6, hasn't bought here before, already bought 1 item today spending ~2, mid-season. Likely moderate chance maybe 35%."
"a high-income shopper, who buys often overall, is at a premium stall priced at 6.00. The shopper has never bought here and has already bought 1 item(s) today, spending about 6. It is late in the season.",0.3,0.3103546725461707,1,"Need probability. High income, frequent buyer, but new stall, price 6, already spent 6 today, late season. Likely lower chance. Maybe 30%."
"a high-income shopper, who buys often overall, is at a premium stall priced at 6.00. The shopper has never bought here and has already bought 1 item(s) today, spending about 6. It is mid-season.",0.35,0.3103546725461707,1,"Need probability. High income, frequent buyer, but new stall, price 6, mid-season. Likely moderate chance maybe 30-40%. I'll output 35."
"a high-income shopper, who buys often overall, is at a premium stall priced at 6.00. The shopper has never bought here and has already bought 2 item(s) today, spending about 3. It is early in the season.",0.35,0.45185123737803656,1,"Need probability. High income, frequent buyer, but new stall, price 6, early season. Likely moderate chance maybe 35%."
"a high-income shopper, who buys often overall, is at a premium stall priced at 6.00. The shopper has never bought here and has already bought 2 item(s) today, spending about 3. It is late in the season.",0.3,0.3222565925458572,1,"Need probability. High income, frequent buyer, but new stall, price 6, already spent 3 on 2 items earlier. Late season may reduce. Maybe 30%."
"a high-income shopper, who buys often overall, is at a premium stall priced at 6.00. The shopper has never bought here and has already bought 2 item(s) today, spending about 4. It is early in the season.",0.35,0.4716054163067985,7,"Need probability. High income, frequent buyer, but new stall, price 6, early season. Likely moderate chance maybe 35%."
"a high-income shopper, who buys often overall, is at a premium stall priced at 6.00. The shopper has never bought here and has already bought 2 item(s) today, spending about 4. It is late in the season.",0.3,0.39342987839749055,8,"Need probability. High income, frequent buyer, but new stall, price 6, already spent 4 on 2 items (so average 2). Late season. Likely lower chance. Maybe 30%."
"a high-income shopper, who buys often overall, is at a premium stall priced at 6.00. The shopper has never bought here and has already bought 2 item(s) today, spending about 4. It is mid-season.",0.35,0.43679950293606695,12,"Need probability. High income, frequent buyer, but new stall, price 6, already spent 4 on 2 items (so average 2). Mid-season. Likely moderate chance maybe 35%."
"a high-income shopper, who buys often overall, is at a premium stall priced at 6.00. The shopper has never bought here and has bought nothing yet today. It is early in the season.",0.65,0.4303264328768153,53,"Need probability. High income, frequent buyer, but new stall, price 6, early season. Maybe moderate high: say 65."
"a high-income shopper, who buys often overall, is at a premium stall priced at 6.00. The shopper has never bought here and has bought nothing yet today. It is late in the season.",0.35,0.43240216464961606,97,"Need probability. High income, frequent buyer, but new stall, price 6, late season. Maybe moderate chance ~30-40. I'll pick 35."
"a high-income shopper, who buys often overall, is at a premium stall priced at 6.00. The shopper has never bought here and has bought nothing yet today. It is mid-season.",0.4,0.4438302921455823,86,"Need probability. High income, frequent buyer, but new stall, price 6, mid-season. Likely moderate chance maybe 35-45. I'll pick 40."
"a high-income shopper, who buys sometimes overall, is at a budget stall priced at 1.40. The shopper has bought here 2 weeks running and has already bought 1 item(s) today, spending about 6. It is early in the season.",0.65,0.8270977655554991,1,"Need probability. High income, occasional buyer, budget stall low price, regular for 2 weeks, already bought 1 today, spent ~6 total. Early season maybe less demand. Likely still buys another? Maybe moderate 60%. I'll output 65."
"a high-income shopper, who buys sometimes overall, is at a budget stall priced at 1.40. The shopper has never bought here and has already bought 2 item(s) today, spending about 8. It is early in the season.",0.35,0.5562783251911918,1,"Need probability. High income, occasional buyer, price low, first time, already spent 8, early season. Likely moderate chance maybe 30%."
"a high-income shopper, who buys sometimes overall, is at a budget stall priced at 2.00. The shopper bought here last week and has already bought 1 item(s) today, spending about 2. It is early in the season.",0.15,0.5759887222047372,1,"Need probability. High income, occasional buyer, price $2, early season, already bought one today. Likely low chance. Maybe 15%."
"a high-income shopper, who buys sometimes overall, is at a budget stall priced at 2.00. The shopper bought here last week and has already bought 1 item(s) today, spending about 6. It is early in the season.",0.15,0.6707070034124172,2,"Need probability. High income, occasional buyer, price $2, budget stall, early season, previous purchase this week, already bought 1 today spending ~6 (so maybe other items). Likely low chance to buy again now. Maybe 15%."
"a high-income shopper, who buys sometimes overall, is at a budget stall priced at 2.00. The shopper bought here last week and has already bought 2 item(s) today, spending about 8. It is early in the season.",0.75,0.6500244465630738,1,"Need probability. High income, buys sometimes, price low, previous purchase, early season. Likely high chance maybe 70-80. I'll choose 75."
"a high-income shopper, who buys sometimes overall, is at a budget stall priced at 2.00. The shopper bought here last week and has bought nothing yet today. It is early in the season.",0.75,0.6576720701868137,8,"Need probability. High income, occasional buyer, price low, previous purchase, early season. Likely high chance maybe 70-80. I'll choose 75."
"a high-income shopper, who buys sometimes overall, is at a budget stall priced at 2.00. The shopper has bought here 2 weeks running and has already bought 1 item(s) today, spending about 2. It is early in the season.",0.18,0.5619752248971999,1,"Need probability. High income, occasional buyer, budget stall $2, early season, already bought 1 today. Likely lower chance to buy again. Maybe 20%."
"a high-income shopper, who buys sometimes overall, is at a budget stall priced at 2.00. The shopper has bought here 2 weeks running and has bought nothing yet today. It is mid-season.",0.65,0.6306419447271713,1,"Need probability. High income, occasional buyer, budget stall $2, mid-season, has bought previous two weeks, none today. Likely to buy? Maybe moderate ~60%."
"a high-income shopper, who buys sometimes overall, is at a budget stall priced at 2.00. The shopper has bought here 3 weeks running and has already bought 1 item(s) today, spending about 6. It is mid-season.",0.7,0.6758953387240627,1,"We need probability of buying one unit now. High income, buys sometimes, budget stall price 2.00, has bought 3 weeks running (habit), already bought 1 item today spending ~6 (so maybe 3 items). Mid-season. Likely to buy again? Maybe moderate-high. Let's say 70%."
"a high-income shopper, who buys sometimes overall, is at a budget stall priced at 2.00. The shopper has never bought here and has already bought 1 item(s) today, spending about 2. It is early in the season.",0.12,0.5154540396942996,11,"Need probability low because high income, budget stall, first time, early season. Maybe 10%."
"a high-income shopper, who buys sometimes overall, is at a budget stall priced at 2.00. The shopper has never bought here and has already bought 1 item(s) today, spending about 2. It is mid-season.",0.15,0.465211170990526,2,"Need probability. High income, buys sometimes, but new stall, price $2, already spent 2 today. Mid-season. Likely low chance. Maybe 15%."
"a high-income shopper, who buys sometimes overall, is at a budget stall priced at 2.00. The shopper has never bought here and has already bought 1 item(s) today, spending about 6. It is early in the season.",0.15,0.46731177471378604,7,"Need probability. High income, occasional buyer, price $2, first time, already spent 6, early season. Likely low chance. Maybe 15%."
"a high-income shopper, who buys sometimes overall, is at a budget stall priced at 2.00. The shopper has never bought here and has already bought 1 item(s) today, spending about 6. It is mid-season.",0.15,0.417101178241029,2,"Need probability. High income, occasional buyer, new stall, price $2, already spent $6 today, mid-season. Likely low chance. Maybe 15%."
"a high-income shopper, who buys sometimes overall, is at a budget stall priced at 2.00. The shopper has never bought here and has already bought 2 item(s) today, spending about 4. It is early in the season.",0.15,0.40219995428280564,4,"Need probability. High income, occasional buyer, price $2, first time, already spent $4 today (two items). Early season. Likely low chance. Maybe 15%."
"a high-income shopper, who buys sometimes overall, is at a budget stall priced at 2.00. The shopper has never bought here and has already bought 2 item(s) today, spending about 8. It is early in the season.",0.15,0.41630622389722527,2,"Need probability. High income, occasional buyer, price $2, first time, already spent 8 on day, early season. Likely low. Maybe 15%."
"a high-income shopper, who buys sometimes overall, is at a budget stall priced at 2.00. The shopper has never bought here and has bought nothing yet today. It is early in the season.",0.05,0.5195838923880071,14,Need probability low. Maybe 5%.
"a high-income shopper, who buys sometimes overall, is at a premium stall priced at 6.00. The shopper bought here last week and has bought nothing yet today. It is early in the season.",0.3,0.5447928308805697,2,"Need probability. High income, occasional buyer, premium stall $6, bought last week, none today, early season. Likely lower chance. Maybe 30%."
"a high-income shopper, who buys sometimes overall, is at a premium stall priced at 6.00. The shopper has bought here 2 weeks running and has bought nothing yet today. It is early in the season.",0.75,0.7134202369113058,1,"Need probability. High income, occasional buyer, premium stall, price 6, regular for 2 weeks, none today, early season. Likely high chance maybe 70-80. I'll choose 75."
"a high-income shopper, who buys sometimes overall, is at a premium stall priced at 6.00. The shopper has never bought here and has already bought 1 item(s) today, spending about 2. It is early in the season.",0.15,0.34803444056342964,3,"Need probability. High income, occasional buyer, premium stall price 6, first time, already bought 1 item today spending ~2, early season. Likely low chance. Maybe 15%."
"a high-income shopper, who buys sometimes overall, is at a premium stall priced at 6.00. The shopper has never bought here and has already bought 2 item(s) today, spending about 4. It is early in the season.",0.15,0.3711873355475645,3,"Need probability. High income, occasional buyer, premium stall price 6, hasn't bought here before, already spent 4 on other items, early season. Likely low chance. Maybe 15%."
"a high-income shopper, who buys sometimes overall, is at a premium stall priced at 6.00. The shopper has never bought here and has bought nothing yet today. It is early in the season.",0.2,0.4290728976008893,12,"Need probability. High income, occasional buyer, premium stall $6, first time, early season. Likely low but some chance. Maybe 20%."
"a high-income shopper, who buys sometimes overall, is at a premium stall priced at 6.00. The shopper has never bought here and has bought nothing yet today. It is mid-season.",0.2,0.5040176203713329,2,"Need probability. High income, occasional buyer, premium stall price 6, first time, mid-season. Likely low but some chance. Maybe 20%."
"a high-income shopper, who rarely buys overall, is at a budget stall priced at 2.00. The shopper bought here last week and has bought nothing yet today. It is early in the season.",0.12,0.462366879535052,2,"Need probability. High income, rare buyer, budget stall $2, bought last week, none today, early season. Likely low chance maybe 10-15%. I'll output 12."
"a high-income shopper, who rarely buys overall, is at a budget stall priced at 2.00. The shopper has never bought here and has already bought 1 item(s) today, spending about 2. It is early in the season.",0.05,0.5052200861619865,13,Need probability low. Maybe 5%.
"a high-income shopper, who rarely buys overall, is at a budget stall priced at 2.00. The shopper has never bought here and has already bought 1 item(s) today, spending about 6. It is early in the season.",0.05,0.4942045800563532,14,Need probability low. Maybe 5%.
"a high-income shopper, who rarely buys overall, is at a budget stall priced at 2.00. The shopper has never bought here and has already bought 2 item(s) today, spending about 4. It is early in the season.",0.05,0.30711883695120534,1,Need probability low. Maybe 5%.
"a high-income shopper, who rarely buys overall, is at a budget stall priced at 2.00. The shopper has never bought here and has already bought 2 item(s) today, spending about 8. It is early in the season.",0.05,0.45371674857802935,7,Need probability low. Maybe 5%.
"a high-income shopper, who rarely buys overall, is at a budget stall priced at 2.00. The shopper has never bought here and has bought nothing yet today. It is early in the season.",0.05,0.5011857279299794,40,Need probability low. Maybe 5%.
"a high-income shopper, who rarely buys overall, is at a premium stall priced at 6.00. The shopper has never bought here and has already bought 1 item(s) today, spending about 2. It is early in the season.",0.05,0.3983174850773985,18,Need probability low. Maybe 5%.
"a high-income shopper, who rarely buys overall, is at a premium stall priced at 6.00. The shopper has never bought here and has already bought 2 item(s) today, spending about 4. It is early in the season.",0.05,0.38928441472826925,2,Need probability low. Maybe 5%.
"a high-income shopper, who rarely buys overall, is at a premium stall priced at 6.00. The shopper has never bought here and has bought nothing yet today. It is early in the season.",0.05,0.42788820570302866,21,Need probability low. Maybe 5%.
"a low-budget shopper, who buys often overall, is at a budget stall priced at 2.00. The shopper bought here last week and has bought nothing yet today. It is mid-season.",0.75,0.5810701557906587,3,"Need probability. Likely high because frequent buyer, low budget, price cheap, mid-season. Maybe 70-80%. I'll choose 75."
"a low-budget shopper, who buys often overall, is at a budget stall priced at 2.00. The shopper has bought here 2 weeks running and has bought nothing yet today. It is mid-season.",0.85,0.5051390164377688,2,"Need probability. Likely high because frequent buyer, price low, mid-season. Maybe 80%."
"a low-budget shopper, who buys often overall, is at a budget stall priced at 2.00. The shopper has bought here 3 weeks running and has already bought 1 item(s) today, spending about 2. It is mid-season.",0.85,0.5762468838573137,1,"Need probability. Likely high because frequent buyer, low price, mid-season. Maybe 80%."
"a low-budget shopper, who buys often overall, is at a budget stall priced at 2.00. The shopper has bought here 3 weeks running and has bought nothing yet today. It is late in the season.",0.75,0.6533642661722533,1,"Need probability. Likely high because frequent buyer, price low, but late season maybe less stock? Still high. Maybe 70."
"a low-budget shopper, who buys often overall, is at a budget stall priced at 2.00. The shopper has bought here 3 weeks running and has bought nothing yet today. It is mid-season.",0.85,0.6533642661722533,3,"Need probability. Likely high because frequent buyer, price low, mid-season. Maybe 80%."
"a low-budget shopper, who buys often overall, is at a budget stall priced at 2.00. The shopper has never bought here and has already bought 1 item(s) today, spending about 2. It is mid-season.",0.42,0.540172673766426,1,"Need probability. Low-budget, buys often, but first time here, price 2, spent 2 already. Mid-season maybe less demand. I'd say moderate chance ~40%."
"a low-budget shopper, who buys often overall, is at a budget stall priced at 2.00. The shopper has never bought here and has bought nothing yet today. It is early in the season.",0.35,0.4822412333076003,2,"Need probability. Low-budget, frequent buyer, but new stall, price 2. Early season. Likely moderate chance maybe 30%."
"a low-budget shopper, who buys often overall, is at a budget stall priced at 2.00. The shopper has never bought here and has bought nothing yet today. It is mid-season.",0.35,0.4153116521724861,5,"Need probability. Low-budget, frequent buyer, but new stall, price 2.00, mid-season. Likely moderate chance maybe 35%."
"a low-budget shopper, who buys sometimes overall, is at a budget stall priced at 1.40. The shopper bought here last week and has already bought 1 item(s) today, spending about 2. It is late in the season.",0.3,0.5092088966588078,1,"Need probability. Low-budget, buys sometimes, price 1.40, already bought 1 today spending ~2 (so maybe two items). Late season may reduce. I'd say 30%."
"a low-budget shopper, who buys sometimes overall, is at a budget stall priced at 1.40. The shopper bought here last week and has bought nothing yet today. It is early in the season.",0.18,0.5142457477631134,8,"Need probability. Low-budget, occasional buyer, price 1.40, bought last week, none today, early season. Likely low chance maybe 20%."
"a low-budget shopper, who buys sometimes overall, is at a budget stall priced at 1.40. The shopper bought here last week and has bought nothing yet today. It is late in the season.",0.18,0.5570925070672735,8,"Need probability. Low-budget, occasional buyer, price 1.40, bought last week, none today, late season. Likely low chance maybe 20%."
"a low-budget shopper, who buys sometimes overall, is at a budget stall priced at 1.40. The shopper bought here last week and has bought nothing yet today. It is mid-season.",0.35,0.4866226179234684,2,"Need probability. Low-budget, buys sometimes overall. Budget stall price 1.40, mid-season. Bought last week, none today. Likely maybe 30%. I'll output 35."
"a low-budget shopper, who buys sometimes overall, is at a budget stall priced at 1.40. The shopper has bought here 2 weeks running and has bought nothing yet today. It is early in the season.",0.18,0.641748353969789,5,"Need probability. Low-budget, occasional buyer, price 1.40, regular for 2 weeks, none today, early season. Likely low chance maybe 20%."
"a low-budget shopper, who buys sometimes overall, is at a budget stall priced at 1.40. The shopper has bought here 2 weeks running and has bought nothing yet today. It is late in the season.",0.35,0.7721774433420243,1,"Need probability. Low-budget, occasional buyer, price 1.40, has been buying for 2 weeks, but none today. Late season may reduce. Maybe 30%."
"a low-budget shopper, who buys sometimes overall, is at a budget stall priced at 1.40. The shopper has bought here 3 weeks running and has already bought 1 item(s) today, spending about 2. It is early in the season.",0.65,0.8316528716699515,1,"Need probability. Given price 1.40, low-budget, buys sometimes overall, has bought 3 weeks running, already bought 1 item today spending ~2 (so maybe 1-2 items). Early season. Likely will buy another? Maybe moderate chance 60%. I'll output 65."
"a low-budget shopper, who buys sometimes overall, is at a budget stall priced at 1.40. The shopper has bought here 3 weeks running and has bought nothing yet today. It is early in the season.",0.35,0.769808335669488,3,"Need probability. Low-budget, occasional buyer, price 1.40, regular patron but none today, early season. Maybe 30%."
"a low-budget shopper, who buys sometimes overall, is at a budget stall priced at 1.40. The shopper has bought here 3 weeks running and has bought nothing yet today. It is late in the season.",0.18,0.8298408012982365,3,"Need probability. Low-budget, occasional buyer, price 1.40, 3 weeks streak, none today, late season. Likely lower chance. Maybe 20%."
"a low-budget shopper, who buys sometimes overall, is at a budget stall priced at 1.40. The shopper has never bought here and has already bought 1 item(s) today, spending about 2. It is late in the season.",0.12,0.5208220707289896,1,"Need probability. Low-budget, occasional buyer, first time here, price 1.40, already spent ~2 on other items, late season. Likely low chance maybe 15%."
"a low-budget shopper, who buys sometimes overall, is at a budget stall priced at 1.40. The shopper has never bought here and has bought nothing yet today. It is early in the season.",0.18,0.39586165420412683,29,"Need probability. Low-budget, price 1.40 moderate. Never bought here before, first time. Early season maybe less demand. Overall buys sometimes. I'd say low chance ~20%."
"a low-budget shopper, who buys sometimes overall, is at a budget stall priced at 1.40. The shopper has never bought here and has bought nothing yet today. It is late in the season.",0.18,0.41487977175756235,22,"Need probability. Low-budget, price 1.40 moderate. Never bought here before, hasn't bought anything today. Late season may reduce. Maybe 20%."
"a low-budget shopper, who buys sometimes overall, is at a budget stall priced at 1.40. The shopper has never bought here and has bought nothing yet today. It is mid-season.",0.18,0.4332661284027574,9,"Need probability. Low-budget, sometimes buys overall, first time, price 1.40, mid-season. Likely low chance maybe 20%."
"a low-budget shopper, who buys sometimes overall, is at a budget stall priced at 2.00. The shopper bought here last week and has already bought 1 item(s) today, spending about 1. It is early in the season.",0.3,0.6138114345690125,1,"Need probability. Low-budget, buys sometimes overall. Budget stall price 2. Early season. Already bought 1 item today spending ~1 (so maybe cheap). Likely to buy again? Maybe moderate low: 30%."
"a low-budget shopper, who buys sometimes overall, is at a budget stall priced at 2.00. The shopper bought here last week and has already bought 1 item(s) today, spending about 2. It is early in the season.",0.18,0.385047684836464,1,"Need probability. Low-budget, buys sometimes, price 2, already bought 1 today, spent ~2. Early season. Likely less chance to buy again. Maybe 20%."
"a low-budget shopper, who buys sometimes overall, is at a budget stall priced at 2.00. The shopper bought here last week and has bought nothing yet today. It is early in the season.",0.35,0.533251665843452,197,"Need probability. Low-budget, buys sometimes overall. Budget stall price 2. Early season. Bought last week. No purchase today. Likely maybe 30%. I'll output 35."
"a low-budget shopper, who buys sometimes overall, is at a budget stall priced at 2.00. The shopper bought here last week and has bought nothing yet today. It is late in the season.",0.35,0.5317118802037246,239,"Need probability. Low-budget, occasional buyer, price 2, last week bought, none today, late season. Likely lower chance maybe 30%."
"a low-budget shopper, who buys sometimes overall, is at a budget stall priced at 2.00. The shopper bought here last week and has bought nothing yet today. It is mid-season.",0.35,0.5361801026865877,193,"Need probability. Low-budget, buys sometimes overall. Budget stall price 2.00, mid-season. Bought last week, none today. Likely moderate chance maybe 30-40%. I'll output 35."
"a low-budget shopper, who buys sometimes overall, is at a budget stall priced at 2.00. The shopper has bought here 2 weeks running and has already bought 1 item(s) today, spending about 2. It is mid-season.",0.35,0.7615212398029133,1,"Need probability. Low-budget, buys sometimes, price 2, already bought 1 today, spent ~2. Mid-season. Likely maybe 30%. I'll output 35."
"a low-budget shopper, who buys sometimes overall, is at a budget stall priced at 2.00. The shopper has bought here 2 weeks running and has bought nothing yet today. It is early in the season.",0.3,0.6645469731232698,57,"Need probability. Low-budget, occasional buyer, price 2.00, regular for 2 weeks, hasn't bought today, early season. Likely lower chance. Maybe 30%."
"a low-budget shopper, who buys sometimes overall, is at a budget stall priced at 2.00. The shopper has bought here 2 weeks running and has bought nothing yet today. It is late in the season.",0.3,0.6539061480301903,99,"Need probability. Low-budget, occasional buyer, price 2.00, has bought 2 weeks running but none today, late season. Likely lower chance. Maybe 30%."
"a low-budget shopper, who buys sometimes overall, is at a budget stall priced at 2.00. The shopper has bought here 2 weeks running and has bought nothing yet today. It is mid-season.",0.18,0.6601607396997912,85,"Need probability. Low-budget, occasional buyer, price 2.00 moderate. Mid-season maybe less demand. He hasn't bought today. Likely low chance ~20%."
"a low-budget shopper, who buys sometimes overall, is at a budget stall priced at 2.00. The shopper has bought here 3 weeks running and has bought nothing yet today. It is early in the season.",0.18,0.7572028733180095,50,"Need probability. Low-budget, occasional buyer, price 2.00, 3 weeks streak, none today, early season. Likely low chance maybe 20%."
"a low-budget shopper, who buys sometimes overall, is at a budget stall priced at 2.00. The shopper has bought here 3 weeks running and has bought nothing yet today. It is late in the season.",0.18,0.7724190414432557,129,"Need probability. Low-budget, occasional buyer, price 2.00, 3 weeks streak, none today, late season. Likely lower chance. Maybe 20%."
"a low-budget shopper, who buys sometimes overall, is at a budget stall priced at 2.00. The shopper has bought here 3 weeks running and has bought nothing yet today. It is mid-season.",0.35,0.7708727073621664,119,"Need probability. Low-budget, occasional buyer, price 2.00, has been buying for 3 weeks, hasn't bought today, mid-season. Likely moderate chance maybe 30-40%. I'll output 35."
"a low-budget shopper, who buys sometimes overall, is at a budget stall priced at 2.00. The shopper has never bought here and has already bought 1 item(s) today, spending about 1. It is early in the season.",0.15,0.3591665225426065,2,"Need probability. Low-budget, occasional buyer, price 2, first time, already spent 1, early season. Likely low chance maybe 15%."
"a low-budget shopper, who buys sometimes overall, is at a budget stall priced at 2.00. The shopper has never bought here and has already bought 1 item(s) today, spending about 1. It is late in the season.",0.15,0.4327226999340347,1,"Need probability. Low-budget, occasional buyer, price 2, first time, already spent 1, late season. Likely low chance maybe 15%."
"a low-budget shopper, who buys sometimes overall, is at a budget stall priced at 2.00. The shopper has never bought here and has already bought 1 item(s) today, spending about 2. It is late in the season.",0.15,0.24694237003305008,3,"Need probability. Low-budget, occasional buyer, price 2, first time, already spent 2 today, late season. Likely low chance maybe 15%."
"a low-budget shopper, who buys sometimes overall, is at a budget stall priced at 2.00. The shopper has never bought here and has already bought 1 item(s) today, spending about 2. It is mid-season.",0.18,0.25401775380303776,2,"Need probability. Low-budget, buys sometimes overall. At budget stall price 2.00. Never bought here before. Already bought 1 item today spending ~2. Mid-season. Likely low chance maybe 20%."
"a low-budget shopper, who buys sometimes overall, is at a budget stall priced at 2.00. The shopper has never bought here and has bought nothing yet today. It is early in the season.",0.15,0.38771580776467746,561,"Need probability. Low-budget, occasional buyer, new stall, price 2, early season. Likely low chance maybe 15%."
"a low-budget shopper, who buys sometimes overall, is at a budget stall priced at 2.00. The shopper has never bought here and has bought nothing yet today. It is late in the season.",0.15,0.38940145367244056,772,"Need probability. Low-budget, occasional buyer, first time, price 2, late season. Likely low: maybe 15%."
"a low-budget shopper, who buys sometimes overall, is at a budget stall priced at 2.00. The shopper has never bought here and has bought nothing yet today. It is mid-season.",0.18,0.3921002130895288,642,"Need probability. Low-budget, buys sometimes overall, but never here, price 2.00 moderate, mid-season maybe good. I'd say low chance ~20."
"a low-budget shopper, who rarely buys overall, is at a budget stall priced at 1.40. The shopper bought here last week and has already bought 1 item(s) today, spending about 2. It is early in the season.",0.12,0.3342217544184157,1,"Need probability. Low-budget, rarely buys, but bought last week. Price 1.40, already spent ~2 today (so maybe 1-2 items). Early season. Likely low chance. Maybe 15%."
"a low-budget shopper, who rarely buys overall, is at a budget stall priced at 1.40. The shopper bought here last week and has bought nothing yet today. It is early in the season.",0.12,0.5066069296371053,12,"Need probability. Low-budget, rare buyer, price 1.40, bought last week, none today, early season. Likely low chance maybe 10-15%. I'll output 12."
"a low-budget shopper, who rarely buys overall, is at a budget stall priced at 1.40. The shopper bought here last week and has bought nothing yet today. It is late in the season.",0.12,0.5650755437826058,3,"Need probability. Low-budget, rare buyer, price 1.40, bought last week, none today, late season. Likely low chance maybe 10-15%. I'll output 12."
"a low-budget shopper, who rarely buys overall, is at a budget stall priced at 1.40. The shopper bought here last week and has bought nothing yet today. It is mid-season.",0.15,0.5317942202419856,2,"Need probability. Low-budget, rarely buys, but bought last week. Price 1.40 moderate. Mid-season maybe less demand. I'd say low chance ~15%."
"a low-budget shopper, who rarely buys overall, is at a budget stall priced at 1.40. The shopper has bought here 2 weeks running and has bought nothing yet today. It is early in the season.",0.3,0.614142812072787,3,"Need probability. Low-budget, rare buyer, but regular for 2 weeks. Price low. Early season maybe less demand. I'd say 30%."
"a low-budget shopper, who rarely buys overall, is at a budget stall priced at 1.40. The shopper has bought here 3 weeks running and has bought nothing yet today. It is early in the season.",0.18,0.7580178684160538,1,"Need probability. Low-budget, rare buyer, but regular patron. Price 1.40, early season. Likely low chance maybe 15%."
"a low-budget shopper, who rarely buys overall, is at a budget stall priced at 1.40. The shopper has bought here 3 weeks running and has bought nothing yet today. It is late in the season.",0.3,0.7801125344489022,2,"Need probability. Low-budget, rare buyer, but regular patron. Price 1.40, low. Late season maybe less demand. I'd say 30%."
"a low-budget shopper, who rarely buys overall, is at a budget stall priced at 1.40. The shopper has bought here 3 weeks running and has bought nothing yet today. It is mid-season.",0.18,0.8090079432902177,2,"Need probability. Low-budget, rarely buys, but regular. Price 1.40 moderate. Mid-season maybe less demand. I'd say low chance ~20%."
"a low-budget shopper, who rarely buys overall, is at a budget stall priced at 1.40. The shopper has never bought here and has already bought 1 item(s) today, spending about 2. It is early in the season.",0.05,0.2901881779454423,1,Need probability low. Maybe 5%.
"a low-budget shopper, who rarely buys overall, is at a budget stall priced at 1.40. The shopper has never bought here and has already bought 1 item(s) today, spending about 2. It is mid-season.",0.12,0.25054476223772515,1,"Need probability. Low-budget, rare buyer, first time, price 1.40, already spent 2, mid-season. Likely low chance maybe 10-15%. I'll output 12."
"a low-budget shopper, who rarely buys overall, is at a budget stall priced at 1.40. The shopper has never bought here and has bought nothing yet today. It is early in the season.",0.05,0.4108633854277055,25,Need probability low. Maybe 5%.
"a low-budget shopper, who rarely buys overall, is at a budget stall priced at 1.40. The shopper has never bought here and has bought nothing yet today. It is late in the season.",0.04,0.3650900392343897,14,Need probability low. Maybe 5%.
"a low-budget shopper, who rarely buys overall, is at a budget stall priced at 1.40. The shopper has never bought here and has bought nothing yet today. It is mid-season.",0.05,0.42196650140953584,13,Need probability low. Maybe 5%.
"a low-budget shopper, who rarely buys overall, is at a budget stall priced at 2.00. The shopper bought here last week and has already bought 1 item(s) today, spending about 1. It is late in the season.",0.12,0.37472017319514755,1,"Need probability. Low-budget, rare buyer, price 2, already bought 1 today, spent ~1 (so maybe 0.5 each). Late season. Likely low chance. Maybe 15%."
"a low-budget shopper, who rarely buys overall, is at a budget stall priced at 2.00. The shopper bought here last week and has already bought 1 item(s) today, spending about 2. It is early in the season.",0.15,0.4889804836294642,2,"Need probability. Low-budget, rarely buys, but bought last week, already bought 1 today, price 2. Early season. Likely low chance maybe 15%."
"a low-budget shopper, who rarely buys overall, is at a budget stall priced at 2.00. The shopper bought here last week and has already bought 1 item(s) today, spending about 2. It is late in the season.",0.08,0.34123165621495277,1,"Need probability. Low-budget, rare buyer, price 2, already bought 1 today, spent ~2. Late season. Likely low chance. Maybe 10%."
"a low-budget shopper, who rarely buys overall, is at a budget stall priced at 2.00. The shopper bought here last week and has bought nothing yet today. It is early in the season.",0.12,0.5124726704839572,176,"Need probability. Low-budget, rarely buys, price 2. Early season. Bought last week so some loyalty. Probably low chance maybe 15%."
"a low-budget shopper, who rarely buys overall, is at a budget stall priced at 2.00. The shopper bought here last week and has bought nothing yet today. It is late in the season.",0.12,0.4993686849665323,196,"Need probability. Low-budget, rare buyer, price 2, bought last week, none today, late season. Likely low chance maybe 10%."
"a low-budget shopper, who rarely buys overall, is at a budget stall priced at 2.00. The shopper bought here last week and has bought nothing yet today. It is mid-season.",0.15,0.48975029395879444,215,"Need probability. Low-budget, rarely buys, price 2, bought last week, none today, mid-season. Likely low chance maybe 15%."
"a low-budget shopper, who rarely buys overall, is at a budget stall priced at 2.00. The shopper has bought here 2 weeks running and has already bought 1 item(s) today, spending about 2. It is early in the season.",0.18,0.4519946203933961,1,"Need probability. Low-budget, rarely buys, but has been buying for 2 weeks, already bought 1 today, spent ~2. Price 2. Early season. Likely to buy again? Maybe low chance: 20%."
"a low-budget shopper, who rarely buys overall, is at a budget stall priced at 2.00. The shopper has bought here 2 weeks running and has bought nothing yet today. It is early in the season.",0.3,0.6488464071381631,56,"Need probability. Low-budget, rarely buys overall, but has been buying for 2 weeks. Price low. Early season maybe less demand. I'd say moderate low: maybe 30%."
"a low-budget shopper, who rarely buys overall, is at a budget stall priced at 2.00. The shopper has bought here 2 weeks running and has bought nothing yet today. It is late in the season.",0.3,0.6301664616927785,106,"Need probability. Low-budget, rare buyer, but regular for 2 weeks. Price low. Late season maybe less demand. I'd say 30%."
"a low-budget shopper, who rarely buys overall, is at a budget stall priced at 2.00. The shopper has bought here 2 weeks running and has bought nothing yet today. It is mid-season.",0.18,0.6373569044082696,88,"Need probability. Low-budget, rarely buys overall, but has been buying for 2 weeks running (so some habit). Price 2.00 moderate. Mid-season maybe less demand. I'd say low chance ~20%."
"a low-budget shopper, who rarely buys overall, is at a budget stall priced at 2.00. The shopper has bought here 3 weeks running and has bought nothing yet today. It is early in the season.",0.3,0.7603080339297646,18,"Need probability. Low-budget, rarely buys overall, but regular for 3 weeks. Price low. Early season maybe less demand. I'd say 30%."
"a low-budget shopper, who rarely buys overall, is at a budget stall priced at 2.00. The shopper has bought here 3 weeks running and has bought nothing yet today. It is late in the season.",0.3,0.7071175253163727,113,"Need probability. Low-budget, rare buyer, but regular patron. Price 2.00, low budget. Late season maybe less demand. I'd say 30%."
"a low-budget shopper, who rarely buys overall, is at a budget stall priced at 2.00. The shopper has bought here 3 weeks running and has bought nothing yet today. It is mid-season.",0.18,0.7548223121382515,102,"Need probability. Low-budget, rarely buys overall, but regular for 3 weeks. Price 2.00 moderate. Mid-season maybe less demand. I'd say low chance ~20%."
"a low-budget shopper, who rarely buys overall, is at a budget stall priced at 2.00. The shopper has never bought here and has already bought 1 item(s) today, spending about 1. It is mid-season.",0.12,0.38039300418464317,2,"Need probability. Low-budget, rare buyer, first time, price 2, spent 1 so far, mid-season. Likely low chance maybe 10%."
"a low-budget shopper, who rarely buys overall, is at a budget stall priced at 2.00. The shopper has never bought here and has already bought 1 item(s) today, spending about 2. It is early in the season.",0.05,0.33987879029799856,5,Need probability low. Maybe 5%.
"a low-budget shopper, who rarely buys overall, is at a budget stall priced at 2.00. The shopper has never bought here and has already bought 1 item(s) today, spending about 2. It is late in the season.",0.05,0.27777082613952736,4,Need probability low. Maybe 5.
"a low-budget shopper, who rarely buys overall, is at a budget stall priced at 2.00. The shopper has never bought here and has already bought 1 item(s) today, spending about 2. It is mid-season.",0.05,0.2777708261395273,4,Need probability low. Maybe 5.
"a low-budget shopper, who rarely buys overall, is at a budget stall priced at 2.00. The shopper has never bought here and has bought nothing yet today. It is early in the season.",0.05,0.37933810116494043,979,Need probability low. Maybe 5%.
"a low-budget shopper, who rarely buys overall, is at a budget stall priced at 2.00. The shopper has never bought here and has bought nothing yet today. It is late in the season.",0.05,0.35908811422446996,679,Need probability low. Maybe 5%.
"a low-budget shopper, who rarely buys overall, is at a budget stall priced at 2.00. The shopper has never bought here and has bought nothing yet today. It is mid-season.",0.05,0.3626543939635945,627,Need probability low. Maybe 5%.
"a middle-income shopper, who buys often overall, is at a budget stall priced at 1.40. The shopper bought here last week and has already bought 1 item(s) today, spending about 2. It is early in the season.",0.7,0.6227466784341427,2,"Need probability. Factors: price low, previous purchase, budget stall, early season. Likely high but not guaranteed. Maybe 70%."
"a middle-income shopper, who buys often overall, is at a budget stall priced at 1.40. The shopper bought here last week and has already bought 1 item(s) today, spending about 2. It is late in the season.",0.65,0.5544379415551345,1,Need probability. Likely high but maybe lower due to season. I'll give 65.
"a middle-income shopper, who buys often overall, is at a budget stall priced at 1.40. The shopper bought here last week and has already bought 2 item(s) today, spending about 4. It is late in the season.",0.75,0.5326457564213392,2,"Need probability. Factors: price low, previous purchase, budget stall, late season maybe less demand. Middle income, buys often overall. Likely high chance ~70-80. I'll choose 75."
"a middle-income shopper, who buys often overall, is at a budget stall priced at 1.40. The shopper bought here last week and has bought nothing yet today. It is early in the season.",0.7,0.5987219059420884,1,"Need probability. Likely high because frequent buyer, recent visit, price low. Early season maybe less demand but still. I'd say 70%."
"a middle-income shopper, who buys often overall, is at a budget stall priced at 1.40. The shopper bought here last week and has bought nothing yet today. It is late in the season.",0.7,0.6507229313070565,3,"Need probability. Likely high due to past purchase, but late season reduces. Maybe 70."
"a middle-income shopper, who buys often overall, is at a budget stall priced at 1.40. The shopper bought here last week and has bought nothing yet today. It is mid-season.",0.75,0.6120024840397554,1,Need probability. Likely high: maybe 70.
"a middle-income shopper, who buys often overall, is at a budget stall priced at 1.40. The shopper has bought here 2 weeks running and has bought nothing yet today. It is early in the season.",0.75,0.8385719398563007,1,"Need probability. Likely high due to habit, price low, early season. Maybe 70-80%. I'll choose 75."
"a middle-income shopper, who buys often overall, is at a budget stall priced at 1.40. The shopper has bought here 2 weeks running and has bought nothing yet today. It is late in the season.",0.75,0.8281575408679411,1,"Need probability. Likely high due to habit, price low, but late season maybe less. Maybe 70."
"a middle-income shopper, who buys often overall, is at a budget stall priced at 1.40. The shopper has bought here 3 weeks running and has already bought 1 item(s) today, spending about 2. It is early in the season.",0.75,0.8366474262213401,1,"Need probability. Given frequent buyer, price low, early season, already bought one today. Likely to buy another? maybe 70%. I'll output 75."
"a middle-income shopper, who buys often overall, is at a budget stall priced at 1.40. The shopper has never bought here and has already bought 1 item(s) today, spending about 2. It is early in the season.",0.18,0.48447768368889915,6,"Need probability. Likely low due to new stall, price moderate, early season. Maybe 20%."
"a middle-income shopper, who buys often overall, is at a budget stall priced at 1.40. The shopper has never bought here and has already bought 1 item(s) today, spending about 2. It is late in the season.",0.3,0.47928588249350224,6,"Need probability. Factors: price moderate, first time, already spent 2, budget stall, late season. Likely lower. Maybe 30%."
"a middle-income shopper, who buys often overall, is at a budget stall priced at 1.40. The shopper has never bought here and has already bought 1 item(s) today, spending about 6. It is early in the season.",0.18,0.31808044435011107,1,"Need probability. Likely low due to new stall, price moderate, early season. Maybe 20%."
"a middle-income shopper, who buys often overall, is at a budget stall priced at 1.40. The shopper has never bought here and has already bought 2 item(s) today, spending about 4. It is late in the season.",0.3,0.46726348466031153,1,"Need estimate probability. Factors: price moderate, new stall, already spent 4, two items, budget stall, late season. Likely lower than usual. Maybe 30%."
"a middle-income shopper, who buys often overall, is at a budget stall priced at 1.40. The shopper has never bought here and has already bought 2 item(s) today, spending about 4. It is mid-season.",0.6,0.40257598342792505,1,"Need estimate probability. Middle income, frequent buyer, new stall, price 1.40 moderate, already spent ~4 on 2 items (so average 2). Budget stall maybe cheap. Mid-season maybe less demand. I'd say 60%."
"a middle-income shopper, who buys often overall, is at a budget stall priced at 1.40. The shopper has never bought here and has bought nothing yet today. It is early in the season.",0.18,0.47374472296315684,3,"Need probability. Likely low due to new stall, price moderate, early season. Maybe 20%."
"a middle-income shopper, who buys often overall, is at a budget stall priced at 1.40. The shopper has never bought here and has bought nothing yet today. It is late in the season.",0.18,0.45826985090997163,12,"Need probability. Likely low due to new stall, price moderate, late season. Maybe 20%."
"a middle-income shopper, who buys often overall, is at a budget stall priced at 1.40. The shopper has never bought here and has bought nothing yet today. It is mid-season.",0.18,0.4857648771002573,4,"Need probability. Likely low because new stall, price moderate, mid-season. Maybe 20%."
"a middle-income shopper, who buys often overall, is at a budget stall priced at 2.00. The shopper bought here last week and has already bought 1 item(s) today, spending about 1. It is late in the season.",0.7,0.6957231142374154,1,Need probability. Likely high but season late. Maybe 70.
"a middle-income shopper, who buys often overall, is at a budget stall priced at 2.00. The shopper bought here last week and has already bought 1 item(s) today, spending about 1. It is mid-season.",0.75,0.4963841659346637,2,"Need probability. Likely high because frequent buyer, low price, previous purchase. Maybe 70-80%. I'll output 75."
"a middle-income shopper, who buys often overall, is at a budget stall priced at 2.00. The shopper bought here last week and has already bought 1 item(s) today, spending about 2. It is early in the season.",0.75,0.5810423351540382,26,"Need probability. Likely high because frequent buyer, low price, early season. Maybe 70%."
"a middle-income shopper, who buys often overall, is at a budget stall priced at 2.00. The shopper bought here last week and has already bought 1 item(s) today, spending about 2. It is late in the season.",0.7,0.6081297446738351,38,"Need probability. Likely high because frequent buyer, low price, already bought one today. Late season maybe less demand but still. I'd say 70."
"a middle-income shopper, who buys often overall, is at a budget stall priced at 2.00. The shopper bought here last week and has already bought 1 item(s) today, spending about 2. It is mid-season.",0.75,0.5764463472036717,30,"Need probability. Likely high because frequent buyer, low price, already bought one today. Maybe 70-80%. I'll output 75."
"a middle-income shopper, who buys often overall, is at a budget stall priced at 2.00. The shopper bought here last week and has already bought 1 item(s) today, spending about 4. It is early in the season.",0.7,0.477254598027508,1,"Need probability. Factors: price low, previous purchase, budget stall, early season. Likely high but not guaranteed. Maybe 70%."
"a middle-income shopper, who buys often overall, is at a budget stall priced at 2.00. The shopper bought here last week and has already bought 1 item(s) today, spending about 4. It is mid-season.",0.75,0.6745454559193678,1,"Need probability. Likely high because frequent buyer, low price, mid-season. Maybe 70%."
"a middle-income shopper, who buys often overall, is at a budget stall priced at 2.00. The shopper bought here last week and has already bought 1 item(s) today, spending about 6. It is early in the season.",0.7,0.43368429298579514,2,"Need probability. Factors: price low, previous purchase, budget stall, early season. Likely high but not guaranteed. Maybe 70%."
"a middle-income shopper, who buys often overall, is at a budget stall priced at 2.00. The shopper bought here last week and has already bought 1 item(s) today, spending about 6. It is late in the season.",0.7,0.46679437800915946,2,Need probability. Likely high but season late. Maybe 70.
"a middle-income shopper, who buys often overall, is at a budget stall priced at 2.00. The shopper bought here last week and has already bought 1 item(s) today, spending about 6. It is mid-season.",0.75,0.4778872602850158,2,"Need probability. Likely high because frequent buyer, low price, mid-season. Maybe 70%."
"a middle-income shopper, who buys often overall, is at a budget stall priced at 2.00. The shopper bought here last week and has already bought 2 item(s) today, spending about 4. It is early in the season.",0.7,0.5956555521769799,3,"Need probability. Factors: price low, previous purchase, budget stall, early season. Likely high but not guaranteed. Maybe 70%."
"a middle-income shopper, who buys often overall, is at a budget stall priced at 2.00. The shopper bought here last week and has already bought 2 item(s) today, spending about 4. It is late in the season.",0.6,0.5990073358424589,3,"Need probability. Factors: price low, previous purchase, budget stall, late season reduces demand. Middle income, buys often overall. Likely still buy. Maybe 60%."
"a middle-income shopper, who buys often overall, is at a budget stall priced at 2.00. The shopper bought here last week and has already bought 2 item(s) today, spending about 4. It is mid-season.",0.75,0.6093928123093331,5,"Need probability. Likely high because frequent buyer, low price, mid-season. Maybe 70%."
"a middle-income shopper, who buys often overall, is at a budget stall priced at 2.00. The shopper bought here last week and has already bought 2 item(s) today, spending about 6. It is mid-season.",0.75,0.6327588489310757,1,"Need probability. Likely high because frequent buyer, low price, mid-season. Maybe 70%."
"a middle-income shopper, who buys often overall, is at a budget stall priced at 2.00. The shopper bought here last week and has bought nothing yet today. It is early in the season.",0.7,0.628208065490913,35,"Need probability. Likely high because frequent buyer, recent visit, low price. Early season maybe less demand but still. I'd say 70."
"a middle-income shopper, who buys often overall, is at a budget stall priced at 2.00. The shopper bought here last week and has bought nothing yet today. It is late in the season.",0.7,0.6204720721381345,86,"Need probability. Likely high due to frequent buyer, previous visit, price low, but late season maybe less. Maybe 70."
"a middle-income shopper, who buys often overall, is at a budget stall priced at 2.00. The shopper bought here last week and has bought nothing yet today. It is mid-season.",0.75,0.6121372787320344,70,Need probability. Likely high: maybe 70.
"a middle-income shopper, who buys often overall, is at a budget stall priced at 2.00. The shopper has bought here 2 weeks running and has already bought 1 item(s) today, spending about 2. It is early in the season.",0.65,0.6904788034865508,5,"Need probability. Given frequent buyer, price low, early season, already spent 2. Likely to buy again? maybe 60%."
"a middle-income shopper, who buys often overall, is at a budget stall priced at 2.00. The shopper has bought here 2 weeks running and has already bought 1 item(s) today, spending about 2. It is late in the season.",0.75,0.6900381259661196,9,"Need probability. Likely high but maybe lower due to budget stall price low, but late season. He already bought 1 today. Maybe 70%."
"a middle-income shopper, who buys often overall, is at a budget stall priced at 2.00. The shopper has bought here 2 weeks running and has already bought 1 item(s) today, spending about 2. It is mid-season.",0.75,0.7091206096372434,11,"Need probability. Given frequent buyer, price low, already bought one today, still buying? maybe high like 70."
"a middle-income shopper, who buys often overall, is at a budget stall priced at 2.00. The shopper has bought here 2 weeks running and has already bought 2 item(s) today, spending about 4. It is early in the season.",0.85,0.6314909510314309,1,"Need probability. Likely high because frequent buyer, price low, early season. Maybe 80%."
"a middle-income shopper, who buys often overall, is at a budget stall priced at 2.00. The shopper has bought here 2 weeks running and has bought nothing yet today. It is early in the season.",0.75,0.7696032279723743,6,"Need probability. Likely high due to habit, price low, early season. Maybe 70-80%. I'll choose 75."
"a middle-income shopper, who buys often overall, is at a budget stall priced at 2.00. The shopper has bought here 2 weeks running and has bought nothing yet today. It is late in the season.",0.75,0.7289123133721579,32,"Need probability. Likely high due to habit, price low, but late season maybe less. Maybe 70."
"a middle-income shopper, who buys often overall, is at a budget stall priced at 2.00. The shopper has bought here 2 weeks running and has bought nothing yet today. It is mid-season.",0.75,0.7296708784957443,24,Need probability high. Maybe 70.
"a middle-income shopper, who buys often overall, is at a budget stall priced at 2.00. The shopper has bought here 3 weeks running and has already bought 1 item(s) today, spending about 2. It is early in the season.",0.85,0.8516412929186045,1,"Need probability high since frequent buyer, price low, early season. Maybe 80."
"a middle-income shopper, who buys often overall, is at a budget stall priced at 2.00. The shopper has bought here 3 weeks running and has already bought 1 item(s) today, spending about 2. It is late in the season.",0.7,0.8120333048429529,8,Need probability high but maybe slight drop due to season end. Maybe 70.
"a middle-income shopper, who buys often overall, is at a budget stall priced at 2.00. The shopper has bought here 3 weeks running and has already bought 1 item(s) today, spending about 2. It is mid-season.",0.75,0.8166745598726498,5,"Need probability. Given frequent buyer, price low, already bought one today, likely to buy another? Maybe 70%."
"a middle-income shopper, who buys often overall, is at a budget stall priced at 2.00. The shopper has bought here 3 weeks running and has already bought 1 item(s) today, spending about 4. It is mid-season.",0.75,0.8169757336755463,2,"Need probability. Given frequent buyer, price low, mid-season, already bought 1 today. Likely to buy another? maybe 70%. I'll output 75."
"a middle-income shopper, who buys often overall, is at a budget stall priced at 2.00. The shopper has bought here 3 weeks running and has already bought 2 item(s) today, spending about 4. It is mid-season.",0.85,0.8625496398598577,1,"Need probability. Likely high because frequent buyer, price low, already spent 4. Maybe 80%."
"a middle-income shopper, who buys often overall, is at a budget stall priced at 2.00. The shopper has bought here 3 weeks running and has already bought 2 item(s) today, spending about 6. It is late in the season.",0.72,0.8130683878666425,1,"Need probability. Given frequent buyer, price low, early season? Late season maybe less demand. But still buying. I'd say high: maybe 70%."
"a middle-income shopper, who buys often overall, is at a budget stall priced at 2.00. The shopper has bought here 3 weeks running and has bought nothing yet today. It is early in the season.",0.75,0.8465754477482828,2,"Need probability high due to loyalty, price low, early season. Maybe 70-80. I'll choose 75."
"a middle-income shopper, who buys often overall, is at a budget stall priced at 2.00. The shopper has bought here 3 weeks running and has bought nothing yet today. It is late in the season.",0.7,0.8004448942581711,19,"Need probability. Likely high due to habit, but late season maybe lower. Maybe 70."
"a middle-income shopper, who buys often overall, is at a budget stall priced at 2.00. The shopper has bought here 3 weeks running and has bought nothing yet today. It is mid-season.",0.75,0.8163188478206164,6,Need probability high. Maybe 70.
"a middle-income shopper, who buys often overall, is at a budget stall priced at 2.00. The shopper has never bought here and has already bought 1 item(s) today, spending about 1. It is early in the season.",0.3,0.4388955827142248,1,"Need probability. Factors: price moderate, new stall, already spent 1 of maybe budget? Early season low demand. Likely lower chance. Maybe 30%."
"a middle-income shopper, who buys often overall, is at a budget stall priced at 2.00. The shopper has never bought here and has already bought 1 item(s) today, spending about 1. It is late in the season.",0.25,0.42380775733919757,6,"Need probability. Factors: price moderate, first time, already spent ~1 of maybe budget? Late season may reduce. Likely low but not zero. Maybe 25%."
"a middle-income shopper, who buys often overall, is at a budget stall priced at 2.00. The shopper has never bought here and has already bought 1 item(s) today, spending about 1. It is mid-season.",0.35,0.4116914781125659,4,Need probability. Likely moderate: 30-40%. I'll choose 35.
"a middle-income shopper, who buys often overall, is at a budget stall priced at 2.00. The shopper has never bought here and has already bought 1 item(s) today, spending about 2. It is early in the season.",0.3,0.43516810998784955,60,"Need probability. Factors: price 2, budget stall, first time, already spent ~2 today, early season. Likely lower. Maybe 30%."
"a middle-income shopper, who buys often overall, is at a budget stall priced at 2.00. The shopper has never bought here and has already bought 1 item(s) today, spending about 2. It is late in the season.",0.3,0.4304296166911519,162,"Need probability. Factors: price 2, budget stall, first time, already spent 2 today, late season. Likely lower. Maybe 30%."
"a middle-income shopper, who buys often overall, is at a budget stall priced at 2.00. The shopper has never bought here and has already bought 1 item(s) today, spending about 2. It is mid-season.",0.18,0.43273422970373066,136,"Need probability. Likely low because new stall, price moderate, already spent. Maybe 20%."
"a middle-income shopper, who buys often overall, is at a budget stall priced at 2.00. The shopper has never bought here and has already bought 1 item(s) today, spending about 4. It is early in the season.",0.3,0.35675174597502907,5,"Need probability. Factors: price moderate, new stall, already spent 4, early season. Likely lower. Maybe 30%."
"a middle-income shopper, who buys often overall, is at a budget stall priced at 2.00. The shopper has never bought here and has already bought 1 item(s) today, spending about 4. It is late in the season.",0.3,0.4454000857248056,10,"Need probability. Factors: price moderate, first time, already spent 4, budget stall, late season. Likely lower. Maybe 30%."
"a middle-income shopper, who buys often overall, is at a budget stall priced at 2.00. The shopper has never bought here and has already bought 1 item(s) today, spending about 4. It is mid-season.",0.35,0.5541329244532783,1,Need probability. Likely moderate: 30-40%. I'll choose 35.
"a middle-income shopper, who buys often overall, is at a budget stall priced at 2.00. The shopper has never bought here and has already bought 1 item(s) today, spending about 6. It is early in the season.",0.3,0.43466290270603625,6,"Need probability. Factors: price moderate, new stall, already spent 6, early season. Likely lower. Maybe 30%."
"a middle-income shopper, who buys often overall, is at a budget stall priced at 2.00. The shopper has never bought here and has already bought 1 item(s) today, spending about 6. It is late in the season.",0.3,0.3718147324708837,15,"Need probability. Factors: price moderate, first time, already spent 6, budget stall, late season. Likely lower. Maybe 30%."
"a middle-income shopper, who buys often overall, is at a budget stall priced at 2.00. The shopper has never bought here and has already bought 1 item(s) today, spending about 6. It is mid-season.",0.35,0.4250071772471089,10,Need probability. Likely moderate: 30-40%. I'll choose 35.
"a middle-income shopper, who buys often overall, is at a budget stall priced at 2.00. The shopper has never bought here and has already bought 2 item(s) today, spending about 3. It is early in the season.",0.25,0.5455002574522122,1,"Need probability. Factors: price moderate, new stall, already spent 3, early season. Likely lower. Maybe 25%."
"a middle-income shopper, who buys often overall, is at a budget stall priced at 2.00. The shopper has never bought here and has already bought 2 item(s) today, spending about 4. It is early in the season.",0.3,0.4435154874821322,11,"Need probability. Factors: price moderate, new stall, already spent 4, early season. Likely lower. Maybe 30%."
"a middle-income shopper, who buys often overall, is at a budget stall priced at 2.00. The shopper has never bought here and has already bought 2 item(s) today, spending about 4. It is late in the season.",0.3,0.42379540092475976,32,"Need probability. Factors: price moderate, new stall, already spent 4, two items today, late season maybe less demand. Likely lower than usual. Maybe 30%."
"a middle-income shopper, who buys often overall, is at a budget stall priced at 2.00. The shopper has never bought here and has already bought 2 item(s) today, spending about 4. It is mid-season.",0.18,0.434589008456269,20,"Need probability. Likely low because new stall, price moderate, already spent. Maybe 20%."
"a middle-income shopper, who buys often overall, is at a budget stall priced at 2.00. The shopper has never bought here and has already bought 2 item(s) today, spending about 6. It is mid-season.",0.18,0.2974243573564262,1,"Need probability. Likely low because new stall, price moderate, already spent. Maybe 20%."
"a middle-income shopper, who buys often overall, is at a budget stall priced at 2.00. The shopper has never bought here and has bought nothing yet today. It is early in the season.",0.15,0.4687809476722767,144,"Need probability. Likely low due to new stall, price moderate, early season. Maybe 15%."
"a middle-income shopper, who buys often overall, is at a budget stall priced at 2.00. The shopper has never bought here and has bought nothing yet today. It is late in the season.",0.15,0.48014793417092105,295,"Need probability. Likely low due to new stall, price moderate, late season. Maybe 15%."
"a middle-income shopper, who buys often overall, is at a budget stall priced at 2.00. The shopper has never bought here and has bought nothing yet today. It is mid-season.",0.18,0.471703114596515,260,"Need probability. Likely low because new stall, price moderate, mid-season. Maybe 20%."
"a middle-income shopper, who buys often overall, is at a premium stall priced at 4.20. The shopper bought here last week and has already bought 1 item(s) today, spending about 2. It is late in the season.",0.35,0.428564078999735,2,"Need probability. Factors: mid income, frequent buyer, premium stall price 4.20, bought last week, already bought 1 today spending ~2 (so maybe low spend). Late season reduces demand. Likely moderate chance. Maybe 35%."
"a middle-income shopper, who buys often overall, is at a premium stall priced at 4.20. The shopper bought here last week and has bought nothing yet today. It is late in the season.",0.7,0.6910526119009106,1,"Need probability. Likely high but price premium, late season. Maybe 70."
"a middle-income shopper, who buys often overall, is at a premium stall priced at 4.20. The shopper bought here last week and has bought nothing yet today. It is mid-season.",0.75,0.5367688430075371,1,"Need probability. Likely high because frequent buyer, recent visit, price moderate. Maybe 70-80%. I'll choose 75."
"a middle-income shopper, who buys often overall, is at a premium stall priced at 4.20. The shopper has bought here 2 weeks running and has already bought 1 item(s) today, spending about 2. It is mid-season.",0.75,0.7043210059067558,2,"Need probability. Given frequent buyer, premium stall, price moderate, already bought one today, mid-season. Likely high chance to buy another? Maybe 70%."
"a middle-income shopper, who buys often overall, is at a premium stall priced at 4.20. The shopper has never bought here and has already bought 1 item(s) today, spending about 2. It is early in the season.",0.32,0.2902963966208377,2,"Need probability. Factors: premium stall price high, first time buyer, already spent 2 of budget? middle income, buys often overall. Early season maybe less demand. I'd say moderate low ~30%."
"a middle-income shopper, who buys often overall, is at a premium stall priced at 4.20. The shopper has never bought here and has already bought 1 item(s) today, spending about 2. It is late in the season.",0.32,0.3940546027062097,6,"Need probability. Factors: premium stall price high, first time buyer, already spent 2 of budget? middle income, buys often overall. Late season may reduce. I'd say moderate low ~30%."
"a middle-income shopper, who buys often overall, is at a premium stall priced at 4.20. The shopper has never bought here and has already bought 1 item(s) today, spending about 2. It is mid-season.",0.15,0.4168091370368463,4,"Need probability. Likely low because new stall, price high. Maybe 15%."
"a middle-income shopper, who buys often overall, is at a premium stall priced at 4.20. The shopper has never bought here and has already bought 2 item(s) today, spending about 4. It is late in the season.",0.15,0.2912206051005806,1,"Need probability. Factors: premium stall price high, first time buyer, already spent 4, only 2 items, late season. Likely low. Maybe 15%."
"a middle-income shopper, who buys often overall, is at a premium stall priced at 4.20. The shopper has never bought here and has bought nothing yet today. It is early in the season.",0.15,0.4404400318341419,3,"Need probability. Likely low due to new stall, high price. Maybe 15%."
"a middle-income shopper, who buys often overall, is at a premium stall priced at 4.20. The shopper has never bought here and has bought nothing yet today. It is late in the season.",0.15,0.3584860709652605,12,"Need probability. Likely low due to new stall, high price, late season. Maybe 15%."
"a middle-income shopper, who buys often overall, is at a premium stall priced at 4.20. The shopper has never bought here and has bought nothing yet today. It is mid-season.",0.6,0.35344050340676414,14,"Need probability. Middle income, frequent buyer, but new stall, price moderate, mid-season. Maybe 60%."
"a middle-income shopper, who buys often overall, is at a premium stall priced at 6.00. The shopper bought here last week and has already bought 1 item(s) today, spending about 2. It is early in the season.",0.35,0.5034565165990447,1,"Need probability. Factors: price high, already spent 2 of budget? middle income, buys often, premium stall, early season. Likely lower chance maybe 30-40%. I'll output 35."
"a middle-income shopper, who buys often overall, is at a premium stall priced at 6.00. The shopper bought here last week and has already bought 1 item(s) today, spending about 2. It is late in the season.",0.35,0.5034565165990447,1,"Need probability. Factors: mid income, frequent buyer, premium stall price 6, bought last week, already bought 1 today spending ~2 (so maybe low spend). Late season reduces demand. Likely moderate chance. Maybe 35%."
"a middle-income shopper, who buys often overall, is at a premium stall priced at 6.00. The shopper bought here last week and has already bought 1 item(s) today, spending about 2. It is mid-season.",0.55,0.5116742398413754,4,"Need probability. Given frequent buyer, premium stall, price 6, already bought 1 today spending 2 (so maybe low spend). Mid-season. Likely moderate chance. I'll output 55."
"a middle-income shopper, who buys often overall, is at a premium stall priced at 6.00. The shopper bought here last week and has bought nothing yet today. It is early in the season.",0.4,0.4391291876695745,13,"Need probability. Factors: middle income, frequent buyer, premium stall price 6, bought last week, none today, early season. Likely moderate chance maybe 35-45. I'll choose 40."
"a middle-income shopper, who buys often overall, is at a premium stall priced at 6.00. The shopper bought here last week and has bought nothing yet today. It is late in the season.",0.7,0.4794652195857236,24,"Need probability. Likely high but price premium, late season. Maybe 70."
"a middle-income shopper, who buys often overall, is at a premium stall priced at 6.00. The shopper bought here last week and has bought nothing yet today. It is mid-season.",0.72,0.4768675723116562,20,"Need probability. Likely high because frequent buyer, recent purchase, premium stall but price moderate. Maybe 70%."
"a middle-income shopper, who buys often overall, is at a premium stall priced at 6.00. The shopper has bought here 2 weeks running and has already bought 1 item(s) today, spending about 2. It is mid-season.",0.65,0.49263471895540983,1,"Need probability. Given frequent buyer, premium stall, price 6, already bought 1 today, spent 2 total? Actually 1 item at 6 cost 6, but says spending about 2? maybe mis. Anyway likely to buy again moderate. Maybe 60%."
"a middle-income shopper, who buys often overall, is at a premium stall priced at 6.00. The shopper has bought here 2 weeks running and has bought nothing yet today. It is early in the season.",0.72,0.64258713126923,2,"Need probability. Likely high due to loyalty, but price premium. Early season maybe lower demand. Maybe 70%."
"a middle-income shopper, who buys often overall, is at a premium stall priced at 6.00. The shopper has bought here 2 weeks running and has bought nothing yet today. It is late in the season.",0.72,0.6320698685177497,5,Need probability. Likely high but price premium. Late season maybe less. Maybe 70.
"a middle-income shopper, who buys often overall, is at a premium stall priced at 6.00. The shopper has bought here 2 weeks running and has bought nothing yet today. It is mid-season.",0.75,0.5882125664222614,5,Need probability. Likely high: maybe 70-80. I'll choose 75.
"a middle-income shopper, who buys often overall, is at a premium stall priced at 6.00. The shopper has bought here 3 weeks running and has bought nothing yet today. It is late in the season.",0.7,0.7238923166776288,2,Need probability. Likely high due to loyalty but price high and late season. Maybe 70.
"a middle-income shopper, who buys often overall, is at a premium stall priced at 6.00. The shopper has bought here 3 weeks running and has bought nothing yet today. It is mid-season.",0.78,0.8169484763805144,1,Need probability high. Maybe 70-80.
"a middle-income shopper, who buys often overall, is at a premium stall priced at 6.00. The shopper has never bought here and has already bought 1 item(s) today, spending about 1. It is early in the season.",0.15,0.23148783004683593,1,Need estimate probability. Premium stall price 6.00 high for middle income. Has bought once today low spend. Early season maybe less demand. Likely low chance ~15%.
"a middle-income shopper, who buys often overall, is at a premium stall priced at 6.00. The shopper has never bought here and has already bought 1 item(s) today, spending about 1. It is late in the season.",0.32,0.4433659099117306,1,"Need probability. Factors: premium stall price 6 high, first time buyer, already spent 1 of budget? middle income, buys often overall. Late season may reduce. I'd say moderate low ~30%."
"a middle-income shopper, who buys often overall, is at a premium stall priced at 6.00. The shopper has never bought here and has already bought 1 item(s) today, spending about 2. It is early in the season.",0.18,0.3669861444741355,9,"Need probability. Factors: premium stall price 6 high, first time buyer, already spent 2 of day, early season maybe less demand. Middle income, buys often overall. I'd say low chance ~20%."
"a middle-income shopper, who buys often overall, is at a premium stall priced at 6.00. The shopper has never bought here and has already bought 1 item(s) today, spending about 2. It is late in the season.",0.18,0.3495081306896555,17,"Need estimate probability. Premium stall price 6 high. Shopper mid income, buys often overall but never here. Already spent 2 on other items. Late season may reduce. Maybe low chance ~20%."
"a middle-income shopper, who buys often overall, is at a premium stall priced at 6.00. The shopper has never bought here and has already bought 1 item(s) today, spending about 2. It is mid-season.",0.3,0.34687241714913924,10,"Need estimate probability. Premium stall price 6, shopper spent 2 already, hasn't bought here before. Middle income, buys often overall. Mid-season maybe less demand. I'd say moderate chance ~30%."
"a middle-income shopper, who buys often overall, is at a premium stall priced at 6.00. The shopper has never bought here and has bought nothing yet today. It is early in the season.",0.18,0.33327361251244486,83,"Need probability. Likely low due to new stall, high price. Maybe 20%."
"a middle-income shopper, who buys often overall, is at a premium stall priced at 6.00. The shopper has never bought here and has bought nothing yet today. It is late in the season.",0.15,0.324781549021095,191,"Need probability. Likely low due to new stall, high price, late season. Maybe 15%."
"a middle-income shopper, who buys often overall, is at a premium stall priced at 6.00. The shopper has never bought here and has bought nothing yet today. It is mid-season.",0.35,0.333891183529684,147,"Need probability. Middle income, frequent buyer, but new stall, price 6, mid-season. Likely moderate chance maybe 35%."
"a middle-income shopper, who buys sometimes overall, is at a budget stall priced at 1.40. The shopper bought here last week and has already bought 1 item(s) today, spending about 2. It is early in the season.",0.65,0.7089166918697136,1,"Need probability. Factors: price low, previous purchase, budget stall, early season. Likely moderate chance maybe 60%."
"a middle-income shopper, who buys sometimes overall, is at a budget stall priced at 1.40. The shopper bought here last week and has bought nothing yet today. It is early in the season.",0.65,0.6935097909235958,1,"Need probability. Factors: price low, previous purchase, no purchase today, early season. Maybe moderate chance ~60%."
"a middle-income shopper, who buys sometimes overall, is at a budget stall priced at 1.40. The shopper bought here last week and has bought nothing yet today. It is late in the season.",0.35,0.6261645577973448,1,Need probability. Likely moderate: maybe 30%.
"a middle-income shopper, who buys sometimes overall, is at a budget stall priced at 1.40. The shopper has never bought here and has already bought 1 item(s) today, spending about 2. It is early in the season.",0.15,0.4058458990232787,2,"Need probability. Factors: price moderate, first time, already spent 2, budget stall, early season. Likely low. Maybe 15%."
"a middle-income shopper, who buys sometimes overall, is at a budget stall priced at 1.40. The shopper has never bought here and has already bought 2 item(s) today, spending about 4. It is early in the season.",0.35,0.34534760257775504,1,"Need probability. Factors: price low, first time, already spent 4, budget stall, early season. Likely moderate chance maybe 30%."
"a middle-income shopper, who buys sometimes overall, is at a budget stall priced at 1.40. The shopper has never bought here and has bought nothing yet today. It is early in the season.",0.12,0.42406580043143055,3,Need probability. Likely low: maybe 15%.
"a middle-income shopper, who buys sometimes overall, is at a budget stall priced at 1.40. The shopper has never bought here and has bought nothing yet today. It is late in the season.",0.15,0.4551829776852403,2,"Need probability. Likely low due to new stall, price moderate, late season. Maybe 15%."
"a middle-income shopper, who buys sometimes overall, is at a budget stall priced at 1.40. The shopper has never bought here and has bought nothing yet today. It is mid-season.",0.18,0.4978565706689226,3,"Need probability. Likely low because first time, price moderate, mid-season. Maybe 20%."
"a middle-income shopper, who buys sometimes overall, is at a budget stall priced at 2.00. The shopper bought here last week and has already bought 1 item(s) today, spending about 2. It is early in the season.",0.35,0.5849415650771382,9,"Need probability. Given they bought last week, price low, early season, but already spent 2 today (maybe same stall). Likely to buy again? Maybe moderate 40%. I'll output 35."
"a middle-income shopper, who buys sometimes overall, is at a budget stall priced at 2.00. The shopper bought here last week and has already bought 1 item(s) today, spending about 2. It is late in the season.",0.35,0.47203067567967316,5,"Need probability. Factors: price low, previous purchase, only 1 item today, spent ~2. Late season may reduce demand. Middle-income occasional buyer. I'd say moderate chance maybe 35%."
"a middle-income shopper, who buys sometimes overall, is at a budget stall priced at 2.00. The shopper bought here last week and has already bought 1 item(s) today, spending about 2. It is mid-season.",0.3,0.49944496273279027,4,"Need probability. Given they bought last week, price low, already bought one today, maybe less likely to buy again. Maybe 30%."
"a middle-income shopper, who buys sometimes overall, is at a budget stall priced at 2.00. The shopper bought here last week and has already bought 1 item(s) today, spending about 6. It is mid-season.",0.42,0.4843932900044614,1,"Need probability. Given they bought last week, price low, mid-season, already bought one today, spending ~6 total. Likely to buy again? Maybe moderate: 40%."
"a middle-income shopper, who buys sometimes overall, is at a budget stall priced at 2.00. The shopper bought here last week and has already bought 2 item(s) today, spending about 3. It is mid-season.",0.75,0.6911377459422028,1,"Need probability. Given price low, previous purchase, mid-season. Maybe high chance ~70."
"a middle-income shopper, who buys sometimes overall, is at a budget stall priced at 2.00. The shopper bought here last week and has already bought 2 item(s) today, spending about 4. It is late in the season.",0.6,0.4082388074276004,1,"Need probability. Factors: price low, previous purchase, already spent 4 of maybe budget? He bought 2 items today already. Likely to buy one more? Late season may reduce. Maybe 60%."
"a middle-income shopper, who buys sometimes overall, is at a budget stall priced at 2.00. The shopper bought here last week and has already bought 2 item(s) today, spending about 4. It is mid-season.",0.75,0.6010835888993303,1,"Need probability. Factors: price low, previous purchase, already spent 4 of maybe budget? Likely high chance. Maybe 70%."
"a middle-income shopper, who buys sometimes overall, is at a budget stall priced at 2.00. The shopper bought here last week and has bought nothing yet today. It is early in the season.",0.35,0.6137763827867477,19,"Need probability. Factors: middle income, occasional buyer, price $2, previous purchase last week, none today, early season. Likely moderate chance maybe 35%."
"a middle-income shopper, who buys sometimes overall, is at a budget stall priced at 2.00. The shopper bought here last week and has bought nothing yet today. It is late in the season.",0.35,0.5137455851361983,14,"Need probability. Likely low due to late season, but had previous purchase. Maybe 30%."
"a middle-income shopper, who buys sometimes overall, is at a budget stall priced at 2.00. The shopper bought here last week and has bought nothing yet today. It is mid-season.",0.65,0.5332578421166773,11,"Need probability. Factors: price low, previous purchase, no purchase today, mid-season. Maybe moderate chance ~60."
"a middle-income shopper, who buys sometimes overall, is at a budget stall priced at 2.00. The shopper has bought here 2 weeks running and has already bought 1 item(s) today, spending about 2. It is early in the season.",0.6,0.70978065340192,2,"Need probability. Given they buy sometimes, have been buying for 2 weeks, already bought 1 today, price low, early season. Likely to buy again? Maybe moderate: 60%."
"a middle-income shopper, who buys sometimes overall, is at a budget stall priced at 2.00. The shopper has bought here 2 weeks running and has already bought 1 item(s) today, spending about 2. It is late in the season.",0.7,0.8076234907173967,1,"Need probability. Given they buy often, price low, already bought one today, late season maybe less. I'd say 70%."
"a middle-income shopper, who buys sometimes overall, is at a budget stall priced at 2.00. The shopper has bought here 2 weeks running and has already bought 1 item(s) today, spending about 2. It is mid-season.",0.75,0.7444190316998045,2,"Need probability. Given they buy sometimes, have been buying for 2 weeks, already bought 1 today, price low, mid-season. Likely high chance to buy another? Maybe 70%."
"a middle-income shopper, who buys sometimes overall, is at a budget stall priced at 2.00. The shopper has bought here 2 weeks running and has already bought 2 item(s) today, spending about 4. It is early in the season.",0.7,0.5283108671442801,1,"Need probability. Given regular buyer, price low, early season, but already spent 4 today maybe limit. I'd say 70%."
"a middle-income shopper, who buys sometimes overall, is at a budget stall priced at 2.00. The shopper has bought here 2 weeks running and has already bought 2 item(s) today, spending about 4. It is late in the season.",0.65,0.6384742163523035,1,"Need probability. Given regular buyer, price low, already bought 2 items today, late season maybe less demand. Likely still buys one more? Maybe 60%. I'll output 65."
"a middle-income shopper, who buys sometimes overall, is at a budget stall priced at 2.00. The shopper has bought here 2 weeks running and has bought nothing yet today. It is early in the season.",0.7,0.7515533795874164,6,"Need probability. Given regular buyer, price low, early season maybe less demand? But still likely. Maybe 70%."
"a middle-income shopper, who buys sometimes overall, is at a budget stall priced at 2.00. The shopper has bought here 2 weeks running and has bought nothing yet today. It is late in the season.",0.6,0.8005686744976538,2,"Need probability. Given regular buyer, price low, but late season maybe less demand. I'd say 60%."
"a middle-income shopper, who buys sometimes overall, is at a budget stall priced at 2.00. The shopper has bought here 2 weeks running and has bought nothing yet today. It is mid-season.",0.75,0.6927889452316569,5,"Need probability. Given regular buyer, price low, mid-season, hasn't bought yet today. Maybe high chance ~70."
"a middle-income shopper, who buys sometimes overall, is at a budget stall priced at 2.00. The shopper has bought here 3 weeks running and has already bought 1 item(s) today, spending about 2. It is late in the season.",0.7,0.7490915164128401,2,"Need probability. Given regular buyer, price low, already bought one today, late season maybe less. I'd say 70%."
"a middle-income shopper, who buys sometimes overall, is at a budget stall priced at 2.00. The shopper has bought here 3 weeks running and has already bought 1 item(s) today, spending about 2. It is mid-season.",0.65,0.7347986760589337,1,"Need probability. Given regular buyer, price low, mid-season, already bought one today. Likely to buy another? maybe 60%. I'll output 65."
"a middle-income shopper, who buys sometimes overall, is at a budget stall priced at 2.00. The shopper has bought here 3 weeks running and has already bought 1 item(s) today, spending about 6. It is mid-season.",0.75,0.7893044063315247,1,"Need probability. Given regular buyer, price low, mid-season, already bought 1 today. Likely to buy another? maybe 70%. I'll output 75."
"a middle-income shopper, who buys sometimes overall, is at a budget stall priced at 2.00. The shopper has bought here 3 weeks running and has already bought 2 item(s) today, spending about 4. It is early in the season.",0.7,0.7593464790934892,1,"Need probability. Given regular buyer, price low, early season, already spent 4, maybe buy one more? Likely high but not certain. Maybe 70%."
"a middle-income shopper, who buys sometimes overall, is at a budget stall priced at 2.00. The shopper has bought here 3 weeks running and has bought nothing yet today. It is late in the season.",0.75,0.8879053389216359,1,"Need probability. Given regular buyer, price low, but late season maybe less demand. Maybe 70%."
"a middle-income shopper, who buys sometimes overall, is at a budget stall priced at 2.00. The shopper has bought here 3 weeks running and has bought nothing yet today. It is mid-season.",0.75,0.8258586459396814,4,"Need probability. Given regular buyer, price low, mid-season, hasn't bought yet today. Maybe high chance ~70."
"a middle-income shopper, who buys sometimes overall, is at a budget stall priced at 2.00. The shopper has never bought here and has already bought 1 item(s) today, spending about 1. It is early in the season.",0.35,0.543107167645248,1,"Need probability. Factors: price moderate, first time, already spent 1 of maybe budget? early season low demand. Maybe 30%."
"a middle-income shopper, who buys sometimes overall, is at a budget stall priced at 2.00. The shopper has never bought here and has already bought 1 item(s) today, spending about 1. It is mid-season.",0.32,0.5433237349901701,4,"Need probability. Factors: price low, first time, already spent 1 of maybe budget? mid-season. moderate chance ~30."
"a middle-income shopper, who buys sometimes overall, is at a budget stall priced at 2.00. The shopper has never bought here and has already bought 1 item(s) today, spending about 2. It is early in the season.",0.35,0.4292067560915738,49,"Need probability. Factors: price low, first time, already spent 2, budget stall, early season. Likely moderate chance maybe 30%."
"a middle-income shopper, who buys sometimes overall, is at a budget stall priced at 2.00. The shopper has never bought here and has already bought 1 item(s) today, spending about 2. It is late in the season.",0.15,0.4186597077444055,30,"Need probability. Factors: price low, first time, already spent 2, budget stall, late season. Likely lower chance. Maybe 15%."
"a middle-income shopper, who buys sometimes overall, is at a budget stall priced at 2.00. The shopper has never bought here and has already bought 1 item(s) today, spending about 2. It is mid-season.",0.35,0.3973374057304687,26,"Need probability. Factors: price low, first time, already spent 2, mid-season. Likely moderate chance maybe 30%."
"a middle-income shopper, who buys sometimes overall, is at a budget stall priced at 2.00. The shopper has never bought here and has already bought 1 item(s) today, spending about 4. It is mid-season.",0.35,0.47951643288540446,3,"Need probability. Factors: price low, first time, already spent 4, middle income, buys sometimes overall. Budget stall maybe appealing. Mid-season maybe less demand. I'd say moderate chance ~35%."
"a middle-income shopper, who buys sometimes overall, is at a budget stall priced at 2.00. The shopper has never bought here and has already bought 1 item(s) today, spending about 6. It is early in the season.",0.15,0.5797933124158231,1,"Need probability. Factors: price moderate, first time, already spent 6, budget stall, early season. Likely low. Maybe 15%."
"a middle-income shopper, who buys sometimes overall, is at a budget stall priced at 2.00. The shopper has never bought here and has already bought 1 item(s) today, spending about 6. It is late in the season.",0.18,0.4254863631889916,2,"Need probability. Factors: price low, first time, already spent 6, budget stall, late season. Likely lower chance. Maybe 20%."
"a middle-income shopper, who buys sometimes overall, is at a budget stall priced at 2.00. The shopper has never bought here and has already bought 1 item(s) today, spending about 6. It is mid-season.",0.35,0.3629814313780985,1,"Need probability. Factors: price low, first time, already spent 6, middle income, buys sometimes overall. Budget stall maybe appealing. Mid-season maybe less demand. I'd say moderate chance ~35%."
"a middle-income shopper, who buys sometimes overall, is at a budget stall priced at 2.00. The shopper has never bought here and has already bought 2 item(s) today, spending about 4. It is early in the season.",0.15,0.4326709477991573,7,"Need probability. Factors: price moderate, first time, already spent 4, budget stall, early season. Likely low. Maybe 15%."
"a middle-income shopper, who buys sometimes overall, is at a budget stall priced at 2.00. The shopper has never bought here and has already bought 2 item(s) today, spending about 4. It is late in the season.",0.35,0.4724637264129214,3,"Need probability. Factors: price low, but first time, already spent 4, maybe satiated. Late season may reduce demand. Middle income, buys sometimes. I'd say moderate chance ~35%."
"a middle-income shopper, who buys sometimes overall, is at a budget stall priced at 2.00. The shopper has never bought here and has already bought 2 item(s) today, spending about 4. It is mid-season.",0.25,0.3785717736994547,4,"Need probability. Factors: price moderate, first time, already spent 4, budget stall, middle income, buys sometimes overall. Likely low but some chance. Maybe 25%."
"a middle-income shopper, who buys sometimes overall, is at a budget stall priced at 2.00. The shopper has never bought here and has bought nothing yet today. It is early in the season.",0.12,0.4663127627979906,106,Need probability. Likely low: maybe 15%.
"a middle-income shopper, who buys sometimes overall, is at a budget stall priced at 2.00. The shopper has never bought here and has bought nothing yet today. It is late in the season.",0.15,0.41459464620948955,53,"Need probability. Likely low due to new stall, price moderate, late season. Maybe 15%."
"a middle-income shopper, who buys sometimes overall, is at a budget stall priced at 2.00. The shopper has never bought here and has bought nothing yet today. It is mid-season.",0.18,0.43005325715207027,61,"Need probability. Likely low because first time, price moderate, mid-season. Maybe 20%."
"a middle-income shopper, who buys sometimes overall, is at a premium stall priced at 4.20. The shopper bought here last week and has already bought 1 item(s) today, spending about 2. It is late in the season.",0.25,0.6069575490279253,2,"Need probability. Factors: price high, already bought one today, spent 2 total, premium stall, late season. Likely lower chance maybe 20-30. I'll choose 25."
"a middle-income shopper, who buys sometimes overall, is at a premium stall priced at 4.20. The shopper bought here last week and has bought nothing yet today. It is mid-season.",0.35,0.6760785819798503,1,Need probability. Likely moderate: maybe 35%.
"a middle-income shopper, who buys sometimes overall, is at a premium stall priced at 4.20. The shopper has bought here 3 weeks running and has already bought 1 item(s) today, spending about 2. It is late in the season.",0.3,0.8369637737466227,1,"Need probability. Given regular buyer, premium price, late season, already bought one today. Likely lower chance to buy another. Maybe 30%."
"a middle-income shopper, who buys sometimes overall, is at a premium stall priced at 4.20. The shopper has never bought here and has already bought 1 item(s) today, spending about 2. It is early in the season.",0.12,0.24502350444649254,1,"Need probability. Factors: price high, new stall, already spent 2, early season. Likely low ~15."
"a middle-income shopper, who buys sometimes overall, is at a premium stall priced at 4.20. The shopper has never bought here and has already bought 1 item(s) today, spending about 2. It is late in the season.",0.12,0.2591754608391922,1,"Need probability. Factors: premium stall price high, first time buyer, already spent 2 of budget? middle income maybe moderate. Late season reduces demand. Maybe low chance ~15%."
"a middle-income shopper, who buys sometimes overall, is at a premium stall priced at 4.20. The shopper has never bought here and has already bought 1 item(s) today, spending about 2. It is mid-season.",0.15,0.4779592685220846,2,"Need probability. Likely low because new stall, price high, already spent. Maybe 15%."
"a middle-income shopper, who buys sometimes overall, is at a premium stall priced at 4.20. The shopper has never bought here and has bought nothing yet today. It is early in the season.",0.12,0.35242846534023264,2,Need probability low. Maybe 15.
"a middle-income shopper, who buys sometimes overall, is at a premium stall priced at 4.20. The shopper has never bought here and has bought nothing yet today. It is late in the season.",0.12,0.40513216703722454,2,Need probability. Likely low: maybe 15%.
"a middle-income shopper, who buys sometimes overall, is at a premium stall priced at 4.20. The shopper has never bought here and has bought nothing yet today. It is mid-season.",0.12,0.3846679359263197,6,Need probability. Likely low: maybe 15%.
"a middle-income shopper, who buys sometimes overall, is at a premium stall priced at 6.00. The shopper bought here last week and has already bought 1 item(s) today, spending about 1. It is mid-season.",0.18,0.6316624610026519,1,"Need probability. Given price high, only one item today, mid-season. Likely low chance maybe 20%."
"a middle-income shopper, who buys sometimes overall, is at a premium stall priced at 6.00. The shopper bought here last week and has bought nothing yet today. It is early in the season.",0.25,0.45280160210178605,14,"Need probability. Factors: middle income, occasional buyer, premium stall price 6, previous purchase last week, none today, early season. Likely low but some chance. Maybe 25%."
"a middle-income shopper, who buys sometimes overall, is at a premium stall priced at 6.00. The shopper bought here last week and has bought nothing yet today. It is late in the season.",0.18,0.494676925117608,4,"Need probability. Factors: middle income, occasional buyer, price 6 high, previous purchase last week, none today, late season. Likely low ~20."
"a middle-income shopper, who buys sometimes overall, is at a premium stall priced at 6.00. The shopper bought here last week and has bought nothing yet today. It is mid-season.",0.35,0.48124247058850367,3,"Need probability. Factors: middle income, occasional buyer, premium stall price 6, previous purchase last week, none today, mid-season. Likely moderate chance maybe 30-40%. I'll choose 35."
"a middle-income shopper, who buys sometimes overall, is at a premium stall priced at 6.00. The shopper has bought here 2 weeks running and has bought nothing yet today. It is early in the season.",0.6,0.6741553945625243,2,"Need probability. Given regular buyer, premium price maybe high but still buying. Early season maybe less demand. I'd say 60%."
"a middle-income shopper, who buys sometimes overall, is at a premium stall priced at 6.00. The shopper has bought here 2 weeks running and has bought nothing yet today. It is late in the season.",0.65,0.7302336555104663,1,"Need probability. Given regular buyer, premium price maybe high but still buying. Late season may reduce. Maybe 60%."
"a middle-income shopper, who buys sometimes overall, is at a premium stall priced at 6.00. The shopper has bought here 2 weeks running and has bought nothing yet today. It is mid-season.",0.6,0.6589607911787108,1,"Need probability. Given regular buyer, premium price maybe high but still buying. Mid-season maybe less demand. I'd say 60%."
"a middle-income shopper, who buys sometimes overall, is at a premium stall priced at 6.00. The shopper has bought here 3 weeks running and has bought nothing yet today. It is late in the season.",0.65,0.8169484763805144,1,"Need probability. Given regular buyer, premium price maybe high but still buying. Late season may reduce. Maybe 60%."
"a middle-income shopper, who buys sometimes overall, is at a premium stall priced at 6.00. The shopper has bought here 3 weeks running and has bought nothing yet today. It is mid-season.",0.7,0.8169484763805144,1,"Need probability. Given regular buyer, premium price maybe high but still buying. Mid-season maybe less demand. I'd say 70%."
"a middle-income shopper, who buys sometimes overall, is at a premium stall priced at 6.00. The shopper has never bought here and has already bought 1 item(s) today, spending about 2. It is early in the season.",0.18,0.24551287829053411,1,"Need estimate probability. Premium stall price 6, shopper spent 2 already, maybe budget limited. Middle income, buys sometimes overall. Early season, premium stall new. Likely low chance ~20%."
"a middle-income shopper, who buys sometimes overall, is at a premium stall priced at 6.00. The shopper has never bought here and has bought nothing yet today. It is early in the season.",0.12,0.3176581058638088,51,Need probability low. Maybe 15.
"a middle-income shopper, who buys sometimes overall, is at a premium stall priced at 6.00. The shopper has never bought here and has bought nothing yet today. It is late in the season.",0.15,0.29518772775803953,28,"Need probability. Likely low due to high price, new stall, late season. Maybe 15%."
"a middle-income shopper, who buys sometimes overall, is at a premium stall priced at 6.00. The shopper has never bought here and has bought nothing yet today. It is mid-season.",0.15,0.31117827740627874,33,"Need probability. Likely low because new stall, premium price. Maybe 15%."
"a middle-income shopper, who rarely buys overall, is at a budget stall priced at 1.40. The shopper bought here last week and has bought nothing yet today. It is early in the season.",0.15,0.685133678696712,1,"Need probability. Factors: low income, rare buyer, price 1.40 moderate, previous purchase last week, none today, early season. Likely low chance maybe 15%."
"a middle-income shopper, who rarely buys overall, is at a budget stall priced at 1.40. The shopper has never bought here and has already bought 1 item(s) today, spending about 2. It is early in the season.",0.05,0.3060029783580697,1,Need probability low. Maybe 5%.
"a middle-income shopper, who rarely buys overall, is at a budget stall priced at 1.40. The shopper has never bought here and has bought nothing yet today. It is early in the season.",0.05,0.42184267523915253,2,Need probability low. Maybe 5%.
"a middle-income shopper, who rarely buys overall, is at a budget stall priced at 2.00. The shopper bought here last week and has already bought 1 item(s) today, spending about 2. It is early in the season.",0.15,0.5110177688787257,4,Need probability low. Maybe 15%.
"a middle-income shopper, who rarely buys overall, is at a budget stall priced at 2.00. The shopper bought here last week and has already bought 1 item(s) today, spending about 2. It is late in the season.",0.12,0.5470771189354012,2,Need probability low. Maybe 15.
"a middle-income shopper, who rarely buys overall, is at a budget stall priced at 2.00. The shopper bought here last week and has already bought 1 item(s) today, spending about 2. It is mid-season.",0.12,0.41913321392498776,1,"Need probability low because rare buyer, already spent 2, price 2, mid-season. Maybe 15%."
"a middle-income shopper, who rarely buys overall, is at a budget stall priced at 2.00. The shopper bought here last week and has already bought 2 item(s) today, spending about 4. It is mid-season.",0.35,0.592033651438654,1,"Need probability. Given rare buyer, but visited last week, price low, already spent 4 (maybe 2 items). Likely to buy one more? Maybe 30%. I'll output 35."
"a middle-income shopper, who rarely buys overall, is at a budget stall priced at 2.00. The shopper bought here last week and has bought nothing yet today. It is early in the season.",0.15,0.6254205411918113,12,"Need probability. Factors: low income, rare buyer, price $2, previous purchase last week, none today, early season. Likely low chance maybe 15%."
"a middle-income shopper, who rarely buys overall, is at a budget stall priced at 2.00. The shopper bought here last week and has bought nothing yet today. It is mid-season.",0.18,0.5593932518261251,6,"Need probability. Given rare buyer, but previous visit, price low, mid-season. Maybe 20%."
"a middle-income shopper, who rarely buys overall, is at a budget stall priced at 2.00. The shopper has bought here 2 weeks running and has already bought 1 item(s) today, spending about 2. It is early in the season.",0.12,0.7055038573104508,2,"Need probability low because rare buyer, already spent 2, price 2, early season. Maybe 10%."
"a middle-income shopper, who rarely buys overall, is at a budget stall priced at 2.00. The shopper has bought here 2 weeks running and has already bought 1 item(s) today, spending about 2. It is mid-season.",0.12,0.7554207375061476,1,"Need probability low because rare buyer, already spent 2, price 2, mid-season. Maybe 10%."
"a middle-income shopper, who rarely buys overall, is at a budget stall priced at 2.00. The shopper has bought here 2 weeks running and has bought nothing yet today. It is early in the season.",0.15,0.7729328808355329,3,"Need probability low because rarely buys, but regular. price low. early season maybe less demand. I'd say 15%."
"a middle-income shopper, who rarely buys overall, is at a budget stall priced at 2.00. The shopper has bought here 2 weeks running and has bought nothing yet today. It is late in the season.",0.12,0.5679930129568835,1,Need probability low. Maybe 15%.
"a middle-income shopper, who rarely buys overall, is at a budget stall priced at 2.00. The shopper has bought here 3 weeks running and has bought nothing yet today. It is early in the season.",0.2,0.8758356437736874,1,"Need probability low because rarely buys, but regular patron. Price low. Early season maybe less demand. I'd say 20%."
"a middle-income shopper, who rarely buys overall, is at a budget stall priced at 2.00. The shopper has never bought here and has already bought 1 item(s) today, spending about 1. It is early in the season.",0.05,0.32601233695639426,1,Need probability low. Maybe 5%.
"a middle-income shopper, who rarely buys overall, is at a budget stall priced at 2.00. The shopper has never bought here and has already bought 1 item(s) today, spending about 2. It is early in the season.",0.05,0.4315939081904627,64,Need probability low. Maybe 5%.
"a middle-income shopper, who rarely buys overall, is at a budget stall priced at 2.00. The shopper has never bought here and has already bought 1 item(s) today, spending about 2. It is late in the season.",0.05,0.36993819624275764,3,Need probability low. Maybe 5%.
"a middle-income shopper, who rarely buys overall, is at a budget stall priced at 2.00. The shopper has never bought here and has already bought 1 item(s) today, spending about 2. It is mid-season.",0.05,0.4137680459818872,7,Need probability low. Maybe 5%.
"a middle-income shopper, who rarely buys overall, is at a budget stall priced at 2.00. The shopper has never bought here and has already bought 1 item(s) today, spending about 6. It is early in the season.",0.05,0.3907919824591553,6,Need probability low. Maybe 5%.
"a middle-income shopper, who rarely buys overall, is at a budget stall priced at 2.00. The shopper has never bought here and has already bought 2 item(s) today, spending about 3. It is early in the season.",0.05,0.3626292441744772,1,Need probability low. Maybe 5%.
"a middle-income shopper, who rarely buys overall, is at a budget stall priced at 2.00. The shopper has never bought here and has already bought 2 item(s) today, spending about 4. It is early in the season.",0.05,0.4128490794136928,11,Need probability low. Maybe 5%.
"a middle-income shopper, who rarely buys overall, is at a budget stall priced at 2.00. The shopper has never bought here and has already bought 2 item(s) today, spending about 4. It is late in the season.",0.05,0.3555773339059328,1,Need probability low. Maybe 5%.
"a middle-income shopper, who rarely buys overall, is at a budget stall priced at 2.00. The shopper has never bought here and has bought nothing yet today. It is early in the season.",0.05,0.47098893261986857,124,Need probability low. Maybe 5%.
"a middle-income shopper, who rarely buys overall, is at a budget stall priced at 2.00. The shopper has never bought here and has bought nothing yet today. It is late in the season.",0.05,0.4463155866543307,3,Need probability low. Maybe 5%.
"a middle-income shopper, who rarely buys overall, is at a budget stall priced at 2.00. The shopper has never bought here and has bought nothing yet today. It is mid-season.",0.05,0.4120127463071078,17,Need probability low. Maybe 5%.
"a middle-income shopper, who rarely buys overall, is at a premium stall priced at 4.20. The shopper has never bought here and has bought nothing yet today. It is early in the season.",0.05,0.37219296006100716,1,Need probability low. Maybe 5%.
"a middle-income shopper, who rarely buys overall, is at a premium stall priced at 4.20. The shopper has never bought here and has bought nothing yet today. It is late in the season.",0.05,0.3206639059059287,1,Need probability low. Maybe 5%.
"a middle-income shopper, who rarely buys overall, is at a premium stall priced at 6.00. The shopper bought here last week and has already bought 1 item(s) today, spending about 2. It is early in the season.",0.15,0.6246553594695319,1,"Need probability. Given rare buyer, premium stall high price, early season, already bought one today. Likely low. Maybe 15%."
"a middle-income shopper, who rarely buys overall, is at a premium stall priced at 6.00. The shopper has never bought here and has already bought 1 item(s) today, spending about 2. It is early in the season.",0.05,0.3752822689508539,7,Need probability low. Maybe 5%.
"a middle-income shopper, who rarely buys overall, is at a premium stall priced at 6.00. The shopper has never bought here and has bought nothing yet today. It is early in the season.",0.05,0.32603783199531167,58,Need probability low. Maybe 5%.
"a middle-income shopper, who rarely buys overall, is at a premium stall priced at 6.00. The shopper has never bought here and has bought nothing yet today. It is late in the season.",0.05,0.32197680858162986,1,Need probability low. Maybe 5%.
"a middle-income shopper, who rarely buys overall, is at a premium stall priced at 6.00. The shopper has never bought here and has bought nothing yet today. It is mid-season.",0.05,0.24771453148378283,7,Need probability low. Maybe 5%.
