transaction_id,seed,buyer_id,buyer_class,seller_id,seller_class,visit_order,price,budget_before,budget_after,seller_inventory_after
0,0,0,Poor,1,Slow,0,2.0,3.0,1.0,129
1,0,1,Poor,0,Slow,2,2.0,3.0,1.0,129
2,0,2,Poor,1,Slow,2,2.0,3.0,1.0,128
3,0,3,Poor,0,Slow,3,2.0,3.0,1.0,128
4,0,4,Poor,2,Slow,1,2.0,3.0,1.0,129
5,0,5,Poor,2,Slow,1,2.0,3.0,1.0,128
6,0,6,Poor,0,Slow,2,2.0,3.0,1.0,127
7,0,7,Poor,1,Slow,3,2.0,3.0,1.0,127
8,0,8,Poor,0,Slow,0,2.0,3.0,1.0,126
9,0,9,Poor,0,Slow,4,2.0,3.0,1.0,125
10,0,10,Poor,2,Slow,0,2.0,3.0,1.0,127
11,0,11,Poor,2,Slow,2,2.0,3.0,1.0,126
12,0,13,Poor,1,Slow,1,2.0,3.0,1.0,126
13,0,14,Poor,1,Slow,2,2.0,3.0,1.0,125
14,0,15,Poor,2,Slow,1,2.0,3.0,1.0,125
15,0,17,Poor,1,Slow,0,2.0,3.0,1.0,124
16,0,18,Poor,0,Slow,3,2.0,3.0,1.0,124
17,0,19,Poor,0,Slow,1,2.0,3.0,1.0,123
18,0,21,Poor,0,Slow,4,2.0,3.0,1.0,122
19,0,22,Poor,1,Slow,4,2.0,3.0,1.0,123
20,0,23,Poor,1,Slow,1,2.0,3.0,1.0,122
21,0,24,Poor,0,Slow,0,2.0,3.0,1.0,121
22,0,27,Poor,1,Slow,4,2.0,3.0,1.0,121
23,0,28,Poor,0,Slow,4,2.0,3.0,1.0,120
24,0,29,Poor,2,Slow,4,2.0,3.0,1.0,124
25,0,30,Poor,2,Slow,1,2.0,3.0,1.0,123
26,0,31,Poor,2,Slow,4,2.0,3.0,1.0,122
27,0,34,Poor,0,Slow,0,2.0,3.0,1.0,119
28,0,35,Poor,0,Slow,1,2.0,3.0,1.0,118
29,0,36,Poor,2,Slow,3,2.0,3.0,1.0,121
30,0,37,Poor,0,Slow,1,2.0,3.0,1.0,117
31,0,38,Poor,1,Slow,3,2.0,3.0,1.0,120
32,0,39,Poor,2,Slow,0,2.0,3.0,1.0,120
33,0,41,Poor,1,Slow,4,2.0,3.0,1.0,119
34,0,42,Poor,2,Slow,0,2.0,3.0,1.0,119
35,0,43,Poor,2,Slow,1,2.0,3.0,1.0,118
36,0,44,Poor,0,Slow,2,2.0,3.0,1.0,116
37,0,45,Poor,0,Slow,2,2.0,3.0,1.0,115
38,0,46,Poor,2,Slow,2,2.0,3.0,1.0,117
39,0,49,Poor,2,Slow,1,2.0,3.0,1.0,116
40,0,50,Poor,2,Slow,2,2.0,3.0,1.0,115
41,0,51,Poor,2,Slow,1,2.0,3.0,1.0,114
42,0,52,Poor,1,Slow,2,2.0,3.0,1.0,118
43,0,54,Poor,0,Slow,0,2.0,3.0,1.0,114
44,0,55,Poor,2,Slow,1,2.0,3.0,1.0,113
45,0,57,Poor,2,Slow,0,2.0,3.0,1.0,112
46,0,59,Poor,0,Slow,0,2.0,3.0,1.0,113
47,0,60,Poor,1,Slow,0,2.0,3.0,1.0,117
48,0,62,Poor,2,Slow,2,2.0,3.0,1.0,111
49,0,63,Poor,2,Slow,1,2.0,3.0,1.0,110
50,0,64,Poor,1,Slow,1,2.0,3.0,1.0,116
51,0,66,Poor,1,Slow,0,2.0,3.0,1.0,115
52,0,68,Poor,2,Slow,2,2.0,3.0,1.0,109
53,0,69,Poor,2,Slow,3,2.0,3.0,1.0,108
54,0,70,Middle,3,Shigh,2,6.0,7.0,1.0,69
55,0,71,Middle,1,Slow,0,2.0,7.0,5.0,114
56,0,71,Middle,2,Slow,1,2.0,5.0,3.0,107
57,0,71,Middle,0,Slow,3,2.0,3.0,1.0,112
58,0,72,Middle,1,Slow,0,2.0,7.0,5.0,113
59,0,72,Middle,0,Slow,2,2.0,5.0,3.0,111
60,0,73,Middle,2,Slow,1,2.0,7.0,5.0,106
61,0,73,Middle,1,Slow,3,2.0,5.0,3.0,112
62,0,74,Middle,0,Slow,3,2.0,7.0,5.0,110
63,0,75,Middle,1,Slow,0,2.0,7.0,5.0,111
64,0,75,Middle,2,Slow,2,2.0,5.0,3.0,105
65,0,75,Middle,0,Slow,3,2.0,3.0,1.0,109
66,0,76,Middle,2,Slow,4,2.0,7.0,5.0,104
67,0,77,Middle,3,Shigh,1,6.0,7.0,1.0,68
68,0,78,Middle,1,Slow,2,2.0,7.0,5.0,110
69,0,79,Middle,1,Slow,2,2.0,7.0,5.0,109
70,0,80,Middle,2,Slow,2,2.0,7.0,5.0,103
71,0,80,Middle,1,Slow,4,2.0,5.0,3.0,108
72,0,81,Middle,4,Shigh,4,6.0,7.0,1.0,69
73,0,82,Middle,2,Slow,0,2.0,7.0,5.0,102
74,0,82,Middle,1,Slow,1,2.0,5.0,3.0,107
75,0,83,Middle,1,Slow,1,2.0,7.0,5.0,106
76,0,83,Middle,2,Slow,4,2.0,5.0,3.0,101
77,0,84,Middle,0,Slow,3,2.0,7.0,5.0,108
78,0,85,Middle,4,Shigh,1,6.0,7.0,1.0,68
79,0,86,Middle,1,Slow,1,2.0,7.0,5.0,105
80,0,87,Middle,3,Shigh,1,6.0,7.0,1.0,67
81,0,88,Middle,2,Slow,2,2.0,7.0,5.0,100
82,0,89,Middle,1,Slow,4,2.0,7.0,5.0,104
83,0,90,Rich,2,Slow,1,2.0,10.0,8.0,99
84,0,90,Rich,1,Slow,3,2.0,8.0,6.0,103
85,0,90,Rich,3,Shigh,4,6.0,6.0,0.0,66
86,0,91,Rich,1,Slow,0,2.0,10.0,8.0,102
87,0,91,Rich,3,Shigh,1,6.0,8.0,2.0,65
88,0,92,Rich,2,Slow,0,2.0,10.0,8.0,98
89,0,92,Rich,1,Slow,1,2.0,8.0,6.0,101
90,0,92,Rich,0,Slow,2,2.0,6.0,4.0,107
91,0,93,Rich,0,Slow,1,2.0,10.0,8.0,106
92,0,93,Rich,3,Shigh,3,6.0,8.0,2.0,64
93,0,94,Rich,0,Slow,2,2.0,10.0,8.0,105
94,0,95,Rich,1,Slow,1,2.0,10.0,8.0,100
95,0,95,Rich,2,Slow,3,2.0,8.0,6.0,97
96,0,95,Rich,0,Slow,4,2.0,6.0,4.0,104
97,0,96,Rich,0,Slow,1,2.0,10.0,8.0,103
98,0,96,Rich,4,Shigh,2,6.0,8.0,2.0,67
99,0,96,Rich,2,Slow,3,2.0,2.0,0.0,96
100,0,97,Rich,4,Shigh,0,6.0,10.0,4.0,66
101,0,98,Rich,2,Slow,1,2.0,10.0,8.0,95
102,0,98,Rich,3,Shigh,2,6.0,8.0,2.0,63
103,0,99,Rich,4,Shigh,1,6.0,10.0,4.0,65
104,0,99,Rich,2,Slow,4,2.0,4.0,2.0,94
105,1,0,Poor,2,Slow,4,2.0,3.0,1.0,129
106,1,1,Poor,0,Slow,3,2.0,3.0,1.0,129
107,1,3,Poor,1,Slow,1,2.0,3.0,1.0,129
108,1,4,Poor,2,Slow,1,2.0,3.0,1.0,128
109,1,5,Poor,0,Slow,0,2.0,3.0,1.0,128
110,1,6,Poor,1,Slow,2,2.0,3.0,1.0,128
111,1,7,Poor,0,Slow,1,2.0,3.0,1.0,127
112,1,8,Poor,1,Slow,1,2.0,3.0,1.0,127
113,1,9,Poor,2,Slow,0,2.0,3.0,1.0,127
114,1,10,Poor,0,Slow,1,2.0,3.0,1.0,126
115,1,11,Poor,2,Slow,3,2.0,3.0,1.0,126
116,1,12,Poor,1,Slow,0,2.0,3.0,1.0,126
117,1,13,Poor,1,Slow,0,2.0,3.0,1.0,125
118,1,14,Poor,0,Slow,0,2.0,3.0,1.0,125
119,1,15,Poor,2,Slow,3,2.0,3.0,1.0,125
120,1,16,Poor,0,Slow,1,2.0,3.0,1.0,124
121,1,17,Poor,1,Slow,3,2.0,3.0,1.0,124
122,1,19,Poor,2,Slow,1,2.0,3.0,1.0,124
123,1,20,Poor,2,Slow,0,2.0,3.0,1.0,123
124,1,21,Poor,0,Slow,4,2.0,3.0,1.0,123
125,1,22,Poor,2,Slow,0,2.0,3.0,1.0,122
126,1,23,Poor,0,Slow,0,2.0,3.0,1.0,122
127,1,24,Poor,2,Slow,1,2.0,3.0,1.0,121
128,1,26,Poor,1,Slow,0,2.0,3.0,1.0,123
129,1,27,Poor,2,Slow,2,2.0,3.0,1.0,120
130,1,28,Poor,1,Slow,2,2.0,3.0,1.0,122
131,1,29,Poor,0,Slow,0,2.0,3.0,1.0,121
132,1,31,Poor,2,Slow,3,2.0,3.0,1.0,119
133,1,32,Poor,0,Slow,1,2.0,3.0,1.0,120
134,1,33,Poor,1,Slow,2,2.0,3.0,1.0,121
135,1,34,Poor,1,Slow,1,2.0,3.0,1.0,120
136,1,35,Poor,0,Slow,1,2.0,3.0,1.0,119
137,1,36,Poor,0,Slow,0,2.0,3.0,1.0,118
138,1,37,Poor,1,Slow,1,2.0,3.0,1.0,119
139,1,39,Poor,1,Slow,3,2.0,3.0,1.0,118
140,1,40,Poor,0,Slow,0,2.0,3.0,1.0,117
141,1,41,Poor,0,Slow,3,2.0,3.0,1.0,116
142,1,43,Poor,0,Slow,1,2.0,3.0,1.0,115
143,1,45,Poor,1,Slow,0,2.0,3.0,1.0,117
144,1,46,Poor,0,Slow,0,2.0,3.0,1.0,114
145,1,47,Poor,1,Slow,1,2.0,3.0,1.0,116
146,1,48,Poor,1,Slow,0,2.0,3.0,1.0,115
147,1,49,Poor,0,Slow,1,2.0,3.0,1.0,113
148,1,50,Poor,0,Slow,0,2.0,3.0,1.0,112
149,1,51,Poor,0,Slow,1,2.0,3.0,1.0,111
150,1,52,Poor,1,Slow,3,2.0,3.0,1.0,114
151,1,55,Poor,1,Slow,4,2.0,3.0,1.0,113
152,1,57,Poor,1,Slow,0,2.0,3.0,1.0,112
153,1,58,Poor,0,Slow,2,2.0,3.0,1.0,110
154,1,59,Poor,2,Slow,2,2.0,3.0,1.0,118
155,1,60,Poor,2,Slow,0,2.0,3.0,1.0,117
156,1,64,Poor,2,Slow,3,2.0,3.0,1.0,116
157,1,65,Poor,2,Slow,0,2.0,3.0,1.0,115
158,1,66,Poor,0,Slow,3,2.0,3.0,1.0,109
159,1,67,Poor,0,Slow,0,2.0,3.0,1.0,108
160,1,68,Poor,0,Slow,2,2.0,3.0,1.0,107
161,1,69,Poor,2,Slow,4,2.0,3.0,1.0,114
162,1,70,Middle,1,Slow,3,2.0,7.0,5.0,111
163,1,71,Middle,2,Slow,3,2.0,7.0,5.0,113
164,1,71,Middle,1,Slow,4,2.0,5.0,3.0,110
165,1,72,Middle,3,Shigh,1,6.0,7.0,1.0,69
166,1,73,Middle,0,Slow,2,2.0,7.0,5.0,106
167,1,73,Middle,1,Slow,4,2.0,5.0,3.0,109
168,1,75,Middle,4,Shigh,2,6.0,7.0,1.0,69
169,1,76,Middle,2,Slow,1,2.0,7.0,5.0,112
170,1,76,Middle,1,Slow,2,2.0,5.0,3.0,108
171,1,77,Middle,4,Shigh,0,6.0,7.0,1.0,68
172,1,78,Middle,1,Slow,0,2.0,7.0,5.0,107
173,1,79,Middle,2,Slow,2,2.0,7.0,5.0,111
174,1,80,Middle,2,Slow,4,2.0,7.0,5.0,110
175,1,81,Middle,3,Shigh,0,6.0,7.0,1.0,68
176,1,82,Middle,1,Slow,1,2.0,7.0,5.0,106
177,1,82,Middle,2,Slow,4,2.0,5.0,3.0,109
178,1,83,Middle,1,Slow,0,2.0,7.0,5.0,105
179,1,84,Middle,2,Slow,3,2.0,7.0,5.0,108
180,1,84,Middle,0,Slow,4,2.0,5.0,3.0,105
181,1,85,Middle,2,Slow,0,2.0,7.0,5.0,107
182,1,86,Middle,2,Slow,0,2.0,7.0,5.0,106
183,1,88,Middle,1,Slow,3,2.0,7.0,5.0,104
184,1,89,Middle,2,Slow,0,2.0,7.0,5.0,105
185,1,90,Rich,1,Slow,2,2.0,10.0,8.0,103
186,1,91,Rich,2,Slow,0,2.0,10.0,8.0,104
187,1,91,Rich,1,Slow,1,2.0,8.0,6.0,102
188,1,92,Rich,3,Shigh,1,6.0,10.0,4.0,67
189,1,92,Rich,2,Slow,4,2.0,4.0,2.0,103
190,1,93,Rich,2,Slow,0,2.0,10.0,8.0,102
191,1,93,Rich,0,Slow,1,2.0,8.0,6.0,104
192,1,94,Rich,3,Shigh,0,6.0,10.0,4.0,66
193,1,94,Rich,0,Slow,2,2.0,4.0,2.0,103
194,1,95,Rich,3,Shigh,1,6.0,10.0,4.0,65
195,1,95,Rich,0,Slow,4,2.0,4.0,2.0,102
196,1,96,Rich,1,Slow,0,2.0,10.0,8.0,101
197,1,96,Rich,3,Shigh,1,6.0,8.0,2.0,64
198,1,96,Rich,2,Slow,2,2.0,2.0,0.0,101
199,1,97,Rich,0,Slow,1,2.0,10.0,8.0,101
200,1,98,Rich,4,Shigh,0,6.0,10.0,4.0,67
201,1,98,Rich,1,Slow,3,2.0,4.0,2.0,100
202,1,99,Rich,1,Slow,3,2.0,10.0,8.0,99
203,2,1,Poor,1,Slow,0,2.0,3.0,1.0,129
204,2,2,Poor,1,Slow,1,2.0,3.0,1.0,128
205,2,3,Poor,1,Slow,0,2.0,3.0,1.0,127
206,2,5,Poor,0,Slow,1,2.0,3.0,1.0,129
207,2,6,Poor,0,Slow,1,2.0,3.0,1.0,128
208,2,7,Poor,1,Slow,1,2.0,3.0,1.0,126
209,2,8,Poor,0,Slow,0,2.0,3.0,1.0,127
210,2,10,Poor,0,Slow,4,2.0,3.0,1.0,126
211,2,11,Poor,2,Slow,4,2.0,3.0,1.0,129
212,2,12,Poor,0,Slow,0,2.0,3.0,1.0,125
213,2,13,Poor,1,Slow,3,2.0,3.0,1.0,125
214,2,14,Poor,2,Slow,3,2.0,3.0,1.0,128
215,2,15,Poor,1,Slow,1,2.0,3.0,1.0,124
216,2,16,Poor,2,Slow,3,2.0,3.0,1.0,127
217,2,17,Poor,2,Slow,1,2.0,3.0,1.0,126
218,2,18,Poor,2,Slow,1,2.0,3.0,1.0,125
219,2,19,Poor,0,Slow,1,2.0,3.0,1.0,124
220,2,20,Poor,0,Slow,0,2.0,3.0,1.0,123
221,2,21,Poor,0,Slow,0,2.0,3.0,1.0,122
222,2,22,Poor,2,Slow,2,2.0,3.0,1.0,124
223,2,23,Poor,1,Slow,2,2.0,3.0,1.0,123
224,2,24,Poor,0,Slow,4,2.0,3.0,1.0,121
225,2,25,Poor,1,Slow,0,2.0,3.0,1.0,122
226,2,26,Poor,2,Slow,1,2.0,3.0,1.0,123
227,2,27,Poor,1,Slow,3,2.0,3.0,1.0,121
228,2,28,Poor,2,Slow,0,2.0,3.0,1.0,122
229,2,29,Poor,2,Slow,1,2.0,3.0,1.0,121
230,2,30,Poor,0,Slow,4,2.0,3.0,1.0,120
231,2,31,Poor,1,Slow,1,2.0,3.0,1.0,120
232,2,32,Poor,2,Slow,4,2.0,3.0,1.0,120
233,2,33,Poor,1,Slow,2,2.0,3.0,1.0,119
234,2,34,Poor,1,Slow,3,2.0,3.0,1.0,118
235,2,35,Poor,1,Slow,0,2.0,3.0,1.0,117
236,2,37,Poor,0,Slow,1,2.0,3.0,1.0,119
237,2,38,Poor,0,Slow,1,2.0,3.0,1.0,118
238,2,39,Poor,2,Slow,2,2.0,3.0,1.0,119
239,2,41,Poor,0,Slow,1,2.0,3.0,1.0,117
240,2,42,Poor,0,Slow,2,2.0,3.0,1.0,116
241,2,43,Poor,0,Slow,2,2.0,3.0,1.0,115
242,2,44,Poor,0,Slow,0,2.0,3.0,1.0,114
243,2,45,Poor,1,Slow,0,2.0,3.0,1.0,116
244,2,46,Poor,2,Slow,0,2.0,3.0,1.0,118
245,2,47,Poor,2,Slow,3,2.0,3.0,1.0,117
246,2,48,Poor,2,Slow,2,2.0,3.0,1.0,116
247,2,49,Poor,0,Slow,2,2.0,3.0,1.0,113
248,2,50,Poor,0,Slow,1,2.0,3.0,1.0,112
249,2,52,Poor,2,Slow,2,2.0,3.0,1.0,115
250,2,53,Poor,1,Slow,0,2.0,3.0,1.0,115
251,2,54,Poor,2,Slow,0,2.0,3.0,1.0,114
252,2,56,Poor,1,Slow,4,2.0,3.0,1.0,114
253,2,57,Poor,2,Slow,1,2.0,3.0,1.0,113
254,2,58,Poor,2,Slow,3,2.0,3.0,1.0,112
255,2,59,Poor,2,Slow,1,2.0,3.0,1.0,111
256,2,60,Poor,2,Slow,2,2.0,3.0,1.0,110
257,2,62,Poor,1,Slow,4,2.0,3.0,1.0,113
258,2,63,Poor,1,Slow,0,2.0,3.0,1.0,112
259,2,64,Poor,1,Slow,0,2.0,3.0,1.0,111
260,2,65,Poor,2,Slow,1,2.0,3.0,1.0,109
261,2,66,Poor,0,Slow,1,2.0,3.0,1.0,111
262,2,67,Poor,2,Slow,3,2.0,3.0,1.0,108
263,2,68,Poor,1,Slow,3,2.0,3.0,1.0,110
264,2,69,Poor,1,Slow,3,2.0,3.0,1.0,109
265,2,70,Middle,2,Slow,1,2.0,7.0,5.0,107
266,2,71,Middle,1,Slow,0,2.0,7.0,5.0,108
267,2,71,Middle,2,Slow,2,2.0,5.0,3.0,106
268,2,72,Middle,0,Slow,3,2.0,7.0,5.0,110
269,2,73,Middle,0,Slow,0,2.0,7.0,5.0,109
270,2,73,Middle,2,Slow,1,2.0,5.0,3.0,105
271,2,75,Middle,0,Slow,1,2.0,7.0,5.0,108
272,2,77,Middle,0,Slow,1,2.0,7.0,5.0,107
273,2,78,Middle,2,Slow,3,2.0,7.0,5.0,104
274,2,79,Middle,1,Slow,0,2.0,7.0,5.0,107
275,2,79,Middle,0,Slow,2,2.0,5.0,3.0,106
276,2,80,Middle,0,Slow,1,2.0,7.0,5.0,105
277,2,80,Middle,1,Slow,2,2.0,5.0,3.0,106
278,2,81,Middle,0,Slow,2,2.0,7.0,5.0,104
279,2,82,Middle,4,Shigh,0,6.0,7.0,1.0,69
280,2,86,Middle,3,Shigh,1,6.0,7.0,1.0,69
281,2,87,Middle,1,Slow,0,2.0,7.0,5.0,105
282,2,87,Middle,0,Slow,1,2.0,5.0,3.0,103
283,2,87,Middle,2,Slow,3,2.0,3.0,1.0,103
284,2,88,Middle,2,Slow,1,2.0,7.0,5.0,102
285,2,88,Middle,1,Slow,2,2.0,5.0,3.0,104
286,2,89,Middle,3,Shigh,1,6.0,7.0,1.0,68
287,2,90,Rich,3,Shigh,0,6.0,10.0,4.0,67
288,2,90,Rich,2,Slow,1,2.0,4.0,2.0,101
289,2,91,Rich,2,Slow,0,2.0,10.0,8.0,100
290,2,91,Rich,1,Slow,3,2.0,8.0,6.0,103
291,2,92,Rich,1,Slow,2,2.0,10.0,8.0,102
292,2,92,Rich,0,Slow,3,2.0,8.0,6.0,102
293,2,93,Rich,1,Slow,3,2.0,10.0,8.0,101
294,2,93,Rich,0,Slow,4,2.0,8.0,6.0,101
295,2,94,Rich,4,Shigh,1,6.0,10.0,4.0,68
296,2,94,Rich,1,Slow,2,2.0,4.0,2.0,100
297,2,94,Rich,2,Slow,4,2.0,2.0,0.0,99
298,2,95,Rich,1,Slow,0,2.0,10.0,8.0,99
299,2,95,Rich,3,Shigh,1,6.0,8.0,2.0,66
300,2,96,Rich,0,Slow,0,2.0,10.0,8.0,100
301,2,96,Rich,4,Shigh,2,6.0,8.0,2.0,67
302,2,96,Rich,1,Slow,4,2.0,2.0,0.0,98
303,2,97,Rich,0,Slow,1,2.0,10.0,8.0,99
304,2,97,Rich,2,Slow,2,2.0,8.0,6.0,98
305,2,97,Rich,1,Slow,3,2.0,6.0,4.0,97
306,2,98,Rich,4,Shigh,1,6.0,10.0,4.0,66
307,2,98,Rich,1,Slow,4,2.0,4.0,2.0,96
308,2,99,Rich,0,Slow,1,2.0,10.0,8.0,98
309,2,99,Rich,3,Shigh,2,6.0,8.0,2.0,65
310,2,99,Rich,2,Slow,3,2.0,2.0,0.0,97
311,3,0,Poor,2,Slow,0,2.0,3.0,1.0,129
312,3,1,Poor,0,Slow,1,2.0,3.0,1.0,129
313,3,2,Poor,2,Slow,1,2.0,3.0,1.0,128
314,3,3,Poor,0,Slow,4,2.0,3.0,1.0,128
315,3,4,Poor,2,Slow,0,2.0,3.0,1.0,127
316,3,6,Poor,1,Slow,1,2.0,3.0,1.0,129
317,3,7,Poor,1,Slow,4,2.0,3.0,1.0,128
318,3,8,Poor,0,Slow,1,2.0,3.0,1.0,127
319,3,9,Poor,1,Slow,0,2.0,3.0,1.0,127
320,3,10,Poor,0,Slow,0,2.0,3.0,1.0,126
321,3,11,Poor,0,Slow,4,2.0,3.0,1.0,125
322,3,12,Poor,1,Slow,2,2.0,3.0,1.0,126
323,3,13,Poor,1,Slow,2,2.0,3.0,1.0,125
324,3,14,Poor,2,Slow,3,2.0,3.0,1.0,126
325,3,15,Poor,1,Slow,3,2.0,3.0,1.0,124
326,3,17,Poor,2,Slow,0,2.0,3.0,1.0,125
327,3,19,Poor,2,Slow,1,2.0,3.0,1.0,124
328,3,20,Poor,2,Slow,3,2.0,3.0,1.0,123
329,3,21,Poor,2,Slow,0,2.0,3.0,1.0,122
330,3,23,Poor,1,Slow,1,2.0,3.0,1.0,123
331,3,24,Poor,2,Slow,0,2.0,3.0,1.0,121
332,3,25,Poor,1,Slow,1,2.0,3.0,1.0,122
333,3,27,Poor,2,Slow,1,2.0,3.0,1.0,120
334,3,28,Poor,2,Slow,1,2.0,3.0,1.0,119
335,3,29,Poor,1,Slow,0,2.0,3.0,1.0,121
336,3,30,Poor,2,Slow,0,2.0,3.0,1.0,118
337,3,31,Poor,2,Slow,2,2.0,3.0,1.0,117
338,3,32,Poor,2,Slow,2,2.0,3.0,1.0,116
339,3,34,Poor,0,Slow,2,2.0,3.0,1.0,124
340,3,35,Poor,2,Slow,2,2.0,3.0,1.0,115
341,3,36,Poor,0,Slow,4,2.0,3.0,1.0,123
342,3,37,Poor,2,Slow,1,2.0,3.0,1.0,114
343,3,38,Poor,2,Slow,1,2.0,3.0,1.0,113
344,3,39,Poor,1,Slow,0,2.0,3.0,1.0,120
345,3,40,Poor,0,Slow,1,2.0,3.0,1.0,122
346,3,41,Poor,1,Slow,0,2.0,3.0,1.0,119
347,3,43,Poor,1,Slow,3,2.0,3.0,1.0,118
348,3,44,Poor,2,Slow,2,2.0,3.0,1.0,112
349,3,47,Poor,2,Slow,0,2.0,3.0,1.0,111
350,3,48,Poor,2,Slow,1,2.0,3.0,1.0,110
351,3,49,Poor,0,Slow,0,2.0,3.0,1.0,121
352,3,50,Poor,1,Slow,3,2.0,3.0,1.0,117
353,3,51,Poor,0,Slow,3,2.0,3.0,1.0,120
354,3,52,Poor,0,Slow,4,2.0,3.0,1.0,119
355,3,53,Poor,1,Slow,0,2.0,3.0,1.0,116
356,3,54,Poor,1,Slow,1,2.0,3.0,1.0,115
357,3,56,Poor,1,Slow,4,2.0,3.0,1.0,114
358,3,57,Poor,2,Slow,0,2.0,3.0,1.0,109
359,3,58,Poor,1,Slow,0,2.0,3.0,1.0,113
360,3,59,Poor,1,Slow,4,2.0,3.0,1.0,112
361,3,60,Poor,0,Slow,1,2.0,3.0,1.0,118
362,3,63,Poor,2,Slow,0,2.0,3.0,1.0,108
363,3,64,Poor,1,Slow,2,2.0,3.0,1.0,111
364,3,65,Poor,0,Slow,2,2.0,3.0,1.0,117
365,3,66,Poor,2,Slow,1,2.0,3.0,1.0,107
366,3,68,Poor,0,Slow,2,2.0,3.0,1.0,116
367,3,70,Middle,1,Slow,0,2.0,7.0,5.0,110
368,3,70,Middle,2,Slow,2,2.0,5.0,3.0,106
369,3,70,Middle,0,Slow,3,2.0,3.0,1.0,115
370,3,72,Middle,0,Slow,2,2.0,7.0,5.0,114
371,3,72,Middle,1,Slow,3,2.0,5.0,3.0,109
372,3,73,Middle,0,Slow,0,2.0,7.0,5.0,113
373,3,73,Middle,1,Slow,1,2.0,5.0,3.0,108
374,3,74,Middle,2,Slow,3,2.0,7.0,5.0,105
375,3,76,Middle,1,Slow,3,2.0,7.0,5.0,107
376,3,76,Middle,0,Slow,4,2.0,5.0,3.0,112
377,3,77,Middle,2,Slow,2,2.0,7.0,5.0,104
378,3,77,Middle,1,Slow,4,2.0,5.0,3.0,106
379,3,78,Middle,0,Slow,3,2.0,7.0,5.0,111
380,3,79,Middle,2,Slow,0,2.0,7.0,5.0,103
381,3,80,Middle,1,Slow,0,2.0,7.0,5.0,105
382,3,80,Middle,0,Slow,3,2.0,5.0,3.0,110
383,3,80,Middle,2,Slow,4,2.0,3.0,1.0,102
384,3,81,Middle,4,Shigh,0,6.0,7.0,1.0,69
385,3,82,Middle,4,Shigh,0,6.0,7.0,1.0,68
386,3,83,Middle,3,Shigh,0,6.0,7.0,1.0,69
387,3,84,Middle,2,Slow,1,2.0,7.0,5.0,101
388,3,85,Middle,1,Slow,2,2.0,7.0,5.0,104
389,3,86,Middle,1,Slow,1,2.0,7.0,5.0,103
390,3,87,Middle,2,Slow,0,2.0,7.0,5.0,100
391,3,87,Middle,1,Slow,4,2.0,5.0,3.0,102
392,3,88,Middle,4,Shigh,1,6.0,7.0,1.0,67
393,3,89,Middle,1,Slow,3,2.0,7.0,5.0,101
394,3,90,Rich,3,Shigh,1,6.0,10.0,4.0,68
395,3,90,Rich,2,Slow,4,2.0,4.0,2.0,99
396,3,91,Rich,1,Slow,0,2.0,10.0,8.0,100
397,3,91,Rich,0,Slow,1,2.0,8.0,6.0,109
398,3,91,Rich,2,Slow,2,2.0,6.0,4.0,98
399,3,92,Rich,0,Slow,2,2.0,10.0,8.0,108
400,3,92,Rich,3,Shigh,4,6.0,8.0,2.0,67
401,3,93,Rich,4,Shigh,0,6.0,10.0,4.0,66
402,3,93,Rich,1,Slow,4,2.0,4.0,2.0,99
403,3,94,Rich,4,Shigh,2,6.0,10.0,4.0,65
404,3,95,Rich,3,Shigh,1,6.0,10.0,4.0,66
405,3,95,Rich,2,Slow,2,2.0,4.0,2.0,97
406,3,96,Rich,4,Shigh,0,6.0,10.0,4.0,64
407,3,96,Rich,0,Slow,3,2.0,4.0,2.0,107
408,3,97,Rich,0,Slow,0,2.0,10.0,8.0,106
409,3,97,Rich,4,Shigh,2,6.0,8.0,2.0,63
410,3,97,Rich,1,Slow,4,2.0,2.0,0.0,98
411,3,98,Rich,0,Slow,0,2.0,10.0,8.0,105
412,3,98,Rich,2,Slow,2,2.0,8.0,6.0,96
413,3,98,Rich,1,Slow,3,2.0,6.0,4.0,97
414,3,99,Rich,2,Slow,4,2.0,10.0,8.0,95
415,4,0,Poor,0,Slow,1,2.0,3.0,1.0,129
416,4,1,Poor,1,Slow,2,2.0,3.0,1.0,129
417,4,4,Poor,1,Slow,1,2.0,3.0,1.0,128
418,4,6,Poor,0,Slow,3,2.0,3.0,1.0,128
419,4,7,Poor,1,Slow,2,2.0,3.0,1.0,127
420,4,8,Poor,1,Slow,2,2.0,3.0,1.0,126
421,4,9,Poor,2,Slow,0,2.0,3.0,1.0,129
422,4,11,Poor,1,Slow,1,2.0,3.0,1.0,125
423,4,12,Poor,1,Slow,0,2.0,3.0,1.0,124
424,4,13,Poor,0,Slow,1,2.0,3.0,1.0,127
425,4,14,Poor,2,Slow,0,2.0,3.0,1.0,128
426,4,15,Poor,2,Slow,0,2.0,3.0,1.0,127
427,4,17,Poor,2,Slow,1,2.0,3.0,1.0,126
428,4,18,Poor,1,Slow,0,2.0,3.0,1.0,123
429,4,19,Poor,2,Slow,1,2.0,3.0,1.0,125
430,4,20,Poor,0,Slow,3,2.0,3.0,1.0,126
431,4,21,Poor,0,Slow,4,2.0,3.0,1.0,125
432,4,22,Poor,2,Slow,2,2.0,3.0,1.0,124
433,4,23,Poor,2,Slow,4,2.0,3.0,1.0,123
434,4,25,Poor,1,Slow,1,2.0,3.0,1.0,122
435,4,26,Poor,0,Slow,3,2.0,3.0,1.0,124
436,4,27,Poor,0,Slow,0,2.0,3.0,1.0,123
437,4,29,Poor,2,Slow,1,2.0,3.0,1.0,122
438,4,30,Poor,1,Slow,1,2.0,3.0,1.0,121
439,4,31,Poor,1,Slow,2,2.0,3.0,1.0,120
440,4,32,Poor,2,Slow,0,2.0,3.0,1.0,121
441,4,33,Poor,0,Slow,0,2.0,3.0,1.0,122
442,4,34,Poor,0,Slow,4,2.0,3.0,1.0,121
443,4,36,Poor,2,Slow,2,2.0,3.0,1.0,120
444,4,38,Poor,0,Slow,1,2.0,3.0,1.0,120
445,4,39,Poor,1,Slow,2,2.0,3.0,1.0,119
446,4,40,Poor,0,Slow,0,2.0,3.0,1.0,119
447,4,42,Poor,2,Slow,3,2.0,3.0,1.0,119
448,4,43,Poor,1,Slow,3,2.0,3.0,1.0,118
449,4,44,Poor,0,Slow,0,2.0,3.0,1.0,118
450,4,45,Poor,1,Slow,2,2.0,3.0,1.0,117
451,4,46,Poor,0,Slow,0,2.0,3.0,1.0,117
452,4,47,Poor,2,Slow,1,2.0,3.0,1.0,118
453,4,49,Poor,0,Slow,3,2.0,3.0,1.0,116
454,4,50,Poor,0,Slow,3,2.0,3.0,1.0,115
455,4,52,Poor,2,Slow,0,2.0,3.0,1.0,117
456,4,53,Poor,0,Slow,2,2.0,3.0,1.0,114
457,4,54,Poor,1,Slow,1,2.0,3.0,1.0,116
458,4,55,Poor,1,Slow,2,2.0,3.0,1.0,115
459,4,56,Poor,2,Slow,4,2.0,3.0,1.0,116
460,4,57,Poor,2,Slow,3,2.0,3.0,1.0,115
461,4,58,Poor,0,Slow,2,2.0,3.0,1.0,113
462,4,59,Poor,0,Slow,1,2.0,3.0,1.0,112
463,4,61,Poor,1,Slow,1,2.0,3.0,1.0,114
464,4,62,Poor,0,Slow,1,2.0,3.0,1.0,111
465,4,64,Poor,2,Slow,1,2.0,3.0,1.0,114
466,4,65,Poor,2,Slow,1,2.0,3.0,1.0,113
467,4,66,Poor,2,Slow,0,2.0,3.0,1.0,112
468,4,67,Poor,1,Slow,3,2.0,3.0,1.0,113
469,4,68,Poor,0,Slow,0,2.0,3.0,1.0,110
470,4,69,Poor,0,Slow,4,2.0,3.0,1.0,109
471,4,70,Middle,2,Slow,2,2.0,7.0,5.0,111
472,4,72,Middle,0,Slow,3,2.0,7.0,5.0,108
473,4,73,Middle,0,Slow,2,2.0,7.0,5.0,107
474,4,74,Middle,3,Shigh,0,6.0,7.0,1.0,69
475,4,75,Middle,0,Slow,2,2.0,7.0,5.0,106
476,4,75,Middle,1,Slow,4,2.0,5.0,3.0,112
477,4,76,Middle,4,Shigh,1,6.0,7.0,1.0,69
478,4,77,Middle,4,Shigh,0,6.0,7.0,1.0,68
479,4,78,Middle,3,Shigh,1,6.0,7.0,1.0,68
480,4,80,Middle,3,Shigh,1,6.0,7.0,1.0,67
481,4,81,Middle,2,Slow,2,2.0,7.0,5.0,110
482,4,82,Middle,3,Shigh,1,6.0,7.0,1.0,66
483,4,83,Middle,4,Shigh,2,6.0,7.0,1.0,67
484,4,84,Middle,0,Slow,1,2.0,7.0,5.0,105
485,4,84,Middle,1,Slow,2,2.0,5.0,3.0,111
486,4,84,Middle,2,Slow,3,2.0,3.0,1.0,109
487,4,85,Middle,0,Slow,0,2.0,7.0,5.0,104
488,4,85,Middle,2,Slow,1,2.0,5.0,3.0,108
489,4,85,Middle,1,Slow,4,2.0,3.0,1.0,110
490,4,86,Middle,0,Slow,2,2.0,7.0,5.0,103
491,4,86,Middle,2,Slow,4,2.0,5.0,3.0,107
492,4,87,Middle,3,Shigh,2,6.0,7.0,1.0,65
493,4,88,Middle,3,Shigh,1,6.0,7.0,1.0,64
494,4,89,Middle,1,Slow,0,2.0,7.0,5.0,109
495,4,90,Rich,1,Slow,1,2.0,10.0,8.0,108
496,4,90,Rich,0,Slow,2,2.0,8.0,6.0,102
497,4,90,Rich,3,Shigh,3,6.0,6.0,0.0,63
498,4,91,Rich,0,Slow,2,2.0,10.0,8.0,101
499,4,93,Rich,3,Shigh,0,6.0,10.0,4.0,62
500,4,93,Rich,1,Slow,2,2.0,4.0,2.0,107
501,4,93,Rich,2,Slow,4,2.0,2.0,0.0,106
502,4,94,Rich,4,Shigh,2,6.0,10.0,4.0,66
503,4,95,Rich,4,Shigh,0,6.0,10.0,4.0,65
504,4,95,Rich,2,Slow,1,2.0,4.0,2.0,105
505,4,95,Rich,1,Slow,4,2.0,2.0,0.0,106
506,4,96,Rich,4,Shigh,1,6.0,10.0,4.0,64
507,4,96,Rich,0,Slow,4,2.0,4.0,2.0,100
508,4,97,Rich,2,Slow,0,2.0,10.0,8.0,104
509,4,97,Rich,1,Slow,1,2.0,8.0,6.0,105
510,4,98,Rich,2,Slow,0,2.0,10.0,8.0,103
511,4,98,Rich,4,Shigh,2,6.0,8.0,2.0,63
512,4,98,Rich,0,Slow,4,2.0,2.0,0.0,99
513,4,99,Rich,4,Shigh,0,6.0,10.0,4.0,62
514,4,99,Rich,0,Slow,2,2.0,4.0,2.0,98
515,5,0,Poor,0,Slow,0,2.0,3.0,1.0,129
516,5,1,Poor,0,Slow,3,2.0,3.0,1.0,128
517,5,2,Poor,1,Slow,3,2.0,3.0,1.0,129
518,5,3,Poor,2,Slow,1,2.0,3.0,1.0,129
519,5,5,Poor,2,Slow,0,2.0,3.0,1.0,128
520,5,6,Poor,2,Slow,1,2.0,3.0,1.0,127
521,5,7,Poor,1,Slow,4,2.0,3.0,1.0,128
522,5,8,Poor,0,Slow,2,2.0,3.0,1.0,127
523,5,9,Poor,1,Slow,1,2.0,3.0,1.0,127
524,5,11,Poor,0,Slow,1,2.0,3.0,1.0,126
525,5,12,Poor,0,Slow,0,2.0,3.0,1.0,125
526,5,13,Poor,1,Slow,1,2.0,3.0,1.0,126
527,5,15,Poor,1,Slow,3,2.0,3.0,1.0,125
528,5,17,Poor,2,Slow,2,2.0,3.0,1.0,126
529,5,18,Poor,1,Slow,0,2.0,3.0,1.0,124
530,5,19,Poor,0,Slow,4,2.0,3.0,1.0,124
531,5,20,Poor,2,Slow,1,2.0,3.0,1.0,125
532,5,21,Poor,0,Slow,3,2.0,3.0,1.0,123
533,5,22,Poor,1,Slow,1,2.0,3.0,1.0,123
534,5,23,Poor,0,Slow,0,2.0,3.0,1.0,122
535,5,24,Poor,1,Slow,4,2.0,3.0,1.0,122
536,5,25,Poor,2,Slow,0,2.0,3.0,1.0,124
537,5,26,Poor,1,Slow,2,2.0,3.0,1.0,121
538,5,27,Poor,2,Slow,3,2.0,3.0,1.0,123
539,5,28,Poor,0,Slow,4,2.0,3.0,1.0,121
540,5,29,Poor,1,Slow,3,2.0,3.0,1.0,120
541,5,31,Poor,0,Slow,1,2.0,3.0,1.0,120
542,5,32,Poor,1,Slow,3,2.0,3.0,1.0,119
543,5,33,Poor,2,Slow,0,2.0,3.0,1.0,122
544,5,34,Poor,2,Slow,0,2.0,3.0,1.0,121
545,5,35,Poor,0,Slow,3,2.0,3.0,1.0,119
546,5,38,Poor,2,Slow,2,2.0,3.0,1.0,120
547,5,39,Poor,2,Slow,4,2.0,3.0,1.0,119
548,5,40,Poor,1,Slow,1,2.0,3.0,1.0,118
549,5,42,Poor,0,Slow,2,2.0,3.0,1.0,118
550,5,43,Poor,2,Slow,2,2.0,3.0,1.0,118
551,5,44,Poor,2,Slow,2,2.0,3.0,1.0,117
552,5,45,Poor,1,Slow,2,2.0,3.0,1.0,117
553,5,46,Poor,0,Slow,0,2.0,3.0,1.0,117
554,5,47,Poor,1,Slow,4,2.0,3.0,1.0,116
555,5,48,Poor,2,Slow,0,2.0,3.0,1.0,116
556,5,51,Poor,0,Slow,0,2.0,3.0,1.0,116
557,5,52,Poor,1,Slow,1,2.0,3.0,1.0,115
558,5,53,Poor,1,Slow,0,2.0,3.0,1.0,114
559,5,54,Poor,1,Slow,1,2.0,3.0,1.0,113
560,5,55,Poor,2,Slow,3,2.0,3.0,1.0,115
561,5,56,Poor,1,Slow,0,2.0,3.0,1.0,112
562,5,57,Poor,2,Slow,0,2.0,3.0,1.0,114
563,5,58,Poor,0,Slow,2,2.0,3.0,1.0,115
564,5,59,Poor,2,Slow,3,2.0,3.0,1.0,113
565,5,60,Poor,2,Slow,1,2.0,3.0,1.0,112
566,5,61,Poor,1,Slow,0,2.0,3.0,1.0,111
567,5,62,Poor,2,Slow,0,2.0,3.0,1.0,111
568,5,63,Poor,1,Slow,1,2.0,3.0,1.0,110
569,5,64,Poor,1,Slow,0,2.0,3.0,1.0,109
570,5,65,Poor,2,Slow,1,2.0,3.0,1.0,110
571,5,66,Poor,2,Slow,0,2.0,3.0,1.0,109
572,5,67,Poor,0,Slow,4,2.0,3.0,1.0,114
573,5,68,Poor,2,Slow,0,2.0,3.0,1.0,108
574,5,69,Poor,2,Slow,0,2.0,3.0,1.0,107
575,5,70,Middle,0,Slow,4,2.0,7.0,5.0,113
576,5,71,Middle,4,Shigh,1,6.0,7.0,1.0,69
577,5,72,Middle,4,Shigh,3,6.0,7.0,1.0,68
578,5,73,Middle,4,Shigh,1,6.0,7.0,1.0,67
579,5,74,Middle,0,Slow,0,2.0,7.0,5.0,112
580,5,75,Middle,1,Slow,0,2.0,7.0,5.0,108
581,5,75,Middle,2,Slow,2,2.0,5.0,3.0,106
582,5,75,Middle,0,Slow,3,2.0,3.0,1.0,111
583,5,76,Middle,2,Slow,3,2.0,7.0,5.0,105
584,5,77,Middle,1,Slow,0,2.0,7.0,5.0,107
585,5,77,Middle,0,Slow,3,2.0,5.0,3.0,110
586,5,77,Middle,2,Slow,4,2.0,3.0,1.0,104
587,5,78,Middle,2,Slow,2,2.0,7.0,5.0,103
588,5,79,Middle,2,Slow,0,2.0,7.0,5.0,102
589,5,79,Middle,0,Slow,1,2.0,5.0,3.0,109
590,5,80,Middle,2,Slow,0,2.0,7.0,5.0,101
591,5,82,Middle,3,Shigh,0,6.0,7.0,1.0,69
592,5,83,Middle,0,Slow,1,2.0,7.0,5.0,108
593,5,84,Middle,3,Shigh,0,6.0,7.0,1.0,68
594,5,85,Middle,0,Slow,0,2.0,7.0,5.0,107
595,5,86,Middle,1,Slow,1,2.0,7.0,5.0,106
596,5,87,Middle,2,Slow,1,2.0,7.0,5.0,100
597,5,89,Middle,2,Slow,3,2.0,7.0,5.0,99
598,5,89,Middle,1,Slow,4,2.0,5.0,3.0,105
599,5,90,Rich,2,Slow,0,2.0,10.0,8.0,98
600,5,90,Rich,4,Shigh,1,6.0,8.0,2.0,66
601,5,91,Rich,2,Slow,0,2.0,10.0,8.0,97
602,5,91,Rich,0,Slow,3,2.0,8.0,6.0,106
603,5,91,Rich,4,Shigh,4,6.0,6.0,0.0,65
604,5,92,Rich,0,Slow,0,2.0,10.0,8.0,105
605,5,92,Rich,4,Shigh,1,6.0,8.0,2.0,64
606,5,92,Rich,2,Slow,2,2.0,2.0,0.0,96
607,5,93,Rich,0,Slow,0,2.0,10.0,8.0,104
608,5,94,Rich,1,Slow,0,2.0,10.0,8.0,104
609,5,94,Rich,0,Slow,1,2.0,8.0,6.0,103
610,5,95,Rich,3,Shigh,1,6.0,10.0,4.0,67
611,5,95,Rich,0,Slow,2,2.0,4.0,2.0,102
612,5,96,Rich,4,Shigh,0,6.0,10.0,4.0,63
613,5,96,Rich,0,Slow,3,2.0,4.0,2.0,101
614,5,97,Rich,1,Slow,2,2.0,10.0,8.0,103
615,5,98,Rich,4,Shigh,1,6.0,10.0,4.0,62
616,5,98,Rich,2,Slow,4,2.0,4.0,2.0,95
617,5,99,Rich,4,Shigh,0,6.0,10.0,4.0,61
618,5,99,Rich,2,Slow,1,2.0,4.0,2.0,94
619,6,0,Poor,0,Slow,3,2.0,3.0,1.0,129
620,6,2,Poor,2,Slow,2,2.0,3.0,1.0,129
621,6,3,Poor,0,Slow,3,2.0,3.0,1.0,128
622,6,5,Poor,1,Slow,2,2.0,3.0,1.0,129
623,6,6,Poor,2,Slow,2,2.0,3.0,1.0,128
624,6,7,Poor,1,Slow,0,2.0,3.0,1.0,128
625,6,8,Poor,1,Slow,4,2.0,3.0,1.0,127
626,6,9,Poor,0,Slow,1,2.0,3.0,1.0,127
627,6,11,Poor,1,Slow,4,2.0,3.0,1.0,126
628,6,12,Poor,2,Slow,1,2.0,3.0,1.0,127
629,6,13,Poor,2,Slow,0,2.0,3.0,1.0,126
630,6,14,Poor,2,Slow,0,2.0,3.0,1.0,125
631,6,15,Poor,2,Slow,0,2.0,3.0,1.0,124
632,6,16,Poor,0,Slow,1,2.0,3.0,1.0,126
633,6,18,Poor,2,Slow,1,2.0,3.0,1.0,123
634,6,20,Poor,0,Slow,0,2.0,3.0,1.0,125
635,6,21,Poor,1,Slow,0,2.0,3.0,1.0,125
636,6,22,Poor,0,Slow,3,2.0,3.0,1.0,124
637,6,23,Poor,2,Slow,0,2.0,3.0,1.0,122
638,6,24,Poor,2,Slow,0,2.0,3.0,1.0,121
639,6,25,Poor,1,Slow,0,2.0,3.0,1.0,124
640,6,26,Poor,1,Slow,1,2.0,3.0,1.0,123
641,6,27,Poor,1,Slow,1,2.0,3.0,1.0,122
642,6,28,Poor,0,Slow,0,2.0,3.0,1.0,123
643,6,29,Poor,2,Slow,1,2.0,3.0,1.0,120
644,6,30,Poor,1,Slow,2,2.0,3.0,1.0,121
645,6,31,Poor,0,Slow,2,2.0,3.0,1.0,122
646,6,32,Poor,2,Slow,2,2.0,3.0,1.0,119
647,6,34,Poor,1,Slow,4,2.0,3.0,1.0,120
648,6,35,Poor,0,Slow,1,2.0,3.0,1.0,121
649,6,36,Poor,1,Slow,4,2.0,3.0,1.0,119
650,6,37,Poor,2,Slow,1,2.0,3.0,1.0,118
651,6,38,Poor,2,Slow,3,2.0,3.0,1.0,117
652,6,39,Poor,2,Slow,0,2.0,3.0,1.0,116
653,6,40,Poor,2,Slow,4,2.0,3.0,1.0,115
654,6,41,Poor,0,Slow,0,2.0,3.0,1.0,120
655,6,42,Poor,2,Slow,3,2.0,3.0,1.0,114
656,6,44,Poor,0,Slow,2,2.0,3.0,1.0,119
657,6,47,Poor,0,Slow,1,2.0,3.0,1.0,118
658,6,48,Poor,2,Slow,2,2.0,3.0,1.0,113
659,6,49,Poor,0,Slow,0,2.0,3.0,1.0,117
660,6,50,Poor,1,Slow,4,2.0,3.0,1.0,118
661,6,51,Poor,1,Slow,2,2.0,3.0,1.0,117
662,6,53,Poor,2,Slow,0,2.0,3.0,1.0,112
663,6,54,Poor,1,Slow,0,2.0,3.0,1.0,116
664,6,56,Poor,2,Slow,0,2.0,3.0,1.0,111
665,6,57,Poor,2,Slow,0,2.0,3.0,1.0,110
666,6,58,Poor,0,Slow,3,2.0,3.0,1.0,116
667,6,60,Poor,1,Slow,2,2.0,3.0,1.0,115
668,6,61,Poor,1,Slow,2,2.0,3.0,1.0,114
669,6,62,Poor,0,Slow,4,2.0,3.0,1.0,115
670,6,63,Poor,1,Slow,0,2.0,3.0,1.0,113
671,6,64,Poor,0,Slow,1,2.0,3.0,1.0,114
672,6,66,Poor,2,Slow,0,2.0,3.0,1.0,109
673,6,67,Poor,2,Slow,1,2.0,3.0,1.0,108
674,6,68,Poor,0,Slow,0,2.0,3.0,1.0,113
675,6,69,Poor,2,Slow,4,2.0,3.0,1.0,107
676,6,70,Middle,0,Slow,3,2.0,7.0,5.0,112
677,6,71,Middle,3,Shigh,1,6.0,7.0,1.0,69
678,6,74,Middle,3,Shigh,1,6.0,7.0,1.0,68
679,6,75,Middle,0,Slow,0,2.0,7.0,5.0,111
680,6,75,Middle,2,Slow,2,2.0,5.0,3.0,106
681,6,76,Middle,0,Slow,0,2.0,7.0,5.0,110
682,6,77,Middle,4,Shigh,0,6.0,7.0,1.0,69
683,6,78,Middle,3,Shigh,3,6.0,7.0,1.0,67
684,6,79,Middle,4,Shigh,0,6.0,7.0,1.0,68
685,6,80,Middle,1,Slow,0,2.0,7.0,5.0,112
686,6,81,Middle,4,Shigh,3,6.0,7.0,1.0,67
687,6,83,Middle,0,Slow,4,2.0,7.0,5.0,109
688,6,84,Middle,4,Shigh,0,6.0,7.0,1.0,66
689,6,86,Middle,3,Shigh,3,6.0,7.0,1.0,66
690,6,87,Middle,1,Slow,4,2.0,7.0,5.0,111
691,6,88,Middle,0,Slow,3,2.0,7.0,5.0,108
692,6,89,Middle,4,Shigh,0,6.0,7.0,1.0,65
693,6,90,Rich,3,Shigh,1,6.0,10.0,4.0,65
694,6,90,Rich,1,Slow,2,2.0,4.0,2.0,110
695,6,90,Rich,0,Slow,3,2.0,2.0,0.0,107
696,6,91,Rich,0,Slow,0,2.0,10.0,8.0,106
697,6,91,Rich,3,Shigh,3,6.0,8.0,2.0,64
698,6,92,Rich,4,Shigh,3,6.0,10.0,4.0,64
699,6,93,Rich,1,Slow,0,2.0,10.0,8.0,109
700,6,93,Rich,3,Shigh,3,6.0,8.0,2.0,63
701,6,94,Rich,2,Slow,1,2.0,10.0,8.0,105
702,6,94,Rich,3,Shigh,3,6.0,8.0,2.0,62
703,6,95,Rich,3,Shigh,0,6.0,10.0,4.0,61
704,6,95,Rich,1,Slow,3,2.0,4.0,2.0,108
705,6,95,Rich,0,Slow,4,2.0,2.0,0.0,105
706,6,96,Rich,2,Slow,1,2.0,10.0,8.0,104
707,6,96,Rich,4,Shigh,2,6.0,8.0,2.0,63
708,6,96,Rich,0,Slow,3,2.0,2.0,0.0,104
709,6,97,Rich,3,Shigh,0,6.0,10.0,4.0,60
710,6,97,Rich,0,Slow,4,2.0,4.0,2.0,103
711,6,98,Rich,2,Slow,1,2.0,10.0,8.0,103
712,6,99,Rich,3,Shigh,0,6.0,10.0,4.0,59
713,6,99,Rich,1,Slow,3,2.0,4.0,2.0,107
714,6,99,Rich,0,Slow,4,2.0,2.0,0.0,102
715,7,0,Poor,1,Slow,0,2.0,3.0,1.0,129
716,7,1,Poor,2,Slow,1,2.0,3.0,1.0,129
717,7,2,Poor,2,Slow,1,2.0,3.0,1.0,128
718,7,3,Poor,2,Slow,0,2.0,3.0,1.0,127
719,7,4,Poor,0,Slow,1,2.0,3.0,1.0,129
720,7,5,Poor,1,Slow,3,2.0,3.0,1.0,128
721,7,7,Poor,1,Slow,0,2.0,3.0,1.0,127
722,7,8,Poor,1,Slow,2,2.0,3.0,1.0,126
723,7,9,Poor,0,Slow,0,2.0,3.0,1.0,128
724,7,11,Poor,0,Slow,0,2.0,3.0,1.0,127
725,7,12,Poor,1,Slow,1,2.0,3.0,1.0,125
726,7,14,Poor,0,Slow,1,2.0,3.0,1.0,126
727,7,15,Poor,0,Slow,1,2.0,3.0,1.0,125
728,7,16,Poor,2,Slow,1,2.0,3.0,1.0,126
729,7,17,Poor,0,Slow,1,2.0,3.0,1.0,124
730,7,18,Poor,2,Slow,0,2.0,3.0,1.0,125
731,7,19,Poor,2,Slow,1,2.0,3.0,1.0,124
732,7,20,Poor,1,Slow,0,2.0,3.0,1.0,124
733,7,21,Poor,2,Slow,1,2.0,3.0,1.0,123
734,7,24,Poor,0,Slow,3,2.0,3.0,1.0,123
735,7,25,Poor,1,Slow,1,2.0,3.0,1.0,123
736,7,26,Poor,1,Slow,0,2.0,3.0,1.0,122
737,7,27,Poor,1,Slow,1,2.0,3.0,1.0,121
738,7,28,Poor,1,Slow,1,2.0,3.0,1.0,120
739,7,29,Poor,2,Slow,0,2.0,3.0,1.0,122
740,7,31,Poor,0,Slow,2,2.0,3.0,1.0,122
741,7,32,Poor,2,Slow,3,2.0,3.0,1.0,121
742,7,33,Poor,2,Slow,3,2.0,3.0,1.0,120
743,7,34,Poor,2,Slow,1,2.0,3.0,1.0,119
744,7,35,Poor,1,Slow,0,2.0,3.0,1.0,119
745,7,36,Poor,1,Slow,1,2.0,3.0,1.0,118
746,7,38,Poor,2,Slow,0,2.0,3.0,1.0,118
747,7,39,Poor,0,Slow,4,2.0,3.0,1.0,121
748,7,40,Poor,0,Slow,3,2.0,3.0,1.0,120
749,7,41,Poor,2,Slow,1,2.0,3.0,1.0,117
750,7,43,Poor,1,Slow,0,2.0,3.0,1.0,117
751,7,44,Poor,0,Slow,0,2.0,3.0,1.0,119
752,7,46,Poor,2,Slow,1,2.0,3.0,1.0,116
753,7,47,Poor,2,Slow,1,2.0,3.0,1.0,115
754,7,48,Poor,2,Slow,2,2.0,3.0,1.0,114
755,7,49,Poor,0,Slow,0,2.0,3.0,1.0,118
756,7,50,Poor,1,Slow,0,2.0,3.0,1.0,116
757,7,52,Poor,1,Slow,3,2.0,3.0,1.0,115
758,7,53,Poor,2,Slow,0,2.0,3.0,1.0,113
759,7,55,Poor,0,Slow,0,2.0,3.0,1.0,117
760,7,56,Poor,1,Slow,1,2.0,3.0,1.0,114
761,7,57,Poor,2,Slow,2,2.0,3.0,1.0,112
762,7,58,Poor,0,Slow,2,2.0,3.0,1.0,116
763,7,59,Poor,2,Slow,0,2.0,3.0,1.0,111
764,7,60,Poor,0,Slow,3,2.0,3.0,1.0,115
765,7,62,Poor,1,Slow,0,2.0,3.0,1.0,113
766,7,63,Poor,0,Slow,0,2.0,3.0,1.0,114
767,7,64,Poor,1,Slow,4,2.0,3.0,1.0,112
768,7,65,Poor,2,Slow,2,2.0,3.0,1.0,110
769,7,66,Poor,0,Slow,0,2.0,3.0,1.0,113
770,7,67,Poor,0,Slow,3,2.0,3.0,1.0,112
771,7,68,Poor,0,Slow,1,2.0,3.0,1.0,111
772,7,70,Middle,0,Slow,2,2.0,7.0,5.0,110
773,7,71,Middle,1,Slow,4,2.0,7.0,5.0,111
774,7,72,Middle,4,Shigh,0,6.0,7.0,1.0,69
775,7,73,Middle,1,Slow,0,2.0,7.0,5.0,110
776,7,74,Middle,0,Slow,2,2.0,7.0,5.0,109
777,7,75,Middle,0,Slow,4,2.0,7.0,5.0,108
778,7,76,Middle,1,Slow,3,2.0,7.0,5.0,109
779,7,77,Middle,0,Slow,0,2.0,7.0,5.0,107
780,7,78,Middle,1,Slow,2,2.0,7.0,5.0,108
781,7,78,Middle,0,Slow,3,2.0,5.0,3.0,106
782,7,79,Middle,3,Shigh,2,6.0,7.0,1.0,69
783,7,80,Middle,1,Slow,0,2.0,7.0,5.0,107
784,7,80,Middle,2,Slow,1,2.0,5.0,3.0,109
785,7,81,Middle,4,Shigh,3,6.0,7.0,1.0,68
786,7,83,Middle,2,Slow,0,2.0,7.0,5.0,108
787,7,83,Middle,0,Slow,3,2.0,5.0,3.0,105
788,7,84,Middle,0,Slow,0,2.0,7.0,5.0,104
789,7,85,Middle,4,Shigh,0,6.0,7.0,1.0,67
790,7,86,Middle,2,Slow,1,2.0,7.0,5.0,107
791,7,86,Middle,0,Slow,2,2.0,5.0,3.0,103
792,7,87,Middle,1,Slow,0,2.0,7.0,5.0,106
793,7,87,Middle,0,Slow,3,2.0,5.0,3.0,102
794,7,88,Middle,0,Slow,0,2.0,7.0,5.0,101
795,7,89,Middle,2,Slow,3,2.0,7.0,5.0,106
796,7,90,Rich,3,Shigh,0,6.0,10.0,4.0,68
797,7,90,Rich,0,Slow,1,2.0,4.0,2.0,100
798,7,90,Rich,2,Slow,2,2.0,2.0,0.0,105
799,7,91,Rich,1,Slow,0,2.0,10.0,8.0,105
800,7,92,Rich,2,Slow,0,2.0,10.0,8.0,104
801,7,92,Rich,1,Slow,1,2.0,8.0,6.0,104
802,7,92,Rich,0,Slow,4,2.0,6.0,4.0,99
803,7,93,Rich,0,Slow,3,2.0,10.0,8.0,98
804,7,94,Rich,2,Slow,0,2.0,10.0,8.0,103
805,7,94,Rich,3,Shigh,1,6.0,8.0,2.0,67
806,7,95,Rich,1,Slow,1,2.0,10.0,8.0,103
807,7,95,Rich,0,Slow,2,2.0,8.0,6.0,97
808,7,96,Rich,1,Slow,3,2.0,10.0,8.0,102
809,7,97,Rich,1,Slow,0,2.0,10.0,8.0,101
810,7,97,Rich,4,Shigh,1,6.0,8.0,2.0,66
811,7,97,Rich,0,Slow,3,2.0,2.0,0.0,96
812,7,98,Rich,4,Shigh,1,6.0,10.0,4.0,65
813,7,99,Rich,2,Slow,0,2.0,10.0,8.0,102
814,7,99,Rich,0,Slow,1,2.0,8.0,6.0,95
815,7,99,Rich,1,Slow,2,2.0,6.0,4.0,100
816,8,0,Poor,1,Slow,0,2.0,3.0,1.0,129
817,8,1,Poor,0,Slow,3,2.0,3.0,1.0,129
818,8,4,Poor,2,Slow,2,2.0,3.0,1.0,129
819,8,5,Poor,0,Slow,4,2.0,3.0,1.0,128
820,8,6,Poor,0,Slow,2,2.0,3.0,1.0,127
821,8,7,Poor,0,Slow,3,2.0,3.0,1.0,126
822,8,8,Poor,2,Slow,0,2.0,3.0,1.0,128
823,8,9,Poor,1,Slow,3,2.0,3.0,1.0,128
824,8,10,Poor,0,Slow,1,2.0,3.0,1.0,125
825,8,13,Poor,2,Slow,2,2.0,3.0,1.0,127
826,8,14,Poor,1,Slow,0,2.0,3.0,1.0,127
827,8,16,Poor,0,Slow,0,2.0,3.0,1.0,124
828,8,17,Poor,2,Slow,0,2.0,3.0,1.0,126
829,8,18,Poor,0,Slow,3,2.0,3.0,1.0,123
830,8,21,Poor,2,Slow,0,2.0,3.0,1.0,125
831,8,23,Poor,0,Slow,0,2.0,3.0,1.0,122
832,8,24,Poor,1,Slow,4,2.0,3.0,1.0,126
833,8,25,Poor,2,Slow,1,2.0,3.0,1.0,124
834,8,28,Poor,1,Slow,0,2.0,3.0,1.0,125
835,8,29,Poor,2,Slow,0,2.0,3.0,1.0,123
836,8,30,Poor,2,Slow,1,2.0,3.0,1.0,122
837,8,31,Poor,1,Slow,0,2.0,3.0,1.0,124
838,8,32,Poor,2,Slow,1,2.0,3.0,1.0,121
839,8,33,Poor,2,Slow,2,2.0,3.0,1.0,120
840,8,34,Poor,2,Slow,2,2.0,3.0,1.0,119
841,8,35,Poor,1,Slow,4,2.0,3.0,1.0,123
842,8,36,Poor,0,Slow,4,2.0,3.0,1.0,121
843,8,37,Poor,0,Slow,0,2.0,3.0,1.0,120
844,8,38,Poor,0,Slow,1,2.0,3.0,1.0,119
845,8,39,Poor,1,Slow,0,2.0,3.0,1.0,122
846,8,40,Poor,0,Slow,3,2.0,3.0,1.0,118
847,8,41,Poor,0,Slow,0,2.0,3.0,1.0,117
848,8,43,Poor,2,Slow,2,2.0,3.0,1.0,118
849,8,45,Poor,1,Slow,0,2.0,3.0,1.0,121
850,8,46,Poor,0,Slow,1,2.0,3.0,1.0,116
851,8,48,Poor,0,Slow,0,2.0,3.0,1.0,115
852,8,49,Poor,0,Slow,2,2.0,3.0,1.0,114
853,8,51,Poor,2,Slow,2,2.0,3.0,1.0,117
854,8,52,Poor,0,Slow,0,2.0,3.0,1.0,113
855,8,53,Poor,1,Slow,1,2.0,3.0,1.0,120
856,8,54,Poor,2,Slow,2,2.0,3.0,1.0,116
857,8,55,Poor,2,Slow,2,2.0,3.0,1.0,115
858,8,56,Poor,2,Slow,1,2.0,3.0,1.0,114
859,8,57,Poor,1,Slow,3,2.0,3.0,1.0,119
860,8,58,Poor,2,Slow,3,2.0,3.0,1.0,113
861,8,59,Poor,1,Slow,0,2.0,3.0,1.0,118
862,8,60,Poor,0,Slow,0,2.0,3.0,1.0,112
863,8,62,Poor,2,Slow,1,2.0,3.0,1.0,112
864,8,63,Poor,2,Slow,2,2.0,3.0,1.0,111
865,8,64,Poor,2,Slow,0,2.0,3.0,1.0,110
866,8,66,Poor,2,Slow,0,2.0,3.0,1.0,109
867,8,69,Poor,0,Slow,0,2.0,3.0,1.0,111
868,8,70,Middle,0,Slow,2,2.0,7.0,5.0,110
869,8,71,Middle,3,Shigh,0,6.0,7.0,1.0,69
870,8,72,Middle,0,Slow,0,2.0,7.0,5.0,109
871,8,72,Middle,1,Slow,1,2.0,5.0,3.0,117
872,8,73,Middle,0,Slow,0,2.0,7.0,5.0,108
873,8,73,Middle,2,Slow,2,2.0,5.0,3.0,108
874,8,74,Middle,0,Slow,0,2.0,7.0,5.0,107
875,8,74,Middle,2,Slow,2,2.0,5.0,3.0,107
876,8,74,Middle,1,Slow,3,2.0,3.0,1.0,116
877,8,75,Middle,2,Slow,2,2.0,7.0,5.0,106
878,8,76,Middle,1,Slow,2,2.0,7.0,5.0,115
879,8,76,Middle,0,Slow,4,2.0,5.0,3.0,106
880,8,77,Middle,2,Slow,0,2.0,7.0,5.0,105
881,8,77,Middle,0,Slow,3,2.0,5.0,3.0,105
882,8,77,Middle,1,Slow,4,2.0,3.0,1.0,114
883,8,78,Middle,1,Slow,0,2.0,7.0,5.0,113
884,8,78,Middle,0,Slow,4,2.0,5.0,3.0,104
885,8,79,Middle,2,Slow,1,2.0,7.0,5.0,104
886,8,79,Middle,1,Slow,3,2.0,5.0,3.0,112
887,8,80,Middle,0,Slow,2,2.0,7.0,5.0,103
888,8,81,Middle,4,Shigh,0,6.0,7.0,1.0,69
889,8,82,Middle,3,Shigh,0,6.0,7.0,1.0,68
890,8,83,Middle,1,Slow,1,2.0,7.0,5.0,111
891,8,84,Middle,0,Slow,2,2.0,7.0,5.0,102
892,8,85,Middle,4,Shigh,0,6.0,7.0,1.0,68
893,8,86,Middle,2,Slow,1,2.0,7.0,5.0,103
894,8,87,Middle,2,Slow,0,2.0,7.0,5.0,102
895,8,88,Middle,0,Slow,0,2.0,7.0,5.0,101
896,8,88,Middle,1,Slow,3,2.0,5.0,3.0,110
897,8,89,Middle,4,Shigh,0,6.0,7.0,1.0,67
898,8,90,Rich,2,Slow,1,2.0,10.0,8.0,101
899,8,90,Rich,1,Slow,2,2.0,8.0,6.0,109
900,8,92,Rich,4,Shigh,0,6.0,10.0,4.0,66
901,8,92,Rich,1,Slow,4,2.0,4.0,2.0,108
902,8,93,Rich,0,Slow,0,2.0,10.0,8.0,100
903,8,93,Rich,4,Shigh,1,6.0,8.0,2.0,65
904,8,94,Rich,2,Slow,0,2.0,10.0,8.0,100
905,8,94,Rich,0,Slow,1,2.0,8.0,6.0,99
906,8,94,Rich,1,Slow,4,2.0,6.0,4.0,107
907,8,95,Rich,2,Slow,2,2.0,10.0,8.0,99
908,8,96,Rich,0,Slow,1,2.0,10.0,8.0,98
909,8,97,Rich,2,Slow,3,2.0,10.0,8.0,98
910,8,98,Rich,0,Slow,0,2.0,10.0,8.0,97
911,8,98,Rich,2,Slow,1,2.0,8.0,6.0,97
912,8,98,Rich,4,Shigh,2,6.0,6.0,0.0,64
913,8,99,Rich,3,Shigh,1,6.0,10.0,4.0,67
914,8,99,Rich,0,Slow,3,2.0,4.0,2.0,96
915,9,0,Poor,0,Slow,0,2.0,3.0,1.0,129
916,9,1,Poor,1,Slow,4,2.0,3.0,1.0,129
917,9,2,Poor,1,Slow,2,2.0,3.0,1.0,128
918,9,4,Poor,2,Slow,2,2.0,3.0,1.0,129
919,9,5,Poor,0,Slow,0,2.0,3.0,1.0,128
920,9,7,Poor,2,Slow,0,2.0,3.0,1.0,128
921,9,8,Poor,1,Slow,1,2.0,3.0,1.0,127
922,9,9,Poor,2,Slow,0,2.0,3.0,1.0,127
923,9,10,Poor,2,Slow,3,2.0,3.0,1.0,126
924,9,11,Poor,1,Slow,3,2.0,3.0,1.0,126
925,9,12,Poor,2,Slow,1,2.0,3.0,1.0,125
926,9,14,Poor,0,Slow,3,2.0,3.0,1.0,127
927,9,15,Poor,1,Slow,3,2.0,3.0,1.0,125
928,9,16,Poor,2,Slow,1,2.0,3.0,1.0,124
929,9,17,Poor,2,Slow,4,2.0,3.0,1.0,123
930,9,18,Poor,2,Slow,1,2.0,3.0,1.0,122
931,9,23,Poor,2,Slow,3,2.0,3.0,1.0,121
932,9,24,Poor,0,Slow,1,2.0,3.0,1.0,126
933,9,25,Poor,2,Slow,0,2.0,3.0,1.0,120
934,9,26,Poor,0,Slow,2,2.0,3.0,1.0,125
935,9,27,Poor,1,Slow,2,2.0,3.0,1.0,124
936,9,29,Poor,1,Slow,1,2.0,3.0,1.0,123
937,9,31,Poor,0,Slow,4,2.0,3.0,1.0,124
938,9,32,Poor,0,Slow,1,2.0,3.0,1.0,123
939,9,33,Poor,0,Slow,1,2.0,3.0,1.0,122
940,9,34,Poor,0,Slow,4,2.0,3.0,1.0,121
941,9,35,Poor,2,Slow,1,2.0,3.0,1.0,119
942,9,36,Poor,1,Slow,0,2.0,3.0,1.0,122
943,9,37,Poor,1,Slow,4,2.0,3.0,1.0,121
944,9,38,Poor,2,Slow,2,2.0,3.0,1.0,118
945,9,39,Poor,1,Slow,0,2.0,3.0,1.0,120
946,9,40,Poor,1,Slow,2,2.0,3.0,1.0,119
947,9,41,Poor,2,Slow,2,2.0,3.0,1.0,117
948,9,42,Poor,1,Slow,2,2.0,3.0,1.0,118
949,9,43,Poor,1,Slow,4,2.0,3.0,1.0,117
950,9,45,Poor,2,Slow,3,2.0,3.0,1.0,116
951,9,46,Poor,0,Slow,1,2.0,3.0,1.0,120
952,9,48,Poor,2,Slow,2,2.0,3.0,1.0,115
953,9,49,Poor,0,Slow,0,2.0,3.0,1.0,119
954,9,50,Poor,2,Slow,3,2.0,3.0,1.0,114
955,9,51,Poor,1,Slow,1,2.0,3.0,1.0,116
956,9,54,Poor,1,Slow,0,2.0,3.0,1.0,115
957,9,55,Poor,2,Slow,0,2.0,3.0,1.0,113
958,9,56,Poor,2,Slow,2,2.0,3.0,1.0,112
959,9,57,Poor,0,Slow,0,2.0,3.0,1.0,118
960,9,58,Poor,2,Slow,1,2.0,3.0,1.0,111
961,9,59,Poor,2,Slow,0,2.0,3.0,1.0,110
962,9,60,Poor,1,Slow,0,2.0,3.0,1.0,114
963,9,62,Poor,0,Slow,0,2.0,3.0,1.0,117
964,9,63,Poor,2,Slow,1,2.0,3.0,1.0,109
965,9,64,Poor,1,Slow,0,2.0,3.0,1.0,113
966,9,65,Poor,0,Slow,1,2.0,3.0,1.0,116
967,9,66,Poor,2,Slow,1,2.0,3.0,1.0,108
968,9,67,Poor,2,Slow,0,2.0,3.0,1.0,107
969,9,68,Poor,1,Slow,2,2.0,3.0,1.0,112
970,9,69,Poor,2,Slow,2,2.0,3.0,1.0,106
971,9,70,Middle,1,Slow,1,2.0,7.0,5.0,111
972,9,71,Middle,4,Shigh,0,6.0,7.0,1.0,69
973,9,72,Middle,4,Shigh,0,6.0,7.0,1.0,68
974,9,73,Middle,3,Shigh,2,6.0,7.0,1.0,69
975,9,74,Middle,3,Shigh,2,6.0,7.0,1.0,68
976,9,75,Middle,4,Shigh,0,6.0,7.0,1.0,67
977,9,76,Middle,2,Slow,1,2.0,7.0,5.0,105
978,9,77,Middle,0,Slow,4,2.0,7.0,5.0,115
979,9,78,Middle,0,Slow,0,2.0,7.0,5.0,114
980,9,78,Middle,1,Slow,2,2.0,5.0,3.0,110
981,9,78,Middle,2,Slow,3,2.0,3.0,1.0,104
982,9,79,Middle,1,Slow,0,2.0,7.0,5.0,109
983,9,79,Middle,0,Slow,4,2.0,5.0,3.0,113
984,9,81,Middle,0,Slow,2,2.0,7.0,5.0,112
985,9,82,Middle,4,Shigh,4,6.0,7.0,1.0,66
986,9,83,Middle,1,Slow,1,2.0,7.0,5.0,108
987,9,83,Middle,0,Slow,2,2.0,5.0,3.0,111
988,9,83,Middle,2,Slow,3,2.0,3.0,1.0,103
989,9,84,Middle,2,Slow,0,2.0,7.0,5.0,102
990,9,85,Middle,4,Shigh,1,6.0,7.0,1.0,65
991,9,86,Middle,0,Slow,1,2.0,7.0,5.0,110
992,9,87,Middle,1,Slow,3,2.0,7.0,5.0,107
993,9,88,Middle,2,Slow,2,2.0,7.0,5.0,101
994,9,88,Middle,0,Slow,4,2.0,5.0,3.0,109
995,9,89,Middle,1,Slow,1,2.0,7.0,5.0,106
996,9,90,Rich,2,Slow,0,2.0,10.0,8.0,100
997,9,90,Rich,4,Shigh,2,6.0,8.0,2.0,64
998,9,90,Rich,1,Slow,3,2.0,2.0,0.0,105
999,9,91,Rich,1,Slow,4,2.0,10.0,8.0,104
1000,9,93,Rich,3,Shigh,1,6.0,10.0,4.0,67
1001,9,93,Rich,2,Slow,3,2.0,4.0,2.0,99
1002,9,94,Rich,0,Slow,1,2.0,10.0,8.0,108
1003,9,94,Rich,4,Shigh,2,6.0,8.0,2.0,63
1004,9,94,Rich,2,Slow,3,2.0,2.0,0.0,98
1005,9,95,Rich,1,Slow,4,2.0,10.0,8.0,103
1006,9,96,Rich,0,Slow,1,2.0,10.0,8.0,107
1007,9,96,Rich,4,Shigh,2,6.0,8.0,2.0,62
1008,9,97,Rich,1,Slow,0,2.0,10.0,8.0,102
1009,9,97,Rich,2,Slow,4,2.0,8.0,6.0,97
1010,9,98,Rich,2,Slow,1,2.0,10.0,8.0,96
1011,9,98,Rich,0,Slow,4,2.0,8.0,6.0,106
1012,9,99,Rich,1,Slow,0,2.0,10.0,8.0,101
1013,9,99,Rich,3,Shigh,1,6.0,8.0,2.0,66
1014,10,0,Poor,1,Slow,1,2.0,3.0,1.0,129
1015,10,1,Poor,1,Slow,2,2.0,3.0,1.0,128
1016,10,2,Poor,2,Slow,4,2.0,3.0,1.0,129
1017,10,3,Poor,2,Slow,3,2.0,3.0,1.0,128
1018,10,4,Poor,1,Slow,2,2.0,3.0,1.0,127
1019,10,5,Poor,2,Slow,1,2.0,3.0,1.0,127
1020,10,6,Poor,0,Slow,0,2.0,3.0,1.0,129
1021,10,9,Poor,1,Slow,0,2.0,3.0,1.0,126
1022,10,10,Poor,2,Slow,2,2.0,3.0,1.0,126
1023,10,13,Poor,2,Slow,0,2.0,3.0,1.0,125
1024,10,14,Poor,0,Slow,1,2.0,3.0,1.0,128
1025,10,15,Poor,1,Slow,3,2.0,3.0,1.0,125
1026,10,16,Poor,2,Slow,1,2.0,3.0,1.0,124
1027,10,17,Poor,2,Slow,2,2.0,3.0,1.0,123
1028,10,19,Poor,1,Slow,3,2.0,3.0,1.0,124
1029,10,20,Poor,0,Slow,3,2.0,3.0,1.0,127
1030,10,21,Poor,1,Slow,0,2.0,3.0,1.0,123
1031,10,22,Poor,0,Slow,2,2.0,3.0,1.0,126
1032,10,23,Poor,0,Slow,0,2.0,3.0,1.0,125
1033,10,24,Poor,2,Slow,2,2.0,3.0,1.0,122
1034,10,27,Poor,1,Slow,0,2.0,3.0,1.0,122
1035,10,28,Poor,2,Slow,1,2.0,3.0,1.0,121
1036,10,29,Poor,0,Slow,0,2.0,3.0,1.0,124
1037,10,30,Poor,2,Slow,0,2.0,3.0,1.0,120
1038,10,32,Poor,0,Slow,0,2.0,3.0,1.0,123
1039,10,34,Poor,2,Slow,2,2.0,3.0,1.0,119
1040,10,35,Poor,1,Slow,0,2.0,3.0,1.0,121
1041,10,36,Poor,0,Slow,2,2.0,3.0,1.0,122
1042,10,37,Poor,1,Slow,1,2.0,3.0,1.0,120
1043,10,38,Poor,2,Slow,4,2.0,3.0,1.0,118
1044,10,39,Poor,2,Slow,3,2.0,3.0,1.0,117
1045,10,41,Poor,1,Slow,1,2.0,3.0,1.0,119
1046,10,42,Poor,1,Slow,4,2.0,3.0,1.0,118
1047,10,43,Poor,2,Slow,1,2.0,3.0,1.0,116
1048,10,45,Poor,0,Slow,2,2.0,3.0,1.0,121
1049,10,46,Poor,2,Slow,1,2.0,3.0,1.0,115
1050,10,47,Poor,1,Slow,1,2.0,3.0,1.0,117
1051,10,48,Poor,2,Slow,0,2.0,3.0,1.0,114
1052,10,49,Poor,0,Slow,2,2.0,3.0,1.0,120
1053,10,50,Poor,2,Slow,0,2.0,3.0,1.0,113
1054,10,51,Poor,0,Slow,1,2.0,3.0,1.0,119
1055,10,52,Poor,1,Slow,2,2.0,3.0,1.0,116
1056,10,53,Poor,1,Slow,2,2.0,3.0,1.0,115
1057,10,54,Poor,1,Slow,4,2.0,3.0,1.0,114
1058,10,55,Poor,2,Slow,0,2.0,3.0,1.0,112
1059,10,57,Poor,0,Slow,4,2.0,3.0,1.0,118
1060,10,58,Poor,2,Slow,1,2.0,3.0,1.0,111
1061,10,59,Poor,1,Slow,2,2.0,3.0,1.0,113
1062,10,60,Poor,2,Slow,0,2.0,3.0,1.0,110
1063,10,61,Poor,1,Slow,1,2.0,3.0,1.0,112
1064,10,62,Poor,0,Slow,4,2.0,3.0,1.0,117
1065,10,63,Poor,0,Slow,3,2.0,3.0,1.0,116
1066,10,64,Poor,0,Slow,0,2.0,3.0,1.0,115
1067,10,67,Poor,1,Slow,1,2.0,3.0,1.0,111
1068,10,68,Poor,1,Slow,2,2.0,3.0,1.0,110
1069,10,69,Poor,1,Slow,1,2.0,3.0,1.0,109
1070,10,70,Middle,4,Shigh,0,6.0,7.0,1.0,69
1071,10,71,Middle,1,Slow,1,2.0,7.0,5.0,108
1072,10,73,Middle,1,Slow,1,2.0,7.0,5.0,107
1073,10,74,Middle,0,Slow,2,2.0,7.0,5.0,114
1074,10,75,Middle,1,Slow,0,2.0,7.0,5.0,106
1075,10,75,Middle,2,Slow,2,2.0,5.0,3.0,109
1076,10,76,Middle,1,Slow,2,2.0,7.0,5.0,105
1077,10,77,Middle,4,Shigh,0,6.0,7.0,1.0,68
1078,10,78,Middle,1,Slow,4,2.0,7.0,5.0,104
1079,10,79,Middle,2,Slow,2,2.0,7.0,5.0,108
1080,10,79,Middle,1,Slow,3,2.0,5.0,3.0,103
1081,10,80,Middle,2,Slow,1,2.0,7.0,5.0,107
1082,10,80,Middle,0,Slow,2,2.0,5.0,3.0,113
1083,10,80,Middle,1,Slow,4,2.0,3.0,1.0,102
1084,10,81,Middle,3,Shigh,2,6.0,7.0,1.0,69
1085,10,83,Middle,4,Shigh,1,6.0,7.0,1.0,67
1086,10,84,Middle,1,Slow,4,2.0,7.0,5.0,101
1087,10,85,Middle,2,Slow,0,2.0,7.0,5.0,106
1088,10,86,Middle,4,Shigh,0,6.0,7.0,1.0,66
1089,10,87,Middle,4,Shigh,1,6.0,7.0,1.0,65
1090,10,88,Middle,1,Slow,0,2.0,7.0,5.0,100
1091,10,89,Middle,0,Slow,3,2.0,7.0,5.0,112
1092,10,90,Rich,2,Slow,0,2.0,10.0,8.0,105
1093,10,90,Rich,3,Shigh,3,6.0,8.0,2.0,68
1094,10,91,Rich,1,Slow,1,2.0,10.0,8.0,99
1095,10,92,Rich,3,Shigh,0,6.0,10.0,4.0,67
1096,10,92,Rich,1,Slow,2,2.0,4.0,2.0,98
1097,10,92,Rich,0,Slow,4,2.0,2.0,0.0,111
1098,10,93,Rich,0,Slow,0,2.0,10.0,8.0,110
1099,10,93,Rich,1,Slow,4,2.0,8.0,6.0,97
1100,10,94,Rich,1,Slow,0,2.0,10.0,8.0,96
1101,10,94,Rich,0,Slow,2,2.0,8.0,6.0,109
1102,10,95,Rich,2,Slow,0,2.0,10.0,8.0,104
1103,10,95,Rich,3,Shigh,1,6.0,8.0,2.0,66
1104,10,95,Rich,1,Slow,3,2.0,2.0,0.0,95
1105,10,96,Rich,3,Shigh,2,6.0,10.0,4.0,65
1106,10,97,Rich,1,Slow,0,2.0,10.0,8.0,94
1107,10,97,Rich,4,Shigh,1,6.0,8.0,2.0,64
1108,10,97,Rich,2,Slow,3,2.0,2.0,0.0,103
1109,10,98,Rich,4,Shigh,4,6.0,10.0,4.0,63
1110,10,99,Rich,2,Slow,3,2.0,10.0,8.0,102
1111,11,0,Poor,0,Slow,3,2.0,3.0,1.0,129
1112,11,1,Poor,2,Slow,0,2.0,3.0,1.0,129
1113,11,2,Poor,2,Slow,1,2.0,3.0,1.0,128
1114,11,3,Poor,1,Slow,0,2.0,3.0,1.0,129
1115,11,4,Poor,0,Slow,4,2.0,3.0,1.0,128
1116,11,5,Poor,2,Slow,3,2.0,3.0,1.0,127
1117,11,7,Poor,0,Slow,4,2.0,3.0,1.0,127
1118,11,9,Poor,0,Slow,3,2.0,3.0,1.0,126
1119,11,10,Poor,1,Slow,3,2.0,3.0,1.0,128
1120,11,11,Poor,2,Slow,1,2.0,3.0,1.0,126
1121,11,12,Poor,1,Slow,4,2.0,3.0,1.0,127
1122,11,14,Poor,0,Slow,1,2.0,3.0,1.0,125
1123,11,15,Poor,0,Slow,1,2.0,3.0,1.0,124
1124,11,16,Poor,2,Slow,1,2.0,3.0,1.0,125
1125,11,17,Poor,0,Slow,2,2.0,3.0,1.0,123
1126,11,18,Poor,0,Slow,3,2.0,3.0,1.0,122
1127,11,19,Poor,0,Slow,0,2.0,3.0,1.0,121
1128,11,21,Poor,0,Slow,4,2.0,3.0,1.0,120
1129,11,22,Poor,1,Slow,0,2.0,3.0,1.0,126
1130,11,25,Poor,2,Slow,4,2.0,3.0,1.0,124
1131,11,27,Poor,1,Slow,1,2.0,3.0,1.0,125
1132,11,28,Poor,2,Slow,2,2.0,3.0,1.0,123
1133,11,29,Poor,1,Slow,0,2.0,3.0,1.0,124
1134,11,30,Poor,2,Slow,1,2.0,3.0,1.0,122
1135,11,31,Poor,1,Slow,3,2.0,3.0,1.0,123
1136,11,32,Poor,0,Slow,0,2.0,3.0,1.0,119
1137,11,34,Poor,0,Slow,2,2.0,3.0,1.0,118
1138,11,35,Poor,2,Slow,0,2.0,3.0,1.0,121
1139,11,36,Poor,1,Slow,0,2.0,3.0,1.0,122
1140,11,37,Poor,0,Slow,0,2.0,3.0,1.0,117
1141,11,39,Poor,2,Slow,0,2.0,3.0,1.0,120
1142,11,40,Poor,2,Slow,2,2.0,3.0,1.0,119
1143,11,41,Poor,1,Slow,0,2.0,3.0,1.0,121
1144,11,42,Poor,2,Slow,4,2.0,3.0,1.0,118
1145,11,44,Poor,0,Slow,4,2.0,3.0,1.0,116
1146,11,45,Poor,0,Slow,0,2.0,3.0,1.0,115
1147,11,46,Poor,1,Slow,0,2.0,3.0,1.0,120
1148,11,47,Poor,1,Slow,2,2.0,3.0,1.0,119
1149,11,48,Poor,2,Slow,3,2.0,3.0,1.0,117
1150,11,49,Poor,1,Slow,1,2.0,3.0,1.0,118
1151,11,50,Poor,2,Slow,0,2.0,3.0,1.0,116
1152,11,52,Poor,1,Slow,0,2.0,3.0,1.0,117
1153,11,53,Poor,2,Slow,0,2.0,3.0,1.0,115
1154,11,54,Poor,2,Slow,0,2.0,3.0,1.0,114
1155,11,55,Poor,2,Slow,3,2.0,3.0,1.0,113
1156,11,56,Poor,2,Slow,2,2.0,3.0,1.0,112
1157,11,57,Poor,0,Slow,1,2.0,3.0,1.0,114
1158,11,58,Poor,0,Slow,0,2.0,3.0,1.0,113
1159,11,59,Poor,0,Slow,4,2.0,3.0,1.0,112
1160,11,60,Poor,1,Slow,2,2.0,3.0,1.0,116
1161,11,61,Poor,2,Slow,1,2.0,3.0,1.0,111
1162,11,62,Poor,2,Slow,3,2.0,3.0,1.0,110
1163,11,64,Poor,2,Slow,2,2.0,3.0,1.0,109
1164,11,65,Poor,1,Slow,2,2.0,3.0,1.0,115
1165,11,66,Poor,1,Slow,0,2.0,3.0,1.0,114
1166,11,67,Poor,0,Slow,1,2.0,3.0,1.0,111
1167,11,68,Poor,2,Slow,0,2.0,3.0,1.0,108
1168,11,70,Middle,2,Slow,0,2.0,7.0,5.0,107
1169,11,70,Middle,1,Slow,4,2.0,5.0,3.0,113
1170,11,71,Middle,1,Slow,0,2.0,7.0,5.0,112
1171,11,71,Middle,0,Slow,1,2.0,5.0,3.0,110
1172,11,72,Middle,1,Slow,3,2.0,7.0,5.0,111
1173,11,73,Middle,3,Shigh,1,6.0,7.0,1.0,69
1174,11,74,Middle,1,Slow,1,2.0,7.0,5.0,110
1175,11,75,Middle,4,Shigh,3,6.0,7.0,1.0,69
1176,11,76,Middle,0,Slow,0,2.0,7.0,5.0,109
1177,11,76,Middle,2,Slow,1,2.0,5.0,3.0,106
1178,11,76,Middle,1,Slow,2,2.0,3.0,1.0,109
1179,11,77,Middle,2,Slow,1,2.0,7.0,5.0,105
1180,11,77,Middle,1,Slow,3,2.0,5.0,3.0,108
1181,11,77,Middle,0,Slow,4,2.0,3.0,1.0,108
1182,11,78,Middle,4,Shigh,3,6.0,7.0,1.0,68
1183,11,79,Middle,4,Shigh,1,6.0,7.0,1.0,67
1184,11,80,Middle,1,Slow,0,2.0,7.0,5.0,107
1185,11,81,Middle,3,Shigh,1,6.0,7.0,1.0,68
1186,11,84,Middle,1,Slow,0,2.0,7.0,5.0,106
1187,11,84,Middle,2,Slow,2,2.0,5.0,3.0,104
1188,11,85,Middle,0,Slow,1,2.0,7.0,5.0,107
1189,11,85,Middle,1,Slow,2,2.0,5.0,3.0,105
1190,11,86,Middle,0,Slow,2,2.0,7.0,5.0,106
1191,11,87,Middle,4,Shigh,0,6.0,7.0,1.0,66
1192,11,88,Middle,2,Slow,2,2.0,7.0,5.0,103
1193,11,89,Middle,2,Slow,0,2.0,7.0,5.0,102
1194,11,89,Middle,0,Slow,4,2.0,5.0,3.0,105
1195,11,90,Rich,3,Shigh,0,6.0,10.0,4.0,67
1196,11,90,Rich,0,Slow,1,2.0,4.0,2.0,104
1197,11,91,Rich,3,Shigh,1,6.0,10.0,4.0,66
1198,11,91,Rich,0,Slow,4,2.0,4.0,2.0,103
1199,11,92,Rich,0,Slow,2,2.0,10.0,8.0,102
1200,11,92,Rich,1,Slow,4,2.0,8.0,6.0,104
1201,11,93,Rich,4,Shigh,0,6.0,10.0,4.0,65
1202,11,93,Rich,1,Slow,2,2.0,4.0,2.0,103
1203,11,93,Rich,2,Slow,3,2.0,2.0,0.0,101
1204,11,94,Rich,2,Slow,0,2.0,10.0,8.0,100
1205,11,94,Rich,4,Shigh,4,6.0,8.0,2.0,64
1206,11,95,Rich,1,Slow,4,2.0,10.0,8.0,102
1207,11,96,Rich,2,Slow,1,2.0,10.0,8.0,99
1208,11,96,Rich,0,Slow,2,2.0,8.0,6.0,101
1209,11,98,Rich,3,Shigh,3,6.0,10.0,4.0,65
1210,11,99,Rich,4,Shigh,1,6.0,10.0,4.0,63
1211,11,99,Rich,2,Slow,4,2.0,4.0,2.0,98
1212,12,0,Poor,1,Slow,0,2.0,3.0,1.0,129
1213,12,1,Poor,1,Slow,2,2.0,3.0,1.0,128
1214,12,2,Poor,1,Slow,2,2.0,3.0,1.0,127
1215,12,3,Poor,1,Slow,2,2.0,3.0,1.0,126
1216,12,4,Poor,2,Slow,2,2.0,3.0,1.0,129
1217,12,5,Poor,0,Slow,0,2.0,3.0,1.0,129
1218,12,6,Poor,2,Slow,4,2.0,3.0,1.0,128
1219,12,7,Poor,2,Slow,2,2.0,3.0,1.0,127
1220,12,10,Poor,1,Slow,1,2.0,3.0,1.0,125
1221,12,11,Poor,1,Slow,1,2.0,3.0,1.0,124
1222,12,12,Poor,1,Slow,3,2.0,3.0,1.0,123
1223,12,13,Poor,2,Slow,0,2.0,3.0,1.0,126
1224,12,14,Poor,0,Slow,1,2.0,3.0,1.0,128
1225,12,15,Poor,1,Slow,0,2.0,3.0,1.0,122
1226,12,16,Poor,2,Slow,2,2.0,3.0,1.0,125
1227,12,17,Poor,1,Slow,2,2.0,3.0,1.0,121
1228,12,18,Poor,1,Slow,1,2.0,3.0,1.0,120
1229,12,19,Poor,2,Slow,3,2.0,3.0,1.0,124
1230,12,20,Poor,0,Slow,4,2.0,3.0,1.0,127
1231,12,21,Poor,2,Slow,1,2.0,3.0,1.0,123
1232,12,22,Poor,1,Slow,2,2.0,3.0,1.0,119
1233,12,23,Poor,0,Slow,0,2.0,3.0,1.0,126
1234,12,24,Poor,1,Slow,4,2.0,3.0,1.0,118
1235,12,25,Poor,1,Slow,0,2.0,3.0,1.0,117
1236,12,27,Poor,2,Slow,2,2.0,3.0,1.0,122
1237,12,28,Poor,0,Slow,0,2.0,3.0,1.0,125
1238,12,29,Poor,0,Slow,2,2.0,3.0,1.0,124
1239,12,30,Poor,0,Slow,4,2.0,3.0,1.0,123
1240,12,31,Poor,2,Slow,1,2.0,3.0,1.0,121
1241,12,32,Poor,0,Slow,2,2.0,3.0,1.0,122
1242,12,33,Poor,2,Slow,2,2.0,3.0,1.0,120
1243,12,34,Poor,1,Slow,3,2.0,3.0,1.0,116
1244,12,37,Poor,2,Slow,0,2.0,3.0,1.0,119
1245,12,39,Poor,2,Slow,3,2.0,3.0,1.0,118
1246,12,41,Poor,2,Slow,2,2.0,3.0,1.0,117
1247,12,42,Poor,2,Slow,0,2.0,3.0,1.0,116
1248,12,43,Poor,0,Slow,2,2.0,3.0,1.0,121
1249,12,44,Poor,1,Slow,1,2.0,3.0,1.0,115
1250,12,45,Poor,2,Slow,0,2.0,3.0,1.0,115
1251,12,47,Poor,1,Slow,1,2.0,3.0,1.0,114
1252,12,48,Poor,2,Slow,1,2.0,3.0,1.0,114
1253,12,49,Poor,1,Slow,0,2.0,3.0,1.0,113
1254,12,51,Poor,2,Slow,3,2.0,3.0,1.0,113
1255,12,52,Poor,1,Slow,0,2.0,3.0,1.0,112
1256,12,53,Poor,2,Slow,0,2.0,3.0,1.0,112
1257,12,54,Poor,2,Slow,1,2.0,3.0,1.0,111
1258,12,55,Poor,1,Slow,3,2.0,3.0,1.0,111
1259,12,56,Poor,2,Slow,0,2.0,3.0,1.0,110
1260,12,58,Poor,1,Slow,3,2.0,3.0,1.0,110
1261,12,59,Poor,0,Slow,2,2.0,3.0,1.0,120
1262,12,60,Poor,0,Slow,3,2.0,3.0,1.0,119
1263,12,61,Poor,1,Slow,4,2.0,3.0,1.0,109
1264,12,62,Poor,1,Slow,0,2.0,3.0,1.0,108
1265,12,63,Poor,0,Slow,0,2.0,3.0,1.0,118
1266,12,64,Poor,1,Slow,0,2.0,3.0,1.0,107
1267,12,65,Poor,0,Slow,4,2.0,3.0,1.0,117
1268,12,66,Poor,0,Slow,1,2.0,3.0,1.0,116
1269,12,67,Poor,2,Slow,1,2.0,3.0,1.0,109
1270,12,68,Poor,2,Slow,3,2.0,3.0,1.0,108
1271,12,69,Poor,2,Slow,3,2.0,3.0,1.0,107
1272,12,71,Middle,3,Shigh,2,6.0,7.0,1.0,69
1273,12,72,Middle,0,Slow,0,2.0,7.0,5.0,115
1274,12,72,Middle,1,Slow,1,2.0,5.0,3.0,106
1275,12,72,Middle,2,Slow,2,2.0,3.0,1.0,106
1276,12,73,Middle,2,Slow,0,2.0,7.0,5.0,105
1277,12,73,Middle,0,Slow,4,2.0,5.0,3.0,114
1278,12,74,Middle,3,Shigh,3,6.0,7.0,1.0,68
1279,12,75,Middle,1,Slow,3,2.0,7.0,5.0,105
1280,12,76,Middle,1,Slow,2,2.0,7.0,5.0,104
1281,12,76,Middle,0,Slow,3,2.0,5.0,3.0,113
1282,12,76,Middle,2,Slow,4,2.0,3.0,1.0,104
1283,12,78,Middle,3,Shigh,2,6.0,7.0,1.0,67
1284,12,79,Middle,2,Slow,0,2.0,7.0,5.0,103
1285,12,79,Middle,1,Slow,4,2.0,5.0,3.0,103
1286,12,80,Middle,4,Shigh,0,6.0,7.0,1.0,69
1287,12,81,Middle,4,Shigh,2,6.0,7.0,1.0,68
1288,12,83,Middle,4,Shigh,3,6.0,7.0,1.0,67
1289,12,84,Middle,1,Slow,0,2.0,7.0,5.0,102
1290,12,85,Middle,1,Slow,1,2.0,7.0,5.0,101
1291,12,85,Middle,2,Slow,2,2.0,5.0,3.0,102
1292,12,86,Middle,2,Slow,0,2.0,7.0,5.0,101
1293,12,86,Middle,1,Slow,2,2.0,5.0,3.0,100
1294,12,86,Middle,0,Slow,3,2.0,3.0,1.0,112
1295,12,87,Middle,0,Slow,2,2.0,7.0,5.0,111
1296,12,88,Middle,4,Shigh,0,6.0,7.0,1.0,66
1297,12,91,Rich,0,Slow,0,2.0,10.0,8.0,110
1298,12,91,Rich,2,Slow,2,2.0,8.0,6.0,100
1299,12,92,Rich,0,Slow,1,2.0,10.0,8.0,109
1300,12,92,Rich,3,Shigh,2,6.0,8.0,2.0,66
1301,12,93,Rich,1,Slow,0,2.0,10.0,8.0,99
1302,12,93,Rich,4,Shigh,1,6.0,8.0,2.0,65
1303,12,93,Rich,0,Slow,3,2.0,2.0,0.0,108
1304,12,94,Rich,3,Shigh,1,6.0,10.0,4.0,65
1305,12,94,Rich,1,Slow,2,2.0,4.0,2.0,98
1306,12,94,Rich,2,Slow,4,2.0,2.0,0.0,99
1307,12,95,Rich,2,Slow,2,2.0,10.0,8.0,98
1308,12,95,Rich,3,Shigh,3,6.0,8.0,2.0,64
1309,12,95,Rich,1,Slow,4,2.0,2.0,0.0,97
1310,12,96,Rich,2,Slow,1,2.0,10.0,8.0,97
1311,12,97,Rich,1,Slow,0,2.0,10.0,8.0,96
1312,12,99,Rich,2,Slow,1,2.0,10.0,8.0,96
1313,12,99,Rich,0,Slow,3,2.0,8.0,6.0,107
1314,12,99,Rich,3,Shigh,4,6.0,6.0,0.0,63
1315,13,0,Poor,0,Slow,1,2.0,3.0,1.0,129
1316,13,1,Poor,1,Slow,1,2.0,3.0,1.0,129
1317,13,2,Poor,2,Slow,4,2.0,3.0,1.0,129
1318,13,3,Poor,0,Slow,1,2.0,3.0,1.0,128
1319,13,4,Poor,1,Slow,0,2.0,3.0,1.0,128
1320,13,5,Poor,0,Slow,2,2.0,3.0,1.0,127
1321,13,6,Poor,1,Slow,1,2.0,3.0,1.0,127
1322,13,7,Poor,2,Slow,4,2.0,3.0,1.0,128
1323,13,8,Poor,0,Slow,2,2.0,3.0,1.0,126
1324,13,9,Poor,1,Slow,2,2.0,3.0,1.0,126
1325,13,10,Poor,2,Slow,1,2.0,3.0,1.0,127
1326,13,12,Poor,2,Slow,1,2.0,3.0,1.0,126
1327,13,13,Poor,0,Slow,1,2.0,3.0,1.0,125
1328,13,14,Poor,2,Slow,2,2.0,3.0,1.0,125
1329,13,15,Poor,0,Slow,0,2.0,3.0,1.0,124
1330,13,17,Poor,2,Slow,2,2.0,3.0,1.0,124
1331,13,18,Poor,0,Slow,1,2.0,3.0,1.0,123
1332,13,19,Poor,1,Slow,1,2.0,3.0,1.0,125
1333,13,20,Poor,2,Slow,4,2.0,3.0,1.0,123
1334,13,21,Poor,1,Slow,1,2.0,3.0,1.0,124
1335,13,22,Poor,2,Slow,0,2.0,3.0,1.0,122
1336,13,23,Poor,1,Slow,0,2.0,3.0,1.0,123
1337,13,24,Poor,2,Slow,0,2.0,3.0,1.0,121
1338,13,25,Poor,0,Slow,2,2.0,3.0,1.0,122
1339,13,26,Poor,1,Slow,3,2.0,3.0,1.0,122
1340,13,27,Poor,0,Slow,0,2.0,3.0,1.0,121
1341,13,28,Poor,0,Slow,0,2.0,3.0,1.0,120
1342,13,30,Poor,0,Slow,3,2.0,3.0,1.0,119
1343,13,31,Poor,1,Slow,4,2.0,3.0,1.0,121
1344,13,32,Poor,2,Slow,0,2.0,3.0,1.0,120
1345,13,33,Poor,1,Slow,1,2.0,3.0,1.0,120
1346,13,34,Poor,0,Slow,0,2.0,3.0,1.0,118
1347,13,35,Poor,2,Slow,3,2.0,3.0,1.0,119
1348,13,36,Poor,1,Slow,4,2.0,3.0,1.0,119
1349,13,37,Poor,1,Slow,3,2.0,3.0,1.0,118
1350,13,39,Poor,1,Slow,0,2.0,3.0,1.0,117
1351,13,41,Poor,2,Slow,0,2.0,3.0,1.0,118
1352,13,42,Poor,2,Slow,1,2.0,3.0,1.0,117
1353,13,43,Poor,0,Slow,2,2.0,3.0,1.0,117
1354,13,44,Poor,1,Slow,0,2.0,3.0,1.0,116
1355,13,45,Poor,0,Slow,2,2.0,3.0,1.0,116
1356,13,46,Poor,0,Slow,0,2.0,3.0,1.0,115
1357,13,48,Poor,2,Slow,1,2.0,3.0,1.0,116
1358,13,49,Poor,1,Slow,0,2.0,3.0,1.0,115
1359,13,50,Poor,2,Slow,2,2.0,3.0,1.0,115
1360,13,51,Poor,2,Slow,3,2.0,3.0,1.0,114
1361,13,54,Poor,1,Slow,0,2.0,3.0,1.0,114
1362,13,55,Poor,0,Slow,0,2.0,3.0,1.0,114
1363,13,57,Poor,2,Slow,3,2.0,3.0,1.0,113
1364,13,58,Poor,2,Slow,4,2.0,3.0,1.0,112
1365,13,59,Poor,2,Slow,0,2.0,3.0,1.0,111
1366,13,60,Poor,1,Slow,0,2.0,3.0,1.0,113
1367,13,61,Poor,1,Slow,2,2.0,3.0,1.0,112
1368,13,62,Poor,2,Slow,1,2.0,3.0,1.0,110
1369,13,63,Poor,2,Slow,0,2.0,3.0,1.0,109
1370,13,64,Poor,0,Slow,3,2.0,3.0,1.0,113
1371,13,66,Poor,1,Slow,0,2.0,3.0,1.0,111
1372,13,67,Poor,2,Slow,0,2.0,3.0,1.0,108
1373,13,69,Poor,2,Slow,3,2.0,3.0,1.0,107
1374,13,70,Middle,1,Slow,3,2.0,7.0,5.0,110
1375,13,71,Middle,0,Slow,1,2.0,7.0,5.0,112
1376,13,71,Middle,2,Slow,3,2.0,5.0,3.0,106
1377,13,73,Middle,2,Slow,2,2.0,7.0,5.0,105
1378,13,75,Middle,1,Slow,1,2.0,7.0,5.0,109
1379,13,75,Middle,2,Slow,4,2.0,5.0,3.0,104
1380,13,77,Middle,1,Slow,0,2.0,7.0,5.0,108
1381,13,77,Middle,0,Slow,1,2.0,5.0,3.0,111
1382,13,78,Middle,0,Slow,0,2.0,7.0,5.0,110
1383,13,79,Middle,3,Shigh,2,6.0,7.0,1.0,69
1384,13,80,Middle,1,Slow,1,2.0,7.0,5.0,107
1385,13,82,Middle,3,Shigh,0,6.0,7.0,1.0,68
1386,13,83,Middle,4,Shigh,3,6.0,7.0,1.0,69
1387,13,85,Middle,0,Slow,0,2.0,7.0,5.0,109
1388,13,85,Middle,1,Slow,2,2.0,5.0,3.0,106
1389,13,87,Middle,2,Slow,0,2.0,7.0,5.0,103
1390,13,88,Middle,0,Slow,0,2.0,7.0,5.0,108
1391,13,89,Middle,3,Shigh,2,6.0,7.0,1.0,67
1392,13,90,Rich,0,Slow,2,2.0,10.0,8.0,107
1393,13,90,Rich,2,Slow,3,2.0,8.0,6.0,102
1394,13,91,Rich,1,Slow,0,2.0,10.0,8.0,105
1395,13,91,Rich,3,Shigh,1,6.0,8.0,2.0,66
1396,13,92,Rich,2,Slow,1,2.0,10.0,8.0,101
1397,13,92,Rich,1,Slow,2,2.0,8.0,6.0,104
1398,13,92,Rich,3,Shigh,3,6.0,6.0,0.0,65
1399,13,93,Rich,3,Shigh,1,6.0,10.0,4.0,64
1400,13,94,Rich,0,Slow,3,2.0,10.0,8.0,106
1401,13,95,Rich,2,Slow,0,2.0,10.0,8.0,100
1402,13,95,Rich,0,Slow,3,2.0,8.0,6.0,105
1403,13,96,Rich,2,Slow,1,2.0,10.0,8.0,99
1404,13,96,Rich,4,Shigh,3,6.0,8.0,2.0,68
1405,13,96,Rich,0,Slow,4,2.0,2.0,0.0,104
1406,13,97,Rich,4,Shigh,0,6.0,10.0,4.0,67
1407,13,97,Rich,1,Slow,3,2.0,4.0,2.0,103
1408,13,97,Rich,2,Slow,4,2.0,2.0,0.0,98
1409,13,98,Rich,3,Shigh,0,6.0,10.0,4.0,63
1410,13,98,Rich,1,Slow,3,2.0,4.0,2.0,102
1411,13,98,Rich,0,Slow,4,2.0,2.0,0.0,103
1412,13,99,Rich,0,Slow,3,2.0,10.0,8.0,102
1413,14,0,Poor,0,Slow,0,2.0,3.0,1.0,129
1414,14,1,Poor,2,Slow,2,2.0,3.0,1.0,129
1415,14,2,Poor,0,Slow,0,2.0,3.0,1.0,128
1416,14,3,Poor,0,Slow,2,2.0,3.0,1.0,127
1417,14,4,Poor,2,Slow,3,2.0,3.0,1.0,128
1418,14,5,Poor,2,Slow,0,2.0,3.0,1.0,127
1419,14,6,Poor,1,Slow,2,2.0,3.0,1.0,129
1420,14,7,Poor,2,Slow,2,2.0,3.0,1.0,126
1421,14,8,Poor,0,Slow,3,2.0,3.0,1.0,126
1422,14,9,Poor,1,Slow,0,2.0,3.0,1.0,128
1423,14,10,Poor,1,Slow,3,2.0,3.0,1.0,127
1424,14,11,Poor,0,Slow,4,2.0,3.0,1.0,125
1425,14,12,Poor,2,Slow,1,2.0,3.0,1.0,125
1426,14,13,Poor,2,Slow,0,2.0,3.0,1.0,124
1427,14,14,Poor,1,Slow,1,2.0,3.0,1.0,126
1428,14,16,Poor,1,Slow,0,2.0,3.0,1.0,125
1429,14,17,Poor,1,Slow,0,2.0,3.0,1.0,124
1430,14,18,Poor,2,Slow,0,2.0,3.0,1.0,123
1431,14,19,Poor,1,Slow,3,2.0,3.0,1.0,123
1432,14,20,Poor,1,Slow,0,2.0,3.0,1.0,122
1433,14,22,Poor,2,Slow,3,2.0,3.0,1.0,122
1434,14,23,Poor,0,Slow,0,2.0,3.0,1.0,124
1435,14,24,Poor,1,Slow,1,2.0,3.0,1.0,121
1436,14,25,Poor,0,Slow,2,2.0,3.0,1.0,123
1437,14,26,Poor,2,Slow,0,2.0,3.0,1.0,121
1438,14,27,Poor,0,Slow,4,2.0,3.0,1.0,122
1439,14,28,Poor,2,Slow,1,2.0,3.0,1.0,120
1440,14,29,Poor,1,Slow,2,2.0,3.0,1.0,120
1441,14,31,Poor,1,Slow,3,2.0,3.0,1.0,119
1442,14,32,Poor,2,Slow,2,2.0,3.0,1.0,119
1443,14,33,Poor,1,Slow,2,2.0,3.0,1.0,118
1444,14,34,Poor,1,Slow,1,2.0,3.0,1.0,117
1445,14,36,Poor,2,Slow,4,2.0,3.0,1.0,118
1446,14,37,Poor,2,Slow,2,2.0,3.0,1.0,117
1447,14,39,Poor,1,Slow,0,2.0,3.0,1.0,116
1448,14,40,Poor,0,Slow,1,2.0,3.0,1.0,121
1449,14,42,Poor,1,Slow,1,2.0,3.0,1.0,115
1450,14,43,Poor,1,Slow,4,2.0,3.0,1.0,114
1451,14,44,Poor,1,Slow,0,2.0,3.0,1.0,113
1452,14,46,Poor,0,Slow,3,2.0,3.0,1.0,120
1453,14,47,Poor,0,Slow,0,2.0,3.0,1.0,119
1454,14,48,Poor,2,Slow,0,2.0,3.0,1.0,116
1455,14,49,Poor,2,Slow,4,2.0,3.0,1.0,115
1456,14,50,Poor,2,Slow,1,2.0,3.0,1.0,114
1457,14,51,Poor,1,Slow,0,2.0,3.0,1.0,112
1458,14,52,Poor,0,Slow,0,2.0,3.0,1.0,118
1459,14,54,Poor,1,Slow,1,2.0,3.0,1.0,111
1460,14,56,Poor,0,Slow,1,2.0,3.0,1.0,117
1461,14,58,Poor,0,Slow,2,2.0,3.0,1.0,116
1462,14,59,Poor,2,Slow,1,2.0,3.0,1.0,113
1463,14,60,Poor,0,Slow,1,2.0,3.0,1.0,115
1464,14,61,Poor,1,Slow,1,2.0,3.0,1.0,110
1465,14,64,Poor,2,Slow,3,2.0,3.0,1.0,112
1466,14,65,Poor,1,Slow,3,2.0,3.0,1.0,109
1467,14,66,Poor,1,Slow,1,2.0,3.0,1.0,108
1468,14,67,Poor,1,Slow,0,2.0,3.0,1.0,107
1469,14,68,Poor,2,Slow,3,2.0,3.0,1.0,111
1470,14,70,Middle,0,Slow,0,2.0,7.0,5.0,114
1471,14,70,Middle,1,Slow,1,2.0,5.0,3.0,106
1472,14,71,Middle,0,Slow,0,2.0,7.0,5.0,113
1473,14,71,Middle,2,Slow,1,2.0,5.0,3.0,110
1474,14,71,Middle,1,Slow,2,2.0,3.0,1.0,105
1475,14,72,Middle,0,Slow,0,2.0,7.0,5.0,112
1476,14,72,Middle,1,Slow,4,2.0,5.0,3.0,104
1477,14,73,Middle,2,Slow,0,2.0,7.0,5.0,109
1478,14,73,Middle,1,Slow,1,2.0,5.0,3.0,103
1479,14,74,Middle,4,Shigh,0,6.0,7.0,1.0,69
1480,14,75,Middle,4,Shigh,0,6.0,7.0,1.0,68
1481,14,76,Middle,3,Shigh,0,6.0,7.0,1.0,69
1482,14,77,Middle,1,Slow,2,2.0,7.0,5.0,102
1483,14,77,Middle,0,Slow,4,2.0,5.0,3.0,111
1484,14,78,Middle,4,Shigh,0,6.0,7.0,1.0,67
1485,14,79,Middle,0,Slow,2,2.0,7.0,5.0,110
1486,14,79,Middle,2,Slow,4,2.0,5.0,3.0,108
1487,14,80,Middle,4,Shigh,2,6.0,7.0,1.0,66
1488,14,81,Middle,4,Shigh,2,6.0,7.0,1.0,65
1489,14,82,Middle,4,Shigh,0,6.0,7.0,1.0,64
1490,14,83,Middle,1,Slow,0,2.0,7.0,5.0,101
1491,14,84,Middle,0,Slow,0,2.0,7.0,5.0,109
1492,14,84,Middle,1,Slow,2,2.0,5.0,3.0,100
1493,14,85,Middle,0,Slow,0,2.0,7.0,5.0,108
1494,14,85,Middle,2,Slow,4,2.0,5.0,3.0,107
1495,14,86,Middle,0,Slow,3,2.0,7.0,5.0,107
1496,14,88,Middle,2,Slow,0,2.0,7.0,5.0,106
1497,14,88,Middle,0,Slow,3,2.0,5.0,3.0,106
1498,14,89,Middle,0,Slow,0,2.0,7.0,5.0,105
1499,14,89,Middle,2,Slow,3,2.0,5.0,3.0,105
1500,14,89,Middle,1,Slow,4,2.0,3.0,1.0,99
1501,14,90,Rich,2,Slow,0,2.0,10.0,8.0,104
1502,14,90,Rich,3,Shigh,3,6.0,8.0,2.0,68
1503,14,90,Rich,0,Slow,4,2.0,2.0,0.0,104
1504,14,91,Rich,4,Shigh,2,6.0,10.0,4.0,63
1505,14,91,Rich,1,Slow,3,2.0,4.0,2.0,98
1506,14,91,Rich,0,Slow,4,2.0,2.0,0.0,103
1507,14,93,Rich,4,Shigh,0,6.0,10.0,4.0,62
1508,14,93,Rich,2,Slow,4,2.0,4.0,2.0,103
1509,14,94,Rich,3,Shigh,0,6.0,10.0,4.0,67
1510,14,94,Rich,0,Slow,1,2.0,4.0,2.0,102
1511,14,95,Rich,4,Shigh,1,6.0,10.0,4.0,61
1512,14,96,Rich,2,Slow,0,2.0,10.0,8.0,102
1513,14,96,Rich,1,Slow,1,2.0,8.0,6.0,97
1514,14,97,Rich,2,Slow,0,2.0,10.0,8.0,101
1515,14,98,Rich,2,Slow,0,2.0,10.0,8.0,100
1516,14,98,Rich,1,Slow,3,2.0,8.0,6.0,96
1517,14,99,Rich,4,Shigh,0,6.0,10.0,4.0,60
1518,15,0,Poor,2,Slow,0,2.0,3.0,1.0,129
1519,15,2,Poor,0,Slow,1,2.0,3.0,1.0,129
1520,15,3,Poor,0,Slow,4,2.0,3.0,1.0,128
1521,15,6,Poor,1,Slow,3,2.0,3.0,1.0,129
1522,15,7,Poor,2,Slow,1,2.0,3.0,1.0,128
1523,15,8,Poor,2,Slow,0,2.0,3.0,1.0,127
1524,15,9,Poor,1,Slow,3,2.0,3.0,1.0,128
1525,15,10,Poor,2,Slow,1,2.0,3.0,1.0,126
1526,15,11,Poor,1,Slow,0,2.0,3.0,1.0,127
1527,15,12,Poor,1,Slow,4,2.0,3.0,1.0,126
1528,15,14,Poor,1,Slow,0,2.0,3.0,1.0,125
1529,15,16,Poor,2,Slow,2,2.0,3.0,1.0,125
1530,15,17,Poor,1,Slow,1,2.0,3.0,1.0,124
1531,15,18,Poor,1,Slow,1,2.0,3.0,1.0,123
1532,15,19,Poor,1,Slow,0,2.0,3.0,1.0,122
1533,15,20,Poor,0,Slow,4,2.0,3.0,1.0,127
1534,15,21,Poor,1,Slow,2,2.0,3.0,1.0,121
1535,15,22,Poor,2,Slow,0,2.0,3.0,1.0,124
1536,15,24,Poor,0,Slow,0,2.0,3.0,1.0,126
1537,15,26,Poor,2,Slow,2,2.0,3.0,1.0,123
1538,15,27,Poor,1,Slow,3,2.0,3.0,1.0,120
1539,15,28,Poor,0,Slow,1,2.0,3.0,1.0,125
1540,15,29,Poor,0,Slow,0,2.0,3.0,1.0,124
1541,15,30,Poor,1,Slow,0,2.0,3.0,1.0,119
1542,15,31,Poor,0,Slow,0,2.0,3.0,1.0,123
1543,15,32,Poor,2,Slow,1,2.0,3.0,1.0,122
1544,15,33,Poor,1,Slow,1,2.0,3.0,1.0,118
1545,15,35,Poor,2,Slow,0,2.0,3.0,1.0,121
1546,15,36,Poor,1,Slow,3,2.0,3.0,1.0,117
1547,15,37,Poor,1,Slow,2,2.0,3.0,1.0,116
1548,15,39,Poor,1,Slow,0,2.0,3.0,1.0,115
1549,15,40,Poor,0,Slow,1,2.0,3.0,1.0,122
1550,15,41,Poor,0,Slow,0,2.0,3.0,1.0,121
1551,15,42,Poor,2,Slow,0,2.0,3.0,1.0,120
1552,15,44,Poor,1,Slow,4,2.0,3.0,1.0,114
1553,15,45,Poor,2,Slow,0,2.0,3.0,1.0,119
1554,15,46,Poor,1,Slow,0,2.0,3.0,1.0,113
1555,15,47,Poor,0,Slow,2,2.0,3.0,1.0,120
1556,15,49,Poor,2,Slow,0,2.0,3.0,1.0,118
1557,15,50,Poor,0,Slow,1,2.0,3.0,1.0,119
1558,15,51,Poor,2,Slow,1,2.0,3.0,1.0,117
1559,15,53,Poor,2,Slow,1,2.0,3.0,1.0,116
1560,15,55,Poor,0,Slow,4,2.0,3.0,1.0,118
1561,15,56,Poor,0,Slow,2,2.0,3.0,1.0,117
1562,15,57,Poor,2,Slow,0,2.0,3.0,1.0,115
1563,15,58,Poor,0,Slow,3,2.0,3.0,1.0,116
1564,15,60,Poor,1,Slow,3,2.0,3.0,1.0,112
1565,15,61,Poor,2,Slow,0,2.0,3.0,1.0,114
1566,15,62,Poor,2,Slow,2,2.0,3.0,1.0,113
1567,15,63,Poor,0,Slow,1,2.0,3.0,1.0,115
1568,15,65,Poor,0,Slow,4,2.0,3.0,1.0,114
1569,15,66,Poor,2,Slow,0,2.0,3.0,1.0,112
1570,15,68,Poor,2,Slow,1,2.0,3.0,1.0,111
1571,15,70,Middle,0,Slow,0,2.0,7.0,5.0,113
1572,15,70,Middle,2,Slow,2,2.0,5.0,3.0,110
1573,15,71,Middle,1,Slow,0,2.0,7.0,5.0,111
1574,15,71,Middle,2,Slow,1,2.0,5.0,3.0,109
1575,15,72,Middle,2,Slow,1,2.0,7.0,5.0,108
1576,15,73,Middle,0,Slow,0,2.0,7.0,5.0,112
1577,15,74,Middle,1,Slow,2,2.0,7.0,5.0,110
1578,15,75,Middle,0,Slow,0,2.0,7.0,5.0,111
1579,15,76,Middle,2,Slow,0,2.0,7.0,5.0,107
1580,15,76,Middle,1,Slow,3,2.0,5.0,3.0,109
1581,15,77,Middle,0,Slow,1,2.0,7.0,5.0,110
1582,15,78,Middle,1,Slow,0,2.0,7.0,5.0,108
1583,15,78,Middle,0,Slow,3,2.0,5.0,3.0,109
1584,15,78,Middle,2,Slow,4,2.0,3.0,1.0,106
1585,15,79,Middle,0,Slow,4,2.0,7.0,5.0,108
1586,15,80,Middle,0,Slow,0,2.0,7.0,5.0,107
1587,15,80,Middle,1,Slow,2,2.0,5.0,3.0,107
1588,15,81,Middle,0,Slow,0,2.0,7.0,5.0,106
1589,15,81,Middle,1,Slow,3,2.0,5.0,3.0,106
1590,15,82,Middle,1,Slow,4,2.0,7.0,5.0,105
1591,15,83,Middle,4,Shigh,3,6.0,7.0,1.0,69
1592,15,84,Middle,0,Slow,1,2.0,7.0,5.0,105
1593,15,84,Middle,2,Slow,3,2.0,5.0,3.0,105
1594,15,85,Middle,2,Slow,2,2.0,7.0,5.0,104
1595,15,86,Middle,3,Shigh,0,6.0,7.0,1.0,69
1596,15,87,Middle,1,Slow,4,2.0,7.0,5.0,104
1597,15,88,Middle,3,Shigh,2,6.0,7.0,1.0,68
1598,15,89,Middle,3,Shigh,0,6.0,7.0,1.0,67
1599,15,90,Rich,2,Slow,0,2.0,10.0,8.0,103
1600,15,90,Rich,0,Slow,2,2.0,8.0,6.0,104
1601,15,90,Rich,3,Shigh,4,6.0,6.0,0.0,66
1602,15,91,Rich,2,Slow,0,2.0,10.0,8.0,102
1603,15,92,Rich,1,Slow,2,2.0,10.0,8.0,103
1604,15,92,Rich,3,Shigh,3,6.0,8.0,2.0,65
1605,15,93,Rich,0,Slow,0,2.0,10.0,8.0,103
1606,15,93,Rich,2,Slow,4,2.0,8.0,6.0,101
1607,15,94,Rich,3,Shigh,0,6.0,10.0,4.0,64
1608,15,94,Rich,2,Slow,2,2.0,4.0,2.0,100
1609,15,94,Rich,0,Slow,4,2.0,2.0,0.0,102
1610,15,95,Rich,4,Shigh,3,6.0,10.0,4.0,68
1611,15,96,Rich,2,Slow,1,2.0,10.0,8.0,99
1612,15,96,Rich,1,Slow,4,2.0,8.0,6.0,102
1613,15,97,Rich,2,Slow,1,2.0,10.0,8.0,98
1614,15,97,Rich,1,Slow,4,2.0,8.0,6.0,101
1615,15,98,Rich,2,Slow,2,2.0,10.0,8.0,97
1616,15,98,Rich,1,Slow,3,2.0,8.0,6.0,100
1617,15,99,Rich,3,Shigh,0,6.0,10.0,4.0,63
1618,16,0,Poor,0,Slow,1,2.0,3.0,1.0,129
1619,16,3,Poor,0,Slow,0,2.0,3.0,1.0,128
1620,16,6,Poor,2,Slow,1,2.0,3.0,1.0,129
1621,16,7,Poor,1,Slow,2,2.0,3.0,1.0,129
1622,16,8,Poor,2,Slow,0,2.0,3.0,1.0,128
1623,16,9,Poor,0,Slow,1,2.0,3.0,1.0,127
1624,16,10,Poor,1,Slow,0,2.0,3.0,1.0,128
1625,16,11,Poor,2,Slow,1,2.0,3.0,1.0,127
1626,16,13,Poor,0,Slow,0,2.0,3.0,1.0,126
1627,16,14,Poor,2,Slow,1,2.0,3.0,1.0,126
1628,16,15,Poor,1,Slow,2,2.0,3.0,1.0,127
1629,16,17,Poor,2,Slow,0,2.0,3.0,1.0,125
1630,16,18,Poor,1,Slow,3,2.0,3.0,1.0,126
1631,16,19,Poor,0,Slow,0,2.0,3.0,1.0,125
1632,16,20,Poor,1,Slow,0,2.0,3.0,1.0,125
1633,16,21,Poor,2,Slow,3,2.0,3.0,1.0,124
1634,16,22,Poor,1,Slow,0,2.0,3.0,1.0,124
1635,16,23,Poor,1,Slow,3,2.0,3.0,1.0,123
1636,16,24,Poor,2,Slow,1,2.0,3.0,1.0,123
1637,16,25,Poor,2,Slow,1,2.0,3.0,1.0,122
1638,16,26,Poor,0,Slow,1,2.0,3.0,1.0,124
1639,16,29,Poor,1,Slow,4,2.0,3.0,1.0,122
1640,16,30,Poor,2,Slow,1,2.0,3.0,1.0,121
1641,16,31,Poor,2,Slow,2,2.0,3.0,1.0,120
1642,16,35,Poor,2,Slow,1,2.0,3.0,1.0,119
1643,16,37,Poor,2,Slow,0,2.0,3.0,1.0,118
1644,16,38,Poor,2,Slow,0,2.0,3.0,1.0,117
1645,16,39,Poor,2,Slow,3,2.0,3.0,1.0,116
1646,16,40,Poor,1,Slow,1,2.0,3.0,1.0,121
1647,16,41,Poor,0,Slow,2,2.0,3.0,1.0,123
1648,16,42,Poor,0,Slow,1,2.0,3.0,1.0,122
1649,16,44,Poor,1,Slow,1,2.0,3.0,1.0,120
1650,16,45,Poor,0,Slow,0,2.0,3.0,1.0,121
1651,16,46,Poor,1,Slow,0,2.0,3.0,1.0,119
1652,16,47,Poor,2,Slow,1,2.0,3.0,1.0,115
1653,16,48,Poor,2,Slow,0,2.0,3.0,1.0,114
1654,16,49,Poor,0,Slow,0,2.0,3.0,1.0,120
1655,16,50,Poor,0,Slow,1,2.0,3.0,1.0,119
1656,16,51,Poor,0,Slow,0,2.0,3.0,1.0,118
1657,16,53,Poor,1,Slow,4,2.0,3.0,1.0,118
1658,16,54,Poor,2,Slow,3,2.0,3.0,1.0,113
1659,16,55,Poor,2,Slow,0,2.0,3.0,1.0,112
1660,16,56,Poor,1,Slow,0,2.0,3.0,1.0,117
1661,16,57,Poor,2,Slow,0,2.0,3.0,1.0,111
1662,16,58,Poor,1,Slow,1,2.0,3.0,1.0,116
1663,16,59,Poor,1,Slow,1,2.0,3.0,1.0,115
1664,16,60,Poor,0,Slow,0,2.0,3.0,1.0,117
1665,16,63,Poor,1,Slow,2,2.0,3.0,1.0,114
1666,16,65,Poor,2,Slow,0,2.0,3.0,1.0,110
1667,16,66,Poor,0,Slow,3,2.0,3.0,1.0,116
1668,16,68,Poor,2,Slow,0,2.0,3.0,1.0,109
1669,16,69,Poor,2,Slow,0,2.0,3.0,1.0,108
1670,16,70,Middle,1,Slow,0,2.0,7.0,5.0,113
1671,16,70,Middle,0,Slow,2,2.0,5.0,3.0,115
1672,16,71,Middle,0,Slow,1,2.0,7.0,5.0,114
1673,16,71,Middle,1,Slow,2,2.0,5.0,3.0,112
1674,16,72,Middle,2,Slow,3,2.0,7.0,5.0,107
1675,16,73,Middle,3,Shigh,0,6.0,7.0,1.0,69
1676,16,75,Middle,3,Shigh,3,6.0,7.0,1.0,68
1677,16,76,Middle,4,Shigh,1,6.0,7.0,1.0,69
1678,16,77,Middle,2,Slow,1,2.0,7.0,5.0,106
1679,16,77,Middle,1,Slow,4,2.0,5.0,3.0,111
1680,16,78,Middle,3,Shigh,1,6.0,7.0,1.0,67
1681,16,79,Middle,0,Slow,0,2.0,7.0,5.0,113
1682,16,79,Middle,1,Slow,1,2.0,5.0,3.0,110
1683,16,79,Middle,2,Slow,4,2.0,3.0,1.0,105
1684,16,80,Middle,0,Slow,0,2.0,7.0,5.0,112
1685,16,80,Middle,2,Slow,1,2.0,5.0,3.0,104
1686,16,81,Middle,4,Shigh,0,6.0,7.0,1.0,68
1687,16,82,Middle,4,Shigh,3,6.0,7.0,1.0,67
1688,16,83,Middle,2,Slow,3,2.0,7.0,5.0,103
1689,16,83,Middle,1,Slow,4,2.0,5.0,3.0,109
1690,16,84,Middle,1,Slow,3,2.0,7.0,5.0,108
1691,16,85,Middle,0,Slow,0,2.0,7.0,5.0,111
1692,16,85,Middle,2,Slow,3,2.0,5.0,3.0,102
1693,16,86,Middle,4,Shigh,1,6.0,7.0,1.0,66
1694,16,87,Middle,4,Shigh,0,6.0,7.0,1.0,65
1695,16,89,Middle,4,Shigh,2,6.0,7.0,1.0,64
1696,16,90,Rich,1,Slow,2,2.0,10.0,8.0,107
1697,16,90,Rich,2,Slow,3,2.0,8.0,6.0,101
1698,16,90,Rich,0,Slow,4,2.0,6.0,4.0,110
1699,16,91,Rich,1,Slow,0,2.0,10.0,8.0,106
1700,16,91,Rich,4,Shigh,4,6.0,8.0,2.0,63
1701,16,92,Rich,0,Slow,3,2.0,10.0,8.0,109
1702,16,92,Rich,2,Slow,4,2.0,8.0,6.0,100
1703,16,93,Rich,0,Slow,0,2.0,10.0,8.0,108
1704,16,93,Rich,2,Slow,3,2.0,8.0,6.0,99
1705,16,94,Rich,2,Slow,2,2.0,10.0,8.0,98
1706,16,94,Rich,1,Slow,4,2.0,8.0,6.0,105
1707,16,95,Rich,0,Slow,1,2.0,10.0,8.0,107
1708,16,95,Rich,4,Shigh,2,6.0,8.0,2.0,62
1709,16,96,Rich,0,Slow,3,2.0,10.0,8.0,106
1710,16,97,Rich,3,Shigh,0,6.0,10.0,4.0,66
1711,16,97,Rich,2,Slow,1,2.0,4.0,2.0,97
1712,16,97,Rich,1,Slow,2,2.0,2.0,0.0,104
1713,16,98,Rich,4,Shigh,1,6.0,10.0,4.0,61
1714,16,98,Rich,0,Slow,4,2.0,4.0,2.0,105
1715,16,99,Rich,4,Shigh,0,6.0,10.0,4.0,60
1716,16,99,Rich,1,Slow,2,2.0,4.0,2.0,103
1717,17,0,Poor,1,Slow,1,2.0,3.0,1.0,129
1718,17,1,Poor,1,Slow,4,2.0,3.0,1.0,128
1719,17,2,Poor,1,Slow,3,2.0,3.0,1.0,127
1720,17,4,Poor,2,Slow,1,2.0,3.0,1.0,129
1721,17,6,Poor,1,Slow,1,2.0,3.0,1.0,126
1722,17,7,Poor,0,Slow,0,2.0,3.0,1.0,129
1723,17,8,Poor,1,Slow,0,2.0,3.0,1.0,125
1724,17,9,Poor,2,Slow,2,2.0,3.0,1.0,128
1725,17,10,Poor,0,Slow,3,2.0,3.0,1.0,128
1726,17,12,Poor,1,Slow,1,2.0,3.0,1.0,124
1727,17,13,Poor,2,Slow,1,2.0,3.0,1.0,127
1728,17,14,Poor,0,Slow,2,2.0,3.0,1.0,127
1729,17,15,Poor,2,Slow,1,2.0,3.0,1.0,126
1730,17,16,Poor,1,Slow,3,2.0,3.0,1.0,123
1731,17,17,Poor,2,Slow,4,2.0,3.0,1.0,125
1732,17,18,Poor,2,Slow,0,2.0,3.0,1.0,124
1733,17,19,Poor,0,Slow,3,2.0,3.0,1.0,126
1734,17,20,Poor,0,Slow,0,2.0,3.0,1.0,125
1735,17,21,Poor,2,Slow,0,2.0,3.0,1.0,123
1736,17,24,Poor,1,Slow,4,2.0,3.0,1.0,122
1737,17,26,Poor,0,Slow,0,2.0,3.0,1.0,124
1738,17,27,Poor,2,Slow,3,2.0,3.0,1.0,122
1739,17,28,Poor,2,Slow,4,2.0,3.0,1.0,121
1740,17,29,Poor,2,Slow,0,2.0,3.0,1.0,120
1741,17,30,Poor,2,Slow,0,2.0,3.0,1.0,119
1742,17,31,Poor,1,Slow,1,2.0,3.0,1.0,121
1743,17,32,Poor,1,Slow,1,2.0,3.0,1.0,120
1744,17,33,Poor,1,Slow,1,2.0,3.0,1.0,119
1745,17,34,Poor,1,Slow,3,2.0,3.0,1.0,118
1746,17,35,Poor,1,Slow,1,2.0,3.0,1.0,117
1747,17,36,Poor,2,Slow,2,2.0,3.0,1.0,118
1748,17,37,Poor,1,Slow,2,2.0,3.0,1.0,116
1749,17,39,Poor,1,Slow,2,2.0,3.0,1.0,115
1750,17,40,Poor,2,Slow,3,2.0,3.0,1.0,117
1751,17,41,Poor,1,Slow,0,2.0,3.0,1.0,114
1752,17,42,Poor,1,Slow,2,2.0,3.0,1.0,113
1753,17,43,Poor,0,Slow,3,2.0,3.0,1.0,123
1754,17,44,Poor,2,Slow,1,2.0,3.0,1.0,116
1755,17,45,Poor,1,Slow,2,2.0,3.0,1.0,112
1756,17,46,Poor,1,Slow,0,2.0,3.0,1.0,111
1757,17,47,Poor,0,Slow,4,2.0,3.0,1.0,122
1758,17,49,Poor,1,Slow,1,2.0,3.0,1.0,110
1759,17,50,Poor,0,Slow,0,2.0,3.0,1.0,121
1760,17,51,Poor,2,Slow,0,2.0,3.0,1.0,115
1761,17,52,Poor,1,Slow,0,2.0,3.0,1.0,109
1762,17,53,Poor,2,Slow,3,2.0,3.0,1.0,114
1763,17,54,Poor,2,Slow,2,2.0,3.0,1.0,113
1764,17,55,Poor,0,Slow,3,2.0,3.0,1.0,120
1765,17,56,Poor,0,Slow,1,2.0,3.0,1.0,119
1766,17,57,Poor,2,Slow,0,2.0,3.0,1.0,112
1767,17,60,Poor,1,Slow,0,2.0,3.0,1.0,108
1768,17,61,Poor,1,Slow,0,2.0,3.0,1.0,107
1769,17,62,Poor,1,Slow,0,2.0,3.0,1.0,106
1770,17,63,Poor,1,Slow,1,2.0,3.0,1.0,105
1771,17,66,Poor,1,Slow,0,2.0,3.0,1.0,104
1772,17,67,Poor,1,Slow,2,2.0,3.0,1.0,103
1773,17,68,Poor,2,Slow,3,2.0,3.0,1.0,111
1774,17,69,Poor,0,Slow,3,2.0,3.0,1.0,118
1775,17,70,Middle,1,Slow,1,2.0,7.0,5.0,102
1776,17,70,Middle,0,Slow,3,2.0,5.0,3.0,117
1777,17,71,Middle,3,Shigh,0,6.0,7.0,1.0,69
1778,17,72,Middle,1,Slow,0,2.0,7.0,5.0,101
1779,17,72,Middle,2,Slow,3,2.0,5.0,3.0,110
1780,17,74,Middle,1,Slow,2,2.0,7.0,5.0,100
1781,17,75,Middle,2,Slow,0,2.0,7.0,5.0,109
1782,17,76,Middle,0,Slow,0,2.0,7.0,5.0,116
1783,17,77,Middle,0,Slow,2,2.0,7.0,5.0,115
1784,17,77,Middle,1,Slow,4,2.0,5.0,3.0,99
1785,17,78,Middle,4,Shigh,0,6.0,7.0,1.0,69
1786,17,79,Middle,3,Shigh,1,6.0,7.0,1.0,68
1787,17,80,Middle,4,Shigh,0,6.0,7.0,1.0,68
1788,17,81,Middle,3,Shigh,3,6.0,7.0,1.0,67
1789,17,82,Middle,4,Shigh,0,6.0,7.0,1.0,67
1790,17,83,Middle,1,Slow,3,2.0,7.0,5.0,98
1791,17,83,Middle,2,Slow,4,2.0,5.0,3.0,108
1792,17,84,Middle,4,Shigh,1,6.0,7.0,1.0,66
1793,17,85,Middle,1,Slow,1,2.0,7.0,5.0,97
1794,17,86,Middle,0,Slow,4,2.0,7.0,5.0,114
1795,17,87,Middle,1,Slow,0,2.0,7.0,5.0,96
1796,17,88,Middle,2,Slow,0,2.0,7.0,5.0,107
1797,17,88,Middle,1,Slow,3,2.0,5.0,3.0,95
1798,17,89,Middle,0,Slow,2,2.0,7.0,5.0,113
1799,17,89,Middle,2,Slow,3,2.0,5.0,3.0,106
1800,17,90,Rich,0,Slow,0,2.0,10.0,8.0,112
1801,17,90,Rich,3,Shigh,1,6.0,8.0,2.0,66
1802,17,90,Rich,2,Slow,3,2.0,2.0,0.0,105
1803,17,91,Rich,4,Shigh,0,6.0,10.0,4.0,65
1804,17,91,Rich,0,Slow,1,2.0,4.0,2.0,111
1805,17,92,Rich,3,Shigh,1,6.0,10.0,4.0,65
1806,17,93,Rich,0,Slow,1,2.0,10.0,8.0,110
1807,17,93,Rich,1,Slow,2,2.0,8.0,6.0,94
1808,17,94,Rich,2,Slow,1,2.0,10.0,8.0,104
1809,17,94,Rich,3,Shigh,3,6.0,8.0,2.0,64
1810,17,95,Rich,2,Slow,0,2.0,10.0,8.0,103
1811,17,95,Rich,0,Slow,1,2.0,8.0,6.0,109
1812,17,95,Rich,3,Shigh,2,6.0,6.0,0.0,63
1813,17,96,Rich,2,Slow,0,2.0,10.0,8.0,102
1814,17,96,Rich,3,Shigh,1,6.0,8.0,2.0,62
1815,17,96,Rich,0,Slow,2,2.0,2.0,0.0,108
1816,17,97,Rich,3,Shigh,0,6.0,10.0,4.0,61
1817,17,97,Rich,2,Slow,1,2.0,4.0,2.0,101
1818,17,97,Rich,1,Slow,3,2.0,2.0,0.0,93
1819,17,99,Rich,0,Slow,0,2.0,10.0,8.0,107
1820,17,99,Rich,2,Slow,2,2.0,8.0,6.0,100
1821,18,0,Poor,0,Slow,1,2.0,3.0,1.0,129
1822,18,1,Poor,1,Slow,0,2.0,3.0,1.0,129
1823,18,2,Poor,1,Slow,0,2.0,3.0,1.0,128
1824,18,3,Poor,2,Slow,3,2.0,3.0,1.0,129
1825,18,4,Poor,0,Slow,0,2.0,3.0,1.0,128
1826,18,5,Poor,1,Slow,0,2.0,3.0,1.0,127
1827,18,6,Poor,1,Slow,4,2.0,3.0,1.0,126
1828,18,7,Poor,0,Slow,0,2.0,3.0,1.0,127
1829,18,8,Poor,1,Slow,4,2.0,3.0,1.0,125
1830,18,9,Poor,0,Slow,0,2.0,3.0,1.0,126
1831,18,10,Poor,2,Slow,0,2.0,3.0,1.0,128
1832,18,11,Poor,1,Slow,1,2.0,3.0,1.0,124
1833,18,13,Poor,0,Slow,0,2.0,3.0,1.0,125
1834,18,15,Poor,2,Slow,4,2.0,3.0,1.0,127
1835,18,18,Poor,1,Slow,2,2.0,3.0,1.0,123
1836,18,19,Poor,2,Slow,1,2.0,3.0,1.0,126
1837,18,20,Poor,1,Slow,0,2.0,3.0,1.0,122
1838,18,22,Poor,2,Slow,2,2.0,3.0,1.0,125
1839,18,24,Poor,0,Slow,0,2.0,3.0,1.0,124
1840,18,25,Poor,0,Slow,0,2.0,3.0,1.0,123
1841,18,26,Poor,0,Slow,0,2.0,3.0,1.0,122
1842,18,27,Poor,0,Slow,2,2.0,3.0,1.0,121
1843,18,28,Poor,2,Slow,0,2.0,3.0,1.0,124
1844,18,29,Poor,2,Slow,1,2.0,3.0,1.0,123
1845,18,30,Poor,2,Slow,3,2.0,3.0,1.0,122
1846,18,31,Poor,1,Slow,2,2.0,3.0,1.0,121
1847,18,32,Poor,1,Slow,0,2.0,3.0,1.0,120
1848,18,33,Poor,2,Slow,0,2.0,3.0,1.0,121
1849,18,34,Poor,2,Slow,1,2.0,3.0,1.0,120
1850,18,36,Poor,2,Slow,1,2.0,3.0,1.0,119
1851,18,37,Poor,0,Slow,0,2.0,3.0,1.0,120
1852,18,38,Poor,1,Slow,1,2.0,3.0,1.0,119
1853,18,39,Poor,1,Slow,0,2.0,3.0,1.0,118
1854,18,40,Poor,0,Slow,2,2.0,3.0,1.0,119
1855,18,41,Poor,1,Slow,0,2.0,3.0,1.0,117
1856,18,42,Poor,1,Slow,1,2.0,3.0,1.0,116
1857,18,43,Poor,1,Slow,0,2.0,3.0,1.0,115
1858,18,45,Poor,2,Slow,2,2.0,3.0,1.0,118
1859,18,47,Poor,0,Slow,0,2.0,3.0,1.0,118
1860,18,48,Poor,2,Slow,2,2.0,3.0,1.0,117
1861,18,49,Poor,1,Slow,0,2.0,3.0,1.0,114
1862,18,50,Poor,1,Slow,0,2.0,3.0,1.0,113
1863,18,52,Poor,0,Slow,4,2.0,3.0,1.0,117
1864,18,53,Poor,2,Slow,1,2.0,3.0,1.0,116
1865,18,55,Poor,0,Slow,2,2.0,3.0,1.0,116
1866,18,57,Poor,1,Slow,4,2.0,3.0,1.0,112
1867,18,58,Poor,2,Slow,0,2.0,3.0,1.0,115
1868,18,61,Poor,2,Slow,0,2.0,3.0,1.0,114
1869,18,62,Poor,0,Slow,1,2.0,3.0,1.0,115
1870,18,63,Poor,1,Slow,0,2.0,3.0,1.0,111
1871,18,65,Poor,0,Slow,3,2.0,3.0,1.0,114
1872,18,67,Poor,1,Slow,2,2.0,3.0,1.0,110
1873,18,68,Poor,2,Slow,4,2.0,3.0,1.0,113
1874,18,69,Poor,0,Slow,1,2.0,3.0,1.0,113
1875,18,71,Middle,4,Shigh,1,6.0,7.0,1.0,69
1876,18,72,Middle,0,Slow,2,2.0,7.0,5.0,112
1877,18,73,Middle,0,Slow,1,2.0,7.0,5.0,111
1878,18,73,Middle,2,Slow,3,2.0,5.0,3.0,112
1879,18,74,Middle,0,Slow,0,2.0,7.0,5.0,110
1880,18,74,Middle,2,Slow,4,2.0,5.0,3.0,111
1881,18,75,Middle,1,Slow,0,2.0,7.0,5.0,109
1882,18,76,Middle,3,Shigh,0,6.0,7.0,1.0,69
1883,18,77,Middle,0,Slow,0,2.0,7.0,5.0,109
1884,18,78,Middle,1,Slow,0,2.0,7.0,5.0,108
1885,18,78,Middle,2,Slow,3,2.0,5.0,3.0,110
1886,18,79,Middle,4,Shigh,2,6.0,7.0,1.0,68
1887,18,80,Middle,2,Slow,1,2.0,7.0,5.0,109
1888,18,80,Middle,0,Slow,2,2.0,5.0,3.0,108
1889,18,81,Middle,1,Slow,1,2.0,7.0,5.0,107
1890,18,83,Middle,1,Slow,3,2.0,7.0,5.0,106
1891,18,85,Middle,3,Shigh,0,6.0,7.0,1.0,68
1892,18,86,Middle,0,Slow,0,2.0,7.0,5.0,107
1893,18,87,Middle,1,Slow,1,2.0,7.0,5.0,105
1894,18,87,Middle,0,Slow,3,2.0,5.0,3.0,106
1895,18,89,Middle,3,Shigh,0,6.0,7.0,1.0,67
1896,18,90,Rich,3,Shigh,0,6.0,10.0,4.0,66
1897,18,90,Rich,2,Slow,2,2.0,4.0,2.0,108
1898,18,90,Rich,1,Slow,4,2.0,2.0,0.0,104
1899,18,91,Rich,0,Slow,2,2.0,10.0,8.0,105
1900,18,91,Rich,2,Slow,3,2.0,8.0,6.0,107
1901,18,92,Rich,0,Slow,0,2.0,10.0,8.0,104
1902,18,93,Rich,1,Slow,1,2.0,10.0,8.0,103
1903,18,93,Rich,4,Shigh,2,6.0,8.0,2.0,67
1904,18,93,Rich,2,Slow,4,2.0,2.0,0.0,106
1905,18,94,Rich,3,Shigh,1,6.0,10.0,4.0,65
1906,18,94,Rich,2,Slow,4,2.0,4.0,2.0,105
1907,18,95,Rich,4,Shigh,0,6.0,10.0,4.0,66
1908,18,95,Rich,1,Slow,3,2.0,4.0,2.0,102
1909,18,96,Rich,0,Slow,0,2.0,10.0,8.0,103
1910,18,96,Rich,2,Slow,1,2.0,8.0,6.0,104
1911,18,97,Rich,2,Slow,0,2.0,10.0,8.0,103
1912,18,97,Rich,3,Shigh,1,6.0,8.0,2.0,64
1913,18,98,Rich,3,Shigh,0,6.0,10.0,4.0,63
1914,18,98,Rich,1,Slow,1,2.0,4.0,2.0,101
1915,18,98,Rich,0,Slow,3,2.0,2.0,0.0,102
1916,18,99,Rich,2,Slow,1,2.0,10.0,8.0,102
1917,18,99,Rich,1,Slow,4,2.0,8.0,6.0,100
1918,19,0,Poor,1,Slow,1,2.0,3.0,1.0,129
1919,19,1,Poor,0,Slow,0,2.0,3.0,1.0,129
1920,19,3,Poor,2,Slow,1,2.0,3.0,1.0,129
1921,19,4,Poor,2,Slow,0,2.0,3.0,1.0,128
1922,19,5,Poor,2,Slow,1,2.0,3.0,1.0,127
1923,19,7,Poor,2,Slow,4,2.0,3.0,1.0,126
1924,19,8,Poor,2,Slow,1,2.0,3.0,1.0,125
1925,19,9,Poor,1,Slow,1,2.0,3.0,1.0,128
1926,19,10,Poor,1,Slow,1,2.0,3.0,1.0,127
1927,19,11,Poor,0,Slow,0,2.0,3.0,1.0,128
1928,19,14,Poor,2,Slow,0,2.0,3.0,1.0,124
1929,19,15,Poor,0,Slow,3,2.0,3.0,1.0,127
1930,19,16,Poor,2,Slow,4,2.0,3.0,1.0,123
1931,19,18,Poor,0,Slow,2,2.0,3.0,1.0,126
1932,19,20,Poor,1,Slow,1,2.0,3.0,1.0,126
1933,19,21,Poor,2,Slow,4,2.0,3.0,1.0,122
1934,19,22,Poor,2,Slow,4,2.0,3.0,1.0,121
1935,19,24,Poor,2,Slow,3,2.0,3.0,1.0,120
1936,19,26,Poor,1,Slow,0,2.0,3.0,1.0,125
1937,19,27,Poor,0,Slow,4,2.0,3.0,1.0,125
1938,19,28,Poor,1,Slow,1,2.0,3.0,1.0,124
1939,19,30,Poor,0,Slow,1,2.0,3.0,1.0,124
1940,19,31,Poor,2,Slow,0,2.0,3.0,1.0,119
1941,19,32,Poor,1,Slow,4,2.0,3.0,1.0,123
1942,19,34,Poor,0,Slow,2,2.0,3.0,1.0,123
1943,19,35,Poor,2,Slow,0,2.0,3.0,1.0,118
1944,19,36,Poor,2,Slow,3,2.0,3.0,1.0,117
1945,19,38,Poor,1,Slow,1,2.0,3.0,1.0,122
1946,19,39,Poor,0,Slow,1,2.0,3.0,1.0,122
1947,19,41,Poor,0,Slow,4,2.0,3.0,1.0,121
1948,19,42,Poor,2,Slow,0,2.0,3.0,1.0,116
1949,19,43,Poor,1,Slow,1,2.0,3.0,1.0,121
1950,19,44,Poor,0,Slow,1,2.0,3.0,1.0,120
1951,19,45,Poor,0,Slow,3,2.0,3.0,1.0,119
1952,19,46,Poor,1,Slow,1,2.0,3.0,1.0,120
1953,19,47,Poor,2,Slow,3,2.0,3.0,1.0,115
1954,19,48,Poor,2,Slow,2,2.0,3.0,1.0,114
1955,19,49,Poor,1,Slow,2,2.0,3.0,1.0,119
1956,19,50,Poor,2,Slow,0,2.0,3.0,1.0,113
1957,19,51,Poor,0,Slow,1,2.0,3.0,1.0,118
1958,19,52,Poor,1,Slow,1,2.0,3.0,1.0,118
1959,19,53,Poor,2,Slow,4,2.0,3.0,1.0,112
1960,19,54,Poor,0,Slow,2,2.0,3.0,1.0,117
1961,19,55,Poor,1,Slow,0,2.0,3.0,1.0,117
1962,19,56,Poor,0,Slow,0,2.0,3.0,1.0,116
1963,19,57,Poor,1,Slow,1,2.0,3.0,1.0,116
1964,19,58,Poor,2,Slow,0,2.0,3.0,1.0,111
1965,19,59,Poor,2,Slow,2,2.0,3.0,1.0,110
1966,19,61,Poor,0,Slow,4,2.0,3.0,1.0,115
1967,19,64,Poor,1,Slow,0,2.0,3.0,1.0,115
1968,19,65,Poor,0,Slow,2,2.0,3.0,1.0,114
1969,19,66,Poor,2,Slow,4,2.0,3.0,1.0,109
1970,19,67,Poor,2,Slow,0,2.0,3.0,1.0,108
1971,19,68,Poor,1,Slow,0,2.0,3.0,1.0,114
1972,19,69,Poor,1,Slow,2,2.0,3.0,1.0,113
1973,19,70,Middle,3,Shigh,0,6.0,7.0,1.0,69
1974,19,71,Middle,4,Shigh,0,6.0,7.0,1.0,69
1975,19,72,Middle,2,Slow,4,2.0,7.0,5.0,107
1976,19,73,Middle,0,Slow,1,2.0,7.0,5.0,113
1977,19,74,Middle,0,Slow,0,2.0,7.0,5.0,112
1978,19,74,Middle,1,Slow,2,2.0,5.0,3.0,112
1979,19,75,Middle,3,Shigh,1,6.0,7.0,1.0,68
1980,19,76,Middle,1,Slow,0,2.0,7.0,5.0,111
1981,19,76,Middle,0,Slow,1,2.0,5.0,3.0,111
1982,19,77,Middle,1,Slow,0,2.0,7.0,5.0,110
1983,19,78,Middle,0,Slow,2,2.0,7.0,5.0,110
1984,19,78,Middle,1,Slow,4,2.0,5.0,3.0,109
1985,19,79,Middle,2,Slow,1,2.0,7.0,5.0,106
1986,19,80,Middle,0,Slow,2,2.0,7.0,5.0,109
1987,19,81,Middle,0,Slow,1,2.0,7.0,5.0,108
1988,19,81,Middle,1,Slow,3,2.0,5.0,3.0,108
1989,19,81,Middle,2,Slow,4,2.0,3.0,1.0,105
1990,19,82,Middle,1,Slow,1,2.0,7.0,5.0,107
1991,19,82,Middle,2,Slow,3,2.0,5.0,3.0,104
1992,19,83,Middle,0,Slow,0,2.0,7.0,5.0,107
1993,19,83,Middle,1,Slow,3,2.0,5.0,3.0,106
1994,19,84,Middle,3,Shigh,0,6.0,7.0,1.0,67
1995,19,85,Middle,1,Slow,0,2.0,7.0,5.0,105
1996,19,86,Middle,2,Slow,0,2.0,7.0,5.0,103
1997,19,86,Middle,0,Slow,1,2.0,5.0,3.0,106
1998,19,87,Middle,1,Slow,0,2.0,7.0,5.0,104
1999,19,87,Middle,2,Slow,2,2.0,5.0,3.0,102
2000,19,88,Middle,0,Slow,1,2.0,7.0,5.0,105
2001,19,89,Middle,3,Shigh,0,6.0,7.0,1.0,66
2002,19,90,Rich,1,Slow,2,2.0,10.0,8.0,103
2003,19,90,Rich,0,Slow,3,2.0,8.0,6.0,104
2004,19,90,Rich,2,Slow,4,2.0,6.0,4.0,101
2005,19,91,Rich,1,Slow,1,2.0,10.0,8.0,102
2006,19,92,Rich,2,Slow,2,2.0,10.0,8.0,100
2007,19,92,Rich,0,Slow,3,2.0,8.0,6.0,103
2008,19,93,Rich,0,Slow,0,2.0,10.0,8.0,102
2009,19,93,Rich,4,Shigh,2,6.0,8.0,2.0,68
2010,19,93,Rich,1,Slow,3,2.0,2.0,0.0,101
2011,19,94,Rich,0,Slow,3,2.0,10.0,8.0,101
2012,19,95,Rich,1,Slow,1,2.0,10.0,8.0,100
2013,19,95,Rich,2,Slow,2,2.0,8.0,6.0,99
2014,19,95,Rich,4,Shigh,4,6.0,6.0,0.0,67
2015,19,96,Rich,2,Slow,0,2.0,10.0,8.0,98
2016,19,96,Rich,0,Slow,4,2.0,8.0,6.0,100
2017,19,97,Rich,1,Slow,0,2.0,10.0,8.0,99
2018,19,98,Rich,2,Slow,1,2.0,10.0,8.0,97
2019,19,98,Rich,0,Slow,2,2.0,8.0,6.0,99
2020,19,98,Rich,4,Shigh,4,6.0,6.0,0.0,66
2021,19,99,Rich,2,Slow,0,2.0,10.0,8.0,96
2022,19,99,Rich,4,Shigh,2,6.0,8.0,2.0,65
2023,19,99,Rich,0,Slow,3,2.0,2.0,0.0,98
2024,20,2,Poor,1,Slow,0,2.0,3.0,1.0,129
2025,20,3,Poor,0,Slow,0,2.0,3.0,1.0,129
2026,20,5,Poor,0,Slow,0,2.0,3.0,1.0,128
2027,20,6,Poor,1,Slow,3,2.0,3.0,1.0,128
2028,20,7,Poor,1,Slow,0,2.0,3.0,1.0,127
2029,20,8,Poor,1,Slow,1,2.0,3.0,1.0,126
2030,20,11,Poor,0,Slow,3,2.0,3.0,1.0,127
2031,20,12,Poor,2,Slow,1,2.0,3.0,1.0,129
2032,20,13,Poor,0,Slow,0,2.0,3.0,1.0,126
2033,20,14,Poor,2,Slow,2,2.0,3.0,1.0,128
2034,20,15,Poor,2,Slow,3,2.0,3.0,1.0,127
2035,20,16,Poor,2,Slow,3,2.0,3.0,1.0,126
2036,20,17,Poor,1,Slow,4,2.0,3.0,1.0,125
2037,20,18,Poor,2,Slow,2,2.0,3.0,1.0,125
2038,20,19,Poor,0,Slow,0,2.0,3.0,1.0,125
2039,20,20,Poor,2,Slow,1,2.0,3.0,1.0,124
2040,20,21,Poor,2,Slow,3,2.0,3.0,1.0,123
2041,20,23,Poor,0,Slow,3,2.0,3.0,1.0,124
2042,20,24,Poor,1,Slow,3,2.0,3.0,1.0,124
2043,20,25,Poor,1,Slow,2,2.0,3.0,1.0,123
2044,20,26,Poor,0,Slow,0,2.0,3.0,1.0,123
2045,20,28,Poor,0,Slow,2,2.0,3.0,1.0,122
2046,20,29,Poor,1,Slow,1,2.0,3.0,1.0,122
2047,20,31,Poor,0,Slow,0,2.0,3.0,1.0,121
2048,20,32,Poor,1,Slow,1,2.0,3.0,1.0,121
2049,20,34,Poor,2,Slow,1,2.0,3.0,1.0,122
2050,20,35,Poor,1,Slow,0,2.0,3.0,1.0,120
2051,20,36,Poor,2,Slow,0,2.0,3.0,1.0,121
2052,20,37,Poor,0,Slow,0,2.0,3.0,1.0,120
2053,20,39,Poor,1,Slow,0,2.0,3.0,1.0,119
2054,20,40,Poor,1,Slow,0,2.0,3.0,1.0,118
2055,20,42,Poor,1,Slow,2,2.0,3.0,1.0,117
2056,20,44,Poor,1,Slow,4,2.0,3.0,1.0,116
2057,20,46,Poor,1,Slow,3,2.0,3.0,1.0,115
2058,20,48,Poor,2,Slow,2,2.0,3.0,1.0,120
2059,20,49,Poor,2,Slow,4,2.0,3.0,1.0,119
2060,20,50,Poor,1,Slow,0,2.0,3.0,1.0,114
2061,20,52,Poor,0,Slow,1,2.0,3.0,1.0,119
2062,20,53,Poor,0,Slow,1,2.0,3.0,1.0,118
2063,20,54,Poor,2,Slow,1,2.0,3.0,1.0,118
2064,20,57,Poor,1,Slow,1,2.0,3.0,1.0,113
2065,20,58,Poor,0,Slow,2,2.0,3.0,1.0,117
2066,20,59,Poor,2,Slow,3,2.0,3.0,1.0,117
2067,20,60,Poor,0,Slow,1,2.0,3.0,1.0,116
2068,20,61,Poor,1,Slow,2,2.0,3.0,1.0,112
2069,20,62,Poor,1,Slow,1,2.0,3.0,1.0,111
2070,20,63,Poor,1,Slow,1,2.0,3.0,1.0,110
2071,20,64,Poor,0,Slow,0,2.0,3.0,1.0,115
2072,20,65,Poor,0,Slow,0,2.0,3.0,1.0,114
2073,20,66,Poor,2,Slow,0,2.0,3.0,1.0,116
2074,20,68,Poor,2,Slow,0,2.0,3.0,1.0,115
2075,20,69,Poor,0,Slow,2,2.0,3.0,1.0,113
2076,20,70,Middle,4,Shigh,0,6.0,7.0,1.0,69
2077,20,71,Middle,1,Slow,0,2.0,7.0,5.0,109
2078,20,71,Middle,2,Slow,1,2.0,5.0,3.0,114
2079,20,71,Middle,0,Slow,3,2.0,3.0,1.0,112
2080,20,73,Middle,3,Shigh,2,6.0,7.0,1.0,69
2081,20,74,Middle,0,Slow,3,2.0,7.0,5.0,111
2082,20,75,Middle,2,Slow,2,2.0,7.0,5.0,113
2083,20,76,Middle,2,Slow,1,2.0,7.0,5.0,112
2084,20,77,Middle,3,Shigh,1,6.0,7.0,1.0,68
2085,20,78,Middle,3,Shigh,0,6.0,7.0,1.0,67
2086,20,79,Middle,3,Shigh,0,6.0,7.0,1.0,66
2087,20,80,Middle,0,Slow,0,2.0,7.0,5.0,110
2088,20,80,Middle,2,Slow,1,2.0,5.0,3.0,111
2089,20,81,Middle,0,Slow,4,2.0,7.0,5.0,109
2090,20,82,Middle,1,Slow,0,2.0,7.0,5.0,108
2091,20,82,Middle,2,Slow,4,2.0,5.0,3.0,110
2092,20,83,Middle,3,Shigh,1,6.0,7.0,1.0,65
2093,20,84,Middle,2,Slow,2,2.0,7.0,5.0,109
2094,20,85,Middle,0,Slow,3,2.0,7.0,5.0,108
2095,20,86,Middle,2,Slow,0,2.0,7.0,5.0,108
2096,20,86,Middle,0,Slow,2,2.0,5.0,3.0,107
2097,20,86,Middle,1,Slow,4,2.0,3.0,1.0,107
2098,20,87,Middle,3,Shigh,2,6.0,7.0,1.0,64
2099,20,88,Middle,0,Slow,3,2.0,7.0,5.0,106
2100,20,88,Middle,1,Slow,4,2.0,5.0,3.0,106
2101,20,90,Rich,2,Slow,0,2.0,10.0,8.0,107
2102,20,90,Rich,3,Shigh,1,6.0,8.0,2.0,63
2103,20,90,Rich,0,Slow,4,2.0,2.0,0.0,105
2104,20,91,Rich,2,Slow,0,2.0,10.0,8.0,106
2105,20,91,Rich,4,Shigh,2,6.0,8.0,2.0,68
2106,20,91,Rich,1,Slow,4,2.0,2.0,0.0,105
2107,20,92,Rich,4,Shigh,1,6.0,10.0,4.0,67
2108,20,92,Rich,0,Slow,2,2.0,4.0,2.0,104
2109,20,92,Rich,2,Slow,4,2.0,2.0,0.0,105
2110,20,93,Rich,3,Shigh,0,6.0,10.0,4.0,62
2111,20,93,Rich,1,Slow,3,2.0,4.0,2.0,104
2112,20,94,Rich,2,Slow,0,2.0,10.0,8.0,104
2113,20,94,Rich,3,Shigh,2,6.0,8.0,2.0,61
2114,20,95,Rich,4,Shigh,1,6.0,10.0,4.0,66
2115,20,95,Rich,2,Slow,3,2.0,4.0,2.0,103
2116,20,96,Rich,2,Slow,2,2.0,10.0,8.0,102
2117,20,96,Rich,1,Slow,4,2.0,8.0,6.0,103
2118,20,97,Rich,3,Shigh,0,6.0,10.0,4.0,60
2119,20,97,Rich,2,Slow,2,2.0,4.0,2.0,101
2120,20,97,Rich,1,Slow,3,2.0,2.0,0.0,102
2121,20,98,Rich,4,Shigh,3,6.0,10.0,4.0,65
2122,20,98,Rich,0,Slow,4,2.0,4.0,2.0,103
2123,20,99,Rich,2,Slow,0,2.0,10.0,8.0,100
2124,21,0,Poor,2,Slow,3,2.0,3.0,1.0,129
2125,21,1,Poor,0,Slow,2,2.0,3.0,1.0,129
2126,21,2,Poor,1,Slow,2,2.0,3.0,1.0,129
2127,21,4,Poor,0,Slow,2,2.0,3.0,1.0,128
2128,21,5,Poor,2,Slow,0,2.0,3.0,1.0,128
2129,21,6,Poor,0,Slow,2,2.0,3.0,1.0,127
2130,21,8,Poor,2,Slow,4,2.0,3.0,1.0,127
2131,21,9,Poor,2,Slow,0,2.0,3.0,1.0,126
2132,21,10,Poor,2,Slow,1,2.0,3.0,1.0,125
2133,21,11,Poor,2,Slow,0,2.0,3.0,1.0,124
2134,21,12,Poor,1,Slow,2,2.0,3.0,1.0,128
2135,21,13,Poor,2,Slow,1,2.0,3.0,1.0,123
2136,21,14,Poor,0,Slow,1,2.0,3.0,1.0,126
2137,21,15,Poor,1,Slow,3,2.0,3.0,1.0,127
2138,21,16,Poor,1,Slow,2,2.0,3.0,1.0,126
2139,21,17,Poor,2,Slow,0,2.0,3.0,1.0,122
2140,21,19,Poor,0,Slow,1,2.0,3.0,1.0,125
2141,21,20,Poor,2,Slow,1,2.0,3.0,1.0,121
2142,21,21,Poor,2,Slow,0,2.0,3.0,1.0,120
2143,21,22,Poor,2,Slow,0,2.0,3.0,1.0,119
2144,21,23,Poor,2,Slow,3,2.0,3.0,1.0,118
2145,21,24,Poor,1,Slow,1,2.0,3.0,1.0,125
2146,21,25,Poor,2,Slow,0,2.0,3.0,1.0,117
2147,21,26,Poor,0,Slow,3,2.0,3.0,1.0,124
2148,21,27,Poor,1,Slow,4,2.0,3.0,1.0,124
2149,21,29,Poor,2,Slow,0,2.0,3.0,1.0,116
2150,21,30,Poor,0,Slow,0,2.0,3.0,1.0,123
2151,21,31,Poor,1,Slow,1,2.0,3.0,1.0,123
2152,21,33,Poor,1,Slow,1,2.0,3.0,1.0,122
2153,21,34,Poor,0,Slow,1,2.0,3.0,1.0,122
2154,21,35,Poor,1,Slow,0,2.0,3.0,1.0,121
2155,21,37,Poor,1,Slow,4,2.0,3.0,1.0,120
2156,21,38,Poor,1,Slow,2,2.0,3.0,1.0,119
2157,21,39,Poor,0,Slow,0,2.0,3.0,1.0,121
2158,21,40,Poor,1,Slow,0,2.0,3.0,1.0,118
2159,21,41,Poor,0,Slow,0,2.0,3.0,1.0,120
2160,21,42,Poor,0,Slow,0,2.0,3.0,1.0,119
2161,21,45,Poor,0,Slow,3,2.0,3.0,1.0,118
2162,21,47,Poor,1,Slow,3,2.0,3.0,1.0,117
2163,21,50,Poor,2,Slow,2,2.0,3.0,1.0,115
2164,21,51,Poor,2,Slow,0,2.0,3.0,1.0,114
2165,21,52,Poor,0,Slow,0,2.0,3.0,1.0,117
2166,21,53,Poor,0,Slow,0,2.0,3.0,1.0,116
2167,21,54,Poor,2,Slow,1,2.0,3.0,1.0,113
2168,21,55,Poor,1,Slow,3,2.0,3.0,1.0,116
2169,21,56,Poor,0,Slow,4,2.0,3.0,1.0,115
2170,21,57,Poor,2,Slow,3,2.0,3.0,1.0,112
2171,21,58,Poor,1,Slow,1,2.0,3.0,1.0,115
2172,21,59,Poor,0,Slow,0,2.0,3.0,1.0,114
2173,21,60,Poor,2,Slow,3,2.0,3.0,1.0,111
2174,21,61,Poor,2,Slow,1,2.0,3.0,1.0,110
2175,21,63,Poor,1,Slow,1,2.0,3.0,1.0,114
2176,21,66,Poor,1,Slow,0,2.0,3.0,1.0,113
2177,21,68,Poor,2,Slow,0,2.0,3.0,1.0,109
2178,21,69,Poor,0,Slow,0,2.0,3.0,1.0,113
2179,21,70,Middle,2,Slow,2,2.0,7.0,5.0,108
2180,21,70,Middle,0,Slow,4,2.0,5.0,3.0,112
2181,21,71,Middle,0,Slow,3,2.0,7.0,5.0,111
2182,21,72,Middle,4,Shigh,0,6.0,7.0,1.0,69
2183,21,73,Middle,3,Shigh,0,6.0,7.0,1.0,69
2184,21,74,Middle,0,Slow,4,2.0,7.0,5.0,110
2185,21,75,Middle,4,Shigh,0,6.0,7.0,1.0,68
2186,21,76,Middle,1,Slow,3,2.0,7.0,5.0,112
2187,21,77,Middle,1,Slow,0,2.0,7.0,5.0,111
2188,21,77,Middle,0,Slow,2,2.0,5.0,3.0,109
2189,21,78,Middle,3,Shigh,3,6.0,7.0,1.0,68
2190,21,79,Middle,1,Slow,0,2.0,7.0,5.0,110
2191,21,80,Middle,2,Slow,4,2.0,7.0,5.0,107
2192,21,81,Middle,2,Slow,1,2.0,7.0,5.0,106
2193,21,81,Middle,0,Slow,2,2.0,5.0,3.0,108
2194,21,82,Middle,0,Slow,0,2.0,7.0,5.0,107
2195,21,84,Middle,2,Slow,1,2.0,7.0,5.0,105
2196,21,84,Middle,0,Slow,2,2.0,5.0,3.0,106
2197,21,85,Middle,3,Shigh,0,6.0,7.0,1.0,67
2198,21,87,Middle,1,Slow,1,2.0,7.0,5.0,109
2199,21,87,Middle,2,Slow,4,2.0,5.0,3.0,104
2200,21,88,Middle,2,Slow,1,2.0,7.0,5.0,103
2201,21,89,Middle,1,Slow,1,2.0,7.0,5.0,108
2202,21,90,Rich,3,Shigh,1,6.0,10.0,4.0,66
2203,21,90,Rich,0,Slow,3,2.0,4.0,2.0,105
2204,21,91,Rich,1,Slow,0,2.0,10.0,8.0,107
2205,21,91,Rich,4,Shigh,1,6.0,8.0,2.0,67
2206,21,91,Rich,2,Slow,2,2.0,2.0,0.0,102
2207,21,92,Rich,3,Shigh,2,6.0,10.0,4.0,65
2208,21,93,Rich,3,Shigh,2,6.0,10.0,4.0,64
2209,21,93,Rich,1,Slow,3,2.0,4.0,2.0,106
2210,21,94,Rich,2,Slow,2,2.0,10.0,8.0,101
2211,21,94,Rich,0,Slow,4,2.0,8.0,6.0,104
2212,21,96,Rich,0,Slow,1,2.0,10.0,8.0,103
2213,21,96,Rich,1,Slow,4,2.0,8.0,6.0,105
2214,21,97,Rich,3,Shigh,1,6.0,10.0,4.0,63
2215,21,97,Rich,1,Slow,2,2.0,4.0,2.0,104
2216,21,98,Rich,0,Slow,4,2.0,10.0,8.0,102
2217,21,99,Rich,3,Shigh,0,6.0,10.0,4.0,62
2218,21,99,Rich,1,Slow,3,2.0,4.0,2.0,103
2219,21,99,Rich,2,Slow,4,2.0,2.0,0.0,100
2220,22,1,Poor,0,Slow,3,2.0,3.0,1.0,129
2221,22,2,Poor,2,Slow,2,2.0,3.0,1.0,129
2222,22,3,Poor,1,Slow,1,2.0,3.0,1.0,129
2223,22,4,Poor,1,Slow,2,2.0,3.0,1.0,128
2224,22,5,Poor,0,Slow,2,2.0,3.0,1.0,128
2225,22,7,Poor,0,Slow,2,2.0,3.0,1.0,127
2226,22,8,Poor,2,Slow,2,2.0,3.0,1.0,128
2227,22,9,Poor,1,Slow,0,2.0,3.0,1.0,127
2228,22,10,Poor,2,Slow,4,2.0,3.0,1.0,127
2229,22,11,Poor,2,Slow,3,2.0,3.0,1.0,126
2230,22,12,Poor,2,Slow,4,2.0,3.0,1.0,125
2231,22,13,Poor,1,Slow,4,2.0,3.0,1.0,126
2232,22,15,Poor,0,Slow,0,2.0,3.0,1.0,126
2233,22,16,Poor,2,Slow,0,2.0,3.0,1.0,124
2234,22,18,Poor,0,Slow,4,2.0,3.0,1.0,125
2235,22,19,Poor,2,Slow,1,2.0,3.0,1.0,123
2236,22,21,Poor,0,Slow,4,2.0,3.0,1.0,124
2237,22,22,Poor,2,Slow,0,2.0,3.0,1.0,122
2238,22,23,Poor,2,Slow,1,2.0,3.0,1.0,121
2239,22,24,Poor,1,Slow,2,2.0,3.0,1.0,125
2240,22,25,Poor,2,Slow,1,2.0,3.0,1.0,120
2241,22,26,Poor,0,Slow,3,2.0,3.0,1.0,123
2242,22,27,Poor,1,Slow,2,2.0,3.0,1.0,124
2243,22,28,Poor,0,Slow,4,2.0,3.0,1.0,122
2244,22,30,Poor,2,Slow,2,2.0,3.0,1.0,119
2245,22,31,Poor,2,Slow,2,2.0,3.0,1.0,118
2246,22,32,Poor,2,Slow,1,2.0,3.0,1.0,117
2247,22,33,Poor,1,Slow,0,2.0,3.0,1.0,123
2248,22,34,Poor,1,Slow,2,2.0,3.0,1.0,122
2249,22,35,Poor,0,Slow,0,2.0,3.0,1.0,121
2250,22,36,Poor,0,Slow,1,2.0,3.0,1.0,120
2251,22,37,Poor,0,Slow,1,2.0,3.0,1.0,119
2252,22,38,Poor,2,Slow,1,2.0,3.0,1.0,116
2253,22,39,Poor,2,Slow,4,2.0,3.0,1.0,115
2254,22,40,Poor,0,Slow,1,2.0,3.0,1.0,118
2255,22,42,Poor,0,Slow,3,2.0,3.0,1.0,117
2256,22,45,Poor,2,Slow,0,2.0,3.0,1.0,114
2257,22,46,Poor,1,Slow,0,2.0,3.0,1.0,121
2258,22,48,Poor,2,Slow,1,2.0,3.0,1.0,113
2259,22,49,Poor,0,Slow,0,2.0,3.0,1.0,116
2260,22,50,Poor,2,Slow,3,2.0,3.0,1.0,112
2261,22,52,Poor,0,Slow,1,2.0,3.0,1.0,115
2262,22,53,Poor,1,Slow,0,2.0,3.0,1.0,120
2263,22,54,Poor,2,Slow,0,2.0,3.0,1.0,111
2264,22,55,Poor,2,Slow,2,2.0,3.0,1.0,110
2265,22,57,Poor,0,Slow,0,2.0,3.0,1.0,114
2266,22,58,Poor,0,Slow,0,2.0,3.0,1.0,113
2267,22,59,Poor,1,Slow,2,2.0,3.0,1.0,119
2268,22,60,Poor,2,Slow,0,2.0,3.0,1.0,109
2269,22,62,Poor,0,Slow,2,2.0,3.0,1.0,112
2270,22,63,Poor,1,Slow,0,2.0,3.0,1.0,118
2271,22,65,Poor,2,Slow,1,2.0,3.0,1.0,108
2272,22,66,Poor,0,Slow,2,2.0,3.0,1.0,111
2273,22,67,Poor,0,Slow,0,2.0,3.0,1.0,110
2274,22,68,Poor,0,Slow,1,2.0,3.0,1.0,109
2275,22,69,Poor,1,Slow,0,2.0,3.0,1.0,117
2276,22,70,Middle,1,Slow,0,2.0,7.0,5.0,116
2277,22,71,Middle,2,Slow,0,2.0,7.0,5.0,107
2278,22,71,Middle,1,Slow,1,2.0,5.0,3.0,115
2279,22,72,Middle,0,Slow,2,2.0,7.0,5.0,108
2280,22,73,Middle,4,Shigh,0,6.0,7.0,1.0,69
2281,22,74,Middle,0,Slow,1,2.0,7.0,5.0,107
2282,22,75,Middle,1,Slow,3,2.0,7.0,5.0,114
2283,22,75,Middle,0,Slow,4,2.0,5.0,3.0,106
2284,22,76,Middle,2,Slow,1,2.0,7.0,5.0,106
2285,22,77,Middle,4,Shigh,1,6.0,7.0,1.0,68
2286,22,78,Middle,2,Slow,0,2.0,7.0,5.0,105
2287,22,78,Middle,1,Slow,1,2.0,5.0,3.0,113
2288,22,79,Middle,4,Shigh,2,6.0,7.0,1.0,67
2289,22,81,Middle,3,Shigh,0,6.0,7.0,1.0,69
2290,22,82,Middle,1,Slow,1,2.0,7.0,5.0,112
2291,22,82,Middle,0,Slow,2,2.0,5.0,3.0,105
2292,22,82,Middle,2,Slow,4,2.0,3.0,1.0,104
2293,22,83,Middle,0,Slow,2,2.0,7.0,5.0,104
2294,22,84,Middle,0,Slow,0,2.0,7.0,5.0,103
2295,22,85,Middle,0,Slow,1,2.0,7.0,5.0,102
2296,22,86,Middle,3,Shigh,4,6.0,7.0,1.0,68
2297,22,87,Middle,0,Slow,3,2.0,7.0,5.0,101
2298,22,88,Middle,2,Slow,1,2.0,7.0,5.0,103
2299,22,89,Middle,3,Shigh,4,6.0,7.0,1.0,67
2300,22,90,Rich,0,Slow,1,2.0,10.0,8.0,100
2301,22,90,Rich,2,Slow,2,2.0,8.0,6.0,102
2302,22,90,Rich,3,Shigh,3,6.0,6.0,0.0,66
2303,22,91,Rich,3,Shigh,1,6.0,10.0,4.0,65
2304,22,91,Rich,2,Slow,2,2.0,4.0,2.0,101
2305,22,92,Rich,3,Shigh,0,6.0,10.0,4.0,64
2306,22,92,Rich,0,Slow,2,2.0,4.0,2.0,99
2307,22,93,Rich,4,Shigh,0,6.0,10.0,4.0,66
2308,22,93,Rich,1,Slow,3,2.0,4.0,2.0,111
2309,22,95,Rich,0,Slow,2,2.0,10.0,8.0,98
2310,22,96,Rich,4,Shigh,0,6.0,10.0,4.0,65
2311,22,96,Rich,1,Slow,3,2.0,4.0,2.0,110
2312,22,96,Rich,2,Slow,4,2.0,2.0,0.0,100
2313,22,97,Rich,4,Shigh,0,6.0,10.0,4.0,64
2314,22,98,Rich,2,Slow,0,2.0,10.0,8.0,99
2315,22,98,Rich,1,Slow,2,2.0,8.0,6.0,109
2316,22,98,Rich,0,Slow,4,2.0,6.0,4.0,97
2317,22,99,Rich,3,Shigh,0,6.0,10.0,4.0,63
2318,22,99,Rich,2,Slow,1,2.0,4.0,2.0,98
2319,23,0,Poor,0,Slow,1,2.0,3.0,1.0,129
2320,23,1,Poor,0,Slow,3,2.0,3.0,1.0,128
2321,23,2,Poor,2,Slow,0,2.0,3.0,1.0,129
2322,23,3,Poor,0,Slow,2,2.0,3.0,1.0,127
2323,23,4,Poor,1,Slow,0,2.0,3.0,1.0,129
2324,23,5,Poor,0,Slow,0,2.0,3.0,1.0,126
2325,23,6,Poor,1,Slow,2,2.0,3.0,1.0,128
2326,23,7,Poor,2,Slow,1,2.0,3.0,1.0,128
2327,23,8,Poor,2,Slow,0,2.0,3.0,1.0,127
2328,23,9,Poor,0,Slow,0,2.0,3.0,1.0,125
2329,23,10,Poor,0,Slow,3,2.0,3.0,1.0,124
2330,23,11,Poor,2,Slow,0,2.0,3.0,1.0,126
2331,23,12,Poor,0,Slow,3,2.0,3.0,1.0,123
2332,23,14,Poor,2,Slow,1,2.0,3.0,1.0,125
2333,23,15,Poor,1,Slow,3,2.0,3.0,1.0,127
2334,23,17,Poor,1,Slow,2,2.0,3.0,1.0,126
2335,23,18,Poor,1,Slow,2,2.0,3.0,1.0,125
2336,23,19,Poor,0,Slow,1,2.0,3.0,1.0,122
2337,23,21,Poor,0,Slow,0,2.0,3.0,1.0,121
2338,23,22,Poor,0,Slow,1,2.0,3.0,1.0,120
2339,23,23,Poor,0,Slow,0,2.0,3.0,1.0,119
2340,23,24,Poor,1,Slow,1,2.0,3.0,1.0,124
2341,23,25,Poor,1,Slow,0,2.0,3.0,1.0,123
2342,23,26,Poor,2,Slow,1,2.0,3.0,1.0,124
2343,23,27,Poor,1,Slow,1,2.0,3.0,1.0,122
2344,23,28,Poor,1,Slow,1,2.0,3.0,1.0,121
2345,23,29,Poor,0,Slow,0,2.0,3.0,1.0,118
2346,23,30,Poor,1,Slow,0,2.0,3.0,1.0,120
2347,23,31,Poor,1,Slow,4,2.0,3.0,1.0,119
2348,23,32,Poor,1,Slow,3,2.0,3.0,1.0,118
2349,23,33,Poor,0,Slow,4,2.0,3.0,1.0,117
2350,23,34,Poor,0,Slow,0,2.0,3.0,1.0,116
2351,23,36,Poor,1,Slow,1,2.0,3.0,1.0,117
2352,23,37,Poor,2,Slow,1,2.0,3.0,1.0,123
2353,23,38,Poor,2,Slow,1,2.0,3.0,1.0,122
2354,23,39,Poor,0,Slow,0,2.0,3.0,1.0,115
2355,23,41,Poor,0,Slow,2,2.0,3.0,1.0,114
2356,23,42,Poor,2,Slow,0,2.0,3.0,1.0,121
2357,23,43,Poor,0,Slow,4,2.0,3.0,1.0,113
2358,23,44,Poor,2,Slow,0,2.0,3.0,1.0,120
2359,23,45,Poor,1,Slow,4,2.0,3.0,1.0,116
2360,23,47,Poor,0,Slow,2,2.0,3.0,1.0,112
2361,23,48,Poor,0,Slow,0,2.0,3.0,1.0,111
2362,23,49,Poor,2,Slow,0,2.0,3.0,1.0,119
2363,23,52,Poor,1,Slow,0,2.0,3.0,1.0,115
2364,23,53,Poor,0,Slow,3,2.0,3.0,1.0,110
2365,23,54,Poor,1,Slow,3,2.0,3.0,1.0,114
2366,23,55,Poor,2,Slow,0,2.0,3.0,1.0,118
2367,23,56,Poor,1,Slow,3,2.0,3.0,1.0,113
2368,23,57,Poor,1,Slow,2,2.0,3.0,1.0,112
2369,23,58,Poor,2,Slow,1,2.0,3.0,1.0,117
2370,23,59,Poor,1,Slow,0,2.0,3.0,1.0,111
2371,23,60,Poor,1,Slow,2,2.0,3.0,1.0,110
2372,23,61,Poor,1,Slow,1,2.0,3.0,1.0,109
2373,23,62,Poor,0,Slow,1,2.0,3.0,1.0,109
2374,23,63,Poor,0,Slow,1,2.0,3.0,1.0,108
2375,23,64,Poor,1,Slow,2,2.0,3.0,1.0,108
2376,23,66,Poor,0,Slow,3,2.0,3.0,1.0,107
2377,23,67,Poor,0,Slow,1,2.0,3.0,1.0,106
2378,23,68,Poor,1,Slow,0,2.0,3.0,1.0,107
2379,23,69,Poor,0,Slow,2,2.0,3.0,1.0,105
2380,23,70,Middle,3,Shigh,1,6.0,7.0,1.0,69
2381,23,71,Middle,2,Slow,4,2.0,7.0,5.0,116
2382,23,72,Middle,2,Slow,3,2.0,7.0,5.0,115
2383,23,72,Middle,1,Slow,4,2.0,5.0,3.0,106
2384,23,73,Middle,2,Slow,1,2.0,7.0,5.0,114
2385,23,73,Middle,1,Slow,3,2.0,5.0,3.0,105
2386,23,74,Middle,1,Slow,1,2.0,7.0,5.0,104
2387,23,74,Middle,2,Slow,2,2.0,5.0,3.0,113
2388,23,75,Middle,0,Slow,2,2.0,7.0,5.0,104
2389,23,75,Middle,2,Slow,3,2.0,5.0,3.0,112
2390,23,76,Middle,0,Slow,0,2.0,7.0,5.0,103
2391,23,76,Middle,2,Slow,3,2.0,5.0,3.0,111
2392,23,78,Middle,0,Slow,2,2.0,7.0,5.0,102
2393,23,79,Middle,1,Slow,1,2.0,7.0,5.0,103
2394,23,79,Middle,2,Slow,3,2.0,5.0,3.0,110
2395,23,80,Middle,2,Slow,0,2.0,7.0,5.0,109
2396,23,80,Middle,0,Slow,1,2.0,5.0,3.0,101
2397,23,80,Middle,1,Slow,2,2.0,3.0,1.0,102
2398,23,81,Middle,4,Shigh,0,6.0,7.0,1.0,69
2399,23,83,Middle,4,Shigh,0,6.0,7.0,1.0,68
2400,23,84,Middle,0,Slow,1,2.0,7.0,5.0,100
2401,23,84,Middle,1,Slow,3,2.0,5.0,3.0,101
2402,23,85,Middle,1,Slow,4,2.0,7.0,5.0,100
2403,23,86,Middle,4,Shigh,0,6.0,7.0,1.0,67
2404,23,87,Middle,1,Slow,0,2.0,7.0,5.0,99
2405,23,87,Middle,2,Slow,1,2.0,5.0,3.0,108
2406,23,88,Middle,4,Shigh,0,6.0,7.0,1.0,66
2407,23,89,Middle,2,Slow,0,2.0,7.0,5.0,107
2408,23,90,Rich,0,Slow,0,2.0,10.0,8.0,99
2409,23,90,Rich,1,Slow,1,2.0,8.0,6.0,98
2410,23,90,Rich,4,Shigh,2,6.0,6.0,0.0,65
2411,23,91,Rich,0,Slow,2,2.0,10.0,8.0,98
2412,23,91,Rich,4,Shigh,3,6.0,8.0,2.0,64
2413,23,92,Rich,2,Slow,0,2.0,10.0,8.0,106
2414,23,92,Rich,0,Slow,2,2.0,8.0,6.0,97
2415,23,92,Rich,4,Shigh,3,6.0,6.0,0.0,63
2416,23,93,Rich,1,Slow,3,2.0,10.0,8.0,97
2417,23,93,Rich,2,Slow,4,2.0,8.0,6.0,105
2418,23,94,Rich,0,Slow,0,2.0,10.0,8.0,96
2419,23,94,Rich,2,Slow,4,2.0,8.0,6.0,104
2420,23,95,Rich,3,Shigh,3,6.0,10.0,4.0,68
2421,23,96,Rich,2,Slow,1,2.0,10.0,8.0,103
2422,23,96,Rich,4,Shigh,4,6.0,8.0,2.0,62
2423,23,97,Rich,2,Slow,1,2.0,10.0,8.0,102
2424,23,97,Rich,3,Shigh,3,6.0,8.0,2.0,67
2425,23,98,Rich,1,Slow,3,2.0,10.0,8.0,96
2426,23,98,Rich,3,Shigh,4,6.0,8.0,2.0,66
2427,23,99,Rich,0,Slow,3,2.0,10.0,8.0,95
2428,23,99,Rich,2,Slow,4,2.0,8.0,6.0,101
2429,24,0,Poor,2,Slow,1,2.0,3.0,1.0,129
2430,24,1,Poor,0,Slow,4,2.0,3.0,1.0,129
2431,24,2,Poor,0,Slow,1,2.0,3.0,1.0,128
2432,24,3,Poor,0,Slow,4,2.0,3.0,1.0,127
2433,24,4,Poor,2,Slow,1,2.0,3.0,1.0,128
2434,24,5,Poor,1,Slow,2,2.0,3.0,1.0,129
2435,24,6,Poor,0,Slow,0,2.0,3.0,1.0,126
2436,24,8,Poor,0,Slow,2,2.0,3.0,1.0,125
2437,24,9,Poor,2,Slow,1,2.0,3.0,1.0,127
2438,24,10,Poor,2,Slow,3,2.0,3.0,1.0,126
2439,24,11,Poor,1,Slow,2,2.0,3.0,1.0,128
2440,24,13,Poor,1,Slow,0,2.0,3.0,1.0,127
2441,24,14,Poor,2,Slow,4,2.0,3.0,1.0,125
2442,24,15,Poor,1,Slow,2,2.0,3.0,1.0,126
2443,24,16,Poor,2,Slow,2,2.0,3.0,1.0,124
2444,24,17,Poor,1,Slow,1,2.0,3.0,1.0,125
2445,24,18,Poor,1,Slow,1,2.0,3.0,1.0,124
2446,24,19,Poor,1,Slow,0,2.0,3.0,1.0,123
2447,24,20,Poor,2,Slow,0,2.0,3.0,1.0,123
2448,24,21,Poor,0,Slow,1,2.0,3.0,1.0,124
2449,24,22,Poor,0,Slow,3,2.0,3.0,1.0,123
2450,24,23,Poor,0,Slow,0,2.0,3.0,1.0,122
2451,24,24,Poor,2,Slow,1,2.0,3.0,1.0,122
2452,24,25,Poor,0,Slow,2,2.0,3.0,1.0,121
2453,24,26,Poor,2,Slow,2,2.0,3.0,1.0,121
2454,24,27,Poor,1,Slow,1,2.0,3.0,1.0,122
2455,24,29,Poor,1,Slow,0,2.0,3.0,1.0,121
2456,24,30,Poor,1,Slow,1,2.0,3.0,1.0,120
2457,24,33,Poor,1,Slow,2,2.0,3.0,1.0,119
2458,24,34,Poor,0,Slow,0,2.0,3.0,1.0,120
2459,24,35,Poor,0,Slow,1,2.0,3.0,1.0,119
2460,24,36,Poor,2,Slow,3,2.0,3.0,1.0,120
2461,24,37,Poor,1,Slow,0,2.0,3.0,1.0,118
2462,24,38,Poor,2,Slow,3,2.0,3.0,1.0,119
2463,24,39,Poor,2,Slow,0,2.0,3.0,1.0,118
2464,24,40,Poor,0,Slow,0,2.0,3.0,1.0,118
2465,24,41,Poor,0,Slow,1,2.0,3.0,1.0,117
2466,24,42,Poor,0,Slow,0,2.0,3.0,1.0,116
2467,24,43,Poor,2,Slow,4,2.0,3.0,1.0,117
2468,24,44,Poor,1,Slow,4,2.0,3.0,1.0,117
2469,24,46,Poor,1,Slow,3,2.0,3.0,1.0,116
2470,24,47,Poor,1,Slow,2,2.0,3.0,1.0,115
2471,24,48,Poor,0,Slow,1,2.0,3.0,1.0,115
2472,24,49,Poor,2,Slow,1,2.0,3.0,1.0,116
2473,24,50,Poor,0,Slow,0,2.0,3.0,1.0,114
2474,24,52,Poor,1,Slow,3,2.0,3.0,1.0,114
2475,24,53,Poor,0,Slow,0,2.0,3.0,1.0,113
2476,24,54,Poor,2,Slow,1,2.0,3.0,1.0,115
2477,24,56,Poor,0,Slow,4,2.0,3.0,1.0,112
2478,24,57,Poor,2,Slow,1,2.0,3.0,1.0,114
2479,24,59,Poor,0,Slow,0,2.0,3.0,1.0,111
2480,24,60,Poor,2,Slow,3,2.0,3.0,1.0,113
2481,24,61,Poor,1,Slow,4,2.0,3.0,1.0,113
2482,24,62,Poor,2,Slow,3,2.0,3.0,1.0,112
2483,24,63,Poor,2,Slow,4,2.0,3.0,1.0,111
2484,24,64,Poor,2,Slow,0,2.0,3.0,1.0,110
2485,24,65,Poor,1,Slow,0,2.0,3.0,1.0,112
2486,24,66,Poor,0,Slow,0,2.0,3.0,1.0,110
2487,24,67,Poor,1,Slow,0,2.0,3.0,1.0,111
2488,24,68,Poor,1,Slow,4,2.0,3.0,1.0,110
2489,24,70,Middle,2,Slow,0,2.0,7.0,5.0,109
2490,24,71,Middle,1,Slow,0,2.0,7.0,5.0,109
2491,24,71,Middle,0,Slow,1,2.0,5.0,3.0,109
2492,24,71,Middle,2,Slow,4,2.0,3.0,1.0,108
2493,24,72,Middle,1,Slow,0,2.0,7.0,5.0,108
2494,24,72,Middle,2,Slow,2,2.0,5.0,3.0,107
2495,24,73,Middle,2,Slow,0,2.0,7.0,5.0,106
2496,24,74,Middle,3,Shigh,1,6.0,7.0,1.0,69
2497,24,75,Middle,3,Shigh,0,6.0,7.0,1.0,68
2498,24,76,Middle,0,Slow,2,2.0,7.0,5.0,108
2499,24,76,Middle,1,Slow,3,2.0,5.0,3.0,107
2500,24,78,Middle,4,Shigh,0,6.0,7.0,1.0,69
2501,24,79,Middle,3,Shigh,1,6.0,7.0,1.0,67
2502,24,80,Middle,3,Shigh,4,6.0,7.0,1.0,66
2503,24,81,Middle,0,Slow,1,2.0,7.0,5.0,107
2504,24,82,Middle,3,Shigh,0,6.0,7.0,1.0,65
2505,24,84,Middle,3,Shigh,3,6.0,7.0,1.0,64
2506,24,85,Middle,3,Shigh,0,6.0,7.0,1.0,63
2507,24,86,Middle,0,Slow,3,2.0,7.0,5.0,106
2508,24,86,Middle,1,Slow,4,2.0,5.0,3.0,106
2509,24,87,Middle,2,Slow,3,2.0,7.0,5.0,105
2510,24,88,Middle,2,Slow,1,2.0,7.0,5.0,104
2511,24,89,Middle,2,Slow,1,2.0,7.0,5.0,103
2512,24,89,Middle,0,Slow,3,2.0,5.0,3.0,105
2513,24,90,Rich,0,Slow,1,2.0,10.0,8.0,104
2514,24,90,Rich,3,Shigh,2,6.0,8.0,2.0,62
2515,24,90,Rich,1,Slow,3,2.0,2.0,0.0,105
2516,24,91,Rich,1,Slow,2,2.0,10.0,8.0,104
2517,24,91,Rich,0,Slow,3,2.0,8.0,6.0,103
2518,24,92,Rich,0,Slow,0,2.0,10.0,8.0,102
2519,24,92,Rich,4,Shigh,4,6.0,8.0,2.0,68
2520,24,93,Rich,2,Slow,0,2.0,10.0,8.0,102
2521,24,93,Rich,4,Shigh,2,6.0,8.0,2.0,67
2522,24,93,Rich,0,Slow,3,2.0,2.0,0.0,101
2523,24,94,Rich,0,Slow,0,2.0,10.0,8.0,100
2524,24,94,Rich,1,Slow,2,2.0,8.0,6.0,103
2525,24,94,Rich,3,Shigh,3,6.0,6.0,0.0,61
2526,24,95,Rich,0,Slow,1,2.0,10.0,8.0,99
2527,24,95,Rich,1,Slow,3,2.0,8.0,6.0,102
2528,24,95,Rich,2,Slow,4,2.0,6.0,4.0,101
2529,24,96,Rich,4,Shigh,2,6.0,10.0,4.0,66
2530,24,97,Rich,2,Slow,2,2.0,10.0,8.0,100
2531,24,97,Rich,3,Shigh,4,6.0,8.0,2.0,60
2532,24,99,Rich,3,Shigh,3,6.0,10.0,4.0,59
2533,25,0,Poor,0,Slow,4,2.0,3.0,1.0,129
2534,25,2,Poor,0,Slow,3,2.0,3.0,1.0,128
2535,25,3,Poor,2,Slow,0,2.0,3.0,1.0,129
2536,25,4,Poor,0,Slow,3,2.0,3.0,1.0,127
2537,25,5,Poor,2,Slow,3,2.0,3.0,1.0,128
2538,25,7,Poor,2,Slow,3,2.0,3.0,1.0,127
2539,25,8,Poor,1,Slow,1,2.0,3.0,1.0,129
2540,25,10,Poor,0,Slow,3,2.0,3.0,1.0,126
2541,25,11,Poor,0,Slow,0,2.0,3.0,1.0,125
2542,25,13,Poor,0,Slow,0,2.0,3.0,1.0,124
2543,25,14,Poor,2,Slow,3,2.0,3.0,1.0,126
2544,25,15,Poor,1,Slow,0,2.0,3.0,1.0,128
2545,25,17,Poor,0,Slow,3,2.0,3.0,1.0,123
2546,25,18,Poor,2,Slow,1,2.0,3.0,1.0,125
2547,25,19,Poor,1,Slow,1,2.0,3.0,1.0,127
2548,25,20,Poor,2,Slow,2,2.0,3.0,1.0,124
2549,25,21,Poor,0,Slow,1,2.0,3.0,1.0,122
2550,25,22,Poor,1,Slow,3,2.0,3.0,1.0,126
2551,25,23,Poor,2,Slow,1,2.0,3.0,1.0,123
2552,25,24,Poor,2,Slow,1,2.0,3.0,1.0,122
2553,25,25,Poor,2,Slow,0,2.0,3.0,1.0,121
2554,25,26,Poor,1,Slow,0,2.0,3.0,1.0,125
2555,25,28,Poor,0,Slow,1,2.0,3.0,1.0,121
2556,25,29,Poor,0,Slow,1,2.0,3.0,1.0,120
2557,25,30,Poor,0,Slow,1,2.0,3.0,1.0,119
2558,25,31,Poor,1,Slow,0,2.0,3.0,1.0,124
2559,25,32,Poor,2,Slow,0,2.0,3.0,1.0,120
2560,25,33,Poor,0,Slow,3,2.0,3.0,1.0,118
2561,25,34,Poor,0,Slow,0,2.0,3.0,1.0,117
2562,25,35,Poor,1,Slow,0,2.0,3.0,1.0,123
2563,25,36,Poor,0,Slow,4,2.0,3.0,1.0,116
2564,25,37,Poor,1,Slow,2,2.0,3.0,1.0,122
2565,25,38,Poor,2,Slow,1,2.0,3.0,1.0,119
2566,25,39,Poor,2,Slow,1,2.0,3.0,1.0,118
2567,25,40,Poor,2,Slow,0,2.0,3.0,1.0,117
2568,25,41,Poor,1,Slow,1,2.0,3.0,1.0,121
2569,25,43,Poor,0,Slow,1,2.0,3.0,1.0,115
2570,25,44,Poor,1,Slow,0,2.0,3.0,1.0,120
2571,25,45,Poor,0,Slow,2,2.0,3.0,1.0,114
2572,25,46,Poor,0,Slow,1,2.0,3.0,1.0,113
2573,25,47,Poor,1,Slow,0,2.0,3.0,1.0,119
2574,25,48,Poor,2,Slow,0,2.0,3.0,1.0,116
2575,25,50,Poor,2,Slow,0,2.0,3.0,1.0,115
2576,25,51,Poor,1,Slow,1,2.0,3.0,1.0,118
2577,25,52,Poor,1,Slow,3,2.0,3.0,1.0,117
2578,25,53,Poor,1,Slow,1,2.0,3.0,1.0,116
2579,25,54,Poor,2,Slow,3,2.0,3.0,1.0,114
2580,25,57,Poor,1,Slow,4,2.0,3.0,1.0,115
2581,25,58,Poor,0,Slow,1,2.0,3.0,1.0,112
2582,25,59,Poor,0,Slow,2,2.0,3.0,1.0,111
2583,25,60,Poor,1,Slow,4,2.0,3.0,1.0,114
2584,25,63,Poor,1,Slow,0,2.0,3.0,1.0,113
2585,25,65,Poor,0,Slow,1,2.0,3.0,1.0,110
2586,25,66,Poor,0,Slow,3,2.0,3.0,1.0,109
2587,25,67,Poor,2,Slow,1,2.0,3.0,1.0,113
2588,25,68,Poor,0,Slow,0,2.0,3.0,1.0,108
2589,25,69,Poor,1,Slow,3,2.0,3.0,1.0,112
2590,25,70,Middle,1,Slow,1,2.0,7.0,5.0,111
2591,25,70,Middle,0,Slow,2,2.0,5.0,3.0,107
2592,25,71,Middle,1,Slow,1,2.0,7.0,5.0,110
2593,25,71,Middle,2,Slow,3,2.0,5.0,3.0,112
2594,25,72,Middle,3,Shigh,0,6.0,7.0,1.0,69
2595,25,73,Middle,0,Slow,0,2.0,7.0,5.0,106
2596,25,73,Middle,2,Slow,2,2.0,5.0,3.0,111
2597,25,74,Middle,3,Shigh,0,6.0,7.0,1.0,68
2598,25,75,Middle,1,Slow,1,2.0,7.0,5.0,109
2599,25,75,Middle,2,Slow,3,2.0,5.0,3.0,110
2600,25,76,Middle,1,Slow,0,2.0,7.0,5.0,108
2601,25,77,Middle,4,Shigh,3,6.0,7.0,1.0,69
2602,25,78,Middle,4,Shigh,2,6.0,7.0,1.0,68
2603,25,79,Middle,0,Slow,2,2.0,7.0,5.0,105
2604,25,81,Middle,0,Slow,0,2.0,7.0,5.0,104
2605,25,82,Middle,1,Slow,4,2.0,7.0,5.0,107
2606,25,83,Middle,2,Slow,2,2.0,7.0,5.0,109
2607,25,84,Middle,3,Shigh,3,6.0,7.0,1.0,67
2608,25,85,Middle,0,Slow,2,2.0,7.0,5.0,103
2609,25,85,Middle,1,Slow,4,2.0,5.0,3.0,106
2610,25,86,Middle,2,Slow,3,2.0,7.0,5.0,108
2611,25,86,Middle,0,Slow,4,2.0,5.0,3.0,102
2612,25,87,Middle,0,Slow,0,2.0,7.0,5.0,101
2613,25,87,Middle,1,Slow,4,2.0,5.0,3.0,105
2614,25,89,Middle,2,Slow,0,2.0,7.0,5.0,107
2615,25,89,Middle,0,Slow,2,2.0,5.0,3.0,100
2616,25,90,Rich,1,Slow,0,2.0,10.0,8.0,104
2617,25,91,Rich,3,Shigh,0,6.0,10.0,4.0,66
2618,25,91,Rich,2,Slow,4,2.0,4.0,2.0,106
2619,25,92,Rich,1,Slow,3,2.0,10.0,8.0,103
2620,25,92,Rich,0,Slow,4,2.0,8.0,6.0,99
2621,25,93,Rich,4,Shigh,3,6.0,10.0,4.0,67
2622,25,94,Rich,1,Slow,0,2.0,10.0,8.0,102
2623,25,94,Rich,2,Slow,2,2.0,8.0,6.0,105
2624,25,94,Rich,3,Shigh,3,6.0,6.0,0.0,65
2625,25,95,Rich,1,Slow,0,2.0,10.0,8.0,101
2626,25,95,Rich,2,Slow,2,2.0,8.0,6.0,104
2627,25,95,Rich,0,Slow,3,2.0,6.0,4.0,98
2628,25,96,Rich,0,Slow,0,2.0,10.0,8.0,97
2629,25,96,Rich,3,Shigh,1,6.0,8.0,2.0,64
2630,25,97,Rich,2,Slow,1,2.0,10.0,8.0,103
2631,25,97,Rich,0,Slow,3,2.0,8.0,6.0,96
2632,25,98,Rich,2,Slow,3,2.0,10.0,8.0,102
2633,25,99,Rich,3,Shigh,1,6.0,10.0,4.0,63
2634,26,0,Poor,0,Slow,4,2.0,3.0,1.0,129
2635,26,1,Poor,0,Slow,4,2.0,3.0,1.0,128
2636,26,2,Poor,1,Slow,0,2.0,3.0,1.0,129
2637,26,3,Poor,0,Slow,0,2.0,3.0,1.0,127
2638,26,5,Poor,0,Slow,4,2.0,3.0,1.0,126
2639,26,6,Poor,1,Slow,0,2.0,3.0,1.0,128
2640,26,7,Poor,0,Slow,1,2.0,3.0,1.0,125
2641,26,9,Poor,2,Slow,4,2.0,3.0,1.0,129
2642,26,10,Poor,2,Slow,4,2.0,3.0,1.0,128
2643,26,11,Poor,1,Slow,0,2.0,3.0,1.0,127
2644,26,12,Poor,0,Slow,0,2.0,3.0,1.0,124
2645,26,13,Poor,0,Slow,3,2.0,3.0,1.0,123
2646,26,16,Poor,0,Slow,1,2.0,3.0,1.0,122
2647,26,18,Poor,0,Slow,4,2.0,3.0,1.0,121
2648,26,19,Poor,1,Slow,0,2.0,3.0,1.0,126
2649,26,20,Poor,1,Slow,0,2.0,3.0,1.0,125
2650,26,21,Poor,0,Slow,0,2.0,3.0,1.0,120
2651,26,23,Poor,1,Slow,0,2.0,3.0,1.0,124
2652,26,24,Poor,1,Slow,2,2.0,3.0,1.0,123
2653,26,27,Poor,2,Slow,0,2.0,3.0,1.0,127
2654,26,28,Poor,2,Slow,0,2.0,3.0,1.0,126
2655,26,29,Poor,2,Slow,0,2.0,3.0,1.0,125
2656,26,31,Poor,2,Slow,3,2.0,3.0,1.0,124
2657,26,32,Poor,1,Slow,2,2.0,3.0,1.0,122
2658,26,33,Poor,0,Slow,4,2.0,3.0,1.0,119
2659,26,35,Poor,1,Slow,0,2.0,3.0,1.0,121
2660,26,36,Poor,0,Slow,1,2.0,3.0,1.0,118
2661,26,37,Poor,0,Slow,1,2.0,3.0,1.0,117
2662,26,40,Poor,1,Slow,1,2.0,3.0,1.0,120
2663,26,42,Poor,0,Slow,1,2.0,3.0,1.0,116
2664,26,43,Poor,2,Slow,4,2.0,3.0,1.0,123
2665,26,44,Poor,1,Slow,2,2.0,3.0,1.0,119
2666,26,45,Poor,2,Slow,0,2.0,3.0,1.0,122
2667,26,46,Poor,1,Slow,1,2.0,3.0,1.0,118
2668,26,47,Poor,1,Slow,1,2.0,3.0,1.0,117
2669,26,49,Poor,2,Slow,1,2.0,3.0,1.0,121
2670,26,50,Poor,0,Slow,4,2.0,3.0,1.0,115
2671,26,51,Poor,1,Slow,4,2.0,3.0,1.0,116
2672,26,52,Poor,1,Slow,1,2.0,3.0,1.0,115
2673,26,54,Poor,1,Slow,1,2.0,3.0,1.0,114
2674,26,55,Poor,0,Slow,1,2.0,3.0,1.0,114
2675,26,56,Poor,0,Slow,0,2.0,3.0,1.0,113
2676,26,57,Poor,1,Slow,4,2.0,3.0,1.0,113
2677,26,58,Poor,2,Slow,2,2.0,3.0,1.0,120
2678,26,59,Poor,1,Slow,0,2.0,3.0,1.0,112
2679,26,61,Poor,2,Slow,4,2.0,3.0,1.0,119
2680,26,62,Poor,0,Slow,1,2.0,3.0,1.0,112
2681,26,63,Poor,0,Slow,1,2.0,3.0,1.0,111
2682,26,64,Poor,1,Slow,3,2.0,3.0,1.0,111
2683,26,65,Poor,2,Slow,1,2.0,3.0,1.0,118
2684,26,67,Poor,1,Slow,1,2.0,3.0,1.0,110
2685,26,68,Poor,1,Slow,1,2.0,3.0,1.0,109
2686,26,70,Middle,1,Slow,0,2.0,7.0,5.0,108
2687,26,70,Middle,2,Slow,1,2.0,5.0,3.0,117
2688,26,71,Middle,2,Slow,1,2.0,7.0,5.0,116
2689,26,71,Middle,0,Slow,2,2.0,5.0,3.0,110
2690,26,71,Middle,1,Slow,4,2.0,3.0,1.0,107
2691,26,74,Middle,3,Shigh,1,6.0,7.0,1.0,69
2692,26,75,Middle,0,Slow,0,2.0,7.0,5.0,109
2693,26,75,Middle,2,Slow,2,2.0,5.0,3.0,115
2694,26,76,Middle,0,Slow,0,2.0,7.0,5.0,108
2695,26,77,Middle,1,Slow,3,2.0,7.0,5.0,106
2696,26,78,Middle,0,Slow,1,2.0,7.0,5.0,107
2697,26,78,Middle,2,Slow,2,2.0,5.0,3.0,114
2698,26,78,Middle,1,Slow,3,2.0,3.0,1.0,105
2699,26,79,Middle,2,Slow,0,2.0,7.0,5.0,113
2700,26,79,Middle,1,Slow,2,2.0,5.0,3.0,104
2701,26,80,Middle,1,Slow,0,2.0,7.0,5.0,103
2702,26,81,Middle,0,Slow,0,2.0,7.0,5.0,106
2703,26,81,Middle,2,Slow,2,2.0,5.0,3.0,112
2704,26,82,Middle,1,Slow,0,2.0,7.0,5.0,102
2705,26,82,Middle,2,Slow,2,2.0,5.0,3.0,111
2706,26,82,Middle,0,Slow,3,2.0,3.0,1.0,105
2707,26,83,Middle,1,Slow,1,2.0,7.0,5.0,101
2708,26,83,Middle,2,Slow,3,2.0,5.0,3.0,110
2709,26,84,Middle,2,Slow,1,2.0,7.0,5.0,109
2710,26,84,Middle,1,Slow,4,2.0,5.0,3.0,100
2711,26,85,Middle,0,Slow,1,2.0,7.0,5.0,104
2712,26,85,Middle,1,Slow,4,2.0,5.0,3.0,99
2713,26,86,Middle,4,Shigh,3,6.0,7.0,1.0,69
2714,26,87,Middle,4,Shigh,1,6.0,7.0,1.0,68
2715,26,88,Middle,2,Slow,0,2.0,7.0,5.0,108
2716,26,89,Middle,3,Shigh,1,6.0,7.0,1.0,68
2717,26,90,Rich,3,Shigh,2,6.0,10.0,4.0,67
2718,26,90,Rich,0,Slow,4,2.0,4.0,2.0,103
2719,26,91,Rich,4,Shigh,2,6.0,10.0,4.0,67
2720,26,91,Rich,0,Slow,4,2.0,4.0,2.0,102
2721,26,92,Rich,0,Slow,0,2.0,10.0,8.0,101
2722,26,92,Rich,2,Slow,1,2.0,8.0,6.0,107
2723,26,92,Rich,1,Slow,4,2.0,6.0,4.0,98
2724,26,93,Rich,2,Slow,2,2.0,10.0,8.0,106
2725,26,94,Rich,4,Shigh,1,6.0,10.0,4.0,66
2726,26,94,Rich,2,Slow,2,2.0,4.0,2.0,105
2727,26,95,Rich,2,Slow,2,2.0,10.0,8.0,104
2728,26,95,Rich,3,Shigh,4,6.0,8.0,2.0,66
2729,26,96,Rich,2,Slow,2,2.0,10.0,8.0,103
2730,26,97,Rich,0,Slow,0,2.0,10.0,8.0,100
2731,26,97,Rich,4,Shigh,1,6.0,8.0,2.0,65
2732,26,97,Rich,1,Slow,2,2.0,2.0,0.0,97
2733,26,98,Rich,1,Slow,1,2.0,10.0,8.0,96
2734,26,98,Rich,0,Slow,2,2.0,8.0,6.0,99
2735,26,99,Rich,0,Slow,1,2.0,10.0,8.0,98
2736,26,99,Rich,1,Slow,2,2.0,8.0,6.0,95
2737,27,1,Poor,2,Slow,4,2.0,3.0,1.0,129
2738,27,2,Poor,0,Slow,0,2.0,3.0,1.0,129
2739,27,4,Poor,1,Slow,3,2.0,3.0,1.0,129
2740,27,5,Poor,2,Slow,1,2.0,3.0,1.0,128
2741,27,7,Poor,2,Slow,0,2.0,3.0,1.0,127
2742,27,8,Poor,2,Slow,3,2.0,3.0,1.0,126
2743,27,9,Poor,2,Slow,0,2.0,3.0,1.0,125
2744,27,10,Poor,0,Slow,2,2.0,3.0,1.0,128
2745,27,12,Poor,2,Slow,1,2.0,3.0,1.0,124
2746,27,14,Poor,0,Slow,1,2.0,3.0,1.0,127
2747,27,15,Poor,1,Slow,0,2.0,3.0,1.0,128
2748,27,16,Poor,2,Slow,3,2.0,3.0,1.0,123
2749,27,17,Poor,2,Slow,0,2.0,3.0,1.0,122
2750,27,18,Poor,0,Slow,1,2.0,3.0,1.0,126
2751,27,19,Poor,0,Slow,3,2.0,3.0,1.0,125
2752,27,20,Poor,2,Slow,2,2.0,3.0,1.0,121
2753,27,21,Poor,2,Slow,1,2.0,3.0,1.0,120
2754,27,22,Poor,0,Slow,2,2.0,3.0,1.0,124
2755,27,23,Poor,2,Slow,1,2.0,3.0,1.0,119
2756,27,24,Poor,1,Slow,0,2.0,3.0,1.0,127
2757,27,25,Poor,1,Slow,1,2.0,3.0,1.0,126
2758,27,26,Poor,0,Slow,3,2.0,3.0,1.0,123
2759,27,27,Poor,2,Slow,1,2.0,3.0,1.0,118
2760,27,28,Poor,0,Slow,2,2.0,3.0,1.0,122
2761,27,29,Poor,2,Slow,0,2.0,3.0,1.0,117
2762,27,31,Poor,2,Slow,0,2.0,3.0,1.0,116
2763,27,32,Poor,2,Slow,2,2.0,3.0,1.0,115
2764,27,33,Poor,1,Slow,1,2.0,3.0,1.0,125
2765,27,34,Poor,2,Slow,2,2.0,3.0,1.0,114
2766,27,35,Poor,2,Slow,0,2.0,3.0,1.0,113
2767,27,36,Poor,0,Slow,4,2.0,3.0,1.0,121
2768,27,39,Poor,1,Slow,1,2.0,3.0,1.0,124
2769,27,40,Poor,1,Slow,2,2.0,3.0,1.0,123
2770,27,41,Poor,1,Slow,2,2.0,3.0,1.0,122
2771,27,42,Poor,1,Slow,1,2.0,3.0,1.0,121
2772,27,43,Poor,2,Slow,0,2.0,3.0,1.0,112
2773,27,44,Poor,0,Slow,0,2.0,3.0,1.0,120
2774,27,47,Poor,2,Slow,1,2.0,3.0,1.0,111
2775,27,48,Poor,1,Slow,2,2.0,3.0,1.0,120
2776,27,50,Poor,1,Slow,0,2.0,3.0,1.0,119
2777,27,55,Poor,0,Slow,1,2.0,3.0,1.0,119
2778,27,57,Poor,1,Slow,2,2.0,3.0,1.0,118
2779,27,59,Poor,1,Slow,0,2.0,3.0,1.0,117
2780,27,60,Poor,1,Slow,2,2.0,3.0,1.0,116
2781,27,61,Poor,2,Slow,1,2.0,3.0,1.0,110
2782,27,62,Poor,1,Slow,1,2.0,3.0,1.0,115
2783,27,63,Poor,1,Slow,2,2.0,3.0,1.0,114
2784,27,64,Poor,1,Slow,0,2.0,3.0,1.0,113
2785,27,65,Poor,0,Slow,0,2.0,3.0,1.0,118
2786,27,66,Poor,2,Slow,0,2.0,3.0,1.0,109
2787,27,67,Poor,1,Slow,3,2.0,3.0,1.0,112
2788,27,68,Poor,2,Slow,0,2.0,3.0,1.0,108
2789,27,69,Poor,1,Slow,0,2.0,3.0,1.0,111
2790,27,70,Middle,3,Shigh,0,6.0,7.0,1.0,69
2791,27,71,Middle,3,Shigh,4,6.0,7.0,1.0,68
2792,27,72,Middle,4,Shigh,0,6.0,7.0,1.0,69
2793,27,73,Middle,4,Shigh,2,6.0,7.0,1.0,68
2794,27,74,Middle,0,Slow,0,2.0,7.0,5.0,117
2795,27,74,Middle,1,Slow,3,2.0,5.0,3.0,110
2796,27,75,Middle,3,Shigh,0,6.0,7.0,1.0,67
2797,27,76,Middle,0,Slow,2,2.0,7.0,5.0,116
2798,27,76,Middle,2,Slow,4,2.0,5.0,3.0,107
2799,27,77,Middle,1,Slow,1,2.0,7.0,5.0,109
2800,27,78,Middle,1,Slow,1,2.0,7.0,5.0,108
2801,27,78,Middle,0,Slow,4,2.0,5.0,3.0,115
2802,27,79,Middle,1,Slow,1,2.0,7.0,5.0,107
2803,27,80,Middle,3,Shigh,1,6.0,7.0,1.0,66
2804,27,81,Middle,0,Slow,3,2.0,7.0,5.0,114
2805,27,82,Middle,2,Slow,0,2.0,7.0,5.0,106
2806,27,83,Middle,0,Slow,1,2.0,7.0,5.0,113
2807,27,84,Middle,4,Shigh,0,6.0,7.0,1.0,67
2808,27,85,Middle,1,Slow,0,2.0,7.0,5.0,106
2809,27,85,Middle,0,Slow,3,2.0,5.0,3.0,112
2810,27,86,Middle,4,Shigh,0,6.0,7.0,1.0,66
2811,27,87,Middle,0,Slow,0,2.0,7.0,5.0,111
2812,27,88,Middle,4,Shigh,1,6.0,7.0,1.0,65
2813,27,89,Middle,4,Shigh,1,6.0,7.0,1.0,64
2814,27,90,Rich,0,Slow,1,2.0,10.0,8.0,110
2815,27,90,Rich,1,Slow,3,2.0,8.0,6.0,105
2816,27,91,Rich,3,Shigh,0,6.0,10.0,4.0,65
2817,27,91,Rich,1,Slow,3,2.0,4.0,2.0,104
2818,27,92,Rich,1,Slow,3,2.0,10.0,8.0,103
2819,27,93,Rich,1,Slow,0,2.0,10.0,8.0,102
2820,27,93,Rich,0,Slow,2,2.0,8.0,6.0,109
2821,27,93,Rich,4,Shigh,4,6.0,6.0,0.0,63
2822,27,94,Rich,3,Shigh,0,6.0,10.0,4.0,64
2823,27,94,Rich,0,Slow,1,2.0,4.0,2.0,108
2824,27,94,Rich,1,Slow,2,2.0,2.0,0.0,101
2825,27,95,Rich,0,Slow,3,2.0,10.0,8.0,107
2826,27,95,Rich,1,Slow,4,2.0,8.0,6.0,100
2827,27,96,Rich,0,Slow,1,2.0,10.0,8.0,106
2828,27,96,Rich,1,Slow,4,2.0,8.0,6.0,99
2829,27,97,Rich,2,Slow,2,2.0,10.0,8.0,105
2830,27,97,Rich,1,Slow,3,2.0,8.0,6.0,98
2831,27,97,Rich,0,Slow,4,2.0,6.0,4.0,105
2832,27,98,Rich,0,Slow,0,2.0,10.0,8.0,104
2833,27,98,Rich,1,Slow,1,2.0,8.0,6.0,97
2834,27,98,Rich,3,Shigh,2,6.0,6.0,0.0,63
2835,27,99,Rich,2,Slow,0,2.0,10.0,8.0,104
2836,27,99,Rich,1,Slow,1,2.0,8.0,6.0,96
2837,28,0,Poor,1,Slow,3,2.0,3.0,1.0,129
2838,28,1,Poor,0,Slow,0,2.0,3.0,1.0,129
2839,28,2,Poor,2,Slow,0,2.0,3.0,1.0,129
2840,28,4,Poor,0,Slow,2,2.0,3.0,1.0,128
2841,28,6,Poor,1,Slow,0,2.0,3.0,1.0,128
2842,28,7,Poor,0,Slow,1,2.0,3.0,1.0,127
2843,28,9,Poor,2,Slow,1,2.0,3.0,1.0,128
2844,28,10,Poor,0,Slow,3,2.0,3.0,1.0,126
2845,28,12,Poor,1,Slow,0,2.0,3.0,1.0,127
2846,28,13,Poor,0,Slow,4,2.0,3.0,1.0,125
2847,28,14,Poor,2,Slow,1,2.0,3.0,1.0,127
2848,28,17,Poor,0,Slow,0,2.0,3.0,1.0,124
2849,28,18,Poor,1,Slow,2,2.0,3.0,1.0,126
2850,28,19,Poor,2,Slow,1,2.0,3.0,1.0,126
2851,28,20,Poor,2,Slow,1,2.0,3.0,1.0,125
2852,28,21,Poor,1,Slow,1,2.0,3.0,1.0,125
2853,28,22,Poor,1,Slow,1,2.0,3.0,1.0,124
2854,28,23,Poor,0,Slow,3,2.0,3.0,1.0,123
2855,28,24,Poor,1,Slow,3,2.0,3.0,1.0,123
2856,28,26,Poor,2,Slow,1,2.0,3.0,1.0,124
2857,28,27,Poor,2,Slow,1,2.0,3.0,1.0,123
2858,28,28,Poor,2,Slow,2,2.0,3.0,1.0,122
2859,28,29,Poor,0,Slow,0,2.0,3.0,1.0,122
2860,28,30,Poor,1,Slow,0,2.0,3.0,1.0,122
2861,28,31,Poor,2,Slow,0,2.0,3.0,1.0,121
2862,28,32,Poor,2,Slow,1,2.0,3.0,1.0,120
2863,28,33,Poor,2,Slow,1,2.0,3.0,1.0,119
2864,28,34,Poor,0,Slow,2,2.0,3.0,1.0,121
2865,28,35,Poor,2,Slow,3,2.0,3.0,1.0,118
2866,28,36,Poor,0,Slow,3,2.0,3.0,1.0,120
2867,28,38,Poor,1,Slow,4,2.0,3.0,1.0,121
2868,28,39,Poor,0,Slow,0,2.0,3.0,1.0,119
2869,28,40,Poor,2,Slow,0,2.0,3.0,1.0,117
2870,28,41,Poor,2,Slow,2,2.0,3.0,1.0,116
2871,28,42,Poor,0,Slow,0,2.0,3.0,1.0,118
2872,28,43,Poor,0,Slow,3,2.0,3.0,1.0,117
2873,28,44,Poor,1,Slow,0,2.0,3.0,1.0,120
2874,28,45,Poor,2,Slow,2,2.0,3.0,1.0,115
2875,28,46,Poor,2,Slow,0,2.0,3.0,1.0,114
2876,28,47,Poor,2,Slow,0,2.0,3.0,1.0,113
2877,28,49,Poor,0,Slow,0,2.0,3.0,1.0,116
2878,28,50,Poor,1,Slow,2,2.0,3.0,1.0,119
2879,28,51,Poor,1,Slow,0,2.0,3.0,1.0,118
2880,28,53,Poor,0,Slow,2,2.0,3.0,1.0,115
2881,28,54,Poor,0,Slow,3,2.0,3.0,1.0,114
2882,28,55,Poor,2,Slow,1,2.0,3.0,1.0,112
2883,28,57,Poor,1,Slow,2,2.0,3.0,1.0,117
2884,28,59,Poor,1,Slow,1,2.0,3.0,1.0,116
2885,28,60,Poor,1,Slow,1,2.0,3.0,1.0,115
2886,28,61,Poor,1,Slow,2,2.0,3.0,1.0,114
2887,28,62,Poor,2,Slow,1,2.0,3.0,1.0,111
2888,28,63,Poor,2,Slow,0,2.0,3.0,1.0,110
2889,28,65,Poor,0,Slow,1,2.0,3.0,1.0,113
2890,28,66,Poor,2,Slow,2,2.0,3.0,1.0,109
2891,28,67,Poor,0,Slow,0,2.0,3.0,1.0,112
2892,28,68,Poor,2,Slow,0,2.0,3.0,1.0,108
2893,28,70,Middle,4,Shigh,4,6.0,7.0,1.0,69
2894,28,71,Middle,1,Slow,1,2.0,7.0,5.0,113
2895,28,71,Middle,0,Slow,2,2.0,5.0,3.0,111
2896,28,71,Middle,2,Slow,4,2.0,3.0,1.0,107
2897,28,72,Middle,4,Shigh,0,6.0,7.0,1.0,68
2898,28,73,Middle,1,Slow,0,2.0,7.0,5.0,112
2899,28,73,Middle,0,Slow,1,2.0,5.0,3.0,110
2900,28,74,Middle,2,Slow,0,2.0,7.0,5.0,106
2901,28,74,Middle,0,Slow,1,2.0,5.0,3.0,109
2902,28,74,Middle,1,Slow,3,2.0,3.0,1.0,111
2903,28,75,Middle,0,Slow,3,2.0,7.0,5.0,108
2904,28,76,Middle,1,Slow,1,2.0,7.0,5.0,110
2905,28,77,Middle,1,Slow,0,2.0,7.0,5.0,109
2906,28,77,Middle,2,Slow,3,2.0,5.0,3.0,105
2907,28,78,Middle,3,Shigh,0,6.0,7.0,1.0,69
2908,28,79,Middle,0,Slow,0,2.0,7.0,5.0,107
2909,28,79,Middle,2,Slow,3,2.0,5.0,3.0,104
2910,28,79,Middle,1,Slow,4,2.0,3.0,1.0,108
2911,28,80,Middle,4,Shigh,0,6.0,7.0,1.0,67
2912,28,83,Middle,3,Shigh,0,6.0,7.0,1.0,68
2913,28,84,Middle,4,Shigh,0,6.0,7.0,1.0,66
2914,28,85,Middle,2,Slow,3,2.0,7.0,5.0,103
2915,28,86,Middle,4,Shigh,0,6.0,7.0,1.0,65
2916,28,87,Middle,2,Slow,1,2.0,7.0,5.0,102
2917,28,87,Middle,0,Slow,2,2.0,5.0,3.0,106
2918,28,88,Middle,1,Slow,1,2.0,7.0,5.0,107
2919,28,90,Rich,1,Slow,2,2.0,10.0,8.0,106
2920,28,90,Rich,0,Slow,3,2.0,8.0,6.0,105
2921,28,91,Rich,2,Slow,0,2.0,10.0,8.0,101
2922,28,91,Rich,0,Slow,1,2.0,8.0,6.0,104
2923,28,91,Rich,1,Slow,2,2.0,6.0,4.0,105
2924,28,93,Rich,0,Slow,1,2.0,10.0,8.0,103
2925,28,93,Rich,4,Shigh,4,6.0,8.0,2.0,64
2926,28,94,Rich,2,Slow,3,2.0,10.0,8.0,100
2927,28,95,Rich,3,Shigh,0,6.0,10.0,4.0,67
2928,28,95,Rich,0,Slow,4,2.0,4.0,2.0,102
2929,28,96,Rich,1,Slow,0,2.0,10.0,8.0,104
2930,28,96,Rich,3,Shigh,2,6.0,8.0,2.0,66
2931,28,97,Rich,0,Slow,4,2.0,10.0,8.0,101
2932,28,98,Rich,0,Slow,0,2.0,10.0,8.0,100
2933,28,98,Rich,1,Slow,1,2.0,8.0,6.0,103
2934,28,98,Rich,2,Slow,4,2.0,6.0,4.0,99
2935,28,99,Rich,3,Shigh,3,6.0,10.0,4.0,65
2936,29,1,Poor,2,Slow,4,2.0,3.0,1.0,129
2937,29,2,Poor,0,Slow,2,2.0,3.0,1.0,129
2938,29,3,Poor,1,Slow,0,2.0,3.0,1.0,129
2939,29,5,Poor,0,Slow,1,2.0,3.0,1.0,128
2940,29,6,Poor,1,Slow,3,2.0,3.0,1.0,128
2941,29,7,Poor,0,Slow,1,2.0,3.0,1.0,127
2942,29,8,Poor,1,Slow,1,2.0,3.0,1.0,127
2943,29,9,Poor,0,Slow,1,2.0,3.0,1.0,126
2944,29,10,Poor,0,Slow,1,2.0,3.0,1.0,125
2945,29,11,Poor,0,Slow,0,2.0,3.0,1.0,124
2946,29,12,Poor,0,Slow,0,2.0,3.0,1.0,123
2947,29,13,Poor,1,Slow,4,2.0,3.0,1.0,126
2948,29,14,Poor,0,Slow,0,2.0,3.0,1.0,122
2949,29,15,Poor,0,Slow,0,2.0,3.0,1.0,121
2950,29,17,Poor,1,Slow,0,2.0,3.0,1.0,125
2951,29,18,Poor,2,Slow,1,2.0,3.0,1.0,128
2952,29,20,Poor,2,Slow,0,2.0,3.0,1.0,127
2953,29,21,Poor,2,Slow,3,2.0,3.0,1.0,126
2954,29,23,Poor,2,Slow,0,2.0,3.0,1.0,125
2955,29,24,Poor,1,Slow,1,2.0,3.0,1.0,124
2956,29,25,Poor,0,Slow,3,2.0,3.0,1.0,120
2957,29,26,Poor,0,Slow,2,2.0,3.0,1.0,119
2958,29,27,Poor,2,Slow,3,2.0,3.0,1.0,124
2959,29,28,Poor,2,Slow,3,2.0,3.0,1.0,123
2960,29,29,Poor,0,Slow,0,2.0,3.0,1.0,118
2961,29,32,Poor,0,Slow,0,2.0,3.0,1.0,117
2962,29,33,Poor,1,Slow,3,2.0,3.0,1.0,123
2963,29,34,Poor,1,Slow,0,2.0,3.0,1.0,122
2964,29,35,Poor,0,Slow,2,2.0,3.0,1.0,116
2965,29,36,Poor,1,Slow,3,2.0,3.0,1.0,121
2966,29,38,Poor,2,Slow,3,2.0,3.0,1.0,122
2967,29,39,Poor,2,Slow,0,2.0,3.0,1.0,121
2968,29,40,Poor,2,Slow,0,2.0,3.0,1.0,120
2969,29,42,Poor,1,Slow,0,2.0,3.0,1.0,120
2970,29,43,Poor,1,Slow,2,2.0,3.0,1.0,119
2971,29,44,Poor,1,Slow,0,2.0,3.0,1.0,118
2972,29,45,Poor,2,Slow,1,2.0,3.0,1.0,119
2973,29,46,Poor,1,Slow,0,2.0,3.0,1.0,117
2974,29,47,Poor,2,Slow,2,2.0,3.0,1.0,118
2975,29,48,Poor,2,Slow,0,2.0,3.0,1.0,117
2976,29,50,Poor,1,Slow,3,2.0,3.0,1.0,116
2977,29,51,Poor,0,Slow,1,2.0,3.0,1.0,115
2978,29,52,Poor,0,Slow,0,2.0,3.0,1.0,114
2979,29,53,Poor,1,Slow,0,2.0,3.0,1.0,115
2980,29,54,Poor,0,Slow,0,2.0,3.0,1.0,113
2981,29,55,Poor,2,Slow,0,2.0,3.0,1.0,116
2982,29,57,Poor,2,Slow,4,2.0,3.0,1.0,115
2983,29,59,Poor,2,Slow,0,2.0,3.0,1.0,114
2984,29,60,Poor,1,Slow,1,2.0,3.0,1.0,114
2985,29,61,Poor,2,Slow,1,2.0,3.0,1.0,113
2986,29,62,Poor,1,Slow,3,2.0,3.0,1.0,113
2987,29,63,Poor,0,Slow,2,2.0,3.0,1.0,112
2988,29,64,Poor,2,Slow,3,2.0,3.0,1.0,112
2989,29,65,Poor,2,Slow,2,2.0,3.0,1.0,111
2990,29,66,Poor,1,Slow,1,2.0,3.0,1.0,112
2991,29,67,Poor,1,Slow,2,2.0,3.0,1.0,111
2992,29,68,Poor,1,Slow,2,2.0,3.0,1.0,110
2993,29,70,Middle,0,Slow,1,2.0,7.0,5.0,111
2994,29,71,Middle,2,Slow,2,2.0,7.0,5.0,110
2995,29,71,Middle,1,Slow,3,2.0,5.0,3.0,109
2996,29,72,Middle,2,Slow,0,2.0,7.0,5.0,109
2997,29,72,Middle,0,Slow,1,2.0,5.0,3.0,110
2998,29,73,Middle,1,Slow,1,2.0,7.0,5.0,108
2999,29,74,Middle,1,Slow,0,2.0,7.0,5.0,107
3000,29,74,Middle,2,Slow,4,2.0,5.0,3.0,108
3001,29,75,Middle,2,Slow,3,2.0,7.0,5.0,107
3002,29,76,Middle,3,Shigh,3,6.0,7.0,1.0,69
3003,29,77,Middle,1,Slow,1,2.0,7.0,5.0,106
3004,29,77,Middle,2,Slow,4,2.0,5.0,3.0,106
3005,29,78,Middle,1,Slow,0,2.0,7.0,5.0,105
3006,29,79,Middle,3,Shigh,2,6.0,7.0,1.0,68
3007,29,80,Middle,2,Slow,4,2.0,7.0,5.0,105
3008,29,81,Middle,1,Slow,0,2.0,7.0,5.0,104
3009,29,82,Middle,1,Slow,2,2.0,7.0,5.0,103
3010,29,83,Middle,0,Slow,2,2.0,7.0,5.0,109
3011,29,83,Middle,2,Slow,4,2.0,5.0,3.0,104
3012,29,84,Middle,2,Slow,1,2.0,7.0,5.0,103
3013,29,85,Middle,3,Shigh,1,6.0,7.0,1.0,67
3014,29,86,Middle,0,Slow,1,2.0,7.0,5.0,108
3015,29,86,Middle,2,Slow,3,2.0,5.0,3.0,102
3016,29,87,Middle,4,Shigh,1,6.0,7.0,1.0,69
3017,29,88,Middle,0,Slow,0,2.0,7.0,5.0,107
3018,29,88,Middle,2,Slow,3,2.0,5.0,3.0,101
3019,29,89,Middle,1,Slow,0,2.0,7.0,5.0,102
3020,29,89,Middle,0,Slow,1,2.0,5.0,3.0,106
3021,29,90,Rich,4,Shigh,0,6.0,10.0,4.0,68
3022,29,90,Rich,2,Slow,1,2.0,4.0,2.0,100
3023,29,91,Rich,3,Shigh,0,6.0,10.0,4.0,66
3024,29,91,Rich,2,Slow,4,2.0,4.0,2.0,99
3025,29,92,Rich,4,Shigh,1,6.0,10.0,4.0,67
3026,29,92,Rich,1,Slow,4,2.0,4.0,2.0,101
3027,29,93,Rich,1,Slow,0,2.0,10.0,8.0,100
3028,29,93,Rich,4,Shigh,3,6.0,8.0,2.0,66
3029,29,94,Rich,0,Slow,1,2.0,10.0,8.0,105
3030,29,94,Rich,2,Slow,4,2.0,8.0,6.0,98
3031,29,95,Rich,0,Slow,2,2.0,10.0,8.0,104
3032,29,95,Rich,2,Slow,3,2.0,8.0,6.0,97
3033,29,96,Rich,3,Shigh,0,6.0,10.0,4.0,65
3034,29,96,Rich,2,Slow,4,2.0,4.0,2.0,96
3035,29,97,Rich,4,Shigh,0,6.0,10.0,4.0,65
3036,29,97,Rich,1,Slow,2,2.0,4.0,2.0,99
3037,29,98,Rich,4,Shigh,1,6.0,10.0,4.0,64
3038,29,99,Rich,2,Slow,0,2.0,10.0,8.0,95
3039,29,99,Rich,4,Shigh,1,6.0,8.0,2.0,63
3040,29,99,Rich,0,Slow,4,2.0,2.0,0.0,103
