transaction_id,seed,buyer_id,buyer_class,seller_id,seller_class,visit_order,price,budget_before,budget_after,seller_inventory_after
0,0,0,Poor,1,Slow,0,2.0,2.855568251059932,0.8555682510599318,129
1,0,1,Poor,0,Slow,2,2.0,2.8802708223662408,0.8802708223662408,129
2,0,2,Poor,0,Slow,4,2.0,3.135343130364019,1.135343130364019,128
3,0,3,Poor,0,Slow,3,2.0,3.2738648916286124,1.2738648916286124,127
4,0,4,Poor,2,Slow,1,2.0,3.2927620011803103,1.2927620011803103,129
5,0,5,Poor,2,Slow,1,2.0,2.9146614930741417,0.9146614930741417,128
6,0,6,Poor,0,Slow,2,2.0,2.876395471873083,0.8763954718730829,126
7,0,7,Poor,1,Slow,3,2.0,2.8877816124740407,0.8877816124740407,128
8,0,8,Poor,0,Slow,0,2.0,2.825432787799515,0.8254327877995151,125
9,0,9,Poor,0,Slow,4,2.0,3.5291456301569264,1.5291456301569264,124
10,0,10,Poor,2,Slow,0,2.0,3.222214128502703,1.2222141285027028,127
11,0,11,Poor,2,Slow,2,2.0,3.1186264915375723,1.1186264915375723,126
12,0,13,Poor,1,Slow,1,2.0,3.4917974768877826,1.4917974768877826,127
13,0,14,Poor,1,Slow,2,2.0,2.670951459663922,0.6709514596639221,126
14,0,15,Poor,2,Slow,1,2.0,2.927196380668636,0.9271963806686361,125
15,0,17,Poor,1,Slow,0,2.0,3.150836988467887,1.150836988467887,125
16,0,19,Poor,0,Slow,1,2.0,2.9619399760432135,0.9619399760432135,123
17,0,21,Poor,0,Slow,4,2.0,3.317906580814676,1.3179065808146762,122
18,0,22,Poor,1,Slow,4,2.0,3.077269701963367,1.0772697019633668,124
19,0,23,Poor,1,Slow,1,2.0,2.524852761482646,0.5248527614826459,123
20,0,24,Poor,0,Slow,0,2.0,3.048700345606631,1.048700345606631,121
21,0,27,Poor,1,Slow,4,2.0,2.99110150084376,0.9911015008437598,122
22,0,28,Poor,0,Slow,4,2.0,2.945725289242497,0.945725289242497,120
23,0,30,Poor,2,Slow,1,2.0,4.151558442737377,2.151558442737377,124
24,0,31,Poor,2,Slow,4,2.0,2.8259551293946994,0.8259551293946994,123
25,0,34,Poor,0,Slow,0,2.0,3.0202242280934373,1.0202242280934373,119
26,0,35,Poor,0,Slow,1,2.0,2.5476404157065833,0.5476404157065833,118
27,0,36,Poor,2,Slow,3,2.0,3.0313585691734044,1.0313585691734044,122
28,0,37,Poor,0,Slow,1,2.0,2.996700565652933,0.9967005656529331,117
29,0,38,Poor,1,Slow,3,2.0,3.2806195408253047,1.2806195408253047,121
30,0,39,Poor,1,Slow,1,2.0,2.9817828486905134,0.9817828486905134,120
31,0,41,Poor,1,Slow,4,2.0,3.1984371830202094,1.1984371830202094,119
32,0,42,Poor,2,Slow,0,2.0,2.980864513000685,0.980864513000685,121
33,0,44,Poor,0,Slow,2,2.0,2.7833476596555577,0.7833476596555577,116
34,0,45,Poor,0,Slow,2,2.0,2.6446016361212923,0.6446016361212923,115
35,0,49,Poor,2,Slow,1,2.0,2.9158116481038663,0.9158116481038663,120
36,0,50,Poor,2,Slow,2,2.0,2.8770059373262846,0.8770059373262846,119
37,0,52,Poor,1,Slow,2,2.0,2.686826348486744,0.6868263484867438,118
38,0,54,Poor,0,Slow,0,2.0,3.4771189039498656,1.4771189039498656,114
39,0,55,Poor,0,Slow,4,2.0,3.087056009279757,1.087056009279757,113
40,0,57,Poor,2,Slow,0,2.0,3.2894532647191523,1.2894532647191523,118
41,0,59,Poor,0,Slow,0,2.0,3.135011780463794,1.135011780463794,112
42,0,60,Poor,1,Slow,0,2.0,3.7790769233708823,1.7790769233708823,117
43,0,64,Poor,1,Slow,1,2.0,3.3626652189762822,1.3626652189762822,116
44,0,66,Poor,1,Slow,0,2.0,2.9247780159935703,0.9247780159935703,115
45,0,70,Middle,3,Shigh,2,6.0,7.09889698464928,1.0988969846492802,69
46,0,71,Middle,1,Slow,0,2.0,6.272125540401833,4.272125540401833,114
47,0,71,Middle,2,Slow,1,2.0,4.272125540401833,2.2721255404018326,117
48,0,71,Middle,0,Slow,3,2.0,2.2721255404018326,0.27212554040183257,111
49,0,72,Middle,1,Slow,0,2.0,6.621606429908594,4.621606429908594,113
50,0,72,Middle,4,Shigh,1,4.199999999999999,4.621606429908594,0.42160642990859465,69
51,0,73,Middle,2,Slow,1,2.0,6.650177955568674,4.650177955568674,116
52,0,73,Middle,1,Slow,3,2.0,4.650177955568674,2.650177955568674,112
53,0,75,Middle,1,Slow,0,2.0,6.871619380157637,4.871619380157637,111
54,0,75,Middle,2,Slow,2,2.0,4.871619380157637,2.871619380157637,115
55,0,75,Middle,0,Slow,3,2.0,2.871619380157637,0.8716193801576368,110
56,0,76,Middle,2,Slow,4,2.0,6.484098500636306,4.484098500636306,114
57,0,77,Middle,4,Shigh,4,4.199999999999999,5.207683218348504,1.0076832183485047,68
58,0,78,Middle,1,Slow,2,2.0,8.165532339586948,6.165532339586948,110
59,0,79,Middle,1,Slow,2,2.0,6.835921054243659,4.835921054243659,109
60,0,80,Middle,2,Slow,2,2.0,6.137038920722078,4.137038920722078,113
61,0,80,Middle,1,Slow,4,2.0,4.137038920722078,2.1370389207220777,108
62,0,81,Middle,4,Shigh,4,4.199999999999999,7.00142047553926,2.8014204755392607,67
63,0,82,Middle,2,Slow,0,2.0,7.800858049505999,5.800858049505999,112
64,0,82,Middle,1,Slow,1,2.0,5.800858049505999,3.800858049505999,107
65,0,83,Middle,1,Slow,1,2.0,6.717477494387878,4.717477494387878,106
66,0,83,Middle,2,Slow,4,2.0,4.717477494387878,2.717477494387878,111
67,0,84,Middle,0,Slow,3,2.0,6.466858950972013,4.466858950972013,109
68,0,86,Middle,1,Slow,1,2.0,5.296802880040796,3.2968028800407962,105
69,0,87,Middle,3,Shigh,1,6.0,6.219665955678909,0.21966595567890934,68
70,0,88,Middle,4,Shigh,0,4.199999999999999,8.616710407022133,4.4167104070221335,66
71,0,88,Middle,2,Slow,2,2.0,4.4167104070221335,2.4167104070221335,110
72,0,89,Middle,1,Slow,4,2.0,5.670419205031264,3.670419205031264,104
73,0,90,Rich,2,Slow,1,2.0,11.478018789976838,9.478018789976838,109
74,0,90,Rich,1,Slow,3,2.0,9.478018789976838,7.478018789976838,103
75,0,90,Rich,3,Shigh,4,6.0,7.478018789976838,1.4780187899768382,67
76,0,91,Rich,1,Slow,0,2.0,9.59219892268401,7.592198922684011,102
77,0,91,Rich,3,Shigh,1,6.0,7.592198922684011,1.5921989226840108,66
78,0,92,Rich,2,Slow,0,2.0,11.215204052589513,9.215204052589513,108
79,0,92,Rich,1,Slow,1,2.0,9.215204052589513,7.215204052589513,101
80,0,92,Rich,0,Slow,2,2.0,7.215204052589513,5.215204052589513,108
81,0,92,Rich,4,Shigh,3,4.199999999999999,5.215204052589513,1.0152040525895139,65
82,0,93,Rich,0,Slow,1,2.0,10.503521023957262,8.503521023957262,107
83,0,93,Rich,3,Shigh,3,6.0,8.503521023957262,2.503521023957262,65
84,0,95,Rich,3,Shigh,0,6.0,10.217960081805087,4.217960081805087,64
85,0,95,Rich,1,Slow,1,2.0,4.217960081805087,2.217960081805087,100
86,0,95,Rich,2,Slow,3,2.0,2.217960081805087,0.21796008180508686,107
87,0,96,Rich,0,Slow,1,2.0,10.413496424219566,8.413496424219566,106
88,0,96,Rich,4,Shigh,2,4.199999999999999,8.413496424219566,4.213496424219567,64
89,0,96,Rich,1,Slow,4,2.0,4.213496424219567,2.213496424219567,99
90,0,97,Rich,4,Shigh,0,4.199999999999999,11.342268822010302,7.142268822010303,63
91,0,97,Rich,2,Slow,2,2.0,7.142268822010303,5.142268822010303,106
92,0,98,Rich,2,Slow,1,2.0,7.565653259603267,5.565653259603267,105
93,0,99,Rich,4,Shigh,1,4.199999999999999,10.313491968365483,6.113491968365484,62
94,0,99,Rich,3,Shigh,2,6.0,6.113491968365484,0.11349196836548359,63
95,1,1,Poor,0,Slow,3,2.0,3.224972865345306,1.2249728653453058,129
96,1,3,Poor,1,Slow,1,2.0,3.3980738746208305,1.3980738746208305,129
97,1,5,Poor,0,Slow,0,2.0,3.1266101475386225,1.1266101475386225,128
98,1,7,Poor,0,Slow,1,2.0,3.435678070511856,1.4356780705118561,127
99,1,8,Poor,1,Slow,1,2.0,2.5212313033319864,0.5212313033319864,128
100,1,9,Poor,2,Slow,0,2.0,2.962852803758378,0.9628528037583779,129
101,1,10,Poor,0,Slow,1,2.0,3.1734427599493062,1.1734427599493062,126
102,1,11,Poor,2,Slow,3,2.0,2.9491442260196408,0.9491442260196408,128
103,1,12,Poor,1,Slow,0,2.0,3.0014926259052417,1.0014926259052417,127
104,1,13,Poor,1,Slow,0,2.0,2.5647533121319306,0.5647533121319306,126
105,1,14,Poor,0,Slow,0,2.0,3.1912998659996226,1.1912998659996226,125
106,1,15,Poor,1,Slow,4,2.0,2.6902463398499776,0.6902463398499776,125
107,1,16,Poor,0,Slow,1,2.0,2.8581672382274794,0.8581672382274794,124
108,1,17,Poor,1,Slow,3,2.0,3.2121199763173425,1.2121199763173425,124
109,1,19,Poor,2,Slow,1,2.0,3.3220837833498678,1.3220837833498678,127
110,1,20,Poor,1,Slow,1,2.0,2.7889869517065873,0.7889869517065873,123
111,1,21,Poor,0,Slow,4,2.0,2.656280356498553,0.6562803564985531,123
112,1,23,Poor,1,Slow,2,2.0,2.6276635859042554,0.6276635859042554,122
113,1,24,Poor,1,Slow,2,2.0,3.228517209163914,1.2285172091639138,121
114,1,26,Poor,1,Slow,0,2.0,3.0370050909044575,1.0370050909044575,120
115,1,27,Poor,2,Slow,2,2.0,3.1656114432768607,1.1656114432768607,126
116,1,28,Poor,1,Slow,2,2.0,2.746622822564922,0.7466228225649219,119
117,1,29,Poor,0,Slow,0,2.0,2.704696845808769,0.704696845808769,122
118,1,31,Poor,2,Slow,3,2.0,2.803596013122837,0.8035960131228368,125
119,1,32,Poor,0,Slow,1,2.0,3.1669496545918276,1.1669496545918276,121
120,1,33,Poor,1,Slow,2,2.0,3.213436954388167,1.213436954388167,118
121,1,34,Poor,1,Slow,1,2.0,2.6180427064696126,0.6180427064696126,117
122,1,35,Poor,0,Slow,1,2.0,2.9167877436568137,0.9167877436568137,120
123,1,36,Poor,0,Slow,0,2.0,3.2320891087258294,1.2320891087258294,119
124,1,37,Poor,1,Slow,1,2.0,3.352341162387028,1.3523411623870278,116
125,1,39,Poor,1,Slow,3,2.0,3.1373556816202717,1.1373556816202717,115
126,1,40,Poor,0,Slow,0,2.0,2.7461242976494966,0.7461242976494966,118
127,1,41,Poor,0,Slow,3,2.0,2.3871559559416946,0.3871559559416946,117
128,1,43,Poor,0,Slow,1,2.0,2.432628421690346,0.432628421690346,116
129,1,45,Poor,1,Slow,0,2.0,3.7407012882826853,1.7407012882826853,114
130,1,46,Poor,0,Slow,0,2.0,2.5903012755866097,0.5903012755866097,115
131,1,47,Poor,1,Slow,1,2.0,2.720547824632264,0.7205478246322641,113
132,1,48,Poor,1,Slow,0,2.0,2.6930715008487613,0.6930715008487613,112
133,1,50,Poor,0,Slow,0,2.0,2.768264629308873,0.7682646293088728,114
134,1,51,Poor,0,Slow,1,2.0,2.8979471772198875,0.8979471772198875,113
135,1,55,Poor,1,Slow,4,2.0,2.6207381142824255,0.6207381142824255,111
136,1,57,Poor,1,Slow,0,2.0,3.0082655390932196,1.0082655390932196,110
137,1,58,Poor,0,Slow,2,2.0,3.48559215749218,1.4855921574921802,112
138,1,59,Poor,0,Slow,4,2.0,2.201081101988236,0.20108110198823592,111
139,1,64,Poor,2,Slow,3,2.0,3.127030097868585,1.1270300978685852,124
140,1,65,Poor,2,Slow,0,2.0,2.7651439662505757,0.7651439662505757,123
141,1,66,Poor,0,Slow,3,2.0,2.7113133371787317,0.7113133371787317,110
142,1,67,Poor,0,Slow,0,2.0,2.764308051873695,0.7643080518736949,109
143,1,68,Poor,0,Slow,2,2.0,2.7613907217628344,0.7613907217628344,108
144,1,70,Middle,1,Slow,3,2.0,7.393422304727978,5.393422304727978,109
145,1,71,Middle,2,Slow,3,2.0,6.152173059811454,4.152173059811454,122
146,1,71,Middle,1,Slow,4,2.0,4.152173059811454,2.152173059811454,108
147,1,72,Middle,3,Shigh,1,6.0,7.1016328069640755,1.1016328069640755,69
148,1,73,Middle,0,Slow,2,2.0,6.383459416099725,4.383459416099725,107
149,1,73,Middle,1,Slow,4,2.0,4.383459416099725,2.3834594160997247,107
150,1,75,Middle,4,Shigh,2,4.199999999999999,6.2109953349754985,2.010995334975499,69
151,1,75,Middle,2,Slow,3,2.0,2.010995334975499,0.010995334975499205,121
152,1,76,Middle,2,Slow,1,2.0,6.502747555916389,4.502747555916389,120
153,1,76,Middle,1,Slow,2,2.0,4.502747555916389,2.5027475559163888,106
154,1,77,Middle,1,Slow,2,2.0,7.679181815723318,5.679181815723318,105
155,1,77,Middle,0,Slow,4,2.0,5.679181815723318,3.679181815723318,106
156,1,78,Middle,1,Slow,0,2.0,8.563928267952411,6.563928267952411,104
157,1,78,Middle,0,Slow,1,2.0,6.563928267952411,4.563928267952411,105
158,1,79,Middle,2,Slow,2,2.0,7.867046232955942,5.867046232955942,119
159,1,81,Middle,3,Shigh,0,6.0,7.342068412879594,1.3420684128795939,68
160,1,82,Middle,1,Slow,1,2.0,6.8021311574061984,4.8021311574061984,103
161,1,82,Middle,2,Slow,4,2.0,4.8021311574061984,2.8021311574061984,118
162,1,83,Middle,1,Slow,0,2.0,6.43923843011021,4.43923843011021,102
163,1,83,Middle,4,Shigh,2,4.199999999999999,4.43923843011021,0.23923843011021084,68
164,1,84,Middle,0,Slow,4,2.0,7.3458698955347765,5.3458698955347765,104
165,1,85,Middle,2,Slow,0,2.0,6.788056000055962,4.788056000055962,117
166,1,86,Middle,3,Shigh,1,6.0,6.280278252498289,0.28027825249828897,67
167,1,88,Middle,0,Slow,0,2.0,7.901360297545619,5.901360297545619,103
168,1,88,Middle,4,Shigh,4,4.199999999999999,5.901360297545619,1.7013602975456195,67
169,1,89,Middle,2,Slow,0,2.0,6.78662332780513,4.78662332780513,116
170,1,90,Rich,1,Slow,2,2.0,9.287900786481698,7.287900786481698,101
171,1,91,Rich,2,Slow,0,2.0,9.06039514634032,7.060395146340319,115
172,1,91,Rich,1,Slow,1,2.0,7.060395146340319,5.060395146340319,100
173,1,92,Rich,3,Shigh,1,6.0,12.109913324705358,6.109913324705358,66
174,1,92,Rich,2,Slow,4,2.0,6.109913324705358,4.109913324705358,114
175,1,93,Rich,0,Slow,1,2.0,8.919514667412823,6.919514667412823,102
176,1,93,Rich,1,Slow,3,2.0,6.919514667412823,4.919514667412823,99
177,1,94,Rich,3,Shigh,0,6.0,10.39376848693372,4.39376848693372,65
178,1,94,Rich,4,Shigh,1,4.199999999999999,4.39376848693372,0.1937684869337204,66
179,1,95,Rich,3,Shigh,1,6.0,10.290953245175478,4.290953245175478,64
180,1,95,Rich,4,Shigh,2,4.199999999999999,4.290953245175478,0.09095324517547887,65
181,1,96,Rich,1,Slow,0,2.0,8.882285302869239,6.882285302869239,98
182,1,96,Rich,3,Shigh,1,6.0,6.882285302869239,0.8822853028692386,63
183,1,97,Rich,0,Slow,1,2.0,11.166921902490333,9.166921902490333,101
184,1,98,Rich,4,Shigh,0,4.199999999999999,11.933644724110465,7.733644724110466,64
185,1,98,Rich,1,Slow,3,2.0,7.733644724110466,5.733644724110466,97
186,1,99,Rich,1,Slow,3,2.0,9.890351648820957,7.890351648820957,96
187,2,1,Poor,1,Slow,0,2.0,2.88388931412876,0.8838893141287598,129
188,2,2,Poor,1,Slow,1,2.0,3.175724772590903,1.175724772590903,128
189,2,3,Poor,0,Slow,3,2.0,3.3005079347635804,1.3005079347635804,129
190,2,5,Poor,0,Slow,1,2.0,3.474618219650128,1.4746182196501278,128
191,2,6,Poor,0,Slow,1,2.0,3.2702177375033212,1.2702177375033212,127
192,2,7,Poor,1,Slow,1,2.0,2.970288706519804,0.970288706519804,127
193,2,8,Poor,0,Slow,0,2.0,3.1219479942395867,1.1219479942395867,126
194,2,10,Poor,0,Slow,4,2.0,3.062503570575013,1.062503570575013,125
195,2,11,Poor,2,Slow,4,2.0,2.8269215680133266,0.8269215680133266,129
196,2,12,Poor,0,Slow,0,2.0,2.582660641830525,0.5826606418305249,124
197,2,13,Poor,0,Slow,4,2.0,3.3039857978969933,1.3039857978969933,123
198,2,15,Poor,1,Slow,1,2.0,3.123859596784768,1.1238595967847682,126
199,2,17,Poor,2,Slow,1,2.0,3.5098985672367755,1.5098985672367755,128
200,2,18,Poor,0,Slow,4,2.0,2.569921201434243,0.569921201434243,122
201,2,19,Poor,0,Slow,1,2.0,3.2344656205485838,1.2344656205485838,121
202,2,20,Poor,0,Slow,0,2.0,3.0937733249119277,1.0937733249119277,120
203,2,23,Poor,0,Slow,4,2.0,2.6640037950054993,0.6640037950054993,119
204,2,24,Poor,0,Slow,4,2.0,3.0660092011001114,1.0660092011001114,118
205,2,25,Poor,1,Slow,0,2.0,2.9237759448920557,0.9237759448920557,125
206,2,26,Poor,2,Slow,1,2.0,3.0384426643578406,1.0384426643578406,127
207,2,27,Poor,1,Slow,3,2.0,3.3722153761421287,1.3722153761421287,124
208,2,28,Poor,0,Slow,4,2.0,3.4880246991318207,1.4880246991318207,117
209,2,29,Poor,2,Slow,1,2.0,3.0865894162741636,1.0865894162741636,126
210,2,31,Poor,1,Slow,1,2.0,3.298336466191978,1.2983364661919778,123
211,2,32,Poor,2,Slow,4,2.0,3.705133757595829,1.7051337575958292,125
212,2,33,Poor,1,Slow,2,2.0,3.3566511712217335,1.3566511712217335,122
213,2,34,Poor,1,Slow,3,2.0,3.1106665234274313,1.1106665234274313,121
214,2,35,Poor,1,Slow,0,2.0,2.6650976295048627,0.6650976295048627,120
215,2,37,Poor,0,Slow,1,2.0,3.3105988646733655,1.3105988646733655,116
216,2,38,Poor,0,Slow,1,2.0,2.8055557788447043,0.8055557788447043,115
217,2,39,Poor,2,Slow,2,2.0,3.0464954812498655,1.0464954812498655,124
218,2,41,Poor,0,Slow,1,2.0,3.239121239448444,1.239121239448444,114
219,2,42,Poor,0,Slow,2,2.0,2.3105851763190457,0.3105851763190457,113
220,2,43,Poor,1,Slow,4,2.0,3.217911010325085,1.2179110103250852,119
221,2,44,Poor,0,Slow,0,2.0,3.141092972601387,1.141092972601387,112
222,2,46,Poor,1,Slow,3,2.0,3.15974461905982,1.1597446190598202,118
223,2,47,Poor,0,Slow,4,2.0,3.0185890939613578,1.0185890939613578,111
224,2,48,Poor,2,Slow,2,2.0,3.484478392809288,1.484478392809288,123
225,2,49,Poor,0,Slow,2,2.0,3.3081870389844266,1.3081870389844266,110
226,2,50,Poor,0,Slow,1,2.0,3.0618646125958016,1.0618646125958016,109
227,2,52,Poor,2,Slow,2,2.0,2.4647590233704535,0.4647590233704535,122
228,2,54,Poor,2,Slow,0,2.0,2.4973016207691607,0.49730162076916073,121
229,2,56,Poor,1,Slow,4,2.0,2.8275013615788716,0.8275013615788716,117
230,2,58,Poor,2,Slow,3,2.0,2.6206246928830015,0.6206246928830015,120
231,2,60,Poor,2,Slow,2,2.0,3.392165622760913,1.392165622760913,119
232,2,62,Poor,1,Slow,4,2.0,3.416601513343438,1.416601513343438,116
233,2,63,Poor,2,Slow,2,2.0,3.005876367729095,1.005876367729095,118
234,2,64,Poor,1,Slow,0,2.0,3.552357479059817,1.552357479059817,115
235,2,65,Poor,2,Slow,1,2.0,3.8000022012090477,1.8000022012090477,117
236,2,66,Poor,0,Slow,1,2.0,3.168431227136525,1.1684312271365251,108
237,2,67,Poor,2,Slow,3,2.0,3.1813914265224645,1.1813914265224645,116
238,2,68,Poor,1,Slow,3,2.0,3.2755831743800283,1.2755831743800283,114
239,2,69,Poor,1,Slow,3,2.0,3.443362391588751,1.4433623915887508,113
240,2,70,Middle,2,Slow,1,2.0,7.697062429469926,5.697062429469926,115
241,2,71,Middle,1,Slow,0,2.0,6.400261824270815,4.400261824270815,112
242,2,72,Middle,0,Slow,3,2.0,8.286260991826138,6.286260991826138,107
243,2,73,Middle,0,Slow,0,2.0,5.9550390825827995,3.9550390825827995,106
244,2,73,Middle,2,Slow,1,2.0,3.9550390825827995,1.9550390825827995,114
245,2,75,Middle,0,Slow,1,2.0,7.08261299794051,5.08261299794051,105
246,2,75,Middle,4,Shigh,2,4.199999999999999,5.08261299794051,0.8826129979405106,69
247,2,77,Middle,0,Slow,1,2.0,6.6697953475107905,4.6697953475107905,104
248,2,78,Middle,4,Shigh,0,4.199999999999999,8.192397863634415,3.992397863634416,68
249,2,78,Middle,2,Slow,3,2.0,3.992397863634416,1.992397863634416,113
250,2,79,Middle,1,Slow,0,2.0,7.950673780933306,5.950673780933306,111
251,2,79,Middle,0,Slow,2,2.0,5.950673780933306,3.9506737809333057,103
252,2,80,Middle,0,Slow,1,2.0,6.833495474984061,4.833495474984061,102
253,2,80,Middle,1,Slow,2,2.0,4.833495474984061,2.833495474984061,110
254,2,81,Middle,0,Slow,2,2.0,7.294391213499349,5.294391213499349,101
255,2,82,Middle,4,Shigh,0,4.199999999999999,8.566285232085967,4.366285232085968,67
256,2,82,Middle,0,Slow,2,2.0,4.366285232085968,2.3662852320859677,100
257,2,86,Middle,3,Shigh,1,6.0,6.524403493343891,0.5244034933438906,69
258,2,87,Middle,1,Slow,0,2.0,7.7143708628538565,5.7143708628538565,109
259,2,87,Middle,0,Slow,1,2.0,5.7143708628538565,3.7143708628538565,99
260,2,87,Middle,2,Slow,3,2.0,3.7143708628538565,1.7143708628538565,112
261,2,88,Middle,1,Slow,2,2.0,7.620324463755277,5.620324463755277,108
262,2,89,Middle,3,Shigh,1,6.0,8.176701410494402,2.1767014104944025,68
263,2,89,Middle,1,Slow,3,2.0,2.1767014104944025,0.17670141049440247,107
264,2,90,Rich,3,Shigh,0,6.0,8.240922589250834,2.240922589250834,67
265,2,91,Rich,2,Slow,0,2.0,9.430956985771342,7.430956985771342,111
266,2,91,Rich,1,Slow,3,2.0,7.430956985771342,5.430956985771342,106
267,2,92,Rich,1,Slow,2,2.0,9.481815437201975,7.481815437201975,105
268,2,92,Rich,0,Slow,3,2.0,7.481815437201975,5.481815437201975,98
269,2,93,Rich,1,Slow,3,2.0,9.526148869503613,7.526148869503613,104
270,2,93,Rich,0,Slow,4,2.0,7.526148869503613,5.526148869503613,97
271,2,94,Rich,1,Slow,2,2.0,9.85615756114486,7.85615756114486,103
272,2,94,Rich,2,Slow,4,2.0,7.85615756114486,5.85615756114486,110
273,2,95,Rich,1,Slow,0,2.0,10.644234010341,8.644234010341,102
274,2,95,Rich,3,Shigh,1,6.0,8.644234010341,2.644234010341,66
275,2,96,Rich,0,Slow,0,2.0,9.578796865681912,7.5787968656819125,96
276,2,96,Rich,4,Shigh,2,4.199999999999999,7.5787968656819125,3.378796865681913,66
277,2,96,Rich,1,Slow,4,2.0,3.378796865681913,1.3787968656819132,101
278,2,97,Rich,3,Shigh,0,6.0,8.328444439914309,2.3284444399143087,65
279,2,97,Rich,0,Slow,1,2.0,2.3284444399143087,0.3284444399143087,95
280,2,98,Rich,4,Shigh,1,4.199999999999999,11.318389393114677,7.118389393114677,65
281,2,98,Rich,1,Slow,4,2.0,7.118389393114677,5.118389393114677,100
282,2,99,Rich,0,Slow,1,2.0,9.830722425278621,7.830722425278621,94
283,2,99,Rich,2,Slow,3,2.0,7.830722425278621,5.830722425278621,109
284,3,0,Poor,2,Slow,0,2.0,2.452807069142904,0.4528070691429038,129
285,3,1,Poor,0,Slow,1,2.0,3.152925325496202,1.1529253254962022,129
286,3,3,Poor,0,Slow,4,2.0,3.474396511786983,1.474396511786983,128
287,3,4,Poor,2,Slow,0,2.0,2.8769561874509866,0.8769561874509866,128
288,3,6,Poor,1,Slow,1,2.0,2.5636687772381523,0.5636687772381523,129
289,3,7,Poor,1,Slow,4,2.0,2.8412864083082088,0.8412864083082088,128
290,3,8,Poor,0,Slow,1,2.0,2.88737391328002,0.8873739132800198,127
291,3,9,Poor,1,Slow,0,2.0,3.3867495712387385,1.3867495712387385,127
292,3,10,Poor,0,Slow,0,2.0,2.9312491008292096,0.9312491008292096,126
293,3,11,Poor,0,Slow,4,2.0,2.7748129161123436,0.7748129161123436,125
294,3,12,Poor,1,Slow,2,2.0,2.476758462858301,0.4767584628583008,126
295,3,14,Poor,2,Slow,3,2.0,2.6849483711795505,0.6849483711795505,127
296,3,15,Poor,1,Slow,3,2.0,2.1675615468996776,0.16756154689967762,125
297,3,17,Poor,0,Slow,2,2.0,3.077999406485917,1.077999406485917,124
298,3,19,Poor,1,Slow,2,2.0,3.0514865529988655,1.0514865529988655,124
299,3,20,Poor,2,Slow,3,2.0,2.8721291790333416,0.8721291790333416,126
300,3,23,Poor,1,Slow,1,2.0,3.1500330060672446,1.1500330060672446,123
301,3,24,Poor,2,Slow,0,2.0,2.8853128287968763,0.8853128287968763,125
302,3,25,Poor,1,Slow,1,2.0,3.2867322393422453,1.2867322393422453,122
303,3,27,Poor,2,Slow,1,2.0,2.6839775473991954,0.6839775473991954,124
304,3,28,Poor,0,Slow,3,2.0,2.705128078249183,0.7051280782491829,123
305,3,29,Poor,1,Slow,0,2.0,3.370914615394801,1.3709146153948009,121
306,3,30,Poor,2,Slow,0,2.0,2.839681921574719,0.8396819215747189,123
307,3,31,Poor,1,Slow,4,2.0,3.2265801077103524,1.2265801077103524,120
308,3,32,Poor,2,Slow,2,2.0,2.55448411148099,0.5544841114809902,122
309,3,34,Poor,0,Slow,2,2.0,3.1352140544885265,1.1352140544885265,122
310,3,35,Poor,2,Slow,2,2.0,3.086146615192345,1.086146615192345,121
311,3,36,Poor,0,Slow,4,2.0,3.002151499299105,1.0021514992991052,121
312,3,37,Poor,2,Slow,1,2.0,3.1951458320298958,1.1951458320298958,120
313,3,38,Poor,2,Slow,1,2.0,2.8729741996446525,0.8729741996446525,119
314,3,39,Poor,1,Slow,0,2.0,2.9918514791143376,0.9918514791143376,119
315,3,40,Poor,0,Slow,1,2.0,2.5258236213527265,0.5258236213527265,120
316,3,41,Poor,1,Slow,0,2.0,3.221870249280667,1.2218702492806668,118
317,3,43,Poor,1,Slow,3,2.0,2.7730756979222098,0.7730756979222098,117
318,3,47,Poor,2,Slow,0,2.0,2.6621947362157323,0.6621947362157323,118
319,3,49,Poor,0,Slow,0,2.0,2.734166186512409,0.7341661865124092,119
320,3,50,Poor,1,Slow,3,2.0,2.5936454700312965,0.5936454700312965,116
321,3,51,Poor,0,Slow,3,2.0,2.921497274097996,0.9214972740979959,118
322,3,52,Poor,0,Slow,4,2.0,2.872776364282803,0.872776364282803,117
323,3,53,Poor,1,Slow,0,2.0,2.422491369412803,0.42249136941280296,115
324,3,54,Poor,1,Slow,1,2.0,3.0531999565564645,1.0531999565564645,114
325,3,56,Poor,1,Slow,4,2.0,3.21818771348773,1.2181877134877301,113
326,3,57,Poor,2,Slow,0,2.0,3.0595439185997084,1.0595439185997084,117
327,3,58,Poor,1,Slow,0,2.0,2.8301590187939856,0.8301590187939856,112
328,3,59,Poor,1,Slow,4,2.0,2.5745003697706315,0.5745003697706315,111
329,3,60,Poor,0,Slow,1,2.0,3.2602123594663075,1.2602123594663075,116
330,3,63,Poor,2,Slow,0,2.0,3.3990091670914993,1.3990091670914993,116
331,3,64,Poor,1,Slow,2,2.0,2.706589523342704,0.706589523342704,110
332,3,65,Poor,0,Slow,2,2.0,3.2145299054080136,1.2145299054080136,115
333,3,68,Poor,0,Slow,2,2.0,2.472986685966345,0.4729866859663452,114
334,3,70,Middle,1,Slow,0,2.0,8.532942217143866,6.532942217143866,109
335,3,70,Middle,2,Slow,2,2.0,6.532942217143866,4.532942217143866,115
336,3,70,Middle,0,Slow,3,2.0,4.532942217143866,2.532942217143866,113
337,3,72,Middle,0,Slow,2,2.0,7.626221076237012,5.626221076237012,112
338,3,72,Middle,1,Slow,3,2.0,5.626221076237012,3.6262210762370124,108
339,3,73,Middle,0,Slow,0,2.0,6.500905537783388,4.500905537783388,111
340,3,76,Middle,1,Slow,3,2.0,7.068003207268136,5.068003207268136,107
341,3,76,Middle,0,Slow,4,2.0,5.068003207268136,3.068003207268136,110
342,3,77,Middle,1,Slow,4,2.0,7.687093356977639,5.687093356977639,106
343,3,78,Middle,0,Slow,3,2.0,7.323012215305392,5.323012215305392,109
344,3,79,Middle,2,Slow,0,2.0,6.741084890564922,4.741084890564922,114
345,3,80,Middle,1,Slow,0,2.0,7.29172829759736,5.29172829759736,105
346,3,80,Middle,0,Slow,3,2.0,5.29172829759736,3.29172829759736,108
347,3,80,Middle,2,Slow,4,2.0,3.29172829759736,1.29172829759736,113
348,3,81,Middle,4,Shigh,0,4.199999999999999,7.372496712776728,3.172496712776729,69
349,3,81,Middle,2,Slow,2,2.0,3.172496712776729,1.172496712776729,112
350,3,82,Middle,4,Shigh,0,4.199999999999999,7.605025361317319,3.4050253613173194,68
351,3,82,Middle,1,Slow,1,2.0,3.4050253613173194,1.4050253613173194,104
352,3,83,Middle,3,Shigh,0,6.0,6.863973731153085,0.8639737311530853,69
353,3,84,Middle,2,Slow,1,2.0,5.733333659952548,3.7333336599525477,111
354,3,85,Middle,1,Slow,2,2.0,5.728716827418982,3.7287168274189817,103
355,3,86,Middle,1,Slow,1,2.0,6.238095060070664,4.238095060070664,102
356,3,87,Middle,2,Slow,0,2.0,6.347522616745197,4.347522616745197,110
357,3,87,Middle,1,Slow,4,2.0,4.347522616745197,2.347522616745197,101
358,3,88,Middle,4,Shigh,1,4.199999999999999,8.855116734164454,4.655116734164455,67
359,3,89,Middle,3,Shigh,4,6.0,6.022987571091777,0.02298757109177707,68
360,3,90,Rich,3,Shigh,1,6.0,9.41867043901221,3.4186704390122102,67
361,3,91,Rich,0,Slow,1,2.0,11.20482063148395,9.20482063148395,107
362,3,91,Rich,2,Slow,2,2.0,9.20482063148395,7.204820631483949,109
363,3,92,Rich,0,Slow,2,2.0,9.528133782826208,7.528133782826208,106
364,3,92,Rich,3,Shigh,4,6.0,7.528133782826208,1.5281337828262078,66
365,3,93,Rich,4,Shigh,0,4.199999999999999,9.819402949817071,5.619402949817072,66
366,3,93,Rich,1,Slow,4,2.0,5.619402949817072,3.619402949817072,100
367,3,94,Rich,4,Shigh,2,4.199999999999999,9.396175228166042,5.196175228166043,65
368,3,95,Rich,3,Shigh,1,6.0,9.393985679757952,3.393985679757952,65
369,3,96,Rich,4,Shigh,0,4.199999999999999,10.541719925608515,6.3417199256085155,64
370,3,96,Rich,0,Slow,3,2.0,6.3417199256085155,4.3417199256085155,105
371,3,97,Rich,0,Slow,0,2.0,7.932159732512508,5.932159732512508,104
372,3,97,Rich,4,Shigh,2,4.199999999999999,5.932159732512508,1.7321597325125087,63
373,3,98,Rich,0,Slow,0,2.0,9.107332269657224,7.107332269657224,103
374,3,98,Rich,1,Slow,3,2.0,7.107332269657224,5.107332269657224,99
375,3,99,Rich,2,Slow,4,2.0,11.99875730018892,9.99875730018892,108
376,4,0,Poor,0,Slow,1,2.0,2.780650161367684,0.7806501613676842,129
377,4,1,Poor,1,Slow,2,2.0,3.0594518471232877,1.0594518471232877,129
378,4,4,Poor,1,Slow,1,2.0,2.8282803176334568,0.8282803176334568,128
379,4,6,Poor,0,Slow,3,2.0,2.9558541148145747,0.9558541148145747,128
380,4,7,Poor,1,Slow,2,2.0,2.467736486867219,0.4677364868672189,127
381,4,11,Poor,1,Slow,1,2.0,3.289338791359086,1.2893387913590861,126
382,4,12,Poor,1,Slow,0,2.0,3.18575287290617,1.18575287290617,125
383,4,15,Poor,2,Slow,0,2.0,2.4231161928252107,0.42311619282521074,129
384,4,17,Poor,2,Slow,1,2.0,3.3418179833869694,1.3418179833869694,128
385,4,18,Poor,1,Slow,0,2.0,2.964088188873348,0.9640881888733479,124
386,4,21,Poor,0,Slow,4,2.0,2.7893054649284834,0.7893054649284834,127
387,4,22,Poor,2,Slow,2,2.0,2.6232080354315803,0.6232080354315803,127
388,4,23,Poor,2,Slow,4,2.0,3.243584723262568,1.2435847232625679,126
389,4,25,Poor,1,Slow,1,2.0,3.107062661320386,1.107062661320386,123
390,4,26,Poor,0,Slow,3,2.0,3.3223689941039356,1.3223689941039356,126
391,4,27,Poor,0,Slow,0,2.0,2.8919841009409177,0.8919841009409177,125
392,4,29,Poor,1,Slow,2,2.0,2.8294483535507378,0.8294483535507378,122
393,4,30,Poor,1,Slow,1,2.0,2.426754296708348,0.42675429670834797,121
394,4,31,Poor,1,Slow,2,2.0,2.1622027040685703,0.1622027040685703,120
395,4,32,Poor,2,Slow,0,2.0,3.1309981524277304,1.1309981524277304,125
396,4,33,Poor,0,Slow,0,2.0,3.0209698765891737,1.0209698765891737,124
397,4,34,Poor,0,Slow,4,2.0,2.9981011375981175,0.9981011375981175,123
398,4,36,Poor,2,Slow,2,2.0,3.36791878963201,1.36791878963201,124
399,4,38,Poor,0,Slow,1,2.0,2.2806628002791296,0.2806628002791296,122
400,4,39,Poor,1,Slow,2,2.0,3.199264111284486,1.199264111284486,119
401,4,40,Poor,0,Slow,0,2.0,2.5892659136426253,0.5892659136426253,121
402,4,42,Poor,2,Slow,3,2.0,3.2300821339352406,1.2300821339352406,123
403,4,43,Poor,1,Slow,3,2.0,3.221205593696573,1.221205593696573,118
404,4,44,Poor,0,Slow,0,2.0,2.629275020856132,0.6292750208561322,120
405,4,45,Poor,1,Slow,2,2.0,2.338545832044356,0.33854583204435595,117
406,4,46,Poor,0,Slow,0,2.0,2.850905943832783,0.8509059438327831,119
407,4,47,Poor,2,Slow,1,2.0,2.8402752858418463,0.8402752858418463,122
408,4,49,Poor,0,Slow,3,2.0,3.3163353414919445,1.3163353414919445,118
409,4,50,Poor,0,Slow,3,2.0,3.2714566855874447,1.2714566855874447,117
410,4,53,Poor,0,Slow,2,2.0,3.8315478849114757,1.8315478849114757,116
411,4,54,Poor,1,Slow,1,2.0,3.5226275873561277,1.5226275873561277,116
412,4,55,Poor,1,Slow,2,2.0,2.8056650833856422,0.8056650833856422,115
413,4,56,Poor,2,Slow,4,2.0,2.824342205124086,0.8243422051240858,121
414,4,57,Poor,2,Slow,3,2.0,2.562295634282761,0.5622956342827612,120
415,4,58,Poor,0,Slow,2,2.0,3.171667322935743,1.1716673229357428,115
416,4,59,Poor,0,Slow,1,2.0,3.547894981242197,1.5478949812421972,114
417,4,61,Poor,1,Slow,1,2.0,3.369128447320463,1.3691284473204628,114
418,4,62,Poor,0,Slow,1,2.0,3.122218097768505,1.122218097768505,113
419,4,64,Poor,2,Slow,1,2.0,3.5101279669730028,1.5101279669730028,119
420,4,65,Poor,2,Slow,1,2.0,2.967717591066268,0.9677175910662679,118
421,4,66,Poor,2,Slow,0,2.0,2.9021045186642733,0.9021045186642733,117
422,4,67,Poor,1,Slow,3,2.0,2.6702723456106066,0.6702723456106066,113
423,4,68,Poor,1,Slow,2,2.0,2.6269111006006987,0.6269111006006987,112
424,4,70,Middle,2,Slow,2,2.0,7.757822827431362,5.757822827431362,116
425,4,71,Middle,3,Shigh,1,6.0,7.51064879890787,1.5106487989078703,69
426,4,72,Middle,0,Slow,3,2.0,6.520723877228506,4.520723877228506,112
427,4,73,Middle,0,Slow,2,2.0,6.501473015859505,4.501473015859505,111
428,4,74,Middle,3,Shigh,0,6.0,7.324423303706866,1.3244233037068662,68
429,4,75,Middle,0,Slow,2,2.0,7.375663292832714,5.375663292832714,110
430,4,76,Middle,1,Slow,2,2.0,6.089375042155486,4.089375042155486,111
431,4,76,Middle,0,Slow,3,2.0,4.089375042155486,2.0893750421554858,109
432,4,77,Middle,4,Shigh,0,4.199999999999999,9.565846585139086,5.365846585139087,69
433,4,77,Middle,2,Slow,3,2.0,5.365846585139087,3.365846585139087,115
434,4,77,Middle,1,Slow,4,2.0,3.365846585139087,1.3658465851390869,110
435,4,78,Middle,3,Shigh,1,6.0,6.347277170362571,0.3472771703625712,67
436,4,80,Middle,3,Shigh,1,6.0,6.6340109950001676,0.6340109950001676,66
437,4,81,Middle,2,Slow,2,2.0,6.414524961432654,4.414524961432654,114
438,4,82,Middle,3,Shigh,1,6.0,6.4326858402315965,0.4326858402315965,65
439,4,83,Middle,4,Shigh,2,4.199999999999999,6.331209232081754,2.131209232081755,68
440,4,83,Middle,2,Slow,4,2.0,2.131209232081755,0.13120923208175483,113
441,4,84,Middle,0,Slow,1,2.0,7.563569455874911,5.563569455874911,108
442,4,84,Middle,1,Slow,2,2.0,5.563569455874911,3.5635694558749114,109
443,4,84,Middle,2,Slow,3,2.0,3.5635694558749114,1.5635694558749114,112
444,4,85,Middle,0,Slow,0,2.0,6.629717256937691,4.629717256937691,107
445,4,85,Middle,1,Slow,4,2.0,4.629717256937691,2.629717256937691,108
446,4,86,Middle,0,Slow,2,2.0,6.362648001966065,4.362648001966065,106
447,4,86,Middle,2,Slow,4,2.0,4.362648001966065,2.3626480019660647,111
448,4,88,Middle,3,Shigh,1,6.0,8.716676479158343,2.716676479158343,64
449,4,88,Middle,2,Slow,4,2.0,2.716676479158343,0.7166764791583429,110
450,4,89,Middle,1,Slow,0,2.0,7.455700784864591,5.455700784864591,107
451,4,90,Rich,1,Slow,1,2.0,10.215025098301632,8.215025098301632,106
452,4,90,Rich,0,Slow,2,2.0,8.215025098301632,6.215025098301632,105
453,4,90,Rich,3,Shigh,3,6.0,6.215025098301632,0.2150250983016324,63
454,4,91,Rich,0,Slow,2,2.0,12.270782042875231,10.270782042875231,104
455,4,93,Rich,3,Shigh,0,6.0,10.120751307015324,4.120751307015324,62
456,4,93,Rich,1,Slow,2,2.0,4.120751307015324,2.1207513070153237,105
457,4,94,Rich,0,Slow,3,2.0,10.131707613727775,8.131707613727775,103
458,4,95,Rich,4,Shigh,0,4.199999999999999,13.184092435423201,8.984092435423202,67
459,4,95,Rich,2,Slow,1,2.0,8.984092435423202,6.984092435423202,109
460,4,95,Rich,1,Slow,4,2.0,6.984092435423202,4.984092435423202,104
461,4,96,Rich,4,Shigh,1,4.199999999999999,9.994807393587232,5.794807393587233,66
462,4,96,Rich,0,Slow,4,2.0,5.794807393587233,3.7948073935872326,102
463,4,97,Rich,2,Slow,0,2.0,9.187917260860507,7.187917260860507,108
464,4,97,Rich,1,Slow,1,2.0,7.187917260860507,5.187917260860507,103
465,4,98,Rich,2,Slow,0,2.0,9.857095712102161,7.857095712102161,107
466,4,98,Rich,0,Slow,4,2.0,7.857095712102161,5.857095712102161,101
467,4,99,Rich,4,Shigh,0,4.199999999999999,9.080480417776663,4.880480417776663,65
468,4,99,Rich,0,Slow,2,2.0,4.880480417776663,2.8804804177766634,100
469,5,0,Poor,0,Slow,0,2.0,3.004194582808205,1.0041945828082048,129
470,5,1,Poor,0,Slow,3,2.0,2.7687389048104545,0.7687389048104545,128
471,5,2,Poor,1,Slow,3,2.0,2.6826917107483714,0.6826917107483714,129
472,5,3,Poor,2,Slow,1,2.0,2.7081182894317632,0.7081182894317632,129
473,5,5,Poor,2,Slow,0,2.0,2.7677274664967357,0.7677274664967357,128
474,5,6,Poor,2,Slow,1,2.0,2.966544079822763,0.9665440798227629,127
475,5,8,Poor,0,Slow,2,2.0,2.5622275089002486,0.5622275089002486,127
476,5,9,Poor,1,Slow,1,2.0,2.647353629921354,0.647353629921354,128
477,5,11,Poor,0,Slow,1,2.0,2.387449414104353,0.3874494141043532,126
478,5,12,Poor,1,Slow,3,2.0,2.8951356112883624,0.8951356112883624,127
479,5,13,Poor,1,Slow,1,2.0,3.262679220805558,1.2626792208055582,126
480,5,15,Poor,1,Slow,3,2.0,3.825128347383487,1.8251283473834872,125
481,5,17,Poor,1,Slow,3,2.0,3.1001113461727043,1.1001113461727043,124
482,5,18,Poor,1,Slow,0,2.0,3.4714637898657714,1.4714637898657714,123
483,5,19,Poor,0,Slow,4,2.0,3.3178502286263174,1.3178502286263174,125
484,5,20,Poor,1,Slow,3,2.0,2.954737744146626,0.9547377441466258,122
485,5,21,Poor,0,Slow,3,2.0,3.204906448853482,1.2049064488534822,124
486,5,23,Poor,2,Slow,1,2.0,2.711559951209346,0.7115599512093458,126
487,5,24,Poor,1,Slow,4,2.0,3.2245648215521445,1.2245648215521445,121
488,5,25,Poor,2,Slow,0,2.0,2.6557339372438076,0.6557339372438076,125
489,5,26,Poor,1,Slow,2,2.0,2.8547552671113015,0.8547552671113015,120
490,5,27,Poor,2,Slow,3,2.0,3.2171352320372875,1.2171352320372875,124
491,5,28,Poor,0,Slow,4,2.0,3.2185657694759886,1.2185657694759886,123
492,5,29,Poor,1,Slow,3,2.0,2.998695410963501,0.9986954109635011,119
493,5,31,Poor,0,Slow,1,2.0,2.3477681791630363,0.34776817916303626,122
494,5,32,Poor,1,Slow,3,2.0,2.8583831963380715,0.8583831963380715,118
495,5,33,Poor,2,Slow,0,2.0,2.878957738668791,0.8789577386687908,123
496,5,34,Poor,2,Slow,0,2.0,3.166305470234267,1.166305470234267,122
497,5,39,Poor,2,Slow,4,2.0,2.5141129454854534,0.5141129454854534,121
498,5,40,Poor,1,Slow,1,2.0,3.1048694438677953,1.1048694438677953,117
499,5,42,Poor,0,Slow,2,2.0,2.9552681040186837,0.9552681040186837,121
500,5,43,Poor,2,Slow,2,2.0,2.7636283852483796,0.7636283852483796,120
501,5,44,Poor,2,Slow,2,2.0,3.0707466442707045,1.0707466442707045,119
502,5,45,Poor,1,Slow,2,2.0,3.3874347114557786,1.3874347114557786,116
503,5,46,Poor,0,Slow,0,2.0,2.833073904232597,0.833073904232597,120
504,5,47,Poor,1,Slow,4,2.0,3.3717426150047385,1.3717426150047385,115
505,5,48,Poor,2,Slow,0,2.0,2.579930236056727,0.5799302360567271,118
506,5,51,Poor,0,Slow,0,2.0,2.7514664188550473,0.7514664188550473,119
507,5,52,Poor,1,Slow,1,2.0,2.8660934917207577,0.8660934917207577,114
508,5,53,Poor,1,Slow,0,2.0,3.0498730801987244,1.0498730801987244,113
509,5,54,Poor,1,Slow,1,2.0,2.8349473957937,0.8349473957937001,112
510,5,56,Poor,1,Slow,0,2.0,2.451764564743559,0.45176456474355886,111
511,5,58,Poor,0,Slow,2,2.0,3.1208762887381907,1.1208762887381907,118
512,5,59,Poor,2,Slow,3,2.0,2.662423840285514,0.662423840285514,117
513,5,60,Poor,2,Slow,1,2.0,2.8540753141292643,0.8540753141292643,116
514,5,62,Poor,2,Slow,0,2.0,2.386515339815324,0.38651533981532404,115
515,5,63,Poor,1,Slow,1,2.0,2.807223681155248,0.8072236811552478,110
516,5,64,Poor,1,Slow,0,2.0,3.0484382295650687,1.0484382295650687,109
517,5,65,Poor,2,Slow,1,2.0,3.1108622327991613,1.1108622327991613,114
518,5,66,Poor,2,Slow,0,2.0,3.048767911517201,1.048767911517201,113
519,5,67,Poor,0,Slow,4,2.0,2.7369286215057786,0.7369286215057786,117
520,5,68,Poor,0,Slow,2,2.0,2.684476946074077,0.6844769460740769,116
521,5,69,Poor,2,Slow,0,2.0,3.0082092340063333,1.0082092340063333,112
522,5,70,Middle,0,Slow,4,2.0,5.46611193937552,3.46611193937552,115
523,5,71,Middle,4,Shigh,1,4.199999999999999,7.07214887241464,2.872148872414641,69
524,5,73,Middle,4,Shigh,1,4.199999999999999,6.402496022478985,2.202496022478986,68
525,5,74,Middle,0,Slow,0,2.0,7.460858607367247,5.460858607367247,114
526,5,75,Middle,1,Slow,0,2.0,8.670397032533836,6.670397032533836,108
527,5,75,Middle,3,Shigh,1,6.0,6.670397032533836,0.6703970325338364,69
528,5,76,Middle,1,Slow,4,2.0,7.340864159874796,5.340864159874796,107
529,5,77,Middle,1,Slow,0,2.0,8.374577272694781,6.374577272694781,106
530,5,77,Middle,4,Shigh,1,4.199999999999999,6.374577272694781,2.1745772726947816,67
531,5,77,Middle,0,Slow,3,2.0,2.1745772726947816,0.17457727269478163,113
532,5,78,Middle,2,Slow,2,2.0,7.143338252319199,5.143338252319199,111
533,5,79,Middle,3,Shigh,2,6.0,6.264860859473535,0.26486085947353466,68
534,5,80,Middle,4,Shigh,2,4.199999999999999,7.236480408029592,3.0364804080295924,66
535,5,82,Middle,0,Slow,1,2.0,4.941148186198207,2.941148186198207,112
536,5,82,Middle,1,Slow,2,2.0,2.941148186198207,0.9411481861982072,105
537,5,83,Middle,0,Slow,1,2.0,6.6849908361394945,4.6849908361394945,111
538,5,84,Middle,0,Slow,1,2.0,5.538174042966989,3.538174042966989,110
539,5,84,Middle,2,Slow,2,2.0,3.538174042966989,1.5381740429669888,110
540,5,85,Middle,0,Slow,0,2.0,6.689466970799497,4.689466970799497,109
541,5,85,Middle,4,Shigh,4,4.199999999999999,4.689466970799497,0.48946697079949786,65
542,5,86,Middle,4,Shigh,2,4.199999999999999,8.347965322876139,4.147965322876139,64
543,5,87,Middle,2,Slow,1,2.0,6.82898402301783,4.82898402301783,109
544,5,87,Middle,4,Shigh,4,4.199999999999999,4.82898402301783,0.6289840230178303,63
545,5,89,Middle,2,Slow,3,2.0,7.266348643399123,5.266348643399123,108
546,5,90,Rich,2,Slow,0,2.0,7.255454970113242,5.255454970113242,107
547,5,90,Rich,4,Shigh,1,4.199999999999999,5.255454970113242,1.0554549701132423,62
548,5,91,Rich,2,Slow,0,2.0,11.103157111447832,9.103157111447832,106
549,5,91,Rich,0,Slow,3,2.0,9.103157111447832,7.103157111447832,108
550,5,92,Rich,0,Slow,0,2.0,9.772900178315586,7.772900178315586,107
551,5,92,Rich,2,Slow,2,2.0,7.772900178315586,5.772900178315586,105
552,5,93,Rich,0,Slow,0,2.0,10.879376124237936,8.879376124237936,106
553,5,94,Rich,1,Slow,0,2.0,9.721414307396023,7.721414307396023,104
554,5,94,Rich,0,Slow,1,2.0,7.721414307396023,5.721414307396023,105
555,5,95,Rich,3,Shigh,1,6.0,11.235007212651725,5.235007212651725,67
556,5,95,Rich,0,Slow,2,2.0,5.235007212651725,3.235007212651725,104
557,5,96,Rich,4,Shigh,0,4.199999999999999,10.452723098033072,6.252723098033073,61
558,5,96,Rich,0,Slow,3,2.0,6.252723098033073,4.252723098033073,103
559,5,97,Rich,1,Slow,2,2.0,7.778088181982662,5.778088181982662,103
560,5,97,Rich,4,Shigh,4,4.199999999999999,5.778088181982662,1.5780881819826629,60
561,5,98,Rich,4,Shigh,1,4.199999999999999,10.925147953026828,6.725147953026829,59
562,5,98,Rich,2,Slow,4,2.0,6.725147953026829,4.725147953026829,104
563,5,99,Rich,4,Shigh,0,4.199999999999999,9.323993320018998,5.123993320018998,58
564,6,0,Poor,0,Slow,3,2.0,3.0771146478100975,1.0771146478100975,129
565,6,2,Poor,1,Slow,4,2.0,3.0302551689952733,1.0302551689952733,129
566,6,3,Poor,0,Slow,3,2.0,2.9222349277410227,0.9222349277410227,128
567,6,5,Poor,1,Slow,2,2.0,2.7417256270737576,0.7417256270737576,128
568,6,6,Poor,2,Slow,2,2.0,2.9629995567242084,0.9629995567242084,129
569,6,7,Poor,1,Slow,0,2.0,2.5821240969508206,0.5821240969508206,127
570,6,8,Poor,1,Slow,4,2.0,2.953828819444501,0.9538288194445008,126
571,6,9,Poor,0,Slow,1,2.0,3.3413819480787654,1.3413819480787654,127
572,6,11,Poor,1,Slow,4,2.0,2.703891515165097,0.7038915151650968,125
573,6,12,Poor,0,Slow,2,2.0,3.1417496531354208,1.1417496531354208,126
574,6,13,Poor,2,Slow,0,2.0,3.015434850863088,1.015434850863088,128
575,6,14,Poor,2,Slow,0,2.0,3.4762569963279386,1.4762569963279386,127
576,6,15,Poor,2,Slow,0,2.0,2.8692642880889645,0.8692642880889645,126
577,6,16,Poor,0,Slow,1,2.0,3.105326075891726,1.105326075891726,125
578,6,18,Poor,2,Slow,1,2.0,3.2590524564758274,1.2590524564758274,125
579,6,20,Poor,0,Slow,0,2.0,2.9988576166256906,0.9988576166256906,124
580,6,21,Poor,0,Slow,2,2.0,3.3277803542626976,1.3277803542626976,123
581,6,22,Poor,0,Slow,3,2.0,3.1242138824668397,1.1242138824668397,122
582,6,23,Poor,1,Slow,1,2.0,2.9780178686925147,0.9780178686925147,124
583,6,24,Poor,2,Slow,0,2.0,3.5228914735931482,1.5228914735931482,124
584,6,25,Poor,1,Slow,0,2.0,2.489417828842791,0.48941782884279084,123
585,6,26,Poor,1,Slow,1,2.0,2.5874106095774705,0.5874106095774705,122
586,6,27,Poor,1,Slow,1,2.0,3.1773494697408613,1.1773494697408613,121
587,6,28,Poor,0,Slow,0,2.0,2.2079110313421157,0.20791103134211575,121
588,6,29,Poor,0,Slow,2,2.0,2.1649790751984814,0.16497907519848143,120
589,6,30,Poor,1,Slow,2,2.0,3.2636932665286773,1.2636932665286773,120
590,6,31,Poor,0,Slow,2,2.0,2.6847101400602753,0.6847101400602753,119
591,6,32,Poor,1,Slow,4,2.0,2.392728073824881,0.39272807382488084,119
592,6,34,Poor,1,Slow,4,2.0,3.7110904181803543,1.7110904181803543,118
593,6,35,Poor,0,Slow,1,2.0,2.8377469774160806,0.8377469774160806,118
594,6,36,Poor,1,Slow,4,2.0,3.296200467572362,1.296200467572362,117
595,6,37,Poor,2,Slow,1,2.0,2.931211828994096,0.9312118289940958,123
596,6,38,Poor,2,Slow,3,2.0,2.6784583119302554,0.6784583119302554,122
597,6,39,Poor,2,Slow,0,2.0,3.092592244749217,1.0925922447492171,121
598,6,41,Poor,0,Slow,0,2.0,2.969526790969244,0.969526790969244,117
599,6,42,Poor,2,Slow,3,2.0,2.2065809897062736,0.2065809897062736,120
600,6,47,Poor,0,Slow,1,2.0,3.8044061744345528,1.8044061744345528,116
601,6,48,Poor,2,Slow,2,2.0,3.2287129311220117,1.2287129311220117,119
602,6,49,Poor,0,Slow,0,2.0,2.780210309036065,0.780210309036065,115
603,6,50,Poor,1,Slow,4,2.0,2.903671720078866,0.903671720078866,116
604,6,51,Poor,1,Slow,2,2.0,2.493969139525386,0.4939691395253858,115
605,6,53,Poor,2,Slow,0,2.0,3.3535066500886104,1.3535066500886104,118
606,6,54,Poor,1,Slow,0,2.0,3.0296300186688634,1.0296300186688634,114
607,6,56,Poor,2,Slow,0,2.0,3.3531553770940743,1.3531553770940743,117
608,6,58,Poor,0,Slow,3,2.0,3.726280290476775,1.7262802904767751,114
609,6,60,Poor,1,Slow,2,2.0,3.600817825260945,1.600817825260945,113
610,6,61,Poor,1,Slow,2,2.0,2.792425625386844,0.7924256253868438,112
611,6,62,Poor,0,Slow,4,2.0,3.1544443366732557,1.1544443366732557,113
612,6,63,Poor,1,Slow,0,2.0,3.2058049130637585,1.2058049130637585,111
613,6,64,Poor,0,Slow,1,2.0,2.6942105624494683,0.6942105624494683,112
614,6,66,Poor,2,Slow,0,2.0,2.670714628871334,0.6707146288713339,116
615,6,67,Poor,2,Slow,1,2.0,3.2836903191333136,1.2836903191333136,115
616,6,69,Poor,2,Slow,4,2.0,2.908290370019003,0.908290370019003,114
617,6,70,Middle,0,Slow,3,2.0,5.880382723685502,3.8803827236855017,111
618,6,71,Middle,3,Shigh,1,6.0,8.375511006946716,2.3755110069467165,69
619,6,71,Middle,1,Slow,3,2.0,2.3755110069467165,0.37551100694671646,110
620,6,72,Middle,0,Slow,4,2.0,8.966109437697053,6.966109437697053,110
621,6,74,Middle,3,Shigh,1,6.0,6.76415332525089,0.7641533252508896,68
622,6,75,Middle,0,Slow,0,2.0,5.707190458114435,3.707190458114435,109
623,6,75,Middle,2,Slow,2,2.0,3.707190458114435,1.707190458114435,113
624,6,76,Middle,0,Slow,0,2.0,7.341836573305685,5.341836573305685,108
625,6,76,Middle,4,Shigh,4,4.199999999999999,5.341836573305685,1.141836573305686,69
626,6,78,Middle,2,Slow,4,2.0,5.3637590192129805,3.3637590192129805,112
627,6,79,Middle,3,Shigh,2,6.0,6.6803938227398945,0.6803938227398945,67
628,6,80,Middle,1,Slow,0,2.0,7.105679840434396,5.105679840434396,109
629,6,81,Middle,4,Shigh,3,4.199999999999999,7.477027888060107,3.2770278880601076,68
630,6,84,Middle,4,Shigh,0,4.199999999999999,6.592596429404018,2.3925964294040183,67
631,6,86,Middle,3,Shigh,3,6.0,7.254652816370779,1.254652816370779,66
632,6,87,Middle,1,Slow,4,2.0,4.822643987268657,2.8226439872686573,108
633,6,88,Middle,0,Slow,3,2.0,6.860412206174189,4.860412206174189,107
634,6,89,Middle,4,Shigh,0,4.199999999999999,7.4883088446698975,3.2883088446698983,66
635,6,90,Rich,4,Shigh,0,4.199999999999999,8.396209705037668,4.196209705037669,65
636,6,90,Rich,1,Slow,2,2.0,4.196209705037669,2.1962097050376688,107
637,6,90,Rich,0,Slow,3,2.0,2.1962097050376688,0.19620970503766877,106
638,6,91,Rich,0,Slow,0,2.0,8.716235705414324,6.716235705414324,105
639,6,91,Rich,4,Shigh,1,4.199999999999999,6.716235705414324,2.5162357054143243,64
640,6,92,Rich,1,Slow,0,2.0,8.599164619340288,6.5991646193402875,106
641,6,92,Rich,4,Shigh,3,4.199999999999999,6.5991646193402875,2.3991646193402882,63
642,6,93,Rich,1,Slow,0,2.0,10.032643079553722,8.032643079553722,105
643,6,93,Rich,3,Shigh,3,6.0,8.032643079553722,2.032643079553722,65
644,6,94,Rich,2,Slow,1,2.0,9.385385133560527,7.385385133560527,111
645,6,94,Rich,3,Shigh,3,6.0,7.385385133560527,1.3853851335605274,64
646,6,95,Rich,3,Shigh,0,6.0,10.06921606845494,4.06921606845494,63
647,6,95,Rich,1,Slow,3,2.0,4.06921606845494,2.0692160684549403,104
648,6,95,Rich,0,Slow,4,2.0,2.0692160684549403,0.06921606845494033,104
649,6,96,Rich,4,Shigh,2,4.199999999999999,10.082228677593958,5.882228677593959,62
650,6,96,Rich,0,Slow,3,2.0,5.882228677593959,3.882228677593959,103
651,6,97,Rich,3,Shigh,0,6.0,10.171291901488315,4.171291901488315,62
652,6,97,Rich,0,Slow,4,2.0,4.171291901488315,2.171291901488315,102
653,6,99,Rich,3,Shigh,0,6.0,9.810018772591242,3.810018772591242,61
654,6,99,Rich,1,Slow,3,2.0,3.810018772591242,1.810018772591242,103
655,7,0,Poor,1,Slow,0,2.0,2.6355332006282377,0.6355332006282377,129
656,7,1,Poor,2,Slow,1,2.0,3.276862911841143,1.276862911841143,129
657,7,2,Poor,0,Slow,2,2.0,2.3943451992874363,0.3943451992874363,129
658,7,3,Poor,1,Slow,2,2.0,2.770641188041571,0.7706411880415711,128
659,7,4,Poor,0,Slow,1,2.0,3.1660768065574842,1.1660768065574842,128
660,7,5,Poor,1,Slow,3,2.0,2.6097238271769383,0.6097238271769383,127
661,7,7,Poor,1,Slow,0,2.0,2.561308536039074,0.5613085360390739,126
662,7,8,Poor,1,Slow,2,2.0,3.4036302526203204,1.4036302526203204,125
663,7,9,Poor,0,Slow,0,2.0,2.7479146925448585,0.7479146925448585,127
664,7,11,Poor,0,Slow,0,2.0,3.3335279231946076,1.3335279231946076,126
665,7,12,Poor,1,Slow,1,2.0,2.5651192101821154,0.5651192101821154,124
666,7,15,Poor,0,Slow,1,2.0,3.163067095349442,1.163067095349442,125
667,7,16,Poor,1,Slow,2,2.0,3.0062911420247245,1.0062911420247245,123
668,7,17,Poor,0,Slow,1,2.0,2.7652958567657087,0.7652958567657087,124
669,7,18,Poor,2,Slow,0,2.0,2.066560586883949,0.06656058688394895,128
670,7,19,Poor,2,Slow,1,2.0,2.4764914629351575,0.47649146293515754,127
671,7,20,Poor,1,Slow,0,2.0,2.946341356812727,0.9463413568127268,122
672,7,21,Poor,2,Slow,1,2.0,3.0673862242035073,1.0673862242035073,126
673,7,24,Poor,0,Slow,3,2.0,3.0299028538465698,1.0299028538465698,123
674,7,25,Poor,1,Slow,1,2.0,2.7198939140031944,0.7198939140031944,121
675,7,26,Poor,1,Slow,0,2.0,2.718691649160682,0.7186916491606818,120
676,7,27,Poor,1,Slow,1,2.0,3.560833775154043,1.5608337751540429,119
677,7,28,Poor,1,Slow,1,2.0,3.9903281342007593,1.9903281342007593,118
678,7,32,Poor,0,Slow,4,2.0,3.1808744400461735,1.1808744400461735,122
679,7,34,Poor,2,Slow,1,2.0,2.785459685897529,0.7854596858975289,125
680,7,35,Poor,0,Slow,1,2.0,2.919490429568157,0.9194904295681572,121
681,7,38,Poor,2,Slow,0,2.0,3.2895959522954823,1.2895959522954823,124
682,7,39,Poor,0,Slow,4,2.0,2.760734059796058,0.7607340597960581,120
683,7,40,Poor,0,Slow,3,2.0,2.603666631659345,0.6036666316593449,119
684,7,41,Poor,2,Slow,1,2.0,3.2326400742639683,1.2326400742639683,123
685,7,43,Poor,1,Slow,0,2.0,2.8541611937327063,0.8541611937327063,117
686,7,44,Poor,0,Slow,0,2.0,3.081922664619251,1.0819226646192508,118
687,7,46,Poor,0,Slow,4,2.0,3.240598129150778,1.240598129150778,117
688,7,47,Poor,2,Slow,1,2.0,2.8193702791184423,0.8193702791184423,122
689,7,49,Poor,0,Slow,0,2.0,2.4567505334529223,0.45675053345292227,116
690,7,50,Poor,1,Slow,0,2.0,2.8786068138589567,0.8786068138589567,116
691,7,53,Poor,2,Slow,0,2.0,3.742066763758479,1.742066763758479,121
692,7,55,Poor,0,Slow,0,2.0,2.936527159849158,0.9365271598491578,115
693,7,56,Poor,1,Slow,1,2.0,2.865502671045938,0.8655026710459381,115
694,7,57,Poor,2,Slow,2,2.0,2.6124941945523905,0.6124941945523905,120
695,7,58,Poor,0,Slow,2,2.0,3.0285317580600664,1.0285317580600664,114
696,7,59,Poor,2,Slow,0,2.0,2.5676540179771767,0.5676540179771767,119
697,7,60,Poor,0,Slow,3,2.0,2.824407983116457,0.824407983116457,113
698,7,62,Poor,1,Slow,0,2.0,3.1741391430546906,1.1741391430546906,114
699,7,63,Poor,0,Slow,0,2.0,2.4778289923993686,0.4778289923993686,112
700,7,64,Poor,1,Slow,4,2.0,3.1493834842032546,1.1493834842032546,113
701,7,66,Poor,0,Slow,0,2.0,4.2321023748776865,2.2321023748776865,111
702,7,67,Poor,0,Slow,3,2.0,2.93542136219087,0.93542136219087,110
703,7,68,Poor,0,Slow,1,2.0,2.620964553239579,0.6209645532395789,109
704,7,70,Middle,0,Slow,2,2.0,6.722147734198541,4.722147734198541,108
705,7,71,Middle,1,Slow,4,2.0,7.193854572681022,5.193854572681022,112
706,7,72,Middle,4,Shigh,0,4.199999999999999,5.176570740242167,0.9765707402421677,69
707,7,73,Middle,1,Slow,0,2.0,6.424130082052589,4.424130082052589,111
708,7,74,Middle,0,Slow,2,2.0,8.61712971410362,6.617129714103619,107
709,7,74,Middle,3,Shigh,3,6.0,6.617129714103619,0.6171297141036192,69
710,7,75,Middle,0,Slow,4,2.0,9.327578193162017,7.327578193162017,106
711,7,76,Middle,4,Shigh,0,4.199999999999999,8.070395411526711,3.8703954115267116,68
712,7,76,Middle,1,Slow,3,2.0,3.8703954115267116,1.8703954115267116,110
713,7,77,Middle,0,Slow,0,2.0,7.960200294474184,5.960200294474184,105
714,7,77,Middle,4,Shigh,4,4.199999999999999,5.960200294474184,1.7602002944741848,67
715,7,78,Middle,1,Slow,2,2.0,8.82256458664069,6.82256458664069,109
716,7,78,Middle,0,Slow,3,2.0,6.82256458664069,4.82256458664069,104
717,7,79,Middle,3,Shigh,2,6.0,6.159961756814611,0.159961756814611,68
718,7,80,Middle,1,Slow,0,2.0,5.63103340505356,3.63103340505356,108
719,7,80,Middle,2,Slow,1,2.0,3.63103340505356,1.63103340505356,118
720,7,81,Middle,4,Shigh,3,4.199999999999999,5.713787654490614,1.5137876544906144,66
721,7,83,Middle,2,Slow,0,2.0,7.546941996139503,5.546941996139503,117
722,7,83,Middle,0,Slow,3,2.0,5.546941996139503,3.546941996139503,103
723,7,84,Middle,0,Slow,0,2.0,8.451345062959625,6.451345062959625,102
724,7,84,Middle,4,Shigh,2,4.199999999999999,6.451345062959625,2.2513450629596257,65
725,7,85,Middle,4,Shigh,0,4.199999999999999,7.3308401464013615,3.130840146401362,64
726,7,85,Middle,1,Slow,3,2.0,3.130840146401362,1.1308401464013622,107
727,7,86,Middle,0,Slow,2,2.0,6.542023629653444,4.542023629653444,101
728,7,87,Middle,1,Slow,0,2.0,5.706130893190006,3.7061308931900063,106
729,7,87,Middle,0,Slow,3,2.0,3.7061308931900063,1.7061308931900063,100
730,7,88,Middle,0,Slow,0,2.0,6.464546250241114,4.464546250241114,99
731,7,88,Middle,4,Shigh,1,4.199999999999999,4.464546250241114,0.2645462502411151,63
732,7,89,Middle,3,Shigh,4,6.0,9.747876652383177,3.7478766523831766,67
733,7,90,Rich,3,Shigh,0,6.0,10.89490429178827,4.89490429178827,66
734,7,90,Rich,0,Slow,1,2.0,4.89490429178827,2.8949042917882704,98
735,7,90,Rich,2,Slow,2,2.0,2.8949042917882704,0.8949042917882704,116
736,7,91,Rich,1,Slow,0,2.0,12.249352390045571,10.249352390045571,105
737,7,92,Rich,2,Slow,0,2.0,9.253128281196778,7.253128281196778,115
738,7,92,Rich,1,Slow,1,2.0,7.253128281196778,5.253128281196778,104
739,7,92,Rich,0,Slow,4,2.0,5.253128281196778,3.253128281196778,97
740,7,93,Rich,0,Slow,3,2.0,9.458131907185045,7.458131907185045,96
741,7,94,Rich,2,Slow,0,2.0,12.608913426474873,10.608913426474873,114
742,7,94,Rich,3,Shigh,1,6.0,10.608913426474873,4.608913426474873,65
743,7,95,Rich,1,Slow,1,2.0,10.687815137551414,8.687815137551414,103
744,7,95,Rich,0,Slow,2,2.0,8.687815137551414,6.687815137551414,95
745,7,96,Rich,1,Slow,3,2.0,9.541128957771493,7.541128957771493,102
746,7,97,Rich,1,Slow,0,2.0,10.030561250949885,8.030561250949885,101
747,7,97,Rich,4,Shigh,1,4.199999999999999,8.030561250949885,3.830561250949886,62
748,7,99,Rich,0,Slow,1,2.0,8.719633069717938,6.719633069717938,94
749,7,99,Rich,1,Slow,2,2.0,6.719633069717938,4.719633069717938,100
750,8,6,Poor,0,Slow,2,2.0,2.4308120635137924,0.4308120635137924,129
751,8,7,Poor,0,Slow,3,2.0,3.325192557439132,1.3251925574391321,128
752,8,8,Poor,0,Slow,4,2.0,2.213543391402554,0.21354339140255396,127
753,8,9,Poor,1,Slow,3,2.0,2.8676603292005245,0.8676603292005245,129
754,8,10,Poor,0,Slow,1,2.0,4.214919803814416,2.214919803814416,126
755,8,13,Poor,2,Slow,2,2.0,3.3031912622746136,1.3031912622746136,129
756,8,14,Poor,1,Slow,0,2.0,2.800369538282907,0.800369538282907,128
757,8,16,Poor,0,Slow,0,2.0,2.6761971881975075,0.6761971881975075,125
758,8,17,Poor,2,Slow,0,2.0,2.3440598259788494,0.34405982597884943,128
759,8,18,Poor,0,Slow,3,2.0,3.392700025264538,1.392700025264538,124
760,8,21,Poor,2,Slow,0,2.0,2.516823530784355,0.5168235307843552,127
761,8,23,Poor,0,Slow,0,2.0,2.7249555438534583,0.7249555438534583,123
762,8,24,Poor,1,Slow,4,2.0,3.373073950566743,1.3730739505667429,127
763,8,25,Poor,2,Slow,1,2.0,3.0056917647955155,1.0056917647955155,126
764,8,28,Poor,1,Slow,0,2.0,3.132974459871975,1.132974459871975,126
765,8,29,Poor,2,Slow,0,2.0,3.2353189092383183,1.2353189092383183,125
766,8,31,Poor,1,Slow,0,2.0,2.986175912575509,0.9861759125755092,125
767,8,33,Poor,2,Slow,2,2.0,2.6564680545905395,0.6564680545905395,124
768,8,34,Poor,1,Slow,4,2.0,3.1044560124752745,1.1044560124752745,124
769,8,35,Poor,1,Slow,4,2.0,3.102210525061253,1.102210525061253,123
770,8,36,Poor,0,Slow,4,2.0,2.4532531430781996,0.45325314307819964,122
771,8,37,Poor,0,Slow,0,2.0,3.2168509782035355,1.2168509782035355,121
772,8,38,Poor,2,Slow,4,2.0,3.308136253417446,1.3081362534174459,123
773,8,39,Poor,1,Slow,0,2.0,2.990338913232353,0.9903389132323528,122
774,8,40,Poor,0,Slow,3,2.0,2.5023802690697097,0.5023802690697097,120
775,8,41,Poor,0,Slow,0,2.0,3.289511090603873,1.289511090603873,119
776,8,43,Poor,2,Slow,2,2.0,2.992730406410338,0.9927304064103382,122
777,8,45,Poor,1,Slow,0,2.0,3.4574274196184835,1.4574274196184835,121
778,8,46,Poor,0,Slow,1,2.0,2.7718228639098,0.7718228639097999,118
779,8,48,Poor,0,Slow,0,2.0,3.1767472285111933,1.1767472285111933,117
780,8,49,Poor,0,Slow,2,2.0,3.6233639120031707,1.6233639120031707,116
781,8,51,Poor,2,Slow,2,2.0,3.0553980550405724,1.0553980550405724,121
782,8,52,Poor,0,Slow,0,2.0,3.2540029783660147,1.2540029783660147,115
783,8,53,Poor,1,Slow,1,2.0,2.87016092391545,0.8701609239154502,120
784,8,54,Poor,2,Slow,2,2.0,3.4293715305670878,1.4293715305670878,120
785,8,55,Poor,1,Slow,4,2.0,2.9501266702332094,0.9501266702332094,119
786,8,56,Poor,2,Slow,1,2.0,2.9139276503050757,0.9139276503050757,119
787,8,57,Poor,1,Slow,3,2.0,2.937752580722034,0.9377525807220342,118
788,8,58,Poor,2,Slow,3,2.0,2.811311380352255,0.8113113803522549,118
789,8,59,Poor,1,Slow,0,2.0,2.9982497818788385,0.9982497818788385,117
790,8,60,Poor,0,Slow,0,2.0,2.809632720008615,0.8096327200086151,114
791,8,64,Poor,2,Slow,0,2.0,3.3197321837195446,1.3197321837195446,117
792,8,66,Poor,0,Slow,2,2.0,2.8175414737893685,0.8175414737893685,113
793,8,69,Poor,0,Slow,0,2.0,3.1389772867659333,1.1389772867659333,112
794,8,70,Middle,0,Slow,2,2.0,6.861436161095425,4.861436161095425,111
795,8,71,Middle,3,Shigh,0,6.0,6.432678417875245,0.43267841787524475,69
796,8,72,Middle,0,Slow,0,2.0,7.325227317140466,5.325227317140466,110
797,8,72,Middle,1,Slow,1,2.0,5.325227317140466,3.325227317140466,116
798,8,73,Middle,0,Slow,0,2.0,7.954313101324836,5.954313101324836,109
799,8,73,Middle,4,Shigh,3,4.199999999999999,5.954313101324836,1.7543131013248363,69
800,8,74,Middle,0,Slow,0,2.0,8.284218970318777,6.284218970318777,108
801,8,74,Middle,2,Slow,2,2.0,6.284218970318777,4.284218970318777,116
802,8,74,Middle,1,Slow,3,2.0,4.284218970318777,2.2842189703187774,115
803,8,75,Middle,2,Slow,2,2.0,6.191395799035646,4.191395799035646,115
804,8,76,Middle,4,Shigh,1,4.199999999999999,7.160124590981094,2.9601245909810947,68
805,8,76,Middle,1,Slow,2,2.0,2.9601245909810947,0.9601245909810947,114
806,8,77,Middle,2,Slow,0,2.0,6.068238920288867,4.068238920288867,114
807,8,77,Middle,0,Slow,3,2.0,4.068238920288867,2.0682389202888674,107
808,8,77,Middle,1,Slow,4,2.0,2.0682389202888674,0.06823892028886736,113
809,8,78,Middle,1,Slow,0,2.0,6.574487331550152,4.574487331550152,112
810,8,78,Middle,0,Slow,4,2.0,4.574487331550152,2.574487331550152,106
811,8,79,Middle,2,Slow,1,2.0,8.622079490447508,6.622079490447508,113
812,8,79,Middle,1,Slow,3,2.0,6.622079490447508,4.622079490447508,111
813,8,80,Middle,0,Slow,2,2.0,7.575483987913828,5.575483987913828,105
814,8,81,Middle,4,Shigh,0,4.199999999999999,8.071210124686004,3.871210124686005,67
815,8,81,Middle,2,Slow,2,2.0,3.871210124686005,1.8712101246860051,112
816,8,82,Middle,3,Shigh,0,6.0,6.912532168915787,0.9125321689157868,68
817,8,83,Middle,1,Slow,1,2.0,6.8211308872109155,4.8211308872109155,110
818,8,84,Middle,0,Slow,2,2.0,7.127637112152176,5.127637112152176,104
819,8,85,Middle,2,Slow,3,2.0,7.316361749767305,5.316361749767305,111
820,8,85,Middle,1,Slow,4,2.0,5.316361749767305,3.316361749767305,109
821,8,86,Middle,3,Shigh,2,6.0,7.34682237571542,1.34682237571542,67
822,8,87,Middle,2,Slow,0,2.0,6.790430867688315,4.790430867688315,110
823,8,88,Middle,0,Slow,0,2.0,9.02054314050142,7.02054314050142,103
824,8,88,Middle,1,Slow,3,2.0,7.02054314050142,5.02054314050142,108
825,8,89,Middle,4,Shigh,0,4.199999999999999,6.500210479198091,2.3002104791980917,66
826,8,89,Middle,0,Slow,4,2.0,2.3002104791980917,0.30021047919809174,102
827,8,90,Rich,3,Shigh,0,6.0,9.564951101993257,3.564951101993257,66
828,8,90,Rich,1,Slow,2,2.0,3.564951101993257,1.5649511019932572,107
829,8,92,Rich,4,Shigh,0,4.199999999999999,8.724700160212496,4.524700160212497,65
830,8,92,Rich,1,Slow,4,2.0,4.524700160212497,2.5247001602124968,106
831,8,93,Rich,0,Slow,0,2.0,9.666105437824006,7.666105437824006,101
832,8,94,Rich,2,Slow,0,2.0,12.337792471974405,10.337792471974405,109
833,8,94,Rich,0,Slow,1,2.0,10.337792471974405,8.337792471974405,100
834,8,94,Rich,1,Slow,4,2.0,8.337792471974405,6.337792471974405,105
835,8,95,Rich,2,Slow,2,2.0,9.276024488677628,7.276024488677628,108
836,8,96,Rich,0,Slow,1,2.0,9.606736479266843,7.606736479266843,99
837,8,97,Rich,2,Slow,3,2.0,9.084577989889345,7.084577989889345,107
838,8,98,Rich,0,Slow,0,2.0,8.780959741995275,6.780959741995275,98
839,8,98,Rich,4,Shigh,2,4.199999999999999,6.780959741995275,2.580959741995276,64
840,8,99,Rich,3,Shigh,1,6.0,10.01605099458938,4.01605099458938,65
841,8,99,Rich,0,Slow,3,2.0,4.01605099458938,2.0160509945893796,97
842,9,0,Poor,0,Slow,0,2.0,3.7118059107033834,1.7118059107033834,129
843,9,1,Poor,1,Slow,4,2.0,3.0491111725344324,1.0491111725344324,129
844,9,2,Poor,2,Slow,3,2.0,2.5796998264690383,0.5796998264690383,129
845,9,7,Poor,2,Slow,0,2.0,3.0800473773632344,1.0800473773632344,128
846,9,8,Poor,1,Slow,1,2.0,3.274566074377949,1.2745660743779492,128
847,9,9,Poor,2,Slow,0,2.0,2.5044651722158493,0.5044651722158493,127
848,9,11,Poor,1,Slow,3,2.0,2.828531144526394,0.8285311445263939,127
849,9,12,Poor,2,Slow,1,2.0,2.5463780664616573,0.5463780664616573,126
850,9,14,Poor,0,Slow,3,2.0,2.8287751762702174,0.8287751762702174,128
851,9,16,Poor,2,Slow,1,2.0,3.078077913435218,1.078077913435218,125
852,9,17,Poor,2,Slow,4,2.0,3.265442466849711,1.265442466849711,124
853,9,18,Poor,2,Slow,1,2.0,3.0747722888353404,1.0747722888353404,123
854,9,23,Poor,2,Slow,3,2.0,2.8997568461218868,0.8997568461218868,122
855,9,24,Poor,0,Slow,1,2.0,3.3455658766112446,1.3455658766112446,127
856,9,26,Poor,0,Slow,2,2.0,2.705714366013377,0.7057143660133769,126
857,9,27,Poor,1,Slow,2,2.0,3.1250407033027363,1.1250407033027363,126
858,9,29,Poor,1,Slow,1,2.0,3.0323887630296125,1.0323887630296125,125
859,9,31,Poor,0,Slow,4,2.0,2.650064667002536,0.6500646670025358,125
860,9,32,Poor,0,Slow,1,2.0,2.731085920903022,0.731085920903022,124
861,9,33,Poor,0,Slow,1,2.0,3.031144891047032,1.031144891047032,123
862,9,34,Poor,0,Slow,4,2.0,3.6105182407620617,1.6105182407620617,122
863,9,35,Poor,2,Slow,1,2.0,2.9671787905786986,0.9671787905786986,121
864,9,36,Poor,1,Slow,0,2.0,3.0068046776910826,1.0068046776910826,124
865,9,38,Poor,2,Slow,2,2.0,3.316778345409912,1.316778345409912,120
866,9,39,Poor,1,Slow,0,2.0,2.944736434127552,0.9447364341275519,123
867,9,40,Poor,1,Slow,2,2.0,2.984629374403967,0.9846293744039669,122
868,9,41,Poor,2,Slow,2,2.0,3.366437118658316,1.366437118658316,119
869,9,42,Poor,1,Slow,2,2.0,4.287741100546851,2.2877411005468513,121
870,9,43,Poor,1,Slow,4,2.0,3.2531513657576854,1.2531513657576854,120
871,9,46,Poor,0,Slow,1,2.0,2.714344801010625,0.714344801010625,121
872,9,48,Poor,2,Slow,2,2.0,3.704889188520386,1.704889188520386,118
873,9,49,Poor,0,Slow,0,2.0,2.547263857078354,0.5472638570783541,120
874,9,50,Poor,2,Slow,3,2.0,2.838002192443675,0.8380021924436751,117
875,9,51,Poor,1,Slow,1,2.0,3.3301873281503576,1.3301873281503576,119
876,9,54,Poor,1,Slow,0,2.0,2.2093589876807083,0.20935898768070826,118
877,9,55,Poor,2,Slow,0,2.0,2.7963575310724194,0.7963575310724194,116
878,9,56,Poor,2,Slow,2,2.0,3.650488652447682,1.6504886524476818,115
879,9,57,Poor,0,Slow,0,2.0,3.1186531448155512,1.1186531448155512,119
880,9,58,Poor,2,Slow,1,2.0,3.04794218901013,1.0479421890101301,114
881,9,59,Poor,2,Slow,0,2.0,3.641381703343745,1.641381703343745,113
882,9,60,Poor,1,Slow,0,2.0,3.29732808256258,1.2973280825625801,117
883,9,62,Poor,0,Slow,0,2.0,2.967347718139393,0.967347718139393,118
884,9,64,Poor,1,Slow,0,2.0,3.687714107379024,1.687714107379024,116
885,9,65,Poor,0,Slow,1,2.0,2.6318043184806075,0.6318043184806075,117
886,9,66,Poor,2,Slow,1,2.0,3.0012846853086375,1.0012846853086375,112
887,9,68,Poor,1,Slow,2,2.0,3.407856034122451,1.4078560341224509,115
888,9,70,Middle,1,Slow,1,2.0,7.828362540984147,5.828362540984147,114
889,9,71,Middle,3,Shigh,1,6.0,7.809551210898902,1.8095512108989018,69
890,9,72,Middle,0,Slow,1,2.0,6.781676775124731,4.781676775124731,116
891,9,72,Middle,2,Slow,3,2.0,4.781676775124731,2.7816767751247307,111
892,9,72,Middle,1,Slow,4,2.0,2.7816767751247307,0.7816767751247307,113
893,9,73,Middle,3,Shigh,2,6.0,8.12299109512894,2.12299109512894,68
894,9,74,Middle,3,Shigh,2,6.0,6.100507795544121,0.1005077955441207,67
895,9,75,Middle,4,Shigh,0,4.199999999999999,6.898593672923767,2.698593672923768,69
896,9,77,Middle,0,Slow,4,2.0,7.506585978878554,5.506585978878554,115
897,9,78,Middle,0,Slow,0,2.0,6.90993000349643,4.90993000349643,114
898,9,78,Middle,1,Slow,2,2.0,4.90993000349643,2.90993000349643,112
899,9,78,Middle,2,Slow,3,2.0,2.90993000349643,0.9099300034964299,110
900,9,79,Middle,1,Slow,0,2.0,8.158096875401329,6.158096875401329,111
901,9,79,Middle,0,Slow,4,2.0,6.158096875401329,4.158096875401329,113
902,9,81,Middle,2,Slow,0,2.0,8.947200240041965,6.9472002400419655,109
903,9,81,Middle,0,Slow,2,2.0,6.9472002400419655,4.9472002400419655,112
904,9,82,Middle,4,Shigh,4,4.199999999999999,7.0751135315549245,2.875113531554925,68
905,9,83,Middle,1,Slow,1,2.0,7.319911397486108,5.319911397486108,110
906,9,83,Middle,0,Slow,2,2.0,5.319911397486108,3.3199113974861083,111
907,9,83,Middle,2,Slow,3,2.0,3.3199113974861083,1.3199113974861083,108
908,9,84,Middle,2,Slow,0,2.0,5.190657382298892,3.190657382298892,107
909,9,85,Middle,4,Shigh,1,4.199999999999999,7.2870929924833305,3.0870929924833312,67
910,9,85,Middle,1,Slow,2,2.0,3.0870929924833312,1.0870929924833312,109
911,9,86,Middle,0,Slow,1,2.0,5.599315731639065,3.5993157316390647,110
912,9,87,Middle,1,Slow,3,2.0,6.795052176752758,4.795052176752758,108
913,9,88,Middle,2,Slow,2,2.0,7.055948134949417,5.055948134949417,106
914,9,88,Middle,0,Slow,4,2.0,5.055948134949417,3.055948134949417,109
915,9,89,Middle,1,Slow,1,2.0,6.567129203134528,4.567129203134528,107
916,9,90,Rich,2,Slow,0,2.0,9.490577245070813,7.4905772450708135,105
917,9,90,Rich,4,Shigh,2,4.199999999999999,7.4905772450708135,3.290577245070814,66
918,9,90,Rich,1,Slow,3,2.0,3.290577245070814,1.2905772450708142,106
919,9,91,Rich,1,Slow,4,2.0,10.370604872667435,8.370604872667435,105
920,9,92,Rich,4,Shigh,1,4.199999999999999,10.438644103943286,6.238644103943287,65
921,9,93,Rich,3,Shigh,1,6.0,9.85897968621953,3.8589796862195307,66
922,9,94,Rich,0,Slow,1,2.0,8.753180266362751,6.753180266362751,108
923,9,94,Rich,4,Shigh,2,4.199999999999999,6.753180266362751,2.5531802663627516,64
924,9,95,Rich,1,Slow,4,2.0,11.333814726580659,9.333814726580659,104
925,9,96,Rich,0,Slow,1,2.0,8.639424069666177,6.639424069666177,107
926,9,96,Rich,3,Shigh,3,6.0,6.639424069666177,0.6394240696661768,65
927,9,97,Rich,1,Slow,0,2.0,10.795168186044608,8.795168186044608,103
928,9,97,Rich,2,Slow,4,2.0,8.795168186044608,6.795168186044608,104
929,9,98,Rich,2,Slow,1,2.0,8.512718401020454,6.512718401020454,103
930,9,98,Rich,0,Slow,4,2.0,6.512718401020454,4.512718401020454,106
931,9,99,Rich,1,Slow,0,2.0,11.244777231337544,9.244777231337544,102
932,9,99,Rich,3,Shigh,1,6.0,9.244777231337544,3.244777231337544,64
933,10,0,Poor,1,Slow,1,2.0,3.284925751701985,1.284925751701985,129
934,10,1,Poor,1,Slow,2,2.0,2.6453946799514365,0.6453946799514365,128
935,10,3,Poor,2,Slow,3,2.0,3.0143079087628504,1.0143079087628504,129
936,10,4,Poor,1,Slow,2,2.0,3.0277737797416315,1.0277737797416315,127
937,10,6,Poor,0,Slow,0,2.0,2.7477693649823283,0.7477693649823283,129
938,10,9,Poor,1,Slow,0,2.0,2.2307282069381755,0.23072820693817553,126
939,10,10,Poor,2,Slow,2,2.0,2.78237010851151,0.7823701085115098,128
940,10,13,Poor,2,Slow,0,2.0,3.136480070964368,1.1364800709643679,127
941,10,14,Poor,2,Slow,2,2.0,2.650236409151244,0.650236409151244,126
942,10,15,Poor,1,Slow,3,2.0,3.568547404620157,1.568547404620157,125
943,10,17,Poor,2,Slow,2,2.0,2.9927141860307303,0.9927141860307303,125
944,10,19,Poor,1,Slow,3,2.0,3.216547969182246,1.2165479691822458,124
945,10,20,Poor,0,Slow,3,2.0,4.202581485614689,2.2025814856146892,128
946,10,21,Poor,1,Slow,0,2.0,2.6795556898063326,0.6795556898063326,123
947,10,22,Poor,0,Slow,2,2.0,3.22122032527623,1.2212203252762301,127
948,10,23,Poor,0,Slow,0,2.0,2.6291177030409796,0.6291177030409796,126
949,10,24,Poor,0,Slow,3,2.0,2.757343763507633,0.7573437635076332,125
950,10,27,Poor,1,Slow,0,2.0,3.5611935315073087,1.5611935315073087,122
951,10,28,Poor,0,Slow,4,2.0,2.737316213153709,0.7373162131537092,124
952,10,29,Poor,0,Slow,0,2.0,2.971333564870206,0.9713335648702062,123
953,10,30,Poor,2,Slow,0,2.0,2.706047022798895,0.7060470227988951,124
954,10,32,Poor,0,Slow,0,2.0,2.6797844606157195,0.6797844606157195,122
955,10,34,Poor,2,Slow,2,2.0,2.6763208342719715,0.6763208342719715,123
956,10,35,Poor,1,Slow,0,2.0,3.4100278514045987,1.4100278514045987,121
957,10,36,Poor,0,Slow,2,2.0,2.9800887395720084,0.9800887395720084,121
958,10,37,Poor,1,Slow,1,2.0,2.8792191921924823,0.8792191921924823,120
959,10,38,Poor,2,Slow,4,2.0,3.094686687190453,1.0946866871904528,122
960,10,39,Poor,2,Slow,3,2.0,3.0950226212566045,1.0950226212566045,121
961,10,41,Poor,1,Slow,1,2.0,2.767865481552065,0.7678654815520649,119
962,10,42,Poor,1,Slow,4,2.0,2.6346080240432146,0.6346080240432146,118
963,10,43,Poor,2,Slow,1,2.0,2.9859888807546984,0.9859888807546984,120
964,10,45,Poor,0,Slow,2,2.0,3.3517715798616456,1.3517715798616456,120
965,10,46,Poor,2,Slow,1,2.0,2.268764407010245,0.26876440701024507,119
966,10,47,Poor,1,Slow,1,2.0,2.8584483406709915,0.8584483406709915,117
967,10,48,Poor,2,Slow,0,2.0,3.29492323501917,1.2949232350191702,118
968,10,49,Poor,1,Slow,3,2.0,2.9650822429133057,0.9650822429133057,116
969,10,50,Poor,2,Slow,0,2.0,2.5348338369153525,0.5348338369153525,117
970,10,51,Poor,2,Slow,2,2.0,3.420582378663457,1.420582378663457,116
971,10,52,Poor,1,Slow,2,2.0,2.348003143341296,0.348003143341296,115
972,10,53,Poor,1,Slow,2,2.0,3.293235129323265,1.2932351293232651,114
973,10,54,Poor,1,Slow,4,2.0,3.9802328853251434,1.9802328853251434,113
974,10,55,Poor,2,Slow,0,2.0,2.6388416375535515,0.6388416375535515,115
975,10,57,Poor,0,Slow,4,2.0,2.641416279989849,0.6414162799898491,119
976,10,58,Poor,2,Slow,1,2.0,2.8090961168204283,0.8090961168204283,114
977,10,59,Poor,1,Slow,2,2.0,2.7298404702259864,0.7298404702259864,112
978,10,60,Poor,2,Slow,0,2.0,3.1962281605495235,1.1962281605495235,113
979,10,61,Poor,1,Slow,1,2.0,3.114784651293938,1.1147846512939381,111
980,10,62,Poor,0,Slow,4,2.0,3.5868828220511584,1.5868828220511584,118
981,10,63,Poor,0,Slow,3,2.0,2.9148932281812012,0.9148932281812012,117
982,10,64,Poor,0,Slow,0,2.0,2.8172448681438107,0.8172448681438107,116
983,10,67,Poor,1,Slow,1,2.0,3.1888953974544294,1.1888953974544294,110
984,10,68,Poor,1,Slow,2,2.0,3.1010328368424798,1.1010328368424798,109
985,10,69,Poor,1,Slow,1,2.0,3.4090469793404283,1.4090469793404283,108
986,10,70,Middle,4,Shigh,0,4.199999999999999,7.57703280465196,3.377032804651961,69
987,10,70,Middle,2,Slow,4,2.0,3.377032804651961,1.3770328046519609,112
988,10,71,Middle,1,Slow,1,2.0,7.1015981669841555,5.1015981669841555,107
989,10,73,Middle,1,Slow,1,2.0,6.218698087443889,4.218698087443889,106
990,10,74,Middle,0,Slow,2,2.0,7.969232105206718,5.969232105206718,115
991,10,75,Middle,1,Slow,0,2.0,7.076407436786812,5.076407436786812,105
992,10,75,Middle,2,Slow,2,2.0,5.076407436786812,3.0764074367868117,111
993,10,76,Middle,3,Shigh,0,6.0,8.382541414588957,2.3825414145889567,69
994,10,76,Middle,1,Slow,2,2.0,2.3825414145889567,0.38254141458895674,104
995,10,77,Middle,1,Slow,1,2.0,7.714636667640686,5.714636667640686,103
996,10,77,Middle,0,Slow,2,2.0,5.714636667640686,3.7146366676406863,114
997,10,78,Middle,1,Slow,4,2.0,6.400268901350658,4.400268901350658,102
998,10,79,Middle,2,Slow,2,2.0,4.869518915803042,2.8695189158030416,110
999,10,79,Middle,1,Slow,3,2.0,2.8695189158030416,0.8695189158030416,101
1000,10,80,Middle,2,Slow,1,2.0,8.517967011208626,6.517967011208626,109
1001,10,80,Middle,0,Slow,2,2.0,6.517967011208626,4.517967011208626,113
1002,10,80,Middle,1,Slow,4,2.0,4.517967011208626,2.5179670112086256,100
1003,10,81,Middle,1,Slow,3,2.0,5.37806082097659,3.3780608209765903,99
1004,10,83,Middle,4,Shigh,1,4.199999999999999,6.95925667597277,2.759256675972771,68
1005,10,84,Middle,4,Shigh,3,4.199999999999999,7.840035174396737,3.640035174396738,67
1006,10,84,Middle,1,Slow,4,2.0,3.640035174396738,1.640035174396738,98
1007,10,85,Middle,2,Slow,0,2.0,6.229265294474889,4.229265294474889,108
1008,10,86,Middle,2,Slow,2,2.0,7.253702655507797,5.253702655507797,107
1009,10,86,Middle,0,Slow,3,2.0,5.253702655507797,3.253702655507797,112
1010,10,87,Middle,4,Shigh,1,4.199999999999999,7.348283696374491,3.1482836963744916,66
1011,10,88,Middle,1,Slow,0,2.0,6.917825650159268,4.917825650159268,97
1012,10,89,Middle,4,Shigh,0,4.199999999999999,7.824982694646861,3.624982694646862,65
1013,10,89,Middle,0,Slow,3,2.0,3.624982694646862,1.624982694646862,111
1014,10,90,Rich,2,Slow,0,2.0,10.90441944919858,8.90441944919858,106
1015,10,90,Rich,3,Shigh,3,6.0,8.90441944919858,2.9044194491985795,68
1016,10,91,Rich,1,Slow,1,2.0,8.482853430888747,6.482853430888747,96
1017,10,91,Rich,3,Shigh,3,6.0,6.482853430888747,0.4828534308887473,67
1018,10,92,Rich,1,Slow,2,2.0,9.618557441045434,7.618557441045434,95
1019,10,92,Rich,4,Shigh,3,4.199999999999999,7.618557441045434,3.4185574410454347,64
1020,10,92,Rich,0,Slow,4,2.0,3.4185574410454347,1.4185574410454347,110
1021,10,93,Rich,0,Slow,0,2.0,8.915264943312808,6.915264943312808,109
1022,10,93,Rich,1,Slow,4,2.0,6.915264943312808,4.915264943312808,94
1023,10,94,Rich,1,Slow,0,2.0,11.12702044244241,9.12702044244241,93
1024,10,94,Rich,0,Slow,2,2.0,9.12702044244241,7.12702044244241,108
1025,10,95,Rich,2,Slow,0,2.0,8.688293705599474,6.688293705599474,105
1026,10,95,Rich,3,Shigh,1,6.0,6.688293705599474,0.6882937055994738,66
1027,10,96,Rich,3,Shigh,2,6.0,12.334579643127437,6.334579643127437,65
1028,10,97,Rich,1,Slow,0,2.0,10.188793220831727,8.188793220831727,92
1029,10,97,Rich,0,Slow,2,2.0,8.188793220831727,6.188793220831727,107
1030,10,97,Rich,2,Slow,3,2.0,6.188793220831727,4.188793220831727,104
1031,10,98,Rich,4,Shigh,4,4.199999999999999,8.82871537693521,4.62871537693521,63
1032,11,1,Poor,0,Slow,1,2.0,2.8949176582996854,0.8949176582996854,129
1033,11,2,Poor,2,Slow,1,2.0,3.015670087085424,1.0156700870854238,129
1034,11,3,Poor,1,Slow,0,2.0,2.8895886687866335,0.8895886687866335,129
1035,11,4,Poor,0,Slow,4,2.0,2.8486997364069295,0.8486997364069295,128
1036,11,5,Poor,2,Slow,3,2.0,2.997237606021974,0.9972376060219741,128
1037,11,7,Poor,0,Slow,4,2.0,3.321652653421038,1.321652653421038,127
1038,11,9,Poor,0,Slow,3,2.0,3.3142655588944856,1.3142655588944856,126
1039,11,10,Poor,1,Slow,3,2.0,2.7727569604361624,0.7727569604361624,128
1040,11,11,Poor,2,Slow,1,2.0,3.1602856404554305,1.1602856404554305,127
1041,11,12,Poor,1,Slow,4,2.0,2.7570333040500925,0.7570333040500925,127
1042,11,14,Poor,0,Slow,1,2.0,3.9525050121750267,1.9525050121750267,125
1043,11,15,Poor,0,Slow,1,2.0,2.9946142240581404,0.9946142240581404,124
1044,11,17,Poor,0,Slow,2,2.0,2.825876753634678,0.8258767536346778,123
1045,11,18,Poor,0,Slow,3,2.0,3.06819967910239,1.0681996791023902,122
1046,11,19,Poor,2,Slow,3,2.0,2.91888898208761,0.9188889820876098,126
1047,11,21,Poor,0,Slow,4,2.0,2.508178600418101,0.508178600418101,121
1048,11,22,Poor,1,Slow,0,2.0,3.0421191445361297,1.0421191445361297,126
1049,11,25,Poor,2,Slow,4,2.0,3.4972826473421272,1.4972826473421272,125
1050,11,27,Poor,1,Slow,1,2.0,2.889466675549727,0.8894666755497269,125
1051,11,28,Poor,2,Slow,2,2.0,3.0900395202661617,1.0900395202661617,124
1052,11,29,Poor,1,Slow,0,2.0,3.2365554673765664,1.2365554673765664,124
1053,11,30,Poor,2,Slow,1,2.0,3.382315691504848,1.3823156915048478,123
1054,11,31,Poor,1,Slow,3,2.0,3.39790220991287,1.39790220991287,123
1055,11,32,Poor,0,Slow,0,2.0,2.9804056507697294,0.9804056507697294,120
1056,11,34,Poor,0,Slow,2,2.0,3.3229415319834845,1.3229415319834845,119
1057,11,35,Poor,2,Slow,0,2.0,3.4271089544675455,1.4271089544675455,122
1058,11,37,Poor,0,Slow,0,2.0,3.166582714415513,1.166582714415513,118
1059,11,41,Poor,0,Slow,3,2.0,2.4606548268721995,0.4606548268721995,117
1060,11,42,Poor,2,Slow,4,2.0,3.488226597575852,1.488226597575852,121
1061,11,44,Poor,0,Slow,4,2.0,3.618270875906471,1.6182708759064708,116
1062,11,46,Poor,1,Slow,0,2.0,2.604594998804939,0.6045949988049388,122
1063,11,47,Poor,1,Slow,2,2.0,3.230449779312666,1.230449779312666,121
1064,11,49,Poor,1,Slow,1,2.0,2.810523030903442,0.8105230309034419,120
1065,11,50,Poor,1,Slow,3,2.0,3.0660111131066414,1.0660111131066414,119
1066,11,52,Poor,1,Slow,0,2.0,2.6106937071502827,0.6106937071502827,118
1067,11,53,Poor,2,Slow,0,2.0,2.8230768304895517,0.8230768304895517,120
1068,11,54,Poor,2,Slow,0,2.0,2.8677856244642927,0.8677856244642927,119
1069,11,55,Poor,2,Slow,3,2.0,2.734554814324798,0.734554814324798,118
1070,11,57,Poor,0,Slow,1,2.0,2.651836503397915,0.6518365033979152,115
1071,11,58,Poor,0,Slow,0,2.0,2.604461933759469,0.604461933759469,114
1072,11,59,Poor,0,Slow,4,2.0,2.734512368822434,0.734512368822434,113
1073,11,61,Poor,2,Slow,1,2.0,2.9690048675494864,0.9690048675494864,117
1074,11,62,Poor,2,Slow,3,2.0,2.7125861898908754,0.7125861898908754,116
1075,11,64,Poor,2,Slow,2,2.0,2.6998082233547964,0.6998082233547964,115
1076,11,65,Poor,1,Slow,2,2.0,2.7464313448653392,0.7464313448653392,117
1077,11,66,Poor,1,Slow,0,2.0,3.835942267712646,1.835942267712646,116
1078,11,67,Poor,0,Slow,1,2.0,2.6907514216764734,0.6907514216764734,112
1079,11,68,Poor,2,Slow,0,2.0,3.113177381708362,1.1131773817083621,114
1080,11,70,Middle,3,Shigh,2,6.0,6.851695567038175,0.851695567038175,69
1081,11,71,Middle,1,Slow,0,2.0,5.49576456935732,3.49576456935732,115
1082,11,72,Middle,1,Slow,3,2.0,7.655042595173717,5.655042595173717,114
1083,11,73,Middle,1,Slow,3,2.0,5.812121914242059,3.8121219142420593,113
1084,11,74,Middle,1,Slow,1,2.0,7.851442749664044,5.851442749664044,112
1085,11,76,Middle,0,Slow,0,2.0,7.804788530588553,5.804788530588553,111
1086,11,76,Middle,2,Slow,1,2.0,5.804788530588553,3.804788530588553,113
1087,11,76,Middle,1,Slow,2,2.0,3.804788530588553,1.804788530588553,111
1088,11,77,Middle,1,Slow,3,2.0,7.09432323843323,5.09432323843323,110
1089,11,77,Middle,0,Slow,4,2.0,5.09432323843323,3.0943232384332298,110
1090,11,78,Middle,4,Shigh,3,4.199999999999999,8.084624460015386,3.8846244600153863,69
1091,11,79,Middle,4,Shigh,1,4.199999999999999,7.201130857837005,3.0011308578370057,68
1092,11,80,Middle,1,Slow,0,2.0,7.505878534183718,5.505878534183718,109
1093,11,80,Middle,2,Slow,1,2.0,5.505878534183718,3.5058785341837178,112
1094,11,81,Middle,3,Shigh,1,6.0,7.658824273199334,1.6588242731993343,68
1095,11,84,Middle,1,Slow,0,2.0,7.746604554012125,5.746604554012125,108
1096,11,84,Middle,4,Shigh,4,4.199999999999999,5.746604554012125,1.5466045540121254,67
1097,11,85,Middle,0,Slow,1,2.0,7.5023976740713305,5.5023976740713305,109
1098,11,85,Middle,1,Slow,2,2.0,5.5023976740713305,3.5023976740713305,107
1099,11,86,Middle,0,Slow,2,2.0,5.743935007914426,3.743935007914426,108
1100,11,87,Middle,3,Shigh,4,6.0,7.811864058684709,1.8118640586847086,67
1101,11,88,Middle,2,Slow,2,2.0,6.244393010590832,4.244393010590832,111
1102,11,89,Middle,3,Shigh,1,6.0,6.268314769426875,0.26831476942687527,66
1103,11,90,Rich,3,Shigh,0,6.0,10.238098239481765,4.238098239481765,65
1104,11,90,Rich,0,Slow,1,2.0,4.238098239481765,2.238098239481765,107
1105,11,91,Rich,0,Slow,4,2.0,10.5473757693714,8.5473757693714,106
1106,11,92,Rich,0,Slow,2,2.0,9.966412978298129,7.966412978298129,105
1107,11,92,Rich,1,Slow,4,2.0,7.966412978298129,5.966412978298129,106
1108,11,93,Rich,4,Shigh,0,4.199999999999999,8.99793035714234,4.7979303571423415,66
1109,11,93,Rich,1,Slow,2,2.0,4.7979303571423415,2.7979303571423415,105
1110,11,94,Rich,4,Shigh,4,4.199999999999999,10.155001697349993,5.955001697349994,65
1111,11,95,Rich,1,Slow,4,2.0,11.668755477371775,9.668755477371775,104
1112,11,96,Rich,0,Slow,2,2.0,9.029443119385231,7.029443119385231,104
1113,11,98,Rich,4,Shigh,0,4.199999999999999,8.505166324746357,4.305166324746358,64
1114,12,0,Poor,1,Slow,0,2.0,2.7394076965121044,0.7394076965121044,129
1115,12,2,Poor,1,Slow,2,2.0,3.4714210910510905,1.4714210910510905,128
1116,12,3,Poor,1,Slow,2,2.0,3.4478754565474925,1.4478754565474925,127
1117,12,4,Poor,2,Slow,2,2.0,2.5917826155656205,0.5917826155656205,129
1118,12,5,Poor,0,Slow,0,2.0,3.1046489279383214,1.1046489279383214,129
1119,12,7,Poor,2,Slow,2,2.0,3.170633781942733,1.1706337819427328,128
1120,12,10,Poor,1,Slow,1,2.0,3.9830560636198356,1.9830560636198356,126
1121,12,11,Poor,1,Slow,1,2.0,3.7668543416972287,1.7668543416972287,125
1122,12,12,Poor,1,Slow,3,2.0,2.5150239119955655,0.5150239119955655,124
1123,12,13,Poor,2,Slow,0,2.0,2.948626751592128,0.9486267515921281,127
1124,12,14,Poor,0,Slow,1,2.0,3.44767985290826,1.44767985290826,128
1125,12,15,Poor,1,Slow,0,2.0,3.421328145991648,1.421328145991648,123
1126,12,16,Poor,2,Slow,2,2.0,3.0238129630689,1.0238129630689001,126
1127,12,17,Poor,1,Slow,2,2.0,3.033918456839408,1.033918456839408,122
1128,12,18,Poor,1,Slow,1,2.0,3.034430077193641,1.0344300771936412,121
1129,12,19,Poor,2,Slow,3,2.0,2.726444633700178,0.726444633700178,125
1130,12,20,Poor,0,Slow,4,2.0,2.6076012006152234,0.6076012006152234,127
1131,12,21,Poor,2,Slow,1,2.0,3.663301296622272,1.6633012966222722,124
1132,12,22,Poor,1,Slow,2,2.0,2.5786711009034065,0.5786711009034065,120
1133,12,23,Poor,0,Slow,0,2.0,3.5979778472699278,1.5979778472699278,126
1134,12,24,Poor,1,Slow,4,2.0,3.4598636132401963,1.4598636132401963,119
1135,12,25,Poor,1,Slow,0,2.0,2.5784401646905404,0.5784401646905404,118
1136,12,27,Poor,0,Slow,4,2.0,2.5252964867232386,0.5252964867232386,125
1137,12,28,Poor,0,Slow,0,2.0,3.0899389969869024,1.0899389969869024,124
1138,12,29,Poor,0,Slow,2,2.0,3.0123597421568,1.0123597421568,123
1139,12,30,Poor,0,Slow,4,2.0,2.5147667911578466,0.5147667911578466,122
1140,12,31,Poor,2,Slow,1,2.0,3.432471963946782,1.432471963946782,123
1141,12,32,Poor,0,Slow,2,2.0,3.3651110481847537,1.3651110481847537,121
1142,12,33,Poor,2,Slow,2,2.0,2.6471602851011693,0.6471602851011693,122
1143,12,34,Poor,1,Slow,3,2.0,3.677383933601599,1.677383933601599,117
1144,12,37,Poor,2,Slow,0,2.0,2.550651873969714,0.5506518739697142,121
1145,12,41,Poor,2,Slow,2,2.0,3.249678722945958,1.249678722945958,120
1146,12,43,Poor,0,Slow,2,2.0,2.796486063762786,0.796486063762786,120
1147,12,44,Poor,1,Slow,1,2.0,3.2737126915103603,1.2737126915103603,116
1148,12,45,Poor,0,Slow,4,2.0,3.004763075256092,1.004763075256092,119
1149,12,47,Poor,0,Slow,3,2.0,3.511226547202416,1.511226547202416,118
1150,12,48,Poor,2,Slow,1,2.0,2.5306372708750464,0.5306372708750464,119
1151,12,49,Poor,1,Slow,0,2.0,2.6210460735938907,0.6210460735938907,115
1152,12,51,Poor,2,Slow,3,2.0,3.463390493906333,1.4633904939063331,118
1153,12,52,Poor,1,Slow,0,2.0,3.481092954772969,1.481092954772969,114
1154,12,53,Poor,2,Slow,0,2.0,2.470680109132077,0.4706801091320769,117
1155,12,54,Poor,2,Slow,1,2.0,2.6596729610745347,0.6596729610745347,116
1156,12,55,Poor,1,Slow,3,2.0,3.356866100356045,1.356866100356045,113
1157,12,56,Poor,2,Slow,0,2.0,2.5623165793973053,0.5623165793973053,115
1158,12,58,Poor,1,Slow,3,2.0,2.5203275068917006,0.5203275068917006,112
1159,12,59,Poor,0,Slow,2,2.0,2.7858889120084878,0.7858889120084878,117
1160,12,60,Poor,0,Slow,3,2.0,2.8952506203524235,0.8952506203524235,116
1161,12,61,Poor,1,Slow,4,2.0,4.12594681080024,2.12594681080024,111
1162,12,62,Poor,1,Slow,0,2.0,2.9272580859603106,0.9272580859603106,110
1163,12,63,Poor,0,Slow,0,2.0,3.0635269017597064,1.0635269017597064,115
1164,12,64,Poor,1,Slow,0,2.0,2.6625043508904733,0.6625043508904733,109
1165,12,66,Poor,0,Slow,1,2.0,2.7858785054324535,0.7858785054324535,114
1166,12,69,Poor,2,Slow,3,2.0,3.0073585204419735,1.0073585204419735,114
1167,12,71,Middle,3,Shigh,2,6.0,7.432024035866605,1.432024035866605,69
1168,12,72,Middle,0,Slow,0,2.0,8.951455258389705,6.951455258389705,113
1169,12,72,Middle,1,Slow,1,2.0,6.951455258389705,4.951455258389705,108
1170,12,73,Middle,2,Slow,0,2.0,6.0626013329636,4.0626013329636,113
1171,12,73,Middle,0,Slow,4,2.0,4.0626013329636,2.0626013329635997,112
1172,12,74,Middle,3,Shigh,3,6.0,7.489962114820052,1.4899621148200524,68
1173,12,76,Middle,1,Slow,2,2.0,6.6928449894767,4.6928449894767,107
1174,12,76,Middle,0,Slow,3,2.0,4.6928449894767,2.6928449894766997,111
1175,12,77,Middle,3,Shigh,1,6.0,7.989094713043647,1.989094713043647,67
1176,12,78,Middle,3,Shigh,2,6.0,6.702764059831689,0.7027640598316891,66
1177,12,80,Middle,3,Shigh,2,6.0,6.339346139528325,0.3393461395283248,65
1178,12,81,Middle,4,Shigh,2,4.199999999999999,7.028682185584457,2.8286821855844577,69
1179,12,81,Middle,2,Slow,4,2.0,2.8286821855844577,0.8286821855844577,112
1180,12,84,Middle,1,Slow,0,2.0,6.909297213451777,4.909297213451777,106
1181,12,85,Middle,1,Slow,1,2.0,6.410286362925652,4.410286362925652,105
1182,12,85,Middle,2,Slow,2,2.0,4.410286362925652,2.4102863629256523,111
1183,12,86,Middle,1,Slow,2,2.0,7.613739770808109,5.613739770808109,104
1184,12,86,Middle,0,Slow,3,2.0,5.613739770808109,3.6137397708081087,110
1185,12,87,Middle,0,Slow,2,2.0,8.005253460730145,6.005253460730145,109
1186,12,88,Middle,4,Shigh,0,4.199999999999999,6.719574396414239,2.5195743964142396,68
1187,12,88,Middle,0,Slow,1,2.0,2.5195743964142396,0.5195743964142396,108
1188,12,91,Rich,2,Slow,2,2.0,10.687403728408032,8.687403728408032,110
1189,12,91,Rich,1,Slow,4,2.0,8.687403728408032,6.687403728408032,103
1190,12,92,Rich,0,Slow,1,2.0,8.002757419228667,6.002757419228667,107
1191,12,92,Rich,3,Shigh,2,6.0,6.002757419228667,0.002757419228666791,64
1192,12,93,Rich,1,Slow,0,2.0,9.554015882481744,7.554015882481744,102
1193,12,93,Rich,0,Slow,3,2.0,7.554015882481744,5.554015882481744,106
1194,12,94,Rich,3,Shigh,1,6.0,10.133019400940833,4.133019400940833,63
1195,12,94,Rich,1,Slow,2,2.0,4.133019400940833,2.1330194009408334,101
1196,12,95,Rich,3,Shigh,3,6.0,9.13794041491743,3.1379404149174306,62
1197,12,95,Rich,1,Slow,4,2.0,3.1379404149174306,1.1379404149174306,100
1198,12,96,Rich,2,Slow,1,2.0,8.406810982001396,6.406810982001396,109
1199,12,97,Rich,1,Slow,0,2.0,9.951952849373356,7.951952849373356,99
1200,12,99,Rich,0,Slow,3,2.0,10.43334929270768,8.43334929270768,105
1201,12,99,Rich,3,Shigh,4,6.0,8.43334929270768,2.43334929270768,61
1202,13,0,Poor,0,Slow,1,2.0,2.6402119828026387,0.6402119828026387,129
1203,13,1,Poor,1,Slow,1,2.0,2.723814450929324,0.7238144509293241,129
1204,13,3,Poor,1,Slow,3,2.0,2.7149618635051556,0.7149618635051556,128
1205,13,4,Poor,1,Slow,0,2.0,2.954778039860149,0.9547780398601491,127
1206,13,5,Poor,0,Slow,2,2.0,2.9860504827786145,0.9860504827786145,128
1207,13,6,Poor,1,Slow,1,2.0,3.330623681139282,1.330623681139282,126
1208,13,7,Poor,4,Shigh,1,4.199999999999999,4.20443319014316,0.004433190143160459,69
1209,13,8,Poor,0,Slow,2,2.0,3.6289118540112817,1.6289118540112817,127
1210,13,9,Poor,1,Slow,2,2.0,2.7335722470190924,0.7335722470190924,125
1211,13,12,Poor,0,Slow,2,2.0,2.7249414626475805,0.7249414626475805,126
1212,13,13,Poor,0,Slow,1,2.0,3.0368698207354776,1.0368698207354776,125
1213,13,15,Poor,0,Slow,0,2.0,2.815459931801281,0.8154599318012812,124
1214,13,17,Poor,2,Slow,2,2.0,2.6382686921487504,0.6382686921487504,129
1215,13,18,Poor,0,Slow,1,2.0,3.518671720072999,1.5186717200729989,123
1216,13,19,Poor,1,Slow,1,2.0,2.7943468078696765,0.7943468078696765,124
1217,13,20,Poor,2,Slow,4,2.0,2.9693660146565684,0.9693660146565684,128
1218,13,21,Poor,1,Slow,1,2.0,2.8869917631837017,0.8869917631837017,123
1219,13,22,Poor,0,Slow,1,2.0,2.919603390334204,0.919603390334204,122
1220,13,23,Poor,1,Slow,0,2.0,2.694691351024529,0.6946913510245292,122
1221,13,24,Poor,2,Slow,0,2.0,3.5001462258790017,1.5001462258790017,127
1222,13,25,Poor,0,Slow,2,2.0,2.6810512781973435,0.6810512781973435,121
1223,13,26,Poor,1,Slow,3,2.0,2.554521335366454,0.554521335366454,121
1224,13,28,Poor,0,Slow,0,2.0,2.928533801855719,0.928533801855719,120
1225,13,30,Poor,0,Slow,3,2.0,2.372549481998646,0.3725494819986461,119
1226,13,31,Poor,1,Slow,4,2.0,2.325591273745245,0.3255912737452449,120
1227,13,32,Poor,2,Slow,0,2.0,2.8996780599946446,0.8996780599946446,126
1228,13,33,Poor,1,Slow,1,2.0,2.9223409399121247,0.9223409399121247,119
1229,13,34,Poor,0,Slow,0,2.0,2.747496061413346,0.7474960614133459,118
1230,13,36,Poor,1,Slow,4,2.0,3.6154238597465906,1.6154238597465906,118
1231,13,37,Poor,1,Slow,3,2.0,2.893733043213764,0.8937330432137638,117
1232,13,39,Poor,1,Slow,0,2.0,3.1800131643845018,1.1800131643845018,116
1233,13,41,Poor,1,Slow,2,2.0,2.9402050160993993,0.9402050160993993,115
1234,13,42,Poor,2,Slow,1,2.0,3.3357014268892073,1.3357014268892073,125
1235,13,43,Poor,0,Slow,2,2.0,3.1330468093576522,1.1330468093576522,117
1236,13,44,Poor,1,Slow,0,2.0,2.642544526098151,0.6425445260981508,114
1237,13,45,Poor,0,Slow,2,2.0,2.8443186480398612,0.8443186480398612,116
1238,13,46,Poor,0,Slow,0,2.0,2.487870323292396,0.487870323292396,115
1239,13,48,Poor,2,Slow,1,2.0,2.6691004681825867,0.6691004681825867,124
1240,13,49,Poor,1,Slow,0,2.0,3.180795018555759,1.180795018555759,113
1241,13,50,Poor,2,Slow,2,2.0,3.13386243079502,1.1338624307950198,123
1242,13,51,Poor,2,Slow,3,2.0,2.0639023319462098,0.06390233194620976,122
1243,13,54,Poor,1,Slow,0,2.0,3.2727100205194466,1.2727100205194466,112
1244,13,55,Poor,0,Slow,0,2.0,2.4312649996872855,0.4312649996872855,114
1245,13,57,Poor,1,Slow,4,2.0,2.968574206125272,0.9685742061252718,111
1246,13,58,Poor,2,Slow,4,2.0,3.026328501491259,1.026328501491259,121
1247,13,59,Poor,2,Slow,0,2.0,2.9495015863218486,0.9495015863218486,120
1248,13,60,Poor,1,Slow,0,2.0,3.178582602219181,1.1785826022191812,110
1249,13,61,Poor,1,Slow,2,2.0,2.456368641467898,0.4563686414678978,109
1250,13,63,Poor,2,Slow,0,2.0,3.197692291859275,1.197692291859275,119
1251,13,64,Poor,0,Slow,3,2.0,2.4558952143485318,0.45589521434853175,113
1252,13,66,Poor,1,Slow,0,2.0,2.625594795452286,0.6255947954522858,108
1253,13,71,Middle,0,Slow,1,2.0,5.872776245123588,3.872776245123588,112
1254,13,72,Middle,2,Slow,1,2.0,7.447412468520592,5.447412468520592,118
1255,13,73,Middle,2,Slow,2,2.0,6.458058547763936,4.458058547763936,117
1256,13,75,Middle,1,Slow,1,2.0,5.483824161716551,3.4838241617165506,107
1257,13,77,Middle,1,Slow,0,2.0,6.7582378017454285,4.7582378017454285,106
1258,13,77,Middle,0,Slow,1,2.0,4.7582378017454285,2.7582378017454285,111
1259,13,78,Middle,0,Slow,0,2.0,6.951847034392681,4.951847034392681,110
1260,13,79,Middle,3,Shigh,2,6.0,7.100366415845584,1.100366415845584,69
1261,13,80,Middle,4,Shigh,3,4.199999999999999,5.101199053042479,0.9011990530424798,68
1262,13,82,Middle,3,Shigh,0,6.0,6.149589838935275,0.14958983893527478,68
1263,13,85,Middle,0,Slow,0,2.0,6.402403855496476,4.402403855496476,109
1264,13,85,Middle,1,Slow,2,2.0,4.402403855496476,2.402403855496476,105
1265,13,87,Middle,2,Slow,0,2.0,6.316112461578457,4.316112461578457,116
1266,13,88,Middle,0,Slow,0,2.0,6.920410427672606,4.920410427672606,108
1267,13,89,Middle,3,Shigh,2,6.0,7.164562666152,1.1645626661520003,67
1268,13,90,Rich,0,Slow,2,2.0,11.406731418005302,9.406731418005302,107
1269,13,90,Rich,2,Slow,3,2.0,9.406731418005302,7.406731418005302,115
1270,13,91,Rich,1,Slow,0,2.0,9.107466213413764,7.107466213413764,104
1271,13,91,Rich,3,Shigh,1,6.0,7.107466213413764,1.1074662134137636,66
1272,13,92,Rich,2,Slow,1,2.0,8.651733813765226,6.651733813765226,114
1273,13,92,Rich,1,Slow,2,2.0,6.651733813765226,4.651733813765226,103
1274,13,92,Rich,0,Slow,4,2.0,4.651733813765226,2.651733813765226,106
1275,13,94,Rich,0,Slow,3,2.0,10.278008894441943,8.278008894441943,105
1276,13,95,Rich,2,Slow,0,2.0,8.943925966848912,6.943925966848912,113
1277,13,95,Rich,0,Slow,3,2.0,6.943925966848912,4.943925966848912,104
1278,13,96,Rich,4,Shigh,3,4.199999999999999,8.049052308683269,3.8490523086832695,67
1279,13,96,Rich,0,Slow,4,2.0,3.8490523086832695,1.8490523086832695,103
1280,13,97,Rich,4,Shigh,0,4.199999999999999,11.86202811936195,7.662028119361951,66
1281,13,97,Rich,0,Slow,1,2.0,7.662028119361951,5.662028119361951,102
1282,13,97,Rich,1,Slow,3,2.0,5.662028119361951,3.662028119361951,102
1283,13,97,Rich,2,Slow,4,2.0,3.662028119361951,1.6620281193619508,112
1284,13,98,Rich,3,Shigh,0,6.0,10.385511667354889,4.385511667354889,65
1285,13,98,Rich,4,Shigh,2,4.199999999999999,4.385511667354889,0.18551166735488955,65
1286,13,99,Rich,0,Slow,3,2.0,8.140296817233521,6.140296817233521,101
1287,14,0,Poor,0,Slow,0,2.0,2.7264032391830506,0.7264032391830506,129
1288,14,2,Poor,0,Slow,0,2.0,2.2943136987230166,0.2943136987230166,128
1289,14,3,Poor,0,Slow,2,2.0,2.908135030881388,0.9081350308813878,127
1290,14,4,Poor,2,Slow,3,2.0,2.610606189169724,0.6106061891697241,129
1291,14,6,Poor,1,Slow,2,2.0,2.4849617235068395,0.4849617235068395,129
1292,14,7,Poor,2,Slow,2,2.0,2.897280503606625,0.8972805036066251,128
1293,14,8,Poor,1,Slow,4,2.0,2.8222484377061514,0.8222484377061514,128
1294,14,9,Poor,1,Slow,0,2.0,2.8513952511185843,0.8513952511185843,127
1295,14,10,Poor,1,Slow,3,2.0,2.700591574704521,0.700591574704521,126
1296,14,11,Poor,0,Slow,4,2.0,2.893162092769526,0.8931620927695261,126
1297,14,12,Poor,2,Slow,1,2.0,3.2924658102776405,1.2924658102776405,127
1298,14,13,Poor,2,Slow,0,2.0,2.9624207801751585,0.9624207801751585,126
1299,14,16,Poor,1,Slow,0,2.0,3.147004441687525,1.1470044416875251,125
1300,14,17,Poor,1,Slow,0,2.0,2.8193766710451214,0.8193766710451214,124
1301,14,18,Poor,1,Slow,1,2.0,3.3188625044044557,1.3188625044044557,123
1302,14,19,Poor,1,Slow,3,2.0,3.1064550643745767,1.1064550643745767,122
1303,14,20,Poor,1,Slow,0,2.0,2.745560578655632,0.7455605786556321,121
1304,14,22,Poor,2,Slow,3,2.0,2.932643884045332,0.9326438840453322,125
1305,14,23,Poor,1,Slow,4,2.0,3.0784590419189497,1.0784590419189497,120
1306,14,24,Poor,1,Slow,1,2.0,2.411370490101606,0.4113704901016062,119
1307,14,25,Poor,0,Slow,2,2.0,2.739757452327432,0.739757452327432,125
1308,14,28,Poor,2,Slow,1,2.0,3.4327210796614436,1.4327210796614436,124
1309,14,29,Poor,1,Slow,2,2.0,2.7534106821264643,0.7534106821264643,118
1310,14,31,Poor,1,Slow,3,2.0,2.6270609527109308,0.6270609527109308,117
1311,14,32,Poor,1,Slow,3,2.0,3.0849811191804477,1.0849811191804477,116
1312,14,33,Poor,1,Slow,2,2.0,2.960544485628699,0.9605444856286991,115
1313,14,34,Poor,1,Slow,1,2.0,3.0694070699373506,1.0694070699373506,114
1314,14,36,Poor,2,Slow,4,2.0,3.2819097897397635,1.2819097897397635,123
1315,14,37,Poor,2,Slow,2,2.0,3.5770853473073605,1.5770853473073605,122
1316,14,39,Poor,1,Slow,0,2.0,3.1725601645387353,1.1725601645387353,113
1317,14,42,Poor,1,Slow,1,2.0,3.469674341485775,1.4696743414857751,112
1318,14,43,Poor,1,Slow,4,2.0,2.9492213852636455,0.9492213852636455,111
1319,14,44,Poor,1,Slow,0,2.0,3.349869478714188,1.3498694787141878,110
1320,14,46,Poor,0,Slow,3,2.0,3.6804076165285373,1.6804076165285373,124
1321,14,47,Poor,0,Slow,0,2.0,3.1385794240100164,1.1385794240100164,123
1322,14,48,Poor,1,Slow,3,2.0,2.86920242700839,0.86920242700839,109
1323,14,49,Poor,2,Slow,4,2.0,3.430729302853313,1.430729302853313,121
1324,14,50,Poor,2,Slow,1,2.0,3.3063344884433103,1.3063344884433103,120
1325,14,51,Poor,1,Slow,0,2.0,3.266746159523756,1.266746159523756,108
1326,14,52,Poor,0,Slow,0,2.0,2.8751028574359188,0.8751028574359188,122
1327,14,54,Poor,1,Slow,1,2.0,2.81331979130222,0.8133197913022201,107
1328,14,56,Poor,0,Slow,1,2.0,3.4988302322967724,1.4988302322967724,121
1329,14,58,Poor,0,Slow,2,2.0,2.80784908031199,0.80784908031199,120
1330,14,60,Poor,1,Slow,2,2.0,2.655877845819425,0.655877845819425,106
1331,14,61,Poor,1,Slow,1,2.0,2.529183923439847,0.529183923439847,105
1332,14,65,Poor,1,Slow,3,2.0,2.8660862192726637,0.8660862192726637,104
1333,14,66,Poor,1,Slow,1,2.0,2.8867774477842487,0.8867774477842487,103
1334,14,67,Poor,1,Slow,0,2.0,2.883316580792744,0.8833165807927439,102
1335,14,70,Middle,0,Slow,0,2.0,7.000794921772356,5.000794921772356,119
1336,14,70,Middle,1,Slow,1,2.0,5.000794921772356,3.000794921772356,101
1337,14,71,Middle,0,Slow,0,2.0,8.074352885921709,6.074352885921709,118
1338,14,71,Middle,1,Slow,2,2.0,6.074352885921709,4.074352885921709,100
1339,14,72,Middle,0,Slow,0,2.0,6.31129580815677,4.31129580815677,117
1340,14,72,Middle,1,Slow,4,2.0,4.31129580815677,2.3112958081567703,99
1341,14,73,Middle,2,Slow,0,2.0,6.2487909657693645,4.2487909657693645,119
1342,14,73,Middle,1,Slow,1,2.0,4.2487909657693645,2.2487909657693645,98
1343,14,74,Middle,4,Shigh,0,4.199999999999999,6.234162290936792,2.034162290936793,69
1344,14,74,Middle,0,Slow,1,2.0,2.034162290936793,0.03416229093679313,116
1345,14,75,Middle,1,Slow,1,2.0,8.197093305067137,6.197093305067137,97
1346,14,75,Middle,2,Slow,3,2.0,6.197093305067137,4.197093305067137,118
1347,14,76,Middle,3,Shigh,0,6.0,8.344991515599526,2.344991515599526,69
1348,14,76,Middle,1,Slow,3,2.0,2.344991515599526,0.344991515599526,96
1349,14,77,Middle,1,Slow,2,2.0,6.844325163780684,4.844325163780684,95
1350,14,78,Middle,4,Shigh,0,4.199999999999999,6.557366672893257,2.3573666728932574,68
1351,14,78,Middle,0,Slow,4,2.0,2.3573666728932574,0.3573666728932574,115
1352,14,79,Middle,0,Slow,2,2.0,5.954504879724911,3.9545048797249107,114
1353,14,79,Middle,2,Slow,4,2.0,3.9545048797249107,1.9545048797249107,117
1354,14,80,Middle,4,Shigh,2,4.199999999999999,5.771165288980732,1.5711652889807324,67
1355,14,81,Middle,4,Shigh,2,4.199999999999999,6.8345193769179575,2.6345193769179582,66
1356,14,82,Middle,4,Shigh,0,4.199999999999999,7.034928778416678,2.8349287784166783,65
1357,14,82,Middle,0,Slow,3,2.0,2.8349287784166783,0.8349287784166783,113
1358,14,83,Middle,1,Slow,0,2.0,6.695287557555274,4.695287557555274,94
1359,14,83,Middle,4,Shigh,2,4.199999999999999,4.695287557555274,0.4952875575552751,64
1360,14,84,Middle,0,Slow,0,2.0,6.524348047393015,4.524348047393015,112
1361,14,84,Middle,1,Slow,2,2.0,4.524348047393015,2.5243480473930147,93
1362,14,85,Middle,0,Slow,0,2.0,6.788776767761849,4.788776767761849,111
1363,14,86,Middle,0,Slow,3,2.0,7.679378234158926,5.679378234158926,110
1364,14,88,Middle,4,Shigh,1,4.199999999999999,6.275152459689349,2.07515245968935,63
1365,14,88,Middle,0,Slow,3,2.0,2.07515245968935,0.0751524596893498,109
1366,14,89,Middle,0,Slow,0,2.0,5.993927309565742,3.993927309565742,108
1367,14,89,Middle,2,Slow,3,2.0,3.993927309565742,1.9939273095657422,116
1368,14,90,Rich,2,Slow,0,2.0,11.304659780730244,9.304659780730244,115
1369,14,90,Rich,3,Shigh,3,6.0,9.304659780730244,3.304659780730244,68
1370,14,90,Rich,0,Slow,4,2.0,3.304659780730244,1.304659780730244,107
1371,14,91,Rich,4,Shigh,2,4.199999999999999,10.940477638235505,6.740477638235506,62
1372,14,91,Rich,1,Slow,3,2.0,6.740477638235506,4.740477638235506,92
1373,14,91,Rich,0,Slow,4,2.0,4.740477638235506,2.7404776382355056,106
1374,14,93,Rich,4,Shigh,0,4.199999999999999,9.466517427268007,5.266517427268008,61
1375,14,93,Rich,2,Slow,4,2.0,5.266517427268008,3.266517427268008,114
1376,14,94,Rich,3,Shigh,0,6.0,9.285768591254604,3.2857685912546035,67
1377,14,94,Rich,0,Slow,1,2.0,3.2857685912546035,1.2857685912546035,105
1378,14,95,Rich,4,Shigh,1,4.199999999999999,9.119136555669154,4.919136555669155,60
1379,14,96,Rich,2,Slow,0,2.0,9.501038572194261,7.501038572194261,113
1380,14,96,Rich,1,Slow,1,2.0,7.501038572194261,5.501038572194261,91
1381,14,97,Rich,2,Slow,0,2.0,9.96522503594888,7.96522503594888,112
1382,14,98,Rich,1,Slow,3,2.0,9.388672234208672,7.388672234208672,90
1383,15,0,Poor,2,Slow,0,2.0,2.4546117513096215,0.4546117513096215,129
1384,15,2,Poor,0,Slow,1,2.0,2.9141640037819716,0.9141640037819716,129
1385,15,6,Poor,1,Slow,3,2.0,2.5475063377980125,0.5475063377980125,129
1386,15,7,Poor,2,Slow,1,2.0,2.777651655744477,0.777651655744477,128
1387,15,8,Poor,2,Slow,0,2.0,2.5967931995080527,0.5967931995080527,127
1388,15,9,Poor,1,Slow,3,2.0,3.0426228863327527,1.0426228863327527,128
1389,15,10,Poor,1,Slow,2,2.0,3.5298800104656203,1.5298800104656203,127
1390,15,11,Poor,1,Slow,0,2.0,2.6509383598271827,0.6509383598271827,126
1391,15,12,Poor,1,Slow,4,2.0,2.3232963969023084,0.3232963969023084,125
1392,15,14,Poor,1,Slow,0,2.0,2.967304346376606,0.967304346376606,124
1393,15,16,Poor,2,Slow,2,2.0,3.1438980472743716,1.1438980472743716,126
1394,15,17,Poor,1,Slow,1,2.0,3.4750830418837824,1.4750830418837824,123
1395,15,18,Poor,1,Slow,1,2.0,2.9723711915988202,0.9723711915988202,122
1396,15,19,Poor,1,Slow,0,2.0,2.628339115543693,0.6283391155436928,121
1397,15,20,Poor,0,Slow,4,2.0,2.615107582299331,0.615107582299331,128
1398,15,21,Poor,1,Slow,2,2.0,3.4234300510494915,1.4234300510494915,120
1399,15,22,Poor,0,Slow,3,2.0,2.9814341903930326,0.9814341903930326,127
1400,15,24,Poor,0,Slow,0,2.0,2.934670667528869,0.9346706675288692,126
1401,15,26,Poor,2,Slow,2,2.0,3.0143421994842146,1.0143421994842146,125
1402,15,27,Poor,1,Slow,3,2.0,2.7357021547454243,0.7357021547454243,119
1403,15,29,Poor,0,Slow,0,2.0,3.3712316403939933,1.3712316403939933,125
1404,15,31,Poor,1,Slow,4,2.0,2.4483372426388423,0.44833724263884234,118
1405,15,33,Poor,1,Slow,1,2.0,2.251547574638491,0.251547574638491,117
1406,15,36,Poor,1,Slow,3,2.0,2.4682409523810045,0.4682409523810045,116
1407,15,37,Poor,1,Slow,2,2.0,3.7448540589578156,1.7448540589578156,115
1408,15,39,Poor,1,Slow,0,2.0,2.960002092854545,0.9600020928545452,114
1409,15,40,Poor,0,Slow,1,2.0,3.3452068811587745,1.3452068811587745,124
1410,15,41,Poor,0,Slow,0,2.0,2.988706375023266,0.9887063750232659,123
1411,15,42,Poor,2,Slow,0,2.0,3.2067635046966894,1.2067635046966894,124
1412,15,44,Poor,1,Slow,4,2.0,3.0487118695579976,1.0487118695579976,113
1413,15,45,Poor,2,Slow,0,2.0,3.165843827291086,1.165843827291086,123
1414,15,46,Poor,1,Slow,0,2.0,3.8957942797765392,1.8957942797765392,112
1415,15,47,Poor,0,Slow,2,2.0,3.249898928058117,1.249898928058117,122
1416,15,49,Poor,0,Slow,3,2.0,3.4015429553825465,1.4015429553825465,121
1417,15,50,Poor,0,Slow,1,2.0,2.6948439799905652,0.6948439799905652,120
1418,15,51,Poor,1,Slow,2,2.0,2.2103006908887415,0.21030069088874148,111
1419,15,53,Poor,2,Slow,1,2.0,2.9028757260296683,0.9028757260296683,122
1420,15,55,Poor,0,Slow,4,2.0,2.5583303331732745,0.5583303331732745,119
1421,15,56,Poor,0,Slow,2,2.0,3.1302822193086293,1.1302822193086293,118
1422,15,58,Poor,0,Slow,3,2.0,2.9780412487578163,0.9780412487578163,117
1423,15,62,Poor,2,Slow,2,2.0,2.575993211357586,0.5759932113575861,121
1424,15,63,Poor,0,Slow,1,2.0,3.966620984585653,1.9666209845856528,116
1425,15,65,Poor,0,Slow,4,2.0,2.949552302042821,0.9495523020428212,115
1426,15,68,Poor,2,Slow,1,2.0,3.6170498610239905,1.6170498610239905,120
1427,15,70,Middle,0,Slow,0,2.0,7.948542641491794,5.948542641491794,114
1428,15,71,Middle,1,Slow,0,2.0,7.998426580199414,5.998426580199414,110
1429,15,71,Middle,2,Slow,1,2.0,5.998426580199414,3.998426580199414,119
1430,15,72,Middle,2,Slow,1,2.0,6.7567562732597635,4.7567562732597635,118
1431,15,72,Middle,4,Shigh,3,4.199999999999999,4.7567562732597635,0.5567562732597642,69
1432,15,73,Middle,0,Slow,0,2.0,7.390746999086034,5.390746999086034,113
1433,15,74,Middle,1,Slow,2,2.0,6.955403283312612,4.955403283312612,109
1434,15,75,Middle,0,Slow,0,2.0,6.736835381102826,4.736835381102826,112
1435,15,75,Middle,4,Shigh,1,4.199999999999999,4.736835381102826,0.5368353811028266,68
1436,15,76,Middle,2,Slow,0,2.0,6.693469747652554,4.693469747652554,117
1437,15,76,Middle,1,Slow,3,2.0,4.693469747652554,2.6934697476525544,108
1438,15,77,Middle,0,Slow,1,2.0,9.041823374929598,7.0418233749295975,111
1439,15,78,Middle,1,Slow,0,2.0,4.9161942365751825,2.9161942365751825,107
1440,15,78,Middle,0,Slow,3,2.0,2.9161942365751825,0.9161942365751825,110
1441,15,79,Middle,0,Slow,4,2.0,8.073419373969156,6.0734193739691555,109
1442,15,80,Middle,0,Slow,0,2.0,6.339673198722948,4.339673198722948,108
1443,15,81,Middle,0,Slow,0,2.0,7.615723729748292,5.615723729748292,107
1444,15,81,Middle,1,Slow,3,2.0,5.615723729748292,3.615723729748292,106
1445,15,82,Middle,1,Slow,4,2.0,7.348330915139095,5.348330915139095,105
1446,15,83,Middle,4,Shigh,3,4.199999999999999,5.648000945529647,1.4480009455296479,67
1447,15,84,Middle,0,Slow,1,2.0,8.885705447809379,6.885705447809379,106
1448,15,84,Middle,2,Slow,3,2.0,6.885705447809379,4.885705447809379,116
1449,15,85,Middle,2,Slow,2,2.0,6.943909413575785,4.943909413575785,115
1450,15,86,Middle,3,Shigh,0,6.0,6.585451787169695,0.5854517871696947,69
1451,15,87,Middle,1,Slow,4,2.0,6.853941603467554,4.853941603467554,104
1452,15,88,Middle,3,Shigh,2,6.0,6.687096047874719,0.6870960478747188,68
1453,15,89,Middle,3,Shigh,0,6.0,7.32821209827509,1.32821209827509,67
1454,15,90,Rich,2,Slow,0,2.0,10.709836244782553,8.709836244782553,114
1455,15,90,Rich,0,Slow,2,2.0,8.709836244782553,6.709836244782553,105
1456,15,90,Rich,3,Shigh,4,6.0,6.709836244782553,0.7098362447825526,66
1457,15,91,Rich,2,Slow,0,2.0,8.562834504365814,6.562834504365814,113
1458,15,92,Rich,1,Slow,2,2.0,12.288625439429936,10.288625439429936,103
1459,15,92,Rich,3,Shigh,3,6.0,10.288625439429936,4.288625439429936,65
1460,15,93,Rich,0,Slow,0,2.0,12.02036362735108,10.02036362735108,104
1461,15,94,Rich,3,Shigh,0,6.0,8.857464189927983,2.857464189927983,64
1462,15,94,Rich,0,Slow,4,2.0,2.857464189927983,0.8574641899279829,103
1463,15,95,Rich,4,Shigh,3,4.199999999999999,8.160651961593786,3.9606519615937863,66
1464,15,96,Rich,2,Slow,1,2.0,9.10651210332411,7.1065121033241105,112
1465,15,96,Rich,1,Slow,4,2.0,7.1065121033241105,5.1065121033241105,102
1466,15,97,Rich,2,Slow,1,2.0,10.02661798016932,8.02661798016932,111
1467,15,97,Rich,1,Slow,4,2.0,8.02661798016932,6.02661798016932,101
1468,15,98,Rich,2,Slow,2,2.0,10.711679927920844,8.711679927920844,110
1469,15,98,Rich,1,Slow,3,2.0,8.711679927920844,6.711679927920844,100
1470,15,99,Rich,3,Shigh,0,6.0,9.899528492307605,3.8995284923076046,63
1471,16,0,Poor,0,Slow,1,2.0,2.5950969518061693,0.5950969518061693,129
1472,16,3,Poor,0,Slow,0,2.0,2.8212060673737045,0.8212060673737045,128
1473,16,6,Poor,2,Slow,1,2.0,2.4938746365976487,0.49387463659764874,129
1474,16,7,Poor,1,Slow,2,2.0,3.1908059003013105,1.1908059003013105,129
1475,16,8,Poor,2,Slow,0,2.0,3.2876954719781213,1.2876954719781213,128
1476,16,9,Poor,0,Slow,1,2.0,2.695781368554752,0.6957813685547518,127
1477,16,10,Poor,1,Slow,0,2.0,3.3471479274362275,1.3471479274362275,128
1478,16,11,Poor,2,Slow,1,2.0,2.902211661286926,0.902211661286926,127
1479,16,13,Poor,0,Slow,0,2.0,2.9910786908831652,0.9910786908831652,126
1480,16,14,Poor,1,Slow,2,2.0,3.0869274257932093,1.0869274257932093,127
1481,16,15,Poor,1,Slow,2,2.0,2.7724916825135146,0.7724916825135146,126
1482,16,17,Poor,1,Slow,2,2.0,3.2103173679813195,1.2103173679813195,125
1483,16,18,Poor,1,Slow,3,2.0,2.8315939688275313,0.8315939688275313,124
1484,16,19,Poor,0,Slow,0,2.0,2.763894829362686,0.7638948293626862,125
1485,16,20,Poor,1,Slow,0,2.0,3.0937641029972536,1.0937641029972536,123
1486,16,22,Poor,1,Slow,0,2.0,3.5819698155189297,1.5819698155189297,122
1487,16,23,Poor,1,Slow,3,2.0,2.8558361689443097,0.8558361689443097,121
1488,16,24,Poor,2,Slow,1,2.0,2.9052276585035464,0.9052276585035464,126
1489,16,25,Poor,0,Slow,4,2.0,2.4628385525935528,0.4628385525935528,124
1490,16,26,Poor,1,Slow,4,2.0,3.1331751075417986,1.1331751075417986,120
1491,16,29,Poor,1,Slow,4,2.0,3.2664924528589214,1.2664924528589214,119
1492,16,30,Poor,2,Slow,1,2.0,3.4800948863756798,1.4800948863756798,125
1493,16,35,Poor,1,Slow,2,2.0,2.545199026073784,0.5451990260737838,118
1494,16,38,Poor,2,Slow,0,2.0,3.4164866333705404,1.4164866333705404,124
1495,16,40,Poor,1,Slow,1,2.0,2.909326830686625,0.9093268306866249,117
1496,16,41,Poor,0,Slow,2,2.0,2.8492148447705614,0.8492148447705614,123
1497,16,42,Poor,0,Slow,1,2.0,2.6751474363763954,0.6751474363763954,122
1498,16,44,Poor,1,Slow,1,2.0,3.2007022407172654,1.2007022407172654,116
1499,16,45,Poor,0,Slow,0,2.0,2.5794175353281728,0.5794175353281728,121
1500,16,46,Poor,1,Slow,0,2.0,2.920117373238797,0.920117373238797,115
1501,16,47,Poor,0,Slow,4,2.0,2.8052738135441224,0.8052738135441224,120
1502,16,48,Poor,2,Slow,0,2.0,2.817637146048879,0.8176371460488792,123
1503,16,49,Poor,0,Slow,0,2.0,3.021643960172732,1.021643960172732,119
1504,16,50,Poor,0,Slow,1,2.0,2.7002101179886155,0.7002101179886155,118
1505,16,53,Poor,1,Slow,4,2.0,2.7438496621377557,0.7438496621377557,114
1506,16,56,Poor,1,Slow,0,2.0,2.3732898964924938,0.3732898964924938,113
1507,16,57,Poor,2,Slow,0,2.0,2.9782783900482563,0.9782783900482563,122
1508,16,58,Poor,1,Slow,1,2.0,2.8594914320269584,0.8594914320269584,112
1509,16,59,Poor,1,Slow,1,2.0,3.1403420653696172,1.1403420653696172,111
1510,16,60,Poor,0,Slow,0,2.0,2.9978438384658546,0.9978438384658546,117
1511,16,63,Poor,1,Slow,2,2.0,2.7610492557578086,0.7610492557578086,110
1512,16,65,Poor,2,Slow,0,2.0,2.8284288282753884,0.8284288282753884,121
1513,16,66,Poor,0,Slow,3,2.0,3.5893346977786034,1.5893346977786034,116
1514,16,68,Poor,2,Slow,0,2.0,2.4782928349681455,0.47829283496814545,120
1515,16,69,Poor,1,Slow,1,2.0,2.813135405654249,0.8131354056542488,109
1516,16,70,Middle,1,Slow,0,2.0,7.213971097683502,5.213971097683502,108
1517,16,70,Middle,0,Slow,2,2.0,5.213971097683502,3.213971097683502,115
1518,16,71,Middle,0,Slow,1,2.0,5.515410113792158,3.515410113792158,114
1519,16,71,Middle,1,Slow,2,2.0,3.515410113792158,1.515410113792158,107
1520,16,72,Middle,2,Slow,3,2.0,6.177642200137874,4.177642200137874,119
1521,16,73,Middle,3,Shigh,0,6.0,6.653543978294015,0.6535439782940147,69
1522,16,75,Middle,3,Shigh,3,6.0,8.814216661869382,2.8142166618693825,68
1523,16,75,Middle,2,Slow,4,2.0,2.8142166618693825,0.8142166618693825,118
1524,16,76,Middle,4,Shigh,1,4.199999999999999,7.319092720847446,3.119092720847447,69
1525,16,77,Middle,2,Slow,1,2.0,6.1646929036971665,4.1646929036971665,117
1526,16,77,Middle,1,Slow,4,2.0,4.1646929036971665,2.1646929036971665,106
1527,16,78,Middle,1,Slow,2,2.0,5.508320248067015,3.5083202480670153,105
1528,16,79,Middle,0,Slow,0,2.0,8.169172964670237,6.169172964670237,113
1529,16,79,Middle,1,Slow,1,2.0,6.169172964670237,4.169172964670237,104
1530,16,79,Middle,2,Slow,4,2.0,4.169172964670237,2.1691729646702367,116
1531,16,80,Middle,0,Slow,0,2.0,6.37511415553547,4.37511415553547,112
1532,16,80,Middle,2,Slow,1,2.0,4.37511415553547,2.37511415553547,115
1533,16,81,Middle,4,Shigh,0,4.199999999999999,7.024894445931613,2.824894445931614,68
1534,16,81,Middle,0,Slow,2,2.0,2.824894445931614,0.8248944459316139,111
1535,16,82,Middle,4,Shigh,3,4.199999999999999,5.555007421810775,1.3550074218107753,67
1536,16,83,Middle,1,Slow,4,2.0,7.939001732762982,5.939001732762982,103
1537,16,85,Middle,0,Slow,0,2.0,5.902512665300228,3.902512665300228,110
1538,16,85,Middle,2,Slow,3,2.0,3.902512665300228,1.902512665300228,114
1539,16,86,Middle,2,Slow,3,2.0,7.457998902517047,5.457998902517047,113
1540,16,86,Middle,0,Slow,4,2.0,5.457998902517047,3.457998902517047,109
1541,16,87,Middle,4,Shigh,0,4.199999999999999,5.33859353249461,1.1385935324946104,66
1542,16,89,Middle,4,Shigh,2,4.199999999999999,5.831294341689033,1.631294341689034,65
1543,16,90,Rich,1,Slow,2,2.0,9.599842396422822,7.599842396422822,102
1544,16,90,Rich,2,Slow,3,2.0,7.599842396422822,5.599842396422822,112
1545,16,90,Rich,0,Slow,4,2.0,5.599842396422822,3.5998423964228223,108
1546,16,91,Rich,1,Slow,0,2.0,10.57919022557378,8.57919022557378,101
1547,16,91,Rich,4,Shigh,4,4.199999999999999,8.57919022557378,4.379190225573781,64
1548,16,92,Rich,0,Slow,3,2.0,9.393931077261707,7.393931077261707,107
1549,16,92,Rich,2,Slow,4,2.0,7.393931077261707,5.393931077261707,111
1550,16,93,Rich,0,Slow,0,2.0,9.95113043065469,7.95113043065469,106
1551,16,93,Rich,2,Slow,3,2.0,7.95113043065469,5.95113043065469,110
1552,16,94,Rich,2,Slow,2,2.0,10.109577920407183,8.109577920407183,109
1553,16,94,Rich,1,Slow,4,2.0,8.109577920407183,6.109577920407183,100
1554,16,95,Rich,4,Shigh,2,4.199999999999999,8.698657873834724,4.498657873834725,63
1555,16,96,Rich,0,Slow,3,2.0,9.565274321503876,7.5652743215038765,105
1556,16,97,Rich,3,Shigh,0,6.0,9.863086058977418,3.8630860589774176,67
1557,16,97,Rich,2,Slow,1,2.0,3.8630860589774176,1.8630860589774176,108
1558,16,98,Rich,4,Shigh,1,4.199999999999999,8.229947526482357,4.029947526482358,62
1559,16,98,Rich,0,Slow,4,2.0,4.029947526482358,2.029947526482358,104
1560,16,99,Rich,4,Shigh,0,4.199999999999999,9.318815805367972,5.118815805367973,61
1561,16,99,Rich,1,Slow,2,2.0,5.118815805367973,3.118815805367973,99
1562,17,0,Poor,2,Slow,2,2.0,3.4121337946820924,1.4121337946820924,129
1563,17,1,Poor,1,Slow,4,2.0,3.339907689634165,1.339907689634165,129
1564,17,2,Poor,1,Slow,3,2.0,2.7275697733459454,0.7275697733459454,128
1565,17,4,Poor,2,Slow,1,2.0,3.23127858914647,1.23127858914647,128
1566,17,6,Poor,1,Slow,1,2.0,2.3682603012069605,0.3682603012069605,127
1567,17,7,Poor,0,Slow,0,2.0,3.377283863650059,1.3772838636500588,129
1568,17,8,Poor,1,Slow,0,2.0,3.24584914198057,1.2458491419805702,126
1569,17,9,Poor,2,Slow,2,2.0,2.562448865849954,0.5624488658499538,127
1570,17,12,Poor,1,Slow,1,2.0,2.9412905298017167,0.9412905298017167,125
1571,17,13,Poor,2,Slow,1,2.0,3.0192259787171074,1.0192259787171074,126
1572,17,14,Poor,0,Slow,2,2.0,2.829830315707902,0.8298303157079019,128
1573,17,15,Poor,2,Slow,1,2.0,2.5153961818088004,0.5153961818088004,125
1574,17,16,Poor,1,Slow,3,2.0,2.6251280946708744,0.6251280946708744,124
1575,17,17,Poor,2,Slow,4,2.0,3.3073100882401376,1.3073100882401376,124
1576,17,18,Poor,2,Slow,0,2.0,3.150038432025397,1.1500384320253971,123
1577,17,19,Poor,0,Slow,3,2.0,3.038617428676235,1.0386174286762349,127
1578,17,20,Poor,0,Slow,0,2.0,3.1836822126858313,1.1836822126858313,126
1579,17,21,Poor,2,Slow,0,2.0,2.9739747960784064,0.9739747960784064,122
1580,17,24,Poor,1,Slow,4,2.0,2.9436979098588005,0.9436979098588005,123
1581,17,26,Poor,0,Slow,0,2.0,3.250259135249315,1.250259135249315,125
1582,17,29,Poor,2,Slow,0,2.0,3.2355895895645554,1.2355895895645554,121
1583,17,31,Poor,1,Slow,1,2.0,2.460774460672807,0.4607744606728068,122
1584,17,33,Poor,1,Slow,1,2.0,3.5286183632669537,1.5286183632669537,121
1585,17,34,Poor,1,Slow,3,2.0,2.5802487376572363,0.5802487376572363,120
1586,17,35,Poor,1,Slow,1,2.0,3.359650723465279,1.359650723465279,119
1587,17,36,Poor,2,Slow,2,2.0,3.208606617008972,1.208606617008972,120
1588,17,37,Poor,1,Slow,2,2.0,2.5246207264567255,0.5246207264567255,118
1589,17,39,Poor,1,Slow,2,2.0,3.0838492250646783,1.0838492250646783,117
1590,17,40,Poor,0,Slow,4,2.0,3.7025199978629977,1.7025199978629977,124
1591,17,41,Poor,1,Slow,0,2.0,2.971881671511066,0.9718816715110661,116
1592,17,42,Poor,1,Slow,2,2.0,3.101831154812868,1.101831154812868,115
1593,17,43,Poor,0,Slow,3,2.0,2.7976338529841738,0.7976338529841738,123
1594,17,44,Poor,0,Slow,4,2.0,3.3729460962720785,1.3729460962720785,122
1595,17,45,Poor,1,Slow,2,2.0,2.914713634589902,0.9147136345899018,114
1596,17,46,Poor,1,Slow,0,2.0,2.877286790746371,0.8772867907463708,113
1597,17,47,Poor,0,Slow,4,2.0,3.3968883073741707,1.3968883073741707,121
1598,17,49,Poor,1,Slow,1,2.0,3.3471698358363176,1.3471698358363176,112
1599,17,50,Poor,0,Slow,0,2.0,3.3171984013111318,1.3171984013111318,120
1600,17,51,Poor,0,Slow,1,2.0,3.148774164202811,1.1487741642028109,119
1601,17,52,Poor,1,Slow,0,2.0,2.8626709855314396,0.8626709855314396,111
1602,17,53,Poor,2,Slow,3,2.0,2.3523451301810825,0.3523451301810825,119
1603,17,54,Poor,2,Slow,2,2.0,2.3105464849870736,0.3105464849870736,118
1604,17,55,Poor,0,Slow,3,2.0,2.8394844729537385,0.8394844729537385,118
1605,17,56,Poor,0,Slow,1,2.0,3.3742194676682233,1.3742194676682233,117
1606,17,57,Poor,2,Slow,0,2.0,2.629396823433572,0.6293968234335718,117
1607,17,60,Poor,1,Slow,0,2.0,3.0090874702750003,1.0090874702750003,110
1608,17,61,Poor,1,Slow,0,2.0,2.6639810398919552,0.6639810398919552,109
1609,17,62,Poor,1,Slow,0,2.0,3.262289340281337,1.2622893402813369,108
1610,17,63,Poor,0,Slow,4,2.0,2.64604558514713,0.6460455851471298,116
1611,17,67,Poor,1,Slow,2,2.0,2.962418391809829,0.962418391809829,107
1612,17,68,Poor,2,Slow,3,2.0,3.241628417650938,1.2416284176509378,116
1613,17,69,Poor,0,Slow,3,2.0,3.6416056980356513,1.6416056980356513,115
1614,17,70,Middle,1,Slow,1,2.0,7.266447761197638,5.266447761197638,106
1615,17,70,Middle,0,Slow,3,2.0,5.266447761197638,3.2664477611976377,114
1616,17,71,Middle,3,Shigh,0,6.0,6.950526424775266,0.9505264247752656,69
1617,17,72,Middle,2,Slow,3,2.0,8.398263093633386,6.3982630936333855,115
1618,17,74,Middle,1,Slow,2,2.0,6.899244184272215,4.899244184272215,105
1619,17,74,Middle,4,Shigh,4,4.199999999999999,4.899244184272215,0.6992441842722155,69
1620,17,76,Middle,0,Slow,0,2.0,7.44160842722295,5.44160842722295,113
1621,17,77,Middle,0,Slow,2,2.0,7.909050430775804,5.909050430775804,112
1622,17,77,Middle,1,Slow,4,2.0,5.909050430775804,3.909050430775804,104
1623,17,78,Middle,4,Shigh,0,4.199999999999999,6.669587272959052,2.4695872729590524,68
1624,17,78,Middle,0,Slow,3,2.0,2.4695872729590524,0.46958727295905245,111
1625,17,79,Middle,3,Shigh,1,6.0,6.021565892361013,0.02156589236101336,68
1626,17,80,Middle,4,Shigh,0,4.199999999999999,6.6957348044966,2.4957348044966006,67
1627,17,80,Middle,0,Slow,4,2.0,2.4957348044966006,0.49573480449660057,110
1628,17,81,Middle,3,Shigh,3,6.0,7.391272268241239,1.3912722682412388,67
1629,17,82,Middle,4,Shigh,0,4.199999999999999,7.359287381694507,3.159287381694508,66
1630,17,83,Middle,1,Slow,3,2.0,7.367876465007546,5.367876465007546,103
1631,17,83,Middle,2,Slow,4,2.0,5.367876465007546,3.367876465007546,114
1632,17,84,Middle,4,Shigh,1,4.199999999999999,6.1822397481986275,1.9822397481986282,65
1633,17,85,Middle,1,Slow,1,2.0,6.864322886722869,4.864322886722869,102
1634,17,86,Middle,0,Slow,4,2.0,6.101540096715297,4.101540096715297,109
1635,17,87,Middle,1,Slow,0,2.0,5.074939162617145,3.074939162617145,101
1636,17,88,Middle,2,Slow,0,2.0,8.392092265752316,6.392092265752316,113
1637,17,88,Middle,1,Slow,3,2.0,6.392092265752316,4.392092265752316,100
1638,17,89,Middle,0,Slow,2,2.0,7.668492630083078,5.668492630083078,108
1639,17,90,Rich,3,Shigh,1,6.0,10.50248380124239,4.50248380124239,66
1640,17,90,Rich,1,Slow,4,2.0,4.50248380124239,2.5024838012423896,99
1641,17,91,Rich,4,Shigh,0,4.199999999999999,9.785147941761835,5.585147941761836,64
1642,17,91,Rich,0,Slow,1,2.0,5.585147941761836,3.5851479417618357,107
1643,17,92,Rich,3,Shigh,1,6.0,10.326034523759791,4.326034523759791,65
1644,17,93,Rich,1,Slow,2,2.0,9.78543915984751,7.78543915984751,98
1645,17,94,Rich,1,Slow,2,2.0,9.63349900478697,7.6334990047869695,97
1646,17,94,Rich,3,Shigh,3,6.0,7.6334990047869695,1.6334990047869695,64
1647,17,95,Rich,2,Slow,0,2.0,8.62160008136995,6.62160008136995,112
1648,17,95,Rich,0,Slow,1,2.0,6.62160008136995,4.62160008136995,106
1649,17,95,Rich,1,Slow,4,2.0,4.62160008136995,2.62160008136995,96
1650,17,96,Rich,2,Slow,0,2.0,9.858193893530956,7.858193893530956,111
1651,17,96,Rich,3,Shigh,1,6.0,7.858193893530956,1.8581938935309559,63
1652,17,97,Rich,3,Shigh,0,6.0,10.565302475991725,4.565302475991725,62
1653,17,97,Rich,1,Slow,3,2.0,4.565302475991725,2.565302475991725,95
1654,17,99,Rich,0,Slow,0,2.0,11.989654167451215,9.989654167451215,105
1655,17,99,Rich,2,Slow,2,2.0,9.989654167451215,7.989654167451215,110
1656,18,0,Poor,0,Slow,1,2.0,2.8763116540436746,0.8763116540436746,129
1657,18,1,Poor,1,Slow,0,2.0,3.148865312038123,1.1488653120381231,129
1658,18,2,Poor,1,Slow,0,2.0,3.330938123635889,1.3309381236358888,128
1659,18,4,Poor,0,Slow,0,2.0,3.053796013955225,1.0537960139552252,128
1660,18,5,Poor,1,Slow,0,2.0,2.6742674930234442,0.6742674930234442,127
1661,18,6,Poor,1,Slow,4,2.0,3.6399649331569868,1.6399649331569868,126
1662,18,7,Poor,1,Slow,4,2.0,3.966088811327094,1.966088811327094,125
1663,18,8,Poor,1,Slow,4,2.0,2.9983737839391256,0.9983737839391256,124
1664,18,9,Poor,0,Slow,0,2.0,3.0240048755282314,1.0240048755282314,127
1665,18,10,Poor,2,Slow,0,2.0,3.2419937655989663,1.2419937655989663,129
1666,18,11,Poor,1,Slow,1,2.0,3.5057156224304613,1.5057156224304613,123
1667,18,13,Poor,0,Slow,0,2.0,3.3862899853561887,1.3862899853561887,126
1668,18,18,Poor,1,Slow,2,2.0,3.711668376936483,1.7116683769364829,122
1669,18,19,Poor,0,Slow,2,2.0,2.9339078393662246,0.9339078393662246,125
1670,18,20,Poor,1,Slow,0,2.0,3.2270373512845927,1.2270373512845927,121
1671,18,22,Poor,2,Slow,2,2.0,3.1140261915621927,1.1140261915621927,128
1672,18,24,Poor,0,Slow,0,2.0,3.749033743743845,1.749033743743845,124
1673,18,25,Poor,0,Slow,0,2.0,2.8248153764569017,0.8248153764569017,123
1674,18,26,Poor,0,Slow,0,2.0,2.4575252929594114,0.45752529295941136,122
1675,18,27,Poor,0,Slow,2,2.0,3.284566399287486,1.284566399287486,121
1676,18,29,Poor,2,Slow,1,2.0,2.526056019161902,0.5260560191619019,127
1677,18,33,Poor,2,Slow,0,2.0,3.2016277512171314,1.2016277512171314,126
1678,18,34,Poor,2,Slow,1,2.0,2.514542250722687,0.5145422507226871,125
1679,18,36,Poor,2,Slow,1,2.0,2.771906114750714,0.7719061147507138,124
1680,18,37,Poor,0,Slow,0,2.0,3.4301989266197865,1.4301989266197865,120
1681,18,38,Poor,1,Slow,1,2.0,2.476101390220946,0.4761013902209461,120
1682,18,39,Poor,1,Slow,0,2.0,2.828031299140411,0.8280312991404108,119
1683,18,40,Poor,0,Slow,2,2.0,2.729525964306103,0.7295259643061032,119
1684,18,41,Poor,1,Slow,0,2.0,3.512007697158392,1.512007697158392,118
1685,18,42,Poor,1,Slow,1,2.0,3.2429974096167435,1.2429974096167435,117
1686,18,43,Poor,1,Slow,0,2.0,3.502749323246766,1.502749323246766,116
1687,18,45,Poor,2,Slow,2,2.0,3.0281273705970215,1.0281273705970215,123
1688,18,47,Poor,0,Slow,0,2.0,2.1230903588284136,0.12309035882841357,118
1689,18,48,Poor,2,Slow,2,2.0,3.6692367755188076,1.6692367755188076,122
1690,18,49,Poor,1,Slow,0,2.0,3.7731523012913906,1.7731523012913906,115
1691,18,50,Poor,1,Slow,0,2.0,3.713015652076344,1.713015652076344,114
1692,18,52,Poor,0,Slow,4,2.0,2.9841050681047223,0.9841050681047223,117
1693,18,55,Poor,0,Slow,2,2.0,3.1823678697518387,1.1823678697518387,116
1694,18,57,Poor,1,Slow,4,2.0,2.7424671276282258,0.7424671276282258,113
1695,18,61,Poor,2,Slow,0,2.0,2.5188084079142183,0.5188084079142183,121
1696,18,62,Poor,0,Slow,1,2.0,3.2775248179517753,1.2775248179517753,115
1697,18,63,Poor,1,Slow,0,2.0,2.5219442531945178,0.5219442531945178,112
1698,18,65,Poor,0,Slow,3,2.0,2.9510046272216646,0.9510046272216646,114
1699,18,67,Poor,1,Slow,2,2.0,2.5599296931076965,0.5599296931076965,111
1700,18,69,Poor,0,Slow,1,2.0,2.4877817465356444,0.48778174653564443,113
1701,18,71,Middle,4,Shigh,1,4.199999999999999,7.163293457259577,2.963293457259578,69
1702,18,71,Middle,2,Slow,4,2.0,2.963293457259578,0.9632934572595779,120
1703,18,72,Middle,0,Slow,2,2.0,7.768968560472012,5.768968560472012,112
1704,18,73,Middle,0,Slow,1,2.0,7.450233380174315,5.450233380174315,111
1705,18,73,Middle,4,Shigh,2,4.199999999999999,5.450233380174315,1.2502333801743157,68
1706,18,74,Middle,0,Slow,0,2.0,7.252966709331139,5.252966709331139,110
1707,18,74,Middle,2,Slow,4,2.0,5.252966709331139,3.2529667093311394,119
1708,18,75,Middle,1,Slow,0,2.0,5.856561551923653,3.8565615519236527,110
1709,18,76,Middle,3,Shigh,0,6.0,7.17693007156897,1.17693007156897,69
1710,18,77,Middle,0,Slow,0,2.0,5.461277511371745,3.461277511371745,109
1711,18,78,Middle,2,Slow,3,2.0,5.843208367780427,3.843208367780427,118
1712,18,80,Middle,2,Slow,1,2.0,7.355480770280447,5.355480770280447,117
1713,18,80,Middle,0,Slow,2,2.0,5.355480770280447,3.3554807702804466,108
1714,18,81,Middle,1,Slow,1,2.0,6.365054121206426,4.365054121206426,109
1715,18,83,Middle,1,Slow,3,2.0,6.550233590930747,4.550233590930747,108
1716,18,85,Middle,3,Shigh,0,6.0,6.335743307636367,0.33574330763636695,68
1717,18,86,Middle,0,Slow,0,2.0,8.127365806639586,6.127365806639586,107
1718,18,87,Middle,1,Slow,1,2.0,5.805340252699862,3.805340252699862,107
1719,18,87,Middle,0,Slow,3,2.0,3.805340252699862,1.805340252699862,106
1720,18,89,Middle,3,Shigh,0,6.0,8.400190994278008,2.4001909942780078,67
1721,18,89,Middle,1,Slow,3,2.0,2.4001909942780078,0.40019099427800775,106
1722,18,90,Rich,2,Slow,2,2.0,9.700282929793117,7.700282929793117,116
1723,18,91,Rich,0,Slow,2,2.0,10.522389982241725,8.522389982241725,105
1724,18,93,Rich,1,Slow,1,2.0,10.814705278349864,8.814705278349864,105
1725,18,93,Rich,4,Shigh,2,4.199999999999999,8.814705278349864,4.614705278349865,67
1726,18,94,Rich,3,Shigh,1,6.0,10.473669839982232,4.473669839982232,66
1727,18,94,Rich,4,Shigh,2,4.199999999999999,4.473669839982232,0.27366983998223304,66
1728,18,95,Rich,4,Shigh,0,4.199999999999999,10.984958110209831,6.784958110209832,65
1729,18,95,Rich,2,Slow,2,2.0,6.784958110209832,4.784958110209832,115
1730,18,95,Rich,1,Slow,3,2.0,4.784958110209832,2.784958110209832,104
1731,18,96,Rich,0,Slow,0,2.0,10.44356929132036,8.44356929132036,104
1732,18,97,Rich,3,Shigh,1,6.0,13.455366489407961,7.455366489407961,65
1733,18,98,Rich,1,Slow,1,2.0,10.564759855021089,8.564759855021089,103
1734,18,98,Rich,0,Slow,3,2.0,8.564759855021089,6.564759855021089,103
1735,18,99,Rich,2,Slow,1,2.0,8.2474709303569,6.247470930356901,114
1736,18,99,Rich,1,Slow,4,2.0,6.247470930356901,4.247470930356901,102
1737,19,0,Poor,1,Slow,1,2.0,3.290100655757904,1.2901006557579038,129
1738,19,1,Poor,0,Slow,0,2.0,2.9629556340130234,0.9629556340130234,129
1739,19,3,Poor,2,Slow,1,2.0,2.5505653486076283,0.5505653486076283,129
1740,19,4,Poor,2,Slow,0,2.0,3.8168629812322936,1.8168629812322936,128
1741,19,5,Poor,2,Slow,1,2.0,3.101012135171049,1.101012135171049,127
1742,19,8,Poor,2,Slow,1,2.0,3.50017922839599,1.5001792283959898,126
1743,19,9,Poor,1,Slow,1,2.0,2.6339012155977137,0.6339012155977137,128
1744,19,10,Poor,1,Slow,1,2.0,2.793657798811934,0.793657798811934,127
1745,19,11,Poor,0,Slow,0,2.0,3.2698036879429386,1.2698036879429386,128
1746,19,14,Poor,2,Slow,0,2.0,3.171348663459195,1.1713486634591952,125
1747,19,15,Poor,0,Slow,3,2.0,3.3700928991547587,1.3700928991547587,127
1748,19,16,Poor,2,Slow,4,2.0,2.8996847260526835,0.8996847260526835,124
1749,19,18,Poor,0,Slow,2,2.0,3.6013602242311396,1.6013602242311396,126
1750,19,21,Poor,2,Slow,4,2.0,3.3498897839614976,1.3498897839614976,123
1751,19,22,Poor,2,Slow,4,2.0,3.350549001613749,1.3505490016137491,122
1752,19,24,Poor,2,Slow,3,2.0,3.351386932645467,1.3513869326454668,121
1753,19,26,Poor,1,Slow,0,2.0,2.840361533267832,0.8403615332678318,126
1754,19,27,Poor,0,Slow,4,2.0,3.047364394983168,1.047364394983168,125
1755,19,28,Poor,1,Slow,1,2.0,2.8116634271426397,0.8116634271426397,125
1756,19,30,Poor,0,Slow,1,2.0,3.201018706541858,1.2010187065418578,124
1757,19,32,Poor,1,Slow,4,2.0,3.842867513271377,1.842867513271377,124
1758,19,34,Poor,0,Slow,2,2.0,3.583566322573736,1.583566322573736,123
1759,19,35,Poor,0,Slow,3,2.0,3.6607201481957263,1.6607201481957263,122
1760,19,38,Poor,1,Slow,1,2.0,3.136185948149075,1.136185948149075,123
1761,19,41,Poor,0,Slow,4,2.0,2.9179337908069303,0.9179337908069303,121
1762,19,42,Poor,1,Slow,3,2.0,2.7582927001917223,0.7582927001917223,122
1763,19,43,Poor,1,Slow,1,2.0,3.4095150722323218,1.4095150722323218,121
1764,19,44,Poor,0,Slow,1,2.0,3.2517630990964603,1.2517630990964603,120
1765,19,45,Poor,0,Slow,3,2.0,2.6523962550660425,0.6523962550660425,119
1766,19,46,Poor,1,Slow,1,2.0,2.6585362381690634,0.6585362381690634,120
1767,19,47,Poor,2,Slow,3,2.0,2.9754543197593026,0.9754543197593026,120
1768,19,48,Poor,2,Slow,2,2.0,2.7154431136548065,0.7154431136548065,119
1769,19,49,Poor,1,Slow,2,2.0,3.077119822458633,1.077119822458633,119
1770,19,50,Poor,1,Slow,3,2.0,3.2798350436063344,1.2798350436063344,118
1771,19,51,Poor,0,Slow,1,2.0,3.283513407825653,1.283513407825653,118
1772,19,52,Poor,1,Slow,1,2.0,3.1896510299792378,1.1896510299792378,117
1773,19,54,Poor,0,Slow,2,2.0,2.858306402313241,0.8583064023132412,117
1774,19,55,Poor,1,Slow,0,2.0,3.896911932378591,1.896911932378591,116
1775,19,56,Poor,0,Slow,0,2.0,2.981837956779569,0.981837956779569,116
1776,19,57,Poor,0,Slow,3,2.0,2.90662798718324,0.9066279871832399,115
1777,19,58,Poor,2,Slow,0,2.0,2.4768374546190026,0.4768374546190026,118
1778,19,59,Poor,2,Slow,2,2.0,3.4784578801311588,1.4784578801311588,117
1779,19,61,Poor,0,Slow,4,2.0,2.638824131114447,0.6388241311144469,114
1780,19,64,Poor,1,Slow,0,2.0,3.53885631905841,1.53885631905841,115
1781,19,65,Poor,0,Slow,2,2.0,2.96546308384826,0.9654630838482601,113
1782,19,67,Poor,2,Slow,0,2.0,3.232294222987784,1.2322942229877838,116
1783,19,68,Poor,1,Slow,0,2.0,2.9761749197134026,0.9761749197134026,114
1784,19,69,Poor,1,Slow,2,2.0,3.281266488674985,1.281266488674985,113
1785,19,70,Middle,4,Shigh,2,4.199999999999999,5.76966571717116,1.5696657171711603,69
1786,19,71,Middle,4,Shigh,0,4.199999999999999,7.3030001209021105,3.103000120902111,68
1787,19,71,Middle,2,Slow,1,2.0,3.103000120902111,1.1030001209021112,115
1788,19,72,Middle,2,Slow,4,2.0,6.380386763625679,4.380386763625679,114
1789,19,73,Middle,0,Slow,1,2.0,7.339119598696153,5.339119598696153,112
1790,19,74,Middle,0,Slow,0,2.0,5.94551919873114,3.94551919873114,111
1791,19,74,Middle,1,Slow,2,2.0,3.94551919873114,1.94551919873114,112
1792,19,75,Middle,2,Slow,4,2.0,5.734291793939697,3.734291793939697,113
1793,19,76,Middle,0,Slow,1,2.0,7.641266207720917,5.641266207720917,110
1794,19,77,Middle,1,Slow,0,2.0,5.266608763200374,3.2666087632003737,111
1795,19,78,Middle,0,Slow,2,2.0,5.511322728908699,3.5113227289086986,109
1796,19,78,Middle,1,Slow,4,2.0,3.5113227289086986,1.5113227289086986,110
1797,19,80,Middle,0,Slow,2,2.0,6.747622671052879,4.747622671052879,108
1798,19,81,Middle,0,Slow,1,2.0,6.364713081454211,4.364713081454211,107
1799,19,81,Middle,1,Slow,3,2.0,4.364713081454211,2.3647130814542114,109
1800,19,82,Middle,4,Shigh,2,4.199999999999999,7.796512541471674,3.5965125414716743,67
1801,19,83,Middle,0,Slow,0,2.0,6.7004414867995115,4.7004414867995115,106
1802,19,83,Middle,4,Shigh,2,4.199999999999999,4.7004414867995115,0.5004414867995122,66
1803,19,84,Middle,0,Slow,1,2.0,7.086957914720693,5.086957914720693,105
1804,19,84,Middle,4,Shigh,4,4.199999999999999,5.086957914720693,0.8869579147206936,65
1805,19,85,Middle,1,Slow,0,2.0,8.268511405806281,6.268511405806281,108
1806,19,86,Middle,0,Slow,1,2.0,5.645455155786127,3.645455155786127,104
1807,19,87,Middle,1,Slow,0,2.0,9.100234757652794,7.100234757652794,107
1808,19,88,Middle,0,Slow,1,2.0,7.699982797214216,5.699982797214216,103
1809,19,89,Middle,3,Shigh,0,6.0,7.6640743941946665,1.6640743941946665,69
1810,19,90,Rich,3,Shigh,0,6.0,9.895484496024464,3.895484496024464,68
1811,19,90,Rich,1,Slow,2,2.0,3.895484496024464,1.895484496024464,106
1812,19,91,Rich,1,Slow,1,2.0,9.331258663719366,7.331258663719366,105
1813,19,91,Rich,3,Shigh,2,6.0,7.331258663719366,1.3312586637193657,67
1814,19,92,Rich,2,Slow,2,2.0,10.132554293963963,8.132554293963963,112
1815,19,92,Rich,0,Slow,3,2.0,8.132554293963963,6.132554293963963,102
1816,19,93,Rich,0,Slow,0,2.0,10.54334420195441,8.54334420195441,101
1817,19,93,Rich,4,Shigh,2,4.199999999999999,8.54334420195441,4.343344201954411,64
1818,19,93,Rich,1,Slow,3,2.0,4.343344201954411,2.3433442019544106,104
1819,19,94,Rich,0,Slow,3,2.0,10.676288416978268,8.676288416978268,100
1820,19,95,Rich,1,Slow,1,2.0,9.808934548213843,7.808934548213843,103
1821,19,95,Rich,4,Shigh,4,4.199999999999999,7.808934548213843,3.6089345482138437,63
1822,19,96,Rich,2,Slow,0,2.0,9.720092269607813,7.720092269607813,111
1823,19,96,Rich,0,Slow,4,2.0,7.720092269607813,5.720092269607813,99
1824,19,97,Rich,1,Slow,0,2.0,8.84237679279869,6.8423767927986905,102
1825,19,98,Rich,2,Slow,1,2.0,12.44542276691481,10.44542276691481,110
1826,19,98,Rich,0,Slow,2,2.0,10.44542276691481,8.44542276691481,98
1827,19,99,Rich,2,Slow,0,2.0,8.500882874186319,6.500882874186319,109
1828,19,99,Rich,4,Shigh,2,4.199999999999999,6.500882874186319,2.3008828741863194,62
1829,19,99,Rich,0,Slow,3,2.0,2.3008828741863194,0.3008828741863194,97
1830,20,2,Poor,1,Slow,0,2.0,3.1892102342242725,1.1892102342242725,129
1831,20,3,Poor,0,Slow,0,2.0,3.2471217838572146,1.2471217838572146,129
1832,20,5,Poor,0,Slow,0,2.0,2.8645810136052723,0.8645810136052723,128
1833,20,6,Poor,1,Slow,3,2.0,3.4307268742139576,1.4307268742139576,128
1834,20,7,Poor,1,Slow,0,2.0,3.96584535890705,1.9658453589070501,127
1835,20,8,Poor,1,Slow,1,2.0,3.1821470893371573,1.1821470893371573,126
1836,20,11,Poor,0,Slow,3,2.0,2.8261126324861316,0.8261126324861316,127
1837,20,12,Poor,2,Slow,1,2.0,3.7336410912443845,1.7336410912443845,129
1838,20,13,Poor,0,Slow,0,2.0,3.174092660366749,1.1740926603667492,126
1839,20,14,Poor,2,Slow,2,2.0,2.8743759299902942,0.8743759299902942,128
1840,20,15,Poor,2,Slow,3,2.0,2.8014178072808975,0.8014178072808975,127
1841,20,16,Poor,2,Slow,3,2.0,2.685367890541187,0.6853678905411869,126
1842,20,17,Poor,1,Slow,4,2.0,2.931839818463248,0.9318398184632479,125
1843,20,19,Poor,0,Slow,0,2.0,3.0091973592412975,1.0091973592412975,125
1844,20,20,Poor,2,Slow,1,2.0,3.31660210452262,1.31660210452262,125
1845,20,21,Poor,2,Slow,3,2.0,2.730455893178832,0.7304558931788319,124
1846,20,23,Poor,0,Slow,3,2.0,2.935347400236497,0.935347400236497,124
1847,20,24,Poor,1,Slow,3,2.0,3.1882178094918916,1.1882178094918916,124
1848,20,25,Poor,1,Slow,2,2.0,2.597188762872298,0.5971887628722978,123
1849,20,26,Poor,0,Slow,0,2.0,2.427338818783023,0.42733881878302293,123
1850,20,28,Poor,0,Slow,2,2.0,2.4529747699095803,0.4529747699095803,122
1851,20,29,Poor,1,Slow,1,2.0,3.4496264531419976,1.4496264531419976,122
1852,20,31,Poor,0,Slow,0,2.0,3.0602582669631375,1.0602582669631375,121
1853,20,32,Poor,1,Slow,1,2.0,2.8609968153106498,0.8609968153106498,121
1854,20,34,Poor,2,Slow,1,2.0,2.9704936878090398,0.9704936878090398,123
1855,20,35,Poor,1,Slow,0,2.0,2.6872741927371155,0.6872741927371155,120
1856,20,36,Poor,2,Slow,0,2.0,3.2485648161136,1.2485648161135998,122
1857,20,39,Poor,1,Slow,0,2.0,2.705920192576357,0.705920192576357,119
1858,20,40,Poor,1,Slow,0,2.0,2.8044361955839676,0.8044361955839676,118
1859,20,44,Poor,1,Slow,4,2.0,3.014622617478385,1.014622617478385,117
1860,20,46,Poor,1,Slow,3,2.0,2.8738664459966903,0.8738664459966903,116
1861,20,49,Poor,2,Slow,4,2.0,3.4123190965170322,1.4123190965170322,121
1862,20,50,Poor,1,Slow,0,2.0,3.2995469255700276,1.2995469255700276,115
1863,20,52,Poor,0,Slow,1,2.0,3.190672020633384,1.190672020633384,120
1864,20,53,Poor,1,Slow,2,2.0,2.754637482619014,0.7546374826190139,114
1865,20,54,Poor,1,Slow,3,2.0,3.2766248104131894,1.2766248104131894,113
1866,20,57,Poor,1,Slow,1,2.0,2.9414619801394375,0.9414619801394375,112
1867,20,58,Poor,0,Slow,2,2.0,3.9912462356810763,1.9912462356810763,119
1868,20,59,Poor,2,Slow,3,2.0,3.1752677142777888,1.1752677142777888,120
1869,20,60,Poor,0,Slow,1,2.0,3.1422412464961207,1.1422412464961207,118
1870,20,61,Poor,1,Slow,2,2.0,2.7242723671597577,0.7242723671597577,111
1871,20,62,Poor,1,Slow,1,2.0,3.216951410607468,1.216951410607468,110
1872,20,64,Poor,0,Slow,0,2.0,3.0015246810719103,1.0015246810719103,117
1873,20,65,Poor,0,Slow,0,2.0,2.8317591818388994,0.8317591818388994,116
1874,20,68,Poor,2,Slow,0,2.0,2.7872604105884853,0.7872604105884853,119
1875,20,69,Poor,0,Slow,2,2.0,2.5371311769350893,0.5371311769350893,115
1876,20,70,Middle,4,Shigh,0,4.199999999999999,6.605505200225647,2.4055052002256474,69
1877,20,70,Middle,1,Slow,1,2.0,2.4055052002256474,0.4055052002256474,109
1878,20,71,Middle,1,Slow,0,2.0,6.1956600973986,4.1956600973986,108
1879,20,71,Middle,2,Slow,1,2.0,4.1956600973986,2.1956600973985996,118
1880,20,71,Middle,0,Slow,3,2.0,2.1956600973985996,0.19566009739859958,114
1881,20,73,Middle,3,Shigh,2,6.0,7.248413536220521,1.2484135362205206,69
1882,20,74,Middle,0,Slow,3,2.0,6.153803266603409,4.153803266603409,113
1883,20,75,Middle,2,Slow,2,2.0,6.012247567846515,4.012247567846515,117
1884,20,76,Middle,2,Slow,1,2.0,6.307405447994963,4.307405447994963,116
1885,20,77,Middle,1,Slow,2,2.0,5.9649678584729635,3.9649678584729635,107
1886,20,78,Middle,3,Shigh,0,6.0,7.980745441633362,1.9807454416333616,68
1887,20,79,Middle,3,Shigh,0,6.0,6.662827446166902,0.6628274461669017,67
1888,20,80,Middle,0,Slow,0,2.0,6.361280953748732,4.361280953748732,112
1889,20,80,Middle,4,Shigh,3,4.199999999999999,4.361280953748732,0.16128095374873297,68
1890,20,81,Middle,0,Slow,4,2.0,6.143332918002512,4.143332918002512,111
1891,20,82,Middle,1,Slow,0,2.0,8.806557962433859,6.806557962433859,106
1892,20,82,Middle,4,Shigh,1,4.199999999999999,6.806557962433859,2.6065579624338593,67
1893,20,83,Middle,3,Shigh,1,6.0,7.113897418986151,1.1138974189861512,66
1894,20,84,Middle,3,Shigh,3,6.0,7.5382217942007115,1.5382217942007115,65
1895,20,85,Middle,0,Slow,3,2.0,6.700814381452372,4.700814381452372,110
1896,20,86,Middle,0,Slow,2,2.0,6.13419937024327,4.13419937024327,109
1897,20,86,Middle,1,Slow,4,2.0,4.13419937024327,2.1341993702432704,105
1898,20,87,Middle,1,Slow,3,2.0,5.864629457560171,3.864629457560171,104
1899,20,88,Middle,0,Slow,3,2.0,7.507119136393813,5.507119136393813,108
1900,20,88,Middle,1,Slow,4,2.0,5.507119136393813,3.507119136393813,103
1901,20,90,Rich,2,Slow,0,2.0,9.707066345550794,7.707066345550794,115
1902,20,90,Rich,3,Shigh,1,6.0,7.707066345550794,1.7070663455507944,64
1903,20,91,Rich,4,Shigh,2,4.199999999999999,11.519903122537198,7.319903122537198,66
1904,20,91,Rich,1,Slow,4,2.0,7.319903122537198,5.319903122537198,102
1905,20,92,Rich,4,Shigh,1,4.199999999999999,9.67424958985218,5.47424958985218,65
1906,20,92,Rich,0,Slow,2,2.0,5.47424958985218,3.47424958985218,107
1907,20,93,Rich,3,Shigh,0,6.0,9.176606899500767,3.176606899500767,63
1908,20,93,Rich,1,Slow,3,2.0,3.176606899500767,1.1766068995007668,101
1909,20,94,Rich,2,Slow,0,2.0,8.1473786316675,6.1473786316675,114
1910,20,94,Rich,3,Shigh,2,6.0,6.1473786316675,0.14737863166750031,62
1911,20,95,Rich,4,Shigh,1,4.199999999999999,12.15635628888434,7.95635628888434,64
1912,20,95,Rich,0,Slow,2,2.0,7.95635628888434,5.95635628888434,106
1913,20,95,Rich,2,Slow,3,2.0,5.95635628888434,3.95635628888434,113
1914,20,96,Rich,4,Shigh,1,4.199999999999999,10.038412303091548,5.838412303091548,63
1915,20,96,Rich,2,Slow,2,2.0,5.838412303091548,3.8384123030915482,112
1916,20,96,Rich,1,Slow,4,2.0,3.8384123030915482,1.8384123030915482,100
1917,20,97,Rich,3,Shigh,0,6.0,9.298188908239863,3.2981889082398634,61
1918,20,97,Rich,2,Slow,2,2.0,3.2981889082398634,1.2981889082398634,111
1919,20,98,Rich,4,Shigh,3,4.199999999999999,9.699199550186695,5.499199550186695,62
1920,20,99,Rich,2,Slow,0,2.0,12.257400070759818,10.257400070759818,110
1921,20,99,Rich,0,Slow,1,2.0,10.257400070759818,8.257400070759818,105
1922,21,0,Poor,2,Slow,3,2.0,3.2429000828477137,1.2429000828477137,129
1923,21,1,Poor,0,Slow,2,2.0,2.6865518078606354,0.6865518078606354,129
1924,21,2,Poor,1,Slow,2,2.0,2.4649621901373515,0.4649621901373515,129
1925,21,4,Poor,2,Slow,4,2.0,3.187292936382705,1.187292936382705,128
1926,21,5,Poor,2,Slow,0,2.0,2.8202146325627027,0.8202146325627027,127
1927,21,6,Poor,2,Slow,3,2.0,3.348926289440923,1.3489262894409229,126
1928,21,8,Poor,2,Slow,4,2.0,2.7711381546499387,0.7711381546499387,125
1929,21,10,Poor,2,Slow,1,2.0,3.181672673459164,1.1816726734591638,124
1930,21,11,Poor,2,Slow,0,2.0,2.7483205744463453,0.7483205744463453,123
1931,21,12,Poor,1,Slow,2,2.0,2.6404727705858075,0.6404727705858075,128
1932,21,13,Poor,2,Slow,1,2.0,2.749880012516574,0.7498800125165741,122
1933,21,16,Poor,1,Slow,2,2.0,2.920746219009512,0.9207462190095121,127
1934,21,17,Poor,2,Slow,0,2.0,3.5851350362062373,1.5851350362062373,121
1935,21,19,Poor,0,Slow,1,2.0,2.6207484909571117,0.6207484909571117,128
1936,21,20,Poor,0,Slow,2,2.0,3.1096610333694836,1.1096610333694836,127
1937,21,21,Poor,2,Slow,0,2.0,3.034806771576432,1.0348067715764322,120
1938,21,22,Poor,2,Slow,0,2.0,3.2144979606146737,1.2144979606146737,119
1939,21,24,Poor,1,Slow,1,2.0,2.7964939554528314,0.7964939554528314,126
1940,21,25,Poor,2,Slow,0,2.0,3.0272717065806742,1.0272717065806742,118
1941,21,26,Poor,0,Slow,3,2.0,2.657502324481351,0.6575023244813512,126
1942,21,27,Poor,1,Slow,4,2.0,3.2469403052085575,1.2469403052085575,125
1943,21,29,Poor,2,Slow,0,2.0,3.4033087944082965,1.4033087944082965,117
1944,21,30,Poor,0,Slow,0,2.0,2.7636013005076823,0.7636013005076823,125
1945,21,31,Poor,1,Slow,1,2.0,3.1857573056345676,1.1857573056345676,124
1946,21,33,Poor,1,Slow,1,2.0,2.9943249071996365,0.9943249071996365,123
1947,21,34,Poor,0,Slow,1,2.0,3.1872795962664924,1.1872795962664924,124
1948,21,35,Poor,1,Slow,0,2.0,2.5927897992788784,0.5927897992788784,122
1949,21,37,Poor,1,Slow,4,2.0,3.097259591988431,1.097259591988431,121
1950,21,38,Poor,1,Slow,2,2.0,2.6995253738899008,0.6995253738899008,120
1951,21,39,Poor,0,Slow,0,2.0,2.9942407982848556,0.9942407982848556,123
1952,21,40,Poor,1,Slow,0,2.0,3.1870377517439397,1.1870377517439397,119
1953,21,41,Poor,0,Slow,0,2.0,2.8002370731995025,0.8002370731995025,122
1954,21,42,Poor,0,Slow,0,2.0,2.631046852264179,0.6310468522641788,121
1955,21,45,Poor,0,Slow,3,2.0,3.3345214328546726,1.3345214328546726,120
1956,21,47,Poor,1,Slow,3,2.0,3.042669001318675,1.042669001318675,118
1957,21,50,Poor,2,Slow,2,2.0,2.5965348789341123,0.5965348789341123,116
1958,21,51,Poor,2,Slow,0,2.0,2.4787223800240787,0.47872238002407874,115
1959,21,52,Poor,0,Slow,0,2.0,2.877805703700374,0.8778057037003739,119
1960,21,53,Poor,0,Slow,0,2.0,3.2821235494008842,1.2821235494008842,118
1961,21,54,Poor,2,Slow,1,2.0,2.610562973683999,0.610562973683999,114
1962,21,55,Poor,1,Slow,3,2.0,2.9340363856597715,0.9340363856597715,117
1963,21,56,Poor,0,Slow,4,2.0,2.672401972011924,0.6724019720119241,117
1964,21,57,Poor,2,Slow,3,2.0,2.9995227605956347,0.9995227605956347,113
1965,21,58,Poor,1,Slow,1,2.0,2.8272839022826104,0.8272839022826104,116
1966,21,59,Poor,0,Slow,0,2.0,2.4618219778478125,0.46182197784781254,116
1967,21,60,Poor,2,Slow,3,2.0,3.1861938525387994,1.1861938525387994,112
1968,21,61,Poor,2,Slow,1,2.0,2.6851064922014722,0.6851064922014722,111
1969,21,63,Poor,1,Slow,1,2.0,3.2914711746792666,1.2914711746792666,115
1970,21,66,Poor,1,Slow,0,2.0,2.8747967731242507,0.8747967731242507,114
1971,21,68,Poor,0,Slow,2,2.0,3.1217675553473354,1.1217675553473354,115
1972,21,69,Poor,0,Slow,0,2.0,3.152454795501212,1.152454795501212,114
1973,21,70,Middle,2,Slow,2,2.0,6.721910356728579,4.721910356728579,110
1974,21,70,Middle,0,Slow,4,2.0,4.721910356728579,2.7219103567285794,113
1975,21,71,Middle,0,Slow,3,2.0,5.841668788993481,3.8416687889934806,112
1976,21,72,Middle,4,Shigh,0,4.199999999999999,7.7841430789754265,3.584143078975427,69
1977,21,73,Middle,3,Shigh,0,6.0,8.070935511072102,2.0709355110721024,69
1978,21,73,Middle,2,Slow,2,2.0,2.0709355110721024,0.07093551107210239,109
1979,21,75,Middle,3,Shigh,1,6.0,6.645093737219206,0.6450937372192058,68
1980,21,76,Middle,1,Slow,3,2.0,7.324293529473775,5.324293529473775,113
1981,21,77,Middle,1,Slow,0,2.0,6.525707959051902,4.525707959051902,112
1982,21,77,Middle,0,Slow,2,2.0,4.525707959051902,2.5257079590519016,111
1983,21,78,Middle,3,Shigh,3,6.0,7.305664077059046,1.3056640770590464,67
1984,21,79,Middle,1,Slow,0,2.0,8.257322767343643,6.257322767343643,111
1985,21,79,Middle,3,Shigh,2,6.0,6.257322767343643,0.2573227673436431,66
1986,21,80,Middle,2,Slow,4,2.0,7.127396569253197,5.127396569253197,108
1987,21,81,Middle,2,Slow,1,2.0,8.061400488030744,6.061400488030744,107
1988,21,81,Middle,3,Shigh,4,6.0,6.061400488030744,0.061400488030743716,65
1989,21,82,Middle,0,Slow,0,2.0,6.445328535610146,4.445328535610146,110
1990,21,82,Middle,4,Shigh,3,4.199999999999999,4.445328535610146,0.2453285356101471,68
1991,21,84,Middle,2,Slow,1,2.0,5.733909091629488,3.7339090916294877,106
1992,21,84,Middle,0,Slow,2,2.0,3.7339090916294877,1.7339090916294877,109
1993,21,85,Middle,3,Shigh,0,6.0,7.431807623077228,1.431807623077228,64
1994,21,87,Middle,1,Slow,1,2.0,6.924039906846529,4.924039906846529,110
1995,21,87,Middle,2,Slow,4,2.0,4.924039906846529,2.924039906846529,105
1996,21,88,Middle,4,Shigh,4,4.199999999999999,5.97792807584732,1.7779280758473206,67
1997,21,89,Middle,1,Slow,1,2.0,7.697015625180357,5.697015625180357,109
1998,21,90,Rich,3,Shigh,1,6.0,11.020535296608852,5.020535296608852,63
1999,21,90,Rich,0,Slow,3,2.0,5.020535296608852,3.020535296608852,108
2000,21,91,Rich,1,Slow,0,2.0,10.96828650725468,8.96828650725468,108
2001,21,91,Rich,4,Shigh,1,4.199999999999999,8.96828650725468,4.768286507254681,66
2002,21,91,Rich,2,Slow,2,2.0,4.768286507254681,2.7682865072546807,104
2003,21,92,Rich,3,Shigh,2,6.0,8.886965283769445,2.8869652837694453,62
2004,21,93,Rich,3,Shigh,2,6.0,9.316401353458186,3.316401353458186,61
2005,21,93,Rich,1,Slow,3,2.0,3.316401353458186,1.3164013534581862,107
2006,21,94,Rich,0,Slow,4,2.0,10.957853632689623,8.957853632689623,107
2007,21,96,Rich,0,Slow,1,2.0,11.05721687477923,9.05721687477923,106
2008,21,96,Rich,2,Slow,3,2.0,9.05721687477923,7.057216874779231,103
2009,21,96,Rich,1,Slow,4,2.0,7.057216874779231,5.057216874779231,106
2010,21,97,Rich,3,Shigh,1,6.0,11.682651407410363,5.682651407410363,60
2011,21,97,Rich,1,Slow,2,2.0,5.682651407410363,3.682651407410363,105
2012,21,97,Rich,0,Slow,4,2.0,3.682651407410363,1.6826514074103631,105
2013,21,98,Rich,0,Slow,4,2.0,11.97033704006907,9.97033704006907,104
2014,21,99,Rich,3,Shigh,0,6.0,8.422865070512687,2.422865070512687,59
2015,21,99,Rich,1,Slow,3,2.0,2.422865070512687,0.42286507051268707,104
2016,22,1,Poor,0,Slow,3,2.0,2.894942506292645,0.894942506292645,129
2017,22,2,Poor,2,Slow,2,2.0,2.7209232097862572,0.7209232097862572,129
2018,22,3,Poor,1,Slow,1,2.0,3.823806764489805,1.823806764489805,129
2019,22,4,Poor,1,Slow,2,2.0,3.0748394320782,1.0748394320782002,128
2020,22,5,Poor,0,Slow,2,2.0,2.9016750479396474,0.9016750479396474,128
2021,22,7,Poor,0,Slow,2,2.0,3.346418311681992,1.346418311681992,127
2022,22,8,Poor,2,Slow,2,2.0,3.000757232634622,1.000757232634622,128
2023,22,9,Poor,1,Slow,0,2.0,3.1792877702953963,1.1792877702953963,127
2024,22,10,Poor,2,Slow,4,2.0,2.7313960421378614,0.7313960421378614,127
2025,22,13,Poor,1,Slow,4,2.0,2.9325733514446677,0.9325733514446677,126
2026,22,16,Poor,2,Slow,0,2.0,2.890934777994782,0.890934777994782,126
2027,22,18,Poor,0,Slow,4,2.0,3.4635532133610627,1.4635532133610627,126
2028,22,21,Poor,0,Slow,4,2.0,3.128141968290073,1.1281419682900728,125
2029,22,22,Poor,1,Slow,3,2.0,2.804325643616683,0.804325643616683,125
2030,22,23,Poor,0,Slow,2,2.0,2.376046493145683,0.37604649314568306,124
2031,22,24,Poor,1,Slow,2,2.0,2.5684019927843575,0.5684019927843575,124
2032,22,25,Poor,2,Slow,1,2.0,3.661878680079334,1.661878680079334,125
2033,22,26,Poor,0,Slow,3,2.0,2.7633650847634326,0.7633650847634326,123
2034,22,27,Poor,1,Slow,2,2.0,2.712187091643713,0.7121870916437132,123
2035,22,28,Poor,0,Slow,4,2.0,2.562141798190629,0.5621417981906291,122
2036,22,30,Poor,2,Slow,2,2.0,2.6616370735830888,0.6616370735830888,124
2037,22,31,Poor,1,Slow,4,2.0,3.008191722840218,1.008191722840218,122
2038,22,32,Poor,0,Slow,3,2.0,2.6933353951883827,0.6933353951883827,121
2039,22,33,Poor,1,Slow,0,2.0,3.2832416791297785,1.2832416791297785,121
2040,22,34,Poor,1,Slow,2,2.0,3.025001603503937,1.025001603503937,120
2041,22,35,Poor,0,Slow,0,2.0,3.4495163870785484,1.4495163870785484,120
2042,22,36,Poor,0,Slow,1,2.0,3.337731095439773,1.3377310954397732,119
2043,22,37,Poor,0,Slow,1,2.0,2.9415238626856817,0.9415238626856817,118
2044,22,38,Poor,2,Slow,1,2.0,3.012576366882605,1.0125763668826049,123
2045,22,39,Poor,2,Slow,4,2.0,2.759686121534862,0.759686121534862,122
2046,22,42,Poor,0,Slow,3,2.0,2.897350554811172,0.897350554811172,117
2047,22,45,Poor,2,Slow,0,2.0,3.200696474598562,1.200696474598562,121
2048,22,46,Poor,1,Slow,0,2.0,2.982228405250174,0.982228405250174,119
2049,22,48,Poor,2,Slow,1,2.0,3.1457931437338376,1.1457931437338376,120
2050,22,49,Poor,0,Slow,0,2.0,2.6320151931930686,0.6320151931930686,116
2051,22,50,Poor,2,Slow,3,2.0,3.373174118330799,1.373174118330799,119
2052,22,52,Poor,0,Slow,1,2.0,2.273161528124335,0.2731615281243349,115
2053,22,53,Poor,1,Slow,0,2.0,2.853925971259582,0.8539259712595819,118
2054,22,54,Poor,2,Slow,0,2.0,3.1577089547865316,1.1577089547865316,118
2055,22,57,Poor,0,Slow,0,2.0,3.0309432157891996,1.0309432157891996,114
2056,22,58,Poor,0,Slow,0,2.0,2.706892999002172,0.706892999002172,113
2057,22,59,Poor,1,Slow,2,2.0,2.4203797089684027,0.4203797089684027,117
2058,22,60,Poor,2,Slow,0,2.0,3.0540434675836092,1.0540434675836092,117
2059,22,62,Poor,0,Slow,2,2.0,2.9153849614018577,0.9153849614018577,112
2060,22,63,Poor,1,Slow,0,2.0,3.6381592287883837,1.6381592287883837,116
2061,22,65,Poor,2,Slow,1,2.0,3.187096136701288,1.187096136701288,116
2062,22,66,Poor,0,Slow,2,2.0,3.3010701354906726,1.3010701354906726,111
2063,22,67,Poor,0,Slow,0,2.0,2.784597776006867,0.784597776006867,110
2064,22,68,Poor,0,Slow,1,2.0,2.6189404628887045,0.6189404628887045,109
2065,22,69,Poor,1,Slow,0,2.0,2.839366424895559,0.8393664248955588,115
2066,22,70,Middle,1,Slow,0,2.0,6.478096640154882,4.478096640154882,114
2067,22,71,Middle,1,Slow,1,2.0,10.200205693548304,8.200205693548304,113
2068,22,71,Middle,3,Shigh,2,6.0,8.200205693548304,2.2002056935483036,69
2069,22,72,Middle,0,Slow,2,2.0,6.363141881491475,4.363141881491475,108
2070,22,73,Middle,4,Shigh,0,4.199999999999999,7.129415757607544,2.9294157576075444,69
2071,22,73,Middle,1,Slow,4,2.0,2.9294157576075444,0.9294157576075444,112
2072,22,74,Middle,0,Slow,1,2.0,6.270013380411089,4.270013380411089,107
2073,22,75,Middle,1,Slow,3,2.0,8.007148340057862,6.007148340057862,111
2074,22,75,Middle,0,Slow,4,2.0,6.007148340057862,4.007148340057862,106
2075,22,77,Middle,4,Shigh,1,4.199999999999999,8.192351525275905,3.9923515252759056,68
2076,22,77,Middle,1,Slow,3,2.0,3.9923515252759056,1.9923515252759056,110
2077,22,78,Middle,2,Slow,0,2.0,7.67139316813004,5.67139316813004,115
2078,22,78,Middle,1,Slow,1,2.0,5.67139316813004,3.67139316813004,109
2079,22,79,Middle,4,Shigh,2,4.199999999999999,6.678342945763109,2.47834294576311,67
2080,22,79,Middle,0,Slow,4,2.0,2.47834294576311,0.4783429457631101,105
2081,22,81,Middle,3,Shigh,0,6.0,7.3679266295643995,1.3679266295643995,68
2082,22,82,Middle,1,Slow,1,2.0,7.654039213513699,5.654039213513699,108
2083,22,82,Middle,0,Slow,2,2.0,5.654039213513699,3.654039213513699,104
2084,22,82,Middle,2,Slow,4,2.0,3.654039213513699,1.6540392135136992,114
2085,22,83,Middle,0,Slow,2,2.0,7.075899903099827,5.075899903099827,103
2086,22,84,Middle,0,Slow,0,2.0,8.519752072211077,6.519752072211077,102
2087,22,84,Middle,3,Shigh,2,6.0,6.519752072211077,0.5197520722110767,67
2088,22,85,Middle,0,Slow,1,2.0,7.741205232775673,5.741205232775673,101
2089,22,85,Middle,1,Slow,3,2.0,5.741205232775673,3.7412052327756733,107
2090,22,86,Middle,3,Shigh,4,6.0,6.476440000716599,0.4764400007165994,66
2091,22,87,Middle,0,Slow,3,2.0,7.097480833341709,5.097480833341709,100
2092,22,90,Rich,0,Slow,1,2.0,11.623481029738954,9.623481029738954,99
2093,22,90,Rich,2,Slow,2,2.0,9.623481029738954,7.623481029738954,113
2094,22,90,Rich,3,Shigh,3,6.0,7.623481029738954,1.6234810297389544,65
2095,22,91,Rich,3,Shigh,1,6.0,11.319415956878084,5.319415956878084,64
2096,22,91,Rich,2,Slow,2,2.0,5.319415956878084,3.3194159568780837,112
2097,22,92,Rich,3,Shigh,0,6.0,11.501332165035244,5.501332165035244,63
2098,22,92,Rich,4,Shigh,1,4.199999999999999,5.501332165035244,1.3013321650352445,66
2099,22,93,Rich,4,Shigh,0,4.199999999999999,9.502901798968974,5.302901798968975,65
2100,22,93,Rich,1,Slow,3,2.0,5.302901798968975,3.302901798968975,106
2101,22,95,Rich,0,Slow,2,2.0,10.948007723629829,8.948007723629829,98
2102,22,96,Rich,3,Shigh,1,6.0,10.254600392304683,4.254600392304683,62
2103,22,96,Rich,2,Slow,4,2.0,4.254600392304683,2.254600392304683,111
2104,22,98,Rich,2,Slow,0,2.0,9.528353054530646,7.528353054530646,110
2105,22,98,Rich,1,Slow,2,2.0,7.528353054530646,5.528353054530646,105
2106,22,98,Rich,0,Slow,4,2.0,5.528353054530646,3.528353054530646,97
2107,22,99,Rich,3,Shigh,0,6.0,8.927129420043634,2.9271294200436344,61
2108,22,99,Rich,2,Slow,1,2.0,2.9271294200436344,0.9271294200436344,109
2109,23,0,Poor,0,Slow,1,2.0,3.1865810139196276,1.1865810139196276,129
2110,23,1,Poor,0,Slow,3,2.0,3.238596838937809,1.2385968389378088,128
2111,23,2,Poor,2,Slow,0,2.0,2.7367586747723918,0.7367586747723918,129
2112,23,3,Poor,0,Slow,2,2.0,2.629060971751063,0.6290609717510631,127
2113,23,4,Poor,1,Slow,0,2.0,3.2942895544123414,1.2942895544123414,129
2114,23,5,Poor,2,Slow,2,2.0,2.505542808056785,0.5055428080567852,128
2115,23,6,Poor,1,Slow,2,2.0,3.261063084311303,1.2610630843113029,128
2116,23,7,Poor,2,Slow,1,2.0,3.309226889870608,1.309226889870608,127
2117,23,9,Poor,0,Slow,0,2.0,3.232720190906067,1.232720190906067,126
2118,23,10,Poor,0,Slow,3,2.0,3.410263817914806,1.4102638179148062,125
2119,23,11,Poor,0,Slow,2,2.0,2.89833316229941,0.89833316229941,124
2120,23,14,Poor,2,Slow,1,2.0,3.1182502752779193,1.1182502752779193,126
2121,23,15,Poor,1,Slow,3,2.0,2.472376779157126,0.47237677915712606,127
2122,23,17,Poor,2,Slow,4,2.0,3.45760406508593,1.4576040650859299,125
2123,23,18,Poor,1,Slow,2,2.0,3.8008559569229523,1.8008559569229523,126
2124,23,19,Poor,0,Slow,1,2.0,2.816965738703363,0.8169657387033631,123
2125,23,21,Poor,0,Slow,0,2.0,2.772490848135636,0.7724908481356358,122
2126,23,22,Poor,0,Slow,1,2.0,3.320958511803822,1.320958511803822,121
2127,23,23,Poor,0,Slow,0,2.0,2.939995538231767,0.9399955382317668,120
2128,23,24,Poor,1,Slow,1,2.0,3.4095047774109246,1.4095047774109246,125
2129,23,25,Poor,1,Slow,0,2.0,2.585258129141043,0.5852581291410428,124
2130,23,27,Poor,1,Slow,1,2.0,3.7519889974299234,1.7519889974299234,123
2131,23,28,Poor,1,Slow,1,2.0,2.6095958829625485,0.6095958829625485,122
2132,23,29,Poor,0,Slow,0,2.0,3.744847740949772,1.7448477409497718,119
2133,23,30,Poor,1,Slow,0,2.0,2.7238895256376496,0.7238895256376496,121
2134,23,31,Poor,1,Slow,4,2.0,2.8190456544258704,0.8190456544258704,120
2135,23,32,Poor,1,Slow,3,2.0,3.0520790842494727,1.0520790842494727,119
2136,23,34,Poor,0,Slow,0,2.0,2.5895736582203304,0.5895736582203304,118
2137,23,36,Poor,1,Slow,1,2.0,3.0220847666513504,1.0220847666513504,118
2138,23,37,Poor,2,Slow,1,2.0,2.8133741535018637,0.8133741535018637,124
2139,23,39,Poor,0,Slow,0,2.0,2.656266639849695,0.656266639849695,117
2140,23,43,Poor,0,Slow,4,2.0,2.8984576445888437,0.8984576445888437,116
2141,23,44,Poor,1,Slow,1,2.0,2.634716198832218,0.6347161988322179,117
2142,23,45,Poor,1,Slow,4,2.0,3.013382229616147,1.013382229616147,116
2143,23,47,Poor,0,Slow,2,2.0,2.6676516768528096,0.6676516768528096,115
2144,23,48,Poor,0,Slow,0,2.0,2.299856663686646,0.2998566636866462,114
2145,23,49,Poor,0,Slow,3,2.0,2.501205161491454,0.5012051614914541,113
2146,23,52,Poor,1,Slow,0,2.0,4.256259062545025,2.256259062545025,115
2147,23,53,Poor,0,Slow,3,2.0,3.2717247738088884,1.2717247738088884,112
2148,23,54,Poor,1,Slow,3,2.0,3.4747377411144256,1.4747377411144256,114
2149,23,55,Poor,1,Slow,1,2.0,3.4083322047502804,1.4083322047502804,113
2150,23,56,Poor,1,Slow,3,2.0,3.014947587425777,1.0149475874257772,112
2151,23,57,Poor,1,Slow,2,2.0,3.271895585179531,1.2718955851795308,111
2152,23,58,Poor,2,Slow,1,2.0,3.430443366023581,1.4304433660235811,123
2153,23,59,Poor,1,Slow,0,2.0,2.873375636197109,0.873375636197109,110
2154,23,60,Poor,1,Slow,2,2.0,3.0301228700268856,1.0301228700268856,109
2155,23,61,Poor,1,Slow,1,2.0,3.1016584451715694,1.1016584451715694,108
2156,23,62,Poor,0,Slow,1,2.0,3.2278404647722057,1.2278404647722057,111
2157,23,63,Poor,0,Slow,1,2.0,2.5688434550757755,0.5688434550757755,110
2158,23,64,Poor,1,Slow,2,2.0,2.7823834782234353,0.7823834782234353,107
2159,23,66,Poor,0,Slow,3,2.0,2.770701909562894,0.7707019095628942,109
2160,23,67,Poor,0,Slow,1,2.0,3.6721061487054008,1.6721061487054008,108
2161,23,68,Poor,1,Slow,0,2.0,3.141795006389564,1.141795006389564,106
2162,23,69,Poor,0,Slow,2,2.0,2.8137241980373284,0.8137241980373284,107
2163,23,70,Middle,3,Shigh,1,6.0,6.3248293489427185,0.32482934894271853,69
2164,23,72,Middle,2,Slow,3,2.0,6.510089859952004,4.510089859952004,122
2165,23,72,Middle,1,Slow,4,2.0,4.510089859952004,2.5100898599520036,105
2166,23,73,Middle,2,Slow,1,2.0,7.5524170513219095,5.5524170513219095,121
2167,23,73,Middle,1,Slow,3,2.0,5.5524170513219095,3.5524170513219095,104
2168,23,74,Middle,1,Slow,1,2.0,6.3627783854941455,4.3627783854941455,103
2169,23,74,Middle,2,Slow,2,2.0,4.3627783854941455,2.3627783854941455,120
2170,23,75,Middle,0,Slow,2,2.0,7.418962662905829,5.418962662905829,106
2171,23,75,Middle,2,Slow,3,2.0,5.418962662905829,3.4189626629058294,119
2172,23,76,Middle,0,Slow,0,2.0,6.606197650213472,4.606197650213472,105
2173,23,76,Middle,2,Slow,3,2.0,4.606197650213472,2.6061976502134723,118
2174,23,78,Middle,3,Shigh,0,6.0,8.31678419891018,2.316784198910179,68
2175,23,78,Middle,0,Slow,2,2.0,2.316784198910179,0.31678419891017917,104
2176,23,79,Middle,1,Slow,1,2.0,9.36184813142633,7.3618481314263295,102
2177,23,79,Middle,3,Shigh,2,6.0,7.3618481314263295,1.3618481314263295,67
2178,23,80,Middle,0,Slow,1,2.0,6.377510595439413,4.377510595439413,103
2179,23,80,Middle,1,Slow,2,2.0,4.377510595439413,2.3775105954394133,101
2180,23,83,Middle,0,Slow,4,2.0,7.320405871256672,5.320405871256672,102
2181,23,84,Middle,0,Slow,1,2.0,6.784845271299068,4.784845271299068,101
2182,23,84,Middle,1,Slow,3,2.0,4.784845271299068,2.7848452712990683,100
2183,23,85,Middle,1,Slow,4,2.0,7.223276720573339,5.223276720573339,99
2184,23,86,Middle,4,Shigh,0,4.199999999999999,6.513493717616655,2.313493717616656,69
2185,23,86,Middle,1,Slow,3,2.0,2.313493717616656,0.3134937176166561,98
2186,23,87,Middle,1,Slow,0,2.0,8.257034556378,6.2570345563780005,97
2187,23,87,Middle,2,Slow,1,2.0,6.2570345563780005,4.2570345563780005,117
2188,23,88,Middle,2,Slow,1,2.0,7.6734480423501035,5.6734480423501035,116
2189,23,88,Middle,1,Slow,3,2.0,5.6734480423501035,3.6734480423501035,96
2190,23,89,Middle,4,Shigh,1,4.199999999999999,6.472401616057493,2.2724016160574934,68
2191,23,90,Rich,0,Slow,0,2.0,11.54636208603115,9.54636208603115,100
2192,23,90,Rich,1,Slow,1,2.0,9.54636208603115,7.54636208603115,95
2193,23,90,Rich,4,Shigh,2,4.199999999999999,7.54636208603115,3.346362086031151,67
2194,23,91,Rich,0,Slow,2,2.0,9.40029189312203,7.400291893122031,99
2195,23,91,Rich,4,Shigh,3,4.199999999999999,7.400291893122031,3.2002918931220314,66
2196,23,92,Rich,2,Slow,0,2.0,11.440850324630244,9.440850324630244,115
2197,23,92,Rich,0,Slow,2,2.0,9.440850324630244,7.440850324630244,98
2198,23,92,Rich,4,Shigh,3,4.199999999999999,7.440850324630244,3.2408503246302445,65
2199,23,93,Rich,1,Slow,3,2.0,9.822012441427496,7.822012441427496,94
2200,23,94,Rich,0,Slow,0,2.0,8.917547082602098,6.917547082602098,97
2201,23,94,Rich,2,Slow,4,2.0,6.917547082602098,4.917547082602098,114
2202,23,95,Rich,0,Slow,0,2.0,10.330261802239557,8.330261802239557,96
2203,23,96,Rich,2,Slow,1,2.0,11.333297003650262,9.333297003650262,113
2204,23,97,Rich,2,Slow,1,2.0,9.82613742271868,7.826137422718681,112
2205,23,97,Rich,3,Shigh,3,6.0,7.826137422718681,1.8261374227186806,66
2206,23,98,Rich,3,Shigh,4,6.0,10.192873386728275,4.192873386728275,65
2207,23,99,Rich,0,Slow,3,2.0,7.535224183318008,5.535224183318008,95
2208,24,0,Poor,1,Slow,3,2.0,2.9047491292271186,0.9047491292271186,129
2209,24,1,Poor,0,Slow,4,2.0,2.8384803835903667,0.8384803835903667,129
2210,24,2,Poor,0,Slow,1,2.0,2.9648450533063744,0.9648450533063744,128
2211,24,4,Poor,0,Slow,2,2.0,2.67594187584024,0.6759418758402398,127
2212,24,5,Poor,1,Slow,2,2.0,2.766095203094853,0.7660952030948529,128
2213,24,6,Poor,0,Slow,0,2.0,2.464757274704242,0.4647572747042421,126
2214,24,11,Poor,1,Slow,2,2.0,3.426053725325153,1.4260537253251528,127
2215,24,13,Poor,1,Slow,0,2.0,3.0847762859569547,1.0847762859569547,126
2216,24,14,Poor,2,Slow,4,2.0,3.1081204591240343,1.1081204591240343,129
2217,24,15,Poor,1,Slow,2,2.0,3.2355727701904713,1.2355727701904713,125
2218,24,16,Poor,2,Slow,2,2.0,2.919133549929011,0.9191335499290112,128
2219,24,17,Poor,1,Slow,1,2.0,3.1213319469840197,1.1213319469840197,124
2220,24,18,Poor,0,Slow,3,2.0,2.6493095385674432,0.6493095385674432,125
2221,24,19,Poor,1,Slow,0,2.0,3.304062737208511,1.3040627372085112,123
2222,24,20,Poor,0,Slow,3,2.0,2.918191647665398,0.918191647665398,124
2223,24,21,Poor,0,Slow,1,2.0,2.5910887558194697,0.5910887558194697,123
2224,24,22,Poor,0,Slow,3,2.0,2.854407499286707,0.8544074992867068,122
2225,24,24,Poor,2,Slow,1,2.0,2.4581172682841084,0.45811726828410837,127
2226,24,25,Poor,0,Slow,2,2.0,3.251156105143639,1.251156105143639,121
2227,24,26,Poor,2,Slow,2,2.0,2.871142797512125,0.8711427975121251,126
2228,24,27,Poor,1,Slow,1,2.0,2.8857892746015956,0.8857892746015956,122
2229,24,29,Poor,1,Slow,0,2.0,2.8382813035213172,0.8382813035213172,121
2230,24,30,Poor,1,Slow,1,2.0,3.094734108632003,1.0947341086320028,120
2231,24,33,Poor,1,Slow,2,2.0,3.1694567775479294,1.1694567775479294,119
2232,24,34,Poor,0,Slow,0,2.0,3.4154976684477556,1.4154976684477556,120
2233,24,35,Poor,0,Slow,1,2.0,2.808060586207429,0.808060586207429,119
2234,24,36,Poor,2,Slow,3,2.0,3.967344935105296,1.967344935105296,125
2235,24,37,Poor,1,Slow,0,2.0,2.6340807256466943,0.6340807256466943,118
2236,24,39,Poor,2,Slow,0,2.0,2.830250121648425,0.830250121648425,124
2237,24,41,Poor,0,Slow,1,2.0,2.480904625470164,0.4809046254701639,118
2238,24,42,Poor,0,Slow,0,2.0,2.8102409665261185,0.8102409665261185,117
2239,24,44,Poor,1,Slow,4,2.0,2.5918059162597307,0.5918059162597307,117
2240,24,46,Poor,1,Slow,3,2.0,2.138614369374404,0.13861436937440397,116
2241,24,47,Poor,1,Slow,2,2.0,3.945914866504356,1.945914866504356,115
2242,24,48,Poor,0,Slow,1,2.0,3.4644901307525666,1.4644901307525666,116
2243,24,49,Poor,0,Slow,3,2.0,2.324538083292489,0.3245380832924889,115
2244,24,50,Poor,0,Slow,0,2.0,3.172300368971697,1.172300368971697,114
2245,24,52,Poor,1,Slow,3,2.0,2.12935964921632,0.12935964921631982,114
2246,24,53,Poor,0,Slow,0,2.0,2.784462938291227,0.7844629382912269,113
2247,24,54,Poor,2,Slow,1,2.0,3.2744731648227736,1.2744731648227736,123
2248,24,56,Poor,0,Slow,4,2.0,2.83615761355646,0.8361576135564599,112
2249,24,59,Poor,0,Slow,0,2.0,3.4898009937024015,1.4898009937024015,111
2250,24,61,Poor,1,Slow,4,2.0,2.5839021339023227,0.5839021339023227,113
2251,24,62,Poor,2,Slow,3,2.0,3.34205991981232,1.34205991981232,122
2252,24,64,Poor,2,Slow,0,2.0,3.599253265895166,1.599253265895166,121
2253,24,65,Poor,1,Slow,0,2.0,2.908055091408278,0.9080550914082779,112
2254,24,66,Poor,0,Slow,0,2.0,2.55711377734388,0.5571137773438801,110
2255,24,67,Poor,1,Slow,0,2.0,3.8502916620116414,1.8502916620116414,111
2256,24,68,Poor,1,Slow,4,2.0,3.1949344825507535,1.1949344825507535,110
2257,24,70,Middle,2,Slow,0,2.0,7.820289588260385,5.820289588260385,120
2258,24,71,Middle,1,Slow,0,2.0,6.187853534062974,4.187853534062974,109
2259,24,71,Middle,0,Slow,1,2.0,4.187853534062974,2.187853534062974,109
2260,24,71,Middle,2,Slow,4,2.0,2.187853534062974,0.1878535340629739,119
2261,24,72,Middle,1,Slow,0,2.0,7.971572361322323,5.971572361322323,108
2262,24,73,Middle,2,Slow,0,2.0,6.035032606623662,4.035032606623662,118
2263,24,74,Middle,3,Shigh,1,6.0,7.385923365891884,1.385923365891884,69
2264,24,75,Middle,3,Shigh,0,6.0,6.459839079064872,0.45983907906487165,68
2265,24,76,Middle,0,Slow,2,2.0,7.485910486246235,5.485910486246235,108
2266,24,76,Middle,1,Slow,3,2.0,5.485910486246235,3.485910486246235,107
2267,24,78,Middle,4,Shigh,0,4.199999999999999,7.899117122694239,3.69911712269424,69
2268,24,78,Middle,2,Slow,2,2.0,3.69911712269424,1.6991171226942399,117
2269,24,79,Middle,3,Shigh,1,6.0,7.87457498242739,1.87457498242739,67
2270,24,80,Middle,3,Shigh,4,6.0,7.010132061748541,1.010132061748541,66
2271,24,81,Middle,0,Slow,1,2.0,7.625172976888766,5.625172976888766,107
2272,24,84,Middle,3,Shigh,3,6.0,6.661800731254811,0.6618007312548109,65
2273,24,85,Middle,3,Shigh,0,6.0,7.074609005820366,1.0746090058203661,64
2274,24,86,Middle,0,Slow,3,2.0,9.141041482407113,7.141041482407113,106
2275,24,86,Middle,1,Slow,4,2.0,7.141041482407113,5.141041482407113,106
2276,24,87,Middle,2,Slow,3,2.0,6.403789015007343,4.403789015007343,116
2277,24,88,Middle,2,Slow,1,2.0,6.624997393613986,4.624997393613986,115
2278,24,88,Middle,4,Shigh,4,4.199999999999999,4.624997393613986,0.42499739361398703,68
2279,24,89,Middle,2,Slow,1,2.0,6.700701893475259,4.700701893475259,114
2280,24,89,Middle,0,Slow,3,2.0,4.700701893475259,2.7007018934752587,105
2281,24,90,Rich,0,Slow,1,2.0,11.41764206484403,9.41764206484403,104
2282,24,90,Rich,3,Shigh,2,6.0,9.41764206484403,3.4176420648440295,63
2283,24,90,Rich,1,Slow,3,2.0,3.4176420648440295,1.4176420648440295,105
2284,24,91,Rich,4,Shigh,1,4.199999999999999,10.232892595690807,6.032892595690807,67
2285,24,91,Rich,1,Slow,2,2.0,6.032892595690807,4.032892595690807,104
2286,24,91,Rich,0,Slow,3,2.0,4.032892595690807,2.0328925956908073,103
2287,24,92,Rich,0,Slow,0,2.0,9.270017140235813,7.270017140235813,102
2288,24,92,Rich,3,Shigh,3,6.0,7.270017140235813,1.2700171402358134,62
2289,24,93,Rich,2,Slow,0,2.0,8.677519791776625,6.677519791776625,113
2290,24,93,Rich,3,Shigh,1,6.0,6.677519791776625,0.6775197917766249,61
2291,24,94,Rich,0,Slow,0,2.0,9.629258037476239,7.629258037476239,101
2292,24,94,Rich,1,Slow,2,2.0,7.629258037476239,5.629258037476239,103
2293,24,94,Rich,4,Shigh,4,4.199999999999999,5.629258037476239,1.4292580374762398,66
2294,24,95,Rich,0,Slow,1,2.0,10.86057127938994,8.86057127938994,100
2295,24,95,Rich,1,Slow,3,2.0,8.86057127938994,6.860571279389941,102
2296,24,95,Rich,2,Slow,4,2.0,6.860571279389941,4.860571279389941,112
2297,24,96,Rich,4,Shigh,2,4.199999999999999,10.499273935966801,6.299273935966802,65
2298,24,97,Rich,3,Shigh,4,6.0,11.037373711396663,5.037373711396663,60
2299,24,99,Rich,3,Shigh,3,6.0,8.656059746386408,2.6560597463864077,59
2300,25,0,Poor,0,Slow,4,2.0,3.5218209291576605,1.5218209291576605,129
2301,25,2,Poor,0,Slow,3,2.0,2.591521094515274,0.591521094515274,128
2302,25,3,Poor,1,Slow,2,2.0,2.8597941229945025,0.8597941229945025,129
2303,25,4,Poor,0,Slow,3,2.0,2.869273007717637,0.8692730077176369,127
2304,25,8,Poor,1,Slow,1,2.0,3.005041746662627,1.0050417466626271,128
2305,25,10,Poor,0,Slow,3,2.0,3.136101818449179,1.1361018184491791,126
2306,25,11,Poor,0,Slow,0,2.0,3.245174811439747,1.245174811439747,125
2307,25,13,Poor,0,Slow,0,2.0,2.6975370989263,0.6975370989263001,124
2308,25,14,Poor,2,Slow,3,2.0,3.2634336199938936,1.2634336199938936,129
2309,25,15,Poor,1,Slow,0,2.0,2.867760468693692,0.8677604686936919,127
2310,25,17,Poor,0,Slow,3,2.0,2.816652979578859,0.8166529795788589,123
2311,25,19,Poor,1,Slow,1,2.0,3.5514537686387944,1.5514537686387944,126
2312,25,20,Poor,2,Slow,2,2.0,3.730451445657132,1.730451445657132,128
2313,25,21,Poor,0,Slow,1,2.0,2.5194298104404615,0.5194298104404615,122
2314,25,22,Poor,1,Slow,3,2.0,3.055355223632832,1.0553552236328319,125
2315,25,25,Poor,1,Slow,2,2.0,3.1658448636878553,1.1658448636878553,124
2316,25,26,Poor,1,Slow,0,2.0,2.610355218700437,0.6103552187004371,123
2317,25,28,Poor,0,Slow,1,2.0,3.1112665764749265,1.1112665764749265,121
2318,25,29,Poor,0,Slow,1,2.0,3.099176881311036,1.099176881311036,120
2319,25,30,Poor,0,Slow,1,2.0,2.4184894209544456,0.41848942095444563,119
2320,25,31,Poor,0,Slow,3,2.0,2.788827625612773,0.7888276256127731,118
2321,25,33,Poor,0,Slow,3,2.0,3.027609274608928,1.027609274608928,117
2322,25,34,Poor,0,Slow,0,2.0,2.906861112923479,0.9068611129234792,116
2323,25,35,Poor,1,Slow,0,2.0,2.5265474077953773,0.5265474077953773,122
2324,25,36,Poor,0,Slow,4,2.0,2.704357114004681,0.7043571140046812,115
2325,25,37,Poor,1,Slow,2,2.0,2.9994620634358675,0.9994620634358675,121
2326,25,38,Poor,2,Slow,1,2.0,2.985394884281313,0.9853948842813129,127
2327,25,39,Poor,2,Slow,1,2.0,3.2230663756558107,1.2230663756558107,126
2328,25,40,Poor,2,Slow,0,2.0,3.090370198564822,1.090370198564822,125
2329,25,41,Poor,1,Slow,1,2.0,2.367318616313213,0.36731861631321294,120
2330,25,43,Poor,0,Slow,1,2.0,3.015595010377373,1.015595010377373,114
2331,25,44,Poor,1,Slow,0,2.0,2.6852954137674883,0.6852954137674883,119
2332,25,45,Poor,2,Slow,3,2.0,2.9699731551151465,0.9699731551151465,124
2333,25,46,Poor,0,Slow,1,2.0,3.529116378768083,1.5291163787680828,113
2334,25,47,Poor,1,Slow,0,2.0,3.337165273769051,1.3371652737690511,118
2335,25,48,Poor,1,Slow,4,2.0,2.3746273106371536,0.3746273106371536,117
2336,25,50,Poor,0,Slow,4,2.0,3.1711629380200264,1.1711629380200264,112
2337,25,52,Poor,1,Slow,3,2.0,2.8329104996933414,0.8329104996933414,116
2338,25,53,Poor,1,Slow,1,2.0,3.187563012008363,1.1875630120083631,115
2339,25,54,Poor,2,Slow,3,2.0,2.7208288422092624,0.7208288422092624,123
2340,25,57,Poor,1,Slow,4,2.0,2.7296669145774555,0.7296669145774555,114
2341,25,58,Poor,0,Slow,1,2.0,2.492346117301023,0.49234611730102307,111
2342,25,59,Poor,0,Slow,2,2.0,2.9810666847071805,0.9810666847071805,110
2343,25,60,Poor,1,Slow,4,2.0,2.8874835115590796,0.8874835115590796,113
2344,25,63,Poor,1,Slow,0,2.0,2.9381764074426613,0.9381764074426613,112
2345,25,65,Poor,0,Slow,1,2.0,2.863428503369419,0.8634285033694189,109
2346,25,67,Poor,2,Slow,1,2.0,3.2729463698405494,1.2729463698405494,122
2347,25,68,Poor,0,Slow,0,2.0,3.2113407876026003,1.2113407876026003,108
2348,25,69,Poor,1,Slow,3,2.0,3.6760925993272635,1.6760925993272635,111
2349,25,70,Middle,1,Slow,1,2.0,6.0261097720305585,4.0261097720305585,110
2350,25,70,Middle,0,Slow,2,2.0,4.0261097720305585,2.0261097720305585,107
2351,25,72,Middle,3,Shigh,0,6.0,7.2933639706287146,1.2933639706287146,69
2352,25,73,Middle,0,Slow,0,2.0,7.434314252514539,5.434314252514539,106
2353,25,73,Middle,2,Slow,2,2.0,5.434314252514539,3.4343142525145387,121
2354,25,75,Middle,1,Slow,1,2.0,7.521882537775141,5.521882537775141,109
2355,25,75,Middle,2,Slow,3,2.0,5.521882537775141,3.5218825377751406,120
2356,25,76,Middle,1,Slow,0,2.0,8.150630625598057,6.1506306255980565,108
2357,25,76,Middle,2,Slow,4,2.0,6.1506306255980565,4.1506306255980565,119
2358,25,77,Middle,4,Shigh,3,4.199999999999999,7.722542221425354,3.522542221425355,69
2359,25,78,Middle,4,Shigh,2,4.199999999999999,7.291764305352041,3.091764305352042,68
2360,25,79,Middle,0,Slow,2,2.0,6.657554529636108,4.657554529636108,105
2361,25,81,Middle,0,Slow,0,2.0,7.355795781933722,5.355795781933722,104
2362,25,82,Middle,1,Slow,4,2.0,7.118307269295797,5.118307269295797,107
2363,25,83,Middle,2,Slow,2,2.0,6.085665463898204,4.085665463898204,118
2364,25,84,Middle,3,Shigh,3,6.0,7.366363924525264,1.3663639245252641,68
2365,25,85,Middle,0,Slow,2,2.0,6.357511044460629,4.357511044460629,103
2366,25,85,Middle,1,Slow,4,2.0,4.357511044460629,2.3575110444606286,106
2367,25,86,Middle,2,Slow,3,2.0,5.685304304163643,3.685304304163643,117
2368,25,86,Middle,0,Slow,4,2.0,3.685304304163643,1.685304304163643,102
2369,25,87,Middle,0,Slow,0,2.0,6.94453665308653,4.94453665308653,101
2370,25,87,Middle,4,Shigh,2,4.199999999999999,4.94453665308653,0.7445366530865307,67
2371,25,89,Middle,0,Slow,2,2.0,6.588081214058175,4.588081214058175,100
2372,25,90,Rich,1,Slow,0,2.0,9.208098520566821,7.208098520566821,105
2373,25,91,Rich,3,Shigh,0,6.0,9.750649490271247,3.750649490271247,67
2374,25,91,Rich,1,Slow,3,2.0,3.750649490271247,1.7506494902712468,104
2375,25,92,Rich,1,Slow,3,2.0,9.772618004352466,7.772618004352466,103
2376,25,92,Rich,0,Slow,4,2.0,7.772618004352466,5.772618004352466,99
2377,25,93,Rich,0,Slow,4,2.0,9.872587587951486,7.872587587951486,98
2378,25,94,Rich,1,Slow,0,2.0,8.325637292214143,6.325637292214143,102
2379,25,95,Rich,1,Slow,0,2.0,10.10325012924082,8.10325012924082,101
2380,25,95,Rich,0,Slow,3,2.0,8.10325012924082,6.10325012924082,97
2381,25,96,Rich,0,Slow,0,2.0,9.57611836031049,7.57611836031049,96
2382,25,96,Rich,3,Shigh,1,6.0,7.57611836031049,1.57611836031049,66
2383,25,97,Rich,0,Slow,3,2.0,9.104950598635885,7.1049505986358845,95
2384,25,98,Rich,2,Slow,3,2.0,8.835104055322045,6.835104055322045,116
2385,25,99,Rich,3,Shigh,1,6.0,10.245240073680687,4.245240073680687,65
2386,25,99,Rich,4,Shigh,4,4.199999999999999,4.245240073680687,0.04524007368068794,66
2387,26,0,Poor,0,Slow,4,2.0,2.7044050756014446,0.7044050756014446,129
2388,26,1,Poor,0,Slow,4,2.0,2.3141893761429233,0.3141893761429233,128
2389,26,2,Poor,1,Slow,0,2.0,2.6876122442553423,0.6876122442553423,129
2390,26,3,Poor,0,Slow,0,2.0,2.327307702976203,0.3273077029762028,127
2391,26,5,Poor,0,Slow,4,2.0,2.689530090593014,0.689530090593014,126
2392,26,6,Poor,1,Slow,0,2.0,2.90475738374794,0.9047573837479401,128
2393,26,7,Poor,0,Slow,1,2.0,2.978780980269394,0.9787809802693941,125
2394,26,9,Poor,2,Slow,4,2.0,2.993228833195018,0.9932288331950181,129
2395,26,10,Poor,2,Slow,4,2.0,2.6998477341868656,0.6998477341868656,128
2396,26,11,Poor,1,Slow,0,2.0,3.2889344042068274,1.2889344042068274,127
2397,26,12,Poor,0,Slow,0,2.0,2.974051541596099,0.9740515415960989,124
2398,26,13,Poor,0,Slow,3,2.0,3.708554834575372,1.7085548345753718,123
2399,26,16,Poor,0,Slow,1,2.0,2.8991133085154974,0.8991133085154974,122
2400,26,18,Poor,0,Slow,4,2.0,3.0635953329394656,1.0635953329394656,121
2401,26,19,Poor,1,Slow,0,2.0,2.611439156048789,0.6114391560487888,126
2402,26,20,Poor,1,Slow,0,2.0,2.8015664497551196,0.8015664497551196,125
2403,26,21,Poor,0,Slow,0,2.0,2.577808806216396,0.577808806216396,120
2404,26,23,Poor,1,Slow,0,2.0,2.851893386987903,0.8518933869879031,124
2405,26,24,Poor,1,Slow,2,2.0,2.9750048782588183,0.9750048782588183,123
2406,26,27,Poor,2,Slow,0,2.0,3.190988577204412,1.1909885772044122,127
2407,26,28,Poor,2,Slow,0,2.0,2.998775780716351,0.9987757807163509,126
2408,26,31,Poor,2,Slow,3,2.0,2.785962384410171,0.7859623844101709,125
2409,26,32,Poor,1,Slow,2,2.0,2.602329056090548,0.6023290560905479,122
2410,26,33,Poor,0,Slow,4,2.0,2.8322625052591226,0.8322625052591226,119
2411,26,35,Poor,1,Slow,0,2.0,3.1871445316121427,1.1871445316121427,121
2412,26,36,Poor,0,Slow,1,2.0,2.91152727713984,0.9115272771398399,118
2413,26,37,Poor,0,Slow,1,2.0,2.74661709866701,0.7466170986670102,117
2414,26,40,Poor,1,Slow,1,2.0,2.950534293391313,0.9505342933913128,120
2415,26,42,Poor,0,Slow,1,2.0,3.4604204716795035,1.4604204716795035,116
2416,26,44,Poor,1,Slow,2,2.0,2.699110169879403,0.6991101698794031,119
2417,26,45,Poor,0,Slow,2,2.0,3.023493317676469,1.023493317676469,115
2418,26,46,Poor,1,Slow,1,2.0,2.669027885932676,0.6690278859326759,118
2419,26,47,Poor,1,Slow,1,2.0,3.0073397843523932,1.0073397843523932,117
2420,26,50,Poor,0,Slow,4,2.0,3.164732798615085,1.164732798615085,114
2421,26,51,Poor,1,Slow,4,2.0,3.0891440914797017,1.0891440914797017,116
2422,26,52,Poor,1,Slow,1,2.0,2.958665904133203,0.9586659041332029,115
2423,26,54,Poor,1,Slow,1,2.0,2.812719178322947,0.812719178322947,114
2424,26,55,Poor,0,Slow,1,2.0,3.644325599236081,1.644325599236081,113
2425,26,56,Poor,0,Slow,0,2.0,3.075100993818312,1.075100993818312,112
2426,26,57,Poor,1,Slow,4,2.0,3.1497226392903963,1.1497226392903963,113
2427,26,58,Poor,2,Slow,2,2.0,2.613444507512904,0.613444507512904,124
2428,26,59,Poor,1,Slow,0,2.0,2.9400890043701393,0.9400890043701393,112
2429,26,61,Poor,2,Slow,4,2.0,3.2531511556069894,1.2531511556069894,123
2430,26,62,Poor,0,Slow,1,2.0,3.0757819224219896,1.0757819224219896,111
2431,26,63,Poor,0,Slow,1,2.0,2.667618562044004,0.6676185620440038,110
2432,26,64,Poor,1,Slow,3,2.0,3.133951400142291,1.133951400142291,111
2433,26,65,Poor,1,Slow,4,2.0,2.885415696886305,0.8854156968863052,110
2434,26,67,Poor,1,Slow,1,2.0,3.1216458857144667,1.1216458857144667,109
2435,26,70,Middle,1,Slow,0,2.0,8.337131704203756,6.337131704203756,108
2436,26,70,Middle,2,Slow,1,2.0,6.337131704203756,4.337131704203756,122
2437,26,71,Middle,2,Slow,1,2.0,7.891187458106225,5.891187458106225,121
2438,26,71,Middle,0,Slow,2,2.0,5.891187458106225,3.8911874581062253,109
2439,26,71,Middle,1,Slow,4,2.0,3.8911874581062253,1.8911874581062253,107
2440,26,74,Middle,3,Shigh,1,6.0,7.141291900499157,1.1412919004991569,69
2441,26,75,Middle,0,Slow,0,2.0,7.447742082772696,5.447742082772696,108
2442,26,75,Middle,4,Shigh,3,4.199999999999999,5.447742082772696,1.2477420827726968,69
2443,26,76,Middle,0,Slow,0,2.0,7.81921598166263,5.81921598166263,107
2444,26,77,Middle,1,Slow,3,2.0,7.71780207784856,5.71780207784856,106
2445,26,78,Middle,0,Slow,1,2.0,7.829719635056338,5.829719635056338,106
2446,26,78,Middle,2,Slow,2,2.0,5.829719635056338,3.829719635056338,120
2447,26,78,Middle,1,Slow,3,2.0,3.829719635056338,1.829719635056338,105
2448,26,79,Middle,2,Slow,0,2.0,10.13199893384141,8.13199893384141,119
2449,26,79,Middle,3,Shigh,1,6.0,8.13199893384141,2.1319989338414107,68
2450,26,79,Middle,1,Slow,2,2.0,2.1319989338414107,0.1319989338414107,104
2451,26,80,Middle,1,Slow,0,2.0,7.358981012686279,5.358981012686279,103
2452,26,81,Middle,0,Slow,0,2.0,6.671537160558662,4.671537160558662,105
2453,26,81,Middle,2,Slow,2,2.0,4.671537160558662,2.671537160558662,118
2454,26,82,Middle,1,Slow,0,2.0,5.8663172713233624,3.8663172713233624,102
2455,26,82,Middle,2,Slow,2,2.0,3.8663172713233624,1.8663172713233624,117
2456,26,83,Middle,1,Slow,1,2.0,6.89380734912314,4.89380734912314,101
2457,26,83,Middle,2,Slow,3,2.0,4.89380734912314,2.89380734912314,116
2458,26,84,Middle,2,Slow,1,2.0,7.623907524941649,5.623907524941649,115
2459,26,84,Middle,1,Slow,4,2.0,5.623907524941649,3.6239075249416492,100
2460,26,85,Middle,0,Slow,1,2.0,7.26507040364213,5.26507040364213,104
2461,26,87,Middle,4,Shigh,1,4.199999999999999,8.34272270154207,4.142722701542072,68
2462,26,88,Middle,2,Slow,0,2.0,8.420833130243517,6.420833130243517,114
2463,26,90,Rich,3,Shigh,2,6.0,9.608510700303011,3.608510700303011,67
2464,26,90,Rich,0,Slow,4,2.0,3.608510700303011,1.608510700303011,103
2465,26,91,Rich,4,Shigh,2,4.199999999999999,9.796116761511326,5.596116761511327,67
2466,26,91,Rich,0,Slow,4,2.0,5.596116761511327,3.596116761511327,102
2467,26,92,Rich,0,Slow,0,2.0,11.040772475198395,9.040772475198395,101
2468,26,92,Rich,2,Slow,1,2.0,9.040772475198395,7.040772475198395,113
2469,26,92,Rich,1,Slow,4,2.0,7.040772475198395,5.040772475198395,99
2470,26,93,Rich,2,Slow,2,2.0,9.929467456510318,7.929467456510318,112
2471,26,94,Rich,4,Shigh,1,4.199999999999999,9.322394792529476,5.122394792529477,66
2472,26,94,Rich,2,Slow,2,2.0,5.122394792529477,3.1223947925294766,111
2473,26,95,Rich,2,Slow,2,2.0,9.206235619249274,7.206235619249274,110
2474,26,95,Rich,3,Shigh,4,6.0,7.206235619249274,1.2062356192492736,66
2475,26,96,Rich,2,Slow,2,2.0,11.887455035882867,9.887455035882867,109
2476,26,97,Rich,0,Slow,0,2.0,11.288303882642031,9.288303882642031,100
2477,26,97,Rich,1,Slow,2,2.0,9.288303882642031,7.288303882642031,98
2478,26,98,Rich,1,Slow,1,2.0,8.42813863555255,6.42813863555255,97
2479,26,98,Rich,0,Slow,2,2.0,6.42813863555255,4.42813863555255,99
2480,26,99,Rich,3,Shigh,0,6.0,9.640401985837858,3.6404019858378582,65
2481,26,99,Rich,0,Slow,1,2.0,3.6404019858378582,1.6404019858378582,98
2482,27,1,Poor,2,Slow,4,2.0,3.0398514462506885,1.0398514462506885,129
2483,27,2,Poor,0,Slow,0,2.0,2.427304199382955,0.42730419938295494,129
2484,27,4,Poor,1,Slow,3,2.0,2.9223833284013048,0.9223833284013048,129
2485,27,5,Poor,2,Slow,1,2.0,4.1304334662199995,2.1304334662199995,128
2486,27,7,Poor,2,Slow,0,2.0,3.5472340453184636,1.5472340453184636,127
2487,27,9,Poor,2,Slow,0,2.0,2.78671462777033,0.7867146277703299,126
2488,27,10,Poor,0,Slow,2,2.0,3.0658328036407267,1.0658328036407267,128
2489,27,14,Poor,1,Slow,3,2.0,2.6530190351432137,0.6530190351432137,128
2490,27,15,Poor,1,Slow,0,2.0,2.66716056304533,0.6671605630453299,127
2491,27,16,Poor,2,Slow,3,2.0,3.12196605410498,1.12196605410498,125
2492,27,18,Poor,0,Slow,1,2.0,3.194200032015901,1.194200032015901,127
2493,27,19,Poor,0,Slow,3,2.0,3.228982720118843,1.228982720118843,126
2494,27,20,Poor,2,Slow,2,2.0,2.6010670927734565,0.6010670927734565,124
2495,27,21,Poor,2,Slow,1,2.0,3.8572194032333065,1.8572194032333065,123
2496,27,23,Poor,2,Slow,1,2.0,3.033242046889322,1.0332420468893222,122
2497,27,25,Poor,1,Slow,1,2.0,2.886720341701415,0.8867203417014151,126
2498,27,26,Poor,0,Slow,3,2.0,2.6808417888507923,0.6808417888507923,125
2499,27,27,Poor,2,Slow,1,2.0,2.81623231004472,0.81623231004472,121
2500,27,28,Poor,0,Slow,2,2.0,2.745063532030307,0.745063532030307,124
2501,27,29,Poor,2,Slow,0,2.0,3.6273218616776703,1.6273218616776703,120
2502,27,31,Poor,1,Slow,2,2.0,3.1366551168392562,1.1366551168392562,125
2503,27,32,Poor,2,Slow,2,2.0,2.8887631421222855,0.8887631421222855,119
2504,27,33,Poor,1,Slow,1,2.0,2.6388887174230704,0.6388887174230704,124
2505,27,34,Poor,2,Slow,2,2.0,2.9954915164281184,0.9954915164281184,118
2506,27,35,Poor,2,Slow,0,2.0,2.8265778472453573,0.8265778472453573,117
2507,27,36,Poor,0,Slow,4,2.0,3.1618683204601212,1.1618683204601212,123
2508,27,39,Poor,1,Slow,1,2.0,3.8636887529904738,1.8636887529904738,123
2509,27,40,Poor,1,Slow,2,2.0,2.664625158360342,0.6646251583603422,122
2510,27,41,Poor,1,Slow,2,2.0,2.8831374164308174,0.8831374164308174,121
2511,27,42,Poor,1,Slow,1,2.0,2.51780351306215,0.5178035130621499,120
2512,27,43,Poor,0,Slow,1,2.0,2.9053243663012736,0.9053243663012736,122
2513,27,44,Poor,0,Slow,0,2.0,3.2596494256324746,1.2596494256324746,121
2514,27,47,Poor,2,Slow,1,2.0,2.642927930097611,0.6429279300976112,116
2515,27,50,Poor,1,Slow,0,2.0,2.850345711947678,0.850345711947678,119
2516,27,55,Poor,0,Slow,1,2.0,2.7454845016847433,0.7454845016847433,120
2517,27,57,Poor,1,Slow,2,2.0,3.347469375576134,1.347469375576134,118
2518,27,59,Poor,1,Slow,0,2.0,2.953514397972173,0.9535143979721732,117
2519,27,60,Poor,1,Slow,2,2.0,3.1991917622630837,1.1991917622630837,116
2520,27,61,Poor,1,Slow,2,2.0,2.8859927973540698,0.8859927973540698,115
2521,27,62,Poor,1,Slow,1,2.0,2.4597819428351593,0.4597819428351593,114
2522,27,63,Poor,1,Slow,2,2.0,3.168626178432279,1.168626178432279,113
2523,27,64,Poor,1,Slow,0,2.0,2.4248897312896416,0.4248897312896416,112
2524,27,65,Poor,0,Slow,0,2.0,3.3957581097528218,1.3957581097528218,119
2525,27,66,Poor,2,Slow,0,2.0,2.6859925360495387,0.6859925360495387,115
2526,27,67,Poor,1,Slow,3,2.0,3.000715606384888,1.000715606384888,111
2527,27,68,Poor,2,Slow,0,2.0,4.175693750626729,2.1756937506267287,114
2528,27,69,Poor,1,Slow,0,2.0,2.848047951322339,0.8480479513223389,110
2529,27,70,Middle,3,Shigh,0,6.0,6.8237501868421235,0.8237501868421235,69
2530,27,71,Middle,3,Shigh,4,6.0,6.832845451686343,0.8328454516863433,68
2531,27,72,Middle,4,Shigh,0,4.199999999999999,7.79600638500326,3.5960063850032604,69
2532,27,72,Middle,0,Slow,3,2.0,3.5960063850032604,1.5960063850032604,118
2533,27,73,Middle,2,Slow,3,2.0,6.647383247667787,4.647383247667787,113
2534,27,74,Middle,0,Slow,0,2.0,7.992413301312855,5.992413301312855,117
2535,27,74,Middle,1,Slow,3,2.0,5.992413301312855,3.9924133013128547,109
2536,27,75,Middle,3,Shigh,0,6.0,6.000455487275892,0.00045548727589217464,67
2537,27,76,Middle,0,Slow,2,2.0,6.331584845196984,4.331584845196984,116
2538,27,76,Middle,2,Slow,4,2.0,4.331584845196984,2.331584845196984,112
2539,27,77,Middle,1,Slow,1,2.0,6.458394649700603,4.458394649700603,108
2540,27,78,Middle,1,Slow,1,2.0,7.90707106673621,5.90707106673621,107
2541,27,78,Middle,0,Slow,4,2.0,5.90707106673621,3.9070710667362096,115
2542,27,79,Middle,1,Slow,1,2.0,6.485144897223429,4.485144897223429,106
2543,27,80,Middle,3,Shigh,1,6.0,7.2743008235869135,1.2743008235869135,66
2544,27,82,Middle,2,Slow,0,2.0,6.525911404745951,4.525911404745951,111
2545,27,83,Middle,0,Slow,1,2.0,7.656058021850068,5.656058021850068,114
2546,27,84,Middle,0,Slow,3,2.0,6.765263784528714,4.765263784528714,113
2547,27,84,Middle,1,Slow,4,2.0,4.765263784528714,2.765263784528714,105
2548,27,85,Middle,1,Slow,0,2.0,6.5688982289305535,4.5688982289305535,104
2549,27,85,Middle,0,Slow,3,2.0,4.5688982289305535,2.5688982289305535,112
2550,27,86,Middle,2,Slow,1,2.0,7.859883323496874,5.859883323496874,110
2551,27,87,Middle,0,Slow,0,2.0,6.935513606174496,4.935513606174496,111
2552,27,88,Middle,4,Shigh,1,4.199999999999999,7.469909102915303,3.269909102915304,68
2553,27,88,Middle,0,Slow,3,2.0,3.269909102915304,1.269909102915304,110
2554,27,89,Middle,2,Slow,2,2.0,6.036852268299023,4.036852268299023,109
2555,27,89,Middle,0,Slow,4,2.0,4.036852268299023,2.0368522682990227,109
2556,27,90,Rich,0,Slow,1,2.0,8.979784107212021,6.979784107212021,108
2557,27,90,Rich,1,Slow,3,2.0,6.979784107212021,4.979784107212021,103
2558,27,91,Rich,3,Shigh,0,6.0,10.022723072070859,4.022723072070859,65
2559,27,91,Rich,1,Slow,3,2.0,4.022723072070859,2.0227230720708587,102
2560,27,92,Rich,4,Shigh,0,4.199999999999999,10.070366107237152,5.870366107237153,67
2561,27,92,Rich,1,Slow,3,2.0,5.870366107237153,3.870366107237153,101
2562,27,93,Rich,1,Slow,0,2.0,9.458504481982567,7.458504481982567,100
2563,27,93,Rich,0,Slow,2,2.0,7.458504481982567,5.458504481982567,107
2564,27,93,Rich,4,Shigh,4,4.199999999999999,5.458504481982567,1.258504481982568,66
2565,27,94,Rich,3,Shigh,0,6.0,12.267095613436485,6.267095613436485,64
2566,27,94,Rich,0,Slow,1,2.0,6.267095613436485,4.267095613436485,106
2567,27,94,Rich,1,Slow,2,2.0,4.267095613436485,2.267095613436485,99
2568,27,95,Rich,0,Slow,3,2.0,9.94702958822362,7.94702958822362,105
2569,27,95,Rich,1,Slow,4,2.0,7.94702958822362,5.94702958822362,98
2570,27,96,Rich,0,Slow,1,2.0,11.119036332008934,9.119036332008934,104
2571,27,96,Rich,1,Slow,4,2.0,9.119036332008934,7.119036332008934,97
2572,27,97,Rich,1,Slow,3,2.0,10.474169013531755,8.474169013531755,96
2573,27,97,Rich,0,Slow,4,2.0,8.474169013531755,6.474169013531755,103
2574,27,98,Rich,0,Slow,0,2.0,8.893264566414205,6.893264566414205,102
2575,27,98,Rich,1,Slow,1,2.0,6.893264566414205,4.893264566414205,95
2576,27,99,Rich,2,Slow,0,2.0,10.038307620707664,8.038307620707664,108
2577,28,0,Poor,1,Slow,3,2.0,2.6476535370142362,0.6476535370142362,129
2578,28,1,Poor,0,Slow,0,2.0,2.8104368631537957,0.8104368631537957,129
2579,28,2,Poor,2,Slow,0,2.0,3.539133589238687,1.5391335892386868,129
2580,28,4,Poor,0,Slow,2,2.0,2.8796385394792625,0.8796385394792625,128
2581,28,6,Poor,0,Slow,2,2.0,2.5722465650780113,0.5722465650780113,127
2582,28,7,Poor,0,Slow,1,2.0,3.6322791712035336,1.6322791712035336,126
2583,28,9,Poor,2,Slow,1,2.0,2.894530314799953,0.8945303147999528,128
2584,28,10,Poor,0,Slow,3,2.0,2.4436052378029283,0.44360523780292827,125
2585,28,12,Poor,1,Slow,0,2.0,3.311103448417827,1.311103448417827,128
2586,28,17,Poor,0,Slow,0,2.0,2.963579053559511,0.9635790535595108,124
2587,28,18,Poor,1,Slow,2,2.0,3.157155840759002,1.157155840759002,127
2588,28,19,Poor,2,Slow,1,2.0,3.0244441124877004,1.0244441124877004,127
2589,28,21,Poor,1,Slow,1,2.0,3.177484905391926,1.177484905391926,126
2590,28,22,Poor,1,Slow,1,2.0,2.2130160119257827,0.21301601192578268,125
2591,28,23,Poor,0,Slow,3,2.0,2.5051265070297903,0.5051265070297903,123
2592,28,24,Poor,1,Slow,3,2.0,3.20188887900339,1.20188887900339,124
2593,28,26,Poor,2,Slow,1,2.0,2.411777246758559,0.4117772467585592,126
2594,28,27,Poor,0,Slow,2,2.0,2.822916163443761,0.822916163443761,122
2595,28,28,Poor,2,Slow,2,2.0,3.8518202437926847,1.8518202437926847,125
2596,28,29,Poor,2,Slow,2,2.0,3.254173705514386,1.2541737055143858,124
2597,28,30,Poor,1,Slow,0,2.0,2.7482414497041776,0.7482414497041776,123
2598,28,31,Poor,2,Slow,0,2.0,2.885275465480645,0.8852754654806452,123
2599,28,32,Poor,2,Slow,1,2.0,2.7742538051370125,0.7742538051370125,122
2600,28,33,Poor,2,Slow,1,2.0,3.063909141994755,1.0639091419947548,121
2601,28,34,Poor,0,Slow,2,2.0,3.45424795689585,1.4542479568958502,121
2602,28,35,Poor,2,Slow,3,2.0,2.8762386850563333,0.8762386850563333,120
2603,28,36,Poor,0,Slow,3,2.0,3.2636030979677235,1.2636030979677235,120
2604,28,38,Poor,1,Slow,4,2.0,4.467713834209454,2.4677138342094542,122
2605,28,39,Poor,0,Slow,0,2.0,2.684103655817445,0.6841036558174451,119
2606,28,40,Poor,2,Slow,0,2.0,3.2202802512332087,1.2202802512332087,119
2607,28,41,Poor,2,Slow,2,2.0,3.1292600818823155,1.1292600818823155,118
2608,28,42,Poor,0,Slow,0,2.0,2.988259312473549,0.988259312473549,118
2609,28,43,Poor,0,Slow,3,2.0,2.928489458356914,0.9284894583569141,117
2610,28,44,Poor,1,Slow,0,2.0,2.6169447147002867,0.6169447147002867,121
2611,28,45,Poor,2,Slow,2,2.0,2.453894667585822,0.4538946675858222,117
2612,28,47,Poor,2,Slow,0,2.0,2.878080668068925,0.8780806680689248,116
2613,28,49,Poor,1,Slow,1,2.0,3.0349251912506268,1.0349251912506268,120
2614,28,50,Poor,1,Slow,2,2.0,2.804236143251058,0.8042361432510581,119
2615,28,51,Poor,1,Slow,0,2.0,3.3649885069435825,1.3649885069435825,118
2616,28,53,Poor,0,Slow,2,2.0,2.920655204554471,0.9206552045544711,116
2617,28,54,Poor,0,Slow,3,2.0,2.3783853162254083,0.3783853162254083,115
2618,28,57,Poor,1,Slow,2,2.0,3.767420388456941,1.7674203884569408,117
2619,28,59,Poor,1,Slow,1,2.0,3.1035972824004636,1.1035972824004636,116
2620,28,60,Poor,1,Slow,1,2.0,2.3049716779431546,0.3049716779431546,115
2621,28,61,Poor,1,Slow,2,2.0,3.6246010226747596,1.6246010226747596,114
2622,28,62,Poor,1,Slow,2,2.0,2.883984974092729,0.883984974092729,113
2623,28,63,Poor,2,Slow,0,2.0,2.4827815028095794,0.48278150280957943,115
2624,28,65,Poor,0,Slow,1,2.0,4.021900448239975,2.0219004482399754,114
2625,28,65,Poor,2,Slow,3,2.0,2.0219004482399754,0.02190044823997539,114
2626,28,66,Poor,2,Slow,2,2.0,2.7972012363950296,0.7972012363950296,113
2627,28,67,Poor,1,Slow,3,2.0,3.162722438477048,1.162722438477048,112
2628,28,68,Poor,2,Slow,0,2.0,3.098534644041606,1.0985346440416062,112
2629,28,71,Middle,1,Slow,1,2.0,7.144402630761958,5.144402630761958,111
2630,28,71,Middle,0,Slow,2,2.0,5.144402630761958,3.1444026307619577,113
2631,28,71,Middle,2,Slow,4,2.0,3.1444026307619577,1.1444026307619577,111
2632,28,72,Middle,4,Shigh,0,4.199999999999999,6.219629427318527,2.0196294273185273,69
2633,28,72,Middle,0,Slow,3,2.0,2.0196294273185273,0.019629427318527348,112
2634,28,73,Middle,1,Slow,0,2.0,7.490004333011857,5.490004333011857,110
2635,28,73,Middle,0,Slow,1,2.0,5.490004333011857,3.490004333011857,111
2636,28,74,Middle,4,Shigh,2,4.199999999999999,8.318170437904662,4.118170437904663,68
2637,28,74,Middle,1,Slow,3,2.0,4.118170437904663,2.118170437904663,109
2638,28,75,Middle,0,Slow,3,2.0,6.790382903167357,4.790382903167357,110
2639,28,76,Middle,1,Slow,1,2.0,6.667552492879211,4.667552492879211,108
2640,28,77,Middle,1,Slow,0,2.0,6.098245413938268,4.098245413938268,107
2641,28,77,Middle,2,Slow,3,2.0,4.098245413938268,2.098245413938268,110
2642,28,78,Middle,3,Shigh,0,6.0,6.337320596007272,0.33732059600727204,69
2643,28,79,Middle,0,Slow,0,2.0,7.748348025062465,5.748348025062465,109
2644,28,79,Middle,1,Slow,4,2.0,5.748348025062465,3.748348025062465,106
2645,28,80,Middle,4,Shigh,0,4.199999999999999,8.054099520696523,3.854099520696524,67
2646,28,80,Middle,0,Slow,2,2.0,3.854099520696524,1.8540995206965238,108
2647,28,81,Middle,4,Shigh,0,4.199999999999999,6.268696420427611,2.068696420427612,66
2648,28,83,Middle,3,Shigh,0,6.0,6.517327903252808,0.5173279032528084,68
2649,28,84,Middle,0,Slow,2,2.0,8.249179684075088,6.249179684075088,107
2650,28,85,Middle,2,Slow,3,2.0,6.0634657829609635,4.0634657829609635,109
2651,28,86,Middle,4,Shigh,0,4.199999999999999,5.710647375585655,1.5106473755856555,65
2652,28,87,Middle,2,Slow,1,2.0,6.305729568098784,4.305729568098784,108
2653,28,87,Middle,0,Slow,2,2.0,4.305729568098784,2.3057295680987844,106
2654,28,88,Middle,1,Slow,1,2.0,7.946859885008002,5.946859885008002,105
2655,28,90,Rich,1,Slow,2,2.0,11.351656922888187,9.351656922888187,104
2656,28,90,Rich,0,Slow,3,2.0,9.351656922888187,7.351656922888187,105
2657,28,90,Rich,3,Shigh,4,6.0,7.351656922888187,1.3516569228881874,67
2658,28,91,Rich,2,Slow,0,2.0,10.539876542407113,8.539876542407113,107
2659,28,91,Rich,0,Slow,1,2.0,8.539876542407113,6.539876542407113,104
2660,28,91,Rich,4,Shigh,3,4.199999999999999,6.539876542407113,2.3398765424071133,64
2661,28,93,Rich,0,Slow,1,2.0,8.340385403726518,6.340385403726518,103
2662,28,94,Rich,2,Slow,3,2.0,10.771363713458465,8.771363713458465,106
2663,28,95,Rich,3,Shigh,0,6.0,10.589455292445232,4.589455292445232,66
2664,28,95,Rich,0,Slow,4,2.0,4.589455292445232,2.5894552924452316,102
2665,28,96,Rich,1,Slow,0,2.0,12.569220470632875,10.569220470632875,103
2666,28,96,Rich,3,Shigh,2,6.0,10.569220470632875,4.5692204706328745,65
2667,28,97,Rich,0,Slow,4,2.0,9.593619839529062,7.593619839529062,101
2668,28,98,Rich,0,Slow,0,2.0,7.606975601274746,5.606975601274746,100
2669,28,98,Rich,1,Slow,1,2.0,5.606975601274746,3.606975601274746,102
2670,28,98,Rich,2,Slow,4,2.0,3.606975601274746,1.6069756012747458,105
2671,28,99,Rich,2,Slow,4,2.0,9.490000849067474,7.490000849067474,104
2672,29,1,Poor,2,Slow,4,2.0,2.724471677749589,0.7244716777495892,129
2673,29,2,Poor,0,Slow,2,2.0,2.9223808364526067,0.9223808364526067,129
2674,29,3,Poor,1,Slow,0,2.0,3.3518520344514107,1.3518520344514107,129
2675,29,5,Poor,0,Slow,1,2.0,2.860816126434592,0.8608161264345919,128
2676,29,6,Poor,1,Slow,3,2.0,2.8588111039368416,0.8588111039368416,128
2677,29,7,Poor,0,Slow,1,2.0,3.549950086979418,1.5499500869794178,127
2678,29,8,Poor,1,Slow,1,2.0,3.728312119189271,1.7283121191892712,127
2679,29,9,Poor,0,Slow,1,2.0,2.614481269544343,0.6144812695443429,126
2680,29,10,Poor,0,Slow,1,2.0,2.4015942795558667,0.4015942795558667,125
2681,29,11,Poor,0,Slow,0,2.0,3.50420389260809,1.50420389260809,124
2682,29,12,Poor,0,Slow,0,2.0,3.3594600938483383,1.3594600938483383,123
2683,29,13,Poor,1,Slow,4,2.0,3.3378454469657752,1.3378454469657752,126
2684,29,14,Poor,0,Slow,0,2.0,3.1773889950056153,1.1773889950056153,122
2685,29,15,Poor,0,Slow,0,2.0,2.6504725220175773,0.6504725220175773,121
2686,29,18,Poor,2,Slow,1,2.0,3.097942493813458,1.0979424938134579,128
2687,29,20,Poor,2,Slow,0,2.0,2.9264586764394918,0.9264586764394918,127
2688,29,21,Poor,2,Slow,3,2.0,2.1495592663340566,0.14955926633405658,126
2689,29,23,Poor,2,Slow,0,2.0,2.7303404260610233,0.7303404260610233,125
2690,29,24,Poor,1,Slow,1,2.0,3.0989865910886176,1.0989865910886176,125
2691,29,25,Poor,0,Slow,3,2.0,2.1654389633281914,0.1654389633281914,120
2692,29,27,Poor,2,Slow,3,2.0,2.910752584153254,0.9107525841532542,124
2693,29,29,Poor,0,Slow,0,2.0,2.7872391015609277,0.7872391015609277,119
2694,29,32,Poor,0,Slow,0,2.0,2.7475485414325544,0.7475485414325544,118
2695,29,34,Poor,1,Slow,0,2.0,2.815035954534572,0.8150359545345718,124
2696,29,35,Poor,0,Slow,2,2.0,3.1346915823267456,1.1346915823267456,117
2697,29,36,Poor,1,Slow,3,2.0,3.0421151352444835,1.0421151352444835,123
2698,29,40,Poor,2,Slow,0,2.0,2.8427098247842535,0.8427098247842535,123
2699,29,42,Poor,1,Slow,0,2.0,2.87448059059974,0.8744805905997399,122
2700,29,43,Poor,1,Slow,2,2.0,2.468321359179817,0.468321359179817,121
2701,29,44,Poor,1,Slow,0,2.0,2.9568736240539373,0.9568736240539373,120
2702,29,45,Poor,1,Slow,4,2.0,2.6777017577157247,0.6777017577157247,119
2703,29,46,Poor,1,Slow,0,2.0,3.3782567078975823,1.3782567078975823,118
2704,29,47,Poor,2,Slow,2,2.0,2.909015811786825,0.909015811786825,122
2705,29,48,Poor,1,Slow,1,2.0,3.0097811872558764,1.0097811872558764,117
2706,29,50,Poor,1,Slow,3,2.0,2.885261301220478,0.8852613012204782,116
2707,29,51,Poor,0,Slow,1,2.0,2.5640681247966293,0.5640681247966293,116
2708,29,52,Poor,0,Slow,0,2.0,3.325675995237735,1.3256759952377348,115
2709,29,53,Poor,1,Slow,0,2.0,3.357116541979709,1.357116541979709,115
2710,29,54,Poor,1,Slow,2,2.0,2.475841242949163,0.47584124294916297,114
2711,29,60,Poor,1,Slow,1,2.0,2.9419446313033335,0.9419446313033335,113
2712,29,61,Poor,2,Slow,1,2.0,3.1157617058445886,1.1157617058445886,121
2713,29,63,Poor,0,Slow,2,2.0,3.4603806589239534,1.4603806589239534,114
2714,29,64,Poor,2,Slow,3,2.0,2.8125463954345085,0.8125463954345085,120
2715,29,65,Poor,2,Slow,2,2.0,3.3529727105022644,1.3529727105022644,119
2716,29,66,Poor,1,Slow,1,2.0,3.0094839103446644,1.0094839103446644,112
2717,29,67,Poor,1,Slow,2,2.0,3.188103967383513,1.1881039673835132,111
2718,29,68,Poor,1,Slow,2,2.0,2.770125817419327,0.7701258174193271,110
2719,29,70,Middle,0,Slow,1,2.0,7.841305321710589,5.841305321710589,113
2720,29,70,Middle,4,Shigh,2,4.199999999999999,5.841305321710589,1.6413053217105897,69
2721,29,71,Middle,2,Slow,2,2.0,6.545356100241528,4.545356100241528,118
2722,29,71,Middle,1,Slow,3,2.0,4.545356100241528,2.545356100241528,109
2723,29,72,Middle,0,Slow,1,2.0,7.3364086847822465,5.3364086847822465,112
2724,29,73,Middle,1,Slow,1,2.0,6.972791672928604,4.972791672928604,108
2725,29,74,Middle,1,Slow,0,2.0,8.245067684266186,6.245067684266186,107
2726,29,74,Middle,3,Shigh,2,6.0,6.245067684266186,0.24506768426618564,69
2727,29,75,Middle,2,Slow,3,2.0,6.245540046236762,4.245540046236762,117
2728,29,76,Middle,3,Shigh,3,6.0,7.378310859686716,1.3783108596867164,68
2729,29,77,Middle,1,Slow,1,2.0,6.387238513245307,4.387238513245307,106
2730,29,78,Middle,1,Slow,0,2.0,6.3946005925375475,4.3946005925375475,105
2731,29,79,Middle,3,Shigh,2,6.0,6.871739154500528,0.8717391545005277,67
2732,29,81,Middle,1,Slow,0,2.0,5.4548239283718525,3.4548239283718525,104
2733,29,82,Middle,1,Slow,2,2.0,6.824429061936905,4.824429061936905,103
2734,29,83,Middle,0,Slow,2,2.0,7.463688130601655,5.463688130601655,111
2735,29,83,Middle,4,Shigh,3,4.199999999999999,5.463688130601655,1.2636881306016559,68
2736,29,85,Middle,3,Shigh,1,6.0,7.661080900067882,1.6610809000678817,66
2737,29,86,Middle,0,Slow,1,2.0,6.769290055371436,4.769290055371436,110
2738,29,86,Middle,2,Slow,3,2.0,4.769290055371436,2.769290055371436,116
2739,29,87,Middle,4,Shigh,1,4.199999999999999,9.07297662051075,4.87297662051075,67
2740,29,88,Middle,0,Slow,0,2.0,5.758993674580092,3.7589936745800916,109
2741,29,89,Middle,1,Slow,0,2.0,6.380863683086369,4.380863683086369,102
2742,29,90,Rich,4,Shigh,0,4.199999999999999,9.938677154931385,5.738677154931386,66
2743,29,90,Rich,2,Slow,1,2.0,5.738677154931386,3.738677154931386,115
2744,29,90,Rich,1,Slow,2,2.0,3.738677154931386,1.738677154931386,101
2745,29,91,Rich,3,Shigh,0,6.0,10.195589030838745,4.195589030838745,65
2746,29,91,Rich,2,Slow,4,2.0,4.195589030838745,2.195589030838745,114
2747,29,92,Rich,1,Slow,4,2.0,9.018720950927353,7.018720950927353,100
2748,29,93,Rich,1,Slow,0,2.0,8.83315437347951,6.833154373479511,99
2749,29,93,Rich,4,Shigh,3,4.199999999999999,6.833154373479511,2.6331543734795115,65
2750,29,94,Rich,0,Slow,1,2.0,11.172900268613157,9.172900268613157,108
2751,29,94,Rich,3,Shigh,3,6.0,9.172900268613157,3.172900268613157,64
2752,29,95,Rich,0,Slow,2,2.0,8.637116530583148,6.637116530583148,107
2753,29,95,Rich,2,Slow,3,2.0,6.637116530583148,4.637116530583148,113
2754,29,96,Rich,3,Shigh,0,6.0,9.503100529644547,3.5031005296445468,63
2755,29,96,Rich,2,Slow,4,2.0,3.5031005296445468,1.5031005296445468,112
2756,29,97,Rich,1,Slow,2,2.0,10.490453438998557,8.490453438998557,98
2757,29,98,Rich,4,Shigh,1,4.199999999999999,11.813666198525523,7.613666198525523,64
2758,29,99,Rich,4,Shigh,1,4.199999999999999,10.092846061142302,5.892846061142302,63
2759,29,99,Rich,0,Slow,4,2.0,5.892846061142302,3.8928460611423024,106
