seed,participation_rate,avg_purchases_per_buyer,total_revenue,total_inventory_remaining,n_blocked_by_utility,n_blocked_by_budget,n_blocked_by_inventory,n_not_noticed,promotion_active,promotion_seller_id,promotion_seller_class,promotion_discount,visibility_rate_seller_0,visibility_rate_seller_1,visibility_rate_seller_2,visibility_rate_seller_3,visibility_rate_seller_4,Poor_participation_rate,Poor_to_Slow_share,Poor_to_Shigh_share,Poor_blocked_by_budget_at_Slow,Poor_blocked_by_budget_at_Shigh,Middle_participation_rate,Middle_to_Slow_share,Middle_to_Shigh_share,Middle_blocked_by_budget_at_Slow,Middle_blocked_by_budget_at_Shigh,Rich_participation_rate,Rich_to_Slow_share,Rich_to_Shigh_share,Rich_blocked_by_budget_at_Slow,Rich_blocked_by_budget_at_Shigh
0,0.68,0.86,179.20000000000005,444,119,133,0,87,False,-1,none,0.3,0.77,0.81,0.52,0.73,0.55,0.6285714285714286,1.0,0.0,30,87,0.85,0.72,0.28,4,9,0.7,0.625,0.375,1,2
0,0.69,0.8,161.99999999999994,450,96,174,0,70,False,-1,none,0.3,0.81,0.8,0.56,0.78,0.55,0.7285714285714285,1.0,0.0,51,100,0.6,0.8947368421052632,0.10526315789473684,2,17,0.6,0.7,0.3,2,2
0,0.73,0.84,196.0,446,91,174,0,81,False,-1,none,0.3,0.85,0.81,0.58,0.78,0.47,0.7142857142857143,1.0,0.0,60,87,0.8,0.8095238095238095,0.19047619047619047,7,17,0.7,0.7692307692307693,0.23076923076923078,2,1
0,0.62,0.75,195.80000000000007,455,99,163,0,68,False,-1,none,0.3,0.8,0.73,0.53,0.76,0.55,0.5714285714285714,1.0,0.0,44,83,0.75,0.9090909090909091,0.09090909090909091,3,24,0.7,0.6153846153846154,0.38461538461538464,4,5
0,0.72,0.87,209.76,443,84,178,0,86,True,1,Slow,0.3,0.77,0.86,0.58,0.77,0.51,0.7142857142857143,1.0,0.0,53,94,0.7,0.95,0.05,2,20,0.8,0.7647058823529411,0.23529411764705882,3,6
0,0.71,0.82,226.80000000000004,448,93,181,0,69,False,-1,none,0.3,0.81,0.83,0.54,0.77,0.61,0.6285714285714286,1.0,0.0,49,95,0.9,0.782608695652174,0.21739130434782608,9,20,0.9,0.6666666666666666,0.3333333333333333,4,4
0,0.62,0.73,184.4,457,91,154,0,72,False,-1,none,0.3,0.72,0.77,0.48,0.72,0.49,0.5857142857142857,1.0,0.0,42,88,0.7,0.9,0.1,7,16,0.7,0.8333333333333334,0.16666666666666666,0,1
0,0.66,0.84,216.20000000000002,446,107,152,0,67,True,3,Shigh,0.3,0.78,0.78,0.61,0.68,0.58,0.6285714285714286,1.0,0.0,44,90,0.65,0.75,0.25,8,8,0.9,0.6875,0.3125,2,0
0,0.78,0.94,245.20000000000002,436,84,183,0,89,False,-1,none,0.3,0.87,0.87,0.57,0.8,0.5,0.7714285714285715,1.0,0.0,66,97,0.8,0.9230769230769231,0.07692307692307693,6,9,0.8,0.6428571428571429,0.35714285714285715,3,2
0,0.71,0.8,191.40000000000003,450,88,194,0,73,False,-1,none,0.3,0.81,0.81,0.56,0.82,0.62,0.7285714285714285,1.0,0.0,63,106,0.7,0.9473684210526315,0.05263157894736842,1,21,0.6,0.8,0.2,2,1
0,0.67,0.82,219.6,448,85,177,0,71,False,-1,none,0.3,0.79,0.78,0.58,0.76,0.53,0.6714285714285714,1.0,0.0,57,91,0.6,0.8235294117647058,0.17647058823529413,7,15,0.8,0.7222222222222222,0.2777777777777778,1,6
0,0.72,0.84,216.00000000000009,446,90,162,0,84,False,-1,none,0.3,0.78,0.81,0.54,0.78,0.45,0.7,1.0,0.0,52,83,0.75,0.85,0.15,5,15,0.8,0.7333333333333333,0.26666666666666666,3,4
0,0.69,0.81,207.0,449,92,165,0,82,False,-1,none,0.3,0.78,0.76,0.53,0.72,0.59,0.6428571428571429,1.0,0.0,49,89,0.75,0.9090909090909091,0.09090909090909091,6,15,0.9,0.7857142857142857,0.21428571428571427,0,6
0,0.62,0.76,206.6,454,103,166,0,80,False,-1,none,0.3,0.79,0.82,0.55,0.77,0.52,0.6,1.0,0.0,45,94,0.65,0.7368421052631579,0.2631578947368421,8,11,0.7,0.8,0.2,4,4
0,0.69,0.83,229.6,447,94,173,0,65,False,-1,none,0.3,0.78,0.8,0.6,0.75,0.57,0.7,1.0,0.0,50,94,0.6,0.7058823529411765,0.29411764705882354,10,10,0.8,0.7058823529411765,0.29411764705882354,4,5
0,0.69,0.78,215.2,452,70,172,0,65,False,-1,none,0.3,0.7,0.74,0.55,0.72,0.49,0.6428571428571429,1.0,0.0,56,82,0.8,0.6666666666666666,0.3333333333333333,10,17,0.8,0.8,0.2,3,4
0,0.74,0.85,234.56,445,101,181,0,68,True,4,Shigh,0.3,0.81,0.83,0.64,0.83,0.56,0.7,1.0,0.0,57,96,0.85,0.6363636363636364,0.36363636363636365,11,12,0.8,0.6428571428571429,0.35714285714285715,1,4
0,0.67,0.78,189.59999999999997,452,82,179,0,66,False,-1,none,0.3,0.75,0.77,0.59,0.73,0.55,0.6857142857142857,1.0,0.0,58,95,0.65,0.85,0.15,5,15,0.6,0.8,0.2,0,6
0,0.69,0.83,217.20000000000002,447,101,152,0,69,True,3,Shigh,0.3,0.8,0.78,0.5,0.73,0.55,0.6428571428571429,1.0,0.0,39,90,0.75,0.7619047619047619,0.23809523809523808,5,12,0.9,0.5882352941176471,0.4117647058823529,2,4
0,0.65,0.78,201.77999999999997,452,98,164,0,70,True,1,Slow,0.3,0.79,0.79,0.51,0.77,0.54,0.6,1.0,0.0,49,93,0.8,0.782608695652174,0.21739130434782608,3,16,0.7,0.6153846153846154,0.38461538461538464,1,2
0,0.66,0.74,185.79999999999998,456,93,164,0,89,False,-1,none,0.3,0.78,0.76,0.5,0.69,0.58,0.6857142857142857,1.0,0.0,47,96,0.55,1.0,0.0,2,14,0.7,0.6,0.4,2,3
0,0.63,0.76,199.40000000000003,454,81,167,0,71,False,-1,none,0.3,0.75,0.75,0.53,0.74,0.47,0.5857142857142857,1.0,0.0,58,83,0.75,0.8571428571428571,0.14285714285714285,6,15,0.7,0.7857142857142857,0.21428571428571427,1,4
0,0.67,0.84,219.93999999999997,446,99,168,0,84,True,1,Slow,0.3,0.84,0.79,0.53,0.82,0.53,0.6,1.0,0.0,47,91,0.85,0.6521739130434783,0.34782608695652173,10,18,0.8,0.7894736842105263,0.21052631578947367,1,1
0,0.73,0.81,209.12,449,97,180,0,77,True,4,Shigh,0.3,0.82,0.84,0.54,0.79,0.59,0.7142857142857143,1.0,0.0,61,92,0.75,0.7368421052631579,0.2631578947368421,5,15,0.8,0.75,0.25,3,4
0,0.67,0.77,194.00000000000003,453,101,161,0,81,False,-1,none,0.3,0.81,0.83,0.52,0.7,0.53,0.6142857142857143,1.0,0.0,49,90,0.8,0.9047619047619048,0.09523809523809523,3,16,0.8,0.8461538461538461,0.15384615384615385,2,1
0,0.65,0.79,182.12,451,81,161,0,84,True,0,Slow,0.3,0.76,0.75,0.5,0.73,0.47,0.6285714285714286,1.0,0.0,57,84,0.65,0.9,0.1,3,12,0.8,0.8,0.2,2,3
0,0.67,0.77,194.4,453,83,182,0,68,False,-1,none,0.3,0.78,0.79,0.48,0.79,0.58,0.7,1.0,0.0,55,98,0.6,0.75,0.25,8,16,0.6,0.75,0.25,1,4
0,0.66,0.82,218.40000000000003,448,93,157,0,83,False,-1,none,0.3,0.79,0.78,0.53,0.75,0.47,0.5714285714285714,1.0,0.0,48,84,0.8,0.9130434782608695,0.08695652173913043,8,12,1.0,0.7368421052631579,0.2631578947368421,2,3
0,0.64,0.79,203.39999999999998,451,94,161,0,81,False,-1,none,0.3,0.79,0.78,0.55,0.74,0.48,0.6,1.0,0.0,45,88,0.8,0.875,0.125,8,15,0.6,0.8461538461538461,0.15384615384615385,2,3
0,0.74,0.92,208.60000000000005,438,82,177,0,79,False,-1,none,0.3,0.84,0.85,0.53,0.79,0.5,0.7142857142857143,1.0,0.0,56,91,0.85,1.0,0.0,0,20,0.7,0.75,0.25,4,6
0,0.67,0.77,204.59999999999994,453,92,164,0,77,False,-1,none,0.3,0.76,0.8,0.54,0.71,0.52,0.6285714285714286,1.0,0.0,46,86,0.75,0.8,0.2,8,17,0.8,0.6153846153846154,0.38461538461538464,5,2
0,0.67,0.77,200.6,453,76,169,0,88,False,-1,none,0.3,0.77,0.75,0.5,0.74,0.46,0.6714285714285714,1.0,0.0,56,87,0.7,0.8571428571428571,0.14285714285714285,6,15,0.6,0.6666666666666666,0.3333333333333333,1,4
0,0.65,0.81,203.80000000000004,449,91,180,0,68,False,-1,none,0.3,0.83,0.83,0.53,0.78,0.55,0.5857142857142857,1.0,0.0,55,91,0.85,0.84,0.16,7,21,0.7,0.6,0.4,3,3
0,0.6,0.65,172.60000000000002,465,104,162,0,69,False,-1,none,0.3,0.78,0.77,0.53,0.72,0.51,0.6285714285714286,1.0,0.0,45,90,0.65,0.7647058823529411,0.23529411764705882,8,16,0.3,0.5,0.5,2,1
0,0.73,0.92,244.80000000000004,438,92,187,0,74,False,-1,none,0.3,0.86,0.83,0.6,0.81,0.61,0.6571428571428571,1.0,0.0,53,97,0.9,0.9285714285714286,0.07142857142857142,6,22,0.9,0.6666666666666666,0.3333333333333333,4,5
0,0.71,0.8,204.6,450,102,174,0,69,False,-1,none,0.3,0.8,0.82,0.58,0.76,0.6,0.6857142857142857,1.0,0.0,49,99,0.75,0.8947368421052632,0.10526315789473684,6,15,0.8,0.7692307692307693,0.23076923076923078,2,3
0,0.7,0.83,196.95999999999998,447,99,169,0,69,True,2,Slow,0.3,0.8,0.78,0.61,0.75,0.57,0.6857142857142857,1.0,0.0,49,93,0.8,0.9545454545454546,0.045454545454545456,4,16,0.6,0.6153846153846154,0.38461538461538464,3,4
0,0.58,0.71,185.46000000000004,459,88,139,0,67,True,4,Shigh,0.3,0.66,0.72,0.49,0.65,0.46,0.5714285714285714,1.0,0.0,35,83,0.6,0.7777777777777778,0.2222222222222222,7,10,0.6,0.7692307692307693,0.23076923076923078,0,4
0,0.76,0.87,225.60000000000005,443,94,171,0,93,False,-1,none,0.3,0.8,0.88,0.49,0.81,0.54,0.7428571428571429,1.0,0.0,49,94,0.8,0.8571428571428571,0.14285714285714285,7,18,0.8,0.7857142857142857,0.21428571428571427,2,1
0,0.77,0.91,224.00000000000006,439,110,186,0,73,True,3,Shigh,0.3,0.87,0.91,0.59,0.85,0.65,0.7285714285714285,1.0,0.0,51,115,0.8,0.8260869565217391,0.17391304347826086,6,11,1.0,0.7647058823529411,0.23529411764705882,2,1
0,0.65,0.79,187.19999999999996,451,77,171,0,78,False,-1,none,0.3,0.75,0.74,0.47,0.76,0.55,0.6428571428571429,1.0,0.0,52,90,0.65,0.8571428571428571,0.14285714285714285,6,20,0.7,0.9230769230769231,0.07692307692307693,1,2
0,0.68,0.82,211.00000000000006,448,115,165,0,83,False,-1,none,0.3,0.81,0.88,0.58,0.81,0.54,0.6142857142857143,1.0,0.0,43,97,0.85,0.8260869565217391,0.17391304347826086,7,17,0.8,0.8125,0.1875,0,1
0,0.71,0.85,210.40000000000003,445,83,190,0,67,False,-1,none,0.3,0.83,0.84,0.56,0.79,0.56,0.6857142857142857,1.0,0.0,61,95,0.8,0.8333333333333334,0.16666666666666666,11,16,0.7,0.9230769230769231,0.07692307692307693,2,5
0,0.72,0.9,233.60000000000008,440,82,172,0,86,False,-1,none,0.3,0.84,0.82,0.54,0.74,0.5,0.6857142857142857,1.0,0.0,59,84,0.85,0.9259259259259259,0.07407407407407407,6,17,0.7,0.6,0.4,4,2
0,0.73,0.81,220.40000000000003,449,84,181,0,74,False,-1,none,0.3,0.82,0.79,0.51,0.77,0.57,0.7,1.0,0.0,56,94,0.9,0.7619047619047619,0.23809523809523808,9,17,0.6,0.5454545454545454,0.45454545454545453,1,4
0,0.67,0.78,177.20000000000005,452,94,170,0,68,False,-1,none,0.3,0.78,0.8,0.55,0.72,0.57,0.6857142857142857,1.0,0.0,52,92,0.65,0.8823529411764706,0.11764705882352941,3,19,0.6,0.8461538461538461,0.15384615384615385,0,4
0,0.69,0.79,226.60000000000002,451,88,190,0,68,False,-1,none,0.3,0.81,0.82,0.62,0.75,0.57,0.6571428571428571,1.0,0.0,62,95,0.65,0.6875,0.3125,11,14,1.0,0.5882352941176471,0.4117647058823529,5,3
0,0.69,0.77,205.80000000000004,453,107,182,0,74,False,-1,none,0.3,0.83,0.83,0.59,0.81,0.6,0.6714285714285714,1.0,0.0,49,103,0.75,0.7894736842105263,0.21052631578947367,9,16,0.7,0.6363636363636364,0.36363636363636365,2,3
0,0.67,0.79,182.86,451,98,168,0,70,True,1,Slow,0.3,0.8,0.82,0.5,0.77,0.56,0.6714285714285714,1.0,0.0,54,89,0.6,0.9411764705882353,0.058823529411764705,4,18,0.8,0.6666666666666666,0.3333333333333333,1,2
0,0.74,0.86,219.20000000000005,444,100,188,0,66,False,-1,none,0.3,0.86,0.79,0.65,0.81,0.63,0.7571428571428571,1.0,0.0,53,98,0.75,0.8260869565217391,0.17391304347826086,8,23,0.6,0.8,0.2,3,3
0,0.69,0.83,201.80000000000004,447,95,165,0,77,False,-1,none,0.3,0.79,0.79,0.52,0.79,0.54,0.6285714285714286,1.0,0.0,48,96,0.85,0.9629629629629629,0.037037037037037035,1,19,0.8,0.75,0.25,0,1
0,0.69,0.91,239.4000000000001,439,94,179,0,81,False,-1,none,0.3,0.83,0.84,0.56,0.81,0.6,0.6428571428571429,1.0,0.0,47,94,0.7,0.8333333333333334,0.16666666666666666,8,19,1.0,0.7727272727272727,0.22727272727272727,3,8
0,0.59,0.69,179.0,461,89,174,0,78,False,-1,none,0.3,0.78,0.78,0.47,0.76,0.53,0.5428571428571428,1.0,0.0,44,95,0.8,0.8571428571428571,0.14285714285714285,10,19,0.5,0.7,0.3,4,2
0,0.73,0.86,239.20000000000002,444,93,200,0,76,False,-1,none,0.3,0.83,0.86,0.57,0.86,0.67,0.6857142857142857,1.0,0.0,60,105,0.8,0.7619047619047619,0.23809523809523808,11,17,0.9,0.7058823529411765,0.29411764705882354,3,4
0,0.68,0.81,208.70000000000005,449,86,167,0,91,True,4,Shigh,0.3,0.77,0.8,0.49,0.75,0.53,0.6285714285714286,1.0,0.0,42,91,0.85,0.8260869565217391,0.17391304347826086,13,18,0.7,0.6428571428571429,0.35714285714285715,1,2
0,0.65,0.73,199.4,457,94,154,0,69,False,-1,none,0.3,0.72,0.73,0.54,0.73,0.49,0.6285714285714286,1.0,0.0,47,86,0.7,0.7368421052631579,0.2631578947368421,8,10,0.7,0.4,0.6,2,1
0,0.66,0.83,219.92000000000004,447,100,174,0,73,True,4,Shigh,0.3,0.83,0.82,0.56,0.83,0.53,0.6285714285714286,1.0,0.0,47,98,0.75,0.782608695652174,0.21739130434782608,10,11,0.7,0.625,0.375,4,4
0,0.74,0.89,228.00000000000009,441,82,190,0,69,False,-1,none,0.3,0.84,0.82,0.57,0.8,0.58,0.7,1.0,0.0,57,98,0.8,0.9130434782608695,0.08695652173913043,5,22,0.9,0.7647058823529411,0.23529411764705882,3,5
0,0.69,0.82,200.00000000000003,448,73,185,0,65,False,-1,none,0.3,0.76,0.74,0.56,0.72,0.62,0.7,1.0,0.0,62,100,0.65,0.8636363636363636,0.13636363636363635,5,15,0.7,0.9090909090909091,0.09090909090909091,1,2
0,0.72,0.93,226.00000000000003,437,89,174,0,84,True,3,Shigh,0.3,0.86,0.87,0.59,0.72,0.52,0.7285714285714285,1.0,0.0,66,88,0.65,0.9166666666666666,0.08333333333333333,6,12,0.8,0.7222222222222222,0.2777777777777778,0,2
0,0.71,0.82,203.40000000000003,448,75,185,0,78,False,-1,none,0.3,0.8,0.8,0.52,0.72,0.58,0.7285714285714285,1.0,0.0,64,92,0.7,0.9,0.1,6,18,0.6,0.7272727272727273,0.2727272727272727,1,4
0,0.71,0.83,220.80000000000004,447,110,176,0,81,False,-1,none,0.3,0.84,0.88,0.61,0.83,0.53,0.7,1.0,0.0,52,94,0.75,0.9047619047619048,0.09523809523809523,4,16,0.7,0.46153846153846156,0.5384615384615384,6,4
0,0.69,0.79,200.40000000000003,451,116,173,0,72,False,-1,none,0.3,0.83,0.86,0.59,0.79,0.61,0.6428571428571429,1.0,0.0,47,102,0.8,0.8181818181818182,0.18181818181818182,6,15,0.8,0.8333333333333334,0.16666666666666666,2,1
0,0.71,0.86,217.20000000000002,444,89,182,0,73,False,-1,none,0.3,0.84,0.8,0.58,0.79,0.56,0.7,1.0,0.0,57,97,0.7,0.8260869565217391,0.17391304347826086,9,15,0.8,0.7857142857142857,0.21428571428571427,0,4
0,0.69,0.79,213.80000000000004,451,70,183,0,73,False,-1,none,0.3,0.76,0.79,0.5,0.7,0.57,0.6857142857142857,1.0,0.0,62,88,0.8,0.7727272727272727,0.22727272727272727,10,19,0.5,0.5555555555555556,0.4444444444444444,2,2
0,0.73,0.83,215.20000000000005,447,91,167,0,84,False,-1,none,0.3,0.8,0.78,0.58,0.74,0.51,0.6571428571428571,1.0,0.0,50,84,0.9,0.8695652173913043,0.13043478260869565,4,23,0.9,0.7142857142857143,0.2857142857142857,3,3
1,0.58,0.77,164.80000000000004,453,117,148,0,78,False,-1,none,0.3,0.81,0.78,0.49,0.77,0.57,0.5428571428571428,1.0,0.0,34,95,0.65,0.6521739130434783,0.34782608695652173,5,10,0.7,0.6153846153846154,0.38461538461538464,2,2
1,0.64,0.83,181.79999999999995,447,117,162,0,78,False,-1,none,0.3,0.84,0.84,0.61,0.79,0.54,0.6142857142857143,1.0,0.0,44,94,0.6,0.7894736842105263,0.21052631578947367,10,11,0.9,0.7619047619047619,0.23809523809523808,0,3
1,0.71,0.84,208.0,446,79,190,0,72,False,-1,none,0.3,0.84,0.78,0.59,0.75,0.57,0.7142857142857143,1.0,0.0,68,97,0.75,0.6666666666666666,0.3333333333333333,10,12,0.6,0.75,0.25,0,3
1,0.64,0.78,206.80000000000004,452,100,182,0,85,False,-1,none,0.3,0.84,0.83,0.56,0.8,0.57,0.5714285714285714,1.0,0.0,51,100,0.85,0.8636363636363636,0.13636363636363635,5,16,0.7,0.6875,0.3125,5,5
1,0.58,0.68,187.19999999999996,462,102,169,0,76,False,-1,none,0.3,0.78,0.78,0.55,0.78,0.5,0.5714285714285714,1.0,0.0,48,90,0.55,1.0,0.0,1,22,0.7,0.5454545454545454,0.45454545454545453,1,7
1,0.72,0.83,221.4,447,98,164,0,80,False,-1,none,0.3,0.83,0.78,0.56,0.76,0.52,0.6714285714285714,1.0,0.0,44,94,0.8,0.8095238095238095,0.19047619047619047,9,11,0.9,0.6,0.4,4,2
1,0.75,0.89,236.4,441,90,180,0,76,True,4,Shigh,0.3,0.81,0.82,0.56,0.79,0.61,0.7285714285714285,1.0,0.0,52,95,0.85,0.6923076923076923,0.3076923076923077,14,15,0.7,0.6666666666666666,0.3333333333333333,2,2
1,0.68,0.78,198.20000000000002,452,113,192,0,72,False,-1,none,0.3,0.86,0.86,0.68,0.85,0.58,0.7,1.0,0.0,58,105,0.55,0.7857142857142857,0.21428571428571427,6,17,0.8,0.9333333333333333,0.06666666666666667,0,6
1,0.69,0.84,241.2,446,86,188,0,72,False,-1,none,0.3,0.79,0.83,0.55,0.82,0.59,0.6142857142857143,1.0,0.0,53,100,0.95,0.7307692307692307,0.2692307692307692,12,14,0.7,0.7333333333333333,0.26666666666666666,3,6
1,0.72,0.87,219.04000000000005,443,96,167,0,65,True,2,Slow,0.3,0.83,0.81,0.54,0.78,0.54,0.6857142857142857,1.0,0.0,43,93,0.85,0.782608695652174,0.21739130434782608,6,18,0.7,0.75,0.25,3,4
1,0.68,0.8,223.0,450,92,183,0,65,False,-1,none,0.3,0.83,0.78,0.6,0.82,0.52,0.6428571428571429,1.0,0.0,56,90,0.85,0.7391304347826086,0.2608695652173913,14,14,0.6,0.5833333333333334,0.4166666666666667,5,4
1,0.73,0.86,234.99999999999997,444,90,182,0,67,False,-1,none,0.3,0.85,0.76,0.63,0.74,0.6,0.7142857142857143,1.0,0.0,62,97,0.7,0.7368421052631579,0.2631578947368421,7,10,0.9,0.7058823529411765,0.29411764705882354,1,5
1,0.7,0.75,214.8,455,101,182,0,72,False,-1,none,0.3,0.82,0.83,0.54,0.81,0.58,0.7142857142857143,1.0,0.0,53,101,0.75,0.5,0.5,13,12,0.5,0.5714285714285714,0.42857142857142855,1,2
1,0.75,0.94,224.99999999999997,436,89,177,0,75,False,-1,none,0.3,0.84,0.86,0.62,0.76,0.52,0.7142857142857143,1.0,0.0,59,92,0.85,0.896551724137931,0.10344827586206896,6,16,0.8,0.6666666666666666,0.3333333333333333,2,2
1,0.63,0.73,201.79999999999998,457,108,152,0,72,False,-1,none,0.3,0.79,0.76,0.5,0.73,0.55,0.5285714285714286,1.0,0.0,40,85,0.9,0.7727272727272727,0.22727272727272727,6,15,0.8,0.5,0.5,3,3
1,0.72,0.83,222.59999999999997,447,79,195,0,73,False,-1,none,0.3,0.84,0.8,0.59,0.79,0.55,0.7,1.0,0.0,67,97,0.85,0.88,0.12,6,19,0.6,0.5555555555555556,0.4444444444444444,3,3
1,0.69,0.86,243.6,444,94,168,0,77,False,-1,none,0.3,0.79,0.81,0.56,0.79,0.53,0.6285714285714286,1.0,0.0,48,87,0.85,0.782608695652174,0.21739130434782608,11,13,0.8,0.6842105263157895,0.3157894736842105,5,4
1,0.67,0.82,189.59999999999997,448,94,176,0,63,False,-1,none,0.3,0.8,0.8,0.58,0.78,0.56,0.6285714285714286,1.0,0.0,59,94,0.85,0.9583333333333334,0.041666666666666664,2,17,0.6,0.8571428571428571,0.14285714285714285,2,2
1,0.7,0.83,236.4,447,94,186,0,77,False,-1,none,0.3,0.86,0.85,0.5,0.81,0.61,0.6857142857142857,1.0,0.0,51,107,0.7,0.7272727272727273,0.2727272727272727,14,8,0.8,0.6153846153846154,0.38461538461538464,2,4
1,0.67,0.8,222.59999999999997,450,88,161,0,76,False,-1,none,0.3,0.76,0.74,0.49,0.74,0.56,0.6142857142857143,1.0,0.0,58,87,0.75,0.8695652173913043,0.13043478260869565,2,11,0.9,0.5714285714285714,0.42857142857142855,0,3
1,0.7,0.82,204.96,448,94,154,0,80,True,2,Slow,0.3,0.77,0.79,0.55,0.73,0.46,0.6714285714285714,1.0,0.0,53,84,0.8,0.8695652173913043,0.13043478260869565,2,12,0.7,0.75,0.25,0,3
1,0.66,0.74,220.79999999999998,456,90,175,0,81,False,-1,none,0.3,0.8,0.8,0.43,0.74,0.62,0.5857142857142857,1.0,0.0,46,94,0.85,0.6,0.4,17,13,0.8,0.6153846153846154,0.38461538461538464,2,3
1,0.62,0.75,203.99999999999997,455,92,156,0,72,False,-1,none,0.3,0.75,0.75,0.53,0.71,0.49,0.5857142857142857,1.0,0.0,48,82,0.7,0.8,0.2,10,11,0.7,0.7857142857142857,0.21428571428571427,2,3
1,0.73,0.88,249.0,442,85,168,0,74,False,-1,none,0.3,0.8,0.8,0.62,0.7,0.49,0.6857142857142857,1.0,0.0,59,81,0.75,0.75,0.25,6,13,1.0,0.7,0.3,4,5
1,0.69,0.81,189.39999999999998,449,115,170,0,74,False,-1,none,0.3,0.84,0.84,0.61,0.83,0.54,0.6857142857142857,1.0,0.0,54,100,0.7,0.8095238095238095,0.19047619047619047,5,9,0.7,0.8333333333333334,0.16666666666666666,0,2
1,0.74,0.85,225.0,445,88,195,0,92,False,-1,none,0.3,0.88,0.84,0.53,0.79,0.64,0.7571428571428571,1.0,0.0,60,107,0.65,0.7647058823529411,0.23529411764705882,9,16,0.8,0.8,0.2,2,1
1,0.73,0.87,214.99999999999997,443,87,185,0,66,False,-1,none,0.3,0.85,0.79,0.57,0.77,0.61,0.7285714285714285,1.0,0.0,61,97,0.8,0.8695652173913043,0.13043478260869565,2,20,0.6,0.7692307692307693,0.23076923076923078,1,4
1,0.69,0.85,230.4,445,81,160,0,69,False,-1,none,0.3,0.76,0.75,0.51,0.76,0.48,0.6285714285714286,1.0,0.0,53,82,0.8,0.8260869565217391,0.17391304347826086,4,13,0.9,0.7777777777777778,0.2222222222222222,4,4
1,0.62,0.76,202.79999999999995,454,104,161,0,89,True,3,Shigh,0.3,0.82,0.79,0.5,0.76,0.54,0.5714285714285714,1.0,0.0,45,96,0.75,0.8260869565217391,0.17391304347826086,5,12,0.7,0.5384615384615384,0.46153846153846156,1,2
1,0.59,0.65,178.79999999999995,465,99,163,0,73,False,-1,none,0.3,0.74,0.74,0.48,0.73,0.58,0.5571428571428572,1.0,0.0,46,95,0.6,0.7692307692307693,0.23076923076923078,5,13,0.8,0.6923076923076923,0.3076923076923077,1,3
1,0.68,0.78,214.2,452,104,162,0,76,False,-1,none,0.3,0.82,0.77,0.57,0.77,0.51,0.6142857142857143,1.0,0.0,46,92,0.8,0.7368421052631579,0.2631578947368421,9,11,0.9,0.625,0.375,1,3
1,0.69,0.83,231.6,447,106,177,0,84,True,3,Shigh,0.3,0.85,0.88,0.5,0.83,0.6,0.6285714285714286,1.0,0.0,54,96,0.8,0.6666666666666666,0.3333333333333333,12,12,0.9,0.6,0.4,3,0
1,0.6,0.74,198.59999999999997,456,106,171,0,84,False,-1,none,0.3,0.81,0.83,0.53,0.76,0.58,0.5857142857142857,1.0,0.0,53,99,0.55,0.8,0.2,3,11,0.8,0.8333333333333334,0.16666666666666666,0,5
1,0.58,0.64,181.2,466,111,158,0,82,False,-1,none,0.3,0.79,0.78,0.45,0.72,0.59,0.5142857142857142,1.0,0.0,35,92,0.8,0.631578947368421,0.3684210526315789,16,11,0.6,0.8888888888888888,0.1111111111111111,1,3
1,0.63,0.79,219.59999999999997,451,100,159,0,87,False,-1,none,0.3,0.82,0.79,0.55,0.69,0.53,0.5857142857142857,1.0,0.0,47,86,0.7,0.85,0.15,6,13,0.8,0.6666666666666666,0.3333333333333333,3,4
1,0.62,0.74,204.0,456,104,170,0,77,False,-1,none,0.3,0.79,0.82,0.55,0.74,0.58,0.6,1.0,0.0,49,98,0.7,0.7142857142857143,0.2857142857142857,11,7,0.6,0.6363636363636364,0.36363636363636365,0,5
1,0.74,0.87,222.79999999999998,443,102,173,0,93,False,-1,none,0.3,0.83,0.87,0.56,0.84,0.52,0.7142857142857143,1.0,0.0,55,96,0.85,0.72,0.28,9,10,0.7,0.8333333333333334,0.16666666666666666,0,3
1,0.72,0.86,237.00000000000006,444,82,170,0,82,False,-1,none,0.3,0.8,0.79,0.51,0.73,0.55,0.7142857142857143,1.0,0.0,51,93,0.65,0.8235294117647058,0.17647058823529413,3,12,0.9,0.5789473684210527,0.42105263157894735,7,4
1,0.7,0.87,222.59999999999997,443,100,166,0,87,True,2,Slow,0.3,0.83,0.83,0.53,0.83,0.51,0.7,1.0,0.0,45,91,0.6,0.75,0.25,6,18,0.9,0.7727272727272727,0.22727272727272727,3,3
1,0.75,0.93,230.96,437,82,167,0,83,True,4,Shigh,0.3,0.8,0.8,0.58,0.75,0.49,0.7142857142857143,1.0,0.0,56,86,0.85,0.7916666666666666,0.20833333333333334,9,10,0.8,0.6842105263157895,0.3157894736842105,2,4
1,0.67,0.83,228.0,447,134,178,0,70,False,-1,none,0.3,0.88,0.88,0.67,0.87,0.65,0.6,1.0,0.0,43,107,0.8,0.8260869565217391,0.17391304347826086,4,17,0.9,0.7222222222222222,0.2777777777777778,5,2
1,0.73,0.86,231.59999999999997,444,104,166,0,79,False,-1,none,0.3,0.82,0.82,0.59,0.81,0.52,0.7,1.0,0.0,52,94,0.8,0.875,0.125,5,9,0.8,0.5384615384615384,0.46153846153846156,0,6
1,0.62,0.78,200.99999999999994,452,97,155,0,75,False,-1,none,0.3,0.78,0.75,0.58,0.68,0.51,0.5428571428571428,1.0,0.0,47,80,0.85,0.7692307692307693,0.23076923076923078,9,15,0.7,0.7142857142857143,0.2857142857142857,0,4
1,0.61,0.7,197.99999999999997,460,96,150,0,69,False,-1,none,0.3,0.72,0.72,0.54,0.67,0.51,0.5857142857142857,1.0,0.0,45,84,0.65,0.625,0.375,7,8,0.7,0.7692307692307693,0.23076923076923078,2,4
1,0.7,0.84,222.0,446,99,184,0,78,False,-1,none,0.3,0.83,0.83,0.62,0.79,0.6,0.6571428571428571,1.0,0.0,56,100,0.75,0.8333333333333334,0.16666666666666666,7,14,0.9,0.85,0.15,1,6
1,0.78,0.9,262.2,440,99,196,0,75,False,-1,none,0.3,0.85,0.87,0.61,0.88,0.64,0.7142857142857143,1.0,0.0,58,101,0.9,0.6666666666666666,0.3333333333333333,16,16,1.0,0.625,0.375,2,3
1,0.7,0.89,244.8,441,79,188,0,64,False,-1,none,0.3,0.78,0.83,0.59,0.78,0.58,0.6714285714285714,1.0,0.0,57,97,0.75,0.782608695652174,0.21739130434782608,13,14,0.8,0.7894736842105263,0.21052631578947367,3,4
1,0.66,0.82,223.79999999999998,448,80,157,0,86,False,-1,none,0.3,0.78,0.76,0.44,0.73,0.48,0.6142857142857143,1.0,0.0,44,85,0.7,0.85,0.15,5,13,0.9,0.7894736842105263,0.21052631578947367,2,8
1,0.6,0.75,209.39999999999995,455,96,160,0,54,False,-1,none,0.3,0.75,0.76,0.53,0.72,0.55,0.5,1.0,0.0,39,85,0.85,0.75,0.25,16,15,0.8,0.8125,0.1875,1,4
1,0.7,0.83,225.59999999999994,447,88,177,0,87,False,-1,none,0.3,0.82,0.84,0.51,0.77,0.54,0.6714285714285714,1.0,0.0,53,92,0.8,0.8260869565217391,0.17391304347826086,5,18,0.7,0.6923076923076923,0.3076923076923077,4,5
1,0.63,0.77,221.99999999999994,453,99,166,0,78,False,-1,none,0.3,0.83,0.76,0.52,0.76,0.55,0.5714285714285714,1.0,0.0,45,93,0.75,0.7727272727272727,0.22727272727272727,10,12,0.8,0.6,0.4,2,4
1,0.71,0.85,240.59999999999997,445,75,181,0,84,False,-1,none,0.3,0.8,0.81,0.58,0.73,0.49,0.6428571428571429,1.0,0.0,67,85,0.9,0.72,0.28,14,11,0.8,0.7333333333333333,0.26666666666666666,2,2
1,0.71,0.91,204.20000000000005,439,97,169,0,78,True,3,Shigh,0.3,0.83,0.83,0.58,0.81,0.52,0.7,1.0,0.0,55,94,0.65,0.7391304347826086,0.2608695652173913,6,11,0.9,0.6666666666666666,0.3333333333333333,1,2
1,0.7,0.79,214.60000000000002,451,100,159,0,92,False,-1,none,0.3,0.79,0.83,0.48,0.76,0.52,0.7142857142857143,1.0,0.0,47,92,0.6,0.6,0.4,9,5,0.8,0.7857142857142857,0.21428571428571427,0,6
1,0.61,0.74,204.59999999999997,456,113,162,0,81,False,-1,none,0.3,0.81,0.83,0.57,0.75,0.53,0.5857142857142857,1.0,0.0,47,92,0.6,0.8888888888888888,0.1111111111111111,3,12,0.8,0.6,0.4,4,4
1,0.71,0.85,246.59999999999997,445,84,189,0,72,False,-1,none,0.3,0.81,0.84,0.55,0.74,0.64,0.6571428571428571,1.0,0.0,56,89,0.95,0.7407407407407407,0.25925925925925924,14,21,0.6,0.5,0.5,6,3
1,0.63,0.75,217.19999999999993,455,92,181,0,67,False,-1,none,0.3,0.8,0.76,0.6,0.8,0.52,0.5857142857142857,1.0,0.0,48,96,0.75,0.7368421052631579,0.2631578947368421,13,16,0.7,0.6666666666666666,0.3333333333333333,5,3
1,0.62,0.72,195.0,458,88,166,0,74,False,-1,none,0.3,0.72,0.76,0.52,0.74,0.52,0.6,1.0,0.0,52,84,0.65,0.625,0.375,14,14,0.7,0.7857142857142857,0.21428571428571427,0,2
1,0.55,0.65,177.59999999999997,465,120,142,0,73,False,-1,none,0.3,0.79,0.77,0.47,0.72,0.52,0.5,1.0,0.0,32,87,0.55,0.6923076923076923,0.3076923076923077,6,10,0.9,0.7058823529411765,0.29411764705882354,2,5
1,0.65,0.75,192.48,455,106,161,0,73,True,2,Slow,0.3,0.81,0.78,0.55,0.75,0.53,0.6428571428571429,1.0,0.0,53,87,0.65,0.8125,0.1875,6,12,0.7,0.7142857142857143,0.2857142857142857,0,3
1,0.7,0.88,238.2,442,91,175,0,76,False,-1,none,0.3,0.81,0.83,0.57,0.81,0.52,0.6714285714285714,1.0,0.0,57,93,0.7,0.6190476190476191,0.38095238095238093,13,10,0.9,0.75,0.25,1,1
1,0.68,0.85,221.40000000000003,445,95,169,0,81,True,3,Shigh,0.3,0.8,0.83,0.57,0.79,0.5,0.6714285714285714,1.0,0.0,59,95,0.65,0.7619047619047619,0.23809523809523808,4,8,0.8,0.7647058823529411,0.23529411764705882,2,1
1,0.68,0.79,198.60000000000002,451,103,182,0,76,False,-1,none,0.3,0.85,0.82,0.57,0.81,0.59,0.6428571428571429,1.0,0.0,56,103,0.75,0.9523809523809523,0.047619047619047616,3,17,0.8,0.8461538461538461,0.15384615384615385,1,2
1,0.68,0.8,222.59999999999997,450,95,174,0,86,False,-1,none,0.3,0.79,0.81,0.57,0.76,0.56,0.6571428571428571,1.0,0.0,54,97,0.7,0.7894736842105263,0.21052631578947367,7,12,0.8,0.6666666666666666,0.3333333333333333,1,3
1,0.65,0.74,176.60000000000002,456,105,159,0,67,False,-1,none,0.3,0.78,0.79,0.54,0.77,0.5,0.6142857142857143,1.0,0.0,54,87,0.65,0.7333333333333333,0.26666666666666666,3,11,0.9,0.75,0.25,0,4
1,0.6,0.71,193.99999999999997,459,120,161,0,88,False,-1,none,0.3,0.82,0.85,0.55,0.73,0.57,0.5571428571428572,1.0,0.0,44,92,0.65,0.6875,0.3125,11,7,0.8,0.6875,0.3125,4,3
2,0.68,0.92,201.60000000000002,438,124,135,0,69,False,-1,none,0.3,0.83,0.77,0.62,0.75,0.54,0.6285714285714286,1.0,0.0,31,90,0.8,0.6296296296296297,0.37037037037037035,6,4,0.8,0.5625,0.4375,1,3
2,0.68,0.84,201.59999999999997,446,118,144,0,79,False,-1,none,0.3,0.82,0.79,0.56,0.76,0.53,0.6,1.0,0.0,35,84,0.9,0.7241379310344828,0.27586206896551724,11,13,0.8,0.5,0.5,0,1
2,0.64,0.75,170.0,455,92,148,0,85,False,-1,none,0.3,0.77,0.78,0.51,0.63,0.46,0.6285714285714286,1.0,0.0,55,82,0.8,0.8333333333333334,0.16666666666666666,1,7,0.4,0.8571428571428571,0.14285714285714285,1,2
2,0.6,0.7,171.60000000000005,460,105,149,0,76,False,-1,none,0.3,0.76,0.78,0.48,0.75,0.47,0.5285714285714286,1.0,0.0,39,84,0.65,0.8823529411764706,0.11764705882352941,3,16,1.0,0.875,0.125,2,5
2,0.73,0.81,208.79999999999998,449,100,183,0,86,False,-1,none,0.3,0.83,0.85,0.67,0.74,0.55,0.7142857142857143,1.0,0.0,58,89,0.8,0.8571428571428571,0.14285714285714285,7,25,0.7,1.0,0.0,0,4
2,0.71,0.87,239.39999999999998,443,109,170,0,79,False,-1,none,0.3,0.83,0.85,0.61,0.79,0.58,0.6571428571428571,1.0,0.0,48,95,0.8,0.7083333333333334,0.2916666666666667,11,9,0.9,0.7058823529411765,0.29411764705882354,5,2
2,0.62,0.76,185.04,454,108,169,0,82,True,1,Slow,0.3,0.79,0.82,0.53,0.79,0.6,0.5714285714285714,1.0,0.0,44,105,0.7,0.8260869565217391,0.17391304347826086,5,10,0.8,0.6923076923076923,0.3076923076923077,3,2
2,0.66,0.84,220.40000000000003,446,94,169,0,73,False,-1,none,0.3,0.81,0.82,0.52,0.77,0.55,0.6142857142857143,1.0,0.0,56,92,0.75,0.8695652173913043,0.13043478260869565,3,11,0.8,0.7222222222222222,0.2777777777777778,4,3
2,0.75,0.87,220.80000000000004,443,75,188,0,75,False,-1,none,0.3,0.83,0.78,0.54,0.78,0.57,0.8,1.0,0.0,70,106,0.6,0.8421052631578947,0.15789473684210525,3,7,0.7,0.8333333333333334,0.16666666666666666,1,1
2,0.75,0.95,254.45999999999998,435,90,180,0,60,True,3,Shigh,0.3,0.79,0.8,0.67,0.77,0.62,0.7142857142857143,1.0,0.0,63,94,0.85,0.6428571428571429,0.35714285714285715,11,10,0.8,0.7647058823529411,0.23529411764705882,1,1
2,0.7,0.9,242.39999999999998,440,104,161,0,85,False,-1,none,0.3,0.84,0.84,0.49,0.77,0.61,0.6428571428571429,1.0,0.0,49,92,0.85,0.7586206896551724,0.2413793103448276,9,8,0.8,0.75,0.25,1,2
2,0.64,0.82,213.3,448,88,149,0,86,True,3,Shigh,0.3,0.77,0.79,0.48,0.67,0.48,0.5857142857142857,1.0,0.0,48,79,0.75,0.8275862068965517,0.1724137931034483,8,11,0.8,0.6666666666666666,0.3333333333333333,2,1
2,0.69,0.94,249.0,436,97,183,0,81,False,-1,none,0.3,0.89,0.89,0.58,0.83,0.55,0.6,1.0,0.0,54,94,0.95,0.8529411764705882,0.14705882352941177,10,17,0.8,0.7777777777777778,0.2222222222222222,2,6
2,0.66,0.81,216.0,449,96,164,0,84,False,-1,none,0.3,0.85,0.78,0.57,0.73,0.48,0.6285714285714286,1.0,0.0,54,86,0.7,0.7619047619047619,0.23809523809523808,8,11,0.8,0.75,0.25,2,3
2,0.63,0.79,208.31999999999996,451,117,152,0,67,True,3,Shigh,0.3,0.75,0.82,0.56,0.78,0.57,0.6142857142857143,0.9302325581395349,0.06976744186046512,52,90,0.7,0.782608695652174,0.21739130434782608,2,4,0.6,0.6923076923076923,0.3076923076923077,2,2
2,0.62,0.73,184.19999999999996,457,100,163,0,74,False,-1,none,0.3,0.78,0.75,0.52,0.73,0.58,0.6142857142857143,1.0,0.0,48,95,0.7,0.9545454545454546,0.045454545454545456,1,16,0.5,0.75,0.25,2,1
2,0.68,0.81,209.99999999999997,449,106,167,0,81,False,-1,none,0.3,0.83,0.84,0.55,0.76,0.56,0.6714285714285714,1.0,0.0,50,101,0.65,0.8571428571428571,0.14285714285714285,7,6,0.8,0.8461538461538461,0.15384615384615385,1,2
2,0.75,0.91,249.6,439,79,200,0,85,False,-1,none,0.3,0.85,0.88,0.59,0.74,0.64,0.7285714285714285,1.0,0.0,63,98,0.75,0.782608695652174,0.21739130434782608,13,19,0.9,0.8235294117647058,0.17647058823529413,1,6
2,0.75,0.89,240.8,441,95,168,0,78,False,-1,none,0.3,0.83,0.84,0.56,0.78,0.51,0.7285714285714285,1.0,0.0,55,91,0.85,0.84,0.16,4,12,0.7,0.6153846153846154,0.38461538461538464,3,3
2,0.62,0.73,202.2,457,104,167,0,86,False,-1,none,0.3,0.81,0.79,0.52,0.76,0.56,0.5714285714285714,1.0,0.0,48,90,0.7,0.7619047619047619,0.23809523809523808,8,16,0.8,0.75,0.25,3,2
2,0.65,0.79,213.59999999999997,451,109,171,0,76,False,-1,none,0.3,0.83,0.83,0.59,0.79,0.55,0.6142857142857143,1.0,0.0,52,96,0.65,0.7619047619047619,0.23809523809523808,4,12,0.9,0.8,0.2,5,2
2,0.63,0.76,214.80000000000004,454,92,174,0,63,False,-1,none,0.3,0.79,0.77,0.58,0.72,0.56,0.5857142857142857,1.0,0.0,53,89,0.7,0.65,0.35,13,9,0.8,0.7333333333333333,0.26666666666666666,4,6
2,0.64,0.75,203.39999999999995,455,102,182,0,76,False,-1,none,0.3,0.81,0.81,0.52,0.83,0.62,0.6,1.0,0.0,50,101,0.7,0.6842105263157895,0.3157894736842105,9,13,0.8,0.5714285714285714,0.42857142857142855,3,6
2,0.68,0.82,223.2,448,94,157,0,82,False,-1,none,0.3,0.77,0.77,0.52,0.72,0.55,0.6714285714285714,1.0,0.0,44,95,0.7,0.6956521739130435,0.30434782608695654,9,4,0.7,0.75,0.25,3,2
2,0.67,0.75,204.60000000000002,455,103,182,0,75,False,-1,none,0.3,0.81,0.84,0.62,0.77,0.56,0.6714285714285714,1.0,0.0,55,99,0.6,0.8,0.2,7,13,0.8,0.6923076923076923,0.3076923076923077,4,4
2,0.7,0.86,238.59999999999997,444,82,176,0,81,False,-1,none,0.3,0.8,0.73,0.55,0.75,0.61,0.6714285714285714,1.0,0.0,54,95,0.7,0.5789473684210527,0.42105263157894735,7,10,0.9,0.7,0.3,3,7
2,0.58,0.68,190.2,462,101,168,0,78,False,-1,none,0.3,0.79,0.78,0.57,0.68,0.55,0.6285714285714286,1.0,0.0,48,97,0.5,0.75,0.25,10,8,0.4,0.5,0.5,3,2
2,0.6,0.75,199.2,455,90,147,0,83,False,-1,none,0.3,0.77,0.73,0.46,0.67,0.49,0.5571428571428572,1.0,0.0,44,82,0.7,0.7083333333333334,0.2916666666666667,7,9,0.7,0.9166666666666666,0.08333333333333333,1,4
2,0.66,0.76,204.19999999999996,454,98,158,0,83,False,-1,none,0.3,0.8,0.77,0.51,0.75,0.49,0.6428571428571429,1.0,0.0,47,89,0.7,0.6666666666666666,0.3333333333333333,11,9,0.7,0.9,0.1,0,2
2,0.67,0.79,216.59999999999997,451,88,171,0,77,False,-1,none,0.3,0.79,0.78,0.5,0.77,0.54,0.6857142857142857,1.0,0.0,56,92,0.65,0.8095238095238095,0.19047619047619047,5,11,0.6,0.6,0.4,3,4
2,0.71,0.84,232.79999999999993,446,98,176,0,82,False,-1,none,0.3,0.84,0.82,0.58,0.75,0.59,0.6428571428571429,1.0,0.0,54,92,0.9,0.6956521739130435,0.30434782608695654,9,16,0.8,0.8125,0.1875,0,5
2,0.7,0.79,224.39999999999995,451,95,166,0,75,False,-1,none,0.3,0.81,0.81,0.49,0.78,0.51,0.6285714285714286,1.0,0.0,46,87,0.9,0.7272727272727273,0.2727272727272727,11,17,0.8,0.6153846153846154,0.38461538461538464,1,4
2,0.7,0.82,224.99999999999997,448,101,186,0,61,False,-1,none,0.3,0.81,0.83,0.62,0.82,0.61,0.6857142857142857,1.0,0.0,52,104,0.7,0.9047619047619048,0.09523809523809523,3,17,0.8,0.6153846153846154,0.38461538461538464,4,6
2,0.68,0.83,235.20000000000002,447,62,173,0,72,False,-1,none,0.3,0.75,0.71,0.47,0.71,0.54,0.6285714285714286,1.0,0.0,49,85,0.75,0.8260869565217391,0.17391304347826086,8,18,0.9,0.6875,0.3125,6,7
2,0.71,0.82,222.60000000000002,448,90,182,0,81,False,-1,none,0.3,0.84,0.8,0.57,0.83,0.5,0.6857142857142857,1.0,0.0,60,95,0.75,0.8095238095238095,0.19047619047619047,10,13,0.8,0.6923076923076923,0.3076923076923077,2,2
2,0.69,0.83,206.39999999999998,447,113,160,0,89,False,-1,none,0.3,0.81,0.83,0.54,0.86,0.52,0.6714285714285714,1.0,0.0,39,97,0.65,0.7894736842105263,0.21052631578947367,7,11,0.9,0.8235294117647058,0.17647058823529413,3,3
2,0.72,0.86,217.08000000000004,444,113,172,0,79,True,1,Slow,0.3,0.86,0.84,0.55,0.85,0.61,0.6714285714285714,1.0,0.0,48,100,0.85,0.875,0.125,4,13,0.8,0.6,0.4,2,5
2,0.72,0.83,187.55999999999995,447,87,172,0,73,True,0,Slow,0.3,0.79,0.79,0.54,0.73,0.57,0.7285714285714285,1.0,0.0,62,94,0.7,0.8947368421052632,0.10526315789473684,4,9,0.7,0.7692307692307693,0.23076923076923078,2,1
2,0.66,0.78,212.4,452,111,163,0,73,False,-1,none,0.3,0.84,0.76,0.56,0.8,0.56,0.6142857142857143,1.0,0.0,42,96,0.75,0.7619047619047619,0.23809523809523808,7,10,0.8,0.7857142857142857,0.21428571428571427,3,5
2,0.65,0.75,217.19999999999996,455,104,166,0,75,False,-1,none,0.3,0.81,0.77,0.55,0.75,0.57,0.6142857142857143,1.0,0.0,47,91,0.7,0.7894736842105263,0.21052631578947367,10,12,0.8,0.46153846153846156,0.5384615384615384,3,3
2,0.71,0.88,240.60000000000002,442,91,158,0,83,False,-1,none,0.3,0.81,0.83,0.58,0.74,0.41,0.6428571428571429,1.0,0.0,55,74,0.9,0.8148148148148148,0.18518518518518517,7,15,0.8,0.75,0.25,2,5
2,0.65,0.77,214.79999999999995,453,88,179,0,66,False,-1,none,0.3,0.77,0.76,0.6,0.75,0.56,0.6428571428571429,1.0,0.0,56,94,0.7,0.7619047619047619,0.23809523809523808,7,14,0.6,0.6363636363636364,0.36363636363636365,4,4
2,0.7,0.83,217.79999999999998,447,108,165,0,74,False,-1,none,0.3,0.8,0.83,0.54,0.8,0.59,0.6428571428571429,1.0,0.0,42,97,0.8,0.8181818181818182,0.18181818181818182,9,9,0.9,0.6875,0.3125,2,6
2,0.71,0.86,239.4,444,88,183,0,73,False,-1,none,0.3,0.81,0.83,0.56,0.78,0.59,0.6571428571428571,1.0,0.0,54,101,0.85,0.84,0.16,7,15,0.8,0.5333333333333333,0.4666666666666667,3,3
2,0.72,0.93,226.46,437,85,172,0,70,True,4,Shigh,0.3,0.81,0.8,0.6,0.78,0.51,0.6857142857142857,0.9795918367346939,0.02040816326530612,61,90,0.8,0.6774193548387096,0.3225806451612903,10,8,0.8,0.6923076923076923,0.3076923076923077,1,2
2,0.68,0.84,215.99999999999997,446,94,164,0,73,True,0,Slow,0.3,0.8,0.78,0.55,0.74,0.55,0.6428571428571429,1.0,0.0,49,93,0.8,0.7407407407407407,0.25925925925925924,9,10,0.7,0.5833333333333334,0.4166666666666667,2,1
2,0.59,0.69,190.07999999999996,461,87,160,0,64,True,2,Slow,0.3,0.72,0.71,0.46,0.72,0.55,0.5571428571428572,1.0,0.0,42,90,0.65,0.7222222222222222,0.2777777777777778,9,10,0.7,0.6666666666666666,0.3333333333333333,3,6
2,0.67,0.88,250.79999999999995,442,107,181,0,74,False,-1,none,0.3,0.87,0.85,0.66,0.83,0.55,0.6,1.0,0.0,52,97,0.95,0.7575757575757576,0.24242424242424243,14,13,0.6,0.6153846153846154,0.38461538461538464,1,4
2,0.69,0.8,219.0,450,99,167,0,79,False,-1,none,0.3,0.81,0.83,0.57,0.77,0.48,0.6714285714285714,1.0,0.0,61,87,0.7,0.8095238095238095,0.19047619047619047,7,8,0.8,0.5833333333333334,0.4166666666666667,1,3
2,0.72,0.83,224.4,447,86,181,0,80,False,-1,none,0.3,0.82,0.79,0.5,0.79,0.6,0.6857142857142857,1.0,0.0,54,97,0.85,0.7272727272727273,0.2727272727272727,13,12,0.7,0.8461538461538461,0.15384615384615385,1,4
2,0.64,0.75,211.19999999999993,455,88,181,0,66,False,-1,none,0.3,0.77,0.79,0.56,0.78,0.54,0.6142857142857143,1.0,0.0,57,98,0.8,0.6956521739130435,0.30434782608695654,7,15,0.5,0.6666666666666666,0.3333333333333333,1,3
2,0.7,0.87,236.39999999999998,443,96,167,0,80,False,-1,none,0.3,0.84,0.83,0.57,0.76,0.5,0.6714285714285714,1.0,0.0,51,86,0.8,0.8,0.2,7,14,0.7,0.7333333333333333,0.26666666666666666,5,4
2,0.76,0.92,249.6,438,96,173,0,64,False,-1,none,0.3,0.81,0.79,0.65,0.8,0.56,0.7428571428571429,1.0,0.0,54,101,0.85,0.7777777777777778,0.2222222222222222,5,12,0.7,0.7692307692307693,0.23076923076923078,0,1
2,0.65,0.72,206.39999999999998,458,108,158,0,72,False,-1,none,0.3,0.8,0.78,0.57,0.71,0.52,0.6428571428571429,1.0,0.0,42,91,0.65,0.7777777777777778,0.2222222222222222,6,14,0.7,0.5555555555555556,0.4444444444444444,2,3
2,0.63,0.77,212.99999999999997,453,93,154,0,71,True,3,Shigh,0.3,0.75,0.76,0.5,0.74,0.49,0.5714285714285714,1.0,0.0,48,83,0.7,0.6666666666666666,0.3333333333333333,8,9,0.9,0.5625,0.4375,1,5
2,0.61,0.76,210.59999999999997,454,100,152,0,72,False,-1,none,0.3,0.78,0.77,0.48,0.75,0.5,0.5428571428571428,1.0,0.0,44,83,0.8,0.8461538461538461,0.15384615384615385,6,14,0.7,0.5833333333333334,0.4166666666666667,4,1
2,0.69,0.82,221.99999999999997,448,110,170,0,88,False,-1,none,0.3,0.84,0.87,0.58,0.84,0.49,0.6285714285714286,1.0,0.0,55,93,0.8,0.8636363636363636,0.13636363636363635,3,12,0.9,0.6875,0.3125,3,4
2,0.76,0.87,233.40000000000003,443,65,186,0,92,False,-1,none,0.3,0.82,0.79,0.54,0.71,0.52,0.7857142857142857,1.0,0.0,65,91,0.75,0.7272727272727273,0.2727272727272727,10,15,0.6,0.8,0.2,2,3
2,0.68,0.74,211.19999999999996,456,93,175,0,78,False,-1,none,0.3,0.79,0.81,0.49,0.78,0.55,0.6714285714285714,1.0,0.0,54,88,0.7,0.7058823529411765,0.29411764705882354,12,15,0.7,0.5,0.5,3,3
2,0.64,0.74,203.87999999999997,456,112,161,0,78,True,3,Shigh,0.3,0.81,0.8,0.53,0.82,0.51,0.6,0.9761904761904762,0.023809523809523808,48,95,0.7,0.7142857142857143,0.2857142857142857,5,11,0.8,0.6363636363636364,0.36363636363636365,0,2
2,0.67,0.81,216.83999999999997,449,95,177,0,72,True,0,Slow,0.3,0.8,0.81,0.55,0.78,0.59,0.6142857142857143,1.0,0.0,47,95,0.7,0.7222222222222222,0.2777777777777778,11,16,1.0,0.6842105263157895,0.3157894736842105,2,6
2,0.59,0.66,181.79999999999995,464,102,160,0,62,False,-1,none,0.3,0.76,0.73,0.54,0.7,0.55,0.5428571428571428,1.0,0.0,51,81,0.6,0.9375,0.0625,5,15,0.9,0.5833333333333334,0.4166666666666667,3,5
2,0.67,0.77,201.59999999999997,453,107,178,0,63,False,-1,none,0.3,0.79,0.84,0.67,0.78,0.54,0.7,1.0,0.0,61,97,0.65,0.85,0.15,5,12,0.5,0.75,0.25,0,3
2,0.64,0.77,229.79999999999995,453,110,172,0,81,False,-1,none,0.3,0.84,0.87,0.57,0.73,0.58,0.5571428571428572,1.0,0.0,47,88,0.85,0.6086956521739131,0.391304347826087,20,10,0.8,0.6666666666666666,0.3333333333333333,3,4
2,0.64,0.75,189.04000000000002,455,121,155,0,79,True,3,Shigh,0.3,0.8,0.82,0.59,0.74,0.56,0.6142857142857143,0.9767441860465116,0.023255813953488372,48,94,0.65,0.7894736842105263,0.21052631578947367,1,9,0.8,0.6923076923076923,0.3076923076923077,1,2
2,0.69,0.85,223.8,445,101,168,0,81,False,-1,none,0.3,0.82,0.82,0.6,0.76,0.54,0.6428571428571429,1.0,0.0,50,95,0.8,0.9642857142857143,0.03571428571428571,3,15,0.8,0.5833333333333334,0.4166666666666667,2,3
3,0.64,0.91,187.52000000000004,439,124,134,0,76,True,1,Slow,0.3,0.79,0.8,0.53,0.76,0.61,0.5571428571428572,1.0,0.0,24,98,0.85,0.5862068965517241,0.41379310344827586,5,5,0.8,0.6875,0.3125,0,2
3,0.73,0.89,196.19999999999993,441,97,168,0,81,False,-1,none,0.3,0.84,0.81,0.57,0.79,0.53,0.6714285714285714,1.0,0.0,54,92,0.8,0.75,0.25,6,12,1.0,0.7777777777777778,0.2222222222222222,0,4
3,0.66,0.78,196.0,452,116,186,0,80,False,-1,none,0.3,0.88,0.83,0.61,0.81,0.67,0.6142857142857143,1.0,0.0,48,99,0.75,0.6842105263157895,0.3157894736842105,9,19,0.8,0.75,0.25,2,9
3,0.66,0.82,202.40000000000006,448,108,162,0,88,False,-1,none,0.3,0.82,0.83,0.55,0.76,0.56,0.6428571428571429,1.0,0.0,46,100,0.6,0.95,0.05,0,11,0.9,0.7647058823529411,0.23529411764705882,1,4
3,0.67,0.75,208.79999999999998,455,94,195,0,71,False,-1,none,0.3,0.87,0.83,0.54,0.81,0.59,0.6428571428571429,1.0,0.0,55,100,0.7,0.8333333333333334,0.16666666666666666,7,21,0.8,0.75,0.25,5,7
3,0.72,0.89,239.0,441,95,185,0,71,False,-1,none,0.3,0.85,0.85,0.63,0.77,0.59,0.7142857142857143,1.0,0.0,67,93,0.65,0.8260869565217391,0.17391304347826086,6,9,0.9,0.5625,0.4375,5,5
3,0.64,0.78,201.4,452,85,173,0,79,False,-1,none,0.3,0.76,0.78,0.51,0.75,0.56,0.6857142857142857,1.0,0.0,51,98,0.55,0.9090909090909091,0.09090909090909091,3,16,0.5,0.625,0.375,2,3
3,0.62,0.73,202.79999999999995,457,89,167,0,66,False,-1,none,0.3,0.76,0.76,0.52,0.72,0.53,0.5857142857142857,1.0,0.0,52,87,0.7,0.75,0.25,11,12,0.7,0.5833333333333334,0.4166666666666667,3,2
3,0.71,0.83,208.39999999999998,447,109,171,0,87,False,-1,none,0.3,0.85,0.85,0.57,0.81,0.55,0.6714285714285714,1.0,0.0,55,92,0.8,0.7272727272727273,0.2727272727272727,8,11,0.8,0.8571428571428571,0.14285714285714285,1,4
3,0.72,0.85,233.40000000000003,445,82,165,0,78,False,-1,none,0.3,0.78,0.78,0.48,0.73,0.55,0.6714285714285714,1.0,0.0,47,90,0.85,0.782608695652174,0.21739130434782608,7,14,0.8,0.6666666666666666,0.3333333333333333,5,2
3,0.68,0.83,218.40000000000003,447,93,167,0,67,False,-1,none,0.3,0.77,0.79,0.53,0.75,0.59,0.6285714285714286,1.0,0.0,49,89,0.85,0.9615384615384616,0.038461538461538464,1,20,0.7,0.5384615384615384,0.46153846153846156,4,4
3,0.74,0.9,227.22,440,81,165,0,94,True,1,Slow,0.3,0.83,0.82,0.46,0.74,0.51,0.7428571428571429,1.0,0.0,49,90,0.7,0.7727272727272727,0.22727272727272727,9,11,0.8,0.5625,0.4375,0,6
3,0.67,0.76,196.4,454,92,170,0,67,False,-1,none,0.3,0.78,0.78,0.53,0.75,0.54,0.6571428571428571,1.0,0.0,53,94,0.75,0.6666666666666666,0.3333333333333333,11,9,0.6,0.8888888888888888,0.1111111111111111,0,3
3,0.68,0.76,195.0,454,93,175,0,71,False,-1,none,0.3,0.8,0.81,0.59,0.73,0.51,0.6285714285714286,1.0,0.0,60,84,0.85,0.8636363636363636,0.13636363636363635,6,21,0.7,0.8,0.2,2,2
3,0.62,0.74,190.00000000000003,456,100,149,0,77,False,-1,none,0.3,0.73,0.78,0.53,0.71,0.48,0.5714285714285714,1.0,0.0,44,81,0.75,0.8636363636363636,0.13636363636363635,4,12,0.7,0.75,0.25,3,5
3,0.65,0.75,203.60000000000002,455,106,171,0,83,False,-1,none,0.3,0.84,0.8,0.48,0.85,0.55,0.6142857142857143,1.0,0.0,47,98,0.7,0.7,0.3,11,12,0.8,0.6666666666666666,0.3333333333333333,0,3
3,0.65,0.74,164.4,456,101,182,0,58,False,-1,none,0.3,0.79,0.81,0.62,0.74,0.61,0.7142857142857143,1.0,0.0,61,103,0.4,0.8333333333333334,0.16666666666666666,2,9,0.7,0.8333333333333334,0.16666666666666666,2,5
3,0.6,0.69,181.83999999999997,461,93,153,0,85,True,1,Slow,0.3,0.75,0.74,0.51,0.67,0.48,0.5714285714285714,1.0,0.0,45,83,0.65,0.75,0.25,7,11,0.7,0.5384615384615384,0.46153846153846156,3,4
3,0.6,0.71,181.2,459,96,164,0,69,False,-1,none,0.3,0.79,0.74,0.54,0.73,0.51,0.5571428571428572,1.0,0.0,47,87,0.8,0.9130434782608695,0.08695652173913043,8,20,0.5,0.8888888888888888,0.1111111111111111,1,1
3,0.64,0.75,208.60000000000002,455,103,169,0,73,False,-1,none,0.3,0.84,0.8,0.57,0.77,0.49,0.6,1.0,0.0,51,88,0.75,0.5789473684210527,0.42105263157894735,16,9,0.7,0.7142857142857143,0.2857142857142857,2,3
3,0.73,0.88,231.60000000000002,442,97,177,0,78,False,-1,none,0.3,0.85,0.85,0.62,0.8,0.5,0.7285714285714285,1.0,0.0,64,91,0.65,0.9,0.1,3,9,0.9,0.6470588235294118,0.35294117647058826,6,4
3,0.71,0.83,217.6,447,78,183,0,71,False,-1,none,0.3,0.74,0.8,0.57,0.73,0.6,0.7,1.0,0.0,56,93,0.75,0.8571428571428571,0.14285714285714285,9,20,0.7,0.7692307692307693,0.23076923076923078,1,4
3,0.74,0.85,236.99999999999997,445,103,180,0,77,True,4,Shigh,0.3,0.86,0.85,0.59,0.76,0.62,0.7285714285714285,1.0,0.0,51,98,0.75,0.5789473684210527,0.42105263157894735,12,14,0.8,0.5333333333333333,0.4666666666666667,1,4
3,0.7,0.82,199.40000000000003,448,90,180,0,63,False,-1,none,0.3,0.82,0.8,0.57,0.78,0.55,0.6857142857142857,1.0,0.0,60,97,0.8,0.782608695652174,0.21739130434782608,3,16,0.6,0.5454545454545454,0.45454545454545453,1,3
3,0.68,0.76,218.4,454,113,164,0,82,False,-1,none,0.3,0.81,0.85,0.6,0.78,0.49,0.6428571428571429,1.0,0.0,48,86,0.75,0.5789473684210527,0.42105263157894735,14,10,0.8,0.5833333333333334,0.4166666666666667,4,2
3,0.68,0.81,210.39999999999998,449,104,164,0,71,True,2,Slow,0.3,0.8,0.8,0.54,0.8,0.55,0.6142857142857143,1.0,0.0,54,89,0.8,0.6666666666666666,0.3333333333333333,7,11,0.9,0.7647058823529411,0.23529411764705882,0,3
3,0.68,0.76,205.39999999999998,454,104,174,0,76,False,-1,none,0.3,0.83,0.8,0.55,0.74,0.62,0.6714285714285714,1.0,0.0,51,96,0.6,0.42857142857142855,0.5714285714285714,13,11,0.9,0.7333333333333333,0.26666666666666666,0,3
3,0.73,0.87,221.40000000000003,443,85,192,0,76,False,-1,none,0.3,0.82,0.84,0.6,0.79,0.59,0.7285714285714285,1.0,0.0,62,103,0.65,0.85,0.15,10,10,0.9,0.8125,0.1875,1,6
3,0.7,0.85,219.60000000000002,445,95,165,0,100,False,-1,none,0.3,0.81,0.89,0.41,0.79,0.55,0.6142857142857143,1.0,0.0,46,89,0.9,0.9285714285714286,0.07142857142857142,5,21,0.9,0.7142857142857143,0.2857142857142857,1,3
3,0.58,0.69,190.39999999999998,461,71,156,0,64,False,-1,none,0.3,0.66,0.68,0.5,0.62,0.5,0.5714285714285714,1.0,0.0,47,83,0.6,0.7058823529411765,0.29411764705882354,11,9,0.6,0.6666666666666666,0.3333333333333333,1,5
3,0.68,0.83,220.08000000000004,447,88,172,0,92,True,3,Shigh,0.3,0.82,0.81,0.48,0.76,0.56,0.6285714285714286,1.0,0.0,58,90,0.85,0.76,0.24,6,16,0.7,0.7142857142857143,0.2857142857142857,0,2
3,0.62,0.75,194.8,455,100,171,0,74,False,-1,none,0.3,0.81,0.8,0.54,0.77,0.54,0.5857142857142857,1.0,0.0,48,96,0.7,0.8947368421052632,0.10526315789473684,5,17,0.7,0.7333333333333333,0.26666666666666666,3,2
3,0.71,0.88,229.20000000000002,442,102,162,0,68,False,-1,none,0.3,0.8,0.79,0.56,0.78,0.59,0.6571428571428571,1.0,0.0,43,96,0.75,0.8695652173913043,0.13043478260869565,5,15,1.0,0.7894736842105263,0.21052631578947367,0,3
3,0.71,0.82,220.60000000000005,448,93,180,0,80,False,-1,none,0.3,0.8,0.84,0.5,0.81,0.6,0.6857142857142857,1.0,0.0,54,101,0.75,0.8421052631578947,0.15789473684210525,5,14,0.8,0.6,0.4,1,5
3,0.75,0.88,227.80000000000004,442,96,179,0,77,False,-1,none,0.3,0.84,0.86,0.61,0.72,0.6,0.7,1.0,0.0,62,89,0.85,0.6956521739130435,0.30434782608695654,13,10,0.9,0.75,0.25,3,2
3,0.64,0.78,225.39999999999998,452,70,169,0,68,False,-1,none,0.3,0.73,0.72,0.53,0.71,0.48,0.5857142857142857,1.0,0.0,50,76,0.75,0.6818181818181818,0.3181818181818182,15,17,0.8,0.6,0.4,8,3
3,0.69,0.77,202.79999999999998,453,97,178,0,88,False,-1,none,0.3,0.84,0.84,0.61,0.79,0.44,0.7142857142857143,1.0,0.0,68,89,0.75,0.7368421052631579,0.2631578947368421,7,12,0.4,0.75,0.25,0,2
3,0.64,0.74,201.8,456,118,156,0,97,False,-1,none,0.3,0.81,0.88,0.49,0.79,0.51,0.6,1.0,0.0,42,89,0.8,0.6666666666666666,0.3333333333333333,10,12,0.6,0.8181818181818182,0.18181818181818182,2,1
3,0.67,0.8,218.40000000000003,450,83,147,0,90,False,-1,none,0.3,0.76,0.75,0.41,0.68,0.5,0.6,1.0,0.0,41,81,0.75,0.7142857142857143,0.2857142857142857,11,10,1.0,0.7647058823529411,0.23529411764705882,1,3
3,0.65,0.78,221.40000000000006,452,84,158,0,80,False,-1,none,0.3,0.78,0.74,0.48,0.72,0.48,0.5714285714285714,1.0,0.0,44,86,0.9,0.75,0.25,8,12,0.7,0.5714285714285714,0.42857142857142855,5,3
3,0.68,0.76,200.20000000000002,454,102,191,0,76,False,-1,none,0.3,0.85,0.86,0.57,0.8,0.61,0.6571428571428571,1.0,0.0,58,103,0.8,0.8095238095238095,0.19047619047619047,12,14,0.6,0.6666666666666666,0.3333333333333333,0,4
3,0.69,0.82,232.0,448,106,155,0,82,False,-1,none,0.3,0.83,0.81,0.54,0.73,0.52,0.6142857142857143,1.0,0.0,43,89,0.85,0.8181818181818182,0.18181818181818182,5,10,0.9,0.5294117647058824,0.47058823529411764,5,3
3,0.77,0.96,234.95999999999995,434,84,198,0,72,True,0,Slow,0.3,0.85,0.85,0.58,0.84,0.66,0.7142857142857143,1.0,0.0,56,103,0.85,0.6956521739130435,0.30434782608695654,9,17,1.0,0.6521739130434783,0.34782608695652173,5,8
3,0.72,0.9,245.20000000000005,440,81,184,0,75,False,-1,none,0.3,0.82,0.83,0.56,0.78,0.56,0.6428571428571429,1.0,0.0,60,87,0.85,0.72,0.28,15,13,1.0,0.8,0.2,2,7
3,0.72,0.83,228.20000000000005,447,86,192,0,84,False,-1,none,0.3,0.87,0.85,0.52,0.78,0.59,0.7285714285714285,1.0,0.0,63,102,0.65,0.7222222222222222,0.2777777777777778,11,11,0.8,0.42857142857142855,0.5714285714285714,2,3
3,0.69,0.83,220.99999999999997,447,70,168,0,74,True,4,Shigh,0.3,0.75,0.75,0.49,0.72,0.5,0.6714285714285714,1.0,0.0,48,90,0.8,0.7692307692307693,0.23076923076923078,12,12,0.6,0.6,0.4,5,1
3,0.72,0.81,232.4,449,98,166,0,75,False,-1,none,0.3,0.77,0.81,0.55,0.78,0.54,0.6857142857142857,1.0,0.0,50,91,0.75,0.7894736842105263,0.21052631578947367,7,10,0.9,0.42857142857142855,0.5714285714285714,2,6
3,0.64,0.72,192.4,458,98,158,0,82,False,-1,none,0.3,0.77,0.76,0.53,0.71,0.51,0.6,1.0,0.0,47,89,0.75,0.7368421052631579,0.2631578947368421,7,12,0.7,0.7272727272727273,0.2727272727272727,0,3
3,0.74,0.82,212.20000000000002,448,100,161,0,82,False,-1,none,0.3,0.79,0.8,0.61,0.71,0.52,0.7714285714285715,1.0,0.0,54,91,0.7,0.7222222222222222,0.2777777777777778,7,4,0.6,0.8,0.2,0,5
3,0.73,0.85,227.8,445,102,187,0,71,False,-1,none,0.3,0.87,0.87,0.63,0.75,0.62,0.7285714285714285,1.0,0.0,61,97,0.7,0.6111111111111112,0.3888888888888889,12,12,0.8,0.8125,0.1875,2,3
3,0.73,0.82,215.20000000000002,448,93,191,0,74,False,-1,none,0.3,0.82,0.81,0.61,0.8,0.62,0.7285714285714285,1.0,0.0,65,99,0.7,0.7777777777777778,0.2222222222222222,7,15,0.8,0.7692307692307693,0.23076923076923078,2,3
3,0.67,0.81,213.8,449,95,168,0,71,False,-1,none,0.3,0.82,0.78,0.54,0.72,0.58,0.6285714285714286,1.0,0.0,54,92,0.75,0.782608695652174,0.21739130434782608,8,10,0.8,0.7857142857142857,0.21428571428571427,0,4
3,0.72,0.88,230.60000000000002,442,100,168,0,74,False,-1,none,0.3,0.83,0.84,0.55,0.78,0.56,0.6857142857142857,1.0,0.0,49,96,0.7,0.8695652173913043,0.13043478260869565,3,14,1.0,0.7058823529411765,0.29411764705882354,3,3
3,0.64,0.75,201.2,455,113,163,0,79,False,-1,none,0.3,0.79,0.82,0.47,0.85,0.58,0.5857142857142857,1.0,0.0,39,104,0.8,0.8333333333333334,0.16666666666666666,6,12,0.7,0.6,0.4,2,0
3,0.81,0.98,261.20000000000005,432,87,193,0,77,False,-1,none,0.3,0.87,0.86,0.52,0.86,0.67,0.7428571428571429,1.0,0.0,50,101,1.0,0.8076923076923077,0.19230769230769232,10,20,0.9,0.75,0.25,4,8
3,0.69,0.82,225.2,448,90,187,0,66,False,-1,none,0.3,0.81,0.84,0.54,0.78,0.62,0.6428571428571429,1.0,0.0,56,103,0.85,0.76,0.24,8,19,0.7,0.5833333333333334,0.4166666666666667,1,0
3,0.68,0.79,211.20000000000002,451,91,167,0,83,False,-1,none,0.3,0.77,0.8,0.53,0.75,0.52,0.6428571428571429,1.0,0.0,44,92,0.8,0.7272727272727273,0.2727272727272727,14,14,0.7,0.75,0.25,2,1
3,0.69,0.78,199.97999999999993,452,103,169,0,80,True,1,Slow,0.3,0.84,0.82,0.5,0.76,0.58,0.6857142857142857,1.0,0.0,48,97,0.65,0.8125,0.1875,4,9,0.8,0.5714285714285714,0.42857142857142855,8,3
3,0.71,0.82,208.20000000000005,448,105,182,0,76,False,-1,none,0.3,0.87,0.85,0.6,0.79,0.58,0.7,1.0,0.0,55,98,0.8,0.8571428571428571,0.14285714285714285,3,20,0.6,0.5833333333333334,0.4166666666666667,4,2
3,0.64,0.79,189.04000000000002,451,78,174,0,69,True,0,Slow,0.3,0.77,0.77,0.48,0.69,0.6,0.6142857142857143,1.0,0.0,58,93,0.65,0.9,0.1,3,10,0.8,0.6875,0.3125,3,7
3,0.62,0.81,200.20000000000002,449,89,167,0,78,False,-1,none,0.3,0.8,0.81,0.51,0.7,0.55,0.5428571428571428,1.0,0.0,48,81,0.8,0.9259259259259259,0.07407407407407407,6,21,0.8,0.9375,0.0625,3,8
3,0.7,0.78,220.79999999999998,452,89,184,0,79,False,-1,none,0.3,0.82,0.81,0.53,0.77,0.58,0.6714285714285714,1.0,0.0,58,91,0.75,0.5294117647058824,0.47058823529411764,12,18,0.8,0.7857142857142857,0.21428571428571427,0,5
3,0.74,0.86,240.40000000000003,444,85,192,0,72,False,-1,none,0.3,0.85,0.81,0.62,0.78,0.57,0.6857142857142857,1.0,0.0,59,95,0.85,0.8148148148148148,0.18518518518518517,11,17,0.9,0.45454545454545453,0.5454545454545454,6,4
3,0.69,0.82,218.4,448,97,188,0,68,False,-1,none,0.3,0.84,0.82,0.66,0.77,0.58,0.6857142857142857,1.0,0.0,65,105,0.7,0.85,0.15,6,7,0.7,0.5,0.5,3,2
3,0.6,0.68,168.46000000000004,462,84,173,0,65,True,2,Slow,0.3,0.73,0.75,0.55,0.69,0.53,0.6,1.0,0.0,59,89,0.55,0.9285714285714286,0.07142857142857142,2,17,0.7,0.6666666666666666,0.3333333333333333,3,3
3,0.71,0.8,208.40000000000003,450,100,173,0,82,False,-1,none,0.3,0.84,0.85,0.55,0.77,0.52,0.6714285714285714,1.0,0.0,63,90,0.7,0.875,0.125,3,9,1.0,0.7058823529411765,0.29411764705882354,5,3
4,0.7,0.92,201.60000000000008,438,118,143,0,82,False,-1,none,0.3,0.83,0.83,0.51,0.76,0.6,0.6571428571428571,1.0,0.0,33,94,0.75,0.5909090909090909,0.4090909090909091,7,7,0.9,0.5789473684210527,0.42105263157894735,0,2
4,0.69,0.86,194.39999999999992,444,104,161,0,74,False,-1,none,0.3,0.82,0.82,0.54,0.78,0.55,0.6571428571428571,1.0,0.0,47,97,0.75,0.6956521739130435,0.30434782608695654,9,7,0.8,0.75,0.25,1,0
4,0.61,0.77,186.0,453,73,158,0,77,False,-1,none,0.3,0.73,0.73,0.4,0.71,0.51,0.5714285714285714,1.0,0.0,41,89,0.8,0.8461538461538461,0.15384615384615385,9,17,0.5,0.6363636363636364,0.36363636363636365,1,1
4,0.72,0.85,235.40000000000006,445,95,200,0,70,False,-1,none,0.3,0.86,0.83,0.64,0.82,0.65,0.7,1.0,0.0,56,106,0.8,0.7727272727272727,0.22727272727272727,12,20,0.7,0.5714285714285714,0.42857142857142855,3,3
4,0.66,0.82,211.20000000000002,448,81,183,0,79,False,-1,none,0.3,0.8,0.82,0.58,0.77,0.49,0.6142857142857143,1.0,0.0,62,87,0.65,1.0,0.0,2,22,1.0,0.8125,0.1875,3,7
4,0.73,0.88,201.08,442,92,184,0,86,True,0,Slow,0.3,0.84,0.86,0.55,0.79,0.6,0.6285714285714286,1.0,0.0,53,93,1.0,0.896551724137931,0.10344827586206896,7,25,0.9,0.8666666666666667,0.13333333333333333,2,4
4,0.72,0.9,230.40000000000003,440,97,158,0,80,False,-1,none,0.3,0.8,0.8,0.56,0.74,0.55,0.6428571428571429,1.0,0.0,51,87,0.85,0.8518518518518519,0.14814814814814814,6,12,1.0,0.7777777777777778,0.2222222222222222,1,1
4,0.62,0.74,199.19999999999996,456,96,176,0,74,False,-1,none,0.3,0.8,0.81,0.53,0.77,0.55,0.5857142857142857,1.0,0.0,47,93,0.7,0.9090909090909091,0.09090909090909091,8,20,0.7,0.5454545454545454,0.45454545454545453,5,3
4,0.68,0.8,231.60000000000002,450,87,203,0,80,False,-1,none,0.3,0.83,0.85,0.58,0.84,0.6,0.6285714285714286,1.0,0.0,64,99,0.85,0.75,0.25,12,18,0.7,0.5833333333333334,0.4166666666666667,5,5
4,0.64,0.76,214.79999999999995,454,101,178,0,75,False,-1,none,0.3,0.81,0.83,0.57,0.8,0.54,0.5857142857142857,1.0,0.0,61,98,0.75,0.6842105263157895,0.3157894736842105,9,8,0.8,0.75,0.25,0,2
4,0.74,0.91,223.68,439,105,176,0,88,True,1,Slow,0.3,0.88,0.85,0.58,0.79,0.62,0.6857142857142857,1.0,0.0,50,102,0.9,0.7857142857142857,0.21428571428571427,6,14,0.8,0.7333333333333333,0.26666666666666666,2,2
4,0.66,0.78,207.40000000000003,452,104,158,0,80,False,-1,none,0.3,0.82,0.77,0.52,0.7,0.59,0.6,1.0,0.0,41,91,0.8,0.631578947368421,0.3684210526315789,15,7,0.8,0.7058823529411765,0.29411764705882354,0,4
4,0.7,0.92,246.4,438,95,170,0,68,False,-1,none,0.3,0.76,0.79,0.59,0.82,0.61,0.6714285714285714,1.0,0.0,49,102,0.75,0.8518518518518519,0.14814814814814814,3,13,0.8,0.6111111111111112,0.3888888888888889,1,2
4,0.71,0.88,226.32000000000002,442,97,170,0,70,True,4,Shigh,0.3,0.85,0.83,0.6,0.72,0.55,0.6857142857142857,0.9791666666666666,0.020833333333333332,67,84,0.75,0.8461538461538461,0.15384615384615385,3,10,0.8,0.5714285714285714,0.42857142857142855,2,4
4,0.67,0.77,197.2,453,98,171,0,74,False,-1,none,0.3,0.79,0.8,0.56,0.73,0.58,0.6285714285714286,1.0,0.0,54,88,0.8,0.9,0.1,2,17,0.7,0.7692307692307693,0.23076923076923078,4,6
4,0.73,0.86,209.39999999999995,444,91,176,0,82,True,1,Slow,0.3,0.82,0.84,0.6,0.74,0.53,0.7,1.0,0.0,60,89,0.7,0.8421052631578947,0.15789473684210525,10,12,1.0,0.7777777777777778,0.2222222222222222,2,3
4,0.71,0.88,230.4,442,78,170,0,74,False,-1,none,0.3,0.79,0.79,0.51,0.78,0.49,0.6285714285714286,1.0,0.0,53,88,0.9,0.9230769230769231,0.07692307692307693,3,19,0.9,0.7222222222222222,0.2777777777777778,4,3
4,0.67,0.82,220.60000000000002,448,104,170,0,74,False,-1,none,0.3,0.81,0.84,0.6,0.78,0.53,0.6285714285714286,1.0,0.0,50,91,0.65,0.9444444444444444,0.05555555555555555,5,15,1.0,0.7,0.3,2,7
4,0.72,0.8,213.4,450,86,203,0,71,False,-1,none,0.3,0.83,0.83,0.6,0.84,0.59,0.7571428571428571,1.0,0.0,71,103,0.65,0.7058823529411765,0.29411764705882354,8,14,0.6,0.8,0.2,4,3
4,0.68,0.74,201.6,456,84,188,0,79,False,-1,none,0.3,0.79,0.81,0.51,0.79,0.56,0.6714285714285714,1.0,0.0,60,98,0.75,0.7777777777777778,0.2222222222222222,9,19,0.6,0.6666666666666666,0.3333333333333333,0,2
4,0.64,0.73,208.39999999999998,457,95,154,0,78,False,-1,none,0.3,0.74,0.76,0.48,0.73,0.51,0.6142857142857143,1.0,0.0,43,86,0.7,0.6111111111111112,0.3888888888888889,6,11,0.7,0.5833333333333334,0.4166666666666667,6,2
4,0.79,0.94,222.75999999999996,436,95,191,0,65,True,1,Slow,0.3,0.87,0.87,0.65,0.78,0.63,0.7714285714285715,1.0,0.0,67,101,0.8,0.8636363636363636,0.13636363636363635,3,14,0.9,0.6666666666666666,0.3333333333333333,2,4
4,0.69,0.81,219.6,449,95,180,0,69,False,-1,none,0.3,0.84,0.82,0.62,0.7,0.58,0.6857142857142857,1.0,0.0,59,90,0.6,0.8125,0.1875,5,21,0.9,0.7647058823529411,0.23529411764705882,1,4
4,0.7,0.87,225.4,443,90,192,0,66,False,-1,none,0.3,0.83,0.81,0.62,0.84,0.59,0.6714285714285714,1.0,0.0,62,101,0.7,1.0,0.0,1,19,0.9,0.7368421052631579,0.2631578947368421,4,5
4,0.66,0.73,205.20000000000002,457,92,197,0,73,False,-1,none,0.3,0.81,0.82,0.59,0.82,0.58,0.6571428571428571,1.0,0.0,65,98,0.6,0.6923076923076923,0.3076923076923077,6,16,0.8,0.6428571428571429,0.35714285714285715,5,7
4,0.71,0.83,181.32000000000002,447,90,158,0,79,True,2,Slow,0.3,0.76,0.79,0.57,0.73,0.46,0.7714285714285715,1.0,0.0,53,87,0.65,0.9,0.1,3,10,0.4,0.625,0.375,3,2
4,0.65,0.78,203.0,452,83,177,0,77,False,-1,none,0.3,0.76,0.78,0.55,0.76,0.53,0.5857142857142857,1.0,0.0,56,89,0.8,0.76,0.24,13,16,0.8,0.8333333333333334,0.16666666666666666,0,3
4,0.64,0.78,232.0,452,75,184,0,73,False,-1,none,0.3,0.77,0.8,0.58,0.72,0.5,0.6,1.0,0.0,58,89,0.75,0.7391304347826086,0.2608695652173913,16,11,0.7,0.46153846153846156,0.5384615384615384,7,3
4,0.65,0.73,183.0,457,86,162,0,89,False,-1,none,0.3,0.76,0.75,0.49,0.69,0.52,0.6857142857142857,1.0,0.0,55,88,0.65,0.875,0.125,2,14,0.4,0.8888888888888888,0.1111111111111111,1,2
4,0.69,0.78,168.16000000000003,452,96,178,0,78,True,0,Slow,0.3,0.8,0.82,0.52,0.78,0.6,0.6571428571428571,1.0,0.0,54,100,0.75,0.8947368421052632,0.10526315789473684,1,17,0.8,0.9230769230769231,0.07692307692307693,0,6
4,0.68,0.79,226.92,451,90,175,0,76,True,4,Shigh,0.3,0.79,0.81,0.51,0.73,0.6,0.6571428571428571,1.0,0.0,50,95,0.7,0.6470588235294118,0.35294117647058826,10,13,0.8,0.5,0.5,4,3
4,0.69,0.8,217.00000000000003,450,84,167,0,84,False,-1,none,0.3,0.77,0.81,0.47,0.72,0.54,0.6428571428571429,1.0,0.0,47,88,0.9,0.84,0.16,11,16,0.6,0.5,0.5,2,3
4,0.71,0.81,234.79999999999998,449,89,179,0,76,False,-1,none,0.3,0.8,0.81,0.58,0.75,0.55,0.6857142857142857,1.0,0.0,55,89,0.7,0.7058823529411765,0.29411764705882354,13,13,0.9,0.5625,0.4375,3,6
4,0.6,0.72,206.4,458,106,162,0,80,False,-1,none,0.3,0.8,0.79,0.55,0.72,0.54,0.5,1.0,0.0,41,90,0.8,0.7619047619047619,0.23809523809523808,9,14,0.9,0.6875,0.3125,3,5
4,0.69,0.83,232.2,447,82,193,0,62,False,-1,none,0.3,0.82,0.8,0.61,0.78,0.57,0.6714285714285714,1.0,0.0,57,100,0.7,0.75,0.25,12,16,0.8,0.6875,0.3125,5,3
4,0.66,0.8,190.12000000000003,450,79,161,0,80,True,0,Slow,0.3,0.74,0.75,0.52,0.71,0.48,0.6428571428571429,1.0,0.0,48,88,0.65,0.7777777777777778,0.2222222222222222,9,12,0.8,0.8823529411764706,0.11764705882352941,0,4
4,0.75,0.86,229.60000000000002,444,78,185,0,76,False,-1,none,0.3,0.8,0.79,0.61,0.74,0.55,0.7428571428571429,1.0,0.0,68,94,0.8,0.9,0.1,2,14,0.7,0.6428571428571429,0.35714285714285715,5,2
4,0.66,0.8,210.60000000000002,450,104,178,0,73,False,-1,none,0.3,0.85,0.85,0.61,0.79,0.52,0.6,1.0,0.0,58,94,0.85,0.9230769230769231,0.07692307692307693,6,16,0.7,0.5833333333333334,0.4166666666666667,1,3
4,0.68,0.83,231.6,447,94,192,0,71,False,-1,none,0.3,0.85,0.85,0.55,0.83,0.61,0.6142857142857143,1.0,0.0,58,101,0.75,0.7272727272727273,0.2727272727272727,6,18,1.0,0.6666666666666666,0.3333333333333333,5,4
4,0.71,0.84,210.79999999999998,446,105,178,0,73,False,-1,none,0.3,0.86,0.84,0.57,0.78,0.62,0.6571428571428571,1.0,0.0,53,99,0.8,0.9,0.1,4,18,0.9,0.8333333333333334,0.16666666666666666,0,4
4,0.71,0.82,225.20000000000002,448,99,187,0,67,False,-1,none,0.3,0.83,0.83,0.61,0.84,0.57,0.6571428571428571,1.0,0.0,58,93,0.85,0.7391304347826086,0.2608695652173913,11,20,0.8,0.7692307692307693,0.23076923076923078,1,4
4,0.69,0.82,229.4,448,96,173,0,84,False,-1,none,0.3,0.81,0.85,0.54,0.76,0.55,0.6,1.0,0.0,50,89,0.85,0.8333333333333334,0.16666666666666666,6,16,1.0,0.625,0.375,5,7
4,0.67,0.86,228.00000000000003,444,80,168,0,66,True,3,Shigh,0.3,0.76,0.71,0.58,0.75,0.54,0.6285714285714286,1.0,0.0,50,88,0.85,0.7692307692307693,0.23076923076923078,11,15,0.6,0.6875,0.3125,2,2
4,0.71,0.8,209.92,450,96,184,0,80,True,2,Slow,0.3,0.85,0.85,0.58,0.75,0.57,0.7142857142857143,1.0,0.0,58,97,0.7,0.5625,0.4375,14,10,0.7,0.7857142857142857,0.21428571428571427,2,3
4,0.77,0.92,249.20000000000002,438,91,191,0,86,False,-1,none,0.3,0.85,0.88,0.58,0.83,0.6,0.7285714285714285,1.0,0.0,57,103,0.8,0.9047619047619048,0.09523809523809523,3,19,1.0,0.65,0.35,5,4
4,0.65,0.79,201.80000000000004,451,100,161,0,90,False,-1,none,0.3,0.79,0.79,0.56,0.74,0.52,0.6,1.0,0.0,47,89,0.8,0.88,0.12,7,12,0.7,0.75,0.25,4,2
4,0.65,0.78,203.79999999999998,452,80,185,0,67,False,-1,none,0.3,0.81,0.8,0.53,0.77,0.52,0.6714285714285714,1.0,0.0,62,97,0.6,0.9444444444444444,0.05555555555555555,3,17,0.6,0.6153846153846154,0.38461538461538464,2,4
4,0.67,0.79,216.84,451,109,151,0,66,True,4,Shigh,0.3,0.75,0.81,0.51,0.72,0.6,0.6142857142857143,0.9767441860465116,0.023255813953488372,40,87,0.8,0.5909090909090909,0.4090909090909091,11,10,0.8,0.7142857142857143,0.2857142857142857,1,2
4,0.67,0.81,218.20000000000002,449,84,172,0,88,False,-1,none,0.3,0.8,0.81,0.54,0.7,0.52,0.6571428571428571,1.0,0.0,65,85,0.7,0.7619047619047619,0.23809523809523808,7,9,0.7,0.6428571428571429,0.35714285714285715,2,4
4,0.72,0.88,240.00000000000003,442,69,189,0,89,False,-1,none,0.3,0.8,0.84,0.55,0.79,0.48,0.7,1.0,0.0,61,93,0.8,0.8333333333333334,0.16666666666666666,10,16,0.7,0.6666666666666666,0.3333333333333333,6,3
4,0.68,0.82,196.8,448,82,186,0,65,False,-1,none,0.3,0.79,0.82,0.52,0.75,0.62,0.7,1.0,0.0,57,98,0.6,0.8888888888888888,0.1111111111111111,6,19,0.7,0.7333333333333333,0.26666666666666666,2,4
4,0.67,0.79,228.0,451,87,185,0,64,False,-1,none,0.3,0.78,0.8,0.58,0.76,0.59,0.6428571428571429,1.0,0.0,59,92,0.7,0.8095238095238095,0.19047619047619047,6,18,0.8,0.5384615384615384,0.46153846153846156,5,5
4,0.67,0.84,213.59999999999997,446,91,154,0,91,True,3,Shigh,0.3,0.79,0.8,0.52,0.73,0.45,0.6428571428571429,1.0,0.0,51,82,0.75,0.9230769230769231,0.07692307692307693,2,14,0.7,0.7692307692307693,0.23076923076923078,0,5
4,0.63,0.77,203.39999999999998,453,86,189,0,83,False,-1,none,0.3,0.82,0.84,0.48,0.77,0.61,0.6285714285714286,1.0,0.0,65,102,0.65,0.8888888888888888,0.1111111111111111,5,10,0.6,0.7333333333333333,0.26666666666666666,4,3
4,0.63,0.78,223.19999999999996,452,62,166,0,84,False,-1,none,0.3,0.74,0.73,0.45,0.67,0.47,0.5714285714285714,1.0,0.0,55,74,0.7,0.7894736842105263,0.21052631578947367,10,17,0.9,0.7368421052631579,0.2631578947368421,3,7
4,0.66,0.73,195.59999999999997,457,113,173,0,71,False,-1,none,0.3,0.85,0.81,0.54,0.79,0.6,0.6285714285714286,1.0,0.0,59,95,0.8,0.7619047619047619,0.23809523809523808,7,12,0.6,0.75,0.25,0,0
4,0.65,0.77,196.32,453,97,166,0,75,True,0,Slow,0.3,0.8,0.79,0.55,0.69,0.57,0.6,1.0,0.0,57,89,0.7,0.631578947368421,0.3684210526315789,8,9,0.9,0.75,0.25,1,2
4,0.74,0.89,235.2,441,89,184,0,73,False,-1,none,0.3,0.85,0.84,0.59,0.79,0.55,0.6857142857142857,1.0,0.0,61,96,0.8,0.9523809523809523,0.047619047619047616,2,16,1.0,0.75,0.25,5,4
4,0.69,0.83,223.19999999999996,447,70,169,0,73,False,-1,none,0.3,0.74,0.74,0.52,0.69,0.53,0.6285714285714286,1.0,0.0,56,81,0.9,0.9629629629629629,0.037037037037037035,3,23,0.7,0.5833333333333334,0.4166666666666667,3,3
4,0.62,0.72,189.59999999999997,458,92,190,0,61,False,-1,none,0.3,0.81,0.76,0.58,0.79,0.6,0.6142857142857143,1.0,0.0,66,105,0.65,0.7894736842105263,0.21052631578947367,6,10,0.6,0.9,0.1,0,3
4,0.63,0.75,215.75999999999996,455,92,160,0,83,True,4,Shigh,0.3,0.8,0.78,0.49,0.69,0.51,0.5857142857142857,1.0,0.0,54,83,0.65,0.5625,0.4375,13,7,0.9,0.7777777777777778,0.2222222222222222,0,3
4,0.69,0.79,208.0,451,93,190,0,68,False,-1,none,0.3,0.85,0.83,0.56,0.8,0.58,0.6714285714285714,1.0,0.0,57,102,0.65,0.8125,0.1875,7,16,0.9,0.875,0.125,2,6
4,0.7,0.83,210.71999999999997,447,95,177,0,80,True,1,Slow,0.3,0.82,0.84,0.56,0.78,0.55,0.6857142857142857,1.0,0.0,59,97,0.65,0.8421052631578947,0.15789473684210525,2,11,0.9,0.625,0.375,4,4
4,0.55,0.65,166.8,465,75,157,0,63,False,-1,none,0.3,0.7,0.68,0.44,0.68,0.47,0.5,1.0,0.0,49,82,0.7,0.9523809523809523,0.047619047619047616,3,22,0.6,0.7777777777777778,0.2222222222222222,0,1
4,0.69,0.8,211.19999999999996,450,88,171,0,76,False,-1,none,0.3,0.8,0.8,0.58,0.73,0.48,0.6571428571428571,1.0,0.0,55,79,0.85,0.8636363636363636,0.13636363636363635,8,23,0.6,0.8333333333333334,0.16666666666666666,2,4
4,0.63,0.76,201.54000000000002,454,93,175,0,71,True,4,Shigh,0.3,0.81,0.8,0.47,0.77,0.59,0.6,1.0,0.0,59,97,0.7,0.85,0.15,6,9,0.7,0.6428571428571429,0.35714285714285715,0,4
5,0.71,0.94,196.48000000000002,436,124,153,0,84,True,4,Shigh,0.3,0.81,0.86,0.62,0.83,0.59,0.6428571428571429,1.0,0.0,39,102,0.8,0.6538461538461539,0.34615384615384615,5,6,1.0,0.5,0.5,0,1
5,0.73,0.94,207.53999999999994,436,115,162,0,74,True,4,Shigh,0.3,0.86,0.87,0.6,0.78,0.6,0.6857142857142857,1.0,0.0,46,93,0.8,0.75,0.25,10,9,0.9,0.7222222222222222,0.2777777777777778,2,2
5,0.63,0.76,168.4,454,115,161,0,73,True,3,Shigh,0.3,0.79,0.78,0.54,0.8,0.61,0.6,1.0,0.0,45,98,0.65,0.9,0.1,3,12,0.8,0.7857142857142857,0.21428571428571427,1,2
5,0.67,0.79,195.80000000000007,451,98,162,0,91,False,-1,none,0.3,0.79,0.83,0.47,0.76,0.54,0.6285714285714286,1.0,0.0,41,95,0.75,0.9473684210526315,0.05263157894736842,1,15,0.8,0.75,0.25,4,6
5,0.6,0.67,184.79999999999995,463,106,176,0,76,False,-1,none,0.3,0.81,0.8,0.59,0.76,0.53,0.5714285714285714,1.0,0.0,55,92,0.65,0.8823529411764706,0.11764705882352941,2,19,0.7,0.7,0.3,3,5
5,0.66,0.81,201.20000000000002,449,102,150,0,72,True,3,Shigh,0.3,0.77,0.81,0.52,0.72,0.51,0.6428571428571429,1.0,0.0,46,85,0.6,0.6842105263157895,0.3157894736842105,3,11,0.9,0.7058823529411765,0.29411764705882354,1,4
5,0.72,0.9,227.0,440,113,165,0,87,False,-1,none,0.3,0.88,0.9,0.57,0.78,0.55,0.6571428571428571,1.0,0.0,50,91,0.8,0.9259259259259259,0.07407407407407407,4,17,1.0,0.7058823529411765,0.29411764705882354,0,3
5,0.74,0.87,231.80000000000007,443,97,175,0,81,False,-1,none,0.3,0.85,0.79,0.59,0.79,0.57,0.7285714285714285,1.0,0.0,55,89,0.7,0.7894736842105263,0.21052631578947367,5,17,0.9,0.7647058823529411,0.23529411764705882,4,5
5,0.69,0.8,183.99999999999997,450,80,181,0,79,False,-1,none,0.3,0.8,0.81,0.49,0.79,0.52,0.7285714285714285,1.0,0.0,62,97,0.6,0.8235294117647058,0.17647058823529413,4,13,0.6,0.75,0.25,0,5
5,0.59,0.69,194.99999999999994,461,85,175,0,56,False,-1,none,0.3,0.72,0.75,0.54,0.74,0.54,0.5714285714285714,1.0,0.0,57,87,0.65,0.8,0.2,7,20,0.6,0.6666666666666666,0.3333333333333333,1,3
5,0.69,0.81,192.44,449,108,177,0,59,True,0,Slow,0.3,0.83,0.8,0.56,0.8,0.67,0.6571428571428571,1.0,0.0,47,102,0.85,0.8333333333333334,0.16666666666666666,6,16,0.6,0.6363636363636364,0.36363636363636365,2,4
5,0.55,0.72,169.89999999999998,458,99,142,0,67,True,0,Slow,0.3,0.73,0.73,0.51,0.68,0.48,0.5142857142857142,1.0,0.0,43,81,0.55,0.85,0.15,3,11,0.8,0.75,0.25,0,4
5,0.63,0.79,213.99999999999997,451,73,136,0,72,False,-1,none,0.3,0.67,0.71,0.42,0.68,0.4,0.6,1.0,0.0,44,73,0.65,0.6842105263157895,0.3157894736842105,5,9,0.8,0.6666666666666666,0.3333333333333333,3,2
5,0.68,0.8,211.60000000000002,450,92,170,0,83,False,-1,none,0.3,0.8,0.81,0.55,0.74,0.52,0.6285714285714286,1.0,0.0,48,86,0.85,0.782608695652174,0.21739130434782608,12,17,0.7,0.6923076923076923,0.3076923076923077,4,3
5,0.66,0.79,197.00000000000003,451,90,191,0,70,False,-1,none,0.3,0.79,0.8,0.6,0.79,0.62,0.6428571428571429,1.0,0.0,58,99,0.7,1.0,0.0,1,23,0.7,0.7692307692307693,0.23076923076923078,2,8
5,0.7,0.83,210.0,447,86,177,0,74,False,-1,none,0.3,0.82,0.84,0.57,0.74,0.49,0.6857142857142857,1.0,0.0,63,88,0.7,0.8571428571428571,0.14285714285714285,5,19,0.8,0.7857142857142857,0.21428571428571427,1,1
5,0.63,0.75,200.2,455,79,175,0,66,False,-1,none,0.3,0.76,0.72,0.51,0.7,0.6,0.6142857142857143,1.0,0.0,48,95,0.7,0.8421052631578947,0.15789473684210525,7,19,0.6,0.7692307692307693,0.23076923076923078,2,4
5,0.67,0.81,201.40000000000003,449,105,170,0,79,False,-1,none,0.3,0.84,0.81,0.5,0.73,0.68,0.6428571428571429,1.0,0.0,44,99,0.75,0.8181818181818182,0.18181818181818182,6,17,0.7,0.7857142857142857,0.21428571428571427,1,3
5,0.68,0.8,228.79999999999998,450,76,169,0,80,False,-1,none,0.3,0.75,0.75,0.55,0.69,0.51,0.6714285714285714,1.0,0.0,53,80,0.65,0.7777777777777778,0.2222222222222222,8,16,0.8,0.6,0.4,5,7
5,0.74,0.82,197.40000000000003,448,94,186,0,88,False,-1,none,0.3,0.84,0.82,0.54,0.77,0.65,0.7,1.0,0.0,52,104,0.95,0.9166666666666666,0.08333333333333333,4,22,0.6,0.6666666666666666,0.3333333333333333,1,3
5,0.65,0.75,195.8,455,99,170,0,81,False,-1,none,0.3,0.75,0.8,0.58,0.78,0.53,0.6142857142857143,1.0,0.0,54,94,0.7,0.7777777777777778,0.2222222222222222,9,10,0.8,0.7857142857142857,0.21428571428571427,0,3
5,0.74,0.83,217.60000000000002,447,91,186,0,80,False,-1,none,0.3,0.85,0.83,0.56,0.78,0.58,0.7142857142857143,1.0,0.0,59,97,0.8,0.9,0.1,5,18,0.8,0.6923076923076923,0.3076923076923077,2,5
5,0.8,0.92,234.80000000000007,438,113,180,0,90,False,-1,none,0.3,0.93,0.92,0.61,0.85,0.54,0.7571428571428571,1.0,0.0,51,92,0.9,0.96,0.04,5,21,0.9,0.7142857142857143,0.2857142857142857,7,4
5,0.7,0.83,227.20000000000005,447,98,182,0,87,False,-1,none,0.3,0.88,0.86,0.55,0.78,0.56,0.7,1.0,0.0,60,93,0.6,0.8333333333333334,0.16666666666666666,7,14,0.9,0.6875,0.3125,3,5
5,0.65,0.75,185.99999999999997,455,85,172,0,68,False,-1,none,0.3,0.75,0.78,0.57,0.68,0.54,0.6571428571428571,1.0,0.0,56,86,0.65,0.8947368421052632,0.10526315789473684,6,20,0.6,0.9,0.1,1,3
5,0.64,0.76,192.99999999999997,454,97,162,0,85,False,-1,none,0.3,0.77,0.8,0.54,0.71,0.53,0.5857142857142857,1.0,0.0,51,80,0.8,0.9090909090909091,0.09090909090909091,2,22,0.7,0.8461538461538461,0.15384615384615385,1,6
5,0.72,0.85,202.40000000000003,445,78,169,0,83,False,-1,none,0.3,0.83,0.76,0.44,0.8,0.49,0.7142857142857143,1.0,0.0,50,97,0.75,0.9583333333333334,0.041666666666666664,3,14,0.7,0.9090909090909091,0.09090909090909091,0,5
5,0.76,0.89,231.39999999999998,441,90,175,0,81,False,-1,none,0.3,0.83,0.8,0.56,0.79,0.56,0.7428571428571429,1.0,0.0,56,95,0.8,0.8260869565217391,0.17391304347826086,6,11,0.8,0.5714285714285714,0.42857142857142855,4,3
5,0.64,0.74,197.6,456,101,152,0,78,False,-1,none,0.3,0.78,0.77,0.49,0.74,0.49,0.6428571428571429,1.0,0.0,49,89,0.6,0.5625,0.4375,2,10,0.7,0.7692307692307693,0.23076923076923078,1,1
5,0.71,0.86,219.33999999999992,444,107,176,0,81,True,1,Slow,0.3,0.86,0.86,0.54,0.85,0.58,0.6428571428571429,1.0,0.0,50,101,0.95,0.6153846153846154,0.38461538461538464,11,11,0.7,0.6666666666666666,0.3333333333333333,0,3
5,0.66,0.8,203.00000000000003,450,107,152,0,76,False,-1,none,0.3,0.79,0.79,0.52,0.74,0.55,0.6571428571428571,1.0,0.0,38,90,0.65,0.8571428571428571,0.14285714285714285,4,14,0.7,0.6923076923076923,0.3076923076923077,3,3
5,0.7,0.86,234.88000000000002,444,98,165,0,96,True,4,Shigh,0.3,0.82,0.87,0.47,0.77,0.56,0.6428571428571429,1.0,0.0,49,92,0.8,0.6363636363636364,0.36363636363636365,8,15,0.9,0.631578947368421,0.3684210526315789,1,0
5,0.64,0.78,199.8,452,83,158,0,71,False,-1,none,0.3,0.77,0.76,0.42,0.68,0.56,0.6142857142857143,1.0,0.0,46,86,0.65,0.8947368421052632,0.10526315789473684,4,18,0.8,0.75,0.25,2,2
5,0.69,0.83,218.99999999999997,447,93,167,0,72,False,-1,none,0.3,0.8,0.77,0.54,0.77,0.55,0.6142857142857143,1.0,0.0,43,87,0.9,0.7391304347826086,0.2608695652173913,11,18,0.8,0.7647058823529411,0.23529411764705882,3,5
5,0.63,0.74,179.20000000000002,456,106,153,0,82,False,-1,none,0.3,0.79,0.82,0.49,0.74,0.49,0.6,1.0,0.0,45,89,0.65,0.8421052631578947,0.15789473684210525,4,13,0.8,1.0,0.0,0,2
5,0.67,0.83,216.4000000000001,447,99,174,0,79,False,-1,none,0.3,0.83,0.82,0.6,0.73,0.58,0.6571428571428571,1.0,0.0,55,94,0.65,0.9473684210526315,0.05263157894736842,2,15,0.8,0.6666666666666666,0.3333333333333333,6,2
5,0.67,0.75,220.00000000000003,455,87,184,0,69,False,-1,none,0.3,0.81,0.78,0.53,0.76,0.58,0.6571428571428571,1.0,0.0,54,92,0.65,0.6666666666666666,0.3333333333333333,10,16,0.8,0.5714285714285714,0.42857142857142855,7,5
5,0.79,0.9,232.60000000000002,440,82,194,0,79,False,-1,none,0.3,0.85,0.86,0.57,0.78,0.6,0.7857142857142857,1.0,0.0,68,100,0.75,0.9047619047619048,0.09523809523809523,4,17,0.9,0.7142857142857143,0.2857142857142857,2,3
5,0.74,0.89,224.40000000000003,441,101,182,0,78,False,-1,none,0.3,0.88,0.88,0.6,0.79,0.57,0.7285714285714285,1.0,0.0,56,101,0.75,0.9565217391304348,0.043478260869565216,4,18,0.8,0.8,0.2,2,1
5,0.71,0.86,226.20000000000002,444,82,176,0,71,False,-1,none,0.3,0.77,0.79,0.57,0.72,0.59,0.6857142857142857,1.0,0.0,56,90,0.65,0.9047619047619048,0.09523809523809523,3,18,1.0,0.7058823529411765,0.29411764705882354,4,5
5,0.66,0.81,207.20000000000002,449,97,168,0,74,False,-1,none,0.3,0.8,0.75,0.6,0.78,0.53,0.6,1.0,0.0,53,88,0.8,0.8636363636363636,0.13636363636363635,6,17,0.8,0.8823529411764706,0.11764705882352941,0,4
5,0.65,0.74,183.60000000000002,456,92,160,0,84,False,-1,none,0.3,0.8,0.73,0.54,0.75,0.44,0.6571428571428571,1.0,0.0,57,85,0.6,0.9411764705882353,0.058823529411764705,2,12,0.7,0.8181818181818182,0.18181818181818182,2,2
5,0.65,0.77,203.00000000000003,453,91,166,0,71,False,-1,none,0.3,0.73,0.78,0.56,0.71,0.56,0.6,1.0,0.0,42,93,0.85,0.8461538461538461,0.15384615384615385,11,15,0.6,0.4444444444444444,0.5555555555555556,2,3
5,0.73,0.87,226.60000000000002,443,87,153,0,73,False,-1,none,0.3,0.78,0.77,0.5,0.75,0.47,0.6714285714285714,1.0,0.0,47,75,0.95,0.7307692307692307,0.2692307692307692,8,18,0.7,0.5714285714285714,0.42857142857142855,3,2
5,0.69,0.84,225.39999999999998,446,90,158,0,88,False,-1,none,0.3,0.81,0.77,0.49,0.78,0.47,0.6714285714285714,1.0,0.0,48,87,0.6,0.9444444444444444,0.05555555555555555,0,15,1.0,0.631578947368421,0.3684210526315789,3,5
5,0.73,0.89,235.6,441,93,173,0,85,False,-1,none,0.3,0.85,0.83,0.55,0.78,0.54,0.7142857142857143,1.0,0.0,56,95,0.7,0.7142857142857143,0.2857142857142857,7,10,0.9,0.6666666666666666,0.3333333333333333,3,2
5,0.65,0.82,193.59999999999997,448,110,163,0,80,False,-1,none,0.3,0.83,0.82,0.53,0.8,0.57,0.6142857142857143,1.0,0.0,52,98,0.75,0.8076923076923077,0.19230769230769232,4,7,0.7,0.6923076923076923,0.3076923076923077,1,1
5,0.67,0.84,208.40000000000003,446,103,173,0,70,True,0,Slow,0.3,0.82,0.83,0.58,0.79,0.58,0.5714285714285714,1.0,0.0,55,90,0.9,0.75,0.25,10,14,0.9,0.5625,0.4375,1,3
5,0.67,0.8,204.20000000000005,450,73,165,0,77,False,-1,none,0.3,0.75,0.76,0.52,0.7,0.45,0.6857142857142857,1.0,0.0,60,82,0.65,0.8636363636363636,0.13636363636363635,7,15,0.6,0.7,0.3,1,0
5,0.67,0.77,212.2,453,98,170,0,80,False,-1,none,0.3,0.77,0.83,0.48,0.81,0.56,0.6,1.0,0.0,51,92,0.85,0.6521739130434783,0.34782608695652173,11,11,0.8,0.5,0.5,2,3
5,0.64,0.8,206.20000000000002,450,93,169,0,68,False,-1,none,0.3,0.8,0.79,0.53,0.69,0.61,0.6,1.0,0.0,53,91,0.7,0.8,0.2,8,12,0.8,0.7777777777777778,0.2222222222222222,2,3
5,0.7,0.88,195.59999999999997,442,119,156,0,77,False,-1,none,0.3,0.83,0.86,0.55,0.81,0.58,0.6428571428571429,1.0,0.0,47,94,0.75,0.88,0.12,0,9,1.0,0.6111111111111112,0.3888888888888889,2,4
5,0.62,0.76,181.20000000000002,454,104,156,0,79,False,-1,none,0.3,0.81,0.7,0.56,0.75,0.54,0.5714285714285714,1.0,0.0,38,90,0.75,0.8695652173913043,0.13043478260869565,5,17,0.7,0.8461538461538461,0.15384615384615385,1,5
5,0.63,0.76,184.80000000000004,454,104,159,0,71,False,-1,none,0.3,0.79,0.77,0.52,0.75,0.56,0.5857142857142857,1.0,0.0,42,90,0.8,0.782608695652174,0.21739130434782608,6,16,0.6,0.6363636363636364,0.36363636363636365,1,4
5,0.69,0.79,220.20000000000005,451,97,167,0,97,False,-1,none,0.3,0.83,0.84,0.5,0.77,0.49,0.6714285714285714,1.0,0.0,50,86,0.6,0.7857142857142857,0.21428571428571427,8,13,1.0,0.6111111111111112,0.3888888888888889,5,5
5,0.71,0.84,207.60000000000002,446,105,180,0,76,False,-1,none,0.3,0.87,0.82,0.59,0.81,0.6,0.7,1.0,0.0,53,107,0.75,0.92,0.08,2,16,0.7,0.8,0.2,0,2
5,0.75,0.86,238.4,444,106,192,0,76,False,-1,none,0.3,0.88,0.89,0.63,0.85,0.59,0.7142857142857143,1.0,0.0,60,98,0.8,0.8571428571428571,0.14285714285714285,8,16,0.9,0.6,0.4,4,6
5,0.63,0.75,200.8,455,98,146,0,76,False,-1,none,0.3,0.75,0.7,0.52,0.71,0.51,0.6,1.0,0.0,33,84,0.6,0.8947368421052632,0.10526315789473684,4,13,0.9,0.7142857142857143,0.2857142857142857,8,4
5,0.68,0.86,230.60000000000002,444,106,165,0,73,False,-1,none,0.3,0.81,0.81,0.57,0.77,0.61,0.6142857142857143,1.0,0.0,36,93,0.8,0.96,0.04,4,21,0.9,0.6666666666666666,0.3333333333333333,5,6
5,0.67,0.79,216.8,451,90,164,0,82,False,-1,none,0.3,0.77,0.78,0.51,0.75,0.52,0.6285714285714286,1.0,0.0,45,90,0.85,0.75,0.25,11,15,0.6,0.6363636363636364,0.36363636363636365,1,2
5,0.69,0.82,217.79999999999998,448,98,178,0,67,False,-1,none,0.3,0.81,0.82,0.62,0.75,0.58,0.6285714285714286,1.0,0.0,53,89,0.9,0.9259259259259259,0.07407407407407407,6,23,0.7,0.7272727272727273,0.2727272727272727,4,3
5,0.64,0.78,206.2,452,94,159,0,74,False,-1,none,0.3,0.74,0.8,0.53,0.73,0.51,0.6142857142857143,1.0,0.0,40,95,0.6,0.8888888888888888,0.1111111111111111,7,12,0.9,0.7647058823529411,0.23529411764705882,3,2
5,0.65,0.76,199.4,454,114,160,0,85,False,-1,none,0.3,0.85,0.83,0.52,0.73,0.57,0.5857142857142857,1.0,0.0,48,89,0.8,0.85,0.15,7,12,0.8,0.7333333333333333,0.26666666666666666,2,2
5,0.67,0.81,210.0,449,91,178,0,70,False,-1,none,0.3,0.82,0.8,0.53,0.77,0.58,0.6428571428571429,1.0,0.0,49,94,0.7,0.95,0.05,4,18,0.8,0.75,0.25,4,9
5,0.67,0.79,204.00000000000003,451,96,167,0,78,False,-1,none,0.3,0.78,0.82,0.52,0.73,0.57,0.6571428571428571,1.0,0.0,53,90,0.65,1.0,0.0,3,16,0.8,0.6666666666666666,0.3333333333333333,1,4
5,0.66,0.77,199.49999999999997,453,110,155,0,68,True,4,Shigh,0.3,0.79,0.78,0.62,0.69,0.54,0.6571428571428571,1.0,0.0,50,83,0.65,0.7222222222222222,0.2777777777777778,10,11,0.7,0.8461538461538461,0.15384615384615385,0,1
6,0.63,0.87,162.72000000000003,443,149,117,0,77,True,1,Slow,0.3,0.83,0.83,0.54,0.78,0.55,0.5428571428571428,1.0,0.0,15,91,0.85,0.7407407407407407,0.25925925925925924,2,6,0.8,0.6666666666666666,0.3333333333333333,2,1
6,0.69,0.9,208.79999999999995,440,100,162,0,73,False,-1,none,0.3,0.82,0.83,0.58,0.78,0.51,0.5857142857142857,1.0,0.0,51,84,0.9,0.7692307692307693,0.23076923076923078,6,15,1.0,0.6818181818181818,0.3181818181818182,3,3
6,0.74,0.89,218.0,441,84,180,0,82,False,-1,none,0.3,0.79,0.82,0.57,0.78,0.57,0.7,1.0,0.0,57,95,0.85,0.8,0.2,9,15,0.8,0.6666666666666666,0.3333333333333333,1,3
6,0.71,0.84,194.48,446,73,177,0,76,True,0,Slow,0.3,0.8,0.76,0.49,0.76,0.53,0.7,1.0,0.0,55,92,0.7,0.8095238095238095,0.19047619047619047,7,17,0.8,0.7857142857142857,0.21428571428571427,1,5
6,0.63,0.77,200.87999999999997,453,89,194,0,75,True,0,Slow,0.3,0.82,0.8,0.52,0.83,0.63,0.5428571428571428,1.0,0.0,45,100,0.8,0.8461538461538461,0.15384615384615385,8,25,0.9,0.6923076923076923,0.3076923076923077,8,8
6,0.69,0.84,206.6,446,93,182,0,71,True,0,Slow,0.3,0.82,0.82,0.64,0.81,0.5,0.6571428571428571,1.0,0.0,53,91,0.7,0.7272727272727273,0.2727272727272727,10,16,0.9,0.5,0.5,8,4
6,0.7,0.79,195.79999999999995,451,77,176,0,73,False,-1,none,0.3,0.77,0.77,0.52,0.71,0.55,0.7,1.0,0.0,57,92,0.7,0.7894736842105263,0.21052631578947367,8,14,0.7,0.7272727272727273,0.2727272727272727,1,4
6,0.74,0.88,206.99999999999991,442,82,170,0,85,False,-1,none,0.3,0.82,0.79,0.53,0.78,0.48,0.6714285714285714,1.0,0.0,54,90,0.95,0.9259259259259259,0.07407407407407407,3,19,0.8,0.7142857142857143,0.2857142857142857,3,1
6,0.64,0.8,184.0,450,89,182,0,64,False,-1,none,0.3,0.79,0.8,0.62,0.81,0.49,0.6428571428571429,1.0,0.0,59,91,0.55,0.85,0.15,7,17,0.8,0.7857142857142857,0.21428571428571427,5,3
6,0.66,0.85,182.20000000000002,445,90,155,0,70,False,-1,none,0.3,0.76,0.77,0.53,0.71,0.53,0.6285714285714286,1.0,0.0,42,89,0.8,0.9310344827586207,0.06896551724137931,3,16,0.6,0.6363636363636364,0.36363636363636365,2,3
6,0.62,0.75,188.39999999999995,455,86,169,0,75,False,-1,none,0.3,0.77,0.79,0.53,0.74,0.47,0.6,1.0,0.0,56,85,0.65,0.85,0.15,8,15,0.7,0.8461538461538461,0.15384615384615385,1,4
6,0.7,0.85,218.39999999999992,445,90,165,0,75,False,-1,none,0.3,0.8,0.82,0.56,0.7,0.52,0.6285714285714286,1.0,0.0,48,82,0.85,0.92,0.08,6,20,0.9,0.6875,0.3125,3,6
6,0.63,0.77,196.19999999999996,453,83,170,0,65,False,-1,none,0.3,0.76,0.76,0.48,0.72,0.58,0.6,1.0,0.0,51,93,0.7,0.782608695652174,0.21739130434782608,5,14,0.7,0.6666666666666666,0.3333333333333333,4,3
6,0.65,0.75,179.39999999999995,455,98,167,0,80,False,-1,none,0.3,0.81,0.82,0.46,0.77,0.54,0.6428571428571429,1.0,0.0,50,94,0.65,0.95,0.05,4,15,0.7,0.6,0.4,3,1
6,0.7,0.83,226.99999999999997,447,91,184,0,82,False,-1,none,0.3,0.82,0.83,0.6,0.77,0.56,0.6285714285714286,1.0,0.0,59,89,0.8,0.8333333333333334,0.16666666666666666,7,19,1.0,0.6666666666666666,0.3333333333333333,5,5
6,0.68,0.79,190.19999999999996,451,84,164,0,73,False,-1,none,0.3,0.79,0.77,0.53,0.68,0.5,0.6857142857142857,1.0,0.0,56,84,0.65,0.8947368421052632,0.10526315789473684,3,17,0.7,0.6666666666666666,0.3333333333333333,3,1
6,0.64,0.74,188.99999999999997,456,86,171,0,74,False,-1,none,0.3,0.77,0.76,0.56,0.7,0.52,0.5857142857142857,1.0,0.0,51,88,0.75,0.9,0.1,6,16,0.8,0.6923076923076923,0.3076923076923077,5,5
6,0.78,0.91,207.59999999999994,439,83,184,0,82,False,-1,none,0.3,0.82,0.84,0.57,0.82,0.53,0.7571428571428571,1.0,0.0,59,97,0.75,1.0,0.0,0,20,1.0,0.8823529411764706,0.11764705882352941,0,8
6,0.66,0.73,172.19999999999993,457,74,173,0,75,False,-1,none,0.3,0.73,0.72,0.49,0.77,0.49,0.6714285714285714,1.0,0.0,51,91,0.65,0.8947368421052632,0.10526315789473684,6,19,0.6,0.7142857142857143,0.2857142857142857,2,4
6,0.74,0.92,222.5999999999999,438,82,173,0,63,False,-1,none,0.3,0.79,0.78,0.57,0.78,0.55,0.6714285714285714,1.0,0.0,46,90,0.9,0.8571428571428571,0.14285714285714285,7,17,0.9,0.6875,0.3125,7,6
6,0.74,0.88,191.16,442,93,186,0,78,True,0,Slow,0.3,0.84,0.84,0.61,0.78,0.6,0.7428571428571429,1.0,0.0,58,101,0.7,0.9130434782608695,0.08695652173913043,4,18,0.8,0.7692307692307693,0.23076923076923078,2,3
6,0.65,0.8,213.59999999999997,450,90,178,0,67,False,-1,none,0.3,0.78,0.76,0.62,0.78,0.54,0.5714285714285714,1.0,0.0,45,90,0.85,0.84,0.16,10,21,0.8,0.6666666666666666,0.3333333333333333,7,5
6,0.7,0.85,213.6,445,81,173,0,66,True,0,Slow,0.3,0.78,0.8,0.52,0.76,0.53,0.6857142857142857,1.0,0.0,50,84,0.7,0.8636363636363636,0.13636363636363635,7,19,0.8,0.5,0.5,7,6
6,0.66,0.8,227.99999999999997,450,75,191,0,79,False,-1,none,0.3,0.79,0.8,0.49,0.78,0.6,0.6142857142857143,1.0,0.0,56,99,0.7,0.6666666666666666,0.3333333333333333,10,16,0.9,0.6842105263157895,0.3157894736842105,6,4
6,0.76,0.86,223.2,444,89,191,0,89,False,-1,none,0.3,0.84,0.84,0.59,0.84,0.55,0.7,1.0,0.0,56,98,0.9,0.8695652173913043,0.13043478260869565,8,16,0.9,0.6428571428571429,0.35714285714285715,7,6
6,0.71,0.89,232.40000000000003,441,102,171,0,83,False,-1,none,0.3,0.86,0.81,0.57,0.82,0.56,0.6428571428571429,1.0,0.0,49,90,0.85,0.7777777777777778,0.2222222222222222,9,18,0.9,0.7058823529411765,0.29411764705882354,1,4
6,0.71,0.85,215.48000000000002,445,96,171,0,73,True,4,Shigh,0.3,0.8,0.8,0.6,0.77,0.55,0.6428571428571429,1.0,0.0,52,91,0.95,0.9,0.1,9,15,0.7,0.8,0.2,2,2
6,0.7,0.86,245.8,444,70,200,0,74,False,-1,none,0.3,0.84,0.79,0.57,0.78,0.58,0.6142857142857143,1.0,0.0,61,90,0.85,0.8888888888888888,0.1111111111111111,9,23,1.0,0.5,0.5,9,8
6,0.72,0.8,179.60000000000002,450,74,176,0,80,False,-1,none,0.3,0.76,0.77,0.53,0.75,0.49,0.7142857142857143,1.0,0.0,62,90,0.7,0.8125,0.1875,6,12,0.8,0.9285714285714286,0.07142857142857142,1,5
6,0.79,0.93,233.60000000000008,437,91,195,0,81,False,-1,none,0.3,0.89,0.85,0.6,0.88,0.57,0.7714285714285715,1.0,0.0,62,97,0.8,0.7619047619047619,0.23809523809523808,9,18,0.9,0.7222222222222222,0.2777777777777778,4,5
6,0.65,0.79,220.16,451,90,153,0,93,True,3,Shigh,0.3,0.79,0.76,0.48,0.7,0.49,0.6,1.0,0.0,49,84,0.65,0.6111111111111112,0.3888888888888889,9,7,1.0,0.6842105263157895,0.3157894736842105,1,3
6,0.65,0.79,215.20000000000005,451,95,186,0,75,False,-1,none,0.3,0.8,0.83,0.58,0.77,0.62,0.6142857142857143,1.0,0.0,50,100,0.75,0.7272727272727273,0.2727272727272727,13,16,0.7,0.8571428571428571,0.14285714285714285,2,5
6,0.65,0.78,216.4,452,86,169,0,82,False,-1,none,0.3,0.83,0.73,0.51,0.74,0.52,0.6285714285714286,1.0,0.0,53,86,0.65,0.7894736842105263,0.21052631578947367,6,19,0.8,0.6666666666666666,0.3333333333333333,3,2
6,0.73,0.92,243.0,438,81,192,0,70,True,4,Shigh,0.3,0.82,0.83,0.53,0.81,0.66,0.6857142857142857,1.0,0.0,57,105,0.8,0.7307692307692307,0.2692307692307692,6,16,0.9,0.6666666666666666,0.3333333333333333,4,4
6,0.75,0.9,236.60000000000008,440,105,173,0,77,False,-1,none,0.3,0.86,0.87,0.55,0.81,0.59,0.7428571428571429,1.0,0.0,51,101,0.75,0.84,0.16,4,12,0.8,0.6153846153846154,0.38461538461538464,2,3
6,0.68,0.78,190.60000000000005,452,89,179,0,64,False,-1,none,0.3,0.79,0.8,0.58,0.72,0.57,0.6714285714285714,1.0,0.0,55,91,0.7,0.6666666666666666,0.3333333333333333,10,17,0.7,0.6923076923076923,0.3076923076923077,2,4
6,0.6,0.74,179.88000000000002,456,82,155,0,79,True,4,Shigh,0.3,0.77,0.74,0.48,0.69,0.43,0.6,1.0,0.0,48,84,0.65,0.8181818181818182,0.18181818181818182,5,12,0.5,0.8,0.2,2,4
6,0.75,0.95,231.48000000000005,435,85,193,0,87,True,2,Slow,0.3,0.86,0.87,0.55,0.81,0.64,0.7,1.0,0.0,58,96,0.85,0.9259259259259259,0.07407407407407407,6,22,0.9,0.7368421052631579,0.2631578947368421,4,7
6,0.57,0.62,157.6,468,89,168,0,76,False,-1,none,0.3,0.73,0.78,0.43,0.7,0.55,0.5857142857142857,1.0,0.0,54,98,0.55,0.8666666666666667,0.13333333333333333,4,11,0.5,0.6666666666666666,0.3333333333333333,0,1
6,0.69,0.8,212.00000000000006,450,81,195,0,79,False,-1,none,0.3,0.82,0.79,0.53,0.82,0.6,0.6714285714285714,1.0,0.0,57,102,0.8,0.782608695652174,0.21739130434782608,8,23,0.6,0.7,0.3,1,4
6,0.68,0.79,189.20000000000005,451,101,177,0,78,False,-1,none,0.3,0.85,0.81,0.55,0.8,0.56,0.6714285714285714,1.0,0.0,60,95,0.75,0.9523809523809523,0.047619047619047616,3,15,0.6,0.8181818181818182,0.18181818181818182,1,3
6,0.63,0.78,214.8,452,98,153,0,81,False,-1,none,0.3,0.78,0.78,0.48,0.73,0.52,0.5428571428571428,1.0,0.0,37,85,0.8,0.6521739130434783,0.34782608695652173,14,11,0.9,0.7647058823529411,0.23529411764705882,3,3
6,0.71,0.83,216.40000000000003,447,94,182,0,81,False,-1,none,0.3,0.84,0.84,0.58,0.81,0.52,0.6857142857142857,1.0,0.0,64,89,0.75,0.8571428571428571,0.14285714285714285,5,15,0.8,0.7857142857142857,0.21428571428571427,3,6
6,0.71,0.85,231.20000000000002,445,98,162,0,95,False,-1,none,0.3,0.81,0.83,0.51,0.76,0.54,0.6857142857142857,1.0,0.0,46,94,0.8,0.6818181818181818,0.3181818181818182,6,10,0.7,0.7333333333333333,0.26666666666666666,3,3
6,0.69,0.83,199.0,447,78,166,0,58,False,-1,none,0.3,0.75,0.73,0.57,0.72,0.5,0.6857142857142857,1.0,0.0,57,90,0.8,0.88,0.12,2,15,0.5,0.6,0.4,1,1
6,0.62,0.76,203.2,454,96,161,0,77,True,4,Shigh,0.3,0.77,0.8,0.55,0.67,0.54,0.5857142857142857,1.0,0.0,43,89,0.7,0.7727272727272727,0.22727272727272727,10,12,0.7,0.6923076923076923,0.3076923076923077,5,2
6,0.66,0.76,214.0,454,95,164,0,75,False,-1,none,0.3,0.79,0.77,0.55,0.75,0.49,0.6285714285714286,1.0,0.0,48,86,0.65,0.7777777777777778,0.2222222222222222,5,14,0.9,0.6428571428571429,0.35714285714285715,5,6
6,0.67,0.78,201.32000000000002,452,103,186,0,73,True,2,Slow,0.3,0.82,0.84,0.55,0.79,0.67,0.6428571428571429,1.0,0.0,46,107,0.7,0.8571428571428571,0.14285714285714285,6,19,0.8,0.6666666666666666,0.3333333333333333,3,5
6,0.73,0.86,221.80000000000004,444,79,173,0,87,False,-1,none,0.3,0.75,0.83,0.48,0.76,0.56,0.7142857142857143,1.0,0.0,53,91,0.7,0.8695652173913043,0.13043478260869565,6,20,0.9,0.7692307692307693,0.23076923076923078,1,2
6,0.67,0.85,200.76000000000005,445,89,172,0,79,True,1,Slow,0.3,0.79,0.83,0.53,0.75,0.56,0.6571428571428571,1.0,0.0,50,94,0.65,0.9565217391304348,0.043478260869565216,2,15,0.8,0.6875,0.3125,4,7
6,0.63,0.74,210.20000000000002,456,92,166,0,68,False,-1,none,0.3,0.79,0.75,0.55,0.7,0.53,0.5571428571428572,1.0,0.0,48,79,0.85,0.8095238095238095,0.19047619047619047,5,21,0.7,0.5714285714285714,0.42857142857142855,9,4
6,0.7,0.89,229.98000000000002,441,95,174,0,77,True,3,Shigh,0.3,0.85,0.84,0.58,0.74,0.57,0.6285714285714286,1.0,0.0,54,93,0.85,0.8214285714285714,0.17857142857142858,8,13,0.9,0.7058823529411765,0.29411764705882354,2,4
6,0.69,0.83,198.17999999999998,447,75,204,0,63,True,0,Slow,0.3,0.81,0.81,0.54,0.76,0.7,0.6571428571428571,1.0,0.0,63,100,0.75,0.9090909090909091,0.09090909090909091,6,24,0.8,0.8,0.2,2,9
6,0.71,0.81,221.40000000000003,449,87,183,0,89,False,-1,none,0.3,0.77,0.83,0.59,0.8,0.52,0.7142857142857143,1.0,0.0,60,98,0.75,0.7619047619047619,0.23809523809523808,9,14,0.6,0.7,0.3,0,2
6,0.77,0.86,211.00000000000003,444,87,190,0,72,False,-1,none,0.3,0.82,0.82,0.62,0.75,0.62,0.7857142857142857,1.0,0.0,63,102,0.75,0.9047619047619048,0.09523809523809523,4,18,0.7,0.9,0.1,1,2
6,0.72,0.85,222.40000000000003,445,82,186,0,72,False,-1,none,0.3,0.83,0.82,0.57,0.78,0.53,0.6714285714285714,1.0,0.0,58,89,0.9,0.8846153846153846,0.11538461538461539,8,22,0.7,0.75,0.25,3,6
6,0.63,0.72,188.40000000000003,458,87,180,0,71,False,-1,none,0.3,0.79,0.76,0.56,0.77,0.51,0.6428571428571429,1.0,0.0,59,96,0.65,0.9545454545454546,0.045454545454545456,0,19,0.5,0.2,0.8,4,2
6,0.71,0.84,220.4,446,90,192,0,74,False,-1,none,0.3,0.81,0.83,0.63,0.8,0.59,0.6714285714285714,1.0,0.0,57,99,0.8,0.875,0.125,9,16,0.8,0.7692307692307693,0.23076923076923078,5,6
6,0.74,0.87,230.80000000000004,443,96,178,0,79,False,-1,none,0.3,0.88,0.84,0.68,0.79,0.42,0.7,1.0,0.0,59,82,0.85,0.9090909090909091,0.09090909090909091,4,22,0.8,0.6875,0.3125,6,5
6,0.67,0.78,198.20000000000002,452,98,178,0,66,False,-1,none,0.3,0.82,0.81,0.58,0.8,0.53,0.6428571428571429,1.0,0.0,47,99,0.7,0.8947368421052632,0.10526315789473684,5,19,0.8,0.8571428571428571,0.14285714285714285,2,6
6,0.7,0.82,225.6,448,74,176,0,83,False,-1,none,0.3,0.77,0.76,0.52,0.74,0.53,0.6571428571428571,1.0,0.0,50,86,0.9,0.8,0.2,14,22,0.6,0.7272727272727273,0.2727272727272727,0,4
6,0.61,0.67,196.39999999999995,463,81,163,0,74,False,-1,none,0.3,0.73,0.73,0.48,0.69,0.48,0.5571428571428572,1.0,0.0,45,85,0.7,0.7894736842105263,0.21052631578947367,10,12,0.8,0.4444444444444444,0.5555555555555556,7,4
6,0.68,0.78,197.20000000000002,452,89,179,0,84,False,-1,none,0.3,0.8,0.84,0.53,0.81,0.48,0.6571428571428571,1.0,0.0,56,99,0.65,1.0,0.0,1,16,0.9,0.7333333333333333,0.26666666666666666,2,5
6,0.73,0.87,253.20000000000005,443,86,190,0,77,False,-1,none,0.3,0.86,0.87,0.56,0.79,0.55,0.6857142857142857,1.0,0.0,59,91,0.85,0.7777777777777778,0.2222222222222222,11,18,0.8,0.4166666666666667,0.5833333333333334,10,1
6,0.72,0.86,244.2,444,83,198,0,73,False,-1,none,0.3,0.86,0.85,0.54,0.8,0.62,0.6428571428571429,1.0,0.0,62,94,0.9,0.7692307692307693,0.23076923076923078,13,18,0.9,0.6666666666666666,0.3333333333333333,4,7
6,0.59,0.68,200.39999999999998,462,95,172,0,80,False,-1,none,0.3,0.73,0.78,0.56,0.73,0.55,0.5714285714285714,1.0,0.0,52,93,0.65,0.6470588235294118,0.35294117647058826,10,12,0.6,0.6363636363636364,0.36363636363636365,1,4
7,0.76,1.0,192.00000000000006,430,111,147,0,92,False,-1,none,0.3,0.83,0.88,0.51,0.78,0.58,0.7714285714285715,1.0,0.0,37,100,0.7,0.782608695652174,0.21739130434782608,0,10,0.8,0.6666666666666666,0.3333333333333333,0,0
7,0.59,0.82,190.79999999999995,448,100,152,0,81,False,-1,none,0.3,0.79,0.76,0.56,0.71,0.52,0.5142857142857142,1.0,0.0,38,86,0.8,0.75,0.25,10,14,0.7,0.7058823529411765,0.29411764705882354,1,3
7,0.69,0.87,202.0,443,103,179,0,56,False,-1,none,0.3,0.83,0.84,0.6,0.79,0.63,0.6857142857142857,1.0,0.0,53,104,0.6,0.9090909090909091,0.09090909090909091,2,13,0.9,0.7058823529411765,0.29411764705882354,3,4
7,0.62,0.76,184.80000000000004,454,90,156,0,73,False,-1,none,0.3,0.77,0.75,0.5,0.73,0.47,0.6,1.0,0.0,51,80,0.55,1.0,0.0,0,16,0.9,0.7647058823529411,0.23529411764705882,3,6
7,0.64,0.73,184.79999999999995,457,110,176,0,86,False,-1,none,0.3,0.87,0.81,0.54,0.82,0.55,0.6142857142857143,1.0,0.0,52,96,0.7,1.0,0.0,0,22,0.7,0.8333333333333334,0.16666666666666666,2,4
7,0.68,0.87,227.39999999999998,443,106,157,0,80,False,-1,none,0.3,0.81,0.8,0.56,0.75,0.58,0.6,1.0,0.0,45,87,0.8,0.8518518518518519,0.14814814814814814,1,15,1.0,0.5,0.5,2,7
7,0.63,0.81,206.59999999999994,449,97,147,0,70,False,-1,none,0.3,0.76,0.76,0.52,0.7,0.51,0.5428571428571428,1.0,0.0,47,82,0.8,0.8461538461538461,0.15384615384615385,5,8,0.9,0.5294117647058824,0.47058823529411764,1,4
7,0.61,0.78,209.39999999999998,452,118,157,0,72,False,-1,none,0.3,0.8,0.8,0.62,0.8,0.51,0.5142857142857142,1.0,0.0,39,92,0.85,0.6923076923076923,0.3076923076923077,10,11,0.8,0.7333333333333333,0.26666666666666666,3,2
7,0.66,0.78,217.59999999999997,452,97,171,0,79,False,-1,none,0.3,0.79,0.8,0.51,0.78,0.58,0.5857142857142857,1.0,0.0,48,93,0.8,0.6818181818181818,0.3181818181818182,14,11,0.9,0.6666666666666666,0.3333333333333333,2,3
7,0.68,0.84,225.59999999999997,446,102,178,0,81,False,-1,none,0.3,0.83,0.86,0.57,0.82,0.56,0.6428571428571429,1.0,0.0,58,97,0.8,0.84,0.16,6,9,0.7,0.7142857142857143,0.2857142857142857,2,6
7,0.7,0.86,233.87999999999997,444,92,175,0,72,True,0,Slow,0.3,0.79,0.83,0.57,0.77,0.57,0.6285714285714286,1.0,0.0,58,90,0.9,0.72,0.28,9,15,0.8,0.625,0.375,0,3
7,0.7,0.86,259.59999999999997,444,91,162,0,86,False,-1,none,0.3,0.81,0.8,0.52,0.78,0.48,0.6428571428571429,1.0,0.0,50,83,0.8,0.6818181818181818,0.3181818181818182,10,10,0.9,0.5263157894736842,0.47368421052631576,6,3
7,0.65,0.75,224.99999999999997,455,101,166,0,78,False,-1,none,0.3,0.8,0.78,0.6,0.76,0.48,0.6285714285714286,1.0,0.0,58,89,0.75,0.4444444444444444,0.5555555555555556,10,9,0.6,0.7692307692307693,0.23076923076923078,0,0
7,0.65,0.87,246.0,443,71,175,0,72,False,-1,none,0.3,0.77,0.8,0.49,0.73,0.54,0.5857142857142857,1.0,0.0,59,86,0.7,0.9259259259259259,0.07407407407407407,3,16,1.0,0.5789473684210527,0.42105263157894735,7,4
7,0.67,0.81,222.83999999999997,449,79,168,0,87,True,4,Shigh,0.3,0.78,0.77,0.45,0.75,0.53,0.6142857142857143,1.0,0.0,58,87,0.8,0.7391304347826086,0.2608695652173913,5,11,0.8,0.7333333333333333,0.26666666666666666,3,4
7,0.7,0.82,231.59999999999997,448,87,182,0,69,False,-1,none,0.3,0.83,0.77,0.61,0.79,0.51,0.6428571428571429,1.0,0.0,61,85,0.85,0.6818181818181818,0.3181818181818182,11,20,0.8,0.8,0.2,0,5
7,0.63,0.77,220.79999999999995,453,113,167,0,73,False,-1,none,0.3,0.83,0.8,0.58,0.8,0.56,0.6142857142857143,1.0,0.0,52,90,0.6,0.7058823529411765,0.29411764705882354,6,13,0.8,0.7058823529411765,0.29411764705882354,1,5
7,0.68,0.82,199.0,448,80,171,0,82,False,-1,none,0.3,0.78,0.79,0.53,0.73,0.5,0.6714285714285714,1.0,0.0,59,94,0.75,0.7727272727272727,0.22727272727272727,3,9,0.6,0.6666666666666666,0.3333333333333333,2,4
7,0.61,0.74,211.2,456,81,170,0,90,False,-1,none,0.3,0.76,0.76,0.49,0.7,0.54,0.5285714285714286,1.0,0.0,55,89,0.8,0.7272727272727273,0.2727272727272727,9,15,0.8,0.7333333333333333,0.26666666666666666,1,1
7,0.57,0.65,196.19999999999996,465,97,178,0,85,False,-1,none,0.3,0.82,0.77,0.48,0.78,0.55,0.5714285714285714,1.0,0.0,54,95,0.55,0.6153846153846154,0.38461538461538464,11,12,0.6,0.5,0.5,4,2
7,0.66,0.8,221.39999999999998,450,87,178,0,65,False,-1,none,0.3,0.78,0.79,0.55,0.74,0.59,0.6,1.0,0.0,53,97,0.8,0.8181818181818182,0.18181818181818182,9,13,0.8,0.6875,0.3125,2,4
7,0.67,0.84,223.0,446,99,176,0,91,False,-1,none,0.3,0.88,0.78,0.53,0.75,0.65,0.6142857142857143,1.0,0.0,50,95,0.75,0.8260869565217391,0.17391304347826086,7,16,0.9,0.7222222222222222,0.2777777777777778,3,5
7,0.65,0.79,227.99999999999994,451,78,195,0,63,False,-1,none,0.3,0.81,0.8,0.56,0.79,0.56,0.6428571428571429,1.0,0.0,65,102,0.65,0.5789473684210527,0.42105263157894735,12,10,0.7,0.7333333333333333,0.26666666666666666,4,2
7,0.59,0.73,204.59999999999997,457,87,159,0,66,False,-1,none,0.3,0.74,0.7,0.48,0.7,0.57,0.5142857142857142,1.0,0.0,38,90,0.8,0.782608695652174,0.21739130434782608,10,17,0.7,0.7142857142857143,0.2857142857142857,2,2
7,0.57,0.72,202.19999999999993,458,86,169,0,68,False,-1,none,0.3,0.76,0.75,0.56,0.71,0.49,0.5142857142857142,1.0,0.0,58,87,0.7,0.75,0.25,6,13,0.7,0.75,0.25,2,3
7,0.59,0.76,226.19999999999996,454,78,184,0,72,False,-1,none,0.3,0.75,0.77,0.56,0.75,0.55,0.5142857142857142,1.0,0.0,57,87,0.7,0.6956521739130435,0.30434782608695654,10,19,0.9,0.6470588235294118,0.35294117647058826,6,5
7,0.61,0.75,188.39999999999992,455,106,169,0,70,False,-1,none,0.3,0.78,0.8,0.49,0.81,0.62,0.5857142857142857,1.0,0.0,37,105,0.65,0.85,0.15,6,16,0.7,0.5384615384615384,0.46153846153846156,3,2
7,0.68,0.85,238.19999999999996,445,106,174,0,65,False,-1,none,0.3,0.82,0.83,0.62,0.75,0.63,0.5857142857142857,1.0,0.0,56,96,0.9,0.8333333333333334,0.16666666666666666,6,13,0.9,0.65,0.35,1,2
7,0.61,0.77,204.23999999999998,453,95,166,0,72,True,4,Shigh,0.3,0.79,0.8,0.53,0.7,0.56,0.5714285714285714,1.0,0.0,57,93,0.7,0.8181818181818182,0.18181818181818182,5,8,0.7,0.8,0.2,0,3
7,0.68,0.88,220.14,442,102,156,0,74,True,2,Slow,0.3,0.78,0.79,0.59,0.79,0.51,0.6285714285714286,1.0,0.0,52,87,0.8,0.7931034482758621,0.20689655172413793,5,10,0.8,0.8,0.2,0,2
7,0.7,0.83,236.99999999999997,447,100,179,0,78,False,-1,none,0.3,0.84,0.82,0.6,0.81,0.55,0.6285714285714286,1.0,0.0,59,94,0.85,0.76,0.24,8,14,0.9,0.6428571428571429,0.35714285714285715,3,1
7,0.76,0.96,271.8,434,69,207,0,73,False,-1,none,0.3,0.86,0.84,0.65,0.8,0.57,0.7285714285714285,1.0,0.0,79,97,0.85,0.7586206896551724,0.2413793103448276,9,16,0.8,0.625,0.375,4,2
7,0.65,0.81,209.99999999999997,449,98,177,0,64,False,-1,none,0.3,0.78,0.82,0.58,0.75,0.63,0.6285714285714286,1.0,0.0,56,99,0.7,0.8695652173913043,0.13043478260869565,4,11,0.7,0.6428571428571429,0.35714285714285715,3,4
7,0.67,0.82,228.59999999999997,448,74,166,0,68,False,-1,none,0.3,0.68,0.74,0.54,0.72,0.54,0.6428571428571429,1.0,0.0,50,88,0.65,0.6842105263157895,0.3157894736842105,6,11,0.9,0.6111111111111112,0.3888888888888889,6,5
7,0.69,0.86,246.00000000000003,444,87,174,0,78,False,-1,none,0.3,0.8,0.79,0.56,0.79,0.53,0.6,1.0,0.0,58,88,0.85,0.8076923076923077,0.19230769230769232,4,19,1.0,0.6111111111111112,0.3888888888888889,2,3
7,0.68,0.81,228.0,449,71,170,0,78,False,-1,none,0.3,0.76,0.79,0.46,0.75,0.46,0.6857142857142857,1.0,0.0,56,88,0.65,0.7619047619047619,0.23809523809523808,11,11,0.7,0.5833333333333334,0.4166666666666667,3,1
7,0.7,0.83,234.0,447,104,156,0,87,False,-1,none,0.3,0.81,0.82,0.52,0.77,0.51,0.5857142857142857,1.0,0.0,46,82,0.95,0.8461538461538461,0.15384615384615385,8,16,1.0,0.625,0.375,2,2
7,0.7,0.85,227.87999999999997,445,108,177,0,85,True,4,Shigh,0.3,0.85,0.84,0.6,0.86,0.55,0.6285714285714286,1.0,0.0,61,98,0.85,0.7727272727272727,0.22727272727272727,2,10,0.9,0.7894736842105263,0.21052631578947367,1,5
7,0.6,0.74,215.4,456,105,168,0,68,False,-1,none,0.3,0.8,0.79,0.6,0.74,0.54,0.5142857142857142,1.0,0.0,50,91,0.8,0.7272727272727273,0.2727272727272727,7,16,0.8,0.6875,0.3125,1,3
7,0.68,0.84,200.45999999999995,446,78,168,0,70,True,3,Shigh,0.3,0.77,0.76,0.48,0.73,0.56,0.6428571428571429,1.0,0.0,59,88,0.75,0.68,0.32,8,12,0.8,0.8571428571428571,0.14285714285714285,0,1
7,0.61,0.81,216.0,449,102,169,0,73,False,-1,none,0.3,0.81,0.83,0.58,0.74,0.56,0.5857142857142857,1.0,0.0,53,95,0.6,0.8636363636363636,0.13636363636363635,3,12,0.8,0.8333333333333334,0.16666666666666666,2,4
7,0.72,0.91,250.79999999999995,439,87,192,0,75,False,-1,none,0.3,0.85,0.87,0.59,0.81,0.58,0.6714285714285714,1.0,0.0,58,101,0.85,0.7931034482758621,0.20689655172413793,7,20,0.8,0.7333333333333333,0.26666666666666666,4,2
7,0.65,0.82,228.59999999999997,448,77,179,0,67,False,-1,none,0.3,0.75,0.75,0.59,0.71,0.58,0.6,1.0,0.0,57,91,0.7,0.85,0.15,4,15,0.9,0.7,0.3,6,6
7,0.67,0.78,229.2,452,94,174,0,84,False,-1,none,0.3,0.79,0.81,0.54,0.76,0.56,0.6285714285714286,1.0,0.0,56,92,0.7,0.5294117647058824,0.47058823529411764,11,12,0.9,0.6470588235294118,0.35294117647058826,1,2
7,0.62,0.78,210.39999999999998,452,99,144,0,69,False,-1,none,0.3,0.73,0.74,0.51,0.71,0.52,0.5142857142857142,1.0,0.0,39,74,0.85,0.8260869565217391,0.17391304347826086,6,17,0.9,0.6842105263157895,0.3157894736842105,2,6
7,0.67,0.82,232.19999999999996,448,92,178,0,58,False,-1,none,0.3,0.77,0.81,0.61,0.76,0.57,0.6285714285714286,1.0,0.0,58,93,0.75,0.7777777777777778,0.2222222222222222,10,14,0.8,0.5454545454545454,0.45454545454545453,0,3
7,0.6,0.74,209.39999999999995,456,87,176,0,73,False,-1,none,0.3,0.75,0.78,0.5,0.74,0.6,0.5285714285714286,1.0,0.0,46,93,0.8,0.782608695652174,0.21739130434782608,12,17,0.7,0.7142857142857143,0.2857142857142857,2,6
7,0.69,0.87,231.19999999999996,443,97,180,0,71,False,-1,none,0.3,0.83,0.8,0.66,0.78,0.57,0.6571428571428571,1.0,0.0,52,97,0.8,0.8076923076923077,0.19230769230769232,11,15,0.7,0.6666666666666666,0.3333333333333333,2,3
7,0.6,0.73,218.99999999999997,457,97,167,0,68,False,-1,none,0.3,0.77,0.79,0.51,0.75,0.55,0.5571428571428572,1.0,0.0,51,92,0.65,0.7058823529411765,0.29411764705882354,4,9,0.8,0.5294117647058824,0.47058823529411764,6,5
7,0.62,0.75,208.19999999999993,455,86,185,0,79,False,-1,none,0.3,0.79,0.81,0.49,0.82,0.55,0.5714285714285714,1.0,0.0,61,94,0.75,0.7272727272727273,0.2727272727272727,9,15,0.7,0.7692307692307693,0.23076923076923078,3,3
7,0.74,0.84,224.99999999999997,446,85,189,0,72,False,-1,none,0.3,0.84,0.81,0.67,0.73,0.53,0.7285714285714285,1.0,0.0,74,94,0.85,0.8260869565217391,0.17391304347826086,5,13,0.6,0.7,0.3,3,0
7,0.65,0.74,203.99999999999997,456,83,204,0,69,False,-1,none,0.3,0.82,0.82,0.62,0.8,0.55,0.6428571428571429,1.0,0.0,76,96,0.65,0.8888888888888888,0.1111111111111111,3,19,0.7,0.6363636363636364,0.36363636363636365,5,5
7,0.7,0.83,201.39999999999998,447,92,154,0,71,False,-1,none,0.3,0.78,0.78,0.46,0.71,0.56,0.6285714285714286,1.0,0.0,47,86,0.8,0.9473684210526315,0.05263157894736842,4,11,1.0,0.8,0.2,1,5
7,0.68,0.76,197.79999999999998,454,96,166,0,77,False,-1,none,0.3,0.82,0.82,0.53,0.75,0.46,0.7,1.0,0.0,55,88,0.7,0.75,0.25,8,13,0.5,0.7142857142857143,0.2857142857142857,0,2
7,0.67,0.84,225.12,446,86,178,0,87,True,2,Slow,0.3,0.81,0.83,0.52,0.8,0.52,0.6714285714285714,1.0,0.0,54,99,0.65,0.6666666666666666,0.3333333333333333,7,12,0.7,0.8125,0.1875,1,5
7,0.71,0.91,267.0,439,80,184,0,75,False,-1,none,0.3,0.82,0.83,0.55,0.81,0.54,0.6,1.0,0.0,61,91,0.95,0.7666666666666667,0.23333333333333334,7,16,1.0,0.5789473684210527,0.42105263157894735,4,5
7,0.64,0.78,213.59999999999997,452,88,171,0,68,False,-1,none,0.3,0.77,0.76,0.61,0.73,0.5,0.6142857142857143,1.0,0.0,60,84,0.7,0.7727272727272727,0.22727272727272727,6,14,0.7,0.7692307692307693,0.23076923076923078,2,5
7,0.58,0.65,191.39999999999995,465,87,162,0,86,False,-1,none,0.3,0.76,0.78,0.51,0.68,0.41,0.5857142857142857,1.0,0.0,61,80,0.55,0.42857142857142855,0.5714285714285714,10,5,0.6,0.7,0.3,3,3
7,0.65,0.8,232.79999999999995,450,84,177,0,59,False,-1,none,0.3,0.78,0.78,0.55,0.76,0.54,0.5428571428571428,1.0,0.0,54,86,0.9,0.8461538461538461,0.15384615384615385,7,18,0.9,0.5,0.5,7,5
7,0.63,0.79,223.2,451,89,169,0,83,False,-1,none,0.3,0.78,0.82,0.48,0.79,0.5,0.5857142857142857,1.0,0.0,56,94,0.65,0.9,0.1,3,11,0.9,0.5555555555555556,0.4444444444444444,4,1
7,0.72,0.92,254.99999999999994,438,82,194,0,67,False,-1,none,0.3,0.83,0.85,0.6,0.84,0.56,0.6571428571428571,1.0,0.0,70,94,0.85,0.76,0.24,6,17,0.9,0.7619047619047619,0.23809523809523808,3,4
7,0.63,0.78,232.79999999999995,452,100,179,0,73,False,-1,none,0.3,0.84,0.81,0.58,0.77,0.57,0.5428571428571428,1.0,0.0,60,89,0.8,0.6818181818181818,0.3181818181818182,10,16,0.9,0.6111111111111112,0.3888888888888889,3,1
7,0.72,0.93,240.0,437,85,189,0,68,False,-1,none,0.3,0.86,0.83,0.59,0.81,0.58,0.6714285714285714,1.0,0.0,55,100,0.9,0.8666666666666667,0.13333333333333333,7,22,0.7,0.875,0.125,0,5
7,0.7,0.86,234.00000000000006,444,88,177,0,79,False,-1,none,0.3,0.81,0.81,0.53,0.79,0.57,0.6714285714285714,1.0,0.0,56,93,0.75,0.875,0.125,4,15,0.8,0.5333333333333333,0.4666666666666667,5,4
7,0.7,0.89,235.80000000000004,441,81,180,0,75,False,-1,none,0.3,0.83,0.83,0.53,0.77,0.54,0.6571428571428571,1.0,0.0,63,90,0.85,0.84,0.16,4,20,0.7,0.8333333333333334,0.16666666666666666,0,3
7,0.72,0.89,224.76,441,82,169,0,90,True,1,Slow,0.3,0.78,0.83,0.49,0.79,0.51,0.7,1.0,0.0,58,91,0.75,0.6956521739130435,0.30434782608695654,5,11,0.8,0.75,0.25,2,2
8,0.74,0.99,193.60000000000008,431,128,155,0,83,False,-1,none,0.3,0.89,0.91,0.59,0.85,0.58,0.6857142857142857,1.0,0.0,42,101,0.85,0.75,0.25,4,6,0.9,0.7368421052631579,0.2631578947368421,0,2
8,0.69,0.83,188.99999999999997,447,93,165,0,69,False,-1,none,0.3,0.76,0.75,0.48,0.77,0.65,0.6428571428571429,1.0,0.0,41,96,0.95,0.6785714285714286,0.32142857142857145,13,14,0.5,0.8,0.2,0,1
8,0.72,0.84,208.0,446,110,159,0,82,False,-1,none,0.3,0.82,0.82,0.56,0.76,0.57,0.7142857142857143,1.0,0.0,45,90,0.75,0.6190476190476191,0.38095238095238093,8,10,0.7,0.8461538461538461,0.15384615384615385,3,3
8,0.68,0.79,200.20000000000005,451,110,153,0,78,False,-1,none,0.3,0.8,0.81,0.52,0.77,0.52,0.6428571428571429,1.0,0.0,39,91,0.75,0.7894736842105263,0.21052631578947367,6,12,0.8,0.8666666666666667,0.13333333333333333,2,3
8,0.67,0.77,210.95999999999995,453,75,184,0,74,True,2,Slow,0.3,0.79,0.8,0.51,0.73,0.53,0.6428571428571429,1.0,0.0,56,86,0.65,0.7894736842105263,0.21052631578947367,12,20,0.9,0.6923076923076923,0.3076923076923077,3,7
8,0.68,0.78,206.4,452,98,190,0,69,False,-1,none,0.3,0.85,0.82,0.57,0.82,0.6,0.6571428571428571,1.0,0.0,54,99,0.75,0.9090909090909091,0.09090909090909091,5,26,0.7,0.7,0.3,2,4
8,0.7,0.84,231.00000000000006,446,96,171,0,74,False,-1,none,0.3,0.79,0.79,0.61,0.77,0.55,0.6714285714285714,1.0,0.0,52,89,0.7,0.6875,0.3125,9,12,0.9,0.7142857142857143,0.2857142857142857,4,5
8,0.66,0.86,216.86,444,99,158,0,72,True,4,Shigh,0.3,0.79,0.81,0.54,0.73,0.56,0.6,1.0,0.0,53,89,0.8,0.8461538461538461,0.15384615384615385,2,9,0.8,0.6666666666666666,0.3333333333333333,0,5
8,0.66,0.75,194.59999999999997,455,91,177,0,67,False,-1,none,0.3,0.8,0.79,0.57,0.73,0.54,0.6857142857142857,1.0,0.0,51,100,0.55,0.7142857142857143,0.2857142857142857,7,13,0.7,0.8461538461538461,0.15384615384615385,1,5
8,0.71,0.8,195.20000000000002,450,103,172,0,90,False,-1,none,0.3,0.83,0.82,0.62,0.81,0.47,0.6714285714285714,1.0,0.0,53,89,0.75,0.9444444444444444,0.05555555555555555,2,20,0.9,0.8666666666666667,0.13333333333333333,1,7
8,0.66,0.76,202.60000000000002,454,91,167,0,86,False,-1,none,0.3,0.8,0.78,0.45,0.78,0.53,0.6428571428571429,1.0,0.0,48,95,0.7,0.85,0.15,5,11,0.7,0.5454545454545454,0.45454545454545453,5,3
8,0.72,0.83,205.40000000000003,447,73,175,0,84,False,-1,none,0.3,0.78,0.8,0.46,0.74,0.53,0.7428571428571429,1.0,0.0,58,98,0.7,0.7619047619047619,0.23809523809523808,6,11,0.6,1.0,0.0,0,2
8,0.8,0.96,250.20000000000005,434,96,194,0,74,False,-1,none,0.3,0.9,0.88,0.6,0.87,0.61,0.7714285714285715,1.0,0.0,60,101,0.9,0.8076923076923077,0.19230769230769232,6,23,0.8,0.75,0.25,2,2
8,0.61,0.72,193.6,458,117,168,0,68,False,-1,none,0.3,0.81,0.77,0.62,0.78,0.59,0.5857142857142857,1.0,0.0,51,98,0.7,0.7,0.3,6,10,0.6,0.8181818181818182,0.18181818181818182,3,0
8,0.71,0.86,227.00000000000003,444,85,180,0,69,False,-1,none,0.3,0.79,0.82,0.55,0.79,0.56,0.6571428571428571,1.0,0.0,53,95,0.75,0.7894736842105263,0.21052631578947367,6,14,1.0,0.8095238095238095,0.19047619047619047,5,7
8,0.65,0.83,220.60000000000002,447,91,172,0,79,False,-1,none,0.3,0.81,0.82,0.54,0.77,0.52,0.5571428571428572,1.0,0.0,47,93,0.9,0.8214285714285714,0.17857142857142858,10,12,0.8,0.75,0.25,5,5
8,0.69,0.85,210.00000000000006,445,90,163,0,77,False,-1,none,0.3,0.8,0.77,0.54,0.74,0.53,0.6571428571428571,1.0,0.0,50,85,0.8,0.8846153846153846,0.11538461538461539,8,15,0.7,0.8461538461538461,0.15384615384615385,1,4
8,0.68,0.79,214.0,451,109,153,0,84,False,-1,none,0.3,0.8,0.8,0.52,0.77,0.52,0.6571428571428571,1.0,0.0,47,88,0.65,0.7368421052631579,0.2631578947368421,4,11,0.9,0.6428571428571429,0.35714285714285715,2,1
8,0.71,0.86,225.0,444,90,185,0,64,False,-1,none,0.3,0.83,0.83,0.59,0.76,0.6,0.7,1.0,0.0,60,95,0.75,0.875,0.125,2,17,0.7,0.5384615384615384,0.46153846153846156,5,6
8,0.67,0.78,170.8,452,117,166,0,64,False,-1,none,0.3,0.77,0.81,0.56,0.8,0.67,0.6285714285714286,1.0,0.0,48,98,0.85,0.9090909090909091,0.09090909090909091,5,10,0.6,0.9166666666666666,0.08333333333333333,1,4
8,0.68,0.77,220.2,453,92,181,0,70,False,-1,none,0.3,0.8,0.78,0.58,0.78,0.56,0.6571428571428571,1.0,0.0,51,90,0.8,0.65,0.35,15,20,0.6,0.5454545454545454,0.45454545454545453,4,1
8,0.7,0.8,227.20000000000002,450,80,171,0,74,False,-1,none,0.3,0.76,0.79,0.55,0.75,0.46,0.6714285714285714,1.0,0.0,62,83,0.65,0.6875,0.3125,9,9,1.0,0.5882352941176471,0.4117647058823529,1,7
8,0.67,0.81,213.00000000000003,449,108,162,0,74,False,-1,none,0.3,0.81,0.79,0.62,0.77,0.52,0.6,1.0,0.0,41,92,0.8,0.782608695652174,0.21739130434782608,12,14,0.9,0.8125,0.1875,2,1
8,0.7,0.81,205.8,449,92,172,0,80,False,-1,none,0.3,0.78,0.82,0.59,0.73,0.53,0.7285714285714285,1.0,0.0,58,91,0.7,0.7894736842105263,0.21052631578947367,7,12,0.5,0.8181818181818182,0.18181818181818182,2,2
8,0.71,0.83,226.20000000000002,447,77,159,0,76,False,-1,none,0.3,0.76,0.74,0.54,0.7,0.45,0.6571428571428571,1.0,0.0,46,76,0.85,0.6818181818181818,0.3181818181818182,14,16,0.8,0.8,0.2,4,3
8,0.68,0.79,204.79999999999998,451,89,174,0,78,False,-1,none,0.3,0.81,0.8,0.53,0.75,0.53,0.6714285714285714,1.0,0.0,55,93,0.65,0.8888888888888888,0.1111111111111111,6,12,0.8,0.5714285714285714,0.42857142857142855,3,5
8,0.66,0.83,209.20000000000005,447,88,165,0,74,False,-1,none,0.3,0.8,0.77,0.49,0.75,0.55,0.6,1.0,0.0,43,93,0.8,0.8,0.2,10,15,0.8,0.875,0.125,1,3
8,0.66,0.85,230.4,445,97,153,0,70,True,3,Shigh,0.3,0.78,0.77,0.54,0.73,0.53,0.5857142857142857,1.0,0.0,45,86,0.8,0.7692307692307693,0.23076923076923078,7,10,0.9,0.6111111111111112,0.3888888888888889,2,3
8,0.62,0.8,230.4,450,81,172,0,67,False,-1,none,0.3,0.79,0.75,0.52,0.71,0.56,0.5714285714285714,1.0,0.0,48,88,0.75,0.76,0.24,12,13,0.7,0.5333333333333333,0.4666666666666667,6,5
8,0.72,0.86,228.60000000000002,444,86,179,0,74,False,-1,none,0.3,0.81,0.75,0.69,0.72,0.54,0.7,1.0,0.0,63,92,0.75,0.7916666666666666,0.20833333333333334,10,10,0.8,0.6923076923076923,0.3076923076923077,0,4
8,0.66,0.77,203.6,453,104,159,0,75,True,3,Shigh,0.3,0.81,0.8,0.51,0.71,0.57,0.6285714285714286,1.0,0.0,50,91,0.65,0.75,0.25,4,6,0.9,0.5882352941176471,0.4117647058823529,3,5
8,0.67,0.77,214.20000000000002,453,90,183,0,60,False,-1,none,0.3,0.81,0.81,0.59,0.76,0.53,0.6428571428571429,1.0,0.0,63,90,0.7,0.6470588235294118,0.35294117647058826,13,11,0.8,0.7333333333333333,0.26666666666666666,3,3
8,0.73,0.88,234.20000000000005,442,84,161,0,72,False,-1,none,0.3,0.78,0.8,0.51,0.74,0.5,0.7,1.0,0.0,51,90,0.75,0.8695652173913043,0.13043478260869565,4,11,0.9,0.625,0.375,4,1
8,0.7,0.82,215.8,448,92,172,0,69,False,-1,none,0.3,0.8,0.74,0.62,0.75,0.55,0.6857142857142857,1.0,0.0,52,88,0.7,0.75,0.25,10,18,0.8,0.7857142857142857,0.21428571428571427,2,2
8,0.71,0.8,218.60000000000002,450,96,177,0,72,False,-1,none,0.3,0.77,0.81,0.6,0.76,0.59,0.7,1.0,0.0,55,99,0.8,0.7,0.3,8,9,0.6,0.6363636363636364,0.36363636363636365,3,3
8,0.66,0.83,211.8,447,115,177,0,70,False,-1,none,0.3,0.86,0.84,0.62,0.81,0.62,0.5857142857142857,1.0,0.0,48,104,0.8,1.0,0.0,1,16,0.9,0.5714285714285714,0.42857142857142855,4,4
8,0.79,0.91,241.00000000000006,439,100,191,0,73,False,-1,none,0.3,0.88,0.87,0.65,0.81,0.61,0.7714285714285715,1.0,0.0,68,103,0.75,0.8,0.2,7,8,1.0,0.7058823529411765,0.29411764705882354,2,3
8,0.61,0.8,193.94,450,79,146,0,70,True,2,Slow,0.3,0.7,0.73,0.47,0.67,0.48,0.5857142857142857,1.0,0.0,42,82,0.65,0.8695652173913043,0.13043478260869565,5,13,0.7,0.7333333333333333,0.26666666666666666,2,2
8,0.62,0.78,215.4,452,93,160,0,74,False,-1,none,0.3,0.76,0.75,0.53,0.76,0.51,0.5714285714285714,1.0,0.0,42,87,0.65,0.7142857142857143,0.2857142857142857,13,13,0.9,0.7647058823529411,0.23529411764705882,1,4
8,0.69,0.85,219.4,445,89,171,0,70,False,-1,none,0.3,0.81,0.79,0.56,0.75,0.54,0.6571428571428571,1.0,0.0,58,94,0.75,0.92,0.08,2,13,0.8,0.6428571428571429,0.35714285714285715,2,2
8,0.78,0.97,206.24,433,93,176,0,89,True,0,Slow,0.3,0.87,0.87,0.52,0.78,0.62,0.7714285714285715,1.0,0.0,52,97,0.8,0.9230769230769231,0.07692307692307693,3,15,0.8,0.5625,0.4375,4,5
8,0.66,0.81,229.2,449,109,164,0,81,False,-1,none,0.3,0.84,0.85,0.58,0.76,0.51,0.5571428571428572,1.0,0.0,47,83,0.85,0.8461538461538461,0.15384615384615385,7,14,1.0,0.5,0.5,8,5
8,0.65,0.79,221.0,451,114,173,0,64,False,-1,none,0.3,0.84,0.85,0.59,0.78,0.6,0.5571428571428572,1.0,0.0,41,94,0.9,0.68,0.32,15,18,0.8,0.8,0.2,2,3
8,0.65,0.79,210.4,451,101,170,0,85,False,-1,none,0.3,0.82,0.8,0.55,0.79,0.54,0.6142857142857143,1.0,0.0,52,92,0.8,0.8846153846153846,0.11538461538461539,5,16,0.6,0.5,0.5,3,2
8,0.6,0.7,200.99999999999997,460,101,164,0,85,False,-1,none,0.3,0.77,0.82,0.54,0.75,0.47,0.5571428571428572,1.0,0.0,47,89,0.65,0.6111111111111112,0.3888888888888889,12,11,0.8,0.6923076923076923,0.3076923076923077,2,3
8,0.73,0.88,243.00000000000006,442,76,180,0,86,False,-1,none,0.3,0.81,0.77,0.57,0.76,0.53,0.7142857142857143,1.0,0.0,67,90,0.75,0.6818181818181818,0.3181818181818182,9,7,0.8,0.625,0.375,3,4
8,0.62,0.7,204.99999999999997,460,94,171,0,65,False,-1,none,0.3,0.79,0.79,0.53,0.7,0.54,0.5714285714285714,1.0,0.0,54,85,0.8,0.65,0.35,13,12,0.6,0.5,0.5,3,4
8,0.67,0.81,200.20000000000005,449,96,170,0,88,False,-1,none,0.3,0.85,0.8,0.51,0.8,0.51,0.6571428571428571,1.0,0.0,48,93,0.7,0.9090909090909091,0.09090909090909091,7,13,0.7,0.8461538461538461,0.15384615384615385,4,5
8,0.65,0.85,220.40000000000003,445,104,170,0,71,True,4,Shigh,0.3,0.82,0.85,0.54,0.77,0.61,0.5857142857142857,1.0,0.0,51,98,0.7,0.9166666666666666,0.08333333333333333,6,8,1.0,0.7,0.3,4,3
8,0.72,0.89,227.00000000000003,441,112,168,0,66,False,-1,none,0.3,0.83,0.81,0.67,0.79,0.59,0.6428571428571429,1.0,0.0,49,91,0.95,0.8275862068965517,0.1724137931034483,9,14,0.8,0.8666666666666667,0.13333333333333333,1,4
8,0.66,0.79,203.20000000000002,451,89,172,0,65,False,-1,none,0.3,0.75,0.75,0.58,0.74,0.58,0.6142857142857143,1.0,0.0,46,94,0.8,0.8333333333333334,0.16666666666666666,8,16,0.7,0.8333333333333334,0.16666666666666666,4,4
8,0.75,0.9,239.4,440,77,186,0,82,True,3,Shigh,0.3,0.81,0.83,0.57,0.74,0.58,0.7142857142857143,1.0,0.0,69,85,0.75,0.7272727272727273,0.2727272727272727,10,14,1.0,0.7777777777777778,0.2222222222222222,4,4
8,0.69,0.8,234.99999999999997,450,85,162,0,68,False,-1,none,0.3,0.74,0.75,0.59,0.7,0.49,0.6571428571428571,1.0,0.0,53,81,0.75,0.6111111111111112,0.3888888888888889,13,7,0.8,0.625,0.375,5,3
8,0.74,0.86,227.59999999999997,444,86,173,0,95,True,4,Shigh,0.3,0.82,0.81,0.53,0.74,0.55,0.7142857142857143,1.0,0.0,59,89,0.8,0.7727272727272727,0.22727272727272727,8,10,0.8,0.7142857142857143,0.2857142857142857,0,7
8,0.69,0.86,239.2,444,106,181,0,87,False,-1,none,0.3,0.89,0.85,0.57,0.8,0.62,0.6,1.0,0.0,51,94,0.85,0.76,0.24,9,17,1.0,0.7894736842105263,0.21052631578947367,0,10
8,0.65,0.77,209.8,453,84,181,0,73,False,-1,none,0.3,0.81,0.8,0.48,0.74,0.59,0.6428571428571429,1.0,0.0,53,95,0.7,0.6842105263157895,0.3157894736842105,14,15,0.6,0.7692307692307693,0.23076923076923078,2,2
8,0.61,0.69,183.79999999999995,461,94,167,0,80,False,-1,none,0.3,0.78,0.79,0.49,0.72,0.52,0.6,1.0,0.0,51,97,0.65,0.6470588235294118,0.35294117647058826,11,6,0.6,0.8,0.2,0,2
8,0.59,0.71,176.99999999999997,459,81,135,0,68,False,-1,none,0.3,0.66,0.64,0.48,0.62,0.47,0.5285714285714286,1.0,0.0,37,74,0.75,0.8095238095238095,0.19047619047619047,7,14,0.7,0.7692307692307693,0.23076923076923078,1,2
8,0.71,0.84,224.6,446,83,180,0,73,True,4,Shigh,0.3,0.82,0.79,0.57,0.75,0.54,0.7142857142857143,1.0,0.0,59,94,0.6,0.6666666666666666,0.3333333333333333,12,11,0.9,0.75,0.25,2,2
8,0.73,0.86,235.4,444,79,201,0,59,False,-1,none,0.3,0.83,0.82,0.61,0.78,0.62,0.7571428571428571,1.0,0.0,70,103,0.55,0.75,0.25,7,11,0.9,0.7058823529411765,0.29411764705882354,3,7
8,0.63,0.8,206.39999999999998,450,88,163,0,69,False,-1,none,0.3,0.74,0.74,0.51,0.76,0.56,0.6,1.0,0.0,40,95,0.75,0.88,0.12,3,16,0.6,0.8461538461538461,0.15384615384615385,2,7
8,0.67,0.81,218.39999999999998,449,92,174,0,63,False,-1,none,0.3,0.78,0.78,0.58,0.75,0.58,0.6285714285714286,1.0,0.0,53,100,0.7,0.9047619047619048,0.09523809523809523,6,10,0.9,0.625,0.375,4,1
8,0.7,0.87,211.79999999999998,443,94,170,0,84,False,-1,none,0.3,0.81,0.82,0.57,0.76,0.55,0.6428571428571429,1.0,0.0,48,97,0.8,0.8461538461538461,0.15384615384615385,6,12,0.9,0.8125,0.1875,3,4
8,0.69,0.9,240.20000000000005,440,60,172,0,68,False,-1,none,0.3,0.72,0.74,0.51,0.69,0.56,0.6714285714285714,1.0,0.0,57,91,0.85,0.875,0.125,6,16,0.5,0.6363636363636364,0.36363636363636365,1,1
8,0.6,0.76,202.79999999999995,454,109,166,0,79,False,-1,none,0.3,0.82,0.8,0.63,0.74,0.52,0.5142857142857142,1.0,0.0,51,86,0.8,0.8888888888888888,0.1111111111111111,5,17,0.8,0.6153846153846154,0.38461538461538464,6,1
8,0.76,0.9,224.99999999999997,440,91,204,0,70,False,-1,none,0.3,0.89,0.87,0.61,0.82,0.66,0.7428571428571429,1.0,0.0,66,107,0.8,0.875,0.125,7,14,0.8,0.5714285714285714,0.42857142857142855,5,5
9,0.7,0.9,179.20000000000007,440,113,147,0,85,False,-1,none,0.3,0.84,0.84,0.48,0.79,0.55,0.7,1.0,0.0,31,102,0.75,0.6521739130434783,0.34782608695652173,4,9,0.6,0.7272727272727273,0.2727272727272727,0,1
9,0.69,0.84,183.59999999999994,446,105,173,0,78,False,-1,none,0.3,0.81,0.84,0.51,0.83,0.63,0.6571428571428571,1.0,0.0,50,106,0.75,0.75,0.25,5,10,0.8,0.75,0.25,0,2
9,0.71,0.89,226.0,441,106,186,0,69,False,-1,none,0.3,0.86,0.88,0.59,0.84,0.64,0.6285714285714286,1.0,0.0,51,102,0.9,0.7391304347826086,0.2608695652173913,8,19,0.9,0.7272727272727273,0.2727272727272727,4,2
9,0.63,0.76,193.38000000000005,454,95,162,0,77,True,4,Shigh,0.3,0.8,0.8,0.53,0.7,0.5,0.6285714285714286,1.0,0.0,56,85,0.65,0.75,0.25,1,14,0.6,0.5833333333333334,0.4166666666666667,2,4
9,0.64,0.73,213.59999999999997,457,87,172,0,78,False,-1,none,0.3,0.78,0.82,0.44,0.78,0.5,0.5714285714285714,1.0,0.0,50,87,0.8,0.8095238095238095,0.19047619047619047,6,20,0.8,0.6666666666666666,0.3333333333333333,5,4
9,0.65,0.79,207.0,451,108,171,0,77,False,-1,none,0.3,0.82,0.82,0.55,0.82,0.57,0.6,1.0,0.0,50,97,0.85,0.8461538461538461,0.15384615384615385,8,14,0.6,0.8181818181818182,0.18181818181818182,0,2
9,0.67,0.8,225.6,450,108,171,0,66,True,3,Shigh,0.3,0.82,0.79,0.61,0.79,0.58,0.6428571428571429,1.0,0.0,44,98,0.7,0.6842105263157895,0.3157894736842105,9,15,0.8,0.5625,0.4375,5,0
9,0.73,0.86,208.59999999999994,444,83,185,0,76,False,-1,none,0.3,0.78,0.78,0.58,0.8,0.6,0.7285714285714285,1.0,0.0,55,100,0.8,0.75,0.25,5,19,0.6,0.8,0.2,2,4
9,0.73,0.89,242.60000000000002,441,80,176,0,85,False,-1,none,0.3,0.85,0.82,0.52,0.71,0.55,0.7142857142857143,1.0,0.0,63,87,0.65,0.85,0.15,5,7,1.0,0.5789473684210527,0.42105263157894735,5,9
9,0.67,0.75,190.06,455,79,178,0,73,True,2,Slow,0.3,0.78,0.78,0.51,0.73,0.52,0.6714285714285714,1.0,0.0,55,94,0.75,0.8,0.2,7,20,0.5,0.7142857142857143,0.2857142857142857,1,1
9,0.65,0.77,216.2,453,97,179,0,82,False,-1,none,0.3,0.84,0.82,0.56,0.76,0.55,0.5857142857142857,1.0,0.0,55,88,0.75,0.7894736842105263,0.21052631578947367,9,22,0.9,0.7647058823529411,0.23529411764705882,0,5
9,0.7,0.82,205.06,448,95,169,0,84,True,4,Shigh,0.3,0.8,0.8,0.46,0.79,0.61,0.6571428571428571,1.0,0.0,48,95,0.8,0.9130434782608695,0.08695652173913043,4,18,0.8,0.8461538461538461,0.15384615384615385,1,3
9,0.7,0.84,222.79999999999995,446,100,154,0,77,True,2,Slow,0.3,0.76,0.8,0.54,0.73,0.55,0.6428571428571429,1.0,0.0,46,89,0.8,0.6956521739130435,0.30434782608695654,6,12,0.9,0.5625,0.4375,1,0
9,0.74,0.82,198.40000000000003,448,92,178,0,68,False,-1,none,0.3,0.84,0.81,0.56,0.74,0.57,0.7571428571428571,1.0,0.0,60,99,0.7,0.7,0.3,4,12,0.7,0.6666666666666666,0.3333333333333333,1,2
9,0.73,0.87,233.20000000000002,443,74,178,0,71,False,-1,none,0.3,0.78,0.74,0.57,0.74,0.56,0.7142857142857143,1.0,0.0,56,90,0.8,0.7272727272727273,0.2727272727272727,11,13,0.7,0.7333333333333333,0.26666666666666666,2,6
9,0.71,0.84,220.60000000000002,446,85,176,0,90,False,-1,none,0.3,0.8,0.84,0.56,0.76,0.49,0.6857142857142857,1.0,0.0,63,90,0.8,0.6521739130434783,0.34782608695652173,10,11,0.7,0.9230769230769231,0.07692307692307693,0,2
9,0.66,0.78,199.4,452,79,173,0,75,False,-1,none,0.3,0.78,0.74,0.53,0.69,0.56,0.6571428571428571,1.0,0.0,57,92,0.6,0.8125,0.1875,7,11,0.8,0.875,0.125,2,4
9,0.64,0.76,216.19999999999996,454,90,176,0,73,False,-1,none,0.3,0.82,0.8,0.52,0.72,0.56,0.6285714285714286,1.0,0.0,57,91,0.7,0.6363636363636364,0.36363636363636365,11,12,0.6,0.6,0.4,2,3
9,0.65,0.74,200.6,456,85,161,0,60,False,-1,none,0.3,0.75,0.74,0.47,0.72,0.52,0.6,1.0,0.0,52,85,0.7,0.7222222222222222,0.2777777777777778,7,12,0.9,0.7857142857142857,0.21428571428571427,1,4
9,0.6,0.69,194.99999999999994,461,107,167,0,72,False,-1,none,0.3,0.76,0.77,0.62,0.74,0.54,0.5571428571428572,1.0,0.0,51,93,0.55,0.6153846153846154,0.38461538461538464,6,10,1.0,0.7058823529411765,0.29411764705882354,3,4
9,0.63,0.75,201.59999999999997,455,79,165,0,66,False,-1,none,0.3,0.75,0.73,0.51,0.68,0.52,0.5714285714285714,1.0,0.0,53,78,0.75,0.6521739130434783,0.34782608695652173,15,15,0.8,0.6666666666666666,0.3333333333333333,2,2
9,0.59,0.68,182.39999999999995,462,100,149,0,73,False,-1,none,0.3,0.74,0.74,0.49,0.72,0.48,0.5857142857142857,1.0,0.0,49,87,0.55,0.7333333333333333,0.26666666666666666,3,9,0.7,0.75,0.25,0,1
9,0.77,0.91,235.40000000000003,439,86,195,0,73,False,-1,none,0.3,0.85,0.81,0.63,0.81,0.62,0.7571428571428571,1.0,0.0,61,104,0.85,0.8518518518518519,0.14814814814814814,9,19,0.7,0.8181818181818182,0.18181818181818182,0,2
9,0.67,0.84,236.79999999999995,446,109,170,0,77,False,-1,none,0.3,0.8,0.85,0.58,0.8,0.6,0.5857142857142857,1.0,0.0,36,104,0.9,0.6923076923076923,0.3076923076923077,11,14,0.8,0.7647058823529411,0.23529411764705882,4,1
9,0.64,0.76,210.6,454,86,165,0,93,False,-1,none,0.3,0.76,0.77,0.52,0.73,0.49,0.6142857142857143,1.0,0.0,52,85,0.7,0.7142857142857143,0.2857142857142857,9,14,0.7,0.6666666666666666,0.3333333333333333,0,5
9,0.69,0.82,230.2,448,97,179,0,82,False,-1,none,0.3,0.83,0.83,0.56,0.8,0.56,0.6428571428571429,1.0,0.0,55,91,0.75,0.65,0.35,12,13,0.9,0.6470588235294118,0.35294117647058826,4,4
9,0.71,0.84,226.8,446,106,175,0,75,False,-1,none,0.3,0.85,0.85,0.51,0.8,0.64,0.6428571428571429,1.0,0.0,47,94,0.9,0.6923076923076923,0.3076923076923077,12,19,0.8,0.7692307692307693,0.23076923076923078,0,3
9,0.62,0.69,193.0,461,88,181,0,57,False,-1,none,0.3,0.77,0.75,0.61,0.73,0.52,0.6571428571428571,1.0,0.0,63,94,0.5,0.46153846153846156,0.5384615384615384,13,8,0.6,0.7,0.3,0,3
9,0.7,0.82,227.39999999999998,448,88,184,0,71,False,-1,none,0.3,0.83,0.81,0.58,0.79,0.53,0.6714285714285714,1.0,0.0,62,94,0.75,0.5294117647058824,0.47058823529411764,12,8,0.8,0.8333333333333334,0.16666666666666666,3,5
9,0.7,0.81,237.0,449,87,181,0,71,False,-1,none,0.3,0.8,0.8,0.55,0.78,0.56,0.7,1.0,0.0,54,96,0.55,0.6,0.4,11,10,1.0,0.5882352941176471,0.4117647058823529,3,7
9,0.7,0.84,214.20000000000002,446,92,183,0,66,False,-1,none,0.3,0.75,0.82,0.61,0.76,0.65,0.6571428571428571,1.0,0.0,52,95,0.9,0.9230769230769231,0.07692307692307693,3,24,0.6,0.8333333333333334,0.16666666666666666,3,6
9,0.66,0.8,217.99999999999997,450,102,171,0,67,False,-1,none,0.3,0.75,0.78,0.64,0.8,0.56,0.6,1.0,0.0,52,90,0.75,0.7894736842105263,0.21052631578947367,3,18,0.9,0.7368421052631579,0.2631578947368421,3,5
9,0.71,0.82,236.0,448,104,183,0,71,False,-1,none,0.3,0.8,0.85,0.68,0.78,0.58,0.6857142857142857,1.0,0.0,59,91,0.75,0.65,0.35,14,11,0.8,0.5714285714285714,0.42857142857142855,3,5
9,0.72,0.87,232.8,443,91,170,0,82,False,-1,none,0.3,0.83,0.78,0.55,0.74,0.58,0.7285714285714285,1.0,0.0,56,93,0.7,0.8260869565217391,0.17391304347826086,5,12,0.7,0.6153846153846154,0.38461538461538464,2,2
9,0.7,0.8,204.99999999999994,450,102,175,0,78,False,-1,none,0.3,0.82,0.82,0.53,0.78,0.62,0.7142857142857143,1.0,0.0,55,97,0.65,0.6666666666666666,0.3333333333333333,7,10,0.7,0.75,0.25,1,5
9,0.67,0.81,219.20000000000002,449,93,176,0,70,False,-1,none,0.3,0.84,0.79,0.49,0.77,0.61,0.6714285714285714,1.0,0.0,50,98,0.65,0.7272727272727273,0.2727272727272727,12,10,0.7,0.75,0.25,2,4
9,0.7,0.85,228.39999999999995,445,97,171,0,77,True,4,Shigh,0.3,0.79,0.78,0.56,0.8,0.6,0.6428571428571429,0.9555555555555556,0.044444444444444446,56,95,0.8,0.631578947368421,0.3684210526315789,10,7,0.9,0.6666666666666666,0.3333333333333333,2,1
9,0.71,0.86,198.79999999999998,444,99,174,0,71,True,0,Slow,0.3,0.8,0.83,0.59,0.8,0.57,0.7,1.0,0.0,56,97,0.75,0.8095238095238095,0.19047619047619047,4,13,0.7,0.8,0.2,0,4
9,0.72,0.87,221.8,443,77,196,0,60,False,-1,none,0.3,0.8,0.8,0.61,0.8,0.59,0.7142857142857143,1.0,0.0,60,101,0.75,0.6818181818181818,0.3181818181818182,15,14,0.7,0.8,0.2,0,6
9,0.67,0.74,208.19999999999996,456,92,189,0,80,False,-1,none,0.3,0.85,0.78,0.54,0.8,0.58,0.6714285714285714,1.0,0.0,54,104,0.75,0.5294117647058824,0.47058823529411764,15,11,0.5,0.8,0.2,1,4
9,0.68,0.82,222.0,448,90,172,0,81,False,-1,none,0.3,0.82,0.81,0.57,0.82,0.42,0.7,1.0,0.0,58,90,0.65,0.7894736842105263,0.21052631578947367,7,11,0.6,0.6428571428571429,0.35714285714285715,3,3
9,0.73,0.9,234.40000000000003,440,81,195,0,64,False,-1,none,0.3,0.81,0.83,0.62,0.79,0.61,0.7285714285714285,1.0,0.0,62,103,0.75,0.7391304347826086,0.2608695652173913,9,14,0.7,0.9375,0.0625,1,6
9,0.67,0.75,200.99999999999994,455,89,174,0,87,False,-1,none,0.3,0.75,0.78,0.54,0.78,0.53,0.6428571428571429,1.0,0.0,54,99,0.8,0.75,0.25,6,12,0.6,0.7,0.3,2,1
9,0.62,0.75,186.51999999999995,455,99,168,0,78,True,1,Slow,0.3,0.78,0.79,0.54,0.76,0.55,0.5857142857142857,1.0,0.0,49,94,0.75,0.7272727272727273,0.2727272727272727,5,16,0.6,0.75,0.25,0,4
9,0.71,0.85,230.4,445,95,173,0,87,False,-1,none,0.3,0.85,0.84,0.55,0.76,0.53,0.6428571428571429,1.0,0.0,56,83,0.85,0.8333333333333334,0.16666666666666666,7,21,0.9,0.6875,0.3125,2,4
9,0.73,0.89,216.20000000000002,441,90,177,0,69,False,-1,none,0.3,0.82,0.82,0.57,0.75,0.6,0.7571428571428571,1.0,0.0,54,96,0.7,0.8636363636363636,0.13636363636363635,5,17,0.6,0.7142857142857143,0.2857142857142857,2,3
9,0.72,0.86,235.60000000000002,444,105,171,0,83,False,-1,none,0.3,0.83,0.86,0.57,0.76,0.6,0.7,1.0,0.0,48,95,0.75,0.7727272727272727,0.22727272727272727,7,12,0.8,0.6666666666666666,0.3333333333333333,6,3
9,0.68,0.83,229.79999999999995,447,102,171,0,59,False,-1,none,0.3,0.81,0.8,0.63,0.79,0.53,0.6142857142857143,1.0,0.0,58,90,0.8,0.7272727272727273,0.2727272727272727,7,14,0.9,0.7777777777777778,0.2222222222222222,2,0
9,0.68,0.79,204.4,451,94,174,0,78,False,-1,none,0.3,0.8,0.8,0.53,0.78,0.56,0.6857142857142857,1.0,0.0,53,94,0.65,0.8947368421052632,0.10526315789473684,4,17,0.7,0.75,0.25,1,5
9,0.58,0.65,166.35999999999996,465,97,157,0,66,True,1,Slow,0.3,0.74,0.71,0.51,0.73,0.5,0.5857142857142857,1.0,0.0,43,98,0.6,0.5333333333333333,0.4666666666666667,11,5,0.5,0.7777777777777778,0.2222222222222222,0,0
9,0.7,0.82,195.48,448,95,175,0,58,True,0,Slow,0.3,0.78,0.79,0.57,0.79,0.59,0.6714285714285714,1.0,0.0,50,96,0.85,0.7916666666666666,0.20833333333333334,9,17,0.6,0.7,0.3,1,2
9,0.68,0.8,219.79999999999995,450,108,170,0,82,False,-1,none,0.3,0.8,0.85,0.61,0.77,0.55,0.6285714285714286,1.0,0.0,46,93,0.85,0.7272727272727273,0.2727272727272727,11,16,0.7,0.7857142857142857,0.21428571428571427,2,2
9,0.63,0.75,206.39999999999998,455,87,185,0,73,False,-1,none,0.3,0.81,0.75,0.52,0.8,0.59,0.6285714285714286,1.0,0.0,55,104,0.6,0.7647058823529411,0.23529411764705882,8,12,0.7,0.6428571428571429,0.35714285714285715,4,2
9,0.67,0.75,190.72,455,99,169,0,97,True,0,Slow,0.3,0.83,0.85,0.48,0.8,0.47,0.6428571428571429,1.0,0.0,55,89,0.65,0.6875,0.3125,9,13,0.9,0.7142857142857143,0.2857142857142857,0,3
9,0.65,0.73,200.99999999999997,457,91,162,0,89,False,-1,none,0.3,0.75,0.76,0.47,0.76,0.52,0.6428571428571429,1.0,0.0,45,91,0.55,0.6666666666666666,0.3333333333333333,8,10,0.9,0.75,0.25,4,4
9,0.58,0.66,197.99999999999997,464,85,167,0,72,False,-1,none,0.3,0.76,0.74,0.47,0.69,0.52,0.5285714285714286,1.0,0.0,47,88,0.7,0.5555555555555556,0.4444444444444444,15,13,0.7,0.6363636363636364,0.36363636363636365,3,1
9,0.66,0.81,209.4,449,94,159,0,96,False,-1,none,0.3,0.84,0.82,0.43,0.68,0.57,0.6571428571428571,1.0,0.0,49,96,0.65,0.85,0.15,1,7,0.7,0.8666666666666667,0.13333333333333333,2,4
9,0.71,0.79,235.99999999999997,451,80,184,0,77,False,-1,none,0.3,0.79,0.77,0.57,0.74,0.56,0.6714285714285714,1.0,0.0,59,87,0.8,0.6111111111111112,0.3888888888888889,12,14,0.8,0.6428571428571429,0.35714285714285715,5,7
9,0.71,0.84,190.40000000000003,446,95,174,0,87,False,-1,none,0.3,0.82,0.84,0.55,0.75,0.57,0.6428571428571429,1.0,0.0,51,95,0.9,0.9629629629629629,0.037037037037037035,3,19,0.8,0.75,0.25,3,3
9,0.63,0.73,205.39999999999998,457,78,166,0,73,False,-1,none,0.3,0.73,0.75,0.51,0.71,0.47,0.6142857142857143,1.0,0.0,50,88,0.7,0.7368421052631579,0.2631578947368421,11,12,0.6,0.7272727272727273,0.2727272727272727,1,4
9,0.75,0.85,237.39999999999998,445,85,185,0,90,False,-1,none,0.3,0.86,0.85,0.52,0.79,0.53,0.7571428571428571,1.0,0.0,59,93,0.7,0.6,0.4,10,14,0.8,0.8235294117647058,0.17647058823529413,2,7
9,0.66,0.75,202.39999999999998,455,93,165,0,77,False,-1,none,0.3,0.78,0.77,0.47,0.72,0.59,0.6142857142857143,1.0,0.0,48,89,0.8,0.8571428571428571,0.14285714285714285,3,16,0.7,0.7272727272727273,0.2727272727272727,5,4
9,0.65,0.78,211.7,452,94,179,0,69,True,3,Shigh,0.3,0.81,0.82,0.56,0.76,0.56,0.6,1.0,0.0,58,94,0.85,0.7857142857142857,0.21428571428571427,12,11,0.6,0.625,0.375,2,2
9,0.71,0.93,227.41999999999996,437,101,178,0,78,True,3,Shigh,0.3,0.83,0.88,0.6,0.79,0.62,0.6857142857142857,1.0,0.0,55,99,0.75,0.6666666666666666,0.3333333333333333,8,12,0.8,0.75,0.25,1,3
9,0.67,0.81,223.99999999999997,449,91,166,0,92,False,-1,none,0.3,0.77,0.82,0.51,0.71,0.57,0.6285714285714286,1.0,0.0,48,85,0.75,0.8333333333333334,0.16666666666666666,7,18,0.8,0.6923076923076923,0.3076923076923077,3,5
9,0.62,0.75,202.59999999999997,455,100,173,0,82,False,-1,none,0.3,0.8,0.82,0.47,0.78,0.61,0.5714285714285714,1.0,0.0,48,103,0.7,0.8571428571428571,0.14285714285714285,3,11,0.8,0.7857142857142857,0.21428571428571427,2,6
10,0.67,0.88,171.20000000000005,442,116,133,0,73,True,3,Shigh,0.3,0.79,0.76,0.59,0.73,0.5,0.6285714285714286,0.9361702127659575,0.06382978723404255,45,81,0.7,0.75,0.25,5,2,0.9,0.7058823529411765,0.29411764705882354,0,0
10,0.71,0.93,203.39999999999992,437,93,186,0,73,False,-1,none,0.3,0.87,0.86,0.6,0.83,0.56,0.6571428571428571,1.0,0.0,60,96,0.8,0.7777777777777778,0.2222222222222222,8,17,0.9,0.8,0.2,2,3
10,0.7,0.8,208.0,450,97,165,0,93,False,-1,none,0.3,0.79,0.8,0.49,0.83,0.51,0.7,1.0,0.0,39,100,0.7,0.7,0.3,12,13,0.7,0.45454545454545453,0.5454545454545454,1,0
10,0.68,0.83,222.20000000000005,447,81,173,0,68,False,-1,none,0.3,0.77,0.8,0.5,0.75,0.55,0.6571428571428571,1.0,0.0,49,91,0.7,0.75,0.25,10,14,0.8,0.7647058823529411,0.23529411764705882,4,5
10,0.57,0.67,189.59999999999997,463,110,173,0,85,False,-1,none,0.3,0.85,0.83,0.53,0.76,0.53,0.5428571428571428,1.0,0.0,55,95,0.5,0.8181818181818182,0.18181818181818182,3,12,0.9,0.7777777777777778,0.2222222222222222,2,6
10,0.78,0.91,234.20000000000005,439,102,191,0,86,False,-1,none,0.3,0.84,0.89,0.62,0.86,0.63,0.7571428571428571,1.0,0.0,54,101,0.8,0.7777777777777778,0.2222222222222222,9,19,0.9,0.75,0.25,1,7
10,0.68,0.76,178.99999999999997,454,95,173,0,76,True,1,Slow,0.3,0.78,0.8,0.54,0.73,0.59,0.6571428571428571,1.0,0.0,54,92,0.75,0.7368421052631579,0.2631578947368421,10,16,0.7,0.8181818181818182,0.18181818181818182,0,1
10,0.74,0.89,246.00000000000003,441,77,182,0,82,False,-1,none,0.3,0.84,0.78,0.46,0.83,0.57,0.7142857142857143,1.0,0.0,53,97,0.8,0.7391304347826086,0.2608695652173913,6,19,0.8,0.6875,0.3125,2,5
10,0.67,0.74,197.6,456,79,158,0,74,False,-1,none,0.3,0.74,0.72,0.45,0.68,0.52,0.6571428571428571,1.0,0.0,49,87,0.65,0.8125,0.1875,5,14,0.8,0.6666666666666666,0.3333333333333333,1,2
10,0.67,0.76,213.2,454,75,184,0,70,False,-1,none,0.3,0.77,0.75,0.52,0.74,0.57,0.6714285714285714,1.0,0.0,55,91,0.8,0.6190476190476191,0.38095238095238093,15,19,0.4,0.75,0.25,2,2
10,0.69,0.85,211.00000000000003,445,91,172,0,67,True,4,Shigh,0.3,0.8,0.74,0.54,0.78,0.62,0.6285714285714286,1.0,0.0,45,94,0.9,0.6428571428571429,0.35714285714285715,10,16,0.7,0.6153846153846154,0.38461538461538464,5,2
10,0.7,0.84,206.80000000000004,446,102,169,0,80,False,-1,none,0.3,0.84,0.82,0.61,0.8,0.48,0.6428571428571429,1.0,0.0,55,91,0.85,0.8888888888888888,0.1111111111111111,2,20,0.8,0.9166666666666666,0.08333333333333333,0,1
10,0.57,0.68,168.99999999999997,462,115,147,0,70,False,-1,none,0.3,0.74,0.76,0.54,0.75,0.51,0.5,1.0,0.0,37,85,0.7,0.8421052631578947,0.15789473684210525,8,14,0.8,0.7857142857142857,0.21428571428571427,0,3
10,0.65,0.75,201.0,455,107,169,0,84,False,-1,none,0.3,0.84,0.78,0.6,0.76,0.53,0.6571428571428571,1.0,0.0,53,92,0.6,0.7647058823529411,0.23529411764705882,7,12,0.7,0.6666666666666666,0.3333333333333333,2,3
10,0.66,0.83,190.79999999999998,447,87,168,0,77,True,1,Slow,0.3,0.76,0.78,0.54,0.75,0.55,0.6428571428571429,1.0,0.0,49,94,0.65,0.9444444444444444,0.05555555555555555,4,14,0.8,0.7368421052631579,0.2631578947368421,3,4
10,0.73,0.9,206.80000000000004,440,96,188,0,71,False,-1,none,0.3,0.86,0.83,0.65,0.85,0.55,0.7571428571428571,1.0,0.0,61,100,0.55,0.8125,0.1875,5,16,0.9,0.85,0.15,1,5
10,0.6,0.75,172.60000000000005,455,93,153,0,84,False,-1,none,0.3,0.78,0.75,0.54,0.71,0.43,0.5428571428571428,1.0,0.0,41,82,0.85,0.8846153846153846,0.11538461538461539,7,16,0.5,0.8181818181818182,0.18181818181818182,3,4
10,0.79,0.95,232.2000000000001,435,98,169,0,73,False,-1,none,0.3,0.87,0.81,0.57,0.83,0.54,0.7714285714285715,1.0,0.0,57,95,0.9,0.7777777777777778,0.2222222222222222,4,9,0.7,0.7692307692307693,0.23076923076923078,2,2
10,0.68,0.82,219.00000000000003,448,89,174,0,80,False,-1,none,0.3,0.84,0.78,0.44,0.76,0.63,0.6285714285714286,1.0,0.0,48,93,0.8,0.8636363636363636,0.13636363636363635,5,20,0.8,0.6875,0.3125,5,3
10,0.62,0.75,195.99999999999997,455,87,184,0,64,False,-1,none,0.3,0.8,0.78,0.57,0.74,0.57,0.6,1.0,0.0,57,98,0.65,0.7894736842105263,0.21052631578947367,10,14,0.7,0.9285714285714286,0.07142857142857142,1,4
10,0.62,0.74,194.45999999999998,456,92,151,0,78,True,4,Shigh,0.3,0.76,0.76,0.53,0.66,0.46,0.6,1.0,0.0,48,84,0.6,0.8125,0.1875,4,10,0.8,0.6875,0.3125,3,2
10,0.73,0.88,233.8,442,83,195,0,69,False,-1,none,0.3,0.85,0.85,0.63,0.78,0.55,0.7142857142857143,1.0,0.0,70,90,0.8,0.8076923076923077,0.19230769230769232,7,25,0.7,0.8333333333333334,0.16666666666666666,0,3
10,0.61,0.73,190.79999999999993,457,79,160,0,68,False,-1,none,0.3,0.75,0.71,0.52,0.68,0.46,0.6142857142857143,1.0,0.0,49,86,0.65,0.9523809523809523,0.047619047619047616,4,16,0.5,0.6666666666666666,0.3333333333333333,4,1
10,0.69,0.84,214.51999999999998,446,99,166,0,81,True,0,Slow,0.3,0.8,0.78,0.55,0.79,0.57,0.6714285714285714,1.0,0.0,48,93,0.6,0.875,0.125,3,15,1.0,0.5789473684210527,0.42105263157894735,3,4
10,0.7,0.8,232.79999999999998,450,92,183,0,75,False,-1,none,0.3,0.84,0.81,0.57,0.75,0.58,0.6428571428571429,1.0,0.0,51,93,0.85,0.7619047619047619,0.23809523809523808,9,20,0.8,0.5714285714285714,0.42857142857142855,5,5
10,0.71,0.86,212.51999999999998,444,68,170,0,76,True,1,Slow,0.3,0.76,0.76,0.51,0.76,0.45,0.7,1.0,0.0,57,87,0.7,0.7619047619047619,0.23809523809523808,9,11,0.8,0.6875,0.3125,3,3
10,0.7,0.78,216.99999999999994,452,82,177,0,88,False,-1,none,0.3,0.77,0.8,0.55,0.76,0.49,0.6857142857142857,1.0,0.0,59,94,0.8,0.7,0.3,10,13,0.6,0.7,0.3,0,1
10,0.75,0.86,235.19999999999996,444,74,194,0,71,False,-1,none,0.3,0.8,0.81,0.6,0.75,0.58,0.6857142857142857,1.0,0.0,60,93,0.95,0.7307692307692307,0.2692307692307692,17,20,0.8,0.8333333333333334,0.16666666666666666,1,3
10,0.62,0.75,201.39999999999998,455,87,159,0,79,False,-1,none,0.3,0.74,0.72,0.52,0.72,0.51,0.6,1.0,0.0,49,87,0.55,0.7142857142857143,0.2857142857142857,7,8,0.9,0.8421052631578947,0.15789473684210525,3,5
10,0.69,0.81,219.79999999999998,449,67,184,0,78,False,-1,none,0.3,0.77,0.77,0.56,0.67,0.55,0.6857142857142857,1.0,0.0,67,92,0.7,0.8571428571428571,0.14285714285714285,7,13,0.7,0.5833333333333334,0.4166666666666667,2,3
10,0.66,0.77,205.6,453,111,166,0,81,False,-1,none,0.3,0.8,0.84,0.63,0.76,0.51,0.6,1.0,0.0,45,90,0.75,0.7222222222222222,0.2777777777777778,11,14,0.9,0.8823529411764706,0.11764705882352941,2,4
10,0.72,0.87,244.59999999999997,443,92,172,0,74,True,3,Shigh,0.3,0.81,0.83,0.56,0.79,0.52,0.6428571428571429,0.9777777777777777,0.022222222222222223,54,89,0.9,0.72,0.28,10,11,0.9,0.6470588235294118,0.35294117647058826,4,4
10,0.69,0.79,186.59999999999994,451,98,161,0,97,False,-1,none,0.3,0.84,0.85,0.47,0.76,0.46,0.6857142857142857,1.0,0.0,51,90,0.75,0.8095238095238095,0.19047619047619047,4,13,0.6,0.9,0.1,0,3
10,0.71,0.82,213.61999999999995,448,98,185,0,95,True,2,Slow,0.3,0.84,0.86,0.59,0.83,0.53,0.7,1.0,0.0,52,100,0.75,0.75,0.25,11,19,0.7,0.7692307692307693,0.23076923076923078,1,2
10,0.67,0.73,203.39999999999995,457,103,167,0,62,True,3,Shigh,0.3,0.79,0.77,0.52,0.78,0.57,0.6,0.9761904761904762,0.023809523809523808,51,88,0.9,0.6190476190476191,0.38095238095238093,11,13,0.7,0.7,0.3,1,3
10,0.65,0.78,228.39999999999998,452,95,177,0,65,False,-1,none,0.3,0.79,0.78,0.59,0.77,0.57,0.6,1.0,0.0,52,94,0.8,0.7391304347826086,0.2608695652173913,8,14,0.7,0.5384615384615384,0.46153846153846156,5,4
10,0.73,0.93,251.00000000000003,437,89,187,0,71,True,3,Shigh,0.3,0.86,0.86,0.6,0.77,0.6,0.6714285714285714,1.0,0.0,62,90,0.85,0.7857142857142857,0.21428571428571427,7,18,0.9,0.6111111111111112,0.3888888888888889,5,5
10,0.77,0.9,236.8,440,82,214,0,59,False,-1,none,0.3,0.86,0.88,0.66,0.82,0.64,0.7571428571428571,1.0,0.0,76,103,0.75,0.7894736842105263,0.21052631578947367,8,17,0.9,0.8333333333333334,0.16666666666666666,3,7
10,0.8,0.94,247.20000000000005,436,100,196,0,70,False,-1,none,0.3,0.87,0.87,0.74,0.81,0.61,0.7428571428571429,1.0,0.0,61,101,0.95,0.8148148148148148,0.18518518518518517,11,19,0.9,0.8666666666666667,0.13333333333333333,0,4
10,0.65,0.83,231.79999999999998,447,99,162,0,81,False,-1,none,0.3,0.8,0.84,0.55,0.73,0.52,0.5857142857142857,1.0,0.0,49,83,0.75,0.7727272727272727,0.22727272727272727,6,14,0.9,0.7,0.3,4,6
10,0.74,0.9,245.8,440,87,169,0,74,False,-1,none,0.3,0.81,0.78,0.59,0.74,0.54,0.6714285714285714,1.0,0.0,54,88,0.85,0.75,0.25,8,11,1.0,0.8421052631578947,0.15789473684210525,3,5
10,0.66,0.77,204.2,453,93,185,0,80,False,-1,none,0.3,0.81,0.84,0.52,0.81,0.57,0.5857142857142857,1.0,0.0,53,98,0.85,0.8333333333333334,0.16666666666666666,9,16,0.8,0.8333333333333334,0.16666666666666666,2,7
10,0.63,0.71,202.59999999999997,459,95,164,0,85,False,-1,none,0.3,0.79,0.82,0.48,0.76,0.45,0.6285714285714286,1.0,0.0,56,84,0.6,0.6875,0.3125,8,13,0.7,0.6363636363636364,0.36363636363636365,1,2
10,0.75,0.92,210.20000000000002,438,86,184,0,68,False,-1,none,0.3,0.8,0.79,0.61,0.81,0.61,0.7428571428571429,1.0,0.0,55,98,0.75,0.8846153846153846,0.11538461538461539,5,23,0.8,0.7857142857142857,0.21428571428571427,0,3
10,0.68,0.79,212.0,451,99,176,0,71,False,-1,none,0.3,0.83,0.8,0.56,0.82,0.53,0.6857142857142857,1.0,0.0,52,99,0.6,0.8,0.2,9,13,0.8,0.75,0.25,0,3
10,0.67,0.77,211.2,453,86,174,0,73,False,-1,none,0.3,0.76,0.77,0.54,0.72,0.58,0.6857142857142857,1.0,0.0,52,100,0.55,0.75,0.25,5,9,0.8,0.7058823529411765,0.29411764705882354,2,6
10,0.71,0.85,251.39999999999998,445,71,183,0,76,False,-1,none,0.3,0.77,0.78,0.51,0.76,0.57,0.6571428571428571,1.0,0.0,51,90,0.8,0.7391304347826086,0.2608695652173913,13,17,0.9,0.625,0.375,5,7
10,0.65,0.7,197.59999999999994,460,109,180,0,76,False,-1,none,0.3,0.78,0.83,0.61,0.81,0.56,0.6428571428571429,1.0,0.0,52,99,0.65,0.8,0.2,8,15,0.7,0.6,0.4,4,2
10,0.7,0.81,216.97999999999996,449,104,173,0,77,True,4,Shigh,0.3,0.82,0.86,0.57,0.78,0.55,0.6857142857142857,1.0,0.0,52,96,0.75,0.7272727272727273,0.2727272727272727,3,15,0.7,0.6363636363636364,0.36363636363636365,0,7
10,0.66,0.78,203.0,452,66,177,0,74,False,-1,none,0.3,0.73,0.77,0.48,0.7,0.53,0.6714285714285714,1.0,0.0,59,87,0.7,0.9,0.1,5,21,0.5,0.7272727272727273,0.2727272727272727,2,3
10,0.73,0.92,232.40000000000003,438,95,185,0,73,False,-1,none,0.3,0.85,0.86,0.58,0.79,0.64,0.7142857142857143,1.0,0.0,54,102,0.8,0.9032258064516129,0.0967741935483871,5,21,0.7,0.9090909090909091,0.09090909090909091,1,2
10,0.71,0.84,239.6,446,86,184,0,81,False,-1,none,0.3,0.85,0.8,0.51,0.79,0.59,0.6857142857142857,1.0,0.0,57,93,0.7,0.7619047619047619,0.23809523809523808,8,17,0.9,0.6,0.4,3,6
10,0.69,0.84,229.40000000000003,446,70,172,0,79,False,-1,none,0.3,0.77,0.78,0.54,0.67,0.5,0.6285714285714286,1.0,0.0,58,82,0.85,0.8076923076923077,0.19230769230769232,8,16,0.8,0.7857142857142857,0.21428571428571427,3,5
10,0.63,0.78,207.20000000000002,452,87,158,0,77,False,-1,none,0.3,0.72,0.78,0.53,0.71,0.49,0.5714285714285714,1.0,0.0,49,78,0.7,0.8571428571428571,0.14285714285714285,6,16,0.9,0.8235294117647058,0.17647058823529413,3,6
10,0.6,0.72,195.59999999999994,458,104,156,0,73,False,-1,none,0.3,0.77,0.75,0.56,0.75,0.49,0.5714285714285714,1.0,0.0,44,85,0.65,0.8888888888888888,0.1111111111111111,5,15,0.7,0.6428571428571429,0.35714285714285715,1,6
10,0.64,0.74,198.39999999999998,456,74,165,0,57,False,-1,none,0.3,0.73,0.69,0.52,0.65,0.54,0.6285714285714286,1.0,0.0,55,84,0.65,0.8823529411764706,0.11764705882352941,4,15,0.7,0.6923076923076923,0.3076923076923077,2,5
10,0.7,0.84,211.79999999999998,446,88,198,0,80,False,-1,none,0.3,0.85,0.85,0.57,0.79,0.64,0.6571428571428571,1.0,0.0,63,103,0.75,0.8421052631578947,0.15789473684210525,5,16,0.9,0.8421052631578947,0.15789473684210525,4,7
10,0.64,0.75,193.39999999999998,455,104,165,0,71,False,-1,none,0.3,0.8,0.82,0.59,0.72,0.51,0.5857142857142857,1.0,0.0,53,88,0.75,0.8095238095238095,0.19047619047619047,13,10,0.8,0.9230769230769231,0.07692307692307693,0,1
10,0.65,0.78,218.0,452,90,170,0,82,False,-1,none,0.3,0.81,0.78,0.51,0.75,0.53,0.6,1.0,0.0,49,91,0.75,0.8,0.2,8,12,0.8,0.6875,0.3125,4,6
10,0.73,0.88,235.39999999999998,442,103,167,0,87,True,3,Shigh,0.3,0.87,0.86,0.52,0.78,0.55,0.7,1.0,0.0,53,91,0.8,0.6086956521739131,0.391304347826087,8,11,0.8,0.75,0.25,0,4
10,0.58,0.68,189.6,462,97,154,0,76,False,-1,none,0.3,0.72,0.76,0.51,0.69,0.51,0.5142857142857142,1.0,0.0,44,84,0.65,0.8235294117647058,0.17647058823529413,5,13,0.9,0.5333333333333333,0.4666666666666667,4,4
10,0.73,0.86,234.99999999999997,444,75,185,0,89,False,-1,none,0.3,0.81,0.82,0.57,0.77,0.49,0.7285714285714285,1.0,0.0,63,91,0.65,0.7777777777777778,0.2222222222222222,10,13,0.9,0.7058823529411765,0.29411764705882354,3,5
10,0.65,0.8,221.39999999999998,450,91,184,0,75,False,-1,none,0.3,0.85,0.81,0.53,0.8,0.56,0.6142857142857143,1.0,0.0,52,102,0.7,0.7368421052631579,0.2631578947368421,10,10,0.8,0.6666666666666666,0.3333333333333333,5,5
10,0.66,0.77,213.79999999999995,453,102,175,0,76,False,-1,none,0.3,0.79,0.84,0.52,0.78,0.61,0.5714285714285714,1.0,0.0,46,91,0.85,0.75,0.25,13,23,0.9,0.7692307692307693,0.23076923076923078,0,2
10,0.66,0.78,206.64,452,91,183,0,73,True,2,Slow,0.3,0.82,0.8,0.57,0.77,0.56,0.6285714285714286,1.0,0.0,55,100,0.8,0.7142857142857143,0.2857142857142857,10,14,0.6,0.6923076923076923,0.3076923076923077,3,1
10,0.73,0.92,212.36,438,95,179,0,74,True,1,Slow,0.3,0.83,0.86,0.55,0.83,0.59,0.6857142857142857,1.0,0.0,55,97,0.85,0.9629629629629629,0.037037037037037035,1,20,0.8,0.7058823529411765,0.29411764705882354,3,3
11,0.61,0.86,169.60000000000005,444,113,137,0,64,False,-1,none,0.3,0.75,0.78,0.6,0.7,0.53,0.4714285714285714,1.0,0.0,35,83,0.9,0.8387096774193549,0.16129032258064516,1,16,1.0,0.75,0.25,0,2
11,0.65,0.85,178.19999999999993,445,116,158,0,86,False,-1,none,0.3,0.83,0.84,0.57,0.84,0.51,0.6142857142857143,1.0,0.0,43,96,0.7,0.9047619047619048,0.09523809523809523,3,10,0.8,0.7368421052631579,0.2631578947368421,2,4
11,0.64,0.75,198.0,455,129,154,0,77,False,-1,none,0.3,0.83,0.86,0.54,0.78,0.57,0.5571428571428572,1.0,0.0,41,90,0.8,0.7368421052631579,0.2631578947368421,4,15,0.9,0.5882352941176471,0.4117647058823529,1,3
11,0.6,0.7,198.00000000000003,460,104,168,0,63,False,-1,none,0.3,0.79,0.78,0.53,0.75,0.57,0.5428571428571428,1.0,0.0,38,95,0.7,0.8421052631578947,0.15789473684210525,8,17,0.8,0.46153846153846156,0.5384615384615384,6,4
11,0.61,0.7,196.79999999999995,460,83,174,0,63,False,-1,none,0.3,0.78,0.75,0.49,0.69,0.56,0.5857142857142857,1.0,0.0,48,90,0.65,0.8,0.2,8,20,0.7,0.7857142857142857,0.21428571428571427,3,5
11,0.67,0.79,205.00000000000003,451,110,157,0,89,True,4,Shigh,0.3,0.83,0.79,0.56,0.74,0.54,0.6714285714285714,1.0,0.0,47,93,0.6,0.8421052631578947,0.15789473684210525,3,8,0.8,0.7692307692307693,0.23076923076923078,3,3
11,0.64,0.74,196.55999999999992,456,90,171,0,65,True,4,Shigh,0.3,0.76,0.78,0.57,0.74,0.5,0.6428571428571429,1.0,0.0,58,95,0.65,0.8421052631578947,0.15789473684210525,5,12,0.6,0.7,0.3,0,1
11,0.61,0.73,180.23999999999998,457,101,150,0,81,True,0,Slow,0.3,0.74,0.77,0.59,0.72,0.42,0.5428571428571428,1.0,0.0,47,81,0.75,0.8260869565217391,0.17391304347826086,7,13,0.8,0.75,0.25,1,1
11,0.71,0.84,234.80000000000004,446,76,200,0,75,False,-1,none,0.3,0.83,0.85,0.56,0.82,0.54,0.6857142857142857,1.0,0.0,61,98,0.85,0.8571428571428571,0.14285714285714285,14,21,0.6,0.375,0.625,3,3
11,0.62,0.72,193.51999999999998,458,89,166,0,63,True,0,Slow,0.3,0.74,0.77,0.54,0.69,0.53,0.5714285714285714,1.0,0.0,49,88,0.75,0.8,0.2,8,15,0.7,0.5833333333333334,0.4166666666666667,4,2
11,0.73,0.87,220.60000000000002,443,97,187,0,69,False,-1,none,0.3,0.87,0.86,0.61,0.79,0.58,0.7,1.0,0.0,55,99,0.8,0.9166666666666666,0.08333333333333333,7,18,0.8,0.8571428571428571,0.14285714285714285,3,5
11,0.62,0.78,190.4,452,105,158,0,79,False,-1,none,0.3,0.77,0.82,0.52,0.75,0.55,0.5142857142857142,1.0,0.0,40,83,0.9,0.9310344827586207,0.06896551724137931,5,23,0.8,1.0,0.0,0,7
11,0.69,0.82,215.80000000000004,448,73,180,0,70,False,-1,none,0.3,0.8,0.76,0.52,0.74,0.53,0.7,1.0,0.0,55,89,0.6,0.8125,0.1875,8,15,0.8,0.8235294117647058,0.17647058823529413,4,9
11,0.72,0.87,233.40000000000003,443,89,175,0,84,False,-1,none,0.3,0.83,0.82,0.54,0.81,0.51,0.6857142857142857,1.0,0.0,52,89,0.75,0.8,0.2,8,20,0.9,0.7894736842105263,0.21052631578947367,1,5
11,0.66,0.74,197.6,456,106,163,0,67,False,-1,none,0.3,0.76,0.78,0.55,0.74,0.6,0.6,1.0,0.0,36,95,0.7,0.8947368421052632,0.10526315789473684,6,18,1.0,0.6923076923076923,0.3076923076923077,3,5
11,0.63,0.77,220.39999999999998,453,90,163,0,75,False,-1,none,0.3,0.77,0.75,0.5,0.72,0.56,0.5428571428571428,1.0,0.0,42,84,0.8,0.8260869565217391,0.17391304347826086,8,18,0.9,0.625,0.375,6,5
11,0.71,0.79,220.4,451,101,169,0,81,False,-1,none,0.3,0.82,0.81,0.56,0.76,0.54,0.7142857142857143,1.0,0.0,53,93,0.7,0.6875,0.3125,5,13,0.7,0.6923076923076923,0.3076923076923077,3,2
11,0.72,0.84,209.40000000000003,446,105,181,0,65,False,-1,none,0.3,0.84,0.83,0.61,0.8,0.62,0.7142857142857143,1.0,0.0,51,105,0.75,0.9047619047619048,0.09523809523809523,3,20,0.7,0.8461538461538461,0.15384615384615385,1,1
11,0.68,0.81,226.60000000000002,449,96,169,0,79,False,-1,none,0.3,0.82,0.8,0.5,0.79,0.55,0.5857142857142857,1.0,0.0,48,87,0.85,0.9166666666666666,0.08333333333333333,4,19,1.0,0.5625,0.4375,6,5
11,0.64,0.79,216.2,451,101,163,0,67,False,-1,none,0.3,0.8,0.78,0.6,0.74,0.51,0.5857142857142857,1.0,0.0,43,87,0.7,0.8571428571428571,0.14285714285714285,9,15,0.9,0.6470588235294118,0.35294117647058826,5,4
11,0.58,0.66,173.40000000000003,464,118,152,0,69,False,-1,none,0.3,0.78,0.75,0.5,0.74,0.59,0.5428571428571428,1.0,0.0,34,91,0.7,0.7222222222222222,0.2777777777777778,10,13,0.6,0.8,0.2,1,3
11,0.57,0.66,176.8,464,108,165,0,66,False,-1,none,0.3,0.76,0.77,0.54,0.74,0.58,0.5428571428571428,1.0,0.0,33,97,0.65,0.7777777777777778,0.2222222222222222,11,16,0.6,0.7,0.3,3,5
11,0.65,0.77,217.79999999999998,453,103,161,0,84,False,-1,none,0.3,0.84,0.76,0.49,0.75,0.57,0.5714285714285714,1.0,0.0,44,93,0.85,0.7727272727272727,0.22727272727272727,6,13,0.8,0.6666666666666666,0.3333333333333333,1,4
11,0.63,0.75,195.2,455,120,158,0,72,True,3,Shigh,0.3,0.79,0.82,0.65,0.75,0.52,0.5857142857142857,1.0,0.0,48,92,0.7,0.7894736842105263,0.21052631578947367,3,9,0.8,0.7333333333333333,0.26666666666666666,0,6
11,0.65,0.77,191.20000000000002,453,82,179,0,77,False,-1,none,0.3,0.79,0.78,0.48,0.74,0.59,0.6285714285714286,1.0,0.0,53,100,0.65,0.9473684210526315,0.05263157894736842,3,18,0.8,0.8571428571428571,0.14285714285714285,1,4
11,0.66,0.74,184.79999999999998,456,112,159,0,80,False,-1,none,0.3,0.8,0.81,0.59,0.75,0.5,0.6428571428571429,1.0,0.0,48,90,0.7,0.7647058823529411,0.23529411764705882,6,12,0.7,0.8333333333333334,0.16666666666666666,1,2
11,0.68,0.8,207.6,450,107,177,0,76,False,-1,none,0.3,0.83,0.84,0.62,0.78,0.57,0.6714285714285714,1.0,0.0,51,91,0.75,0.85,0.15,7,23,0.6,0.8461538461538461,0.15384615384615385,1,4
11,0.6,0.72,189.6,458,88,147,0,83,False,-1,none,0.3,0.72,0.72,0.49,0.7,0.44,0.5857142857142857,1.0,0.0,40,85,0.65,0.9523809523809523,0.047619047619047616,2,12,0.6,0.5,0.5,6,2
11,0.66,0.74,199.0,456,117,164,0,65,False,-1,none,0.3,0.81,0.75,0.6,0.8,0.59,0.6571428571428571,1.0,0.0,39,100,0.65,0.7058823529411765,0.29411764705882354,10,11,0.7,0.8181818181818182,0.18181818181818182,0,4
11,0.67,0.78,191.6,452,110,169,0,63,False,-1,none,0.3,0.8,0.79,0.55,0.8,0.63,0.6571428571428571,1.0,0.0,42,102,0.75,0.75,0.25,6,13,0.6,0.5833333333333334,0.4166666666666667,3,3
11,0.69,0.78,199.24000000000004,452,115,159,0,93,True,2,Slow,0.3,0.82,0.84,0.56,0.77,0.53,0.6,1.0,0.0,41,90,0.9,0.782608695652174,0.21739130434782608,9,18,0.9,0.8461538461538461,0.15384615384615385,0,1
11,0.7,0.8,201.20000000000002,450,94,186,0,85,False,-1,none,0.3,0.86,0.84,0.61,0.82,0.47,0.7142857142857143,1.0,0.0,70,89,0.6,0.8235294117647058,0.17647058823529413,5,15,0.8,0.6923076923076923,0.3076923076923077,2,5
11,0.65,0.75,209.40000000000003,455,100,180,0,80,False,-1,none,0.3,0.83,0.78,0.55,0.82,0.57,0.6571428571428571,1.0,0.0,51,102,0.6,0.875,0.125,3,14,0.7,0.5384615384615384,0.46153846153846156,5,5
11,0.64,0.75,201.8,455,99,184,0,77,False,-1,none,0.3,0.84,0.81,0.51,0.79,0.63,0.6428571428571429,1.0,0.0,57,101,0.55,0.8666666666666667,0.13333333333333333,3,12,0.8,0.6,0.4,4,7
11,0.7,0.83,216.00000000000003,447,87,170,0,75,False,-1,none,0.3,0.81,0.79,0.56,0.72,0.52,0.6714285714285714,1.0,0.0,56,87,0.75,0.8571428571428571,0.14285714285714285,5,15,0.8,0.8,0.2,3,4
11,0.71,0.81,212.20000000000002,449,105,169,0,60,False,-1,none,0.3,0.79,0.8,0.63,0.76,0.57,0.6142857142857143,1.0,0.0,47,87,1.0,0.8846153846153846,0.11538461538461539,11,22,0.8,0.75,0.25,1,1
11,0.61,0.7,198.0,460,98,153,0,74,False,-1,none,0.3,0.73,0.76,0.51,0.7,0.51,0.6,1.0,0.0,43,86,0.65,0.7222222222222222,0.2777777777777778,7,14,0.6,0.6,0.4,1,2
11,0.65,0.8,215.79999999999998,450,102,183,0,80,False,-1,none,0.3,0.83,0.82,0.59,0.82,0.59,0.5571428571428572,1.0,0.0,46,96,0.85,0.84,0.16,11,18,0.9,0.75,0.25,7,5
11,0.64,0.77,196.6,453,113,175,0,85,False,-1,none,0.3,0.83,0.86,0.61,0.79,0.56,0.5714285714285714,1.0,0.0,47,97,0.75,0.9565217391304348,0.043478260869565216,3,16,0.9,0.7142857142857143,0.2857142857142857,4,8
11,0.72,0.87,230.8,443,87,186,0,75,False,-1,none,0.3,0.81,0.83,0.55,0.8,0.61,0.7,1.0,0.0,57,99,0.7,0.9545454545454546,0.045454545454545456,5,16,0.9,0.625,0.375,5,4
11,0.74,0.88,239.40000000000003,442,101,161,0,85,True,4,Shigh,0.3,0.81,0.81,0.56,0.79,0.53,0.6857142857142857,1.0,0.0,45,90,0.85,0.76,0.24,7,14,0.9,0.6666666666666666,0.3333333333333333,3,2
11,0.73,0.81,224.0,449,87,182,0,75,False,-1,none,0.3,0.83,0.8,0.54,0.77,0.56,0.7285714285714285,1.0,0.0,57,95,0.6,0.8,0.2,7,16,1.0,0.6666666666666666,0.3333333333333333,2,5
11,0.65,0.72,180.68,458,118,184,0,86,True,2,Slow,0.3,0.87,0.86,0.57,0.8,0.64,0.6285714285714286,1.0,0.0,54,101,0.65,0.8,0.2,8,16,0.8,0.7692307692307693,0.23076923076923078,3,2
11,0.76,0.88,238.60000000000002,442,80,181,0,76,False,-1,none,0.3,0.81,0.79,0.55,0.76,0.58,0.7571428571428571,1.0,0.0,52,95,0.75,0.75,0.25,11,17,0.8,0.7333333333333333,0.26666666666666666,0,6
11,0.64,0.73,203.20000000000005,457,89,157,0,76,False,-1,none,0.3,0.73,0.78,0.52,0.67,0.49,0.6285714285714286,1.0,0.0,46,78,0.7,0.625,0.375,14,16,0.6,0.6923076923076923,0.3076923076923077,0,3
11,0.73,0.89,237.60000000000002,441,77,176,0,88,False,-1,none,0.3,0.8,0.81,0.56,0.73,0.52,0.6857142857142857,1.0,0.0,55,88,0.8,0.76,0.24,13,11,0.9,0.6875,0.3125,5,4
11,0.65,0.78,206.56,452,114,163,0,75,True,4,Shigh,0.3,0.83,0.81,0.51,0.8,0.6,0.5857142857142857,1.0,0.0,44,96,0.8,0.782608695652174,0.21739130434782608,7,12,0.8,0.7857142857142857,0.21428571428571427,1,3
11,0.63,0.71,207.6,459,107,150,0,77,False,-1,none,0.3,0.76,0.74,0.5,0.71,0.57,0.5285714285714286,1.0,0.0,27,86,0.8,0.7894736842105263,0.21052631578947367,9,17,1.0,0.6,0.4,8,3
11,0.68,0.8,197.99999999999997,450,101,154,0,80,False,-1,none,0.3,0.8,0.8,0.59,0.71,0.45,0.6571428571428571,1.0,0.0,48,83,0.7,0.9,0.1,4,16,0.8,0.9285714285714286,0.07142857142857142,1,2
11,0.64,0.69,179.39999999999998,461,92,172,0,72,False,-1,none,0.3,0.76,0.8,0.53,0.75,0.49,0.6714285714285714,1.0,0.0,62,94,0.5,0.8,0.2,4,8,0.7,0.75,0.25,3,1
11,0.73,0.84,219.20000000000002,446,97,174,0,80,False,-1,none,0.3,0.84,0.8,0.58,0.76,0.57,0.7428571428571429,1.0,0.0,53,95,0.7,0.8421052631578947,0.15789473684210525,7,16,0.7,0.7692307692307693,0.23076923076923078,0,3
11,0.71,0.88,226.79999999999998,442,103,183,0,71,False,-1,none,0.3,0.84,0.85,0.64,0.8,0.61,0.6571428571428571,1.0,0.0,49,99,0.8,0.92,0.08,8,22,0.9,0.8235294117647058,0.17647058823529413,3,2
11,0.73,0.87,221.88000000000002,443,86,181,0,71,True,2,Slow,0.3,0.82,0.82,0.54,0.8,0.56,0.7428571428571429,1.0,0.0,58,96,0.55,0.6875,0.3125,8,12,1.0,0.7368421052631579,0.2631578947368421,2,5
11,0.7,0.8,213.60000000000002,450,94,183,0,78,False,-1,none,0.3,0.82,0.82,0.51,0.78,0.64,0.6428571428571429,1.0,0.0,49,94,0.85,0.8636363636363636,0.13636363636363635,6,18,0.8,0.5384615384615384,0.46153846153846156,7,9
11,0.59,0.73,212.0,457,102,148,0,72,False,-1,none,0.3,0.76,0.76,0.54,0.69,0.48,0.4857142857142857,1.0,0.0,50,70,0.8,0.7391304347826086,0.2608695652173913,7,15,0.9,0.5625,0.4375,3,3
11,0.61,0.72,191.8,458,117,168,0,68,False,-1,none,0.3,0.83,0.83,0.6,0.75,0.56,0.5857142857142857,1.0,0.0,47,98,0.65,0.7894736842105263,0.21052631578947367,6,13,0.7,0.75,0.25,2,2
11,0.69,0.79,185.65999999999997,451,99,162,0,75,True,1,Slow,0.3,0.8,0.82,0.51,0.71,0.56,0.6714285714285714,1.0,0.0,50,91,0.6,0.8,0.2,5,12,1.0,0.8235294117647058,0.17647058823529413,3,1
11,0.65,0.72,196.0,458,83,182,0,73,False,-1,none,0.3,0.8,0.79,0.56,0.74,0.48,0.6857142857142857,1.0,0.0,56,95,0.6,0.6666666666666666,0.3333333333333333,13,11,0.5,0.7777777777777778,0.2222222222222222,4,3
11,0.65,0.78,209.2,452,68,193,0,81,False,-1,none,0.3,0.77,0.77,0.47,0.8,0.58,0.6714285714285714,1.0,0.0,51,101,0.6,0.7777777777777778,0.2222222222222222,8,21,0.6,0.8461538461538461,0.15384615384615385,6,6
11,0.73,0.89,246.00000000000006,441,84,186,0,76,False,-1,none,0.3,0.83,0.83,0.57,0.76,0.6,0.7285714285714285,1.0,0.0,58,98,0.75,0.68,0.32,10,12,0.7,0.6923076923076923,0.3076923076923077,2,6
11,0.73,0.83,211.8,447,99,194,0,79,False,-1,none,0.3,0.87,0.89,0.62,0.85,0.53,0.7571428571428571,1.0,0.0,58,100,0.7,0.9545454545454546,0.045454545454545456,3,21,0.6,0.625,0.375,6,6
11,0.65,0.76,201.8,454,107,167,0,85,False,-1,none,0.3,0.82,0.82,0.58,0.76,0.52,0.6428571428571429,1.0,0.0,47,91,0.65,0.8888888888888888,0.1111111111111111,6,15,0.7,0.6923076923076923,0.3076923076923077,2,6
11,0.66,0.79,206.79999999999998,451,94,165,0,77,False,-1,none,0.3,0.79,0.78,0.55,0.78,0.48,0.6285714285714286,1.0,0.0,47,92,0.7,0.7894736842105263,0.21052631578947367,7,13,0.8,0.875,0.125,1,5
11,0.65,0.77,213.24,453,121,160,0,82,True,4,Shigh,0.3,0.8,0.88,0.59,0.76,0.55,0.5714285714285714,1.0,0.0,48,90,0.75,0.6842105263157895,0.3157894736842105,8,10,1.0,0.7222222222222222,0.2777777777777778,1,3
11,0.71,0.8,203.00000000000003,450,83,180,0,82,False,-1,none,0.3,0.82,0.81,0.52,0.73,0.55,0.7285714285714285,1.0,0.0,54,97,0.7,0.8947368421052632,0.10526315789473684,6,17,0.6,0.8,0.2,2,4
11,0.67,0.74,191.8,456,97,182,0,72,False,-1,none,0.3,0.83,0.8,0.57,0.8,0.53,0.6428571428571429,1.0,0.0,59,93,0.75,0.8823529411764706,0.11764705882352941,4,18,0.7,0.75,0.25,4,4
12,0.7,0.92,179.20000000000005,438,99,154,0,70,False,-1,none,0.3,0.81,0.81,0.54,0.76,0.53,0.7,1.0,0.0,44,94,0.65,0.7,0.3,9,3,0.8,0.7894736842105263,0.21052631578947367,1,3
12,0.72,0.89,196.19999999999993,441,116,162,0,68,False,-1,none,0.3,0.85,0.86,0.61,0.81,0.54,0.6571428571428571,1.0,0.0,45,88,0.85,0.8076923076923077,0.19230769230769232,7,13,0.9,0.6875,0.3125,2,7
12,0.62,0.69,174.0,461,113,151,0,82,False,-1,none,0.3,0.78,0.79,0.54,0.75,0.47,0.6,1.0,0.0,46,85,0.7,0.625,0.375,5,9,0.6,0.7272727272727273,0.2727272727272727,4,2
12,0.67,0.82,211.20000000000005,448,99,177,0,72,False,-1,none,0.3,0.82,0.83,0.58,0.8,0.55,0.6,1.0,0.0,44,100,0.8,0.8333333333333334,0.16666666666666666,10,13,0.9,0.8125,0.1875,3,7
12,0.66,0.76,191.99999999999994,454,97,177,0,75,False,-1,none,0.3,0.81,0.82,0.57,0.8,0.5,0.6571428571428571,1.0,0.0,54,93,0.6,0.9411764705882353,0.058823529411764705,3,20,0.8,0.9230769230769231,0.07692307692307693,0,7
12,0.67,0.81,200.99999999999994,449,78,183,0,68,False,-1,none,0.3,0.75,0.79,0.58,0.75,0.55,0.6571428571428571,1.0,0.0,59,98,0.65,0.7619047619047619,0.23809523809523808,10,12,0.8,0.8571428571428571,0.14285714285714285,1,3
12,0.73,0.88,222.0,442,97,160,0,85,True,2,Slow,0.3,0.83,0.81,0.54,0.77,0.5,0.6714285714285714,1.0,0.0,53,88,0.9,0.68,0.32,7,10,0.8,0.75,0.25,1,1
12,0.68,0.83,204.24,447,90,175,0,57,True,2,Slow,0.3,0.77,0.77,0.56,0.76,0.62,0.6571428571428571,1.0,0.0,54,95,0.7,0.782608695652174,0.21739130434782608,9,9,0.8,0.6428571428571429,0.35714285714285715,3,5
12,0.61,0.77,184.39999999999998,453,87,169,0,62,False,-1,none,0.3,0.77,0.75,0.55,0.74,0.52,0.6,1.0,0.0,47,95,0.65,0.9130434782608695,0.08695652173913043,3,17,0.6,0.75,0.25,4,3
12,0.63,0.76,204.19999999999996,454,105,163,0,71,False,-1,none,0.3,0.81,0.8,0.54,0.77,0.52,0.5285714285714286,1.0,0.0,49,89,0.9,0.8148148148148148,0.18518518518518517,7,14,0.8,0.75,0.25,2,2
12,0.64,0.77,193.79999999999995,453,95,155,0,63,False,-1,none,0.3,0.76,0.73,0.52,0.72,0.54,0.5857142857142857,1.0,0.0,45,86,0.8,0.8181818181818182,0.18181818181818182,7,15,0.7,0.6428571428571429,0.35714285714285715,2,0
12,0.72,0.86,220.79999999999998,444,83,172,0,79,False,-1,none,0.3,0.81,0.8,0.48,0.74,0.58,0.6714285714285714,1.0,0.0,53,94,0.85,1.0,0.0,2,16,0.8,0.6666666666666666,0.3333333333333333,3,4
12,0.67,0.78,192.6,452,117,161,0,84,False,-1,none,0.3,0.84,0.81,0.6,0.79,0.52,0.6142857142857143,1.0,0.0,55,89,0.8,0.9166666666666666,0.08333333333333333,1,15,0.8,0.8181818181818182,0.18181818181818182,0,1
12,0.71,0.86,236.4,444,88,158,0,88,False,-1,none,0.3,0.82,0.8,0.5,0.75,0.45,0.6428571428571429,1.0,0.0,49,84,0.85,0.8461538461538461,0.15384615384615385,8,11,0.9,0.6,0.4,3,3
12,0.68,0.84,225.59999999999997,446,100,174,0,62,False,-1,none,0.3,0.79,0.84,0.6,0.76,0.59,0.6571428571428571,1.0,0.0,53,96,0.6,0.8888888888888888,0.1111111111111111,5,12,1.0,0.7,0.3,4,4
12,0.64,0.74,211.79999999999995,456,97,155,0,69,False,-1,none,0.3,0.76,0.74,0.55,0.74,0.47,0.5571428571428572,1.0,0.0,48,80,0.9,0.8181818181818182,0.18181818181818182,8,11,0.7,0.6153846153846154,0.38461538461538464,5,3
12,0.7,0.81,226.79999999999995,449,101,178,0,80,False,-1,none,0.3,0.84,0.86,0.56,0.77,0.57,0.6857142857142857,1.0,0.0,52,94,0.7,0.75,0.25,12,13,0.8,0.6153846153846154,0.38461538461538464,3,4
12,0.63,0.73,196.79999999999995,457,119,168,0,65,False,-1,none,0.3,0.81,0.79,0.59,0.8,0.61,0.5857142857142857,1.0,0.0,42,94,0.75,0.8,0.2,5,19,0.7,0.5,0.5,5,3
12,0.73,0.96,229.20000000000005,434,103,159,0,82,True,3,Shigh,0.3,0.85,0.84,0.64,0.69,0.56,0.6714285714285714,1.0,0.0,56,83,0.8,0.7,0.3,5,10,1.0,0.6842105263157895,0.3157894736842105,0,5
12,0.63,0.71,197.39999999999998,459,92,155,0,77,False,-1,none,0.3,0.74,0.71,0.54,0.71,0.48,0.5285714285714286,1.0,0.0,47,77,0.9,0.8,0.2,7,16,0.8,0.7857142857142857,0.21428571428571427,5,3
12,0.66,0.73,208.79999999999995,457,89,167,0,81,False,-1,none,0.3,0.79,0.8,0.48,0.71,0.51,0.6142857142857143,1.0,0.0,52,84,0.8,0.7894736842105263,0.21052631578947367,8,15,0.7,0.45454545454545453,0.5454545454545454,4,4
12,0.68,0.79,203.87999999999997,451,92,160,0,89,True,1,Slow,0.3,0.8,0.77,0.51,0.73,0.5,0.6428571428571429,1.0,0.0,45,85,0.75,0.75,0.25,7,15,0.8,0.7142857142857143,0.2857142857142857,1,7
12,0.74,0.82,202.24000000000007,448,95,184,0,84,True,2,Slow,0.3,0.88,0.83,0.59,0.81,0.5,0.7285714285714285,1.0,0.0,63,95,0.85,0.8571428571428571,0.14285714285714285,5,14,0.6,0.6,0.4,3,4
12,0.64,0.76,214.19999999999996,454,107,182,0,55,False,-1,none,0.3,0.8,0.84,0.58,0.79,0.64,0.6142857142857143,1.0,0.0,49,109,0.7,0.8421052631578947,0.15789473684210525,1,11,0.7,0.5714285714285714,0.42857142857142855,7,5
12,0.7,0.84,212.2,446,81,200,0,60,False,-1,none,0.3,0.8,0.83,0.6,0.8,0.62,0.6714285714285714,1.0,0.0,59,98,0.75,0.7,0.3,16,16,0.8,0.8235294117647058,0.17647058823529413,3,8
12,0.66,0.77,218.99999999999994,453,82,163,0,73,False,-1,none,0.3,0.76,0.72,0.53,0.69,0.52,0.6571428571428571,1.0,0.0,51,85,0.5,0.7333333333333333,0.26666666666666666,7,9,1.0,0.6875,0.3125,5,6
12,0.62,0.71,203.39999999999995,459,102,152,0,80,False,-1,none,0.3,0.78,0.73,0.54,0.69,0.51,0.5571428571428572,1.0,0.0,43,81,0.7,0.8888888888888888,0.1111111111111111,8,11,0.9,0.5,0.5,5,4
12,0.64,0.72,194.39999999999998,458,104,160,0,74,False,-1,none,0.3,0.77,0.79,0.54,0.73,0.53,0.6,1.0,0.0,53,90,0.75,0.8947368421052632,0.10526315789473684,2,10,0.7,0.6363636363636364,0.36363636363636365,2,3
12,0.75,0.87,235.20000000000005,443,74,200,0,69,False,-1,none,0.3,0.85,0.83,0.52,0.78,0.63,0.7571428571428571,1.0,0.0,60,103,0.65,0.8421052631578947,0.15789473684210525,9,18,0.9,0.8,0.2,1,9
12,0.67,0.82,194.40000000000003,448,90,158,0,75,False,-1,none,0.3,0.79,0.76,0.5,0.72,0.53,0.6285714285714286,1.0,0.0,46,89,0.8,0.88,0.12,4,16,0.7,0.7692307692307693,0.23076923076923078,1,2
12,0.67,0.74,191.99999999999997,456,101,183,0,72,False,-1,none,0.3,0.84,0.84,0.58,0.79,0.53,0.6714285714285714,1.0,0.0,63,97,0.65,0.9375,0.0625,2,14,0.7,0.7272727272727273,0.2727272727272727,4,3
12,0.64,0.76,205.44,454,91,170,0,78,True,2,Slow,0.3,0.78,0.79,0.51,0.69,0.6,0.6142857142857143,1.0,0.0,50,88,0.65,0.7058823529411765,0.29411764705882354,7,16,0.8,0.6666666666666666,0.3333333333333333,2,7
12,0.68,0.81,202.19999999999993,449,94,171,0,94,False,-1,none,0.3,0.79,0.84,0.57,0.78,0.48,0.6428571428571429,1.0,0.0,55,92,0.75,0.9090909090909091,0.09090909090909091,3,14,0.8,0.6428571428571429,0.35714285714285715,2,5
12,0.67,0.75,198.60000000000002,455,106,169,0,85,False,-1,none,0.3,0.84,0.82,0.51,0.77,0.56,0.6285714285714286,1.0,0.0,53,92,0.9,0.8333333333333334,0.16666666666666666,3,17,0.5,0.8571428571428571,0.14285714285714285,1,3
12,0.7,0.81,218.39999999999998,449,86,174,0,69,False,-1,none,0.3,0.8,0.8,0.57,0.72,0.52,0.6857142857142857,1.0,0.0,62,91,0.65,0.75,0.25,6,10,0.9,0.7647058823529411,0.23529411764705882,1,4
12,0.66,0.79,184.44000000000003,451,111,169,0,76,True,0,Slow,0.3,0.82,0.82,0.57,0.76,0.62,0.6428571428571429,1.0,0.0,39,102,0.7,0.75,0.25,5,14,0.7,0.5,0.5,6,3
12,0.64,0.8,213.60000000000002,450,82,168,0,70,False,-1,none,0.3,0.73,0.76,0.53,0.71,0.57,0.6285714285714286,1.0,0.0,51,89,0.65,0.9166666666666666,0.08333333333333333,6,16,0.7,0.6666666666666666,0.3333333333333333,0,6
12,0.77,0.88,252.6,442,103,181,0,83,False,-1,none,0.3,0.88,0.83,0.59,0.8,0.62,0.7285714285714285,1.0,0.0,49,100,0.85,0.7272727272727273,0.2727272727272727,9,12,0.9,0.6666666666666666,0.3333333333333333,6,5
12,0.75,0.88,261.6,442,87,193,0,77,False,-1,none,0.3,0.85,0.88,0.59,0.8,0.56,0.6857142857142857,1.0,0.0,59,88,0.95,0.68,0.32,16,19,0.8,0.6,0.4,5,6
12,0.68,0.8,227.39999999999998,450,73,175,0,77,False,-1,none,0.3,0.8,0.78,0.49,0.73,0.48,0.6714285714285714,1.0,0.0,58,90,0.7,0.65,0.35,14,7,0.7,0.8461538461538461,0.15384615384615385,2,4
12,0.69,0.78,209.15999999999997,452,90,176,0,71,True,2,Slow,0.3,0.81,0.82,0.53,0.76,0.52,0.6714285714285714,1.0,0.0,56,86,0.75,0.631578947368421,0.3684210526315789,15,13,0.7,0.8333333333333334,0.16666666666666666,2,4
12,0.68,0.76,226.79999999999995,454,83,176,0,75,False,-1,none,0.3,0.75,0.8,0.51,0.72,0.57,0.6571428571428571,1.0,0.0,54,87,0.8,0.65,0.35,10,16,0.6,0.5,0.5,5,4
12,0.7,0.82,222.0,448,87,187,0,84,False,-1,none,0.3,0.81,0.83,0.55,0.79,0.58,0.6571428571428571,1.0,0.0,62,100,0.85,0.6666666666666666,0.3333333333333333,14,5,0.7,0.8333333333333334,0.16666666666666666,2,4
12,0.74,0.83,241.8,447,86,192,0,79,False,-1,none,0.3,0.83,0.82,0.59,0.77,0.6,0.7142857142857143,1.0,0.0,62,96,0.85,0.75,0.25,10,18,0.7,0.5384615384615384,0.46153846153846156,3,3
12,0.7,0.8,213.59999999999997,450,107,176,0,67,False,-1,none,0.3,0.84,0.81,0.68,0.74,0.56,0.6428571428571429,1.0,0.0,58,87,0.8,0.9523809523809523,0.047619047619047616,4,15,0.9,0.6428571428571429,0.35714285714285715,5,7
12,0.66,0.83,220.44000000000005,447,93,163,0,71,True,2,Slow,0.3,0.79,0.77,0.51,0.79,0.53,0.6,1.0,0.0,42,93,0.75,0.9166666666666666,0.08333333333333333,4,15,0.9,0.5625,0.4375,7,2
12,0.76,0.94,210.71999999999997,436,102,178,0,81,True,0,Slow,0.3,0.88,0.87,0.59,0.83,0.57,0.7428571428571429,1.0,0.0,54,98,0.85,0.8571428571428571,0.14285714285714285,4,19,0.7,0.8571428571428571,0.14285714285714285,0,3
12,0.72,0.86,232.60000000000002,444,89,184,0,66,False,-1,none,0.3,0.82,0.83,0.55,0.82,0.57,0.6714285714285714,1.0,0.0,57,98,0.8,0.8333333333333334,0.16666666666666666,7,14,0.9,0.7333333333333333,0.26666666666666666,1,7
12,0.63,0.74,169.5999999999999,456,109,164,0,73,False,-1,none,0.3,0.77,0.79,0.59,0.75,0.57,0.6428571428571429,1.0,0.0,47,98,0.6,0.8823529411764706,0.11764705882352941,1,13,0.6,0.75,0.25,1,4
12,0.56,0.68,167.79999999999998,462,109,158,0,85,False,-1,none,0.3,0.8,0.78,0.53,0.76,0.48,0.5142857142857142,1.0,0.0,46,91,0.65,0.95,0.05,4,13,0.7,0.6666666666666666,0.3333333333333333,3,1
12,0.64,0.75,194.39999999999995,455,69,161,0,60,False,-1,none,0.3,0.68,0.7,0.48,0.69,0.5,0.6571428571428571,1.0,0.0,52,85,0.55,0.875,0.125,5,13,0.7,0.8461538461538461,0.15384615384615385,0,6
12,0.65,0.75,213.0,455,103,165,0,87,False,-1,none,0.3,0.81,0.81,0.51,0.77,0.53,0.6142857142857143,1.0,0.0,52,89,0.65,0.7058823529411765,0.29411764705882354,5,11,0.9,0.7333333333333333,0.26666666666666666,2,6
12,0.68,0.85,228.6,445,92,177,0,66,False,-1,none,0.3,0.83,0.79,0.57,0.79,0.56,0.6142857142857143,1.0,0.0,57,87,0.75,0.92,0.08,6,19,1.0,0.7058823529411765,0.29411764705882354,2,6
12,0.64,0.77,197.99999999999994,453,92,163,0,63,False,-1,none,0.3,0.77,0.73,0.57,0.69,0.56,0.5857142857142857,1.0,0.0,49,88,0.75,0.9565217391304348,0.043478260869565216,4,15,0.8,0.7692307692307693,0.23076923076923078,3,4
12,0.73,0.89,236.4,441,89,199,0,78,False,-1,none,0.3,0.86,0.86,0.57,0.82,0.66,0.6857142857142857,1.0,0.0,54,104,0.85,0.8846153846153846,0.11538461538461539,10,20,0.8,0.8,0.2,2,9
12,0.69,0.84,212.39999999999995,446,82,168,0,76,True,0,Slow,0.3,0.78,0.78,0.56,0.72,0.5,0.6428571428571429,1.0,0.0,60,86,0.75,0.8260869565217391,0.17391304347826086,8,12,0.9,0.7333333333333333,0.26666666666666666,0,2
12,0.63,0.72,187.88,458,110,167,0,61,True,2,Slow,0.3,0.78,0.8,0.63,0.75,0.53,0.6,1.0,0.0,47,91,0.65,0.7894736842105263,0.21052631578947367,9,13,0.8,0.5454545454545454,0.45454545454545453,4,3
12,0.7,0.77,217.79999999999995,453,105,185,0,68,False,-1,none,0.3,0.83,0.84,0.61,0.81,0.58,0.6285714285714286,1.0,0.0,51,96,0.85,0.7894736842105263,0.21052631578947367,9,19,0.9,0.6428571428571429,0.35714285714285715,3,7
12,0.77,0.91,241.00000000000006,439,70,180,0,99,False,-1,none,0.3,0.82,0.82,0.46,0.79,0.52,0.7571428571428571,1.0,0.0,51,95,0.85,0.88,0.12,9,18,0.7,0.6153846153846154,0.38461538461538464,3,4
12,0.65,0.87,202.30000000000004,443,101,160,0,87,True,4,Shigh,0.3,0.81,0.78,0.6,0.71,0.58,0.5857142857142857,0.9761904761904762,0.023809523809523808,45,86,0.75,0.896551724137931,0.10344827586206896,6,17,0.9,0.75,0.25,2,4
12,0.73,0.83,225.0,447,86,185,0,81,False,-1,none,0.3,0.81,0.86,0.51,0.81,0.55,0.7428571428571429,1.0,0.0,62,97,0.7,0.85,0.15,7,13,0.7,0.6363636363636364,0.36363636363636365,3,3
12,0.75,0.87,227.40000000000003,443,79,178,0,81,False,-1,none,0.3,0.79,0.8,0.59,0.71,0.55,0.7571428571428571,1.0,0.0,64,91,0.8,0.8636363636363636,0.13636363636363635,4,14,0.6,0.8333333333333334,0.16666666666666666,1,4
12,0.73,0.84,227.40000000000003,446,83,210,0,58,False,-1,none,0.3,0.85,0.86,0.61,0.82,0.63,0.7285714285714285,1.0,0.0,72,100,0.65,0.7058823529411765,0.29411764705882354,10,19,0.9,0.875,0.125,2,7
12,0.71,0.81,228.0,449,87,187,0,75,False,-1,none,0.3,0.81,0.82,0.52,0.78,0.62,0.6714285714285714,1.0,0.0,49,95,0.95,0.6956521739130435,0.30434782608695654,13,23,0.5,0.7272727272727273,0.2727272727272727,3,4
12,0.72,0.9,236.09999999999997,440,107,175,0,73,True,3,Shigh,0.3,0.87,0.85,0.63,0.83,0.54,0.6714285714285714,1.0,0.0,48,98,0.95,0.8666666666666667,0.13333333333333333,9,17,0.6,0.6923076923076923,0.3076923076923077,1,2
12,0.67,0.79,225.59999999999997,451,96,188,0,77,False,-1,none,0.3,0.84,0.81,0.59,0.76,0.63,0.6714285714285714,1.0,0.0,60,99,0.65,0.7619047619047619,0.23809523809523808,8,14,0.7,0.36363636363636365,0.6363636363636364,3,4
13,0.65,0.83,171.20000000000005,447,134,156,0,77,False,-1,none,0.3,0.88,0.88,0.62,0.83,0.52,0.5714285714285714,1.0,0.0,45,91,0.9,0.6428571428571429,0.35714285714285715,11,9,0.7,0.8461538461538461,0.15384615384615385,0,0
13,0.68,0.78,161.99999999999997,452,115,152,0,70,False,-1,none,0.3,0.78,0.81,0.51,0.75,0.6,0.6714285714285714,1.0,0.0,41,95,0.6,0.8,0.2,6,9,0.9,0.7857142857142857,0.21428571428571427,1,0
13,0.54,0.65,150.0,465,108,140,0,67,False,-1,none,0.3,0.73,0.74,0.48,0.67,0.51,0.4714285714285714,1.0,0.0,31,77,0.7,0.8947368421052632,0.10526315789473684,5,23,0.7,0.7692307692307693,0.23076923076923078,0,4
13,0.58,0.7,180.40000000000003,460,86,151,0,78,False,-1,none,0.3,0.71,0.73,0.47,0.7,0.46,0.5571428571428572,1.0,0.0,41,85,0.55,0.8125,0.1875,9,14,0.8,0.8,0.2,0,2
13,0.72,0.81,208.79999999999998,449,78,201,0,80,False,-1,none,0.3,0.77,0.82,0.61,0.79,0.61,0.6857142857142857,1.0,0.0,66,101,0.75,1.0,0.0,5,22,0.9,0.7,0.3,2,5
13,0.69,0.79,211.79999999999998,451,80,188,0,68,False,-1,none,0.3,0.8,0.8,0.59,0.77,0.51,0.6571428571428571,1.0,0.0,57,90,0.8,0.9565217391304348,0.043478260869565216,5,26,0.7,0.6,0.4,7,3
13,0.69,0.81,205.79999999999995,449,85,182,0,77,False,-1,none,0.3,0.81,0.82,0.52,0.74,0.59,0.7,1.0,0.0,60,98,0.6,0.9375,0.0625,5,12,0.8,0.8125,0.1875,1,6
13,0.74,0.86,228.60000000000002,444,99,203,0,82,False,-1,none,0.3,0.88,0.89,0.64,0.88,0.59,0.7,1.0,0.0,61,109,0.75,0.9444444444444444,0.05555555555555555,2,16,1.0,0.7894736842105263,0.21052631578947367,6,9
13,0.6,0.67,178.79999999999995,463,106,175,0,62,False,-1,none,0.3,0.8,0.79,0.56,0.75,0.58,0.5571428571428572,1.0,0.0,48,95,0.65,0.8823529411764706,0.11764705882352941,5,19,0.8,0.8181818181818182,0.18181818181818182,1,7
13,0.61,0.69,184.19999999999996,461,90,177,0,84,False,-1,none,0.3,0.77,0.74,0.55,0.72,0.58,0.5714285714285714,1.0,0.0,58,87,0.7,0.8888888888888888,0.1111111111111111,7,18,0.7,0.7272727272727273,0.2727272727272727,4,3
13,0.73,0.86,207.00000000000006,444,98,181,0,80,False,-1,none,0.3,0.84,0.88,0.56,0.81,0.56,0.7285714285714285,1.0,0.0,50,97,0.65,0.95,0.05,3,21,0.9,0.8,0.2,3,7
13,0.62,0.72,205.79999999999995,458,96,183,0,59,False,-1,none,0.3,0.8,0.78,0.62,0.75,0.56,0.5285714285714286,1.0,0.0,52,92,0.9,0.7727272727272727,0.22727272727272727,11,21,0.7,0.6153846153846154,0.38461538461538464,4,3
13,0.68,0.8,226.8,450,95,177,0,88,False,-1,none,0.3,0.83,0.84,0.48,0.81,0.56,0.6142857142857143,1.0,0.0,45,101,0.8,0.7727272727272727,0.22727272727272727,10,14,0.9,0.6666666666666666,0.3333333333333333,5,2
13,0.66,0.78,205.2,452,77,169,0,81,False,-1,none,0.3,0.75,0.74,0.54,0.73,0.48,0.6142857142857143,1.0,0.0,47,83,0.85,0.875,0.125,10,22,0.6,0.7272727272727273,0.2727272727272727,4,3
13,0.72,0.87,225.6,443,88,201,0,64,False,-1,none,0.3,0.84,0.86,0.61,0.79,0.66,0.6857142857142857,1.0,0.0,68,101,0.75,0.9130434782608695,0.08695652173913043,6,22,0.9,0.75,0.25,3,1
13,0.58,0.72,194.39999999999998,458,97,162,0,79,True,4,Shigh,0.3,0.77,0.78,0.46,0.76,0.54,0.5142857142857142,1.0,0.0,42,92,0.6,0.75,0.25,7,11,1.0,0.75,0.25,4,6
13,0.66,0.74,194.6,456,90,186,0,75,False,-1,none,0.3,0.81,0.83,0.54,0.78,0.54,0.6285714285714286,1.0,0.0,60,93,0.75,0.7894736842105263,0.21052631578947367,6,18,0.7,0.9090909090909091,0.09090909090909091,3,6
13,0.71,0.81,200.52000000000004,449,111,166,0,87,True,4,Shigh,0.3,0.85,0.83,0.58,0.78,0.54,0.6857142857142857,1.0,0.0,49,92,0.75,0.8421052631578947,0.15789473684210525,6,15,0.8,0.7857142857142857,0.21428571428571427,2,2
13,0.66,0.79,203.39999999999998,451,91,177,0,73,False,-1,none,0.3,0.79,0.77,0.58,0.78,0.55,0.6285714285714286,1.0,0.0,49,92,0.7,0.9545454545454546,0.045454545454545456,7,21,0.8,0.8461538461538461,0.15384615384615385,1,7
13,0.64,0.74,199.19999999999996,456,83,174,0,74,False,-1,none,0.3,0.78,0.77,0.51,0.75,0.5,0.6285714285714286,1.0,0.0,55,87,0.65,0.8333333333333334,0.16666666666666666,5,22,0.7,0.8333333333333334,0.16666666666666666,0,5
13,0.63,0.72,176.99999999999997,458,105,184,0,69,False,-1,none,0.3,0.82,0.83,0.59,0.77,0.6,0.6142857142857143,1.0,0.0,54,99,0.7,0.9444444444444444,0.05555555555555555,3,23,0.6,1.0,0.0,0,5
13,0.62,0.72,192.59999999999997,458,95,163,0,75,False,-1,none,0.3,0.79,0.76,0.5,0.73,0.52,0.5857142857142857,1.0,0.0,46,93,0.6,0.8125,0.1875,4,13,0.9,0.8,0.2,3,4
13,0.73,0.82,217.79999999999998,448,96,199,0,68,False,-1,none,0.3,0.85,0.8,0.66,0.8,0.66,0.7428571428571429,1.0,0.0,62,101,0.75,0.9523809523809523,0.047619047619047616,4,26,0.6,0.5555555555555556,0.4444444444444444,2,4
13,0.65,0.74,202.2,456,106,163,0,77,True,2,Slow,0.3,0.77,0.8,0.51,0.79,0.56,0.5714285714285714,1.0,0.0,44,87,0.8,0.6111111111111112,0.3888888888888889,5,19,0.9,0.75,0.25,3,5
13,0.65,0.76,204.60000000000002,454,103,174,0,82,False,-1,none,0.3,0.87,0.84,0.54,0.75,0.53,0.5857142857142857,1.0,0.0,54,91,0.75,0.85,0.15,9,14,0.9,0.7333333333333333,0.26666666666666666,1,5
13,0.62,0.73,200.39999999999998,457,102,158,0,82,False,-1,none,0.3,0.78,0.79,0.48,0.77,0.51,0.5857142857142857,1.0,0.0,41,82,0.7,0.85,0.15,5,19,0.7,0.4166666666666667,0.5833333333333334,6,5
13,0.6,0.71,196.79999999999995,459,106,175,0,73,False,-1,none,0.3,0.83,0.79,0.53,0.77,0.6,0.5714285714285714,1.0,0.0,47,95,0.65,0.75,0.25,10,14,0.7,0.7333333333333333,0.26666666666666666,2,7
13,0.66,0.74,176.8,456,92,166,0,78,False,-1,none,0.3,0.8,0.75,0.51,0.72,0.54,0.6142857142857143,1.0,0.0,55,85,0.65,0.7333333333333333,0.26666666666666666,5,12,1.0,0.75,0.25,5,4
13,0.7,0.86,238.20000000000002,444,100,171,0,83,False,-1,none,0.3,0.85,0.84,0.53,0.81,0.54,0.5857142857142857,1.0,0.0,45,88,1.0,0.8214285714285714,0.17857142857142858,14,18,0.9,0.7647058823529411,0.23529411764705882,2,4
13,0.66,0.79,223.79999999999995,451,73,176,0,77,False,-1,none,0.3,0.77,0.77,0.48,0.74,0.52,0.6142857142857143,1.0,0.0,46,89,0.75,0.75,0.25,12,17,0.8,0.75,0.25,6,6
13,0.54,0.57,148.99999999999997,473,95,157,0,66,False,-1,none,0.3,0.68,0.72,0.49,0.69,0.51,0.5714285714285714,1.0,0.0,46,89,0.45,0.6,0.4,7,12,0.5,0.8571428571428571,0.14285714285714285,0,3
13,0.66,0.74,206.39999999999995,456,92,189,0,85,False,-1,none,0.3,0.84,0.8,0.53,0.83,0.55,0.6428571428571429,1.0,0.0,64,100,0.65,0.7058823529411765,0.29411764705882354,8,12,0.8,0.75,0.25,2,3
13,0.65,0.72,187.39999999999998,458,91,167,0,65,False,-1,none,0.3,0.74,0.72,0.61,0.7,0.53,0.6142857142857143,1.0,0.0,49,82,0.75,0.7368421052631579,0.2631578947368421,11,18,0.7,0.6,0.4,3,4
13,0.65,0.74,211.2,456,92,175,0,79,False,-1,none,0.3,0.8,0.8,0.52,0.78,0.51,0.6142857142857143,1.0,0.0,58,90,0.85,0.7272727272727273,0.2727272727272727,7,18,0.5,0.5555555555555556,0.4444444444444444,0,2
13,0.76,0.89,241.20000000000005,441,88,199,0,74,False,-1,none,0.3,0.87,0.88,0.62,0.77,0.62,0.7428571428571429,1.0,0.0,67,101,0.7,0.8,0.2,9,15,1.0,0.7647058823529411,0.23529411764705882,1,6
13,0.59,0.65,184.19999999999993,465,102,158,0,75,False,-1,none,0.3,0.76,0.74,0.51,0.71,0.53,0.5714285714285714,1.0,0.0,40,91,0.8,0.5789473684210527,0.42105263157894735,13,13,0.3,0.8333333333333334,0.16666666666666666,1,0
13,0.61,0.72,196.79999999999998,458,88,167,0,78,False,-1,none,0.3,0.77,0.76,0.53,0.73,0.48,0.5428571428571428,1.0,0.0,44,87,0.8,0.8636363636363636,0.13636363636363635,10,19,0.7,0.75,0.25,2,5
13,0.58,0.65,179.39999999999995,465,92,178,0,65,False,-1,none,0.3,0.77,0.77,0.47,0.77,0.57,0.5714285714285714,1.0,0.0,53,100,0.6,0.8571428571428571,0.14285714285714285,6,14,0.6,0.5454545454545454,0.45454545454545453,1,4
13,0.57,0.7,195.59999999999997,460,89,160,0,71,False,-1,none,0.3,0.73,0.74,0.5,0.74,0.48,0.5428571428571428,1.0,0.0,43,86,0.7,0.8095238095238095,0.19047619047619047,11,14,0.5,0.6363636363636364,0.36363636363636365,1,5
13,0.72,0.86,208.45999999999998,444,84,172,0,83,True,0,Slow,0.3,0.78,0.83,0.58,0.72,0.51,0.6857142857142857,1.0,0.0,54,86,0.85,0.84,0.16,8,18,0.7,0.7692307692307693,0.23076923076923078,2,4
13,0.77,0.87,236.00000000000003,443,85,174,0,69,False,-1,none,0.3,0.81,0.8,0.61,0.71,0.53,0.7428571428571429,1.0,0.0,54,91,0.85,0.7727272727272727,0.22727272727272727,10,14,0.8,0.6923076923076923,0.3076923076923077,3,2
13,0.66,0.74,194.2,456,100,178,0,68,False,-1,none,0.3,0.81,0.79,0.58,0.77,0.57,0.6285714285714286,1.0,0.0,52,94,0.8,0.7619047619047619,0.23809523809523808,8,18,0.6,0.5555555555555556,0.4444444444444444,2,4
13,0.61,0.75,202.8,455,94,173,0,83,False,-1,none,0.3,0.76,0.84,0.51,0.76,0.55,0.5571428571428572,1.0,0.0,53,92,0.75,0.9047619047619048,0.09523809523809523,3,18,0.7,0.7333333333333333,0.26666666666666666,2,5
13,0.69,0.81,229.79999999999998,449,102,197,0,60,False,-1,none,0.3,0.87,0.86,0.58,0.83,0.66,0.6142857142857143,1.0,0.0,56,101,0.85,0.7727272727272727,0.22727272727272727,12,20,0.9,0.625,0.375,5,3
13,0.77,0.86,236.39999999999998,444,85,202,0,77,False,-1,none,0.3,0.84,0.84,0.58,0.8,0.67,0.7571428571428571,1.0,0.0,69,103,0.75,0.6666666666666666,0.3333333333333333,9,13,0.9,0.7333333333333333,0.26666666666666666,5,3
13,0.72,0.85,242.99999999999997,445,93,190,0,92,False,-1,none,0.3,0.88,0.87,0.55,0.82,0.56,0.7,1.0,0.0,58,96,0.7,0.6842105263157895,0.3157894736842105,11,15,0.9,0.7058823529411765,0.29411764705882354,7,3
13,0.68,0.8,213.59999999999997,450,81,177,0,77,False,-1,none,0.3,0.83,0.81,0.54,0.77,0.43,0.6571428571428571,1.0,0.0,59,86,0.7,0.8636363636363636,0.13636363636363635,11,18,0.8,0.75,0.25,2,1
13,0.74,0.9,249.0,440,95,197,0,78,False,-1,none,0.3,0.88,0.9,0.62,0.77,0.65,0.6428571428571429,1.0,0.0,57,96,0.95,0.8076923076923077,0.19230769230769232,15,24,1.0,0.7894736842105263,0.21052631578947367,1,4
13,0.71,0.87,206.99999999999994,443,82,173,0,68,False,-1,none,0.3,0.77,0.79,0.57,0.74,0.55,0.6857142857142857,1.0,0.0,48,92,0.8,0.8076923076923077,0.19230769230769232,10,17,0.7,0.7692307692307693,0.23076923076923078,2,4
13,0.69,0.79,176.04,451,83,180,0,73,True,0,Slow,0.3,0.77,0.82,0.53,0.72,0.58,0.7142857142857143,1.0,0.0,58,103,0.7,0.9,0.1,3,11,0.5,0.8888888888888888,0.1111111111111111,1,4
13,0.61,0.71,188.99999999999994,459,105,176,0,68,False,-1,none,0.3,0.77,0.78,0.59,0.8,0.58,0.5428571428571428,1.0,0.0,50,92,0.75,0.8947368421052632,0.10526315789473684,4,22,0.8,0.7857142857142857,0.21428571428571427,2,6
13,0.64,0.71,180.6,459,91,169,0,89,False,-1,none,0.3,0.81,0.8,0.54,0.72,0.44,0.6571428571428571,1.0,0.0,61,87,0.65,0.8823529411764706,0.11764705882352941,4,15,0.5,0.875,0.125,0,2
13,0.68,0.82,227.39999999999995,448,103,183,0,77,False,-1,none,0.3,0.83,0.86,0.61,0.81,0.57,0.6428571428571429,1.0,0.0,53,94,0.7,0.85,0.15,8,20,0.9,0.7058823529411765,0.29411764705882354,1,7
13,0.74,0.87,240.0,443,87,189,0,87,False,-1,none,0.3,0.85,0.85,0.55,0.83,0.55,0.7142857142857143,1.0,0.0,53,98,0.7,0.6842105263157895,0.3157894736842105,11,20,1.0,0.8888888888888888,0.1111111111111111,1,6
13,0.63,0.76,205.79999999999995,454,84,169,0,76,False,-1,none,0.3,0.77,0.78,0.54,0.75,0.45,0.6,1.0,0.0,55,87,0.65,0.9444444444444444,0.05555555555555555,2,17,0.8,0.6875,0.3125,7,1
13,0.69,0.89,215.64000000000001,441,88,181,0,67,True,2,Slow,0.3,0.82,0.83,0.63,0.77,0.53,0.6571428571428571,1.0,0.0,57,93,0.8,0.8846153846153846,0.11538461538461539,7,19,0.7,0.8823529411764706,0.11764705882352941,2,3
13,0.62,0.74,190.19999999999996,456,95,166,0,75,False,-1,none,0.3,0.79,0.79,0.56,0.74,0.47,0.5571428571428572,1.0,0.0,48,88,0.75,0.9047619047619048,0.09523809523809523,5,19,0.8,0.9285714285714286,0.07142857142857142,3,3
13,0.64,0.76,209.39999999999998,454,86,167,0,71,False,-1,none,0.3,0.79,0.78,0.47,0.69,0.56,0.6,1.0,0.0,52,82,0.7,0.85,0.15,8,18,0.8,0.7142857142857143,0.2857142857142857,2,5
13,0.62,0.76,205.2,454,94,178,0,72,False,-1,none,0.3,0.79,0.8,0.57,0.78,0.54,0.5571428571428572,1.0,0.0,56,91,0.75,0.8571428571428571,0.14285714285714285,4,17,0.8,0.8125,0.1875,1,9
13,0.7,0.8,227.99999999999994,450,93,174,0,63,False,-1,none,0.3,0.77,0.82,0.62,0.71,0.55,0.6428571428571429,1.0,0.0,54,84,0.8,0.8,0.2,8,19,0.9,0.6666666666666666,0.3333333333333333,4,5
13,0.67,0.76,198.0,454,106,175,0,78,False,-1,none,0.3,0.82,0.82,0.57,0.75,0.61,0.6,1.0,0.0,58,96,0.8,0.8947368421052632,0.10526315789473684,3,16,0.9,0.8666666666666667,0.13333333333333333,0,2
13,0.62,0.71,201.6,459,83,194,0,77,False,-1,none,0.3,0.79,0.83,0.59,0.76,0.51,0.5714285714285714,1.0,0.0,64,91,0.7,0.6875,0.3125,15,17,0.8,0.8,0.2,2,5
13,0.66,0.77,213.0,453,102,178,0,73,False,-1,none,0.3,0.78,0.82,0.62,0.82,0.53,0.6285714285714286,1.0,0.0,46,95,0.65,0.8888888888888888,0.1111111111111111,9,17,0.9,0.6666666666666666,0.3333333333333333,5,6
13,0.69,0.78,210.59999999999997,452,92,182,0,73,False,-1,none,0.3,0.8,0.8,0.6,0.77,0.55,0.6571428571428571,1.0,0.0,59,91,0.75,0.75,0.25,11,19,0.8,0.9166666666666666,0.08333333333333333,1,1
13,0.71,0.77,198.39999999999998,453,99,194,0,65,False,-1,none,0.3,0.83,0.82,0.64,0.78,0.63,0.7,1.0,0.0,63,103,0.7,0.75,0.25,9,14,0.8,0.5833333333333334,0.4166666666666667,1,4
13,0.63,0.73,200.59999999999997,457,92,157,0,68,False,-1,none,0.3,0.74,0.73,0.56,0.71,0.48,0.6285714285714286,1.0,0.0,44,83,0.65,0.7894736842105263,0.21052631578947367,10,12,0.6,0.5,0.5,4,4
14,0.61,0.87,175.36000000000004,443,116,128,0,79,True,4,Shigh,0.3,0.75,0.76,0.5,0.72,0.58,0.5571428571428572,0.9761904761904762,0.023809523809523808,30,87,0.75,0.7096774193548387,0.2903225806451613,3,7,0.7,0.7142857142857143,0.2857142857142857,0,1
14,0.59,0.79,185.03999999999996,451,118,143,0,80,True,2,Slow,0.3,0.83,0.78,0.54,0.74,0.51,0.5142857142857142,1.0,0.0,33,85,0.8,0.68,0.32,13,11,0.7,0.5714285714285714,0.42857142857142855,0,1
14,0.73,0.89,202.0,441,101,159,0,96,False,-1,none,0.3,0.8,0.86,0.54,0.76,0.53,0.6857142857142857,1.0,0.0,49,90,0.85,0.8888888888888888,0.1111111111111111,0,18,0.8,0.7857142857142857,0.21428571428571427,0,2
14,0.74,0.9,224.40000000000006,440,92,180,0,73,False,-1,none,0.3,0.84,0.81,0.63,0.79,0.55,0.7142857142857143,1.0,0.0,59,94,0.75,0.92,0.08,3,17,0.9,0.7333333333333333,0.26666666666666666,3,4
14,0.72,0.87,223.20000000000002,443,92,183,0,78,False,-1,none,0.3,0.84,0.87,0.53,0.8,0.58,0.7285714285714285,1.0,0.0,48,99,0.6,0.95,0.05,3,21,0.9,0.875,0.125,2,10
14,0.71,0.88,225.83999999999997,442,108,174,0,65,True,2,Slow,0.3,0.85,0.85,0.57,0.79,0.64,0.7,1.0,0.0,47,103,0.7,0.6086956521739131,0.391304347826087,13,10,0.8,0.8125,0.1875,1,0
14,0.59,0.71,196.6,459,99,175,0,70,False,-1,none,0.3,0.77,0.79,0.59,0.75,0.55,0.5428571428571428,1.0,0.0,50,92,0.65,0.631578947368421,0.3684210526315789,13,15,0.8,0.7142857142857143,0.2857142857142857,2,3
14,0.65,0.78,200.00000000000006,452,88,169,0,85,False,-1,none,0.3,0.82,0.75,0.48,0.79,0.51,0.6142857142857143,1.0,0.0,48,89,0.75,0.8636363636363636,0.13636363636363635,7,18,0.7,0.7692307692307693,0.23076923076923078,0,7
14,0.58,0.66,169.6,464,95,154,0,70,False,-1,none,0.3,0.69,0.72,0.55,0.69,0.5,0.5571428571428572,1.0,0.0,52,85,0.55,0.7692307692307693,0.23076923076923078,3,9,0.8,0.7857142857142857,0.21428571428571427,2,3
14,0.64,0.72,199.8,458,89,157,0,77,False,-1,none,0.3,0.75,0.74,0.48,0.72,0.49,0.6428571428571429,1.0,0.0,48,86,0.6,0.8125,0.1875,8,10,0.7,0.45454545454545453,0.5454545454545454,1,4
14,0.68,0.88,210.87999999999997,442,107,161,0,89,True,4,Shigh,0.3,0.87,0.86,0.63,0.73,0.47,0.6571428571428571,1.0,0.0,54,85,0.85,0.8518518518518519,0.14814814814814814,3,14,0.5,0.8,0.2,0,5
14,0.72,0.86,241.2,444,88,184,0,82,False,-1,none,0.3,0.86,0.82,0.59,0.77,0.54,0.6857142857142857,1.0,0.0,58,93,0.8,0.6521739130434783,0.34782608695652173,16,14,0.8,0.7333333333333333,0.26666666666666666,0,3
14,0.73,0.89,234.20000000000002,441,86,171,0,74,False,-1,none,0.3,0.8,0.81,0.53,0.81,0.51,0.6714285714285714,1.0,0.0,53,92,0.8,0.7391304347826086,0.2608695652173913,11,10,1.0,0.631578947368421,0.3684210526315789,2,3
14,0.62,0.73,191.60000000000002,457,86,156,0,60,False,-1,none,0.3,0.72,0.74,0.5,0.71,0.48,0.6,1.0,0.0,45,83,0.55,1.0,0.0,2,14,0.9,0.5714285714285714,0.42857142857142855,6,6
14,0.64,0.72,202.19999999999996,458,117,186,0,75,False,-1,none,0.3,0.87,0.86,0.61,0.8,0.61,0.6,1.0,0.0,50,104,0.7,0.8181818181818182,0.18181818181818182,7,19,0.8,0.5,0.5,5,1
14,0.69,0.8,223.20000000000002,450,104,166,0,80,False,-1,none,0.3,0.77,0.82,0.56,0.81,0.54,0.6428571428571429,1.0,0.0,39,92,0.75,0.8095238095238095,0.19047619047619047,10,18,0.9,0.5,0.5,2,5
14,0.71,0.87,209.16000000000008,443,86,185,0,67,True,2,Slow,0.3,0.78,0.82,0.6,0.78,0.6,0.6714285714285714,1.0,0.0,53,93,0.85,0.7692307692307693,0.23076923076923078,8,24,0.7,0.8571428571428571,0.14285714285714285,3,4
14,0.75,0.85,216.40000000000003,445,91,207,0,77,False,-1,none,0.3,0.83,0.87,0.62,0.85,0.66,0.7285714285714285,1.0,0.0,64,104,0.8,0.9047619047619048,0.09523809523809523,4,27,0.8,0.7692307692307693,0.23076923076923078,3,5
14,0.68,0.85,212.60000000000005,445,77,157,0,76,False,-1,none,0.3,0.75,0.75,0.48,0.74,0.47,0.6571428571428571,1.0,0.0,48,81,0.7,0.9166666666666666,0.08333333333333333,3,19,0.8,0.7333333333333333,0.26666666666666666,3,3
14,0.72,0.85,219.80000000000007,445,104,185,0,71,False,-1,none,0.3,0.82,0.85,0.57,0.84,0.66,0.6857142857142857,1.0,0.0,50,107,0.85,0.875,0.125,8,16,0.7,0.6153846153846154,0.38461538461538464,2,2
14,0.71,0.8,222.0,450,86,176,0,78,False,-1,none,0.3,0.78,0.81,0.47,0.78,0.58,0.6571428571428571,1.0,0.0,53,96,0.85,0.7619047619047619,0.23809523809523808,8,14,0.8,0.6153846153846154,0.38461538461538464,2,3
14,0.77,0.94,251.40000000000003,436,94,182,0,75,False,-1,none,0.3,0.87,0.84,0.62,0.82,0.55,0.7142857142857143,1.0,0.0,56,93,0.9,0.7586206896551724,0.2413793103448276,12,16,0.9,0.7333333333333333,0.26666666666666666,2,3
14,0.69,0.76,198.40000000000003,454,91,164,0,84,False,-1,none,0.3,0.79,0.74,0.53,0.72,0.53,0.6857142857142857,1.0,0.0,51,90,0.7,0.8888888888888888,0.1111111111111111,6,15,0.7,0.7,0.3,1,1
14,0.73,0.82,238.79999999999998,448,88,178,0,82,False,-1,none,0.3,0.85,0.82,0.45,0.8,0.56,0.6857142857142857,1.0,0.0,49,94,0.85,0.5,0.5,18,12,0.8,0.7142857142857143,0.2857142857142857,3,2
14,0.7,0.78,210.99999999999997,452,113,170,0,79,False,-1,none,0.3,0.8,0.85,0.6,0.76,0.6,0.6714285714285714,1.0,0.0,49,98,0.8,0.75,0.25,10,10,0.7,0.6363636363636364,0.36363636363636365,2,1
14,0.58,0.69,184.79999999999998,461,96,150,0,75,False,-1,none,0.3,0.76,0.71,0.46,0.72,0.5,0.5428571428571428,1.0,0.0,46,85,0.55,0.7647058823529411,0.23529411764705882,8,9,0.9,0.7857142857142857,0.21428571428571427,1,1
14,0.64,0.69,192.6,461,101,163,0,72,False,-1,none,0.3,0.77,0.77,0.52,0.73,0.54,0.6285714285714286,1.0,0.0,45,92,0.7,0.5294117647058824,0.47058823529411764,14,11,0.6,0.875,0.125,0,1
14,0.69,0.78,213.4,452,99,173,0,75,False,-1,none,0.3,0.78,0.83,0.59,0.77,0.53,0.6857142857142857,1.0,0.0,51,97,0.65,0.6666666666666666,0.3333333333333333,12,11,0.8,0.8,0.2,0,2
14,0.74,0.87,227.39999999999998,443,97,189,0,77,False,-1,none,0.3,0.88,0.86,0.55,0.79,0.65,0.7571428571428571,1.0,0.0,58,103,0.55,0.8947368421052632,0.10526315789473684,5,15,1.0,0.5333333333333333,0.4666666666666667,4,4
14,0.7,0.76,199.19999999999996,454,96,176,0,87,False,-1,none,0.3,0.79,0.85,0.55,0.75,0.54,0.7142857142857143,1.0,0.0,55,95,0.7,0.9411764705882353,0.058823529411764705,4,17,0.6,0.6666666666666666,0.3333333333333333,4,1
14,0.66,0.76,217.19999999999996,454,83,179,0,77,False,-1,none,0.3,0.79,0.76,0.53,0.76,0.54,0.6285714285714286,1.0,0.0,55,90,0.7,0.7142857142857143,0.2857142857142857,9,19,0.8,0.6363636363636364,0.36363636363636365,2,4
14,0.67,0.82,214.92,448,121,175,0,62,True,4,Shigh,0.3,0.87,0.84,0.62,0.83,0.62,0.6142857142857143,1.0,0.0,49,105,0.75,0.8518518518518519,0.14814814814814814,6,14,0.9,0.75,0.25,0,1
14,0.69,0.84,214.59999999999997,446,92,183,0,71,False,-1,none,0.3,0.82,0.83,0.66,0.72,0.56,0.6857142857142857,1.0,0.0,64,95,0.65,0.8260869565217391,0.17391304347826086,4,12,0.8,0.7692307692307693,0.23076923076923078,3,5
14,0.66,0.77,185.39999999999998,453,106,165,0,92,True,2,Slow,0.3,0.83,0.84,0.45,0.79,0.57,0.5857142857142857,1.0,0.0,44,97,0.9,0.875,0.125,1,17,0.7,0.8333333333333334,0.16666666666666666,2,4
14,0.64,0.75,223.19999999999996,455,93,160,0,77,False,-1,none,0.3,0.75,0.75,0.52,0.77,0.49,0.5857142857142857,1.0,0.0,37,92,0.8,0.6818181818181818,0.3181818181818182,8,16,0.7,0.5833333333333334,0.4166666666666667,6,1
14,0.72,0.81,226.20000000000002,449,94,175,0,95,False,-1,none,0.3,0.82,0.8,0.57,0.77,0.54,0.7142857142857143,1.0,0.0,54,89,0.65,0.7333333333333333,0.26666666666666666,8,15,0.9,0.6875,0.3125,4,5
14,0.66,0.77,205.19999999999996,453,92,162,0,79,False,-1,none,0.3,0.75,0.76,0.52,0.75,0.53,0.5857142857142857,1.0,0.0,53,78,0.85,0.8181818181818182,0.18181818181818182,8,22,0.8,0.8571428571428571,0.14285714285714285,1,0
14,0.7,0.83,227.1,447,88,171,0,78,True,4,Shigh,0.3,0.78,0.81,0.53,0.74,0.56,0.6857142857142857,1.0,0.0,50,91,0.65,0.8,0.2,7,12,0.9,0.6,0.4,7,4
14,0.65,0.82,227.33999999999995,448,93,162,0,73,True,3,Shigh,0.3,0.77,0.79,0.49,0.75,0.57,0.5714285714285714,1.0,0.0,46,85,0.8,0.6923076923076923,0.3076923076923077,8,17,0.9,0.75,0.25,2,4
14,0.67,0.78,207.59999999999994,452,117,187,0,78,False,-1,none,0.3,0.89,0.89,0.6,0.84,0.6,0.6428571428571429,1.0,0.0,56,101,0.7,0.8095238095238095,0.19047619047619047,9,15,0.8,0.8333333333333334,0.16666666666666666,2,4
14,0.72,0.83,226.19999999999996,447,89,188,0,75,False,-1,none,0.3,0.83,0.85,0.5,0.82,0.6,0.7142857142857143,1.0,0.0,58,98,0.7,0.7777777777777778,0.2222222222222222,8,16,0.8,0.6666666666666666,0.3333333333333333,5,3
14,0.6,0.66,174.2,464,104,157,0,63,False,-1,none,0.3,0.74,0.74,0.54,0.72,0.53,0.5428571428571428,1.0,0.0,43,82,0.75,0.7777777777777778,0.2222222222222222,8,20,0.7,0.7,0.3,1,3
14,0.64,0.74,192.71999999999997,456,93,159,0,79,True,2,Slow,0.3,0.74,0.79,0.46,0.73,0.54,0.6,1.0,0.0,43,86,0.8,0.9583333333333334,0.041666666666666664,3,21,0.6,0.375,0.625,2,4
14,0.69,0.82,226.79999999999995,448,85,171,0,82,False,-1,none,0.3,0.76,0.78,0.6,0.74,0.5,0.6571428571428571,1.0,0.0,54,82,0.8,0.8636363636363636,0.13636363636363635,7,17,0.7,0.6428571428571429,0.35714285714285715,4,7
14,0.66,0.82,202.99999999999997,448,98,169,0,81,False,-1,none,0.3,0.85,0.81,0.51,0.78,0.54,0.6142857142857143,1.0,0.0,43,91,0.75,0.92,0.08,6,21,0.8,0.7857142857142857,0.21428571428571427,4,4
14,0.72,0.83,229.07999999999993,447,101,181,0,65,True,3,Shigh,0.3,0.84,0.84,0.63,0.8,0.54,0.7,1.0,0.0,56,96,0.8,0.65,0.35,11,11,0.7,0.7142857142857143,0.2857142857142857,2,5
14,0.7,0.8,196.43999999999997,450,93,182,0,60,True,1,Slow,0.3,0.79,0.78,0.61,0.75,0.62,0.7,1.0,0.0,51,101,0.7,0.7894736842105263,0.21052631578947367,7,12,0.7,0.75,0.25,6,5
14,0.75,0.9,204.11999999999995,440,79,178,0,88,True,1,Slow,0.3,0.74,0.83,0.57,0.77,0.56,0.7428571428571429,1.0,0.0,56,96,0.75,0.9130434782608695,0.08695652173913043,3,19,0.8,0.8,0.2,1,3
14,0.64,0.73,202.79999999999998,457,98,171,0,63,False,-1,none,0.3,0.8,0.8,0.5,0.78,0.54,0.5857142857142857,1.0,0.0,55,92,0.7,0.875,0.125,5,13,0.9,0.625,0.375,3,3
14,0.71,0.88,200.79999999999998,442,90,167,0,70,False,-1,none,0.3,0.77,0.76,0.62,0.7,0.6,0.6857142857142857,1.0,0.0,51,88,0.7,0.95,0.05,3,19,0.9,0.85,0.15,4,2
14,0.75,0.88,256.8,442,86,191,0,80,False,-1,none,0.3,0.86,0.83,0.54,0.8,0.62,0.7142857142857143,1.0,0.0,54,103,0.8,0.5652173913043478,0.43478260869565216,20,11,0.9,0.7333333333333333,0.26666666666666666,1,2
14,0.65,0.75,174.2,455,68,161,0,71,False,-1,none,0.3,0.71,0.72,0.48,0.65,0.48,0.6857142857142857,1.0,0.0,50,83,0.65,0.85,0.15,9,19,0.4,0.7142857142857143,0.2857142857142857,0,0
14,0.8,0.93,243.4,437,81,181,0,95,False,-1,none,0.3,0.87,0.84,0.55,0.82,0.47,0.7857142857142857,1.0,0.0,60,90,0.8,0.631578947368421,0.3684210526315789,9,14,0.9,0.8421052631578947,0.15789473684210525,4,4
14,0.7,0.83,217.2,447,92,164,0,76,False,-1,none,0.3,0.79,0.83,0.48,0.77,0.52,0.7,1.0,0.0,49,90,0.65,0.8,0.2,6,14,0.8,0.7857142857142857,0.21428571428571427,2,3
14,0.66,0.79,205.79999999999995,451,96,167,0,78,False,-1,none,0.3,0.76,0.79,0.57,0.74,0.56,0.6285714285714286,1.0,0.0,50,89,0.7,0.9473684210526315,0.05263157894736842,5,18,0.8,0.75,0.25,1,4
14,0.72,0.87,245.99999999999994,443,90,193,0,75,False,-1,none,0.3,0.86,0.87,0.58,0.85,0.54,0.6714285714285714,1.0,0.0,57,97,0.9,0.8076923076923077,0.19230769230769232,14,19,0.7,0.6428571428571429,0.35714285714285715,2,4
14,0.66,0.79,188.6,451,104,155,0,77,False,-1,none,0.3,0.82,0.75,0.53,0.78,0.5,0.6285714285714286,1.0,0.0,51,88,0.8,0.92,0.08,0,14,0.6,0.5,0.5,2,0
14,0.64,0.75,199.36,455,119,161,0,90,True,4,Shigh,0.3,0.8,0.87,0.5,0.81,0.57,0.6142857142857143,1.0,0.0,37,102,0.7,0.8571428571428571,0.14285714285714285,4,15,0.7,0.6363636363636364,0.36363636363636365,2,1
14,0.68,0.75,223.19999999999993,455,103,151,0,86,False,-1,none,0.3,0.79,0.7,0.54,0.74,0.52,0.6,1.0,0.0,38,85,0.8,0.7222222222222222,0.2777777777777778,7,15,1.0,0.5333333333333333,0.4666666666666667,2,4
14,0.69,0.78,226.19999999999993,452,92,193,0,67,False,-1,none,0.3,0.82,0.82,0.53,0.82,0.64,0.6571428571428571,1.0,0.0,53,104,0.75,0.5789473684210527,0.42105263157894735,10,18,0.8,0.38461538461538464,0.6153846153846154,6,2
14,0.61,0.72,209.99999999999994,458,102,173,0,78,False,-1,none,0.3,0.8,0.79,0.54,0.75,0.59,0.5857142857142857,1.0,0.0,42,99,0.65,0.6470588235294118,0.35294117647058826,15,11,0.7,0.7142857142857143,0.2857142857142857,2,4
14,0.67,0.77,206.39999999999998,453,106,172,0,70,False,-1,none,0.3,0.82,0.8,0.57,0.79,0.57,0.6142857142857143,1.0,0.0,49,97,0.8,0.8571428571428571,0.14285714285714285,8,13,0.8,0.7692307692307693,0.23076923076923078,3,2
14,0.69,0.83,229.2,447,91,175,0,81,False,-1,none,0.3,0.82,0.81,0.54,0.74,0.58,0.6714285714285714,1.0,0.0,51,91,0.75,0.8636363636363636,0.13636363636363635,7,19,0.7,0.6428571428571429,0.35714285714285715,4,3
14,0.63,0.7,201.79999999999995,460,96,171,0,68,False,-1,none,0.3,0.71,0.77,0.56,0.78,0.55,0.6142857142857143,1.0,0.0,49,94,0.6,0.6666666666666666,0.3333333333333333,9,14,0.8,0.5833333333333334,0.4166666666666667,2,3
14,0.54,0.59,164.39999999999998,471,89,156,0,76,False,-1,none,0.3,0.7,0.72,0.48,0.66,0.48,0.5428571428571428,1.0,0.0,50,80,0.6,0.75,0.25,12,12,0.4,0.6,0.4,0,2
14,0.56,0.68,169.43999999999997,462,114,172,0,66,True,2,Slow,0.3,0.8,0.81,0.56,0.76,0.61,0.5142857142857142,1.0,0.0,46,94,0.65,0.9,0.1,7,21,0.7,0.6666666666666666,0.3333333333333333,0,4
15,0.65,0.91,196.80000000000004,439,125,150,0,74,False,-1,none,0.3,0.83,0.85,0.57,0.81,0.6,0.5857142857142857,1.0,0.0,29,102,0.7,0.6666666666666666,0.3333333333333333,10,4,1.0,0.5909090909090909,0.4090909090909091,2,3
15,0.66,0.81,185.39999999999998,449,106,169,0,69,False,-1,none,0.3,0.8,0.8,0.53,0.8,0.63,0.6428571428571429,1.0,0.0,46,101,0.7,0.631578947368421,0.3684210526315789,5,11,0.7,0.7333333333333333,0.26666666666666666,2,4
15,0.68,0.82,200.0,448,77,158,0,78,False,-1,none,0.3,0.74,0.7,0.48,0.7,0.55,0.6571428571428571,1.0,0.0,45,87,0.7,0.7619047619047619,0.23809523809523808,8,12,0.8,0.7333333333333333,0.26666666666666666,2,4
15,0.63,0.74,193.60000000000002,456,98,168,0,75,False,-1,none,0.3,0.81,0.82,0.5,0.78,0.49,0.6285714285714286,1.0,0.0,54,88,0.55,0.8235294117647058,0.17647058823529413,4,14,0.8,0.6923076923076923,0.3076923076923077,2,6
15,0.68,0.82,225.6,448,82,178,0,73,False,-1,none,0.3,0.8,0.77,0.58,0.75,0.52,0.6285714285714286,1.0,0.0,58,87,0.8,0.9130434782608695,0.08695652173913043,5,22,0.8,0.7333333333333333,0.26666666666666666,3,3
15,0.68,0.83,213.19999999999996,447,103,158,0,86,False,-1,none,0.3,0.78,0.8,0.59,0.74,0.53,0.6142857142857143,1.0,0.0,47,90,0.85,0.8846153846153846,0.11538461538461539,3,13,0.8,0.5714285714285714,0.42857142857142855,3,2
15,0.66,0.8,213.99999999999997,450,95,171,0,74,False,-1,none,0.3,0.83,0.77,0.54,0.75,0.57,0.6428571428571429,1.0,0.0,50,94,0.65,0.8421052631578947,0.15789473684210525,6,13,0.8,0.625,0.375,4,4
15,0.71,0.88,240.0,442,85,183,0,64,False,-1,none,0.3,0.82,0.83,0.56,0.77,0.58,0.6714285714285714,1.0,0.0,56,93,0.7,0.9090909090909091,0.09090909090909091,3,18,1.0,0.631578947368421,0.3684210526315789,7,6
15,0.64,0.75,193.0,455,94,165,0,76,False,-1,none,0.3,0.8,0.78,0.52,0.7,0.54,0.5428571428571428,1.0,0.0,52,79,0.8,0.8947368421052632,0.10526315789473684,7,21,1.0,0.8888888888888888,0.1111111111111111,1,5
15,0.67,0.85,222.6,445,105,171,0,99,True,3,Shigh,0.3,0.86,0.91,0.48,0.81,0.55,0.6,1.0,0.0,56,95,0.8,0.76,0.24,4,8,0.9,0.6666666666666666,0.3333333333333333,3,5
15,0.69,0.87,200.27999999999997,443,88,168,0,67,True,0,Slow,0.3,0.78,0.75,0.58,0.74,0.58,0.6571428571428571,1.0,0.0,55,91,0.75,0.8260869565217391,0.17391304347826086,6,13,0.8,0.7058823529411765,0.29411764705882354,0,3
15,0.67,0.79,205.35999999999999,451,106,171,0,74,True,4,Shigh,0.3,0.84,0.84,0.61,0.75,0.52,0.5857142857142857,1.0,0.0,48,91,0.9,0.7916666666666666,0.20833333333333334,10,16,0.8,0.9285714285714286,0.07142857142857142,3,3
15,0.74,0.88,238.0,442,80,183,0,79,False,-1,none,0.3,0.83,0.83,0.51,0.79,0.55,0.7,1.0,0.0,52,95,0.85,0.76,0.24,14,18,0.8,0.8571428571428571,0.14285714285714285,1,3
15,0.65,0.85,226.79999999999998,445,100,179,0,71,False,-1,none,0.3,0.84,0.81,0.62,0.82,0.55,0.6142857142857143,1.0,0.0,56,95,0.7,0.875,0.125,5,14,0.8,0.7222222222222222,0.2777777777777778,3,6
15,0.67,0.84,228.80000000000004,446,91,182,0,68,False,-1,none,0.3,0.82,0.83,0.57,0.72,0.63,0.6285714285714286,1.0,0.0,60,93,0.7,0.8181818181818182,0.18181818181818182,6,17,0.9,0.7222222222222222,0.2777777777777778,3,3
15,0.65,0.82,210.6,448,104,155,0,84,False,-1,none,0.3,0.82,0.79,0.54,0.78,0.48,0.5428571428571428,1.0,0.0,48,84,0.95,0.8333333333333334,0.16666666666666666,6,14,0.8,0.7857142857142857,0.21428571428571427,0,3
15,0.65,0.75,217.19999999999996,455,101,174,0,80,False,-1,none,0.3,0.82,0.83,0.51,0.78,0.56,0.6,1.0,0.0,56,91,0.8,0.7,0.3,9,14,0.7,0.5384615384615384,0.46153846153846156,1,3
15,0.73,0.85,225.2,445,71,182,0,82,False,-1,none,0.3,0.8,0.78,0.54,0.73,0.53,0.6857142857142857,1.0,0.0,62,85,0.85,0.8181818181818182,0.18181818181818182,7,23,0.8,0.8666666666666667,0.13333333333333333,0,5
15,0.61,0.71,191.99999999999997,459,100,150,0,74,False,-1,none,0.3,0.75,0.72,0.51,0.73,0.5,0.5857142857142857,1.0,0.0,48,83,0.65,0.8888888888888888,0.1111111111111111,3,13,0.7,0.5,0.5,0,3
15,0.71,0.84,224.0,446,84,176,0,71,False,-1,none,0.3,0.8,0.8,0.52,0.75,0.57,0.6571428571428571,1.0,0.0,48,92,0.8,0.8260869565217391,0.17391304347826086,8,18,0.9,0.8,0.2,3,7
15,0.7,0.82,227.59999999999997,448,92,180,0,76,False,-1,none,0.3,0.79,0.83,0.48,0.8,0.64,0.6571428571428571,1.0,0.0,48,102,0.75,0.7142857142857143,0.2857142857142857,12,13,0.9,0.7333333333333333,0.26666666666666666,2,3
15,0.71,0.82,210.03999999999996,448,110,162,0,86,True,2,Slow,0.3,0.83,0.84,0.57,0.77,0.53,0.6714285714285714,1.0,0.0,51,91,0.75,0.65,0.35,7,8,0.9,0.8,0.2,0,5
15,0.73,0.83,232.4,447,95,191,0,86,False,-1,none,0.3,0.85,0.88,0.54,0.76,0.66,0.7142857142857143,1.0,0.0,60,98,0.75,0.6666666666666666,0.3333333333333333,13,12,0.8,0.7333333333333333,0.26666666666666666,4,4
15,0.71,0.83,221.39999999999998,447,84,178,0,70,False,-1,none,0.3,0.81,0.78,0.59,0.74,0.53,0.7285714285714285,1.0,0.0,61,96,0.7,0.8636363636363636,0.13636363636363635,8,11,0.6,0.6,0.4,0,2
15,0.66,0.84,201.0,446,78,159,0,74,False,-1,none,0.3,0.75,0.74,0.54,0.66,0.52,0.5571428571428572,1.0,0.0,53,76,0.95,0.9310344827586207,0.06896551724137931,5,19,0.8,0.8125,0.1875,2,4
15,0.7,0.83,212.8,447,106,174,0,72,False,-1,none,0.3,0.82,0.85,0.59,0.76,0.61,0.6571428571428571,1.0,0.0,53,96,0.85,0.9615384615384616,0.038461538461538464,1,20,0.7,0.6363636363636364,0.36363636363636365,1,3
15,0.7,0.85,229.59999999999997,445,76,185,0,69,False,-1,none,0.3,0.8,0.75,0.56,0.76,0.59,0.6428571428571429,1.0,0.0,60,90,0.75,0.7,0.3,9,14,1.0,0.75,0.25,3,9
15,0.61,0.75,176.95999999999998,455,103,149,0,78,True,0,Slow,0.3,0.8,0.76,0.52,0.72,0.47,0.6142857142857143,1.0,0.0,52,90,0.7,0.6956521739130435,0.30434782608695654,1,5,0.4,0.7777777777777778,0.2222222222222222,1,0
15,0.71,0.89,223.54000000000005,441,105,176,0,70,True,4,Shigh,0.3,0.83,0.85,0.67,0.78,0.57,0.6714285714285714,1.0,0.0,58,99,0.75,0.75,0.25,6,10,0.9,0.7222222222222222,0.2777777777777778,1,2
15,0.6,0.7,192.99999999999997,460,99,160,0,76,False,-1,none,0.3,0.78,0.77,0.49,0.69,0.56,0.6,1.0,0.0,48,93,0.55,0.6875,0.3125,7,10,0.7,0.75,0.25,1,1
15,0.71,0.83,233.0,447,94,179,0,84,False,-1,none,0.3,0.85,0.82,0.55,0.79,0.55,0.6714285714285714,1.0,0.0,59,93,0.8,0.7619047619047619,0.23809523809523808,9,10,0.8,0.6,0.4,3,5
15,0.68,0.81,214.39999999999998,449,89,166,0,79,False,-1,none,0.3,0.82,0.76,0.53,0.73,0.52,0.6571428571428571,1.0,0.0,50,89,0.8,0.8076923076923077,0.19230769230769232,6,19,0.6,0.7777777777777778,0.2222222222222222,1,1
15,0.61,0.78,202.2,452,102,170,0,80,False,-1,none,0.3,0.81,0.8,0.58,0.75,0.56,0.5571428571428572,1.0,0.0,50,92,0.65,0.9047619047619048,0.09523809523809523,4,18,0.9,0.8333333333333334,0.16666666666666666,2,4
15,0.73,0.89,221.59999999999994,441,102,174,0,80,False,-1,none,0.3,0.84,0.8,0.55,0.76,0.7,0.6857142857142857,1.0,0.0,52,94,0.85,0.8461538461538461,0.15384615384615385,5,18,0.8,0.6,0.4,1,4
15,0.63,0.74,207.19999999999996,456,85,170,0,71,False,-1,none,0.3,0.76,0.77,0.52,0.7,0.54,0.6285714285714286,1.0,0.0,55,89,0.6,0.6875,0.3125,5,13,0.7,0.7857142857142857,0.21428571428571427,4,4
15,0.75,0.95,223.20000000000005,435,85,172,0,93,False,-1,none,0.3,0.82,0.84,0.53,0.74,0.59,0.7,1.0,0.0,53,86,0.9,0.7777777777777778,0.2222222222222222,4,21,0.8,0.6666666666666666,0.3333333333333333,5,3
15,0.69,0.87,232.8,443,87,176,0,65,False,-1,none,0.3,0.82,0.77,0.59,0.73,0.59,0.6428571428571429,1.0,0.0,53,94,0.8,0.7727272727272727,0.22727272727272727,9,13,0.8,0.85,0.15,1,6
15,0.65,0.78,201.4,452,104,153,0,65,False,-1,none,0.3,0.77,0.76,0.58,0.72,0.52,0.6142857142857143,1.0,0.0,47,85,0.7,0.8636363636363636,0.13636363636363635,5,13,0.8,0.6923076923076923,0.3076923076923077,1,2
15,0.76,0.9,238.06,440,91,193,0,81,True,2,Slow,0.3,0.86,0.89,0.59,0.84,0.56,0.7142857142857143,1.0,0.0,62,100,0.85,0.782608695652174,0.21739130434782608,8,16,0.9,0.625,0.375,4,3
15,0.62,0.72,200.19999999999993,458,102,164,0,82,False,-1,none,0.3,0.78,0.79,0.55,0.75,0.51,0.6,1.0,0.0,47,89,0.65,0.7058823529411765,0.29411764705882354,10,13,0.7,0.6923076923076923,0.3076923076923077,3,2
15,0.69,0.79,211.99999999999997,451,100,172,0,74,False,-1,none,0.3,0.82,0.82,0.53,0.76,0.58,0.6714285714285714,1.0,0.0,52,94,0.65,0.8333333333333334,0.16666666666666666,5,11,0.9,0.6428571428571429,0.35714285714285715,5,5
15,0.68,0.81,207.79999999999998,449,95,174,0,70,False,-1,none,0.3,0.8,0.79,0.53,0.78,0.6,0.6142857142857143,1.0,0.0,51,95,0.85,0.8095238095238095,0.19047619047619047,8,12,0.8,0.7058823529411765,0.29411764705882354,2,6
15,0.71,0.82,208.59999999999997,448,106,157,0,95,False,-1,none,0.3,0.85,0.83,0.54,0.77,0.46,0.6857142857142857,1.0,0.0,45,86,0.75,0.5555555555555556,0.4444444444444444,12,11,0.8,0.7333333333333333,0.26666666666666666,1,2
15,0.71,0.83,232.39999999999998,447,99,182,0,71,False,-1,none,0.3,0.79,0.85,0.66,0.81,0.53,0.6857142857142857,1.0,0.0,57,96,0.8,0.7272727272727273,0.2727272727272727,10,14,0.7,0.6153846153846154,0.38461538461538464,1,4
15,0.7,0.84,239.59999999999997,446,92,186,0,78,False,-1,none,0.3,0.85,0.81,0.55,0.79,0.62,0.6428571428571429,1.0,0.0,51,96,0.85,0.5714285714285714,0.42857142857142855,16,16,0.8,0.5,0.5,5,2
15,0.6,0.75,178.21999999999994,455,90,152,0,83,True,2,Slow,0.3,0.71,0.78,0.51,0.7,0.47,0.5714285714285714,1.0,0.0,45,88,0.7,0.8260869565217391,0.17391304347826086,6,9,0.6,0.8333333333333334,0.16666666666666666,1,3
15,0.61,0.7,200.39999999999995,460,100,155,0,65,False,-1,none,0.3,0.71,0.77,0.51,0.68,0.58,0.5428571428571428,1.0,0.0,43,82,0.8,0.6666666666666666,0.3333333333333333,10,14,0.7,0.5454545454545454,0.45454545454545453,4,2
15,0.68,0.77,212.2,453,100,173,0,70,False,-1,none,0.3,0.79,0.81,0.52,0.75,0.63,0.6142857142857143,1.0,0.0,44,99,0.8,0.7368421052631579,0.2631578947368421,10,15,0.9,0.6666666666666666,0.3333333333333333,3,2
15,0.72,0.86,235.0,444,90,190,0,69,False,-1,none,0.3,0.83,0.82,0.59,0.78,0.64,0.6857142857142857,1.0,0.0,53,102,0.75,0.6666666666666666,0.3333333333333333,17,10,0.9,0.7058823529411765,0.29411764705882354,4,4
15,0.69,0.79,193.19999999999996,451,117,166,0,78,False,-1,none,0.3,0.86,0.83,0.55,0.79,0.59,0.6428571428571429,1.0,0.0,46,95,0.75,0.7647058823529411,0.23529411764705882,8,11,0.9,0.6470588235294118,0.35294117647058826,3,3
15,0.69,0.79,240.59999999999997,451,79,167,0,80,False,-1,none,0.3,0.74,0.78,0.51,0.72,0.5,0.6714285714285714,1.0,0.0,49,81,0.7,0.5555555555555556,0.4444444444444444,18,12,0.8,0.42857142857142855,0.5714285714285714,4,3
15,0.68,0.8,228.79999999999995,450,114,160,0,86,False,-1,none,0.3,0.84,0.83,0.54,0.75,0.58,0.6428571428571429,1.0,0.0,47,87,0.7,0.6470588235294118,0.35294117647058826,9,11,0.9,0.6666666666666666,0.3333333333333333,3,3
15,0.75,0.85,248.8,445,98,171,0,66,False,-1,none,0.3,0.8,0.83,0.54,0.79,0.58,0.6857142857142857,1.0,0.0,48,95,0.9,0.6956521739130435,0.30434782608695654,12,8,0.9,0.5,0.5,3,5
15,0.64,0.77,191.35999999999999,453,102,158,0,78,True,1,Slow,0.3,0.79,0.78,0.56,0.75,0.49,0.5857142857142857,1.0,0.0,46,86,0.85,0.84,0.16,9,15,0.6,0.5454545454545454,0.45454545454545453,0,2
15,0.61,0.79,219.8,451,83,165,0,58,False,-1,none,0.3,0.73,0.74,0.61,0.72,0.47,0.5857142857142857,1.0,0.0,51,87,0.55,0.8823529411764706,0.11764705882352941,4,11,0.9,0.6190476190476191,0.38095238095238093,9,3
15,0.71,0.88,221.39999999999998,442,101,183,0,68,False,-1,none,0.3,0.85,0.86,0.57,0.8,0.64,0.7,1.0,0.0,53,107,0.75,0.75,0.25,7,9,0.7,0.6,0.4,4,3
15,0.67,0.84,201.45999999999998,446,79,180,0,72,True,2,Slow,0.3,0.79,0.79,0.48,0.77,0.6,0.6285714285714286,1.0,0.0,56,97,0.7,0.8636363636363636,0.13636363636363635,5,18,0.9,0.6666666666666666,0.3333333333333333,1,3
15,0.71,0.81,188.04,449,82,175,0,77,True,1,Slow,0.3,0.8,0.78,0.5,0.78,0.52,0.7428571428571429,1.0,0.0,54,99,0.6,0.9333333333333333,0.06666666666666667,2,12,0.7,0.7142857142857143,0.2857142857142857,5,3
15,0.62,0.78,214.79999999999995,452,88,168,0,81,False,-1,none,0.3,0.79,0.79,0.51,0.72,0.53,0.5571428571428572,1.0,0.0,48,89,0.7,0.7619047619047619,0.23809523809523808,13,10,0.9,0.7777777777777778,0.2222222222222222,4,4
15,0.66,0.77,212.39999999999995,453,92,174,0,72,False,-1,none,0.3,0.79,0.79,0.53,0.76,0.56,0.6,1.0,0.0,53,86,0.8,0.631578947368421,0.3684210526315789,13,18,0.8,0.8125,0.1875,0,4
15,0.7,0.89,225.82000000000002,441,89,163,0,69,True,4,Shigh,0.3,0.81,0.8,0.53,0.75,0.52,0.6714285714285714,1.0,0.0,51,88,0.85,0.75,0.25,7,13,0.6,0.5,0.5,2,2
15,0.7,0.81,218.4,449,109,185,0,75,False,-1,none,0.3,0.84,0.87,0.58,0.81,0.65,0.6857142857142857,1.0,0.0,53,104,0.65,0.6,0.4,11,11,0.9,0.8333333333333334,0.16666666666666666,2,4
15,0.71,0.9,242.59999999999997,440,91,169,0,60,True,3,Shigh,0.3,0.81,0.78,0.62,0.75,0.54,0.6571428571428571,1.0,0.0,55,91,0.75,0.7083333333333334,0.2916666666666667,12,6,1.0,0.65,0.35,1,4
15,0.72,0.82,196.92000000000002,448,95,178,0,90,True,1,Slow,0.3,0.86,0.83,0.54,0.78,0.54,0.7142857142857143,1.0,0.0,58,96,0.7,0.8421052631578947,0.15789473684210525,4,14,0.8,0.6923076923076923,0.3076923076923077,4,2
15,0.64,0.76,187.31999999999996,454,98,171,0,80,True,1,Slow,0.3,0.79,0.83,0.56,0.78,0.49,0.6142857142857143,1.0,0.0,52,90,0.75,0.8095238095238095,0.19047619047619047,7,18,0.6,0.6666666666666666,0.3333333333333333,3,1
15,0.6,0.71,198.19999999999993,459,99,174,0,76,False,-1,none,0.3,0.79,0.83,0.48,0.76,0.58,0.5571428571428572,1.0,0.0,51,92,0.6,0.8,0.2,7,14,0.9,0.7058823529411765,0.29411764705882354,5,5
16,0.72,0.87,180.80000000000004,443,121,158,0,79,False,-1,none,0.3,0.83,0.85,0.56,0.85,0.57,0.6571428571428571,1.0,0.0,35,99,0.85,0.76,0.24,8,15,0.9,0.5333333333333333,0.4666666666666667,0,1
16,0.65,0.78,179.99999999999997,452,106,178,0,83,False,-1,none,0.3,0.81,0.83,0.59,0.84,0.55,0.6428571428571429,1.0,0.0,50,101,0.7,0.7,0.3,14,9,0.6,0.6153846153846154,0.38461538461538464,1,3
16,0.62,0.71,162.0,459,117,149,0,68,False,-1,none,0.3,0.78,0.76,0.54,0.73,0.56,0.5857142857142857,1.0,0.0,35,90,0.8,0.9090909090909091,0.09090909090909091,4,18,0.5,0.625,0.375,0,2
16,0.67,0.79,200.20000000000007,451,94,171,0,81,False,-1,none,0.3,0.83,0.78,0.58,0.71,0.54,0.6571428571428571,1.0,0.0,51,87,0.65,0.9473684210526315,0.05263157894736842,2,22,0.8,0.6428571428571429,0.35714285714285715,4,5
16,0.71,0.83,211.92,447,89,194,0,74,True,0,Slow,0.3,0.83,0.84,0.57,0.8,0.62,0.6571428571428571,1.0,0.0,46,99,0.8,0.8571428571428571,0.14285714285714285,9,27,0.9,0.75,0.25,7,6
16,0.74,0.89,218.24000000000004,441,100,163,0,83,True,4,Shigh,0.3,0.84,0.84,0.6,0.75,0.49,0.7142857142857143,1.0,0.0,57,85,0.75,0.84,0.16,7,10,0.9,0.7142857142857143,0.2857142857142857,2,2
16,0.64,0.73,196.39999999999998,457,104,182,0,81,False,-1,none,0.3,0.83,0.81,0.6,0.79,0.56,0.6,1.0,0.0,47,95,0.85,0.6363636363636364,0.36363636363636365,20,17,0.5,0.8888888888888888,0.1111111111111111,0,3
16,0.67,0.77,199.60000000000002,453,111,175,0,77,False,-1,none,0.3,0.84,0.83,0.55,0.83,0.58,0.6142857142857143,1.0,0.0,41,101,0.8,0.9090909090909091,0.09090909090909091,4,16,0.8,0.6666666666666666,0.3333333333333333,5,8
16,0.68,0.8,211.86,450,96,180,0,74,True,4,Shigh,0.3,0.83,0.8,0.58,0.79,0.56,0.6285714285714286,1.0,0.0,50,94,0.8,0.9047619047619048,0.09523809523809523,7,19,0.8,0.6666666666666666,0.3333333333333333,5,5
16,0.68,0.79,169.2,451,102,172,0,77,True,1,Slow,0.3,0.82,0.82,0.56,0.79,0.54,0.6714285714285714,1.0,0.0,50,90,0.75,0.9090909090909091,0.09090909090909091,5,24,0.6,0.8,0.2,1,2
16,0.61,0.75,199.4,455,79,158,0,63,False,-1,none,0.3,0.72,0.72,0.49,0.7,0.49,0.5571428571428572,1.0,0.0,43,84,0.65,0.8947368421052632,0.10526315789473684,8,16,0.9,0.7058823529411765,0.29411764705882354,4,3
16,0.56,0.64,174.79999999999998,466,119,144,0,78,False,-1,none,0.3,0.77,0.79,0.45,0.73,0.53,0.5,1.0,0.0,36,85,0.65,0.7222222222222222,0.2777777777777778,5,14,0.8,0.5454545454545454,0.45454545454545453,0,4
16,0.72,0.84,207.60000000000008,446,120,163,0,78,False,-1,none,0.3,0.87,0.85,0.6,0.77,0.58,0.7,1.0,0.0,48,92,0.75,0.8571428571428571,0.14285714285714285,6,11,0.8,0.7142857142857143,0.2857142857142857,2,4
16,0.68,0.77,212.6,453,90,164,0,79,False,-1,none,0.3,0.79,0.76,0.48,0.71,0.57,0.6571428571428571,1.0,0.0,51,91,0.75,0.65,0.35,8,10,0.7,0.6363636363636364,0.36363636363636365,3,1
16,0.67,0.76,212.2,454,95,179,0,70,False,-1,none,0.3,0.78,0.79,0.55,0.74,0.64,0.6428571428571429,1.0,0.0,49,102,0.75,0.6842105263157895,0.3157894736842105,10,14,0.7,0.5833333333333334,0.4166666666666667,1,3
16,0.68,0.79,196.40000000000003,451,99,175,0,87,False,-1,none,0.3,0.83,0.85,0.52,0.81,0.52,0.6857142857142857,1.0,0.0,53,96,0.7,0.9047619047619048,0.09523809523809523,5,17,0.6,0.8,0.2,2,2
16,0.75,0.92,213.59999999999994,438,84,189,0,80,False,-1,none,0.3,0.83,0.84,0.63,0.74,0.61,0.7428571428571429,1.0,0.0,55,96,0.7,0.9565217391304348,0.043478260869565216,4,23,0.9,0.8823529411764706,0.11764705882352941,1,10
16,0.7,0.86,203.20000000000005,444,84,184,0,76,False,-1,none,0.3,0.8,0.84,0.55,0.74,0.61,0.6571428571428571,1.0,0.0,58,93,0.8,0.9166666666666666,0.08333333333333333,4,19,0.8,0.75,0.25,3,7
16,0.74,0.94,205.8,436,94,183,0,94,False,-1,none,0.3,0.88,0.88,0.58,0.8,0.57,0.7142857142857143,1.0,0.0,58,94,0.75,0.9130434782608695,0.08695652173913043,3,20,0.9,0.9047619047619048,0.09523809523809523,2,6
16,0.67,0.81,191.1200000000001,449,78,165,0,76,True,2,Slow,0.3,0.79,0.76,0.5,0.74,0.45,0.6857142857142857,1.0,0.0,51,91,0.55,0.8235294117647058,0.17647058823529413,6,11,0.8,0.875,0.125,1,5
16,0.6,0.68,173.2,462,100,151,0,71,False,-1,none,0.3,0.73,0.72,0.53,0.71,0.5,0.6,1.0,0.0,41,89,0.6,0.9444444444444444,0.05555555555555555,3,13,0.6,0.625,0.375,2,3
16,0.74,0.91,238.0,439,86,180,0,93,False,-1,none,0.3,0.85,0.84,0.47,0.83,0.58,0.6857142857142857,1.0,0.0,52,102,0.85,0.84,0.16,8,15,0.9,0.7222222222222222,0.2777777777777778,2,1
16,0.69,0.84,235.6,446,86,177,0,88,False,-1,none,0.3,0.8,0.82,0.58,0.78,0.49,0.6571428571428571,1.0,0.0,54,90,0.85,0.72,0.28,16,13,0.6,0.6153846153846154,0.38461538461538464,2,2
16,0.72,0.83,221.4,447,86,182,0,69,False,-1,none,0.3,0.8,0.81,0.58,0.73,0.59,0.7142857142857143,1.0,0.0,62,94,0.7,0.85,0.15,2,16,0.8,0.6153846153846154,0.38461538461538464,5,3
16,0.75,0.84,221.8,446,92,182,0,82,False,-1,none,0.3,0.86,0.81,0.54,0.78,0.59,0.7571428571428571,1.0,0.0,57,93,0.65,0.9473684210526315,0.05263157894736842,2,18,0.9,0.4166666666666667,0.5833333333333334,5,7
16,0.72,0.76,220.4,454,101,180,0,83,False,-1,none,0.3,0.84,0.83,0.51,0.77,0.62,0.7142857142857143,1.0,0.0,54,99,0.6,0.625,0.375,7,11,1.0,0.3,0.7,4,5
16,0.72,0.85,222.4,445,82,170,0,73,False,-1,none,0.3,0.76,0.79,0.54,0.76,0.52,0.7,1.0,0.0,56,92,0.7,0.95,0.05,1,14,0.9,0.5625,0.4375,5,2
16,0.59,0.74,191.0,456,103,158,0,70,False,-1,none,0.3,0.76,0.77,0.52,0.75,0.55,0.5428571428571428,1.0,0.0,42,91,0.7,0.9047619047619048,0.09523809523809523,6,12,0.7,0.6666666666666666,0.3333333333333333,3,4
16,0.68,0.84,241.4,446,91,168,0,67,False,-1,none,0.3,0.76,0.78,0.54,0.74,0.61,0.6142857142857143,1.0,0.0,43,82,0.9,0.6666666666666666,0.3333333333333333,12,19,0.7,0.5714285714285714,0.42857142857142855,4,8
16,0.71,0.83,203.4,447,114,172,0,66,False,-1,none,0.3,0.85,0.83,0.66,0.77,0.58,0.6714285714285714,1.0,0.0,49,98,0.75,1.0,0.0,1,17,0.9,0.7692307692307693,0.23076923076923078,2,5
16,0.68,0.86,244.8,444,85,174,0,65,False,-1,none,0.3,0.79,0.8,0.55,0.75,0.56,0.6428571428571429,1.0,0.0,56,92,0.7,0.6818181818181818,0.3181818181818182,11,12,0.9,0.5789473684210527,0.42105263157894735,0,3
16,0.66,0.88,192.5,442,76,155,0,86,True,4,Shigh,0.3,0.77,0.78,0.51,0.68,0.45,0.6,1.0,0.0,56,78,0.7,0.7391304347826086,0.2608695652173913,8,9,1.0,0.7619047619047619,0.23809523809523808,2,2
16,0.69,0.86,227.6,444,87,175,0,72,False,-1,none,0.3,0.8,0.79,0.54,0.79,0.56,0.6714285714285714,1.0,0.0,47,95,0.7,0.7619047619047619,0.23809523809523808,10,15,0.8,0.7777777777777778,0.2222222222222222,3,5
16,0.69,0.89,219.00000000000006,441,100,178,0,73,False,-1,none,0.3,0.85,0.83,0.61,0.82,0.56,0.6142857142857143,1.0,0.0,48,99,0.85,0.7241379310344828,0.27586206896551724,12,14,0.9,0.6470588235294118,0.35294117647058826,1,4
16,0.74,0.86,214.00000000000006,444,114,170,0,90,False,-1,none,0.3,0.88,0.88,0.56,0.79,0.59,0.7,1.0,0.0,49,100,0.8,0.9,0.1,5,15,0.9,0.8235294117647058,0.17647058823529413,0,1
16,0.8,0.97,261.0,433,93,204,0,71,False,-1,none,0.3,0.91,0.84,0.66,0.87,0.66,0.7571428571428571,1.0,0.0,63,105,0.85,0.8148148148148148,0.18518518518518517,6,20,1.0,0.6470588235294118,0.35294117647058826,3,7
16,0.65,0.77,194.00000000000009,453,93,162,0,83,False,-1,none,0.3,0.77,0.81,0.48,0.75,0.51,0.6428571428571429,1.0,0.0,48,96,0.6,0.7857142857142857,0.21428571428571427,7,9,0.8,0.7777777777777778,0.2222222222222222,1,1
16,0.69,0.8,205.40000000000003,450,98,164,0,78,False,-1,none,0.3,0.76,0.8,0.58,0.77,0.51,0.6714285714285714,1.0,0.0,50,90,0.7,0.8421052631578947,0.15789473684210525,6,13,0.8,0.7857142857142857,0.21428571428571427,1,4
16,0.69,0.85,205.0,445,94,144,0,92,True,1,Slow,0.3,0.78,0.77,0.5,0.71,0.47,0.6142857142857143,1.0,0.0,44,76,0.85,0.8260869565217391,0.17391304347826086,10,11,0.9,0.631578947368421,0.3684210526315789,1,2
16,0.74,0.82,224.79999999999998,448,108,181,0,79,False,-1,none,0.3,0.86,0.83,0.61,0.84,0.57,0.7,1.0,0.0,54,100,0.85,0.7272727272727273,0.2727272727272727,10,10,0.8,0.5454545454545454,0.45454545454545453,4,3
16,0.69,0.83,220.20000000000002,447,85,175,0,72,False,-1,none,0.3,0.81,0.77,0.51,0.76,0.58,0.6571428571428571,1.0,0.0,50,95,0.8,0.8333333333333334,0.16666666666666666,9,12,0.7,0.6153846153846154,0.38461538461538464,5,4
16,0.69,0.82,221.8,448,104,159,0,80,False,-1,none,0.3,0.79,0.77,0.55,0.76,0.58,0.6571428571428571,1.0,0.0,40,97,0.65,0.7894736842105263,0.21052631578947367,1,11,1.0,0.6470588235294118,0.35294117647058826,5,5
16,0.66,0.77,181.32,453,69,170,0,79,True,0,Slow,0.3,0.76,0.73,0.48,0.7,0.49,0.7,1.0,0.0,63,90,0.6,0.75,0.25,9,7,0.5,0.75,0.25,0,1
16,0.68,0.77,219.2,453,119,166,0,83,False,-1,none,0.3,0.81,0.83,0.61,0.78,0.59,0.5714285714285714,1.0,0.0,42,94,0.9,0.6,0.4,7,15,1.0,0.7058823529411765,0.29411764705882354,5,3
16,0.65,0.85,222.60000000000005,445,90,164,0,81,False,-1,none,0.3,0.81,0.8,0.55,0.73,0.5,0.6142857142857143,1.0,0.0,49,84,0.6,0.9545454545454546,0.045454545454545456,3,16,1.0,0.65,0.35,5,7
16,0.76,0.95,245.4000000000001,435,77,204,0,64,False,-1,none,0.3,0.85,0.86,0.61,0.83,0.61,0.7285714285714285,1.0,0.0,66,98,0.9,0.9666666666666667,0.03333333333333333,4,24,0.7,0.5714285714285714,0.42857142857142855,6,6
16,0.74,0.9,239.6,440,85,180,0,75,False,-1,none,0.3,0.83,0.78,0.62,0.81,0.51,0.7142857142857143,1.0,0.0,53,95,0.75,0.9090909090909091,0.09090909090909091,8,13,0.9,0.5555555555555556,0.4444444444444444,6,5
16,0.71,0.88,236.0,442,88,188,0,66,False,-1,none,0.3,0.82,0.8,0.6,0.78,0.64,0.7,1.0,0.0,56,103,0.75,0.8148148148148148,0.18518518518518517,11,14,0.7,0.5833333333333334,0.4166666666666667,2,2
16,0.69,0.81,221.79999999999998,449,91,188,0,70,False,-1,none,0.3,0.84,0.8,0.54,0.81,0.61,0.6571428571428571,1.0,0.0,51,104,0.85,0.7083333333333334,0.2916666666666667,13,13,0.6,0.6363636363636364,0.36363636363636365,3,4
16,0.67,0.8,231.4,450,89,173,0,63,False,-1,none,0.3,0.79,0.76,0.58,0.73,0.56,0.6142857142857143,1.0,0.0,54,90,0.8,0.6363636363636364,0.36363636363636365,7,10,0.8,0.5333333333333333,0.4666666666666667,8,4
16,0.62,0.8,218.8,450,112,149,0,74,False,-1,none,0.3,0.77,0.8,0.56,0.77,0.51,0.5428571428571428,1.0,0.0,29,89,0.9,0.6551724137931034,0.3448275862068966,14,14,0.6,0.6153846153846154,0.38461538461538464,0,3
16,0.66,0.78,173.76000000000005,452,80,153,0,84,True,1,Slow,0.3,0.77,0.76,0.46,0.7,0.42,0.6714285714285714,1.0,0.0,50,82,0.7,0.8260869565217391,0.17391304347826086,6,12,0.5,0.875,0.125,0,3
16,0.68,0.81,210.80000000000004,449,79,159,0,86,False,-1,none,0.3,0.74,0.78,0.46,0.66,0.55,0.6714285714285714,1.0,0.0,50,86,0.75,0.8461538461538461,0.15384615384615385,9,12,0.6,0.625,0.375,0,2
16,0.67,0.84,232.4,446,92,185,0,64,False,-1,none,0.3,0.82,0.79,0.6,0.8,0.6,0.6571428571428571,1.0,0.0,50,99,0.7,0.782608695652174,0.21739130434782608,9,17,0.7,0.5333333333333333,0.4666666666666667,7,3
16,0.63,0.71,184.60000000000002,459,96,158,0,70,False,-1,none,0.3,0.78,0.73,0.5,0.67,0.57,0.6142857142857143,1.0,0.0,41,90,0.75,0.95,0.05,5,15,0.5,0.5,0.5,4,3
16,0.73,0.82,206.2000000000001,448,100,181,0,72,False,-1,none,0.3,0.82,0.84,0.61,0.83,0.53,0.6857142857142857,1.0,0.0,58,97,0.8,0.9,0.1,4,15,0.9,0.7857142857142857,0.21428571428571427,0,7
16,0.68,0.8,219.4,450,107,174,0,79,False,-1,none,0.3,0.85,0.87,0.58,0.72,0.59,0.6142857142857143,1.0,0.0,50,94,0.75,0.7777777777777778,0.2222222222222222,9,12,1.0,0.631578947368421,0.3684210526315789,6,3
16,0.67,0.83,203.12,447,86,168,0,68,True,1,Slow,0.3,0.76,0.78,0.51,0.75,0.57,0.6571428571428571,1.0,0.0,46,96,0.75,0.7083333333333334,0.2916666666666667,8,15,0.6,0.6923076923076923,0.3076923076923077,1,2
16,0.74,0.93,249.2,437,98,174,0,75,False,-1,none,0.3,0.84,0.86,0.59,0.8,0.56,0.6571428571428571,1.0,0.0,49,93,0.95,0.8928571428571429,0.10714285714285714,8,15,0.9,0.5789473684210527,0.42105263157894735,6,3
16,0.74,0.83,210.60000000000005,447,84,163,0,85,False,-1,none,0.3,0.79,0.78,0.54,0.71,0.48,0.7571428571428571,1.0,0.0,61,82,0.8,0.9,0.1,3,16,0.5,0.6,0.4,0,1
16,0.71,0.87,233.40000000000003,443,113,168,0,87,False,-1,none,0.3,0.86,0.82,0.57,0.81,0.62,0.6285714285714286,1.0,0.0,36,99,0.9,0.8275862068965517,0.1724137931034483,11,15,0.9,0.5,0.5,2,5
16,0.75,0.93,223.76000000000002,437,100,170,0,72,True,1,Slow,0.3,0.82,0.86,0.63,0.8,0.52,0.7428571428571429,1.0,0.0,55,90,0.75,0.8,0.2,7,14,0.8,0.6875,0.3125,1,3
16,0.61,0.74,197.39999999999998,456,104,155,0,72,False,-1,none,0.3,0.78,0.78,0.51,0.73,0.53,0.5714285714285714,1.0,0.0,40,88,0.55,0.8235294117647058,0.17647058823529413,4,14,1.0,0.7058823529411765,0.29411764705882354,4,5
16,0.77,0.93,239.20000000000005,437,105,164,0,83,False,-1,none,0.3,0.86,0.85,0.58,0.77,0.56,0.7,1.0,0.0,42,92,0.95,0.8571428571428571,0.14285714285714285,7,17,0.9,0.75,0.25,1,5
16,0.65,0.84,217.60000000000002,446,84,170,0,62,False,-1,none,0.3,0.77,0.79,0.58,0.69,0.55,0.5857142857142857,1.0,0.0,53,87,0.8,0.8888888888888888,0.1111111111111111,8,16,0.8,0.75,0.25,2,4
16,0.72,0.93,241.40000000000003,437,90,179,0,78,False,-1,none,0.3,0.83,0.84,0.59,0.76,0.6,0.6571428571428571,1.0,0.0,51,99,0.85,0.896551724137931,0.10344827586206896,3,19,0.9,0.7222222222222222,0.2777777777777778,4,3
17,0.63,0.86,172.80000000000004,444,127,132,0,80,False,-1,none,0.3,0.81,0.77,0.58,0.74,0.55,0.5571428571428572,1.0,0.0,25,91,0.8,0.72,0.28,6,8,0.8,0.8,0.2,1,1
17,0.61,0.77,167.39999999999998,453,100,155,0,83,False,-1,none,0.3,0.81,0.78,0.51,0.73,0.49,0.6,1.0,0.0,45,92,0.75,0.8214285714285714,0.17857142857142858,6,10,0.4,0.5714285714285714,0.42857142857142855,0,2
17,0.72,0.85,210.0,445,99,175,0,71,False,-1,none,0.3,0.8,0.82,0.6,0.75,0.62,0.6571428571428571,1.0,0.0,53,91,0.85,0.72,0.28,10,15,0.9,0.7857142857142857,0.21428571428571427,2,4
17,0.72,0.88,224.40000000000006,442,94,174,0,79,False,-1,none,0.3,0.84,0.8,0.61,0.74,0.57,0.6714285714285714,1.0,0.0,47,92,0.9,0.8571428571428571,0.14285714285714285,10,17,0.7,0.7692307692307693,0.23076923076923078,1,7
17,0.71,0.8,206.40000000000003,450,94,176,0,85,False,-1,none,0.3,0.83,0.85,0.49,0.8,0.53,0.7285714285714285,1.0,0.0,56,95,0.65,0.9444444444444444,0.05555555555555555,2,20,0.7,0.8181818181818182,0.18181818181818182,0,3
17,0.72,0.84,229.60000000000002,446,91,192,0,78,False,-1,none,0.3,0.81,0.84,0.55,0.83,0.64,0.7,1.0,0.0,58,104,0.8,0.9090909090909091,0.09090909090909091,2,19,0.7,0.6153846153846154,0.38461538461538464,5,4
17,0.71,0.87,235.20000000000005,443,84,162,0,87,False,-1,none,0.3,0.78,0.76,0.53,0.76,0.5,0.6571428571428571,1.0,0.0,49,85,0.8,0.8846153846153846,0.11538461538461539,9,13,0.9,0.7333333333333333,0.26666666666666666,2,4
17,0.58,0.67,190.99999999999994,463,91,169,0,68,False,-1,none,0.3,0.75,0.75,0.55,0.69,0.53,0.6,1.0,0.0,55,92,0.5,0.7692307692307693,0.23076923076923078,6,9,0.6,0.5833333333333334,0.4166666666666667,2,5
17,0.71,0.84,212.27999999999992,446,111,158,0,82,True,4,Shigh,0.3,0.84,0.82,0.54,0.79,0.54,0.6142857142857143,1.0,0.0,41,89,0.95,0.7777777777777778,0.2222222222222222,9,15,0.9,0.7857142857142857,0.21428571428571427,0,4
17,0.72,0.78,200.99999999999997,452,89,186,0,72,False,-1,none,0.3,0.8,0.8,0.59,0.73,0.61,0.6571428571428571,1.0,0.0,61,89,0.95,0.8333333333333334,0.16666666666666666,8,26,0.7,0.75,0.25,0,2
17,0.67,0.8,208.0,450,105,167,0,73,False,-1,none,0.3,0.82,0.8,0.6,0.76,0.54,0.5857142857142857,1.0,0.0,49,89,0.85,0.8571428571428571,0.14285714285714285,8,14,0.9,0.8333333333333334,0.16666666666666666,1,6
17,0.67,0.81,206.39999999999998,449,82,166,0,76,False,-1,none,0.3,0.77,0.77,0.55,0.68,0.52,0.6285714285714286,1.0,0.0,58,85,0.9,0.7857142857142857,0.21428571428571427,7,13,0.5,0.7777777777777778,0.2222222222222222,1,2
17,0.7,0.84,226.60000000000002,446,92,181,0,83,False,-1,none,0.3,0.82,0.87,0.57,0.8,0.51,0.6571428571428571,1.0,0.0,59,97,0.85,0.875,0.125,9,12,0.7,0.7142857142857143,0.2857142857142857,2,2
17,0.66,0.76,191.19999999999996,454,103,165,0,71,False,-1,none,0.3,0.8,0.78,0.6,0.77,0.49,0.6714285714285714,1.0,0.0,51,90,0.6,0.9411764705882353,0.058823529411764705,2,16,0.7,0.8333333333333334,0.16666666666666666,1,5
17,0.66,0.82,241.59999999999997,448,85,178,0,75,False,-1,none,0.3,0.8,0.79,0.52,0.78,0.56,0.6,1.0,0.0,50,95,0.7,0.7619047619047619,0.23809523809523808,11,14,1.0,0.5789473684210527,0.42105263157894735,4,4
17,0.56,0.68,193.59999999999997,462,102,163,0,77,False,-1,none,0.3,0.76,0.78,0.51,0.76,0.52,0.5428571428571428,1.0,0.0,43,93,0.45,0.6363636363636364,0.36363636363636365,7,10,0.9,0.7894736842105263,0.21052631578947367,4,6
17,0.71,0.8,228.39999999999998,450,105,187,0,68,False,-1,none,0.3,0.84,0.85,0.6,0.8,0.63,0.6714285714285714,1.0,0.0,51,102,0.8,0.6190476190476191,0.38095238095238093,11,14,0.8,0.75,0.25,7,2
17,0.73,0.86,219.20000000000002,444,98,171,0,75,False,-1,none,0.3,0.77,0.84,0.56,0.79,0.59,0.7,1.0,0.0,52,98,0.85,0.84,0.16,2,15,0.7,0.8333333333333334,0.16666666666666666,1,3
17,0.77,0.91,235.60000000000002,439,89,172,0,88,False,-1,none,0.3,0.87,0.85,0.5,0.8,0.5,0.7428571428571429,1.0,0.0,62,92,0.85,0.8076923076923077,0.19230769230769232,3,11,0.8,0.8461538461538461,0.15384615384615385,0,4
17,0.67,0.83,207.40000000000003,447,94,180,0,63,False,-1,none,0.3,0.81,0.78,0.56,0.82,0.6,0.6142857142857143,1.0,0.0,54,97,0.7,0.7727272727272727,0.22727272727272727,8,17,1.0,0.6666666666666666,0.3333333333333333,2,2
17,0.64,0.75,189.0,455,107,169,0,74,False,-1,none,0.3,0.8,0.79,0.57,0.81,0.54,0.6285714285714286,1.0,0.0,51,101,0.65,0.9444444444444444,0.05555555555555555,0,13,0.7,0.7692307692307693,0.23076923076923078,1,3
17,0.64,0.8,218.99999999999994,450,102,159,0,74,False,-1,none,0.3,0.77,0.78,0.53,0.75,0.58,0.5571428571428572,1.0,0.0,43,92,0.8,0.8846153846153846,0.11538461538461539,6,15,0.9,0.6,0.4,2,1
17,0.68,0.85,224.20000000000002,445,102,183,0,60,False,-1,none,0.3,0.81,0.84,0.62,0.79,0.64,0.6714285714285714,1.0,0.0,58,100,0.65,0.85,0.15,6,15,0.8,0.8333333333333334,0.16666666666666666,2,2
17,0.72,0.8,210.39999999999998,450,95,168,0,72,False,-1,none,0.3,0.82,0.79,0.58,0.71,0.53,0.7,1.0,0.0,59,89,0.75,0.8095238095238095,0.19047619047619047,8,10,0.8,0.7,0.3,0,2
17,0.66,0.82,232.0,448,84,163,0,81,False,-1,none,0.3,0.77,0.79,0.47,0.73,0.53,0.5714285714285714,1.0,0.0,47,80,0.85,0.72,0.28,14,14,0.9,0.7647058823529411,0.23529411764705882,3,5
17,0.66,0.78,222.19999999999993,452,82,168,0,82,False,-1,none,0.3,0.78,0.75,0.56,0.73,0.46,0.6285714285714286,1.0,0.0,48,87,0.75,0.5789473684210527,0.42105263157894735,12,12,0.7,0.8,0.2,4,5
17,0.73,0.83,231.39999999999998,447,98,175,0,74,False,-1,none,0.3,0.82,0.82,0.53,0.77,0.62,0.7,1.0,0.0,52,101,0.75,0.6470588235294118,0.35294117647058826,5,10,0.9,0.7647058823529411,0.23529411764705882,4,3
17,0.69,0.81,219.79999999999998,449,90,168,0,71,False,-1,none,0.3,0.78,0.81,0.57,0.7,0.53,0.6428571428571429,1.0,0.0,47,88,0.8,0.7916666666666666,0.20833333333333334,11,15,0.8,0.75,0.25,5,2
17,0.65,0.77,212.2,453,95,166,0,82,False,-1,none,0.3,0.78,0.8,0.55,0.74,0.51,0.6285714285714286,1.0,0.0,54,89,0.65,0.8095238095238095,0.19047619047619047,6,12,0.8,0.5833333333333334,0.4166666666666667,3,2
17,0.64,0.75,196.2,455,101,153,0,81,False,-1,none,0.3,0.81,0.78,0.41,0.76,0.53,0.5857142857142857,1.0,0.0,43,86,0.8,0.8636363636363636,0.13636363636363635,5,15,0.7,0.75,0.25,2,2
17,0.66,0.78,191.6,452,88,163,0,76,False,-1,none,0.3,0.8,0.77,0.5,0.74,0.48,0.6714285714285714,1.0,0.0,57,91,0.55,0.9375,0.0625,1,10,0.8,0.8666666666666667,0.13333333333333333,0,4
17,0.74,0.85,232.79999999999998,445,103,185,0,67,False,-1,none,0.3,0.86,0.83,0.65,0.82,0.57,0.7285714285714285,1.0,0.0,57,95,0.75,0.8095238095238095,0.19047619047619047,10,15,0.8,0.6923076923076923,0.3076923076923077,3,5
17,0.69,0.83,225.0,447,91,188,0,83,False,-1,none,0.3,0.86,0.83,0.59,0.78,0.56,0.6714285714285714,1.0,0.0,61,97,0.75,0.8636363636363636,0.13636363636363635,8,17,0.7,0.7142857142857143,0.2857142857142857,3,2
17,0.74,0.87,200.52000000000004,443,98,181,0,69,True,0,Slow,0.3,0.82,0.84,0.61,0.83,0.56,0.7142857142857143,1.0,0.0,60,100,0.75,0.9545454545454546,0.045454545454545456,4,15,0.9,0.8,0.2,1,1
17,0.74,0.9,227.34,440,85,173,0,77,True,2,Slow,0.3,0.82,0.82,0.53,0.8,0.51,0.7142857142857143,1.0,0.0,55,87,0.75,0.8636363636363636,0.13636363636363635,8,16,0.9,0.7777777777777778,0.2222222222222222,2,5
17,0.61,0.71,189.2,459,84,173,0,77,False,-1,none,0.3,0.75,0.74,0.48,0.74,0.57,0.5857142857142857,1.0,0.0,50,95,0.7,0.8947368421052632,0.10526315789473684,5,16,0.6,0.7272727272727273,0.2727272727272727,3,4
17,0.63,0.79,206.67999999999998,451,98,149,0,84,True,3,Shigh,0.3,0.79,0.75,0.51,0.67,0.54,0.5571428571428572,1.0,0.0,47,83,0.75,0.782608695652174,0.21739130434782608,2,10,0.9,0.7647058823529411,0.23529411764705882,2,5
17,0.69,0.79,215.4,451,123,164,0,84,False,-1,none,0.3,0.84,0.85,0.62,0.77,0.58,0.6571428571428571,1.0,0.0,41,97,0.8,0.8,0.2,9,12,0.7,0.6923076923076923,0.3076923076923077,3,2
17,0.66,0.77,200.74,453,112,172,0,69,True,3,Shigh,0.3,0.82,0.85,0.58,0.78,0.58,0.6428571428571429,1.0,0.0,54,100,0.8,0.75,0.25,4,12,0.5,0.75,0.25,0,2
17,0.68,0.79,227.8,451,85,160,0,81,False,-1,none,0.3,0.74,0.8,0.47,0.72,0.51,0.6,1.0,0.0,47,78,0.85,0.6818181818181818,0.3181818181818182,16,14,0.9,0.8,0.2,2,3
17,0.82,0.98,243.60000000000002,432,91,176,0,80,False,-1,none,0.3,0.87,0.86,0.6,0.77,0.55,0.8,1.0,0.0,66,89,0.9,0.8888888888888888,0.1111111111111111,2,17,0.8,0.6666666666666666,0.3333333333333333,1,1
17,0.72,0.87,226.20000000000002,443,86,181,0,76,False,-1,none,0.3,0.83,0.85,0.58,0.79,0.49,0.6714285714285714,1.0,0.0,60,87,0.85,0.8571428571428571,0.14285714285714285,13,16,0.8,0.8333333333333334,0.16666666666666666,1,4
17,0.67,0.82,230.59999999999997,448,101,158,0,64,False,-1,none,0.3,0.76,0.75,0.63,0.73,0.54,0.6285714285714286,1.0,0.0,42,86,0.7,0.8421052631578947,0.15789473684210525,10,14,0.9,0.6842105263157895,0.3157894736842105,4,2
17,0.65,0.77,202.4,453,106,163,0,79,False,-1,none,0.3,0.84,0.8,0.56,0.75,0.51,0.5857142857142857,1.0,0.0,49,89,0.85,0.88,0.12,7,14,0.7,0.8181818181818182,0.18181818181818182,2,2
17,0.72,0.85,241.99999999999997,445,102,183,0,75,False,-1,none,0.3,0.86,0.86,0.63,0.79,0.56,0.6714285714285714,1.0,0.0,51,93,0.8,0.7727272727272727,0.22727272727272727,12,17,0.9,0.625,0.375,2,8
17,0.69,0.84,225.0,446,82,179,0,80,False,-1,none,0.3,0.8,0.81,0.48,0.81,0.55,0.6428571428571429,1.0,0.0,52,95,0.75,0.8571428571428571,0.14285714285714285,9,14,0.9,0.7777777777777778,0.2222222222222222,3,6
17,0.71,0.79,210.39999999999998,451,105,174,0,82,False,-1,none,0.3,0.87,0.82,0.61,0.7,0.58,0.7142857142857143,1.0,0.0,62,90,0.6,0.625,0.375,12,7,0.9,0.7692307692307693,0.23076923076923078,1,2
17,0.57,0.68,180.19999999999996,462,83,155,0,74,False,-1,none,0.3,0.71,0.69,0.43,0.68,0.55,0.5428571428571428,1.0,0.0,42,88,0.7,0.9545454545454546,0.045454545454545456,3,15,0.5,0.5,0.5,4,3
17,0.73,0.85,217.28000000000003,445,85,179,0,66,True,1,Slow,0.3,0.77,0.81,0.58,0.76,0.57,0.6857142857142857,1.0,0.0,51,93,0.8,0.8260869565217391,0.17391304347826086,10,20,0.9,0.6428571428571429,0.35714285714285715,2,3
17,0.68,0.79,231.19999999999996,451,89,172,0,95,False,-1,none,0.3,0.82,0.81,0.5,0.79,0.48,0.6428571428571429,1.0,0.0,48,85,0.75,0.6842105263157895,0.3157894736842105,14,15,0.8,0.6666666666666666,0.3333333333333333,4,6
17,0.73,0.85,240.2,445,90,185,0,70,True,4,Shigh,0.3,0.83,0.82,0.58,0.79,0.58,0.7,1.0,0.0,52,96,0.75,0.7142857142857143,0.2857142857142857,13,13,0.9,0.6,0.4,5,6
17,0.74,0.83,226.6,447,91,177,0,69,False,-1,none,0.3,0.78,0.82,0.56,0.73,0.62,0.7,1.0,0.0,53,95,0.8,0.7368421052631579,0.2631578947368421,11,15,0.9,0.8,0.2,0,3
17,0.7,0.83,210.79999999999998,447,104,183,0,65,False,-1,none,0.3,0.84,0.83,0.62,0.78,0.63,0.6571428571428571,1.0,0.0,51,99,0.85,0.9583333333333334,0.041666666666666664,6,23,0.7,0.7692307692307693,0.23076923076923078,0,4
17,0.64,0.73,170.79999999999998,457,74,165,0,78,False,-1,none,0.3,0.74,0.75,0.47,0.67,0.49,0.6428571428571429,1.0,0.0,57,94,0.65,0.9473684210526315,0.05263157894736842,2,10,0.6,0.6666666666666666,0.3333333333333333,0,2
17,0.68,0.82,238.59999999999997,448,98,169,0,101,False,-1,none,0.3,0.88,0.83,0.5,0.76,0.52,0.6142857142857143,1.0,0.0,50,88,0.8,0.5714285714285714,0.42857142857142855,18,6,0.9,0.7222222222222222,0.2777777777777778,0,7
17,0.73,0.87,217.99999999999997,443,86,166,0,76,True,2,Slow,0.3,0.8,0.81,0.56,0.74,0.48,0.7285714285714285,1.0,0.0,52,87,0.75,0.9047619047619048,0.09523809523809523,2,17,0.7,0.6666666666666666,0.3333333333333333,3,5
17,0.65,0.77,213.99999999999994,453,100,179,0,69,False,-1,none,0.3,0.82,0.81,0.55,0.76,0.62,0.5857142857142857,1.0,0.0,46,96,0.8,0.7727272727272727,0.22727272727272727,9,20,0.8,0.7857142857142857,0.21428571428571427,4,4
17,0.62,0.76,214.39999999999995,454,101,161,0,77,False,-1,none,0.3,0.78,0.81,0.49,0.79,0.51,0.5428571428571428,1.0,0.0,39,91,0.75,0.7619047619047619,0.23809523809523808,7,16,0.9,0.7647058823529411,0.23529411764705882,3,5
17,0.62,0.74,204.59999999999997,456,89,144,0,63,False,-1,none,0.3,0.72,0.73,0.47,0.66,0.49,0.5714285714285714,1.0,0.0,44,73,0.75,0.8636363636363636,0.13636363636363635,7,12,0.7,0.5833333333333334,0.4166666666666667,2,6
17,0.65,0.82,218.4,448,89,165,0,74,False,-1,none,0.3,0.76,0.78,0.53,0.75,0.54,0.5857142857142857,1.0,0.0,44,89,0.75,0.88,0.12,8,17,0.9,0.75,0.25,3,4
17,0.71,0.86,239.40000000000003,444,107,188,0,64,False,-1,none,0.3,0.87,0.85,0.64,0.81,0.64,0.6285714285714286,1.0,0.0,55,97,0.85,0.9166666666666666,0.08333333333333333,5,20,1.0,0.6111111111111112,0.3888888888888889,6,5
17,0.69,0.83,231.59999999999997,447,86,175,0,81,False,-1,none,0.3,0.83,0.81,0.54,0.72,0.54,0.6428571428571429,1.0,0.0,51,91,0.85,0.8333333333333334,0.16666666666666666,8,18,0.7,0.6428571428571429,0.35714285714285715,5,2
17,0.64,0.78,195.6,452,89,179,0,74,False,-1,none,0.3,0.84,0.79,0.49,0.79,0.55,0.6285714285714286,1.0,0.0,45,98,0.65,0.9,0.1,5,18,0.7,0.7857142857142857,0.21428571428571427,6,7
17,0.66,0.77,208.99999999999997,453,84,169,0,85,False,-1,none,0.3,0.76,0.77,0.5,0.75,0.52,0.6428571428571429,1.0,0.0,54,87,0.65,0.8947368421052632,0.10526315789473684,6,18,0.8,0.6153846153846154,0.38461538461538464,1,3
17,0.64,0.74,200.99999999999997,456,92,150,0,79,False,-1,none,0.3,0.72,0.77,0.45,0.7,0.52,0.5857142857142857,1.0,0.0,46,87,0.75,0.8947368421052632,0.10526315789473684,1,12,0.8,0.7142857142857143,0.2857142857142857,1,3
17,0.65,0.71,200.19999999999996,459,88,168,0,73,False,-1,none,0.3,0.74,0.79,0.52,0.71,0.51,0.6,1.0,0.0,53,83,0.7,0.7647058823529411,0.23529411764705882,9,18,0.9,0.6666666666666666,0.3333333333333333,2,3
18,0.63,0.87,174.40000000000006,443,135,139,0,79,False,-1,none,0.3,0.83,0.83,0.57,0.79,0.59,0.5428571428571428,1.0,0.0,27,99,0.75,0.8636363636363636,0.13636363636363635,1,7,1.0,0.6190476190476191,0.38095238095238093,0,5
18,0.74,0.93,214.19999999999996,437,109,165,0,73,False,-1,none,0.3,0.86,0.85,0.61,0.74,0.61,0.7,1.0,0.0,48,92,0.75,0.782608695652174,0.21739130434782608,9,10,1.0,0.5789473684210527,0.42105263157894735,3,3
18,0.7,0.87,226.0,443,89,174,0,85,False,-1,none,0.3,0.8,0.81,0.56,0.73,0.6,0.6142857142857143,1.0,0.0,41,97,0.85,0.68,0.32,17,15,1.0,0.7368421052631579,0.2631578947368421,1,3
18,0.64,0.79,201.08000000000004,451,96,151,0,84,True,4,Shigh,0.3,0.78,0.76,0.49,0.76,0.47,0.6,1.0,0.0,42,87,0.7,0.8,0.2,4,13,0.8,0.7647058823529411,0.23529411764705882,1,4
18,0.63,0.68,191.99999999999997,462,96,170,0,86,False,-1,none,0.3,0.76,0.8,0.5,0.75,0.53,0.6285714285714286,1.0,0.0,53,95,0.75,0.8125,0.1875,4,16,0.4,0.625,0.375,0,2
18,0.76,0.92,205.16,438,91,186,0,71,True,1,Slow,0.3,0.81,0.86,0.63,0.79,0.6,0.7571428571428571,1.0,0.0,64,100,0.7,1.0,0.0,0,18,0.9,0.5882352941176471,0.4117647058823529,2,2
18,0.66,0.79,188.39999999999995,451,100,166,0,75,False,-1,none,0.3,0.8,0.78,0.55,0.75,0.57,0.6285714285714286,1.0,0.0,47,86,0.75,0.9130434782608695,0.08695652173913043,5,25,0.7,0.5,0.5,1,2
18,0.76,0.97,243.6,433,94,163,0,81,False,-1,none,0.3,0.82,0.78,0.59,0.8,0.55,0.7,1.0,0.0,44,89,0.9,0.8484848484848485,0.15151515151515152,7,20,0.9,0.4666666666666667,0.5333333333333333,2,1
18,0.62,0.7,171.2,460,81,158,0,76,False,-1,none,0.3,0.69,0.75,0.51,0.67,0.47,0.6142857142857143,1.0,0.0,53,82,0.75,0.6666666666666666,0.3333333333333333,10,12,0.4,0.8333333333333334,0.16666666666666666,0,1
18,0.69,0.81,212.59999999999997,449,89,172,0,78,False,-1,none,0.3,0.81,0.77,0.59,0.73,0.52,0.6571428571428571,1.0,0.0,60,89,0.75,0.8,0.2,9,10,0.8,0.6666666666666666,0.3333333333333333,1,3
18,0.73,0.92,213.99999999999994,438,86,174,0,68,False,-1,none,0.3,0.8,0.84,0.57,0.79,0.52,0.7,1.0,0.0,53,92,0.85,0.8518518518518519,0.14814814814814814,6,18,0.7,0.8125,0.1875,2,3
18,0.77,0.93,228.68,437,99,173,0,85,True,3,Shigh,0.3,0.86,0.85,0.5,0.86,0.58,0.7428571428571429,1.0,0.0,52,101,0.9,0.7407407407407407,0.25925925925925924,7,11,0.7,0.7857142857142857,0.21428571428571427,1,1
18,0.59,0.7,177.2,460,103,158,0,74,False,-1,none,0.3,0.77,0.79,0.5,0.72,0.53,0.5285714285714286,1.0,0.0,45,85,0.8,0.9615384615384616,0.038461538461538464,6,20,0.6,0.42857142857142855,0.5714285714285714,0,2
18,0.77,0.9,210.39999999999998,440,109,186,0,75,False,-1,none,0.3,0.88,0.9,0.61,0.83,0.63,0.7571428571428571,1.0,0.0,63,104,0.8,1.0,0.0,0,16,0.8,0.8125,0.1875,1,2
18,0.74,0.88,206.0,442,83,175,0,69,False,-1,none,0.3,0.79,0.79,0.56,0.75,0.57,0.7142857142857143,1.0,0.0,56,89,0.8,0.8695652173913043,0.13043478260869565,6,16,0.8,0.5714285714285714,0.42857142857142855,2,6
18,0.71,0.81,214.79999999999995,449,82,164,0,78,False,-1,none,0.3,0.77,0.74,0.55,0.72,0.49,0.6857142857142857,1.0,0.0,58,79,0.7,0.8421052631578947,0.15789473684210525,4,19,0.9,0.5714285714285714,0.42857142857142855,3,1
18,0.66,0.77,192.4,453,94,146,0,78,False,-1,none,0.3,0.75,0.74,0.47,0.74,0.47,0.6142857142857143,1.0,0.0,35,84,0.75,0.9130434782608695,0.08695652173913043,7,15,0.8,0.7272727272727273,0.2727272727272727,3,2
18,0.72,0.87,225.79999999999998,443,98,177,0,73,False,-1,none,0.3,0.82,0.83,0.55,0.77,0.65,0.7,1.0,0.0,54,102,0.75,0.7619047619047619,0.23809523809523808,4,13,0.8,0.5882352941176471,0.4117647058823529,1,3
18,0.7,0.96,223.44,434,103,155,0,71,True,1,Slow,0.3,0.84,0.82,0.59,0.75,0.54,0.6142857142857143,1.0,0.0,45,85,0.9,0.8787878787878788,0.12121212121212122,4,18,0.9,0.625,0.375,3,0
18,0.74,0.88,235.4,442,100,164,0,83,False,-1,none,0.3,0.85,0.81,0.51,0.8,0.55,0.7142857142857143,1.0,0.0,48,92,0.8,0.75,0.25,7,13,0.8,0.6428571428571429,0.35714285714285715,1,3
18,0.72,0.87,230.4,443,84,175,0,79,False,-1,none,0.3,0.8,0.78,0.51,0.79,0.58,0.6428571428571429,1.0,0.0,46,93,0.9,0.8888888888888888,0.1111111111111111,8,20,0.9,0.6,0.4,4,4
18,0.63,0.77,194.19999999999996,453,94,171,0,78,False,-1,none,0.3,0.82,0.79,0.52,0.77,0.52,0.6285714285714286,1.0,0.0,49,98,0.75,0.8333333333333334,0.16666666666666666,7,16,0.4,0.7777777777777778,0.2222222222222222,0,1
18,0.72,0.82,203.2,448,93,171,0,84,False,-1,none,0.3,0.81,0.82,0.59,0.73,0.51,0.7142857142857143,1.0,0.0,56,86,0.75,0.7894736842105263,0.21052631578947367,10,16,0.7,0.9230769230769231,0.07692307692307693,0,3
18,0.66,0.8,212.0,450,90,139,0,76,False,-1,none,0.3,0.73,0.76,0.5,0.68,0.42,0.5857142857142857,1.0,0.0,47,66,0.8,0.8571428571428571,0.14285714285714285,4,13,0.9,0.6666666666666666,0.3333333333333333,4,5
18,0.76,0.94,229.36,436,81,180,0,85,True,2,Slow,0.3,0.82,0.83,0.57,0.79,0.54,0.7142857142857143,1.0,0.0,63,91,0.9,0.7777777777777778,0.2222222222222222,9,14,0.8,0.6875,0.3125,0,3
18,0.71,0.89,224.8,441,91,137,0,83,False,-1,none,0.3,0.76,0.75,0.55,0.61,0.5,0.6714285714285714,1.0,0.0,41,70,0.8,0.9230769230769231,0.07692307692307693,2,22,0.8,0.6875,0.3125,1,1
18,0.75,0.9,210.59999999999994,440,76,172,0,82,True,0,Slow,0.3,0.82,0.81,0.49,0.7,0.56,0.7428571428571429,1.0,0.0,60,90,0.8,0.7391304347826086,0.2608695652173913,6,13,0.7,0.7142857142857143,0.2857142857142857,0,3
18,0.75,0.86,218.0,444,79,185,0,70,False,-1,none,0.3,0.79,0.83,0.6,0.72,0.56,0.7142857142857143,1.0,0.0,63,89,0.9,0.88,0.12,9,18,0.7,0.6363636363636364,0.36363636363636365,1,5
18,0.62,0.74,195.99999999999997,456,102,165,0,64,False,-1,none,0.3,0.8,0.79,0.55,0.71,0.56,0.5857142857142857,1.0,0.0,55,89,0.65,0.85,0.15,6,10,0.8,0.6153846153846154,0.38461538461538464,0,5
18,0.69,0.83,214.79999999999995,447,91,150,0,76,False,-1,none,0.3,0.78,0.75,0.51,0.75,0.45,0.6571428571428571,1.0,0.0,43,81,0.85,0.8846153846153846,0.11538461538461539,4,20,0.6,0.5454545454545454,0.45454545454545453,1,1
18,0.74,0.9,227.6,440,70,196,0,74,False,-1,none,0.3,0.83,0.82,0.52,0.8,0.59,0.7428571428571429,1.0,0.0,61,99,0.75,0.8461538461538461,0.15384615384615385,9,19,0.7,0.6666666666666666,0.3333333333333333,3,5
18,0.65,0.75,179.99999999999997,455,77,165,0,73,False,-1,none,0.3,0.73,0.73,0.5,0.69,0.52,0.6714285714285714,1.0,0.0,55,93,0.6,0.9473684210526315,0.05263157894736842,0,13,0.6,0.6666666666666666,0.3333333333333333,1,3
18,0.72,0.86,203.79999999999998,444,101,153,0,85,True,3,Shigh,0.3,0.83,0.82,0.52,0.72,0.51,0.6857142857142857,1.0,0.0,50,87,0.85,0.7142857142857143,0.2857142857142857,6,9,0.7,0.5,0.5,0,1
18,0.73,0.83,214.79999999999995,447,67,188,0,72,False,-1,none,0.3,0.79,0.75,0.56,0.71,0.57,0.7285714285714285,1.0,0.0,72,88,0.75,0.8181818181818182,0.18181818181818182,7,16,0.7,0.5,0.5,0,5
18,0.73,0.88,232.4,442,93,169,0,80,False,-1,none,0.3,0.81,0.81,0.55,0.77,0.56,0.6285714285714286,1.0,0.0,50,91,0.95,0.84,0.16,5,18,1.0,0.631578947368421,0.3684210526315789,2,3
18,0.71,0.9,219.99999999999997,440,100,170,0,75,True,3,Shigh,0.3,0.81,0.84,0.59,0.79,0.57,0.7285714285714285,1.0,0.0,50,102,0.7,0.7407407407407407,0.25925925925925924,8,7,0.6,0.8333333333333334,0.16666666666666666,1,2
18,0.7,0.87,197.99999999999994,443,100,171,0,62,False,-1,none,0.3,0.79,0.83,0.56,0.77,0.63,0.6571428571428571,1.0,0.0,47,96,0.75,0.84,0.16,9,15,0.9,0.8,0.2,2,2
18,0.7,0.87,220.0,443,91,179,0,73,False,-1,none,0.3,0.8,0.84,0.55,0.79,0.59,0.6714285714285714,1.0,0.0,53,93,0.65,0.9444444444444444,0.05555555555555555,4,20,1.0,0.7272727272727273,0.2727272727272727,3,6
18,0.7,0.85,227.19999999999993,445,96,167,0,77,False,-1,none,0.3,0.83,0.8,0.55,0.76,0.54,0.6142857142857143,1.0,0.0,50,83,0.9,0.7407407407407407,0.25925925925925924,11,18,0.9,0.7333333333333333,0.26666666666666666,1,4
18,0.66,0.83,235.59999999999997,447,109,171,0,77,False,-1,none,0.3,0.83,0.83,0.56,0.78,0.63,0.5857142857142857,1.0,0.0,39,102,0.8,0.55,0.45,18,7,0.9,0.7272727272727273,0.2727272727272727,3,2
18,0.73,0.85,220.39999999999998,445,98,173,0,84,False,-1,none,0.3,0.81,0.87,0.52,0.81,0.55,0.7,1.0,0.0,49,99,0.8,0.7727272727272727,0.22727272727272727,10,12,0.8,0.7142857142857143,0.2857142857142857,1,2
18,0.66,0.79,201.79999999999995,451,95,171,0,70,False,-1,none,0.3,0.8,0.8,0.57,0.72,0.56,0.6571428571428571,1.0,0.0,60,92,0.5,0.8461538461538461,0.15384615384615385,5,9,1.0,0.75,0.25,0,5
18,0.74,0.85,235.99999999999997,445,102,184,0,69,False,-1,none,0.3,0.83,0.82,0.69,0.84,0.53,0.6857142857142857,1.0,0.0,57,91,0.85,0.6666666666666666,0.3333333333333333,10,20,0.9,0.6875,0.3125,3,3
18,0.72,0.83,208.4,447,91,176,0,80,False,-1,none,0.3,0.8,0.79,0.61,0.73,0.57,0.6571428571428571,1.0,0.0,55,92,0.9,0.7142857142857143,0.2857142857142857,11,15,0.8,0.75,0.25,1,2
18,0.74,0.88,221.79999999999995,442,92,162,0,73,False,-1,none,0.3,0.81,0.79,0.54,0.77,0.51,0.7142857142857143,1.0,0.0,54,85,0.8,0.9130434782608695,0.08695652173913043,4,14,0.8,0.6666666666666666,0.3333333333333333,2,3
18,0.66,0.79,173.79999999999998,451,110,161,0,75,True,0,Slow,0.3,0.78,0.82,0.56,0.76,0.58,0.6,1.0,0.0,42,95,0.8,0.9130434782608695,0.08695652173913043,4,15,0.8,0.6428571428571429,0.35714285714285715,3,2
18,0.7,0.89,224.20000000000002,441,85,172,0,69,False,-1,none,0.3,0.78,0.79,0.55,0.76,0.58,0.6714285714285714,1.0,0.0,49,94,0.75,0.8076923076923077,0.19230769230769232,9,15,0.8,0.8125,0.1875,2,3
18,0.65,0.76,193.99999999999997,454,110,148,0,76,False,-1,none,0.3,0.78,0.77,0.57,0.75,0.47,0.6285714285714286,1.0,0.0,43,82,0.75,0.7727272727272727,0.22727272727272727,5,16,0.6,0.8,0.2,0,2
18,0.74,0.87,235.0,443,86,172,0,80,False,-1,none,0.3,0.79,0.84,0.52,0.74,0.56,0.7142857142857143,1.0,0.0,52,93,0.85,0.8,0.2,7,17,0.7,0.5,0.5,0,3
18,0.68,0.75,203.99999999999997,455,99,157,0,79,False,-1,none,0.3,0.78,0.8,0.5,0.68,0.55,0.6571428571428571,1.0,0.0,50,85,0.7,0.6666666666666666,0.3333333333333333,9,9,0.8,0.5454545454545454,0.45454545454545453,0,4
18,0.7,0.87,231.59999999999997,443,75,166,0,72,False,-1,none,0.3,0.78,0.77,0.52,0.71,0.5,0.6857142857142857,1.0,0.0,56,86,0.6,0.85,0.15,6,14,1.0,0.631578947368421,0.3684210526315789,3,1
18,0.74,0.91,237.04,439,83,179,0,67,True,4,Shigh,0.3,0.82,0.79,0.57,0.76,0.59,0.6428571428571429,1.0,0.0,54,90,1.0,0.7,0.3,12,14,0.9,0.6875,0.3125,4,5
18,0.65,0.8,213.19999999999996,450,94,157,0,74,False,-1,none,0.3,0.78,0.78,0.55,0.72,0.48,0.6,1.0,0.0,47,79,0.7,0.6666666666666666,0.3333333333333333,13,13,0.9,0.8,0.2,1,4
18,0.75,0.9,223.79999999999995,440,93,169,0,73,False,-1,none,0.3,0.8,0.84,0.57,0.77,0.54,0.7428571428571429,1.0,0.0,61,91,0.65,0.8947368421052632,0.10526315789473684,2,10,1.0,0.7368421052631579,0.2631578947368421,1,4
18,0.7,0.88,210.0,442,109,159,0,74,True,1,Slow,0.3,0.81,0.84,0.53,0.83,0.55,0.6285714285714286,1.0,0.0,34,92,0.95,0.625,0.375,10,17,0.7,0.5714285714285714,0.42857142857142855,3,3
18,0.64,0.79,208.2,451,98,165,0,78,False,-1,none,0.3,0.81,0.76,0.53,0.73,0.59,0.5714285714285714,1.0,0.0,46,89,0.8,0.92,0.08,3,20,0.8,0.7142857142857143,0.2857142857142857,3,4
18,0.64,0.74,203.39999999999995,456,82,180,0,74,False,-1,none,0.3,0.79,0.77,0.52,0.74,0.54,0.6714285714285714,1.0,0.0,54,95,0.6,0.7058823529411765,0.29411764705882354,9,13,0.5,0.7,0.3,5,4
18,0.65,0.8,225.59999999999997,450,105,176,0,64,False,-1,none,0.3,0.79,0.83,0.62,0.78,0.59,0.5714285714285714,1.0,0.0,52,96,0.8,0.7727272727272727,0.22727272727272727,9,14,0.9,0.7222222222222222,0.2777777777777778,2,3
18,0.66,0.78,223.19999999999996,452,100,181,0,76,False,-1,none,0.3,0.85,0.79,0.54,0.83,0.58,0.6142857142857143,1.0,0.0,55,96,0.75,0.7619047619047619,0.23809523809523808,11,15,0.8,0.5714285714285714,0.42857142857142855,1,3
18,0.65,0.73,198.59999999999997,457,93,170,0,74,False,-1,none,0.3,0.75,0.81,0.56,0.71,0.53,0.6428571428571429,1.0,0.0,57,89,0.6,0.8125,0.1875,7,12,0.8,0.6666666666666666,0.3333333333333333,4,1
18,0.64,0.8,221.39999999999995,450,109,168,0,78,False,-1,none,0.3,0.85,0.83,0.6,0.78,0.51,0.5857142857142857,1.0,0.0,54,87,0.8,0.8461538461538461,0.15384615384615385,8,14,0.7,0.6153846153846154,0.38461538461538464,0,5
18,0.73,0.95,232.4,435,90,188,0,77,False,-1,none,0.3,0.82,0.88,0.6,0.85,0.58,0.6571428571428571,1.0,0.0,51,100,0.9,0.9032258064516129,0.0967741935483871,7,21,0.9,0.6111111111111112,0.3888888888888889,4,5
18,0.67,0.77,207.39999999999998,453,97,163,0,78,False,-1,none,0.3,0.76,0.8,0.57,0.76,0.48,0.6857142857142857,1.0,0.0,55,92,0.55,0.7857142857142857,0.21428571428571427,5,6,0.8,0.6666666666666666,0.3333333333333333,1,4
18,0.62,0.79,207.0,451,104,161,0,61,False,-1,none,0.3,0.75,0.77,0.64,0.7,0.58,0.5428571428571428,1.0,0.0,43,93,0.75,0.8695652173913043,0.13043478260869565,5,18,0.9,0.7222222222222222,0.2777777777777778,1,1
18,0.65,0.79,230.39999999999998,451,90,182,0,79,False,-1,none,0.3,0.82,0.77,0.54,0.8,0.58,0.5857142857142857,1.0,0.0,52,97,0.8,0.6,0.4,14,12,0.8,0.7777777777777778,0.2222222222222222,3,4
18,0.65,0.71,200.39999999999995,459,126,169,0,69,False,-1,none,0.3,0.85,0.83,0.63,0.8,0.55,0.5857142857142857,1.0,0.0,47,96,0.7,0.625,0.375,8,11,1.0,0.7857142857142857,0.21428571428571427,3,4
19,0.64,0.89,190.40000000000003,441,115,134,0,57,False,-1,none,0.3,0.76,0.76,0.54,0.72,0.6,0.6571428571428571,1.0,0.0,27,95,0.55,0.5,0.5,5,3,0.7,0.6111111111111112,0.3888888888888889,0,4
19,0.63,0.79,181.79999999999998,451,102,157,0,72,False,-1,none,0.3,0.79,0.74,0.57,0.76,0.52,0.6142857142857143,1.0,0.0,46,89,0.7,0.7272727272727273,0.2727272727272727,7,11,0.6,0.6153846153846154,0.38461538461538464,0,4
19,0.63,0.78,161.6,452,88,163,0,76,True,1,Slow,0.3,0.8,0.76,0.49,0.71,0.53,0.6142857142857143,1.0,0.0,43,97,0.65,0.8947368421052632,0.10526315789473684,4,13,0.7,0.8,0.2,0,6
19,0.61,0.72,184.80000000000004,458,99,161,0,73,False,-1,none,0.3,0.76,0.78,0.54,0.68,0.56,0.5571428571428572,1.0,0.0,42,91,0.75,0.9090909090909091,0.09090909090909091,5,17,0.7,0.6363636363636364,0.36363636363636365,4,2
19,0.58,0.76,191.99999999999994,454,101,168,0,65,False,-1,none,0.3,0.78,0.79,0.64,0.72,0.52,0.5142857142857142,1.0,0.0,50,85,0.75,1.0,0.0,2,27,0.7,0.8571428571428571,0.14285714285714285,0,4
19,0.61,0.78,211.4,452,113,152,0,72,False,-1,none,0.3,0.81,0.78,0.62,0.7,0.52,0.5571428571428572,1.0,0.0,41,88,0.75,0.7916666666666666,0.20833333333333334,7,11,0.7,0.6,0.4,1,4
19,0.66,0.76,192.40000000000003,454,92,169,0,78,False,-1,none,0.3,0.78,0.78,0.59,0.75,0.47,0.6571428571428571,1.0,0.0,49,88,0.7,0.8947368421052632,0.10526315789473684,6,19,0.6,0.7272727272727273,0.2727272727272727,3,4
19,0.67,0.83,217.20000000000002,447,88,148,0,66,False,-1,none,0.3,0.74,0.74,0.52,0.67,0.52,0.6142857142857143,1.0,0.0,46,78,0.7,0.7619047619047619,0.23809523809523808,8,10,1.0,0.5789473684210527,0.42105263157894735,3,3
19,0.73,0.89,240.20000000000002,441,89,177,0,90,False,-1,none,0.3,0.86,0.86,0.52,0.77,0.54,0.6857142857142857,1.0,0.0,55,96,0.9,0.7142857142857143,0.2857142857142857,12,13,0.7,0.7692307692307693,0.23076923076923078,0,1
19,0.64,0.78,188.40000000000003,452,94,152,0,71,True,0,Slow,0.3,0.77,0.77,0.5,0.66,0.54,0.6571428571428571,1.0,0.0,43,92,0.55,0.7647058823529411,0.23529411764705882,4,8,0.7,0.7333333333333333,0.26666666666666666,2,3
19,0.72,0.86,234.00000000000006,444,83,163,0,93,False,-1,none,0.3,0.83,0.79,0.48,0.75,0.47,0.6857142857142857,1.0,0.0,52,87,0.85,0.76,0.24,8,11,0.7,0.6153846153846154,0.38461538461538464,1,4
19,0.7,0.83,224.0,447,91,169,0,67,False,-1,none,0.3,0.78,0.79,0.53,0.74,0.59,0.6428571428571429,1.0,0.0,54,91,0.9,0.6363636363636364,0.36363636363636365,6,16,0.7,0.875,0.125,1,1
19,0.67,0.77,194.39999999999998,453,102,163,0,83,False,-1,none,0.3,0.81,0.79,0.5,0.75,0.57,0.6142857142857143,1.0,0.0,45,94,0.9,0.6818181818181818,0.3181818181818182,10,14,0.6,0.8333333333333334,0.16666666666666666,0,0
19,0.7,0.81,209.80000000000004,449,100,162,0,87,False,-1,none,0.3,0.79,0.76,0.6,0.75,0.53,0.6714285714285714,1.0,0.0,49,93,0.8,0.8095238095238095,0.19047619047619047,5,9,0.7,0.7692307692307693,0.23076923076923078,2,4
19,0.76,0.87,227.00000000000006,443,96,190,0,67,False,-1,none,0.3,0.83,0.84,0.62,0.81,0.63,0.7428571428571429,1.0,0.0,61,101,0.85,0.782608695652174,0.21739130434782608,9,12,0.7,0.75,0.25,4,3
19,0.8,0.96,252.00000000000006,434,98,170,0,101,False,-1,none,0.3,0.85,0.9,0.57,0.77,0.55,0.7571428571428571,1.0,0.0,57,92,0.9,0.7692307692307693,0.23076923076923078,4,13,0.9,0.7058823529411765,0.29411764705882354,3,1
19,0.75,0.89,240.79999999999998,441,109,158,0,84,False,-1,none,0.3,0.84,0.85,0.51,0.81,0.55,0.7285714285714285,1.0,0.0,48,96,0.7,0.5789473684210527,0.42105263157894735,2,8,1.0,0.7368421052631579,0.2631578947368421,2,2
19,0.71,0.89,218.92000000000002,441,97,158,0,81,True,0,Slow,0.3,0.79,0.83,0.47,0.8,0.55,0.6571428571428571,1.0,0.0,47,92,0.8,0.7083333333333334,0.2916666666666667,7,8,0.9,0.7894736842105263,0.21052631578947367,1,3
19,0.71,0.88,239.40000000000003,442,91,172,0,64,False,-1,none,0.3,0.81,0.8,0.55,0.75,0.6,0.6571428571428571,1.0,0.0,57,91,0.8,0.7916666666666666,0.20833333333333334,3,13,0.9,0.6666666666666666,0.3333333333333333,3,5
19,0.72,0.94,244.32000000000002,436,111,182,0,88,True,2,Slow,0.3,0.91,0.9,0.57,0.88,0.61,0.6571428571428571,1.0,0.0,49,104,0.8,0.72,0.28,9,14,1.0,0.782608695652174,0.21739130434782608,3,3
19,0.73,0.84,212.99999999999997,446,99,193,0,59,True,0,Slow,0.3,0.86,0.82,0.62,0.82,0.64,0.7142857142857143,1.0,0.0,63,106,0.75,0.631578947368421,0.3684210526315789,8,14,0.8,0.7333333333333333,0.26666666666666666,1,1
19,0.73,0.82,202.31999999999994,448,84,178,0,76,True,1,Slow,0.3,0.8,0.81,0.51,0.74,0.58,0.7571428571428571,1.0,0.0,60,93,0.6,0.6111111111111112,0.3888888888888889,11,12,0.8,0.7272727272727273,0.2727272727272727,0,2
19,0.71,0.88,241.85999999999999,442,90,172,0,70,True,4,Shigh,0.3,0.8,0.84,0.55,0.78,0.53,0.6857142857142857,0.9791666666666666,0.020833333333333332,51,90,0.75,0.7083333333333334,0.2916666666666667,14,12,0.8,0.625,0.375,2,3
19,0.62,0.76,195.54,454,106,170,0,63,True,4,Shigh,0.3,0.81,0.77,0.6,0.77,0.57,0.6,1.0,0.0,46,99,0.6,0.7777777777777778,0.2222222222222222,10,11,0.8,0.875,0.125,2,2
19,0.67,0.76,209.39999999999998,454,105,174,0,80,False,-1,none,0.3,0.83,0.82,0.54,0.8,0.56,0.6428571428571429,1.0,0.0,54,95,0.7,0.7058823529411765,0.29411764705882354,11,11,0.8,0.7142857142857143,0.2857142857142857,0,3
19,0.71,0.86,230.99999999999997,444,91,188,0,75,False,-1,none,0.3,0.84,0.82,0.56,0.81,0.62,0.6714285714285714,1.0,0.0,53,100,0.8,0.7391304347826086,0.2608695652173913,9,18,0.8,0.5625,0.4375,6,2
19,0.71,0.84,212.27999999999997,446,104,179,0,78,True,0,Slow,0.3,0.81,0.84,0.66,0.8,0.56,0.6428571428571429,1.0,0.0,57,95,0.85,0.6818181818181818,0.3181818181818182,11,9,0.9,0.7647058823529411,0.23529411764705882,3,4
19,0.75,0.89,225.39999999999998,441,89,183,0,74,False,-1,none,0.3,0.84,0.82,0.56,0.79,0.6,0.7142857142857143,1.0,0.0,56,95,0.85,0.64,0.36,13,17,0.8,0.8571428571428571,0.14285714285714285,1,1
19,0.68,0.82,217.79999999999998,448,89,192,0,77,False,-1,none,0.3,0.81,0.83,0.59,0.81,0.59,0.6857142857142857,1.0,0.0,55,105,0.6,0.6666666666666666,0.3333333333333333,13,14,0.8,0.8947368421052632,0.10526315789473684,2,3
19,0.76,0.89,239.79999999999998,441,91,178,0,87,False,-1,none,0.3,0.83,0.81,0.53,0.8,0.61,0.7142857142857143,1.0,0.0,48,97,0.9,0.6521739130434783,0.34782608695652173,14,13,0.8,0.6875,0.3125,2,4
19,0.65,0.77,208.79999999999995,453,95,168,0,65,False,-1,none,0.3,0.77,0.77,0.51,0.76,0.59,0.5714285714285714,1.0,0.0,43,94,0.9,0.7916666666666666,0.20833333333333334,8,16,0.7,0.7692307692307693,0.23076923076923078,2,5
19,0.63,0.72,196.79999999999998,458,103,180,0,80,False,-1,none,0.3,0.76,0.84,0.64,0.78,0.53,0.6,1.0,0.0,57,93,0.75,0.6666666666666666,0.3333333333333333,10,18,0.6,0.8333333333333334,0.16666666666666666,2,0
19,0.69,0.77,217.79999999999995,453,75,190,0,78,False,-1,none,0.3,0.76,0.81,0.56,0.73,0.56,0.7,1.0,0.0,63,97,0.6,0.5714285714285714,0.42857142857142855,14,9,0.8,0.6428571428571429,0.35714285714285715,4,3
19,0.62,0.75,204.41999999999996,455,102,175,0,68,True,3,Shigh,0.3,0.83,0.81,0.56,0.77,0.55,0.5571428571428572,1.0,0.0,55,97,0.75,0.5217391304347826,0.4782608695652174,13,10,0.8,0.8461538461538461,0.15384615384615385,0,0
19,0.54,0.68,161.16,462,92,155,0,70,True,0,Slow,0.3,0.72,0.71,0.47,0.67,0.58,0.4857142857142857,1.0,0.0,39,92,0.6,0.7777777777777778,0.2222222222222222,9,9,0.8,0.8125,0.1875,3,3
19,0.69,0.82,194.64,448,103,160,0,80,True,0,Slow,0.3,0.84,0.8,0.56,0.76,0.49,0.6428571428571429,1.0,0.0,54,88,0.8,0.8571428571428571,0.14285714285714285,5,12,0.8,0.8125,0.1875,0,1
19,0.64,0.75,206.99999999999994,455,108,162,0,70,False,-1,none,0.3,0.79,0.74,0.59,0.77,0.56,0.6,1.0,0.0,44,99,0.7,0.8235294117647058,0.17647058823529413,6,8,0.8,0.625,0.375,1,4
19,0.62,0.75,198.89999999999998,455,87,167,0,56,True,4,Shigh,0.3,0.69,0.73,0.59,0.73,0.55,0.6428571428571429,1.0,0.0,55,94,0.45,0.875,0.125,4,11,0.8,0.5,0.5,0,3
19,0.65,0.74,188.39999999999995,456,89,161,0,86,False,-1,none,0.3,0.79,0.78,0.42,0.74,0.51,0.6571428571428571,1.0,0.0,48,91,0.6,0.8235294117647058,0.17647058823529413,4,14,0.7,0.5454545454545454,0.45454545454545453,1,3
19,0.74,0.88,240.24000000000004,442,96,203,0,78,True,2,Slow,0.3,0.88,0.91,0.57,0.84,0.67,0.7142857142857143,1.0,0.0,59,104,0.85,0.72,0.28,11,21,0.7,0.6153846153846154,0.38461538461538464,1,7
19,0.68,0.79,209.99999999999997,451,89,183,0,69,False,-1,none,0.3,0.82,0.8,0.55,0.79,0.55,0.6714285714285714,1.0,0.0,57,96,0.8,0.8571428571428571,0.14285714285714285,6,17,0.5,0.7272727272727273,0.2727272727272727,5,2
19,0.71,0.84,203.21999999999997,446,114,167,0,80,True,0,Slow,0.3,0.86,0.85,0.55,0.78,0.61,0.6857142857142857,1.0,0.0,47,101,0.75,0.7619047619047619,0.23809523809523808,6,8,0.8,0.6666666666666666,0.3333333333333333,3,2
19,0.64,0.78,209.75999999999996,452,79,158,0,65,True,0,Slow,0.3,0.72,0.72,0.51,0.7,0.5,0.6285714285714286,1.0,0.0,45,87,0.55,0.7058823529411765,0.29411764705882354,12,6,0.9,0.47058823529411764,0.5294117647058824,2,6
19,0.68,0.78,213.0,452,100,158,0,74,False,-1,none,0.3,0.81,0.8,0.59,0.72,0.44,0.6285714285714286,1.0,0.0,48,80,0.85,0.8333333333333334,0.16666666666666666,7,20,0.7,0.7,0.3,1,2
19,0.64,0.78,217.19999999999996,452,91,159,0,87,False,-1,none,0.3,0.76,0.79,0.44,0.76,0.53,0.5857142857142857,1.0,0.0,40,93,0.85,0.7692307692307693,0.23076923076923078,11,14,0.6,0.5454545454545454,0.45454545454545453,0,1
19,0.69,0.84,220.8,446,84,170,0,77,False,-1,none,0.3,0.79,0.78,0.53,0.74,0.54,0.6571428571428571,1.0,0.0,58,93,0.7,0.8636363636363636,0.13636363636363635,7,9,0.9,0.8125,0.1875,0,3
19,0.69,0.89,237.59999999999997,441,97,177,0,72,False,-1,none,0.3,0.83,0.83,0.58,0.8,0.59,0.6285714285714286,1.0,0.0,48,97,0.85,0.7407407407407407,0.25925925925925924,13,12,0.8,0.7222222222222222,0.2777777777777778,3,4
19,0.78,0.89,234.59999999999997,441,91,189,0,71,False,-1,none,0.3,0.86,0.81,0.61,0.81,0.6,0.8,1.0,0.0,63,104,0.8,0.9130434782608695,0.08695652173913043,4,13,0.6,0.5,0.5,1,4
19,0.68,0.79,208.07999999999998,451,115,175,0,76,True,2,Slow,0.3,0.85,0.82,0.6,0.8,0.62,0.6285714285714286,1.0,0.0,53,102,0.75,0.7,0.3,8,10,0.9,0.7333333333333333,0.26666666666666666,1,1
19,0.71,0.83,235.2,447,89,182,0,71,False,-1,none,0.3,0.82,0.78,0.62,0.78,0.54,0.6571428571428571,1.0,0.0,60,92,0.8,0.782608695652174,0.21739130434782608,9,15,0.9,0.5,0.5,3,3
19,0.73,0.92,193.20000000000005,438,121,170,0,62,False,-1,none,0.3,0.89,0.86,0.69,0.81,0.58,0.7142857142857143,1.0,0.0,45,100,0.75,0.9583333333333334,0.041666666666666664,1,19,0.8,0.6666666666666666,0.3333333333333333,2,3
19,0.72,0.8,215.99999999999997,450,99,173,0,83,False,-1,none,0.3,0.84,0.81,0.6,0.73,0.54,0.6857142857142857,1.0,0.0,58,91,0.75,0.8333333333333334,0.16666666666666666,6,14,0.9,0.6428571428571429,0.35714285714285715,4,0
19,0.62,0.69,186.59999999999997,461,119,175,0,77,False,-1,none,0.3,0.79,0.85,0.54,0.83,0.62,0.5857142857142857,1.0,0.0,42,106,0.8,0.75,0.25,9,16,0.5,0.75,0.25,0,2
19,0.73,0.88,244.19999999999993,442,81,170,0,86,False,-1,none,0.3,0.77,0.79,0.6,0.68,0.55,0.6714285714285714,1.0,0.0,61,87,0.85,0.782608695652174,0.21739130434782608,7,12,0.9,0.6666666666666666,0.3333333333333333,0,3
19,0.65,0.8,204.71999999999997,450,78,169,0,78,True,2,Slow,0.3,0.76,0.75,0.5,0.74,0.52,0.6142857142857143,1.0,0.0,53,92,0.75,0.782608695652174,0.21739130434782608,10,13,0.7,0.6428571428571429,0.35714285714285715,0,1
19,0.68,0.81,223.67999999999995,449,90,170,0,74,True,4,Shigh,0.3,0.76,0.81,0.53,0.79,0.52,0.6285714285714286,0.9772727272727273,0.022727272727272728,46,89,0.8,0.6818181818181818,0.3181818181818182,15,16,0.8,0.6666666666666666,0.3333333333333333,3,1
19,0.63,0.75,203.39999999999992,455,92,165,0,68,False,-1,none,0.3,0.78,0.77,0.54,0.7,0.53,0.6,1.0,0.0,43,91,0.7,0.8421052631578947,0.15789473684210525,8,18,0.7,0.7857142857142857,0.21428571428571427,4,1
19,0.72,0.82,220.79999999999995,448,104,173,0,81,False,-1,none,0.3,0.79,0.86,0.59,0.79,0.56,0.6714285714285714,1.0,0.0,57,95,0.8,0.8,0.2,7,12,0.9,0.7333333333333333,0.26666666666666666,0,2
19,0.61,0.76,218.39999999999998,454,93,159,0,62,False,-1,none,0.3,0.74,0.77,0.5,0.71,0.56,0.5571428571428572,1.0,0.0,44,90,0.65,0.6842105263157895,0.3157894736842105,9,11,0.9,0.6666666666666666,0.3333333333333333,0,5
19,0.77,0.91,242.39999999999998,439,88,194,0,82,False,-1,none,0.3,0.88,0.87,0.63,0.85,0.5,0.7428571428571429,1.0,0.0,67,96,0.85,0.8461538461538461,0.15384615384615385,12,16,0.8,0.6923076923076923,0.3076923076923077,2,1
19,0.68,0.79,234.59999999999997,451,99,178,0,79,False,-1,none,0.3,0.8,0.79,0.56,0.81,0.6,0.5857142857142857,1.0,0.0,45,92,0.95,0.6666666666666666,0.3333333333333333,16,18,0.8,0.5,0.5,4,3
19,0.71,0.84,227.99999999999994,446,102,180,0,59,False,-1,none,0.3,0.84,0.79,0.59,0.77,0.67,0.6571428571428571,1.0,0.0,41,102,0.85,0.84,0.16,9,19,0.8,0.7692307692307693,0.23076923076923078,4,5
19,0.72,0.83,235.8,447,88,173,0,81,False,-1,none,0.3,0.81,0.8,0.45,0.79,0.59,0.6571428571428571,1.0,0.0,46,92,0.9,0.6956521739130435,0.30434782608695654,15,16,0.8,0.7142857142857143,0.2857142857142857,1,3
19,0.76,0.81,214.19999999999996,449,94,191,0,69,False,-1,none,0.3,0.83,0.86,0.61,0.78,0.58,0.7428571428571429,1.0,0.0,66,97,0.75,0.8823529411764706,0.11764705882352941,5,15,0.9,0.6666666666666666,0.3333333333333333,4,4
19,0.63,0.76,200.39999999999995,454,94,153,0,72,False,-1,none,0.3,0.74,0.72,0.52,0.69,0.56,0.6,1.0,0.0,49,89,0.65,0.9047619047619048,0.09523809523809523,3,10,0.8,0.6923076923076923,0.3076923076923077,0,2
19,0.66,0.79,196.43999999999997,451,96,151,0,89,True,0,Slow,0.3,0.76,0.75,0.53,0.75,0.47,0.6142857142857143,1.0,0.0,38,93,0.75,0.8,0.2,9,10,0.8,0.6875,0.3125,0,1
20,0.68,0.92,179.20000000000005,438,107,140,0,86,False,-1,none,0.3,0.81,0.8,0.54,0.75,0.49,0.6285714285714286,1.0,0.0,33,87,0.8,0.72,0.28,8,10,0.8,0.8125,0.1875,0,2
20,0.66,0.8,158.39999999999998,450,93,167,0,70,False,-1,none,0.3,0.79,0.77,0.52,0.75,0.57,0.6571428571428571,1.0,0.0,47,98,0.7,0.95,0.05,1,19,0.6,0.7857142857142857,0.21428571428571427,0,2
20,0.58,0.76,182.0,454,95,150,0,64,True,3,Shigh,0.3,0.73,0.73,0.56,0.69,0.5,0.5428571428571428,1.0,0.0,47,84,0.6,0.7368421052631579,0.2631578947368421,3,7,0.8,0.631578947368421,0.3684210526315789,5,4
20,0.64,0.73,182.60000000000005,457,99,159,0,74,False,-1,none,0.3,0.78,0.76,0.51,0.71,0.55,0.6142857142857143,1.0,0.0,45,89,0.85,0.9090909090909091,0.09090909090909091,3,19,0.4,0.625,0.375,1,2
20,0.61,0.74,191.99999999999997,456,90,158,0,68,False,-1,none,0.3,0.75,0.75,0.53,0.74,0.45,0.6,1.0,0.0,46,81,0.75,1.0,0.0,3,24,0.4,0.6666666666666666,0.3333333333333333,1,3
20,0.61,0.76,212.39999999999995,454,108,158,0,78,False,-1,none,0.3,0.8,0.77,0.54,0.69,0.62,0.5285714285714286,1.0,0.0,37,95,0.7,0.8,0.2,9,13,1.0,0.7368421052631579,0.2631578947368421,0,4
20,0.69,0.8,223.2,450,104,186,0,80,False,-1,none,0.3,0.84,0.84,0.56,0.85,0.61,0.6285714285714286,1.0,0.0,47,98,0.8,0.75,0.25,9,23,0.9,0.75,0.25,5,4
20,0.67,0.78,206.20000000000002,452,88,156,0,83,False,-1,none,0.3,0.76,0.78,0.47,0.68,0.53,0.6571428571428571,1.0,0.0,45,85,0.65,0.8888888888888888,0.1111111111111111,5,15,0.8,0.6428571428571429,0.35714285714285715,4,2
20,0.75,0.87,244.20000000000002,443,84,179,0,85,False,-1,none,0.3,0.81,0.82,0.54,0.81,0.52,0.6857142857142857,1.0,0.0,57,92,0.9,0.8695652173913043,0.13043478260869565,5,17,0.9,0.5,0.5,6,2
20,0.73,0.82,227.60000000000002,448,73,193,0,67,False,-1,none,0.3,0.82,0.78,0.49,0.78,0.61,0.7142857142857143,1.0,0.0,59,103,0.75,0.7368421052631579,0.2631578947368421,7,19,0.8,0.6153846153846154,0.38461538461538464,2,3
20,0.71,0.85,228.18000000000004,445,89,174,0,72,True,3,Shigh,0.3,0.79,0.79,0.61,0.78,0.51,0.6857142857142857,1.0,0.0,52,93,0.8,0.6521739130434783,0.34782608695652173,14,13,0.7,0.7857142857142857,0.21428571428571427,2,0
20,0.74,0.87,219.40000000000003,443,85,171,0,77,False,-1,none,0.3,0.8,0.79,0.59,0.76,0.49,0.7142857142857143,1.0,0.0,56,82,0.8,0.9565217391304348,0.043478260869565216,4,22,0.8,0.7857142857142857,0.21428571428571427,3,4
20,0.61,0.75,194.40000000000003,455,78,165,0,77,True,2,Slow,0.3,0.76,0.73,0.45,0.7,0.54,0.6,1.0,0.0,51,85,0.6,0.7894736842105263,0.21052631578947367,7,19,0.7,0.6923076923076923,0.3076923076923077,1,2
20,0.69,0.78,209.20000000000002,452,96,181,0,75,False,-1,none,0.3,0.82,0.84,0.53,0.79,0.57,0.6714285714285714,1.0,0.0,50,98,0.75,0.85,0.15,5,21,0.7,0.6363636363636364,0.36363636363636365,5,2
20,0.67,0.78,210.80000000000004,452,89,184,0,64,False,-1,none,0.3,0.79,0.82,0.57,0.75,0.58,0.6428571428571429,1.0,0.0,57,96,0.65,0.9444444444444444,0.05555555555555555,1,16,0.9,0.6,0.4,8,6
20,0.65,0.72,208.0,458,107,168,0,78,False,-1,none,0.3,0.83,0.83,0.47,0.8,0.54,0.6,1.0,0.0,44,93,0.75,0.7333333333333333,0.26666666666666666,7,18,0.8,0.6,0.4,3,3
20,0.68,0.82,217.59999999999997,448,81,171,0,76,True,3,Shigh,0.3,0.77,0.78,0.54,0.7,0.55,0.6428571428571429,1.0,0.0,55,94,0.75,0.6521739130434783,0.34782608695652173,13,9,0.8,0.6428571428571429,0.35714285714285715,0,0
20,0.66,0.83,197.6,447,91,170,0,76,False,-1,none,0.3,0.79,0.8,0.52,0.79,0.54,0.6,1.0,0.0,43,97,0.8,0.8518518518518519,0.14814814814814814,7,17,0.8,0.7857142857142857,0.21428571428571427,3,3
20,0.6,0.73,191.20000000000002,457,90,164,0,78,False,-1,none,0.3,0.74,0.78,0.45,0.75,0.55,0.5571428571428572,1.0,0.0,42,93,0.65,0.8888888888888888,0.1111111111111111,3,16,0.8,0.75,0.25,5,5
20,0.65,0.76,178.87999999999997,454,84,164,0,86,True,1,Slow,0.3,0.78,0.77,0.51,0.74,0.44,0.6857142857142857,1.0,0.0,50,92,0.6,0.8823529411764706,0.11764705882352941,5,12,0.5,0.6,0.4,1,4
20,0.69,0.83,216.0,447,103,175,0,79,False,-1,none,0.3,0.86,0.84,0.62,0.74,0.55,0.6571428571428571,1.0,0.0,53,88,0.8,0.9130434782608695,0.08695652173913043,5,23,0.7,0.7142857142857143,0.2857142857142857,2,4
20,0.64,0.79,212.39999999999995,451,95,179,0,72,False,-1,none,0.3,0.77,0.81,0.59,0.77,0.59,0.5428571428571428,1.0,0.0,53,92,0.9,0.8888888888888888,0.1111111111111111,7,20,0.8,0.7857142857142857,0.21428571428571427,1,6
20,0.68,0.79,197.27999999999997,451,70,171,0,100,True,1,Slow,0.3,0.78,0.78,0.44,0.73,0.47,0.6857142857142857,1.0,0.0,59,89,0.65,0.8333333333333334,0.16666666666666666,3,14,0.7,0.6153846153846154,0.38461538461538464,3,3
20,0.69,0.81,215.20000000000002,449,71,174,0,69,False,-1,none,0.3,0.75,0.77,0.5,0.74,0.5,0.6714285714285714,1.0,0.0,54,89,0.75,0.8095238095238095,0.19047619047619047,10,18,0.7,0.7692307692307693,0.23076923076923078,1,2
20,0.71,0.82,212.2,448,109,178,0,76,False,-1,none,0.3,0.84,0.83,0.61,0.82,0.59,0.6571428571428571,1.0,0.0,54,98,0.8,0.9130434782608695,0.08695652173913043,0,18,0.9,0.6923076923076923,0.3076923076923077,1,7
20,0.59,0.76,197.20000000000005,454,87,159,0,73,False,-1,none,0.3,0.74,0.74,0.52,0.7,0.52,0.5714285714285714,1.0,0.0,44,88,0.55,0.9444444444444444,0.05555555555555555,6,15,0.8,0.7222222222222222,0.2777777777777778,2,4
20,0.7,0.87,231.20000000000002,443,111,187,0,70,False,-1,none,0.3,0.9,0.9,0.61,0.87,0.57,0.6571428571428571,1.0,0.0,54,98,0.85,0.7407407407407407,0.25925925925925924,13,19,0.7,0.7857142857142857,0.21428571428571427,0,3
20,0.65,0.8,215.8,450,94,177,0,74,False,-1,none,0.3,0.82,0.83,0.57,0.76,0.53,0.5857142857142857,1.0,0.0,50,89,0.85,0.84,0.16,11,23,0.7,0.7142857142857143,0.2857142857142857,1,3
20,0.64,0.81,211.8,449,91,183,0,80,True,3,Shigh,0.3,0.81,0.79,0.61,0.74,0.6,0.6285714285714286,1.0,0.0,52,98,0.7,0.8181818181818182,0.18181818181818182,11,14,0.6,0.6666666666666666,0.3333333333333333,2,6
20,0.64,0.72,181.36,458,93,160,0,80,True,2,Slow,0.3,0.77,0.79,0.53,0.73,0.43,0.6428571428571429,1.0,0.0,50,91,0.65,0.7058823529411765,0.29411764705882354,12,7,0.6,0.9,0.1,0,0
20,0.71,0.82,244.2,448,98,188,0,87,False,-1,none,0.3,0.87,0.86,0.6,0.74,0.61,0.7142857142857143,1.0,0.0,58,98,0.6,0.38461538461538464,0.6153846153846154,14,10,0.9,0.7894736842105263,0.21052631578947367,3,5
20,0.69,0.8,227.39999999999998,450,86,191,0,78,False,-1,none,0.3,0.84,0.82,0.53,0.78,0.6,0.6714285714285714,1.0,0.0,55,102,0.7,0.6666666666666666,0.3333333333333333,14,15,0.8,0.8,0.2,0,5
20,0.53,0.61,166.79999999999995,469,88,141,0,70,False,-1,none,0.3,0.68,0.7,0.46,0.6,0.46,0.5,1.0,0.0,42,72,0.55,0.875,0.125,6,16,0.7,0.7,0.3,0,5
20,0.66,0.76,205.19999999999996,454,111,162,0,86,False,-1,none,0.3,0.81,0.83,0.54,0.75,0.56,0.6142857142857143,1.0,0.0,44,88,0.75,0.8947368421052632,0.10526315789473684,6,18,0.8,0.5,0.5,3,3
20,0.65,0.81,215.99999999999997,449,96,176,0,77,False,-1,none,0.3,0.84,0.82,0.51,0.8,0.56,0.5857142857142857,1.0,0.0,46,97,0.75,0.8181818181818182,0.18181818181818182,10,14,0.9,0.8888888888888888,0.1111111111111111,0,9
20,0.67,0.8,220.0,450,104,161,0,75,False,-1,none,0.3,0.82,0.82,0.53,0.79,0.49,0.6142857142857143,1.0,0.0,43,83,0.75,0.7619047619047619,0.23809523809523808,10,19,0.9,0.625,0.375,2,4
20,0.62,0.78,222.59999999999997,452,96,156,0,75,False,-1,none,0.3,0.76,0.79,0.5,0.75,0.5,0.5428571428571428,1.0,0.0,45,83,0.85,0.8461538461538461,0.15384615384615385,7,17,0.7,0.6428571428571429,0.35714285714285715,1,3
20,0.61,0.76,207.59999999999997,454,102,166,0,71,False,-1,none,0.3,0.8,0.81,0.53,0.75,0.55,0.5571428571428572,1.0,0.0,42,92,0.7,0.8,0.2,10,18,0.8,0.8235294117647058,0.17647058823529413,1,3
20,0.71,0.84,219.6,446,89,176,0,86,False,-1,none,0.3,0.85,0.82,0.53,0.76,0.53,0.6571428571428571,1.0,0.0,59,90,0.85,0.9047619047619048,0.09523809523809523,4,17,0.8,0.8823529411764706,0.11764705882352941,0,6
20,0.71,0.77,212.39999999999995,453,96,177,0,75,False,-1,none,0.3,0.79,0.83,0.56,0.8,0.52,0.7142857142857143,1.0,0.0,56,94,0.7,0.8235294117647058,0.17647058823529413,6,18,0.7,0.6,0.4,1,2
20,0.7,0.79,209.99999999999997,451,98,192,0,76,False,-1,none,0.3,0.88,0.83,0.61,0.82,0.55,0.6714285714285714,1.0,0.0,69,96,0.8,0.9,0.1,4,19,0.7,0.75,0.25,0,4
20,0.72,0.79,233.39999999999998,451,104,186,0,71,False,-1,none,0.3,0.82,0.87,0.62,0.8,0.58,0.7142857142857143,1.0,0.0,55,95,0.65,0.6428571428571429,0.35714285714285715,10,17,0.9,0.6,0.4,4,5
20,0.63,0.76,218.39999999999995,454,104,188,0,87,False,-1,none,0.3,0.88,0.83,0.53,0.83,0.61,0.5428571428571428,1.0,0.0,51,98,0.85,0.7727272727272727,0.22727272727272727,13,21,0.8,0.75,0.25,1,4
20,0.67,0.79,213.6,451,98,185,0,78,False,-1,none,0.3,0.84,0.83,0.54,0.79,0.62,0.6285714285714286,1.0,0.0,53,105,0.75,0.9,0.1,4,19,0.8,0.7333333333333333,0.26666666666666666,3,1
20,0.71,0.85,219.96,445,84,176,0,75,True,1,Slow,0.3,0.78,0.78,0.55,0.78,0.56,0.7,1.0,0.0,48,98,0.7,0.8095238095238095,0.19047619047619047,6,17,0.8,0.6666666666666666,0.3333333333333333,3,4
20,0.66,0.84,212.52000000000007,446,81,163,0,77,True,1,Slow,0.3,0.78,0.77,0.52,0.71,0.5,0.6428571428571429,1.0,0.0,46,91,0.65,0.9523809523809523,0.047619047619047616,4,17,0.8,0.6666666666666666,0.3333333333333333,1,4
20,0.7,0.81,223.60000000000002,449,100,190,0,84,False,-1,none,0.3,0.89,0.83,0.5,0.82,0.67,0.6714285714285714,1.0,0.0,48,105,0.75,0.7894736842105263,0.21052631578947367,7,22,0.8,0.7333333333333333,0.26666666666666666,3,5
20,0.68,0.72,183.59999999999997,458,96,180,0,77,False,-1,none,0.3,0.81,0.79,0.54,0.77,0.57,0.7142857142857143,1.0,0.0,54,102,0.7,0.8823529411764706,0.11764705882352941,3,17,0.4,0.8,0.2,2,2
20,0.72,0.79,219.0,451,100,179,0,77,False,-1,none,0.3,0.85,0.84,0.55,0.75,0.59,0.6714285714285714,1.0,0.0,52,92,0.95,0.875,0.125,7,24,0.6,0.5,0.5,2,2
20,0.66,0.78,210.6,452,90,172,0,75,False,-1,none,0.3,0.77,0.78,0.52,0.79,0.54,0.6285714285714286,1.0,0.0,53,92,0.7,0.9473684210526315,0.05263157894736842,3,18,0.8,0.6666666666666666,0.3333333333333333,3,3
20,0.64,0.78,206.99999999999997,452,91,168,0,68,False,-1,none,0.3,0.78,0.78,0.56,0.74,0.51,0.6285714285714286,1.0,0.0,52,92,0.55,0.8666666666666667,0.13333333333333333,6,12,0.9,0.8421052631578947,0.15789473684210525,1,5
20,0.57,0.66,196.2,464,106,161,0,67,False,-1,none,0.3,0.77,0.73,0.54,0.71,0.58,0.5142857142857142,1.0,0.0,38,91,0.6,0.7333333333333333,0.26666666666666666,11,14,0.9,0.6,0.4,5,2
20,0.65,0.79,209.99999999999997,451,84,181,0,66,False,-1,none,0.3,0.78,0.77,0.52,0.77,0.6,0.6142857142857143,1.0,0.0,54,100,0.8,0.9565217391304348,0.043478260869565216,4,19,0.6,0.6923076923076923,0.3076923076923077,1,3
20,0.68,0.84,244.79999999999995,446,100,189,0,67,False,-1,none,0.3,0.86,0.81,0.64,0.82,0.6,0.6142857142857143,1.0,0.0,56,103,0.8,0.8695652173913043,0.13043478260869565,8,17,0.9,0.5555555555555556,0.4444444444444444,3,2
20,0.66,0.78,193.91999999999996,452,100,181,0,76,True,1,Slow,0.3,0.83,0.79,0.58,0.79,0.6,0.6142857142857143,1.0,0.0,51,102,0.75,0.85,0.15,5,17,0.8,0.7333333333333333,0.26666666666666666,2,4
20,0.64,0.76,192.39999999999998,454,99,187,0,73,False,-1,none,0.3,0.8,0.79,0.59,0.81,0.63,0.6,1.0,0.0,50,102,0.7,0.85,0.15,7,22,0.8,0.9285714285714286,0.07142857142857142,1,5
20,0.65,0.79,193.56,451,90,163,0,88,True,0,Slow,0.3,0.81,0.8,0.44,0.75,0.52,0.6,1.0,0.0,39,91,0.65,0.7777777777777778,0.2222222222222222,11,14,1.0,0.8947368421052632,0.10526315789473684,3,5
20,0.68,0.83,220.79999999999998,447,82,190,0,80,False,-1,none,0.3,0.78,0.8,0.59,0.8,0.58,0.6714285714285714,1.0,0.0,63,101,0.7,0.8571428571428571,0.14285714285714285,5,16,0.7,0.8,0.2,1,4
20,0.66,0.81,230.39999999999998,449,86,173,0,70,False,-1,none,0.3,0.79,0.8,0.5,0.73,0.58,0.6,1.0,0.0,50,92,0.8,0.875,0.125,6,17,0.8,0.5333333333333333,0.4666666666666667,5,3
20,0.65,0.83,222.59999999999994,447,112,170,0,70,True,3,Shigh,0.3,0.83,0.81,0.6,0.78,0.63,0.5571428571428572,1.0,0.0,51,98,0.85,0.8,0.2,6,10,0.9,0.7368421052631579,0.2631578947368421,1,4
20,0.61,0.72,194.39999999999998,458,109,163,0,86,False,-1,none,0.3,0.82,0.83,0.57,0.74,0.48,0.6,1.0,0.0,54,90,0.55,0.9333333333333333,0.06666666666666667,4,7,0.8,0.6666666666666666,0.3333333333333333,3,5
20,0.67,0.81,230.39999999999998,449,103,167,0,79,False,-1,none,0.3,0.83,0.83,0.57,0.75,0.53,0.6428571428571429,1.0,0.0,51,93,0.65,0.8333333333333334,0.16666666666666666,6,10,0.9,0.6666666666666666,0.3333333333333333,2,5
20,0.56,0.66,181.79999999999998,464,114,148,0,82,False,-1,none,0.3,0.77,0.73,0.54,0.73,0.51,0.45714285714285713,1.0,0.0,31,86,0.8,0.9047619047619048,0.09523809523809523,6,15,0.8,0.6923076923076923,0.3076923076923077,5,5
20,0.72,0.82,242.40000000000003,448,90,190,0,68,False,-1,none,0.3,0.82,0.83,0.59,0.78,0.6,0.7,1.0,0.0,57,92,0.65,0.75,0.25,9,16,1.0,0.5294117647058824,0.47058823529411764,8,8
20,0.63,0.7,184.8,460,112,166,0,77,False,-1,none,0.3,0.84,0.79,0.49,0.76,0.6,0.5857142857142857,1.0,0.0,46,96,0.65,0.9333333333333333,0.06666666666666667,2,18,0.9,0.7857142857142857,0.21428571428571427,0,4
20,0.7,0.8,222.59999999999997,450,94,156,0,100,False,-1,none,0.3,0.8,0.81,0.49,0.77,0.43,0.6857142857142857,1.0,0.0,45,86,0.7,0.8333333333333334,0.16666666666666666,6,14,0.8,0.6428571428571429,0.35714285714285715,3,2
21,0.65,0.86,176.00000000000006,444,123,143,0,68,False,-1,none,0.3,0.8,0.83,0.58,0.78,0.53,0.6142857142857143,1.0,0.0,37,90,0.75,0.6521739130434783,0.34782608695652173,7,7,0.7,0.7647058823529411,0.23529411764705882,0,2
21,0.59,0.63,135.0,467,106,153,0,78,False,-1,none,0.3,0.76,0.76,0.49,0.71,0.5,0.6285714285714286,1.0,0.0,49,94,0.55,0.75,0.25,5,3,0.4,0.5714285714285714,0.42857142857142855,0,2
21,0.66,0.78,192.0,452,93,172,0,67,False,-1,none,0.3,0.8,0.79,0.52,0.74,0.58,0.6,1.0,0.0,48,92,0.75,0.8,0.2,11,15,0.9,0.6875,0.3125,2,4
21,0.66,0.78,202.4000000000001,452,103,183,0,81,False,-1,none,0.3,0.82,0.85,0.47,0.85,0.65,0.6571428571428571,1.0,0.0,50,99,0.7,0.8947368421052632,0.10526315789473684,3,27,0.6,0.6153846153846154,0.38461538461538464,1,3
21,0.67,0.75,218.39999999999998,455,85,177,0,73,False,-1,none,0.3,0.79,0.79,0.51,0.74,0.54,0.6571428571428571,1.0,0.0,47,90,0.65,0.8947368421052632,0.10526315789473684,7,21,0.8,0.4,0.6,9,3
21,0.7,0.83,229.99999999999997,447,93,174,0,75,False,-1,none,0.3,0.82,0.82,0.53,0.77,0.56,0.6714285714285714,1.0,0.0,47,91,0.75,0.7619047619047619,0.23809523809523808,12,17,0.8,0.6,0.4,3,4
21,0.6,0.63,175.00000000000003,467,98,170,0,69,False,-1,none,0.3,0.77,0.76,0.48,0.72,0.58,0.5857142857142857,1.0,0.0,40,96,0.7,0.8,0.2,6,19,0.5,0.42857142857142855,0.5714285714285714,4,5
21,0.64,0.82,216.39999999999998,448,100,154,0,74,False,-1,none,0.3,0.8,0.75,0.51,0.74,0.56,0.5857142857142857,1.0,0.0,39,90,0.75,0.7727272727272727,0.22727272727272727,7,13,0.8,0.7368421052631579,0.2631578947368421,0,5
21,0.68,0.78,195.84,452,101,168,0,73,True,0,Slow,0.3,0.82,0.8,0.53,0.76,0.56,0.6428571428571429,1.0,0.0,45,92,0.75,0.9,0.1,4,20,0.8,0.6153846153846154,0.38461538461538464,1,6
21,0.63,0.73,208.79999999999995,457,92,174,0,71,False,-1,none,0.3,0.79,0.8,0.59,0.75,0.46,0.6571428571428571,1.0,0.0,55,90,0.6,0.8947368421052632,0.10526315789473684,7,17,0.5,0.375,0.625,5,0
21,0.63,0.72,216.0,458,82,185,0,66,False,-1,none,0.3,0.73,0.77,0.51,0.76,0.62,0.6428571428571429,1.0,0.0,46,102,0.55,0.6923076923076923,0.3076923076923077,11,15,0.7,0.5714285714285714,0.42857142857142855,7,4
21,0.59,0.71,191.8,459,111,157,0,86,False,-1,none,0.3,0.75,0.78,0.5,0.74,0.62,0.5714285714285714,1.0,0.0,38,97,0.5,1.0,0.0,0,17,0.9,0.625,0.375,0,5
21,0.68,0.83,221.99999999999997,447,85,171,0,96,False,-1,none,0.3,0.81,0.8,0.55,0.77,0.46,0.6285714285714286,1.0,0.0,56,81,0.8,0.875,0.125,9,20,0.8,0.8666666666666667,0.13333333333333333,1,4
21,0.68,0.79,208.8,451,85,192,0,79,False,-1,none,0.3,0.81,0.85,0.53,0.77,0.6,0.7,1.0,0.0,57,99,0.65,0.9473684210526315,0.05263157894736842,5,21,0.6,0.7272727272727273,0.2727272727272727,5,5
21,0.66,0.77,201.6,453,85,162,0,71,False,-1,none,0.3,0.78,0.74,0.53,0.68,0.51,0.6142857142857143,1.0,0.0,50,79,0.8,0.9090909090909091,0.09090909090909091,5,20,0.7,0.8333333333333334,0.16666666666666666,1,7
21,0.64,0.75,208.79999999999995,455,109,151,0,80,False,-1,none,0.3,0.8,0.81,0.52,0.76,0.46,0.6142857142857143,1.0,0.0,42,87,0.65,0.95,0.05,3,13,0.8,0.4166666666666667,0.5833333333333334,3,3
21,0.68,0.77,198.23999999999995,453,93,159,0,76,True,2,Slow,0.3,0.78,0.78,0.54,0.74,0.45,0.6714285714285714,1.0,0.0,56,79,0.65,0.8888888888888888,0.1111111111111111,2,16,0.8,0.5,0.5,4,2
21,0.69,0.78,199.67999999999995,452,90,192,0,70,True,0,Slow,0.3,0.83,0.82,0.61,0.79,0.55,0.7,1.0,0.0,60,102,0.65,0.7647058823529411,0.23529411764705882,10,17,0.7,0.75,0.25,1,2
21,0.66,0.83,223.08,447,94,180,0,83,True,0,Slow,0.3,0.83,0.87,0.49,0.77,0.61,0.6142857142857143,1.0,0.0,48,94,0.7,0.92,0.08,6,20,0.9,0.5333333333333333,0.4666666666666667,5,7
21,0.72,0.87,235.8,443,99,174,0,85,False,-1,none,0.3,0.87,0.85,0.56,0.78,0.54,0.6714285714285714,1.0,0.0,47,94,0.85,0.92,0.08,9,19,0.8,0.7333333333333333,0.26666666666666666,1,4
21,0.65,0.76,210.0,454,105,178,0,86,False,-1,none,0.3,0.87,0.81,0.53,0.81,0.57,0.6428571428571429,1.0,0.0,49,104,0.7,0.9090909090909091,0.09090909090909091,3,17,0.6,0.5555555555555556,0.4444444444444444,1,4
21,0.64,0.79,190.19999999999993,451,80,152,0,74,False,-1,none,0.3,0.72,0.75,0.5,0.7,0.44,0.5428571428571428,1.0,0.0,47,74,0.9,0.8928571428571429,0.10714285714285714,6,22,0.8,0.8461538461538461,0.15384615384615385,0,3
21,0.61,0.74,199.19999999999996,456,104,171,0,71,False,-1,none,0.3,0.78,0.8,0.58,0.76,0.57,0.6,1.0,0.0,45,96,0.65,0.9047619047619048,0.09523809523809523,6,18,0.6,0.7272727272727273,0.2727272727272727,0,6
21,0.71,0.81,219.59999999999997,449,81,171,0,87,False,-1,none,0.3,0.8,0.8,0.51,0.74,0.48,0.7285714285714285,1.0,0.0,61,92,0.6,0.8823529411764706,0.11764705882352941,2,12,0.8,0.6923076923076923,0.3076923076923077,0,4
21,0.64,0.7,191.39999999999998,460,110,171,0,79,False,-1,none,0.3,0.85,0.78,0.6,0.75,0.53,0.6142857142857143,1.0,0.0,56,88,0.75,0.7647058823529411,0.23529411764705882,6,16,0.6,0.7,0.3,1,4
21,0.66,0.78,222.95999999999995,452,101,149,0,77,True,3,Shigh,0.3,0.79,0.79,0.56,0.73,0.41,0.6142857142857143,1.0,0.0,40,77,0.75,0.5238095238095238,0.47619047619047616,21,9,0.8,0.7142857142857143,0.2857142857142857,1,1
21,0.7,0.81,228.0,449,101,177,0,81,False,-1,none,0.3,0.81,0.81,0.59,0.82,0.56,0.7,1.0,0.0,48,100,0.7,0.7894736842105263,0.21052631578947367,7,16,0.7,0.6153846153846154,0.38461538461538464,4,2
21,0.6,0.7,191.99999999999997,460,93,168,0,64,False,-1,none,0.3,0.73,0.74,0.59,0.72,0.53,0.6142857142857143,1.0,0.0,50,96,0.55,0.75,0.25,6,14,0.6,0.8181818181818182,0.18181818181818182,2,0
21,0.64,0.76,207.40000000000003,454,96,162,0,81,False,-1,none,0.3,0.78,0.77,0.55,0.72,0.52,0.6142857142857143,1.0,0.0,45,86,0.7,0.9090909090909091,0.09090909090909091,6,18,0.7,0.5454545454545454,0.45454545454545453,5,2
21,0.65,0.73,182.88,457,109,169,0,69,True,2,Slow,0.3,0.81,0.82,0.56,0.76,0.56,0.6285714285714286,1.0,0.0,46,100,0.75,0.9473684210526315,0.05263157894736842,2,17,0.6,0.7,0.3,1,3
21,0.7,0.85,218.39999999999998,445,104,166,0,80,True,3,Shigh,0.3,0.85,0.84,0.55,0.8,0.51,0.6285714285714286,1.0,0.0,44,91,0.95,0.7777777777777778,0.2222222222222222,13,14,0.7,0.7857142857142857,0.21428571428571427,2,2
21,0.69,0.82,227.40000000000003,448,105,166,0,87,False,-1,none,0.3,0.84,0.8,0.54,0.78,0.57,0.6285714285714286,1.0,0.0,44,96,0.85,0.5909090909090909,0.4090909090909091,10,12,0.8,0.75,0.25,1,3
21,0.61,0.75,208.79999999999995,455,112,157,0,66,False,-1,none,0.3,0.76,0.76,0.61,0.76,0.55,0.5857142857142857,1.0,0.0,36,94,0.6,0.8235294117647058,0.17647058823529413,8,14,0.8,0.7058823529411765,0.29411764705882354,1,4
21,0.63,0.77,202.8,453,123,162,0,78,True,1,Slow,0.3,0.8,0.84,0.58,0.83,0.57,0.5428571428571428,1.0,0.0,43,96,0.8,0.782608695652174,0.21739130434782608,7,13,0.9,0.6875,0.3125,2,1
21,0.72,0.82,235.19999999999996,448,79,195,0,74,False,-1,none,0.3,0.8,0.83,0.55,0.81,0.57,0.7428571428571429,1.0,0.0,65,106,0.7,0.6666666666666666,0.3333333333333333,11,12,0.6,0.6666666666666666,0.3333333333333333,1,0
21,0.67,0.78,209.76,452,91,164,0,77,True,2,Slow,0.3,0.82,0.8,0.48,0.71,0.52,0.6428571428571429,1.0,0.0,54,88,0.7,0.8,0.2,8,12,0.8,0.6923076923076923,0.3076923076923077,0,2
21,0.68,0.79,235.19999999999996,451,102,172,0,77,False,-1,none,0.3,0.81,0.82,0.6,0.8,0.5,0.6428571428571429,1.0,0.0,47,95,0.75,0.7619047619047619,0.23809523809523808,10,10,0.8,0.46153846153846156,0.5384615384615384,6,4
21,0.66,0.75,210.59999999999997,455,84,178,0,78,False,-1,none,0.3,0.78,0.81,0.5,0.74,0.54,0.6428571428571429,1.0,0.0,57,97,0.7,0.7222222222222222,0.2777777777777778,10,11,0.7,0.75,0.25,0,3
21,0.76,0.89,243.60000000000002,441,104,185,0,72,False,-1,none,0.3,0.87,0.86,0.62,0.79,0.64,0.7285714285714285,1.0,0.0,58,101,0.8,0.9,0.1,2,18,0.9,0.6666666666666666,0.3333333333333333,0,6
21,0.7,0.83,217.79999999999998,447,101,183,0,83,False,-1,none,0.3,0.88,0.86,0.56,0.75,0.62,0.7142857142857143,1.0,0.0,53,104,0.65,0.8333333333333334,0.16666666666666666,6,12,0.7,0.8666666666666667,0.13333333333333333,2,6
21,0.69,0.82,234.6,448,93,157,0,83,False,-1,none,0.3,0.8,0.79,0.52,0.76,0.45,0.6142857142857143,1.0,0.0,42,84,0.95,0.8,0.2,10,15,0.7,0.6428571428571429,0.35714285714285715,3,3
21,0.7,0.81,223.79999999999998,449,96,169,0,79,False,-1,none,0.3,0.79,0.8,0.56,0.74,0.57,0.7,1.0,0.0,51,90,0.7,0.7777777777777778,0.2222222222222222,9,16,0.7,0.7142857142857143,0.2857142857142857,0,3
21,0.7,0.82,206.8,448,78,173,0,77,False,-1,none,0.3,0.77,0.76,0.53,0.75,0.52,0.6857142857142857,1.0,0.0,52,90,0.7,0.8421052631578947,0.15789473684210525,6,18,0.8,0.6,0.4,2,5
21,0.74,0.89,235.20000000000002,441,87,178,0,86,False,-1,none,0.3,0.83,0.82,0.57,0.77,0.55,0.7142857142857143,1.0,0.0,50,92,0.8,0.9130434782608695,0.08695652173913043,6,23,0.8,0.75,0.25,4,3
21,0.67,0.81,209.4,449,91,172,0,86,False,-1,none,0.3,0.82,0.81,0.5,0.76,0.55,0.6428571428571429,1.0,0.0,51,96,0.7,0.9545454545454546,0.045454545454545456,5,15,0.8,0.7857142857142857,0.21428571428571427,0,5
21,0.72,0.86,229.19999999999996,444,95,177,0,72,True,3,Shigh,0.3,0.81,0.83,0.65,0.75,0.54,0.7,1.0,0.0,60,94,0.75,0.6818181818181818,0.3181818181818182,8,13,0.8,0.8,0.2,0,2
21,0.64,0.74,204.59999999999997,456,94,172,0,75,False,-1,none,0.3,0.79,0.76,0.53,0.68,0.64,0.5714285714285714,1.0,0.0,47,97,0.8,0.7894736842105263,0.21052631578947367,10,12,0.8,0.7333333333333333,0.26666666666666666,2,4
21,0.62,0.76,212.39999999999998,454,110,148,0,86,False,-1,none,0.3,0.82,0.79,0.47,0.73,0.53,0.5857142857142857,1.0,0.0,38,89,0.65,0.7142857142857143,0.2857142857142857,13,7,0.8,0.7142857142857143,0.2857142857142857,0,1
21,0.7,0.82,221.39999999999998,448,110,179,0,64,True,3,Shigh,0.3,0.83,0.84,0.68,0.78,0.58,0.6714285714285714,1.0,0.0,60,90,0.85,0.7083333333333334,0.2916666666666667,10,16,0.6,0.6363636363636364,0.36363636363636365,0,3
21,0.69,0.81,205.8,449,90,166,0,88,True,0,Slow,0.3,0.79,0.77,0.51,0.73,0.57,0.6285714285714286,1.0,0.0,50,89,0.8,0.7727272727272727,0.22727272727272727,7,18,0.9,0.7333333333333333,0.26666666666666666,0,2
21,0.7,0.84,236.39999999999998,446,82,173,0,71,False,-1,none,0.3,0.81,0.8,0.52,0.73,0.53,0.7142857142857143,1.0,0.0,49,96,0.6,0.7222222222222222,0.2777777777777778,12,10,0.8,0.6875,0.3125,3,3
21,0.67,0.76,217.79999999999995,454,108,184,0,82,False,-1,none,0.3,0.86,0.84,0.6,0.8,0.58,0.6285714285714286,1.0,0.0,49,94,0.85,0.6956521739130435,0.30434782608695654,14,20,0.6,0.7777777777777778,0.2222222222222222,2,5
21,0.75,0.9,249.60000000000002,440,87,194,0,79,False,-1,none,0.3,0.87,0.86,0.55,0.83,0.6,0.7,1.0,0.0,61,95,0.85,0.8333333333333334,0.16666666666666666,11,24,0.9,0.7058823529411765,0.29411764705882354,0,3
21,0.72,0.84,236.39999999999998,446,106,185,0,70,False,-1,none,0.3,0.85,0.84,0.6,0.8,0.66,0.6571428571428571,1.0,0.0,49,104,0.85,0.9166666666666666,0.08333333333333333,4,20,0.9,0.5,0.5,6,2
21,0.71,0.83,229.19999999999993,447,83,182,0,77,False,-1,none,0.3,0.83,0.81,0.54,0.78,0.52,0.7142857142857143,1.0,0.0,57,91,0.7,0.7894736842105263,0.21052631578947367,12,16,0.7,0.7142857142857143,0.2857142857142857,2,4
21,0.68,0.78,217.19999999999996,452,102,171,0,89,False,-1,none,0.3,0.83,0.82,0.6,0.75,0.51,0.6857142857142857,1.0,0.0,52,93,0.55,0.75,0.25,9,9,0.9,0.7222222222222222,0.2777777777777778,1,7
21,0.7,0.93,245.4,437,102,167,0,88,False,-1,none,0.3,0.86,0.88,0.61,0.77,0.5,0.6285714285714286,1.0,0.0,44,90,0.85,0.8846153846153846,0.11538461538461539,7,20,0.9,0.8695652173913043,0.13043478260869565,1,5
21,0.69,0.8,214.79999999999993,450,95,164,0,81,True,3,Shigh,0.3,0.79,0.81,0.5,0.7,0.59,0.6714285714285714,1.0,0.0,54,89,0.7,0.65,0.35,6,11,0.8,0.7692307692307693,0.23076923076923078,0,4
21,0.7,0.84,236.99999999999994,446,88,176,0,72,False,-1,none,0.3,0.81,0.81,0.55,0.75,0.56,0.6428571428571429,1.0,0.0,48,88,0.9,0.76,0.24,18,17,0.7,0.6428571428571429,0.35714285714285715,2,3
21,0.74,0.91,227.99999999999997,439,82,183,0,79,False,-1,none,0.3,0.86,0.8,0.56,0.76,0.58,0.7285714285714285,1.0,0.0,56,97,0.8,0.8695652173913043,0.13043478260869565,8,18,0.7,0.7647058823529411,0.23529411764705882,2,2
21,0.61,0.68,202.79999999999995,462,99,170,0,98,False,-1,none,0.3,0.78,0.77,0.48,0.78,0.56,0.5428571428571428,1.0,0.0,42,93,0.75,0.7647058823529411,0.23529411764705882,8,21,0.8,0.5384615384615384,0.46153846153846156,3,3
21,0.68,0.78,213.6,452,95,161,0,71,False,-1,none,0.3,0.79,0.79,0.51,0.74,0.51,0.6571428571428571,1.0,0.0,46,85,0.7,0.8421052631578947,0.15789473684210525,5,18,0.8,0.6923076923076923,0.3076923076923077,3,4
21,0.66,0.79,213.6,451,92,187,0,67,False,-1,none,0.3,0.79,0.8,0.66,0.77,0.56,0.6285714285714286,1.0,0.0,57,96,0.65,0.9473684210526315,0.05263157894736842,2,16,0.9,0.6875,0.3125,10,6
21,0.63,0.76,186.4,454,76,168,0,65,False,-1,none,0.3,0.73,0.74,0.54,0.68,0.51,0.6285714285714286,1.0,0.0,58,82,0.65,0.8571428571428571,0.14285714285714285,6,18,0.6,0.5454545454545454,0.45454545454545453,3,1
21,0.7,0.85,236.39999999999998,445,90,177,0,83,False,-1,none,0.3,0.8,0.81,0.53,0.78,0.6,0.6428571428571429,1.0,0.0,49,97,0.75,0.8695652173913043,0.13043478260869565,9,15,1.0,0.7058823529411765,0.29411764705882354,1,6
21,0.71,0.84,223.19999999999996,446,86,176,0,74,False,-1,none,0.3,0.79,0.8,0.54,0.71,0.62,0.6857142857142857,1.0,0.0,53,95,0.8,0.8260869565217391,0.17391304347826086,13,12,0.7,0.8461538461538461,0.15384615384615385,0,3
22,0.7,1.02,183.36,428,119,131,0,73,True,0,Slow,0.3,0.84,0.81,0.51,0.77,0.59,0.6857142857142857,1.0,0.0,22,100,0.75,0.7241379310344828,0.27586206896551724,1,7,0.7,0.6666666666666666,0.3333333333333333,1,0
22,0.69,0.9,201.59999999999994,440,104,160,0,81,False,-1,none,0.3,0.81,0.81,0.58,0.78,0.56,0.6428571428571429,1.0,0.0,43,96,0.9,0.75,0.25,9,8,0.6,0.7333333333333333,0.26666666666666666,1,3
22,0.68,0.8,212.0,450,104,149,0,72,False,-1,none,0.3,0.79,0.79,0.58,0.75,0.42,0.6142857142857143,1.0,0.0,43,80,0.9,0.64,0.36,11,10,0.7,0.6666666666666666,0.3333333333333333,1,4
22,0.73,0.88,233.20000000000005,442,87,185,0,75,False,-1,none,0.3,0.83,0.85,0.57,0.77,0.58,0.6857142857142857,1.0,0.0,58,92,0.8,0.8695652173913043,0.13043478260869565,5,21,0.9,0.6470588235294118,0.35294117647058826,5,4
22,0.76,0.88,235.2,442,94,198,0,85,False,-1,none,0.3,0.87,0.91,0.59,0.86,0.57,0.7,1.0,0.0,63,99,0.85,0.9565217391304348,0.043478260869565216,3,23,1.0,0.75,0.25,6,4
22,0.61,0.69,196.19999999999993,461,77,163,0,86,False,-1,none,0.3,0.73,0.72,0.45,0.72,0.47,0.5857142857142857,1.0,0.0,53,84,0.75,0.6666666666666666,0.3333333333333333,13,9,0.5,0.7142857142857143,0.2857142857142857,0,4
22,0.58,0.64,159.6,466,102,149,0,65,False,-1,none,0.3,0.73,0.71,0.51,0.68,0.52,0.5714285714285714,1.0,0.0,47,86,0.65,0.8823529411764706,0.11764705882352941,0,15,0.5,0.8571428571428571,0.14285714285714285,1,0
22,0.67,0.78,198.40000000000003,452,99,167,0,86,False,-1,none,0.3,0.8,0.79,0.57,0.72,0.56,0.6714285714285714,1.0,0.0,48,96,0.7,0.9047619047619048,0.09523809523809523,4,15,0.6,0.7,0.3,3,1
22,0.73,0.85,238.80000000000004,445,115,187,0,73,False,-1,none,0.3,0.9,0.88,0.65,0.82,0.62,0.7285714285714285,1.0,0.0,57,102,0.7,0.75,0.25,6,16,0.8,0.6428571428571429,0.35714285714285715,3,3
22,0.62,0.75,199.79999999999998,455,95,166,0,74,False,-1,none,0.3,0.73,0.78,0.55,0.76,0.54,0.5714285714285714,1.0,0.0,49,91,0.7,0.8571428571428571,0.14285714285714285,4,17,0.8,0.7142857142857143,0.2857142857142857,2,3
22,0.7,0.81,220.00000000000003,449,92,168,0,84,False,-1,none,0.3,0.83,0.77,0.54,0.77,0.5,0.7,1.0,0.0,61,91,0.65,0.7368421052631579,0.2631578947368421,6,8,0.8,0.7692307692307693,0.23076923076923078,1,1
22,0.66,0.79,218.6,451,101,162,0,68,False,-1,none,0.3,0.77,0.78,0.58,0.77,0.52,0.6,1.0,0.0,40,86,0.8,0.8,0.2,8,19,0.8,0.7058823529411765,0.29411764705882354,3,6
22,0.67,0.85,194.12000000000003,445,94,149,0,82,True,1,Slow,0.3,0.78,0.75,0.52,0.71,0.52,0.5857142857142857,1.0,0.0,43,82,0.85,0.9259259259259259,0.07407407407407407,0,20,0.9,0.8235294117647058,0.17647058823529413,0,4
22,0.65,0.75,196.2,455,100,164,0,86,False,-1,none,0.3,0.82,0.81,0.49,0.75,0.52,0.6571428571428571,1.0,0.0,49,85,0.55,0.7142857142857143,0.2857142857142857,8,14,0.8,0.8,0.2,3,5
22,0.69,0.87,235.36,443,94,165,0,94,True,3,Shigh,0.3,0.84,0.79,0.46,0.75,0.62,0.6285714285714286,1.0,0.0,41,98,0.75,0.8076923076923077,0.19230769230769232,10,12,1.0,0.5882352941176471,0.4117647058823529,2,2
22,0.64,0.75,202.0,455,77,172,0,71,False,-1,none,0.3,0.78,0.72,0.53,0.74,0.47,0.6428571428571429,1.0,0.0,51,90,0.7,0.75,0.25,13,14,0.5,0.8,0.2,1,3
22,0.69,0.78,193.99999999999997,452,79,184,0,74,True,2,Slow,0.3,0.78,0.78,0.55,0.76,0.54,0.7,1.0,0.0,60,96,0.8,0.9130434782608695,0.08695652173913043,6,16,0.4,0.3333333333333333,0.6666666666666666,3,3
22,0.65,0.79,207.60000000000002,451,105,164,0,77,False,-1,none,0.3,0.8,0.78,0.62,0.71,0.57,0.5714285714285714,1.0,0.0,46,90,0.9,0.9259259259259259,0.07407407407407407,7,14,0.7,0.6666666666666666,0.3333333333333333,1,6
22,0.67,0.81,219.00000000000003,449,119,181,0,79,False,-1,none,0.3,0.89,0.91,0.54,0.83,0.64,0.6285714285714286,1.0,0.0,49,97,0.8,0.8333333333333334,0.16666666666666666,8,22,0.7,0.6923076923076923,0.3076923076923077,2,3
22,0.75,0.88,244.20000000000005,442,88,184,0,75,False,-1,none,0.3,0.83,0.86,0.57,0.79,0.55,0.7142857142857143,1.0,0.0,61,93,0.85,0.8181818181818182,0.18181818181818182,8,17,0.8,0.625,0.375,2,3
22,0.68,0.8,208.72000000000003,450,87,189,0,69,True,3,Shigh,0.3,0.82,0.8,0.56,0.74,0.64,0.6857142857142857,1.0,0.0,63,100,0.8,0.6956521739130435,0.30434782608695654,8,15,0.4,0.7777777777777778,0.2222222222222222,2,1
22,0.74,0.93,190.88000000000002,437,90,170,0,77,True,1,Slow,0.3,0.83,0.84,0.51,0.8,0.55,0.7285714285714285,1.0,0.0,46,93,0.8,0.8928571428571429,0.10714285714285714,4,20,0.7,0.7692307692307693,0.23076923076923078,3,4
22,0.6,0.71,188.4,459,88,140,0,81,False,-1,none,0.3,0.7,0.73,0.46,0.64,0.46,0.5428571428571428,1.0,0.0,45,77,0.65,0.8235294117647058,0.17647058823529413,2,11,0.9,0.8125,0.1875,2,3
22,0.79,0.9,245.6,440,91,187,0,67,False,-1,none,0.3,0.81,0.84,0.61,0.77,0.65,0.7714285714285715,1.0,0.0,62,99,0.75,0.8095238095238095,0.19047619047619047,7,14,1.0,0.6666666666666666,0.3333333333333333,1,4
22,0.67,0.83,239.20000000000005,447,86,166,0,70,False,-1,none,0.3,0.77,0.75,0.51,0.76,0.56,0.6142857142857143,1.0,0.0,40,94,0.8,0.6521739130434783,0.34782608695652173,13,13,0.8,0.6470588235294118,0.35294117647058826,1,5
22,0.69,0.82,189.60000000000002,448,114,161,0,63,False,-1,none,0.3,0.83,0.83,0.58,0.79,0.54,0.6285714285714286,1.0,0.0,49,94,0.75,0.9,0.1,2,10,1.0,0.6666666666666666,0.3333333333333333,2,4
22,0.59,0.74,199.4,456,95,149,0,77,False,-1,none,0.3,0.75,0.74,0.5,0.66,0.53,0.5428571428571428,1.0,0.0,42,81,0.75,0.6818181818181818,0.3181818181818182,8,16,0.6,0.8571428571428571,0.14285714285714285,1,1
22,0.69,0.77,202.59999999999997,453,93,171,0,74,False,-1,none,0.3,0.81,0.78,0.53,0.73,0.56,0.7,1.0,0.0,56,90,0.65,0.8823529411764706,0.11764705882352941,4,16,0.7,0.7272727272727273,0.2727272727272727,2,3
22,0.67,0.81,218.20000000000002,449,108,165,0,91,False,-1,none,0.3,0.86,0.81,0.5,0.83,0.54,0.6,1.0,0.0,42,97,0.85,0.6538461538461539,0.34615384615384615,13,10,0.8,0.8461538461538461,0.15384615384615385,2,1
22,0.82,0.95,232.60000000000008,435,91,196,0,98,False,-1,none,0.3,0.86,0.88,0.57,0.84,0.67,0.8,1.0,0.0,60,106,0.85,0.8695652173913043,0.13043478260869565,7,13,0.9,0.75,0.25,4,6
22,0.71,0.82,227.00000000000003,448,90,186,0,72,False,-1,none,0.3,0.8,0.82,0.57,0.77,0.62,0.6571428571428571,1.0,0.0,57,102,0.8,0.75,0.25,11,14,0.9,0.75,0.25,0,2
22,0.62,0.76,169.40000000000003,454,107,149,0,68,False,-1,none,0.3,0.76,0.75,0.54,0.72,0.55,0.5714285714285714,1.0,0.0,39,90,0.7,0.9565217391304348,0.043478260869565216,4,12,0.8,0.6923076923076923,0.3076923076923077,0,4
22,0.77,0.92,253.60000000000005,438,89,190,0,79,False,-1,none,0.3,0.88,0.85,0.55,0.82,0.61,0.7,1.0,0.0,62,100,0.9,0.84,0.16,7,18,1.0,0.6666666666666666,0.3333333333333333,0,3
22,0.65,0.78,216.8,452,107,159,0,86,False,-1,none,0.3,0.83,0.82,0.57,0.74,0.48,0.5857142857142857,1.0,0.0,47,83,0.75,0.7142857142857143,0.2857142857142857,13,11,0.9,0.8125,0.1875,2,3
22,0.62,0.74,195.6,456,81,169,0,76,False,-1,none,0.3,0.78,0.75,0.54,0.7,0.47,0.6,1.0,0.0,54,86,0.75,0.8260869565217391,0.17391304347826086,11,16,0.5,0.7777777777777778,0.2222222222222222,0,2
22,0.7,0.81,223.4,449,89,166,0,74,False,-1,none,0.3,0.74,0.74,0.61,0.77,0.5,0.6571428571428571,1.0,0.0,48,89,0.8,0.7619047619047619,0.23809523809523808,11,16,0.8,0.7142857142857143,0.2857142857142857,1,1
22,0.73,0.91,249.00000000000006,439,74,190,0,80,False,-1,none,0.3,0.83,0.8,0.57,0.78,0.57,0.7,1.0,0.0,65,89,0.75,0.84,0.16,11,17,0.9,0.6470588235294118,0.35294117647058826,3,5
22,0.65,0.8,230.4,450,85,165,0,70,False,-1,none,0.3,0.75,0.73,0.55,0.73,0.54,0.6428571428571429,1.0,0.0,49,87,0.55,0.6,0.4,9,11,0.9,0.7,0.3,2,7
22,0.62,0.74,191.0,456,120,157,0,69,False,-1,none,0.3,0.83,0.79,0.58,0.77,0.54,0.6285714285714286,1.0,0.0,42,97,0.6,0.9444444444444444,0.05555555555555555,1,12,0.6,0.6666666666666666,0.3333333333333333,2,3
22,0.67,0.84,227.80000000000004,446,85,165,0,71,False,-1,none,0.3,0.8,0.8,0.46,0.74,0.54,0.6285714285714286,1.0,0.0,48,88,0.65,0.8947368421052632,0.10526315789473684,4,14,1.0,0.7142857142857143,0.2857142857142857,5,6
22,0.67,0.76,210.6,454,105,176,0,83,False,-1,none,0.3,0.84,0.8,0.53,0.81,0.59,0.6428571428571429,1.0,0.0,51,101,0.75,0.7368421052631579,0.2631578947368421,4,15,0.7,0.6666666666666666,0.3333333333333333,4,1
22,0.6,0.66,160.8,464,83,158,0,73,False,-1,none,0.3,0.72,0.72,0.51,0.61,0.51,0.6142857142857143,1.0,0.0,60,80,0.6,0.875,0.125,4,14,0.5,1.0,0.0,0,0
22,0.73,0.82,223.00000000000003,448,78,191,0,84,False,-1,none,0.3,0.83,0.85,0.5,0.79,0.54,0.6857142857142857,1.0,0.0,63,94,0.9,0.7391304347826086,0.2608695652173913,9,20,0.7,0.7272727272727273,0.2727272727272727,3,2
22,0.67,0.75,214.20000000000002,455,83,152,0,70,False,-1,none,0.3,0.73,0.73,0.47,0.69,0.48,0.6571428571428571,1.0,0.0,44,83,0.7,0.7777777777777778,0.2222222222222222,4,11,0.7,0.45454545454545453,0.5454545454545454,5,5
22,0.73,0.91,251.40000000000003,439,70,177,0,82,False,-1,none,0.3,0.79,0.78,0.54,0.76,0.51,0.6857142857142857,1.0,0.0,53,91,0.9,0.8620689655172413,0.13793103448275862,11,17,0.7,0.7142857142857143,0.2857142857142857,2,3
22,0.79,0.93,229.56000000000003,437,106,174,0,82,True,1,Slow,0.3,0.85,0.86,0.6,0.84,0.58,0.7571428571428571,1.0,0.0,57,95,0.85,0.875,0.125,1,16,0.9,0.75,0.25,2,3
22,0.59,0.71,196.79999999999995,459,87,172,0,65,False,-1,none,0.3,0.76,0.75,0.5,0.74,0.55,0.5714285714285714,1.0,0.0,52,91,0.65,0.8333333333333334,0.16666666666666666,8,17,0.6,0.6923076923076923,0.3076923076923077,1,3
22,0.67,0.8,181.55999999999997,450,85,170,0,65,True,1,Slow,0.3,0.77,0.77,0.55,0.75,0.51,0.6,1.0,0.0,56,85,0.85,0.76,0.24,10,16,0.8,0.9230769230769231,0.07692307692307693,0,3
22,0.68,0.86,236.34,444,91,150,0,88,True,3,Shigh,0.3,0.79,0.79,0.48,0.7,0.51,0.6142857142857143,1.0,0.0,44,81,0.8,0.64,0.36,7,12,0.9,0.6666666666666666,0.3333333333333333,1,5
22,0.63,0.77,218.99999999999997,453,91,174,0,68,False,-1,none,0.3,0.77,0.77,0.56,0.74,0.58,0.6,1.0,0.0,48,96,0.6,0.8235294117647058,0.17647058823529413,7,14,0.9,0.6666666666666666,0.3333333333333333,4,5
22,0.56,0.68,175.2,462,80,139,0,83,False,-1,none,0.3,0.67,0.73,0.45,0.63,0.39,0.5142857142857142,1.0,0.0,47,65,0.7,0.9523809523809523,0.047619047619047616,3,20,0.6,0.8181818181818182,0.18181818181818182,1,3
22,0.71,0.78,207.0,452,84,196,0,82,False,-1,none,0.3,0.83,0.84,0.52,0.82,0.57,0.7,1.0,0.0,66,110,0.8,0.8421052631578947,0.15789473684210525,3,16,0.6,0.8,0.2,0,1
22,0.71,0.85,223.79999999999998,445,84,173,0,83,False,-1,none,0.3,0.81,0.82,0.52,0.77,0.5,0.6857142857142857,1.0,0.0,49,90,0.9,0.8148148148148148,0.18518518518518517,7,17,0.5,0.6,0.4,4,6
22,0.67,0.79,210.0,451,103,175,0,73,False,-1,none,0.3,0.82,0.84,0.55,0.77,0.59,0.6571428571428571,1.0,0.0,49,100,0.65,0.7647058823529411,0.23529411764705882,8,14,0.8,0.9375,0.0625,0,4
22,0.67,0.83,245.39999999999998,447,94,187,0,66,False,-1,none,0.3,0.82,0.82,0.67,0.75,0.58,0.6285714285714286,1.0,0.0,58,93,0.7,0.7272727272727273,0.2727272727272727,12,14,0.9,0.6470588235294118,0.35294117647058826,2,8
22,0.67,0.82,228.19999999999996,448,103,159,0,86,False,-1,none,0.3,0.79,0.84,0.49,0.77,0.55,0.6,1.0,0.0,43,94,0.85,0.7083333333333334,0.2916666666666667,10,7,0.8,0.625,0.375,3,2
22,0.69,0.84,239.99999999999994,446,104,175,0,82,False,-1,none,0.3,0.83,0.88,0.55,0.82,0.55,0.6,1.0,0.0,58,93,0.9,0.5833333333333334,0.4166666666666667,9,13,0.9,0.7222222222222222,0.2777777777777778,0,2
22,0.61,0.71,171.84,459,82,149,0,73,True,1,Slow,0.3,0.72,0.7,0.43,0.68,0.49,0.6428571428571429,1.0,0.0,49,91,0.4,0.6666666666666666,0.3333333333333333,6,1,0.8,0.6428571428571429,0.35714285714285715,1,1
22,0.72,0.86,226.79999999999995,444,110,156,0,78,True,3,Shigh,0.3,0.81,0.84,0.6,0.76,0.51,0.6571428571428571,0.9782608695652174,0.021739130434782608,52,84,0.9,0.76,0.24,6,13,0.8,0.6,0.4,0,1
22,0.66,0.81,212.39999999999998,449,96,175,0,73,True,1,Slow,0.3,0.81,0.8,0.63,0.74,0.54,0.5714285714285714,1.0,0.0,53,80,0.85,0.7692307692307693,0.23076923076923078,14,19,0.9,0.7333333333333333,0.26666666666666666,6,3
22,0.69,0.87,220.38,443,95,179,0,74,True,1,Slow,0.3,0.83,0.84,0.54,0.82,0.58,0.6285714285714286,1.0,0.0,46,96,0.8,0.75,0.25,10,19,0.9,0.6111111111111112,0.3888888888888889,4,4
22,0.66,0.78,215.39999999999998,452,102,151,0,74,False,-1,none,0.3,0.76,0.76,0.5,0.73,0.56,0.6,1.0,0.0,43,88,0.7,0.95,0.05,0,13,1.0,0.625,0.375,1,6
22,0.68,0.85,192.07999999999996,445,99,155,0,76,True,2,Slow,0.3,0.79,0.78,0.52,0.76,0.54,0.6428571428571429,1.0,0.0,41,90,0.8,0.782608695652174,0.21739130434782608,6,15,0.7,0.8571428571428571,0.14285714285714285,2,1
22,0.69,0.87,219.24000000000004,443,103,172,0,83,True,2,Slow,0.3,0.85,0.8,0.55,0.77,0.65,0.6428571428571429,1.0,0.0,46,105,0.85,0.8846153846153846,0.11538461538461539,3,13,0.7,0.8125,0.1875,3,2
22,0.63,0.77,236.39999999999995,453,93,152,0,73,False,-1,none,0.3,0.78,0.79,0.44,0.72,0.49,0.5714285714285714,1.0,0.0,44,81,0.7,0.75,0.25,9,9,0.9,0.5294117647058824,0.47058823529411764,4,5
22,0.67,0.78,214.43999999999994,452,115,173,0,74,True,2,Slow,0.3,0.87,0.81,0.61,0.79,0.58,0.6714285714285714,1.0,0.0,47,104,0.6,0.75,0.25,6,14,0.8,0.6,0.4,1,1
23,0.62,0.91,154.08000000000004,439,138,122,0,79,True,0,Slow,0.3,0.81,0.84,0.5,0.77,0.59,0.5857142857142857,1.0,0.0,13,101,0.7,0.8076923076923077,0.19230769230769232,0,8,0.7,0.8181818181818182,0.18181818181818182,0,0
23,0.7,0.88,205.19999999999993,442,96,176,0,60,False,-1,none,0.3,0.82,0.82,0.59,0.74,0.63,0.6714285714285714,1.0,0.0,59,101,0.7,0.65,0.35,7,7,0.9,0.6842105263157895,0.3157894736842105,0,2
23,0.79,0.95,242.0,435,72,199,0,74,False,-1,none,0.3,0.84,0.82,0.64,0.79,0.57,0.8,1.0,0.0,70,98,0.85,0.72,0.28,10,14,0.6,0.5714285714285714,0.42857142857142855,4,3
23,0.64,0.75,200.20000000000005,455,78,170,0,92,False,-1,none,0.3,0.77,0.75,0.48,0.75,0.48,0.6,1.0,0.0,54,84,0.75,0.7,0.3,8,18,0.7,0.8461538461538461,0.15384615384615385,0,6
23,0.66,0.76,206.39999999999992,454,95,177,0,67,False,-1,none,0.3,0.82,0.79,0.6,0.76,0.51,0.6571428571428571,1.0,0.0,65,88,0.55,0.8666666666666667,0.13333333333333333,5,10,0.9,0.8,0.2,3,6
23,0.72,0.84,235.99999999999997,446,104,177,0,75,False,-1,none,0.3,0.83,0.82,0.62,0.8,0.58,0.6714285714285714,1.0,0.0,45,97,0.8,0.5789473684210527,0.42105263157894735,13,15,0.9,0.7777777777777778,0.2222222222222222,4,3
23,0.66,0.75,210.59999999999997,455,97,158,0,100,False,-1,none,0.3,0.79,0.82,0.42,0.77,0.5,0.6428571428571429,1.0,0.0,49,90,0.75,0.6842105263157895,0.3157894736842105,5,11,0.6,0.7272727272727273,0.2727272727272727,2,1
23,0.73,0.92,253.20000000000002,438,86,189,0,73,False,-1,none,0.3,0.79,0.85,0.6,0.82,0.61,0.6571428571428571,1.0,0.0,54,100,0.9,0.7777777777777778,0.2222222222222222,15,17,0.9,0.8421052631578947,0.15789473684210525,2,1
23,0.69,0.84,228.59999999999997,446,76,163,0,87,False,-1,none,0.3,0.71,0.77,0.51,0.69,0.55,0.6428571428571429,1.0,0.0,50,91,0.8,0.9166666666666666,0.08333333333333333,3,12,0.8,0.6666666666666666,0.3333333333333333,3,4
23,0.69,0.85,231.6,445,95,177,0,73,False,-1,none,0.3,0.84,0.83,0.59,0.73,0.58,0.6571428571428571,1.0,0.0,56,92,0.7,0.875,0.125,8,14,0.9,0.7333333333333333,0.26666666666666666,3,4
23,0.69,0.8,206.99999999999997,450,87,174,0,69,False,-1,none,0.3,0.79,0.79,0.55,0.76,0.52,0.6857142857142857,1.0,0.0,61,91,0.7,0.9047619047619048,0.09523809523809523,2,16,0.7,0.8181818181818182,0.18181818181818182,2,2
23,0.7,0.87,235.2,443,98,170,0,80,False,-1,none,0.3,0.83,0.84,0.59,0.76,0.53,0.6714285714285714,1.0,0.0,53,88,0.7,0.9130434782608695,0.08695652173913043,7,13,0.9,0.5294117647058824,0.47058823529411764,5,4
23,0.67,0.79,225.59999999999997,451,88,177,0,91,False,-1,none,0.3,0.81,0.82,0.51,0.74,0.56,0.6571428571428571,1.0,0.0,54,89,0.7,0.75,0.25,13,12,0.7,0.6153846153846154,0.38461538461538464,5,4
23,0.59,0.71,202.39999999999998,459,93,168,0,68,False,-1,none,0.3,0.78,0.79,0.54,0.75,0.46,0.5142857142857142,1.0,0.0,43,87,0.75,0.7,0.3,17,12,0.8,0.7333333333333333,0.26666666666666666,5,4
23,0.66,0.81,230.39999999999995,449,82,171,0,71,False,-1,none,0.3,0.79,0.79,0.53,0.71,0.52,0.5714285714285714,1.0,0.0,58,82,0.85,0.75,0.25,11,15,0.9,0.7647058823529411,0.23529411764705882,3,2
23,0.72,0.8,217.20000000000002,450,77,179,0,79,False,-1,none,0.3,0.8,0.78,0.48,0.71,0.59,0.7,1.0,0.0,56,94,0.95,0.76,0.24,11,15,0.4,0.8333333333333334,0.16666666666666666,1,2
23,0.69,0.77,219.6,453,78,187,0,83,False,-1,none,0.3,0.81,0.83,0.48,0.71,0.59,0.6571428571428571,1.0,0.0,64,90,0.7,0.6470588235294118,0.35294117647058826,14,12,0.9,0.7857142857142857,0.21428571428571427,3,4
23,0.78,1.02,230.60000000000002,428,83,181,0,69,True,3,Shigh,0.3,0.83,0.83,0.64,0.79,0.57,0.7428571428571429,1.0,0.0,63,94,0.9,0.8064516129032258,0.1935483870967742,3,16,0.8,0.8421052631578947,0.15789473684210525,0,5
23,0.76,0.97,246.96000000000004,433,92,158,0,83,True,2,Slow,0.3,0.83,0.8,0.61,0.7,0.53,0.6857142857142857,1.0,0.0,51,77,0.9,0.8709677419354839,0.12903225806451613,4,18,1.0,0.7777777777777778,0.2222222222222222,2,6
23,0.81,0.99,273.6000000000001,431,98,182,0,81,False,-1,none,0.3,0.91,0.91,0.55,0.82,0.6,0.7571428571428571,1.0,0.0,58,92,0.9,0.7391304347826086,0.2608695652173913,6,13,1.0,0.7391304347826086,0.2608695652173913,5,8
23,0.69,0.83,224.39999999999998,447,76,166,0,75,False,-1,none,0.3,0.76,0.76,0.49,0.75,0.49,0.7142857142857143,1.0,0.0,55,88,0.65,0.75,0.25,9,11,0.6,0.7692307692307693,0.23076923076923078,0,3
23,0.75,0.91,251.40000000000003,439,68,182,0,64,False,-1,none,0.3,0.78,0.77,0.6,0.74,0.52,0.7142857142857143,1.0,0.0,63,87,0.9,0.7307692307692307,0.2692307692307692,15,10,0.7,0.7333333333333333,0.26666666666666666,2,5
23,0.68,0.83,206.4,447,91,172,0,84,True,0,Slow,0.3,0.8,0.83,0.52,0.79,0.52,0.6142857142857143,1.0,0.0,48,95,0.9,0.7692307692307693,0.23076923076923078,8,17,0.7,0.8571428571428571,0.14285714285714285,0,4
23,0.67,0.85,221.88,445,85,162,0,73,True,2,Slow,0.3,0.77,0.79,0.58,0.67,0.51,0.6428571428571429,1.0,0.0,56,83,0.6,0.9473684210526315,0.05263157894736842,2,11,1.0,0.6666666666666666,0.3333333333333333,4,6
23,0.67,0.82,218.79999999999998,448,91,166,0,76,False,-1,none,0.3,0.77,0.81,0.53,0.73,0.55,0.6,1.0,0.0,48,85,0.8,0.6956521739130435,0.30434782608695654,13,13,0.9,0.7058823529411765,0.29411764705882354,2,5
23,0.63,0.74,197.4,456,113,167,0,66,False,-1,none,0.3,0.81,0.79,0.55,0.77,0.62,0.6,1.0,0.0,43,99,0.65,0.95,0.05,3,15,0.8,0.6666666666666666,0.3333333333333333,2,5
23,0.65,0.81,209.39999999999998,449,90,145,0,74,True,2,Slow,0.3,0.73,0.74,0.5,0.76,0.43,0.5571428571428572,1.0,0.0,43,78,0.85,0.8214285714285714,0.17857142857142858,5,15,0.9,0.8571428571428571,0.14285714285714285,1,3
23,0.7,0.87,217.0,443,97,177,0,69,True,2,Slow,0.3,0.83,0.82,0.57,0.79,0.6,0.6571428571428571,1.0,0.0,52,103,0.8,0.8846153846153846,0.11538461538461539,4,15,0.8,0.7142857142857143,0.2857142857142857,1,2
23,0.8,0.95,256.8000000000001,435,98,184,0,83,True,4,Shigh,0.3,0.9,0.9,0.54,0.84,0.59,0.7857142857142857,1.0,0.0,60,105,0.8,0.7142857142857143,0.2857142857142857,12,5,0.9,0.7368421052631579,0.2631578947368421,1,1
23,0.65,0.78,212.39999999999998,452,112,170,0,80,False,-1,none,0.3,0.84,0.77,0.59,0.82,0.58,0.6142857142857143,1.0,0.0,47,101,0.7,0.85,0.15,6,10,0.8,0.7333333333333333,0.26666666666666666,4,2
23,0.7,0.81,219.6,449,65,180,0,64,False,-1,none,0.3,0.74,0.73,0.54,0.7,0.55,0.7142857142857143,1.0,0.0,58,94,0.7,0.7727272727272727,0.22727272727272727,13,12,0.6,0.7777777777777778,0.2222222222222222,2,1
23,0.71,0.89,245.99999999999994,441,92,184,0,75,True,4,Shigh,0.3,0.8,0.83,0.61,0.82,0.59,0.6571428571428571,1.0,0.0,60,98,0.85,0.7692307692307693,0.23076923076923078,9,12,0.8,0.7058823529411765,0.29411764705882354,2,3
23,0.72,0.84,230.40000000000003,446,80,179,0,87,False,-1,none,0.3,0.81,0.81,0.48,0.72,0.61,0.6714285714285714,1.0,0.0,59,90,0.8,0.75,0.25,9,19,0.9,0.8235294117647058,0.17647058823529413,0,2
23,0.71,0.79,232.79999999999995,451,107,169,0,70,False,-1,none,0.3,0.82,0.81,0.64,0.78,0.5,0.6571428571428571,1.0,0.0,51,87,0.8,0.6666666666666666,0.3333333333333333,12,12,0.9,0.6,0.4,3,4
23,0.67,0.73,207.59999999999997,457,107,169,0,86,False,-1,none,0.3,0.83,0.85,0.54,0.77,0.5,0.6571428571428571,1.0,0.0,48,92,0.65,0.5333333333333333,0.4666666666666667,13,12,0.8,0.8333333333333334,0.16666666666666666,1,3
23,0.65,0.74,185.8,456,99,156,0,91,False,-1,none,0.3,0.81,0.78,0.48,0.74,0.48,0.6571428571428571,1.0,0.0,44,90,0.6,0.7058823529411765,0.29411764705882354,7,12,0.7,0.8181818181818182,0.18181818181818182,1,2
23,0.7,0.87,223.20000000000002,443,85,173,0,75,False,-1,none,0.3,0.82,0.77,0.53,0.72,0.61,0.7,1.0,0.0,59,91,0.65,0.9166666666666666,0.08333333333333333,4,11,0.8,0.8571428571428571,0.14285714285714285,1,7
23,0.76,0.88,257.99999999999994,442,96,183,0,83,False,-1,none,0.3,0.86,0.86,0.61,0.84,0.5,0.7285714285714285,1.0,0.0,53,93,0.8,0.5789473684210527,0.42105263157894735,15,13,0.9,0.7222222222222222,0.2777777777777778,4,5
23,0.7,0.9,252.0,440,84,175,0,71,True,4,Shigh,0.3,0.79,0.79,0.59,0.76,0.56,0.6857142857142857,1.0,0.0,56,90,0.7,0.7083333333333334,0.2916666666666667,8,11,0.8,0.6666666666666666,0.3333333333333333,3,7
23,0.66,0.77,224.39999999999995,453,95,155,0,73,False,-1,none,0.3,0.75,0.76,0.54,0.67,0.55,0.5571428571428572,1.0,0.0,43,79,0.95,0.6666666666666666,0.3333333333333333,14,14,0.8,0.7857142857142857,0.21428571428571427,2,3
23,0.67,0.81,192.95999999999998,449,98,150,0,81,True,1,Slow,0.3,0.8,0.75,0.55,0.72,0.47,0.6285714285714286,1.0,0.0,46,83,0.65,0.9047619047619048,0.09523809523809523,6,8,1.0,0.8125,0.1875,3,4
23,0.63,0.77,220.79999999999998,453,90,169,0,69,False,-1,none,0.3,0.75,0.8,0.58,0.72,0.51,0.5571428571428572,1.0,0.0,50,87,0.8,0.7727272727272727,0.22727272727272727,10,13,0.8,0.6875,0.3125,4,5
23,0.74,0.87,204.59999999999997,443,85,171,0,72,False,-1,none,0.3,0.78,0.78,0.57,0.75,0.55,0.7428571428571429,1.0,0.0,58,90,0.8,0.9166666666666666,0.08333333333333333,6,14,0.6,0.7272727272727273,0.2727272727272727,1,2
23,0.71,0.83,228.00000000000003,447,79,176,0,72,False,-1,none,0.3,0.75,0.79,0.51,0.75,0.58,0.6714285714285714,1.0,0.0,56,92,0.8,0.782608695652174,0.21739130434782608,5,16,0.8,0.6923076923076923,0.3076923076923077,5,2
23,0.63,0.69,192.59999999999994,461,114,161,0,81,False,-1,none,0.3,0.8,0.8,0.54,0.74,0.56,0.5571428571428572,1.0,0.0,43,89,0.8,0.7368421052631579,0.2631578947368421,9,13,0.8,0.6363636363636364,0.36363636363636365,5,2
23,0.56,0.73,203.33999999999997,457,114,145,0,78,True,4,Shigh,0.3,0.77,0.77,0.47,0.74,0.57,0.4857142857142857,0.9705882352941176,0.029411764705882353,34,87,0.65,0.8636363636363636,0.13636363636363635,5,13,0.9,0.7647058823529411,0.23529411764705882,0,6
23,0.71,0.86,234.72,444,93,162,0,79,True,3,Shigh,0.3,0.8,0.8,0.53,0.76,0.52,0.6285714285714286,1.0,0.0,44,86,0.9,0.7692307692307693,0.23076923076923078,11,14,0.9,0.75,0.25,4,3
23,0.69,0.79,224.39999999999992,451,85,176,0,70,False,-1,none,0.3,0.76,0.76,0.58,0.78,0.52,0.6857142857142857,1.0,0.0,57,93,0.65,0.7777777777777778,0.2222222222222222,6,12,0.8,0.6923076923076923,0.3076923076923077,3,5
23,0.65,0.75,213.59999999999997,455,91,159,0,95,False,-1,none,0.3,0.78,0.77,0.45,0.74,0.51,0.5857142857142857,1.0,0.0,46,86,0.8,0.8095238095238095,0.19047619047619047,4,14,0.8,0.6923076923076923,0.3076923076923077,3,6
23,0.62,0.71,185.99999999999997,459,86,174,0,74,False,-1,none,0.3,0.78,0.76,0.51,0.74,0.52,0.6571428571428571,1.0,0.0,59,91,0.6,0.8421052631578947,0.15789473684210525,8,12,0.4,0.8333333333333334,0.16666666666666666,0,4
23,0.69,0.83,227.99999999999997,447,93,177,0,77,False,-1,none,0.3,0.8,0.84,0.61,0.81,0.47,0.6142857142857143,1.0,0.0,62,82,0.8,0.8,0.2,7,16,1.0,0.8,0.2,3,7
23,0.67,0.79,206.39999999999995,451,101,158,0,67,False,-1,none,0.3,0.8,0.79,0.55,0.74,0.5,0.6142857142857143,1.0,0.0,51,83,0.8,0.7916666666666666,0.20833333333333334,9,13,0.8,0.5833333333333334,0.4166666666666667,0,2
23,0.65,0.71,202.79999999999995,459,71,167,0,76,False,-1,none,0.3,0.75,0.73,0.45,0.7,0.46,0.6428571428571429,1.0,0.0,53,83,0.8,0.7142857142857143,0.2857142857142857,9,15,0.4,0.4,0.6,5,2
23,0.64,0.71,207.39999999999995,459,90,175,0,74,False,-1,none,0.3,0.77,0.77,0.56,0.71,0.55,0.6142857142857143,1.0,0.0,51,90,0.7,0.5625,0.4375,16,11,0.7,0.6666666666666666,0.3333333333333333,1,6
23,0.68,0.83,217.19999999999996,447,87,175,0,85,False,-1,none,0.3,0.79,0.77,0.61,0.75,0.53,0.6571428571428571,1.0,0.0,57,91,0.7,0.8181818181818182,0.18181818181818182,11,11,0.8,0.9333333333333333,0.06666666666666667,0,5
23,0.7,0.81,223.2,449,96,158,0,90,False,-1,none,0.3,0.82,0.82,0.52,0.76,0.43,0.6714285714285714,1.0,0.0,51,84,0.75,0.8181818181818182,0.18181818181818182,7,11,0.8,0.6666666666666666,0.3333333333333333,4,1
23,0.73,0.83,231.60000000000002,447,61,185,0,86,False,-1,none,0.3,0.78,0.79,0.44,0.73,0.55,0.7142857142857143,1.0,0.0,56,93,0.85,0.75,0.25,16,13,0.6,0.6666666666666666,0.3333333333333333,2,5
23,0.63,0.8,192.71999999999997,450,87,144,0,79,True,0,Slow,0.3,0.72,0.71,0.46,0.7,0.52,0.5857142857142857,1.0,0.0,38,85,0.7,0.8695652173913043,0.13043478260869565,3,15,0.8,0.8125,0.1875,0,3
23,0.78,0.89,235.2,441,107,174,0,70,False,-1,none,0.3,0.85,0.85,0.6,0.81,0.59,0.7,1.0,0.0,53,95,1.0,0.88,0.12,5,17,0.9,0.8,0.2,3,1
23,0.6,0.73,167.59999999999997,457,83,159,0,65,False,-1,none,0.3,0.76,0.71,0.5,0.66,0.52,0.6285714285714286,1.0,0.0,47,92,0.5,0.875,0.125,5,11,0.6,1.0,0.0,0,4
23,0.75,0.94,261.6,436,86,201,0,84,False,-1,none,0.3,0.9,0.88,0.62,0.83,0.58,0.7,1.0,0.0,66,100,0.85,0.8076923076923077,0.19230769230769232,9,17,0.9,0.7368421052631579,0.2631578947368421,3,6
23,0.71,0.85,242.4,445,92,182,0,71,False,-1,none,0.3,0.81,0.83,0.55,0.76,0.64,0.6571428571428571,1.0,0.0,51,98,0.85,0.7692307692307693,0.23076923076923078,13,16,0.8,0.5384615384615384,0.46153846153846156,1,3
23,0.7,0.78,239.39999999999995,452,102,184,0,76,False,-1,none,0.3,0.84,0.81,0.62,0.77,0.6,0.6428571428571429,1.0,0.0,60,96,0.75,0.5,0.5,16,9,1.0,0.5384615384615384,0.46153846153846156,0,3
23,0.66,0.73,221.39999999999992,457,97,168,0,72,False,-1,none,0.3,0.79,0.8,0.5,0.72,0.57,0.6428571428571429,1.0,0.0,48,95,0.6,0.5714285714285714,0.42857142857142855,11,8,0.9,0.42857142857142855,0.5714285714285714,1,5
23,0.72,0.82,196.67999999999998,448,88,179,0,71,True,0,Slow,0.3,0.8,0.78,0.56,0.77,0.58,0.7,1.0,0.0,56,96,0.75,0.8181818181818182,0.18181818181818182,10,14,0.8,0.6363636363636364,0.36363636363636365,2,1
23,0.8,0.95,250.0,435,79,199,0,82,False,-1,none,0.3,0.85,0.89,0.62,0.81,0.56,0.8,1.0,0.0,73,97,0.8,0.7391304347826086,0.2608695652173913,9,13,0.8,0.6875,0.3125,2,5
24,0.6,0.83,168.00000000000003,447,127,125,0,80,False,-1,none,0.3,0.79,0.8,0.51,0.71,0.54,0.5285714285714286,1.0,0.0,26,86,0.75,0.7916666666666666,0.20833333333333334,3,7,0.8,0.6666666666666666,0.3333333333333333,0,3
24,0.67,0.94,199.97999999999993,436,112,144,0,85,True,2,Slow,0.3,0.83,0.8,0.59,0.72,0.56,0.6428571428571429,1.0,0.0,39,89,0.65,0.8333333333333334,0.16666666666666666,4,8,0.9,0.5789473684210527,0.42105263157894735,1,3
24,0.67,0.77,190.0,453,96,174,0,83,False,-1,none,0.3,0.83,0.84,0.5,0.78,0.52,0.6285714285714286,1.0,0.0,51,95,0.75,0.75,0.25,11,15,0.8,0.6923076923076923,0.3076923076923077,2,0
24,0.62,0.74,189.20000000000005,456,99,171,0,66,False,-1,none,0.3,0.79,0.81,0.53,0.78,0.53,0.5714285714285714,1.0,0.0,52,92,0.75,0.8571428571428571,0.14285714285714285,3,16,0.7,0.7692307692307693,0.23076923076923078,4,4
24,0.64,0.73,194.39999999999998,457,103,179,0,80,False,-1,none,0.3,0.83,0.83,0.61,0.78,0.5,0.6,1.0,0.0,60,90,0.7,1.0,0.0,0,22,0.8,0.6923076923076923,0.3076923076923077,3,4
24,0.64,0.77,193.40000000000003,453,99,160,0,89,False,-1,none,0.3,0.81,0.78,0.5,0.77,0.5,0.6428571428571429,1.0,0.0,52,94,0.6,0.8421052631578947,0.15789473684210525,4,10,0.7,0.7692307692307693,0.23076923076923078,0,0
24,0.65,0.78,221.39999999999998,452,86,178,0,73,False,-1,none,0.3,0.78,0.8,0.59,0.68,0.57,0.5857142857142857,1.0,0.0,59,86,0.85,0.8,0.2,9,17,0.7,0.6666666666666666,0.3333333333333333,5,2
24,0.58,0.72,197.39999999999998,458,80,170,0,73,False,-1,none,0.3,0.74,0.71,0.5,0.75,0.52,0.5142857142857142,1.0,0.0,47,89,0.85,0.8518518518518519,0.14814814814814814,12,16,0.5,0.6666666666666666,0.3333333333333333,3,3
24,0.57,0.71,189.59999999999994,459,100,162,0,72,False,-1,none,0.3,0.73,0.78,0.58,0.73,0.51,0.5,1.0,0.0,45,90,0.7,0.9,0.1,5,13,0.8,0.8125,0.1875,4,5
24,0.73,0.89,224.60000000000002,441,81,182,0,58,False,-1,none,0.3,0.8,0.75,0.64,0.76,0.57,0.7142857142857143,1.0,0.0,61,98,0.85,0.8518518518518519,0.14814814814814814,6,14,0.6,0.75,0.25,0,3
24,0.66,0.73,211.19999999999993,457,87,179,0,76,False,-1,none,0.3,0.76,0.75,0.6,0.73,0.55,0.6857142857142857,1.0,0.0,63,94,0.6,0.5,0.5,10,9,0.6,0.8181818181818182,0.18181818181818182,0,3
24,0.62,0.72,199.19999999999996,458,101,170,0,82,False,-1,none,0.3,0.77,0.81,0.53,0.79,0.53,0.5428571428571428,1.0,0.0,50,95,0.85,0.8695652173913043,0.13043478260869565,6,13,0.7,0.6363636363636364,0.36363636363636365,3,3
24,0.69,0.82,221.28,448,101,169,0,83,True,0,Slow,0.3,0.83,0.82,0.54,0.76,0.57,0.6285714285714286,1.0,0.0,50,86,0.75,0.7619047619047619,0.23809523809523808,6,20,1.0,0.6470588235294118,0.35294117647058826,2,5
24,0.71,0.84,228.0,446,106,176,0,74,False,-1,none,0.3,0.83,0.86,0.58,0.79,0.6,0.6857142857142857,1.0,0.0,57,94,0.75,0.8636363636363636,0.13636363636363635,6,14,0.8,0.5714285714285714,0.42857142857142855,2,3
24,0.68,0.75,195.59999999999997,455,108,190,0,72,False,-1,none,0.3,0.83,0.87,0.57,0.88,0.58,0.6714285714285714,1.0,0.0,64,107,0.7,0.9444444444444444,0.05555555555555555,0,15,0.7,0.7,0.3,2,2
24,0.59,0.74,200.39999999999995,456,100,171,0,65,False,-1,none,0.3,0.78,0.79,0.52,0.75,0.61,0.5142857142857142,1.0,0.0,48,89,0.8,0.92,0.08,6,22,0.7,0.6923076923076923,0.3076923076923077,2,4
24,0.66,0.77,211.19999999999996,453,106,180,0,72,False,-1,none,0.3,0.82,0.84,0.62,0.8,0.55,0.6142857142857143,1.0,0.0,59,92,0.75,0.75,0.25,9,17,0.8,0.7,0.3,1,2
24,0.65,0.77,207.2,453,88,162,0,73,False,-1,none,0.3,0.77,0.75,0.57,0.66,0.52,0.6142857142857143,1.0,0.0,57,80,0.7,0.75,0.25,6,14,0.8,0.5,0.5,1,4
24,0.59,0.68,199.19999999999996,462,90,157,0,75,False,-1,none,0.3,0.77,0.74,0.51,0.64,0.49,0.5285714285714286,1.0,0.0,49,78,0.7,0.7058823529411765,0.29411764705882354,9,14,0.8,0.7142857142857143,0.2857142857142857,2,5
24,0.7,0.8,209.99999999999997,450,90,187,0,78,False,-1,none,0.3,0.81,0.83,0.59,0.81,0.53,0.6428571428571429,1.0,0.0,66,95,0.95,0.8,0.2,6,18,0.6,1.0,0.0,0,2
24,0.63,0.74,203.99999999999997,456,97,156,0,83,False,-1,none,0.3,0.78,0.81,0.47,0.71,0.5,0.6,1.0,0.0,47,85,0.7,0.75,0.25,8,14,0.7,0.8333333333333334,0.16666666666666666,0,2
24,0.59,0.75,205.19999999999996,455,95,191,0,69,False,-1,none,0.3,0.82,0.84,0.59,0.79,0.57,0.5428571428571428,1.0,0.0,60,101,0.7,0.8636363636363636,0.13636363636363635,7,16,0.7,0.7333333333333333,0.26666666666666666,3,4
24,0.63,0.77,221.99999999999997,453,97,183,0,83,False,-1,none,0.3,0.83,0.81,0.49,0.78,0.66,0.5714285714285714,1.0,0.0,51,98,0.65,0.7647058823529411,0.23529411764705882,7,15,1.0,0.7,0.3,7,5
24,0.64,0.79,212.79999999999998,451,82,156,0,73,False,-1,none,0.3,0.76,0.75,0.53,0.66,0.47,0.5857142857142857,1.0,0.0,51,77,0.8,0.7916666666666666,0.20833333333333334,9,16,0.7,0.6428571428571429,0.35714285714285715,0,3
24,0.69,0.81,241.19999999999993,449,119,179,0,76,False,-1,none,0.3,0.88,0.88,0.67,0.79,0.57,0.6142857142857143,1.0,0.0,54,97,0.85,0.6818181818181818,0.3181818181818182,10,10,0.9,0.625,0.375,4,4
24,0.66,0.77,205.40000000000003,453,79,172,0,77,False,-1,none,0.3,0.73,0.8,0.51,0.74,0.5,0.6428571428571429,1.0,0.0,61,86,0.7,0.7647058823529411,0.23529411764705882,5,13,0.7,0.7333333333333333,0.26666666666666666,4,3
24,0.68,0.76,220.19999999999996,454,115,170,0,79,False,-1,none,0.3,0.83,0.82,0.59,0.82,0.55,0.6,1.0,0.0,45,92,0.9,0.65,0.35,9,15,0.8,0.6428571428571429,0.35714285714285715,5,4
24,0.67,0.77,221.39999999999995,453,89,175,0,84,False,-1,none,0.3,0.81,0.8,0.48,0.81,0.51,0.6142857142857143,1.0,0.0,47,91,0.75,0.7,0.3,17,13,0.9,0.6428571428571429,0.35714285714285715,2,5
24,0.67,0.82,233.99999999999994,448,87,180,0,81,False,-1,none,0.3,0.82,0.83,0.56,0.76,0.52,0.6142857142857143,1.0,0.0,59,87,0.85,0.6923076923076923,0.3076923076923077,15,14,0.7,0.7692307692307693,0.23076923076923078,1,4
24,0.64,0.74,214.19999999999996,456,69,171,0,81,False,-1,none,0.3,0.73,0.75,0.43,0.71,0.52,0.5714285714285714,1.0,0.0,59,83,0.8,0.7,0.3,12,11,0.8,0.6428571428571429,0.35714285714285715,1,5
24,0.68,0.78,210.60000000000002,452,96,169,0,72,False,-1,none,0.3,0.75,0.8,0.5,0.76,0.62,0.6714285714285714,1.0,0.0,50,96,0.75,0.7391304347826086,0.2608695652173913,9,12,0.6,0.625,0.375,0,2
24,0.68,0.81,225.59999999999997,449,91,180,0,78,False,-1,none,0.3,0.79,0.82,0.54,0.76,0.61,0.6,1.0,0.0,49,98,0.85,0.65,0.35,12,14,0.9,0.7368421052631579,0.2631578947368421,2,5
24,0.78,0.85,223.07999999999998,445,82,184,0,84,True,1,Slow,0.3,0.82,0.85,0.52,0.76,0.56,0.7714285714285715,1.0,0.0,59,92,0.75,0.47058823529411764,0.5294117647058824,19,11,0.9,0.7142857142857143,0.2857142857142857,1,2
24,0.75,0.94,244.91999999999996,436,104,185,0,67,True,0,Slow,0.3,0.87,0.9,0.65,0.83,0.58,0.6857142857142857,1.0,0.0,59,96,0.85,0.7037037037037037,0.2962962962962963,14,12,1.0,0.6842105263157895,0.3157894736842105,1,3
24,0.72,0.79,224.59999999999997,451,90,173,0,83,False,-1,none,0.3,0.8,0.8,0.52,0.79,0.51,0.6857142857142857,1.0,0.0,53,91,0.8,0.75,0.25,11,16,0.8,0.45454545454545453,0.5454545454545454,0,2
24,0.72,0.89,241.2,441,81,187,0,63,True,3,Shigh,0.3,0.81,0.83,0.56,0.78,0.59,0.7142857142857143,1.0,0.0,68,94,0.7,0.6818181818181818,0.3181818181818182,7,10,0.8,0.5882352941176471,0.4117647058823529,3,5
24,0.65,0.77,217.2,453,94,156,0,83,False,-1,none,0.3,0.8,0.77,0.42,0.74,0.54,0.6285714285714286,1.0,0.0,48,88,0.65,0.7368421052631579,0.2631578947368421,7,9,0.8,0.5714285714285714,0.42857142857142855,1,3
24,0.72,0.78,204.83999999999997,452,113,176,0,78,True,1,Slow,0.3,0.86,0.85,0.61,0.74,0.61,0.6857142857142857,1.0,0.0,57,92,0.85,0.7,0.3,10,10,0.7,0.4,0.6,3,4
24,0.7,0.82,202.00000000000003,448,111,185,0,72,False,-1,none,0.3,0.88,0.85,0.63,0.84,0.58,0.6571428571428571,1.0,0.0,59,103,0.8,0.84,0.16,6,13,0.8,0.5454545454545454,0.45454545454545453,1,3
24,0.64,0.7,211.59999999999997,460,96,177,0,82,False,-1,none,0.3,0.82,0.83,0.51,0.8,0.47,0.6428571428571429,1.0,0.0,53,92,0.7,0.375,0.625,15,15,0.5,0.5555555555555556,0.4444444444444444,2,0
24,0.66,0.77,212.99999999999997,453,105,184,0,64,False,-1,none,0.3,0.83,0.83,0.6,0.79,0.61,0.6,1.0,0.0,55,103,0.8,0.8260869565217391,0.17391304347826086,8,18,0.8,0.6666666666666666,0.3333333333333333,0,0
24,0.68,0.79,230.4,451,109,179,0,58,False,-1,none,0.3,0.84,0.8,0.61,0.81,0.61,0.6285714285714286,1.0,0.0,58,96,0.7,0.5625,0.4375,10,11,1.0,0.6842105263157895,0.3157894736842105,0,4
24,0.66,0.76,220.2,454,94,188,0,72,False,-1,none,0.3,0.83,0.82,0.59,0.78,0.56,0.5857142857142857,1.0,0.0,57,97,0.9,0.782608695652174,0.21739130434782608,11,17,0.7,0.5,0.5,2,4
24,0.68,0.77,234.59999999999997,453,88,159,0,76,False,-1,none,0.3,0.75,0.76,0.53,0.69,0.51,0.6571428571428571,1.0,0.0,53,82,0.8,0.5714285714285714,0.42857142857142855,10,12,0.6,0.4,0.6,0,2
24,0.62,0.73,203.04,457,100,170,0,72,True,0,Slow,0.3,0.79,0.78,0.61,0.73,0.52,0.6,1.0,0.0,58,92,0.6,0.5882352941176471,0.4117647058823529,7,10,0.8,0.5714285714285714,0.42857142857142855,1,2
24,0.66,0.73,201.59999999999994,457,90,162,0,85,False,-1,none,0.3,0.76,0.76,0.53,0.71,0.49,0.6428571428571429,1.0,0.0,56,87,0.65,0.7857142857142857,0.21428571428571427,6,12,0.8,0.7142857142857143,0.2857142857142857,0,1
24,0.64,0.82,228.0,448,109,177,0,82,False,-1,none,0.3,0.85,0.82,0.55,0.85,0.61,0.5571428571428572,1.0,0.0,44,106,0.75,0.8095238095238095,0.19047619047619047,8,15,1.0,0.7727272727272727,0.22727272727272727,3,1
24,0.65,0.76,216.59999999999997,454,109,151,0,79,False,-1,none,0.3,0.8,0.79,0.48,0.7,0.59,0.6142857142857143,1.0,0.0,47,82,0.7,0.75,0.25,9,7,0.8,0.6153846153846154,0.38461538461538464,1,5
24,0.71,0.85,200.04000000000002,445,91,154,0,90,True,1,Slow,0.3,0.78,0.82,0.49,0.76,0.45,0.7,1.0,0.0,50,85,0.75,0.6818181818181818,0.3181818181818182,8,10,0.7,0.7142857142857143,0.2857142857142857,0,1
24,0.68,0.8,212.39999999999998,450,98,166,0,66,False,-1,none,0.3,0.81,0.78,0.56,0.74,0.55,0.6857142857142857,1.0,0.0,48,97,0.75,0.75,0.25,7,13,0.5,0.5,0.5,0,1
24,0.65,0.77,201.0,453,100,166,0,82,True,0,Slow,0.3,0.82,0.78,0.49,0.74,0.6,0.5857142857142857,1.0,0.0,49,88,0.8,0.75,0.25,7,15,0.8,0.5625,0.4375,1,6
24,0.65,0.76,216.59999999999997,454,113,181,0,60,False,-1,none,0.3,0.84,0.84,0.66,0.78,0.58,0.6142857142857143,1.0,0.0,60,98,0.75,0.7619047619047619,0.23809523809523808,5,13,0.7,0.5833333333333334,0.4166666666666667,1,4
24,0.66,0.79,223.2,451,88,180,0,73,False,-1,none,0.3,0.79,0.83,0.55,0.77,0.53,0.5857142857142857,1.0,0.0,62,88,0.8,0.8,0.2,7,19,0.9,0.6153846153846154,0.38461538461538464,1,3
24,0.67,0.8,228.59999999999997,450,85,165,0,75,False,-1,none,0.3,0.74,0.77,0.53,0.75,0.51,0.6142857142857143,1.0,0.0,57,89,0.75,0.7619047619047619,0.23809523809523808,4,7,0.9,0.625,0.375,4,4
24,0.61,0.73,214.79999999999995,457,98,160,0,89,False,-1,none,0.3,0.75,0.83,0.48,0.8,0.45,0.5285714285714286,1.0,0.0,46,81,0.75,0.7368421052631579,0.2631578947368421,12,14,0.9,0.6470588235294118,0.35294117647058826,3,4
24,0.77,0.91,246.4,439,101,191,0,92,False,-1,none,0.3,0.91,0.88,0.55,0.87,0.62,0.7,1.0,0.0,58,101,0.95,0.8,0.2,6,18,0.9,0.7058823529411765,0.29411764705882354,4,4
24,0.64,0.75,212.99999999999997,455,82,175,0,73,False,-1,none,0.3,0.78,0.77,0.53,0.76,0.48,0.6,1.0,0.0,62,88,0.7,0.7368421052631579,0.2631578947368421,10,10,0.8,0.6428571428571429,0.35714285714285715,3,2
24,0.78,0.91,236.4,439,66,198,0,90,False,-1,none,0.3,0.81,0.82,0.55,0.83,0.54,0.8142857142857143,1.0,0.0,70,100,0.7,0.6111111111111112,0.3888888888888889,11,12,0.7,0.875,0.125,1,4
24,0.64,0.78,212.39999999999995,452,99,173,0,75,False,-1,none,0.3,0.8,0.82,0.54,0.79,0.55,0.6142857142857143,1.0,0.0,51,98,0.75,0.782608695652174,0.21739130434782608,7,13,0.6,0.8333333333333334,0.16666666666666666,2,2
24,0.61,0.69,188.99999999999994,461,82,166,0,78,False,-1,none,0.3,0.75,0.74,0.52,0.68,0.48,0.6,1.0,0.0,61,84,0.7,0.7368421052631579,0.2631578947368421,9,10,0.5,0.75,0.25,0,2
24,0.68,0.8,193.07999999999998,450,99,157,0,84,True,0,Slow,0.3,0.81,0.8,0.53,0.77,0.45,0.6857142857142857,1.0,0.0,47,89,0.7,0.8,0.2,7,12,0.6,0.75,0.25,0,2
24,0.68,0.83,231.83999999999997,447,101,175,0,66,True,2,Slow,0.3,0.82,0.82,0.63,0.76,0.56,0.6142857142857143,1.0,0.0,54,87,0.8,0.6956521739130435,0.30434782608695654,10,15,0.9,0.5882352941176471,0.4117647058823529,3,6
24,0.63,0.77,214.79999999999998,453,83,169,0,86,False,-1,none,0.3,0.81,0.78,0.5,0.75,0.45,0.6142857142857143,1.0,0.0,52,87,0.7,0.6666666666666666,0.3333333333333333,13,10,0.6,0.8461538461538461,0.15384615384615385,1,6
24,0.67,0.8,210.48000000000002,450,85,181,0,79,True,2,Slow,0.3,0.81,0.83,0.53,0.71,0.58,0.6428571428571429,1.0,0.0,61,91,0.75,0.8260869565217391,0.17391304347826086,8,16,0.7,0.6666666666666666,0.3333333333333333,2,3
24,0.64,0.81,205.0,449,113,180,0,76,False,-1,none,0.3,0.83,0.86,0.64,0.82,0.59,0.5857142857142857,1.0,0.0,55,97,0.75,0.76,0.24,10,12,0.8,0.8,0.2,2,4
24,0.63,0.78,195.0,452,90,168,0,74,False,-1,none,0.3,0.81,0.77,0.48,0.74,0.56,0.5857142857142857,1.0,0.0,47,95,0.8,0.8076923076923077,0.19230769230769232,8,11,0.6,0.6363636363636364,0.36363636363636365,3,4
25,0.64,0.85,174.40000000000003,445,121,134,0,75,False,-1,none,0.3,0.77,0.78,0.55,0.77,0.53,0.6428571428571429,1.0,0.0,28,94,0.65,0.7,0.3,4,5,0.6,0.625,0.375,0,3
25,0.7,0.84,190.79999999999998,446,102,165,0,69,False,-1,none,0.3,0.81,0.8,0.53,0.77,0.6,0.6714285714285714,1.0,0.0,46,95,0.75,0.7619047619047619,0.23809523809523808,6,13,0.8,0.625,0.375,0,5
25,0.68,0.87,199.2,443,90,170,0,68,True,3,Shigh,0.3,0.82,0.77,0.56,0.75,0.57,0.6428571428571429,1.0,0.0,55,101,0.75,0.8148148148148148,0.18518518518518517,3,6,0.8,0.7333333333333333,0.26666666666666666,1,4
25,0.68,0.77,195.80000000000004,453,102,165,0,71,False,-1,none,0.3,0.8,0.8,0.55,0.77,0.52,0.6714285714285714,1.0,0.0,47,93,0.6,0.8125,0.1875,8,13,0.9,0.7857142857142857,0.21428571428571427,3,1
25,0.67,0.74,184.79999999999995,456,89,178,0,74,True,0,Slow,0.3,0.81,0.8,0.45,0.76,0.59,0.6428571428571429,1.0,0.0,49,100,0.7,0.9444444444444444,0.05555555555555555,3,21,0.8,0.5454545454545454,0.45454545454545453,3,2
25,0.75,0.86,221.40000000000006,444,85,206,0,53,False,-1,none,0.3,0.81,0.84,0.71,0.8,0.61,0.7428571428571429,1.0,0.0,65,103,0.75,0.6666666666666666,0.3333333333333333,17,13,0.8,0.6923076923076923,0.3076923076923077,5,3
25,0.68,0.8,187.2,450,97,182,0,91,False,-1,none,0.3,0.84,0.84,0.56,0.82,0.53,0.6428571428571429,1.0,0.0,58,95,0.85,0.8,0.2,8,17,0.6,0.7,0.3,3,1
25,0.67,0.79,199.8,451,84,156,0,81,False,-1,none,0.3,0.76,0.73,0.55,0.68,0.47,0.6285714285714286,1.0,0.0,45,81,0.85,0.8695652173913043,0.13043478260869565,7,20,0.6,0.75,0.25,2,1
25,0.73,0.88,200.33999999999995,442,94,173,0,80,True,0,Slow,0.3,0.79,0.83,0.61,0.78,0.54,0.7,1.0,0.0,55,91,0.8,0.76,0.24,6,16,0.8,0.7142857142857143,0.2857142857142857,1,4
25,0.73,0.87,211.80000000000004,443,99,181,0,88,False,-1,none,0.3,0.87,0.84,0.64,0.8,0.52,0.7,1.0,0.0,58,96,0.8,0.92,0.08,5,14,0.8,0.8461538461538461,0.15384615384615385,1,7
25,0.7,0.8,218.60000000000002,450,105,175,0,60,False,-1,none,0.3,0.83,0.8,0.55,0.79,0.63,0.6857142857142857,1.0,0.0,54,96,0.65,0.625,0.375,9,9,0.9,0.6875,0.3125,2,5
25,0.76,0.83,236.0,447,108,185,0,89,False,-1,none,0.3,0.87,0.85,0.55,0.86,0.63,0.7428571428571429,1.0,0.0,47,101,0.7,0.4666666666666667,0.5333333333333333,12,14,1.0,0.625,0.375,5,6
25,0.73,0.85,212.79999999999998,445,90,172,0,78,False,-1,none,0.3,0.79,0.81,0.58,0.79,0.5,0.6714285714285714,1.0,0.0,56,89,0.9,0.8461538461538461,0.15384615384615385,9,12,0.8,0.6666666666666666,0.3333333333333333,2,4
25,0.68,0.86,228.76000000000002,444,99,152,0,83,True,3,Shigh,0.3,0.81,0.79,0.49,0.73,0.55,0.5857142857142857,1.0,0.0,48,85,0.9,0.6785714285714286,0.32142857142857145,8,7,0.9,0.47058823529411764,0.5294117647058824,3,1
25,0.72,0.86,242.55999999999997,444,97,178,0,74,True,4,Shigh,0.3,0.82,0.84,0.56,0.77,0.62,0.6571428571428571,1.0,0.0,46,91,0.85,0.6296296296296297,0.37037037037037035,18,14,0.9,0.6153846153846154,0.38461538461538464,6,3
25,0.74,0.94,239.80000000000004,436,100,167,0,79,False,-1,none,0.3,0.84,0.86,0.59,0.77,0.55,0.6714285714285714,1.0,0.0,49,89,0.9,0.8928571428571429,0.10714285714285714,4,14,0.9,0.8421052631578947,0.15789473684210525,4,7
25,0.69,0.79,209.0,451,88,174,0,74,False,-1,none,0.3,0.78,0.8,0.57,0.78,0.48,0.6714285714285714,1.0,0.0,63,92,0.75,0.7894736842105263,0.21052631578947367,4,12,0.7,0.7692307692307693,0.23076923076923078,0,3
25,0.69,0.8,208.19999999999996,450,90,172,0,68,True,4,Shigh,0.3,0.78,0.77,0.55,0.72,0.6,0.6857142857142857,1.0,0.0,57,93,0.8,0.8260869565217391,0.17391304347826086,4,13,0.5,0.5555555555555556,0.4444444444444444,4,1
25,0.71,0.83,218.0,447,86,173,0,73,False,-1,none,0.3,0.76,0.78,0.54,0.7,0.64,0.6857142857142857,1.0,0.0,52,93,0.7,0.8333333333333334,0.16666666666666666,5,13,0.9,0.7647058823529411,0.23529411764705882,4,6
25,0.72,0.85,246.6,445,90,163,0,82,False,-1,none,0.3,0.77,0.76,0.57,0.73,0.55,0.6857142857142857,1.0,0.0,42,88,0.8,0.6818181818181818,0.3181818181818182,14,15,0.8,0.5333333333333333,0.4666666666666667,3,1
25,0.69,0.91,237.28,439,76,161,0,77,True,2,Slow,0.3,0.74,0.77,0.55,0.74,0.48,0.6571428571428571,1.0,0.0,51,83,0.7,0.8461538461538461,0.15384615384615385,6,13,0.9,0.631578947368421,0.3684210526315789,4,4
25,0.79,0.89,238.12,441,90,192,0,74,True,1,Slow,0.3,0.86,0.85,0.54,0.81,0.65,0.7857142857142857,1.0,0.0,51,107,0.75,0.5882352941176471,0.4117647058823529,14,13,0.9,0.5882352941176471,0.4117647058823529,3,4
25,0.71,0.8,195.15999999999997,450,107,159,0,69,True,0,Slow,0.3,0.82,0.8,0.6,0.71,0.53,0.7285714285714285,1.0,0.0,53,87,0.65,0.8235294117647058,0.17647058823529413,4,11,0.7,0.5,0.5,1,3
25,0.77,0.93,239.86,437,75,192,0,70,True,2,Slow,0.3,0.82,0.82,0.59,0.78,0.59,0.7428571428571429,1.0,0.0,61,98,0.85,0.7692307692307693,0.23076923076923078,7,19,0.8,0.6,0.4,6,1
25,0.64,0.82,206.0,448,76,157,0,60,False,-1,none,0.3,0.7,0.72,0.55,0.64,0.54,0.5714285714285714,1.0,0.0,52,75,0.75,0.88,0.12,5,17,0.9,0.7058823529411765,0.29411764705882354,3,5
25,0.66,0.79,191.91999999999996,451,82,165,0,64,True,0,Slow,0.3,0.76,0.71,0.53,0.72,0.54,0.6142857142857143,1.0,0.0,53,86,0.75,0.7272727272727273,0.2727272727272727,9,14,0.8,0.7857142857142857,0.21428571428571427,1,2
25,0.68,0.84,219.8,446,84,173,0,69,False,-1,none,0.3,0.77,0.79,0.59,0.75,0.51,0.6428571428571429,1.0,0.0,56,91,0.7,0.8095238095238095,0.19047619047619047,6,15,0.9,0.8333333333333334,0.16666666666666666,1,4
25,0.76,0.91,240.60000000000005,439,87,173,0,69,False,-1,none,0.3,0.81,0.79,0.58,0.76,0.57,0.7285714285714285,1.0,0.0,54,86,0.85,0.8888888888888888,0.1111111111111111,5,19,0.8,0.6923076923076923,0.3076923076923077,3,6
25,0.74,0.84,219.79999999999998,446,92,188,0,81,False,-1,none,0.3,0.83,0.86,0.6,0.72,0.63,0.7428571428571429,1.0,0.0,61,95,0.65,0.75,0.25,10,12,0.9,0.8125,0.1875,2,8
25,0.65,0.77,203.79999999999998,453,94,161,0,73,False,-1,none,0.3,0.75,0.81,0.51,0.74,0.51,0.6,1.0,0.0,44,86,0.85,0.9166666666666666,0.08333333333333333,5,21,0.6,0.7272727272727273,0.2727272727272727,1,4
25,0.66,0.84,233.4,446,107,169,0,80,True,3,Shigh,0.3,0.85,0.85,0.57,0.82,0.51,0.6,1.0,0.0,47,94,0.8,0.6538461538461539,0.34615384615384615,11,13,0.8,0.625,0.375,3,1
25,0.67,0.8,206.79999999999998,450,96,162,0,87,False,-1,none,0.3,0.8,0.8,0.5,0.74,0.54,0.6428571428571429,1.0,0.0,43,93,0.65,0.85,0.15,7,11,0.9,0.6,0.4,4,4
25,0.68,0.8,223.42,450,102,186,0,72,True,3,Shigh,0.3,0.85,0.82,0.62,0.83,0.56,0.6285714285714286,1.0,0.0,51,104,0.8,0.4090909090909091,0.5909090909090909,21,7,0.8,0.8571428571428571,0.14285714285714285,0,3
25,0.73,0.83,201.8,447,95,171,0,81,False,-1,none,0.3,0.8,0.81,0.55,0.78,0.55,0.7142857142857143,1.0,0.0,54,94,0.7,0.7777777777777778,0.2222222222222222,6,10,0.9,0.6666666666666666,0.3333333333333333,1,6
25,0.76,0.91,248.20000000000002,439,84,192,0,73,False,-1,none,0.3,0.82,0.83,0.67,0.81,0.54,0.7285714285714285,1.0,0.0,65,99,0.75,0.7727272727272727,0.22727272727272727,7,12,1.0,0.6666666666666666,0.3333333333333333,5,4
25,0.7,0.92,213.22000000000003,438,101,187,0,70,True,3,Shigh,0.3,0.83,0.9,0.59,0.84,0.64,0.6714285714285714,1.0,0.0,55,109,0.8,0.7857142857142857,0.21428571428571427,7,10,0.7,0.6470588235294118,0.35294117647058826,2,4
25,0.73,0.91,232.80000000000004,439,83,174,0,77,False,-1,none,0.3,0.82,0.8,0.55,0.79,0.52,0.6714285714285714,1.0,0.0,54,88,0.9,0.8787878787878788,0.12121212121212122,7,22,0.8,0.8181818181818182,0.18181818181818182,1,2
25,0.67,0.9,190.60000000000005,440,90,143,0,87,False,-1,none,0.3,0.75,0.77,0.48,0.72,0.51,0.5857142857142857,1.0,0.0,35,83,0.9,0.896551724137931,0.10344827586206896,3,15,0.8,0.7058823529411765,0.29411764705882354,3,4
25,0.67,0.78,207.59999999999997,452,91,172,0,79,False,-1,none,0.3,0.77,0.78,0.56,0.74,0.56,0.6571428571428571,1.0,0.0,52,97,0.55,0.9375,0.0625,3,11,1.0,0.625,0.375,4,5
25,0.68,0.8,193.16,450,103,170,0,77,True,1,Slow,0.3,0.82,0.82,0.58,0.74,0.57,0.7,1.0,0.0,51,96,0.75,0.7727272727272727,0.22727272727272727,4,17,0.4,0.7777777777777778,0.2222222222222222,2,0
25,0.63,0.7,186.19999999999993,460,96,175,0,84,False,-1,none,0.3,0.77,0.81,0.48,0.78,0.57,0.6571428571428571,1.0,0.0,56,99,0.5,0.7692307692307693,0.23076923076923078,5,9,0.7,0.7272727272727273,0.2727272727272727,2,4
25,0.69,0.77,201.99999999999994,453,105,173,0,75,False,-1,none,0.3,0.8,0.82,0.54,0.76,0.63,0.6857142857142857,1.0,0.0,50,98,0.65,0.8823529411764706,0.11764705882352941,2,14,0.8,0.6666666666666666,0.3333333333333333,4,5
25,0.76,0.88,225.0,442,93,172,0,72,False,-1,none,0.3,0.84,0.83,0.55,0.76,0.55,0.7714285714285715,1.0,0.0,53,97,0.65,1.0,0.0,0,14,0.9,0.6,0.4,4,4
25,0.64,0.78,197.79999999999998,452,77,156,0,84,False,-1,none,0.3,0.76,0.75,0.45,0.69,0.46,0.6285714285714286,1.0,0.0,46,83,0.75,0.92,0.08,4,16,0.5,0.5555555555555556,0.4444444444444444,5,2
25,0.68,0.84,230.39999999999998,446,95,172,0,79,False,-1,none,0.3,0.84,0.81,0.56,0.76,0.54,0.6428571428571429,1.0,0.0,52,91,0.75,0.8076923076923077,0.19230769230769232,11,13,0.8,0.6923076923076923,0.3076923076923077,2,3
25,0.78,0.92,232.2,438,80,201,0,72,False,-1,none,0.3,0.82,0.84,0.67,0.81,0.59,0.7714285714285715,1.0,0.0,64,99,0.9,0.8928571428571429,0.10714285714285714,11,22,0.6,0.6,0.4,3,2
25,0.73,0.9,247.79999999999998,440,95,188,0,67,False,-1,none,0.3,0.84,0.86,0.64,0.82,0.57,0.6857142857142857,1.0,0.0,60,89,0.75,0.6818181818181818,0.3181818181818182,12,11,1.0,0.6,0.4,7,9
25,0.67,0.79,222.59999999999997,451,82,167,0,72,False,-1,none,0.3,0.78,0.78,0.55,0.72,0.45,0.6714285714285714,1.0,0.0,63,83,0.6,0.8333333333333334,0.16666666666666666,1,9,0.8,0.5714285714285714,0.42857142857142855,7,4
25,0.68,0.84,226.2,446,89,168,0,69,False,-1,none,0.3,0.79,0.8,0.55,0.72,0.55,0.6142857142857143,1.0,0.0,53,86,0.85,0.8888888888888888,0.1111111111111111,7,13,0.8,0.7142857142857143,0.2857142857142857,4,5
25,0.65,0.8,215.99999999999994,450,115,166,0,74,False,-1,none,0.3,0.84,0.8,0.63,0.79,0.55,0.6142857142857143,1.0,0.0,43,95,0.75,0.7272727272727273,0.2727272727272727,11,12,0.7,0.8666666666666667,0.13333333333333333,0,5
25,0.67,0.76,214.79999999999995,454,111,176,0,72,False,-1,none,0.3,0.82,0.83,0.57,0.81,0.6,0.6,1.0,0.0,48,101,0.8,0.6666666666666666,0.3333333333333333,14,11,0.9,0.7692307692307693,0.23076923076923078,1,1
25,0.67,0.79,207.40000000000003,451,93,171,0,77,False,-1,none,0.3,0.82,0.78,0.48,0.81,0.54,0.6571428571428571,1.0,0.0,45,95,0.75,0.8636363636363636,0.13636363636363635,5,18,0.6,0.45454545454545453,0.5454545454545454,6,2
25,0.65,0.77,197.39999999999998,453,97,156,0,90,False,-1,none,0.3,0.76,0.79,0.49,0.69,0.57,0.6285714285714286,1.0,0.0,48,88,0.65,0.8235294117647058,0.17647058823529413,5,11,0.8,0.75,0.25,1,3
25,0.77,0.91,242.99999999999997,439,87,202,0,65,False,-1,none,0.3,0.89,0.81,0.7,0.79,0.61,0.7857142857142857,1.0,0.0,63,103,0.75,0.8181818181818182,0.18181818181818182,10,16,0.7,0.7857142857142857,0.21428571428571427,4,6
25,0.64,0.75,213.60000000000002,455,98,176,0,71,False,-1,none,0.3,0.82,0.78,0.52,0.82,0.55,0.6,1.0,0.0,50,93,0.75,0.65,0.35,13,17,0.7,0.7692307692307693,0.23076923076923078,0,3
25,0.7,0.77,199.44,453,85,161,0,97,True,2,Slow,0.3,0.79,0.79,0.43,0.74,0.48,0.7428571428571429,1.0,0.0,51,92,0.6,0.8666666666666667,0.13333333333333333,2,13,0.6,0.6,0.4,1,2
25,0.72,0.84,217.79999999999998,446,82,175,0,79,False,-1,none,0.3,0.77,0.8,0.53,0.73,0.58,0.6571428571428571,1.0,0.0,50,90,0.9,0.8,0.2,8,18,0.8,0.6153846153846154,0.38461538461538464,5,4
25,0.59,0.71,196.79999999999995,459,94,164,0,86,False,-1,none,0.3,0.8,0.77,0.42,0.75,0.55,0.5142857142857142,1.0,0.0,49,88,0.75,0.8181818181818182,0.18181818181818182,3,14,0.8,0.6923076923076923,0.3076923076923077,5,5
25,0.67,0.78,217.79999999999998,452,90,185,0,62,False,-1,none,0.3,0.81,0.79,0.58,0.74,0.61,0.6428571428571429,1.0,0.0,56,99,0.85,0.8,0.2,10,17,0.5,0.5,0.5,1,2
25,0.63,0.75,199.79999999999995,455,92,175,0,73,False,-1,none,0.3,0.76,0.8,0.57,0.71,0.58,0.5857142857142857,1.0,0.0,52,93,0.7,0.9,0.1,5,16,0.8,0.7142857142857143,0.2857142857142857,3,6
25,0.65,0.81,200.99999999999994,449,79,166,0,84,False,-1,none,0.3,0.76,0.78,0.55,0.72,0.45,0.6285714285714286,1.0,0.0,51,88,0.65,0.8,0.2,8,12,0.8,0.8235294117647058,0.17647058823529413,2,5
25,0.71,0.83,238.2,447,83,178,0,81,True,1,Slow,0.3,0.79,0.84,0.53,0.77,0.51,0.6142857142857143,1.0,0.0,52,84,0.9,0.6086956521739131,0.391304347826087,15,15,1.0,0.5882352941176471,0.4117647058823529,6,6
25,0.59,0.68,185.99999999999997,462,87,158,0,82,False,-1,none,0.3,0.77,0.72,0.5,0.72,0.42,0.5571428571428572,1.0,0.0,48,83,0.65,0.8888888888888888,0.1111111111111111,5,13,0.7,0.6363636363636364,0.36363636363636365,3,6
25,0.74,0.83,228.59999999999994,447,76,183,0,73,False,-1,none,0.3,0.78,0.75,0.6,0.75,0.54,0.7571428571428571,1.0,0.0,64,97,0.75,0.7619047619047619,0.23809523809523808,5,10,0.6,0.6666666666666666,0.3333333333333333,4,3
25,0.65,0.82,227.99999999999997,448,87,165,0,76,False,-1,none,0.3,0.78,0.75,0.56,0.77,0.48,0.5857142857142857,1.0,0.0,53,86,0.75,0.7391304347826086,0.2608695652173913,8,13,0.9,0.7222222222222222,0.2777777777777778,2,3
25,0.59,0.7,184.79999999999995,460,103,151,0,71,False,-1,none,0.3,0.73,0.73,0.53,0.72,0.53,0.5428571428571428,1.0,0.0,40,89,0.75,0.7727272727272727,0.22727272727272727,8,13,0.6,0.9,0.1,0,1
26,0.62,0.89,177.12000000000003,441,124,127,0,70,True,2,Slow,0.3,0.8,0.77,0.5,0.78,0.55,0.5714285714285714,1.0,0.0,27,89,0.65,0.6956521739130435,0.30434782608695654,3,3,0.9,0.631578947368421,0.3684210526315789,0,5
26,0.64,0.77,174.59999999999997,453,101,151,0,76,False,-1,none,0.3,0.78,0.78,0.47,0.7,0.56,0.6142857142857143,1.0,0.0,44,95,0.75,0.75,0.25,4,5,0.6,0.6,0.4,0,3
26,0.67,0.83,214.0,447,92,150,0,95,False,-1,none,0.3,0.78,0.77,0.51,0.74,0.45,0.5857142857142857,1.0,0.0,42,86,0.85,0.8,0.2,5,12,0.9,0.5882352941176471,0.4117647058823529,3,2
26,0.67,0.85,204.60000000000005,445,103,177,0,55,False,-1,none,0.3,0.82,0.81,0.62,0.79,0.61,0.6142857142857143,1.0,0.0,53,97,0.85,0.9655172413793104,0.034482758620689655,0,19,0.7,0.7692307692307693,0.23076923076923078,3,5
26,0.57,0.64,187.19999999999996,466,106,150,0,85,False,-1,none,0.3,0.78,0.75,0.48,0.71,0.48,0.5142857142857142,1.0,0.0,37,85,0.75,0.8,0.2,5,17,0.6,0.625,0.375,2,4
26,0.63,0.8,192.4,450,83,160,0,82,False,-1,none,0.3,0.76,0.75,0.55,0.75,0.42,0.6,1.0,0.0,51,83,0.7,0.9166666666666666,0.08333333333333333,5,15,0.7,0.7857142857142857,0.21428571428571427,2,4
26,0.74,0.81,228.20000000000005,449,99,183,0,82,False,-1,none,0.3,0.87,0.85,0.53,0.83,0.55,0.7142857142857143,1.0,0.0,63,89,0.75,0.7222222222222222,0.2777777777777778,7,17,0.9,0.6153846153846154,0.38461538461538464,0,7
26,0.67,0.82,213.40000000000003,448,105,167,0,71,False,-1,none,0.3,0.8,0.85,0.54,0.75,0.6,0.6285714285714286,1.0,0.0,48,91,0.8,0.8,0.2,7,16,0.7,0.6923076923076923,0.3076923076923077,2,3
26,0.69,0.81,201.00000000000006,449,97,162,0,65,False,-1,none,0.3,0.79,0.78,0.56,0.71,0.56,0.6714285714285714,1.0,0.0,51,91,0.6,0.8888888888888888,0.1111111111111111,3,10,1.0,0.75,0.25,1,6
26,0.69,0.84,206.79999999999998,446,88,172,0,71,False,-1,none,0.3,0.8,0.8,0.55,0.79,0.5,0.6714285714285714,1.0,0.0,54,94,0.8,0.9615384615384616,0.038461538461538464,1,16,0.6,0.5454545454545454,0.45454545454545453,6,1
26,0.68,0.81,214.00000000000003,449,92,165,0,87,False,-1,none,0.3,0.82,0.76,0.46,0.8,0.54,0.6285714285714286,1.0,0.0,47,95,0.75,0.782608695652174,0.21739130434782608,4,11,0.9,0.7857142857142857,0.21428571428571427,4,4
26,0.69,0.8,204.80000000000004,450,71,179,0,70,False,-1,none,0.3,0.77,0.79,0.49,0.73,0.52,0.7142857142857143,1.0,0.0,54,94,0.65,0.8333333333333334,0.16666666666666666,7,14,0.6,0.75,0.25,4,6
26,0.79,0.95,238.00000000000009,435,100,189,0,71,False,-1,none,0.3,0.88,0.85,0.62,0.87,0.62,0.7428571428571429,1.0,0.0,59,101,0.9,0.8571428571428571,0.14285714285714285,4,19,0.9,0.7333333333333333,0.26666666666666666,0,6
26,0.71,0.86,210.60000000000008,444,94,197,0,63,False,-1,none,0.3,0.87,0.85,0.6,0.84,0.61,0.7285714285714285,1.0,0.0,64,110,0.6,0.8947368421052632,0.10526315789473684,2,14,0.8,0.8125,0.1875,3,4
26,0.65,0.77,193.80000000000007,453,108,156,0,79,False,-1,none,0.3,0.78,0.79,0.57,0.77,0.5,0.6285714285714286,1.0,0.0,44,91,0.7,0.9545454545454546,0.045454545454545456,2,17,0.7,0.6363636363636364,0.36363636363636365,0,2
26,0.75,0.94,228.0,436,82,183,0,76,False,-1,none,0.3,0.85,0.83,0.57,0.77,0.57,0.7285714285714285,1.0,0.0,56,97,0.8,0.8571428571428571,0.14285714285714285,9,15,0.8,0.6428571428571429,0.35714285714285715,2,4
26,0.65,0.73,208.20000000000005,457,112,159,0,81,False,-1,none,0.3,0.83,0.8,0.49,0.77,0.55,0.5857142857142857,1.0,0.0,46,90,0.8,0.75,0.25,4,14,0.8,0.6666666666666666,0.3333333333333333,1,4
26,0.73,0.84,214.6,446,86,200,0,70,False,-1,none,0.3,0.85,0.87,0.6,0.79,0.59,0.7714285714285715,1.0,0.0,67,102,0.7,0.9047619047619048,0.09523809523809523,6,20,0.5,0.5555555555555556,0.4444444444444444,3,2
26,0.62,0.74,201.00000000000003,456,96,166,0,69,False,-1,none,0.3,0.76,0.78,0.6,0.75,0.47,0.5857142857142857,1.0,0.0,56,82,0.7,0.8571428571428571,0.14285714285714285,5,17,0.7,0.6666666666666666,0.3333333333333333,2,4
26,0.64,0.81,204.60000000000005,449,109,166,0,79,False,-1,none,0.3,0.81,0.82,0.55,0.83,0.55,0.5571428571428572,1.0,0.0,41,95,0.8,1.0,0.0,1,24,0.9,0.6,0.4,2,3
26,0.74,0.88,245.8000000000001,442,94,179,0,79,False,-1,none,0.3,0.84,0.83,0.53,0.79,0.62,0.7,1.0,0.0,48,95,0.8,0.8,0.2,5,21,0.9,0.5,0.5,6,4
26,0.74,0.82,243.60000000000005,448,96,177,0,85,False,-1,none,0.3,0.82,0.85,0.55,0.8,0.53,0.6714285714285714,1.0,0.0,48,88,0.85,0.7619047619047619,0.23809523809523808,9,17,1.0,0.5,0.5,9,6
26,0.71,0.81,231.40000000000003,449,94,180,0,90,False,-1,none,0.3,0.79,0.82,0.56,0.79,0.59,0.6571428571428571,1.0,0.0,54,93,0.8,0.8095238095238095,0.19047619047619047,5,19,0.9,0.5714285714285714,0.42857142857142855,4,5
26,0.69,0.83,225.40000000000006,447,84,164,0,84,False,-1,none,0.3,0.79,0.8,0.48,0.77,0.47,0.6142857142857143,1.0,0.0,44,84,0.85,0.9259259259259259,0.07407407407407407,4,18,0.9,0.5384615384615384,0.46153846153846156,7,7
26,0.72,0.89,244.20000000000007,441,84,170,0,87,False,-1,none,0.3,0.82,0.83,0.53,0.75,0.5,0.7285714285714285,1.0,0.0,52,92,0.6,0.8,0.2,6,13,0.9,0.7222222222222222,0.2777777777777778,4,3
26,0.66,0.79,187.60000000000005,451,102,179,0,80,False,-1,none,0.3,0.84,0.82,0.55,0.82,0.57,0.6142857142857143,1.0,0.0,52,98,0.8,0.9583333333333334,0.041666666666666664,0,21,0.7,0.9166666666666666,0.08333333333333333,2,6
26,0.7,0.82,218.20000000000005,448,86,168,0,79,False,-1,none,0.3,0.8,0.79,0.49,0.75,0.53,0.6285714285714286,1.0,0.0,47,89,0.85,0.92,0.08,3,21,0.9,0.6153846153846154,0.38461538461538464,4,4
26,0.63,0.7,202.00000000000003,460,109,176,0,70,False,-1,none,0.3,0.83,0.8,0.58,0.77,0.57,0.6,1.0,0.0,47,93,0.55,0.6923076923076923,0.3076923076923077,7,14,1.0,0.6666666666666666,0.3333333333333333,5,10
26,0.68,0.8,219.60000000000008,450,92,173,0,80,False,-1,none,0.3,0.8,0.77,0.55,0.8,0.53,0.6,1.0,0.0,43,89,0.85,0.875,0.125,6,20,0.9,0.6428571428571429,0.35714285714285715,7,8
26,0.65,0.77,207.40000000000006,453,87,173,0,63,False,-1,none,0.3,0.78,0.78,0.53,0.77,0.51,0.5857142857142857,1.0,0.0,45,83,0.85,0.8461538461538461,0.15384615384615385,10,24,0.7,0.7,0.3,6,5
26,0.64,0.77,223.40000000000003,453,91,169,0,73,False,-1,none,0.3,0.8,0.81,0.56,0.73,0.47,0.5714285714285714,1.0,0.0,56,81,0.7,0.8095238095238095,0.19047619047619047,5,13,1.0,0.625,0.375,9,5
26,0.72,0.84,207.52000000000007,446,81,172,0,78,True,2,Slow,0.3,0.79,0.81,0.52,0.76,0.49,0.7285714285714285,1.0,0.0,50,89,0.6,0.8235294117647058,0.17647058823529413,6,15,0.9,0.8125,0.1875,4,8
26,0.64,0.76,184.4,454,92,147,0,70,True,0,Slow,0.3,0.76,0.76,0.48,0.73,0.42,0.6142857142857143,1.0,0.0,41,82,0.7,0.7619047619047619,0.23809523809523808,7,15,0.7,0.8333333333333334,0.16666666666666666,0,2
26,0.73,0.86,227.60000000000005,444,81,182,0,86,False,-1,none,0.3,0.8,0.82,0.54,0.77,0.56,0.7142857142857143,1.0,0.0,60,100,0.8,0.8333333333333334,0.16666666666666666,3,12,0.7,0.75,0.25,3,4
26,0.66,0.85,212.84000000000006,445,102,168,0,70,True,3,Shigh,0.3,0.83,0.79,0.52,0.81,0.6,0.6142857142857143,1.0,0.0,46,100,0.75,0.8571428571428571,0.14285714285714285,5,14,0.8,0.5714285714285714,0.42857142857142855,1,2
26,0.64,0.76,204.80000000000004,454,95,154,0,75,False,-1,none,0.3,0.72,0.73,0.56,0.72,0.52,0.6,1.0,0.0,40,87,0.7,0.9,0.1,3,16,0.8,0.6428571428571429,0.35714285714285715,2,6
26,0.72,0.84,213.80000000000007,446,91,170,0,80,False,-1,none,0.3,0.82,0.78,0.58,0.7,0.57,0.7,1.0,0.0,55,92,0.8,0.9629629629629629,0.037037037037037035,2,17,0.7,0.5,0.5,1,3
26,0.66,0.77,226.80000000000004,453,94,162,0,87,False,-1,none,0.3,0.79,0.77,0.49,0.73,0.55,0.6,1.0,0.0,43,90,0.75,0.75,0.25,9,14,0.9,0.6,0.4,4,2
26,0.68,0.77,216.20000000000007,453,89,179,0,70,False,-1,none,0.3,0.78,0.81,0.49,0.78,0.59,0.6285714285714286,1.0,0.0,49,92,0.85,0.782608695652174,0.21739130434782608,13,18,0.7,0.6,0.4,2,5
26,0.67,0.8,199.00000000000003,450,99,168,0,68,False,-1,none,0.3,0.77,0.82,0.61,0.7,0.57,0.6714285714285714,1.0,0.0,50,93,0.6,0.9444444444444444,0.05555555555555555,2,15,0.8,0.8,0.2,1,7
26,0.69,0.79,199.96000000000004,451,97,159,0,95,True,2,Slow,0.3,0.79,0.83,0.47,0.74,0.52,0.6428571428571429,1.0,0.0,49,91,0.85,0.8260869565217391,0.17391304347826086,4,12,0.7,0.7272727272727273,0.2727272727272727,2,1
26,0.58,0.73,174.92,457,95,142,0,70,True,1,Slow,0.3,0.7,0.72,0.5,0.7,0.48,0.5285714285714286,1.0,0.0,36,83,0.6,0.8823529411764706,0.11764705882352941,5,14,0.9,0.7894736842105263,0.21052631578947367,1,3
26,0.78,0.93,240.7600000000001,437,96,200,0,76,True,2,Slow,0.3,0.87,0.88,0.6,0.87,0.67,0.7571428571428571,1.0,0.0,59,109,0.8,0.8,0.2,12,15,0.9,0.7333333333333333,0.26666666666666666,3,2
26,0.72,0.88,221.00000000000009,442,91,172,0,84,False,-1,none,0.3,0.77,0.86,0.55,0.8,0.53,0.6714285714285714,1.0,0.0,51,92,0.8,0.8461538461538461,0.15384615384615385,7,17,0.9,0.8,0.2,2,3
26,0.77,0.9,227.60000000000002,440,83,162,0,80,False,-1,none,0.3,0.77,0.81,0.54,0.67,0.56,0.7142857142857143,1.0,0.0,45,83,0.85,0.9166666666666666,0.08333333333333333,4,20,1.0,0.8125,0.1875,5,5
26,0.71,0.81,211.80000000000004,449,99,179,0,66,False,-1,none,0.3,0.8,0.84,0.62,0.78,0.55,0.7,1.0,0.0,51,98,0.7,0.8333333333333334,0.16666666666666666,6,14,0.8,0.7857142857142857,0.21428571428571427,5,5
26,0.76,0.88,232.00000000000006,442,83,197,0,77,False,-1,none,0.3,0.81,0.86,0.63,0.76,0.62,0.7285714285714285,1.0,0.0,64,93,0.9,0.92,0.08,5,25,0.7,0.5833333333333334,0.4166666666666667,5,5
26,0.67,0.77,212.8,453,101,176,0,81,False,-1,none,0.3,0.82,0.79,0.55,0.8,0.58,0.6428571428571429,1.0,0.0,47,94,0.7,0.7368421052631579,0.2631578947368421,7,18,0.8,0.7692307692307693,0.23076923076923078,4,6
26,0.65,0.75,186.60000000000005,455,94,167,0,74,False,-1,none,0.3,0.73,0.77,0.53,0.73,0.6,0.6285714285714286,1.0,0.0,51,91,0.7,0.9090909090909091,0.09090909090909091,5,17,0.7,0.7777777777777778,0.2222222222222222,2,1
26,0.67,0.82,213.80000000000007,448,93,158,0,82,False,-1,none,0.3,0.78,0.77,0.5,0.73,0.55,0.6285714285714286,1.0,0.0,44,89,0.65,0.9090909090909091,0.09090909090909091,3,15,1.0,0.75,0.25,2,5
26,0.72,0.83,201.39999999999998,447,77,175,0,80,False,-1,none,0.3,0.81,0.78,0.48,0.77,0.51,0.7142857142857143,1.0,0.0,58,92,0.75,0.875,0.125,3,18,0.7,0.6666666666666666,0.3333333333333333,3,1
26,0.69,0.88,227.20000000000005,442,94,174,0,74,False,-1,none,0.3,0.84,0.79,0.56,0.78,0.59,0.6142857142857143,1.0,0.0,48,95,0.8,0.9615384615384616,0.038461538461538464,2,18,1.0,0.7368421052631579,0.2631578947368421,5,6
26,0.69,0.84,227.00000000000009,446,95,181,0,90,False,-1,none,0.3,0.85,0.83,0.54,0.85,0.53,0.6857142857142857,1.0,0.0,54,94,0.65,0.75,0.25,10,14,0.8,0.8125,0.1875,1,8
26,0.75,0.95,239.39999999999998,435,93,188,0,74,False,-1,none,0.3,0.87,0.87,0.6,0.83,0.59,0.7428571428571429,1.0,0.0,54,101,0.8,0.8518518518518519,0.14814814814814814,7,17,0.7,0.75,0.25,4,5
26,0.66,0.77,198.60000000000002,453,74,171,0,63,False,-1,none,0.3,0.72,0.71,0.59,0.72,0.48,0.6571428571428571,1.0,0.0,59,86,0.65,0.85,0.15,7,15,0.7,0.8181818181818182,0.18181818181818182,1,3
26,0.67,0.82,198.64,448,103,158,0,77,True,0,Slow,0.3,0.8,0.79,0.51,0.76,0.57,0.6285714285714286,1.0,0.0,44,94,0.75,0.8260869565217391,0.17391304347826086,3,12,0.8,0.7333333333333333,0.26666666666666666,2,3
26,0.79,0.93,238.40000000000006,437,79,188,0,85,False,-1,none,0.3,0.82,0.86,0.57,0.77,0.58,0.7571428571428571,1.0,0.0,60,100,0.9,0.9259259259259259,0.07407407407407407,4,17,0.8,0.6923076923076923,0.3076923076923077,2,5
26,0.68,0.84,228.00000000000006,446,106,165,0,80,False,-1,none,0.3,0.83,0.84,0.57,0.71,0.6,0.6428571428571429,1.0,0.0,44,92,0.7,0.9090909090909091,0.09090909090909091,3,11,0.9,0.6470588235294118,0.35294117647058826,9,6
26,0.7,0.81,196.80000000000004,449,85,157,0,72,False,-1,none,0.3,0.79,0.71,0.49,0.74,0.5,0.6857142857142857,1.0,0.0,44,88,0.8,1.0,0.0,0,20,0.6,0.625,0.375,3,2
26,0.71,0.89,230.80000000000007,441,94,158,0,79,False,-1,none,0.3,0.81,0.8,0.54,0.69,0.57,0.6571428571428571,1.0,0.0,47,84,0.9,0.8620689655172413,0.13793103448275862,6,15,0.7,0.7857142857142857,0.21428571428571427,1,5
26,0.7,0.88,213.20000000000002,442,81,180,0,81,False,-1,none,0.3,0.81,0.83,0.53,0.79,0.53,0.6571428571428571,1.0,0.0,54,94,0.75,0.92,0.08,6,15,0.9,0.7647058823529411,0.23529411764705882,3,8
26,0.7,0.81,220.72000000000006,449,94,189,0,66,True,2,Slow,0.3,0.8,0.86,0.62,0.81,0.55,0.6714285714285714,1.0,0.0,55,99,0.7,0.7,0.3,9,13,0.9,0.6428571428571429,0.35714285714285715,7,6
26,0.72,0.84,223.20000000000002,446,103,178,0,75,False,-1,none,0.3,0.83,0.86,0.58,0.77,0.61,0.6714285714285714,1.0,0.0,51,100,0.8,0.7916666666666666,0.20833333333333334,9,17,0.9,0.8461538461538461,0.15384615384615385,0,1
26,0.68,0.87,223.80000000000004,443,94,179,0,65,False,-1,none,0.3,0.83,0.82,0.64,0.8,0.51,0.6428571428571429,1.0,0.0,58,97,0.75,0.9615384615384616,0.038461538461538464,4,12,0.8,0.6875,0.3125,4,4
26,0.73,0.85,205.40000000000003,445,93,175,0,82,False,-1,none,0.3,0.79,0.85,0.55,0.81,0.53,0.7142857142857143,1.0,0.0,49,96,0.95,0.8888888888888888,0.1111111111111111,5,22,0.4,1.0,0.0,0,3
26,0.64,0.8,184.00000000000006,450,98,164,0,73,False,-1,none,0.3,0.8,0.81,0.52,0.75,0.54,0.5714285714285714,1.0,0.0,44,89,0.8,0.9615384615384616,0.038461538461538464,3,23,0.8,0.7857142857142857,0.21428571428571427,3,2
27,0.62,0.83,171.20000000000005,447,112,127,0,73,False,-1,none,0.3,0.75,0.76,0.52,0.76,0.43,0.5714285714285714,1.0,0.0,33,83,0.8,0.6666666666666666,0.3333333333333333,5,6,0.6,0.7142857142857143,0.2857142857142857,0,0
27,0.73,0.91,185.39999999999995,439,102,155,0,82,False,-1,none,0.3,0.81,0.75,0.58,0.77,0.57,0.6714285714285714,1.0,0.0,42,93,0.9,0.92,0.08,3,15,0.8,0.7647058823529411,0.23529411764705882,1,1
27,0.67,0.84,195.39999999999998,446,112,161,0,73,True,2,Slow,0.3,0.83,0.82,0.61,0.78,0.53,0.5857142857142857,1.0,0.0,43,86,0.8,0.7727272727272727,0.22727272727272727,9,14,1.0,0.75,0.25,3,6
27,0.77,0.88,208.34000000000003,442,99,197,0,66,True,1,Slow,0.3,0.85,0.86,0.63,0.83,0.67,0.7857142857142857,1.0,0.0,59,110,0.65,0.8333333333333334,0.16666666666666666,6,16,0.9,0.6428571428571429,0.35714285714285715,2,4
27,0.72,0.89,228.00000000000003,441,93,200,0,63,False,-1,none,0.3,0.87,0.87,0.62,0.78,0.68,0.7142857142857143,1.0,0.0,57,105,0.7,0.9565217391304348,0.043478260869565216,6,26,0.8,0.875,0.125,1,5
27,0.79,0.89,206.99999999999994,441,83,171,0,77,True,3,Shigh,0.3,0.81,0.8,0.54,0.8,0.48,0.7857142857142857,1.0,0.0,65,88,0.85,0.8695652173913043,0.13043478260869565,4,12,0.7,0.6363636363636364,0.36363636363636365,0,2
27,0.67,0.79,200.0,451,96,176,0,89,False,-1,none,0.3,0.85,0.79,0.5,0.77,0.6,0.6571428571428571,1.0,0.0,50,99,0.65,0.9523809523809523,0.047619047619047616,4,19,0.8,0.8333333333333334,0.16666666666666666,1,3
27,0.76,0.9,216.51999999999998,440,101,179,0,85,True,0,Slow,0.3,0.88,0.86,0.61,0.81,0.54,0.7285714285714285,1.0,0.0,56,96,0.85,0.8518518518518519,0.14814814814814814,7,18,0.8,0.6666666666666666,0.3333333333333333,0,2
27,0.63,0.83,214.0,447,91,138,0,83,False,-1,none,0.3,0.74,0.76,0.51,0.67,0.44,0.5142857142857142,1.0,0.0,45,72,0.85,0.84,0.16,2,14,1.0,0.8181818181818182,0.18181818181818182,1,4
27,0.65,0.81,204.8,449,106,150,0,73,False,-1,none,0.3,0.79,0.8,0.52,0.76,0.5,0.6,1.0,0.0,40,88,0.75,0.7619047619047619,0.23809523809523808,6,12,0.8,0.7647058823529411,0.23529411764705882,1,3
27,0.76,0.92,242.39999999999998,438,75,185,0,83,False,-1,none,0.3,0.81,0.83,0.55,0.78,0.55,0.7142857142857143,1.0,0.0,58,92,0.85,0.8571428571428571,0.14285714285714285,11,20,0.9,0.7142857142857143,0.2857142857142857,1,3
27,0.68,0.79,203.60000000000002,451,87,177,0,87,False,-1,none,0.3,0.83,0.8,0.49,0.76,0.55,0.6857142857142857,1.0,0.0,52,92,0.7,0.9047619047619048,0.09523809523809523,4,22,0.6,0.7,0.3,2,5
27,0.62,0.76,203.39999999999998,454,98,165,0,71,False,-1,none,0.3,0.77,0.79,0.56,0.74,0.53,0.5714285714285714,1.0,0.0,43,93,0.75,0.9545454545454546,0.045454545454545456,3,19,0.7,0.7142857142857143,0.2857142857142857,4,3
27,0.67,0.77,209.39999999999998,453,78,177,0,63,False,-1,none,0.3,0.74,0.74,0.53,0.74,0.57,0.6714285714285714,1.0,0.0,47,95,0.7,0.7647058823529411,0.23529411764705882,10,17,0.6,0.8461538461538461,0.15384615384615385,4,4
27,0.67,0.86,212.39999999999992,444,77,148,0,79,False,-1,none,0.3,0.73,0.71,0.5,0.7,0.47,0.6285714285714286,1.0,0.0,46,75,0.85,0.9032258064516129,0.0967741935483871,4,19,0.6,0.7272727272727273,0.2727272727272727,0,4
27,0.63,0.74,189.72,456,83,161,0,67,True,1,Slow,0.3,0.76,0.73,0.51,0.69,0.49,0.6285714285714286,1.0,0.0,49,86,0.65,0.8421052631578947,0.15789473684210525,7,12,0.6,0.6,0.4,4,3
27,0.66,0.78,202.59999999999997,452,98,169,0,75,False,-1,none,0.3,0.81,0.8,0.59,0.72,0.53,0.6428571428571429,1.0,0.0,54,87,0.75,0.7368421052631579,0.2631578947368421,12,13,0.6,0.8571428571428571,0.14285714285714285,1,2
27,0.64,0.69,215.99999999999994,461,99,184,0,73,False,-1,none,0.3,0.84,0.75,0.6,0.77,0.56,0.6,1.0,0.0,54,94,0.7,0.5,0.5,15,16,0.8,0.6363636363636364,0.36363636363636365,3,2
27,0.62,0.67,168.72000000000003,463,82,162,0,79,True,1,Slow,0.3,0.74,0.71,0.47,0.7,0.49,0.6142857142857143,1.0,0.0,47,90,0.7,0.75,0.25,8,13,0.5,0.75,0.25,2,2
27,0.64,0.73,176.87999999999994,457,90,170,0,72,True,2,Slow,0.3,0.78,0.71,0.6,0.75,0.49,0.6285714285714286,1.0,0.0,52,89,0.8,0.85,0.15,5,21,0.4,0.8888888888888888,0.1111111111111111,0,3
27,0.68,0.84,230.19999999999996,446,85,159,0,87,False,-1,none,0.3,0.79,0.75,0.52,0.76,0.46,0.6,1.0,0.0,44,87,0.85,0.7916666666666666,0.20833333333333334,11,13,0.9,0.8333333333333334,0.16666666666666666,2,2
27,0.69,0.8,210.0,450,79,171,0,75,False,-1,none,0.3,0.77,0.77,0.54,0.73,0.49,0.6857142857142857,1.0,0.0,51,87,0.75,0.5789473684210527,0.42105263157894735,15,12,0.6,0.6153846153846154,0.38461538461538464,3,3
27,0.71,0.83,220.80000000000004,447,89,182,0,76,False,-1,none,0.3,0.79,0.79,0.63,0.78,0.55,0.7285714285714285,1.0,0.0,59,98,0.6,0.875,0.125,7,9,0.8,0.6875,0.3125,4,5
27,0.65,0.76,199.2,454,97,159,0,73,False,-1,none,0.3,0.78,0.8,0.51,0.7,0.53,0.6285714285714286,1.0,0.0,47,91,0.75,0.9047619047619048,0.09523809523809523,2,14,0.6,0.7272727272727273,0.2727272727272727,3,2
27,0.7,0.82,203.18,448,78,189,0,71,True,2,Slow,0.3,0.79,0.82,0.5,0.78,0.6,0.7,1.0,0.0,55,99,0.7,0.85,0.15,4,21,0.7,0.8461538461538461,0.15384615384615385,2,8
27,0.66,0.74,210.59999999999997,456,90,172,0,69,False,-1,none,0.3,0.77,0.75,0.53,0.7,0.61,0.6428571428571429,1.0,0.0,48,96,0.75,0.5789473684210527,0.42105263157894735,12,12,0.6,0.8,0.2,2,2
27,0.52,0.61,163.19999999999996,469,98,159,0,67,False,-1,none,0.3,0.69,0.71,0.52,0.69,0.57,0.5,1.0,0.0,42,93,0.5,0.9230769230769231,0.07692307692307693,3,15,0.7,0.7692307692307693,0.23076923076923078,1,5
27,0.71,0.84,233.99999999999994,446,95,169,0,77,False,-1,none,0.3,0.81,0.8,0.54,0.75,0.58,0.6571428571428571,1.0,0.0,46,91,0.9,0.72,0.28,12,17,0.7,0.6153846153846154,0.38461538461538464,0,3
27,0.68,0.83,226.79999999999998,447,101,161,0,80,False,-1,none,0.3,0.79,0.85,0.49,0.76,0.56,0.6571428571428571,1.0,0.0,44,95,0.7,0.782608695652174,0.21739130434782608,7,8,0.8,0.6428571428571429,0.35714285714285715,4,3
27,0.73,0.85,237.60000000000005,445,86,178,0,76,False,-1,none,0.3,0.8,0.79,0.58,0.8,0.52,0.7142857142857143,1.0,0.0,56,90,0.8,0.6190476190476191,0.38095238095238093,13,11,0.7,0.7857142857142857,0.21428571428571427,3,5
27,0.7,0.83,220.8,447,103,180,0,84,False,-1,none,0.3,0.84,0.83,0.54,0.81,0.64,0.6428571428571429,1.0,0.0,51,97,0.85,0.84,0.16,7,21,0.8,0.6153846153846154,0.38461538461538464,1,3
27,0.68,0.77,219.59999999999997,453,92,168,0,88,False,-1,none,0.3,0.81,0.78,0.51,0.76,0.51,0.6428571428571429,1.0,0.0,47,92,0.8,0.5714285714285714,0.42857142857142855,15,10,0.7,0.6363636363636364,0.36363636363636365,2,2
27,0.72,0.81,225.95999999999995,449,88,174,0,77,True,2,Slow,0.3,0.8,0.8,0.55,0.8,0.48,0.6857142857142857,1.0,0.0,47,90,0.75,0.5882352941176471,0.4117647058823529,14,13,0.9,0.6875,0.3125,4,6
27,0.71,0.85,229.79999999999998,445,88,174,0,83,False,-1,none,0.3,0.8,0.82,0.57,0.72,0.56,0.6857142857142857,1.0,0.0,54,87,0.8,0.782608695652174,0.21739130434782608,11,19,0.7,0.8571428571428571,0.14285714285714285,1,2
27,0.66,0.76,203.99999999999997,454,97,165,0,82,False,-1,none,0.3,0.82,0.79,0.47,0.74,0.56,0.6142857142857143,1.0,0.0,50,90,0.7,0.7647058823529411,0.23529411764705882,6,17,0.9,0.875,0.125,0,2
27,0.78,0.94,270.0,436,85,186,0,70,False,-1,none,0.3,0.84,0.83,0.6,0.77,0.61,0.7428571428571429,1.0,0.0,53,95,0.85,0.8,0.2,12,17,0.9,0.5882352941176471,0.4117647058823529,6,3
27,0.69,0.84,225.0,446,70,176,0,60,False,-1,none,0.3,0.71,0.77,0.56,0.73,0.53,0.6571428571428571,1.0,0.0,58,90,0.7,0.8,0.2,8,14,0.9,0.8888888888888888,0.1111111111111111,2,4
27,0.73,0.81,213.59999999999997,449,74,174,0,76,False,-1,none,0.3,0.78,0.79,0.52,0.7,0.5,0.7571428571428571,1.0,0.0,59,88,0.7,0.7222222222222222,0.2777777777777778,8,13,0.6,0.9,0.1,2,4
27,0.7,0.81,209.20000000000002,449,102,181,0,61,False,-1,none,0.3,0.85,0.82,0.64,0.79,0.54,0.7,1.0,0.0,60,97,0.65,0.8421052631578947,0.15789473684210525,8,11,0.8,0.8461538461538461,0.15384615384615385,1,4
27,0.7,0.79,212.99999999999997,451,95,150,0,91,False,-1,none,0.3,0.75,0.77,0.5,0.7,0.52,0.7142857142857143,1.0,0.0,41,92,0.6,0.7692307692307693,0.23076923076923078,3,11,0.8,0.8125,0.1875,1,2
27,0.8,0.98,251.39999999999998,432,70,204,0,73,True,1,Slow,0.3,0.85,0.86,0.64,0.79,0.58,0.7714285714285715,1.0,0.0,68,98,0.9,0.7307692307692307,0.2692307692307692,13,20,0.8,0.6875,0.3125,2,3
27,0.66,0.79,224.39999999999998,451,62,173,0,66,False,-1,none,0.3,0.7,0.74,0.52,0.67,0.51,0.7,1.0,0.0,55,87,0.45,0.875,0.125,7,13,0.8,0.5,0.5,7,4
27,0.75,0.85,237.12,445,77,196,0,67,True,2,Slow,0.3,0.8,0.8,0.59,0.79,0.6,0.7571428571428571,1.0,0.0,57,101,0.75,0.631578947368421,0.3684210526315789,17,14,0.7,0.6666666666666666,0.3333333333333333,3,4
27,0.7,0.83,215.0,447,113,157,0,77,False,-1,none,0.3,0.85,0.78,0.6,0.75,0.55,0.6714285714285714,1.0,0.0,40,92,0.8,0.8260869565217391,0.17391304347826086,7,16,0.7,0.8461538461538461,0.15384615384615385,0,2
27,0.71,0.84,227.99999999999994,446,104,176,0,66,False,-1,none,0.3,0.81,0.84,0.61,0.76,0.62,0.6714285714285714,1.0,0.0,50,96,0.8,0.875,0.125,9,18,0.8,0.6923076923076923,0.3076923076923077,0,3
27,0.67,0.77,210.59999999999997,453,102,167,0,74,False,-1,none,0.3,0.82,0.79,0.53,0.78,0.54,0.6142857142857143,1.0,0.0,49,94,0.7,0.8125,0.1875,8,11,1.0,0.7777777777777778,0.2222222222222222,1,4
27,0.7,0.81,204.07999999999996,449,86,182,0,71,True,2,Slow,0.3,0.81,0.82,0.54,0.77,0.55,0.6857142857142857,1.0,0.0,55,97,0.75,0.8,0.2,7,15,0.7,0.6153846153846154,0.38461538461538464,4,4
27,0.65,0.73,194.39999999999998,457,103,146,0,78,False,-1,none,0.3,0.76,0.79,0.5,0.69,0.48,0.6,1.0,0.0,43,81,0.65,0.8823529411764706,0.11764705882352941,6,10,1.0,0.7857142857142857,0.21428571428571427,0,6
27,0.66,0.76,204.59999999999997,454,89,188,0,72,False,-1,none,0.3,0.81,0.79,0.6,0.78,0.55,0.6285714285714286,1.0,0.0,59,101,0.7,0.75,0.25,10,12,0.8,0.875,0.125,3,3
27,0.7,0.83,245.99999999999997,447,83,188,0,71,False,-1,none,0.3,0.84,0.8,0.55,0.76,0.59,0.6714285714285714,1.0,0.0,60,94,0.7,0.75,0.25,10,13,0.9,0.5625,0.4375,7,4
27,0.65,0.82,205.91999999999996,448,108,155,0,70,True,2,Slow,0.3,0.78,0.75,0.62,0.72,0.58,0.6,1.0,0.0,44,93,0.75,0.75,0.25,9,8,0.8,0.8125,0.1875,0,1
27,0.68,0.84,208.43999999999994,446,98,157,0,76,True,2,Slow,0.3,0.82,0.79,0.54,0.71,0.53,0.6428571428571429,1.0,0.0,49,83,0.75,0.8846153846153846,0.11538461538461539,3,16,0.8,0.6923076923076923,0.3076923076923077,3,3
27,0.7,0.81,223.79999999999998,449,108,170,0,71,False,-1,none,0.3,0.83,0.84,0.59,0.77,0.56,0.6714285714285714,1.0,0.0,44,98,0.75,0.8095238095238095,0.19047619047619047,9,13,0.8,0.6923076923076923,0.3076923076923077,4,2
27,0.62,0.75,206.39999999999995,455,100,153,0,82,False,-1,none,0.3,0.75,0.79,0.51,0.69,0.54,0.5428571428571428,1.0,0.0,41,80,0.8,0.9130434782608695,0.08695652173913043,6,20,0.8,0.6428571428571429,0.35714285714285715,4,2
27,0.7,0.83,222.0,447,89,177,0,86,False,-1,none,0.3,0.83,0.82,0.52,0.73,0.59,0.6714285714285714,1.0,0.0,50,98,0.85,0.92,0.08,3,17,0.6,0.6363636363636364,0.36363636363636365,5,4
27,0.73,0.85,226.20000000000002,445,88,187,0,60,False,-1,none,0.3,0.78,0.83,0.58,0.77,0.64,0.7142857142857143,1.0,0.0,57,104,0.75,0.8636363636363636,0.13636363636363635,8,11,0.8,0.7692307692307693,0.23076923076923078,2,5
27,0.68,0.81,220.79999999999995,449,116,170,0,78,False,-1,none,0.3,0.85,0.86,0.57,0.83,0.56,0.6285714285714286,1.0,0.0,43,97,0.75,0.9,0.1,3,18,0.9,0.7058823529411765,0.29411764705882354,5,4
27,0.68,0.8,216.96,450,108,161,0,76,True,4,Shigh,0.3,0.83,0.84,0.64,0.75,0.43,0.6428571428571429,1.0,0.0,55,83,0.85,0.7391304347826086,0.2608695652173913,10,9,0.6,0.6666666666666666,0.3333333333333333,1,3
27,0.59,0.7,174.99999999999997,460,111,142,0,72,False,-1,none,0.3,0.78,0.78,0.46,0.72,0.49,0.6142857142857143,1.0,0.0,38,86,0.55,0.875,0.125,3,11,0.5,0.7272727272727273,0.2727272727272727,0,4
27,0.69,0.87,246.0,443,84,158,0,86,False,-1,none,0.3,0.76,0.8,0.42,0.77,0.54,0.6428571428571429,1.0,0.0,43,94,0.8,0.7037037037037037,0.2962962962962963,8,8,0.8,0.6,0.4,3,2
27,0.67,0.83,193.01999999999998,447,99,170,0,63,True,1,Slow,0.3,0.78,0.82,0.59,0.76,0.57,0.7,1.0,0.0,53,104,0.6,0.7368421052631579,0.2631578947368421,3,9,0.6,0.8571428571428571,0.14285714285714285,0,1
27,0.7,0.8,236.87999999999994,450,80,175,0,75,True,4,Shigh,0.3,0.78,0.75,0.58,0.71,0.53,0.6571428571428571,1.0,0.0,55,90,0.8,0.5555555555555556,0.4444444444444444,15,8,0.8,0.625,0.375,3,4
27,0.77,0.87,250.20000000000002,443,90,190,0,73,False,-1,none,0.3,0.84,0.85,0.57,0.8,0.61,0.7714285714285715,1.0,0.0,56,103,0.75,0.7,0.3,12,15,0.8,0.6153846153846154,0.38461538461538464,3,1
27,0.75,0.87,208.56,443,99,193,0,76,True,0,Slow,0.3,0.87,0.86,0.51,0.83,0.72,0.7428571428571429,1.0,0.0,45,112,0.75,0.8695652173913043,0.13043478260869565,9,20,0.8,0.4166666666666667,0.5833333333333334,3,4
27,0.66,0.75,203.39999999999998,455,105,158,0,67,False,-1,none,0.3,0.76,0.79,0.54,0.71,0.58,0.6,1.0,0.0,46,86,0.85,0.9545454545454546,0.045454545454545456,3,16,0.7,0.5454545454545454,0.45454545454545453,1,6
27,0.57,0.65,183.59999999999997,465,86,162,0,72,False,-1,none,0.3,0.73,0.7,0.47,0.68,0.55,0.6142857142857143,1.0,0.0,45,94,0.4,0.6,0.4,6,14,0.6,0.8333333333333334,0.16666666666666666,1,2
28,0.71,0.89,177.60000000000008,441,121,144,0,81,False,-1,none,0.3,0.81,0.81,0.55,0.78,0.59,0.6,1.0,0.0,38,91,0.95,0.7037037037037037,0.2962962962962963,3,9,1.0,0.8125,0.1875,0,3
28,0.73,0.93,203.39999999999992,437,88,175,0,74,False,-1,none,0.3,0.77,0.79,0.6,0.81,0.59,0.6714285714285714,1.0,0.0,53,95,0.85,0.7586206896551724,0.2413793103448276,10,15,0.9,0.8,0.2,0,2
28,0.66,0.76,184.0,454,85,154,0,65,False,-1,none,0.3,0.75,0.73,0.54,0.65,0.48,0.6428571428571429,1.0,0.0,54,82,0.7,0.8095238095238095,0.19047619047619047,2,12,0.7,0.6,0.4,2,2
28,0.74,0.85,222.20000000000007,445,89,193,0,58,False,-1,none,0.3,0.84,0.82,0.64,0.78,0.59,0.7571428571428571,1.0,0.0,59,100,0.75,0.8636363636363636,0.13636363636363635,6,18,0.6,0.5,0.5,6,4
28,0.76,0.93,252.0,437,78,208,0,61,False,-1,none,0.3,0.83,0.85,0.64,0.81,0.66,0.7142857142857143,1.0,0.0,59,105,0.8,0.8846153846153846,0.11538461538461539,9,27,1.0,0.8235294117647058,0.17647058823529413,3,5
28,0.74,0.89,243.8,441,108,173,0,80,False,-1,none,0.3,0.86,0.84,0.62,0.79,0.59,0.6714285714285714,1.0,0.0,50,99,0.85,0.75,0.25,6,9,1.0,0.7777777777777778,0.2222222222222222,4,5
28,0.68,0.78,182.23999999999998,452,91,173,0,63,True,1,Slow,0.3,0.79,0.77,0.61,0.67,0.58,0.7428571428571429,1.0,0.0,54,94,0.5,0.8666666666666667,0.13333333333333333,5,16,0.6,0.8181818181818182,0.18181818181818182,1,3
28,0.74,0.92,242.16,438,77,188,0,78,True,4,Shigh,0.3,0.79,0.8,0.58,0.79,0.61,0.7285714285714285,1.0,0.0,62,102,0.7,0.8636363636363636,0.13636363636363635,5,11,0.9,0.7894736842105263,0.21052631578947367,1,7
28,0.68,0.81,198.79999999999995,449,81,175,0,68,False,-1,none,0.3,0.76,0.74,0.57,0.73,0.57,0.6857142857142857,1.0,0.0,58,99,0.65,0.9523809523809523,0.047619047619047616,5,9,0.7,0.6666666666666666,0.3333333333333333,0,4
28,0.62,0.76,188.99999999999994,454,78,157,0,64,True,2,Slow,0.3,0.69,0.73,0.49,0.7,0.5,0.6142857142857143,1.0,0.0,51,84,0.6,0.95,0.05,2,16,0.7,0.6923076923076923,0.3076923076923077,1,3
28,0.78,0.96,232.0,434,92,192,0,60,False,-1,none,0.3,0.86,0.88,0.65,0.82,0.59,0.7571428571428571,1.0,0.0,68,97,0.75,0.75,0.25,8,13,1.0,0.7894736842105263,0.21052631578947367,2,4
28,0.67,0.82,235.2,448,107,178,0,78,False,-1,none,0.3,0.85,0.85,0.57,0.83,0.57,0.6,1.0,0.0,56,97,0.75,0.6666666666666666,0.3333333333333333,11,10,1.0,0.631578947368421,0.3684210526315789,2,2
28,0.66,0.84,236.4,446,90,174,0,87,False,-1,none,0.3,0.83,0.8,0.54,0.75,0.56,0.5857142857142857,1.0,0.0,50,95,0.85,0.8076923076923077,0.19230769230769232,9,11,0.8,0.5294117647058824,0.47058823529411764,5,4
28,0.81,0.9,236.00000000000006,440,99,186,0,75,False,-1,none,0.3,0.86,0.87,0.62,0.78,0.62,0.8142857142857143,1.0,0.0,63,101,0.75,0.7222222222222222,0.2777777777777778,6,13,0.9,0.7333333333333333,0.26666666666666666,1,2
28,0.72,0.94,229.8,436,78,179,0,74,True,0,Slow,0.3,0.83,0.82,0.56,0.71,0.59,0.6714285714285714,1.0,0.0,58,95,0.9,0.84375,0.15625,6,15,0.7,0.6,0.4,3,2
28,0.67,0.79,214.2,451,99,177,0,75,False,-1,none,0.3,0.83,0.84,0.57,0.77,0.54,0.6428571428571429,1.0,0.0,55,96,0.7,0.8095238095238095,0.19047619047619047,6,11,0.8,0.7692307692307693,0.23076923076923078,5,4
28,0.7,0.89,212.39999999999998,441,99,176,0,81,False,-1,none,0.3,0.87,0.85,0.57,0.82,0.53,0.6428571428571429,1.0,0.0,57,92,0.8,0.8461538461538461,0.15384615384615385,6,18,0.9,0.7777777777777778,0.2222222222222222,1,2
28,0.79,0.98,270.6,432,92,189,0,91,False,-1,none,0.3,0.93,0.87,0.59,0.79,0.61,0.7142857142857143,1.0,0.0,65,91,0.95,0.7586206896551724,0.2413793103448276,14,16,1.0,0.6842105263157895,0.3157894736842105,0,3
28,0.68,0.79,210.6,451,97,185,0,69,False,-1,none,0.3,0.82,0.81,0.59,0.8,0.59,0.6857142857142857,1.0,0.0,63,96,0.7,0.85,0.15,5,11,0.6,0.6363636363636364,0.36363636363636365,4,6
28,0.62,0.73,205.19999999999996,457,114,161,0,87,False,-1,none,0.3,0.82,0.8,0.54,0.74,0.58,0.4857142857142857,1.0,0.0,38,90,0.95,0.7407407407407407,0.25925925925925924,14,12,0.9,0.75,0.25,3,4
28,0.67,0.8,225.0,450,90,180,0,75,False,-1,none,0.3,0.83,0.78,0.57,0.77,0.55,0.6142857142857143,1.0,0.0,56,92,0.75,0.6666666666666666,0.3333333333333333,10,13,0.9,0.75,0.25,5,4
28,0.63,0.76,209.39999999999995,454,100,157,0,72,False,-1,none,0.3,0.78,0.78,0.53,0.69,0.55,0.5428571428571428,1.0,0.0,49,85,0.75,0.7368421052631579,0.2631578947368421,6,11,1.0,0.7894736842105263,0.21052631578947367,2,4
28,0.72,0.91,229.32,439,88,176,0,75,True,1,Slow,0.3,0.77,0.82,0.59,0.83,0.54,0.6428571428571429,1.0,0.0,52,93,0.95,0.76,0.24,8,18,0.8,0.6666666666666666,0.3333333333333333,2,3
28,0.6,0.75,200.39999999999995,455,90,166,0,69,False,-1,none,0.3,0.75,0.76,0.53,0.69,0.58,0.5714285714285714,1.0,0.0,53,93,0.6,0.7222222222222222,0.2777777777777778,6,10,0.8,0.8823529411764706,0.11764705882352941,0,4
28,0.75,0.86,227.7,444,90,181,0,78,True,4,Shigh,0.3,0.83,0.86,0.53,0.82,0.53,0.7571428571428571,1.0,0.0,64,102,0.8,0.6086956521739131,0.391304347826087,6,6,0.6,0.8,0.2,1,2
28,0.69,0.86,233.39999999999998,444,83,166,0,70,False,-1,none,0.3,0.74,0.79,0.54,0.72,0.56,0.6571428571428571,1.0,0.0,52,88,0.75,0.8333333333333334,0.16666666666666666,10,12,0.8,0.6875,0.3125,0,4
28,0.72,0.88,232.79999999999995,442,76,187,0,79,True,3,Shigh,0.3,0.81,0.84,0.53,0.75,0.58,0.7142857142857143,0.98,0.02,76,97,0.75,0.72,0.28,4,7,0.7,0.5384615384615384,0.46153846153846156,3,0
28,0.69,0.81,224.39999999999998,449,86,176,0,92,False,-1,none,0.3,0.8,0.83,0.57,0.75,0.48,0.6714285714285714,1.0,0.0,60,93,0.7,0.7368421052631579,0.2631578947368421,8,7,0.8,0.6666666666666666,0.3333333333333333,4,4
28,0.66,0.77,179.6,453,116,156,0,86,True,2,Slow,0.3,0.84,0.79,0.52,0.81,0.53,0.6,1.0,0.0,41,93,0.85,0.7272727272727273,0.2727272727272727,3,17,0.7,0.8181818181818182,0.18181818181818182,1,1
28,0.65,0.77,220.79999999999998,453,87,154,0,72,False,-1,none,0.3,0.72,0.71,0.59,0.7,0.46,0.6142857142857143,1.0,0.0,48,81,0.8,0.5909090909090909,0.4090909090909091,14,7,0.6,0.75,0.25,1,3
28,0.72,0.8,209.99999999999997,450,76,170,0,94,False,-1,none,0.3,0.75,0.79,0.45,0.77,0.5,0.6857142857142857,1.0,0.0,54,94,0.8,0.7894736842105263,0.21052631578947367,8,12,0.8,0.8461538461538461,0.15384615384615385,0,2
28,0.69,0.85,198.4,445,92,163,0,80,False,-1,none,0.3,0.79,0.81,0.57,0.74,0.49,0.6714285714285714,1.0,0.0,55,87,0.75,0.8260869565217391,0.17391304347826086,7,11,0.7,0.7857142857142857,0.21428571428571427,0,3
28,0.6,0.75,206.99999999999994,455,83,165,0,77,False,-1,none,0.3,0.75,0.78,0.47,0.71,0.52,0.5714285714285714,1.0,0.0,54,84,0.5,0.7333333333333333,0.26666666666666666,7,11,1.0,0.8,0.2,3,6
28,0.68,0.8,208.8,450,86,165,0,69,False,-1,none,0.3,0.77,0.77,0.53,0.7,0.54,0.6714285714285714,1.0,0.0,51,91,0.65,0.7777777777777778,0.2222222222222222,4,14,0.8,0.8,0.2,3,2
28,0.7,0.79,201.6,451,88,181,0,82,False,-1,none,0.3,0.81,0.82,0.57,0.73,0.55,0.7,1.0,0.0,66,100,0.7,0.9,0.1,1,11,0.7,0.7,0.3,2,1
28,0.63,0.78,202.13999999999996,452,123,154,0,85,True,4,Shigh,0.3,0.86,0.83,0.52,0.8,0.54,0.5428571428571428,1.0,0.0,43,94,0.8,0.8888888888888888,0.1111111111111111,5,12,0.9,0.7692307692307693,0.23076923076923078,0,0
28,0.69,0.93,237.99999999999997,437,87,171,0,74,False,-1,none,0.3,0.75,0.83,0.64,0.71,0.58,0.6,1.0,0.0,52,86,0.9,0.9032258064516129,0.0967741935483871,7,16,0.9,0.65,0.35,3,7
28,0.65,0.8,222.0,450,98,158,0,69,False,-1,none,0.3,0.8,0.76,0.51,0.76,0.53,0.5857142857142857,1.0,0.0,44,87,0.8,0.7727272727272727,0.22727272727272727,8,13,0.8,0.7058823529411765,0.29411764705882354,1,5
28,0.63,0.74,201.59999999999997,456,84,160,0,72,False,-1,none,0.3,0.75,0.77,0.46,0.68,0.52,0.6142857142857143,1.0,0.0,56,80,0.65,0.7894736842105263,0.21052631578947367,9,11,0.7,0.6666666666666666,0.3333333333333333,2,2
28,0.7,0.84,246.59999999999994,446,76,195,0,75,False,-1,none,0.3,0.8,0.84,0.58,0.79,0.54,0.6714285714285714,1.0,0.0,67,92,0.75,0.5238095238095238,0.47619047619047616,19,10,0.8,0.6875,0.3125,3,4
28,0.63,0.73,220.19999999999996,457,92,165,0,65,False,-1,none,0.3,0.73,0.76,0.58,0.7,0.53,0.6,1.0,0.0,55,82,0.75,0.5238095238095238,0.47619047619047616,12,12,0.6,0.5,0.5,1,3
28,0.7,0.85,228.0,445,81,161,0,88,False,-1,none,0.3,0.79,0.8,0.44,0.73,0.51,0.6714285714285714,1.0,0.0,52,84,0.75,0.7619047619047619,0.23809523809523808,8,12,0.8,0.8235294117647058,0.17647058823529413,1,4
28,0.72,0.81,226.19999999999996,449,81,171,0,72,False,-1,none,0.3,0.77,0.78,0.54,0.68,0.56,0.7,1.0,0.0,52,86,0.7,0.7619047619047619,0.23809523809523808,12,18,0.9,0.6363636363636364,0.36363636363636365,0,3
28,0.73,0.83,202.32,447,78,185,0,84,True,0,Slow,0.3,0.82,0.81,0.48,0.79,0.56,0.7285714285714285,1.0,0.0,63,99,0.75,0.7272727272727273,0.2727272727272727,8,12,0.7,0.8,0.2,1,2
28,0.68,0.8,221.99999999999997,450,92,167,0,71,False,-1,none,0.3,0.79,0.75,0.64,0.72,0.49,0.6714285714285714,1.0,0.0,56,85,0.75,0.6818181818181818,0.3181818181818182,14,7,0.6,0.7272727272727273,0.2727272727272727,0,5
28,0.57,0.62,175.79999999999995,468,95,149,0,69,False,-1,none,0.3,0.71,0.68,0.44,0.72,0.51,0.5142857142857142,1.0,0.0,44,87,0.7,0.5333333333333333,0.4666666666666667,9,6,0.7,0.8181818181818182,0.18181818181818182,0,3
28,0.63,0.71,178.99999999999997,459,94,168,0,77,True,2,Slow,0.3,0.76,0.75,0.55,0.73,0.54,0.6142857142857143,1.0,0.0,52,91,0.75,0.7,0.3,10,11,0.5,0.625,0.375,1,3
28,0.66,0.79,219.59999999999997,451,86,166,0,74,False,-1,none,0.3,0.76,0.74,0.52,0.73,0.56,0.6142857142857143,1.0,0.0,47,88,0.75,0.8421052631578947,0.15789473684210525,8,17,0.8,0.5882352941176471,0.4117647058823529,4,2
28,0.65,0.74,198.6,456,109,166,0,81,False,-1,none,0.3,0.81,0.82,0.55,0.8,0.51,0.6142857142857143,1.0,0.0,48,97,0.8,0.6842105263157895,0.3157894736842105,11,7,0.6,0.9166666666666666,0.08333333333333333,2,1
28,0.66,0.77,195.79999999999998,453,110,154,0,84,False,-1,none,0.3,0.76,0.81,0.59,0.73,0.52,0.6285714285714286,1.0,0.0,51,88,0.65,0.8888888888888888,0.1111111111111111,3,9,0.9,0.6666666666666666,0.3333333333333333,2,1
28,0.64,0.78,217.2,452,88,178,0,76,False,-1,none,0.3,0.76,0.83,0.51,0.72,0.62,0.5714285714285714,1.0,0.0,58,89,0.75,0.8181818181818182,0.18181818181818182,10,14,0.9,0.625,0.375,1,6
28,0.71,0.88,229.92000000000002,442,115,168,0,89,True,0,Slow,0.3,0.86,0.89,0.58,0.81,0.57,0.6571428571428571,1.0,0.0,50,96,0.85,0.7407407407407407,0.25925925925925924,6,11,0.8,0.6666666666666666,0.3333333333333333,1,4
28,0.68,0.85,218.99999999999994,445,82,166,0,67,False,-1,none,0.3,0.74,0.76,0.56,0.7,0.57,0.6428571428571429,1.0,0.0,51,89,0.8,0.7083333333333334,0.2916666666666667,10,12,0.7,0.75,0.25,0,4
28,0.75,0.88,250.2,442,86,185,0,76,False,-1,none,0.3,0.8,0.84,0.61,0.81,0.53,0.7428571428571429,1.0,0.0,63,93,0.7,0.47368421052631576,0.5263157894736842,15,9,0.9,0.8235294117647058,0.17647058823529413,3,2
28,0.62,0.71,197.39999999999998,459,98,169,0,92,False,-1,none,0.3,0.79,0.82,0.52,0.74,0.51,0.6,1.0,0.0,54,91,0.7,0.7368421052631579,0.2631578947368421,12,8,0.6,0.6,0.4,4,0
28,0.63,0.71,194.39999999999998,459,102,151,0,66,False,-1,none,0.3,0.76,0.74,0.54,0.67,0.53,0.5857142857142857,1.0,0.0,48,81,0.7,0.5882352941176471,0.4117647058823529,11,9,0.8,0.9230769230769231,0.07692307692307693,0,2
28,0.7,0.8,207.4,450,90,167,0,73,False,-1,none,0.3,0.81,0.72,0.49,0.78,0.57,0.6857142857142857,1.0,0.0,53,96,0.75,0.7619047619047619,0.23809523809523808,2,13,0.7,0.9090909090909091,0.09090909090909091,0,3
28,0.76,0.96,260.4,434,72,202,0,75,False,-1,none,0.3,0.83,0.86,0.69,0.76,0.56,0.7142857142857143,1.0,0.0,76,93,0.8,0.9230769230769231,0.07692307692307693,7,16,1.0,0.7,0.3,7,3
28,0.62,0.76,203.93999999999997,454,102,171,0,66,True,3,Shigh,0.3,0.79,0.81,0.51,0.81,0.57,0.5428571428571428,1.0,0.0,54,90,0.8,0.7391304347826086,0.2608695652173913,11,12,0.8,0.8,0.2,2,2
28,0.71,0.88,229.20000000000002,442,99,163,0,85,False,-1,none,0.3,0.84,0.84,0.56,0.75,0.51,0.6714285714285714,1.0,0.0,56,89,0.75,0.9130434782608695,0.08695652173913043,4,11,0.9,0.7777777777777778,0.2222222222222222,0,3
28,0.72,0.83,204.39999999999998,447,91,167,0,74,False,-1,none,0.3,0.8,0.79,0.5,0.76,0.56,0.7,1.0,0.0,50,94,0.8,0.8095238095238095,0.19047619047619047,10,7,0.7,0.8461538461538461,0.15384615384615385,0,6
28,0.67,0.86,224.60000000000002,444,78,176,0,80,False,-1,none,0.3,0.83,0.77,0.51,0.73,0.56,0.6285714285714286,1.0,0.0,53,94,0.8,0.8518518518518519,0.14814814814814814,8,17,0.7,0.6666666666666666,0.3333333333333333,1,3
28,0.67,0.81,201.76000000000002,449,101,158,0,70,True,1,Slow,0.3,0.79,0.78,0.53,0.75,0.55,0.6285714285714286,1.0,0.0,43,84,0.7,0.8636363636363636,0.13636363636363635,6,19,0.9,0.6,0.4,2,4
28,0.73,0.87,236.39999999999998,443,91,202,0,65,False,-1,none,0.3,0.86,0.84,0.61,0.82,0.67,0.6714285714285714,1.0,0.0,63,106,0.8,0.8260869565217391,0.17391304347826086,7,18,1.0,0.7647058823529411,0.23529411764705882,3,5
28,0.6,0.71,200.39999999999998,459,94,157,0,83,False,-1,none,0.3,0.79,0.78,0.49,0.72,0.44,0.5285714285714286,1.0,0.0,45,79,0.75,0.8571428571428571,0.14285714285714285,7,17,0.8,0.6153846153846154,0.38461538461538464,3,6
28,0.7,0.84,194.28,446,87,176,0,63,True,1,Slow,0.3,0.77,0.79,0.55,0.75,0.61,0.6857142857142857,1.0,0.0,49,102,0.75,0.9565217391304348,0.043478260869565216,5,15,0.7,0.7692307692307693,0.23076923076923078,1,4
29,0.65,0.99,176.32000000000005,431,100,119,0,72,True,0,Slow,0.3,0.73,0.77,0.47,0.69,0.52,0.5857142857142857,1.0,0.0,17,82,0.8,0.7857142857142857,0.21428571428571427,6,11,0.8,0.6666666666666666,0.3333333333333333,0,3
29,0.66,0.77,181.79999999999995,453,104,148,0,76,False,-1,none,0.3,0.81,0.75,0.46,0.71,0.56,0.6285714285714286,1.0,0.0,42,91,0.6,0.5,0.5,8,6,1.0,0.7647058823529411,0.23529411764705882,0,1
29,0.78,0.91,222.0,439,98,190,0,66,False,-1,none,0.3,0.89,0.85,0.65,0.81,0.59,0.7285714285714285,1.0,0.0,59,99,0.9,0.7692307692307693,0.23076923076923078,12,13,0.9,0.7142857142857143,0.2857142857142857,3,4
29,0.64,0.73,187.00000000000006,457,85,182,0,75,False,-1,none,0.3,0.8,0.8,0.48,0.79,0.53,0.6857142857142857,1.0,0.0,55,101,0.5,0.7692307692307693,0.23076923076923078,5,13,0.6,0.75,0.25,5,3
29,0.64,0.73,185.51999999999998,457,104,167,0,91,True,2,Slow,0.3,0.82,0.82,0.53,0.76,0.51,0.6428571428571429,1.0,0.0,53,86,0.55,1.0,0.0,0,21,0.8,0.5454545454545454,0.45454545454545453,3,4
29,0.71,0.94,224.40000000000006,436,109,175,0,72,False,-1,none,0.3,0.85,0.87,0.66,0.79,0.61,0.6857142857142857,1.0,0.0,56,99,0.75,0.92,0.08,0,18,0.8,0.7619047619047619,0.23809523809523808,0,2
29,0.73,0.92,243.40000000000006,438,86,180,0,72,False,-1,none,0.3,0.84,0.8,0.54,0.84,0.56,0.6571428571428571,1.0,0.0,54,93,0.85,0.8928571428571429,0.10714285714285714,5,19,1.0,0.5555555555555556,0.4444444444444444,4,5
29,0.65,0.83,214.20000000000002,447,91,149,0,77,False,-1,none,0.3,0.75,0.78,0.53,0.69,0.48,0.6428571428571429,1.0,0.0,46,79,0.6,0.8636363636363636,0.13636363636363635,2,17,0.8,0.75,0.25,2,3
29,0.75,0.87,241.6,443,89,196,0,83,False,-1,none,0.3,0.87,0.81,0.6,0.83,0.61,0.7285714285714285,1.0,0.0,65,102,0.8,0.65,0.35,11,10,0.8,0.5625,0.4375,4,4
29,0.65,0.82,228.4,448,93,156,0,74,False,-1,none,0.3,0.79,0.75,0.56,0.72,0.49,0.6285714285714286,1.0,0.0,51,82,0.7,0.5714285714285714,0.42857142857142855,11,6,0.7,0.7647058823529411,0.23529411764705882,3,3
29,0.78,0.92,222.00000000000003,438,79,196,0,83,True,0,Slow,0.3,0.85,0.87,0.52,0.83,0.6,0.8142857142857143,1.0,0.0,69,104,0.75,0.7272727272727273,0.2727272727272727,9,12,0.6,0.6153846153846154,0.38461538461538464,1,1
29,0.7,0.79,227.6,451,86,172,0,73,False,-1,none,0.3,0.77,0.78,0.53,0.72,0.57,0.6714285714285714,1.0,0.0,52,87,0.75,0.5,0.5,15,12,0.8,0.5714285714285714,0.42857142857142855,3,3
29,0.62,0.8,191.00000000000009,450,104,156,0,80,False,-1,none,0.3,0.8,0.8,0.49,0.74,0.57,0.5571428571428572,1.0,0.0,40,90,0.75,0.7727272727272727,0.22727272727272727,5,15,0.8,0.7777777777777778,0.2222222222222222,3,3
29,0.63,0.8,187.12,450,104,152,0,64,True,0,Slow,0.3,0.78,0.79,0.47,0.73,0.59,0.5285714285714286,1.0,0.0,37,87,0.85,0.8,0.2,13,11,0.9,0.7777777777777778,0.2222222222222222,0,4
29,0.61,0.74,183.60000000000002,456,98,158,0,80,False,-1,none,0.3,0.78,0.81,0.53,0.71,0.47,0.5714285714285714,1.0,0.0,51,86,0.75,0.9090909090909091,0.09090909090909091,5,13,0.6,0.75,0.25,1,2
29,0.75,0.89,237.0,441,97,186,0,63,False,-1,none,0.3,0.84,0.83,0.6,0.81,0.64,0.7,1.0,0.0,57,107,0.85,0.8695652173913043,0.13043478260869565,4,13,0.9,0.7058823529411765,0.29411764705882354,3,2
29,0.64,0.73,199.04,457,104,167,0,76,True,1,Slow,0.3,0.77,0.79,0.51,0.8,0.57,0.6142857142857143,1.0,0.0,47,99,0.75,0.5789473684210527,0.42105263157894735,6,11,0.6,0.5454545454545454,0.45454545454545453,2,2
29,0.74,0.88,207.72000000000003,442,92,162,0,73,True,0,Slow,0.3,0.8,0.79,0.53,0.74,0.56,0.7428571428571429,1.0,0.0,52,90,0.8,0.7727272727272727,0.22727272727272727,7,11,0.6,0.6428571428571429,0.35714285714285715,1,1
29,0.67,0.75,179.45999999999998,455,83,154,0,98,True,1,Slow,0.3,0.76,0.76,0.42,0.72,0.46,0.6714285714285714,1.0,0.0,50,81,0.65,0.7058823529411765,0.29411764705882354,9,10,0.7,0.7272727272727273,0.2727272727272727,0,4
29,0.71,0.82,198.49999999999997,448,77,184,0,92,True,1,Slow,0.3,0.81,0.84,0.51,0.78,0.49,0.7142857142857143,1.0,0.0,64,94,0.7,0.7222222222222222,0.2777777777777778,10,12,0.7,0.6428571428571429,0.35714285714285715,1,3
29,0.63,0.78,202.2,452,103,153,0,71,False,-1,none,0.3,0.8,0.78,0.59,0.71,0.46,0.6,1.0,0.0,50,84,0.65,0.7619047619047619,0.23809523809523808,5,11,0.8,0.8666666666666667,0.13333333333333333,0,3
29,0.74,0.88,229.80000000000004,442,83,190,0,74,False,-1,none,0.3,0.83,0.83,0.58,0.81,0.56,0.7428571428571429,1.0,0.0,61,101,0.7,0.9,0.1,4,13,0.8,0.625,0.375,7,4
29,0.66,0.82,222.00000000000003,448,98,179,0,76,False,-1,none,0.3,0.84,0.82,0.55,0.81,0.57,0.6142857142857143,1.0,0.0,55,94,0.75,0.9090909090909091,0.09090909090909091,5,15,0.8,0.5882352941176471,0.4117647058823529,5,5
29,0.64,0.78,209.20000000000002,452,96,155,0,86,True,3,Shigh,0.3,0.82,0.73,0.49,0.72,0.53,0.6285714285714286,1.0,0.0,46,88,0.65,0.8235294117647058,0.17647058823529413,3,9,0.7,0.5882352941176471,0.4117647058823529,3,6
29,0.6,0.67,187.99999999999997,463,92,156,0,85,False,-1,none,0.3,0.75,0.71,0.4,0.71,0.58,0.5714285714285714,1.0,0.0,38,95,0.75,0.5789473684210527,0.42105263157894735,8,12,0.5,0.75,0.25,2,1
29,0.68,0.8,209.00000000000003,450,102,187,0,56,False,-1,none,0.3,0.83,0.85,0.63,0.78,0.6,0.6142857142857143,1.0,0.0,60,96,0.9,0.8076923076923077,0.19230769230769232,11,15,0.7,0.8181818181818182,0.18181818181818182,1,4
29,0.65,0.78,171.20000000000002,452,111,156,0,75,True,0,Slow,0.3,0.8,0.8,0.56,0.78,0.51,0.6285714285714286,1.0,0.0,45,89,0.6,0.9411764705882353,0.058823529411764705,1,14,0.9,0.8235294117647058,0.17647058823529413,3,4
29,0.63,0.78,225.6,452,104,163,0,80,False,-1,none,0.3,0.85,0.82,0.5,0.82,0.46,0.5714285714285714,1.0,0.0,44,90,0.7,0.7368421052631579,0.2631578947368421,9,12,0.9,0.631578947368421,0.3684210526315789,4,4
29,0.72,0.89,165.78,441,83,162,0,81,True,1,Slow,0.3,0.79,0.79,0.52,0.74,0.5,0.7142857142857143,1.0,0.0,45,95,0.8,0.875,0.125,6,13,0.6,0.8333333333333334,0.16666666666666666,1,2
29,0.66,0.8,217.00000000000003,450,98,174,0,68,False,-1,none,0.3,0.79,0.79,0.59,0.77,0.58,0.6285714285714286,1.0,0.0,47,95,0.6,0.631578947368421,0.3684210526315789,14,12,1.0,0.7058823529411765,0.29411764705882354,1,5
29,0.68,0.86,241.4,444,91,177,0,81,False,-1,none,0.3,0.83,0.83,0.51,0.83,0.54,0.6,1.0,0.0,48,89,0.85,0.7692307692307693,0.23076923076923078,8,19,0.9,0.7777777777777778,0.2222222222222222,4,9
29,0.66,0.76,204.99999999999997,454,87,152,0,90,False,-1,none,0.3,0.75,0.75,0.5,0.72,0.43,0.6142857142857143,1.0,0.0,52,82,0.7,0.9444444444444444,0.05555555555555555,3,10,0.9,0.6,0.4,0,5
29,0.71,0.82,225.59999999999997,448,88,160,0,90,False,-1,none,0.3,0.81,0.81,0.49,0.7,0.49,0.7,1.0,0.0,52,85,0.75,0.6666666666666666,0.3333333333333333,8,7,0.7,0.5333333333333333,0.4666666666666667,2,6
29,0.6,0.73,196.8,457,90,181,0,86,False,-1,none,0.3,0.79,0.83,0.51,0.79,0.52,0.5285714285714286,1.0,0.0,46,101,0.8,0.782608695652174,0.21739130434782608,12,16,0.7,0.7692307692307693,0.23076923076923078,3,3
29,0.69,0.85,254.6,445,81,188,0,76,False,-1,none,0.3,0.82,0.83,0.6,0.76,0.53,0.6428571428571429,1.0,0.0,61,89,0.7,0.65,0.35,11,12,1.0,0.7,0.3,7,8
29,0.67,0.77,190.79999999999998,453,90,161,0,77,False,-1,none,0.3,0.76,0.79,0.46,0.74,0.53,0.6857142857142857,1.0,0.0,44,96,0.75,0.8636363636363636,0.13636363636363635,6,11,0.4,0.7142857142857143,0.2857142857142857,3,1
29,0.75,0.89,247.20000000000002,441,100,186,0,85,False,-1,none,0.3,0.9,0.86,0.59,0.86,0.54,0.6857142857142857,1.0,0.0,52,99,0.9,0.7391304347826086,0.2608695652173913,13,13,0.9,0.7777777777777778,0.2222222222222222,2,7
29,0.68,0.84,249.39999999999998,446,89,176,0,86,False,-1,none,0.3,0.83,0.82,0.51,0.78,0.55,0.6,1.0,0.0,53,94,0.85,0.782608695652174,0.21739130434782608,5,15,0.9,0.5789473684210527,0.42105263157894735,5,4
29,0.73,0.84,220.79999999999998,446,88,176,0,72,False,-1,none,0.3,0.83,0.78,0.59,0.76,0.52,0.7571428571428571,1.0,0.0,57,96,0.65,0.6842105263157895,0.3157894736842105,12,9,0.7,0.8333333333333334,0.16666666666666666,0,2
29,0.72,0.88,251.09999999999997,442,90,177,0,85,True,4,Shigh,0.3,0.84,0.83,0.6,0.73,0.55,0.6571428571428571,1.0,0.0,59,89,0.8,0.6956521739130435,0.30434782608695654,9,10,1.0,0.631578947368421,0.3684210526315789,5,5
29,0.65,0.81,209.4,449,105,168,0,61,False,-1,none,0.3,0.79,0.8,0.62,0.76,0.57,0.6142857142857143,1.0,0.0,50,92,0.65,0.9047619047619048,0.09523809523809523,4,16,0.9,0.8235294117647058,0.17647058823529413,1,5
29,0.67,0.79,184.76,451,102,165,0,74,True,1,Slow,0.3,0.81,0.77,0.56,0.78,0.54,0.6714285714285714,1.0,0.0,48,98,0.55,0.8571428571428571,0.14285714285714285,4,7,0.9,0.8333333333333334,0.16666666666666666,2,6
29,0.65,0.78,231.0,452,95,160,0,72,False,-1,none,0.3,0.76,0.78,0.51,0.75,0.53,0.6142857142857143,1.0,0.0,47,87,0.7,0.6666666666666666,0.3333333333333333,6,11,0.8,0.6470588235294118,0.35294117647058826,6,3
29,0.75,0.89,232.00000000000003,441,113,175,0,88,False,-1,none,0.3,0.9,0.88,0.62,0.84,0.53,0.7142857142857143,1.0,0.0,53,96,0.85,0.84,0.16,6,17,0.8,0.8571428571428571,0.14285714285714285,0,3
29,0.66,0.85,208.59999999999997,445,93,150,0,77,True,3,Shigh,0.3,0.78,0.77,0.55,0.69,0.49,0.6,1.0,0.0,48,79,0.8,0.7307692307692307,0.2692307692307692,8,12,0.8,0.7647058823529411,0.23529411764705882,0,3
29,0.66,0.81,227.79999999999998,449,75,171,0,83,False,-1,none,0.3,0.81,0.75,0.52,0.7,0.49,0.6,1.0,0.0,54,78,0.8,0.782608695652174,0.21739130434782608,10,21,0.8,0.6875,0.3125,5,3
29,0.63,0.77,222.6,453,82,188,0,68,False,-1,none,0.3,0.81,0.79,0.57,0.76,0.54,0.5857142857142857,1.0,0.0,61,91,0.7,0.8095238095238095,0.19047619047619047,11,15,0.8,0.5333333333333333,0.4666666666666667,5,5
29,0.64,0.73,197.04,457,100,154,0,88,True,0,Slow,0.3,0.77,0.81,0.49,0.72,0.48,0.5857142857142857,1.0,0.0,45,87,0.75,0.7368421052631579,0.2631578947368421,6,12,0.8,0.6153846153846154,0.38461538461538464,1,3
29,0.64,0.76,179.94,454,105,160,0,69,True,1,Slow,0.3,0.78,0.78,0.58,0.78,0.49,0.5857142857142857,1.0,0.0,43,92,0.85,0.782608695652174,0.21739130434782608,7,12,0.6,0.7272727272727273,0.2727272727272727,2,4
29,0.71,0.87,249.59999999999994,443,87,183,0,73,False,-1,none,0.3,0.81,0.83,0.56,0.79,0.58,0.6428571428571429,1.0,0.0,52,97,0.9,0.8148148148148148,0.18518518518518517,9,16,0.8,0.6,0.4,4,5
29,0.65,0.79,211.79999999999998,451,84,165,0,67,False,-1,none,0.3,0.76,0.75,0.54,0.7,0.53,0.6428571428571429,1.0,0.0,56,88,0.65,0.8571428571428571,0.14285714285714285,2,14,0.7,0.7692307692307693,0.23076923076923078,1,4
29,0.72,0.85,248.39999999999995,445,98,187,0,85,False,-1,none,0.3,0.84,0.83,0.63,0.83,0.57,0.6857142857142857,1.0,0.0,60,98,0.85,0.6818181818181818,0.3181818181818182,8,15,0.7,0.6,0.4,3,3
29,0.67,0.76,190.79999999999998,454,88,190,0,71,True,0,Slow,0.3,0.82,0.81,0.49,0.81,0.61,0.6857142857142857,1.0,0.0,60,104,0.7,0.7647058823529411,0.23529411764705882,7,14,0.5,0.7272727272727273,0.2727272727272727,1,4
29,0.65,0.76,212.39999999999998,454,100,180,0,79,False,-1,none,0.3,0.8,0.83,0.54,0.82,0.57,0.6142857142857143,1.0,0.0,54,98,0.7,0.7142857142857143,0.2857142857142857,9,13,0.8,0.8333333333333334,0.16666666666666666,0,6
29,0.66,0.79,208.79999999999995,451,83,170,0,73,True,0,Slow,0.3,0.76,0.77,0.52,0.7,0.57,0.6571428571428571,1.0,0.0,57,85,0.6,0.7222222222222222,0.2777777777777778,6,15,0.8,0.5333333333333333,0.4666666666666667,1,6
29,0.68,0.81,221.63999999999996,449,95,165,0,74,True,2,Slow,0.3,0.78,0.82,0.52,0.78,0.51,0.6285714285714286,1.0,0.0,48,87,0.8,0.7272727272727273,0.2727272727272727,11,13,0.8,0.6666666666666666,0.3333333333333333,4,2
29,0.65,0.76,209.39999999999998,454,101,159,0,74,False,-1,none,0.3,0.79,0.77,0.58,0.74,0.48,0.6142857142857143,1.0,0.0,51,84,0.7,0.7647058823529411,0.23529411764705882,6,15,0.8,0.8125,0.1875,0,3
29,0.63,0.79,221.99999999999997,451,107,170,0,69,False,-1,none,0.3,0.82,0.82,0.53,0.77,0.62,0.5428571428571428,1.0,0.0,47,97,0.8,0.88,0.12,4,14,0.9,0.6875,0.3125,3,5
29,0.66,0.74,209.99999999999997,456,109,174,0,73,False,-1,none,0.3,0.83,0.81,0.52,0.8,0.61,0.6571428571428571,1.0,0.0,46,101,0.65,0.7222222222222222,0.2777777777777778,9,15,0.7,0.7,0.3,1,2
29,0.67,0.86,230.51999999999998,444,103,181,0,85,True,4,Shigh,0.3,0.88,0.84,0.55,0.79,0.64,0.5714285714285714,1.0,0.0,47,98,0.9,0.8214285714285714,0.17857142857142858,12,18,0.9,0.7777777777777778,0.2222222222222222,3,3
29,0.6,0.73,201.59999999999997,457,90,152,0,75,False,-1,none,0.3,0.77,0.75,0.44,0.66,0.53,0.5285714285714286,1.0,0.0,39,75,0.75,0.75,0.25,13,16,0.8,0.875,0.125,2,7
29,0.66,0.73,199.67999999999995,457,116,163,0,88,True,2,Slow,0.3,0.84,0.85,0.52,0.74,0.57,0.6714285714285714,1.0,0.0,49,90,0.65,0.8,0.2,4,15,0.6,0.5454545454545454,0.45454545454545453,2,3
29,0.7,0.88,228.83999999999997,442,99,177,0,76,True,2,Slow,0.3,0.86,0.85,0.62,0.78,0.53,0.6,1.0,0.0,56,87,0.9,0.75,0.25,13,16,1.0,0.7272727272727273,0.2727272727272727,3,2
29,0.64,0.76,197.39999999999998,454,80,168,0,71,False,-1,none,0.3,0.75,0.76,0.52,0.71,0.5,0.6142857142857143,1.0,0.0,58,85,0.7,0.8947368421052632,0.10526315789473684,6,14,0.7,0.8571428571428571,0.14285714285714285,3,2
29,0.64,0.81,218.39999999999998,449,104,175,0,80,False,-1,none,0.3,0.85,0.83,0.58,0.73,0.61,0.5571428571428572,1.0,0.0,47,96,0.9,0.8518518518518519,0.14814814814814814,7,17,0.7,0.8666666666666667,0.13333333333333333,3,5
29,0.66,0.75,225.59999999999997,455,89,192,0,64,False,-1,none,0.3,0.78,0.81,0.6,0.79,0.58,0.6,1.0,0.0,53,96,0.75,0.6666666666666666,0.3333333333333333,14,16,0.9,0.6,0.4,7,6
