seed,week_number,attendance_rate,purchase_rate,buyer_seller_pair_stability,mean_loyalty_streak,total_revenue,promotion_seller_id,Poor_to_Slow_share,Poor_to_Shigh_share,Middle_to_Slow_share,Middle_to_Shigh_share,Rich_to_Slow_share,Rich_to_Shigh_share
0,0,0.85,0.68,,1.0,187.20000000000005,-1,1.0,0.0,0.6896551724137931,0.3103448275862069,0.6875,0.3125
0,1,0.84,0.69,0.3877551020408163,1.2753623188405796,161.99999999999994,-1,1.0,0.0,0.8947368421052632,0.10526315789473684,0.7,0.3
0,2,0.86,0.73,0.43137254901960786,1.4383561643835616,198.0,-1,1.0,0.0,0.8095238095238095,0.19047619047619047,0.7857142857142857,0.21428571428571427
0,3,0.81,0.62,0.38636363636363635,1.532258064516129,209.00000000000003,-1,1.0,0.0,0.8333333333333334,0.16666666666666666,0.5,0.5
0,4,0.87,0.73,0.3902439024390244,1.5342465753424657,207.35999999999999,1,1.0,0.0,1.0,0.0,0.75,0.25
0,5,0.85,0.71,0.4117647058823529,1.6901408450704225,230.60000000000005,-1,1.0,0.0,0.7916666666666666,0.20833333333333334,0.6428571428571429,0.35714285714285715
0,6,0.78,0.65,0.43478260869565216,1.8,195.39999999999998,-1,1.0,0.0,0.7368421052631579,0.2631578947368421,0.8333333333333334,0.16666666666666666
0,7,0.82,0.69,0.4444444444444444,1.9420289855072463,207.79999999999995,3,1.0,0.0,0.7916666666666666,0.20833333333333334,0.7333333333333333,0.26666666666666666
0,8,0.9,0.81,0.6037735849056604,2.259259259259259,250.20000000000002,-1,1.0,0.0,0.896551724137931,0.10344827586206896,0.6923076923076923,0.3076923076923077
0,9,0.87,0.72,0.40350877192982454,2.013888888888889,189.0,-1,1.0,0.0,0.9,0.1,0.9,0.1
0,10,0.83,0.71,0.4117647058823529,1.9859154929577465,229.59999999999997,-1,1.0,0.0,0.7222222222222222,0.2777777777777778,0.7222222222222222,0.2777777777777778
0,11,0.84,0.73,0.45454545454545453,1.904109589041096,230.20000000000002,-1,1.0,0.0,0.6842105263157895,0.3157894736842105,0.6,0.4
0,12,0.84,0.68,0.40425531914893614,2.0588235294117645,207.19999999999996,-1,1.0,0.0,0.85,0.15,0.7333333333333333,0.26666666666666666
0,13,0.85,0.63,0.6,2.365079365079365,198.39999999999998,-1,1.0,0.0,0.6875,0.3125,0.8666666666666667,0.13333333333333333
0,14,0.83,0.72,0.5,2.2916666666666665,230.20000000000002,-1,1.0,0.0,0.6666666666666666,0.3333333333333333,0.8125,0.1875
0,15,0.77,0.69,0.4489795918367347,2.1159420289855073,223.2,-1,1.0,0.0,0.5555555555555556,0.4444444444444444,0.8,0.2
0,16,0.87,0.74,0.3584905660377358,2.081081081081081,234.56000000000003,4,1.0,0.0,0.6190476190476191,0.38095238095238093,0.6428571428571429,0.35714285714285715
0,17,0.81,0.67,0.43137254901960786,1.9402985074626866,189.59999999999994,-1,1.0,0.0,0.7894736842105263,0.21052631578947367,0.7777777777777778,0.2222222222222222
0,18,0.81,0.68,0.35555555555555557,1.7058823529411764,227.60000000000002,3,1.0,0.0,0.6521739130434783,0.34782608695652173,0.5882352941176471,0.4117647058823529
0,19,0.82,0.68,0.4888888888888889,2.073529411764706,203.23999999999998,1,1.0,0.0,0.8260869565217391,0.17391304347826086,0.5833333333333334,0.4166666666666667
0,20,0.84,0.68,0.5,2.014705882352941,201.20000000000002,-1,1.0,0.0,0.875,0.125,0.5,0.5
0,21,0.79,0.65,0.3877551020408163,1.7538461538461538,207.19999999999996,-1,1.0,0.0,0.8695652173913043,0.13043478260869565,0.7333333333333333,0.26666666666666666
0,22,0.87,0.67,0.46808510638297873,1.7313432835820894,222.39999999999995,1,1.0,0.0,0.5909090909090909,0.4090909090909091,0.7894736842105263,0.21052631578947367
0,23,0.87,0.73,0.40816326530612246,1.8082191780821917,213.76000000000002,4,1.0,0.0,0.6111111111111112,0.3888888888888889,0.7692307692307693,0.23076923076923078
0,24,0.84,0.68,0.3888888888888889,1.6911764705882353,202.80000000000004,-1,1.0,0.0,0.8571428571428571,0.14285714285714285,0.8461538461538461,0.15384615384615385
0,25,0.81,0.66,0.2765957446808511,1.7424242424242424,184.92000000000002,0,1.0,0.0,0.8,0.2,0.8571428571428571,0.14285714285714285
0,26,0.82,0.68,0.5,1.838235294117647,199.00000000000003,-1,1.0,0.0,0.7058823529411765,0.29411764705882354,0.7272727272727273,0.2727272727272727
0,27,0.83,0.67,0.3958333333333333,1.7014925373134329,213.60000000000002,-1,1.0,0.0,0.8181818181818182,0.18181818181818182,0.8235294117647058,0.17647058823529413
0,28,0.83,0.63,0.4444444444444444,1.9206349206349207,196.39999999999998,-1,1.0,0.0,0.8636363636363636,0.13636363636363635,0.8461538461538461,0.15384615384615385
0,29,0.86,0.74,0.45454545454545453,1.7837837837837838,210.40000000000003,-1,1.0,0.0,0.9615384615384616,0.038461538461538464,0.7142857142857143,0.2857142857142857
0,30,0.82,0.67,0.3877551020408163,1.9253731343283582,207.59999999999994,-1,1.0,0.0,0.8,0.2,0.6428571428571429,0.35714285714285715
0,31,0.82,0.67,0.5192307692307693,2.1044776119402986,205.40000000000003,-1,1.0,0.0,0.85,0.15,0.6,0.4
0,32,0.84,0.65,0.32608695652173914,1.7846153846153847,205.80000000000004,-1,1.0,0.0,0.7777777777777778,0.2222222222222222,0.6153846153846154,0.38461538461538464
0,33,0.8,0.63,0.5526315789473685,2.126984126984127,195.4,-1,1.0,0.0,0.7142857142857143,0.2857142857142857,0.6,0.4
0,34,0.89,0.74,0.5,1.8918918918918919,248.60000000000002,-1,1.0,0.0,0.8461538461538461,0.15384615384615385,0.6470588235294118,0.35294117647058826
0,35,0.85,0.69,0.4909090909090909,1.8840579710144927,213.8,-1,1.0,0.0,0.7368421052631579,0.2631578947368421,0.6666666666666666,0.3333333333333333
0,36,0.84,0.7,0.3877551020408163,1.8142857142857143,210.76000000000002,2,1.0,0.0,0.8181818181818182,0.18181818181818182,0.5833333333333334,0.4166666666666667
0,37,0.73,0.57,0.5952380952380952,2.0350877192982457,176.44000000000003,4,1.0,0.0,0.8125,0.1875,0.75,0.25
0,38,0.89,0.77,0.36585365853658536,1.7532467532467533,227.60000000000005,-1,1.0,0.0,0.8,0.2,0.7692307692307693,0.23076923076923078
0,39,0.92,0.75,0.45614035087719296,1.7733333333333334,233.00000000000006,3,1.0,0.0,0.8076923076923077,0.19230769230769232,0.7777777777777778,0.2222222222222222
0,40,0.81,0.64,0.42857142857142855,1.984375,182.39999999999998,-1,1.0,0.0,0.9047619047619048,0.09523809523809523,0.9230769230769231,0.07692307692307693
0,41,0.89,0.69,0.46938775510204084,2.028985507246377,214.60000000000005,-1,1.0,0.0,0.7916666666666666,0.20833333333333334,0.8,0.2
0,42,0.85,0.73,0.4716981132075472,2.041095890410959,226.80000000000004,-1,1.0,0.0,0.7916666666666666,0.20833333333333334,0.9285714285714286,0.07142857142857142
0,43,0.86,0.74,0.4230769230769231,2.0945945945945947,249.80000000000007,-1,1.0,0.0,0.8620689655172413,0.13793103448275862,0.5384615384615384,0.46153846153846156
0,44,0.84,0.74,0.5517241379310345,2.1621621621621623,234.20000000000005,-1,1.0,0.0,0.6666666666666666,0.3333333333333333,0.6363636363636364,0.36363636363636365
0,45,0.82,0.67,0.32653061224489793,2.253731343283582,180.60000000000002,-1,1.0,0.0,0.875,0.125,0.8333333333333334,0.16666666666666666
0,46,0.85,0.7,0.4090909090909091,2.142857142857143,232.00000000000006,-1,1.0,0.0,0.75,0.25,0.5882352941176471,0.4117647058823529
0,47,0.88,0.69,0.425531914893617,2.3768115942028984,219.4,-1,1.0,0.0,0.6842105263157895,0.3157894736842105,0.6363636363636364,0.36363636363636365
0,48,0.83,0.68,0.32608695652173914,2.3088235294117645,189.77999999999997,1,1.0,0.0,0.8235294117647058,0.17647058823529413,0.6923076923076923,0.3076923076923077
0,49,0.88,0.75,0.3673469387755102,2.4,242.20000000000002,-1,1.0,0.0,0.6363636363636364,0.36363636363636365,0.8181818181818182,0.18181818181818182
0,50,0.84,0.69,0.4528301886792453,2.463768115942029,197.20000000000002,-1,1.0,0.0,0.9583333333333334,0.041666666666666664,0.8181818181818182,0.18181818181818182
0,51,0.89,0.67,0.42857142857142855,2.074626865671642,230.60000000000005,-1,1.0,0.0,0.8571428571428571,0.14285714285714285,0.7619047619047619,0.23809523809523808
0,52,0.82,0.59,0.24390243902439024,1.88135593220339,187.20000000000002,-1,1.0,0.0,0.8,0.2,0.7272727272727273,0.2727272727272727
0,53,0.91,0.74,0.42857142857142855,1.8783783783783783,248.99999999999997,-1,1.0,0.0,0.7,0.3,0.7058823529411765,0.29411764705882354
0,54,0.85,0.68,0.45098039215686275,2.161764705882353,213.08,4,1.0,0.0,0.8181818181818182,0.18181818181818182,0.6153846153846154,0.38461538461538464
0,55,0.78,0.65,0.5116279069767442,2.3384615384615386,204.39999999999998,-1,1.0,0.0,0.7222222222222222,0.2777777777777778,0.45454545454545453,0.5454545454545454
0,56,0.86,0.66,0.40476190476190477,2.272727272727273,232.91999999999996,4,1.0,0.0,0.782608695652174,0.21739130434782608,0.6470588235294118,0.35294117647058826
0,57,0.86,0.73,0.4791666666666667,2.2739726027397262,233.4,-1,1.0,0.0,0.9545454545454546,0.045454545454545456,0.7647058823529411,0.23529411764705882
0,58,0.81,0.7,0.4339622641509434,2.2714285714285714,216.59999999999997,-1,1.0,0.0,0.7,0.3,0.9,0.1
0,59,0.88,0.72,0.36,2.2083333333333335,230.99999999999997,3,1.0,0.0,0.8636363636363636,0.13636363636363635,0.75,0.25
0,60,0.84,0.71,0.4117647058823529,1.7183098591549295,212.39999999999998,-1,1.0,0.0,0.9,0.1,0.7,0.3
0,61,0.9,0.71,0.36538461538461536,1.619718309859155,231.59999999999997,-1,1.0,0.0,0.9047619047619048,0.09523809523809523,0.46153846153846156,0.5384615384615384
0,62,0.88,0.7,0.4117647058823529,1.7714285714285714,209.99999999999994,-1,1.0,0.0,0.7727272727272727,0.22727272727272727,0.9090909090909091,0.09090909090909091
0,63,0.86,0.72,0.44,1.8333333333333333,216.39999999999998,-1,1.0,0.0,0.9130434782608695,0.08695652173913043,0.7692307692307693,0.23076923076923078
0,64,0.81,0.71,0.43137254901960786,1.8169014084507042,236.39999999999998,-1,1.0,0.0,0.7083333333333334,0.2916666666666667,0.5555555555555556,0.4444444444444444
0,65,0.85,0.72,0.3673469387755102,1.7916666666666667,229.79999999999995,-1,1.0,0.0,0.782608695652174,0.21739130434782608,0.6923076923076923,0.3076923076923077
1,0,0.84,0.58,,1.0,160.00000000000003,-1,1.0,0.0,0.6666666666666666,0.3333333333333333,0.5833333333333334,0.4166666666666667
1,1,0.88,0.64,0.21052631578947367,1.125,183.59999999999997,-1,1.0,0.0,0.7894736842105263,0.21052631578947367,0.7727272727272727,0.22727272727272727
1,2,0.85,0.71,0.3958333333333333,1.3943661971830985,206.0,-1,1.0,0.0,0.6666666666666666,0.3333333333333333,0.7333333333333333,0.26666666666666666
1,3,0.89,0.63,0.4318181818181818,1.5873015873015872,211.20000000000005,-1,1.0,0.0,0.7619047619047619,0.23809523809523808,0.6666666666666666,0.3333333333333333
1,4,0.83,0.61,0.5952380952380952,1.8032786885245902,208.79999999999995,-1,1.0,0.0,1.0,0.0,0.46153846153846156,0.5384615384615384
1,5,0.85,0.71,0.45652173913043476,1.8169014084507042,232.00000000000003,-1,1.0,0.0,0.7619047619047619,0.23809523809523808,0.6,0.4
1,6,0.87,0.74,0.49056603773584906,1.837837837837838,239.60000000000002,4,1.0,0.0,0.68,0.32,0.6666666666666666,0.3333333333333333
1,7,0.91,0.69,0.43137254901960786,2.0144927536231885,197.60000000000002,-1,1.0,0.0,0.7333333333333333,0.26666666666666666,0.9333333333333333,0.06666666666666667
1,8,0.86,0.71,0.3888888888888889,1.8732394366197183,234.0,-1,1.0,0.0,0.7083333333333334,0.2916666666666667,0.8461538461538461,0.15384615384615385
1,9,0.83,0.71,0.4444444444444444,1.8591549295774648,214.04000000000002,2,1.0,0.0,0.782608695652174,0.21739130434782608,0.7142857142857143,0.2857142857142857
1,10,0.84,0.69,0.43478260869565216,1.9275362318840579,222.79999999999998,-1,1.0,0.0,0.6956521739130435,0.30434782608695654,0.6153846153846154,0.38461538461538464
1,11,0.85,0.72,0.40816326530612246,1.7916666666666667,230.99999999999994,-1,1.0,0.0,0.8095238095238095,0.19047619047619047,0.7222222222222222,0.2777777777777778
1,12,0.86,0.69,0.3469387755102041,1.681159420289855,199.8,-1,1.0,0.0,0.5294117647058824,0.47058823529411764,0.5714285714285714,0.42857142857142855
1,13,0.87,0.73,0.34615384615384615,1.6575342465753424,215.39999999999998,-1,1.0,0.0,0.8666666666666667,0.13333333333333333,0.7647058823529411,0.23529411764705882
1,14,0.81,0.64,0.4791666666666667,1.828125,205.59999999999997,-1,1.0,0.0,0.7272727272727273,0.2727272727272727,0.5333333333333333,0.4666666666666667
1,15,0.86,0.74,0.3695652173913043,1.7567567567567568,222.8,-1,1.0,0.0,0.8846153846153846,0.11538461538461539,0.6,0.4
1,16,0.85,0.7,0.39285714285714285,1.9428571428571428,235.80000000000004,-1,1.0,0.0,0.8461538461538461,0.15384615384615385,0.7777777777777778,0.2222222222222222
1,17,0.83,0.67,0.4583333333333333,2.0,198.2,-1,1.0,0.0,0.8846153846153846,0.11538461538461539,0.8461538461538461,0.15384615384615385
1,18,0.88,0.73,0.40425531914893614,1.9726027397260273,251.00000000000006,-1,1.0,0.0,0.76,0.24,0.6428571428571429,0.35714285714285715
1,19,0.81,0.69,0.46,2.0144927536231885,221.99999999999994,-1,1.0,0.0,0.9047619047619048,0.09523809523809523,0.5714285714285714,0.42857142857142855
1,20,0.82,0.7,0.62,2.3142857142857145,206.16,2,1.0,0.0,0.8695652173913043,0.13043478260869565,0.75,0.25
1,21,0.84,0.69,0.25,2.0434782608695654,224.4,-1,1.0,0.0,0.6,0.4,0.6428571428571429,0.35714285714285715
1,22,0.79,0.62,0.2857142857142857,1.7096774193548387,193.79999999999998,-1,1.0,0.0,0.9,0.1,0.7857142857142857,0.21428571428571427
1,23,0.83,0.75,0.5116279069767442,1.8933333333333333,240.60000000000002,-1,1.0,0.0,0.7894736842105263,0.21052631578947367,0.6842105263157895,0.3157894736842105
1,24,0.88,0.72,0.37735849056603776,1.9305555555555556,193.2,-1,1.0,0.0,0.8181818181818182,0.18181818181818182,0.8181818181818182,0.18181818181818182
1,25,0.92,0.76,0.40350877192982454,1.9605263157894737,229.40000000000003,-1,1.0,0.0,0.7222222222222222,0.2777777777777778,0.8,0.2
1,26,0.85,0.74,0.4339622641509434,2.081081081081081,219.79999999999998,-1,1.0,0.0,0.8695652173913043,0.13043478260869565,0.7142857142857143,0.2857142857142857
1,27,0.79,0.7,0.3076923076923077,1.9714285714285715,229.20000000000002,-1,1.0,0.0,0.7727272727272727,0.22727272727272727,0.7777777777777778,0.2222222222222222
1,28,0.86,0.62,0.4318181818181818,2.0161290322580645,202.91999999999996,3,1.0,0.0,0.9047619047619048,0.09523809523809523,0.5333333333333333,0.4666666666666667
1,29,0.8,0.6,0.39473684210526316,2.05,180.59999999999997,-1,1.0,0.0,0.7692307692307693,0.23076923076923078,0.6923076923076923,0.3076923076923077
1,30,0.84,0.69,0.42857142857142855,1.9275362318840579,216.6,-1,1.0,0.0,0.75,0.25,0.5714285714285714,0.42857142857142855
1,31,0.9,0.7,0.4583333333333333,1.9142857142857144,221.75999999999996,3,1.0,0.0,0.631578947368421,0.3684210526315789,0.625,0.375
1,32,0.87,0.62,0.32608695652173914,1.7741935483870968,194.39999999999998,-1,1.0,0.0,0.8571428571428571,0.14285714285714285,0.8823529411764706,0.11764705882352941
1,33,0.83,0.6,0.4444444444444444,1.9833333333333334,195.59999999999997,-1,1.0,0.0,0.5263157894736842,0.47368421052631576,0.8,0.2
1,34,0.85,0.64,0.42857142857142855,1.8125,218.39999999999998,-1,1.0,0.0,0.85,0.15,0.6470588235294118,0.35294117647058826
1,35,0.85,0.63,0.45454545454545453,1.9523809523809523,201.60000000000002,-1,1.0,0.0,0.8,0.2,0.5833333333333334,0.4166666666666667
1,36,0.91,0.74,0.4,1.9324324324324325,220.2,-1,1.0,0.0,0.7083333333333334,0.2916666666666667,0.8333333333333334,0.16666666666666666
1,37,0.84,0.72,0.48148148148148145,1.9166666666666667,230.00000000000006,-1,1.0,0.0,0.875,0.125,0.65,0.35
1,38,0.88,0.71,0.3888888888888889,1.9859154929577465,215.2,2,1.0,0.0,0.7058823529411765,0.29411764705882354,0.8333333333333334,0.16666666666666666
1,39,0.85,0.75,0.37254901960784315,1.6533333333333333,231.16,4,1.0,0.0,0.8181818181818182,0.18181818181818182,0.631578947368421,0.3684210526315789
1,40,0.93,0.68,0.32075471698113206,1.7794117647058822,236.0,-1,1.0,0.0,0.7727272727272727,0.22727272727272727,0.7222222222222222,0.2777777777777778
1,41,0.87,0.74,0.3469387755102041,1.8243243243243243,236.2,-1,1.0,0.0,0.8260869565217391,0.17391304347826086,0.5833333333333334,0.4166666666666667
1,42,0.81,0.63,0.46938775510204084,2.0634920634920637,203.99999999999994,-1,1.0,0.0,0.8,0.2,0.6923076923076923,0.3076923076923077
1,43,0.77,0.61,0.48717948717948717,1.9508196721311475,205.79999999999998,-1,1.0,0.0,0.625,0.375,0.7692307692307693,0.23076923076923078
1,44,0.89,0.73,0.4222222222222222,2.041095890410959,229.2,-1,1.0,0.0,0.7777777777777778,0.2222222222222222,0.8888888888888888,0.1111111111111111
1,45,0.92,0.78,0.37037037037037035,2.0128205128205128,268.20000000000005,-1,1.0,0.0,0.7083333333333334,0.2916666666666667,0.5714285714285714,0.42857142857142855
1,46,0.84,0.71,0.4727272727272727,2.1267605633802815,247.2,-1,1.0,0.0,0.7727272727272727,0.22727272727272727,0.8421052631578947,0.15789473684210525
1,47,0.81,0.68,0.4666666666666667,2.088235294117647,230.39999999999995,-1,1.0,0.0,0.7894736842105263,0.21052631578947367,0.7777777777777778,0.2222222222222222
1,48,0.77,0.6,0.37209302325581395,1.9333333333333333,206.39999999999995,-1,1.0,0.0,0.75,0.25,0.8666666666666667,0.13333333333333333
1,49,0.87,0.73,0.41304347826086957,2.2054794520547945,238.79999999999998,-1,1.0,0.0,0.7727272727272727,0.22727272727272727,0.6923076923076923,0.3076923076923077
1,50,0.84,0.64,0.3829787234042553,2.03125,229.19999999999993,-1,1.0,0.0,0.8260869565217391,0.17391304347826086,0.5714285714285714,0.42857142857142855
1,51,0.85,0.73,0.391304347826087,1.8767123287671232,242.4,-1,1.0,0.0,0.8461538461538461,0.15384615384615385,0.7142857142857143,0.2857142857142857
1,52,0.87,0.72,0.38181818181818183,1.8611111111111112,193.74000000000004,3,1.0,0.0,0.92,0.08,0.7058823529411765,0.29411764705882354
1,53,0.86,0.69,0.45098039215686275,2.0144927536231885,213.0,-1,1.0,0.0,0.6428571428571429,0.35714285714285715,0.7857142857142857,0.21428571428571427
1,54,0.86,0.62,0.34146341463414637,1.6129032258064515,204.59999999999997,-1,1.0,0.0,0.9375,0.0625,0.5714285714285714,0.42857142857142855
1,55,0.86,0.72,0.36585365853658536,1.6666666666666667,243.59999999999997,-1,1.0,0.0,0.8076923076923077,0.19230769230769232,0.5454545454545454,0.45454545454545453
1,56,0.83,0.63,0.4375,1.8888888888888888,214.19999999999993,-1,1.0,0.0,0.8333333333333334,0.16666666666666666,0.6666666666666666,0.3333333333333333
1,57,0.8,0.63,0.4418604651162791,1.9841269841269842,196.79999999999995,-1,1.0,0.0,0.7647058823529411,0.23529411764705882,0.7692307692307693,0.23076923076923078
1,58,0.8,0.55,0.5,2.018181818181818,181.79999999999998,-1,1.0,0.0,0.7692307692307693,0.23076923076923078,0.7058823529411765,0.29411764705882354
1,59,0.83,0.66,0.5,1.8333333333333333,198.59999999999997,2,1.0,0.0,0.8125,0.1875,0.6923076923076923,0.3076923076923077
1,60,0.86,0.7,0.4772727272727273,1.8285714285714285,234.60000000000002,-1,1.0,0.0,0.65,0.35,0.7777777777777778,0.2222222222222222
1,61,0.86,0.69,0.6041666666666666,2.246376811594203,214.14,3,1.0,0.0,0.7647058823529411,0.23529411764705882,0.75,0.25
1,62,0.88,0.71,0.5882352941176471,2.3380281690140845,207.0,-1,1.0,0.0,0.9523809523809523,0.047619047619047616,0.8461538461538461,0.15384615384615385
1,63,0.87,0.71,0.5106382978723404,2.2816901408450705,229.79999999999998,-1,1.0,0.0,0.7368421052631579,0.2631578947368421,0.6923076923076923,0.3076923076923077
1,64,0.81,0.68,0.38461538461538464,2.2941176470588234,187.99999999999997,-1,1.0,0.0,0.75,0.25,0.7333333333333333,0.26666666666666666
1,65,0.88,0.6,0.4186046511627907,2.216666666666667,193.39999999999998,-1,1.0,0.0,0.7333333333333333,0.26666666666666666,0.6666666666666666,0.3333333333333333
2,0,0.84,0.68,,1.0,196.8,-1,1.0,0.0,0.5769230769230769,0.4230769230769231,0.5882352941176471,0.4117647058823529
2,1,0.85,0.68,0.3333333333333333,1.25,181.79999999999995,-1,1.0,0.0,0.8,0.2,0.5,0.5
2,2,0.8,0.64,0.46938775510204084,1.515625,170.0,-1,1.0,0.0,0.8260869565217391,0.17391304347826086,0.875,0.125
2,3,0.8,0.6,0.47058823529411764,1.6166666666666667,180.40000000000003,-1,1.0,0.0,0.8235294117647058,0.17647058823529413,0.8125,0.1875
2,4,0.9,0.73,0.45454545454545453,1.6712328767123288,208.79999999999998,-1,1.0,0.0,1.0,0.0,0.8181818181818182,0.18181818181818182
2,5,0.89,0.72,0.4444444444444444,1.8194444444444444,236.40000000000003,-1,1.0,0.0,0.7619047619047619,0.23809523809523808,0.7368421052631579,0.2631578947368421
2,6,0.87,0.63,0.4318181818181818,1.8412698412698412,182.64,1,1.0,0.0,0.9,0.1,0.6923076923076923,0.3076923076923077
2,7,0.84,0.67,0.5454545454545454,2.029850746268657,227.99999999999997,-1,1.0,0.0,0.8260869565217391,0.17391304347826086,0.7647058823529411,0.23529411764705882
2,8,0.85,0.75,0.5510204081632653,2.3466666666666667,218.40000000000003,-1,1.0,0.0,0.875,0.125,0.8333333333333334,0.16666666666666666
2,9,0.85,0.76,0.41379310344827586,2.0526315789473686,258.11999999999995,3,1.0,0.0,0.7083333333333334,0.2916666666666667,0.7368421052631579,0.2631578947368421
2,10,0.88,0.71,0.33962264150943394,1.8169014084507042,237.59999999999997,-1,1.0,0.0,0.84,0.16,0.7333333333333333,0.26666666666666666
2,11,0.81,0.65,0.41304347826086957,2.2,195.41999999999996,3,1.0,0.0,0.9130434782608695,0.08695652173913043,0.8181818181818182,0.18181818181818182
2,12,0.91,0.69,0.4090909090909091,1.7246376811594204,234.6,-1,1.0,0.0,0.9,0.1,0.7777777777777778,0.2222222222222222
2,13,0.85,0.66,0.3404255319148936,1.8181818181818181,213.6,-1,1.0,0.0,0.8333333333333334,0.16666666666666666,0.7777777777777778,0.2222222222222222
2,14,0.83,0.64,0.3170731707317073,1.890625,200.69999999999996,3,1.0,0.0,0.7777777777777778,0.2222222222222222,0.7857142857142857,0.21428571428571427
2,15,0.82,0.62,0.3333333333333333,1.8548387096774193,187.19999999999996,-1,1.0,0.0,0.9523809523809523,0.047619047619047616,0.75,0.25
2,16,0.87,0.68,0.46511627906976744,1.7794117647058822,209.99999999999997,-1,1.0,0.0,0.8421052631578947,0.15789473684210525,0.8571428571428571,0.14285714285714285
2,17,0.91,0.74,0.45098039215686275,1.7972972972972974,228.0,-1,1.0,0.0,0.8421052631578947,0.15789473684210525,0.8235294117647058,0.17647058823529413
2,18,0.86,0.75,0.42857142857142855,1.9333333333333333,244.20000000000002,-1,1.0,0.0,0.8333333333333334,0.16666666666666666,0.6428571428571429,0.35714285714285715
2,19,0.86,0.63,0.52,2.1746031746031744,193.19999999999996,-1,1.0,0.0,0.8421052631578947,0.15789473684210525,0.75,0.25
2,20,0.87,0.64,0.5121951219512195,1.953125,202.79999999999993,-1,1.0,0.0,0.8235294117647058,0.17647058823529413,0.8125,0.1875
2,21,0.81,0.65,0.4523809523809524,1.9384615384615385,212.0,-1,1.0,0.0,0.7058823529411765,0.29411764705882354,0.7142857142857143,0.2857142857142857
2,22,0.87,0.65,0.3953488372093023,1.9538461538461538,211.19999999999996,-1,1.0,0.0,0.5882352941176471,0.4117647058823529,0.6428571428571429,0.35714285714285715
2,23,0.83,0.69,0.5319148936170213,2.0434782608695654,210.0,-1,1.0,0.0,0.7894736842105263,0.21052631578947367,0.7692307692307693,0.23076923076923078
2,24,0.87,0.67,0.5192307692307693,2.1044776119402986,210.60000000000002,-1,1.0,0.0,0.7692307692307693,0.23076923076923078,0.7142857142857143,0.2857142857142857
2,25,0.85,0.69,0.42857142857142855,2.289855072463768,238.19999999999996,-1,1.0,0.0,0.6111111111111112,0.3888888888888889,0.7368421052631579,0.2631578947368421
2,26,0.83,0.58,0.475,2.1379310344827585,189.59999999999994,-1,1.0,0.0,0.8125,0.1875,0.5,0.5
2,27,0.79,0.61,0.4864864864864865,2.1147540983606556,177.6,-1,1.0,0.0,0.8888888888888888,0.1111111111111111,0.9230769230769231,0.07692307692307693
2,28,0.83,0.66,0.42105263157894735,2.227272727272727,203.99999999999994,-1,1.0,0.0,0.6111111111111112,0.3888888888888889,0.9,0.1
2,29,0.83,0.69,0.3617021276595745,2.0144927536231885,220.2,-1,1.0,0.0,0.7894736842105263,0.21052631578947367,0.6363636363636364,0.36363636363636365
2,30,0.88,0.72,0.40816326530612246,2.0,225.59999999999994,-1,1.0,0.0,0.7272727272727273,0.2727272727272727,0.9285714285714286,0.07142857142857142
2,31,0.83,0.71,0.4444444444444444,2.0,221.99999999999994,-1,1.0,0.0,0.75,0.25,0.5454545454545454,0.45454545454545453
2,32,0.86,0.71,0.21568627450980393,1.8873239436619718,231.59999999999997,-1,1.0,0.0,0.9,0.1,0.5714285714285714,0.42857142857142855
2,33,0.78,0.68,0.37254901960784315,1.7941176470588236,235.2,-1,1.0,0.0,0.9,0.1,0.6111111111111112,0.3888888888888889
2,34,0.87,0.72,0.375,1.75,224.40000000000003,-1,1.0,0.0,0.8421052631578947,0.15789473684210525,0.7142857142857143,0.2857142857142857
2,35,0.89,0.69,0.3877551020408163,1.681159420289855,207.39999999999998,-1,1.0,0.0,0.7368421052631579,0.2631578947368421,0.8235294117647058,0.17647058823529413
2,36,0.9,0.72,0.49056603773584906,2.2083333333333335,215.88000000000002,1,1.0,0.0,0.8636363636363636,0.13636363636363635,0.5714285714285714,0.42857142857142855
2,37,0.83,0.72,0.46296296296296297,2.263888888888889,187.07999999999996,0,1.0,0.0,1.0,0.0,0.7857142857142857,0.21428571428571427
2,38,0.85,0.67,0.375,1.6417910447761195,220.2,-1,1.0,0.0,0.8260869565217391,0.17391304347826086,0.7857142857142857,0.21428571428571427
2,39,0.84,0.67,0.3409090909090909,1.835820895522388,230.99999999999997,-1,1.0,0.0,0.75,0.25,0.46153846153846156,0.5384615384615384
2,40,0.84,0.72,0.37254901960784315,2.0416666666666665,240.00000000000003,-1,1.0,0.0,0.84,0.16,0.75,0.25
2,41,0.82,0.65,0.4791666666666667,2.0923076923076924,212.99999999999997,-1,1.0,0.0,0.8,0.2,0.6363636363636364,0.36363636363636365
2,42,0.86,0.7,0.4444444444444444,2.0285714285714285,231.59999999999997,-1,1.0,0.0,0.8260869565217391,0.17391304347826086,0.6470588235294118,0.35294117647058826
2,43,0.86,0.71,0.27450980392156865,1.9154929577464788,242.39999999999998,-1,1.0,0.0,0.875,0.125,0.5,0.5
2,44,0.84,0.72,0.4791666666666667,1.9722222222222223,214.28,4,1.0,0.0,0.68,0.32,0.6923076923076923,0.3076923076923077
2,45,0.83,0.67,0.48,1.791044776119403,212.51999999999998,0,1.0,0.0,0.7692307692307693,0.23076923076923078,0.5454545454545454,0.45454545454545453
2,46,0.76,0.61,0.36585365853658536,1.6557377049180328,182.87999999999997,2,1.0,0.0,0.7777777777777778,0.2222222222222222,0.7272727272727273,0.2727272727272727
2,47,0.9,0.68,0.46153846153846156,1.911764705882353,227.99999999999991,-1,1.0,0.0,0.8571428571428571,0.14285714285714285,0.7272727272727273,0.2727272727272727
2,48,0.85,0.69,0.4583333333333333,2.0434782608695654,225.60000000000002,-1,1.0,0.0,0.7368421052631579,0.2631578947368421,0.5833333333333334,0.4166666666666667
2,49,0.86,0.73,0.46,1.8630136986301369,231.6,-1,1.0,0.0,0.7142857142857143,0.2857142857142857,0.8461538461538461,0.15384615384615385
2,50,0.82,0.66,0.4583333333333333,1.878787878787879,209.99999999999997,-1,1.0,0.0,0.65,0.35,0.75,0.25
2,51,0.86,0.7,0.5434782608695652,2.057142857142857,230.39999999999998,-1,1.0,0.0,0.8636363636363636,0.13636363636363635,0.7333333333333333,0.26666666666666666
2,52,0.85,0.77,0.4,1.844155844155844,247.79999999999998,-1,1.0,0.0,0.75,0.25,0.8461538461538461,0.15384615384615385
2,53,0.82,0.65,0.49019607843137253,1.9384615384615385,197.99999999999997,-1,1.0,0.0,0.9375,0.0625,0.5,0.5
2,54,0.79,0.63,0.46153846153846156,1.8253968253968254,209.57999999999993,3,1.0,0.0,0.6470588235294118,0.35294117647058826,0.5625,0.4375
2,55,0.8,0.62,0.3157894736842105,1.967741935483871,204.0,-1,1.0,0.0,0.9583333333333334,0.041666666666666664,0.5833333333333334,0.4166666666666667
2,56,0.9,0.69,0.475,2.2318840579710146,222.59999999999997,-1,1.0,0.0,0.9,0.1,0.6875,0.3125
2,57,0.86,0.77,0.45098039215686275,2.051948051948052,236.4,-1,1.0,0.0,0.7222222222222222,0.2777777777777778,0.7272727272727273,0.2727272727272727
2,58,0.84,0.69,0.36363636363636365,1.855072463768116,220.2,-1,1.0,0.0,0.7222222222222222,0.2777777777777778,0.5,0.5
2,59,0.85,0.64,0.30952380952380953,1.6875,194.87999999999994,3,1.0,0.0,0.7058823529411765,0.29411764705882354,0.6363636363636364,0.36363636363636365
2,60,0.85,0.66,0.3953488372093023,1.8636363636363635,215.67999999999998,0,1.0,0.0,0.7777777777777778,0.2222222222222222,0.65,0.35
2,61,0.78,0.61,0.42857142857142855,1.9180327868852458,195.59999999999997,-1,1.0,0.0,0.8333333333333334,0.16666666666666666,0.5833333333333334,0.4166666666666667
2,62,0.85,0.65,0.41025641025641024,1.8307692307692307,196.19999999999993,-1,1.0,0.0,0.8947368421052632,0.10526315789473684,0.5714285714285714,0.42857142857142855
2,63,0.88,0.65,0.3333333333333333,1.9076923076923078,229.19999999999996,-1,1.0,0.0,0.6666666666666666,0.3333333333333333,0.6666666666666666,0.3333333333333333
2,64,0.86,0.65,0.5,2.076923076923077,190.9,3,1.0,0.0,0.8888888888888888,0.1111111111111111,0.7142857142857143,0.2857142857142857
2,65,0.87,0.68,0.5227272727272727,2.1470588235294117,216.60000000000002,-1,1.0,0.0,1.0,0.0,0.5833333333333334,0.4166666666666667
3,0,0.85,0.64,,1.0,184.00000000000003,1,1.0,0.0,0.5862068965517241,0.41379310344827586,0.7333333333333333,0.26666666666666666
3,1,0.87,0.74,0.3076923076923077,1.2162162162162162,201.59999999999994,-1,1.0,0.0,0.75,0.25,0.7222222222222222,0.2777777777777778
3,2,0.92,0.67,0.39215686274509803,1.4179104477611941,214.0,-1,1.0,0.0,0.65,0.35,0.6666666666666666,0.3333333333333333
3,3,0.88,0.67,0.4489795918367347,1.671641791044776,204.60000000000005,-1,1.0,0.0,0.9,0.1,0.75,0.25
3,4,0.87,0.69,0.4583333333333333,1.7826086956521738,201.6,-1,1.0,0.0,1.0,0.0,0.75,0.25
3,5,0.88,0.72,0.3148148148148148,1.8611111111111112,238.79999999999998,-1,1.0,0.0,0.85,0.15,0.5625,0.4375
3,6,0.83,0.67,0.43478260869565216,1.7611940298507462,201.6,-1,1.0,0.0,0.8947368421052632,0.10526315789473684,0.625,0.375
3,7,0.79,0.63,0.4772727272727273,1.8571428571428572,207.59999999999997,-1,1.0,0.0,0.8,0.2,0.5454545454545454,0.45454545454545453
3,8,0.9,0.73,0.3409090909090909,1.7534246575342465,213.2,-1,1.0,0.0,0.8181818181818182,0.18181818181818182,0.7692307692307693,0.23076923076923078
3,9,0.82,0.73,0.32142857142857145,1.726027397260274,240.6,-1,1.0,0.0,0.8181818181818182,0.18181818181818182,0.6,0.4
3,10,0.82,0.68,0.5471698113207547,1.9558823529411764,219.59999999999997,-1,1.0,0.0,0.9130434782608695,0.08695652173913043,0.5,0.5
3,11,0.86,0.73,0.41304347826086957,1.9452054794520548,219.12,1,1.0,0.0,0.8,0.2,0.5714285714285714,0.42857142857142855
3,12,0.81,0.67,0.46808510638297873,1.9402985074626866,199.60000000000002,-1,1.0,0.0,0.6666666666666666,0.3333333333333333,0.8888888888888888,0.1111111111111111
3,13,0.83,0.69,0.4166666666666667,1.7681159420289856,206.39999999999995,-1,1.0,0.0,0.8181818181818182,0.18181818181818182,0.8,0.2
3,14,0.8,0.62,0.37209302325581395,2.1129032258064515,192.6,-1,1.0,0.0,0.9047619047619048,0.09523809523809523,0.8333333333333334,0.16666666666666666
3,15,0.87,0.65,0.55,1.9230769230769231,196.8,-1,1.0,0.0,0.7058823529411765,0.29411764705882354,0.6363636363636364,0.36363636363636365
3,16,0.83,0.65,0.6046511627906976,2.292307692307692,179.59999999999997,-1,1.0,0.0,0.7272727272727273,0.2727272727272727,0.7857142857142857,0.21428571428571427
3,17,0.8,0.59,0.47368421052631576,2.135593220338983,181.67999999999998,1,1.0,0.0,0.7333333333333333,0.26666666666666666,0.5833333333333334,0.4166666666666667
3,18,0.8,0.61,0.46875,2.2131147540983607,180.20000000000002,-1,1.0,0.0,0.9090909090909091,0.09090909090909091,0.8888888888888888,0.1111111111111111
3,19,0.84,0.65,0.4634146341463415,2.1076923076923078,208.79999999999998,-1,1.0,0.0,0.47058823529411764,0.5294117647058824,0.6923076923076923,0.3076923076923077
3,20,0.88,0.75,0.3877551020408163,2.12,242.4,-1,1.0,0.0,0.9047619047619048,0.09523809523809523,0.7368421052631579,0.2631578947368421
3,21,0.83,0.73,0.5370370370370371,2.1232876712328768,229.19999999999993,-1,1.0,0.0,0.8181818181818182,0.18181818181818182,0.7692307692307693,0.23076923076923078
3,22,0.89,0.76,0.35714285714285715,2.0526315789473686,251.99999999999994,4,1.0,0.0,0.5789473684210527,0.42105263157894735,0.5333333333333333,0.4666666666666667
3,23,0.83,0.71,0.39622641509433965,1.7464788732394365,205.20000000000002,-1,1.0,0.0,0.8181818181818182,0.18181818181818182,0.5833333333333334,0.4166666666666667
3,24,0.87,0.69,0.42,2.028985507246377,226.2,-1,1.0,0.0,0.6842105263157895,0.3157894736842105,0.6153846153846154,0.38461538461538464
3,25,0.84,0.7,0.4375,2.0285714285714285,215.99999999999997,2,1.0,0.0,0.7142857142857143,0.2857142857142857,0.8125,0.1875
3,26,0.86,0.69,0.5192307692307693,2.1884057971014492,213.19999999999996,-1,1.0,0.0,0.5,0.5,0.7333333333333333,0.26666666666666666
3,27,0.88,0.74,0.4,1.7702702702702702,234.0,-1,1.0,0.0,0.85,0.15,0.7333333333333333,0.26666666666666666
3,28,0.89,0.72,0.3333333333333333,1.7638888888888888,228.0,-1,1.0,0.0,0.9285714285714286,0.07142857142857142,0.7142857142857143,0.2857142857142857
3,29,0.72,0.6,0.35555555555555557,1.75,199.2,-1,1.0,0.0,0.7222222222222222,0.2777777777777778,0.75,0.25
3,30,0.87,0.7,0.4358974358974359,2.0428571428571427,231.00000000000003,3,1.0,0.0,0.8,0.2,0.6428571428571429,0.35714285714285715
3,31,0.84,0.61,0.5476190476190477,2.262295081967213,197.99999999999997,-1,1.0,0.0,0.8421052631578947,0.15789473684210525,0.7142857142857143,0.2857142857142857
3,32,0.84,0.71,0.4782608695652174,2.23943661971831,226.79999999999998,-1,1.0,0.0,0.9130434782608695,0.08695652173913043,0.8333333333333334,0.16666666666666666
3,33,0.87,0.72,0.46,2.4583333333333335,225.60000000000002,-1,1.0,0.0,0.8947368421052632,0.10526315789473684,0.6428571428571429,0.35714285714285715
3,34,0.88,0.77,0.5535714285714286,2.1298701298701297,217.20000000000002,-1,1.0,0.0,0.92,0.08,0.7857142857142857,0.21428571428571427
3,35,0.77,0.66,0.5192307692307693,2.196969696969697,225.6,-1,1.0,0.0,0.7619047619047619,0.23809523809523808,0.6666666666666666,0.3333333333333333
3,36,0.88,0.71,0.3125,2.028169014084507,213.59999999999994,-1,1.0,0.0,0.8,0.2,0.75,0.25
3,37,0.89,0.64,0.48936170212765956,2.03125,204.0,-1,1.0,0.0,0.7,0.3,0.8181818181818182,0.18181818181818182
3,38,0.8,0.69,0.40425531914893614,1.8115942028985508,229.19999999999996,-1,1.0,0.0,0.6111111111111112,0.3888888888888889,0.7647058823529411,0.23529411764705882
3,39,0.8,0.65,0.4,1.7076923076923076,223.2,-1,1.0,0.0,0.7272727272727273,0.2727272727272727,0.5384615384615384,0.46153846153846156
3,40,0.89,0.7,0.4186046511627907,1.7142857142857142,212.4,-1,1.0,0.0,0.8095238095238095,0.19047619047619047,0.6666666666666666,0.3333333333333333
3,41,0.85,0.69,0.4,1.7971014492753623,243.59999999999997,-1,1.0,0.0,0.7727272727272727,0.22727272727272727,0.5294117647058824,0.47058823529411764
3,42,0.9,0.77,0.21428571428571427,1.7662337662337662,236.15999999999994,0,1.0,0.0,0.6818181818181818,0.3181818181818182,0.6521739130434783,0.34782608695652173
3,43,0.86,0.73,0.41379310344827586,1.6986301369863013,243.60000000000002,-1,1.0,0.0,0.7916666666666666,0.20833333333333334,0.7777777777777778,0.2222222222222222
3,44,0.89,0.73,0.4339622641509434,1.8493150684931507,228.0,-1,1.0,0.0,0.7777777777777778,0.2222222222222222,0.6428571428571429,0.35714285714285715
3,45,0.79,0.69,0.46938775510204084,1.8840579710144927,228.59999999999994,4,1.0,0.0,0.7777777777777778,0.2222222222222222,0.6,0.4
3,46,0.84,0.72,0.36,1.7083333333333333,235.19999999999996,-1,1.0,0.0,0.7894736842105263,0.21052631578947367,0.38461538461538464,0.6153846153846154
3,47,0.82,0.63,0.4782608695652174,1.746031746031746,190.79999999999995,-1,1.0,0.0,0.7647058823529411,0.23529411764705882,0.7272727272727273,0.2727272727272727
3,48,0.85,0.74,0.6086956521739131,1.972972972972973,217.2,-1,1.0,0.0,0.7058823529411765,0.29411764705882354,0.7777777777777778,0.2222222222222222
3,49,0.89,0.74,0.46296296296296297,2.1621621621621623,236.39999999999998,-1,1.0,0.0,0.6666666666666666,0.3333333333333333,0.8125,0.1875
3,50,0.88,0.74,0.42105263157894735,2.0945945945945947,220.79999999999995,-1,1.0,0.0,0.8333333333333334,0.16666666666666666,0.7692307692307693,0.23076923076923078
3,51,0.83,0.69,0.4423076923076923,1.9565217391304348,216.0,-1,1.0,0.0,0.8636363636363636,0.13636363636363635,0.7857142857142857,0.21428571428571427
3,52,0.86,0.73,0.43137254901960786,2.041095890410959,235.20000000000002,-1,1.0,0.0,0.8095238095238095,0.19047619047619047,0.7647058823529411,0.23529411764705882
3,53,0.86,0.64,0.45652173913043476,1.921875,202.79999999999995,-1,1.0,0.0,0.8695652173913043,0.13043478260869565,0.6,0.4
3,54,0.91,0.81,0.4117647058823529,2.1604938271604937,271.20000000000005,-1,1.0,0.0,0.76,0.24,0.6666666666666666,0.3333333333333333
3,55,0.85,0.69,0.4444444444444444,2.36231884057971,227.99999999999997,-1,1.0,0.0,0.782608695652174,0.21739130434782608,0.5833333333333334,0.4166666666666667
3,56,0.84,0.69,0.32,2.217391304347826,217.2,-1,1.0,0.0,0.7,0.3,0.7272727272727273,0.2727272727272727
3,57,0.86,0.69,0.391304347826087,2.36231884057971,202.07999999999998,1,1.0,0.0,0.875,0.125,0.5714285714285714,0.42857142857142855
3,58,0.89,0.7,0.5,1.9142857142857144,209.39999999999998,-1,1.0,0.0,0.8571428571428571,0.14285714285714285,0.6666666666666666,0.3333333333333333
3,59,0.8,0.64,0.37777777777777777,1.765625,193.91999999999996,0,1.0,0.0,0.85,0.15,0.7058823529411765,0.29411764705882354
3,60,0.83,0.64,0.4444444444444444,2.0,214.79999999999995,-1,1.0,0.0,0.8461538461538461,0.15384615384615385,0.9411764705882353,0.058823529411764705
3,61,0.86,0.71,0.41304347826086957,1.8309859154929577,227.99999999999997,-1,1.0,0.0,0.5,0.5,0.6923076923076923,0.3076923076923077
3,62,0.87,0.74,0.375,1.972972972972973,240.0,-1,1.0,0.0,0.8695652173913043,0.13043478260869565,0.4166666666666667,0.5833333333333334
3,63,0.87,0.7,0.46938775510204084,2.085714285714286,219.60000000000002,-1,1.0,0.0,0.85,0.15,0.5833333333333334,0.4166666666666667
3,64,0.78,0.62,0.5,1.8387096774193548,184.25999999999996,2,1.0,0.0,0.8,0.2,0.6666666666666666,0.3333333333333333
3,65,0.87,0.71,0.4186046511627907,1.971830985915493,218.4,-1,1.0,0.0,0.8,0.2,0.7058823529411765,0.29411764705882354
4,0,0.87,0.7,,1.0,200.00000000000006,-1,1.0,0.0,0.5833333333333334,0.4166666666666667,0.5789473684210527,0.42105263157894735
4,1,0.85,0.68,0.4375,1.3088235294117647,178.2,-1,1.0,0.0,0.75,0.25,0.75,0.25
4,2,0.77,0.62,0.4883720930232558,1.5806451612903225,184.0,-1,1.0,0.0,0.84,0.16,0.6,0.4
4,3,0.9,0.73,0.4772727272727273,1.6575342465753424,235.40000000000006,-1,1.0,0.0,0.7272727272727273,0.2727272727272727,0.6153846153846154,0.38461538461538464
4,4,0.85,0.68,0.4375,1.7647058823529411,216.00000000000003,-1,1.0,0.0,1.0,0.0,0.8125,0.1875
4,5,0.9,0.73,0.375,1.7671232876712328,209.64,0,1.0,0.0,0.8148148148148148,0.18518518518518517,0.8571428571428571,0.14285714285714285
4,6,0.85,0.72,0.49122807017543857,1.9027777777777777,234.0,-1,1.0,0.0,0.8846153846153846,0.11538461538461539,0.7777777777777778,0.2222222222222222
4,7,0.84,0.66,0.37254901960784315,1.8181818181818181,209.99999999999991,-1,1.0,0.0,0.8260869565217391,0.17391304347826086,0.6,0.4
4,8,0.9,0.69,0.3541666666666667,2.0,222.6,-1,1.0,0.0,0.8260869565217391,0.17391304347826086,0.5833333333333334,0.4166666666666667
4,9,0.86,0.66,0.32558139534883723,1.9696969696969697,214.19999999999993,-1,1.0,0.0,0.7222222222222222,0.2777777777777778,0.75,0.25
4,10,0.92,0.73,0.4,1.8767123287671232,214.8,1,1.0,0.0,0.8148148148148148,0.18518518518518517,0.7333333333333333,0.26666666666666666
4,11,0.84,0.67,0.29411764705882354,1.6567164179104477,209.99999999999994,-1,1.0,0.0,0.65,0.35,0.6666666666666666,0.3333333333333333
4,12,0.85,0.71,0.3673469387755102,1.8169014084507042,239.99999999999994,-1,1.0,0.0,0.88,0.12,0.5294117647058824,0.47058823529411764
4,13,0.85,0.69,0.43137254901960786,1.8840579710144927,225.95999999999998,4,1.0,0.0,0.8260869565217391,0.17391304347826086,0.46153846153846156,0.5384615384615384
4,14,0.84,0.66,0.4166666666666667,1.9848484848484849,211.79999999999998,-1,1.0,0.0,0.8,0.2,0.7692307692307693,0.23076923076923078
4,15,0.87,0.74,0.5102040816326531,2.0405405405405403,222.35999999999999,1,1.0,0.0,0.7222222222222222,0.2777777777777778,0.7647058823529411,0.23529411764705882
4,16,0.82,0.72,0.35294117647058826,2.0833333333333335,232.79999999999998,-1,1.0,0.0,0.92,0.08,0.7647058823529411,0.23529411764705882
4,17,0.86,0.69,0.3191489361702128,1.6956521739130435,227.4,-1,1.0,0.0,0.8888888888888888,0.1111111111111111,0.7368421052631579,0.2631578947368421
4,18,0.88,0.73,0.39622641509433965,1.904109589041096,223.2,-1,1.0,0.0,0.7058823529411765,0.29411764705882354,0.8181818181818182,0.18181818181818182
4,19,0.85,0.72,0.43137254901960786,1.875,218.2,-1,1.0,0.0,0.75,0.25,0.7,0.3
4,20,0.8,0.64,0.3877551020408163,1.609375,210.59999999999997,-1,1.0,0.0,0.6666666666666666,0.3333333333333333,0.6923076923076923,0.3076923076923077
4,21,0.89,0.8,0.4,1.95,246.35999999999993,1,1.0,0.0,0.7727272727272727,0.22727272727272727,0.6470588235294118,0.35294117647058826
4,22,0.85,0.71,0.423728813559322,1.8309859154929577,230.39999999999995,-1,1.0,0.0,0.7647058823529411,0.23529411764705882,0.75,0.25
4,23,0.87,0.71,0.5,2.0140845070422535,231.6,-1,1.0,0.0,0.9523809523809523,0.047619047619047616,0.7058823529411765,0.29411764705882354
4,24,0.87,0.67,0.4375,1.8656716417910448,215.39999999999998,-1,1.0,0.0,0.6923076923076923,0.3076923076923077,0.6428571428571429,0.35714285714285715
4,25,0.82,0.72,0.54,1.9027777777777777,190.0,2,1.0,0.0,0.8421052631578947,0.15789473684210525,0.625,0.375
4,26,0.83,0.67,0.49019607843137253,2.014925373134328,202.79999999999998,-1,1.0,0.0,0.7619047619047619,0.23809523809523808,0.7272727272727273,0.2727272727272727
4,27,0.82,0.65,0.5,2.1384615384615384,230.60000000000002,-1,1.0,0.0,0.8095238095238095,0.19047619047619047,0.5,0.5
4,28,0.82,0.68,0.3404255319148936,1.8823529411764706,190.1999999999999,-1,1.0,0.0,0.8823529411764706,0.11764705882352941,0.8571428571428571,0.14285714285714285
4,29,0.86,0.7,0.5,1.8571428571428572,189.59999999999997,0,1.0,0.0,0.7894736842105263,0.21052631578947367,0.8571428571428571,0.14285714285714285
4,30,0.84,0.66,0.45098039215686275,1.9242424242424243,227.75999999999996,4,1.0,0.0,0.6470588235294118,0.35294117647058826,0.5,0.5
4,31,0.83,0.71,0.375,1.8732394366197183,240.2,-1,1.0,0.0,0.7692307692307693,0.23076923076923078,0.5,0.5
4,32,0.85,0.74,0.4,1.9594594594594594,249.59999999999997,-1,1.0,0.0,0.6666666666666666,0.3333333333333333,0.6,0.4
4,33,0.84,0.59,0.3829787234042553,2.0,208.19999999999996,-1,1.0,0.0,0.75,0.25,0.75,0.25
4,34,0.84,0.71,0.5,1.8028169014084507,243.6,-1,1.0,0.0,0.75,0.25,0.6666666666666666,0.3333333333333333
4,35,0.8,0.66,0.40816326530612246,1.9242424242424243,196.79999999999998,0,1.0,0.0,0.7222222222222222,0.2777777777777778,0.9375,0.0625
4,36,0.85,0.75,0.5208333333333334,1.88,231.0,-1,1.0,0.0,0.8947368421052632,0.10526315789473684,0.5833333333333334,0.4166666666666667
4,37,0.87,0.67,0.47058823529411764,1.8656716417910448,220.79999999999998,-1,1.0,0.0,0.875,0.125,0.5454545454545454,0.45454545454545453
4,38,0.88,0.68,0.3829787234042553,1.9411764705882353,229.79999999999995,-1,1.0,0.0,0.7777777777777778,0.2222222222222222,0.7058823529411765,0.29411764705882354
4,39,0.88,0.72,0.42857142857142855,1.8888888888888888,211.2,-1,1.0,0.0,0.9473684210526315,0.05263157894736842,0.8,0.2
4,40,0.87,0.72,0.3137254901960784,1.8055555555555556,236.99999999999994,-1,1.0,0.0,0.7272727272727273,0.2727272727272727,0.7857142857142857,0.21428571428571427
4,41,0.87,0.71,0.4339622641509434,1.8732394366197183,239.39999999999995,-1,1.0,0.0,0.875,0.125,0.625,0.375
4,42,0.8,0.69,0.3673469387755102,2.072463768115942,227.33999999999997,3,1.0,0.0,0.7083333333333334,0.2916666666666667,0.7857142857142857,0.21428571428571427
4,43,0.88,0.7,0.4,2.085714285714286,207.11999999999998,2,1.0,0.0,0.6,0.4,0.8461538461538461,0.15384615384615385
4,44,0.92,0.79,0.42592592592592593,1.9493670886075949,261.0,-1,1.0,0.0,0.9090909090909091,0.09090909090909091,0.6111111111111112,0.3888888888888889
4,45,0.86,0.65,0.42592592592592593,1.9076923076923078,205.79999999999998,-1,1.0,0.0,0.88,0.12,0.8181818181818182,0.18181818181818182
4,46,0.82,0.65,0.3488372093023256,1.9076923076923078,205.79999999999995,-1,1.0,0.0,1.0,0.0,0.5833333333333334,0.4166666666666667
4,47,0.81,0.67,0.43902439024390244,1.9850746268656716,227.81999999999996,4,1.0,0.0,0.5833333333333334,0.4166666666666667,0.7142857142857143,0.2857142857142857
4,48,0.85,0.68,0.32558139534883723,1.661764705882353,221.40000000000003,-1,1.0,0.0,0.7,0.3,0.7142857142857143,0.2857142857142857
4,49,0.87,0.74,0.3877551020408163,1.7702702702702702,236.40000000000003,-1,1.0,0.0,0.8095238095238095,0.19047619047619047,0.6153846153846154,0.38461538461538464
4,50,0.83,0.7,0.52,1.9857142857142858,207.2,-1,1.0,0.0,0.8421052631578947,0.15789473684210525,0.6666666666666666,0.3333333333333333
4,51,0.83,0.68,0.4489795918367347,1.8235294117647058,234.0,-1,1.0,0.0,0.8,0.2,0.5714285714285714,0.42857142857142855
4,52,0.84,0.69,0.4375,1.8695652173913044,221.45999999999998,3,1.0,0.0,0.96,0.04,0.7142857142857143,0.2857142857142857
4,53,0.87,0.65,0.3829787234042553,1.8153846153846154,206.4,-1,1.0,0.0,0.8888888888888888,0.1111111111111111,0.7142857142857143,0.2857142857142857
4,54,0.78,0.67,0.4186046511627907,1.7611940298507462,234.59999999999997,-1,1.0,0.0,0.7894736842105263,0.21052631578947367,0.7368421052631579,0.2631578947368421
4,55,0.86,0.69,0.3958333333333333,1.8985507246376812,195.5999999999999,-1,1.0,0.0,0.8421052631578947,0.15789473684210525,0.5714285714285714,0.42857142857142855
4,56,0.83,0.64,0.391304347826087,1.671875,195.23999999999998,0,1.0,0.0,0.631578947368421,0.3684210526315789,0.7142857142857143,0.2857142857142857
4,57,0.87,0.78,0.46,1.8461538461538463,247.79999999999998,-1,1.0,0.0,0.9523809523809523,0.047619047619047616,0.6666666666666666,0.3333333333333333
4,58,0.79,0.72,0.3888888888888889,1.7638888888888888,235.19999999999996,-1,1.0,0.0,0.88,0.12,0.5833333333333334,0.4166666666666667
4,59,0.83,0.65,0.425531914893617,1.9076923076923078,194.39999999999998,-1,1.0,0.0,0.8333333333333334,0.16666666666666666,0.9,0.1
4,60,0.82,0.65,0.4523809523809524,1.9692307692307693,225.47999999999993,4,1.0,0.0,0.625,0.375,0.7222222222222222,0.2777777777777778
4,61,0.86,0.7,0.4090909090909091,1.9857142857142858,201.4,-1,1.0,0.0,0.8666666666666667,0.13333333333333333,0.875,0.125
4,62,0.87,0.71,0.45098039215686275,1.9014084507042253,214.92,1,1.0,0.0,0.7777777777777778,0.2222222222222222,0.6875,0.3125
4,63,0.72,0.59,0.5111111111111111,2.2203389830508473,174.0,-1,1.0,0.0,0.9523809523809523,0.047619047619047616,0.7777777777777778,0.2222222222222222
4,64,0.83,0.73,0.45454545454545453,2.315068493150685,226.2,-1,1.0,0.0,0.7391304347826086,0.2608695652173913,0.9090909090909091,0.09090909090909091
4,65,0.83,0.67,0.4489795918367347,2.044776119402985,204.54,4,1.0,0.0,0.8333333333333334,0.16666666666666666,0.6153846153846154,0.38461538461538464
5,0,0.91,0.71,,1.0,190.08000000000004,4,1.0,0.0,0.6666666666666666,0.3333333333333333,0.5,0.5
5,1,0.89,0.73,0.36363636363636365,1.273972602739726,202.13999999999993,4,1.0,0.0,0.72,0.28,0.7222222222222222,0.2777777777777778
5,2,0.85,0.64,0.39215686274509803,1.453125,172.6,3,1.0,0.0,0.8571428571428571,0.14285714285714285,0.7857142857142857,0.21428571428571427
5,3,0.86,0.67,0.3333333333333333,1.4477611940298507,198.00000000000006,-1,1.0,0.0,0.8947368421052632,0.10526315789473684,0.7333333333333333,0.26666666666666666
5,4,0.85,0.61,0.4358974358974359,1.6229508196721312,189.59999999999997,-1,1.0,0.0,1.0,0.0,0.5833333333333334,0.4166666666666667
5,5,0.81,0.67,0.4090909090909091,1.6567164179104477,216.02,3,1.0,0.0,0.6111111111111112,0.3888888888888889,0.6111111111111112,0.3888888888888889
5,6,0.91,0.73,0.42,1.8630136986301369,218.8,-1,1.0,0.0,1.0,0.0,0.7058823529411765,0.29411764705882354
5,7,0.88,0.73,0.5555555555555556,2.1232876712328768,231.80000000000004,-1,1.0,0.0,0.85,0.15,0.75,0.25
5,8,0.84,0.7,0.47058823529411764,1.957142857142857,184.79999999999995,-1,1.0,0.0,0.8125,0.1875,0.75,0.25
5,9,0.77,0.62,0.4782608695652174,1.9193548387096775,212.39999999999998,-1,1.0,0.0,0.631578947368421,0.3684210526315789,0.7,0.3
5,10,0.85,0.69,0.40476190476190477,1.7826086956521738,192.28,0,1.0,0.0,0.7619047619047619,0.23809523809523808,0.6363636363636364,0.36363636363636365
5,11,0.76,0.58,0.4358974358974359,1.9482758620689655,177.44000000000003,0,1.0,0.0,0.8571428571428571,0.14285714285714285,0.7333333333333333,0.26666666666666666
5,12,0.72,0.63,0.3142857142857143,1.9523809523809523,216.20000000000002,-1,1.0,0.0,0.7058823529411765,0.29411764705882354,0.6875,0.3125
5,13,0.85,0.69,0.4782608695652174,2.130434782608696,224.00000000000006,-1,1.0,0.0,0.782608695652174,0.21739130434782608,0.6666666666666666,0.3333333333333333
5,14,0.86,0.67,0.5111111111111111,2.044776119402985,199.40000000000003,-1,1.0,0.0,1.0,0.0,0.7692307692307693,0.23076923076923078
5,15,0.84,0.71,0.4897959183673469,2.1971830985915495,216.4,-1,1.0,0.0,0.85,0.15,0.7692307692307693,0.23076923076923078
5,16,0.79,0.64,0.34782608695652173,2.015625,209.2,-1,1.0,0.0,0.8095238095238095,0.19047619047619047,0.7692307692307693,0.23076923076923078
5,17,0.87,0.68,0.43902439024390244,2.3970588235294117,199.40000000000003,-1,1.0,0.0,0.8095238095238095,0.19047619047619047,0.7857142857142857,0.21428571428571427
5,18,0.81,0.69,0.44680851063829785,1.9710144927536233,237.59999999999997,-1,1.0,0.0,0.6666666666666666,0.3333333333333333,0.6,0.4
5,19,0.9,0.74,0.4716981132075472,2.1216216216216215,197.20000000000002,-1,1.0,0.0,0.9615384615384616,0.038461538461538464,0.6666666666666666,0.3333333333333333
5,20,0.85,0.64,0.4583333333333333,2.28125,197.2,-1,1.0,0.0,0.7894736842105263,0.21052631578947367,0.7857142857142857,0.21428571428571427
5,21,0.88,0.74,0.40425531914893614,2.1486486486486487,243.6,-1,1.0,0.0,0.7,0.3,0.6666666666666666,0.3333333333333333
5,22,0.95,0.78,0.3684210526315789,1.9871794871794872,232.8000000000001,-1,1.0,0.0,0.9166666666666666,0.08333333333333333,0.8125,0.1875
5,23,0.9,0.72,0.42857142857142855,2.0,246.60000000000005,-1,1.0,0.0,0.7058823529411765,0.29411764705882354,0.5882352941176471,0.4117647058823529
5,24,0.8,0.68,0.42,1.8235294117647058,197.2,-1,1.0,0.0,0.7894736842105263,0.21052631578947367,0.9,0.1
5,25,0.84,0.65,0.4222222222222222,1.7538461538461538,208.20000000000002,-1,1.0,0.0,0.8260869565217391,0.17391304347826086,0.6666666666666666,0.3333333333333333
5,26,0.83,0.74,0.5319148936170213,1.9054054054054055,207.40000000000003,-1,1.0,0.0,0.9545454545454546,0.045454545454545456,0.9166666666666666,0.08333333333333333
5,27,0.87,0.74,0.4909090909090909,2.054054054054054,236.39999999999998,-1,1.0,0.0,0.8,0.2,0.5384615384615384,0.46153846153846156
5,28,0.81,0.63,0.5833333333333334,2.238095238095238,203.20000000000002,-1,1.0,0.0,0.6666666666666666,0.3333333333333333,0.7692307692307693,0.23076923076923078
5,29,0.9,0.7,0.4888888888888889,2.1714285714285713,226.87999999999997,1,1.0,0.0,0.6923076923076923,0.3076923076923077,0.7142857142857143,0.2857142857142857
5,30,0.83,0.65,0.4791666666666667,2.1076923076923078,195.80000000000004,-1,1.0,0.0,0.8947368421052632,0.10526315789473684,0.7692307692307693,0.23076923076923078
5,31,0.89,0.7,0.3333333333333333,1.8142857142857143,239.70000000000002,4,1.0,0.0,0.7619047619047619,0.23809523809523808,0.631578947368421,0.3684210526315789
5,32,0.78,0.65,0.4375,1.7538461538461538,207.60000000000002,-1,1.0,0.0,0.8947368421052632,0.10526315789473684,0.75,0.25
5,33,0.83,0.69,0.32,1.6376811594202898,226.8,-1,1.0,0.0,0.782608695652174,0.21739130434782608,0.7333333333333333,0.26666666666666666
5,34,0.83,0.63,0.5434782608695652,2.142857142857143,187.79999999999998,-1,1.0,0.0,0.7777777777777778,0.2222222222222222,1.0,0.0
5,35,0.87,0.69,0.4883720930232558,2.0144927536231885,210.40000000000006,-1,1.0,0.0,0.9444444444444444,0.05555555555555555,0.7333333333333333,0.26666666666666666
5,36,0.83,0.69,0.4583333333333333,2.0434782608695654,225.20000000000005,-1,1.0,0.0,0.6666666666666666,0.3333333333333333,0.5714285714285714,0.42857142857142855
5,37,0.89,0.77,0.36363636363636365,2.142857142857143,234.8,-1,1.0,0.0,0.9047619047619048,0.09523809523809523,0.6666666666666666,0.3333333333333333
5,38,0.9,0.76,0.45,2.210526315789474,242.40000000000003,-1,1.0,0.0,0.875,0.125,0.8235294117647058,0.17647058823529413
5,39,0.83,0.72,0.4909090909090909,2.3472222222222223,231.80000000000004,-1,1.0,0.0,0.8947368421052632,0.10526315789473684,0.5882352941176471,0.4117647058823529
5,40,0.84,0.69,0.45098039215686275,2.246376811594203,226.60000000000002,-1,1.0,0.0,0.7272727272727273,0.2727272727272727,0.8823529411764706,0.11764705882352941
5,41,0.82,0.65,0.6190476190476191,2.6923076923076925,182.0,-1,1.0,0.0,0.9411764705882353,0.058823529411764705,0.8,0.2
5,42,0.81,0.67,0.6222222222222222,2.4477611940298507,218.60000000000002,-1,1.0,0.0,0.9285714285714286,0.07142857142857142,0.4444444444444444,0.5555555555555556
5,43,0.8,0.73,0.44680851063829785,2.1506849315068495,244.80000000000004,-1,1.0,0.0,0.7307692307692307,0.2692307692307692,0.5384615384615384,0.46153846153846156
5,44,0.84,0.69,0.47058823529411764,2.217391304347826,233.79999999999998,-1,1.0,0.0,0.8947368421052632,0.10526315789473684,0.65,0.35
5,45,0.88,0.71,0.425531914893617,2.23943661971831,224.20000000000005,-1,1.0,0.0,0.7777777777777778,0.2222222222222222,0.7222222222222222,0.2777777777777778
5,46,0.87,0.65,0.43478260869565216,2.4923076923076923,181.79999999999995,-1,1.0,0.0,0.9090909090909091,0.09090909090909091,0.75,0.25
5,47,0.86,0.66,0.3953488372093023,2.257575757575758,213.8,0,1.0,0.0,0.8148148148148148,0.18518518518518517,0.5714285714285714,0.42857142857142855
5,48,0.79,0.68,0.36363636363636365,2.088235294117647,201.00000000000003,-1,1.0,0.0,0.95,0.05,0.6666666666666666,0.3333333333333333
5,49,0.85,0.69,0.48936170212765956,2.3043478260869565,224.8,-1,1.0,0.0,0.782608695652174,0.21739130434782608,0.5833333333333334,0.4166666666666667
5,50,0.82,0.63,0.4,2.0476190476190474,207.40000000000003,-1,1.0,0.0,0.8947368421052632,0.10526315789473684,0.7647058823529411,0.23529411764705882
5,51,0.88,0.7,0.46511627906976744,2.2,204.6,-1,1.0,0.0,0.9130434782608695,0.08695652173913043,0.6111111111111112,0.3888888888888889
5,52,0.83,0.63,0.45098039215686275,2.0,184.60000000000002,-1,1.0,0.0,0.9583333333333334,0.041666666666666664,0.8571428571428571,0.14285714285714285
5,53,0.82,0.63,0.4186046511627907,2.238095238095238,185.20000000000002,-1,1.0,0.0,0.8636363636363636,0.13636363636363635,0.6363636363636364,0.36363636363636365
5,54,0.88,0.69,0.5227272727272727,2.4057971014492754,224.00000000000003,-1,1.0,0.0,0.6923076923076923,0.3076923076923077,0.6470588235294118,0.35294117647058826
5,55,0.89,0.72,0.5294117647058824,2.3472222222222223,201.20000000000002,-1,1.0,0.0,0.9565217391304348,0.043478260869565216,0.8,0.2
5,56,0.92,0.78,0.49122807017543857,2.41025641025641,262.59999999999997,-1,1.0,0.0,0.7142857142857143,0.2857142857142857,0.5625,0.4375
5,57,0.79,0.64,0.45454545454545453,2.4375,203.20000000000002,-1,1.0,0.0,0.8888888888888888,0.1111111111111111,0.7333333333333333,0.26666666666666666
5,58,0.86,0.68,0.5227272727272727,2.235294117647059,234.80000000000004,-1,1.0,0.0,0.88,0.12,0.6470588235294118,0.35294117647058826
5,59,0.83,0.66,0.5116279069767442,2.393939393939394,218.60000000000002,-1,1.0,0.0,0.6363636363636364,0.36363636363636365,0.6363636363636364,0.36363636363636365
5,60,0.85,0.72,0.45652173913043476,2.3333333333333335,237.6,-1,1.0,0.0,0.88,0.12,0.6153846153846154,0.38461538461538464
5,61,0.81,0.63,0.4772727272727273,2.3174603174603177,213.0,-1,1.0,0.0,0.8888888888888888,0.1111111111111111,0.7368421052631579,0.2631578947368421
5,62,0.87,0.64,0.4523809523809524,2.203125,197.0,-1,1.0,0.0,0.7894736842105263,0.21052631578947367,0.7142857142857143,0.2857142857142857
5,63,0.84,0.67,0.358974358974359,2.08955223880597,213.99999999999997,-1,1.0,0.0,0.8947368421052632,0.10526315789473684,0.6666666666666666,0.3333333333333333
5,64,0.84,0.68,0.4444444444444444,1.7794117647058822,206.20000000000002,-1,1.0,0.0,1.0,0.0,0.6666666666666666,0.3333333333333333
5,65,0.82,0.67,0.4090909090909091,2.0597014925373136,208.5,4,1.0,0.0,0.6842105263157895,0.3157894736842105,0.8461538461538461,0.15384615384615385
6,0,0.86,0.63,,1.0,162.72000000000003,1,1.0,0.0,0.75,0.25,0.6666666666666666,0.3333333333333333
6,1,0.85,0.69,0.4222222222222222,1.2753623188405796,199.79999999999995,-1,1.0,0.0,0.8333333333333334,0.16666666666666666,0.7083333333333334,0.2916666666666667
6,2,0.87,0.75,0.4339622641509434,1.5333333333333334,222.0,-1,1.0,0.0,0.8333333333333334,0.16666666666666666,0.6470588235294118,0.35294117647058826
6,3,0.82,0.71,0.3469387755102041,1.5070422535211268,194.48,0,1.0,0.0,0.85,0.15,0.7333333333333333,0.26666666666666666
6,4,0.87,0.64,0.46808510638297873,1.65625,196.07999999999998,0,1.0,0.0,1.0,0.0,0.6666666666666666,0.3333333333333333
6,5,0.86,0.68,0.4,1.6323529411764706,206.19999999999996,0,1.0,0.0,0.8,0.2,0.5333333333333333,0.4666666666666667
6,6,0.81,0.71,0.48,1.6338028169014085,188.0,-1,1.0,0.0,0.7894736842105263,0.21052631578947367,0.7,0.3
6,7,0.85,0.76,0.4423076923076923,1.8289473684210527,208.39999999999992,-1,1.0,0.0,0.9230769230769231,0.07692307692307693,0.7333333333333333,0.26666666666666666
6,8,0.83,0.65,0.37254901960784315,1.7384615384615385,190.39999999999998,-1,1.0,0.0,0.8571428571428571,0.14285714285714285,0.8125,0.1875
6,9,0.8,0.67,0.3333333333333333,1.6417910447761195,186.60000000000002,-1,1.0,0.0,0.896551724137931,0.10344827586206896,0.6923076923076923,0.3076923076923077
6,10,0.81,0.65,0.5869565217391305,2.0153846153846153,191.0,-1,1.0,0.0,0.9565217391304348,0.043478260869565216,0.7692307692307693,0.23076923076923078
6,11,0.83,0.71,0.46808510638297873,1.9295774647887325,220.39999999999998,-1,1.0,0.0,0.8846153846153846,0.11538461538461539,0.6875,0.3125
6,12,0.79,0.63,0.3488372093023256,1.873015873015873,181.99999999999997,-1,1.0,0.0,0.95,0.05,0.6923076923076923,0.3076923076923077
6,13,0.84,0.66,0.43902439024390244,2.106060606060606,189.79999999999998,-1,1.0,0.0,0.9,0.1,0.6363636363636364,0.36363636363636365
6,14,0.88,0.72,0.4583333333333333,2.0416666666666665,250.20000000000002,-1,1.0,0.0,0.8076923076923077,0.19230769230769232,0.6666666666666666,0.3333333333333333
6,15,0.8,0.68,0.3673469387755102,1.75,185.39999999999995,-1,1.0,0.0,0.9473684210526315,0.05263157894736842,0.6666666666666666,0.3333333333333333
6,16,0.81,0.66,0.6222222222222222,2.242424242424242,194.99999999999997,-1,1.0,0.0,0.85,0.15,0.6923076923076923,0.3076923076923077
6,17,0.88,0.79,0.4909090909090909,2.1139240506329116,228.59999999999997,-1,1.0,0.0,1.0,0.0,0.7222222222222222,0.2777777777777778
6,18,0.79,0.66,0.48214285714285715,2.015151515151515,187.19999999999996,-1,1.0,0.0,0.8571428571428571,0.14285714285714285,0.6666666666666666,0.3333333333333333
6,19,0.82,0.75,0.49019607843137253,2.12,226.1999999999999,-1,1.0,0.0,0.8571428571428571,0.14285714285714285,0.7058823529411765,0.29411764705882354
6,20,0.89,0.75,0.5636363636363636,2.2133333333333334,198.68000000000004,0,1.0,0.0,0.9090909090909091,0.09090909090909091,0.7857142857142857,0.21428571428571427
6,21,0.83,0.63,0.43478260869565216,2.1904761904761907,203.39999999999998,-1,1.0,0.0,0.9130434782608695,0.08695652173913043,0.6875,0.3125
6,22,0.81,0.69,0.40476190476190477,2.3043478260869565,218.82000000000002,0,1.0,0.0,0.8181818181818182,0.18181818181818182,0.5333333333333333,0.4666666666666667
6,23,0.85,0.68,0.44680851063829785,2.3970588235294117,238.0,-1,1.0,0.0,0.7894736842105263,0.21052631578947367,0.5555555555555556,0.4444444444444444
6,24,0.91,0.78,0.38461538461538464,2.3205128205128207,242.60000000000002,-1,1.0,0.0,0.92,0.08,0.625,0.375
6,25,0.89,0.72,0.4909090909090909,2.5555555555555554,240.00000000000006,-1,1.0,0.0,0.76,0.24,0.6666666666666666,0.3333333333333333
6,26,0.85,0.71,0.5,2.380281690140845,215.68,4,1.0,0.0,0.9,0.1,0.8,0.2
6,27,0.86,0.7,0.32653061224489793,1.9285714285714286,245.79999999999998,-1,1.0,0.0,0.8333333333333334,0.16666666666666666,0.5294117647058824,0.47058823529411764
6,28,0.82,0.72,0.4716981132075472,2.3472222222222223,179.40000000000003,-1,1.0,0.0,0.7857142857142857,0.21428571428571427,0.9285714285714286,0.07142857142857142
6,29,0.92,0.79,0.5849056603773585,2.2911392405063293,241.80000000000007,-1,1.0,0.0,0.5909090909090909,0.4090909090909091,0.7142857142857143,0.2857142857142857
6,30,0.83,0.68,0.38596491228070173,1.911764705882353,228.96,3,1.0,0.0,0.5555555555555556,0.4444444444444444,0.6842105263157895,0.3157894736842105
6,31,0.87,0.67,0.43478260869565216,2.4328358208955225,222.20000000000005,-1,1.0,0.0,0.7391304347826086,0.2608695652173913,0.8571428571428571,0.14285714285714285
6,32,0.83,0.67,0.4444444444444444,2.417910447761194,217.8,-1,1.0,0.0,0.6842105263157895,0.3157894736842105,0.6666666666666666,0.3333333333333333
6,33,0.87,0.74,0.5384615384615384,2.081081081081081,237.72000000000006,4,1.0,0.0,0.7692307692307693,0.23076923076923078,0.65,0.35
6,34,0.89,0.76,0.5614035087719298,2.1447368421052633,229.00000000000006,-1,1.0,0.0,0.8636363636363636,0.13636363636363635,0.6153846153846154,0.38461538461538464
6,35,0.82,0.69,0.5660377358490566,2.36231884057971,209.0,-1,1.0,0.0,0.6666666666666666,0.3333333333333333,0.6428571428571429,0.35714285714285715
6,36,0.78,0.6,0.4634146341463415,2.2666666666666666,184.26,4,1.0,0.0,0.875,0.125,0.8181818181818182,0.18181818181818182
6,37,0.92,0.78,0.5294117647058824,2.1794871794871793,241.88000000000008,2,1.0,0.0,0.9259259259259259,0.07407407407407407,0.75,0.25
6,38,0.79,0.59,0.425531914893617,2.169491525423729,168.6,-1,1.0,0.0,0.8823529411764706,0.11764705882352941,0.5714285714285714,0.42857142857142855
6,39,0.87,0.7,0.45,1.9428571428571428,220.00000000000006,-1,1.0,0.0,0.6956521739130435,0.30434782608695654,0.7,0.3
6,40,0.87,0.68,0.40816326530612246,1.8823529411764706,191.60000000000005,-1,1.0,0.0,0.9523809523809523,0.047619047619047616,0.8181818181818182,0.18181818181818182
6,41,0.82,0.62,0.37209302325581395,1.8709677419354838,205.2,-1,1.0,0.0,0.7142857142857143,0.2857142857142857,0.8,0.2
6,42,0.88,0.74,0.26666666666666666,1.5945945945945945,223.60000000000005,-1,1.0,0.0,0.85,0.15,0.8,0.2
6,43,0.88,0.74,0.41509433962264153,1.837837837837838,242.4,-1,1.0,0.0,0.6,0.4,0.7142857142857143,0.2857142857142857
6,44,0.77,0.69,0.44,1.9275362318840579,208.00000000000003,-1,1.0,0.0,0.8260869565217391,0.17391304347826086,0.5,0.5
6,45,0.82,0.64,0.4318181818181818,1.921875,217.20000000000002,4,1.0,0.0,0.8,0.2,0.7142857142857143,0.2857142857142857
6,46,0.82,0.66,0.45652173913043476,1.8333333333333333,220.0,-1,1.0,0.0,0.6470588235294118,0.35294117647058826,0.6,0.4
6,47,0.88,0.66,0.5625,2.212121212121212,204.76,2,1.0,0.0,0.75,0.25,0.6666666666666666,0.3333333333333333
6,48,0.85,0.74,0.45098039215686275,2.2972972972972974,242.8,-1,1.0,0.0,0.7916666666666666,0.20833333333333334,0.7333333333333333,0.26666666666666666
6,49,0.85,0.69,0.4807692307692308,2.4057971014492754,204.00000000000003,1,1.0,0.0,0.9,0.1,0.6875,0.3125
6,50,0.8,0.65,0.4666666666666667,2.1846153846153844,221.8,-1,1.0,0.0,0.7,0.3,0.5714285714285714,0.42857142857142855
6,51,0.87,0.69,0.43478260869565216,2.260869565217391,232.38000000000005,3,1.0,0.0,0.8148148148148148,0.18518518518518517,0.7368421052631579,0.2631578947368421
6,52,0.85,0.71,0.38461538461538464,1.7464788732394365,225.09999999999997,0,1.0,0.0,0.875,0.125,0.6470588235294118,0.35294117647058826
6,53,0.88,0.72,0.4375,2.1944444444444446,224.2,-1,1.0,0.0,0.7619047619047619,0.23809523809523808,0.7,0.3
6,54,0.87,0.77,0.43333333333333335,1.9870129870129871,212.8,-1,1.0,0.0,0.85,0.15,0.9,0.1
6,55,0.85,0.74,0.3620689655172414,1.7162162162162162,228.60000000000002,-1,1.0,0.0,0.7916666666666666,0.20833333333333334,0.75,0.25
6,56,0.82,0.65,0.5306122448979592,2.046153846153846,194.20000000000002,-1,1.0,0.0,0.8947368421052632,0.10526315789473684,0.5,0.5
6,57,0.88,0.74,0.4489795918367347,1.7567567567567568,240.20000000000002,-1,1.0,0.0,0.7142857142857143,0.2857142857142857,0.7333333333333333,0.26666666666666666
6,58,0.88,0.74,0.45454545454545453,1.945945945945946,233.80000000000007,-1,1.0,0.0,0.8636363636363636,0.13636363636363635,0.75,0.25
6,59,0.84,0.67,0.4444444444444444,2.1044776119402986,204.79999999999998,-1,1.0,0.0,0.7894736842105263,0.21052631578947367,0.8571428571428571,0.14285714285714285
6,60,0.83,0.7,0.42857142857142855,2.0285714285714285,219.0,-1,1.0,0.0,0.782608695652174,0.21739130434782608,0.7272727272727273,0.2727272727272727
6,61,0.77,0.61,0.46511627906976744,1.8032786885245902,197.19999999999996,-1,1.0,0.0,0.8,0.2,0.5,0.5
6,62,0.86,0.7,0.3333333333333333,1.8428571428571427,209.8,-1,1.0,0.0,1.0,0.0,0.6875,0.3125
6,63,0.88,0.75,0.43137254901960786,1.92,244.60000000000005,-1,1.0,0.0,0.88,0.12,0.5714285714285714,0.42857142857142855
6,64,0.88,0.73,0.5263157894736842,1.9452054794520548,242.20000000000002,-1,1.0,0.0,0.84,0.16,0.6666666666666666,0.3333333333333333
6,65,0.83,0.62,0.32653061224489793,1.8225806451612903,211.79999999999995,-1,1.0,0.0,0.631578947368421,0.3684210526315789,0.6,0.4
7,0,0.9,0.75,,1.0,172.80000000000007,-1,1.0,0.0,0.782608695652174,0.21739130434782608,0.7142857142857143,0.2857142857142857
7,1,0.83,0.6,0.3191489361702128,1.25,181.79999999999998,-1,1.0,0.0,0.7777777777777778,0.2222222222222222,0.6875,0.3125
7,2,0.85,0.71,0.3695652173913043,1.4507042253521127,220.0,-1,1.0,0.0,0.8260869565217391,0.17391304347826086,0.6842105263157895,0.3157894736842105
7,3,0.79,0.64,0.45652173913043476,1.640625,200.20000000000007,-1,1.0,0.0,0.8333333333333334,0.16666666666666666,0.75,0.25
7,4,0.89,0.68,0.46808510638297873,1.8088235294117647,201.6,-1,1.0,0.0,1.0,0.0,0.7692307692307693,0.23076923076923078
7,5,0.86,0.71,0.3877551020408163,1.732394366197183,236.2,-1,1.0,0.0,0.9130434782608695,0.08695652173913043,0.47058823529411764,0.5294117647058824
7,6,0.79,0.63,0.34782608695652173,1.8571428571428572,203.39999999999995,-1,1.0,0.0,0.8636363636363636,0.13636363636363635,0.5625,0.4375
7,7,0.85,0.65,0.38636363636363635,1.8,203.39999999999998,-1,1.0,0.0,0.782608695652174,0.21739130434782608,0.7333333333333333,0.26666666666666666
7,8,0.85,0.69,0.5306122448979592,1.9420289855072463,220.79999999999995,-1,1.0,0.0,0.75,0.25,0.6923076923076923,0.3076923076923077
7,9,0.89,0.73,0.37254901960784315,1.726027397260274,230.4,-1,1.0,0.0,0.8636363636363636,0.13636363636363635,0.7857142857142857,0.21428571428571427
7,10,0.85,0.72,0.38461538461538464,1.8888888888888888,230.39999999999998,0,1.0,0.0,0.7391304347826086,0.2608695652173913,0.6,0.4
7,11,0.85,0.72,0.49056603773584906,1.9027777777777777,258.0,-1,1.0,0.0,0.6666666666666666,0.3333333333333333,0.5882352941176471,0.4117647058823529
7,12,0.84,0.67,0.4489795918367347,1.9104477611940298,223.79999999999995,-1,1.0,0.0,0.4,0.6,0.7692307692307693,0.23076923076923078
7,13,0.81,0.69,0.4666666666666667,1.8115942028985508,241.20000000000002,-1,1.0,0.0,0.875,0.125,0.6111111111111112,0.3888888888888889
7,14,0.83,0.71,0.5,1.9577464788732395,225.90000000000003,4,1.0,0.0,0.7272727272727273,0.2727272727272727,0.6428571428571429,0.35714285714285715
7,15,0.84,0.73,0.39622641509433965,1.8767123287671232,233.20000000000002,-1,1.0,0.0,0.631578947368421,0.3684210526315789,0.8,0.2
7,16,0.86,0.68,0.5,2.338235294117647,232.20000000000002,-1,1.0,0.0,0.7777777777777778,0.2222222222222222,0.7058823529411765,0.29411764705882354
7,17,0.83,0.69,0.4230769230769231,2.391304347826087,189.59999999999997,-1,1.0,0.0,0.8421052631578947,0.15789473684210525,0.6363636363636364,0.36363636363636365
7,18,0.83,0.66,0.45454545454545453,2.1818181818181817,214.79999999999995,-1,1.0,0.0,0.6666666666666666,0.3333333333333333,0.8461538461538461,0.15384615384615385
7,19,0.85,0.61,0.41025641025641024,2.262295081967213,206.99999999999994,-1,1.0,0.0,0.6153846153846154,0.38461538461538464,0.5,0.5
7,20,0.82,0.67,0.375,2.2388059701492535,216.0,-1,1.0,0.0,0.8947368421052632,0.10526315789473684,0.6875,0.3125
7,21,0.9,0.68,0.46153846153846156,2.3970588235294117,224.2,-1,1.0,0.0,0.8181818181818182,0.18181818181818182,0.7222222222222222,0.2777777777777778
7,22,0.83,0.68,0.42857142857142855,2.2794117647058822,227.39999999999998,-1,1.0,0.0,0.5,0.5,0.6923076923076923,0.3076923076923077
7,23,0.77,0.61,0.36585365853658536,1.819672131147541,204.59999999999997,-1,1.0,0.0,0.8260869565217391,0.17391304347826086,0.7857142857142857,0.21428571428571427
7,24,0.79,0.61,0.3611111111111111,2.1475409836065573,202.79999999999995,-1,1.0,0.0,0.7222222222222222,0.2777777777777778,0.7857142857142857,0.21428571428571427
7,25,0.82,0.64,0.38461538461538464,1.84375,229.79999999999995,-1,1.0,0.0,0.7619047619047619,0.23809523809523808,0.6470588235294118,0.35294117647058826
7,26,0.84,0.63,0.3953488372093023,1.6349206349206349,196.19999999999993,-1,1.0,0.0,0.8571428571428571,0.14285714285714285,0.5384615384615384,0.46153846153846156
7,27,0.86,0.71,0.3958333333333333,1.7887323943661972,235.79999999999995,-1,1.0,0.0,0.7619047619047619,0.23809523809523808,0.625,0.375
7,28,0.82,0.65,0.2765957446808511,1.5692307692307692,210.84,4,1.0,0.0,0.8571428571428571,0.14285714285714285,0.8,0.2
7,29,0.84,0.71,0.4897959183673469,1.7183098591549295,223.39999999999998,2,1.0,0.0,0.8148148148148148,0.18518518518518517,0.8,0.2
7,30,0.88,0.73,0.509090909090909,1.9452054794520548,238.2,-1,1.0,0.0,0.782608695652174,0.21739130434782608,0.6428571428571429,0.35714285714285715
7,31,0.89,0.8,0.4576271186440678,2.35,268.20000000000005,-1,1.0,0.0,0.8888888888888888,0.1111111111111111,0.625,0.375
7,32,0.84,0.66,0.5294117647058824,2.3484848484848486,201.6,-1,1.0,0.0,0.9523809523809523,0.047619047619047616,0.6923076923076923,0.3076923076923077
7,33,0.78,0.67,0.475,1.9402985074626866,222.39999999999995,-1,1.0,0.0,0.7777777777777778,0.2222222222222222,0.5882352941176471,0.4117647058823529
7,34,0.85,0.71,0.375,1.971830985915493,239.4,-1,1.0,0.0,0.7727272727272727,0.22727272727272727,0.7222222222222222,0.2777777777777778
7,35,0.8,0.72,0.54,2.2222222222222223,223.2,-1,1.0,0.0,0.6666666666666666,0.3333333333333333,0.7,0.3
7,36,0.86,0.72,0.5636363636363636,2.0277777777777777,240.59999999999997,-1,1.0,0.0,0.8,0.2,0.6666666666666666,0.3333333333333333
7,37,0.91,0.74,0.34615384615384615,1.7972972972972974,233.45999999999998,4,1.0,0.0,0.8095238095238095,0.19047619047619047,0.7777777777777778,0.2222222222222222
7,38,0.83,0.62,0.5434782608695652,2.274193548387097,220.79999999999998,-1,1.0,0.0,0.7142857142857143,0.2857142857142857,0.6666666666666666,0.3333333333333333
7,39,0.8,0.7,0.48936170212765956,2.057142857142857,196.7999999999999,3,1.0,0.0,0.7272727272727273,0.2727272727272727,0.8571428571428571,0.14285714285714285
7,40,0.85,0.62,0.5106382978723404,2.225806451612903,211.79999999999998,-1,1.0,0.0,0.7777777777777778,0.2222222222222222,0.8235294117647058,0.17647058823529413
7,41,0.89,0.73,0.4489795918367347,1.7808219178082192,235.79999999999998,-1,1.0,0.0,0.84,0.16,0.7857142857142857,0.21428571428571427
7,42,0.81,0.66,0.2857142857142857,1.7424242424242424,213.59999999999997,-1,1.0,0.0,0.9473684210526315,0.05263157894736842,0.7058823529411765,0.29411764705882354
7,43,0.86,0.7,0.32608695652173914,1.8,223.20000000000002,-1,1.0,0.0,0.5625,0.4375,0.75,0.25
7,44,0.78,0.63,0.4318181818181818,1.9047619047619047,205.39999999999998,-1,1.0,0.0,0.85,0.15,0.6842105263157895,0.3157894736842105
7,45,0.82,0.7,0.4444444444444444,1.9857142857142858,233.39999999999998,-1,1.0,0.0,0.7272727272727273,0.2727272727272727,0.5454545454545454,0.45454545454545453
7,46,0.82,0.61,0.4634146341463415,1.901639344262295,218.39999999999995,-1,1.0,0.0,0.7272727272727273,0.2727272727272727,0.6153846153846154,0.38461538461538464
7,47,0.87,0.7,0.38636363636363635,1.8428571428571427,231.19999999999996,-1,1.0,0.0,0.8,0.2,0.6153846153846154,0.38461538461538464
7,48,0.81,0.66,0.5227272727272727,1.9393939393939394,239.99999999999997,-1,1.0,0.0,0.6111111111111112,0.3888888888888889,0.4666666666666667,0.5333333333333333
7,49,0.85,0.68,0.40816326530612246,2.2205882352941178,225.59999999999997,-1,1.0,0.0,0.7391304347826086,0.2608695652173913,0.7692307692307693,0.23076923076923078
7,50,0.86,0.77,0.48148148148148145,2.116883116883117,235.2,-1,1.0,0.0,0.7619047619047619,0.23809523809523808,0.7,0.3
7,51,0.86,0.66,0.47058823529411764,2.015151515151515,208.79999999999995,-1,1.0,0.0,0.8888888888888888,0.1111111111111111,0.6666666666666666,0.3333333333333333
7,52,0.8,0.69,0.5333333333333333,2.246376811594203,200.39999999999998,-1,1.0,0.0,0.8947368421052632,0.10526315789473684,0.8333333333333334,0.16666666666666666
7,53,0.83,0.72,0.4716981132075472,2.263888888888889,205.6,-1,1.0,0.0,0.7894736842105263,0.21052631578947367,0.7142857142857143,0.2857142857142857
7,54,0.87,0.7,0.4791666666666667,2.1714285714285713,221.99999999999997,2,1.0,0.0,0.6470588235294118,0.35294117647058826,0.8125,0.1875
7,55,0.86,0.74,0.38181818181818183,2.0675675675675675,262.8,-1,1.0,0.0,0.8571428571428571,0.14285714285714285,0.5555555555555556,0.4444444444444444
7,56,0.81,0.64,0.5869565217391305,2.53125,209.99999999999994,-1,1.0,0.0,0.75,0.25,0.75,0.25
7,57,0.8,0.6,0.5365853658536586,2.0,188.39999999999995,-1,1.0,0.0,0.6153846153846154,0.38461538461538464,0.7,0.3
7,58,0.8,0.68,0.5526315789473685,2.2058823529411766,244.19999999999996,-1,1.0,0.0,0.8,0.2,0.4666666666666667,0.5333333333333333
7,59,0.84,0.68,0.5208333333333334,2.1029411764705883,236.39999999999998,-1,1.0,0.0,0.8333333333333334,0.16666666666666666,0.5294117647058824,0.47058823529411764
7,60,0.87,0.78,0.41509433962264153,2.371794871794872,264.59999999999997,-1,1.0,0.0,0.6818181818181818,0.3181818181818182,0.8,0.2
7,61,0.86,0.63,0.43137254901960786,2.2063492063492065,229.79999999999995,-1,1.0,0.0,0.5882352941176471,0.4117647058823529,0.5625,0.4375
7,62,0.87,0.73,0.3695652173913043,1.8904109589041096,237.60000000000002,-1,1.0,0.0,0.7777777777777778,0.2222222222222222,0.9285714285714286,0.07142857142857142
7,63,0.86,0.72,0.44,2.3333333333333335,216.60000000000005,-1,1.0,0.0,0.9583333333333334,0.041666666666666664,0.6666666666666666,0.3333333333333333
7,64,0.85,0.74,0.4339622641509434,2.054054054054054,234.60000000000002,-1,1.0,0.0,0.8181818181818182,0.18181818181818182,0.8,0.2
7,65,0.86,0.72,0.42592592592592593,2.111111111111111,212.39999999999998,1,1.0,0.0,0.5625,0.4375,0.7142857142857143,0.2857142857142857
8,0,0.93,0.75,,1.0,184.00000000000006,-1,1.0,0.0,0.76,0.24,0.75,0.25
8,1,0.82,0.7,0.36363636363636365,1.2857142857142858,181.79999999999995,-1,1.0,0.0,0.68,0.32,0.8,0.2
8,2,0.87,0.71,0.4230769230769231,1.5211267605633803,210.0,-1,1.0,0.0,0.65,0.35,0.8125,0.1875
8,3,0.84,0.68,0.509090909090909,1.838235294117647,198.00000000000006,-1,1.0,0.0,0.8421052631578947,0.15789473684210525,0.875,0.125
8,4,0.82,0.68,0.3958333333333333,1.8823529411764706,205.44,2,1.0,0.0,1.0,0.0,0.6428571428571429,0.35714285714285715
8,5,0.87,0.71,0.44680851063829785,1.8028169014084507,211.4,-1,1.0,0.0,0.8571428571428571,0.14285714285714285,0.7272727272727273,0.2727272727272727
8,6,0.85,0.71,0.3076923076923077,1.676056338028169,224.20000000000007,-1,1.0,0.0,0.75,0.25,0.8,0.2
8,7,0.83,0.67,0.45652173913043476,1.9850746268656716,224.40000000000003,4,1.0,0.0,0.8461538461538461,0.15384615384615385,0.6842105263157895,0.3157894736842105
8,8,0.82,0.68,0.4339622641509434,2.1323529411764706,215.60000000000002,-1,1.0,0.0,0.625,0.375,0.8,0.2
8,9,0.89,0.72,0.42857142857142855,2.0833333333333335,215.00000000000003,-1,1.0,0.0,0.7777777777777778,0.2222222222222222,0.75,0.25
8,10,0.84,0.65,0.425531914893617,2.0,200.20000000000002,-1,1.0,0.0,0.8421052631578947,0.15789473684210525,0.5454545454545454,0.45454545454545453
8,11,0.83,0.73,0.44,2.328767123287671,205.80000000000004,-1,1.0,0.0,0.7368421052631579,0.2631578947368421,1.0,0.0
8,12,0.92,0.8,0.3770491803278688,2.0875,245.20000000000005,-1,1.0,0.0,0.7916666666666666,0.20833333333333334,0.7333333333333333,0.26666666666666666
8,13,0.85,0.62,0.4230769230769231,2.1129032258064515,180.0,-1,1.0,0.0,0.8235294117647058,0.17647058823529413,0.8181818181818182,0.18181818181818182
8,14,0.84,0.72,0.5813953488372093,2.4027777777777777,230.20000000000005,-1,1.0,0.0,0.7368421052631579,0.2631578947368421,0.8095238095238095,0.19047619047619047
8,15,0.85,0.66,0.40425531914893614,2.196969696969697,228.60000000000005,-1,1.0,0.0,0.8214285714285714,0.17857142857142858,0.7058823529411765,0.29411764705882354
8,16,0.83,0.69,0.44680851063829785,2.2028985507246377,210.60000000000005,-1,1.0,0.0,0.9629629629629629,0.037037037037037035,0.7692307692307693,0.23076923076923078
8,17,0.85,0.69,0.5434782608695652,2.1449275362318843,204.40000000000003,-1,1.0,0.0,0.8235294117647058,0.17647058823529413,0.6666666666666666,0.3333333333333333
8,18,0.85,0.72,0.4,2.2916666666666665,232.0,-1,1.0,0.0,0.875,0.125,0.5714285714285714,0.42857142857142855
8,19,0.85,0.68,0.5,2.1911764705882355,178.80000000000004,-1,1.0,0.0,0.9090909090909091,0.09090909090909091,0.8461538461538461,0.15384615384615385
8,20,0.84,0.69,0.45652173913043476,1.9420289855072463,218.8,-1,1.0,0.0,0.6666666666666666,0.3333333333333333,0.5,0.5
8,21,0.81,0.71,0.5102040816326531,2.1549295774647885,223.60000000000002,-1,1.0,0.0,0.6666666666666666,0.3333333333333333,0.5882352941176471,0.4117647058823529
8,22,0.85,0.68,0.4772727272727273,2.0294117647058822,213.20000000000002,-1,1.0,0.0,0.7727272727272727,0.22727272727272727,0.75,0.25
8,23,0.85,0.7,0.375,2.0142857142857142,202.40000000000003,-1,1.0,0.0,0.8421052631578947,0.15789473684210525,0.8181818181818182,0.18181818181818182
8,24,0.79,0.71,0.34782608695652173,1.7887323943661972,215.20000000000002,-1,1.0,0.0,0.7142857142857143,0.2857142857142857,0.7857142857142857,0.21428571428571427
8,25,0.84,0.68,0.4166666666666667,2.2058823529411766,205.79999999999998,-1,1.0,0.0,0.8888888888888888,0.1111111111111111,0.625,0.375
8,26,0.82,0.66,0.37777777777777777,2.090909090909091,204.80000000000007,-1,1.0,0.0,0.84,0.16,0.875,0.125
8,27,0.81,0.68,0.5208333333333334,2.2205882352941178,238.8,3,1.0,0.0,0.7692307692307693,0.23076923076923078,0.6,0.4
8,28,0.8,0.65,0.4186046511627907,2.0153846153846153,233.60000000000002,-1,1.0,0.0,0.76,0.24,0.5333333333333333,0.4666666666666667
8,29,0.85,0.72,0.3695652173913043,1.5277777777777777,237.40000000000003,-1,1.0,0.0,0.84,0.16,0.6,0.4
8,30,0.83,0.68,0.48936170212765956,2.014705882352941,211.4,3,1.0,0.0,0.7647058823529411,0.23529411764705882,0.5294117647058824,0.47058823529411764
8,31,0.82,0.68,0.45454545454545453,1.9558823529411764,216.60000000000002,-1,1.0,0.0,0.6470588235294118,0.35294117647058826,0.7333333333333333,0.26666666666666666
8,32,0.81,0.75,0.4,1.8266666666666667,238.20000000000007,-1,1.0,0.0,0.875,0.125,0.625,0.375
8,33,0.83,0.7,0.34,1.9857142857142858,212.40000000000003,-1,1.0,0.0,0.7368421052631579,0.2631578947368421,0.7857142857142857,0.21428571428571427
8,34,0.85,0.73,0.40816326530612246,1.9589041095890412,215.40000000000003,-1,1.0,0.0,0.6842105263157895,0.3157894736842105,0.7272727272727273,0.2727272727272727
8,35,0.89,0.66,0.3617021276595745,1.7575757575757576,212.00000000000003,-1,1.0,0.0,1.0,0.0,0.5714285714285714,0.42857142857142855
8,36,0.91,0.77,0.4375,1.896103896103896,237.00000000000006,-1,1.0,0.0,0.7647058823529411,0.23529411764705882,0.6470588235294118,0.35294117647058826
8,37,0.75,0.62,0.3829787234042553,1.7419354838709677,193.6,2,1.0,0.0,0.8695652173913043,0.13043478260869565,0.7333333333333333,0.26666666666666666
8,38,0.81,0.63,0.40476190476190477,1.7777777777777777,218.79999999999998,-1,1.0,0.0,0.7,0.3,0.7222222222222222,0.2777777777777778
8,39,0.83,0.71,0.4222222222222222,2.0140845070422535,224.00000000000003,-1,1.0,0.0,0.9230769230769231,0.07692307692307693,0.6428571428571429,0.35714285714285715
8,40,0.91,0.79,0.3793103448275862,1.9493670886075949,210.04000000000002,0,1.0,0.0,0.9230769230769231,0.07692307692307693,0.6111111111111112,0.3888888888888889
8,41,0.87,0.66,0.4339622641509434,1.9393939393939394,225.4,-1,1.0,0.0,0.8461538461538461,0.15384615384615385,0.5,0.5
8,42,0.86,0.66,0.40425531914893614,2.227272727272727,210.2,-1,1.0,0.0,0.6818181818181818,0.3181818181818182,0.8,0.2
8,43,0.87,0.64,0.4634146341463415,2.25,206.40000000000003,-1,1.0,0.0,0.8846153846153846,0.11538461538461539,0.5,0.5
8,44,0.84,0.59,0.4594594594594595,2.4237288135593222,196.79999999999998,-1,1.0,0.0,0.5882352941176471,0.4117647058823529,0.6923076923076923,0.3076923076923077
8,45,0.86,0.72,0.5116279069767442,2.111111111111111,232.40000000000006,-1,1.0,0.0,0.6666666666666666,0.3333333333333333,0.6875,0.3125
8,46,0.8,0.63,0.5909090909090909,2.3968253968253967,198.39999999999998,-1,1.0,0.0,0.6842105263157895,0.3157894736842105,0.5,0.5
8,47,0.87,0.68,0.5238095238095238,2.3088235294117645,198.80000000000007,-1,1.0,0.0,0.9047619047619048,0.09523809523809523,0.8461538461538461,0.15384615384615385
8,48,0.86,0.69,0.46808510638297873,2.246376811594203,228.12000000000006,4,1.0,0.0,0.84,0.16,0.75,0.25
8,49,0.87,0.72,0.3541666666666667,2.1805555555555554,226.40000000000003,-1,1.0,0.0,0.7857142857142857,0.21428571428571427,0.8666666666666667,0.13333333333333333
8,50,0.81,0.66,0.425531914893617,2.212121212121212,201.00000000000003,-1,1.0,0.0,0.8333333333333334,0.16666666666666666,0.8333333333333334,0.16666666666666666
8,51,0.87,0.74,0.44,2.0135135135135136,245.8,3,1.0,0.0,0.6818181818181818,0.3181818181818182,0.7,0.3
8,52,0.79,0.69,0.4339622641509434,2.0869565217391304,227.59999999999997,-1,1.0,0.0,0.5882352941176471,0.4117647058823529,0.6,0.4
8,53,0.88,0.74,0.3673469387755102,1.972972972972973,234.68,4,1.0,0.0,0.7272727272727273,0.2727272727272727,0.6,0.4
8,54,0.92,0.71,0.3076923076923077,1.7183098591549295,247.4,-1,1.0,0.0,0.76,0.24,0.75,0.25
8,55,0.83,0.66,0.4375,1.7878787878787878,201.79999999999998,-1,1.0,0.0,0.7647058823529411,0.23529411764705882,0.7692307692307693,0.23076923076923078
8,56,0.82,0.61,0.5,1.9344262295081966,182.79999999999998,-1,1.0,0.0,0.6875,0.3125,0.7272727272727273,0.2727272727272727
8,57,0.71,0.6,0.4358974358974359,2.0833333333333335,179.99999999999994,-1,1.0,0.0,0.8095238095238095,0.19047619047619047,0.7857142857142857,0.21428571428571427
8,58,0.84,0.71,0.38095238095238093,2.112676056338028,217.66000000000003,4,1.0,0.0,0.6111111111111112,0.3888888888888889,0.8,0.2
8,59,0.85,0.73,0.36363636363636365,1.6986301369863013,233.79999999999998,-1,1.0,0.0,0.7333333333333333,0.26666666666666666,0.6470588235294118,0.35294117647058826
8,60,0.8,0.64,0.43478260869565216,1.6875,204.59999999999997,-1,1.0,0.0,0.875,0.125,0.8461538461538461,0.15384615384615385
8,61,0.82,0.68,0.5476190476190477,1.9264705882352942,222.2,-1,1.0,0.0,0.9047619047619048,0.09523809523809523,0.5625,0.4375
8,62,0.87,0.71,0.32653061224489793,1.7605633802816902,209.39999999999998,-1,1.0,0.0,0.8333333333333334,0.16666666666666666,0.8125,0.1875
8,63,0.78,0.69,0.3469387755102041,1.6521739130434783,240.40000000000003,-1,1.0,0.0,0.875,0.125,0.6363636363636364,0.36363636363636365
8,64,0.86,0.61,0.42857142857142855,1.8688524590163935,199.39999999999998,-1,1.0,0.0,0.8846153846153846,0.11538461538461539,0.6923076923076923,0.3076923076923077
8,65,0.91,0.76,0.5319148936170213,1.9605263157894737,224.2,-1,1.0,0.0,0.8636363636363636,0.13636363636363635,0.6,0.4
9,0,0.87,0.69,,1.0,166.40000000000006,-1,1.0,0.0,0.6521739130434783,0.34782608695652173,0.7272727272727273,0.2727272727272727
9,1,0.88,0.69,0.39215686274509803,1.289855072463768,179.99999999999997,-1,1.0,0.0,0.6666666666666666,0.3333333333333333,0.75,0.25
9,2,0.9,0.71,0.43137254901960786,1.4507042253521127,230.0,-1,1.0,0.0,0.6956521739130435,0.30434782608695654,0.7272727272727273,0.2727272727272727
9,3,0.82,0.67,0.44680851063829785,1.5671641791044777,215.60000000000005,4,1.0,0.0,0.6666666666666666,0.3333333333333333,0.5833333333333334,0.4166666666666667
9,4,0.82,0.64,0.3,1.484375,201.6,-1,1.0,0.0,1.0,0.0,0.7142857142857143,0.2857142857142857
9,5,0.87,0.67,0.5106382978723404,1.7611940298507462,203.6,-1,1.0,0.0,0.88,0.12,0.8,0.2
9,6,0.85,0.68,0.391304347826087,1.6764705882352942,236.56000000000003,3,1.0,0.0,0.625,0.375,0.5882352941176471,0.4117647058823529
9,7,0.86,0.74,0.39215686274509803,1.7567567567567568,208.39999999999998,-1,1.0,0.0,0.6190476190476191,0.38095238095238093,0.8181818181818182,0.18181818181818182
9,8,0.86,0.75,0.3888888888888889,1.8266666666666667,246.00000000000006,-1,1.0,0.0,0.8947368421052632,0.10526315789473684,0.5789473684210527,0.42105263157894735
9,9,0.81,0.69,0.3888888888888889,1.826086956521739,203.85999999999999,2,1.0,0.0,0.7272727272727273,0.2727272727272727,0.6666666666666666,0.3333333333333333
9,10,0.87,0.67,0.3333333333333333,1.6567164179104477,234.8,-1,1.0,0.0,0.7142857142857143,0.2857142857142857,0.7058823529411765,0.29411764705882354
9,11,0.86,0.72,0.45098039215686275,1.7777777777777777,212.4,4,1.0,0.0,0.875,0.125,0.8461538461538461,0.15384615384615385
9,12,0.83,0.7,0.4230769230769231,1.7714285714285714,238.99999999999997,2,1.0,0.0,0.7083333333333334,0.2916666666666667,0.6,0.4
9,13,0.84,0.74,0.38,1.7972972972972974,203.00000000000003,-1,1.0,0.0,0.5555555555555556,0.4444444444444444,0.625,0.375
9,14,0.82,0.74,0.509090909090909,1.9594594594594594,231.2,-1,1.0,0.0,0.7894736842105263,0.21052631578947367,0.7142857142857143,0.2857142857142857
9,15,0.87,0.72,0.41509433962264153,2.0555555555555554,220.0,-1,1.0,0.0,0.65,0.35,1.0,0.0
9,16,0.81,0.67,0.4,2.074626865671642,207.99999999999997,-1,1.0,0.0,0.7647058823529411,0.23529411764705882,0.8666666666666667,0.13333333333333333
9,17,0.83,0.66,0.4318181818181818,2.0303030303030303,220.59999999999994,-1,1.0,0.0,0.65,0.35,0.5555555555555556,0.4444444444444444
9,18,0.76,0.66,0.475,2.1666666666666665,218.0,-1,1.0,0.0,0.7894736842105263,0.21052631578947367,0.6666666666666666,0.3333333333333333
9,19,0.83,0.62,0.3953488372093023,1.9193548387096775,209.79999999999995,-1,1.0,0.0,0.6428571428571429,0.35714285714285715,0.7058823529411765,0.29411764705882354
9,20,0.77,0.64,0.34146341463414637,1.59375,203.79999999999998,-1,1.0,0.0,0.65,0.35,0.6363636363636364,0.36363636363636365
9,21,0.78,0.58,0.2972972972972973,1.8793103448275863,174.19999999999996,-1,1.0,0.0,0.8333333333333334,0.16666666666666666,0.75,0.25
9,22,0.89,0.78,0.4090909090909091,1.8974358974358974,232.80000000000004,-1,1.0,0.0,0.875,0.125,0.8181818181818182,0.18181818181818182
9,23,0.88,0.67,0.42,1.9701492537313432,239.79999999999998,-1,1.0,0.0,0.7083333333333334,0.2916666666666667,0.7647058823529411,0.23529411764705882
9,24,0.84,0.66,0.35555555555555557,1.9545454545454546,205.79999999999998,-1,1.0,0.0,0.8421052631578947,0.15789473684210525,0.6363636363636364,0.36363636363636365
9,25,0.88,0.69,0.41304347826086957,1.9275362318840579,223.4,-1,1.0,0.0,0.7894736842105263,0.21052631578947367,0.7058823529411765,0.29411764705882354
9,26,0.88,0.71,0.5102040816326531,2.1549295774647885,216.8,-1,1.0,0.0,0.84,0.16,0.7692307692307693,0.23076923076923078
9,27,0.79,0.63,0.391304347826087,2.0634920634920637,195.0,-1,1.0,0.0,0.5833333333333334,0.4166666666666667,0.7,0.3
9,28,0.85,0.71,0.3902439024390244,1.8169014084507042,235.6,-1,1.0,0.0,0.5,0.5,0.8235294117647058,0.17647058823529413
9,29,0.84,0.7,0.5294117647058824,2.3,240.59999999999997,-1,1.0,0.0,0.6923076923076923,0.3076923076923077,0.5882352941176471,0.4117647058823529
9,30,0.85,0.7,0.4117647058823529,2.2,207.4,-1,1.0,0.0,1.0,0.0,0.8333333333333334,0.16666666666666666
9,31,0.84,0.66,0.3125,1.9393939393939394,212.99999999999997,-1,1.0,0.0,0.8333333333333334,0.16666666666666666,0.7777777777777778,0.2222222222222222
9,32,0.88,0.72,0.3673469387755102,1.625,223.4,-1,1.0,0.0,0.9047619047619048,0.09523809523809523,0.6153846153846154,0.38461538461538464
9,33,0.86,0.73,0.3090909090909091,1.6575342465753424,240.60000000000002,-1,1.0,0.0,0.8695652173913043,0.13043478260869565,0.6153846153846154,0.38461538461538464
9,34,0.87,0.71,0.5510204081632653,1.8873239436619718,196.79999999999995,-1,1.0,0.0,0.7647058823529411,0.23529411764705882,0.8181818181818182,0.18181818181818182
9,35,0.84,0.67,0.46,1.955223880597015,216.6,-1,1.0,0.0,0.8095238095238095,0.19047619047619047,0.75,0.25
9,36,0.86,0.7,0.3829787234042553,1.8285714285714285,233.67999999999995,4,1.0,0.0,0.6111111111111112,0.3888888888888889,0.6666666666666666,0.3333333333333333
9,37,0.86,0.72,0.34545454545454546,1.8194444444444444,203.95999999999998,0,1.0,0.0,0.8095238095238095,0.19047619047619047,0.7692307692307693,0.23076923076923078
9,38,0.84,0.72,0.5294117647058824,1.9166666666666667,223.0,-1,1.0,0.0,0.6818181818181818,0.3181818181818182,0.8461538461538461,0.15384615384615385
9,39,0.87,0.68,0.44,1.9852941176470589,207.99999999999994,-1,1.0,0.0,0.5625,0.4375,0.8888888888888888,0.1111111111111111
9,40,0.85,0.7,0.5,1.9428571428571428,233.2,-1,1.0,0.0,0.6842105263157895,0.3157894736842105,0.6666666666666666,0.3333333333333333
9,41,0.86,0.74,0.38461538461538464,2.135135135135135,242.40000000000003,-1,1.0,0.0,0.7272727272727273,0.2727272727272727,0.9375,0.0625
9,42,0.85,0.69,0.47058823529411764,2.318840579710145,206.39999999999998,-1,1.0,0.0,0.85,0.15,0.7,0.3
9,43,0.84,0.63,0.41304347826086957,2.0793650793650795,188.35999999999999,1,1.0,0.0,0.6842105263157895,0.3157894736842105,0.75,0.25
9,44,0.88,0.74,0.46153846153846156,1.7837837837837838,226.60000000000002,-1,1.0,0.0,0.875,0.125,0.7142857142857143,0.2857142857142857
9,45,0.85,0.73,0.36538461538461536,1.917808219178082,215.60000000000002,-1,1.0,0.0,0.9047619047619048,0.09523809523809523,0.6923076923076923,0.3076923076923077
9,46,0.89,0.74,0.5172413793103449,1.864864864864865,247.2,-1,1.0,0.0,0.7727272727272727,0.22727272727272727,0.6428571428571429,0.35714285714285715
9,47,0.83,0.7,0.5,2.085714285714286,214.79999999999995,-1,1.0,0.0,0.7894736842105263,0.21052631578947367,0.8666666666666667,0.13333333333333333
9,48,0.85,0.68,0.4,1.9411764705882353,209.99999999999994,-1,1.0,0.0,0.8333333333333334,0.16666666666666666,0.7272727272727273,0.2727272727272727
9,49,0.77,0.58,0.34210526315789475,2.189655172413793,176.27999999999997,1,1.0,0.0,0.42857142857142855,0.5714285714285714,0.8888888888888888,0.1111111111111111
9,50,0.82,0.7,0.5238095238095238,2.1857142857142855,192.72000000000003,0,1.0,0.0,0.8260869565217391,0.17391304347826086,0.7,0.3
9,51,0.88,0.69,0.54,2.536231884057971,227.99999999999997,-1,1.0,0.0,0.7272727272727273,0.2727272727272727,0.7857142857142857,0.21428571428571427
9,52,0.84,0.65,0.4782608695652174,2.6307692307692307,231.99999999999997,-1,1.0,0.0,0.5,0.5,0.6428571428571429,0.35714285714285715
9,53,0.88,0.66,0.4,2.3333333333333335,192.04000000000002,0,1.0,0.0,0.6875,0.3125,0.7692307692307693,0.23076923076923078
9,54,0.83,0.66,0.2826086956521739,1.9090909090909092,204.0,-1,1.0,0.0,0.6666666666666666,0.3333333333333333,0.8125,0.1875
9,55,0.78,0.6,0.4523809523809524,2.0,211.79999999999998,-1,1.0,0.0,0.5555555555555556,0.4444444444444444,0.6666666666666666,0.3333333333333333
9,56,0.86,0.69,0.3953488372093023,1.9275362318840579,215.39999999999998,-1,1.0,0.0,0.8421052631578947,0.15789473684210525,0.8571428571428571,0.14285714285714285
9,57,0.84,0.72,0.3958333333333333,2.111111111111111,253.19999999999996,-1,1.0,0.0,0.5789473684210527,0.42105263157894735,0.6,0.4
9,58,0.88,0.71,0.46153846153846156,2.0422535211267605,206.00000000000003,-1,1.0,0.0,0.9259259259259259,0.07407407407407407,0.6923076923076923,0.3076923076923077
9,59,0.78,0.65,0.4444444444444444,1.8,219.0,-1,1.0,0.0,0.5555555555555556,0.4444444444444444,0.7272727272727273,0.2727272727272727
9,60,0.89,0.77,0.5714285714285714,2.064935064935065,246.59999999999997,-1,1.0,0.0,0.5333333333333333,0.4666666666666667,0.8823529411764706,0.11764705882352941
9,61,0.82,0.66,0.5,2.106060606060606,205.2,-1,1.0,0.0,0.8571428571428571,0.14285714285714285,0.7272727272727273,0.2727272727272727
9,62,0.84,0.66,0.4222222222222222,2.0757575757575757,203.87999999999997,3,1.0,0.0,0.84,0.16,0.625,0.375
9,63,0.9,0.71,0.46938775510204084,2.1549295774647885,229.73999999999992,3,1.0,0.0,0.6363636363636364,0.36363636363636365,0.7894736842105263,0.21052631578947367
9,64,0.86,0.67,0.52,2.208955223880597,227.99999999999997,-1,1.0,0.0,0.8260869565217391,0.17391304347826086,0.7142857142857143,0.2857142857142857
9,65,0.86,0.64,0.3409090909090909,1.75,211.79999999999995,-1,1.0,0.0,0.8,0.2,0.7857142857142857,0.21428571428571427
10,0,0.82,0.65,,1.0,164.48000000000002,3,1.0,0.0,0.7407407407407407,0.25925925925925924,0.7058823529411765,0.29411764705882354
10,1,0.89,0.71,0.4,1.2816901408450705,187.19999999999993,-1,1.0,0.0,0.84,0.16,0.8421052631578947,0.15789473684210525
10,2,0.87,0.71,0.36538461538461536,1.4225352112676057,216.0,-1,1.0,0.0,0.6666666666666666,0.3333333333333333,0.5,0.5
10,3,0.81,0.67,0.42857142857142855,1.5522388059701493,220.00000000000006,-1,1.0,0.0,0.6842105263157895,0.3157894736842105,0.75,0.25
10,4,0.87,0.59,0.4418604651162791,1.6779661016949152,177.59999999999997,-1,1.0,0.0,1.0,0.0,0.8235294117647058,0.17647058823529413
10,5,0.94,0.78,0.45652173913043476,1.7692307692307692,235.8,-1,1.0,0.0,0.7368421052631579,0.2631578947368421,0.7894736842105263,0.21052631578947367
10,6,0.84,0.69,0.5087719298245614,1.9420289855072463,181.99999999999994,1,1.0,0.0,0.7368421052631579,0.2631578947368421,0.8181818181818182,0.18181818181818182
10,7,0.86,0.74,0.4,1.8243243243243243,241.40000000000003,-1,1.0,0.0,0.6956521739130435,0.30434782608695654,0.7333333333333333,0.26666666666666666
10,8,0.77,0.69,0.5294117647058824,1.9855072463768115,209.19999999999996,-1,1.0,0.0,0.7647058823529411,0.23529411764705882,0.6363636363636364,0.36363636363636365
10,9,0.81,0.67,0.4222222222222222,1.9402985074626866,218.59999999999994,-1,1.0,0.0,0.6190476190476191,0.38095238095238093,0.75,0.25
10,10,0.83,0.69,0.36,1.7971014492753623,214.18,4,1.0,0.0,0.6896551724137931,0.3103448275862069,0.6153846153846154,0.38461538461538464
10,11,0.87,0.71,0.35294117647058826,1.8450704225352113,212.4,-1,1.0,0.0,0.8461538461538461,0.15384615384615385,0.9090909090909091,0.09090909090909091
10,12,0.8,0.6,0.4583333333333333,2.0166666666666666,185.39999999999998,-1,1.0,0.0,0.75,0.25,0.7692307692307693,0.23076923076923078
10,13,0.87,0.67,0.375,1.955223880597015,213.79999999999998,-1,1.0,0.0,0.7058823529411765,0.29411764705882354,0.6666666666666666,0.3333333333333333
10,14,0.83,0.69,0.4444444444444444,2.1594202898550723,196.20000000000002,1,1.0,0.0,0.9,0.1,0.7777777777777778,0.2222222222222222
10,15,0.89,0.76,0.37254901960784315,1.7763157894736843,223.80000000000004,-1,1.0,0.0,0.6875,0.3125,0.8,0.2
10,16,0.81,0.61,0.38636363636363635,1.8688524590163935,181.40000000000003,-1,1.0,0.0,0.8461538461538461,0.15384615384615385,0.8461538461538461,0.15384615384615385
10,17,0.87,0.8,0.5769230769230769,2.15,232.4000000000001,-1,1.0,0.0,0.7083333333333334,0.2916666666666667,0.7857142857142857,0.21428571428571427
10,18,0.85,0.7,0.41379310344827586,2.1,236.20000000000002,-1,1.0,0.0,0.6818181818181818,0.3181818181818182,0.7647058823529411,0.23529411764705882
10,19,0.82,0.64,0.46153846153846156,1.96875,205.2,-1,1.0,0.0,0.7894736842105263,0.21052631578947367,0.8571428571428571,0.14285714285714285
10,20,0.79,0.61,0.5128205128205128,2.0327868852459017,196.06,4,1.0,0.0,0.75,0.25,0.6666666666666666,0.3333333333333333
10,21,0.87,0.74,0.4888888888888889,1.7837837837837838,228.20000000000002,-1,1.0,0.0,0.84,0.16,0.8333333333333334,0.16666666666666666
10,22,0.76,0.62,0.3953488372093023,1.8225806451612903,194.99999999999997,-1,1.0,0.0,0.9,0.1,0.6666666666666666,0.3333333333333333
10,23,0.86,0.71,0.391304347826087,1.676056338028169,217.28,0,1.0,0.0,0.7647058823529411,0.23529411764705882,0.5882352941176471,0.4117647058823529
10,24,0.86,0.72,0.5094339622641509,1.8611111111111112,241.60000000000002,-1,1.0,0.0,0.6842105263157895,0.3157894736842105,0.5,0.5
10,25,0.8,0.71,0.58,2.211267605633803,215.27999999999997,1,1.0,0.0,0.75,0.25,0.6875,0.3125
10,26,0.85,0.7,0.38,1.9428571428571428,224.39999999999992,-1,1.0,0.0,0.631578947368421,0.3684210526315789,0.7272727272727273,0.2727272727272727
10,27,0.85,0.78,0.32142857142857145,1.6794871794871795,254.99999999999997,-1,1.0,0.0,0.6923076923076923,0.3076923076923077,0.7692307692307693,0.23076923076923078
10,28,0.8,0.63,0.42857142857142855,2.015873015873016,204.59999999999994,-1,1.0,0.0,0.6428571428571429,0.35714285714285715,0.8235294117647058,0.17647058823529413
10,29,0.82,0.69,0.4,1.8840579710144927,225.59999999999994,-1,1.0,0.0,0.8,0.2,0.5454545454545454,0.45454545454545453
10,30,0.87,0.67,0.4,1.8656716417910448,224.39999999999995,-1,1.0,0.0,0.7222222222222222,0.2777777777777778,0.7777777777777778,0.2222222222222222
10,31,0.85,0.73,0.30612244897959184,1.9589041095890412,253.79999999999998,3,1.0,0.0,0.7407407407407407,0.25925925925925924,0.6470588235294118,0.35294117647058826
10,32,0.87,0.7,0.42592592592592593,1.9714285714285715,184.79999999999993,-1,1.0,0.0,0.7894736842105263,0.21052631578947367,0.9,0.1
10,33,0.92,0.71,0.5,2.0422535211267605,208.79999999999998,2,1.0,0.0,0.8421052631578947,0.15789473684210525,0.7692307692307693,0.23076923076923078
10,34,0.81,0.69,0.5,2.0144927536231885,221.39999999999998,3,1.0,0.0,0.68,0.32,0.75,0.25
10,35,0.83,0.63,0.42857142857142855,1.873015873015873,222.59999999999997,-1,1.0,0.0,0.6666666666666666,0.3333333333333333,0.6153846153846154,0.38461538461538464
10,36,0.88,0.76,0.5,2.3157894736842106,267.59999999999997,3,1.0,0.0,0.7586206896551724,0.2413793103448276,0.5882352941176471,0.4117647058823529
10,37,0.89,0.79,0.5,2.2658227848101267,253.2,-1,1.0,0.0,0.7368421052631579,0.2631578947368421,0.8421052631578947,0.15789473684210525
10,38,0.92,0.79,0.4666666666666667,2.2531645569620253,249.00000000000003,-1,1.0,0.0,0.8148148148148148,0.18518518518518517,0.8666666666666667,0.13333333333333333
10,39,0.85,0.69,0.5344827586206896,2.217391304347826,243.0,-1,1.0,0.0,0.7272727272727273,0.2727272727272727,0.6842105263157895,0.3157894736842105
10,40,0.84,0.75,0.47058823529411764,2.1333333333333333,255.59999999999997,-1,1.0,0.0,0.7142857142857143,0.2857142857142857,0.8095238095238095,0.19047619047619047
10,41,0.87,0.67,0.24528301886792453,1.8507462686567164,218.39999999999995,-1,1.0,0.0,0.7727272727272727,0.22727272727272727,0.7692307692307693,0.23076923076923078
10,42,0.83,0.65,0.46511627906976744,2.230769230769231,211.79999999999995,-1,1.0,0.0,0.5882352941176471,0.4117647058823529,0.7,0.3
10,43,0.86,0.75,0.4807692307692308,2.04,217.60000000000002,-1,1.0,0.0,0.8888888888888888,0.1111111111111111,0.7142857142857143,0.2857142857142857
10,44,0.85,0.68,0.39622641509433965,2.0294117647058822,214.79999999999995,-1,1.0,0.0,0.8,0.2,0.6428571428571429,0.35714285714285715
10,45,0.82,0.69,0.5869565217391305,2.5942028985507246,217.79999999999998,-1,1.0,0.0,0.6666666666666666,0.3333333333333333,0.75,0.25
10,46,0.83,0.71,0.44,2.1267605633802815,256.0,-1,1.0,0.0,0.7916666666666666,0.20833333333333334,0.5882352941176471,0.4117647058823529
10,47,0.87,0.67,0.45652173913043476,2.1940298507462686,207.6,-1,1.0,0.0,0.6428571428571429,0.35714285714285715,0.6363636363636364,0.36363636363636365
10,48,0.87,0.71,0.3181818181818182,1.7464788732394365,220.38,4,1.0,0.0,0.6111111111111112,0.3888888888888889,0.5833333333333334,0.4166666666666667
10,49,0.79,0.65,0.5490196078431373,2.076923076923077,206.39999999999998,-1,1.0,0.0,0.7058823529411765,0.29411764705882354,0.7,0.3
10,50,0.89,0.73,0.46938775510204084,1.9452054794520548,226.8,-1,1.0,0.0,0.8888888888888888,0.1111111111111111,0.9090909090909091,0.09090909090909091
10,51,0.87,0.72,0.3148148148148148,1.8333333333333333,253.79999999999995,-1,1.0,0.0,0.6818181818181818,0.3181818181818182,0.6,0.4
10,52,0.81,0.69,0.46938775510204084,1.9565217391304348,236.4,-1,1.0,0.0,0.76,0.24,0.8,0.2
10,53,0.8,0.66,0.3181818181818182,1.7575757575757576,209.39999999999998,-1,1.0,0.0,0.9,0.1,0.8125,0.1875
10,54,0.81,0.61,0.3953488372093023,1.7704918032786885,203.39999999999998,-1,1.0,0.0,0.8333333333333334,0.16666666666666666,0.6153846153846154,0.38461538461538464
10,55,0.74,0.63,0.4878048780487805,2.0317460317460316,207.59999999999997,-1,1.0,0.0,0.7777777777777778,0.2222222222222222,0.6923076923076923,0.3076923076923077
10,56,0.9,0.71,0.38636363636363635,2.0140845070422535,226.99999999999997,-1,1.0,0.0,0.7222222222222222,0.2777777777777778,0.75,0.25
10,57,0.83,0.64,0.38461538461538464,1.921875,201.59999999999997,-1,1.0,0.0,0.85,0.15,0.7857142857142857,0.21428571428571427
10,58,0.84,0.67,0.5227272727272727,1.8805970149253732,221.39999999999995,-1,1.0,0.0,0.7894736842105263,0.21052631578947367,0.6666666666666666,0.3333333333333333
10,59,0.89,0.75,0.4528301886792453,1.9333333333333333,246.59999999999997,3,1.0,0.0,0.625,0.375,0.75,0.25
10,60,0.79,0.62,0.574468085106383,2.2903225806451615,209.6,-1,1.0,0.0,0.7222222222222222,0.2777777777777778,0.5625,0.4375
10,61,0.87,0.75,0.40816326530612246,1.7733333333333334,238.19999999999996,-1,1.0,0.0,0.7647058823529411,0.23529411764705882,0.7647058823529411,0.23529411764705882
10,62,0.86,0.67,0.40384615384615385,1.7611940298507462,225.59999999999994,-1,1.0,0.0,0.7058823529411765,0.29411764705882354,0.6666666666666666,0.3333333333333333
10,63,0.86,0.68,0.5217391304347826,2.176470588235294,218.39999999999998,-1,1.0,0.0,0.7916666666666666,0.20833333333333334,0.7692307692307693,0.23076923076923078
10,64,0.85,0.66,0.40816326530612246,2.0,207.71999999999997,2,1.0,0.0,0.5294117647058824,0.47058823529411764,0.6666666666666666,0.3333333333333333
10,65,0.88,0.73,0.3137254901960784,1.6027397260273972,224.39999999999998,1,1.0,0.0,0.88,0.12,0.7058823529411765,0.29411764705882354
11,0,0.8,0.61,,1.0,177.60000000000005,-1,1.0,0.0,0.7575757575757576,0.24242424242424243,0.7368421052631579,0.2631578947368421
11,1,0.89,0.66,0.45454545454545453,1.303030303030303,176.39999999999992,-1,1.0,0.0,0.9047619047619048,0.09523809523809523,0.7368421052631579,0.2631578947368421
11,2,0.87,0.64,0.4634146341463415,1.4375,200.0,-1,1.0,0.0,0.7368421052631579,0.2631578947368421,0.6111111111111112,0.3888888888888889
11,3,0.81,0.6,0.35714285714285715,1.5833333333333333,198.00000000000003,-1,1.0,0.0,0.8421052631578947,0.15789473684210525,0.46153846153846156,0.5384615384615384
11,4,0.78,0.61,0.4,1.6065573770491803,187.19999999999996,-1,1.0,0.0,1.0,0.0,0.8,0.2
11,5,0.87,0.67,0.40476190476190477,1.671641791044776,215.99999999999997,4,1.0,0.0,0.7894736842105263,0.21052631578947367,0.7142857142857143,0.2857142857142857
11,6,0.8,0.66,0.47619047619047616,1.8636363636363635,202.19999999999993,4,1.0,0.0,0.7894736842105263,0.21052631578947367,0.7,0.3
11,7,0.81,0.6,0.42857142857142855,1.7666666666666666,170.64,0,1.0,0.0,0.8260869565217391,0.17391304347826086,0.8181818181818182,0.18181818181818182
11,8,0.87,0.72,0.32558139534883723,1.7083333333333333,231.80000000000007,-1,1.0,0.0,0.8275862068965517,0.1724137931034483,0.5,0.5
11,9,0.78,0.62,0.4444444444444444,1.7096774193548387,192.12,0,1.0,0.0,0.75,0.25,0.6153846153846154,0.38461538461538464
11,10,0.88,0.73,0.4375,1.7397260273972603,227.60000000000002,-1,1.0,0.0,0.8333333333333334,0.16666666666666666,0.7857142857142857,0.21428571428571427
11,11,0.84,0.63,0.44680851063829785,1.8571428571428572,209.0,-1,1.0,0.0,0.8666666666666667,0.13333333333333333,0.8571428571428571,0.14285714285714285
11,12,0.81,0.71,0.32608695652173914,1.7464788732394365,226.60000000000002,-1,1.0,0.0,0.7647058823529411,0.23529411764705882,0.8333333333333334,0.16666666666666666
11,13,0.87,0.73,0.3541666666666667,1.6986301369863013,237.40000000000003,-1,1.0,0.0,0.6842105263157895,0.3157894736842105,0.7894736842105263,0.21052631578947367
11,14,0.82,0.67,0.36363636363636365,1.6865671641791045,203.6,-1,1.0,0.0,0.8333333333333334,0.16666666666666666,0.6428571428571429,0.35714285714285715
11,15,0.81,0.64,0.4090909090909091,1.6875,232.2,-1,1.0,0.0,0.8333333333333334,0.16666666666666666,0.5555555555555556,0.4444444444444444
11,16,0.86,0.73,0.45652173913043476,1.8904109589041096,231.20000000000002,-1,1.0,0.0,0.6666666666666666,0.3333333333333333,0.6153846153846154,0.38461538461538464
11,17,0.87,0.71,0.48,1.8591549295774648,205.20000000000002,-1,1.0,0.0,0.9,0.1,0.8461538461538461,0.15384615384615385
11,18,0.85,0.7,0.4,1.7428571428571429,234.4,-1,1.0,0.0,0.8181818181818182,0.18181818181818182,0.5294117647058824,0.47058823529411764
11,19,0.82,0.66,0.37735849056603776,1.7272727272727273,225.6,-1,1.0,0.0,0.75,0.25,0.7058823529411765,0.29411764705882354
11,20,0.81,0.58,0.5,1.9310344827586208,170.8,-1,1.0,0.0,0.7647058823529411,0.23529411764705882,0.7777777777777778,0.2222222222222222
11,21,0.81,0.59,0.5135135135135135,2.0508474576271185,193.4,-1,1.0,0.0,0.7,0.3,0.7,0.3
11,22,0.85,0.65,0.46153846153846156,2.076923076923077,231.2,-1,1.0,0.0,0.6666666666666666,0.3333333333333333,0.6875,0.3125
11,23,0.85,0.64,0.4222222222222222,2.046875,209.49999999999997,3,1.0,0.0,0.6842105263157895,0.3157894736842105,0.75,0.25
11,24,0.83,0.64,0.575,2.296875,189.60000000000002,-1,1.0,0.0,0.9444444444444444,0.05555555555555555,0.8571428571428571,0.14285714285714285
11,25,0.85,0.67,0.45,1.791044776119403,205.0,-1,1.0,0.0,0.5,0.5,0.8461538461538461,0.15384615384615385
11,26,0.88,0.69,0.5652173913043478,2.2028985507246377,225.59999999999994,-1,1.0,0.0,0.6842105263157895,0.3157894736842105,0.8461538461538461,0.15384615384615385
11,27,0.78,0.6,0.4186046511627907,2.0166666666666666,194.99999999999994,-1,1.0,0.0,0.8888888888888888,0.1111111111111111,0.5,0.5
11,28,0.84,0.67,0.41025641025641024,2.044776119402985,217.79999999999998,-1,1.0,0.0,0.5882352941176471,0.4117647058823529,0.8333333333333334,0.16666666666666666
11,29,0.84,0.65,0.4186046511627907,1.8923076923076922,185.0,-1,1.0,0.0,0.7222222222222222,0.2777777777777778,0.5454545454545454,0.45454545454545453
11,30,0.89,0.68,0.5111111111111111,2.014705882352941,207.96,2,1.0,0.0,0.7916666666666666,0.20833333333333334,0.8461538461538461,0.15384615384615385
11,31,0.89,0.71,0.41304347826086957,2.23943661971831,197.20000000000002,-1,1.0,0.0,0.8,0.2,0.6666666666666666,0.3333333333333333
11,32,0.87,0.66,0.3877551020408163,2.1666666666666665,214.79999999999998,-1,1.0,0.0,0.8125,0.1875,0.5384615384615384,0.46153846153846156
11,33,0.87,0.64,0.43902439024390244,2.21875,210.59999999999997,-1,1.0,0.0,0.7857142857142857,0.21428571428571427,0.5714285714285714,0.42857142857142855
11,34,0.83,0.7,0.375,1.7142857142857142,223.2,-1,1.0,0.0,0.8095238095238095,0.19047619047619047,0.7857142857142857,0.21428571428571427
11,35,0.83,0.7,0.30612244897959184,1.5714285714285714,218.99999999999997,-1,1.0,0.0,0.8333333333333334,0.16666666666666666,0.75,0.25
11,36,0.79,0.62,0.30612244897959184,1.596774193548387,210.0,-1,1.0,0.0,0.6842105263157895,0.3157894736842105,0.6,0.4
11,37,0.89,0.63,0.45,1.9523809523809523,215.39999999999995,-1,1.0,0.0,0.7142857142857143,0.2857142857142857,0.8,0.2
11,38,0.9,0.65,0.46153846153846156,1.9076923076923078,202.2,-1,1.0,0.0,0.85,0.15,0.7692307692307693,0.23076923076923078
11,39,0.87,0.71,0.43478260869565216,1.8028169014084507,245.99999999999997,-1,1.0,0.0,0.8,0.2,0.6470588235294118,0.35294117647058826
11,40,0.87,0.72,0.4716981132075472,1.7777777777777777,226.86,4,1.0,0.0,0.8636363636363636,0.13636363636363635,0.6666666666666666,0.3333333333333333
11,41,0.85,0.73,0.5,2.0684931506849313,232.20000000000002,-1,1.0,0.0,0.75,0.25,0.6666666666666666,0.3333333333333333
11,42,0.92,0.67,0.5102040816326531,2.1641791044776117,205.55999999999997,2,1.0,0.0,0.6470588235294118,0.35294117647058826,0.7857142857142857,0.21428571428571427
11,43,0.85,0.76,0.48,2.1315789473684212,255.0,-1,1.0,0.0,0.631578947368421,0.3684210526315789,0.7333333333333333,0.26666666666666666
11,44,0.79,0.65,0.5714285714285714,2.353846153846154,205.20000000000002,-1,1.0,0.0,0.6470588235294118,0.35294117647058826,0.7272727272727273,0.2727272727272727
11,45,0.86,0.73,0.2608695652173913,1.643835616438356,246.00000000000003,-1,1.0,0.0,0.75,0.25,0.7058823529411765,0.29411764705882354
11,46,0.86,0.66,0.39215686274509803,1.8181818181818181,207.65999999999997,4,1.0,0.0,0.7368421052631579,0.2631578947368421,0.7857142857142857,0.21428571428571427
11,47,0.81,0.63,0.36363636363636365,1.8095238095238095,214.79999999999998,-1,1.0,0.0,0.7894736842105263,0.21052631578947367,0.625,0.375
11,48,0.83,0.67,0.41025641025641024,2.014925373134328,203.99999999999994,-1,1.0,0.0,0.8421052631578947,0.15789473684210525,0.9285714285714286,0.07142857142857142
11,49,0.81,0.64,0.43478260869565216,2.171875,190.79999999999993,-1,1.0,0.0,0.7272727272727273,0.2727272727272727,0.75,0.25
11,50,0.87,0.72,0.46,1.9722222222222223,236.39999999999998,-1,1.0,0.0,0.5882352941176471,0.4117647058823529,0.7692307692307693,0.23076923076923078
11,51,0.89,0.71,0.36538461538461536,1.9295774647887325,235.79999999999993,-1,1.0,0.0,0.8333333333333334,0.16666666666666666,0.8235294117647058,0.17647058823529413
11,52,0.85,0.76,0.4444444444444444,1.894736842105263,246.42000000000002,2,1.0,0.0,0.5555555555555556,0.4444444444444444,0.7222222222222222,0.2777777777777778
11,53,0.87,0.69,0.42,1.9275362318840579,227.4,-1,1.0,0.0,0.8095238095238095,0.19047619047619047,0.5714285714285714,0.42857142857142855
11,54,0.79,0.62,0.425,2.0,222.6,-1,1.0,0.0,0.6818181818181818,0.3181818181818182,0.6,0.4
11,55,0.85,0.59,0.4,1.7966101694915255,201.59999999999994,-1,1.0,0.0,0.75,0.25,0.75,0.25
11,56,0.83,0.71,0.43902439024390244,2.183098591549296,205.31999999999994,1,1.0,0.0,0.75,0.25,0.8235294117647058,0.17647058823529413
11,57,0.82,0.66,0.375,1.803030303030303,208.79999999999995,-1,1.0,0.0,0.6,0.4,0.7777777777777778,0.2222222222222222
11,58,0.84,0.65,0.4318181818181818,1.9692307692307693,209.4,-1,1.0,0.0,0.8125,0.1875,0.8666666666666667,0.13333333333333333
11,59,0.87,0.72,0.36363636363636365,1.8194444444444444,240.00000000000003,-1,1.0,0.0,0.7142857142857143,0.2857142857142857,0.6666666666666666,0.3333333333333333
11,60,0.91,0.76,0.3508771929824561,1.894736842105263,233.4,-1,1.0,0.0,0.8260869565217391,0.17391304347826086,0.6666666666666666,0.3333333333333333
11,61,0.87,0.65,0.5510204081632653,2.169230769230769,220.2,-1,1.0,0.0,0.7647058823529411,0.23529411764705882,0.6428571428571429,0.35714285714285715
11,62,0.83,0.67,0.4090909090909091,1.9402985074626866,218.99999999999994,-1,1.0,0.0,0.7222222222222222,0.2777777777777778,0.875,0.125
11,63,0.88,0.65,0.43478260869565216,1.8923076923076922,216.95999999999998,4,1.0,0.0,0.6470588235294118,0.35294117647058826,0.6842105263157895,0.3157894736842105
11,64,0.85,0.74,0.5416666666666666,2.054054054054054,230.4,-1,1.0,0.0,0.7777777777777778,0.2222222222222222,0.6363636363636364,0.36363636363636365
11,65,0.85,0.67,0.42,1.8955223880597014,196.19999999999996,-1,1.0,0.0,0.875,0.125,0.75,0.25
12,0,0.83,0.7,,1.0,176.00000000000006,-1,1.0,0.0,0.7272727272727273,0.2727272727272727,0.7894736842105263,0.21052631578947367
12,1,0.87,0.72,0.35185185185185186,1.2638888888888888,194.39999999999992,-1,1.0,0.0,0.8333333333333334,0.16666666666666666,0.6666666666666666,0.3333333333333333
12,2,0.83,0.62,0.45454545454545453,1.467741935483871,182.0,-1,1.0,0.0,0.7058823529411765,0.29411764705882354,0.7142857142857143,0.2857142857142857
12,3,0.86,0.67,0.38636363636363635,1.5671641791044777,224.4000000000001,-1,1.0,0.0,0.782608695652174,0.21739130434782608,0.7058823529411765,0.29411764705882354
12,4,0.85,0.68,0.32608695652173914,1.5588235294117647,203.99999999999997,-1,1.0,0.0,1.0,0.0,0.8,0.2
12,5,0.82,0.68,0.5,1.7205882352941178,199.19999999999993,-1,1.0,0.0,0.7368421052631579,0.2631578947368421,0.8571428571428571,0.14285714285714285
12,6,0.86,0.73,0.46153846153846156,1.8493150684931507,230.51999999999998,2,1.0,0.0,0.7037037037037037,0.2962962962962963,0.7333333333333333,0.26666666666666666
12,7,0.81,0.69,0.46153846153846156,2.0434782608695654,211.24,2,1.0,0.0,0.7727272727272727,0.22727272727272727,0.6923076923076923,0.3076923076923077
12,8,0.79,0.61,0.4090909090909091,1.9672131147540983,191.59999999999997,-1,1.0,0.0,0.9047619047619048,0.09523809523809523,0.6666666666666666,0.3333333333333333
12,9,0.83,0.63,0.5,1.9047619047619047,206.99999999999994,-1,1.0,0.0,0.84,0.16,0.7272727272727273,0.2727272727272727
12,10,0.78,0.63,0.45454545454545453,1.9841269841269842,176.39999999999995,-1,1.0,0.0,0.9047619047619048,0.09523809523809523,0.8181818181818182,0.18181818181818182
12,11,0.84,0.74,0.6363636363636364,2.2837837837837838,224.99999999999997,-1,1.0,0.0,1.0,0.0,0.6428571428571429,0.35714285714285715
12,12,0.88,0.66,0.4583333333333333,2.106060606060606,195.00000000000003,-1,1.0,0.0,0.9166666666666666,0.08333333333333333,0.8181818181818182,0.18181818181818182
12,13,0.84,0.72,0.42857142857142855,2.0694444444444446,233.4,-1,1.0,0.0,0.875,0.125,0.5714285714285714,0.42857142857142855
12,14,0.84,0.7,0.4375,2.1857142857142855,226.2,-1,1.0,0.0,0.875,0.125,0.7222222222222222,0.2777777777777778
12,15,0.79,0.66,0.4888888888888889,2.1666666666666665,218.39999999999995,-1,1.0,0.0,0.8571428571428571,0.14285714285714285,0.6666666666666666,0.3333333333333333
12,16,0.88,0.72,0.3404255319148936,1.9444444444444444,241.20000000000002,-1,1.0,0.0,0.7368421052631579,0.2631578947368421,0.6428571428571429,0.35714285714285715
12,17,0.85,0.65,0.4782608695652174,2.2,202.2,-1,1.0,0.0,0.8333333333333334,0.16666666666666666,0.5,0.5
12,18,0.88,0.73,0.32608695652173914,2.0136986301369864,220.02000000000004,3,1.0,0.0,0.7037037037037037,0.2962962962962963,0.7058823529411765,0.29411764705882354
12,19,0.79,0.62,0.43902439024390244,1.8225806451612903,208.19999999999993,-1,1.0,0.0,0.6842105263157895,0.3157894736842105,0.8,0.2
12,20,0.82,0.68,0.5,2.161764705882353,219.59999999999997,-1,1.0,0.0,0.7894736842105263,0.21052631578947367,0.4,0.6
12,21,0.84,0.68,0.3541666666666667,2.088235294117647,212.88,1,1.0,0.0,0.75,0.25,0.6428571428571429,0.35714285714285715
12,22,0.89,0.74,0.5576923076923077,2.364864864864865,213.84000000000003,2,1.0,0.0,0.8095238095238095,0.19047619047619047,0.6,0.4
12,23,0.84,0.65,0.45098039215686275,2.076923076923077,210.6,-1,1.0,0.0,0.8125,0.1875,0.5714285714285714,0.42857142857142855
12,24,0.85,0.72,0.3191489361702128,2.0277777777777777,217.6,-1,1.0,0.0,0.7619047619047619,0.23809523809523808,0.8235294117647058,0.17647058823529413
12,25,0.79,0.67,0.3958333333333333,2.0,230.99999999999994,-1,1.0,0.0,0.6923076923076923,0.3076923076923077,0.5882352941176471,0.4117647058823529
12,26,0.81,0.63,0.32558139534883723,1.6031746031746033,213.59999999999997,-1,1.0,0.0,0.8888888888888888,0.1111111111111111,0.5,0.5
12,27,0.82,0.66,0.4444444444444444,1.7121212121212122,198.6,-1,1.0,0.0,0.9444444444444444,0.05555555555555555,0.6666666666666666,0.3333333333333333
12,28,0.86,0.78,0.38181818181818183,1.9743589743589745,241.20000000000002,-1,1.0,0.0,0.8421052631578947,0.15789473684210525,0.8125,0.1875
12,29,0.81,0.68,0.4,1.8235294117647058,199.6,-1,1.0,0.0,0.9166666666666666,0.08333333333333333,0.6923076923076923,0.3076923076923077
12,30,0.86,0.68,0.5454545454545454,2.0294117647058822,203.39999999999998,-1,1.0,0.0,0.875,0.125,0.75,0.25
12,31,0.83,0.67,0.42,2.1492537313432836,212.15999999999997,2,1.0,0.0,0.6470588235294118,0.35294117647058826,0.7142857142857143,0.2857142857142857
12,32,0.88,0.69,0.4489795918367347,2.1884057971014492,211.1999999999999,-1,1.0,0.0,0.9090909090909091,0.09090909090909091,0.5714285714285714,0.42857142857142855
12,33,0.87,0.68,0.4888888888888889,2.1911764705882355,213.59999999999994,-1,1.0,0.0,0.7272727272727273,0.2727272727272727,0.75,0.25
12,34,0.82,0.71,0.5106382978723404,2.23943661971831,230.39999999999998,-1,1.0,0.0,0.8,0.2,0.7058823529411765,0.29411764705882354
12,35,0.87,0.66,0.6382978723404256,2.5454545454545454,175.56000000000003,0,1.0,0.0,0.8235294117647058,0.17647058823529413,0.5714285714285714,0.42857142857142855
12,36,0.8,0.67,0.4318181818181818,2.656716417910448,226.20000000000005,-1,1.0,0.0,0.9090909090909091,0.09090909090909091,0.6428571428571429,0.35714285714285715
12,37,0.91,0.74,0.43137254901960786,2.135135135135135,239.4,-1,1.0,0.0,0.7777777777777778,0.2222222222222222,0.6875,0.3125
12,38,0.89,0.76,0.4745762711864407,2.289473684210526,261.59999999999997,-1,1.0,0.0,0.7083333333333334,0.2916666666666667,0.6666666666666666,0.3333333333333333
12,39,0.81,0.69,0.42857142857142855,2.072463768115942,227.39999999999998,-1,1.0,0.0,0.7058823529411765,0.29411764705882354,0.6923076923076923,0.3076923076923077
12,40,0.83,0.68,0.4782608695652174,2.2058823529411766,211.07999999999998,2,1.0,0.0,0.631578947368421,0.3684210526315789,0.8333333333333334,0.16666666666666666
12,41,0.82,0.72,0.37254901960784315,1.9583333333333333,255.59999999999997,-1,1.0,0.0,0.6190476190476191,0.38095238095238093,0.5,0.5
12,42,0.88,0.72,0.4423076923076923,2.2777777777777777,217.79999999999998,-1,1.0,0.0,0.6666666666666666,0.3333333333333333,0.8333333333333334,0.16666666666666666
12,43,0.88,0.76,0.35714285714285715,1.868421052631579,254.4,-1,1.0,0.0,0.7142857142857143,0.2857142857142857,0.5384615384615384,0.46153846153846156
12,44,0.86,0.73,0.4,1.643835616438356,233.40000000000003,-1,1.0,0.0,0.9090909090909091,0.09090909090909091,0.6666666666666666,0.3333333333333333
12,45,0.82,0.68,0.46153846153846156,1.7058823529411764,222.36,2,1.0,0.0,0.9090909090909091,0.09090909090909091,0.5625,0.4375
12,46,0.91,0.78,0.4117647058823529,1.9230769230769231,218.27999999999997,0,1.0,0.0,0.8333333333333334,0.16666666666666666,0.7692307692307693,0.23076923076923078
12,47,0.85,0.73,0.4107142857142857,1.904109589041096,226.79999999999998,-1,1.0,0.0,0.8571428571428571,0.14285714285714285,0.7857142857142857,0.21428571428571427
12,48,0.84,0.64,0.4,1.96875,167.99999999999994,-1,1.0,0.0,0.875,0.125,0.8,0.2
12,49,0.84,0.57,0.425,1.8421052631578947,177.79999999999998,-1,1.0,0.0,0.9523809523809523,0.047619047619047616,0.6666666666666666,0.3333333333333333
12,50,0.73,0.65,0.4444444444444444,1.9692307692307693,203.39999999999995,-1,1.0,0.0,0.8666666666666667,0.13333333333333333,0.7857142857142857,0.21428571428571427
12,51,0.86,0.68,0.41304347826086957,1.8970588235294117,248.39999999999998,-1,1.0,0.0,0.5789473684210527,0.42105263157894735,0.625,0.375
12,52,0.84,0.68,0.375,1.8676470588235294,230.4,-1,1.0,0.0,0.8695652173913043,0.13043478260869565,0.6875,0.3125
12,53,0.79,0.64,0.4090909090909091,1.71875,200.99999999999994,-1,1.0,0.0,0.9047619047619048,0.09523809523809523,0.75,0.25
12,54,0.91,0.74,0.42857142857142855,1.837837837837838,249.6,-1,1.0,0.0,0.8333333333333334,0.16666666666666666,0.75,0.25
12,55,0.82,0.7,0.34615384615384615,1.7714285714285714,223.55999999999997,0,1.0,0.0,0.8260869565217391,0.17391304347826086,0.6666666666666666,0.3333333333333333
12,56,0.82,0.65,0.38636363636363635,1.676923076923077,195.67999999999998,2,1.0,0.0,0.75,0.25,0.5,0.5
12,57,0.87,0.71,0.5625,1.9859154929577465,231.59999999999997,-1,1.0,0.0,0.7894736842105263,0.21052631578947367,0.6,0.4
12,58,0.88,0.78,0.3888888888888889,2.0,253.20000000000005,-1,1.0,0.0,0.7916666666666666,0.20833333333333334,0.6153846153846154,0.38461538461538464
12,59,0.87,0.67,0.36538461538461536,1.9850746268656716,219.65999999999997,4,1.0,0.0,0.8928571428571429,0.10714285714285714,0.7058823529411765,0.29411764705882354
12,60,0.87,0.75,0.38,2.08,235.20000000000002,-1,1.0,0.0,0.7894736842105263,0.21052631578947367,0.6363636363636364,0.36363636363636365
12,61,0.85,0.75,0.5689655172413793,2.506666666666667,234.0,-1,1.0,0.0,0.8181818181818182,0.18181818181818182,0.8333333333333334,0.16666666666666666
12,62,0.87,0.74,0.375,1.9594594594594594,235.8,-1,1.0,0.0,0.7058823529411765,0.29411764705882354,0.8823529411764706,0.11764705882352941
12,63,0.86,0.72,0.44,2.1944444444444446,244.8,-1,1.0,0.0,0.6521739130434783,0.34782608695652173,0.6,0.4
12,64,0.89,0.74,0.3018867924528302,1.9189189189189189,246.11999999999998,3,1.0,0.0,0.8148148148148148,0.18518518518518517,0.6428571428571429,0.35714285714285715
12,65,0.88,0.67,0.4716981132075472,2.1194029850746268,215.99999999999997,-1,1.0,0.0,0.7777777777777778,0.2222222222222222,0.36363636363636365,0.6363636363636364
13,0,0.9,0.65,,1.0,182.40000000000003,-1,1.0,0.0,0.65625,0.34375,0.7857142857142857,0.21428571428571427
13,1,0.83,0.68,0.43478260869565216,1.2941176470588236,163.79999999999995,-1,1.0,0.0,0.7857142857142857,0.21428571428571427,0.75,0.25
13,2,0.76,0.56,0.38461538461538464,1.4642857142857142,174.0,-1,1.0,0.0,0.8095238095238095,0.19047619047619047,0.6666666666666666,0.3333333333333333
13,3,0.77,0.6,0.42857142857142855,1.6333333333333333,191.40000000000006,-1,1.0,0.0,0.7222222222222222,0.2777777777777778,0.7857142857142857,0.21428571428571427
13,4,0.88,0.71,0.5111111111111111,1.732394366197183,213.59999999999994,-1,1.0,0.0,1.0,0.0,0.6666666666666666,0.3333333333333333
13,5,0.83,0.7,0.44,1.6571428571428573,215.99999999999994,-1,1.0,0.0,0.9130434782608695,0.08695652173913043,0.6363636363636364,0.36363636363636365
13,6,0.85,0.71,0.35294117647058826,1.6619718309859155,230.99999999999997,-1,1.0,0.0,0.8125,0.1875,0.7647058823529411,0.23529411764705882
13,7,0.94,0.77,0.5714285714285714,2.064935064935065,249.60000000000002,-1,1.0,0.0,0.7777777777777778,0.2222222222222222,0.7142857142857143,0.2857142857142857
13,8,0.82,0.62,0.375,1.6774193548387097,204.0,-1,1.0,0.0,0.7647058823529411,0.23529411764705882,0.6923076923076923,0.3076923076923077
13,9,0.84,0.62,0.5526315789473685,2.0483870967741935,207.59999999999997,-1,1.0,0.0,0.5882352941176471,0.4117647058823529,0.7272727272727273,0.2727272727272727
13,10,0.89,0.75,0.6086956521739131,2.0933333333333333,227.20000000000005,-1,1.0,0.0,0.85,0.15,0.6666666666666666,0.3333333333333333
13,11,0.82,0.63,0.4222222222222222,2.0793650793650795,218.99999999999997,-1,1.0,0.0,0.65,0.35,0.6923076923076923,0.3076923076923077
13,12,0.88,0.7,0.38636363636363635,1.9142857142857144,241.80000000000004,-1,1.0,0.0,0.7272727272727273,0.2727272727272727,0.625,0.375
13,13,0.81,0.68,0.45652173913043476,2.176470588235294,223.2,-1,1.0,0.0,0.8260869565217391,0.17391304347826086,0.6363636363636364,0.36363636363636365
13,14,0.88,0.75,0.4230769230769231,2.013333333333333,251.40000000000003,-1,1.0,0.0,0.8260869565217391,0.17391304347826086,0.7368421052631579,0.2631578947368421
13,15,0.82,0.6,0.5,2.2,197.81999999999996,4,1.0,0.0,0.7647058823529411,0.23529411764705882,0.8125,0.1875
13,16,0.85,0.69,0.5,2.2318840579710146,213.6,-1,1.0,0.0,0.75,0.25,0.8461538461538461,0.15384615384615385
13,17,0.89,0.72,0.4423076923076923,2.3333333333333335,199.44000000000003,4,1.0,0.0,0.8947368421052632,0.10526315789473684,0.7857142857142857,0.21428571428571427
13,18,0.84,0.68,0.3018867924528302,2.25,221.39999999999998,-1,1.0,0.0,0.7894736842105263,0.21052631578947367,0.8,0.2
13,19,0.81,0.66,0.3829787234042553,1.7575757575757576,215.99999999999997,-1,1.0,0.0,0.7222222222222222,0.2777777777777778,0.75,0.25
13,20,0.86,0.68,0.4418604651162791,2.073529411764706,202.79999999999995,-1,1.0,0.0,0.8947368421052632,0.10526315789473684,0.9230769230769231,0.07692307692307693
13,21,0.81,0.65,0.3181818181818182,1.8923076923076922,214.2,-1,1.0,0.0,0.7647058823529411,0.23529411764705882,0.8235294117647058,0.17647058823529413
13,22,0.89,0.76,0.44,1.9473684210526316,242.39999999999995,-1,1.0,0.0,0.8636363636363636,0.13636363636363635,0.5454545454545454,0.45454545454545453
13,23,0.84,0.67,0.5,2.1044776119402986,223.68,2,1.0,0.0,0.6111111111111112,0.3888888888888889,0.7058823529411765,0.29411764705882354
13,24,0.87,0.65,0.35,1.876923076923077,224.40000000000003,-1,1.0,0.0,0.7368421052631579,0.2631578947368421,0.6666666666666666,0.3333333333333333
13,25,0.83,0.62,0.3902439024390244,1.8709677419354838,194.79999999999998,-1,1.0,0.0,0.9047619047619048,0.09523809523809523,0.45454545454545453,0.5454545454545454
13,26,0.85,0.62,0.5121951219512195,2.2580645161290325,202.19999999999993,-1,1.0,0.0,0.8125,0.1875,0.7142857142857143,0.2857142857142857
13,27,0.82,0.68,0.38095238095238093,1.8676470588235294,184.8,-1,1.0,0.0,0.6428571428571429,0.35714285714285715,0.8,0.2
13,28,0.88,0.71,0.5106382978723404,2.0422535211267605,250.20000000000002,-1,1.0,0.0,0.7307692307692307,0.2692307692307692,0.75,0.25
13,29,0.81,0.68,0.36538461538461536,1.8529411764705883,236.39999999999995,-1,1.0,0.0,0.6666666666666666,0.3333333333333333,0.7222222222222222,0.2777777777777778
13,30,0.75,0.58,0.4722222222222222,2.3275862068965516,177.59999999999997,-1,1.0,0.0,0.5,0.5,0.6666666666666666,0.3333333333333333
13,31,0.88,0.71,0.47368421052631576,2.0704225352112675,223.19999999999996,-1,1.0,0.0,0.6470588235294118,0.35294117647058826,0.7692307692307693,0.23076923076923078
13,32,0.79,0.66,0.3829787234042553,1.7575757575757576,205.59999999999997,-1,1.0,0.0,0.6,0.4,0.6,0.4
13,33,0.84,0.67,0.4772727272727273,2.3582089552238807,227.99999999999997,-1,1.0,0.0,0.6363636363636364,0.36363636363636365,0.5,0.5
13,34,0.9,0.78,0.4339622641509434,2.230769230769231,252.00000000000006,-1,1.0,0.0,0.85,0.15,0.7058823529411765,0.29411764705882354
13,35,0.8,0.63,0.36,1.9523809523809523,207.0,-1,1.0,0.0,0.3888888888888889,0.6111111111111112,1.0,0.0
13,36,0.81,0.63,0.3409090909090909,1.9365079365079365,202.79999999999995,-1,1.0,0.0,0.8636363636363636,0.13636363636363635,0.75,0.25
13,37,0.8,0.6,0.35294117647058826,1.9666666666666666,187.79999999999998,-1,1.0,0.0,0.7692307692307693,0.23076923076923078,0.6,0.4
13,38,0.78,0.59,0.4594594594594595,2.1016949152542375,203.39999999999995,-1,1.0,0.0,0.7,0.3,0.7,0.3
13,39,0.85,0.75,0.4,2.04,220.71999999999994,0,1.0,0.0,0.7916666666666666,0.20833333333333334,0.7692307692307693,0.23076923076923078
13,40,0.83,0.77,0.5344827586206896,2.220779220779221,238.6,-1,1.0,0.0,0.7619047619047619,0.23809523809523808,0.6923076923076923,0.3076923076923077
13,41,0.84,0.67,0.41509433962264153,1.955223880597015,209.2,-1,1.0,0.0,0.7142857142857143,0.2857142857142857,0.6363636363636364,0.36363636363636365
13,42,0.85,0.64,0.36585365853658536,1.984375,224.39999999999998,-1,1.0,0.0,0.7,0.3,0.7333333333333333,0.26666666666666666
13,43,0.88,0.72,0.43478260869565216,1.9444444444444444,245.99999999999997,-1,1.0,0.0,0.7727272727272727,0.22727272727272727,0.7058823529411765,0.29411764705882354
13,44,0.9,0.8,0.38333333333333336,1.9875,253.79999999999998,-1,1.0,0.0,0.7368421052631579,0.2631578947368421,0.7647058823529411,0.23529411764705882
13,45,0.92,0.76,0.4838709677419355,2.1710526315789473,257.4,-1,1.0,0.0,0.631578947368421,0.3684210526315789,0.7647058823529411,0.23529411764705882
13,46,0.83,0.72,0.45098039215686275,1.8888888888888888,232.8,-1,1.0,0.0,0.8181818181818182,0.18181818181818182,0.6666666666666666,0.3333333333333333
13,47,0.92,0.76,0.4074074074074074,2.013157894736842,243.0,-1,1.0,0.0,0.84,0.16,0.8235294117647058,0.17647058823529413
13,48,0.82,0.72,0.43636363636363634,1.9305555555555556,213.5999999999999,-1,1.0,0.0,0.8076923076923077,0.19230769230769232,0.7857142857142857,0.21428571428571427
13,49,0.83,0.71,0.4716981132075472,1.8591549295774648,185.75999999999996,0,1.0,0.0,0.8947368421052632,0.10526315789473684,0.7777777777777778,0.2222222222222222
13,50,0.84,0.63,0.3181818181818182,1.8412698412698412,200.99999999999994,-1,1.0,0.0,0.7894736842105263,0.21052631578947367,0.8,0.2
13,51,0.84,0.66,0.46511627906976744,2.0303030303030303,200.4,-1,1.0,0.0,0.7647058823529411,0.23529411764705882,0.7777777777777778,0.2222222222222222
13,52,0.89,0.72,0.5306122448979592,2.2083333333333335,252.59999999999994,-1,1.0,0.0,0.7619047619047619,0.23809523809523808,0.6470588235294118,0.35294117647058826
13,53,0.9,0.77,0.4107142857142857,2.142857142857143,257.4,-1,1.0,0.0,0.5555555555555556,0.4444444444444444,0.8333333333333334,0.16666666666666666
13,54,0.81,0.66,0.3877551020408163,2.0606060606060606,220.79999999999995,-1,1.0,0.0,0.8235294117647058,0.17647058823529413,0.7058823529411765,0.29411764705882354
13,55,0.85,0.68,0.29545454545454547,1.7058823529411764,217.32000000000002,2,1.0,0.0,0.8518518518518519,0.14814814814814814,0.9375,0.0625
13,56,0.82,0.65,0.4222222222222222,1.8307692307692307,209.99999999999994,-1,1.0,0.0,0.7619047619047619,0.23809523809523808,0.9333333333333333,0.06666666666666667
13,57,0.8,0.69,0.41304347826086957,2.0144927536231885,239.4,-1,1.0,0.0,0.6190476190476191,0.38095238095238093,0.8,0.2
13,58,0.84,0.64,0.4523809523809524,1.828125,229.2,-1,1.0,0.0,0.7619047619047619,0.23809523809523808,0.6875,0.3125
13,59,0.82,0.74,0.46938775510204084,2.027027027027027,244.79999999999998,-1,1.0,0.0,0.65,0.35,0.6428571428571429,0.35714285714285715
13,60,0.87,0.69,0.37735849056603776,1.9565217391304348,197.4,-1,1.0,0.0,0.8947368421052632,0.10526315789473684,0.9285714285714286,0.07142857142857142
13,61,0.85,0.66,0.24444444444444444,1.696969696969697,226.2,-1,1.0,0.0,0.6111111111111112,0.3888888888888889,0.7333333333333333,0.26666666666666666
13,62,0.86,0.68,0.40425531914893614,1.8676470588235294,219.0,-1,1.0,0.0,0.8333333333333334,0.16666666666666666,0.7333333333333333,0.26666666666666666
13,63,0.85,0.74,0.3829787234042553,1.9189189189189189,230.39999999999998,-1,1.0,0.0,0.6666666666666666,0.3333333333333333,0.9166666666666666,0.08333333333333333
13,64,0.87,0.74,0.41379310344827586,2.0135135135135136,221.59999999999997,-1,1.0,0.0,0.6470588235294118,0.35294117647058826,0.5384615384615384,0.46153846153846156
13,65,0.78,0.65,0.5,1.9846153846153847,206.39999999999998,-1,1.0,0.0,0.7222222222222222,0.2777777777777778,0.5454545454545454,0.45454545454545453
14,0,0.82,0.61,,1.0,169.12000000000003,4,1.0,0.0,0.6774193548387096,0.3225806451612903,0.7142857142857143,0.2857142857142857
14,1,0.84,0.59,0.41025641025641024,1.271186440677966,174.95999999999998,2,1.0,0.0,0.7307692307692307,0.2692307692307692,0.5714285714285714,0.42857142857142855
14,2,0.89,0.73,0.36363636363636365,1.3835616438356164,198.0,-1,1.0,0.0,0.88,0.12,0.7857142857142857,0.21428571428571427
14,3,0.87,0.74,0.39285714285714285,1.445945945945946,233.20000000000007,-1,1.0,0.0,0.875,0.125,0.6875,0.3125
14,4,0.88,0.71,0.42857142857142855,1.676056338028169,225.6,-1,1.0,0.0,1.0,0.0,0.7647058823529411,0.23529411764705882
14,5,0.87,0.71,0.39215686274509803,1.591549295774648,215.67999999999998,2,1.0,0.0,0.7142857142857143,0.2857142857142857,0.7857142857142857,0.21428571428571427
14,6,0.83,0.6,0.30952380952380953,1.6833333333333333,205.79999999999998,-1,1.0,0.0,0.75,0.25,0.7142857142857143,0.2857142857142857
14,7,0.84,0.66,0.4883720930232558,1.8484848484848484,215.39999999999998,-1,1.0,0.0,0.8260869565217391,0.17391304347826086,0.7857142857142857,0.21428571428571427
14,8,0.77,0.6,0.4883720930232558,1.85,180.59999999999997,-1,1.0,0.0,0.8461538461538461,0.15384615384615385,0.7857142857142857,0.21428571428571427
14,9,0.79,0.65,0.3902439024390244,1.7846153846153847,205.19999999999996,-1,1.0,0.0,0.8235294117647058,0.17647058823529413,0.5,0.5
14,10,0.89,0.68,0.4878048780487805,1.9705882352941178,233.87999999999997,4,1.0,0.0,0.7307692307692307,0.2692307692307692,0.8,0.2
14,11,0.88,0.74,0.48148148148148145,2.0675675675675675,245.0,-1,1.0,0.0,0.6666666666666666,0.3333333333333333,0.7142857142857143,0.2857142857142857
14,12,0.84,0.74,0.41818181818181815,2.027027027027027,236.0,-1,1.0,0.0,0.7727272727272727,0.22727272727272727,0.631578947368421,0.3684210526315789
14,13,0.75,0.65,0.46808510638297873,2.076923076923077,222.0,-1,1.0,0.0,0.8333333333333334,0.16666666666666666,0.46153846153846156,0.5384615384615384
14,14,0.9,0.64,0.4523809523809524,2.046875,197.99999999999997,-1,1.0,0.0,0.9,0.1,0.5555555555555556,0.4444444444444444
14,15,0.86,0.69,0.3333333333333333,1.855072463768116,224.00000000000003,-1,1.0,0.0,0.9047619047619048,0.09523809523809523,0.5,0.5
14,16,0.85,0.72,0.34,1.9861111111111112,217.36000000000007,2,1.0,0.0,0.7692307692307693,0.23076923076923078,0.8571428571428571,0.14285714285714285
14,17,0.92,0.75,0.4074074074074074,2.12,240.60000000000005,-1,1.0,0.0,0.8571428571428571,0.14285714285714285,0.75,0.25
14,18,0.79,0.68,0.5,2.073529411764706,207.6,-1,1.0,0.0,0.9523809523809523,0.047619047619047616,0.7333333333333333,0.26666666666666666
14,19,0.89,0.72,0.48148148148148145,2.111111111111111,229.2,-1,1.0,0.0,0.875,0.125,0.6428571428571429,0.35714285714285715
14,20,0.84,0.71,0.40384615384615385,1.9154929577464788,222.00000000000003,-1,1.0,0.0,0.8,0.2,0.7142857142857143,0.2857142857142857
14,21,0.89,0.75,0.39622641509433965,1.9333333333333333,244.19999999999993,-1,1.0,0.0,0.782608695652174,0.21739130434782608,0.7142857142857143,0.2857142857142857
14,22,0.83,0.73,0.2727272727272727,1.7534246575342465,219.0,-1,1.0,0.0,0.7619047619047619,0.23809523809523808,0.7777777777777778,0.2222222222222222
14,23,0.86,0.73,0.4727272727272727,1.8356164383561644,255.6,-1,1.0,0.0,0.5,0.5,0.7142857142857143,0.2857142857142857
14,24,0.88,0.7,0.49019607843137253,2.0428571428571427,222.59999999999997,-1,1.0,0.0,0.7368421052631579,0.2631578947368421,0.6363636363636364,0.36363636363636365
14,25,0.78,0.6,0.4318181818181818,2.033333333333333,190.79999999999998,-1,1.0,0.0,0.8235294117647058,0.17647058823529413,0.7692307692307693,0.23076923076923078
14,26,0.81,0.64,0.631578947368421,2.109375,203.39999999999998,-1,1.0,0.0,0.5294117647058824,0.47058823529411764,0.875,0.125
14,27,0.85,0.7,0.3333333333333333,2.085714285714286,222.59999999999997,-1,1.0,0.0,0.625,0.375,0.7857142857142857,0.21428571428571427
14,28,0.9,0.76,0.5192307692307693,2.1973684210526314,244.8,-1,1.0,0.0,0.8095238095238095,0.19047619047619047,0.5333333333333333,0.4666666666666667
14,29,0.87,0.72,0.5283018867924528,2.0555555555555554,208.2,-1,1.0,0.0,0.9411764705882353,0.058823529411764705,0.6,0.4
14,30,0.83,0.68,0.42,2.3088235294117645,230.99999999999994,-1,1.0,0.0,0.6666666666666666,0.3333333333333333,0.6363636363636364,0.36363636363636365
14,31,0.88,0.7,0.4,2.2714285714285714,211.62,4,1.0,0.0,0.96,0.04,0.75,0.25
14,32,0.86,0.71,0.39215686274509803,2.0422535211267605,225.6,-1,1.0,0.0,0.7727272727272727,0.22727272727272727,0.7692307692307693,0.23076923076923078
14,33,0.88,0.65,0.4375,2.076923076923077,187.55999999999997,2,1.0,0.0,0.9130434782608695,0.08695652173913043,0.8333333333333334,0.16666666666666666
14,34,0.81,0.66,0.3953488372093023,1.8333333333333333,232.19999999999996,-1,1.0,0.0,0.6,0.4,0.5833333333333334,0.4166666666666667
14,35,0.89,0.72,0.40425531914893614,2.111111111111111,232.2,-1,1.0,0.0,0.7142857142857143,0.2857142857142857,0.6875,0.3125
14,36,0.82,0.67,0.3617021276595745,1.835820895522388,219.0,-1,1.0,0.0,0.7727272727272727,0.22727272727272727,0.8666666666666667,0.13333333333333333
14,37,0.84,0.7,0.40425531914893614,1.9142857142857144,221.87999999999997,4,1.0,0.0,0.8125,0.1875,0.6,0.4
14,38,0.82,0.66,0.48,1.9242424242424243,218.09999999999997,3,1.0,0.0,0.7916666666666666,0.20833333333333334,0.8125,0.1875
14,39,0.92,0.68,0.40425531914893614,1.7941176470588236,216.59999999999997,-1,1.0,0.0,0.75,0.25,0.8333333333333334,0.16666666666666666
14,40,0.87,0.72,0.46808510638297873,1.7916666666666667,224.99999999999997,-1,1.0,0.0,0.875,0.125,0.6875,0.3125
14,41,0.78,0.61,0.46153846153846156,1.540983606557377,175.39999999999998,-1,1.0,0.0,0.7058823529411765,0.29411764705882354,0.7777777777777778,0.2222222222222222
14,42,0.81,0.66,0.358974358974359,1.8484848484848484,215.03999999999996,2,1.0,0.0,0.8,0.2,0.375,0.625
14,43,0.84,0.72,0.4897959183673469,1.8611111111111112,232.4,-1,1.0,0.0,0.88,0.12,0.6153846153846154,0.38461538461538464
14,44,0.86,0.67,0.40425531914893614,1.8208955223880596,214.79999999999998,-1,1.0,0.0,0.8846153846153846,0.11538461538461539,0.8125,0.1875
14,45,0.86,0.73,0.32653061224489793,1.8630136986301369,232.67999999999995,3,1.0,0.0,0.6111111111111112,0.3888888888888889,0.6923076923076923,0.3076923076923077
14,46,0.83,0.72,0.44642857142857145,1.8611111111111112,222.71999999999997,1,1.0,0.0,0.65,0.35,0.7857142857142857,0.21428571428571427
14,47,0.87,0.76,0.44642857142857145,1.8026315789473684,219.83999999999997,1,1.0,0.0,0.7727272727272727,0.22727272727272727,0.8,0.2
14,48,0.81,0.66,0.5,1.9393939393939394,206.39999999999998,-1,1.0,0.0,0.8125,0.1875,0.6428571428571429,0.35714285714285715
14,49,0.83,0.72,0.32,1.8472222222222223,198.2,-1,1.0,0.0,0.9523809523809523,0.047619047619047616,0.8947368421052632,0.10526315789473684
14,50,0.89,0.76,0.33962264150943394,1.7894736842105263,266.4,-1,1.0,0.0,0.5454545454545454,0.45454545454545453,0.7333333333333333,0.26666666666666666
14,51,0.75,0.65,0.5306122448979592,2.0,184.6,-1,1.0,0.0,0.7619047619047619,0.23809523809523808,0.7142857142857143,0.2857142857142857
14,52,0.9,0.82,0.46296296296296297,1.9634146341463414,248.20000000000002,-1,1.0,0.0,0.6666666666666666,0.3333333333333333,0.8333333333333334,0.16666666666666666
14,53,0.83,0.71,0.4482758620689655,1.8732394366197183,217.79999999999998,-1,1.0,0.0,0.7894736842105263,0.21052631578947367,0.7857142857142857,0.21428571428571427
14,54,0.84,0.67,0.5319148936170213,2.253731343283582,218.99999999999997,-1,1.0,0.0,0.8333333333333334,0.16666666666666666,0.75,0.25
14,55,0.89,0.71,0.4117647058823529,2.140845070422535,239.39999999999998,-1,1.0,0.0,0.8,0.2,0.6923076923076923,0.3076923076923077
14,56,0.83,0.67,0.4583333333333333,2.1641791044776117,183.4,-1,1.0,0.0,0.9583333333333334,0.041666666666666664,0.6,0.4
14,57,0.89,0.64,0.375,1.921875,198.64000000000001,4,1.0,0.0,0.85,0.15,0.6363636363636364,0.36363636363636365
14,58,0.83,0.69,0.47619047619047616,2.130434782608696,236.99999999999997,-1,1.0,0.0,0.6666666666666666,0.3333333333333333,0.5333333333333333,0.4666666666666667
14,59,0.86,0.7,0.5625,2.1,242.99999999999994,-1,1.0,0.0,0.47368421052631576,0.5263157894736842,0.38461538461538464,0.6153846153846154
14,60,0.85,0.6,0.34210526315789475,2.0,201.59999999999994,-1,1.0,0.0,0.6875,0.3125,0.7692307692307693,0.23076923076923078
14,61,0.85,0.67,0.39473684210526316,1.8507462686567164,216.0,-1,1.0,0.0,0.75,0.25,0.7692307692307693,0.23076923076923078
14,62,0.86,0.72,0.5,1.875,234.0,-1,1.0,0.0,0.8571428571428571,0.14285714285714285,0.6666666666666666,0.3333333333333333
14,63,0.81,0.63,0.4878048780487805,1.9682539682539681,208.4,-1,1.0,0.0,0.5714285714285714,0.42857142857142855,0.5833333333333334,0.4166666666666667
14,64,0.76,0.54,0.3888888888888889,2.0185185185185186,170.99999999999994,-1,1.0,0.0,0.7058823529411765,0.29411764705882354,0.6,0.4
14,65,0.84,0.59,0.29411764705882354,1.5254237288135593,188.64,2,1.0,0.0,0.8181818181818182,0.18181818181818182,0.6363636363636364,0.36363636363636365
15,0,0.88,0.64,,1.0,182.4,-1,1.0,0.0,0.6818181818181818,0.3181818181818182,0.6363636363636364,0.36363636363636365
15,1,0.85,0.66,0.5217391304347826,1.3636363636363635,172.79999999999998,-1,1.0,0.0,0.625,0.375,0.7333333333333333,0.26666666666666666
15,2,0.79,0.67,0.30952380952380953,1.4029850746268657,200.0,-1,1.0,0.0,0.7619047619047619,0.23809523809523808,0.75,0.25
15,3,0.83,0.63,0.3953488372093023,1.507936507936508,189.20000000000002,-1,1.0,0.0,0.875,0.125,0.5833333333333334,0.4166666666666667
15,4,0.83,0.71,0.5217391304347826,1.7183098591549295,223.20000000000002,-1,1.0,0.0,1.0,0.0,0.75,0.25
15,5,0.86,0.69,0.5306122448979592,1.7536231884057971,223.19999999999993,-1,1.0,0.0,0.9166666666666666,0.08333333333333333,0.5,0.5
15,6,0.84,0.69,0.40816326530612246,1.5942028985507246,226.79999999999998,-1,1.0,0.0,0.8421052631578947,0.15789473684210525,0.6111111111111112,0.3888888888888889
15,7,0.84,0.72,0.3469387755102041,1.625,248.39999999999998,-1,1.0,0.0,0.9047619047619048,0.09523809523809523,0.631578947368421,0.3684210526315789
15,8,0.82,0.68,0.4897959183673469,1.8088235294117647,210.8,-1,1.0,0.0,0.8571428571428571,0.14285714285714285,0.8333333333333334,0.16666666666666666
15,9,0.92,0.69,0.41304347826086957,1.7971014492753623,223.68,3,1.0,0.0,0.7391304347826086,0.2608695652173913,0.65,0.35
15,10,0.82,0.69,0.45098039215686275,2.0144927536231885,186.47999999999996,0,1.0,0.0,0.95,0.05,0.7857142857142857,0.21428571428571427
15,11,0.86,0.69,0.4489795918367347,2.1449275362318843,207.11999999999995,4,1.0,0.0,0.8333333333333334,0.16666666666666666,0.9285714285714286,0.07142857142857142
15,12,0.86,0.76,0.4230769230769231,1.7894736842105263,255.60000000000002,-1,1.0,0.0,0.7083333333333334,0.2916666666666667,0.7857142857142857,0.21428571428571427
15,13,0.87,0.68,0.45098039215686275,1.911764705882353,240.0,-1,1.0,0.0,0.875,0.125,0.7058823529411765,0.29411764705882354
15,14,0.85,0.69,0.43478260869565216,1.9855072463768115,219.60000000000005,-1,1.0,0.0,0.8947368421052632,0.10526315789473684,0.75,0.25
15,15,0.85,0.67,0.3829787234042553,2.283582089552239,210.6,-1,1.0,0.0,0.9230769230769231,0.07692307692307693,0.7857142857142857,0.21428571428571427
15,16,0.86,0.66,0.4888888888888889,2.227272727272727,212.99999999999997,-1,1.0,0.0,0.8333333333333334,0.16666666666666666,0.5,0.5
15,17,0.84,0.74,0.48,1.972972972972973,222.00000000000003,-1,1.0,0.0,0.85,0.15,0.8571428571428571,0.14285714285714285
15,18,0.79,0.62,0.34,1.7580645161290323,196.79999999999993,-1,1.0,0.0,0.875,0.125,0.5833333333333334,0.4166666666666667
15,19,0.83,0.71,0.5,2.1267605633802815,226.79999999999995,-1,1.0,0.0,0.7619047619047619,0.23809523809523808,0.8,0.2
15,20,0.86,0.72,0.38,1.7083333333333333,238.39999999999998,-1,1.0,0.0,0.65,0.35,0.7333333333333333,0.26666666666666666
15,21,0.88,0.73,0.5178571428571429,1.7671232876712328,227.64,2,1.0,0.0,0.65,0.35,0.8,0.2
15,22,0.91,0.74,0.42592592592592593,2.1621621621621623,234.00000000000003,-1,1.0,0.0,0.6666666666666666,0.3333333333333333,0.7857142857142857,0.21428571428571427
15,23,0.83,0.72,0.45098039215686275,2.0555555555555554,227.4,-1,1.0,0.0,0.8,0.2,0.6,0.4
15,24,0.79,0.67,0.2653061224489796,1.6417910447761195,212.39999999999998,-1,1.0,0.0,0.8928571428571429,0.10714285714285714,0.8333333333333334,0.16666666666666666
15,25,0.87,0.69,0.36,1.855072463768116,208.8,-1,1.0,0.0,1.0,0.0,0.6363636363636364,0.36363636363636365
15,26,0.83,0.74,0.46,2.0135135135135136,244.79999999999998,-1,1.0,0.0,0.6666666666666666,0.3333333333333333,0.631578947368421,0.3684210526315789
15,27,0.81,0.63,0.45652173913043476,1.9523809523809523,186.23999999999995,0,1.0,0.0,0.6956521739130435,0.30434782608695654,0.7777777777777778,0.2222222222222222
15,28,0.88,0.73,0.4222222222222222,1.9452054794520548,216.20000000000005,4,1.0,0.0,0.7727272727272727,0.22727272727272727,0.7368421052631579,0.2631578947368421
15,29,0.81,0.63,0.425531914893617,2.015873015873016,193.79999999999995,-1,1.0,0.0,0.6470588235294118,0.35294117647058826,0.75,0.25
15,30,0.88,0.74,0.375,1.8783783783783783,245.40000000000003,-1,1.0,0.0,0.7142857142857143,0.2857142857142857,0.6470588235294118,0.35294117647058826
15,31,0.83,0.71,0.5,2.0140845070422535,213.60000000000005,-1,1.0,0.0,0.782608695652174,0.21739130434782608,0.8181818181818182,0.18181818181818182
15,32,0.86,0.63,0.41304347826086957,2.0634920634920637,202.20000000000002,-1,1.0,0.0,0.9523809523809523,0.047619047619047616,0.8888888888888888,0.1111111111111111
15,33,0.89,0.74,0.4791666666666667,1.945945945945946,226.79999999999998,-1,1.0,0.0,0.8333333333333334,0.16666666666666666,0.5714285714285714,0.42857142857142855
15,34,0.8,0.62,0.4772727272727273,1.9516129032258065,197.99999999999997,-1,1.0,0.0,0.9333333333333333,0.06666666666666667,0.8,0.2
15,35,0.89,0.76,0.41304347826086957,1.9605263157894737,212.60000000000002,-1,1.0,0.0,0.8076923076923077,0.19230769230769232,0.8235294117647058,0.17647058823529413
15,36,0.83,0.71,0.32075471698113206,1.704225352112676,235.79999999999998,-1,1.0,0.0,0.7142857142857143,0.2857142857142857,0.8947368421052632,0.10526315789473684
15,37,0.8,0.65,0.5416666666666666,2.3384615384615386,201.40000000000003,-1,1.0,0.0,0.85,0.15,0.6923076923076923,0.3076923076923077
15,38,0.91,0.78,0.49019607843137253,2.08974358974359,249.84,2,1.0,0.0,0.7391304347826086,0.2608695652173913,0.625,0.375
15,39,0.84,0.65,0.33962264150943394,2.1384615384615384,215.99999999999997,-1,1.0,0.0,0.6470588235294118,0.35294117647058826,0.6923076923076923,0.3076923076923077
15,40,0.85,0.7,0.3953488372093023,1.9,220.19999999999996,-1,1.0,0.0,0.8125,0.1875,0.6428571428571429,0.35714285714285715
15,41,0.84,0.68,0.35294117647058826,1.9264705882352942,204.99999999999997,-1,1.0,0.0,0.8,0.2,0.7333333333333333,0.26666666666666666
15,42,0.88,0.7,0.35294117647058826,2.0285714285714285,207.79999999999995,-1,1.0,0.0,0.47058823529411764,0.5294117647058824,0.7142857142857143,0.2857142857142857
15,43,0.87,0.7,0.36,1.6571428571428573,226.79999999999995,-1,1.0,0.0,0.7,0.3,0.6363636363636364,0.36363636363636365
15,44,0.88,0.7,0.35294117647058826,1.6857142857142857,229.59999999999997,-1,1.0,0.0,0.6666666666666666,0.3333333333333333,0.5789473684210527,0.42105263157894735
15,45,0.8,0.61,0.4444444444444444,1.6557377049180328,184.44,2,1.0,0.0,0.8636363636363636,0.13636363636363635,0.8461538461538461,0.15384615384615385
15,46,0.78,0.63,0.3333333333333333,1.5555555555555556,209.99999999999997,-1,1.0,0.0,0.7368421052631579,0.2631578947368421,0.5833333333333334,0.4166666666666667
15,47,0.84,0.69,0.46511627906976744,2.028985507246377,216.59999999999997,-1,1.0,0.0,0.7222222222222222,0.2777777777777778,0.6666666666666666,0.3333333333333333
15,48,0.87,0.73,0.29411764705882354,1.726027397260274,242.99999999999994,-1,1.0,0.0,0.5882352941176471,0.4117647058823529,0.7222222222222222,0.2777777777777778
15,49,0.88,0.7,0.4230769230769231,1.7714285714285714,204.99999999999997,-1,1.0,0.0,0.7222222222222222,0.2777777777777778,0.625,0.375
15,50,0.81,0.71,0.4489795918367347,2.112676056338028,251.99999999999997,-1,1.0,0.0,0.5789473684210527,0.42105263157894735,0.5,0.5
15,51,0.88,0.7,0.3829787234042553,1.8857142857142857,227.99999999999997,-1,1.0,0.0,0.5882352941176471,0.4117647058823529,0.8,0.2
15,52,0.84,0.75,0.35294117647058826,1.96,253.79999999999998,-1,1.0,0.0,0.6818181818181818,0.3181818181818182,0.5,0.5
15,53,0.83,0.65,0.4,2.1384615384615384,197.15999999999997,1,1.0,0.0,0.88,0.12,0.5,0.5
15,54,0.77,0.63,0.4878048780487805,2.126984126984127,220.79999999999998,-1,1.0,0.0,0.8,0.2,0.631578947368421,0.3684210526315789
15,55,0.88,0.71,0.37209302325581395,1.9295774647887325,221.39999999999995,-1,1.0,0.0,0.8333333333333334,0.16666666666666666,0.625,0.375
15,56,0.83,0.67,0.4090909090909091,2.1194029850746268,207.39999999999998,2,1.0,0.0,0.9130434782608695,0.08695652173913043,0.6666666666666666,0.3333333333333333
15,57,0.83,0.7,0.54,2.1142857142857143,191.88,1,1.0,0.0,0.9333333333333333,0.06666666666666667,0.7142857142857143,0.2857142857142857
15,58,0.83,0.65,0.5217391304347826,2.1846153846153844,233.39999999999998,-1,1.0,0.0,0.6956521739130435,0.30434782608695654,0.7647058823529411,0.23529411764705882
15,59,0.83,0.68,0.3953488372093023,1.9264705882352942,220.79999999999993,-1,1.0,0.0,0.6842105263157895,0.3157894736842105,0.7857142857142857,0.21428571428571427
15,60,0.82,0.7,0.3829787234042553,1.8714285714285714,227.94,4,1.0,0.0,0.7777777777777778,0.2222222222222222,0.5384615384615384,0.46153846153846156
15,61,0.9,0.73,0.40384615384615385,1.726027397260274,244.79999999999995,-1,1.0,0.0,0.5294117647058824,0.47058823529411764,0.8333333333333334,0.16666666666666666
15,62,0.82,0.73,0.4423076923076923,1.8082191780821917,244.79999999999995,3,1.0,0.0,0.782608695652174,0.21739130434782608,0.631578947368421,0.3684210526315789
15,63,0.89,0.72,0.4423076923076923,1.9166666666666667,195.6,1,1.0,0.0,0.8333333333333334,0.16666666666666666,0.7692307692307693,0.23076923076923078
15,64,0.85,0.66,0.4423076923076923,1.8333333333333333,191.99999999999997,1,1.0,0.0,0.8181818181818182,0.18181818181818182,0.6363636363636364,0.36363636363636365
15,65,0.84,0.63,0.4090909090909091,1.8412698412698412,226.2,-1,1.0,0.0,0.6875,0.3125,0.6666666666666666,0.3333333333333333
16,0,0.89,0.72,,1.0,192.00000000000006,-1,1.0,0.0,0.7142857142857143,0.2857142857142857,0.5625,0.4375
16,1,0.89,0.65,0.4375,1.323076923076923,178.19999999999996,-1,1.0,0.0,0.75,0.25,0.6428571428571429,0.35714285714285715
16,2,0.81,0.63,0.6,1.6666666666666667,178.0,-1,1.0,0.0,0.8636363636363636,0.13636363636363635,0.5,0.5
16,3,0.85,0.67,0.5714285714285714,1.8507462686567164,213.40000000000006,-1,1.0,0.0,0.8947368421052632,0.10526315789473684,0.625,0.375
16,4,0.88,0.72,0.42857142857142855,1.7777777777777777,207.35999999999999,0,1.0,0.0,1.0,0.0,0.7647058823529411,0.23529411764705882
16,5,0.87,0.76,0.37735849056603776,1.7105263157894737,223.22000000000003,4,1.0,0.0,0.92,0.08,0.7142857142857143,0.2857142857142857
16,6,0.88,0.64,0.4,1.65625,204.2,-1,1.0,0.0,0.6086956521739131,0.391304347826087,0.8888888888888888,0.1111111111111111
16,7,0.88,0.66,0.4146341463414634,1.878787878787879,210.60000000000002,-1,1.0,0.0,0.8636363636363636,0.13636363636363635,0.625,0.375
16,8,0.86,0.7,0.4444444444444444,1.9142857142857144,233.60000000000002,4,1.0,0.0,0.72,0.28,0.6666666666666666,0.3333333333333333
16,9,0.86,0.7,0.40425531914893614,1.957142857142857,181.79999999999998,1,1.0,0.0,0.75,0.25,0.8,0.2
16,10,0.75,0.6,0.46511627906976744,2.0166666666666666,198.4,-1,1.0,0.0,0.8947368421052632,0.10526315789473684,0.7058823529411765,0.29411764705882354
16,11,0.81,0.57,0.38461538461538464,2.087719298245614,179.79999999999995,-1,1.0,0.0,0.7777777777777778,0.2222222222222222,0.5,0.5
16,12,0.89,0.73,0.45454545454545453,2.2465753424657535,217.60000000000002,-1,1.0,0.0,0.8571428571428571,0.14285714285714285,0.7142857142857143,0.2857142857142857
16,13,0.82,0.68,0.45454545454545453,2.1176470588235294,215.8,-1,1.0,0.0,0.631578947368421,0.3684210526315789,0.75,0.25
16,14,0.84,0.67,0.2826086956521739,1.9402985074626866,219.6,-1,1.0,0.0,0.7,0.3,0.5833333333333334,0.4166666666666667
16,15,0.88,0.7,0.40816326530612246,1.7714285714285714,200.60000000000002,-1,1.0,0.0,0.9,0.1,0.8,0.2
16,16,0.89,0.75,0.49056603773584906,1.84,224.39999999999992,-1,1.0,0.0,0.875,0.125,0.8235294117647058,0.17647058823529413
16,17,0.86,0.71,0.36,1.7464788732394365,229.20000000000002,-1,1.0,0.0,0.6956521739130435,0.30434782608695654,0.6470588235294118,0.35294117647058826
16,18,0.93,0.75,0.39215686274509803,1.92,217.20000000000002,-1,1.0,0.0,0.92,0.08,0.8636363636363636,0.13636363636363635
16,19,0.8,0.67,0.39622641509433965,1.8059701492537314,192.20000000000005,2,1.0,0.0,0.8333333333333334,0.16666666666666666,0.9333333333333333,0.06666666666666667
16,20,0.78,0.62,0.28205128205128205,1.6290322580645162,184.0,-1,1.0,0.0,0.8421052631578947,0.15789473684210525,0.625,0.375
16,21,0.9,0.73,0.4666666666666667,2.041095890410959,238.4,-1,1.0,0.0,0.8260869565217391,0.17391304347826086,0.7222222222222222,0.2777777777777778
16,22,0.87,0.68,0.4716981132075472,1.9411764705882353,223.79999999999998,-1,1.0,0.0,0.6818181818181818,0.3181818181818182,0.6666666666666666,0.3333333333333333
16,23,0.84,0.74,0.49056603773584906,1.9189189189189189,233.0,-1,1.0,0.0,0.7619047619047619,0.23809523809523808,0.6428571428571429,0.35714285714285715
16,24,0.88,0.75,0.45454545454545453,1.92,221.60000000000002,-1,1.0,0.0,0.95,0.05,0.45454545454545453,0.5454545454545454
16,25,0.88,0.74,0.5454545454545454,2.081081081081081,227.80000000000004,-1,1.0,0.0,0.6666666666666666,0.3333333333333333,0.4166666666666667,0.5833333333333334
16,26,0.82,0.74,0.5849056603773585,2.2567567567567566,235.60000000000002,-1,1.0,0.0,0.9,0.1,0.5882352941176471,0.4117647058823529
16,27,0.81,0.6,0.27906976744186046,2.1666666666666665,206.2,-1,1.0,0.0,0.5882352941176471,0.4117647058823529,0.7058823529411765,0.29411764705882354
16,28,0.82,0.68,0.4523809523809524,2.1029411764705883,245.80000000000004,-1,1.0,0.0,0.625,0.375,0.5714285714285714,0.42857142857142855
16,29,0.87,0.72,0.3333333333333333,1.9722222222222223,214.60000000000002,-1,1.0,0.0,1.0,0.0,0.7333333333333333,0.26666666666666666
16,30,0.82,0.68,0.14893617021276595,1.8676470588235294,245.60000000000002,-1,1.0,0.0,0.7142857142857143,0.2857142857142857,0.5555555555555556,0.4444444444444444
16,31,0.81,0.66,0.4583333333333333,2.0,181.6,4,1.0,0.0,0.7619047619047619,0.23809523809523808,0.8,0.2
16,32,0.84,0.69,0.3877551020408163,1.8115942028985508,224.6,-1,1.0,0.0,0.8,0.2,0.7647058823529411,0.23529411764705882
16,33,0.88,0.71,0.4528301886792453,2.183098591549296,214.8,-1,1.0,0.0,0.8518518518518519,0.14814814814814814,0.6666666666666666,0.3333333333333333
16,34,0.92,0.73,0.38,2.0684931506849313,214.8,-1,1.0,0.0,0.9047619047619048,0.09523809523809523,0.8235294117647058,0.17647058823529413
16,35,0.93,0.82,0.5396825396825397,2.426829268292683,271.79999999999995,-1,1.0,0.0,0.8076923076923077,0.19230769230769232,0.5882352941176471,0.4117647058823529
16,36,0.83,0.65,0.47058823529411764,2.3076923076923075,200.40000000000006,-1,1.0,0.0,0.7857142857142857,0.21428571428571427,0.7894736842105263,0.21052631578947367
16,37,0.84,0.69,0.5,2.4927536231884058,205.40000000000006,-1,1.0,0.0,0.8421052631578947,0.15789473684210525,0.8571428571428571,0.14285714285714285
16,38,0.83,0.7,0.45652173913043476,2.2285714285714286,214.0,1,1.0,0.0,0.8260869565217391,0.17391304347826086,0.631578947368421,0.3684210526315789
16,39,0.9,0.75,0.3333333333333333,2.2533333333333334,225.39999999999998,-1,1.0,0.0,0.7619047619047619,0.23809523809523808,0.5454545454545454,0.45454545454545453
16,40,0.83,0.69,0.46296296296296297,2.2753623188405796,217.40000000000003,-1,1.0,0.0,0.8571428571428571,0.14285714285714285,0.6153846153846154,0.38461538461538464
16,41,0.85,0.7,0.3541666666666667,2.1285714285714286,218.0,-1,1.0,0.0,0.8235294117647058,0.17647058823529413,0.7058823529411765,0.29411764705882354
16,42,0.79,0.67,0.45454545454545453,2.343283582089552,182.64,0,1.0,0.0,0.7894736842105263,0.21052631578947367,0.75,0.25
16,43,0.89,0.69,0.4375,2.0144927536231885,223.4,-1,1.0,0.0,0.631578947368421,0.3684210526315789,0.7058823529411765,0.29411764705882354
16,44,0.84,0.65,0.28888888888888886,1.4615384615384615,222.8,-1,1.0,0.0,0.95,0.05,0.65,0.35
16,45,0.88,0.74,0.425531914893617,1.7837837837837838,243.20000000000005,-1,1.0,0.0,0.9655172413793104,0.034482758620689655,0.6,0.4
16,46,0.86,0.72,0.36363636363636365,1.8194444444444444,229.2,-1,1.0,0.0,0.9047619047619048,0.09523809523809523,0.6470588235294118,0.35294117647058826
16,47,0.86,0.7,0.42,1.8571428571428572,229.4,-1,1.0,0.0,0.8260869565217391,0.17391304347826086,0.5833333333333334,0.4166666666666667
16,48,0.86,0.68,0.42,1.9558823529411764,218.0,-1,1.0,0.0,0.7272727272727273,0.2727272727272727,0.6363636363636364,0.36363636363636365
16,49,0.81,0.67,0.2978723404255319,1.7164179104477613,221.8,-1,1.0,0.0,0.6111111111111112,0.3888888888888889,0.5714285714285714,0.42857142857142855
16,50,0.83,0.61,0.4772727272727273,1.9836065573770492,206.60000000000002,-1,1.0,0.0,0.7037037037037037,0.2962962962962963,0.6363636363636364,0.36363636363636365
16,51,0.79,0.66,0.5609756097560976,2.0606060606060606,169.28000000000003,1,1.0,0.0,0.8571428571428571,0.14285714285714285,0.875,0.125
16,52,0.81,0.68,0.3333333333333333,1.7058823529411764,201.80000000000004,-1,1.0,0.0,0.92,0.08,0.7142857142857143,0.2857142857142857
16,53,0.85,0.69,0.4782608695652174,2.0579710144927534,236.2,-1,1.0,0.0,0.7727272727272727,0.22727272727272727,0.6,0.4
16,54,0.79,0.64,0.3829787234042553,2.015625,186.00000000000003,-1,1.0,0.0,0.9523809523809523,0.047619047619047616,0.6666666666666666,0.3333333333333333
16,55,0.87,0.72,0.5555555555555556,2.0555555555555554,204.80000000000004,-1,1.0,0.0,0.8888888888888888,0.1111111111111111,0.7857142857142857,0.21428571428571427
16,56,0.88,0.68,0.4583333333333333,2.0588235294117645,212.8,-1,1.0,0.0,0.875,0.125,0.6842105263157895,0.3157894736842105
16,57,0.81,0.66,0.4222222222222222,2.0454545454545454,183.32,1,1.0,0.0,0.8095238095238095,0.19047619047619047,0.75,0.25
16,58,0.88,0.74,0.4,2.1621621621621623,260.6,-1,1.0,0.0,0.9,0.1,0.5789473684210527,0.42105263157894735
16,59,0.83,0.73,0.46296296296296297,2.0,212.00000000000003,-1,1.0,0.0,0.9,0.1,0.6,0.4
16,60,0.91,0.7,0.42,2.142857142857143,230.80000000000004,-1,1.0,0.0,0.896551724137931,0.10344827586206896,0.5,0.5
16,61,0.87,0.76,0.49122807017543857,2.1973684210526314,225.64000000000001,1,1.0,0.0,0.84,0.16,0.6875,0.3125
16,62,0.81,0.62,0.5434782608695652,2.129032258064516,202.39999999999998,-1,1.0,0.0,0.8125,0.1875,0.7058823529411765,0.29411764705882354
16,63,0.89,0.76,0.37254901960784315,1.986842105263158,238.60000000000002,-1,1.0,0.0,0.8076923076923077,0.19230769230769232,0.7333333333333333,0.26666666666666666
16,64,0.8,0.66,0.34545454545454546,1.9696969696969697,215.8,-1,1.0,0.0,0.8888888888888888,0.1111111111111111,0.8,0.2
16,65,0.88,0.72,0.41509433962264153,1.8055555555555556,222.40000000000003,-1,1.0,0.0,0.9615384615384616,0.038461538461538464,0.8235294117647058,0.17647058823529413
17,0,0.85,0.63,,1.0,177.60000000000008,-1,1.0,0.0,0.64,0.36,0.8095238095238095,0.19047619047619047
17,1,0.83,0.61,0.4186046511627907,1.2950819672131149,160.2,-1,1.0,0.0,0.8928571428571429,0.10714285714285714,0.5714285714285714,0.42857142857142855
17,2,0.86,0.73,0.38636363636363635,1.36986301369863,220.0,-1,1.0,0.0,0.7083333333333334,0.2916666666666667,0.7647058823529411,0.23529411764705882
17,3,0.87,0.72,0.37254901960784315,1.6111111111111112,228.80000000000007,-1,1.0,0.0,0.7692307692307693,0.23076923076923078,0.7692307692307693,0.23076923076923078
17,4,0.87,0.7,0.49019607843137253,1.9142857142857144,196.80000000000004,-1,1.0,0.0,1.0,0.0,0.8181818181818182,0.18181818181818182
17,5,0.89,0.75,0.4375,1.8533333333333333,232.20000000000005,-1,1.0,0.0,0.8181818181818182,0.18181818181818182,0.6428571428571429,0.35714285714285715
17,6,0.84,0.71,0.43636363636363634,1.7887323943661972,233.0,-1,1.0,0.0,0.8333333333333334,0.16666666666666666,0.6875,0.3125
17,7,0.79,0.6,0.4318181818181818,1.8166666666666667,197.79999999999995,-1,1.0,0.0,0.75,0.25,0.5,0.5
17,8,0.87,0.71,0.4146341463414634,1.8169014084507042,215.83999999999997,4,1.0,0.0,0.7931034482758621,0.20689655172413793,0.7857142857142857,0.21428571428571427
17,9,0.85,0.75,0.3888888888888889,1.8266666666666667,211.4,-1,1.0,0.0,0.76,0.24,0.75,0.25
17,10,0.85,0.67,0.45098039215686275,1.9850746268656716,210.6,-1,1.0,0.0,0.8571428571428571,0.14285714285714285,0.7894736842105263,0.21052631578947367
17,11,0.81,0.67,0.5686274509803921,2.1194029850746268,200.4,-1,1.0,0.0,0.9655172413793104,0.034482758620689655,0.7777777777777778,0.2222222222222222
17,12,0.88,0.72,0.39215686274509803,1.875,233.40000000000003,-1,1.0,0.0,0.88,0.12,0.6923076923076923,0.3076923076923077
17,13,0.83,0.69,0.43636363636363634,2.130434782608696,208.19999999999996,-1,1.0,0.0,0.7894736842105263,0.21052631578947367,0.7692307692307693,0.23076923076923078
17,14,0.84,0.68,0.5434782608695652,2.2941176470588234,241.2,-1,1.0,0.0,0.6842105263157895,0.3157894736842105,0.5,0.5
17,15,0.82,0.6,0.5111111111111111,2.2,203.39999999999995,-1,1.0,0.0,0.5384615384615384,0.46153846153846156,0.7894736842105263,0.21052631578947367
17,16,0.88,0.72,0.3953488372093023,2.236111111111111,220.59999999999997,-1,1.0,0.0,0.631578947368421,0.3684210526315789,0.75,0.25
17,17,0.86,0.72,0.4,2.125,222.0,-1,1.0,0.0,0.8181818181818182,0.18181818181818182,0.75,0.25
17,18,0.88,0.77,0.39285714285714285,2.142857142857143,233.20000000000002,-1,1.0,0.0,0.7727272727272727,0.22727272727272727,0.8333333333333334,0.16666666666666666
17,19,0.84,0.67,0.3018867924528302,1.6119402985074627,204.60000000000002,-1,1.0,0.0,0.9,0.1,0.6111111111111112,0.3888888888888889
17,20,0.85,0.64,0.5111111111111111,2.015625,194.6,-1,1.0,0.0,0.9444444444444444,0.05555555555555555,0.7692307692307693,0.23076923076923078
17,21,0.83,0.66,0.45454545454545453,1.9090909090909092,225.39999999999998,-1,1.0,0.0,0.88,0.12,0.6,0.4
17,22,0.86,0.69,0.35555555555555557,1.7536231884057971,223.2,-1,1.0,0.0,0.7777777777777778,0.2222222222222222,0.75,0.25
17,23,0.83,0.73,0.5306122448979592,2.0684931506849313,211.8,-1,1.0,0.0,0.7894736842105263,0.21052631578947367,0.7272727272727273,0.2727272727272727
17,24,0.82,0.66,0.3673469387755102,1.7575757575757576,229.2,-1,1.0,0.0,0.7083333333333334,0.2916666666666667,0.75,0.25
17,25,0.82,0.67,0.43478260869565216,2.0,213.79999999999995,-1,1.0,0.0,0.6111111111111112,0.3888888888888889,0.8666666666666667,0.13333333333333333
17,26,0.86,0.75,0.5454545454545454,1.9733333333333334,233.20000000000002,-1,1.0,0.0,0.6470588235294118,0.35294117647058826,0.8125,0.1875
17,27,0.82,0.71,0.38,1.7464788732394365,222.2,-1,1.0,0.0,0.7619047619047619,0.23809523809523808,0.7692307692307693,0.23076923076923078
17,28,0.84,0.66,0.375,1.7727272727272727,213.59999999999997,-1,1.0,0.0,0.8,0.2,0.5833333333333334,0.4166666666666667
17,29,0.82,0.65,0.47619047619047616,1.9076923076923078,197.99999999999997,-1,1.0,0.0,0.9090909090909091,0.09090909090909091,0.75,0.25
17,30,0.81,0.65,0.42105263157894735,1.8615384615384616,193.99999999999997,-1,1.0,0.0,0.9333333333333333,0.06666666666666667,0.8,0.2
17,31,0.88,0.73,0.36,1.8082191780821917,230.39999999999998,-1,1.0,0.0,0.7368421052631579,0.2631578947368421,0.6923076923076923,0.3076923076923077
17,32,0.89,0.71,0.46153846153846156,1.7183098591549295,231.79999999999998,-1,1.0,0.0,0.7727272727272727,0.22727272727272727,0.7692307692307693,0.23076923076923078
17,33,0.87,0.74,0.42592592592592593,1.635135135135135,204.92000000000002,0,1.0,0.0,0.9130434782608695,0.08695652173913043,0.8,0.2
17,34,0.85,0.73,0.3148148148148148,1.643835616438356,228.45999999999998,2,1.0,0.0,0.8,0.2,0.6470588235294118,0.35294117647058826
17,35,0.81,0.61,0.4,1.9180327868852458,193.8,-1,1.0,0.0,0.8,0.2,0.7272727272727273,0.2727272727272727
17,36,0.82,0.66,0.38461538461538464,1.7878787878787878,219.65999999999997,3,1.0,0.0,0.7083333333333334,0.2916666666666667,0.7647058823529411,0.23529411764705882
17,37,0.9,0.67,0.4186046511627907,1.8507462686567164,211.40000000000003,-1,1.0,0.0,0.75,0.25,0.6923076923076923,0.3076923076923077
17,38,0.86,0.67,0.425531914893617,2.029850746268657,205.0,3,1.0,0.0,0.7307692307692307,0.2692307692307692,0.7142857142857143,0.2857142857142857
17,39,0.81,0.71,0.4090909090909091,1.9859154929577465,241.60000000000002,-1,1.0,0.0,0.6363636363636364,0.36363636363636365,0.8125,0.1875
17,40,0.89,0.82,0.3114754098360656,1.8048780487804879,244.8,-1,1.0,0.0,0.8888888888888888,0.1111111111111111,0.6666666666666666,0.3333333333333333
17,41,0.86,0.72,0.39344262295081966,1.8611111111111112,226.8,-1,1.0,0.0,0.8518518518518519,0.14814814814814814,0.8333333333333334,0.16666666666666666
17,42,0.81,0.68,0.47058823529411764,1.8970588235294117,234.2,-1,1.0,0.0,0.8421052631578947,0.15789473684210525,0.6842105263157895,0.3157894736842105
17,43,0.85,0.66,0.5,2.1515151515151514,205.4,-1,1.0,0.0,0.88,0.12,0.8181818181818182,0.18181818181818182
17,44,0.89,0.72,0.4423076923076923,1.9166666666666667,247.39999999999998,-1,1.0,0.0,0.7142857142857143,0.2857142857142857,0.625,0.375
17,45,0.85,0.71,0.4807692307692308,1.971830985915493,245.4,-1,1.0,0.0,0.7142857142857143,0.2857142857142857,0.7777777777777778,0.2222222222222222
17,46,0.88,0.7,0.391304347826087,1.6428571428571428,218.39999999999998,-1,1.0,0.0,0.5294117647058824,0.47058823529411764,0.7692307692307693,0.23076923076923078
17,47,0.76,0.58,0.375,2.0344827586206895,187.99999999999994,-1,1.0,0.0,0.9090909090909091,0.09090909090909091,0.5,0.5
17,48,0.83,0.73,0.34146341463414637,1.6164383561643836,218.68,1,1.0,0.0,0.8260869565217391,0.17391304347826086,0.6428571428571429,0.35714285714285715
17,49,0.87,0.7,0.3888888888888889,1.9857142857142858,237.79999999999998,-1,1.0,0.0,0.6666666666666666,0.3333333333333333,0.6666666666666666,0.3333333333333333
17,50,0.86,0.73,0.5,2.0273972602739727,235.67999999999998,4,1.0,0.0,0.7368421052631579,0.2631578947368421,0.6,0.4
17,51,0.84,0.73,0.35294117647058826,1.9315068493150684,229.4,-1,1.0,0.0,0.75,0.25,0.8,0.2
17,52,0.87,0.69,0.4117647058823529,1.681159420289855,209.99999999999997,-1,1.0,0.0,0.9583333333333334,0.041666666666666664,0.7692307692307693,0.23076923076923078
17,53,0.78,0.63,0.4418604651162791,1.7777777777777777,168.79999999999998,-1,1.0,0.0,0.9473684210526315,0.05263157894736842,0.6666666666666666,0.3333333333333333
17,54,0.9,0.68,0.5333333333333333,2.088235294117647,235.79999999999998,-1,1.0,0.0,0.6190476190476191,0.38095238095238093,0.7222222222222222,0.2777777777777778
17,55,0.83,0.71,0.4807692307692308,2.056338028169014,216.12,2,1.0,0.0,0.9545454545454546,0.045454545454545456,0.6666666666666666,0.3333333333333333
17,56,0.85,0.65,0.36363636363636365,1.7692307692307692,217.59999999999994,-1,1.0,0.0,0.7727272727272727,0.22727272727272727,0.8,0.2
17,57,0.83,0.63,0.3023255813953488,2.2857142857142856,221.79999999999995,-1,1.0,0.0,0.7619047619047619,0.23809523809523808,0.7058823529411765,0.29411764705882354
17,58,0.74,0.62,0.5789473684210527,2.2580645161290325,200.19999999999993,-1,1.0,0.0,0.8571428571428571,0.14285714285714285,0.5454545454545454,0.45454545454545453
17,59,0.82,0.69,0.375,1.8695652173913044,226.4,-1,1.0,0.0,0.8333333333333334,0.16666666666666666,0.75,0.25
17,60,0.89,0.73,0.5306122448979592,2.219178082191781,246.80000000000004,-1,1.0,0.0,0.9130434782608695,0.08695652173913043,0.631578947368421,0.3684210526315789
17,61,0.85,0.69,0.52,2.0434782608695654,231.39999999999998,-1,1.0,0.0,0.8333333333333334,0.16666666666666666,0.6153846153846154,0.38461538461538464
17,62,0.84,0.65,0.3333333333333333,1.7692307692307692,198.8,-1,1.0,0.0,0.9,0.1,0.7857142857142857,0.21428571428571427
17,63,0.83,0.66,0.4888888888888889,1.7424242424242424,211.2,-1,1.0,0.0,0.8947368421052632,0.10526315789473684,0.6153846153846154,0.38461538461538464
17,64,0.79,0.65,0.5777777777777777,2.1384615384615384,200.4,-1,1.0,0.0,0.9444444444444444,0.05555555555555555,0.7142857142857143,0.2857142857142857
17,65,0.8,0.67,0.4772727272727273,1.9253731343283582,211.19999999999996,-1,1.0,0.0,0.7647058823529411,0.23529411764705882,0.5833333333333334,0.4166666666666667
18,0,0.88,0.63,,1.0,164.80000000000004,-1,1.0,0.0,0.8695652173913043,0.13043478260869565,0.6,0.4
18,1,0.88,0.74,0.30612244897959184,1.2027027027027026,203.39999999999995,-1,1.0,0.0,0.8260869565217391,0.17391304347826086,0.631578947368421,0.3684210526315789
18,2,0.87,0.7,0.3584905660377358,1.4142857142857144,232.0,-1,1.0,0.0,0.68,0.32,0.7,0.3
18,3,0.82,0.65,0.34782608695652173,1.5384615384615385,207.68000000000004,4,1.0,0.0,0.75,0.25,0.7647058823529411,0.23529411764705882
18,4,0.84,0.63,0.3684210526315789,1.5873015873015872,177.59999999999997,-1,1.0,0.0,1.0,0.0,0.6666666666666666,0.3333333333333333
18,5,0.88,0.77,0.32075471698113206,1.6753246753246753,199.16,1,1.0,0.0,0.9545454545454546,0.045454545454545456,0.6875,0.3125
18,6,0.84,0.67,0.56,1.9701492537313432,185.99999999999997,-1,1.0,0.0,0.8695652173913043,0.13043478260869565,0.5454545454545454,0.45454545454545453
18,7,0.87,0.77,0.4444444444444444,1.844155844155844,238.60000000000002,-1,1.0,0.0,0.8787878787878788,0.12121212121212122,0.4666666666666667,0.5333333333333333
18,8,0.77,0.61,0.4166666666666667,1.7540983606557377,165.0,-1,1.0,0.0,0.7619047619047619,0.23809523809523808,0.8,0.2
18,9,0.84,0.7,0.42857142857142855,1.8,211.19999999999996,-1,1.0,0.0,0.7368421052631579,0.2631578947368421,0.6923076923076923,0.3076923076923077
18,10,0.84,0.73,0.5,1.821917808219178,212.99999999999994,-1,1.0,0.0,0.8571428571428571,0.14285714285714285,0.8,0.2
18,11,0.9,0.77,0.39655172413793105,1.87012987012987,227.72,3,1.0,0.0,0.7692307692307693,0.23076923076923078,0.7857142857142857,0.21428571428571427
18,12,0.81,0.59,0.38,1.9661016949152543,179.99999999999997,-1,1.0,0.0,0.9285714285714286,0.07142857142857142,0.42857142857142855,0.5714285714285714
18,13,0.92,0.78,0.46808510638297873,2.0384615384615383,209.0,-1,1.0,0.0,0.95,0.05,0.7857142857142857,0.21428571428571427
18,14,0.83,0.73,0.39655172413793105,1.9315068493150684,207.20000000000002,-1,1.0,0.0,0.8636363636363636,0.13636363636363635,0.5333333333333333,0.4666666666666667
18,15,0.81,0.73,0.36363636363636365,2.1095890410958904,217.60000000000002,-1,1.0,0.0,0.8421052631578947,0.15789473684210525,0.5714285714285714,0.42857142857142855
18,16,0.79,0.64,0.3829787234042553,2.03125,203.20000000000002,-1,1.0,0.0,0.84,0.16,0.75,0.25
18,17,0.87,0.71,0.5,2.1549295774647885,222.79999999999995,-1,1.0,0.0,0.8,0.2,0.5333333333333333,0.4666666666666667
18,18,0.85,0.7,0.48,2.3285714285714287,212.84,1,1.0,0.0,0.9032258064516129,0.0967741935483871,0.6470588235294118,0.35294117647058826
18,19,0.87,0.74,0.5294117647058824,2.1216216216216215,248.60000000000002,-1,1.0,0.0,0.6666666666666666,0.3333333333333333,0.6428571428571429,0.35714285714285715
18,20,0.85,0.71,0.4444444444444444,2.295774647887324,225.60000000000002,-1,1.0,0.0,0.9655172413793104,0.034482758620689655,0.6,0.4
18,21,0.84,0.65,0.4583333333333333,2.2615384615384615,202.0,-1,1.0,0.0,0.8076923076923077,0.19230769230769232,0.75,0.25
18,22,0.86,0.72,0.41304347826086957,2.2222222222222223,213.8,-1,1.0,0.0,0.7,0.3,0.8461538461538461,0.15384615384615385
18,23,0.77,0.66,0.37777777777777777,2.0303030303030303,213.6,-1,1.0,0.0,0.8095238095238095,0.19047619047619047,0.625,0.375
18,24,0.88,0.75,0.4222222222222222,2.013333333333333,225.12,2,1.0,0.0,0.6956521739130435,0.30434782608695654,0.6875,0.3125
18,25,0.8,0.71,0.37735849056603776,1.9295774647887325,220.79999999999998,-1,1.0,0.0,0.8888888888888888,0.1111111111111111,0.6923076923076923,0.3076923076923077
18,26,0.84,0.75,0.38181818181818183,1.92,193.79999999999995,0,1.0,0.0,0.8095238095238095,0.19047619047619047,0.7692307692307693,0.23076923076923078
18,27,0.84,0.76,0.4827586206896552,2.1315789473684212,231.60000000000002,-1,1.0,0.0,0.8076923076923077,0.19230769230769232,0.6363636363636364,0.36363636363636365
18,28,0.81,0.64,0.36538461538461536,1.78125,199.79999999999998,-1,1.0,0.0,0.8571428571428571,0.14285714285714285,0.5833333333333334,0.4166666666666667
18,29,0.8,0.69,0.4090909090909091,1.9565217391304348,208.39999999999998,-1,1.0,0.0,0.875,0.125,0.5,0.5
18,30,0.86,0.73,0.43137254901960786,2.0821917808219177,223.59999999999997,-1,1.0,0.0,0.8333333333333334,0.16666666666666666,0.6666666666666666,0.3333333333333333
18,31,0.78,0.66,0.5510204081632653,2.1818181818181817,181.6,-1,1.0,0.0,0.95,0.05,0.6,0.4
18,32,0.85,0.72,0.375,1.9166666666666667,202.71999999999997,3,1.0,0.0,0.7777777777777778,0.2222222222222222,0.5,0.5
18,33,0.82,0.72,0.3888888888888889,1.9861111111111112,217.79999999999998,-1,1.0,0.0,0.8636363636363636,0.13636363636363635,0.4,0.6
18,34,0.86,0.73,0.4444444444444444,2.2054794520547945,240.20000000000002,-1,1.0,0.0,0.8518518518518519,0.14814814814814814,0.6666666666666666,0.3333333333333333
18,35,0.87,0.7,0.4489795918367347,2.1,212.29999999999998,3,1.0,0.0,0.8148148148148148,0.18518518518518517,0.8181818181818182,0.18181818181818182
18,36,0.84,0.7,0.4897959183673469,2.0714285714285716,197.19999999999993,-1,1.0,0.0,0.8,0.2,0.7857142857142857,0.21428571428571427
18,37,0.86,0.72,0.42592592592592593,1.9861111111111112,227.4,-1,1.0,0.0,0.8421052631578947,0.15789473684210525,0.7727272727272727,0.22727272727272727
18,38,0.85,0.7,0.40384615384615385,2.0714285714285716,222.6,-1,1.0,0.0,0.7307692307692307,0.2692307692307692,0.7333333333333333,0.26666666666666666
18,39,0.88,0.67,0.40816326530612246,1.8955223880597014,233.0,-1,1.0,0.0,0.42105263157894735,0.5789473684210527,0.8,0.2
18,40,0.88,0.74,0.46,2.2162162162162162,219.6,-1,1.0,0.0,0.7727272727272727,0.22727272727272727,0.7142857142857143,0.2857142857142857
18,41,0.83,0.67,0.43137254901960786,1.8955223880597014,203.60000000000002,-1,1.0,0.0,0.8571428571428571,0.14285714285714285,0.7368421052631579,0.2631578947368421
18,42,0.88,0.77,0.37254901960784315,2.1298701298701297,257.6,-1,1.0,0.0,0.64,0.36,0.6875,0.3125
18,43,0.86,0.72,0.4,1.9444444444444444,201.00000000000003,-1,1.0,0.0,0.7142857142857143,0.2857142857142857,0.7692307692307693,0.23076923076923078
18,44,0.83,0.74,0.4642857142857143,2.2162162162162162,223.0,-1,1.0,0.0,0.9130434782608695,0.08695652173913043,0.6875,0.3125
18,45,0.85,0.65,0.38461538461538464,2.1076923076923078,181.79999999999995,0,1.0,0.0,0.8636363636363636,0.13636363636363635,0.6875,0.3125
18,46,0.83,0.7,0.3469387755102041,1.9714285714285715,224.20000000000002,-1,1.0,0.0,0.8,0.2,0.8125,0.1875
18,47,0.82,0.65,0.38,1.9230769230769231,187.0,-1,1.0,0.0,0.8095238095238095,0.19047619047619047,0.8,0.2
18,48,0.85,0.74,0.48936170212765956,2.1216216216216215,236.0,-1,1.0,0.0,0.8333333333333334,0.16666666666666666,0.4166666666666667,0.5833333333333334
18,49,0.82,0.69,0.37735849056603776,2.0144927536231885,197.6,-1,1.0,0.0,0.7058823529411765,0.29411764705882354,0.6,0.4
18,50,0.8,0.68,0.45652173913043476,2.2058823529411766,212.59999999999997,-1,1.0,0.0,0.9411764705882353,0.058823529411764705,0.6666666666666666,0.3333333333333333
18,51,0.84,0.74,0.47058823529411764,1.8918918918918919,223.6,4,1.0,0.0,0.7586206896551724,0.2413793103448276,0.7142857142857143,0.2857142857142857
18,52,0.81,0.65,0.34,1.7076923076923076,205.0,-1,1.0,0.0,0.7222222222222222,0.2777777777777778,0.8333333333333334,0.16666666666666666
18,53,0.85,0.75,0.42857142857142855,2.013333333333333,212.2,-1,1.0,0.0,0.8888888888888888,0.1111111111111111,0.7647058823529411,0.23529411764705882
18,54,0.86,0.7,0.46153846153846156,2.2,205.79999999999995,1,1.0,0.0,0.6086956521739131,0.391304347826087,0.5384615384615384,0.46153846153846156
18,55,0.84,0.66,0.2553191489361702,1.8484848484848484,214.0,-1,1.0,0.0,0.8695652173913043,0.13043478260869565,0.7142857142857143,0.2857142857142857
18,56,0.82,0.65,0.47619047619047616,2.1538461538461537,207.59999999999997,-1,1.0,0.0,0.7647058823529411,0.23529411764705882,0.6,0.4
18,57,0.85,0.67,0.5217391304347826,2.1492537313432836,236.39999999999998,-1,1.0,0.0,0.7142857142857143,0.2857142857142857,0.6470588235294118,0.35294117647058826
18,58,0.87,0.68,0.3111111111111111,2.1176470588235294,231.99999999999994,-1,1.0,0.0,0.7,0.3,0.5384615384615384,0.46153846153846156
18,59,0.82,0.68,0.4222222222222222,2.1470588235294117,210.0,-1,1.0,0.0,0.8125,0.1875,0.6923076923076923,0.3076923076923077
18,60,0.87,0.65,0.4883720930232558,2.2615384615384615,215.2,-1,1.0,0.0,0.88,0.12,0.5454545454545454,0.45454545454545453
18,61,0.9,0.74,0.45098039215686275,2.0945945945945947,233.20000000000005,-1,1.0,0.0,0.9032258064516129,0.0967741935483871,0.6666666666666666,0.3333333333333333
18,62,0.83,0.68,0.42,2.25,214.59999999999997,-1,1.0,0.0,0.7857142857142857,0.21428571428571427,0.6666666666666666,0.3333333333333333
18,63,0.81,0.62,0.4634146341463415,2.0806451612903225,206.39999999999998,-1,1.0,0.0,0.8636363636363636,0.13636363636363635,0.6875,0.3125
18,64,0.86,0.67,0.3902439024390244,2.2686567164179103,235.6,-1,1.0,0.0,0.65,0.35,0.6875,0.3125
18,65,0.87,0.66,0.3953488372093023,1.9848484848484849,199.59999999999997,-1,1.0,0.0,0.7333333333333333,0.26666666666666666,0.8,0.2
19,0,0.79,0.64,,1.0,179.20000000000005,-1,1.0,0.0,0.5555555555555556,0.4444444444444444,0.6111111111111112,0.3888888888888889
19,1,0.82,0.64,0.35,1.21875,172.79999999999998,-1,1.0,0.0,0.7142857142857143,0.2857142857142857,0.6666666666666666,0.3333333333333333
19,2,0.81,0.63,0.23809523809523808,1.2698412698412698,167.39999999999998,1,1.0,0.0,0.7894736842105263,0.21052631578947367,0.7857142857142857,0.21428571428571427
19,3,0.81,0.61,0.3333333333333333,1.4262295081967213,200.20000000000005,-1,1.0,0.0,0.7,0.3,0.6666666666666666,0.3333333333333333
19,4,0.82,0.58,0.2571428571428571,1.3620689655172413,191.99999999999994,-1,1.0,0.0,1.0,0.0,0.8571428571428571,0.14285714285714285
19,5,0.83,0.61,0.3888888888888889,1.7049180327868851,219.4,-1,1.0,0.0,0.8181818181818182,0.18181818181818182,0.6,0.4
19,6,0.83,0.66,0.43902439024390244,1.8636363636363635,200.00000000000006,-1,1.0,0.0,0.7647058823529411,0.23529411764705882,0.7272727272727273,0.2727272727272727
19,7,0.77,0.68,0.45454545454545453,1.8529411764705883,219.80000000000004,-1,1.0,0.0,0.85,0.15,0.6111111111111112,0.3888888888888889
19,8,0.89,0.71,0.3829787234042553,1.732394366197183,236.2,-1,1.0,0.0,0.76,0.24,0.7692307692307693,0.23076923076923078
19,9,0.79,0.64,0.3695652173913043,1.8125,184.76000000000005,0,1.0,0.0,0.7777777777777778,0.2222222222222222,0.8571428571428571,0.14285714285714285
19,10,0.85,0.72,0.46938775510204084,2.0,243.6,-1,1.0,0.0,0.782608695652174,0.21739130434782608,0.6153846153846154,0.38461538461538464
19,11,0.82,0.69,0.30612244897959184,1.681159420289855,232.19999999999996,-1,1.0,0.0,0.65,0.35,0.875,0.125
19,12,0.85,0.67,0.4782608695652174,2.014925373134328,185.99999999999994,-1,1.0,0.0,0.7,0.3,0.8333333333333334,0.16666666666666666
19,13,0.86,0.69,0.44680851063829785,2.072463768115942,216.59999999999997,-1,1.0,0.0,0.7894736842105263,0.21052631578947367,0.7692307692307693,0.23076923076923078
19,14,0.88,0.76,0.46153846153846156,1.9605263157894737,233.40000000000003,-1,1.0,0.0,0.8181818181818182,0.18181818181818182,0.7272727272727273,0.2727272727272727
19,15,0.93,0.78,0.43548387096774194,1.9102564102564104,246.0,-1,1.0,0.0,0.7916666666666666,0.20833333333333334,0.7058823529411765,0.29411764705882354
19,16,0.88,0.73,0.288135593220339,1.7534246575342465,247.79999999999995,-1,1.0,0.0,0.625,0.375,0.7222222222222222,0.2777777777777778
19,17,0.85,0.72,0.3333333333333333,1.8888888888888888,224.76000000000002,0,1.0,0.0,0.75,0.25,0.7894736842105263,0.21052631578947367
19,18,0.83,0.72,0.45098039215686275,1.9722222222222223,240.0,-1,1.0,0.0,0.8636363636363636,0.13636363636363635,0.7058823529411765,0.29411764705882354
19,19,0.95,0.74,0.36363636363636365,1.9594594594594594,229.20000000000005,2,1.0,0.0,0.7916666666666666,0.20833333333333334,0.9473684210526315,0.05263157894736842
19,20,0.87,0.73,0.28846153846153844,1.7397260273972603,223.55999999999997,0,1.0,0.0,0.6111111111111112,0.3888888888888889,0.7142857142857143,0.2857142857142857
19,21,0.84,0.74,0.42857142857142855,1.9594594594594594,213.35999999999996,1,1.0,0.0,0.5882352941176471,0.4117647058823529,0.7272727272727273,0.2727272727272727
19,22,0.84,0.71,0.4444444444444444,1.971830985915493,237.89999999999998,4,1.0,0.0,0.7619047619047619,0.23809523809523808,0.6,0.4
19,23,0.83,0.63,0.4418604651162791,2.0,199.26,4,1.0,0.0,0.75,0.25,0.875,0.125
19,24,0.87,0.66,0.38636363636363635,2.090909090909091,208.79999999999995,-1,1.0,0.0,0.75,0.25,0.6666666666666666,0.3333333333333333
19,25,0.88,0.7,0.574468085106383,2.4,229.4,-1,1.0,0.0,0.7727272727272727,0.22727272727272727,0.6,0.4
19,26,0.89,0.71,0.5416666666666666,2.183098591549296,212.27999999999997,0,1.0,0.0,0.7619047619047619,0.23809523809523808,0.75,0.25
19,27,0.87,0.75,0.33962264150943394,2.066666666666667,221.79999999999995,-1,1.0,0.0,0.6666666666666666,0.3333333333333333,0.8571428571428571,0.14285714285714285
19,28,0.88,0.7,0.5098039215686274,2.0428571428571427,230.39999999999998,-1,1.0,0.0,0.5714285714285714,0.42857142857142855,0.8888888888888888,0.1111111111111111
19,29,0.89,0.75,0.36363636363636365,1.76,234.20000000000002,-1,1.0,0.0,0.7,0.3,0.6153846153846154,0.38461538461538464
19,30,0.81,0.66,0.5283018867924528,2.015151515151515,217.79999999999998,-1,1.0,0.0,0.7142857142857143,0.2857142857142857,0.7692307692307693,0.23076923076923078
19,31,0.87,0.64,0.4634146341463415,2.09375,202.79999999999995,-1,1.0,0.0,0.7368421052631579,0.2631578947368421,0.9166666666666666,0.08333333333333333
19,32,0.84,0.7,0.4878048780487805,2.0,235.19999999999993,-1,1.0,0.0,0.5,0.5,0.6153846153846154,0.38461538461538464
19,33,0.84,0.63,0.48936170212765956,1.9841269841269842,197.69999999999996,3,1.0,0.0,0.5,0.5,0.8461538461538461,0.15384615384615385
19,34,0.77,0.54,0.4375,1.8703703703703705,158.88,0,1.0,0.0,0.8125,0.1875,0.8,0.2
19,35,0.85,0.68,0.4444444444444444,1.9558823529411764,190.44,0,1.0,0.0,0.8421052631578947,0.15789473684210525,0.8666666666666667,0.13333333333333333
19,36,0.83,0.64,0.3409090909090909,1.625,211.19999999999996,-1,1.0,0.0,0.8235294117647058,0.17647058823529413,0.6666666666666666,0.3333333333333333
19,37,0.77,0.63,0.225,1.619047619047619,203.27999999999997,4,1.0,0.0,0.9285714285714286,0.07142857142857142,0.5,0.5
19,38,0.82,0.66,0.5681818181818182,1.9848484848484849,195.59999999999997,-1,1.0,0.0,0.8125,0.1875,0.5,0.5
19,39,0.93,0.75,0.48148148148148145,1.76,245.04000000000002,2,1.0,0.0,0.6818181818181818,0.3181818181818182,0.5833333333333334,0.4166666666666667
19,40,0.84,0.7,0.4444444444444444,1.9,226.79999999999998,-1,1.0,0.0,0.631578947368421,0.3684210526315789,0.7,0.3
19,41,0.89,0.7,0.4166666666666667,2.0,209.05999999999995,0,1.0,0.0,0.7,0.3,0.6666666666666666,0.3333333333333333
19,42,0.76,0.65,0.3181818181818182,1.876923076923077,221.39999999999998,0,1.0,0.0,0.6875,0.3125,0.5,0.5
19,43,0.82,0.68,0.5116279069767442,2.2205882352941178,216.6,-1,1.0,0.0,0.8333333333333334,0.16666666666666666,0.7,0.3
19,44,0.83,0.64,0.4772727272727273,2.3125,207.59999999999994,-1,1.0,0.0,0.8260869565217391,0.17391304347826086,0.6,0.4
19,45,0.83,0.7,0.34146341463414637,2.0285714285714285,225.60000000000002,-1,1.0,0.0,0.8571428571428571,0.14285714285714285,0.8125,0.1875
19,46,0.87,0.68,0.3617021276595745,1.8823529411764706,221.8,-1,1.0,0.0,0.7727272727272727,0.22727272727272727,0.7647058823529411,0.23529411764705882
19,47,0.88,0.79,0.40816326530612246,2.037974683544304,245.39999999999998,-1,1.0,0.0,0.9130434782608695,0.08695652173913043,0.5,0.5
19,48,0.89,0.7,0.5,2.0,217.55999999999997,2,1.0,0.0,0.75,0.25,0.7333333333333333,0.26666666666666666
19,49,0.85,0.72,0.44680851063829785,1.875,249.6,-1,1.0,0.0,0.7619047619047619,0.23809523809523808,0.5,0.5
19,50,0.89,0.73,0.4339622641509434,2.0684931506849313,196.40000000000003,-1,1.0,0.0,0.9583333333333334,0.041666666666666664,0.6428571428571429,0.35714285714285715
19,51,0.87,0.73,0.4339622641509434,2.232876712328767,228.59999999999997,-1,1.0,0.0,0.85,0.15,0.6923076923076923,0.3076923076923077
19,52,0.88,0.63,0.45454545454545453,1.9682539682539681,194.99999999999994,-1,1.0,0.0,0.7368421052631579,0.2631578947368421,0.75,0.25
19,53,0.85,0.73,0.3829787234042553,1.9452054794520548,254.99999999999994,-1,1.0,0.0,0.7727272727272727,0.22727272727272727,0.6666666666666666,0.3333333333333333
19,54,0.81,0.66,0.5531914893617021,2.121212121212121,204.47999999999996,2,1.0,0.0,0.8181818181818182,0.18181818181818182,0.6923076923076923,0.3076923076923077
19,55,0.83,0.68,0.45652173913043476,2.088235294117647,225.05999999999995,4,1.0,0.0,0.65,0.35,0.7142857142857143,0.2857142857142857
19,56,0.8,0.65,0.3111111111111111,1.9846153846153847,199.79999999999993,-1,1.0,0.0,0.9473684210526315,0.05263157894736842,0.7692307692307693,0.23076923076923078
19,57,0.88,0.7,0.425531914893617,1.9,214.8,-1,1.0,0.0,0.8947368421052632,0.10526315789473684,0.7142857142857143,0.2857142857142857
19,58,0.78,0.62,0.2916666666666667,1.903225806451613,221.99999999999997,-1,1.0,0.0,0.7368421052631579,0.2631578947368421,0.6875,0.3125
19,59,0.91,0.78,0.5,2.0384615384615383,250.20000000000002,-1,1.0,0.0,0.8846153846153846,0.11538461538461539,0.6923076923076923,0.3076923076923077
19,60,0.87,0.69,0.35185185185185186,1.536231884057971,238.2,-1,1.0,0.0,0.8,0.2,0.5384615384615384,0.46153846153846156
19,61,0.85,0.7,0.32,1.5571428571428572,222.59999999999994,-1,1.0,0.0,0.9166666666666666,0.08333333333333333,0.6923076923076923,0.3076923076923077
19,62,0.85,0.73,0.41818181818181815,1.7945205479452055,254.4,-1,1.0,0.0,0.7391304347826086,0.2608695652173913,0.6666666666666666,0.3333333333333333
19,63,0.87,0.76,0.5272727272727272,2.1447368421052633,224.39999999999998,-1,1.0,0.0,0.8888888888888888,0.1111111111111111,0.6153846153846154,0.38461538461538464
19,64,0.79,0.63,0.5490196078431373,2.015873015873016,205.19999999999993,-1,1.0,0.0,0.9,0.1,0.6923076923076923,0.3076923076923077
19,65,0.83,0.65,0.5454545454545454,2.0615384615384613,191.64,0,1.0,0.0,0.85,0.15,0.7142857142857143,0.2857142857142857
20,0,0.85,0.68,,1.0,172.80000000000007,-1,1.0,0.0,0.75,0.25,0.8125,0.1875
20,1,0.82,0.65,0.40425531914893614,1.2923076923076924,160.19999999999996,-1,1.0,0.0,0.9047619047619048,0.09523809523809523,0.8666666666666667,0.13333333333333333
20,2,0.77,0.58,0.3611111111111111,1.4137931034482758,190.2,3,1.0,0.0,0.7142857142857143,0.2857142857142857,0.65,0.35
20,3,0.81,0.65,0.5,1.7230769230769232,200.20000000000005,-1,1.0,0.0,0.782608695652174,0.21739130434782608,0.42857142857142855,0.5714285714285714
20,4,0.78,0.62,0.42105263157894735,1.6290322580645162,187.2,-1,1.0,0.0,1.0,0.0,0.75,0.25
20,5,0.84,0.62,0.5135135135135135,1.7903225806451613,193.79999999999995,-1,1.0,0.0,0.7647058823529411,0.23529411764705882,0.8,0.2
20,6,0.9,0.7,0.3695652173913043,1.8,233.0,-1,1.0,0.0,0.7,0.3,0.7647058823529411,0.23529411764705882
20,7,0.81,0.67,0.44,1.835820895522388,204.60000000000002,-1,1.0,0.0,0.8888888888888888,0.1111111111111111,0.7142857142857143,0.2857142857142857
20,8,0.87,0.75,0.4117647058823529,1.72,244.20000000000002,-1,1.0,0.0,0.8695652173913043,0.13043478260869565,0.5333333333333333,0.4666666666666667
20,9,0.83,0.73,0.3333333333333333,1.6027397260273972,230.00000000000003,-1,1.0,0.0,0.7368421052631579,0.2631578947368421,0.5833333333333334,0.4166666666666667
20,10,0.84,0.73,0.41818181818181815,1.7671232876712328,242.60000000000008,3,1.0,0.0,0.6296296296296297,0.37037037037037035,0.7692307692307693,0.23076923076923078
20,11,0.84,0.75,0.509090909090909,1.88,231.80000000000007,-1,1.0,0.0,0.875,0.125,0.7857142857142857,0.21428571428571427
20,12,0.79,0.66,0.5294117647058824,1.8333333333333333,219.0,2,1.0,0.0,0.5789473684210527,0.42105263157894735,0.6923076923076923,0.3076923076923077
20,13,0.86,0.71,0.44,1.9577464788732395,221.20000000000002,-1,1.0,0.0,0.8,0.2,0.6666666666666666,0.3333333333333333
20,14,0.83,0.67,0.3695652173913043,1.955223880597015,229.00000000000006,-1,1.0,0.0,0.8421052631578947,0.15789473684210525,0.5625,0.4375
20,15,0.85,0.65,0.4888888888888889,2.1538461538461537,210.8,-1,1.0,0.0,0.6428571428571429,0.35714285714285715,0.5714285714285714,0.42857142857142855
20,16,0.82,0.68,0.4186046511627907,1.838235294117647,214.16000000000003,3,1.0,0.0,0.6666666666666666,0.3333333333333333,0.6428571428571429,0.35714285714285715
20,17,0.84,0.67,0.38636363636363635,1.955223880597015,198.0,-1,1.0,0.0,0.8846153846153846,0.11538461538461539,0.8125,0.1875
20,18,0.81,0.6,0.3902439024390244,1.8666666666666667,190.79999999999998,-1,1.0,0.0,0.8888888888888888,0.1111111111111111,0.8125,0.1875
20,19,0.82,0.65,0.37209302325581395,1.8307692307692307,179.39999999999995,1,1.0,0.0,0.8421052631578947,0.15789473684210525,0.625,0.375
20,20,0.88,0.71,0.3617021276595745,1.676056338028169,227.00000000000003,-1,1.0,0.0,0.782608695652174,0.21739130434782608,0.7692307692307693,0.23076923076923078
20,21,0.85,0.65,0.34,1.6307692307692307,218.0,-1,1.0,0.0,0.8461538461538461,0.15384615384615385,0.7142857142857143,0.2857142857142857
20,22,0.84,0.69,0.2619047619047619,1.855072463768116,182.21999999999997,1,1.0,0.0,0.9444444444444444,0.05555555555555555,0.6666666666666666,0.3333333333333333
20,23,0.79,0.7,0.3541666666666667,1.7428571428571429,218.99999999999997,-1,1.0,0.0,0.8,0.2,0.7272727272727273,0.2727272727272727
20,24,0.89,0.69,0.40816326530612246,2.0,228.59999999999997,-1,1.0,0.0,0.631578947368421,0.3684210526315789,0.6923076923076923,0.3076923076923077
20,25,0.79,0.6,0.30952380952380953,1.8666666666666667,199.8,-1,1.0,0.0,0.8888888888888888,0.1111111111111111,0.75,0.25
20,26,0.91,0.72,0.5384615384615384,1.9861111111111112,238.8,-1,1.0,0.0,0.68,0.32,0.8461538461538461,0.15384615384615385
20,27,0.85,0.66,0.34,1.7575757575757576,225.59999999999997,-1,1.0,0.0,0.84,0.16,0.6923076923076923,0.3076923076923077
20,28,0.87,0.65,0.3023255813953488,1.8923076923076922,217.49999999999997,3,1.0,0.0,0.8095238095238095,0.19047619047619047,0.6153846153846154,0.38461538461538464
20,29,0.81,0.65,0.4146341463414634,1.8923076923076922,196.56000000000003,2,1.0,0.0,0.7368421052631579,0.2631578947368421,0.9,0.1
20,30,0.91,0.72,0.425531914893617,1.9722222222222223,247.2,-1,1.0,0.0,0.35714285714285715,0.6428571428571429,0.8333333333333334,0.16666666666666666
20,31,0.87,0.71,0.4807692307692308,2.112676056338028,244.79999999999995,-1,1.0,0.0,0.5,0.5,0.75,0.25
20,32,0.72,0.55,0.3684210526315789,2.018181818181818,184.79999999999993,-1,1.0,0.0,0.75,0.25,0.6363636363636364,0.36363636363636365
20,33,0.87,0.69,0.4444444444444444,1.8405797101449275,233.39999999999998,-1,1.0,0.0,0.7142857142857143,0.2857142857142857,0.5,0.5
20,34,0.86,0.67,0.375,1.8955223880597014,232.79999999999998,-1,1.0,0.0,0.7727272727272727,0.22727272727272727,0.8333333333333334,0.16666666666666666
20,35,0.84,0.68,0.5111111111111111,2.0588235294117645,234.40000000000003,-1,1.0,0.0,0.65,0.35,0.5882352941176471,0.4117647058823529
20,36,0.81,0.65,0.4444444444444444,2.1538461538461537,237.6,-1,1.0,0.0,0.7307692307692307,0.2692307692307692,0.6153846153846154,0.38461538461538464
20,37,0.83,0.62,0.43243243243243246,2.0483870967741935,211.19999999999996,-1,1.0,0.0,0.7619047619047619,0.23809523809523808,0.875,0.125
20,38,0.87,0.71,0.4418604651162791,2.2253521126760565,213.00000000000003,-1,1.0,0.0,0.9473684210526315,0.05263157894736842,0.875,0.125
20,39,0.85,0.72,0.4897959183673469,2.4027777777777777,224.99999999999994,-1,1.0,0.0,0.7222222222222222,0.2777777777777778,0.6,0.4
20,40,0.89,0.73,0.38461538461538464,1.8767123287671232,225.59999999999994,-1,1.0,0.0,0.7,0.3,0.8181818181818182,0.18181818181818182
20,41,0.88,0.72,0.45098039215686275,2.0555555555555554,246.0,-1,1.0,0.0,0.6,0.4,0.5625,0.4375
20,42,0.91,0.64,0.4489795918367347,2.0,224.39999999999998,-1,1.0,0.0,0.7272727272727273,0.2727272727272727,0.7333333333333333,0.26666666666666666
20,43,0.88,0.68,0.5681818181818182,2.426470588235294,206.4,-1,1.0,0.0,0.95,0.05,0.7857142857142857,0.21428571428571427
20,44,0.84,0.75,0.44,1.9066666666666667,233.04000000000002,1,1.0,0.0,0.782608695652174,0.21739130434782608,0.6428571428571429,0.35714285714285715
20,45,0.81,0.67,0.46938775510204084,2.3134328358208953,202.56000000000006,1,1.0,0.0,1.0,0.0,0.75,0.25
20,46,0.91,0.7,0.5454545454545454,2.257142857142857,211.00000000000006,-1,1.0,0.0,0.9444444444444444,0.05555555555555555,0.7333333333333333,0.26666666666666666
20,47,0.85,0.7,0.5,2.157142857142857,194.39999999999998,-1,1.0,0.0,0.8333333333333334,0.16666666666666666,0.8,0.2
20,48,0.87,0.72,0.4642857142857143,2.3055555555555554,231.59999999999997,-1,1.0,0.0,0.75,0.25,0.5,0.5
20,49,0.83,0.68,0.44,2.1470588235294117,214.79999999999998,-1,1.0,0.0,0.9,0.1,0.7142857142857143,0.2857142857142857
20,50,0.81,0.68,0.3673469387755102,2.073529411764706,212.99999999999994,-1,1.0,0.0,0.8,0.2,0.8888888888888888,0.1111111111111111
20,51,0.8,0.57,0.3170731707317073,1.7894736842105263,211.2,-1,1.0,0.0,0.6666666666666666,0.3333333333333333,0.5625,0.4375
20,52,0.82,0.66,0.4,1.893939393939394,205.79999999999995,-1,1.0,0.0,0.9047619047619048,0.09523809523809523,0.75,0.25
20,53,0.88,0.69,0.3695652173913043,1.9710144927536233,247.19999999999993,-1,1.0,0.0,0.8181818181818182,0.18181818181818182,0.5,0.5
20,54,0.87,0.66,0.4,1.6818181818181819,193.31999999999996,1,1.0,0.0,0.8571428571428571,0.14285714285714285,0.7142857142857143,0.2857142857142857
20,55,0.87,0.66,0.3181818181818182,1.696969696969697,202.2,-1,1.0,0.0,0.85,0.15,0.9333333333333333,0.06666666666666667
20,56,0.84,0.66,0.38636363636363635,1.9545454545454546,200.40000000000003,0,1.0,0.0,0.8,0.2,0.9,0.1
20,57,0.87,0.71,0.4791666666666667,2.028169014084507,235.19999999999996,-1,1.0,0.0,0.7727272727272727,0.22727272727272727,0.7857142857142857,0.21428571428571427
20,58,0.82,0.69,0.4423076923076923,1.9420289855072463,243.59999999999997,-1,1.0,0.0,0.875,0.125,0.5333333333333333,0.4666666666666667
20,59,0.87,0.65,0.3333333333333333,1.7076923076923076,222.53999999999994,3,1.0,0.0,0.7916666666666666,0.20833333333333334,0.7222222222222222,0.2777777777777778
20,60,0.86,0.63,0.46511627906976744,2.126984126984127,198.59999999999997,-1,1.0,0.0,0.9333333333333333,0.06666666666666667,0.7333333333333333,0.26666666666666666
20,61,0.86,0.69,0.3409090909090909,1.7246376811594204,234.59999999999997,-1,1.0,0.0,0.8421052631578947,0.15789473684210525,0.6470588235294118,0.35294117647058826
20,62,0.82,0.58,0.42857142857142855,2.0517241379310347,192.59999999999997,-1,1.0,0.0,0.8095238095238095,0.19047619047619047,0.7692307692307693,0.23076923076923078
20,63,0.86,0.76,0.34782608695652173,2.0526315789473686,263.40000000000003,-1,1.0,0.0,0.6666666666666666,0.3333333333333333,0.6111111111111112,0.3888888888888889
20,64,0.85,0.67,0.45098039215686275,2.0597014925373136,211.2,-1,1.0,0.0,0.75,0.25,0.7142857142857143,0.2857142857142857
20,65,0.86,0.71,0.4791666666666667,2.1267605633802815,231.59999999999997,-1,1.0,0.0,0.6470588235294118,0.35294117647058826,0.6923076923076923,0.3076923076923077
21,0,0.84,0.65,,1.0,179.20000000000005,-1,1.0,0.0,0.625,0.375,0.7058823529411765,0.29411764705882354
21,1,0.8,0.58,0.41025641025641024,1.2758620689655173,136.8,-1,1.0,0.0,0.6666666666666666,0.3333333333333333,0.5,0.5
21,2,0.82,0.66,0.48717948717948717,1.4848484848484849,194.0,-1,1.0,0.0,0.85,0.15,0.6470588235294118,0.35294117647058826
21,3,0.89,0.68,0.36363636363636365,1.6323529411764706,211.20000000000005,-1,1.0,0.0,0.7142857142857143,0.2857142857142857,0.7272727272727273,0.2727272727272727
21,4,0.82,0.67,0.425531914893617,1.7014925373134329,215.99999999999997,-1,1.0,0.0,1.0,0.0,0.45454545454545453,0.5454545454545454
21,5,0.85,0.72,0.3829787234042553,1.625,241.59999999999997,-1,1.0,0.0,0.7272727272727273,0.2727272727272727,0.5714285714285714,0.42857142857142855
21,6,0.8,0.59,0.38636363636363635,1.7627118644067796,185.2,-1,1.0,0.0,0.7333333333333333,0.26666666666666666,0.375,0.625
21,7,0.82,0.65,0.5526315789473685,2.0923076923076924,219.59999999999994,-1,1.0,0.0,0.75,0.25,0.7222222222222222,0.2777777777777778
21,8,0.84,0.67,0.5,1.8955223880597014,188.64,0,1.0,0.0,0.8888888888888888,0.1111111111111111,0.6923076923076923,0.3076923076923077
21,9,0.82,0.63,0.5348837209302325,2.253968253968254,204.59999999999997,-1,1.0,0.0,0.7647058823529411,0.23529411764705882,0.375,0.625
21,10,0.81,0.65,0.5121951219512195,2.123076923076923,225.59999999999997,-1,1.0,0.0,0.5,0.5,0.5714285714285714,0.42857142857142855
21,11,0.85,0.6,0.4878048780487805,2.1166666666666667,210.8,-1,1.0,0.0,0.6666666666666666,0.3333333333333333,0.5625,0.4375
21,12,0.87,0.71,0.425531914893617,2.0704225352112675,243.0,-1,1.0,0.0,0.6666666666666666,0.3333333333333333,0.8,0.2
21,13,0.87,0.71,0.46153846153846156,2.2535211267605635,222.0,-1,1.0,0.0,0.85,0.15,0.6666666666666666,0.3333333333333333
21,14,0.79,0.66,0.3877551020408163,2.1363636363636362,205.79999999999998,-1,1.0,0.0,0.9047619047619048,0.09523809523809523,0.7692307692307693,0.23076923076923078
21,15,0.83,0.66,0.35714285714285715,1.9848484848484849,220.79999999999995,-1,1.0,0.0,0.7368421052631579,0.2631578947368421,0.46153846153846156,0.5384615384615384
21,16,0.81,0.68,0.4186046511627907,2.0441176470588234,202.55999999999995,2,1.0,0.0,0.8333333333333334,0.16666666666666666,0.5384615384615384,0.46153846153846156
21,17,0.86,0.72,0.5652173913043478,2.1527777777777777,220.79999999999995,0,1.0,0.0,0.631578947368421,0.3684210526315789,0.6923076923076923,0.3076923076923077
21,18,0.88,0.68,0.3333333333333333,1.9705882352941178,228.48000000000002,0,1.0,0.0,0.8846153846153846,0.11538461538461539,0.5,0.5
21,19,0.89,0.73,0.33962264150943394,1.7397260273972603,240.6,-1,1.0,0.0,0.8333333333333334,0.16666666666666666,0.6666666666666666,0.3333333333333333
21,20,0.89,0.67,0.40384615384615385,1.8059701492537314,217.2,-1,1.0,0.0,0.8260869565217391,0.17391304347826086,0.5555555555555556,0.4444444444444444
21,21,0.77,0.64,0.4782608695652174,1.96875,195.59999999999994,-1,1.0,0.0,0.8148148148148148,0.18518518518518517,0.8333333333333334,0.16666666666666666
21,22,0.84,0.64,0.35,2.03125,206.39999999999995,-1,1.0,0.0,0.8181818181818182,0.18181818181818182,0.7,0.3
21,23,0.84,0.71,0.4186046511627907,1.7746478873239437,214.79999999999998,-1,1.0,0.0,0.9411764705882353,0.058823529411764705,0.6666666666666666,0.3333333333333333
21,24,0.86,0.63,0.35714285714285715,1.8888888888888888,186.59999999999997,-1,1.0,0.0,0.6666666666666666,0.3333333333333333,0.7,0.3
21,25,0.81,0.67,0.3333333333333333,1.9850746268656716,233.39999999999995,3,1.0,0.0,0.5833333333333334,0.4166666666666667,0.6666666666666666,0.3333333333333333
21,26,0.88,0.72,0.32,1.9861111111111112,236.39999999999998,-1,1.0,0.0,0.4,0.6,0.6666666666666666,0.3333333333333333
21,27,0.79,0.62,0.37777777777777777,1.903225806451613,199.19999999999996,-1,1.0,0.0,0.5625,0.4375,0.8181818181818182,0.18181818181818182
21,28,0.83,0.66,0.5897435897435898,1.9696969696969697,216.39999999999998,-1,1.0,0.0,0.7727272727272727,0.22727272727272727,0.5833333333333334,0.4166666666666667
21,29,0.84,0.65,0.5365853658536586,2.0153846153846153,198.71999999999997,2,1.0,0.0,0.7368421052631579,0.2631578947368421,0.7272727272727273,0.2727272727272727
21,30,0.87,0.7,0.38095238095238093,1.8,225.99999999999997,3,1.0,0.0,0.6896551724137931,0.3103448275862069,0.8,0.2
21,31,0.88,0.69,0.4117647058823529,1.7536231884057971,224.00000000000006,-1,1.0,0.0,0.55,0.45,0.75,0.25
21,32,0.82,0.62,0.34146341463414637,2.0806451612903225,201.59999999999997,-1,1.0,0.0,0.7777777777777778,0.2222222222222222,0.8,0.2
21,33,0.88,0.64,0.4418604651162791,1.96875,199.32,1,1.0,0.0,0.7727272727272727,0.22727272727272727,0.6153846153846154,0.38461538461538464
21,34,0.86,0.73,0.3191489361702128,2.0,242.39999999999995,-1,1.0,0.0,0.5294117647058824,0.47058823529411764,0.6666666666666666,0.3333333333333333
21,35,0.82,0.69,0.47058823529411764,2.1449275362318843,218.28,2,1.0,0.0,0.7,0.3,0.6666666666666666,0.3333333333333333
21,36,0.86,0.69,0.4716981132075472,2.028985507246377,241.79999999999995,-1,1.0,0.0,0.65,0.35,0.5714285714285714,0.42857142857142855
21,37,0.83,0.66,0.3488372093023256,1.7575757575757576,205.79999999999995,-1,1.0,0.0,0.7058823529411765,0.29411764705882354,0.7,0.3
21,38,0.9,0.76,0.36538461538461536,1.9736842105263157,243.0,-1,1.0,0.0,0.7894736842105263,0.21052631578947367,0.6,0.4
21,39,0.9,0.72,0.4423076923076923,1.9444444444444444,211.79999999999998,-1,1.0,0.0,0.8333333333333334,0.16666666666666666,0.9230769230769231,0.07692307692307693
21,40,0.83,0.71,0.42,1.7887323943661972,237.00000000000003,-1,1.0,0.0,0.72,0.28,0.7692307692307693,0.23076923076923078
21,41,0.85,0.72,0.46153846153846156,2.1527777777777777,235.19999999999996,-1,1.0,0.0,0.7,0.3,0.6923076923076923,0.3076923076923077
21,42,0.82,0.71,0.4117647058823529,1.8028169014084507,201.4,-1,1.0,0.0,0.8421052631578947,0.15789473684210525,0.6428571428571429,0.35714285714285715
21,43,0.88,0.75,0.4716981132075472,2.026666666666667,237.60000000000002,-1,1.0,0.0,0.9130434782608695,0.08695652173913043,0.75,0.25
21,44,0.86,0.7,0.3333333333333333,1.7714285714285714,220.79999999999998,-1,1.0,0.0,0.8095238095238095,0.19047619047619047,0.7692307692307693,0.23076923076923078
21,45,0.86,0.72,0.46,1.875,231.59999999999997,3,1.0,0.0,0.6956521739130435,0.30434782608695654,0.8,0.2
21,46,0.83,0.65,0.4318181818181818,1.7538461538461538,203.99999999999994,-1,1.0,0.0,0.7894736842105263,0.21052631578947367,0.7857142857142857,0.21428571428571427
21,47,0.84,0.63,0.46153846153846156,1.8412698412698412,205.2,-1,1.0,0.0,0.6470588235294118,0.35294117647058826,0.7142857142857143,0.2857142857142857
21,48,0.87,0.7,0.3877551020408163,1.9714285714285715,224.39999999999998,3,1.0,0.0,0.7083333333333334,0.2916666666666667,0.5833333333333334,0.4166666666666667
21,49,0.85,0.7,0.3125,1.5714285714285714,204.60000000000002,0,1.0,0.0,0.8333333333333334,0.16666666666666666,0.6923076923076923,0.3076923076923077
21,50,0.82,0.7,0.3541666666666667,1.8857142857142857,233.99999999999994,-1,1.0,0.0,0.7058823529411765,0.29411764705882354,0.6666666666666666,0.3333333333333333
21,51,0.9,0.7,0.3877551020408163,2.1285714285714286,236.99999999999994,-1,1.0,0.0,0.6,0.4,0.7777777777777778,0.2222222222222222
21,52,0.9,0.75,0.39215686274509803,2.08,244.20000000000005,-1,1.0,0.0,0.8333333333333334,0.16666666666666666,0.75,0.25
21,53,0.89,0.72,0.34545454545454546,2.0,231.59999999999997,-1,1.0,0.0,0.9130434782608695,0.08695652173913043,0.46153846153846156,0.5384615384615384
21,54,0.85,0.73,0.3888888888888889,2.3698630136986303,230.39999999999995,-1,1.0,0.0,0.6842105263157895,0.3157894736842105,0.75,0.25
21,55,0.88,0.68,0.5106382978723404,2.161764705882353,212.39999999999995,-1,1.0,0.0,0.75,0.25,0.6875,0.3125
21,56,0.9,0.7,0.3877551020408163,1.9714285714285715,237.59999999999994,-1,1.0,0.0,0.84,0.16,0.8421052631578947,0.15789473684210525
21,57,0.84,0.7,0.46,2.257142857142857,225.6,3,1.0,0.0,0.5714285714285714,0.42857142857142855,0.7692307692307693,0.23076923076923078
21,58,0.84,0.7,0.5102040816326531,2.242857142857143,234.59999999999994,-1,1.0,0.0,0.76,0.24,0.6153846153846154,0.38461538461538464
21,59,0.87,0.75,0.5087719298245614,2.0933333333333333,218.39999999999995,-1,1.0,0.0,0.8260869565217391,0.17391304347826086,0.8571428571428571,0.14285714285714285
21,60,0.87,0.63,0.4339622641509434,1.7142857142857142,213.59999999999997,-1,1.0,0.0,0.6666666666666666,0.3333333333333333,0.5,0.5
21,61,0.81,0.68,0.5333333333333333,2.2058823529411766,226.2,-1,1.0,0.0,0.7222222222222222,0.2777777777777778,0.6428571428571429,0.35714285714285715
21,62,0.85,0.67,0.5,1.9402985074626866,213.6,-1,1.0,0.0,0.8888888888888888,0.1111111111111111,0.75,0.25
21,63,0.77,0.65,0.43478260869565216,1.8,193.60000000000002,-1,1.0,0.0,0.8636363636363636,0.13636363636363635,0.5454545454545454,0.45454545454545453
21,64,0.87,0.71,0.4772727272727273,2.084507042253521,245.99999999999997,-1,1.0,0.0,0.8260869565217391,0.17391304347826086,0.6666666666666666,0.3333333333333333
21,65,0.84,0.71,0.37037037037037035,1.8169014084507042,229.19999999999996,-1,1.0,0.0,0.8260869565217391,0.17391304347826086,0.7857142857142857,0.21428571428571427
22,0,0.85,0.7,,1.0,178.07999999999998,0,1.0,0.0,0.7037037037037037,0.2962962962962963,0.7272727272727273,0.2727272727272727
22,1,0.87,0.69,0.32653061224489793,1.2318840579710144,183.59999999999994,-1,1.0,0.0,0.8461538461538461,0.15384615384615385,0.7333333333333333,0.26666666666666666
22,2,0.81,0.67,0.28,1.2985074626865671,214.0,-1,1.0,0.0,0.625,0.375,0.6153846153846154,0.38461538461538464
22,3,0.87,0.71,0.42,1.5492957746478873,235.4000000000001,-1,1.0,0.0,0.8260869565217391,0.17391304347826086,0.6666666666666666,0.3333333333333333
22,4,0.93,0.77,0.43333333333333335,1.7402597402597402,235.2,-1,1.0,0.0,1.0,0.0,0.7777777777777778,0.2222222222222222
22,5,0.79,0.64,0.48,1.859375,197.99999999999994,-1,1.0,0.0,0.65,0.35,0.7142857142857143,0.2857142857142857
22,6,0.76,0.6,0.4722222222222222,1.8833333333333333,158.79999999999998,-1,1.0,0.0,0.9375,0.0625,0.8571428571428571,0.14285714285714285
22,7,0.86,0.69,0.47368421052631576,1.9565217391304348,213.0,-1,1.0,0.0,0.85,0.15,0.7,0.3
22,8,0.92,0.74,0.47368421052631576,1.9594594594594594,244.79999999999998,-1,1.0,0.0,0.6842105263157895,0.3157894736842105,0.6428571428571429,0.35714285714285715
22,9,0.82,0.63,0.43478260869565216,2.0,194.39999999999995,-1,1.0,0.0,0.8947368421052632,0.10526315789473684,0.6923076923076923,0.3076923076923077
22,10,0.85,0.7,0.3409090909090909,1.7428571428571429,221.39999999999995,-1,1.0,0.0,0.6470588235294118,0.35294117647058826,0.75,0.25
22,11,0.82,0.65,0.4782608695652174,2.0615384615384613,220.79999999999995,-1,1.0,0.0,0.8,0.2,0.6875,0.3125
22,12,0.82,0.66,0.4090909090909091,2.1666666666666665,186.23999999999995,1,1.0,0.0,0.9565217391304348,0.043478260869565216,0.8125,0.1875
22,13,0.85,0.67,0.37209302325581395,1.8656716417910448,209.0,-1,1.0,0.0,0.6875,0.3125,0.7333333333333333,0.26666666666666666
22,14,0.88,0.7,0.32,1.6285714285714286,242.40000000000003,3,1.0,0.0,0.8148148148148148,0.18518518518518517,0.5882352941176471,0.4117647058823529
22,15,0.79,0.65,0.4418604651162791,1.5692307692307692,214.79999999999995,-1,1.0,0.0,0.7272727272727273,0.2727272727272727,0.8,0.2
22,16,0.83,0.67,0.4186046511627907,1.6865671641791045,193.91999999999996,2,1.0,0.0,0.9166666666666666,0.08333333333333333,0.3333333333333333,0.6666666666666666
22,17,0.85,0.67,0.47619047619047616,1.8656716417910448,212.99999999999997,-1,1.0,0.0,0.88,0.12,0.6666666666666666,0.3333333333333333
22,18,0.92,0.69,0.425531914893617,1.7971014492753623,217.80000000000004,-1,1.0,0.0,0.9166666666666666,0.08333333333333333,0.6666666666666666,0.3333333333333333
22,19,0.87,0.76,0.37735849056603776,1.8421052631578947,245.40000000000003,-1,1.0,0.0,0.782608695652174,0.21739130434782608,0.7333333333333333,0.26666666666666666
22,20,0.85,0.69,0.45098039215686275,1.6956521739130435,219.4,3,1.0,0.0,0.68,0.32,0.7,0.3
22,21,0.86,0.74,0.3584905660377358,1.7297297297297298,192.42000000000002,1,1.0,0.0,0.8846153846153846,0.11538461538461539,0.7857142857142857,0.21428571428571427
22,22,0.76,0.6,0.3953488372093023,1.9833333333333334,193.19999999999993,-1,1.0,0.0,0.8235294117647058,0.17647058823529413,0.8125,0.1875
22,23,0.87,0.8,0.4,1.9125,250.2,-1,1.0,0.0,0.7894736842105263,0.21052631578947367,0.6875,0.3125
22,24,0.81,0.67,0.4230769230769231,2.1194029850746268,234.0,-1,1.0,0.0,0.6,0.4,0.6470588235294118,0.35294117647058826
22,25,0.84,0.68,0.2978723404255319,1.8235294117647058,192.8,-1,1.0,0.0,0.95,0.05,0.6842105263157895,0.3157894736842105
22,26,0.79,0.6,0.5,1.9166666666666667,199.79999999999995,-1,1.0,0.0,0.7,0.3,0.8666666666666667,0.13333333333333333
22,27,0.83,0.68,0.3953488372093023,1.6323529411764706,202.79999999999995,-1,1.0,0.0,0.875,0.125,0.75,0.25
22,28,0.89,0.66,0.4444444444444444,1.7272727272727273,218.99999999999997,-1,1.0,0.0,0.6521739130434783,0.34782608695652173,0.7857142857142857,0.21428571428571427
22,29,0.96,0.82,0.4,1.9878048780487805,248.80000000000004,-1,1.0,0.0,0.8181818181818182,0.18181818181818182,0.7222222222222222,0.2777777777777778
22,30,0.86,0.71,0.3050847457627119,1.732394366197183,227.99999999999994,-1,1.0,0.0,0.6842105263157895,0.3157894736842105,0.8,0.2
22,31,0.8,0.65,0.3333333333333333,1.876923076923077,186.80000000000004,-1,1.0,0.0,0.88,0.12,0.6428571428571429,0.35714285714285715
22,32,0.9,0.77,0.4107142857142857,1.7142857142857142,250.80000000000004,-1,1.0,0.0,0.8333333333333334,0.16666666666666666,0.7058823529411765,0.29411764705882354
22,33,0.86,0.65,0.3673469387755102,1.646153846153846,217.19999999999996,-1,1.0,0.0,0.6842105263157895,0.3157894736842105,0.8125,0.1875
22,34,0.8,0.62,0.3902439024390244,1.6612903225806452,195.59999999999994,-1,1.0,0.0,0.8095238095238095,0.19047619047619047,0.7777777777777778,0.2222222222222222
22,35,0.82,0.7,0.28888888888888886,1.5857142857142856,233.39999999999995,-1,1.0,0.0,0.7142857142857143,0.2857142857142857,0.7142857142857143,0.2857142857142857
22,36,0.87,0.72,0.2549019607843137,1.5416666666666667,247.20000000000002,-1,1.0,0.0,0.8260869565217391,0.17391304347826086,0.6875,0.3125
22,37,0.8,0.64,0.5,1.703125,215.99999999999997,-1,1.0,0.0,0.6,0.4,0.7777777777777778,0.2222222222222222
22,38,0.84,0.64,0.42857142857142855,1.890625,208.79999999999995,-1,1.0,0.0,0.8421052631578947,0.15789473684210525,0.6666666666666666,0.3333333333333333
22,39,0.81,0.67,0.5777777777777777,2.044776119402985,226.79999999999998,-1,1.0,0.0,0.8888888888888888,0.1111111111111111,0.7,0.3
22,40,0.88,0.67,0.3829787234042553,1.8208955223880596,209.39999999999998,-1,1.0,0.0,0.7058823529411765,0.29411764705882354,0.6,0.4
22,41,0.76,0.61,0.35,1.8360655737704918,166.19999999999996,-1,1.0,0.0,0.8666666666666667,0.13333333333333333,1.0,0.0
22,42,0.87,0.73,0.5,1.9452054794520548,227.4,-1,1.0,0.0,0.782608695652174,0.21739130434782608,0.7272727272727273,0.2727272727272727
22,43,0.76,0.69,0.4716981132075472,1.7971014492753623,224.39999999999992,-1,1.0,0.0,0.7777777777777778,0.2222222222222222,0.5,0.5
22,44,0.84,0.75,0.4117647058823529,1.96,240.00000000000003,-1,1.0,0.0,0.8928571428571429,0.10714285714285714,0.7692307692307693,0.23076923076923078
22,45,0.91,0.78,0.46551724137931033,1.9743589743589745,224.28000000000003,1,1.0,0.0,0.8260869565217391,0.17391304347826086,0.7142857142857143,0.2857142857142857
22,46,0.79,0.61,0.5833333333333334,2.3278688524590163,190.79999999999998,-1,1.0,0.0,0.8333333333333334,0.16666666666666666,0.8181818181818182,0.18181818181818182
22,47,0.8,0.68,0.4878048780487805,1.9705882352941178,182.03999999999996,1,1.0,0.0,0.7272727272727273,0.2727272727272727,0.8461538461538461,0.15384615384615385
22,48,0.83,0.69,0.37777777777777777,1.7826086956521738,244.8,3,1.0,0.0,0.6296296296296297,0.37037037037037035,0.6111111111111112,0.3888888888888889
22,49,0.82,0.67,0.47058823529411764,2.208955223880597,231.59999999999997,-1,1.0,0.0,0.75,0.25,0.631578947368421,0.3684210526315789
22,50,0.74,0.58,0.5,2.0344827586206895,178.8,-1,1.0,0.0,0.9523809523809523,0.047619047619047616,0.8181818181818182,0.18181818181818182
22,51,0.88,0.73,0.42857142857142855,2.287671232876712,210.0,-1,1.0,0.0,0.8421052631578947,0.15789473684210525,0.8,0.2
22,52,0.85,0.72,0.4897959183673469,2.2083333333333335,220.59999999999997,-1,1.0,0.0,0.7916666666666666,0.20833333333333334,0.6363636363636364,0.36363636363636365
22,53,0.86,0.7,0.4423076923076923,2.085714285714286,217.2,-1,1.0,0.0,0.7222222222222222,0.2777777777777778,0.8666666666666667,0.13333333333333333
22,54,0.86,0.68,0.46938775510204084,2.1911764705882355,238.79999999999998,-1,1.0,0.0,0.631578947368421,0.3684210526315789,0.625,0.375
22,55,0.86,0.67,0.5,2.0597014925373136,218.79999999999995,-1,1.0,0.0,0.7727272727272727,0.22727272727272727,0.6,0.4
22,56,0.89,0.7,0.3488372093023256,1.9714285714285715,220.79999999999998,-1,1.0,0.0,0.7142857142857143,0.2857142857142857,0.8666666666666667,0.13333333333333333
22,57,0.75,0.63,0.5,1.8571428571428572,181.43999999999997,1,1.0,0.0,0.7692307692307693,0.23076923076923078,0.6153846153846154,0.38461538461538464
22,58,0.86,0.7,0.40476190476190477,1.9428571428571428,228.59999999999997,3,1.0,0.0,0.7391304347826086,0.2608695652173913,0.625,0.375
22,59,0.85,0.68,0.4,1.8529411764705883,206.63999999999996,1,1.0,0.0,0.7916666666666666,0.20833333333333334,0.7142857142857143,0.2857142857142857
22,60,0.87,0.69,0.43137254901960786,1.9275362318840579,217.73999999999998,1,1.0,0.0,0.65,0.35,0.5555555555555556,0.4444444444444444
22,61,0.81,0.67,0.5370370370370371,2.208955223880597,215.99999999999994,-1,1.0,0.0,0.8947368421052632,0.10526315789473684,0.625,0.375
22,62,0.83,0.69,0.4,1.8840579710144927,204.23999999999992,2,1.0,0.0,0.6666666666666666,0.3333333333333333,0.8,0.2
22,63,0.89,0.69,0.46,2.0,206.88000000000002,2,1.0,0.0,0.9230769230769231,0.07692307692307693,0.8571428571428571,0.14285714285714285
22,64,0.79,0.64,0.4,2.125,225.59999999999994,-1,1.0,0.0,0.7894736842105263,0.21052631578947367,0.5,0.5
22,65,0.88,0.71,0.3829787234042553,2.0704225352112675,219.11999999999995,2,1.0,0.0,0.7222222222222222,0.2777777777777778,0.6428571428571429,0.35714285714285715
23,0,0.86,0.63,,1.0,153.12000000000003,0,1.0,0.0,0.8076923076923077,0.19230769230769232,0.8181818181818182,0.18181818181818182
23,1,0.84,0.7,0.40425531914893614,1.2714285714285714,197.99999999999997,-1,1.0,0.0,0.7368421052631579,0.2631578947368421,0.65,0.35
23,2,0.88,0.79,0.43103448275862066,1.4936708860759493,236.0,-1,1.0,0.0,0.7083333333333334,0.2916666666666667,0.6428571428571429,0.35714285714285715
23,3,0.83,0.65,0.3541666666666667,1.523076923076923,220.00000000000003,-1,1.0,0.0,0.6363636363636364,0.36363636363636365,0.7857142857142857,0.21428571428571427
23,4,0.83,0.67,0.3170731707317073,1.5671641791044777,203.99999999999994,-1,1.0,0.0,1.0,0.0,0.7142857142857143,0.2857142857142857
23,5,0.88,0.72,0.46938775510204084,1.6111111111111112,237.39999999999998,-1,1.0,0.0,0.5,0.5,0.6875,0.3125
23,6,0.86,0.67,0.34,1.835820895522388,202.19999999999996,-1,1.0,0.0,0.7647058823529411,0.23529411764705882,0.8181818181818182,0.18181818181818182
23,7,0.88,0.75,0.5625,2.013333333333333,249.00000000000003,-1,1.0,0.0,0.8,0.2,0.8421052631578947,0.15789473684210525
23,8,0.82,0.7,0.34545454545454546,1.8714285714285714,224.39999999999995,-1,1.0,0.0,0.9130434782608695,0.08695652173913043,0.6428571428571429,0.35714285714285715
23,9,0.86,0.69,0.2978723404255319,1.6666666666666667,228.6,-1,1.0,0.0,0.8695652173913043,0.13043478260869565,0.7142857142857143,0.2857142857142857
23,10,0.82,0.71,0.42,1.8028169014084507,202.2,-1,1.0,0.0,0.9523809523809523,0.047619047619047616,0.9,0.1
23,11,0.87,0.7,0.4166666666666667,1.9142857142857144,244.39999999999998,-1,1.0,0.0,0.875,0.125,0.4375,0.5625
23,12,0.87,0.69,0.425531914893617,1.855072463768116,220.79999999999995,-1,1.0,0.0,0.7368421052631579,0.2631578947368421,0.7692307692307693,0.23076923076923078
23,13,0.8,0.58,0.39473684210526316,1.8620689655172413,187.6,-1,1.0,0.0,1.0,0.0,0.7333333333333333,0.26666666666666666
23,14,0.81,0.68,0.3684210526315789,1.7941176470588236,236.39999999999998,-1,1.0,0.0,0.7272727272727273,0.2727272727272727,0.7222222222222222,0.2777777777777778
23,15,0.83,0.74,0.4528301886792453,1.8243243243243243,225.60000000000002,-1,1.0,0.0,0.76,0.24,0.7142857142857143,0.2857142857142857
23,16,0.85,0.71,0.5192307692307693,1.9577464788732395,218.39999999999998,-1,1.0,0.0,0.7058823529411765,0.29411764705882354,0.7857142857142857,0.21428571428571427
23,17,0.87,0.79,0.4482758620689655,2.0759493670886076,236.8,3,1.0,0.0,0.7741935483870968,0.22580645161290322,0.8421052631578947,0.15789473684210525
23,18,0.86,0.77,0.5483870967741935,1.974025974025974,233.28000000000003,2,1.0,0.0,0.9285714285714286,0.07142857142857142,0.7647058823529411,0.23529411764705882
23,19,0.92,0.83,0.4375,1.9759036144578312,270.0000000000001,-1,1.0,0.0,0.7272727272727273,0.2727272727272727,0.8181818181818182,0.18181818181818182
23,20,0.8,0.69,0.42592592592592593,1.8115942028985508,217.19999999999996,-1,1.0,0.0,0.7222222222222222,0.2777777777777778,0.75,0.25
23,21,0.81,0.76,0.45454545454545453,1.8421052631578947,246.00000000000003,-1,1.0,0.0,0.76,0.24,0.7692307692307693,0.23076923076923078
23,22,0.86,0.69,0.2909090909090909,1.6376811594202898,208.32,0,1.0,0.0,0.76,0.24,0.8461538461538461,0.15384615384615385
23,23,0.81,0.69,0.26,1.5072463768115942,220.08,2,1.0,0.0,1.0,0.0,0.7,0.3
23,24,0.83,0.67,0.44680851063829785,1.626865671641791,220.40000000000003,-1,1.0,0.0,0.7272727272727273,0.2727272727272727,0.5882352941176471,0.4117647058823529
23,25,0.84,0.65,0.40425531914893614,1.8615384615384616,200.4,-1,1.0,0.0,0.9473684210526315,0.05263157894736842,0.6923076923076923,0.3076923076923077
23,26,0.78,0.66,0.40476190476190477,1.8181818181818181,215.52,2,1.0,0.0,0.8214285714285714,0.17857142857142858,0.7857142857142857,0.21428571428571427
23,27,0.86,0.7,0.32608695652173914,1.7714285714285714,209.4,2,1.0,0.0,0.92,0.08,0.7142857142857143,0.2857142857142857
23,28,0.92,0.82,0.4406779661016949,2.048780487804878,253.68000000000012,4,1.0,0.0,0.8095238095238095,0.19047619047619047,0.7777777777777778,0.2222222222222222
23,29,0.88,0.65,0.39215686274509803,1.8923076923076922,194.79999999999995,-1,1.0,0.0,0.8421052631578947,0.15789473684210525,0.8461538461538461,0.15384615384615385
23,30,0.78,0.7,0.46938775510204084,1.9285714285714286,221.39999999999998,-1,1.0,0.0,0.7619047619047619,0.23809523809523808,0.7777777777777778,0.2222222222222222
23,31,0.88,0.71,0.4423076923076923,1.9577464788732395,247.79999999999995,4,1.0,0.0,0.7692307692307693,0.23076923076923078,0.6875,0.3125
23,32,0.86,0.73,0.43137254901960786,2.287671232876712,225.60000000000002,-1,1.0,0.0,0.7368421052631579,0.2631578947368421,0.875,0.125
23,33,0.85,0.72,0.43859649122807015,2.3055555555555554,242.39999999999998,-1,1.0,0.0,0.6842105263157895,0.3157894736842105,0.6,0.4
23,34,0.87,0.69,0.5,2.1884057971014492,220.79999999999998,-1,1.0,0.0,0.5333333333333333,0.4666666666666667,0.75,0.25
23,35,0.84,0.66,0.3695652173913043,1.9090909090909092,193.39999999999998,-1,1.0,0.0,0.6111111111111112,0.3888888888888889,0.8,0.2
23,36,0.84,0.71,0.47058823529411764,2.0,224.4,-1,1.0,0.0,0.9130434782608695,0.08695652173913043,0.8461538461538461,0.15384615384615385
23,37,0.9,0.78,0.5344827586206896,2.1025641025641026,266.99999999999994,-1,1.0,0.0,0.5789473684210527,0.42105263157894735,0.7222222222222222,0.2777777777777778
23,38,0.84,0.71,0.4745762711864407,2.028169014084507,244.8,4,1.0,0.0,0.6521739130434783,0.34782608695652173,0.75,0.25
23,39,0.8,0.66,0.5,2.1666666666666665,226.79999999999995,-1,1.0,0.0,0.625,0.375,0.8461538461538461,0.15384615384615385
23,40,0.82,0.66,0.40425531914893614,1.893939393939394,196.08,1,1.0,0.0,0.9047619047619048,0.09523809523809523,0.8235294117647058,0.17647058823529413
23,41,0.81,0.65,0.4318181818181818,1.8923076923076922,226.79999999999995,-1,1.0,0.0,0.7619047619047619,0.23809523809523808,0.6875,0.3125
23,42,0.83,0.74,0.3673469387755102,2.054054054054054,206.99999999999994,-1,1.0,0.0,0.9166666666666666,0.08333333333333333,0.7272727272727273,0.2727272727272727
23,43,0.82,0.71,0.4117647058823529,1.9154929577464788,224.4,-1,1.0,0.0,0.8,0.2,0.7142857142857143,0.2857142857142857
23,44,0.85,0.65,0.3148148148148148,1.7692307692307692,203.39999999999995,-1,1.0,0.0,0.7222222222222222,0.2777777777777778,0.6666666666666666,0.3333333333333333
23,45,0.82,0.58,0.34146341463414637,1.8275862068965518,213.95999999999998,4,1.0,0.0,0.75,0.25,0.7222222222222222,0.2777777777777778
23,46,0.84,0.72,0.45454545454545453,1.9861111111111112,229.31999999999996,3,1.0,0.0,0.8333333333333334,0.16666666666666666,0.7777777777777778,0.2222222222222222
23,47,0.82,0.7,0.4444444444444444,1.7428571428571429,227.39999999999998,-1,1.0,0.0,0.6666666666666666,0.3333333333333333,0.6428571428571429,0.35714285714285715
23,48,0.84,0.65,0.4186046511627907,1.8461538461538463,217.19999999999996,-1,1.0,0.0,0.8095238095238095,0.19047619047619047,0.6428571428571429,0.35714285714285715
23,49,0.81,0.63,0.4523809523809524,2.0952380952380953,194.4,-1,1.0,0.0,0.8235294117647058,0.17647058823529413,0.5714285714285714,0.42857142857142855
23,50,0.86,0.7,0.4186046511627907,1.8285714285714285,232.79999999999998,-1,1.0,0.0,0.8,0.2,0.8,0.2
23,51,0.81,0.67,0.5106382978723404,1.9104477611940298,202.19999999999996,-1,1.0,0.0,0.84,0.16,0.6363636363636364,0.36363636363636365
23,52,0.77,0.66,0.391304347826087,1.803030303030303,206.99999999999994,-1,1.0,0.0,0.6842105263157895,0.3157894736842105,0.5,0.5
23,53,0.82,0.64,0.4146341463414634,1.90625,208.79999999999995,-1,1.0,0.0,0.5333333333333333,0.4666666666666667,0.6363636363636364,0.36363636363636365
23,54,0.86,0.68,0.4888888888888889,1.7352941176470589,210.59999999999997,-1,1.0,0.0,0.8571428571428571,0.14285714285714285,0.9285714285714286,0.07142857142857142
23,55,0.85,0.71,0.4489795918367347,1.7746478873239437,229.2,-1,1.0,0.0,0.8095238095238095,0.19047619047619047,0.6923076923076923,0.3076923076923077
23,56,0.83,0.73,0.4716981132075472,1.9589041095890412,234.00000000000003,-1,1.0,0.0,0.7916666666666666,0.20833333333333334,0.5555555555555556,0.4444444444444444
23,57,0.78,0.63,0.42857142857142855,2.0793650793650795,195.11999999999998,0,1.0,0.0,0.8695652173913043,0.13043478260869565,0.8125,0.1875
23,58,0.88,0.78,0.39215686274509803,1.8717948717948718,237.6,-1,1.0,0.0,0.88,0.12,0.8,0.2
23,59,0.76,0.61,0.5306122448979592,2.0655737704918034,172.39999999999998,-1,1.0,0.0,0.8823529411764706,0.11764705882352941,1.0,0.0
23,60,0.93,0.76,0.4444444444444444,1.9473684210526316,243.59999999999997,-1,1.0,0.0,0.8181818181818182,0.18181818181818182,0.7647058823529411,0.23529411764705882
23,61,0.86,0.72,0.42592592592592593,1.75,237.0,-1,1.0,0.0,0.7916666666666666,0.20833333333333334,0.6923076923076923,0.3076923076923077
23,62,0.88,0.72,0.36363636363636365,2.0277777777777777,241.79999999999995,-1,1.0,0.0,0.5555555555555556,0.4444444444444444,0.5384615384615384,0.46153846153846156
23,63,0.82,0.68,0.5,2.2941176470588234,230.99999999999994,-1,1.0,0.0,0.5714285714285714,0.42857142857142855,0.5,0.5
23,64,0.84,0.73,0.32653061224489793,1.7123287671232876,207.47999999999996,0,1.0,0.0,0.8181818181818182,0.18181818181818182,0.6666666666666666,0.3333333333333333
23,65,0.91,0.8,0.4482758620689655,1.85,240.8,-1,1.0,0.0,0.8,0.2,0.75,0.25
24,0,0.83,0.58,,1.0,161.60000000000005,-1,1.0,0.0,0.7916666666666666,0.20833333333333334,0.6111111111111112,0.3888888888888889
24,1,0.87,0.67,0.4473684210526316,1.2537313432835822,180.53999999999996,2,1.0,0.0,0.8,0.2,0.631578947368421,0.3684210526315789
24,2,0.86,0.67,0.4117647058823529,1.4328358208955223,194.0,-1,1.0,0.0,0.75,0.25,0.7333333333333333,0.26666666666666666
24,3,0.82,0.64,0.2978723404255319,1.546875,193.60000000000005,-1,1.0,0.0,0.7894736842105263,0.21052631578947367,0.7692307692307693,0.23076923076923078
24,4,0.87,0.68,0.4318181818181818,1.7352941176470589,203.99999999999997,-1,1.0,0.0,1.0,0.0,0.7142857142857143,0.2857142857142857
24,5,0.85,0.67,0.38636363636363635,1.5820895522388059,194.40000000000003,-1,1.0,0.0,0.8888888888888888,0.1111111111111111,0.75,0.25
24,6,0.83,0.65,0.45454545454545453,1.6153846153846154,208.19999999999996,-1,1.0,0.0,0.9130434782608695,0.08695652173913043,0.6666666666666666,0.3333333333333333
24,7,0.79,0.6,0.425,1.7833333333333334,197.39999999999995,-1,1.0,0.0,0.8888888888888888,0.1111111111111111,0.6666666666666666,0.3333333333333333
24,8,0.81,0.59,0.34210526315789475,1.728813559322034,196.79999999999995,-1,1.0,0.0,0.8947368421052632,0.10526315789473684,0.75,0.25
24,9,0.82,0.73,0.425,1.9315068493150684,224.60000000000005,-1,1.0,0.0,0.8928571428571429,0.10714285714285714,0.75,0.25
24,10,0.83,0.7,0.3877551020408163,1.9142857142857144,218.39999999999995,-1,1.0,0.0,0.42857142857142855,0.5714285714285714,0.8181818181818182,0.18181818181818182
24,11,0.85,0.65,0.4146341463414634,2.0,210.59999999999997,-1,1.0,0.0,0.8181818181818182,0.18181818181818182,0.5833333333333334,0.4166666666666667
24,12,0.87,0.72,0.425531914893617,1.8472222222222223,235.92,0,1.0,0.0,0.6190476190476191,0.38095238095238093,0.6111111111111112,0.3888888888888889
24,13,0.88,0.73,0.4528301886792453,1.917808219178082,222.0,-1,1.0,0.0,0.9047619047619048,0.09523809523809523,0.6153846153846154,0.38461538461538464
24,14,0.89,0.7,0.4339622641509434,1.9428571428571428,201.6,-1,1.0,0.0,0.8888888888888888,0.1111111111111111,0.7,0.3
24,15,0.82,0.62,0.5434782608695652,2.3548387096774195,212.99999999999994,-1,1.0,0.0,0.8333333333333334,0.16666666666666666,0.6153846153846154,0.38461538461538464
24,16,0.87,0.68,0.425,2.0588235294117645,211.19999999999996,-1,1.0,0.0,0.75,0.25,0.5833333333333334,0.4166666666666667
24,17,0.8,0.67,0.4222222222222222,2.1194029850746268,220.0,-1,1.0,0.0,0.6521739130434783,0.34782608695652173,0.5,0.5
24,18,0.78,0.6,0.358974358974359,2.15,192.59999999999997,-1,1.0,0.0,0.6470588235294118,0.35294117647058826,0.7692307692307693,0.23076923076923078
24,19,0.87,0.71,0.425,2.0140845070422535,213.0,-1,1.0,0.0,0.782608695652174,0.21739130434782608,0.7777777777777778,0.2222222222222222
24,20,0.82,0.66,0.28,2.015151515151515,208.79999999999998,-1,1.0,0.0,0.7894736842105263,0.21052631578947367,0.7692307692307693,0.23076923076923078
24,21,0.86,0.62,0.38095238095238093,2.2419354838709675,210.6,-1,1.0,0.0,0.8181818181818182,0.18181818181818182,0.7142857142857143,0.2857142857142857
24,22,0.88,0.66,0.5681818181818182,2.1818181818181817,214.19999999999996,-1,1.0,0.0,0.8235294117647058,0.17647058823529413,0.7222222222222222,0.2777777777777778
24,23,0.78,0.66,0.3333333333333333,2.1363636363636362,215.2,-1,1.0,0.0,0.7272727272727273,0.2727272727272727,0.6153846153846154,0.38461538461538464
24,24,0.91,0.73,0.3137254901960784,2.0821917808219177,250.79999999999993,-1,1.0,0.0,0.6818181818181818,0.3181818181818182,0.625,0.375
24,25,0.81,0.67,0.37254901960784315,1.9850746268656716,196.8,-1,1.0,0.0,0.75,0.25,0.7692307692307693,0.23076923076923078
24,26,0.88,0.7,0.375,1.8142857142857143,224.99999999999997,-1,1.0,0.0,0.65,0.35,0.6428571428571429,0.35714285714285715
24,27,0.85,0.7,0.38,2.2857142857142856,227.39999999999995,-1,1.0,0.0,0.75,0.25,0.6428571428571429,0.35714285714285715
24,28,0.86,0.7,0.52,2.1857142857142855,224.39999999999998,-1,1.0,0.0,0.7391304347826086,0.2608695652173913,0.8461538461538461,0.15384615384615385
24,29,0.79,0.68,0.42,2.264705882352941,221.39999999999995,-1,1.0,0.0,0.7,0.3,0.6153846153846154,0.38461538461538464
24,30,0.83,0.67,0.5319148936170213,2.343283582089552,200.4,-1,1.0,0.0,0.75,0.25,0.625,0.375
24,31,0.86,0.7,0.4090909090909091,1.8714285714285714,230.99999999999997,-1,1.0,0.0,0.6,0.4,0.7222222222222222,0.2777777777777778
24,32,0.87,0.78,0.44642857142857145,2.269230769230769,219.47999999999996,1,1.0,0.0,0.5,0.5,0.7142857142857143,0.2857142857142857
24,33,0.9,0.76,0.5423728813559322,2.3421052631578947,235.43999999999997,0,1.0,0.0,0.7692307692307693,0.23076923076923078,0.7222222222222222,0.2777777777777778
24,34,0.85,0.74,0.5172413793103449,2.364864864864865,231.59999999999997,-1,1.0,0.0,0.75,0.25,0.5,0.5
24,35,0.84,0.75,0.43103448275862066,2.5733333333333333,241.8,3,1.0,0.0,0.6666666666666666,0.3333333333333333,0.625,0.375
24,36,0.82,0.68,0.45098039215686275,2.3529411764705883,214.79999999999998,-1,1.0,0.0,0.7333333333333333,0.26666666666666666,0.6,0.4
24,37,0.89,0.73,0.46153846153846156,2.2739726027397262,205.32,1,1.0,0.0,0.7368421052631579,0.2631578947368421,0.5,0.5
24,38,0.9,0.72,0.43137254901960786,2.0555555555555554,203.00000000000006,-1,1.0,0.0,0.88,0.12,0.5454545454545454,0.45454545454545453
24,39,0.85,0.67,0.43478260869565216,2.08955223880597,217.99999999999994,-1,1.0,0.0,0.4117647058823529,0.5882352941176471,0.5555555555555556,0.4444444444444444
24,40,0.86,0.68,0.46808510638297873,2.2794117647058822,215.39999999999995,-1,1.0,0.0,0.8181818181818182,0.18181818181818182,0.6666666666666666,0.3333333333333333
24,41,0.85,0.72,0.41304347826086957,2.3194444444444446,240.0,-1,1.0,0.0,0.5625,0.4375,0.6842105263157895,0.3157894736842105
24,42,0.86,0.7,0.28,2.0285714285714285,227.39999999999998,-1,1.0,0.0,0.782608695652174,0.21739130434782608,0.45454545454545453,0.5454545454545454
24,43,0.8,0.7,0.44,2.3,231.59999999999997,-1,1.0,0.0,0.65,0.35,0.3333333333333333,0.6666666666666666
24,44,0.83,0.63,0.4166666666666667,1.9206349206349207,206.15999999999997,0,1.0,0.0,0.5625,0.4375,0.5384615384615384,0.46153846153846156
24,45,0.82,0.69,0.2916666666666667,2.0869565217391304,207.59999999999997,-1,1.0,0.0,0.8666666666666667,0.13333333333333333,0.6153846153846154,0.38461538461538464
24,46,0.9,0.68,0.4,1.838235294117647,228.0,-1,1.0,0.0,0.8,0.2,0.8,0.2
24,47,0.83,0.67,0.391304347826087,2.253731343283582,212.39999999999998,-1,1.0,0.0,0.7222222222222222,0.2777777777777778,0.6666666666666666,0.3333333333333333
24,48,0.84,0.71,0.32,1.7887323943661972,198.04000000000002,1,1.0,0.0,0.6818181818181818,0.3181818181818182,0.6923076923076923,0.3076923076923077
24,49,0.82,0.7,0.46,2.2142857142857144,216.59999999999997,-1,1.0,0.0,0.7272727272727273,0.2727272727272727,0.5,0.5
24,50,0.85,0.65,0.35555555555555557,1.9846153846153847,191.51999999999998,0,1.0,0.0,0.7777777777777778,0.2222222222222222,0.6,0.4
24,51,0.86,0.69,0.4888888888888889,2.130434782608696,219.59999999999997,-1,1.0,0.0,0.8,0.2,0.5454545454545454,0.45454545454545453
24,52,0.84,0.69,0.4528301886792453,2.0,225.6,-1,1.0,0.0,0.7727272727272727,0.22727272727272727,0.6153846153846154,0.38461538461538464
24,53,0.81,0.68,0.40816326530612246,1.8235294117647058,226.79999999999995,-1,1.0,0.0,0.85,0.15,0.625,0.375
24,54,0.84,0.64,0.6,2.078125,224.39999999999995,-1,1.0,0.0,0.7368421052631579,0.2631578947368421,0.5625,0.4375
24,55,0.95,0.8,0.39215686274509803,1.8375,253.60000000000002,-1,1.0,0.0,0.8,0.2,0.7058823529411765,0.29411764705882354
24,56,0.81,0.67,0.32727272727272727,1.7462686567164178,212.39999999999995,-1,1.0,0.0,0.7777777777777778,0.2222222222222222,0.6153846153846154,0.38461538461538464
24,57,0.89,0.81,0.4528301886792453,1.9753086419753085,236.39999999999998,-1,1.0,0.0,0.5625,0.4375,0.9375,0.0625
24,58,0.85,0.67,0.6037735849056604,2.3134328358208953,217.19999999999996,-1,1.0,0.0,0.7727272727272727,0.22727272727272727,0.8333333333333334,0.16666666666666666
24,59,0.79,0.64,0.4418604651162791,2.015625,190.79999999999998,-1,1.0,0.0,0.7368421052631579,0.2631578947368421,0.8571428571428571,0.14285714285714285
24,60,0.84,0.69,0.40476190476190477,2.1884057971014492,195.47999999999996,0,1.0,0.0,0.8,0.2,0.75,0.25
24,61,0.85,0.69,0.37777777777777777,2.072463768115942,225.83999999999997,2,1.0,0.0,0.7272727272727273,0.2727272727272727,0.625,0.375
24,62,0.83,0.67,0.3958333333333333,2.029850746268657,219.0,-1,1.0,0.0,0.7,0.3,0.8461538461538461,0.15384615384615385
24,63,0.85,0.68,0.4782608695652174,2.25,208.80000000000004,2,1.0,0.0,0.8181818181818182,0.18181818181818182,0.7272727272727273,0.2727272727272727
24,64,0.9,0.67,0.40816326530612246,2.0597014925373136,203.40000000000003,-1,1.0,0.0,0.8333333333333334,0.16666666666666666,0.8,0.2
24,65,0.82,0.63,0.2564102564102564,1.8412698412698412,201.0,-1,1.0,0.0,0.72,0.28,0.6363636363636364,0.36363636363636365
25,0,0.83,0.64,,1.0,164.80000000000007,-1,1.0,0.0,0.75,0.25,0.625,0.375
25,1,0.84,0.7,0.4146341463414634,1.2428571428571429,185.39999999999998,-1,1.0,0.0,0.8,0.2,0.625,0.375
25,2,0.83,0.68,0.48936170212765956,1.5441176470588236,199.2,3,1.0,0.0,0.8076923076923077,0.19230769230769232,0.75,0.25
25,3,0.83,0.68,0.45652173913043476,1.6323529411764706,202.40000000000003,-1,1.0,0.0,0.7647058823529411,0.23529411764705882,0.7857142857142857,0.21428571428571427
25,4,0.83,0.68,0.52,1.8235294117647058,190.55999999999995,0,1.0,0.0,1.0,0.0,0.5,0.5
25,5,0.86,0.76,0.42857142857142855,1.736842105263158,226.4,-1,1.0,0.0,0.7272727272727273,0.2727272727272727,0.6923076923076923,0.3076923076923077
25,6,0.9,0.67,0.46153846153846156,1.835820895522388,190.79999999999995,-1,1.0,0.0,0.84,0.16,0.6923076923076923,0.3076923076923077
25,7,0.8,0.67,0.3111111111111111,1.7313432835820894,196.6,-1,1.0,0.0,0.8181818181818182,0.18181818181818182,0.75,0.25
25,8,0.87,0.72,0.3404255319148936,1.7361111111111112,186.59999999999997,0,1.0,0.0,0.8333333333333334,0.16666666666666666,0.7333333333333333,0.26666666666666666
25,9,0.91,0.75,0.36363636363636365,1.7866666666666666,219.00000000000003,-1,1.0,0.0,0.92,0.08,0.7857142857142857,0.21428571428571427
25,10,0.84,0.71,0.48148148148148145,1.8732394366197183,204.60000000000002,-1,1.0,0.0,0.875,0.125,0.6428571428571429,0.35714285714285715
25,11,0.93,0.77,0.40384615384615385,1.9610389610389611,247.6,-1,1.0,0.0,0.5714285714285714,0.42857142857142855,0.5789473684210527,0.42105263157894735
25,12,0.85,0.73,0.4,1.8630136986301369,208.79999999999998,-1,1.0,0.0,0.9259259259259259,0.07407407407407407,0.6666666666666666,0.3333333333333333
25,13,0.84,0.68,0.3877551020408163,1.8235294117647058,233.53999999999996,3,1.0,0.0,0.6296296296296297,0.37037037037037035,0.47058823529411764,0.5294117647058824
25,14,0.87,0.72,0.43137254901960786,1.8194444444444444,231.1,4,1.0,0.0,0.75,0.25,0.5714285714285714,0.42857142857142855
25,15,0.88,0.74,0.4074074074074074,1.8243243243243243,246.40000000000003,-1,1.0,0.0,0.8888888888888888,0.1111111111111111,0.7619047619047619,0.23809523809523808
25,16,0.83,0.69,0.4423076923076923,1.9420289855072463,203.2,-1,1.0,0.0,0.8333333333333334,0.16666666666666666,0.75,0.25
25,17,0.82,0.68,0.36,1.7205882352941178,199.43999999999997,4,1.0,0.0,0.9047619047619048,0.09523809523809523,0.5555555555555556,0.4444444444444444
25,18,0.83,0.71,0.22916666666666666,1.647887323943662,220.4,-1,1.0,0.0,0.8333333333333334,0.16666666666666666,0.7647058823529411,0.23529411764705882
25,19,0.84,0.71,0.38,1.6619718309859155,241.99999999999997,-1,1.0,0.0,0.6666666666666666,0.3333333333333333,0.5333333333333333,0.4666666666666667
25,20,0.81,0.7,0.40425531914893614,1.7142857142857142,245.41999999999996,2,1.0,0.0,0.8148148148148148,0.18518518518518517,0.65,0.35
25,21,0.89,0.79,0.4642857142857143,1.9367088607594938,238.84,1,1.0,0.0,0.5625,0.4375,0.6111111111111112,0.3888888888888889
25,22,0.83,0.71,0.5245901639344263,2.0704225352112675,200.24,0,1.0,0.0,0.8235294117647058,0.17647058823529413,0.5714285714285714,0.42857142857142855
25,23,0.86,0.77,0.4074074074074074,2.0259740259740258,237.66000000000003,2,1.0,0.0,0.76,0.24,0.6,0.4
25,24,0.75,0.64,0.44,1.859375,207.79999999999998,-1,1.0,0.0,0.8260869565217391,0.17391304347826086,0.7222222222222222,0.2777777777777778
25,25,0.78,0.66,0.36363636363636365,2.0757575757575757,184.83999999999997,0,1.0,0.0,0.75,0.25,0.7857142857142857,0.21428571428571427
25,26,0.82,0.7,0.3333333333333333,1.9714285714285715,219.20000000000002,-1,1.0,0.0,0.85,0.15,0.8333333333333334,0.16666666666666666
25,27,0.84,0.76,0.5,1.9605263157894737,240.60000000000005,-1,1.0,0.0,0.9230769230769231,0.07692307692307693,0.6428571428571429,0.35714285714285715
25,28,0.89,0.75,0.4067796610169492,1.84,224.6,-1,1.0,0.0,0.7647058823529411,0.23529411764705882,0.8125,0.1875
25,29,0.81,0.66,0.3404255319148936,2.0,210.39999999999998,-1,1.0,0.0,0.875,0.125,0.7272727272727273,0.2727272727272727
25,30,0.88,0.68,0.4222222222222222,2.161764705882353,240.42000000000002,3,1.0,0.0,0.6,0.4,0.625,0.375
25,31,0.85,0.67,0.38,1.8059701492537314,213.59999999999997,-1,1.0,0.0,0.8095238095238095,0.19047619047619047,0.625,0.375
25,32,0.88,0.68,0.48,2.1911764705882355,223.6,3,1.0,0.0,0.43478260869565216,0.5652173913043478,0.8571428571428571,0.14285714285714285
25,33,0.86,0.74,0.42,1.9864864864864864,212.60000000000002,-1,1.0,0.0,0.6842105263157895,0.3157894736842105,0.6666666666666666,0.3333333333333333
25,34,0.88,0.77,0.3389830508474576,1.87012987012987,252.80000000000004,-1,1.0,0.0,0.8,0.2,0.6666666666666666,0.3333333333333333
25,35,0.9,0.7,0.3448275862068966,1.7714285714285714,213.82000000000002,3,1.0,0.0,0.7857142857142857,0.21428571428571427,0.6470588235294118,0.35294117647058826
25,36,0.85,0.76,0.3333333333333333,1.7894736842105263,235.00000000000003,-1,1.0,0.0,0.8666666666666667,0.13333333333333333,0.7272727272727273,0.2727272727272727
25,37,0.82,0.67,0.47058823529411764,2.029850746268657,191.20000000000005,-1,1.0,0.0,0.8620689655172413,0.13793103448275862,0.7222222222222222,0.2777777777777778
25,38,0.84,0.68,0.4222222222222222,1.7352941176470589,212.39999999999998,-1,1.0,0.0,0.9375,0.0625,0.6470588235294118,0.35294117647058826
25,39,0.86,0.69,0.43902439024390244,1.9130434782608696,196.95999999999998,1,1.0,0.0,0.65,0.35,0.7777777777777778,0.2222222222222222
25,40,0.85,0.67,0.48936170212765956,2.1791044776119404,208.39999999999995,-1,1.0,0.0,0.6923076923076923,0.3076923076923077,0.6153846153846154,0.38461538461538464
25,41,0.86,0.7,0.4791666666666667,2.142857142857143,204.39999999999995,-1,1.0,0.0,0.8823529411764706,0.11764705882352941,0.6666666666666666,0.3333333333333333
25,42,0.85,0.76,0.33962264150943394,1.763157894736842,224.59999999999997,-1,1.0,0.0,0.9411764705882353,0.058823529411764705,0.6,0.4
25,43,0.79,0.65,0.5217391304347826,2.1846153846153844,197.2,-1,1.0,0.0,0.96,0.04,0.5555555555555556,0.4444444444444444
25,44,0.86,0.7,0.3409090909090909,1.7714285714285714,229.79999999999998,-1,1.0,0.0,0.88,0.12,0.6923076923076923,0.3076923076923077
25,45,0.89,0.79,0.4642857142857143,1.8101265822784811,238.6,-1,1.0,0.0,0.896551724137931,0.10344827586206896,0.6363636363636364,0.36363636363636365
25,46,0.88,0.71,0.375,1.7464788732394365,238.59999999999997,-1,1.0,0.0,0.7,0.3,0.5263157894736842,0.47368421052631576
25,47,0.8,0.69,0.52,2.0579710144927534,222.59999999999997,-1,1.0,0.0,0.8125,0.1875,0.5714285714285714,0.42857142857142855
25,48,0.82,0.69,0.4782608695652174,2.130434782608696,228.6,-1,1.0,0.0,0.8846153846153846,0.11538461538461539,0.7333333333333333,0.26666666666666666
25,49,0.87,0.66,0.3333333333333333,1.9393939393939394,208.19999999999993,-1,1.0,0.0,0.75,0.25,0.8571428571428571,0.14285714285714285
25,50,0.87,0.69,0.44680851063829785,2.2028985507246377,229.2,-1,1.0,0.0,0.6190476190476191,0.38095238095238093,0.7142857142857143,0.2857142857142857
25,51,0.84,0.67,0.4782608695652174,2.1492537313432836,209.80000000000004,-1,1.0,0.0,0.8636363636363636,0.13636363636363635,0.5,0.5
25,52,0.84,0.65,0.3125,1.7384615384615385,195.20000000000002,-1,1.0,0.0,0.8235294117647058,0.17647058823529413,0.6666666666666666,0.3333333333333333
25,53,0.89,0.78,0.4423076923076923,1.9615384615384615,245.39999999999998,-1,1.0,0.0,0.8181818181818182,0.18181818181818182,0.7857142857142857,0.21428571428571427
25,54,0.84,0.65,0.4716981132075472,1.9230769230769231,213.60000000000002,-1,1.0,0.0,0.631578947368421,0.3684210526315789,0.7692307692307693,0.23076923076923078
25,55,0.84,0.7,0.40816326530612246,1.957142857142857,200.64000000000004,2,1.0,0.0,0.9285714285714286,0.07142857142857142,0.5454545454545454,0.45454545454545453
25,56,0.84,0.71,0.40816326530612246,1.8169014084507042,210.0,-1,1.0,0.0,0.8333333333333334,0.16666666666666666,0.6153846153846154,0.38461538461538464
25,57,0.83,0.64,0.32608695652173914,1.75,205.2,-1,1.0,0.0,0.8095238095238095,0.19047619047619047,0.7142857142857143,0.2857142857142857
25,58,0.83,0.68,0.3333333333333333,1.75,214.19999999999996,-1,1.0,0.0,0.782608695652174,0.21739130434782608,0.42857142857142855,0.5714285714285714
25,59,0.83,0.64,0.5454545454545454,1.90625,202.2,-1,1.0,0.0,0.8823529411764706,0.11764705882352941,0.6428571428571429,0.35714285714285715
25,60,0.82,0.66,0.32558139534883723,1.8484848484848484,205.19999999999996,-1,1.0,0.0,0.7894736842105263,0.21052631578947367,0.7647058823529411,0.23529411764705882
25,61,0.85,0.73,0.2916666666666667,1.8082191780821917,232.79999999999995,1,1.0,0.0,0.7272727272727273,0.2727272727272727,0.631578947368421,0.3684210526315789
25,62,0.79,0.62,0.4,1.8064516129032258,201.6,-1,1.0,0.0,0.8235294117647058,0.17647058823529413,0.5833333333333334,0.4166666666666667
25,63,0.83,0.76,0.39215686274509803,1.8421052631578947,231.59999999999997,-1,1.0,0.0,0.75,0.25,0.7,0.3
25,64,0.82,0.66,0.4375,1.6818181818181819,220.19999999999996,-1,1.0,0.0,0.7142857142857143,0.2857142857142857,0.7647058823529411,0.23529411764705882
25,65,0.79,0.59,0.4,2.016949152542373,184.79999999999995,-1,1.0,0.0,0.7619047619047619,0.23809523809523808,0.9090909090909091,0.09090909090909091
26,0,0.82,0.62,,1.0,179.84000000000003,2,1.0,0.0,0.6666666666666666,0.3333333333333333,0.6666666666666666,0.3333333333333333
26,1,0.81,0.62,0.275,1.1774193548387097,152.99999999999997,-1,1.0,0.0,0.8421052631578947,0.15789473684210525,0.6,0.4
26,2,0.84,0.67,0.45454545454545453,1.4179104477611941,206.0,-1,1.0,0.0,0.8260869565217391,0.17391304347826086,0.5882352941176471,0.4117647058823529
26,3,0.84,0.66,0.46,1.5606060606060606,193.60000000000005,-1,1.0,0.0,0.9642857142857143,0.03571428571428571,0.8333333333333334,0.16666666666666666
26,4,0.81,0.59,0.46511627906976744,1.6779661016949152,177.6,-1,1.0,0.0,1.0,0.0,0.5555555555555556,0.4444444444444444
26,5,0.81,0.63,0.46153846153846156,1.7301587301587302,197.2,-1,1.0,0.0,0.9166666666666666,0.08333333333333333,0.7333333333333333,0.26666666666666666
26,6,0.89,0.73,0.4318181818181818,1.7671232876712328,219.6,-1,1.0,0.0,0.7222222222222222,0.2777777777777778,0.6153846153846154,0.38461538461538464
26,7,0.85,0.67,0.4423076923076923,1.7611940298507462,222.60000000000002,-1,1.0,0.0,0.6521739130434783,0.34782608695652173,0.6923076923076923,0.3076923076923077
26,8,0.81,0.68,0.4444444444444444,1.9852941176470589,195.20000000000007,-1,1.0,0.0,0.9411764705882353,0.058823529411764705,0.7333333333333333,0.26666666666666666
26,9,0.83,0.7,0.3333333333333333,1.7285714285714286,220.19999999999996,-1,1.0,0.0,0.8461538461538461,0.15384615384615385,0.6153846153846154,0.38461538461538464
26,10,0.85,0.68,0.42,1.911764705882353,209.00000000000006,-1,1.0,0.0,0.8095238095238095,0.19047619047619047,0.8,0.2
26,11,0.8,0.68,0.43478260869565216,2.088235294117647,206.20000000000005,-1,1.0,0.0,0.875,0.125,0.6666666666666666,0.3333333333333333
26,12,0.91,0.79,0.4074074074074074,1.8987341772151898,233.4,-1,1.0,0.0,0.875,0.125,0.7333333333333333,0.26666666666666666
26,13,0.88,0.71,0.4,1.8450704225352113,209.60000000000002,-1,1.0,0.0,0.8235294117647058,0.17647058823529413,0.8571428571428571,0.14285714285714285
26,14,0.84,0.65,0.45652173913043476,2.1384615384615384,191.59999999999997,-1,1.0,0.0,1.0,0.0,0.6363636363636364,0.36363636363636365
26,15,0.87,0.76,0.38,1.894736842105263,224.60000000000002,-1,1.0,0.0,0.8214285714285714,0.17857142857142858,0.625,0.375
26,16,0.85,0.66,0.4166666666666667,1.878787878787879,214.0,-1,1.0,0.0,0.6190476190476191,0.38095238095238093,0.6666666666666666,0.3333333333333333
26,17,0.88,0.73,0.40425531914893614,1.9863013698630136,214.2,-1,1.0,0.0,0.9047619047619048,0.09523809523809523,0.6,0.4
26,18,0.81,0.62,0.26666666666666666,1.6451612903225807,203.39999999999998,-1,1.0,0.0,0.8095238095238095,0.19047619047619047,0.6428571428571429,0.35714285714285715
26,19,0.87,0.64,0.38636363636363635,1.578125,201.60000000000002,-1,1.0,0.0,1.0,0.0,0.625,0.375
26,20,0.88,0.75,0.4716981132075472,1.7466666666666666,258.00000000000006,-1,1.0,0.0,0.6923076923076923,0.3076923076923077,0.47058823529411764,0.5294117647058824
26,21,0.88,0.72,0.5357142857142857,1.9444444444444444,224.0,-1,1.0,0.0,1.0,0.0,0.5625,0.4375
26,22,0.89,0.71,0.4489795918367347,1.9154929577464788,233.4,-1,1.0,0.0,0.7727272727272727,0.22727272727272727,0.5333333333333333,0.4666666666666667
26,23,0.83,0.7,0.4230769230769231,1.8142857142857143,237.40000000000003,-1,1.0,0.0,0.8076923076923077,0.19230769230769232,0.5333333333333333,0.4666666666666667
26,24,0.86,0.72,0.3469387755102041,1.75,225.20000000000005,-1,1.0,0.0,0.7647058823529411,0.23529411764705882,0.7647058823529411,0.23529411764705882
26,25,0.88,0.66,0.4166666666666667,1.9242424242424243,194.0,-1,1.0,0.0,0.9,0.1,0.8571428571428571,0.14285714285714285
26,26,0.83,0.7,0.46808510638297873,2.057142857142857,227.20000000000005,-1,1.0,0.0,0.8461538461538461,0.15384615384615385,0.6666666666666666,0.3333333333333333
26,27,0.85,0.63,0.3111111111111111,1.9365079365079365,196.0,-1,1.0,0.0,0.6153846153846154,0.38461538461538464,0.6666666666666666,0.3333333333333333
26,28,0.85,0.68,0.4222222222222222,2.014705882352941,222.79999999999998,-1,1.0,0.0,0.782608695652174,0.21739130434782608,0.6875,0.3125
26,29,0.8,0.66,0.391304347826087,1.9242424242424243,212.2,-1,1.0,0.0,0.7692307692307693,0.23076923076923078,0.7272727272727273,0.2727272727272727
26,30,0.82,0.63,0.36363636363636365,1.7619047619047619,213.99999999999994,-1,1.0,0.0,0.7894736842105263,0.21052631578947367,0.5882352941176471,0.4117647058823529
26,31,0.83,0.73,0.3541666666666667,1.904109589041096,220.52000000000004,2,1.0,0.0,0.7058823529411765,0.29411764705882354,0.7777777777777778,0.2222222222222222
26,32,0.77,0.64,0.5,2.25,182.65999999999997,0,1.0,0.0,0.7,0.3,0.8333333333333334,0.16666666666666666
26,33,0.87,0.73,0.44,2.095890410958904,220.20000000000005,-1,1.0,0.0,0.75,0.25,0.75,0.25
26,34,0.85,0.66,0.3877551020408163,2.227272727272727,214.68000000000004,3,1.0,0.0,0.8518518518518519,0.14814814814814814,0.5384615384615384,0.46153846153846156
26,35,0.8,0.63,0.5681818181818182,2.0793650793650795,205.4,-1,1.0,0.0,0.7894736842105263,0.21052631578947367,0.5384615384615384,0.46153846153846156
26,36,0.85,0.7,0.3695652173913043,2.085714285714286,200.40000000000006,-1,1.0,0.0,0.96,0.04,0.5,0.5
26,37,0.84,0.66,0.3488372093023256,1.9090909090909092,218.60000000000002,-1,1.0,0.0,0.7222222222222222,0.2777777777777778,0.625,0.375
26,38,0.83,0.67,0.4772727272727273,2.0,209.60000000000002,-1,1.0,0.0,0.8260869565217391,0.17391304347826086,0.5454545454545454,0.45454545454545453
26,39,0.83,0.68,0.5106382978723404,1.9852941176470589,200.2,-1,1.0,0.0,0.8823529411764706,0.11764705882352941,0.7857142857142857,0.21428571428571427
26,40,0.86,0.66,0.40425531914893614,1.9090909090909092,185.88000000000002,2,1.0,0.0,0.8181818181818182,0.18181818181818182,0.7272727272727273,0.2727272727272727
26,41,0.76,0.58,0.4864864864864865,2.0689655172413794,177.84,1,1.0,0.0,0.7777777777777778,0.2222222222222222,0.7894736842105263,0.21052631578947367
26,42,0.93,0.78,0.5,2.2051282051282053,234.36000000000007,2,1.0,0.0,0.7916666666666666,0.20833333333333334,0.7333333333333333,0.26666666666666666
26,43,0.87,0.72,0.46153846153846156,2.1944444444444446,224.80000000000007,-1,1.0,0.0,0.7727272727272727,0.22727272727272727,0.8125,0.1875
26,44,0.83,0.76,0.42857142857142855,1.881578947368421,233.40000000000003,-1,1.0,0.0,0.8695652173913043,0.13043478260869565,0.7647058823529411,0.23529411764705882
26,45,0.85,0.72,0.32075471698113206,2.25,226.60000000000002,-1,1.0,0.0,0.6842105263157895,0.3157894736842105,0.8,0.2
26,46,0.89,0.76,0.42105263157894735,1.9473684210526316,234.40000000000003,-1,1.0,0.0,0.875,0.125,0.6153846153846154,0.38461538461538464
26,47,0.87,0.67,0.4117647058823529,1.8955223880597014,222.39999999999998,-1,1.0,0.0,0.6111111111111112,0.3888888888888889,0.7333333333333333,0.26666666666666666
26,48,0.82,0.65,0.4666666666666667,2.076923076923077,197.0,-1,1.0,0.0,0.8636363636363636,0.13636363636363635,0.8,0.2
26,49,0.83,0.67,0.37209302325581395,2.0597014925373136,217.8,-1,1.0,0.0,0.8947368421052632,0.10526315789473684,0.6666666666666666,0.3333333333333333
26,50,0.83,0.72,0.4166666666666667,2.138888888888889,194.6,-1,1.0,0.0,0.8636363636363636,0.13636363636363635,0.7272727272727273,0.2727272727272727
26,51,0.86,0.7,0.4339622641509434,2.057142857142857,234.60000000000002,-1,1.0,0.0,0.8636363636363636,0.13636363636363635,0.631578947368421,0.3684210526315789
26,52,0.9,0.7,0.32075471698113206,1.9285714285714286,235.60000000000005,-1,1.0,0.0,0.6666666666666666,0.3333333333333333,0.7058823529411765,0.29411764705882354
26,53,0.9,0.74,0.4230769230769231,2.108108108108108,238.19999999999996,-1,1.0,0.0,0.8214285714285714,0.17857142857142858,0.7333333333333333,0.26666666666666666
26,54,0.77,0.65,0.4782608695652174,2.0923076923076924,200.39999999999998,-1,1.0,0.0,0.8421052631578947,0.15789473684210525,0.75,0.25
26,55,0.84,0.66,0.4523809523809524,2.1363636363636362,197.55999999999995,0,1.0,0.0,0.7,0.3,0.6666666666666666,0.3333333333333333
26,56,0.89,0.77,0.35294117647058826,1.922077922077922,242.20000000000005,-1,1.0,0.0,0.8461538461538461,0.15384615384615385,0.6153846153846154,0.38461538461538464
26,57,0.87,0.68,0.2830188679245283,1.8676470588235294,226.40000000000003,-1,1.0,0.0,0.8636363636363636,0.13636363636363635,0.625,0.375
26,58,0.79,0.7,0.425531914893617,1.7714285714285714,206.4,-1,1.0,0.0,0.8636363636363636,0.13636363636363635,0.6666666666666666,0.3333333333333333
26,59,0.84,0.72,0.29411764705882354,1.7222222222222223,220.60000000000002,-1,1.0,0.0,0.8461538461538461,0.15384615384615385,0.7857142857142857,0.21428571428571427
26,60,0.86,0.7,0.4528301886792453,1.7571428571428571,216.60000000000002,-1,1.0,0.0,0.88,0.12,0.7222222222222222,0.2777777777777778
26,61,0.86,0.7,0.45098039215686275,1.8142857142857143,218.72,2,1.0,0.0,0.6842105263157895,0.3157894736842105,0.7222222222222222,0.2777777777777778
26,62,0.88,0.72,0.5102040816326531,2.0833333333333335,223.2,-1,1.0,0.0,0.7391304347826086,0.2608695652173913,0.75,0.25
26,63,0.85,0.68,0.47058823529411764,2.0294117647058822,222.60000000000002,-1,1.0,0.0,0.96,0.04,0.6875,0.3125
26,64,0.87,0.74,0.4,1.9054054054054055,221.20000000000002,-1,1.0,0.0,0.8518518518518519,0.14814814814814814,0.75,0.25
26,65,0.83,0.66,0.45652173913043476,1.8636363636363635,193.8,-1,1.0,0.0,0.92,0.08,0.7142857142857143,0.2857142857142857
27,0,0.79,0.62,,1.0,164.80000000000004,-1,1.0,0.0,0.68,0.32,0.7142857142857143,0.2857142857142857
27,1,0.86,0.73,0.3695652173913043,1.2328767123287672,181.79999999999993,-1,1.0,0.0,0.92,0.08,0.7647058823529411,0.23529411764705882
27,2,0.86,0.68,0.3333333333333333,1.3823529411764706,197.39999999999998,2,1.0,0.0,0.7619047619047619,0.23809523809523808,0.7727272727272727,0.22727272727272727
27,3,0.9,0.78,0.4074074074074074,1.4871794871794872,212.08,1,1.0,0.0,0.7894736842105263,0.21052631578947367,0.6428571428571429,0.35714285714285715
27,4,0.89,0.74,0.3620689655172414,1.5945945945945945,225.60000000000005,-1,1.0,0.0,1.0,0.0,0.8666666666666667,0.13333333333333333
27,5,0.84,0.79,0.6,2.037974683544304,209.09999999999994,3,1.0,0.0,0.9166666666666666,0.08333333333333333,0.6363636363636364,0.36363636363636365
27,6,0.88,0.67,0.43636363636363634,1.9701492537313432,198.0,-1,1.0,0.0,1.0,0.0,0.8333333333333334,0.16666666666666666
27,7,0.91,0.75,0.5208333333333334,1.9866666666666666,198.23999999999998,0,1.0,0.0,0.8846153846153846,0.11538461538461539,0.7,0.3
27,8,0.79,0.62,0.4666666666666667,1.903225806451613,214.0,-1,1.0,0.0,0.8333333333333334,0.16666666666666666,0.7916666666666666,0.20833333333333334
27,9,0.82,0.66,0.39473684210526316,2.0303030303030303,209.6,-1,1.0,0.0,0.7142857142857143,0.2857142857142857,0.7222222222222222,0.2777777777777778
27,10,0.87,0.77,0.37037037037037035,2.051948051948052,248.39999999999998,-1,1.0,0.0,0.8888888888888888,0.1111111111111111,0.6875,0.3125
27,11,0.86,0.69,0.43636363636363634,1.9275362318840579,199.60000000000002,-1,1.0,0.0,0.8333333333333334,0.16666666666666666,0.7,0.3
27,12,0.82,0.63,0.44680851063829785,2.238095238095238,200.39999999999998,-1,1.0,0.0,0.9545454545454546,0.045454545454545456,0.6923076923076923,0.3076923076923077
27,13,0.79,0.67,0.5238095238095238,2.029850746268657,206.39999999999998,-1,1.0,0.0,0.6875,0.3125,0.8461538461538461,0.15384615384615385
27,14,0.78,0.67,0.37777777777777777,1.835820895522388,217.79999999999993,-1,1.0,0.0,0.8,0.2,0.7272727272727273,0.2727272727272727
27,15,0.77,0.63,0.4146341463414634,1.6984126984126984,191.63999999999996,1,1.0,0.0,0.7058823529411765,0.29411764705882354,0.6363636363636364,0.36363636363636365
27,16,0.84,0.66,0.5135135135135135,2.0757575757575757,202.0,-1,1.0,0.0,0.7894736842105263,0.21052631578947367,0.8571428571428571,0.14285714285714285
27,17,0.85,0.64,0.35555555555555557,1.90625,221.99999999999997,-1,1.0,0.0,0.47058823529411764,0.5294117647058824,0.5833333333333334,0.4166666666666667
27,18,0.78,0.63,0.4,2.015873015873016,172.92000000000002,1,1.0,0.0,0.7058823529411765,0.29411764705882354,0.75,0.25
27,19,0.81,0.64,0.5348837209302325,2.078125,179.33999999999997,2,1.0,0.0,0.8095238095238095,0.19047619047619047,0.8888888888888888,0.1111111111111111
27,20,0.83,0.68,0.3404255319148936,1.7647058823529411,235.79999999999995,-1,1.0,0.0,0.76,0.24,0.8333333333333334,0.16666666666666666
27,21,0.81,0.69,0.375,1.8405797101449275,214.79999999999998,-1,1.0,0.0,0.5263157894736842,0.47368421052631576,0.5833333333333334,0.4166666666666667
27,22,0.86,0.71,0.22448979591836735,1.732394366197183,225.59999999999997,-1,1.0,0.0,0.9411764705882353,0.058823529411764705,0.6875,0.3125
27,23,0.81,0.64,0.45454545454545453,1.984375,206.39999999999998,-1,1.0,0.0,0.8095238095238095,0.19047619047619047,0.6923076923076923,0.3076923076923077
27,24,0.84,0.7,0.4090909090909091,1.9,213.96,2,1.0,0.0,0.75,0.25,0.8461538461538461,0.15384615384615385
27,25,0.81,0.66,0.2608695652173913,1.621212121212121,207.59999999999997,-1,1.0,0.0,0.4666666666666667,0.5333333333333333,0.7272727272727273,0.2727272727272727
27,26,0.77,0.52,0.4117647058823529,1.8846153846153846,166.2,-1,1.0,0.0,0.9230769230769231,0.07692307692307693,0.6923076923076923,0.3076923076923077
27,27,0.85,0.71,0.4,1.619718309859155,233.99999999999994,-1,1.0,0.0,0.7391304347826086,0.2608695652173913,0.6363636363636364,0.36363636363636365
27,28,0.85,0.68,0.3469387755102041,1.8088235294117647,223.79999999999998,-1,1.0,0.0,0.9,0.1,0.6666666666666666,0.3333333333333333
27,29,0.85,0.72,0.4375,1.875,238.8,-1,1.0,0.0,0.65,0.35,0.7692307692307693,0.23076923076923078
27,30,0.9,0.69,0.3877551020408163,1.8695652173913044,225.60000000000002,-1,1.0,0.0,0.8260869565217391,0.17391304347826086,0.6666666666666666,0.3333333333333333
27,31,0.85,0.67,0.5365853658536586,1.9850746268656716,227.99999999999997,-1,1.0,0.0,0.5555555555555556,0.4444444444444444,0.6363636363636364,0.36363636363636365
27,32,0.84,0.72,0.38636363636363635,2.0833333333333335,223.55999999999995,2,1.0,0.0,0.5882352941176471,0.4117647058823529,0.6666666666666666,0.3333333333333333
27,33,0.86,0.72,0.43137254901960786,2.013888888888889,237.6,-1,1.0,0.0,0.782608695652174,0.21739130434782608,0.7692307692307693,0.23076923076923078
27,34,0.84,0.68,0.40816326530612246,2.1176470588235294,217.19999999999996,-1,1.0,0.0,0.6666666666666666,0.3333333333333333,0.875,0.125
27,35,0.87,0.77,0.49056603773584906,2.220779220779221,271.2,-1,1.0,0.0,0.7391304347826086,0.2608695652173913,0.6470588235294118,0.35294117647058826
27,36,0.78,0.7,0.45454545454545453,1.9857142857142858,228.60000000000005,-1,1.0,0.0,0.7368421052631579,0.2631578947368421,0.8888888888888888,0.1111111111111111
27,37,0.81,0.73,0.40816326530612246,2.3424657534246576,213.59999999999997,-1,1.0,0.0,0.7222222222222222,0.2777777777777778,0.9,0.1
27,38,0.85,0.7,0.5576923076923077,2.414285714285714,211.60000000000002,-1,1.0,0.0,0.8421052631578947,0.15789473684210525,0.8461538461538461,0.15384615384615385
27,39,0.83,0.7,0.47058823529411764,2.3142857142857145,214.79999999999998,-1,1.0,0.0,0.7692307692307693,0.23076923076923078,0.8125,0.1875
27,40,0.89,0.8,0.40350877192982454,1.9375,253.55999999999997,1,1.0,0.0,0.6666666666666666,0.3333333333333333,0.6875,0.3125
27,41,0.76,0.66,0.4807692307692308,2.287878787878788,220.19999999999996,-1,1.0,0.0,0.7857142857142857,0.21428571428571427,0.5384615384615384,0.46153846153846156
27,42,0.85,0.74,0.32,2.1216216216216215,218.64000000000001,2,1.0,0.0,0.7058823529411765,0.29411764705882354,0.7272727272727273,0.2727272727272727
27,43,0.86,0.7,0.46153846153846156,2.257142857142857,215.2,-1,1.0,0.0,0.8181818181818182,0.18181818181818182,0.8461538461538461,0.15384615384615385
27,44,0.86,0.71,0.4117647058823529,2.211267605633803,228.59999999999994,-1,1.0,0.0,0.8695652173913043,0.13043478260869565,0.6923076923076923,0.3076923076923077
27,45,0.84,0.68,0.46153846153846156,2.25,216.59999999999997,-1,1.0,0.0,0.8235294117647058,0.17647058823529413,0.7777777777777778,0.2222222222222222
27,46,0.84,0.69,0.46938775510204084,2.463768115942029,195.27999999999997,2,1.0,0.0,0.7894736842105263,0.21052631578947367,0.6363636363636364,0.36363636363636365
27,47,0.8,0.65,0.4186046511627907,2.3692307692307693,196.2,-1,1.0,0.0,0.8823529411764706,0.11764705882352941,0.7857142857142857,0.21428571428571427
27,48,0.85,0.65,0.3,2.1384615384615384,202.79999999999995,-1,1.0,0.0,0.7333333333333333,0.26666666666666666,0.8666666666666667,0.13333333333333333
27,49,0.85,0.7,0.5434782608695652,2.4714285714285715,247.19999999999996,-1,1.0,0.0,0.7368421052631579,0.2631578947368421,0.5625,0.4375
27,50,0.83,0.65,0.37777777777777777,1.9384615384615385,209.04,2,1.0,0.0,0.75,0.25,0.8125,0.1875
27,51,0.83,0.69,0.3191489361702128,1.7826086956521738,205.68,2,1.0,0.0,0.92,0.08,0.6923076923076923,0.3076923076923077
27,52,0.86,0.7,0.425531914893617,2.2857142857142856,232.19999999999996,-1,1.0,0.0,0.7272727272727273,0.2727272727272727,0.7692307692307693,0.23076923076923078
27,53,0.82,0.63,0.5111111111111111,2.2063492063492065,220.19999999999996,-1,1.0,0.0,0.8260869565217391,0.17391304347826086,0.6666666666666666,0.3333333333333333
27,54,0.87,0.68,0.36363636363636365,1.7941176470588236,221.4,-1,1.0,0.0,0.8695652173913043,0.13043478260869565,0.6363636363636364,0.36363636363636365
27,55,0.84,0.73,0.3673469387755102,1.821917808219178,233.4,-1,1.0,0.0,0.8181818181818182,0.18181818181818182,0.7692307692307693,0.23076923076923078
27,56,0.89,0.68,0.5,2.1176470588235294,227.99999999999997,-1,1.0,0.0,0.85,0.15,0.7058823529411765,0.29411764705882354
27,57,0.85,0.68,0.48936170212765956,2.161764705882353,209.94,4,1.0,0.0,0.7619047619047619,0.23809523809523808,0.6666666666666666,0.3333333333333333
27,58,0.79,0.59,0.5238095238095238,2.542372881355932,173.39999999999998,-1,1.0,0.0,0.8666666666666667,0.13333333333333333,0.7,0.3
27,59,0.83,0.69,0.45454545454545453,1.8985507246376812,229.20000000000002,-1,1.0,0.0,0.8333333333333334,0.16666666666666666,0.6,0.4
27,60,0.83,0.68,0.425531914893617,2.0588235294117645,203.13999999999996,1,1.0,0.0,0.6111111111111112,0.3888888888888889,0.8461538461538461,0.15384615384615385
27,61,0.82,0.69,0.44,2.130434782608696,229.67999999999995,4,1.0,0.0,0.5882352941176471,0.4117647058823529,0.6666666666666666,0.3333333333333333
27,62,0.88,0.76,0.4423076923076923,2.026315789473684,248.40000000000003,-1,1.0,0.0,0.7368421052631579,0.2631578947368421,0.6153846153846154,0.38461538461538464
27,63,0.91,0.74,0.45,2.2027027027027026,212.67999999999998,0,1.0,0.0,0.8260869565217391,0.17391304347826086,0.36363636363636365,0.6363636363636364
27,64,0.81,0.66,0.3877551020408163,2.212121212121212,202.79999999999998,-1,1.0,0.0,0.9523809523809523,0.047619047619047616,0.5454545454545454,0.45454545454545453
27,65,0.77,0.58,0.325,2.086206896551724,182.39999999999998,-1,1.0,0.0,0.6666666666666666,0.3333333333333333,0.9166666666666666,0.08333333333333333
28,0,0.87,0.71,,1.0,174.40000000000003,-1,1.0,0.0,0.6666666666666666,0.3333333333333333,0.8125,0.1875
28,1,0.86,0.73,0.41509433962264153,1.3013698630136987,188.99999999999994,-1,1.0,0.0,0.8148148148148148,0.18518518518518517,0.8,0.2
28,2,0.76,0.66,0.4375,1.5303030303030303,190.0,-1,1.0,0.0,0.8,0.2,0.5833333333333334,0.4166666666666667
28,3,0.85,0.73,0.42,1.5205479452054795,231.00000000000006,-1,1.0,0.0,0.7619047619047619,0.23809523809523808,0.5833333333333334,0.4166666666666667
28,4,0.88,0.77,0.40350877192982454,1.6623376623376624,247.20000000000005,-1,1.0,0.0,1.0,0.0,0.7777777777777778,0.2222222222222222
28,5,0.9,0.75,0.3559322033898305,1.8,243.59999999999997,-1,1.0,0.0,0.782608695652174,0.21739130434782608,0.7647058823529411,0.23529411764705882
28,6,0.81,0.68,0.4807692307692308,2.176470588235294,170.80000000000004,1,1.0,0.0,0.9333333333333333,0.06666666666666667,0.8,0.2
28,7,0.87,0.76,0.46,1.9473684210526316,241.67999999999998,4,1.0,0.0,0.8571428571428571,0.14285714285714285,0.7222222222222222,0.2777777777777778
28,8,0.81,0.68,0.4807692307692308,2.25,203.79999999999995,-1,1.0,0.0,0.9565217391304348,0.043478260869565216,0.6666666666666666,0.3333333333333333
28,9,0.75,0.62,0.5128205128205128,2.4838709677419355,186.59999999999997,2,1.0,0.0,0.8888888888888888,0.1111111111111111,0.6923076923076923,0.3076923076923077
28,10,0.88,0.79,0.4117647058823529,2.1012658227848102,237.2,-1,1.0,0.0,0.72,0.28,0.7777777777777778,0.2222222222222222
28,11,0.89,0.66,0.39622641509433965,2.0,224.4,-1,1.0,0.0,0.6666666666666666,0.3333333333333333,0.6111111111111112,0.3888888888888889
28,12,0.87,0.67,0.2727272727272727,1.7014925373134329,238.8,-1,1.0,0.0,0.84,0.16,0.5625,0.4375
28,13,0.9,0.81,0.46296296296296297,2.0123456790123457,240.20000000000002,-1,1.0,0.0,0.7222222222222222,0.2777777777777778,0.6923076923076923,0.3076923076923077
28,14,0.85,0.73,0.4406779661016949,2.0,233.76,0,1.0,0.0,0.8709677419354839,0.12903225806451613,0.5384615384615384,0.46153846153846156
28,15,0.86,0.69,0.56,2.3043478260869565,223.40000000000003,-1,1.0,0.0,0.8095238095238095,0.19047619047619047,0.7333333333333333,0.26666666666666666
28,16,0.89,0.68,0.3333333333333333,2.1176470588235294,192.59999999999997,-1,1.0,0.0,0.9583333333333334,0.041666666666666664,0.875,0.125
28,17,0.94,0.82,0.39655172413793105,2.024390243902439,270.0,-1,1.0,0.0,0.8,0.2,0.6666666666666666,0.3333333333333333
28,18,0.86,0.71,0.43103448275862066,2.084507042253521,222.0,-1,1.0,0.0,0.85,0.15,0.6363636363636364,0.36363636363636365
28,19,0.87,0.65,0.36363636363636365,1.676923076923077,218.39999999999998,-1,1.0,0.0,0.7307692307692307,0.2692307692307692,0.7692307692307693,0.23076923076923078
28,20,0.85,0.69,0.38636363636363635,2.0144927536231885,233.99999999999997,-1,1.0,0.0,0.65,0.35,0.75,0.25
28,21,0.81,0.68,0.4782608695652174,1.911764705882353,219.59999999999994,-1,1.0,0.0,0.7777777777777778,0.2222222222222222,0.7058823529411765,0.29411764705882354
28,22,0.86,0.73,0.2641509433962264,1.8356164383561644,229.2,1,1.0,0.0,0.8,0.2,0.6666666666666666,0.3333333333333333
28,23,0.8,0.62,0.46938775510204084,1.935483870967742,199.79999999999998,-1,1.0,0.0,0.75,0.25,0.8823529411764706,0.11764705882352941
28,24,0.87,0.77,0.4166666666666667,1.8181818181818181,231.59999999999997,4,1.0,0.0,0.6666666666666666,0.3333333333333333,0.8,0.2
28,25,0.81,0.72,0.5925925925925926,2.1666666666666665,235.2,-1,1.0,0.0,0.8571428571428571,0.14285714285714285,0.6875,0.3125
28,26,0.86,0.75,0.48214285714285715,1.9866666666666666,241.8,3,1.0,0.0,0.76,0.24,0.6153846153846154,0.38461538461538464
28,27,0.87,0.72,0.5294117647058824,2.1527777777777777,230.39999999999998,-1,1.0,0.0,0.8421052631578947,0.15789473684210525,0.6666666666666666,0.3333333333333333
28,28,0.87,0.66,0.3673469387755102,2.196969696969697,182.0,2,1.0,0.0,0.7142857142857143,0.2857142857142857,0.8333333333333334,0.16666666666666666
28,29,0.78,0.66,0.3181818181818182,1.5606060606060606,214.79999999999995,-1,1.0,0.0,0.65,0.35,0.8333333333333334,0.16666666666666666
28,30,0.84,0.71,0.2978723404255319,1.8450704225352113,207.59999999999997,-1,1.0,0.0,0.8947368421052632,0.10526315789473684,0.7692307692307693,0.23076923076923078
28,31,0.84,0.7,0.46153846153846156,2.057142857142857,190.4,-1,1.0,0.0,0.8636363636363636,0.13636363636363635,0.75,0.25
28,32,0.8,0.62,0.5217391304347826,1.935483870967742,209.99999999999997,-1,1.0,0.0,0.7142857142857143,0.2857142857142857,0.7222222222222222,0.2777777777777778
28,33,0.8,0.7,0.41304347826086957,1.9285714285714286,214.8,-1,1.0,0.0,0.7647058823529411,0.23529411764705882,0.8,0.2
28,34,0.86,0.74,0.5094339622641509,1.8918918918918919,206.39999999999998,-1,1.0,0.0,0.9473684210526315,0.05263157894736842,0.6666666666666666,0.3333333333333333
28,35,0.88,0.63,0.35555555555555557,1.8412698412698412,202.14,4,1.0,0.0,0.8846153846153846,0.11538461538461539,0.7692307692307693,0.23076923076923078
28,36,0.85,0.7,0.3673469387755102,1.6285714285714286,230.39999999999998,-1,1.0,0.0,0.9354838709677419,0.06451612903225806,0.7222222222222222,0.2777777777777778
28,37,0.81,0.66,0.3695652173913043,1.9090909090909092,223.2,-1,1.0,0.0,0.7619047619047619,0.23809523809523808,0.6666666666666666,0.3333333333333333
28,38,0.78,0.63,0.4634146341463415,2.126984126984127,212.39999999999998,-1,1.0,0.0,0.7894736842105263,0.21052631578947367,0.6153846153846154,0.38461538461538464
28,39,0.86,0.71,0.5106382978723404,2.0704225352112675,243.59999999999994,-1,1.0,0.0,0.5,0.5,0.7333333333333333,0.26666666666666666
28,40,0.79,0.65,0.4888888888888889,2.1846153846153844,218.39999999999998,-1,1.0,0.0,0.5789473684210527,0.42105263157894735,0.6,0.4
28,41,0.83,0.72,0.4782608695652174,2.0833333333333335,229.20000000000002,-1,1.0,0.0,0.8095238095238095,0.19047619047619047,0.8,0.2
28,42,0.81,0.75,0.39655172413793105,2.066666666666667,231.59999999999997,-1,1.0,0.0,0.7142857142857143,0.2857142857142857,0.7,0.3
28,43,0.86,0.75,0.40350877192982454,1.92,202.8,0,1.0,0.0,0.75,0.25,0.8,0.2
28,44,0.82,0.71,0.2909090909090909,1.5352112676056338,223.2,-1,1.0,0.0,0.7619047619047619,0.23809523809523808,0.7,0.3
28,45,0.75,0.59,0.39473684210526316,1.8305084745762712,173.99999999999994,-1,1.0,0.0,0.6428571428571429,0.35714285714285715,0.8,0.2
28,46,0.82,0.64,0.475,1.78125,186.71999999999997,2,1.0,0.0,0.6666666666666666,0.3333333333333333,0.625,0.375
28,47,0.81,0.68,0.3333333333333333,1.5588235294117647,221.39999999999998,-1,1.0,0.0,0.8421052631578947,0.15789473684210525,0.625,0.375
28,48,0.86,0.65,0.391304347826087,1.9846153846153847,202.79999999999998,-1,1.0,0.0,0.6666666666666666,0.3333333333333333,0.9166666666666666,0.08333333333333333
28,49,0.85,0.67,0.4090909090909091,1.9253731343283582,199.99999999999997,-1,1.0,0.0,0.8888888888888888,0.1111111111111111,0.6428571428571429,0.35714285714285715
28,50,0.84,0.66,0.3541666666666667,1.9242424242424243,219.6,-1,1.0,0.0,0.8571428571428571,0.14285714285714285,0.6,0.4
28,51,0.92,0.73,0.5,2.0273972602739727,227.28000000000006,0,1.0,0.0,0.75,0.25,0.6428571428571429,0.35714285714285715
28,52,0.8,0.7,0.44,1.9142857142857144,207.59999999999994,-1,1.0,0.0,0.8095238095238095,0.19047619047619047,0.7142857142857143,0.2857142857142857
28,53,0.87,0.78,0.38461538461538464,2.1666666666666665,256.79999999999995,-1,1.0,0.0,0.47058823529411764,0.5294117647058824,0.8235294117647058,0.17647058823529413
28,54,0.86,0.63,0.3958333333333333,1.9206349206349207,199.19999999999996,-1,1.0,0.0,0.7222222222222222,0.2777777777777778,0.6666666666666666,0.3333333333333333
28,55,0.78,0.65,0.42105263157894735,1.7846153846153847,197.99999999999997,-1,1.0,0.0,0.625,0.375,0.9166666666666666,0.08333333333333333
28,56,0.82,0.7,0.3404255319148936,2.0,211.2,-1,1.0,0.0,0.7368421052631579,0.2631578947368421,0.9090909090909091,0.09090909090909091
28,57,0.89,0.76,0.46296296296296297,1.855263157894737,255.59999999999997,-1,1.0,0.0,0.8695652173913043,0.13043478260869565,0.75,0.25
28,58,0.83,0.64,0.36538461538461536,2.015625,200.51999999999995,3,1.0,0.0,0.75,0.25,0.8,0.2
28,59,0.87,0.74,0.4583333333333333,1.9189189189189189,230.4,-1,1.0,0.0,0.9090909090909091,0.09090909090909091,0.75,0.25
28,60,0.83,0.73,0.33962264150943394,1.9863013698630136,209.79999999999998,-1,1.0,0.0,0.8095238095238095,0.19047619047619047,0.8461538461538461,0.15384615384615385
28,61,0.84,0.7,0.36538461538461536,1.7571428571428571,230.20000000000005,-1,1.0,0.0,0.8518518518518519,0.14814814814814814,0.6428571428571429,0.35714285714285715
28,62,0.82,0.69,0.40425531914893614,1.7681159420289856,217.48000000000002,1,1.0,0.0,0.782608695652174,0.21739130434782608,0.5625,0.4375
28,63,0.89,0.76,0.37254901960784315,1.6973684210526316,243.6,-1,1.0,0.0,0.8,0.2,0.7222222222222222,0.2777777777777778
28,64,0.81,0.62,0.2826086956521739,1.564516129032258,205.2,-1,1.0,0.0,0.8095238095238095,0.19047619047619047,0.5833333333333334,0.4166666666666667
28,65,0.82,0.73,0.43902439024390244,1.9726027397260273,203.27999999999997,1,1.0,0.0,0.9583333333333334,0.041666666666666664,0.6923076923076923,0.3076923076923077
29,0,0.78,0.65,,1.0,182.24,0,1.0,0.0,0.7407407407407407,0.25925925925925924,0.6666666666666666,0.3333333333333333
29,1,0.81,0.67,0.37209302325581395,1.2388059701492538,176.39999999999998,-1,1.0,0.0,0.38461538461538464,0.6153846153846154,0.75,0.25
29,2,0.89,0.78,0.4444444444444444,1.4871794871794872,222.0,-1,1.0,0.0,0.76,0.24,0.7333333333333333,0.26666666666666666
29,3,0.83,0.67,0.3018867924528302,1.5223880597014925,211.20000000000005,-1,1.0,0.0,0.5625,0.4375,0.75,0.25
29,4,0.87,0.65,0.34146341463414637,1.6,190.07999999999998,2,1.0,0.0,1.0,0.0,0.5833333333333334,0.4166666666666667
29,5,0.9,0.73,0.5319148936170213,1.7671232876712328,223.80000000000007,-1,1.0,0.0,0.9166666666666666,0.08333333333333333,0.7368421052631579,0.2631578947368421
29,6,0.86,0.73,0.46296296296296297,1.7397260273972603,245.60000000000002,-1,1.0,0.0,0.8928571428571429,0.10714285714285714,0.631578947368421,0.3684210526315789
29,7,0.8,0.66,0.4117647058823529,2.0,217.40000000000003,-1,1.0,0.0,0.8,0.2,0.7647058823529411,0.23529411764705882
29,8,0.91,0.76,0.3469387755102041,1.736842105263158,231.40000000000003,-1,1.0,0.0,0.7058823529411765,0.29411764705882354,0.625,0.375
29,9,0.81,0.66,0.33962264150943394,1.7878787878787878,217.40000000000003,-1,1.0,0.0,0.631578947368421,0.3684210526315789,0.8125,0.1875
29,10,0.9,0.78,0.4,1.794871794871795,211.92000000000002,0,1.0,0.0,0.8095238095238095,0.19047619047619047,0.6428571428571429,0.35714285714285715
29,11,0.82,0.71,0.4909090909090909,1.9577464788732395,217.60000000000002,-1,1.0,0.0,0.6111111111111112,0.3888888888888889,0.6153846153846154,0.38461538461538464
29,12,0.84,0.63,0.32558139534883723,1.6984126984126984,193.40000000000006,-1,1.0,0.0,0.75,0.25,0.8,0.2
29,13,0.8,0.62,0.3023255813953488,1.3870967741935485,189.88000000000002,0,1.0,0.0,0.9310344827586207,0.06896551724137931,0.7058823529411765,0.29411764705882354
29,14,0.82,0.62,0.4358974358974359,1.6935483870967742,178.00000000000003,-1,1.0,0.0,1.0,0.0,0.7272727272727273,0.2727272727272727
29,15,0.87,0.77,0.4489795918367347,1.8311688311688312,244.2,-1,1.0,0.0,0.8095238095238095,0.19047619047619047,0.7058823529411765,0.29411764705882354
29,16,0.84,0.64,0.35294117647058826,1.734375,199.32,1,1.0,0.0,0.7368421052631579,0.2631578947368421,0.5454545454545454,0.45454545454545453
29,17,0.83,0.74,0.5208333333333334,2.0405405405405403,196.88000000000002,0,1.0,0.0,0.75,0.25,0.7272727272727273,0.2727272727272727
29,18,0.82,0.67,0.44,1.9402985074626866,184.51999999999995,1,1.0,0.0,0.6875,0.3125,0.7272727272727273,0.2727272727272727
29,19,0.87,0.71,0.4166666666666667,1.9577464788732395,201.55999999999997,1,1.0,0.0,0.7058823529411765,0.29411764705882354,0.6428571428571429,0.35714285714285715
29,20,0.81,0.63,0.3695652173913043,1.6031746031746033,200.0,-1,1.0,0.0,0.7894736842105263,0.21052631578947367,0.8,0.2
29,21,0.87,0.76,0.3695652173913043,1.8026315789473684,231.80000000000004,-1,1.0,0.0,0.9,0.1,0.7058823529411765,0.29411764705882354
29,22,0.87,0.67,0.22641509433962265,1.4328358208955223,225.20000000000002,-1,1.0,0.0,0.8571428571428571,0.14285714285714285,0.5882352941176471,0.4117647058823529
29,23,0.83,0.65,0.475,1.7846153846153847,210.10000000000002,3,1.0,0.0,0.8235294117647058,0.17647058823529413,0.6111111111111112,0.3888888888888889
29,24,0.8,0.6,0.4146341463414634,1.8666666666666667,180.59999999999997,-1,1.0,0.0,0.5789473684210527,0.42105263157894735,0.875,0.125
29,25,0.85,0.7,0.29545454545454547,1.7142857142857142,224.20000000000002,-1,1.0,0.0,0.7777777777777778,0.2222222222222222,0.75,0.25
29,26,0.84,0.65,0.3111111111111111,1.7384615384615385,171.20000000000002,0,1.0,0.0,0.9411764705882353,0.058823529411764705,0.8235294117647058,0.17647058823529413
29,27,0.85,0.65,0.37209302325581395,1.5692307692307692,237.8,-1,1.0,0.0,0.7,0.3,0.6842105263157895,0.3157894736842105
29,28,0.83,0.72,0.4375,1.9166666666666667,162.04000000000002,1,1.0,0.0,0.875,0.125,0.8333333333333334,0.16666666666666666
29,29,0.84,0.69,0.32075471698113206,1.6231884057971016,232.40000000000003,-1,1.0,0.0,0.65,0.35,0.631578947368421,0.3684210526315789
29,30,0.87,0.68,0.36,1.6176470588235294,240.0,-1,1.0,0.0,0.7083333333333334,0.2916666666666667,0.7368421052631579,0.2631578947368421
29,31,0.81,0.68,0.4090909090909091,1.75,214.80000000000004,-1,1.0,0.0,0.9473684210526315,0.05263157894736842,0.5625,0.4375
29,32,0.84,0.71,0.3958333333333333,1.8873239436619718,219.79999999999995,-1,1.0,0.0,0.6875,0.3125,0.5625,0.4375
29,33,0.86,0.61,0.3181818181818182,1.4918032786885247,196.0,-1,1.0,0.0,0.782608695652174,0.21739130434782608,0.8333333333333334,0.16666666666666666
29,34,0.86,0.71,0.38636363636363635,1.7464788732394365,243.00000000000003,-1,1.0,0.0,0.6111111111111112,0.3888888888888889,0.7,0.3
29,35,0.81,0.69,0.22916666666666666,1.3623188405797102,203.2,-1,1.0,0.0,0.7272727272727273,0.2727272727272727,0.75,0.25
29,36,0.92,0.76,0.4423076923076923,1.6973684210526316,242.60000000000005,-1,1.0,0.0,0.7391304347826086,0.2608695652173913,0.8235294117647058,0.17647058823529413
29,37,0.87,0.7,0.43859649122807015,1.7714285714285714,237.0,-1,1.0,0.0,0.8181818181818182,0.18181818181818182,0.5789473684210527,0.42105263157894735
29,38,0.84,0.73,0.56,2.1780821917808217,209.40000000000006,-1,1.0,0.0,0.6666666666666666,0.3333333333333333,0.9090909090909091,0.09090909090909091
29,39,0.88,0.74,0.35714285714285715,1.8513513513513513,256.08000000000004,4,1.0,0.0,0.7307692307692307,0.2692307692307692,0.631578947368421,0.3684210526315789
29,40,0.83,0.67,0.5098039215686274,2.2388059701492535,201.20000000000005,-1,1.0,0.0,0.9,0.1,0.8235294117647058,0.17647058823529413
29,41,0.84,0.66,0.48936170212765956,2.227272727272727,178.17999999999998,1,1.0,0.0,0.7692307692307693,0.23076923076923078,0.8823529411764706,0.11764705882352941
29,42,0.81,0.67,0.38636363636363635,1.7313432835820894,208.80000000000004,-1,1.0,0.0,0.7333333333333333,0.26666666666666666,0.7058823529411765,0.29411764705882354
29,43,0.93,0.8,0.44642857142857145,2.0,242.80000000000007,-1,1.0,0.0,0.8076923076923077,0.19230769230769232,0.8571428571428571,0.14285714285714285
29,44,0.81,0.66,0.4716981132075472,2.1818181818181817,202.78,3,1.0,0.0,0.72,0.28,0.8,0.2
29,45,0.82,0.68,0.4444444444444444,1.9852941176470589,229.20000000000005,-1,1.0,0.0,0.8260869565217391,0.17391304347826086,0.6666666666666666,0.3333333333333333
29,46,0.83,0.65,0.43478260869565216,1.8923076923076922,233.79999999999995,-1,1.0,0.0,0.7619047619047619,0.23809523809523808,0.5,0.5
29,47,0.83,0.64,0.37777777777777777,2.125,197.27999999999997,0,1.0,0.0,0.6666666666666666,0.3333333333333333,0.6666666666666666,0.3333333333333333
29,48,0.82,0.65,0.4090909090909091,1.8461538461538463,174.96,1,1.0,0.0,0.7619047619047619,0.23809523809523808,0.8,0.2
29,49,0.86,0.73,0.4423076923076923,1.7671232876712328,256.79999999999995,-1,1.0,0.0,0.76,0.24,0.5714285714285714,0.42857142857142855
29,50,0.79,0.67,0.42857142857142855,2.1641791044776117,213.0,-1,1.0,0.0,0.9047619047619048,0.09523809523809523,0.75,0.25
29,51,0.91,0.73,0.44,2.191780821917808,254.39999999999998,-1,1.0,0.0,0.6190476190476191,0.38095238095238093,0.5714285714285714,0.42857142857142855
29,52,0.85,0.69,0.43103448275862066,2.0,200.4,0,1.0,0.0,0.6875,0.3125,0.75,0.25
29,53,0.87,0.68,0.4222222222222222,1.9705882352941178,224.99999999999997,-1,1.0,0.0,0.6842105263157895,0.3157894736842105,0.7692307692307693,0.23076923076923078
29,54,0.81,0.67,0.2826086956521739,1.7611940298507462,205.99999999999997,0,1.0,0.0,0.7058823529411765,0.29411764705882354,0.5384615384615384,0.46153846153846156
29,55,0.83,0.7,0.3877551020408163,2.0,232.43999999999997,2,1.0,0.0,0.7272727272727273,0.2727272727272727,0.6666666666666666,0.3333333333333333
29,56,0.82,0.65,0.36585365853658536,1.7230769230769232,213.59999999999997,-1,1.0,0.0,0.7058823529411765,0.29411764705882354,0.8,0.2
29,57,0.85,0.64,0.4634146341463415,2.0625,223.19999999999996,-1,1.0,0.0,0.875,0.125,0.6875,0.3125
29,58,0.86,0.68,0.4444444444444444,1.9558823529411764,215.99999999999997,-1,1.0,0.0,0.7222222222222222,0.2777777777777778,0.7,0.3
29,59,0.91,0.69,0.48936170212765956,2.1594202898550723,234.29999999999998,4,1.0,0.0,0.8076923076923077,0.19230769230769232,0.7777777777777778,0.2222222222222222
29,60,0.78,0.62,0.4772727272727273,2.1451612903225805,209.39999999999998,-1,1.0,0.0,0.75,0.25,0.875,0.125
29,61,0.88,0.66,0.37209302325581395,2.0303030303030303,209.99999999999997,2,1.0,0.0,0.6428571428571429,0.35714285714285715,0.5454545454545454,0.45454545454545453
29,62,0.88,0.71,0.5,1.9014084507042253,238.44,2,1.0,0.0,0.7692307692307693,0.23076923076923078,0.7391304347826086,0.2608695652173913
29,63,0.79,0.66,0.45098039215686275,2.1363636363636362,202.19999999999996,-1,1.0,0.0,0.9,0.1,0.9285714285714286,0.07142857142857142
29,64,0.88,0.66,0.4418604651162791,1.7424242424242424,220.2,-1,1.0,0.0,0.8888888888888888,0.1111111111111111,0.8666666666666667,0.13333333333333333
29,65,0.84,0.66,0.37777777777777777,1.606060606060606,228.59999999999994,-1,1.0,0.0,0.7368421052631579,0.2631578947368421,0.6,0.4
