transaction_id,seed,buyer_id,buyer_class,seller_id,seller_class,visit_order,price,budget_before,budget_after,seller_inventory_after
0,0,0,Poor,1,Slow,0,2.0,3.0,1.0,129
1,0,1,Poor,0,Slow,2,1.4,3.0,1.6,129
2,0,2,Poor,0,Slow,4,1.4,3.0,1.6,128
3,0,3,Poor,0,Slow,3,1.4,3.0,1.6,127
4,0,4,Poor,2,Slow,1,2.0,3.0,1.0,129
5,0,5,Poor,2,Slow,1,2.0,3.0,1.0,128
6,0,6,Poor,0,Slow,2,1.4,3.0,1.6,126
7,0,7,Poor,1,Slow,3,2.0,3.0,1.0,128
8,0,8,Poor,0,Slow,0,1.4,3.0,1.6,125
9,0,9,Poor,0,Slow,4,1.4,3.0,1.6,124
10,0,10,Poor,2,Slow,0,2.0,3.0,1.0,127
11,0,11,Poor,2,Slow,2,2.0,3.0,1.0,126
12,0,13,Poor,1,Slow,1,2.0,3.0,1.0,127
13,0,14,Poor,1,Slow,2,2.0,3.0,1.0,126
14,0,15,Poor,2,Slow,1,2.0,3.0,1.0,125
15,0,17,Poor,1,Slow,0,2.0,3.0,1.0,125
16,0,19,Poor,0,Slow,1,1.4,3.0,1.6,123
17,0,21,Poor,0,Slow,4,1.4,3.0,1.6,122
18,0,22,Poor,1,Slow,4,2.0,3.0,1.0,124
19,0,23,Poor,1,Slow,1,2.0,3.0,1.0,123
20,0,24,Poor,0,Slow,0,1.4,3.0,1.6,121
21,0,27,Poor,1,Slow,4,2.0,3.0,1.0,122
22,0,28,Poor,0,Slow,4,1.4,3.0,1.6,120
23,0,30,Poor,2,Slow,1,2.0,3.0,1.0,124
24,0,31,Poor,2,Slow,4,2.0,3.0,1.0,123
25,0,34,Poor,0,Slow,0,1.4,3.0,1.6,119
26,0,35,Poor,0,Slow,1,1.4,3.0,1.6,118
27,0,36,Poor,2,Slow,3,2.0,3.0,1.0,122
28,0,37,Poor,0,Slow,1,1.4,3.0,1.6,117
29,0,38,Poor,1,Slow,3,2.0,3.0,1.0,121
30,0,39,Poor,1,Slow,1,2.0,3.0,1.0,120
31,0,41,Poor,1,Slow,4,2.0,3.0,1.0,119
32,0,42,Poor,2,Slow,0,2.0,3.0,1.0,121
33,0,44,Poor,0,Slow,2,1.4,3.0,1.6,116
34,0,45,Poor,0,Slow,2,1.4,3.0,1.6,115
35,0,49,Poor,2,Slow,1,2.0,3.0,1.0,120
36,0,50,Poor,2,Slow,2,2.0,3.0,1.0,119
37,0,52,Poor,1,Slow,2,2.0,3.0,1.0,118
38,0,54,Poor,0,Slow,0,1.4,3.0,1.6,114
39,0,55,Poor,0,Slow,4,1.4,3.0,1.6,113
40,0,57,Poor,2,Slow,0,2.0,3.0,1.0,118
41,0,59,Poor,0,Slow,0,1.4,3.0,1.6,112
42,0,60,Poor,1,Slow,0,2.0,3.0,1.0,117
43,0,62,Poor,0,Slow,4,1.4,3.0,1.6,111
44,0,64,Poor,1,Slow,1,2.0,3.0,1.0,116
45,0,66,Poor,1,Slow,0,2.0,3.0,1.0,115
46,0,70,Middle,3,Shigh,2,6.0,7.0,1.0,69
47,0,71,Middle,1,Slow,0,2.0,7.0,5.0,114
48,0,71,Middle,2,Slow,1,2.0,5.0,3.0,117
49,0,71,Middle,0,Slow,3,1.4,3.0,1.6,110
50,0,72,Middle,1,Slow,0,2.0,7.0,5.0,113
51,0,72,Middle,0,Slow,2,1.4,5.0,3.6,109
52,0,73,Middle,2,Slow,1,2.0,7.0,5.0,116
53,0,73,Middle,1,Slow,3,2.0,5.0,3.0,112
54,0,75,Middle,1,Slow,0,2.0,7.0,5.0,111
55,0,75,Middle,2,Slow,2,2.0,5.0,3.0,115
56,0,75,Middle,0,Slow,3,1.4,3.0,1.6,108
57,0,76,Middle,2,Slow,4,2.0,7.0,5.0,114
58,0,77,Middle,3,Shigh,1,6.0,7.0,1.0,68
59,0,78,Middle,1,Slow,2,2.0,7.0,5.0,110
60,0,79,Middle,1,Slow,2,2.0,7.0,5.0,109
61,0,80,Middle,2,Slow,2,2.0,7.0,5.0,113
62,0,80,Middle,1,Slow,4,2.0,5.0,3.0,108
63,0,81,Middle,4,Shigh,4,6.0,7.0,1.0,69
64,0,82,Middle,2,Slow,0,2.0,7.0,5.0,112
65,0,82,Middle,1,Slow,1,2.0,5.0,3.0,107
66,0,83,Middle,1,Slow,1,2.0,7.0,5.0,106
67,0,83,Middle,2,Slow,4,2.0,5.0,3.0,111
68,0,84,Middle,0,Slow,3,1.4,7.0,5.6,107
69,0,86,Middle,1,Slow,1,2.0,7.0,5.0,105
70,0,87,Middle,3,Shigh,1,6.0,7.0,1.0,67
71,0,88,Middle,2,Slow,2,2.0,7.0,5.0,110
72,0,89,Middle,1,Slow,4,2.0,7.0,5.0,104
73,0,90,Rich,2,Slow,1,2.0,10.0,8.0,109
74,0,90,Rich,1,Slow,3,2.0,8.0,6.0,103
75,0,90,Rich,3,Shigh,4,6.0,6.0,0.0,66
76,0,91,Rich,1,Slow,0,2.0,10.0,8.0,102
77,0,91,Rich,3,Shigh,1,6.0,8.0,2.0,65
78,0,92,Rich,2,Slow,0,2.0,10.0,8.0,108
79,0,92,Rich,1,Slow,1,2.0,8.0,6.0,101
80,0,92,Rich,0,Slow,2,1.4,6.0,4.6,106
81,0,93,Rich,0,Slow,1,1.4,10.0,8.6,105
82,0,93,Rich,3,Shigh,3,6.0,8.6,2.5999999999999996,64
83,0,95,Rich,3,Shigh,0,6.0,10.0,4.0,63
84,0,95,Rich,1,Slow,1,2.0,4.0,2.0,100
85,0,95,Rich,2,Slow,3,2.0,2.0,0.0,107
86,0,96,Rich,0,Slow,1,1.4,10.0,8.6,104
87,0,96,Rich,4,Shigh,2,6.0,8.6,2.5999999999999996,68
88,0,96,Rich,1,Slow,4,2.0,2.5999999999999996,0.5999999999999996,99
89,0,97,Rich,4,Shigh,0,6.0,10.0,4.0,67
90,0,98,Rich,2,Slow,1,2.0,10.0,8.0,106
91,0,98,Rich,3,Shigh,2,6.0,8.0,2.0,62
92,0,99,Rich,4,Shigh,1,6.0,10.0,4.0,66
93,0,99,Rich,2,Slow,4,2.0,4.0,2.0,105
94,1,1,Poor,0,Slow,3,2.0,3.0,1.0,129
95,1,3,Poor,1,Slow,1,2.0,3.0,1.0,129
96,1,5,Poor,0,Slow,0,2.0,3.0,1.0,128
97,1,7,Poor,0,Slow,1,2.0,3.0,1.0,127
98,1,8,Poor,1,Slow,1,2.0,3.0,1.0,128
99,1,9,Poor,2,Slow,0,2.0,3.0,1.0,129
100,1,10,Poor,0,Slow,1,2.0,3.0,1.0,126
101,1,11,Poor,2,Slow,3,2.0,3.0,1.0,128
102,1,12,Poor,1,Slow,0,2.0,3.0,1.0,127
103,1,13,Poor,1,Slow,0,2.0,3.0,1.0,126
104,1,14,Poor,0,Slow,0,2.0,3.0,1.0,125
105,1,15,Poor,1,Slow,4,2.0,3.0,1.0,125
106,1,16,Poor,0,Slow,1,2.0,3.0,1.0,124
107,1,17,Poor,1,Slow,3,2.0,3.0,1.0,124
108,1,19,Poor,2,Slow,1,2.0,3.0,1.0,127
109,1,20,Poor,1,Slow,1,2.0,3.0,1.0,123
110,1,21,Poor,0,Slow,4,2.0,3.0,1.0,123
111,1,23,Poor,1,Slow,2,2.0,3.0,1.0,122
112,1,24,Poor,1,Slow,2,2.0,3.0,1.0,121
113,1,26,Poor,1,Slow,0,2.0,3.0,1.0,120
114,1,27,Poor,2,Slow,2,2.0,3.0,1.0,126
115,1,28,Poor,1,Slow,2,2.0,3.0,1.0,119
116,1,29,Poor,0,Slow,0,2.0,3.0,1.0,122
117,1,31,Poor,2,Slow,3,2.0,3.0,1.0,125
118,1,32,Poor,0,Slow,1,2.0,3.0,1.0,121
119,1,33,Poor,1,Slow,2,2.0,3.0,1.0,118
120,1,34,Poor,1,Slow,1,2.0,3.0,1.0,117
121,1,35,Poor,0,Slow,1,2.0,3.0,1.0,120
122,1,36,Poor,0,Slow,0,2.0,3.0,1.0,119
123,1,37,Poor,1,Slow,1,2.0,3.0,1.0,116
124,1,39,Poor,1,Slow,3,2.0,3.0,1.0,115
125,1,40,Poor,0,Slow,0,2.0,3.0,1.0,118
126,1,41,Poor,0,Slow,3,2.0,3.0,1.0,117
127,1,43,Poor,0,Slow,1,2.0,3.0,1.0,116
128,1,45,Poor,1,Slow,0,2.0,3.0,1.0,114
129,1,46,Poor,0,Slow,0,2.0,3.0,1.0,115
130,1,47,Poor,1,Slow,1,2.0,3.0,1.0,113
131,1,48,Poor,1,Slow,0,2.0,3.0,1.0,112
132,1,49,Poor,2,Slow,3,2.0,3.0,1.0,124
133,1,50,Poor,0,Slow,0,2.0,3.0,1.0,114
134,1,51,Poor,0,Slow,1,2.0,3.0,1.0,113
135,1,55,Poor,1,Slow,4,2.0,3.0,1.0,111
136,1,57,Poor,1,Slow,0,2.0,3.0,1.0,110
137,1,58,Poor,0,Slow,2,2.0,3.0,1.0,112
138,1,59,Poor,0,Slow,4,2.0,3.0,1.0,111
139,1,64,Poor,1,Slow,4,2.0,3.0,1.0,109
140,1,65,Poor,2,Slow,0,2.0,3.0,1.0,123
141,1,66,Poor,0,Slow,3,2.0,3.0,1.0,110
142,1,67,Poor,0,Slow,0,2.0,3.0,1.0,109
143,1,68,Poor,0,Slow,2,2.0,3.0,1.0,108
144,1,70,Middle,1,Slow,3,2.0,7.0,5.0,108
145,1,71,Middle,2,Slow,3,2.0,7.0,5.0,122
146,1,71,Middle,1,Slow,4,2.0,5.0,3.0,107
147,1,72,Middle,3,Shigh,1,6.0,7.0,1.0,69
148,1,73,Middle,0,Slow,2,2.0,7.0,5.0,107
149,1,73,Middle,1,Slow,4,2.0,5.0,3.0,106
150,1,75,Middle,4,Shigh,2,6.0,7.0,1.0,69
151,1,76,Middle,2,Slow,1,2.0,7.0,5.0,121
152,1,76,Middle,1,Slow,2,2.0,5.0,3.0,105
153,1,77,Middle,1,Slow,2,2.0,7.0,5.0,104
154,1,77,Middle,0,Slow,4,2.0,5.0,3.0,106
155,1,78,Middle,1,Slow,0,2.0,7.0,5.0,103
156,1,79,Middle,2,Slow,2,2.0,7.0,5.0,120
157,1,81,Middle,3,Shigh,0,6.0,7.0,1.0,68
158,1,82,Middle,1,Slow,1,2.0,7.0,5.0,102
159,1,82,Middle,2,Slow,4,2.0,5.0,3.0,119
160,1,83,Middle,1,Slow,0,2.0,7.0,5.0,101
161,1,84,Middle,0,Slow,4,2.0,7.0,5.0,105
162,1,85,Middle,2,Slow,0,2.0,7.0,5.0,118
163,1,86,Middle,3,Shigh,1,6.0,7.0,1.0,67
164,1,88,Middle,1,Slow,3,2.0,7.0,5.0,100
165,1,89,Middle,2,Slow,0,2.0,7.0,5.0,117
166,1,90,Rich,1,Slow,2,2.0,10.0,8.0,99
167,1,91,Rich,2,Slow,0,2.0,10.0,8.0,116
168,1,91,Rich,1,Slow,1,2.0,8.0,6.0,98
169,1,92,Rich,3,Shigh,1,6.0,10.0,4.0,66
170,1,92,Rich,2,Slow,4,2.0,4.0,2.0,115
171,1,93,Rich,0,Slow,1,2.0,10.0,8.0,104
172,1,93,Rich,1,Slow,3,2.0,8.0,6.0,97
173,1,94,Rich,3,Shigh,0,6.0,10.0,4.0,65
174,1,94,Rich,0,Slow,2,2.0,4.0,2.0,103
175,1,95,Rich,3,Shigh,1,6.0,10.0,4.0,64
176,1,95,Rich,0,Slow,4,2.0,4.0,2.0,102
177,1,96,Rich,1,Slow,0,2.0,10.0,8.0,96
178,1,96,Rich,3,Shigh,1,6.0,8.0,2.0,63
179,1,96,Rich,2,Slow,2,2.0,2.0,0.0,114
180,1,97,Rich,0,Slow,1,2.0,10.0,8.0,101
181,1,98,Rich,4,Shigh,0,6.0,10.0,4.0,68
182,1,98,Rich,1,Slow,3,2.0,4.0,2.0,95
183,1,99,Rich,1,Slow,3,2.0,10.0,8.0,94
184,2,1,Poor,1,Slow,0,2.0,3.0,1.0,129
185,2,2,Poor,1,Slow,1,2.0,3.0,1.0,128
186,2,3,Poor,0,Slow,3,2.0,3.0,1.0,129
187,2,5,Poor,0,Slow,1,2.0,3.0,1.0,128
188,2,6,Poor,0,Slow,1,2.0,3.0,1.0,127
189,2,7,Poor,1,Slow,1,2.0,3.0,1.0,127
190,2,8,Poor,0,Slow,0,2.0,3.0,1.0,126
191,2,10,Poor,0,Slow,4,2.0,3.0,1.0,125
192,2,11,Poor,2,Slow,4,2.0,3.0,1.0,129
193,2,12,Poor,0,Slow,0,2.0,3.0,1.0,124
194,2,13,Poor,0,Slow,4,2.0,3.0,1.0,123
195,2,15,Poor,1,Slow,1,2.0,3.0,1.0,126
196,2,17,Poor,2,Slow,1,2.0,3.0,1.0,128
197,2,18,Poor,0,Slow,4,2.0,3.0,1.0,122
198,2,19,Poor,0,Slow,1,2.0,3.0,1.0,121
199,2,20,Poor,0,Slow,0,2.0,3.0,1.0,120
200,2,23,Poor,0,Slow,4,2.0,3.0,1.0,119
201,2,24,Poor,0,Slow,4,2.0,3.0,1.0,118
202,2,25,Poor,1,Slow,0,2.0,3.0,1.0,125
203,2,26,Poor,2,Slow,1,2.0,3.0,1.0,127
204,2,27,Poor,1,Slow,3,2.0,3.0,1.0,124
205,2,28,Poor,0,Slow,4,2.0,3.0,1.0,117
206,2,29,Poor,2,Slow,1,2.0,3.0,1.0,126
207,2,31,Poor,1,Slow,1,2.0,3.0,1.0,123
208,2,33,Poor,1,Slow,2,2.0,3.0,1.0,122
209,2,34,Poor,1,Slow,3,2.0,3.0,1.0,121
210,2,35,Poor,1,Slow,0,2.0,3.0,1.0,120
211,2,37,Poor,0,Slow,1,2.0,3.0,1.0,116
212,2,38,Poor,0,Slow,1,2.0,3.0,1.0,115
213,2,39,Poor,2,Slow,2,2.0,3.0,1.0,125
214,2,41,Poor,0,Slow,1,2.0,3.0,1.0,114
215,2,42,Poor,0,Slow,2,2.0,3.0,1.0,113
216,2,43,Poor,1,Slow,4,2.0,3.0,1.0,119
217,2,44,Poor,0,Slow,0,2.0,3.0,1.0,112
218,2,46,Poor,1,Slow,3,2.0,3.0,1.0,118
219,2,47,Poor,0,Slow,4,2.0,3.0,1.0,111
220,2,48,Poor,2,Slow,2,2.0,3.0,1.0,124
221,2,49,Poor,0,Slow,2,2.0,3.0,1.0,110
222,2,50,Poor,0,Slow,1,2.0,3.0,1.0,109
223,2,52,Poor,2,Slow,2,2.0,3.0,1.0,123
224,2,54,Poor,2,Slow,0,2.0,3.0,1.0,122
225,2,56,Poor,1,Slow,4,2.0,3.0,1.0,117
226,2,58,Poor,2,Slow,3,2.0,3.0,1.0,121
227,2,60,Poor,2,Slow,2,2.0,3.0,1.0,120
228,2,62,Poor,1,Slow,4,2.0,3.0,1.0,116
229,2,63,Poor,2,Slow,2,2.0,3.0,1.0,119
230,2,64,Poor,1,Slow,0,2.0,3.0,1.0,115
231,2,65,Poor,2,Slow,1,2.0,3.0,1.0,118
232,2,66,Poor,0,Slow,1,2.0,3.0,1.0,108
233,2,67,Poor,2,Slow,3,2.0,3.0,1.0,117
234,2,68,Poor,1,Slow,3,2.0,3.0,1.0,114
235,2,69,Poor,1,Slow,3,2.0,3.0,1.0,113
236,2,70,Middle,2,Slow,1,2.0,7.0,5.0,116
237,2,71,Middle,1,Slow,0,2.0,7.0,5.0,112
238,2,72,Middle,0,Slow,3,2.0,7.0,5.0,107
239,2,73,Middle,0,Slow,0,2.0,7.0,5.0,106
240,2,73,Middle,2,Slow,1,2.0,5.0,3.0,115
241,2,75,Middle,0,Slow,1,2.0,7.0,5.0,105
242,2,77,Middle,0,Slow,1,2.0,7.0,5.0,104
243,2,78,Middle,2,Slow,3,2.0,7.0,5.0,114
244,2,79,Middle,1,Slow,0,2.0,7.0,5.0,111
245,2,79,Middle,0,Slow,2,2.0,5.0,3.0,103
246,2,80,Middle,0,Slow,1,2.0,7.0,5.0,102
247,2,80,Middle,1,Slow,2,2.0,5.0,3.0,110
248,2,81,Middle,0,Slow,2,2.0,7.0,5.0,101
249,2,82,Middle,4,Shigh,0,6.0,7.0,1.0,69
250,2,86,Middle,3,Shigh,1,6.0,7.0,1.0,69
251,2,87,Middle,1,Slow,0,2.0,7.0,5.0,109
252,2,87,Middle,0,Slow,1,2.0,5.0,3.0,100
253,2,87,Middle,2,Slow,3,2.0,3.0,1.0,113
254,2,88,Middle,1,Slow,2,2.0,7.0,5.0,108
255,2,89,Middle,3,Shigh,1,6.0,7.0,1.0,68
256,2,90,Rich,3,Shigh,0,6.0,10.0,4.0,67
257,2,91,Rich,2,Slow,0,2.0,10.0,8.0,112
258,2,91,Rich,1,Slow,3,2.0,8.0,6.0,107
259,2,92,Rich,1,Slow,2,2.0,10.0,8.0,106
260,2,92,Rich,0,Slow,3,2.0,8.0,6.0,99
261,2,93,Rich,1,Slow,3,2.0,10.0,8.0,105
262,2,93,Rich,0,Slow,4,2.0,8.0,6.0,98
263,2,94,Rich,1,Slow,2,2.0,10.0,8.0,104
264,2,94,Rich,2,Slow,4,2.0,8.0,6.0,111
265,2,95,Rich,1,Slow,0,2.0,10.0,8.0,103
266,2,95,Rich,3,Shigh,1,6.0,8.0,2.0,66
267,2,96,Rich,0,Slow,0,2.0,10.0,8.0,97
268,2,96,Rich,4,Shigh,2,6.0,8.0,2.0,68
269,2,96,Rich,1,Slow,4,2.0,2.0,0.0,102
270,2,97,Rich,3,Shigh,0,6.0,10.0,4.0,65
271,2,97,Rich,0,Slow,1,2.0,4.0,2.0,96
272,2,97,Rich,2,Slow,2,2.0,2.0,0.0,110
273,2,98,Rich,4,Shigh,1,6.0,10.0,4.0,67
274,2,98,Rich,1,Slow,4,2.0,4.0,2.0,101
275,2,99,Rich,0,Slow,1,2.0,10.0,8.0,95
276,2,99,Rich,2,Slow,3,2.0,8.0,6.0,109
277,3,0,Poor,2,Slow,0,2.0,3.0,1.0,129
278,3,1,Poor,0,Slow,1,2.0,3.0,1.0,129
279,3,3,Poor,0,Slow,4,2.0,3.0,1.0,128
280,3,4,Poor,2,Slow,0,2.0,3.0,1.0,128
281,3,6,Poor,1,Slow,1,2.0,3.0,1.0,129
282,3,7,Poor,1,Slow,4,2.0,3.0,1.0,128
283,3,8,Poor,0,Slow,1,2.0,3.0,1.0,127
284,3,9,Poor,1,Slow,0,2.0,3.0,1.0,127
285,3,10,Poor,0,Slow,0,2.0,3.0,1.0,126
286,3,11,Poor,0,Slow,4,2.0,3.0,1.0,125
287,3,12,Poor,1,Slow,2,2.0,3.0,1.0,126
288,3,14,Poor,2,Slow,3,2.0,3.0,1.0,127
289,3,15,Poor,1,Slow,3,2.0,3.0,1.0,125
290,3,17,Poor,0,Slow,2,2.0,3.0,1.0,124
291,3,19,Poor,1,Slow,2,2.0,3.0,1.0,124
292,3,20,Poor,2,Slow,3,2.0,3.0,1.0,126
293,3,23,Poor,1,Slow,1,2.0,3.0,1.0,123
294,3,24,Poor,2,Slow,0,2.0,3.0,1.0,125
295,3,25,Poor,1,Slow,1,2.0,3.0,1.0,122
296,3,27,Poor,2,Slow,1,2.0,3.0,1.0,124
297,3,28,Poor,0,Slow,3,2.0,3.0,1.0,123
298,3,29,Poor,1,Slow,0,2.0,3.0,1.0,121
299,3,30,Poor,2,Slow,0,2.0,3.0,1.0,123
300,3,31,Poor,1,Slow,4,2.0,3.0,1.0,120
301,3,32,Poor,2,Slow,2,2.0,3.0,1.0,122
302,3,34,Poor,0,Slow,2,2.0,3.0,1.0,122
303,3,35,Poor,2,Slow,2,2.0,3.0,1.0,121
304,3,36,Poor,0,Slow,4,2.0,3.0,1.0,121
305,3,37,Poor,2,Slow,1,2.0,3.0,1.0,120
306,3,38,Poor,2,Slow,1,2.0,3.0,1.0,119
307,3,39,Poor,1,Slow,0,2.0,3.0,1.0,119
308,3,40,Poor,0,Slow,1,2.0,3.0,1.0,120
309,3,41,Poor,1,Slow,0,2.0,3.0,1.0,118
310,3,43,Poor,1,Slow,3,2.0,3.0,1.0,117
311,3,47,Poor,2,Slow,0,2.0,3.0,1.0,118
312,3,49,Poor,0,Slow,0,2.0,3.0,1.0,119
313,3,50,Poor,1,Slow,3,2.0,3.0,1.0,116
314,3,51,Poor,0,Slow,3,2.0,3.0,1.0,118
315,3,52,Poor,0,Slow,4,2.0,3.0,1.0,117
316,3,53,Poor,1,Slow,0,2.0,3.0,1.0,115
317,3,54,Poor,1,Slow,1,2.0,3.0,1.0,114
318,3,56,Poor,1,Slow,4,2.0,3.0,1.0,113
319,3,57,Poor,2,Slow,0,2.0,3.0,1.0,117
320,3,58,Poor,1,Slow,0,2.0,3.0,1.0,112
321,3,59,Poor,1,Slow,4,2.0,3.0,1.0,111
322,3,60,Poor,0,Slow,1,2.0,3.0,1.0,116
323,3,63,Poor,2,Slow,0,2.0,3.0,1.0,116
324,3,64,Poor,1,Slow,2,2.0,3.0,1.0,110
325,3,65,Poor,0,Slow,2,2.0,3.0,1.0,115
326,3,68,Poor,0,Slow,2,2.0,3.0,1.0,114
327,3,70,Middle,1,Slow,0,2.0,7.0,5.0,109
328,3,70,Middle,2,Slow,2,2.0,5.0,3.0,115
329,3,70,Middle,0,Slow,3,2.0,3.0,1.0,113
330,3,72,Middle,0,Slow,2,2.0,7.0,5.0,112
331,3,72,Middle,1,Slow,3,2.0,5.0,3.0,108
332,3,73,Middle,0,Slow,0,2.0,7.0,5.0,111
333,3,76,Middle,1,Slow,3,2.0,7.0,5.0,107
334,3,76,Middle,0,Slow,4,2.0,5.0,3.0,110
335,3,77,Middle,1,Slow,4,2.0,7.0,5.0,106
336,3,78,Middle,0,Slow,3,2.0,7.0,5.0,109
337,3,79,Middle,2,Slow,0,2.0,7.0,5.0,114
338,3,80,Middle,1,Slow,0,2.0,7.0,5.0,105
339,3,80,Middle,0,Slow,3,2.0,5.0,3.0,108
340,3,80,Middle,2,Slow,4,2.0,3.0,1.0,113
341,3,81,Middle,4,Shigh,0,6.0,7.0,1.0,69
342,3,82,Middle,4,Shigh,0,6.0,7.0,1.0,68
343,3,83,Middle,3,Shigh,0,6.0,7.0,1.0,69
344,3,84,Middle,2,Slow,1,2.0,7.0,5.0,112
345,3,85,Middle,1,Slow,2,2.0,7.0,5.0,104
346,3,86,Middle,1,Slow,1,2.0,7.0,5.0,103
347,3,87,Middle,2,Slow,0,2.0,7.0,5.0,111
348,3,87,Middle,1,Slow,4,2.0,5.0,3.0,102
349,3,88,Middle,4,Shigh,1,6.0,7.0,1.0,67
350,3,89,Middle,3,Shigh,4,6.0,7.0,1.0,68
351,3,90,Rich,3,Shigh,1,6.0,10.0,4.0,67
352,3,91,Rich,0,Slow,1,2.0,10.0,8.0,107
353,3,91,Rich,2,Slow,2,2.0,8.0,6.0,110
354,3,92,Rich,0,Slow,2,2.0,10.0,8.0,106
355,3,92,Rich,3,Shigh,4,6.0,8.0,2.0,66
356,3,93,Rich,4,Shigh,0,6.0,10.0,4.0,66
357,3,93,Rich,1,Slow,4,2.0,4.0,2.0,101
358,3,94,Rich,4,Shigh,2,6.0,10.0,4.0,65
359,3,95,Rich,3,Shigh,1,6.0,10.0,4.0,65
360,3,96,Rich,4,Shigh,0,6.0,10.0,4.0,64
361,3,96,Rich,0,Slow,3,2.0,4.0,2.0,105
362,3,97,Rich,0,Slow,0,2.0,10.0,8.0,104
363,3,97,Rich,4,Shigh,2,6.0,8.0,2.0,63
364,3,97,Rich,1,Slow,4,2.0,2.0,0.0,100
365,3,98,Rich,0,Slow,0,2.0,10.0,8.0,103
366,3,98,Rich,1,Slow,3,2.0,8.0,6.0,99
367,3,99,Rich,2,Slow,4,2.0,10.0,8.0,109
368,4,0,Poor,0,Slow,1,2.0,3.0,1.0,129
369,4,1,Poor,1,Slow,2,2.0,3.0,1.0,129
370,4,4,Poor,1,Slow,1,2.0,3.0,1.0,128
371,4,6,Poor,0,Slow,3,2.0,3.0,1.0,128
372,4,7,Poor,1,Slow,2,2.0,3.0,1.0,127
373,4,11,Poor,1,Slow,1,2.0,3.0,1.0,126
374,4,12,Poor,1,Slow,0,2.0,3.0,1.0,125
375,4,15,Poor,2,Slow,0,2.0,3.0,1.0,129
376,4,17,Poor,2,Slow,1,2.0,3.0,1.0,128
377,4,18,Poor,1,Slow,0,2.0,3.0,1.0,124
378,4,21,Poor,0,Slow,4,2.0,3.0,1.0,127
379,4,22,Poor,2,Slow,2,2.0,3.0,1.0,127
380,4,23,Poor,2,Slow,4,2.0,3.0,1.0,126
381,4,25,Poor,1,Slow,1,2.0,3.0,1.0,123
382,4,26,Poor,0,Slow,3,2.0,3.0,1.0,126
383,4,27,Poor,0,Slow,0,2.0,3.0,1.0,125
384,4,29,Poor,1,Slow,2,2.0,3.0,1.0,122
385,4,30,Poor,1,Slow,1,2.0,3.0,1.0,121
386,4,31,Poor,1,Slow,2,2.0,3.0,1.0,120
387,4,32,Poor,2,Slow,0,2.0,3.0,1.0,125
388,4,33,Poor,0,Slow,0,2.0,3.0,1.0,124
389,4,34,Poor,0,Slow,4,2.0,3.0,1.0,123
390,4,36,Poor,2,Slow,2,2.0,3.0,1.0,124
391,4,38,Poor,0,Slow,1,2.0,3.0,1.0,122
392,4,39,Poor,1,Slow,2,2.0,3.0,1.0,119
393,4,40,Poor,0,Slow,0,2.0,3.0,1.0,121
394,4,42,Poor,2,Slow,3,2.0,3.0,1.0,123
395,4,43,Poor,1,Slow,3,2.0,3.0,1.0,118
396,4,44,Poor,0,Slow,0,2.0,3.0,1.0,120
397,4,45,Poor,1,Slow,2,2.0,3.0,1.0,117
398,4,46,Poor,0,Slow,0,2.0,3.0,1.0,119
399,4,47,Poor,2,Slow,1,2.0,3.0,1.0,122
400,4,49,Poor,0,Slow,3,2.0,3.0,1.0,118
401,4,50,Poor,0,Slow,3,2.0,3.0,1.0,117
402,4,53,Poor,0,Slow,2,2.0,3.0,1.0,116
403,4,54,Poor,1,Slow,1,2.0,3.0,1.0,116
404,4,55,Poor,1,Slow,2,2.0,3.0,1.0,115
405,4,56,Poor,2,Slow,4,2.0,3.0,1.0,121
406,4,57,Poor,2,Slow,3,2.0,3.0,1.0,120
407,4,58,Poor,0,Slow,2,2.0,3.0,1.0,115
408,4,59,Poor,1,Slow,3,2.0,3.0,1.0,114
409,4,61,Poor,1,Slow,1,2.0,3.0,1.0,113
410,4,62,Poor,0,Slow,1,2.0,3.0,1.0,114
411,4,64,Poor,2,Slow,1,2.0,3.0,1.0,119
412,4,65,Poor,2,Slow,1,2.0,3.0,1.0,118
413,4,66,Poor,2,Slow,0,2.0,3.0,1.0,117
414,4,67,Poor,1,Slow,3,2.0,3.0,1.0,112
415,4,68,Poor,1,Slow,2,2.0,3.0,1.0,111
416,4,70,Middle,2,Slow,2,2.0,7.0,5.0,116
417,4,72,Middle,0,Slow,3,2.0,7.0,5.0,113
418,4,73,Middle,0,Slow,2,2.0,7.0,5.0,112
419,4,74,Middle,3,Shigh,0,6.0,7.0,1.0,69
420,4,75,Middle,0,Slow,2,2.0,7.0,5.0,111
421,4,76,Middle,1,Slow,2,2.0,7.0,5.0,110
422,4,76,Middle,0,Slow,3,2.0,5.0,3.0,110
423,4,77,Middle,4,Shigh,0,6.0,7.0,1.0,69
424,4,78,Middle,3,Shigh,1,6.0,7.0,1.0,68
425,4,80,Middle,3,Shigh,1,6.0,7.0,1.0,67
426,4,81,Middle,2,Slow,2,2.0,7.0,5.0,115
427,4,82,Middle,3,Shigh,1,6.0,7.0,1.0,66
428,4,83,Middle,4,Shigh,2,6.0,7.0,1.0,68
429,4,84,Middle,0,Slow,1,2.0,7.0,5.0,109
430,4,84,Middle,1,Slow,2,2.0,5.0,3.0,109
431,4,84,Middle,2,Slow,3,2.0,3.0,1.0,114
432,4,85,Middle,0,Slow,0,2.0,7.0,5.0,108
433,4,85,Middle,1,Slow,4,2.0,5.0,3.0,108
434,4,86,Middle,0,Slow,2,2.0,7.0,5.0,107
435,4,86,Middle,2,Slow,4,2.0,5.0,3.0,113
436,4,87,Middle,3,Shigh,2,6.0,7.0,1.0,65
437,4,88,Middle,3,Shigh,1,6.0,7.0,1.0,64
438,4,89,Middle,1,Slow,0,2.0,7.0,5.0,107
439,4,90,Rich,1,Slow,1,2.0,10.0,8.0,106
440,4,90,Rich,0,Slow,2,2.0,8.0,6.0,106
441,4,90,Rich,3,Shigh,3,6.0,6.0,0.0,63
442,4,91,Rich,0,Slow,2,2.0,10.0,8.0,105
443,4,93,Rich,3,Shigh,0,6.0,10.0,4.0,62
444,4,93,Rich,1,Slow,2,2.0,4.0,2.0,105
445,4,94,Rich,0,Slow,3,2.0,10.0,8.0,104
446,4,95,Rich,4,Shigh,0,6.0,10.0,4.0,67
447,4,95,Rich,2,Slow,1,2.0,4.0,2.0,112
448,4,95,Rich,1,Slow,4,2.0,2.0,0.0,104
449,4,96,Rich,4,Shigh,1,6.0,10.0,4.0,66
450,4,96,Rich,0,Slow,4,2.0,4.0,2.0,103
451,4,97,Rich,2,Slow,0,2.0,10.0,8.0,111
452,4,97,Rich,1,Slow,1,2.0,8.0,6.0,103
453,4,98,Rich,2,Slow,0,2.0,10.0,8.0,110
454,4,98,Rich,0,Slow,4,2.0,8.0,6.0,102
455,4,99,Rich,4,Shigh,0,6.0,10.0,4.0,65
456,4,99,Rich,0,Slow,2,2.0,4.0,2.0,101
457,5,0,Poor,0,Slow,0,2.0,3.0,1.0,129
458,5,1,Poor,0,Slow,3,2.0,3.0,1.0,128
459,5,2,Poor,1,Slow,3,2.0,3.0,1.0,129
460,5,3,Poor,2,Slow,1,2.0,3.0,1.0,129
461,5,5,Poor,2,Slow,0,2.0,3.0,1.0,128
462,5,6,Poor,2,Slow,1,2.0,3.0,1.0,127
463,5,8,Poor,0,Slow,2,2.0,3.0,1.0,127
464,5,9,Poor,1,Slow,1,2.0,3.0,1.0,128
465,5,11,Poor,0,Slow,1,2.0,3.0,1.0,126
466,5,12,Poor,1,Slow,3,2.0,3.0,1.0,127
467,5,13,Poor,1,Slow,1,2.0,3.0,1.0,126
468,5,15,Poor,1,Slow,3,2.0,3.0,1.0,125
469,5,17,Poor,1,Slow,3,2.0,3.0,1.0,124
470,5,18,Poor,1,Slow,0,2.0,3.0,1.0,123
471,5,19,Poor,0,Slow,4,2.0,3.0,1.0,125
472,5,20,Poor,1,Slow,3,2.0,3.0,1.0,122
473,5,21,Poor,0,Slow,3,2.0,3.0,1.0,124
474,5,23,Poor,2,Slow,1,2.0,3.0,1.0,126
475,5,24,Poor,1,Slow,4,2.0,3.0,1.0,121
476,5,25,Poor,2,Slow,0,2.0,3.0,1.0,125
477,5,26,Poor,1,Slow,2,2.0,3.0,1.0,120
478,5,27,Poor,2,Slow,3,2.0,3.0,1.0,124
479,5,28,Poor,0,Slow,4,2.0,3.0,1.0,123
480,5,29,Poor,1,Slow,3,2.0,3.0,1.0,119
481,5,31,Poor,0,Slow,1,2.0,3.0,1.0,122
482,5,32,Poor,1,Slow,3,2.0,3.0,1.0,118
483,5,33,Poor,2,Slow,0,2.0,3.0,1.0,123
484,5,34,Poor,2,Slow,0,2.0,3.0,1.0,122
485,5,39,Poor,2,Slow,4,2.0,3.0,1.0,121
486,5,40,Poor,1,Slow,1,2.0,3.0,1.0,117
487,5,42,Poor,0,Slow,2,2.0,3.0,1.0,121
488,5,43,Poor,2,Slow,2,2.0,3.0,1.0,120
489,5,44,Poor,2,Slow,2,2.0,3.0,1.0,119
490,5,45,Poor,1,Slow,2,2.0,3.0,1.0,116
491,5,46,Poor,0,Slow,0,2.0,3.0,1.0,120
492,5,47,Poor,1,Slow,4,2.0,3.0,1.0,115
493,5,48,Poor,2,Slow,0,2.0,3.0,1.0,118
494,5,51,Poor,0,Slow,0,2.0,3.0,1.0,119
495,5,52,Poor,1,Slow,1,2.0,3.0,1.0,114
496,5,53,Poor,1,Slow,0,2.0,3.0,1.0,113
497,5,54,Poor,1,Slow,1,2.0,3.0,1.0,112
498,5,56,Poor,1,Slow,0,2.0,3.0,1.0,111
499,5,58,Poor,0,Slow,2,2.0,3.0,1.0,118
500,5,59,Poor,2,Slow,3,2.0,3.0,1.0,117
501,5,60,Poor,2,Slow,1,2.0,3.0,1.0,116
502,5,62,Poor,2,Slow,0,2.0,3.0,1.0,115
503,5,63,Poor,1,Slow,1,2.0,3.0,1.0,110
504,5,64,Poor,1,Slow,0,2.0,3.0,1.0,109
505,5,65,Poor,2,Slow,1,2.0,3.0,1.0,114
506,5,66,Poor,2,Slow,0,2.0,3.0,1.0,113
507,5,67,Poor,0,Slow,4,2.0,3.0,1.0,117
508,5,68,Poor,0,Slow,2,2.0,3.0,1.0,116
509,5,69,Poor,2,Slow,0,2.0,3.0,1.0,112
510,5,70,Middle,0,Slow,4,2.0,7.0,5.0,115
511,5,71,Middle,4,Shigh,1,6.0,7.0,1.0,69
512,5,73,Middle,4,Shigh,1,6.0,7.0,1.0,68
513,5,74,Middle,0,Slow,0,2.0,7.0,5.0,114
514,5,75,Middle,1,Slow,0,2.0,7.0,5.0,108
515,5,75,Middle,2,Slow,2,2.0,5.0,3.0,111
516,5,75,Middle,0,Slow,3,2.0,3.0,1.0,113
517,5,76,Middle,1,Slow,4,2.0,7.0,5.0,107
518,5,77,Middle,1,Slow,0,2.0,7.0,5.0,106
519,5,77,Middle,0,Slow,3,2.0,5.0,3.0,112
520,5,78,Middle,2,Slow,2,2.0,7.0,5.0,110
521,5,79,Middle,3,Shigh,2,6.0,7.0,1.0,69
522,5,80,Middle,4,Shigh,2,6.0,7.0,1.0,67
523,5,82,Middle,3,Shigh,0,6.0,7.0,1.0,68
524,5,83,Middle,0,Slow,1,2.0,7.0,5.0,111
525,5,84,Middle,3,Shigh,0,6.0,7.0,1.0,67
526,5,85,Middle,0,Slow,0,2.0,7.0,5.0,110
527,5,86,Middle,4,Shigh,2,6.0,7.0,1.0,66
528,5,87,Middle,2,Slow,1,2.0,7.0,5.0,109
529,5,89,Middle,2,Slow,3,2.0,7.0,5.0,108
530,5,90,Rich,2,Slow,0,2.0,10.0,8.0,107
531,5,90,Rich,4,Shigh,1,6.0,8.0,2.0,65
532,5,91,Rich,2,Slow,0,2.0,10.0,8.0,106
533,5,91,Rich,0,Slow,3,2.0,8.0,6.0,109
534,5,92,Rich,0,Slow,0,2.0,10.0,8.0,108
535,5,92,Rich,2,Slow,2,2.0,8.0,6.0,105
536,5,92,Rich,3,Shigh,4,6.0,6.0,0.0,66
537,5,93,Rich,0,Slow,0,2.0,10.0,8.0,107
538,5,94,Rich,1,Slow,0,2.0,10.0,8.0,105
539,5,94,Rich,0,Slow,1,2.0,8.0,6.0,106
540,5,95,Rich,3,Shigh,1,6.0,10.0,4.0,65
541,5,95,Rich,0,Slow,2,2.0,4.0,2.0,105
542,5,96,Rich,4,Shigh,0,6.0,10.0,4.0,64
543,5,96,Rich,0,Slow,3,2.0,4.0,2.0,104
544,5,97,Rich,1,Slow,2,2.0,10.0,8.0,104
545,5,97,Rich,4,Shigh,4,6.0,8.0,2.0,63
546,5,98,Rich,4,Shigh,1,6.0,10.0,4.0,62
547,5,98,Rich,2,Slow,4,2.0,4.0,2.0,104
548,5,99,Rich,4,Shigh,0,6.0,10.0,4.0,61
549,6,0,Poor,0,Slow,3,2.0,3.0,1.0,129
550,6,2,Poor,1,Slow,4,2.0,3.0,1.0,129
551,6,3,Poor,0,Slow,3,2.0,3.0,1.0,128
552,6,5,Poor,1,Slow,2,2.0,3.0,1.0,128
553,6,6,Poor,2,Slow,2,2.0,3.0,1.0,129
554,6,7,Poor,1,Slow,0,2.0,3.0,1.0,127
555,6,8,Poor,1,Slow,4,2.0,3.0,1.0,126
556,6,9,Poor,0,Slow,1,2.0,3.0,1.0,127
557,6,11,Poor,1,Slow,4,2.0,3.0,1.0,125
558,6,12,Poor,0,Slow,2,2.0,3.0,1.0,126
559,6,13,Poor,2,Slow,0,2.0,3.0,1.0,128
560,6,14,Poor,2,Slow,0,2.0,3.0,1.0,127
561,6,15,Poor,2,Slow,0,2.0,3.0,1.0,126
562,6,16,Poor,0,Slow,1,2.0,3.0,1.0,125
563,6,18,Poor,2,Slow,1,2.0,3.0,1.0,125
564,6,20,Poor,0,Slow,0,2.0,3.0,1.0,124
565,6,21,Poor,0,Slow,2,2.0,3.0,1.0,123
566,6,22,Poor,0,Slow,3,2.0,3.0,1.0,122
567,6,23,Poor,1,Slow,1,2.0,3.0,1.0,124
568,6,24,Poor,2,Slow,0,2.0,3.0,1.0,124
569,6,25,Poor,1,Slow,0,2.0,3.0,1.0,123
570,6,26,Poor,1,Slow,1,2.0,3.0,1.0,122
571,6,27,Poor,1,Slow,1,2.0,3.0,1.0,121
572,6,28,Poor,0,Slow,0,2.0,3.0,1.0,121
573,6,29,Poor,0,Slow,2,2.0,3.0,1.0,120
574,6,30,Poor,1,Slow,2,2.0,3.0,1.0,120
575,6,31,Poor,0,Slow,2,2.0,3.0,1.0,119
576,6,32,Poor,1,Slow,4,2.0,3.0,1.0,119
577,6,34,Poor,1,Slow,4,2.0,3.0,1.0,118
578,6,35,Poor,0,Slow,1,2.0,3.0,1.0,118
579,6,36,Poor,1,Slow,4,2.0,3.0,1.0,117
580,6,37,Poor,2,Slow,1,2.0,3.0,1.0,123
581,6,38,Poor,2,Slow,3,2.0,3.0,1.0,122
582,6,39,Poor,2,Slow,0,2.0,3.0,1.0,121
583,6,41,Poor,0,Slow,0,2.0,3.0,1.0,117
584,6,42,Poor,2,Slow,3,2.0,3.0,1.0,120
585,6,47,Poor,0,Slow,1,2.0,3.0,1.0,116
586,6,48,Poor,2,Slow,2,2.0,3.0,1.0,119
587,6,49,Poor,0,Slow,0,2.0,3.0,1.0,115
588,6,50,Poor,1,Slow,4,2.0,3.0,1.0,116
589,6,51,Poor,1,Slow,2,2.0,3.0,1.0,115
590,6,53,Poor,2,Slow,0,2.0,3.0,1.0,118
591,6,54,Poor,1,Slow,0,2.0,3.0,1.0,114
592,6,56,Poor,2,Slow,0,2.0,3.0,1.0,117
593,6,58,Poor,0,Slow,3,2.0,3.0,1.0,114
594,6,60,Poor,1,Slow,2,2.0,3.0,1.0,113
595,6,61,Poor,1,Slow,2,2.0,3.0,1.0,112
596,6,62,Poor,0,Slow,4,2.0,3.0,1.0,113
597,6,63,Poor,1,Slow,0,2.0,3.0,1.0,111
598,6,64,Poor,0,Slow,1,2.0,3.0,1.0,112
599,6,66,Poor,2,Slow,0,2.0,3.0,1.0,116
600,6,67,Poor,2,Slow,1,2.0,3.0,1.0,115
601,6,69,Poor,2,Slow,4,2.0,3.0,1.0,114
602,6,70,Middle,0,Slow,3,2.0,7.0,5.0,111
603,6,71,Middle,3,Shigh,1,6.0,7.0,1.0,69
604,6,74,Middle,3,Shigh,1,6.0,7.0,1.0,68
605,6,75,Middle,0,Slow,0,2.0,7.0,5.0,110
606,6,75,Middle,2,Slow,2,2.0,5.0,3.0,113
607,6,76,Middle,0,Slow,0,2.0,7.0,5.0,109
608,6,78,Middle,3,Shigh,3,6.0,7.0,1.0,67
609,6,79,Middle,3,Shigh,2,6.0,7.0,1.0,66
610,6,80,Middle,1,Slow,0,2.0,7.0,5.0,110
611,6,81,Middle,4,Shigh,3,6.0,7.0,1.0,69
612,6,84,Middle,4,Shigh,0,6.0,7.0,1.0,68
613,6,86,Middle,3,Shigh,3,6.0,7.0,1.0,65
614,6,87,Middle,1,Slow,4,2.0,7.0,5.0,109
615,6,88,Middle,0,Slow,3,2.0,7.0,5.0,108
616,6,89,Middle,4,Shigh,0,6.0,7.0,1.0,67
617,6,90,Rich,4,Shigh,0,6.0,10.0,4.0,66
618,6,90,Rich,1,Slow,2,2.0,4.0,2.0,108
619,6,90,Rich,0,Slow,3,2.0,2.0,0.0,107
620,6,91,Rich,0,Slow,0,2.0,10.0,8.0,106
621,6,91,Rich,4,Shigh,1,6.0,8.0,2.0,65
622,6,92,Rich,1,Slow,0,2.0,10.0,8.0,107
623,6,92,Rich,4,Shigh,3,6.0,8.0,2.0,64
624,6,93,Rich,1,Slow,0,2.0,10.0,8.0,106
625,6,93,Rich,3,Shigh,3,6.0,8.0,2.0,64
626,6,94,Rich,2,Slow,1,2.0,10.0,8.0,112
627,6,94,Rich,3,Shigh,3,6.0,8.0,2.0,63
628,6,95,Rich,3,Shigh,0,6.0,10.0,4.0,62
629,6,95,Rich,1,Slow,3,2.0,4.0,2.0,105
630,6,95,Rich,0,Slow,4,2.0,2.0,0.0,105
631,6,96,Rich,4,Shigh,2,6.0,10.0,4.0,63
632,6,96,Rich,0,Slow,3,2.0,4.0,2.0,104
633,6,97,Rich,3,Shigh,0,6.0,10.0,4.0,61
634,6,97,Rich,0,Slow,4,2.0,4.0,2.0,103
635,6,99,Rich,3,Shigh,0,6.0,10.0,4.0,60
636,6,99,Rich,1,Slow,3,2.0,4.0,2.0,104
637,6,99,Rich,0,Slow,4,2.0,2.0,0.0,102
638,7,0,Poor,1,Slow,0,2.0,3.0,1.0,129
639,7,1,Poor,2,Slow,1,2.0,3.0,1.0,129
640,7,2,Poor,0,Slow,2,2.0,3.0,1.0,129
641,7,3,Poor,1,Slow,2,2.0,3.0,1.0,128
642,7,4,Poor,0,Slow,1,2.0,3.0,1.0,128
643,7,5,Poor,1,Slow,3,2.0,3.0,1.0,127
644,7,7,Poor,1,Slow,0,2.0,3.0,1.0,126
645,7,8,Poor,1,Slow,2,2.0,3.0,1.0,125
646,7,9,Poor,0,Slow,0,2.0,3.0,1.0,127
647,7,11,Poor,0,Slow,0,2.0,3.0,1.0,126
648,7,12,Poor,1,Slow,1,2.0,3.0,1.0,124
649,7,15,Poor,0,Slow,1,2.0,3.0,1.0,125
650,7,16,Poor,1,Slow,2,2.0,3.0,1.0,123
651,7,17,Poor,0,Slow,1,2.0,3.0,1.0,124
652,7,18,Poor,2,Slow,0,2.0,3.0,1.0,128
653,7,19,Poor,2,Slow,1,2.0,3.0,1.0,127
654,7,20,Poor,1,Slow,0,2.0,3.0,1.0,122
655,7,21,Poor,2,Slow,1,2.0,3.0,1.0,126
656,7,24,Poor,0,Slow,3,2.0,3.0,1.0,123
657,7,25,Poor,1,Slow,1,2.0,3.0,1.0,121
658,7,26,Poor,1,Slow,0,2.0,3.0,1.0,120
659,7,27,Poor,1,Slow,1,2.0,3.0,1.0,119
660,7,28,Poor,1,Slow,1,2.0,3.0,1.0,118
661,7,32,Poor,0,Slow,4,2.0,3.0,1.0,122
662,7,34,Poor,2,Slow,1,2.0,3.0,1.0,125
663,7,35,Poor,0,Slow,1,2.0,3.0,1.0,121
664,7,38,Poor,2,Slow,0,2.0,3.0,1.0,124
665,7,39,Poor,0,Slow,4,2.0,3.0,1.0,120
666,7,40,Poor,0,Slow,3,2.0,3.0,1.0,119
667,7,41,Poor,2,Slow,1,2.0,3.0,1.0,123
668,7,43,Poor,1,Slow,0,2.0,3.0,1.0,117
669,7,44,Poor,0,Slow,0,2.0,3.0,1.0,118
670,7,46,Poor,0,Slow,4,2.0,3.0,1.0,117
671,7,47,Poor,2,Slow,1,2.0,3.0,1.0,122
672,7,49,Poor,0,Slow,0,2.0,3.0,1.0,116
673,7,50,Poor,1,Slow,0,2.0,3.0,1.0,116
674,7,53,Poor,2,Slow,0,2.0,3.0,1.0,121
675,7,55,Poor,0,Slow,0,2.0,3.0,1.0,115
676,7,56,Poor,1,Slow,1,2.0,3.0,1.0,115
677,7,57,Poor,2,Slow,2,2.0,3.0,1.0,120
678,7,58,Poor,0,Slow,2,2.0,3.0,1.0,114
679,7,59,Poor,2,Slow,0,2.0,3.0,1.0,119
680,7,60,Poor,0,Slow,3,2.0,3.0,1.0,113
681,7,62,Poor,1,Slow,0,2.0,3.0,1.0,114
682,7,63,Poor,0,Slow,0,2.0,3.0,1.0,112
683,7,64,Poor,1,Slow,4,2.0,3.0,1.0,113
684,7,66,Poor,0,Slow,0,2.0,3.0,1.0,111
685,7,67,Poor,0,Slow,3,2.0,3.0,1.0,110
686,7,68,Poor,0,Slow,1,2.0,3.0,1.0,109
687,7,70,Middle,0,Slow,2,2.0,7.0,5.0,108
688,7,71,Middle,1,Slow,4,2.0,7.0,5.0,112
689,7,72,Middle,4,Shigh,0,4.199999999999999,7.0,2.8000000000000007,69
690,7,72,Middle,1,Slow,2,2.0,2.8000000000000007,0.8000000000000007,111
691,7,73,Middle,1,Slow,0,2.0,7.0,5.0,110
692,7,74,Middle,0,Slow,2,2.0,7.0,5.0,107
693,7,75,Middle,0,Slow,4,2.0,7.0,5.0,106
694,7,76,Middle,4,Shigh,0,4.199999999999999,7.0,2.8000000000000007,68
695,7,76,Middle,1,Slow,3,2.0,2.8000000000000007,0.8000000000000007,109
696,7,77,Middle,0,Slow,0,2.0,7.0,5.0,105
697,7,77,Middle,4,Shigh,4,4.199999999999999,5.0,0.8000000000000007,67
698,7,78,Middle,1,Slow,2,2.0,7.0,5.0,108
699,7,78,Middle,0,Slow,3,2.0,5.0,3.0,104
700,7,79,Middle,3,Shigh,2,6.0,7.0,1.0,69
701,7,80,Middle,1,Slow,0,2.0,7.0,5.0,107
702,7,80,Middle,2,Slow,1,2.0,5.0,3.0,118
703,7,81,Middle,4,Shigh,3,4.199999999999999,7.0,2.8000000000000007,66
704,7,83,Middle,2,Slow,0,2.0,7.0,5.0,117
705,7,83,Middle,0,Slow,3,2.0,5.0,3.0,103
706,7,84,Middle,0,Slow,0,2.0,7.0,5.0,102
707,7,84,Middle,4,Shigh,2,4.199999999999999,5.0,0.8000000000000007,65
708,7,85,Middle,4,Shigh,0,4.199999999999999,7.0,2.8000000000000007,64
709,7,85,Middle,1,Slow,3,2.0,2.8000000000000007,0.8000000000000007,106
710,7,86,Middle,2,Slow,1,2.0,7.0,5.0,116
711,7,86,Middle,0,Slow,2,2.0,5.0,3.0,101
712,7,87,Middle,1,Slow,0,2.0,7.0,5.0,105
713,7,87,Middle,0,Slow,3,2.0,5.0,3.0,100
714,7,88,Middle,0,Slow,0,2.0,7.0,5.0,99
715,7,88,Middle,4,Shigh,1,4.199999999999999,5.0,0.8000000000000007,63
716,7,89,Middle,3,Shigh,4,6.0,7.0,1.0,68
717,7,90,Rich,3,Shigh,0,6.0,10.0,4.0,67
718,7,90,Rich,0,Slow,1,2.0,4.0,2.0,98
719,7,90,Rich,2,Slow,2,2.0,2.0,0.0,115
720,7,91,Rich,1,Slow,0,2.0,10.0,8.0,104
721,7,92,Rich,2,Slow,0,2.0,10.0,8.0,114
722,7,92,Rich,1,Slow,1,2.0,8.0,6.0,103
723,7,92,Rich,0,Slow,4,2.0,6.0,4.0,97
724,7,93,Rich,0,Slow,3,2.0,10.0,8.0,96
725,7,94,Rich,2,Slow,0,2.0,10.0,8.0,113
726,7,94,Rich,3,Shigh,1,6.0,8.0,2.0,66
727,7,95,Rich,1,Slow,1,2.0,10.0,8.0,102
728,7,95,Rich,0,Slow,2,2.0,8.0,6.0,95
729,7,96,Rich,1,Slow,3,2.0,10.0,8.0,101
730,7,97,Rich,1,Slow,0,2.0,10.0,8.0,100
731,7,97,Rich,4,Shigh,1,4.199999999999999,8.0,3.8000000000000007,62
732,7,99,Rich,0,Slow,1,2.0,10.0,8.0,94
733,7,99,Rich,1,Slow,2,2.0,8.0,6.0,99
734,8,6,Poor,0,Slow,2,2.0,3.0,1.0,129
735,8,7,Poor,0,Slow,3,2.0,3.0,1.0,128
736,8,8,Poor,0,Slow,4,2.0,3.0,1.0,127
737,8,9,Poor,1,Slow,3,2.0,3.0,1.0,129
738,8,10,Poor,0,Slow,1,2.0,3.0,1.0,126
739,8,13,Poor,2,Slow,2,2.0,3.0,1.0,129
740,8,14,Poor,1,Slow,0,2.0,3.0,1.0,128
741,8,16,Poor,0,Slow,0,2.0,3.0,1.0,125
742,8,17,Poor,2,Slow,0,2.0,3.0,1.0,128
743,8,18,Poor,0,Slow,3,2.0,3.0,1.0,124
744,8,21,Poor,2,Slow,0,2.0,3.0,1.0,127
745,8,23,Poor,0,Slow,0,2.0,3.0,1.0,123
746,8,24,Poor,1,Slow,4,2.0,3.0,1.0,127
747,8,25,Poor,2,Slow,1,2.0,3.0,1.0,126
748,8,28,Poor,1,Slow,0,2.0,3.0,1.0,126
749,8,29,Poor,2,Slow,0,2.0,3.0,1.0,125
750,8,31,Poor,1,Slow,0,2.0,3.0,1.0,125
751,8,33,Poor,2,Slow,2,2.0,3.0,1.0,124
752,8,34,Poor,1,Slow,4,2.0,3.0,1.0,124
753,8,35,Poor,1,Slow,4,2.0,3.0,1.0,123
754,8,36,Poor,0,Slow,4,2.0,3.0,1.0,122
755,8,37,Poor,0,Slow,0,2.0,3.0,1.0,121
756,8,38,Poor,2,Slow,4,2.0,3.0,1.0,123
757,8,39,Poor,1,Slow,0,2.0,3.0,1.0,122
758,8,40,Poor,0,Slow,3,2.0,3.0,1.0,120
759,8,41,Poor,0,Slow,0,2.0,3.0,1.0,119
760,8,43,Poor,2,Slow,2,2.0,3.0,1.0,122
761,8,45,Poor,1,Slow,0,2.0,3.0,1.0,121
762,8,46,Poor,0,Slow,1,2.0,3.0,1.0,118
763,8,48,Poor,0,Slow,0,2.0,3.0,1.0,117
764,8,49,Poor,0,Slow,2,2.0,3.0,1.0,116
765,8,51,Poor,2,Slow,2,2.0,3.0,1.0,121
766,8,52,Poor,0,Slow,0,2.0,3.0,1.0,115
767,8,53,Poor,1,Slow,1,2.0,3.0,1.0,120
768,8,54,Poor,2,Slow,2,2.0,3.0,1.0,120
769,8,55,Poor,1,Slow,4,2.0,3.0,1.0,119
770,8,56,Poor,2,Slow,1,2.0,3.0,1.0,119
771,8,57,Poor,1,Slow,3,2.0,3.0,1.0,118
772,8,58,Poor,2,Slow,3,2.0,3.0,1.0,118
773,8,59,Poor,1,Slow,0,2.0,3.0,1.0,117
774,8,60,Poor,0,Slow,0,2.0,3.0,1.0,114
775,8,64,Poor,2,Slow,0,2.0,3.0,1.0,117
776,8,66,Poor,0,Slow,2,2.0,3.0,1.0,113
777,8,69,Poor,0,Slow,0,2.0,3.0,1.0,112
778,8,70,Middle,0,Slow,2,2.0,7.0,5.0,111
779,8,71,Middle,3,Shigh,0,6.0,7.0,1.0,69
780,8,72,Middle,0,Slow,0,2.0,7.0,5.0,110
781,8,72,Middle,1,Slow,1,2.0,5.0,3.0,116
782,8,73,Middle,0,Slow,0,2.0,7.0,5.0,109
783,8,74,Middle,0,Slow,0,2.0,7.0,5.0,108
784,8,74,Middle,2,Slow,2,2.0,5.0,3.0,116
785,8,74,Middle,1,Slow,3,2.0,3.0,1.0,115
786,8,75,Middle,2,Slow,2,2.0,7.0,5.0,115
787,8,76,Middle,1,Slow,2,2.0,7.0,5.0,114
788,8,76,Middle,0,Slow,4,2.0,5.0,3.0,107
789,8,77,Middle,2,Slow,0,2.0,7.0,5.0,114
790,8,77,Middle,0,Slow,3,2.0,5.0,3.0,106
791,8,77,Middle,1,Slow,4,2.0,3.0,1.0,113
792,8,78,Middle,1,Slow,0,2.0,7.0,5.0,112
793,8,78,Middle,0,Slow,4,2.0,5.0,3.0,105
794,8,79,Middle,2,Slow,1,2.0,7.0,5.0,113
795,8,79,Middle,1,Slow,3,2.0,5.0,3.0,111
796,8,80,Middle,0,Slow,2,2.0,7.0,5.0,104
797,8,81,Middle,4,Shigh,0,6.0,7.0,1.0,69
798,8,82,Middle,3,Shigh,0,6.0,7.0,1.0,68
799,8,83,Middle,1,Slow,1,2.0,7.0,5.0,110
800,8,84,Middle,0,Slow,2,2.0,7.0,5.0,103
801,8,85,Middle,2,Slow,3,2.0,7.0,5.0,112
802,8,85,Middle,1,Slow,4,2.0,5.0,3.0,109
803,8,86,Middle,3,Shigh,2,6.0,7.0,1.0,67
804,8,87,Middle,2,Slow,0,2.0,7.0,5.0,111
805,8,88,Middle,0,Slow,0,2.0,7.0,5.0,102
806,8,88,Middle,1,Slow,3,2.0,5.0,3.0,108
807,8,89,Middle,4,Shigh,0,6.0,7.0,1.0,68
808,8,90,Rich,3,Shigh,0,6.0,10.0,4.0,66
809,8,90,Rich,1,Slow,2,2.0,4.0,2.0,107
810,8,92,Rich,4,Shigh,0,6.0,10.0,4.0,67
811,8,92,Rich,1,Slow,4,2.0,4.0,2.0,106
812,8,93,Rich,0,Slow,0,2.0,10.0,8.0,101
813,8,94,Rich,2,Slow,0,2.0,10.0,8.0,110
814,8,94,Rich,0,Slow,1,2.0,8.0,6.0,100
815,8,94,Rich,1,Slow,4,2.0,6.0,4.0,105
816,8,95,Rich,2,Slow,2,2.0,10.0,8.0,109
817,8,96,Rich,0,Slow,1,2.0,10.0,8.0,99
818,8,97,Rich,2,Slow,3,2.0,10.0,8.0,108
819,8,98,Rich,0,Slow,0,2.0,10.0,8.0,98
820,8,98,Rich,4,Shigh,2,6.0,8.0,2.0,66
821,8,99,Rich,3,Shigh,1,6.0,10.0,4.0,65
822,8,99,Rich,0,Slow,3,2.0,4.0,2.0,97
823,9,0,Poor,0,Slow,0,2.0,3.0,1.0,129
824,9,1,Poor,1,Slow,4,2.0,3.0,1.0,129
825,9,2,Poor,2,Slow,3,2.0,3.0,1.0,129
826,9,7,Poor,2,Slow,0,2.0,3.0,1.0,128
827,9,8,Poor,1,Slow,1,2.0,3.0,1.0,128
828,9,9,Poor,2,Slow,0,2.0,3.0,1.0,127
829,9,11,Poor,1,Slow,3,2.0,3.0,1.0,127
830,9,12,Poor,2,Slow,1,2.0,3.0,1.0,126
831,9,14,Poor,0,Slow,3,2.0,3.0,1.0,128
832,9,16,Poor,2,Slow,1,2.0,3.0,1.0,125
833,9,17,Poor,2,Slow,4,2.0,3.0,1.0,124
834,9,18,Poor,2,Slow,1,2.0,3.0,1.0,123
835,9,23,Poor,2,Slow,3,2.0,3.0,1.0,122
836,9,24,Poor,0,Slow,1,2.0,3.0,1.0,127
837,9,26,Poor,0,Slow,2,2.0,3.0,1.0,126
838,9,27,Poor,1,Slow,2,2.0,3.0,1.0,126
839,9,29,Poor,1,Slow,1,2.0,3.0,1.0,125
840,9,31,Poor,0,Slow,4,2.0,3.0,1.0,125
841,9,32,Poor,0,Slow,1,2.0,3.0,1.0,124
842,9,33,Poor,0,Slow,1,2.0,3.0,1.0,123
843,9,34,Poor,0,Slow,4,2.0,3.0,1.0,122
844,9,35,Poor,2,Slow,1,2.0,3.0,1.0,121
845,9,36,Poor,1,Slow,0,2.0,3.0,1.0,124
846,9,38,Poor,2,Slow,2,2.0,3.0,1.0,120
847,9,39,Poor,1,Slow,0,2.0,3.0,1.0,123
848,9,40,Poor,1,Slow,2,2.0,3.0,1.0,122
849,9,41,Poor,2,Slow,2,2.0,3.0,1.0,119
850,9,42,Poor,1,Slow,2,2.0,3.0,1.0,121
851,9,43,Poor,1,Slow,4,2.0,3.0,1.0,120
852,9,46,Poor,0,Slow,1,2.0,3.0,1.0,121
853,9,48,Poor,2,Slow,2,2.0,3.0,1.0,118
854,9,49,Poor,0,Slow,0,2.0,3.0,1.0,120
855,9,50,Poor,2,Slow,3,2.0,3.0,1.0,117
856,9,51,Poor,1,Slow,1,2.0,3.0,1.0,119
857,9,54,Poor,1,Slow,0,2.0,3.0,1.0,118
858,9,55,Poor,2,Slow,0,2.0,3.0,1.0,116
859,9,56,Poor,2,Slow,2,2.0,3.0,1.0,115
860,9,57,Poor,0,Slow,0,2.0,3.0,1.0,119
861,9,58,Poor,2,Slow,1,2.0,3.0,1.0,114
862,9,59,Poor,2,Slow,0,2.0,3.0,1.0,113
863,9,60,Poor,1,Slow,0,2.0,3.0,1.0,117
864,9,62,Poor,0,Slow,0,2.0,3.0,1.0,118
865,9,64,Poor,1,Slow,0,2.0,3.0,1.0,116
866,9,65,Poor,0,Slow,1,2.0,3.0,1.0,117
867,9,66,Poor,2,Slow,1,2.0,3.0,1.0,112
868,9,68,Poor,1,Slow,2,2.0,3.0,1.0,115
869,9,70,Middle,1,Slow,1,2.0,7.0,5.0,114
870,9,71,Middle,3,Shigh,1,6.0,7.0,1.0,69
871,9,72,Middle,0,Slow,1,2.0,7.0,5.0,116
872,9,72,Middle,2,Slow,3,2.0,5.0,3.0,111
873,9,72,Middle,1,Slow,4,2.0,3.0,1.0,113
874,9,73,Middle,3,Shigh,2,6.0,7.0,1.0,68
875,9,74,Middle,3,Shigh,2,6.0,7.0,1.0,67
876,9,75,Middle,4,Shigh,0,6.0,7.0,1.0,69
877,9,77,Middle,0,Slow,4,2.0,7.0,5.0,115
878,9,78,Middle,0,Slow,0,2.0,7.0,5.0,114
879,9,78,Middle,1,Slow,2,2.0,5.0,3.0,112
880,9,78,Middle,2,Slow,3,2.0,3.0,1.0,110
881,9,79,Middle,1,Slow,0,2.0,7.0,5.0,111
882,9,79,Middle,0,Slow,4,2.0,5.0,3.0,113
883,9,81,Middle,0,Slow,2,2.0,7.0,5.0,112
884,9,82,Middle,4,Shigh,4,6.0,7.0,1.0,68
885,9,83,Middle,1,Slow,1,2.0,7.0,5.0,110
886,9,83,Middle,0,Slow,2,2.0,5.0,3.0,111
887,9,83,Middle,2,Slow,3,2.0,3.0,1.0,109
888,9,84,Middle,2,Slow,0,2.0,7.0,5.0,108
889,9,85,Middle,4,Shigh,1,6.0,7.0,1.0,67
890,9,86,Middle,0,Slow,1,2.0,7.0,5.0,110
891,9,87,Middle,1,Slow,3,2.0,7.0,5.0,109
892,9,88,Middle,2,Slow,2,2.0,7.0,5.0,107
893,9,88,Middle,0,Slow,4,2.0,5.0,3.0,109
894,9,89,Middle,1,Slow,1,2.0,7.0,5.0,108
895,9,90,Rich,2,Slow,0,2.0,10.0,8.0,106
896,9,90,Rich,4,Shigh,2,6.0,8.0,2.0,66
897,9,90,Rich,1,Slow,3,2.0,2.0,0.0,107
898,9,91,Rich,1,Slow,4,2.0,10.0,8.0,106
899,9,92,Rich,4,Shigh,1,6.0,10.0,4.0,65
900,9,93,Rich,3,Shigh,1,6.0,10.0,4.0,66
901,9,94,Rich,0,Slow,1,2.0,10.0,8.0,108
902,9,94,Rich,4,Shigh,2,6.0,8.0,2.0,64
903,9,95,Rich,1,Slow,4,2.0,10.0,8.0,105
904,9,96,Rich,0,Slow,1,2.0,10.0,8.0,107
905,9,96,Rich,3,Shigh,3,6.0,8.0,2.0,65
906,9,97,Rich,1,Slow,0,2.0,10.0,8.0,104
907,9,97,Rich,2,Slow,4,2.0,8.0,6.0,105
908,9,98,Rich,2,Slow,1,2.0,10.0,8.0,104
909,9,98,Rich,0,Slow,4,2.0,8.0,6.0,106
910,9,99,Rich,1,Slow,0,2.0,10.0,8.0,103
911,9,99,Rich,3,Shigh,1,6.0,8.0,2.0,64
912,10,0,Poor,1,Slow,1,2.0,3.0,1.0,129
913,10,1,Poor,1,Slow,2,2.0,3.0,1.0,128
914,10,3,Poor,2,Slow,3,2.0,3.0,1.0,129
915,10,4,Poor,1,Slow,2,2.0,3.0,1.0,127
916,10,6,Poor,0,Slow,0,1.4,3.0,1.6,129
917,10,9,Poor,1,Slow,0,2.0,3.0,1.0,126
918,10,10,Poor,2,Slow,2,2.0,3.0,1.0,128
919,10,13,Poor,2,Slow,0,2.0,3.0,1.0,127
920,10,14,Poor,0,Slow,1,1.4,3.0,1.6,128
921,10,17,Poor,2,Slow,2,2.0,3.0,1.0,126
922,10,19,Poor,1,Slow,3,2.0,3.0,1.0,125
923,10,20,Poor,0,Slow,3,1.4,3.0,1.6,127
924,10,21,Poor,1,Slow,0,2.0,3.0,1.0,124
925,10,22,Poor,0,Slow,2,1.4,3.0,1.6,126
926,10,23,Poor,0,Slow,0,1.4,3.0,1.6,125
927,10,24,Poor,0,Slow,3,1.4,3.0,1.6,124
928,10,27,Poor,2,Slow,4,2.0,3.0,1.0,125
929,10,28,Poor,0,Slow,4,1.4,3.0,1.6,123
930,10,29,Poor,0,Slow,0,1.4,3.0,1.6,122
931,10,30,Poor,2,Slow,0,2.0,3.0,1.0,124
932,10,32,Poor,0,Slow,0,1.4,3.0,1.6,121
933,10,34,Poor,2,Slow,2,2.0,3.0,1.0,123
934,10,35,Poor,1,Slow,0,2.0,3.0,1.0,123
935,10,36,Poor,0,Slow,2,1.4,3.0,1.6,120
936,10,37,Poor,1,Slow,1,2.0,3.0,1.0,122
937,10,38,Poor,2,Slow,4,2.0,3.0,1.0,122
938,10,39,Poor,2,Slow,3,2.0,3.0,1.0,121
939,10,41,Poor,1,Slow,1,2.0,3.0,1.0,121
940,10,42,Poor,1,Slow,4,2.0,3.0,1.0,120
941,10,43,Poor,2,Slow,1,2.0,3.0,1.0,120
942,10,45,Poor,0,Slow,2,1.4,3.0,1.6,119
943,10,46,Poor,2,Slow,1,2.0,3.0,1.0,119
944,10,47,Poor,1,Slow,1,2.0,3.0,1.0,119
945,10,48,Poor,2,Slow,0,2.0,3.0,1.0,118
946,10,49,Poor,0,Slow,2,1.4,3.0,1.6,118
947,10,50,Poor,2,Slow,0,2.0,3.0,1.0,117
948,10,51,Poor,0,Slow,1,1.4,3.0,1.6,117
949,10,52,Poor,1,Slow,2,2.0,3.0,1.0,118
950,10,53,Poor,1,Slow,2,2.0,3.0,1.0,117
951,10,54,Poor,1,Slow,4,2.0,3.0,1.0,116
952,10,55,Poor,2,Slow,0,2.0,3.0,1.0,116
953,10,57,Poor,0,Slow,4,1.4,3.0,1.6,116
954,10,58,Poor,2,Slow,1,2.0,3.0,1.0,115
955,10,59,Poor,1,Slow,2,2.0,3.0,1.0,115
956,10,60,Poor,2,Slow,0,2.0,3.0,1.0,114
957,10,61,Poor,1,Slow,1,2.0,3.0,1.0,114
958,10,62,Poor,0,Slow,4,1.4,3.0,1.6,115
959,10,63,Poor,0,Slow,3,1.4,3.0,1.6,114
960,10,64,Poor,0,Slow,0,1.4,3.0,1.6,113
961,10,67,Poor,1,Slow,1,2.0,3.0,1.0,113
962,10,68,Poor,1,Slow,2,2.0,3.0,1.0,112
963,10,69,Poor,1,Slow,1,2.0,3.0,1.0,111
964,10,70,Middle,4,Shigh,0,6.0,7.0,1.0,69
965,10,71,Middle,1,Slow,1,2.0,7.0,5.0,110
966,10,73,Middle,1,Slow,1,2.0,7.0,5.0,109
967,10,74,Middle,0,Slow,2,1.4,7.0,5.6,112
968,10,75,Middle,1,Slow,0,2.0,7.0,5.0,108
969,10,75,Middle,2,Slow,2,2.0,5.0,3.0,113
970,10,76,Middle,1,Slow,2,2.0,7.0,5.0,107
971,10,77,Middle,1,Slow,1,2.0,7.0,5.0,106
972,10,77,Middle,0,Slow,2,1.4,5.0,3.6,111
973,10,78,Middle,1,Slow,4,2.0,7.0,5.0,105
974,10,79,Middle,2,Slow,2,2.0,7.0,5.0,112
975,10,79,Middle,1,Slow,3,2.0,5.0,3.0,104
976,10,80,Middle,2,Slow,1,2.0,7.0,5.0,111
977,10,80,Middle,0,Slow,2,1.4,5.0,3.6,110
978,10,80,Middle,1,Slow,4,2.0,3.6,1.6,103
979,10,81,Middle,3,Shigh,2,6.0,7.0,1.0,69
980,10,83,Middle,4,Shigh,1,6.0,7.0,1.0,68
981,10,84,Middle,1,Slow,4,2.0,7.0,5.0,102
982,10,85,Middle,2,Slow,0,2.0,7.0,5.0,110
983,10,86,Middle,2,Slow,2,2.0,7.0,5.0,109
984,10,86,Middle,0,Slow,3,1.4,5.0,3.6,109
985,10,87,Middle,4,Shigh,1,6.0,7.0,1.0,67
986,10,88,Middle,1,Slow,0,2.0,7.0,5.0,101
987,10,89,Middle,0,Slow,3,1.4,7.0,5.6,108
988,10,90,Rich,2,Slow,0,2.0,10.0,8.0,108
989,10,90,Rich,3,Shigh,3,6.0,8.0,2.0,68
990,10,91,Rich,1,Slow,1,2.0,10.0,8.0,100
991,10,91,Rich,3,Shigh,3,6.0,8.0,2.0,67
992,10,92,Rich,1,Slow,2,2.0,10.0,8.0,99
993,10,92,Rich,4,Shigh,3,6.0,8.0,2.0,66
994,10,92,Rich,0,Slow,4,1.4,2.0,0.6000000000000001,107
995,10,93,Rich,0,Slow,0,1.4,10.0,8.6,106
996,10,93,Rich,2,Slow,1,2.0,8.6,6.6,107
997,10,93,Rich,1,Slow,4,2.0,6.6,4.6,98
998,10,94,Rich,1,Slow,0,2.0,10.0,8.0,97
999,10,94,Rich,0,Slow,2,1.4,8.0,6.6,105
1000,10,95,Rich,2,Slow,0,2.0,10.0,8.0,106
1001,10,95,Rich,3,Shigh,1,6.0,8.0,2.0,66
1002,10,95,Rich,1,Slow,3,2.0,2.0,0.0,96
1003,10,96,Rich,3,Shigh,2,6.0,10.0,4.0,65
1004,10,97,Rich,1,Slow,0,2.0,10.0,8.0,95
1005,10,97,Rich,0,Slow,2,1.4,8.0,6.6,104
1006,10,97,Rich,2,Slow,3,2.0,6.6,4.6,105
1007,10,98,Rich,3,Shigh,1,6.0,10.0,4.0,64
1008,11,1,Poor,0,Slow,1,2.0,3.0,1.0,129
1009,11,2,Poor,2,Slow,1,2.0,3.0,1.0,129
1010,11,3,Poor,1,Slow,0,2.0,3.0,1.0,129
1011,11,4,Poor,0,Slow,4,2.0,3.0,1.0,128
1012,11,5,Poor,2,Slow,3,2.0,3.0,1.0,128
1013,11,7,Poor,0,Slow,4,2.0,3.0,1.0,127
1014,11,9,Poor,0,Slow,3,2.0,3.0,1.0,126
1015,11,10,Poor,1,Slow,3,2.0,3.0,1.0,128
1016,11,11,Poor,2,Slow,1,2.0,3.0,1.0,127
1017,11,12,Poor,1,Slow,4,2.0,3.0,1.0,127
1018,11,14,Poor,0,Slow,1,2.0,3.0,1.0,125
1019,11,15,Poor,0,Slow,1,2.0,3.0,1.0,124
1020,11,17,Poor,0,Slow,2,2.0,3.0,1.0,123
1021,11,18,Poor,0,Slow,3,2.0,3.0,1.0,122
1022,11,19,Poor,2,Slow,3,2.0,3.0,1.0,126
1023,11,21,Poor,0,Slow,4,2.0,3.0,1.0,121
1024,11,22,Poor,1,Slow,0,2.0,3.0,1.0,126
1025,11,25,Poor,2,Slow,4,2.0,3.0,1.0,125
1026,11,27,Poor,1,Slow,1,2.0,3.0,1.0,125
1027,11,28,Poor,2,Slow,2,2.0,3.0,1.0,124
1028,11,29,Poor,1,Slow,0,2.0,3.0,1.0,124
1029,11,30,Poor,2,Slow,1,2.0,3.0,1.0,123
1030,11,31,Poor,1,Slow,3,2.0,3.0,1.0,123
1031,11,32,Poor,0,Slow,0,2.0,3.0,1.0,120
1032,11,34,Poor,0,Slow,2,2.0,3.0,1.0,119
1033,11,35,Poor,2,Slow,0,2.0,3.0,1.0,122
1034,11,37,Poor,0,Slow,0,2.0,3.0,1.0,118
1035,11,41,Poor,1,Slow,0,2.0,3.0,1.0,122
1036,11,42,Poor,2,Slow,4,2.0,3.0,1.0,121
1037,11,44,Poor,0,Slow,4,2.0,3.0,1.0,117
1038,11,45,Poor,0,Slow,0,2.0,3.0,1.0,116
1039,11,46,Poor,1,Slow,0,2.0,3.0,1.0,121
1040,11,47,Poor,1,Slow,2,2.0,3.0,1.0,120
1041,11,49,Poor,1,Slow,1,2.0,3.0,1.0,119
1042,11,50,Poor,1,Slow,3,2.0,3.0,1.0,118
1043,11,52,Poor,1,Slow,0,2.0,3.0,1.0,117
1044,11,53,Poor,2,Slow,0,2.0,3.0,1.0,120
1045,11,54,Poor,2,Slow,0,2.0,3.0,1.0,119
1046,11,55,Poor,2,Slow,3,2.0,3.0,1.0,118
1047,11,57,Poor,0,Slow,1,2.0,3.0,1.0,115
1048,11,58,Poor,0,Slow,0,2.0,3.0,1.0,114
1049,11,59,Poor,0,Slow,4,2.0,3.0,1.0,113
1050,11,61,Poor,2,Slow,1,2.0,3.0,1.0,117
1051,11,62,Poor,2,Slow,3,2.0,3.0,1.0,116
1052,11,64,Poor,2,Slow,2,2.0,3.0,1.0,115
1053,11,65,Poor,1,Slow,2,2.0,3.0,1.0,116
1054,11,66,Poor,1,Slow,0,2.0,3.0,1.0,115
1055,11,67,Poor,0,Slow,1,2.0,3.0,1.0,112
1056,11,68,Poor,2,Slow,0,2.0,3.0,1.0,114
1057,11,70,Middle,3,Shigh,2,4.199999999999999,7.0,2.8000000000000007,69
1058,11,70,Middle,1,Slow,4,2.0,2.8000000000000007,0.8000000000000007,114
1059,11,71,Middle,1,Slow,0,2.0,7.0,5.0,113
1060,11,71,Middle,0,Slow,1,2.0,5.0,3.0,111
1061,11,72,Middle,1,Slow,3,2.0,7.0,5.0,112
1062,11,73,Middle,3,Shigh,1,4.199999999999999,7.0,2.8000000000000007,68
1063,11,73,Middle,1,Slow,3,2.0,2.8000000000000007,0.8000000000000007,111
1064,11,74,Middle,1,Slow,1,2.0,7.0,5.0,110
1065,11,76,Middle,0,Slow,0,2.0,7.0,5.0,110
1066,11,76,Middle,2,Slow,1,2.0,5.0,3.0,113
1067,11,76,Middle,1,Slow,2,2.0,3.0,1.0,109
1068,11,77,Middle,1,Slow,3,2.0,7.0,5.0,108
1069,11,77,Middle,0,Slow,4,2.0,5.0,3.0,109
1070,11,78,Middle,4,Shigh,3,6.0,7.0,1.0,69
1071,11,79,Middle,4,Shigh,1,6.0,7.0,1.0,68
1072,11,80,Middle,1,Slow,0,2.0,7.0,5.0,107
1073,11,81,Middle,3,Shigh,1,4.199999999999999,7.0,2.8000000000000007,67
1074,11,81,Middle,2,Slow,4,2.0,2.8000000000000007,0.8000000000000007,112
1075,11,84,Middle,1,Slow,0,2.0,7.0,5.0,106
1076,11,85,Middle,0,Slow,1,2.0,7.0,5.0,108
1077,11,85,Middle,1,Slow,2,2.0,5.0,3.0,105
1078,11,86,Middle,0,Slow,2,2.0,7.0,5.0,107
1079,11,87,Middle,3,Shigh,4,4.199999999999999,7.0,2.8000000000000007,66
1080,11,88,Middle,2,Slow,2,2.0,7.0,5.0,111
1081,11,89,Middle,3,Shigh,1,4.199999999999999,7.0,2.8000000000000007,65
1082,11,90,Rich,3,Shigh,0,4.199999999999999,10.0,5.800000000000001,64
1083,11,90,Rich,0,Slow,1,2.0,5.800000000000001,3.8000000000000007,106
1084,11,91,Rich,0,Slow,4,2.0,10.0,8.0,105
1085,11,92,Rich,0,Slow,2,2.0,10.0,8.0,104
1086,11,92,Rich,1,Slow,4,2.0,8.0,6.0,104
1087,11,93,Rich,4,Shigh,0,6.0,10.0,4.0,67
1088,11,93,Rich,1,Slow,2,2.0,4.0,2.0,103
1089,11,94,Rich,4,Shigh,4,6.0,10.0,4.0,66
1090,11,95,Rich,1,Slow,4,2.0,10.0,8.0,102
1091,11,96,Rich,0,Slow,2,2.0,10.0,8.0,103
1092,11,97,Rich,0,Slow,4,2.0,10.0,8.0,102
1093,11,98,Rich,3,Shigh,3,4.199999999999999,10.0,5.800000000000001,63
1094,12,0,Poor,1,Slow,0,2.0,3.0,1.0,129
1095,12,2,Poor,1,Slow,2,2.0,3.0,1.0,128
1096,12,3,Poor,1,Slow,2,2.0,3.0,1.0,127
1097,12,4,Poor,2,Slow,2,2.0,3.0,1.0,129
1098,12,5,Poor,0,Slow,0,1.4,3.0,1.6,129
1099,12,7,Poor,2,Slow,2,2.0,3.0,1.0,128
1100,12,10,Poor,1,Slow,1,2.0,3.0,1.0,126
1101,12,11,Poor,1,Slow,1,2.0,3.0,1.0,125
1102,12,12,Poor,1,Slow,3,2.0,3.0,1.0,124
1103,12,13,Poor,2,Slow,0,2.0,3.0,1.0,127
1104,12,14,Poor,0,Slow,1,1.4,3.0,1.6,128
1105,12,15,Poor,1,Slow,0,2.0,3.0,1.0,123
1106,12,16,Poor,2,Slow,2,2.0,3.0,1.0,126
1107,12,17,Poor,1,Slow,2,2.0,3.0,1.0,122
1108,12,18,Poor,1,Slow,1,2.0,3.0,1.0,121
1109,12,19,Poor,2,Slow,3,2.0,3.0,1.0,125
1110,12,20,Poor,0,Slow,4,1.4,3.0,1.6,127
1111,12,21,Poor,2,Slow,1,2.0,3.0,1.0,124
1112,12,22,Poor,1,Slow,2,2.0,3.0,1.0,120
1113,12,23,Poor,0,Slow,0,1.4,3.0,1.6,126
1114,12,24,Poor,1,Slow,4,2.0,3.0,1.0,119
1115,12,25,Poor,1,Slow,0,2.0,3.0,1.0,118
1116,12,27,Poor,0,Slow,4,1.4,3.0,1.6,125
1117,12,28,Poor,0,Slow,0,1.4,3.0,1.6,124
1118,12,29,Poor,0,Slow,2,1.4,3.0,1.6,123
1119,12,30,Poor,0,Slow,4,1.4,3.0,1.6,122
1120,12,31,Poor,2,Slow,1,2.0,3.0,1.0,123
1121,12,32,Poor,0,Slow,2,1.4,3.0,1.6,121
1122,12,33,Poor,2,Slow,2,2.0,3.0,1.0,122
1123,12,34,Poor,1,Slow,3,2.0,3.0,1.0,117
1124,12,37,Poor,2,Slow,0,2.0,3.0,1.0,121
1125,12,41,Poor,2,Slow,2,2.0,3.0,1.0,120
1126,12,43,Poor,0,Slow,2,1.4,3.0,1.6,120
1127,12,44,Poor,1,Slow,1,2.0,3.0,1.0,116
1128,12,45,Poor,0,Slow,4,1.4,3.0,1.6,119
1129,12,47,Poor,0,Slow,3,1.4,3.0,1.6,118
1130,12,48,Poor,2,Slow,1,2.0,3.0,1.0,119
1131,12,49,Poor,1,Slow,0,2.0,3.0,1.0,115
1132,12,51,Poor,2,Slow,3,2.0,3.0,1.0,118
1133,12,52,Poor,1,Slow,0,2.0,3.0,1.0,114
1134,12,53,Poor,2,Slow,0,2.0,3.0,1.0,117
1135,12,54,Poor,2,Slow,1,2.0,3.0,1.0,116
1136,12,55,Poor,1,Slow,3,2.0,3.0,1.0,113
1137,12,56,Poor,2,Slow,0,2.0,3.0,1.0,115
1138,12,58,Poor,1,Slow,3,2.0,3.0,1.0,112
1139,12,59,Poor,0,Slow,2,1.4,3.0,1.6,117
1140,12,60,Poor,0,Slow,3,1.4,3.0,1.6,116
1141,12,61,Poor,1,Slow,4,2.0,3.0,1.0,111
1142,12,62,Poor,1,Slow,0,2.0,3.0,1.0,110
1143,12,63,Poor,0,Slow,0,1.4,3.0,1.6,115
1144,12,64,Poor,1,Slow,0,2.0,3.0,1.0,109
1145,12,65,Poor,0,Slow,4,1.4,3.0,1.6,114
1146,12,66,Poor,0,Slow,1,1.4,3.0,1.6,113
1147,12,69,Poor,2,Slow,3,2.0,3.0,1.0,114
1148,12,71,Middle,3,Shigh,2,6.0,7.0,1.0,69
1149,12,72,Middle,0,Slow,0,1.4,7.0,5.6,112
1150,12,72,Middle,1,Slow,1,2.0,5.6,3.5999999999999996,108
1151,12,73,Middle,2,Slow,0,2.0,7.0,5.0,113
1152,12,73,Middle,0,Slow,4,1.4,5.0,3.6,111
1153,12,74,Middle,3,Shigh,3,6.0,7.0,1.0,68
1154,12,76,Middle,1,Slow,2,2.0,7.0,5.0,107
1155,12,76,Middle,0,Slow,3,1.4,5.0,3.6,110
1156,12,78,Middle,0,Slow,1,1.4,7.0,5.6,109
1157,12,78,Middle,1,Slow,4,2.0,5.6,3.5999999999999996,106
1158,12,80,Middle,3,Shigh,2,6.0,7.0,1.0,67
1159,12,81,Middle,4,Shigh,2,6.0,7.0,1.0,69
1160,12,84,Middle,1,Slow,0,2.0,7.0,5.0,105
1161,12,85,Middle,1,Slow,1,2.0,7.0,5.0,104
1162,12,85,Middle,2,Slow,2,2.0,5.0,3.0,112
1163,12,86,Middle,1,Slow,2,2.0,7.0,5.0,103
1164,12,86,Middle,0,Slow,3,1.4,5.0,3.6,108
1165,12,87,Middle,0,Slow,2,1.4,7.0,5.6,107
1166,12,88,Middle,4,Shigh,0,6.0,7.0,1.0,68
1167,12,91,Rich,2,Slow,2,2.0,10.0,8.0,111
1168,12,91,Rich,1,Slow,4,2.0,8.0,6.0,102
1169,12,92,Rich,0,Slow,1,1.4,10.0,8.6,106
1170,12,92,Rich,3,Shigh,2,6.0,8.6,2.5999999999999996,66
1171,12,93,Rich,1,Slow,0,2.0,10.0,8.0,101
1172,12,93,Rich,0,Slow,3,1.4,8.0,6.6,105
1173,12,94,Rich,3,Shigh,1,6.0,10.0,4.0,65
1174,12,94,Rich,1,Slow,2,2.0,4.0,2.0,100
1175,12,95,Rich,3,Shigh,3,6.0,10.0,4.0,64
1176,12,95,Rich,1,Slow,4,2.0,4.0,2.0,99
1177,12,96,Rich,2,Slow,1,2.0,10.0,8.0,110
1178,12,97,Rich,1,Slow,0,2.0,10.0,8.0,98
1179,12,99,Rich,0,Slow,3,1.4,10.0,8.6,104
1180,12,99,Rich,3,Shigh,4,6.0,8.6,2.5999999999999996,63
1181,13,0,Poor,0,Slow,1,2.0,3.0,1.0,129
1182,13,1,Poor,1,Slow,1,2.0,3.0,1.0,129
1183,13,3,Poor,1,Slow,3,2.0,3.0,1.0,128
1184,13,4,Poor,1,Slow,0,2.0,3.0,1.0,127
1185,13,5,Poor,0,Slow,2,2.0,3.0,1.0,128
1186,13,6,Poor,1,Slow,1,2.0,3.0,1.0,126
1187,13,7,Poor,2,Slow,4,2.0,3.0,1.0,129
1188,13,8,Poor,0,Slow,2,2.0,3.0,1.0,127
1189,13,9,Poor,1,Slow,2,2.0,3.0,1.0,125
1190,13,12,Poor,0,Slow,2,2.0,3.0,1.0,126
1191,13,13,Poor,0,Slow,1,2.0,3.0,1.0,125
1192,13,15,Poor,0,Slow,0,2.0,3.0,1.0,124
1193,13,17,Poor,2,Slow,2,2.0,3.0,1.0,128
1194,13,18,Poor,0,Slow,1,2.0,3.0,1.0,123
1195,13,19,Poor,1,Slow,1,2.0,3.0,1.0,124
1196,13,20,Poor,2,Slow,4,2.0,3.0,1.0,127
1197,13,21,Poor,1,Slow,1,2.0,3.0,1.0,123
1198,13,22,Poor,0,Slow,1,2.0,3.0,1.0,122
1199,13,23,Poor,1,Slow,0,2.0,3.0,1.0,122
1200,13,24,Poor,2,Slow,0,2.0,3.0,1.0,126
1201,13,25,Poor,0,Slow,2,2.0,3.0,1.0,121
1202,13,26,Poor,1,Slow,3,2.0,3.0,1.0,121
1203,13,28,Poor,0,Slow,0,2.0,3.0,1.0,120
1204,13,30,Poor,0,Slow,3,2.0,3.0,1.0,119
1205,13,31,Poor,1,Slow,4,2.0,3.0,1.0,120
1206,13,32,Poor,2,Slow,0,2.0,3.0,1.0,125
1207,13,33,Poor,1,Slow,1,2.0,3.0,1.0,119
1208,13,34,Poor,0,Slow,0,2.0,3.0,1.0,118
1209,13,36,Poor,1,Slow,4,2.0,3.0,1.0,118
1210,13,37,Poor,1,Slow,3,2.0,3.0,1.0,117
1211,13,39,Poor,1,Slow,0,2.0,3.0,1.0,116
1212,13,41,Poor,1,Slow,2,2.0,3.0,1.0,115
1213,13,42,Poor,2,Slow,1,2.0,3.0,1.0,124
1214,13,44,Poor,1,Slow,0,2.0,3.0,1.0,114
1215,13,45,Poor,0,Slow,2,2.0,3.0,1.0,117
1216,13,46,Poor,0,Slow,0,2.0,3.0,1.0,116
1217,13,48,Poor,2,Slow,1,2.0,3.0,1.0,123
1218,13,49,Poor,1,Slow,0,2.0,3.0,1.0,113
1219,13,50,Poor,2,Slow,2,2.0,3.0,1.0,122
1220,13,51,Poor,2,Slow,3,2.0,3.0,1.0,121
1221,13,54,Poor,1,Slow,0,2.0,3.0,1.0,112
1222,13,55,Poor,0,Slow,0,2.0,3.0,1.0,115
1223,13,57,Poor,1,Slow,4,2.0,3.0,1.0,111
1224,13,58,Poor,2,Slow,4,2.0,3.0,1.0,120
1225,13,59,Poor,2,Slow,0,2.0,3.0,1.0,119
1226,13,60,Poor,1,Slow,0,2.0,3.0,1.0,110
1227,13,61,Poor,1,Slow,2,2.0,3.0,1.0,109
1228,13,63,Poor,2,Slow,0,2.0,3.0,1.0,118
1229,13,64,Poor,0,Slow,3,2.0,3.0,1.0,114
1230,13,66,Poor,1,Slow,0,2.0,3.0,1.0,108
1231,13,71,Middle,0,Slow,1,2.0,7.0,5.0,113
1232,13,73,Middle,2,Slow,2,2.0,7.0,5.0,117
1233,13,75,Middle,1,Slow,1,2.0,7.0,5.0,107
1234,13,77,Middle,1,Slow,0,2.0,7.0,5.0,106
1235,13,77,Middle,0,Slow,1,2.0,5.0,3.0,112
1236,13,78,Middle,0,Slow,0,2.0,7.0,5.0,111
1237,13,79,Middle,3,Shigh,2,6.0,7.0,1.0,69
1238,13,80,Middle,4,Shigh,3,6.0,7.0,1.0,69
1239,13,82,Middle,3,Shigh,0,6.0,7.0,1.0,68
1240,13,85,Middle,0,Slow,0,2.0,7.0,5.0,110
1241,13,85,Middle,1,Slow,2,2.0,5.0,3.0,105
1242,13,87,Middle,2,Slow,0,2.0,7.0,5.0,116
1243,13,88,Middle,0,Slow,0,2.0,7.0,5.0,109
1244,13,89,Middle,3,Shigh,2,6.0,7.0,1.0,67
1245,13,90,Rich,0,Slow,2,2.0,10.0,8.0,108
1246,13,90,Rich,2,Slow,3,2.0,8.0,6.0,115
1247,13,91,Rich,1,Slow,0,2.0,10.0,8.0,104
1248,13,91,Rich,3,Shigh,1,6.0,8.0,2.0,66
1249,13,92,Rich,2,Slow,1,2.0,10.0,8.0,114
1250,13,92,Rich,1,Slow,2,2.0,8.0,6.0,103
1251,13,92,Rich,3,Shigh,3,6.0,6.0,0.0,65
1252,13,94,Rich,0,Slow,3,2.0,10.0,8.0,107
1253,13,95,Rich,2,Slow,0,2.0,10.0,8.0,113
1254,13,95,Rich,0,Slow,3,2.0,8.0,6.0,106
1255,13,96,Rich,4,Shigh,3,6.0,10.0,4.0,68
1256,13,96,Rich,0,Slow,4,2.0,4.0,2.0,105
1257,13,97,Rich,4,Shigh,0,6.0,10.0,4.0,67
1258,13,97,Rich,1,Slow,3,2.0,4.0,2.0,102
1259,13,97,Rich,2,Slow,4,2.0,2.0,0.0,112
1260,13,98,Rich,3,Shigh,0,6.0,10.0,4.0,64
1261,13,98,Rich,1,Slow,3,2.0,4.0,2.0,101
1262,13,98,Rich,0,Slow,4,2.0,2.0,0.0,104
1263,13,99,Rich,0,Slow,3,2.0,10.0,8.0,103
1264,14,0,Poor,0,Slow,0,2.0,3.0,1.0,129
1265,14,2,Poor,0,Slow,0,2.0,3.0,1.0,128
1266,14,3,Poor,0,Slow,2,2.0,3.0,1.0,127
1267,14,4,Poor,2,Slow,3,2.0,3.0,1.0,129
1268,14,6,Poor,1,Slow,2,2.0,3.0,1.0,129
1269,14,7,Poor,2,Slow,2,2.0,3.0,1.0,128
1270,14,8,Poor,1,Slow,4,2.0,3.0,1.0,128
1271,14,9,Poor,1,Slow,0,2.0,3.0,1.0,127
1272,14,10,Poor,1,Slow,3,2.0,3.0,1.0,126
1273,14,11,Poor,0,Slow,4,2.0,3.0,1.0,126
1274,14,12,Poor,2,Slow,1,2.0,3.0,1.0,127
1275,14,13,Poor,2,Slow,0,2.0,3.0,1.0,126
1276,14,16,Poor,1,Slow,0,2.0,3.0,1.0,125
1277,14,17,Poor,1,Slow,0,2.0,3.0,1.0,124
1278,14,18,Poor,1,Slow,1,2.0,3.0,1.0,123
1279,14,19,Poor,1,Slow,3,2.0,3.0,1.0,122
1280,14,20,Poor,1,Slow,0,2.0,3.0,1.0,121
1281,14,22,Poor,2,Slow,3,2.0,3.0,1.0,125
1282,14,23,Poor,1,Slow,4,2.0,3.0,1.0,120
1283,14,24,Poor,1,Slow,1,2.0,3.0,1.0,119
1284,14,25,Poor,0,Slow,2,2.0,3.0,1.0,125
1285,14,28,Poor,2,Slow,1,2.0,3.0,1.0,124
1286,14,29,Poor,1,Slow,2,2.0,3.0,1.0,118
1287,14,31,Poor,1,Slow,3,2.0,3.0,1.0,117
1288,14,32,Poor,1,Slow,3,2.0,3.0,1.0,116
1289,14,33,Poor,1,Slow,2,2.0,3.0,1.0,115
1290,14,34,Poor,1,Slow,1,2.0,3.0,1.0,114
1291,14,36,Poor,2,Slow,4,2.0,3.0,1.0,123
1292,14,37,Poor,2,Slow,2,2.0,3.0,1.0,122
1293,14,39,Poor,1,Slow,0,2.0,3.0,1.0,113
1294,14,42,Poor,1,Slow,1,2.0,3.0,1.0,112
1295,14,43,Poor,1,Slow,4,2.0,3.0,1.0,111
1296,14,44,Poor,1,Slow,0,2.0,3.0,1.0,110
1297,14,46,Poor,0,Slow,3,2.0,3.0,1.0,124
1298,14,47,Poor,0,Slow,0,2.0,3.0,1.0,123
1299,14,48,Poor,1,Slow,3,2.0,3.0,1.0,109
1300,14,49,Poor,2,Slow,4,2.0,3.0,1.0,121
1301,14,50,Poor,2,Slow,1,2.0,3.0,1.0,120
1302,14,51,Poor,1,Slow,0,2.0,3.0,1.0,108
1303,14,52,Poor,0,Slow,0,2.0,3.0,1.0,122
1304,14,54,Poor,1,Slow,1,2.0,3.0,1.0,107
1305,14,56,Poor,0,Slow,1,2.0,3.0,1.0,121
1306,14,58,Poor,0,Slow,2,2.0,3.0,1.0,120
1307,14,60,Poor,1,Slow,2,2.0,3.0,1.0,106
1308,14,61,Poor,1,Slow,1,2.0,3.0,1.0,105
1309,14,65,Poor,1,Slow,3,2.0,3.0,1.0,104
1310,14,66,Poor,1,Slow,1,2.0,3.0,1.0,103
1311,14,67,Poor,1,Slow,0,2.0,3.0,1.0,102
1312,14,70,Middle,0,Slow,0,2.0,7.0,5.0,119
1313,14,70,Middle,1,Slow,1,2.0,5.0,3.0,101
1314,14,71,Middle,0,Slow,0,2.0,7.0,5.0,118
1315,14,71,Middle,1,Slow,2,2.0,5.0,3.0,100
1316,14,72,Middle,0,Slow,0,2.0,7.0,5.0,117
1317,14,72,Middle,1,Slow,4,2.0,5.0,3.0,99
1318,14,73,Middle,2,Slow,0,2.0,7.0,5.0,119
1319,14,73,Middle,1,Slow,1,2.0,5.0,3.0,98
1320,14,74,Middle,4,Shigh,0,6.0,7.0,1.0,69
1321,14,75,Middle,2,Slow,3,2.0,7.0,5.0,118
1322,14,76,Middle,3,Shigh,0,6.0,7.0,1.0,69
1323,14,77,Middle,1,Slow,2,2.0,7.0,5.0,97
1324,14,78,Middle,4,Shigh,0,6.0,7.0,1.0,68
1325,14,79,Middle,0,Slow,2,2.0,7.0,5.0,116
1326,14,79,Middle,2,Slow,4,2.0,5.0,3.0,117
1327,14,80,Middle,4,Shigh,2,6.0,7.0,1.0,67
1328,14,81,Middle,4,Shigh,2,6.0,7.0,1.0,66
1329,14,82,Middle,4,Shigh,0,6.0,7.0,1.0,65
1330,14,83,Middle,1,Slow,0,2.0,7.0,5.0,96
1331,14,84,Middle,0,Slow,0,2.0,7.0,5.0,115
1332,14,84,Middle,1,Slow,2,2.0,5.0,3.0,95
1333,14,85,Middle,0,Slow,0,2.0,7.0,5.0,114
1334,14,86,Middle,0,Slow,3,2.0,7.0,5.0,113
1335,14,88,Middle,4,Shigh,1,6.0,7.0,1.0,64
1336,14,89,Middle,0,Slow,0,2.0,7.0,5.0,112
1337,14,89,Middle,2,Slow,3,2.0,5.0,3.0,116
1338,14,89,Middle,1,Slow,4,2.0,3.0,1.0,94
1339,14,90,Rich,2,Slow,0,2.0,10.0,8.0,115
1340,14,90,Rich,3,Shigh,3,6.0,8.0,2.0,68
1341,14,90,Rich,0,Slow,4,2.0,2.0,0.0,111
1342,14,91,Rich,4,Shigh,2,6.0,10.0,4.0,63
1343,14,91,Rich,1,Slow,3,2.0,4.0,2.0,93
1344,14,91,Rich,0,Slow,4,2.0,2.0,0.0,110
1345,14,93,Rich,4,Shigh,0,6.0,10.0,4.0,62
1346,14,93,Rich,2,Slow,4,2.0,4.0,2.0,114
1347,14,94,Rich,3,Shigh,0,6.0,10.0,4.0,67
1348,14,94,Rich,0,Slow,1,2.0,4.0,2.0,109
1349,14,95,Rich,4,Shigh,1,6.0,10.0,4.0,61
1350,14,96,Rich,2,Slow,0,2.0,10.0,8.0,113
1351,14,96,Rich,1,Slow,1,2.0,8.0,6.0,92
1352,14,97,Rich,2,Slow,0,2.0,10.0,8.0,112
1353,14,98,Rich,1,Slow,3,2.0,10.0,8.0,91
1354,15,0,Poor,2,Slow,0,2.0,3.0,1.0,129
1355,15,2,Poor,0,Slow,1,2.0,3.0,1.0,129
1356,15,6,Poor,1,Slow,3,2.0,3.0,1.0,129
1357,15,7,Poor,2,Slow,1,2.0,3.0,1.0,128
1358,15,8,Poor,2,Slow,0,2.0,3.0,1.0,127
1359,15,9,Poor,1,Slow,3,2.0,3.0,1.0,128
1360,15,10,Poor,1,Slow,2,2.0,3.0,1.0,127
1361,15,11,Poor,1,Slow,0,2.0,3.0,1.0,126
1362,15,12,Poor,1,Slow,4,2.0,3.0,1.0,125
1363,15,14,Poor,1,Slow,0,2.0,3.0,1.0,124
1364,15,16,Poor,2,Slow,2,2.0,3.0,1.0,126
1365,15,17,Poor,1,Slow,1,2.0,3.0,1.0,123
1366,15,18,Poor,1,Slow,1,2.0,3.0,1.0,122
1367,15,19,Poor,1,Slow,0,2.0,3.0,1.0,121
1368,15,20,Poor,0,Slow,4,2.0,3.0,1.0,128
1369,15,21,Poor,1,Slow,2,2.0,3.0,1.0,120
1370,15,22,Poor,0,Slow,3,2.0,3.0,1.0,127
1371,15,24,Poor,0,Slow,0,2.0,3.0,1.0,126
1372,15,26,Poor,2,Slow,2,2.0,3.0,1.0,125
1373,15,27,Poor,1,Slow,3,2.0,3.0,1.0,119
1374,15,29,Poor,0,Slow,0,2.0,3.0,1.0,125
1375,15,31,Poor,1,Slow,4,2.0,3.0,1.0,118
1376,15,33,Poor,1,Slow,1,2.0,3.0,1.0,117
1377,15,36,Poor,1,Slow,3,2.0,3.0,1.0,116
1378,15,37,Poor,1,Slow,2,2.0,3.0,1.0,115
1379,15,39,Poor,1,Slow,0,2.0,3.0,1.0,114
1380,15,40,Poor,0,Slow,1,2.0,3.0,1.0,124
1381,15,41,Poor,0,Slow,0,2.0,3.0,1.0,123
1382,15,42,Poor,2,Slow,0,2.0,3.0,1.0,124
1383,15,44,Poor,1,Slow,4,2.0,3.0,1.0,113
1384,15,46,Poor,1,Slow,0,2.0,3.0,1.0,112
1385,15,47,Poor,0,Slow,2,2.0,3.0,1.0,122
1386,15,49,Poor,0,Slow,3,2.0,3.0,1.0,121
1387,15,50,Poor,0,Slow,1,2.0,3.0,1.0,120
1388,15,51,Poor,1,Slow,2,2.0,3.0,1.0,111
1389,15,53,Poor,2,Slow,1,2.0,3.0,1.0,123
1390,15,55,Poor,0,Slow,4,2.0,3.0,1.0,119
1391,15,56,Poor,0,Slow,2,2.0,3.0,1.0,118
1392,15,58,Poor,0,Slow,3,2.0,3.0,1.0,117
1393,15,62,Poor,2,Slow,2,2.0,3.0,1.0,122
1394,15,63,Poor,0,Slow,1,2.0,3.0,1.0,116
1395,15,65,Poor,0,Slow,4,2.0,3.0,1.0,115
1396,15,68,Poor,2,Slow,1,2.0,3.0,1.0,121
1397,15,70,Middle,0,Slow,0,2.0,7.0,5.0,114
1398,15,71,Middle,1,Slow,0,2.0,7.0,5.0,110
1399,15,71,Middle,2,Slow,1,2.0,5.0,3.0,120
1400,15,72,Middle,2,Slow,1,2.0,7.0,5.0,119
1401,15,73,Middle,0,Slow,0,2.0,7.0,5.0,113
1402,15,74,Middle,1,Slow,2,2.0,7.0,5.0,109
1403,15,75,Middle,0,Slow,0,2.0,7.0,5.0,112
1404,15,76,Middle,2,Slow,0,2.0,7.0,5.0,118
1405,15,76,Middle,1,Slow,3,2.0,5.0,3.0,108
1406,15,77,Middle,0,Slow,1,2.0,7.0,5.0,111
1407,15,78,Middle,1,Slow,0,2.0,7.0,5.0,107
1408,15,78,Middle,0,Slow,3,2.0,5.0,3.0,110
1409,15,78,Middle,2,Slow,4,2.0,3.0,1.0,117
1410,15,79,Middle,0,Slow,4,2.0,7.0,5.0,109
1411,15,80,Middle,0,Slow,0,2.0,7.0,5.0,108
1412,15,80,Middle,1,Slow,2,2.0,5.0,3.0,106
1413,15,81,Middle,0,Slow,0,2.0,7.0,5.0,107
1414,15,81,Middle,1,Slow,3,2.0,5.0,3.0,105
1415,15,82,Middle,1,Slow,4,2.0,7.0,5.0,104
1416,15,83,Middle,4,Shigh,3,6.0,7.0,1.0,69
1417,15,84,Middle,0,Slow,1,2.0,7.0,5.0,106
1418,15,84,Middle,2,Slow,3,2.0,5.0,3.0,116
1419,15,85,Middle,2,Slow,2,2.0,7.0,5.0,115
1420,15,86,Middle,3,Shigh,0,6.0,7.0,1.0,69
1421,15,87,Middle,1,Slow,4,2.0,7.0,5.0,103
1422,15,88,Middle,3,Shigh,2,6.0,7.0,1.0,68
1423,15,89,Middle,3,Shigh,0,6.0,7.0,1.0,67
1424,15,90,Rich,2,Slow,0,2.0,10.0,8.0,114
1425,15,90,Rich,0,Slow,2,2.0,8.0,6.0,105
1426,15,90,Rich,3,Shigh,4,6.0,6.0,0.0,66
1427,15,91,Rich,2,Slow,0,2.0,10.0,8.0,113
1428,15,92,Rich,1,Slow,2,2.0,10.0,8.0,102
1429,15,92,Rich,3,Shigh,3,6.0,8.0,2.0,65
1430,15,93,Rich,0,Slow,0,2.0,10.0,8.0,104
1431,15,94,Rich,3,Shigh,0,6.0,10.0,4.0,64
1432,15,94,Rich,0,Slow,4,2.0,4.0,2.0,103
1433,15,95,Rich,4,Shigh,3,6.0,10.0,4.0,68
1434,15,96,Rich,2,Slow,1,2.0,10.0,8.0,112
1435,15,96,Rich,1,Slow,4,2.0,8.0,6.0,101
1436,15,97,Rich,2,Slow,1,2.0,10.0,8.0,111
1437,15,97,Rich,1,Slow,4,2.0,8.0,6.0,100
1438,15,98,Rich,2,Slow,2,2.0,10.0,8.0,110
1439,15,98,Rich,1,Slow,3,2.0,8.0,6.0,99
1440,15,99,Rich,3,Shigh,0,6.0,10.0,4.0,63
1441,16,0,Poor,0,Slow,1,2.0,3.0,1.0,129
1442,16,3,Poor,0,Slow,0,2.0,3.0,1.0,128
1443,16,6,Poor,2,Slow,1,2.0,3.0,1.0,129
1444,16,7,Poor,1,Slow,2,2.0,3.0,1.0,129
1445,16,8,Poor,2,Slow,0,2.0,3.0,1.0,128
1446,16,9,Poor,0,Slow,1,2.0,3.0,1.0,127
1447,16,10,Poor,1,Slow,0,2.0,3.0,1.0,128
1448,16,11,Poor,2,Slow,1,2.0,3.0,1.0,127
1449,16,13,Poor,0,Slow,0,2.0,3.0,1.0,126
1450,16,14,Poor,1,Slow,2,2.0,3.0,1.0,127
1451,16,15,Poor,1,Slow,2,2.0,3.0,1.0,126
1452,16,17,Poor,1,Slow,2,2.0,3.0,1.0,125
1453,16,18,Poor,1,Slow,3,2.0,3.0,1.0,124
1454,16,19,Poor,0,Slow,0,2.0,3.0,1.0,125
1455,16,20,Poor,1,Slow,0,2.0,3.0,1.0,123
1456,16,22,Poor,1,Slow,0,2.0,3.0,1.0,122
1457,16,23,Poor,1,Slow,3,2.0,3.0,1.0,121
1458,16,24,Poor,2,Slow,1,2.0,3.0,1.0,126
1459,16,25,Poor,0,Slow,4,2.0,3.0,1.0,124
1460,16,26,Poor,1,Slow,4,2.0,3.0,1.0,120
1461,16,29,Poor,1,Slow,4,2.0,3.0,1.0,119
1462,16,30,Poor,2,Slow,1,2.0,3.0,1.0,125
1463,16,35,Poor,1,Slow,2,2.0,3.0,1.0,118
1464,16,38,Poor,2,Slow,0,2.0,3.0,1.0,124
1465,16,40,Poor,1,Slow,1,2.0,3.0,1.0,117
1466,16,41,Poor,0,Slow,2,2.0,3.0,1.0,123
1467,16,42,Poor,0,Slow,1,2.0,3.0,1.0,122
1468,16,44,Poor,1,Slow,1,2.0,3.0,1.0,116
1469,16,45,Poor,0,Slow,0,2.0,3.0,1.0,121
1470,16,46,Poor,1,Slow,0,2.0,3.0,1.0,115
1471,16,47,Poor,0,Slow,4,2.0,3.0,1.0,120
1472,16,48,Poor,2,Slow,0,2.0,3.0,1.0,123
1473,16,49,Poor,0,Slow,0,2.0,3.0,1.0,119
1474,16,50,Poor,0,Slow,1,2.0,3.0,1.0,118
1475,16,53,Poor,1,Slow,4,2.0,3.0,1.0,114
1476,16,56,Poor,1,Slow,0,2.0,3.0,1.0,113
1477,16,57,Poor,2,Slow,0,2.0,3.0,1.0,122
1478,16,58,Poor,1,Slow,1,2.0,3.0,1.0,112
1479,16,59,Poor,1,Slow,1,2.0,3.0,1.0,111
1480,16,60,Poor,0,Slow,0,2.0,3.0,1.0,117
1481,16,63,Poor,1,Slow,2,2.0,3.0,1.0,110
1482,16,65,Poor,2,Slow,0,2.0,3.0,1.0,121
1483,16,66,Poor,0,Slow,3,2.0,3.0,1.0,116
1484,16,68,Poor,2,Slow,0,2.0,3.0,1.0,120
1485,16,69,Poor,1,Slow,1,2.0,3.0,1.0,109
1486,16,70,Middle,1,Slow,0,2.0,7.0,5.0,108
1487,16,70,Middle,0,Slow,2,2.0,5.0,3.0,115
1488,16,71,Middle,0,Slow,1,2.0,7.0,5.0,114
1489,16,71,Middle,1,Slow,2,2.0,5.0,3.0,107
1490,16,72,Middle,2,Slow,3,2.0,7.0,5.0,119
1491,16,73,Middle,3,Shigh,0,6.0,7.0,1.0,69
1492,16,75,Middle,3,Shigh,3,6.0,7.0,1.0,68
1493,16,76,Middle,4,Shigh,1,6.0,7.0,1.0,69
1494,16,77,Middle,2,Slow,1,2.0,7.0,5.0,118
1495,16,77,Middle,1,Slow,4,2.0,5.0,3.0,106
1496,16,78,Middle,3,Shigh,1,6.0,7.0,1.0,67
1497,16,79,Middle,0,Slow,0,2.0,7.0,5.0,113
1498,16,79,Middle,1,Slow,1,2.0,5.0,3.0,105
1499,16,79,Middle,2,Slow,4,2.0,3.0,1.0,117
1500,16,80,Middle,0,Slow,0,2.0,7.0,5.0,112
1501,16,80,Middle,2,Slow,1,2.0,5.0,3.0,116
1502,16,81,Middle,4,Shigh,0,6.0,7.0,1.0,68
1503,16,82,Middle,4,Shigh,3,6.0,7.0,1.0,67
1504,16,83,Middle,1,Slow,4,2.0,7.0,5.0,104
1505,16,84,Middle,1,Slow,3,2.0,7.0,5.0,103
1506,16,85,Middle,0,Slow,0,2.0,7.0,5.0,111
1507,16,85,Middle,2,Slow,3,2.0,5.0,3.0,115
1508,16,86,Middle,2,Slow,3,2.0,7.0,5.0,114
1509,16,86,Middle,0,Slow,4,2.0,5.0,3.0,110
1510,16,87,Middle,4,Shigh,0,6.0,7.0,1.0,66
1511,16,89,Middle,4,Shigh,2,6.0,7.0,1.0,65
1512,16,90,Rich,1,Slow,2,2.0,10.0,8.0,102
1513,16,90,Rich,2,Slow,3,2.0,8.0,6.0,113
1514,16,90,Rich,0,Slow,4,2.0,6.0,4.0,109
1515,16,91,Rich,1,Slow,0,2.0,10.0,8.0,101
1516,16,91,Rich,4,Shigh,4,6.0,8.0,2.0,64
1517,16,92,Rich,0,Slow,3,2.0,10.0,8.0,108
1518,16,92,Rich,2,Slow,4,2.0,8.0,6.0,112
1519,16,93,Rich,0,Slow,0,2.0,10.0,8.0,107
1520,16,93,Rich,2,Slow,3,2.0,8.0,6.0,111
1521,16,94,Rich,2,Slow,2,2.0,10.0,8.0,110
1522,16,94,Rich,1,Slow,4,2.0,8.0,6.0,100
1523,16,95,Rich,3,Shigh,0,6.0,10.0,4.0,66
1524,16,96,Rich,0,Slow,3,2.0,10.0,8.0,106
1525,16,97,Rich,3,Shigh,0,6.0,10.0,4.0,65
1526,16,97,Rich,2,Slow,1,2.0,4.0,2.0,109
1527,16,97,Rich,0,Slow,3,2.0,2.0,0.0,105
1528,16,98,Rich,4,Shigh,1,6.0,10.0,4.0,63
1529,16,98,Rich,0,Slow,4,2.0,4.0,2.0,104
1530,16,99,Rich,4,Shigh,0,6.0,10.0,4.0,62
1531,16,99,Rich,1,Slow,2,2.0,4.0,2.0,99
1532,17,0,Poor,2,Slow,2,2.0,3.0,1.0,129
1533,17,1,Poor,1,Slow,4,2.0,3.0,1.0,129
1534,17,2,Poor,1,Slow,3,2.0,3.0,1.0,128
1535,17,4,Poor,2,Slow,1,2.0,3.0,1.0,128
1536,17,6,Poor,1,Slow,1,2.0,3.0,1.0,127
1537,17,7,Poor,0,Slow,0,2.0,3.0,1.0,129
1538,17,8,Poor,1,Slow,0,2.0,3.0,1.0,126
1539,17,9,Poor,2,Slow,2,2.0,3.0,1.0,127
1540,17,12,Poor,1,Slow,1,2.0,3.0,1.0,125
1541,17,13,Poor,2,Slow,1,2.0,3.0,1.0,126
1542,17,14,Poor,0,Slow,2,2.0,3.0,1.0,128
1543,17,15,Poor,2,Slow,1,2.0,3.0,1.0,125
1544,17,16,Poor,1,Slow,3,2.0,3.0,1.0,124
1545,17,17,Poor,2,Slow,4,2.0,3.0,1.0,124
1546,17,18,Poor,2,Slow,0,2.0,3.0,1.0,123
1547,17,19,Poor,0,Slow,3,2.0,3.0,1.0,127
1548,17,20,Poor,0,Slow,0,2.0,3.0,1.0,126
1549,17,21,Poor,2,Slow,0,2.0,3.0,1.0,122
1550,17,24,Poor,1,Slow,4,2.0,3.0,1.0,123
1551,17,26,Poor,0,Slow,0,2.0,3.0,1.0,125
1552,17,29,Poor,2,Slow,0,2.0,3.0,1.0,121
1553,17,31,Poor,1,Slow,1,2.0,3.0,1.0,122
1554,17,33,Poor,1,Slow,1,2.0,3.0,1.0,121
1555,17,34,Poor,1,Slow,3,2.0,3.0,1.0,120
1556,17,35,Poor,1,Slow,1,2.0,3.0,1.0,119
1557,17,36,Poor,2,Slow,2,2.0,3.0,1.0,120
1558,17,37,Poor,1,Slow,2,2.0,3.0,1.0,118
1559,17,39,Poor,1,Slow,2,2.0,3.0,1.0,117
1560,17,40,Poor,0,Slow,4,2.0,3.0,1.0,124
1561,17,41,Poor,1,Slow,0,2.0,3.0,1.0,116
1562,17,42,Poor,1,Slow,2,2.0,3.0,1.0,115
1563,17,43,Poor,0,Slow,3,2.0,3.0,1.0,123
1564,17,44,Poor,0,Slow,4,2.0,3.0,1.0,122
1565,17,45,Poor,1,Slow,2,2.0,3.0,1.0,114
1566,17,46,Poor,1,Slow,0,2.0,3.0,1.0,113
1567,17,47,Poor,0,Slow,4,2.0,3.0,1.0,121
1568,17,49,Poor,1,Slow,1,2.0,3.0,1.0,112
1569,17,50,Poor,0,Slow,0,2.0,3.0,1.0,120
1570,17,51,Poor,0,Slow,1,2.0,3.0,1.0,119
1571,17,52,Poor,1,Slow,0,2.0,3.0,1.0,111
1572,17,53,Poor,2,Slow,3,2.0,3.0,1.0,119
1573,17,54,Poor,2,Slow,2,2.0,3.0,1.0,118
1574,17,55,Poor,0,Slow,3,2.0,3.0,1.0,118
1575,17,56,Poor,0,Slow,1,2.0,3.0,1.0,117
1576,17,57,Poor,2,Slow,0,2.0,3.0,1.0,117
1577,17,60,Poor,1,Slow,0,2.0,3.0,1.0,110
1578,17,61,Poor,1,Slow,0,2.0,3.0,1.0,109
1579,17,62,Poor,1,Slow,0,2.0,3.0,1.0,108
1580,17,63,Poor,0,Slow,4,2.0,3.0,1.0,116
1581,17,67,Poor,1,Slow,2,2.0,3.0,1.0,107
1582,17,68,Poor,2,Slow,3,2.0,3.0,1.0,116
1583,17,69,Poor,0,Slow,3,2.0,3.0,1.0,115
1584,17,70,Middle,1,Slow,1,2.0,7.0,5.0,106
1585,17,70,Middle,0,Slow,3,2.0,5.0,3.0,114
1586,17,71,Middle,3,Shigh,0,6.0,7.0,1.0,69
1587,17,72,Middle,2,Slow,3,2.0,7.0,5.0,115
1588,17,74,Middle,1,Slow,2,2.0,7.0,5.0,105
1589,17,76,Middle,0,Slow,0,2.0,7.0,5.0,113
1590,17,77,Middle,0,Slow,2,2.0,7.0,5.0,112
1591,17,77,Middle,1,Slow,4,2.0,5.0,3.0,104
1592,17,78,Middle,4,Shigh,0,6.0,7.0,1.0,69
1593,17,79,Middle,3,Shigh,1,6.0,7.0,1.0,68
1594,17,80,Middle,4,Shigh,0,6.0,7.0,1.0,68
1595,17,81,Middle,3,Shigh,3,6.0,7.0,1.0,67
1596,17,82,Middle,4,Shigh,0,6.0,7.0,1.0,67
1597,17,83,Middle,1,Slow,3,2.0,7.0,5.0,103
1598,17,83,Middle,2,Slow,4,2.0,5.0,3.0,114
1599,17,84,Middle,4,Shigh,1,6.0,7.0,1.0,66
1600,17,85,Middle,1,Slow,1,2.0,7.0,5.0,102
1601,17,86,Middle,0,Slow,4,2.0,7.0,5.0,111
1602,17,87,Middle,1,Slow,0,2.0,7.0,5.0,101
1603,17,88,Middle,2,Slow,0,2.0,7.0,5.0,113
1604,17,88,Middle,1,Slow,3,2.0,5.0,3.0,100
1605,17,89,Middle,0,Slow,2,2.0,7.0,5.0,110
1606,17,90,Rich,3,Shigh,1,6.0,10.0,4.0,66
1607,17,90,Rich,1,Slow,4,2.0,4.0,2.0,99
1608,17,91,Rich,4,Shigh,0,6.0,10.0,4.0,65
1609,17,91,Rich,0,Slow,1,2.0,4.0,2.0,109
1610,17,92,Rich,3,Shigh,1,6.0,10.0,4.0,65
1611,17,93,Rich,1,Slow,2,2.0,10.0,8.0,98
1612,17,94,Rich,1,Slow,2,2.0,10.0,8.0,97
1613,17,94,Rich,3,Shigh,3,6.0,8.0,2.0,64
1614,17,95,Rich,2,Slow,0,2.0,10.0,8.0,112
1615,17,95,Rich,0,Slow,1,2.0,8.0,6.0,108
1616,17,95,Rich,3,Shigh,2,6.0,6.0,0.0,63
1617,17,96,Rich,2,Slow,0,2.0,10.0,8.0,111
1618,17,96,Rich,3,Shigh,1,6.0,8.0,2.0,62
1619,17,96,Rich,0,Slow,2,2.0,2.0,0.0,107
1620,17,97,Rich,3,Shigh,0,6.0,10.0,4.0,61
1621,17,97,Rich,1,Slow,3,2.0,4.0,2.0,96
1622,17,99,Rich,0,Slow,0,2.0,10.0,8.0,106
1623,17,99,Rich,2,Slow,2,2.0,8.0,6.0,110
1624,18,0,Poor,0,Slow,1,2.0,3.0,1.0,129
1625,18,1,Poor,1,Slow,0,2.0,3.0,1.0,129
1626,18,2,Poor,1,Slow,0,2.0,3.0,1.0,128
1627,18,4,Poor,0,Slow,0,2.0,3.0,1.0,128
1628,18,5,Poor,1,Slow,0,2.0,3.0,1.0,127
1629,18,6,Poor,1,Slow,4,2.0,3.0,1.0,126
1630,18,7,Poor,1,Slow,4,2.0,3.0,1.0,125
1631,18,8,Poor,1,Slow,4,2.0,3.0,1.0,124
1632,18,9,Poor,0,Slow,0,2.0,3.0,1.0,127
1633,18,10,Poor,2,Slow,0,2.0,3.0,1.0,129
1634,18,11,Poor,1,Slow,1,2.0,3.0,1.0,123
1635,18,13,Poor,0,Slow,0,2.0,3.0,1.0,126
1636,18,18,Poor,1,Slow,2,2.0,3.0,1.0,122
1637,18,19,Poor,0,Slow,2,2.0,3.0,1.0,125
1638,18,20,Poor,1,Slow,0,2.0,3.0,1.0,121
1639,18,22,Poor,2,Slow,2,2.0,3.0,1.0,128
1640,18,24,Poor,0,Slow,0,2.0,3.0,1.0,124
1641,18,25,Poor,0,Slow,0,2.0,3.0,1.0,123
1642,18,26,Poor,0,Slow,0,2.0,3.0,1.0,122
1643,18,27,Poor,0,Slow,2,2.0,3.0,1.0,121
1644,18,29,Poor,2,Slow,1,2.0,3.0,1.0,127
1645,18,33,Poor,2,Slow,0,2.0,3.0,1.0,126
1646,18,34,Poor,2,Slow,1,2.0,3.0,1.0,125
1647,18,36,Poor,2,Slow,1,2.0,3.0,1.0,124
1648,18,37,Poor,0,Slow,0,2.0,3.0,1.0,120
1649,18,38,Poor,1,Slow,1,2.0,3.0,1.0,120
1650,18,39,Poor,1,Slow,0,2.0,3.0,1.0,119
1651,18,40,Poor,0,Slow,2,2.0,3.0,1.0,119
1652,18,41,Poor,1,Slow,0,2.0,3.0,1.0,118
1653,18,42,Poor,1,Slow,1,2.0,3.0,1.0,117
1654,18,43,Poor,1,Slow,0,2.0,3.0,1.0,116
1655,18,45,Poor,2,Slow,2,2.0,3.0,1.0,123
1656,18,47,Poor,0,Slow,0,2.0,3.0,1.0,118
1657,18,48,Poor,2,Slow,2,2.0,3.0,1.0,122
1658,18,49,Poor,1,Slow,0,2.0,3.0,1.0,115
1659,18,50,Poor,1,Slow,0,2.0,3.0,1.0,114
1660,18,52,Poor,0,Slow,4,2.0,3.0,1.0,117
1661,18,55,Poor,0,Slow,2,2.0,3.0,1.0,116
1662,18,57,Poor,1,Slow,4,2.0,3.0,1.0,113
1663,18,61,Poor,2,Slow,0,2.0,3.0,1.0,121
1664,18,62,Poor,0,Slow,1,2.0,3.0,1.0,115
1665,18,63,Poor,1,Slow,0,2.0,3.0,1.0,112
1666,18,65,Poor,0,Slow,3,2.0,3.0,1.0,114
1667,18,67,Poor,1,Slow,2,2.0,3.0,1.0,111
1668,18,69,Poor,0,Slow,1,2.0,3.0,1.0,113
1669,18,71,Middle,4,Shigh,1,6.0,7.0,1.0,69
1670,18,72,Middle,0,Slow,2,2.0,7.0,5.0,112
1671,18,73,Middle,0,Slow,1,2.0,7.0,5.0,111
1672,18,73,Middle,2,Slow,3,2.0,5.0,3.0,120
1673,18,74,Middle,0,Slow,0,2.0,7.0,5.0,110
1674,18,74,Middle,2,Slow,4,2.0,5.0,3.0,119
1675,18,75,Middle,1,Slow,0,2.0,7.0,5.0,110
1676,18,76,Middle,3,Shigh,0,6.0,7.0,1.0,69
1677,18,77,Middle,0,Slow,0,2.0,7.0,5.0,109
1678,18,78,Middle,2,Slow,3,2.0,7.0,5.0,118
1679,18,80,Middle,2,Slow,1,2.0,7.0,5.0,117
1680,18,80,Middle,0,Slow,2,2.0,5.0,3.0,108
1681,18,81,Middle,1,Slow,1,2.0,7.0,5.0,109
1682,18,83,Middle,1,Slow,3,2.0,7.0,5.0,108
1683,18,85,Middle,3,Shigh,0,6.0,7.0,1.0,68
1684,18,86,Middle,0,Slow,0,2.0,7.0,5.0,107
1685,18,87,Middle,1,Slow,1,2.0,7.0,5.0,107
1686,18,87,Middle,0,Slow,3,2.0,5.0,3.0,106
1687,18,89,Middle,3,Shigh,0,6.0,7.0,1.0,67
1688,18,90,Rich,2,Slow,2,2.0,10.0,8.0,116
1689,18,91,Rich,0,Slow,2,2.0,10.0,8.0,105
1690,18,93,Rich,1,Slow,1,2.0,10.0,8.0,106
1691,18,93,Rich,4,Shigh,2,6.0,8.0,2.0,68
1692,18,94,Rich,3,Shigh,1,6.0,10.0,4.0,66
1693,18,94,Rich,2,Slow,4,2.0,4.0,2.0,115
1694,18,95,Rich,4,Shigh,0,6.0,10.0,4.0,67
1695,18,95,Rich,1,Slow,3,2.0,4.0,2.0,105
1696,18,96,Rich,0,Slow,0,2.0,10.0,8.0,104
1697,18,97,Rich,3,Shigh,1,6.0,10.0,4.0,65
1698,18,98,Rich,1,Slow,1,2.0,10.0,8.0,104
1699,18,98,Rich,0,Slow,3,2.0,8.0,6.0,103
1700,18,99,Rich,2,Slow,1,2.0,10.0,8.0,114
1701,18,99,Rich,1,Slow,4,2.0,8.0,6.0,103
1702,19,0,Poor,1,Slow,1,2.0,3.0,1.0,129
1703,19,1,Poor,0,Slow,0,2.0,3.0,1.0,129
1704,19,3,Poor,2,Slow,1,2.0,3.0,1.0,129
1705,19,4,Poor,2,Slow,0,2.0,3.0,1.0,128
1706,19,5,Poor,2,Slow,1,2.0,3.0,1.0,127
1707,19,8,Poor,2,Slow,1,2.0,3.0,1.0,126
1708,19,9,Poor,1,Slow,1,2.0,3.0,1.0,128
1709,19,10,Poor,1,Slow,1,2.0,3.0,1.0,127
1710,19,11,Poor,0,Slow,0,2.0,3.0,1.0,128
1711,19,14,Poor,2,Slow,0,2.0,3.0,1.0,125
1712,19,15,Poor,0,Slow,3,2.0,3.0,1.0,127
1713,19,16,Poor,2,Slow,4,2.0,3.0,1.0,124
1714,19,18,Poor,0,Slow,2,2.0,3.0,1.0,126
1715,19,21,Poor,2,Slow,4,2.0,3.0,1.0,123
1716,19,22,Poor,2,Slow,4,2.0,3.0,1.0,122
1717,19,24,Poor,2,Slow,3,2.0,3.0,1.0,121
1718,19,26,Poor,1,Slow,0,2.0,3.0,1.0,126
1719,19,27,Poor,0,Slow,4,2.0,3.0,1.0,125
1720,19,28,Poor,1,Slow,1,2.0,3.0,1.0,125
1721,19,30,Poor,0,Slow,1,2.0,3.0,1.0,124
1722,19,32,Poor,1,Slow,4,2.0,3.0,1.0,124
1723,19,34,Poor,0,Slow,2,2.0,3.0,1.0,123
1724,19,35,Poor,0,Slow,3,2.0,3.0,1.0,122
1725,19,38,Poor,1,Slow,1,2.0,3.0,1.0,123
1726,19,41,Poor,0,Slow,4,2.0,3.0,1.0,121
1727,19,42,Poor,1,Slow,3,2.0,3.0,1.0,122
1728,19,43,Poor,1,Slow,1,2.0,3.0,1.0,121
1729,19,44,Poor,0,Slow,1,2.0,3.0,1.0,120
1730,19,45,Poor,0,Slow,3,2.0,3.0,1.0,119
1731,19,46,Poor,1,Slow,1,2.0,3.0,1.0,120
1732,19,47,Poor,2,Slow,3,2.0,3.0,1.0,120
1733,19,48,Poor,2,Slow,2,2.0,3.0,1.0,119
1734,19,49,Poor,1,Slow,2,2.0,3.0,1.0,119
1735,19,50,Poor,1,Slow,3,2.0,3.0,1.0,118
1736,19,51,Poor,0,Slow,1,2.0,3.0,1.0,118
1737,19,52,Poor,1,Slow,1,2.0,3.0,1.0,117
1738,19,54,Poor,0,Slow,2,2.0,3.0,1.0,117
1739,19,55,Poor,1,Slow,0,2.0,3.0,1.0,116
1740,19,56,Poor,0,Slow,0,2.0,3.0,1.0,116
1741,19,57,Poor,0,Slow,3,2.0,3.0,1.0,115
1742,19,58,Poor,2,Slow,0,2.0,3.0,1.0,118
1743,19,59,Poor,2,Slow,2,2.0,3.0,1.0,117
1744,19,61,Poor,0,Slow,4,2.0,3.0,1.0,114
1745,19,64,Poor,1,Slow,0,2.0,3.0,1.0,115
1746,19,65,Poor,0,Slow,2,2.0,3.0,1.0,113
1747,19,67,Poor,2,Slow,0,2.0,3.0,1.0,116
1748,19,68,Poor,1,Slow,0,2.0,3.0,1.0,114
1749,19,69,Poor,1,Slow,2,2.0,3.0,1.0,113
1750,19,70,Middle,3,Shigh,0,6.0,7.0,1.0,69
1751,19,71,Middle,4,Shigh,0,6.0,7.0,1.0,69
1752,19,72,Middle,2,Slow,4,2.0,7.0,5.0,115
1753,19,73,Middle,0,Slow,1,2.0,7.0,5.0,112
1754,19,74,Middle,0,Slow,0,2.0,7.0,5.0,111
1755,19,74,Middle,1,Slow,2,2.0,5.0,3.0,112
1756,19,75,Middle,3,Shigh,1,6.0,7.0,1.0,68
1757,19,76,Middle,0,Slow,1,2.0,7.0,5.0,110
1758,19,77,Middle,1,Slow,0,2.0,7.0,5.0,111
1759,19,78,Middle,0,Slow,2,2.0,7.0,5.0,109
1760,19,78,Middle,1,Slow,4,2.0,5.0,3.0,110
1761,19,80,Middle,0,Slow,2,2.0,7.0,5.0,108
1762,19,81,Middle,0,Slow,1,2.0,7.0,5.0,107
1763,19,81,Middle,1,Slow,3,2.0,5.0,3.0,109
1764,19,82,Middle,4,Shigh,2,6.0,7.0,1.0,68
1765,19,83,Middle,0,Slow,0,2.0,7.0,5.0,106
1766,19,83,Middle,1,Slow,3,2.0,5.0,3.0,108
1767,19,84,Middle,0,Slow,1,2.0,7.0,5.0,105
1768,19,85,Middle,1,Slow,0,2.0,7.0,5.0,107
1769,19,86,Middle,0,Slow,1,2.0,7.0,5.0,104
1770,19,87,Middle,1,Slow,0,2.0,7.0,5.0,106
1771,19,88,Middle,0,Slow,1,2.0,7.0,5.0,103
1772,19,89,Middle,3,Shigh,0,6.0,7.0,1.0,67
1773,19,90,Rich,3,Shigh,0,6.0,10.0,4.0,66
1774,19,90,Rich,1,Slow,2,2.0,4.0,2.0,105
1775,19,90,Rich,0,Slow,3,2.0,2.0,0.0,102
1776,19,91,Rich,1,Slow,1,2.0,10.0,8.0,104
1777,19,91,Rich,3,Shigh,2,6.0,8.0,2.0,65
1778,19,92,Rich,2,Slow,2,2.0,10.0,8.0,114
1779,19,92,Rich,0,Slow,3,2.0,8.0,6.0,101
1780,19,93,Rich,0,Slow,0,2.0,10.0,8.0,100
1781,19,93,Rich,4,Shigh,2,6.0,8.0,2.0,67
1782,19,93,Rich,1,Slow,3,2.0,2.0,0.0,103
1783,19,94,Rich,0,Slow,3,2.0,10.0,8.0,99
1784,19,95,Rich,1,Slow,1,2.0,10.0,8.0,102
1785,19,95,Rich,4,Shigh,4,6.0,8.0,2.0,66
1786,19,96,Rich,2,Slow,0,2.0,10.0,8.0,113
1787,19,96,Rich,0,Slow,4,2.0,8.0,6.0,98
1788,19,97,Rich,1,Slow,0,2.0,10.0,8.0,101
1789,19,98,Rich,2,Slow,1,2.0,10.0,8.0,112
1790,19,98,Rich,0,Slow,2,2.0,8.0,6.0,97
1791,19,99,Rich,2,Slow,0,2.0,10.0,8.0,111
1792,19,99,Rich,4,Shigh,2,6.0,8.0,2.0,65
1793,19,99,Rich,0,Slow,3,2.0,2.0,0.0,96
1794,20,2,Poor,1,Slow,0,2.0,3.0,1.0,129
1795,20,3,Poor,0,Slow,0,2.0,3.0,1.0,129
1796,20,5,Poor,0,Slow,0,2.0,3.0,1.0,128
1797,20,6,Poor,1,Slow,3,2.0,3.0,1.0,128
1798,20,7,Poor,1,Slow,0,2.0,3.0,1.0,127
1799,20,8,Poor,1,Slow,1,2.0,3.0,1.0,126
1800,20,11,Poor,0,Slow,3,2.0,3.0,1.0,127
1801,20,12,Poor,2,Slow,1,2.0,3.0,1.0,129
1802,20,13,Poor,0,Slow,0,2.0,3.0,1.0,126
1803,20,14,Poor,2,Slow,2,2.0,3.0,1.0,128
1804,20,15,Poor,2,Slow,3,2.0,3.0,1.0,127
1805,20,16,Poor,2,Slow,3,2.0,3.0,1.0,126
1806,20,17,Poor,1,Slow,4,2.0,3.0,1.0,125
1807,20,19,Poor,0,Slow,0,2.0,3.0,1.0,125
1808,20,20,Poor,2,Slow,1,2.0,3.0,1.0,125
1809,20,21,Poor,2,Slow,3,2.0,3.0,1.0,124
1810,20,23,Poor,0,Slow,3,2.0,3.0,1.0,124
1811,20,24,Poor,1,Slow,3,2.0,3.0,1.0,124
1812,20,25,Poor,1,Slow,2,2.0,3.0,1.0,123
1813,20,26,Poor,0,Slow,0,2.0,3.0,1.0,123
1814,20,28,Poor,0,Slow,2,2.0,3.0,1.0,122
1815,20,29,Poor,1,Slow,1,2.0,3.0,1.0,122
1816,20,31,Poor,0,Slow,0,2.0,3.0,1.0,121
1817,20,32,Poor,1,Slow,1,2.0,3.0,1.0,121
1818,20,34,Poor,2,Slow,1,2.0,3.0,1.0,123
1819,20,35,Poor,1,Slow,0,2.0,3.0,1.0,120
1820,20,36,Poor,2,Slow,0,2.0,3.0,1.0,122
1821,20,39,Poor,1,Slow,0,2.0,3.0,1.0,119
1822,20,40,Poor,1,Slow,0,2.0,3.0,1.0,118
1823,20,44,Poor,1,Slow,4,2.0,3.0,1.0,117
1824,20,46,Poor,1,Slow,3,2.0,3.0,1.0,116
1825,20,49,Poor,2,Slow,4,2.0,3.0,1.0,121
1826,20,50,Poor,1,Slow,0,2.0,3.0,1.0,115
1827,20,52,Poor,0,Slow,1,2.0,3.0,1.0,120
1828,20,53,Poor,1,Slow,2,2.0,3.0,1.0,114
1829,20,54,Poor,1,Slow,3,2.0,3.0,1.0,113
1830,20,57,Poor,1,Slow,1,2.0,3.0,1.0,112
1831,20,58,Poor,0,Slow,2,2.0,3.0,1.0,119
1832,20,59,Poor,2,Slow,3,2.0,3.0,1.0,120
1833,20,60,Poor,0,Slow,1,2.0,3.0,1.0,118
1834,20,61,Poor,1,Slow,2,2.0,3.0,1.0,111
1835,20,62,Poor,1,Slow,1,2.0,3.0,1.0,110
1836,20,64,Poor,0,Slow,0,2.0,3.0,1.0,117
1837,20,65,Poor,0,Slow,0,2.0,3.0,1.0,116
1838,20,68,Poor,2,Slow,0,2.0,3.0,1.0,119
1839,20,69,Poor,0,Slow,2,2.0,3.0,1.0,115
1840,20,70,Middle,4,Shigh,0,6.0,7.0,1.0,69
1841,20,71,Middle,1,Slow,0,2.0,7.0,5.0,109
1842,20,71,Middle,2,Slow,1,2.0,5.0,3.0,118
1843,20,71,Middle,0,Slow,3,2.0,3.0,1.0,114
1844,20,73,Middle,3,Shigh,2,6.0,7.0,1.0,69
1845,20,74,Middle,0,Slow,3,2.0,7.0,5.0,113
1846,20,75,Middle,2,Slow,2,2.0,7.0,5.0,117
1847,20,76,Middle,2,Slow,1,2.0,7.0,5.0,116
1848,20,77,Middle,3,Shigh,1,6.0,7.0,1.0,68
1849,20,78,Middle,3,Shigh,0,6.0,7.0,1.0,67
1850,20,79,Middle,3,Shigh,0,6.0,7.0,1.0,66
1851,20,80,Middle,0,Slow,0,2.0,7.0,5.0,112
1852,20,81,Middle,0,Slow,4,2.0,7.0,5.0,111
1853,20,82,Middle,1,Slow,0,2.0,7.0,5.0,108
1854,20,83,Middle,3,Shigh,1,6.0,7.0,1.0,65
1855,20,85,Middle,0,Slow,3,2.0,7.0,5.0,110
1856,20,86,Middle,0,Slow,2,2.0,7.0,5.0,109
1857,20,86,Middle,1,Slow,4,2.0,5.0,3.0,107
1858,20,87,Middle,3,Shigh,2,6.0,7.0,1.0,64
1859,20,88,Middle,0,Slow,3,2.0,7.0,5.0,108
1860,20,88,Middle,1,Slow,4,2.0,5.0,3.0,106
1861,20,90,Rich,2,Slow,0,2.0,10.0,8.0,115
1862,20,90,Rich,3,Shigh,1,6.0,8.0,2.0,63
1863,20,90,Rich,0,Slow,4,2.0,2.0,0.0,107
1864,20,91,Rich,4,Shigh,2,6.0,10.0,4.0,68
1865,20,91,Rich,1,Slow,4,2.0,4.0,2.0,105
1866,20,92,Rich,4,Shigh,1,6.0,10.0,4.0,67
1867,20,92,Rich,0,Slow,2,2.0,4.0,2.0,106
1868,20,93,Rich,3,Shigh,0,6.0,10.0,4.0,62
1869,20,93,Rich,1,Slow,3,2.0,4.0,2.0,104
1870,20,94,Rich,2,Slow,0,2.0,10.0,8.0,114
1871,20,94,Rich,3,Shigh,2,6.0,8.0,2.0,61
1872,20,95,Rich,4,Shigh,1,6.0,10.0,4.0,66
1873,20,95,Rich,0,Slow,2,2.0,4.0,2.0,105
1874,20,95,Rich,2,Slow,3,2.0,2.0,0.0,113
1875,20,96,Rich,4,Shigh,1,6.0,10.0,4.0,65
1876,20,96,Rich,2,Slow,2,2.0,4.0,2.0,112
1877,20,96,Rich,1,Slow,4,2.0,2.0,0.0,103
1878,20,97,Rich,3,Shigh,0,6.0,10.0,4.0,60
1879,20,97,Rich,2,Slow,2,2.0,4.0,2.0,111
1880,20,97,Rich,1,Slow,3,2.0,2.0,0.0,102
1881,20,98,Rich,4,Shigh,3,6.0,10.0,4.0,64
1882,20,99,Rich,2,Slow,0,2.0,10.0,8.0,110
1883,20,99,Rich,0,Slow,1,2.0,8.0,6.0,104
1884,21,0,Poor,2,Slow,3,2.0,3.0,1.0,129
1885,21,1,Poor,0,Slow,2,2.0,3.0,1.0,129
1886,21,2,Poor,1,Slow,2,2.0,3.0,1.0,129
1887,21,4,Poor,2,Slow,4,2.0,3.0,1.0,128
1888,21,5,Poor,2,Slow,0,2.0,3.0,1.0,127
1889,21,6,Poor,2,Slow,3,2.0,3.0,1.0,126
1890,21,8,Poor,2,Slow,4,2.0,3.0,1.0,125
1891,21,10,Poor,2,Slow,1,2.0,3.0,1.0,124
1892,21,11,Poor,2,Slow,0,2.0,3.0,1.0,123
1893,21,12,Poor,1,Slow,2,2.0,3.0,1.0,128
1894,21,13,Poor,2,Slow,1,2.0,3.0,1.0,122
1895,21,16,Poor,1,Slow,2,2.0,3.0,1.0,127
1896,21,17,Poor,2,Slow,0,2.0,3.0,1.0,121
1897,21,19,Poor,0,Slow,1,2.0,3.0,1.0,128
1898,21,20,Poor,0,Slow,2,2.0,3.0,1.0,127
1899,21,21,Poor,2,Slow,0,2.0,3.0,1.0,120
1900,21,22,Poor,2,Slow,0,2.0,3.0,1.0,119
1901,21,24,Poor,1,Slow,1,2.0,3.0,1.0,126
1902,21,25,Poor,2,Slow,0,2.0,3.0,1.0,118
1903,21,26,Poor,0,Slow,3,2.0,3.0,1.0,126
1904,21,27,Poor,1,Slow,4,2.0,3.0,1.0,125
1905,21,29,Poor,2,Slow,0,2.0,3.0,1.0,117
1906,21,30,Poor,0,Slow,0,2.0,3.0,1.0,125
1907,21,31,Poor,1,Slow,1,2.0,3.0,1.0,124
1908,21,33,Poor,1,Slow,1,2.0,3.0,1.0,123
1909,21,34,Poor,0,Slow,1,2.0,3.0,1.0,124
1910,21,35,Poor,1,Slow,0,2.0,3.0,1.0,122
1911,21,37,Poor,1,Slow,4,2.0,3.0,1.0,121
1912,21,38,Poor,1,Slow,2,2.0,3.0,1.0,120
1913,21,39,Poor,0,Slow,0,2.0,3.0,1.0,123
1914,21,40,Poor,1,Slow,0,2.0,3.0,1.0,119
1915,21,41,Poor,0,Slow,0,2.0,3.0,1.0,122
1916,21,42,Poor,0,Slow,0,2.0,3.0,1.0,121
1917,21,45,Poor,0,Slow,3,2.0,3.0,1.0,120
1918,21,47,Poor,1,Slow,3,2.0,3.0,1.0,118
1919,21,50,Poor,2,Slow,2,2.0,3.0,1.0,116
1920,21,51,Poor,2,Slow,0,2.0,3.0,1.0,115
1921,21,52,Poor,0,Slow,0,2.0,3.0,1.0,119
1922,21,53,Poor,0,Slow,0,2.0,3.0,1.0,118
1923,21,54,Poor,2,Slow,1,2.0,3.0,1.0,114
1924,21,55,Poor,1,Slow,3,2.0,3.0,1.0,117
1925,21,56,Poor,0,Slow,4,2.0,3.0,1.0,117
1926,21,57,Poor,2,Slow,3,2.0,3.0,1.0,113
1927,21,58,Poor,1,Slow,1,2.0,3.0,1.0,116
1928,21,59,Poor,0,Slow,0,2.0,3.0,1.0,116
1929,21,60,Poor,2,Slow,3,2.0,3.0,1.0,112
1930,21,61,Poor,2,Slow,1,2.0,3.0,1.0,111
1931,21,63,Poor,1,Slow,1,2.0,3.0,1.0,115
1932,21,66,Poor,1,Slow,0,2.0,3.0,1.0,114
1933,21,68,Poor,0,Slow,2,2.0,3.0,1.0,115
1934,21,69,Poor,0,Slow,0,2.0,3.0,1.0,114
1935,21,70,Middle,2,Slow,2,2.0,7.0,5.0,110
1936,21,70,Middle,0,Slow,4,2.0,5.0,3.0,113
1937,21,71,Middle,0,Slow,3,2.0,7.0,5.0,112
1938,21,72,Middle,4,Shigh,0,6.0,7.0,1.0,69
1939,21,73,Middle,3,Shigh,0,6.0,7.0,1.0,69
1940,21,75,Middle,3,Shigh,1,6.0,7.0,1.0,68
1941,21,76,Middle,1,Slow,3,2.0,7.0,5.0,113
1942,21,77,Middle,1,Slow,0,2.0,7.0,5.0,112
1943,21,77,Middle,0,Slow,2,2.0,5.0,3.0,111
1944,21,78,Middle,3,Shigh,3,6.0,7.0,1.0,67
1945,21,79,Middle,1,Slow,0,2.0,7.0,5.0,111
1946,21,80,Middle,2,Slow,4,2.0,7.0,5.0,109
1947,21,81,Middle,2,Slow,1,2.0,7.0,5.0,108
1948,21,82,Middle,0,Slow,0,2.0,7.0,5.0,110
1949,21,84,Middle,2,Slow,1,2.0,7.0,5.0,107
1950,21,84,Middle,0,Slow,2,2.0,5.0,3.0,109
1951,21,85,Middle,3,Shigh,0,6.0,7.0,1.0,66
1952,21,87,Middle,1,Slow,1,2.0,7.0,5.0,110
1953,21,87,Middle,2,Slow,4,2.0,5.0,3.0,106
1954,21,88,Middle,2,Slow,1,2.0,7.0,5.0,105
1955,21,89,Middle,1,Slow,1,2.0,7.0,5.0,109
1956,21,90,Rich,3,Shigh,1,6.0,10.0,4.0,65
1957,21,90,Rich,0,Slow,3,2.0,4.0,2.0,108
1958,21,91,Rich,1,Slow,0,2.0,10.0,8.0,108
1959,21,91,Rich,4,Shigh,1,6.0,8.0,2.0,68
1960,21,91,Rich,2,Slow,2,2.0,2.0,0.0,104
1961,21,92,Rich,3,Shigh,2,6.0,10.0,4.0,64
1962,21,93,Rich,3,Shigh,2,6.0,10.0,4.0,63
1963,21,93,Rich,1,Slow,3,2.0,4.0,2.0,107
1964,21,94,Rich,0,Slow,4,2.0,10.0,8.0,107
1965,21,96,Rich,0,Slow,1,2.0,10.0,8.0,106
1966,21,96,Rich,2,Slow,3,2.0,8.0,6.0,103
1967,21,96,Rich,1,Slow,4,2.0,6.0,4.0,106
1968,21,97,Rich,3,Shigh,1,6.0,10.0,4.0,62
1969,21,97,Rich,1,Slow,2,2.0,4.0,2.0,105
1970,21,97,Rich,0,Slow,4,2.0,2.0,0.0,105
1971,21,98,Rich,0,Slow,4,2.0,10.0,8.0,104
1972,21,99,Rich,3,Shigh,0,6.0,10.0,4.0,61
1973,21,99,Rich,1,Slow,3,2.0,4.0,2.0,104
1974,21,99,Rich,2,Slow,4,2.0,2.0,0.0,102
1975,22,1,Poor,0,Slow,3,2.0,3.0,1.0,129
1976,22,2,Poor,2,Slow,2,2.0,3.0,1.0,129
1977,22,3,Poor,1,Slow,1,2.0,3.0,1.0,129
1978,22,4,Poor,1,Slow,2,2.0,3.0,1.0,128
1979,22,5,Poor,0,Slow,2,2.0,3.0,1.0,128
1980,22,7,Poor,0,Slow,2,2.0,3.0,1.0,127
1981,22,8,Poor,2,Slow,2,2.0,3.0,1.0,128
1982,22,9,Poor,1,Slow,0,2.0,3.0,1.0,127
1983,22,10,Poor,2,Slow,4,2.0,3.0,1.0,127
1984,22,13,Poor,1,Slow,4,2.0,3.0,1.0,126
1985,22,16,Poor,2,Slow,0,2.0,3.0,1.0,126
1986,22,18,Poor,0,Slow,4,2.0,3.0,1.0,126
1987,22,21,Poor,0,Slow,4,2.0,3.0,1.0,125
1988,22,22,Poor,1,Slow,3,2.0,3.0,1.0,125
1989,22,23,Poor,0,Slow,2,2.0,3.0,1.0,124
1990,22,24,Poor,1,Slow,2,2.0,3.0,1.0,124
1991,22,25,Poor,2,Slow,1,2.0,3.0,1.0,125
1992,22,26,Poor,0,Slow,3,2.0,3.0,1.0,123
1993,22,27,Poor,1,Slow,2,2.0,3.0,1.0,123
1994,22,28,Poor,0,Slow,4,2.0,3.0,1.0,122
1995,22,30,Poor,2,Slow,2,2.0,3.0,1.0,124
1996,22,31,Poor,1,Slow,4,2.0,3.0,1.0,122
1997,22,32,Poor,0,Slow,3,2.0,3.0,1.0,121
1998,22,33,Poor,1,Slow,0,2.0,3.0,1.0,121
1999,22,34,Poor,1,Slow,2,2.0,3.0,1.0,120
2000,22,35,Poor,0,Slow,0,2.0,3.0,1.0,120
2001,22,36,Poor,0,Slow,1,2.0,3.0,1.0,119
2002,22,37,Poor,0,Slow,1,2.0,3.0,1.0,118
2003,22,38,Poor,2,Slow,1,2.0,3.0,1.0,123
2004,22,39,Poor,2,Slow,4,2.0,3.0,1.0,122
2005,22,42,Poor,0,Slow,3,2.0,3.0,1.0,117
2006,22,45,Poor,2,Slow,0,2.0,3.0,1.0,121
2007,22,46,Poor,1,Slow,0,2.0,3.0,1.0,119
2008,22,48,Poor,2,Slow,1,2.0,3.0,1.0,120
2009,22,49,Poor,0,Slow,0,2.0,3.0,1.0,116
2010,22,50,Poor,2,Slow,3,2.0,3.0,1.0,119
2011,22,52,Poor,0,Slow,1,2.0,3.0,1.0,115
2012,22,53,Poor,1,Slow,0,2.0,3.0,1.0,118
2013,22,54,Poor,2,Slow,0,2.0,3.0,1.0,118
2014,22,57,Poor,0,Slow,0,2.0,3.0,1.0,114
2015,22,58,Poor,0,Slow,0,2.0,3.0,1.0,113
2016,22,59,Poor,1,Slow,2,2.0,3.0,1.0,117
2017,22,60,Poor,2,Slow,0,2.0,3.0,1.0,117
2018,22,62,Poor,0,Slow,2,2.0,3.0,1.0,112
2019,22,63,Poor,1,Slow,0,2.0,3.0,1.0,116
2020,22,65,Poor,2,Slow,1,2.0,3.0,1.0,116
2021,22,66,Poor,0,Slow,2,2.0,3.0,1.0,111
2022,22,67,Poor,0,Slow,0,2.0,3.0,1.0,110
2023,22,68,Poor,0,Slow,1,2.0,3.0,1.0,109
2024,22,69,Poor,1,Slow,0,2.0,3.0,1.0,115
2025,22,70,Middle,1,Slow,0,2.0,7.0,5.0,114
2026,22,71,Middle,1,Slow,1,2.0,7.0,5.0,113
2027,22,72,Middle,0,Slow,2,2.0,7.0,5.0,108
2028,22,73,Middle,4,Shigh,0,6.0,7.0,1.0,69
2029,22,74,Middle,0,Slow,1,2.0,7.0,5.0,107
2030,22,75,Middle,1,Slow,3,2.0,7.0,5.0,112
2031,22,75,Middle,0,Slow,4,2.0,5.0,3.0,106
2032,22,77,Middle,4,Shigh,1,6.0,7.0,1.0,68
2033,22,78,Middle,2,Slow,0,2.0,7.0,5.0,115
2034,22,78,Middle,1,Slow,1,2.0,5.0,3.0,111
2035,22,79,Middle,4,Shigh,2,6.0,7.0,1.0,67
2036,22,81,Middle,3,Shigh,0,6.0,7.0,1.0,69
2037,22,82,Middle,1,Slow,1,2.0,7.0,5.0,110
2038,22,82,Middle,0,Slow,2,2.0,5.0,3.0,105
2039,22,82,Middle,2,Slow,4,2.0,3.0,1.0,114
2040,22,83,Middle,0,Slow,2,2.0,7.0,5.0,104
2041,22,84,Middle,0,Slow,0,2.0,7.0,5.0,103
2042,22,85,Middle,0,Slow,1,2.0,7.0,5.0,102
2043,22,86,Middle,3,Shigh,4,6.0,7.0,1.0,68
2044,22,87,Middle,0,Slow,3,2.0,7.0,5.0,101
2045,22,89,Middle,3,Shigh,4,6.0,7.0,1.0,67
2046,22,90,Rich,0,Slow,1,2.0,10.0,8.0,100
2047,22,90,Rich,2,Slow,2,2.0,8.0,6.0,113
2048,22,90,Rich,3,Shigh,3,6.0,6.0,0.0,66
2049,22,91,Rich,3,Shigh,1,6.0,10.0,4.0,65
2050,22,91,Rich,2,Slow,2,2.0,4.0,2.0,112
2051,22,92,Rich,3,Shigh,0,6.0,10.0,4.0,64
2052,22,92,Rich,0,Slow,2,2.0,4.0,2.0,99
2053,22,93,Rich,4,Shigh,0,6.0,10.0,4.0,66
2054,22,93,Rich,1,Slow,3,2.0,4.0,2.0,109
2055,22,95,Rich,0,Slow,2,2.0,10.0,8.0,98
2056,22,96,Rich,3,Shigh,1,6.0,10.0,4.0,63
2057,22,96,Rich,2,Slow,4,2.0,4.0,2.0,111
2058,22,98,Rich,2,Slow,0,2.0,10.0,8.0,110
2059,22,98,Rich,1,Slow,2,2.0,8.0,6.0,108
2060,22,98,Rich,0,Slow,4,2.0,6.0,4.0,97
2061,22,99,Rich,3,Shigh,0,6.0,10.0,4.0,62
2062,22,99,Rich,2,Slow,1,2.0,4.0,2.0,109
2063,22,99,Rich,1,Slow,3,2.0,2.0,0.0,107
2064,23,0,Poor,0,Slow,1,2.0,3.0,1.0,129
2065,23,1,Poor,0,Slow,3,2.0,3.0,1.0,128
2066,23,2,Poor,2,Slow,0,2.0,3.0,1.0,129
2067,23,3,Poor,0,Slow,2,2.0,3.0,1.0,127
2068,23,4,Poor,1,Slow,0,2.0,3.0,1.0,129
2069,23,5,Poor,2,Slow,2,2.0,3.0,1.0,128
2070,23,6,Poor,1,Slow,2,2.0,3.0,1.0,128
2071,23,7,Poor,2,Slow,1,2.0,3.0,1.0,127
2072,23,9,Poor,0,Slow,0,2.0,3.0,1.0,126
2073,23,10,Poor,0,Slow,3,2.0,3.0,1.0,125
2074,23,11,Poor,0,Slow,2,2.0,3.0,1.0,124
2075,23,14,Poor,2,Slow,1,2.0,3.0,1.0,126
2076,23,15,Poor,1,Slow,3,2.0,3.0,1.0,127
2077,23,17,Poor,2,Slow,4,2.0,3.0,1.0,125
2078,23,18,Poor,1,Slow,2,2.0,3.0,1.0,126
2079,23,19,Poor,0,Slow,1,2.0,3.0,1.0,123
2080,23,21,Poor,0,Slow,0,2.0,3.0,1.0,122
2081,23,22,Poor,0,Slow,1,2.0,3.0,1.0,121
2082,23,23,Poor,0,Slow,0,2.0,3.0,1.0,120
2083,23,24,Poor,1,Slow,1,2.0,3.0,1.0,125
2084,23,25,Poor,1,Slow,0,2.0,3.0,1.0,124
2085,23,27,Poor,1,Slow,1,2.0,3.0,1.0,123
2086,23,28,Poor,1,Slow,1,2.0,3.0,1.0,122
2087,23,29,Poor,0,Slow,0,2.0,3.0,1.0,119
2088,23,30,Poor,1,Slow,0,2.0,3.0,1.0,121
2089,23,31,Poor,1,Slow,4,2.0,3.0,1.0,120
2090,23,32,Poor,1,Slow,3,2.0,3.0,1.0,119
2091,23,34,Poor,0,Slow,0,2.0,3.0,1.0,118
2092,23,36,Poor,1,Slow,1,2.0,3.0,1.0,118
2093,23,37,Poor,2,Slow,1,2.0,3.0,1.0,124
2094,23,39,Poor,0,Slow,0,2.0,3.0,1.0,117
2095,23,43,Poor,0,Slow,4,2.0,3.0,1.0,116
2096,23,44,Poor,1,Slow,1,2.0,3.0,1.0,117
2097,23,45,Poor,1,Slow,4,2.0,3.0,1.0,116
2098,23,47,Poor,0,Slow,2,2.0,3.0,1.0,115
2099,23,48,Poor,0,Slow,0,2.0,3.0,1.0,114
2100,23,49,Poor,0,Slow,3,2.0,3.0,1.0,113
2101,23,52,Poor,1,Slow,0,2.0,3.0,1.0,115
2102,23,53,Poor,0,Slow,3,2.0,3.0,1.0,112
2103,23,54,Poor,1,Slow,3,2.0,3.0,1.0,114
2104,23,55,Poor,1,Slow,1,2.0,3.0,1.0,113
2105,23,56,Poor,1,Slow,3,2.0,3.0,1.0,112
2106,23,57,Poor,1,Slow,2,2.0,3.0,1.0,111
2107,23,58,Poor,2,Slow,1,2.0,3.0,1.0,123
2108,23,59,Poor,1,Slow,0,2.0,3.0,1.0,110
2109,23,60,Poor,1,Slow,2,2.0,3.0,1.0,109
2110,23,61,Poor,1,Slow,1,2.0,3.0,1.0,108
2111,23,62,Poor,0,Slow,1,2.0,3.0,1.0,111
2112,23,63,Poor,0,Slow,1,2.0,3.0,1.0,110
2113,23,64,Poor,1,Slow,2,2.0,3.0,1.0,107
2114,23,66,Poor,0,Slow,3,2.0,3.0,1.0,109
2115,23,67,Poor,0,Slow,1,2.0,3.0,1.0,108
2116,23,68,Poor,1,Slow,0,2.0,3.0,1.0,106
2117,23,69,Poor,0,Slow,2,2.0,3.0,1.0,107
2118,23,70,Middle,3,Shigh,1,6.0,7.0,1.0,69
2119,23,72,Middle,2,Slow,3,2.0,7.0,5.0,122
2120,23,72,Middle,1,Slow,4,2.0,5.0,3.0,105
2121,23,73,Middle,2,Slow,1,2.0,7.0,5.0,121
2122,23,73,Middle,1,Slow,3,2.0,5.0,3.0,104
2123,23,74,Middle,1,Slow,1,2.0,7.0,5.0,103
2124,23,74,Middle,2,Slow,2,2.0,5.0,3.0,120
2125,23,75,Middle,0,Slow,2,2.0,7.0,5.0,106
2126,23,75,Middle,2,Slow,3,2.0,5.0,3.0,119
2127,23,76,Middle,0,Slow,0,2.0,7.0,5.0,105
2128,23,76,Middle,2,Slow,3,2.0,5.0,3.0,118
2129,23,78,Middle,0,Slow,2,2.0,7.0,5.0,104
2130,23,79,Middle,1,Slow,1,2.0,7.0,5.0,102
2131,23,79,Middle,2,Slow,3,2.0,5.0,3.0,117
2132,23,80,Middle,2,Slow,0,2.0,7.0,5.0,116
2133,23,80,Middle,0,Slow,1,2.0,5.0,3.0,103
2134,23,80,Middle,1,Slow,2,2.0,3.0,1.0,101
2135,23,83,Middle,0,Slow,4,2.0,7.0,5.0,102
2136,23,84,Middle,0,Slow,1,2.0,7.0,5.0,101
2137,23,84,Middle,1,Slow,3,2.0,5.0,3.0,100
2138,23,85,Middle,1,Slow,4,2.0,7.0,5.0,99
2139,23,86,Middle,4,Shigh,0,6.0,7.0,1.0,69
2140,23,87,Middle,1,Slow,0,2.0,7.0,5.0,98
2141,23,87,Middle,2,Slow,1,2.0,5.0,3.0,115
2142,23,88,Middle,2,Slow,1,2.0,7.0,5.0,114
2143,23,88,Middle,1,Slow,3,2.0,5.0,3.0,97
2144,23,89,Middle,4,Shigh,1,6.0,7.0,1.0,68
2145,23,90,Rich,0,Slow,0,2.0,10.0,8.0,100
2146,23,90,Rich,1,Slow,1,2.0,8.0,6.0,96
2147,23,90,Rich,4,Shigh,2,6.0,6.0,0.0,67
2148,23,91,Rich,0,Slow,2,2.0,10.0,8.0,99
2149,23,91,Rich,4,Shigh,3,6.0,8.0,2.0,66
2150,23,92,Rich,2,Slow,0,2.0,10.0,8.0,113
2151,23,92,Rich,0,Slow,2,2.0,8.0,6.0,98
2152,23,92,Rich,4,Shigh,3,6.0,6.0,0.0,65
2153,23,93,Rich,1,Slow,3,2.0,10.0,8.0,95
2154,23,94,Rich,0,Slow,0,2.0,10.0,8.0,97
2155,23,94,Rich,2,Slow,4,2.0,8.0,6.0,112
2156,23,95,Rich,0,Slow,0,2.0,10.0,8.0,96
2157,23,96,Rich,2,Slow,1,2.0,10.0,8.0,111
2158,23,97,Rich,2,Slow,1,2.0,10.0,8.0,110
2159,23,97,Rich,3,Shigh,3,6.0,8.0,2.0,68
2160,23,98,Rich,3,Shigh,4,6.0,10.0,4.0,67
2161,23,99,Rich,0,Slow,3,2.0,10.0,8.0,95
2162,24,0,Poor,1,Slow,3,2.0,3.0,1.0,129
2163,24,1,Poor,0,Slow,4,2.0,3.0,1.0,129
2164,24,2,Poor,0,Slow,1,2.0,3.0,1.0,128
2165,24,4,Poor,0,Slow,2,2.0,3.0,1.0,127
2166,24,5,Poor,1,Slow,2,2.0,3.0,1.0,128
2167,24,6,Poor,0,Slow,0,2.0,3.0,1.0,126
2168,24,11,Poor,1,Slow,2,2.0,3.0,1.0,127
2169,24,13,Poor,1,Slow,0,2.0,3.0,1.0,126
2170,24,14,Poor,2,Slow,4,2.0,3.0,1.0,129
2171,24,15,Poor,1,Slow,2,2.0,3.0,1.0,125
2172,24,16,Poor,2,Slow,2,2.0,3.0,1.0,128
2173,24,17,Poor,1,Slow,1,2.0,3.0,1.0,124
2174,24,18,Poor,0,Slow,3,2.0,3.0,1.0,125
2175,24,19,Poor,1,Slow,0,2.0,3.0,1.0,123
2176,24,20,Poor,0,Slow,3,2.0,3.0,1.0,124
2177,24,21,Poor,0,Slow,1,2.0,3.0,1.0,123
2178,24,22,Poor,0,Slow,3,2.0,3.0,1.0,122
2179,24,24,Poor,2,Slow,1,2.0,3.0,1.0,127
2180,24,25,Poor,0,Slow,2,2.0,3.0,1.0,121
2181,24,26,Poor,2,Slow,2,2.0,3.0,1.0,126
2182,24,27,Poor,1,Slow,1,2.0,3.0,1.0,122
2183,24,29,Poor,1,Slow,0,2.0,3.0,1.0,121
2184,24,30,Poor,1,Slow,1,2.0,3.0,1.0,120
2185,24,33,Poor,1,Slow,2,2.0,3.0,1.0,119
2186,24,34,Poor,0,Slow,0,2.0,3.0,1.0,120
2187,24,35,Poor,0,Slow,1,2.0,3.0,1.0,119
2188,24,36,Poor,2,Slow,3,2.0,3.0,1.0,125
2189,24,37,Poor,1,Slow,0,2.0,3.0,1.0,118
2190,24,39,Poor,2,Slow,0,2.0,3.0,1.0,124
2191,24,41,Poor,0,Slow,1,2.0,3.0,1.0,118
2192,24,42,Poor,0,Slow,0,2.0,3.0,1.0,117
2193,24,44,Poor,1,Slow,4,2.0,3.0,1.0,117
2194,24,46,Poor,1,Slow,3,2.0,3.0,1.0,116
2195,24,47,Poor,1,Slow,2,2.0,3.0,1.0,115
2196,24,48,Poor,0,Slow,1,2.0,3.0,1.0,116
2197,24,49,Poor,0,Slow,3,2.0,3.0,1.0,115
2198,24,50,Poor,0,Slow,0,2.0,3.0,1.0,114
2199,24,52,Poor,1,Slow,3,2.0,3.0,1.0,114
2200,24,53,Poor,0,Slow,0,2.0,3.0,1.0,113
2201,24,54,Poor,2,Slow,1,2.0,3.0,1.0,123
2202,24,56,Poor,0,Slow,4,2.0,3.0,1.0,112
2203,24,59,Poor,0,Slow,0,2.0,3.0,1.0,111
2204,24,61,Poor,1,Slow,4,2.0,3.0,1.0,113
2205,24,62,Poor,2,Slow,3,2.0,3.0,1.0,122
2206,24,64,Poor,2,Slow,0,2.0,3.0,1.0,121
2207,24,65,Poor,1,Slow,0,2.0,3.0,1.0,112
2208,24,66,Poor,0,Slow,0,2.0,3.0,1.0,110
2209,24,67,Poor,1,Slow,0,2.0,3.0,1.0,111
2210,24,68,Poor,1,Slow,4,2.0,3.0,1.0,110
2211,24,70,Middle,2,Slow,0,2.0,7.0,5.0,120
2212,24,71,Middle,1,Slow,0,2.0,7.0,5.0,109
2213,24,71,Middle,0,Slow,1,2.0,5.0,3.0,109
2214,24,71,Middle,2,Slow,4,2.0,3.0,1.0,119
2215,24,72,Middle,1,Slow,0,2.0,7.0,5.0,108
2216,24,73,Middle,2,Slow,0,2.0,7.0,5.0,118
2217,24,74,Middle,3,Shigh,1,6.0,7.0,1.0,69
2218,24,75,Middle,3,Shigh,0,6.0,7.0,1.0,68
2219,24,76,Middle,0,Slow,2,2.0,7.0,5.0,108
2220,24,76,Middle,1,Slow,3,2.0,5.0,3.0,107
2221,24,78,Middle,4,Shigh,0,6.0,7.0,1.0,69
2222,24,79,Middle,3,Shigh,1,6.0,7.0,1.0,67
2223,24,80,Middle,3,Shigh,4,6.0,7.0,1.0,66
2224,24,81,Middle,0,Slow,1,2.0,7.0,5.0,107
2225,24,84,Middle,3,Shigh,3,6.0,7.0,1.0,65
2226,24,85,Middle,3,Shigh,0,6.0,7.0,1.0,64
2227,24,86,Middle,0,Slow,3,2.0,7.0,5.0,106
2228,24,86,Middle,1,Slow,4,2.0,5.0,3.0,106
2229,24,87,Middle,2,Slow,3,2.0,7.0,5.0,117
2230,24,88,Middle,2,Slow,1,2.0,7.0,5.0,116
2231,24,89,Middle,2,Slow,1,2.0,7.0,5.0,115
2232,24,89,Middle,0,Slow,3,2.0,5.0,3.0,105
2233,24,90,Rich,0,Slow,1,2.0,10.0,8.0,104
2234,24,90,Rich,3,Shigh,2,6.0,8.0,2.0,63
2235,24,90,Rich,1,Slow,3,2.0,2.0,0.0,105
2236,24,91,Rich,1,Slow,2,2.0,10.0,8.0,104
2237,24,91,Rich,0,Slow,3,2.0,8.0,6.0,103
2238,24,92,Rich,0,Slow,0,2.0,10.0,8.0,102
2239,24,92,Rich,3,Shigh,3,6.0,8.0,2.0,62
2240,24,93,Rich,2,Slow,0,2.0,10.0,8.0,114
2241,24,93,Rich,3,Shigh,1,6.0,8.0,2.0,61
2242,24,93,Rich,0,Slow,3,2.0,2.0,0.0,101
2243,24,94,Rich,0,Slow,0,2.0,10.0,8.0,100
2244,24,94,Rich,1,Slow,2,2.0,8.0,6.0,103
2245,24,94,Rich,3,Shigh,3,6.0,6.0,0.0,60
2246,24,95,Rich,0,Slow,1,2.0,10.0,8.0,99
2247,24,95,Rich,1,Slow,3,2.0,8.0,6.0,102
2248,24,95,Rich,2,Slow,4,2.0,6.0,4.0,113
2249,24,96,Rich,4,Shigh,2,6.0,10.0,4.0,68
2250,24,97,Rich,3,Shigh,4,6.0,10.0,4.0,59
2251,24,99,Rich,3,Shigh,3,6.0,10.0,4.0,58
2252,25,0,Poor,0,Slow,4,2.0,3.0,1.0,129
2253,25,2,Poor,0,Slow,3,2.0,3.0,1.0,128
2254,25,3,Poor,1,Slow,2,2.0,3.0,1.0,129
2255,25,4,Poor,0,Slow,3,2.0,3.0,1.0,127
2256,25,8,Poor,1,Slow,1,2.0,3.0,1.0,128
2257,25,10,Poor,0,Slow,3,2.0,3.0,1.0,126
2258,25,11,Poor,0,Slow,0,2.0,3.0,1.0,125
2259,25,13,Poor,0,Slow,0,2.0,3.0,1.0,124
2260,25,14,Poor,2,Slow,3,2.0,3.0,1.0,129
2261,25,15,Poor,1,Slow,0,2.0,3.0,1.0,127
2262,25,17,Poor,0,Slow,3,2.0,3.0,1.0,123
2263,25,19,Poor,1,Slow,1,2.0,3.0,1.0,126
2264,25,20,Poor,2,Slow,2,2.0,3.0,1.0,128
2265,25,21,Poor,0,Slow,1,2.0,3.0,1.0,122
2266,25,22,Poor,1,Slow,3,2.0,3.0,1.0,125
2267,25,25,Poor,1,Slow,2,2.0,3.0,1.0,124
2268,25,26,Poor,1,Slow,0,2.0,3.0,1.0,123
2269,25,28,Poor,0,Slow,1,2.0,3.0,1.0,121
2270,25,29,Poor,0,Slow,1,2.0,3.0,1.0,120
2271,25,30,Poor,0,Slow,1,2.0,3.0,1.0,119
2272,25,31,Poor,0,Slow,3,2.0,3.0,1.0,118
2273,25,33,Poor,0,Slow,3,2.0,3.0,1.0,117
2274,25,34,Poor,0,Slow,0,2.0,3.0,1.0,116
2275,25,35,Poor,1,Slow,0,2.0,3.0,1.0,122
2276,25,36,Poor,0,Slow,4,2.0,3.0,1.0,115
2277,25,37,Poor,1,Slow,2,2.0,3.0,1.0,121
2278,25,38,Poor,2,Slow,1,2.0,3.0,1.0,127
2279,25,39,Poor,2,Slow,1,2.0,3.0,1.0,126
2280,25,40,Poor,2,Slow,0,2.0,3.0,1.0,125
2281,25,41,Poor,1,Slow,1,2.0,3.0,1.0,120
2282,25,43,Poor,0,Slow,1,2.0,3.0,1.0,114
2283,25,44,Poor,1,Slow,0,2.0,3.0,1.0,119
2284,25,45,Poor,2,Slow,3,2.0,3.0,1.0,124
2285,25,46,Poor,0,Slow,1,2.0,3.0,1.0,113
2286,25,47,Poor,1,Slow,0,2.0,3.0,1.0,118
2287,25,48,Poor,1,Slow,4,2.0,3.0,1.0,117
2288,25,50,Poor,0,Slow,4,2.0,3.0,1.0,112
2289,25,52,Poor,1,Slow,3,2.0,3.0,1.0,116
2290,25,53,Poor,1,Slow,1,2.0,3.0,1.0,115
2291,25,54,Poor,2,Slow,3,2.0,3.0,1.0,123
2292,25,57,Poor,1,Slow,4,2.0,3.0,1.0,114
2293,25,58,Poor,0,Slow,1,2.0,3.0,1.0,111
2294,25,59,Poor,0,Slow,2,2.0,3.0,1.0,110
2295,25,60,Poor,1,Slow,4,2.0,3.0,1.0,113
2296,25,63,Poor,1,Slow,0,2.0,3.0,1.0,112
2297,25,65,Poor,0,Slow,1,2.0,3.0,1.0,109
2298,25,67,Poor,2,Slow,1,2.0,3.0,1.0,122
2299,25,68,Poor,0,Slow,0,2.0,3.0,1.0,108
2300,25,69,Poor,1,Slow,3,2.0,3.0,1.0,111
2301,25,70,Middle,1,Slow,1,2.0,7.0,5.0,110
2302,25,70,Middle,0,Slow,2,2.0,5.0,3.0,107
2303,25,72,Middle,3,Shigh,0,6.0,7.0,1.0,69
2304,25,73,Middle,0,Slow,0,2.0,7.0,5.0,106
2305,25,73,Middle,2,Slow,2,2.0,5.0,3.0,121
2306,25,75,Middle,1,Slow,1,2.0,7.0,5.0,109
2307,25,75,Middle,2,Slow,3,2.0,5.0,3.0,120
2308,25,76,Middle,1,Slow,0,2.0,7.0,5.0,108
2309,25,77,Middle,4,Shigh,3,6.0,7.0,1.0,69
2310,25,78,Middle,4,Shigh,2,6.0,7.0,1.0,68
2311,25,79,Middle,0,Slow,2,2.0,7.0,5.0,105
2312,25,81,Middle,0,Slow,0,2.0,7.0,5.0,104
2313,25,82,Middle,1,Slow,4,2.0,7.0,5.0,107
2314,25,83,Middle,2,Slow,2,2.0,7.0,5.0,119
2315,25,84,Middle,3,Shigh,3,6.0,7.0,1.0,68
2316,25,85,Middle,0,Slow,2,2.0,7.0,5.0,103
2317,25,85,Middle,1,Slow,4,2.0,5.0,3.0,106
2318,25,86,Middle,2,Slow,3,2.0,7.0,5.0,118
2319,25,86,Middle,0,Slow,4,2.0,5.0,3.0,102
2320,25,87,Middle,0,Slow,0,2.0,7.0,5.0,101
2321,25,87,Middle,1,Slow,4,2.0,5.0,3.0,105
2322,25,89,Middle,0,Slow,2,2.0,7.0,5.0,100
2323,25,90,Rich,1,Slow,0,2.0,10.0,8.0,104
2324,25,91,Rich,3,Shigh,0,6.0,10.0,4.0,67
2325,25,91,Rich,1,Slow,3,2.0,4.0,2.0,103
2326,25,91,Rich,2,Slow,4,2.0,2.0,0.0,117
2327,25,92,Rich,1,Slow,3,2.0,10.0,8.0,102
2328,25,92,Rich,0,Slow,4,2.0,8.0,6.0,99
2329,25,93,Rich,0,Slow,4,2.0,10.0,8.0,98
2330,25,94,Rich,1,Slow,0,2.0,10.0,8.0,101
2331,25,95,Rich,1,Slow,0,2.0,10.0,8.0,100
2332,25,95,Rich,0,Slow,3,2.0,8.0,6.0,97
2333,25,96,Rich,0,Slow,0,2.0,10.0,8.0,96
2334,25,96,Rich,3,Shigh,1,6.0,8.0,2.0,66
2335,25,97,Rich,0,Slow,3,2.0,10.0,8.0,95
2336,25,98,Rich,2,Slow,3,2.0,10.0,8.0,116
2337,25,99,Rich,3,Shigh,1,6.0,10.0,4.0,65
2338,26,0,Poor,0,Slow,4,1.4,3.0,1.6,129
2339,26,1,Poor,0,Slow,4,1.4,3.0,1.6,128
2340,26,2,Poor,1,Slow,0,2.0,3.0,1.0,129
2341,26,3,Poor,0,Slow,0,1.4,3.0,1.6,127
2342,26,5,Poor,0,Slow,4,1.4,3.0,1.6,126
2343,26,6,Poor,1,Slow,0,2.0,3.0,1.0,128
2344,26,7,Poor,0,Slow,1,1.4,3.0,1.6,125
2345,26,9,Poor,2,Slow,4,2.0,3.0,1.0,129
2346,26,10,Poor,2,Slow,4,2.0,3.0,1.0,128
2347,26,11,Poor,1,Slow,0,2.0,3.0,1.0,127
2348,26,12,Poor,0,Slow,0,1.4,3.0,1.6,124
2349,26,13,Poor,0,Slow,3,1.4,3.0,1.6,123
2350,26,16,Poor,0,Slow,1,1.4,3.0,1.6,122
2351,26,18,Poor,0,Slow,4,1.4,3.0,1.6,121
2352,26,19,Poor,1,Slow,0,2.0,3.0,1.0,126
2353,26,20,Poor,1,Slow,0,2.0,3.0,1.0,125
2354,26,21,Poor,0,Slow,0,1.4,3.0,1.6,120
2355,26,23,Poor,1,Slow,0,2.0,3.0,1.0,124
2356,26,24,Poor,1,Slow,2,2.0,3.0,1.0,123
2357,26,27,Poor,2,Slow,0,2.0,3.0,1.0,127
2358,26,28,Poor,2,Slow,0,2.0,3.0,1.0,126
2359,26,31,Poor,2,Slow,3,2.0,3.0,1.0,125
2360,26,32,Poor,1,Slow,2,2.0,3.0,1.0,122
2361,26,33,Poor,0,Slow,4,1.4,3.0,1.6,119
2362,26,35,Poor,1,Slow,0,2.0,3.0,1.0,121
2363,26,36,Poor,0,Slow,1,1.4,3.0,1.6,118
2364,26,37,Poor,0,Slow,1,1.4,3.0,1.6,117
2365,26,40,Poor,1,Slow,1,2.0,3.0,1.0,120
2366,26,42,Poor,0,Slow,1,1.4,3.0,1.6,116
2367,26,44,Poor,1,Slow,2,2.0,3.0,1.0,119
2368,26,45,Poor,0,Slow,2,1.4,3.0,1.6,115
2369,26,46,Poor,1,Slow,1,2.0,3.0,1.0,118
2370,26,47,Poor,1,Slow,1,2.0,3.0,1.0,117
2371,26,50,Poor,0,Slow,4,1.4,3.0,1.6,114
2372,26,51,Poor,1,Slow,4,2.0,3.0,1.0,116
2373,26,52,Poor,1,Slow,1,2.0,3.0,1.0,115
2374,26,54,Poor,1,Slow,1,2.0,3.0,1.0,114
2375,26,55,Poor,0,Slow,1,1.4,3.0,1.6,113
2376,26,56,Poor,0,Slow,0,1.4,3.0,1.6,112
2377,26,57,Poor,1,Slow,4,2.0,3.0,1.0,113
2378,26,58,Poor,2,Slow,2,2.0,3.0,1.0,124
2379,26,59,Poor,1,Slow,0,2.0,3.0,1.0,112
2380,26,61,Poor,2,Slow,4,2.0,3.0,1.0,123
2381,26,62,Poor,0,Slow,1,1.4,3.0,1.6,111
2382,26,63,Poor,0,Slow,1,1.4,3.0,1.6,110
2383,26,64,Poor,1,Slow,3,2.0,3.0,1.0,111
2384,26,65,Poor,1,Slow,4,2.0,3.0,1.0,110
2385,26,67,Poor,1,Slow,1,2.0,3.0,1.0,109
2386,26,70,Middle,1,Slow,0,2.0,7.0,5.0,108
2387,26,70,Middle,2,Slow,1,2.0,5.0,3.0,122
2388,26,71,Middle,2,Slow,1,2.0,7.0,5.0,121
2389,26,71,Middle,0,Slow,2,1.4,5.0,3.6,109
2390,26,71,Middle,1,Slow,4,2.0,3.6,1.6,107
2391,26,74,Middle,3,Shigh,1,6.0,7.0,1.0,69
2392,26,75,Middle,0,Slow,0,1.4,7.0,5.6,108
2393,26,76,Middle,0,Slow,0,1.4,7.0,5.6,107
2394,26,77,Middle,0,Slow,2,1.4,7.0,5.6,106
2395,26,77,Middle,1,Slow,3,2.0,5.6,3.5999999999999996,106
2396,26,78,Middle,0,Slow,1,1.4,7.0,5.6,105
2397,26,78,Middle,2,Slow,2,2.0,5.6,3.5999999999999996,120
2398,26,78,Middle,1,Slow,3,2.0,3.5999999999999996,1.5999999999999996,105
2399,26,79,Middle,2,Slow,0,2.0,7.0,5.0,119
2400,26,79,Middle,1,Slow,2,2.0,5.0,3.0,104
2401,26,80,Middle,1,Slow,0,2.0,7.0,5.0,103
2402,26,81,Middle,0,Slow,0,1.4,7.0,5.6,104
2403,26,81,Middle,2,Slow,2,2.0,5.6,3.5999999999999996,118
2404,26,82,Middle,1,Slow,0,2.0,7.0,5.0,102
2405,26,82,Middle,2,Slow,2,2.0,5.0,3.0,117
2406,26,82,Middle,0,Slow,3,1.4,3.0,1.6,103
2407,26,83,Middle,1,Slow,1,2.0,7.0,5.0,101
2408,26,83,Middle,2,Slow,3,2.0,5.0,3.0,116
2409,26,84,Middle,2,Slow,1,2.0,7.0,5.0,115
2410,26,84,Middle,1,Slow,4,2.0,5.0,3.0,100
2411,26,85,Middle,0,Slow,1,1.4,7.0,5.6,102
2412,26,87,Middle,4,Shigh,1,6.0,7.0,1.0,69
2413,26,88,Middle,2,Slow,0,2.0,7.0,5.0,114
2414,26,90,Rich,3,Shigh,2,6.0,10.0,4.0,68
2415,26,90,Rich,0,Slow,4,1.4,4.0,2.6,101
2416,26,91,Rich,4,Shigh,2,6.0,10.0,4.0,68
2417,26,91,Rich,0,Slow,4,1.4,4.0,2.6,100
2418,26,92,Rich,0,Slow,0,1.4,10.0,8.6,99
2419,26,92,Rich,2,Slow,1,2.0,8.6,6.6,113
2420,26,92,Rich,1,Slow,4,2.0,6.6,4.6,99
2421,26,93,Rich,2,Slow,2,2.0,10.0,8.0,112
2422,26,94,Rich,4,Shigh,1,6.0,10.0,4.0,67
2423,26,94,Rich,2,Slow,2,2.0,4.0,2.0,111
2424,26,95,Rich,2,Slow,2,2.0,10.0,8.0,110
2425,26,95,Rich,3,Shigh,4,6.0,8.0,2.0,67
2426,26,96,Rich,2,Slow,2,2.0,10.0,8.0,109
2427,26,97,Rich,0,Slow,0,1.4,10.0,8.6,98
2428,26,97,Rich,1,Slow,2,2.0,8.6,6.6,98
2429,26,98,Rich,1,Slow,1,2.0,10.0,8.0,97
2430,26,98,Rich,0,Slow,2,1.4,8.0,6.6,97
2431,26,99,Rich,3,Shigh,0,6.0,10.0,4.0,66
2432,26,99,Rich,0,Slow,1,1.4,4.0,2.6,96
2433,26,99,Rich,1,Slow,2,2.0,2.6,0.6000000000000001,96
2434,27,1,Poor,2,Slow,4,2.0,3.0,1.0,129
2435,27,2,Poor,0,Slow,0,2.0,3.0,1.0,129
2436,27,4,Poor,1,Slow,3,2.0,3.0,1.0,129
2437,27,5,Poor,2,Slow,1,2.0,3.0,1.0,128
2438,27,7,Poor,2,Slow,0,2.0,3.0,1.0,127
2439,27,9,Poor,2,Slow,0,2.0,3.0,1.0,126
2440,27,10,Poor,0,Slow,2,2.0,3.0,1.0,128
2441,27,14,Poor,1,Slow,3,2.0,3.0,1.0,128
2442,27,15,Poor,1,Slow,0,2.0,3.0,1.0,127
2443,27,16,Poor,2,Slow,3,2.0,3.0,1.0,125
2444,27,18,Poor,0,Slow,1,2.0,3.0,1.0,127
2445,27,19,Poor,0,Slow,3,2.0,3.0,1.0,126
2446,27,20,Poor,2,Slow,2,2.0,3.0,1.0,124
2447,27,21,Poor,2,Slow,1,2.0,3.0,1.0,123
2448,27,23,Poor,2,Slow,1,2.0,3.0,1.0,122
2449,27,25,Poor,1,Slow,1,2.0,3.0,1.0,126
2450,27,26,Poor,0,Slow,3,2.0,3.0,1.0,125
2451,27,27,Poor,2,Slow,1,2.0,3.0,1.0,121
2452,27,28,Poor,0,Slow,2,2.0,3.0,1.0,124
2453,27,29,Poor,2,Slow,0,2.0,3.0,1.0,120
2454,27,31,Poor,1,Slow,2,2.0,3.0,1.0,125
2455,27,32,Poor,2,Slow,2,2.0,3.0,1.0,119
2456,27,33,Poor,1,Slow,1,2.0,3.0,1.0,124
2457,27,34,Poor,2,Slow,2,2.0,3.0,1.0,118
2458,27,35,Poor,2,Slow,0,2.0,3.0,1.0,117
2459,27,36,Poor,0,Slow,4,2.0,3.0,1.0,123
2460,27,39,Poor,1,Slow,1,2.0,3.0,1.0,123
2461,27,40,Poor,1,Slow,2,2.0,3.0,1.0,122
2462,27,41,Poor,1,Slow,2,2.0,3.0,1.0,121
2463,27,42,Poor,1,Slow,1,2.0,3.0,1.0,120
2464,27,43,Poor,0,Slow,1,2.0,3.0,1.0,122
2465,27,44,Poor,0,Slow,0,2.0,3.0,1.0,121
2466,27,47,Poor,2,Slow,1,2.0,3.0,1.0,116
2467,27,50,Poor,1,Slow,0,2.0,3.0,1.0,119
2468,27,55,Poor,0,Slow,1,2.0,3.0,1.0,120
2469,27,57,Poor,1,Slow,2,2.0,3.0,1.0,118
2470,27,59,Poor,1,Slow,0,2.0,3.0,1.0,117
2471,27,60,Poor,1,Slow,2,2.0,3.0,1.0,116
2472,27,61,Poor,1,Slow,2,2.0,3.0,1.0,115
2473,27,62,Poor,1,Slow,1,2.0,3.0,1.0,114
2474,27,63,Poor,1,Slow,2,2.0,3.0,1.0,113
2475,27,64,Poor,1,Slow,0,2.0,3.0,1.0,112
2476,27,65,Poor,0,Slow,0,2.0,3.0,1.0,119
2477,27,66,Poor,2,Slow,0,2.0,3.0,1.0,115
2478,27,67,Poor,1,Slow,3,2.0,3.0,1.0,111
2479,27,68,Poor,2,Slow,0,2.0,3.0,1.0,114
2480,27,69,Poor,1,Slow,0,2.0,3.0,1.0,110
2481,27,70,Middle,3,Shigh,0,6.0,7.0,1.0,69
2482,27,71,Middle,3,Shigh,4,6.0,7.0,1.0,68
2483,27,72,Middle,4,Shigh,0,6.0,7.0,1.0,69
2484,27,73,Middle,2,Slow,3,2.0,7.0,5.0,113
2485,27,74,Middle,0,Slow,0,2.0,7.0,5.0,118
2486,27,74,Middle,1,Slow,3,2.0,5.0,3.0,109
2487,27,75,Middle,3,Shigh,0,6.0,7.0,1.0,67
2488,27,76,Middle,0,Slow,2,2.0,7.0,5.0,117
2489,27,76,Middle,2,Slow,4,2.0,5.0,3.0,112
2490,27,77,Middle,1,Slow,1,2.0,7.0,5.0,108
2491,27,78,Middle,1,Slow,1,2.0,7.0,5.0,107
2492,27,78,Middle,0,Slow,4,2.0,5.0,3.0,116
2493,27,79,Middle,1,Slow,1,2.0,7.0,5.0,106
2494,27,80,Middle,3,Shigh,1,6.0,7.0,1.0,66
2495,27,82,Middle,2,Slow,0,2.0,7.0,5.0,111
2496,27,83,Middle,0,Slow,1,2.0,7.0,5.0,115
2497,27,84,Middle,0,Slow,3,2.0,7.0,5.0,114
2498,27,84,Middle,1,Slow,4,2.0,5.0,3.0,105
2499,27,85,Middle,1,Slow,0,2.0,7.0,5.0,104
2500,27,85,Middle,0,Slow,3,2.0,5.0,3.0,113
2501,27,86,Middle,2,Slow,1,2.0,7.0,5.0,110
2502,27,87,Middle,0,Slow,0,2.0,7.0,5.0,112
2503,27,88,Middle,4,Shigh,1,6.0,7.0,1.0,68
2504,27,89,Middle,2,Slow,2,2.0,7.0,5.0,109
2505,27,89,Middle,0,Slow,4,2.0,5.0,3.0,111
2506,27,90,Rich,0,Slow,1,2.0,10.0,8.0,110
2507,27,90,Rich,1,Slow,3,2.0,8.0,6.0,103
2508,27,91,Rich,3,Shigh,0,6.0,10.0,4.0,65
2509,27,91,Rich,1,Slow,3,2.0,4.0,2.0,102
2510,27,92,Rich,4,Shigh,0,6.0,10.0,4.0,67
2511,27,92,Rich,1,Slow,3,2.0,4.0,2.0,101
2512,27,93,Rich,1,Slow,0,2.0,10.0,8.0,100
2513,27,93,Rich,0,Slow,2,2.0,8.0,6.0,109
2514,27,93,Rich,4,Shigh,4,6.0,6.0,0.0,66
2515,27,94,Rich,3,Shigh,0,6.0,10.0,4.0,64
2516,27,94,Rich,0,Slow,1,2.0,4.0,2.0,108
2517,27,94,Rich,1,Slow,2,2.0,2.0,0.0,99
2518,27,95,Rich,0,Slow,3,2.0,10.0,8.0,107
2519,27,95,Rich,1,Slow,4,2.0,8.0,6.0,98
2520,27,96,Rich,0,Slow,1,2.0,10.0,8.0,106
2521,27,96,Rich,1,Slow,4,2.0,8.0,6.0,97
2522,27,97,Rich,1,Slow,3,2.0,10.0,8.0,96
2523,27,97,Rich,0,Slow,4,2.0,8.0,6.0,105
2524,27,98,Rich,0,Slow,0,2.0,10.0,8.0,104
2525,27,98,Rich,1,Slow,1,2.0,8.0,6.0,95
2526,27,98,Rich,3,Shigh,2,6.0,6.0,0.0,63
2527,27,99,Rich,2,Slow,0,2.0,10.0,8.0,108
2528,28,0,Poor,1,Slow,3,2.0,3.0,1.0,129
2529,28,1,Poor,0,Slow,0,2.0,3.0,1.0,129
2530,28,2,Poor,2,Slow,0,2.0,3.0,1.0,129
2531,28,4,Poor,0,Slow,2,2.0,3.0,1.0,128
2532,28,6,Poor,0,Slow,2,2.0,3.0,1.0,127
2533,28,7,Poor,0,Slow,1,2.0,3.0,1.0,126
2534,28,9,Poor,2,Slow,1,2.0,3.0,1.0,128
2535,28,10,Poor,0,Slow,3,2.0,3.0,1.0,125
2536,28,12,Poor,1,Slow,0,2.0,3.0,1.0,128
2537,28,17,Poor,0,Slow,0,2.0,3.0,1.0,124
2538,28,18,Poor,1,Slow,2,2.0,3.0,1.0,127
2539,28,19,Poor,2,Slow,1,2.0,3.0,1.0,127
2540,28,21,Poor,1,Slow,1,2.0,3.0,1.0,126
2541,28,22,Poor,1,Slow,1,2.0,3.0,1.0,125
2542,28,23,Poor,0,Slow,3,2.0,3.0,1.0,123
2543,28,24,Poor,1,Slow,3,2.0,3.0,1.0,124
2544,28,26,Poor,2,Slow,1,2.0,3.0,1.0,126
2545,28,27,Poor,0,Slow,2,2.0,3.0,1.0,122
2546,28,28,Poor,2,Slow,2,2.0,3.0,1.0,125
2547,28,29,Poor,2,Slow,2,2.0,3.0,1.0,124
2548,28,30,Poor,1,Slow,0,2.0,3.0,1.0,123
2549,28,31,Poor,2,Slow,0,2.0,3.0,1.0,123
2550,28,32,Poor,2,Slow,1,2.0,3.0,1.0,122
2551,28,33,Poor,2,Slow,1,2.0,3.0,1.0,121
2552,28,34,Poor,0,Slow,2,2.0,3.0,1.0,121
2553,28,35,Poor,2,Slow,3,2.0,3.0,1.0,120
2554,28,36,Poor,0,Slow,3,2.0,3.0,1.0,120
2555,28,38,Poor,1,Slow,4,2.0,3.0,1.0,122
2556,28,39,Poor,0,Slow,0,2.0,3.0,1.0,119
2557,28,40,Poor,2,Slow,0,2.0,3.0,1.0,119
2558,28,41,Poor,2,Slow,2,2.0,3.0,1.0,118
2559,28,42,Poor,0,Slow,0,2.0,3.0,1.0,118
2560,28,43,Poor,0,Slow,3,2.0,3.0,1.0,117
2561,28,44,Poor,1,Slow,0,2.0,3.0,1.0,121
2562,28,45,Poor,2,Slow,2,2.0,3.0,1.0,117
2563,28,47,Poor,2,Slow,0,2.0,3.0,1.0,116
2564,28,49,Poor,1,Slow,1,2.0,3.0,1.0,120
2565,28,50,Poor,1,Slow,2,2.0,3.0,1.0,119
2566,28,51,Poor,1,Slow,0,2.0,3.0,1.0,118
2567,28,53,Poor,0,Slow,2,2.0,3.0,1.0,116
2568,28,54,Poor,0,Slow,3,2.0,3.0,1.0,115
2569,28,57,Poor,1,Slow,2,2.0,3.0,1.0,117
2570,28,59,Poor,1,Slow,1,2.0,3.0,1.0,116
2571,28,60,Poor,1,Slow,1,2.0,3.0,1.0,115
2572,28,61,Poor,1,Slow,2,2.0,3.0,1.0,114
2573,28,62,Poor,1,Slow,2,2.0,3.0,1.0,113
2574,28,63,Poor,2,Slow,0,2.0,3.0,1.0,115
2575,28,65,Poor,0,Slow,1,2.0,3.0,1.0,114
2576,28,66,Poor,2,Slow,2,2.0,3.0,1.0,114
2577,28,67,Poor,1,Slow,3,2.0,3.0,1.0,112
2578,28,68,Poor,2,Slow,0,2.0,3.0,1.0,113
2579,28,71,Middle,1,Slow,1,2.0,7.0,5.0,111
2580,28,71,Middle,0,Slow,2,2.0,5.0,3.0,113
2581,28,71,Middle,2,Slow,4,2.0,3.0,1.0,112
2582,28,72,Middle,4,Shigh,0,6.0,7.0,1.0,69
2583,28,73,Middle,1,Slow,0,2.0,7.0,5.0,110
2584,28,73,Middle,0,Slow,1,2.0,5.0,3.0,112
2585,28,74,Middle,4,Shigh,2,6.0,7.0,1.0,68
2586,28,75,Middle,0,Slow,3,2.0,7.0,5.0,111
2587,28,76,Middle,1,Slow,1,2.0,7.0,5.0,109
2588,28,77,Middle,1,Slow,0,2.0,7.0,5.0,108
2589,28,77,Middle,2,Slow,3,2.0,5.0,3.0,111
2590,28,78,Middle,3,Shigh,0,6.0,7.0,1.0,69
2591,28,79,Middle,0,Slow,0,2.0,7.0,5.0,110
2592,28,79,Middle,1,Slow,4,2.0,5.0,3.0,107
2593,28,80,Middle,4,Shigh,0,6.0,7.0,1.0,67
2594,28,83,Middle,3,Shigh,0,6.0,7.0,1.0,68
2595,28,84,Middle,0,Slow,2,2.0,7.0,5.0,109
2596,28,85,Middle,2,Slow,3,2.0,7.0,5.0,110
2597,28,86,Middle,4,Shigh,0,6.0,7.0,1.0,66
2598,28,87,Middle,2,Slow,1,2.0,7.0,5.0,109
2599,28,87,Middle,0,Slow,2,2.0,5.0,3.0,108
2600,28,88,Middle,1,Slow,1,2.0,7.0,5.0,106
2601,28,90,Rich,1,Slow,2,2.0,10.0,8.0,105
2602,28,90,Rich,0,Slow,3,2.0,8.0,6.0,107
2603,28,90,Rich,3,Shigh,4,6.0,6.0,0.0,67
2604,28,91,Rich,2,Slow,0,2.0,10.0,8.0,108
2605,28,91,Rich,0,Slow,1,2.0,8.0,6.0,106
2606,28,91,Rich,4,Shigh,3,6.0,6.0,0.0,65
2607,28,93,Rich,0,Slow,1,2.0,10.0,8.0,105
2608,28,94,Rich,2,Slow,3,2.0,10.0,8.0,107
2609,28,95,Rich,3,Shigh,0,6.0,10.0,4.0,66
2610,28,95,Rich,0,Slow,4,2.0,4.0,2.0,104
2611,28,96,Rich,1,Slow,0,2.0,10.0,8.0,104
2612,28,96,Rich,3,Shigh,2,6.0,8.0,2.0,65
2613,28,97,Rich,0,Slow,4,2.0,10.0,8.0,103
2614,28,98,Rich,0,Slow,0,2.0,10.0,8.0,102
2615,28,98,Rich,1,Slow,1,2.0,8.0,6.0,103
2616,28,98,Rich,2,Slow,4,2.0,6.0,4.0,106
2617,28,99,Rich,2,Slow,4,2.0,10.0,8.0,105
2618,29,1,Poor,2,Slow,4,2.0,3.0,1.0,129
2619,29,2,Poor,0,Slow,2,2.0,3.0,1.0,129
2620,29,3,Poor,1,Slow,0,2.0,3.0,1.0,129
2621,29,5,Poor,0,Slow,1,2.0,3.0,1.0,128
2622,29,6,Poor,1,Slow,3,2.0,3.0,1.0,128
2623,29,7,Poor,0,Slow,1,2.0,3.0,1.0,127
2624,29,9,Poor,0,Slow,1,2.0,3.0,1.0,126
2625,29,10,Poor,0,Slow,1,2.0,3.0,1.0,125
2626,29,11,Poor,0,Slow,0,2.0,3.0,1.0,124
2627,29,12,Poor,0,Slow,0,2.0,3.0,1.0,123
2628,29,13,Poor,1,Slow,4,2.0,3.0,1.0,127
2629,29,14,Poor,0,Slow,0,2.0,3.0,1.0,122
2630,29,15,Poor,0,Slow,0,2.0,3.0,1.0,121
2631,29,18,Poor,2,Slow,1,2.0,3.0,1.0,128
2632,29,20,Poor,2,Slow,0,2.0,3.0,1.0,127
2633,29,21,Poor,2,Slow,3,2.0,3.0,1.0,126
2634,29,23,Poor,2,Slow,0,2.0,3.0,1.0,125
2635,29,24,Poor,1,Slow,1,2.0,3.0,1.0,126
2636,29,25,Poor,0,Slow,3,2.0,3.0,1.0,120
2637,29,27,Poor,2,Slow,3,2.0,3.0,1.0,124
2638,29,29,Poor,0,Slow,0,2.0,3.0,1.0,119
2639,29,32,Poor,0,Slow,0,2.0,3.0,1.0,118
2640,29,34,Poor,1,Slow,0,2.0,3.0,1.0,125
2641,29,35,Poor,0,Slow,2,2.0,3.0,1.0,117
2642,29,36,Poor,1,Slow,3,2.0,3.0,1.0,124
2643,29,40,Poor,2,Slow,0,2.0,3.0,1.0,123
2644,29,42,Poor,1,Slow,0,2.0,3.0,1.0,123
2645,29,43,Poor,1,Slow,2,2.0,3.0,1.0,122
2646,29,44,Poor,1,Slow,0,2.0,3.0,1.0,121
2647,29,45,Poor,1,Slow,4,2.0,3.0,1.0,120
2648,29,46,Poor,1,Slow,0,2.0,3.0,1.0,119
2649,29,47,Poor,2,Slow,2,2.0,3.0,1.0,122
2650,29,48,Poor,1,Slow,1,2.0,3.0,1.0,118
2651,29,50,Poor,1,Slow,3,2.0,3.0,1.0,117
2652,29,51,Poor,0,Slow,1,2.0,3.0,1.0,116
2653,29,52,Poor,0,Slow,0,2.0,3.0,1.0,115
2654,29,53,Poor,1,Slow,0,2.0,3.0,1.0,116
2655,29,54,Poor,1,Slow,2,2.0,3.0,1.0,115
2656,29,60,Poor,1,Slow,1,2.0,3.0,1.0,114
2657,29,61,Poor,2,Slow,1,2.0,3.0,1.0,121
2658,29,63,Poor,0,Slow,2,2.0,3.0,1.0,114
2659,29,64,Poor,2,Slow,3,2.0,3.0,1.0,120
2660,29,65,Poor,2,Slow,2,2.0,3.0,1.0,119
2661,29,66,Poor,1,Slow,1,2.0,3.0,1.0,113
2662,29,67,Poor,1,Slow,2,2.0,3.0,1.0,112
2663,29,68,Poor,1,Slow,2,2.0,3.0,1.0,111
2664,29,70,Middle,0,Slow,1,2.0,7.0,5.0,113
2665,29,71,Middle,2,Slow,2,2.0,7.0,5.0,118
2666,29,71,Middle,1,Slow,3,2.0,5.0,3.0,110
2667,29,72,Middle,0,Slow,1,2.0,7.0,5.0,112
2668,29,73,Middle,1,Slow,1,2.0,7.0,5.0,109
2669,29,74,Middle,1,Slow,0,2.0,7.0,5.0,108
2670,29,74,Middle,2,Slow,4,2.0,5.0,3.0,117
2671,29,75,Middle,2,Slow,3,2.0,7.0,5.0,116
2672,29,76,Middle,3,Shigh,3,6.0,7.0,1.0,69
2673,29,77,Middle,1,Slow,1,2.0,7.0,5.0,107
2674,29,78,Middle,1,Slow,0,2.0,7.0,5.0,106
2675,29,79,Middle,3,Shigh,2,6.0,7.0,1.0,68
2676,29,81,Middle,1,Slow,0,2.0,7.0,5.0,105
2677,29,82,Middle,1,Slow,2,2.0,7.0,5.0,104
2678,29,83,Middle,0,Slow,2,2.0,7.0,5.0,111
2679,29,85,Middle,3,Shigh,1,6.0,7.0,1.0,67
2680,29,86,Middle,0,Slow,1,2.0,7.0,5.0,110
2681,29,86,Middle,2,Slow,3,2.0,5.0,3.0,115
2682,29,87,Middle,4,Shigh,1,6.0,7.0,1.0,69
2683,29,88,Middle,0,Slow,0,2.0,7.0,5.0,109
2684,29,89,Middle,1,Slow,0,2.0,7.0,5.0,103
2685,29,89,Middle,0,Slow,1,2.0,5.0,3.0,108
2686,29,90,Rich,4,Shigh,0,6.0,10.0,4.0,68
2687,29,90,Rich,2,Slow,1,2.0,4.0,2.0,114
2688,29,90,Rich,1,Slow,2,2.0,2.0,0.0,102
2689,29,91,Rich,3,Shigh,0,6.0,10.0,4.0,66
2690,29,91,Rich,2,Slow,4,2.0,4.0,2.0,113
2691,29,92,Rich,1,Slow,4,2.0,10.0,8.0,101
2692,29,93,Rich,1,Slow,0,2.0,10.0,8.0,100
2693,29,93,Rich,4,Shigh,3,6.0,8.0,2.0,67
2694,29,94,Rich,0,Slow,1,2.0,10.0,8.0,107
2695,29,94,Rich,3,Shigh,3,6.0,8.0,2.0,65
2696,29,95,Rich,0,Slow,2,2.0,10.0,8.0,106
2697,29,95,Rich,2,Slow,3,2.0,8.0,6.0,112
2698,29,96,Rich,3,Shigh,0,6.0,10.0,4.0,64
2699,29,96,Rich,2,Slow,4,2.0,4.0,2.0,111
2700,29,97,Rich,1,Slow,2,2.0,10.0,8.0,99
2701,29,98,Rich,4,Shigh,1,6.0,10.0,4.0,66
2702,29,99,Rich,4,Shigh,1,6.0,10.0,4.0,65
2703,29,99,Rich,0,Slow,4,2.0,4.0,2.0,105
