seed,participation_rate,avg_purchases_per_buyer,total_revenue,total_inventory_remaining,n_blocked_by_utility,n_blocked_by_budget,n_blocked_by_inventory,n_not_noticed,promotion_active,promotion_seller_id,promotion_seller_class,promotion_discount,visibility_rate_seller_0,visibility_rate_seller_1,visibility_rate_seller_2,visibility_rate_seller_3,visibility_rate_seller_4,Poor_participation_rate,Poor_to_Slow_share,Poor_to_Shigh_share,Poor_blocked_by_budget_at_Slow,Poor_blocked_by_budget_at_Shigh,Middle_participation_rate,Middle_to_Slow_share,Middle_to_Shigh_share,Middle_blocked_by_budget_at_Slow,Middle_blocked_by_budget_at_Shigh,Rich_participation_rate,Rich_to_Slow_share,Rich_to_Shigh_share,Rich_blocked_by_budget_at_Slow,Rich_blocked_by_budget_at_Shigh
0,0.67,0.81,206.0,449,104,153,0,87,False,-1,none,0.3,0.77,0.81,0.52,0.73,0.55,0.6285714285714286,1.0,0.0,38,87,0.8,0.7391304347826086,0.2608695652173913,10,13,0.7,0.6428571428571429,0.35714285714285715,1,4
0,0.66,0.75,174.30000000000007,455,100,175,0,70,False,-1,none,0.3,0.81,0.8,0.56,0.78,0.55,0.7,1.0,0.0,51,100,0.55,0.8823529411764706,0.11764705882352941,3,18,0.6,0.7777777777777778,0.2222222222222222,0,3
0,0.71,0.82,196.97999999999996,448,99,168,0,81,False,-1,none,0.3,0.85,0.81,0.58,0.78,0.47,0.6857142857142857,1.0,0.0,55,87,0.8,0.8095238095238095,0.19047619047619047,7,16,0.7,0.7692307692307693,0.23076923076923078,2,1
0,0.64,0.8,197.71499999999995,450,92,165,0,68,False,-1,none,0.3,0.8,0.73,0.53,0.76,0.55,0.5857142857142857,1.0,0.0,45,83,0.8,0.84,0.16,8,22,0.7,0.6428571428571429,0.35714285714285715,2,5
0,0.74,0.93,205.90631249999998,437,86,170,0,86,True,1,Slow,0.3,0.77,0.86,0.58,0.77,0.51,0.7285714285714285,1.0,0.0,53,94,0.75,0.8636363636363636,0.13636363636363635,2,16,0.8,0.7368421052631579,0.2631578947368421,0,5
0,0.71,0.85,227.62109999999998,445,96,175,0,69,False,-1,none,0.3,0.81,0.83,0.54,0.77,0.61,0.6285714285714286,1.0,0.0,48,95,0.9,0.7692307692307693,0.23076923076923078,5,19,0.9,0.6,0.4,5,3
0,0.63,0.74,174.48900000000006,456,94,150,0,72,False,-1,none,0.3,0.72,0.77,0.48,0.72,0.49,0.6,1.0,0.0,39,88,0.7,0.9,0.1,6,16,0.7,0.8333333333333334,0.16666666666666666,0,1
0,0.67,0.85,207.48353193749992,445,105,153,0,67,True,3,Shigh,0.3,0.78,0.78,0.61,0.68,0.58,0.6428571428571429,1.0,0.0,46,90,0.65,0.7916666666666666,0.20833333333333334,5,10,0.9,0.6875,0.3125,2,0
0,0.78,0.94,232.31085937499995,436,84,183,0,89,False,-1,none,0.3,0.87,0.87,0.57,0.8,0.5,0.7714285714285715,1.0,0.0,66,97,0.8,0.9230769230769231,0.07692307692307693,6,9,0.8,0.6428571428571429,0.35714285714285715,3,2
0,0.71,0.8,189.10970793749996,450,85,197,0,73,False,-1,none,0.3,0.81,0.81,0.56,0.82,0.62,0.7285714285714285,1.0,0.0,63,106,0.7,0.9,0.1,4,20,0.6,0.8888888888888888,0.1111111111111111,2,2
0,0.7,0.84,223.01933928749995,446,84,176,0,71,False,-1,none,0.3,0.79,0.78,0.58,0.76,0.53,0.7,1.0,0.0,56,91,0.65,0.7222222222222222,0.2777777777777778,8,12,0.8,0.6470588235294118,0.35294117647058826,3,6
0,0.73,0.87,232.8654465457031,443,90,159,0,84,False,-1,none,0.3,0.78,0.81,0.54,0.78,0.45,0.7142857142857143,1.0,0.0,52,83,0.75,0.8095238095238095,0.19047619047619047,6,13,0.8,0.625,0.375,3,2
0,0.69,0.81,201.1176260680781,449,93,164,0,82,False,-1,none,0.3,0.78,0.76,0.53,0.72,0.59,0.6428571428571429,1.0,0.0,49,89,0.75,0.9090909090909091,0.09090909090909091,6,14,0.9,0.7857142857142857,0.21428571428571427,0,6
0,0.63,0.77,201.60234224992965,453,102,166,0,80,False,-1,none,0.3,0.79,0.82,0.55,0.77,0.52,0.6142857142857143,1.0,0.0,48,94,0.65,0.7368421052631579,0.2631578947368421,8,9,0.7,0.8,0.2,4,3
0,0.69,0.83,227.00606078429996,447,95,172,0,65,False,-1,none,0.3,0.78,0.8,0.6,0.75,0.57,0.7,1.0,0.0,50,94,0.6,0.7058823529411765,0.29411764705882354,10,9,0.8,0.7058823529411765,0.29411764705882354,4,5
0,0.67,0.75,206.7032212372932,455,72,173,0,65,False,-1,none,0.3,0.7,0.74,0.55,0.72,0.49,0.6142857142857143,1.0,0.0,56,82,0.8,0.6842105263157895,0.3157894736842105,11,18,0.8,0.7692307692307693,0.23076923076923078,2,4
0,0.73,0.84,229.43302068200498,446,99,184,0,68,True,4,Shigh,0.3,0.81,0.83,0.64,0.83,0.56,0.7,1.0,0.0,61,96,0.8,0.6190476190476191,0.38095238095238093,10,12,0.8,0.6428571428571429,0.35714285714285715,1,4
0,0.66,0.75,184.87134580195595,455,84,180,0,66,False,-1,none,0.3,0.75,0.77,0.59,0.73,0.55,0.6714285714285714,1.0,0.0,58,95,0.65,0.8888888888888888,0.1111111111111111,4,17,0.6,0.8,0.2,0,6
0,0.68,0.81,211.4287428242899,449,102,153,0,69,True,3,Shigh,0.3,0.8,0.78,0.5,0.73,0.55,0.6285714285714286,1.0,0.0,39,90,0.75,0.7142857142857143,0.2857142857142857,7,11,0.9,0.5625,0.4375,2,4
0,0.68,0.81,198.47118367547031,449,100,159,0,70,True,1,Slow,0.3,0.79,0.79,0.51,0.77,0.54,0.6428571428571429,1.0,0.0,47,93,0.8,0.782608695652174,0.21739130434782608,3,14,0.7,0.6153846153846154,0.38461538461538464,1,1
0,0.65,0.73,178.40139819100537,457,96,162,0,89,False,-1,none,0.3,0.78,0.76,0.5,0.69,0.58,0.6571428571428571,1.0,0.0,47,96,0.6,0.9375,0.0625,2,12,0.7,0.6363636363636364,0.36363636363636365,2,3
0,0.63,0.76,202.89053898447904,454,85,163,0,71,False,-1,none,0.3,0.75,0.75,0.53,0.74,0.47,0.5857142857142857,1.0,0.0,57,83,0.75,0.8095238095238095,0.19047619047619047,6,12,0.7,0.7857142857142857,0.21428571428571427,1,4
0,0.67,0.83,220.33165759248314,447,100,168,0,84,True,1,Slow,0.3,0.84,0.79,0.53,0.82,0.53,0.6,1.0,0.0,48,91,0.85,0.6363636363636364,0.36363636363636365,10,17,0.8,0.7894736842105263,0.21052631578947367,1,1
0,0.71,0.8,214.88410489695457,450,99,179,0,77,True,4,Shigh,0.3,0.82,0.84,0.54,0.79,0.59,0.6857142857142857,1.0,0.0,63,92,0.75,0.6842105263157895,0.3157894736842105,6,12,0.8,0.6923076923076923,0.3076923076923077,3,3
0,0.66,0.76,199.10582522793356,454,104,159,0,81,False,-1,none,0.3,0.81,0.83,0.52,0.7,0.53,0.6,1.0,0.0,49,90,0.8,0.8571428571428571,0.14285714285714285,3,14,0.8,0.8461538461538461,0.15384615384615385,2,1
0,0.64,0.76,180.76822552481306,454,83,162,0,84,True,0,Slow,0.3,0.76,0.75,0.5,0.73,0.47,0.6142857142857143,1.0,0.0,59,84,0.65,0.8333333333333334,0.16666666666666666,5,10,0.8,0.8,0.2,2,2
0,0.67,0.77,207.16522142474685,453,81,184,0,68,False,-1,none,0.3,0.78,0.79,0.48,0.79,0.58,0.7,1.0,0.0,55,98,0.6,0.6875,0.3125,11,15,0.6,0.75,0.25,1,4
0,0.65,0.82,212.7526267608458,448,98,152,0,83,False,-1,none,0.3,0.79,0.78,0.53,0.75,0.47,0.5571428571428572,1.0,0.0,46,84,0.8,0.9130434782608695,0.08695652173913043,8,11,1.0,0.75,0.25,0,3
0,0.63,0.79,201.65806588647834,451,97,158,0,81,False,-1,none,0.3,0.79,0.78,0.55,0.74,0.48,0.5857142857142857,1.0,0.0,44,88,0.8,0.88,0.12,7,14,0.6,0.8461538461538461,0.15384615384615385,2,3
0,0.74,0.9,238.48107206176036,440,79,182,0,79,False,-1,none,0.3,0.84,0.85,0.53,0.79,0.5,0.7142857142857143,1.0,0.0,59,91,0.85,0.92,0.08,7,15,0.7,0.6666666666666666,0.3333333333333333,5,5
0,0.65,0.75,205.78237786998312,455,98,160,0,77,False,-1,none,0.3,0.76,0.8,0.54,0.71,0.52,0.6,1.0,0.0,41,86,0.75,0.8,0.2,9,17,0.8,0.6153846153846154,0.38461538461538464,5,2
0,0.66,0.77,209.74974661739338,453,73,172,0,88,False,-1,none,0.3,0.77,0.75,0.5,0.74,0.46,0.6428571428571429,1.0,0.0,56,87,0.75,0.8181818181818182,0.18181818181818182,6,15,0.6,0.6,0.4,3,5
0,0.62,0.75,217.6783342662324,455,92,185,0,68,False,-1,none,0.3,0.83,0.83,0.53,0.78,0.55,0.5285714285714286,1.0,0.0,53,91,0.9,0.75,0.25,12,22,0.7,0.5714285714285714,0.42857142857142855,4,3
0,0.59,0.66,171.3381606953593,464,106,159,0,69,False,-1,none,0.3,0.78,0.77,0.53,0.72,0.51,0.6142857142857143,1.0,0.0,44,90,0.65,0.7777777777777778,0.2222222222222222,7,16,0.3,0.6,0.4,1,1
0,0.73,0.91,238.54062465055773,439,100,180,0,74,False,-1,none,0.3,0.86,0.83,0.6,0.81,0.61,0.6571428571428571,1.0,0.0,49,97,0.9,0.9655172413793104,0.034482758620689655,3,22,0.9,0.625,0.375,4,5
0,0.7,0.8,197.56178787611094,450,104,172,0,69,False,-1,none,0.3,0.8,0.82,0.58,0.76,0.6,0.6714285714285714,1.0,0.0,49,99,0.75,0.95,0.05,3,18,0.8,0.7692307692307693,0.23076923076923078,1,2
0,0.68,0.82,201.32871892588767,448,99,170,0,69,True,2,Slow,0.3,0.8,0.78,0.61,0.75,0.57,0.6714285714285714,1.0,0.0,50,93,0.75,0.9047619047619048,0.09523809523809523,4,16,0.6,0.5714285714285714,0.42857142857142855,4,3
0,0.58,0.71,189.5276251048265,459,90,137,0,67,True,4,Shigh,0.3,0.66,0.72,0.49,0.65,0.46,0.5714285714285714,1.0,0.0,34,83,0.6,0.7777777777777778,0.2222222222222222,7,10,0.6,0.7692307692307693,0.23076923076923078,0,3
0,0.76,0.85,219.58630303142724,445,95,172,0,93,False,-1,none,0.3,0.8,0.88,0.49,0.81,0.54,0.7428571428571429,1.0,0.0,50,94,0.8,0.8571428571428571,0.14285714285714285,7,18,0.8,0.8333333333333334,0.16666666666666666,1,2
0,0.74,0.88,222.9055202907957,442,110,189,0,73,True,3,Shigh,0.3,0.87,0.91,0.59,0.85,0.65,0.6857142857142857,1.0,0.0,53,114,0.8,0.8260869565217391,0.17391304347826086,6,13,1.0,0.7647058823529411,0.23529411764705882,2,1
0,0.65,0.77,193.85974083544173,453,77,173,0,78,False,-1,none,0.3,0.75,0.74,0.47,0.76,0.55,0.6428571428571429,1.0,0.0,52,90,0.65,0.85,0.15,7,22,0.7,0.9166666666666666,0.08333333333333333,1,1
0,0.68,0.82,213.26921979197428,448,112,168,0,83,False,-1,none,0.3,0.81,0.88,0.58,0.81,0.54,0.6285714285714286,1.0,0.0,44,97,0.8,0.7727272727272727,0.22727272727272727,9,17,0.8,0.8125,0.1875,0,1
0,0.72,0.86,213.81820445545526,444,81,191,0,67,False,-1,none,0.3,0.83,0.84,0.56,0.79,0.56,0.7,1.0,0.0,62,95,0.8,0.8333333333333334,0.16666666666666666,11,16,0.7,0.9230769230769231,0.07692307692307693,2,5
0,0.72,0.9,232.02911435212985,440,81,173,0,86,False,-1,none,0.3,0.84,0.82,0.54,0.74,0.5,0.6857142857142857,1.0,0.0,61,84,0.85,0.9259259259259259,0.07407407407407407,6,17,0.7,0.6,0.4,3,2
0,0.73,0.82,227.06166644041946,448,83,181,0,74,False,-1,none,0.3,0.82,0.79,0.51,0.77,0.57,0.7,1.0,0.0,57,94,0.9,0.6818181818181818,0.3181818181818182,10,15,0.6,0.5454545454545454,0.45454545454545453,1,4
0,0.68,0.79,206.5895921652632,451,95,168,0,68,False,-1,none,0.3,0.78,0.8,0.55,0.72,0.57,0.6857142857142857,1.0,0.0,50,92,0.7,0.7777777777777778,0.2222222222222222,6,15,0.6,0.6923076923076923,0.3076923076923077,1,4
0,0.69,0.78,229.3235320621482,452,89,190,0,68,False,-1,none,0.3,0.81,0.82,0.62,0.75,0.57,0.6571428571428571,1.0,0.0,63,95,0.65,0.6875,0.3125,11,13,1.0,0.5625,0.4375,5,3
0,0.64,0.72,210.51199761883646,458,103,191,0,74,False,-1,none,0.3,0.83,0.83,0.59,0.81,0.6,0.6,1.0,0.0,55,103,0.75,0.7368421052631579,0.2631578947368421,12,16,0.7,0.6363636363636364,0.36363636363636365,2,3
0,0.65,0.77,194.60903082632495,453,102,166,0,70,True,1,Slow,0.3,0.8,0.82,0.5,0.77,0.56,0.6428571428571429,1.0,0.0,52,89,0.6,0.8888888888888888,0.1111111111111111,4,17,0.8,0.6428571428571429,0.35714285714285715,2,2
0,0.72,0.85,232.52828046714424,445,99,190,0,66,False,-1,none,0.3,0.86,0.79,0.65,0.81,0.63,0.7285714285714285,1.0,0.0,56,98,0.75,0.8181818181818182,0.18181818181818182,8,24,0.6,0.75,0.25,2,2
0,0.67,0.79,202.26976551455607,451,92,172,0,77,False,-1,none,0.3,0.79,0.79,0.52,0.79,0.54,0.6,1.0,0.0,53,96,0.85,0.9615384615384616,0.038461538461538464,3,19,0.8,0.8181818181818182,0.18181818181818182,0,1
0,0.68,0.89,253.69561869844682,441,92,183,0,81,False,-1,none,0.3,0.83,0.84,0.56,0.81,0.6,0.6142857142857143,1.0,0.0,47,94,0.75,0.8,0.2,10,21,1.0,0.7619047619047619,0.23809523809523808,3,8
0,0.58,0.67,183.646317795503,463,86,179,0,78,False,-1,none,0.3,0.78,0.78,0.47,0.76,0.53,0.5285714285714286,1.0,0.0,49,95,0.8,0.85,0.15,12,18,0.5,0.7,0.3,3,2
0,0.73,0.85,236.7803966611336,445,89,205,0,76,False,-1,none,0.3,0.83,0.86,0.57,0.86,0.67,0.6857142857142857,1.0,0.0,60,105,0.8,0.8095238095238095,0.19047619047619047,11,21,0.9,0.6875,0.3125,4,4
0,0.68,0.8,221.2868772216426,450,83,171,0,91,True,4,Shigh,0.3,0.77,0.8,0.49,0.75,0.53,0.6285714285714286,1.0,0.0,47,91,0.85,0.782608695652174,0.21739130434782608,12,17,0.7,0.6923076923076923,0.3076923076923077,1,3
0,0.61,0.68,205.0463854129526,462,91,162,0,69,False,-1,none,0.3,0.72,0.73,0.54,0.73,0.49,0.5857142857142857,1.0,0.0,51,86,0.65,0.7647058823529411,0.23529411764705882,5,15,0.7,0.4,0.6,4,1
0,0.65,0.83,236.0517860902073,447,99,175,0,73,True,4,Shigh,0.3,0.83,0.82,0.56,0.83,0.53,0.6,1.0,0.0,50,98,0.8,0.8,0.2,8,11,0.7,0.6875,0.3125,3,5
0,0.7,0.86,237.3356914069999,444,84,191,0,69,False,-1,none,0.3,0.84,0.82,0.57,0.8,0.58,0.6285714285714286,1.0,0.0,60,98,0.85,0.9166666666666666,0.08333333333333333,3,23,0.9,0.7222222222222222,0.2777777777777778,2,5
0,0.67,0.78,210.75363772726737,452,71,191,0,65,False,-1,none,0.3,0.76,0.74,0.56,0.72,0.62,0.6714285714285714,1.0,0.0,67,100,0.65,0.85,0.15,5,15,0.7,0.9090909090909091,0.09090909090909091,1,3
0,0.67,0.85,219.66960045728754,445,79,192,0,84,True,3,Shigh,0.3,0.86,0.87,0.59,0.72,0.52,0.6571428571428571,1.0,0.0,81,88,0.65,0.9130434782608695,0.08695652173913043,6,13,0.8,0.75,0.25,0,4
0,0.7,0.81,216.21606909425162,449,71,190,0,78,False,-1,none,0.3,0.8,0.8,0.52,0.72,0.58,0.7142857142857143,1.0,0.0,67,92,0.7,0.9,0.1,6,19,0.6,0.7272727272727273,0.2727272727272727,2,4
0,0.66,0.77,223.97220003230973,453,107,185,0,81,False,-1,none,0.3,0.84,0.88,0.61,0.83,0.53,0.6428571428571429,1.0,0.0,54,94,0.7,0.95,0.05,4,21,0.7,0.4166666666666667,0.5833333333333334,8,4
0,0.67,0.75,206.94168688283946,455,108,185,0,72,False,-1,none,0.3,0.83,0.86,0.59,0.79,0.61,0.6142857142857143,1.0,0.0,57,102,0.8,0.8095238095238095,0.19047619047619047,6,19,0.8,0.9090909090909091,0.09090909090909091,0,1
0,0.68,0.82,223.87316525909992,448,77,198,0,73,False,-1,none,0.3,0.84,0.8,0.58,0.79,0.56,0.6571428571428571,1.0,0.0,68,97,0.7,0.9130434782608695,0.08695652173913043,6,21,0.8,0.7692307692307693,0.23076923076923078,2,4
0,0.64,0.74,222.2202365389603,456,70,188,0,73,False,-1,none,0.3,0.76,0.79,0.5,0.7,0.57,0.6142857142857143,1.0,0.0,67,88,0.8,0.8181818181818182,0.18181818181818182,8,20,0.5,0.5555555555555556,0.4444444444444444,3,2
0,0.69,0.79,218.51005311061485,451,86,176,0,84,False,-1,none,0.3,0.8,0.78,0.58,0.74,0.51,0.6,1.0,0.0,58,84,0.9,0.9130434782608695,0.08695652173913043,2,24,0.9,0.7142857142857143,0.2857142857142857,5,3
1,0.56,0.7,176.0,460,106,166,0,78,False,-1,none,0.3,0.81,0.78,0.49,0.77,0.57,0.5142857142857142,1.0,0.0,40,95,0.65,0.7727272727272727,0.22727272727272727,10,15,0.7,0.6666666666666666,0.3333333333333333,3,3
1,0.61,0.77,195.30000000000007,453,119,166,0,78,False,-1,none,0.3,0.84,0.84,0.61,0.79,0.54,0.5857142857142857,1.0,0.0,42,94,0.55,0.8235294117647058,0.17647058823529413,9,14,0.9,0.7368421052631579,0.2631578947368421,4,3
1,0.69,0.8,204.53999999999994,450,77,196,0,72,False,-1,none,0.3,0.84,0.78,0.59,0.75,0.57,0.7,1.0,0.0,68,97,0.7,0.7058823529411765,0.29411764705882354,10,14,0.6,0.7857142857142857,0.21428571428571427,2,5
1,0.64,0.8,203.43224999999998,450,102,178,0,85,False,-1,none,0.3,0.84,0.83,0.56,0.8,0.57,0.5714285714285714,1.0,0.0,51,100,0.85,0.8636363636363636,0.13636363636363635,4,14,0.7,0.6666666666666666,0.3333333333333333,6,3
1,0.65,0.78,197.63966249999996,452,101,160,0,76,False,-1,none,0.3,0.78,0.78,0.55,0.78,0.5,0.6428571428571429,1.0,0.0,49,90,0.65,0.8421052631578947,0.15789473684210525,3,12,0.7,0.5,0.5,2,4
1,0.71,0.83,215.13606187499997,447,95,167,0,80,False,-1,none,0.3,0.83,0.78,0.56,0.76,0.52,0.6571428571428571,1.0,0.0,44,94,0.8,0.7619047619047619,0.23809523809523808,11,11,0.9,0.625,0.375,5,2
1,0.74,0.88,230.51990587499995,442,94,177,0,76,True,4,Shigh,0.3,0.81,0.82,0.56,0.79,0.61,0.7142857142857143,1.0,0.0,51,95,0.85,0.6538461538461539,0.34615384615384615,16,11,0.7,0.6666666666666666,0.3333333333333333,2,2
1,0.7,0.79,196.65187004531253,451,115,189,0,72,False,-1,none,0.3,0.86,0.86,0.68,0.85,0.58,0.7142857142857143,1.0,0.0,62,105,0.6,0.6428571428571429,0.35714285714285715,8,9,0.8,0.8666666666666667,0.13333333333333333,1,4
1,0.74,0.89,235.67397933515625,441,83,186,0,72,False,-1,none,0.3,0.79,0.83,0.55,0.82,0.59,0.6857142857142857,1.0,0.0,53,100,0.95,0.72,0.28,11,14,0.7,0.6875,0.3125,3,5
1,0.72,0.87,193.63377584742187,443,96,167,0,65,True,2,Slow,0.3,0.83,0.81,0.54,0.78,0.54,0.7,1.0,0.0,43,93,0.8,0.9090909090909091,0.09090909090909091,2,22,0.7,0.75,0.25,3,4
1,0.69,0.83,214.19225543903906,447,89,183,0,65,False,-1,none,0.3,0.83,0.78,0.6,0.82,0.52,0.6571428571428571,1.0,0.0,58,90,0.85,0.76,0.24,13,14,0.6,0.5833333333333334,0.4166666666666667,4,4
1,0.72,0.86,209.26691060348145,444,87,185,0,67,False,-1,none,0.3,0.85,0.76,0.63,0.74,0.6,0.7142857142857143,1.0,0.0,61,97,0.65,0.8333333333333334,0.16666666666666666,5,15,0.9,0.7222222222222222,0.2777777777777778,1,6
1,0.69,0.73,190.50100171650348,457,99,186,0,72,False,-1,none,0.3,0.82,0.83,0.54,0.81,0.58,0.7,1.0,0.0,52,101,0.75,0.6470588235294118,0.35294117647058826,10,19,0.5,0.5714285714285714,0.42857142857142855,1,3
1,0.72,0.89,217.18762539452752,441,99,172,0,75,False,-1,none,0.3,0.84,0.86,0.62,0.76,0.52,0.6571428571428571,1.0,0.0,53,92,0.9,0.8928571428571429,0.10714285714285714,9,15,0.8,0.7333333333333333,0.26666666666666666,0,3
1,0.64,0.75,202.0618395943992,455,104,154,0,72,False,-1,none,0.3,0.79,0.76,0.5,0.73,0.55,0.5571428571428572,1.0,0.0,40,85,0.85,0.8260869565217391,0.17391304347826086,5,17,0.8,0.5384615384615384,0.46153846153846156,3,4
1,0.75,0.87,208.48187516804154,443,78,192,0,73,False,-1,none,0.3,0.84,0.8,0.59,0.79,0.55,0.7428571428571429,1.0,0.0,64,97,0.85,0.9230769230769231,0.07692307692307693,5,20,0.6,0.5555555555555556,0.4444444444444444,3,3
1,0.71,0.9,210.35488270497308,440,97,161,0,77,False,-1,none,0.3,0.79,0.81,0.56,0.79,0.53,0.6714285714285714,1.0,0.0,48,87,0.8,0.96,0.04,1,17,0.8,0.7222222222222222,0.2777777777777778,3,5
1,0.69,0.85,183.31044688158696,445,86,181,0,63,False,-1,none,0.3,0.8,0.8,0.58,0.78,0.56,0.6571428571428571,1.0,0.0,61,94,0.85,1.0,0.0,0,22,0.6,0.8571428571428571,0.14285714285714285,2,2
1,0.74,0.88,220.1796234308591,442,88,187,0,77,False,-1,none,0.3,0.86,0.85,0.5,0.81,0.61,0.7428571428571429,1.0,0.0,52,107,0.7,0.8260869565217391,0.17391304347826086,10,12,0.8,0.6153846153846154,0.38461538461538464,2,4
1,0.7,0.82,198.3165524448762,448,82,165,0,76,False,-1,none,0.3,0.76,0.74,0.49,0.74,0.56,0.6571428571428571,1.0,0.0,56,87,0.75,0.9090909090909091,0.09090909090909091,2,15,0.9,0.5714285714285714,0.42857142857142855,1,4
1,0.73,0.88,189.64281836648811,442,86,156,0,80,True,2,Slow,0.3,0.77,0.79,0.55,0.73,0.46,0.7142857142857143,1.0,0.0,48,84,0.8,0.9166666666666666,0.08333333333333333,3,17,0.7,0.75,0.25,1,3
1,0.66,0.76,190.26200176420383,454,91,172,0,81,False,-1,none,0.3,0.8,0.8,0.43,0.74,0.62,0.6142857142857143,1.0,0.0,46,94,0.75,0.9,0.1,5,20,0.8,0.6153846153846154,0.38461538461538464,2,5
1,0.64,0.78,180.818749166819,452,87,158,0,72,False,-1,none,0.3,0.75,0.75,0.53,0.71,0.49,0.6285714285714286,1.0,0.0,48,82,0.65,0.95,0.05,4,17,0.7,0.7857142857142857,0.21428571428571427,2,5
1,0.74,0.88,212.79899627382906,442,91,162,0,74,False,-1,none,0.3,0.8,0.8,0.62,0.7,0.49,0.7142857142857143,1.0,0.0,55,81,0.7,0.8947368421052632,0.10526315789473684,2,16,1.0,0.7368421052631579,0.2631578947368421,4,4
1,0.71,0.84,203.60397585288047,446,108,174,0,74,False,-1,none,0.3,0.84,0.84,0.61,0.83,0.54,0.7142857142857143,1.0,0.0,53,100,0.7,0.8181818181818182,0.18181818181818182,7,10,0.7,0.8333333333333334,0.16666666666666666,0,4
1,0.75,0.87,215.8069197358252,443,84,197,0,92,False,-1,none,0.3,0.88,0.84,0.53,0.79,0.64,0.7714285714285715,1.0,0.0,59,107,0.65,0.8333333333333334,0.16666666666666666,9,18,0.8,0.8,0.2,3,1
1,0.72,0.86,207.31358942075735,444,89,184,0,66,False,-1,none,0.3,0.85,0.79,0.57,0.77,0.61,0.7285714285714285,1.0,0.0,59,97,0.75,0.9545454545454546,0.045454545454545456,0,23,0.6,0.7692307692307693,0.23076923076923078,1,4
1,0.69,0.85,224.9909811287145,445,79,162,0,69,False,-1,none,0.3,0.76,0.75,0.51,0.76,0.48,0.6285714285714286,1.0,0.0,51,82,0.8,0.8260869565217391,0.17391304347826086,5,15,0.9,0.7777777777777778,0.2222222222222222,5,4
1,0.62,0.76,196.58023229002728,454,105,160,0,89,True,3,Shigh,0.3,0.82,0.79,0.5,0.76,0.54,0.5714285714285714,1.0,0.0,44,96,0.75,0.8260869565217391,0.17391304347826086,5,12,0.7,0.5384615384615384,0.46153846153846156,1,2
1,0.6,0.65,159.05780812449183,465,101,161,0,73,False,-1,none,0.3,0.74,0.74,0.48,0.73,0.58,0.5714285714285714,1.0,0.0,45,95,0.6,0.9230769230769231,0.07692307692307693,0,16,0.8,0.75,0.25,2,3
1,0.68,0.78,205.46229541086137,452,103,163,0,76,False,-1,none,0.3,0.82,0.77,0.57,0.77,0.51,0.6142857142857143,1.0,0.0,45,92,0.8,0.85,0.15,6,14,0.9,0.6,0.4,3,3
1,0.7,0.84,218.96725936675148,446,105,177,0,84,True,3,Shigh,0.3,0.85,0.88,0.5,0.83,0.6,0.6428571428571429,1.0,0.0,54,96,0.8,0.68,0.32,10,13,0.9,0.6428571428571429,0.35714285714285715,3,1
1,0.61,0.74,174.75732192581168,456,103,174,0,84,False,-1,none,0.3,0.81,0.83,0.53,0.76,0.58,0.6142857142857143,1.0,0.0,52,99,0.5,0.9230769230769231,0.07692307692307693,3,15,0.8,0.8333333333333334,0.16666666666666666,0,5
1,0.57,0.65,172.19003138735036,465,111,157,0,82,False,-1,none,0.3,0.79,0.78,0.45,0.72,0.59,0.5,1.0,0.0,35,92,0.8,0.6842105263157895,0.3157894736842105,13,12,0.6,0.8181818181818182,0.18181818181818182,2,3
1,0.65,0.82,209.21439066908772,448,100,156,0,87,False,-1,none,0.3,0.82,0.79,0.55,0.69,0.53,0.6142857142857143,1.0,0.0,45,86,0.7,0.8571428571428571,0.14285714285714285,4,13,0.8,0.6666666666666666,0.3333333333333333,3,5
1,0.64,0.75,191.1697093378526,455,100,173,0,77,False,-1,none,0.3,0.79,0.82,0.55,0.74,0.58,0.6285714285714286,1.0,0.0,49,98,0.7,0.8,0.2,9,11,0.6,0.6363636363636364,0.36363636363636365,0,6
1,0.73,0.87,204.2437709684843,443,104,171,0,93,False,-1,none,0.3,0.83,0.87,0.56,0.84,0.52,0.7,1.0,0.0,54,96,0.85,0.8461538461538461,0.15384615384615385,4,14,0.7,0.8333333333333334,0.16666666666666666,0,3
1,0.73,0.88,213.17579826100263,442,80,170,0,82,False,-1,none,0.3,0.8,0.79,0.51,0.73,0.55,0.7285714285714285,1.0,0.0,52,93,0.65,0.8823529411764706,0.11764705882352941,3,13,0.9,0.65,0.35,4,5
1,0.71,0.91,209.15938098943883,439,104,158,0,87,True,2,Slow,0.3,0.83,0.83,0.53,0.83,0.51,0.7142857142857143,1.0,0.0,43,91,0.6,0.7647058823529411,0.23529411764705882,4,16,0.9,0.782608695652174,0.21739130434782608,1,3
1,0.75,0.96,240.6653161115716,434,86,160,0,83,True,4,Shigh,0.3,0.8,0.8,0.58,0.75,0.49,0.7142857142857143,1.0,0.0,53,86,0.85,0.7692307692307693,0.23076923076923078,7,9,0.8,0.6,0.4,4,1
1,0.7,0.87,227.88953688183847,443,130,178,0,70,False,-1,none,0.3,0.88,0.88,0.67,0.87,0.65,0.6428571428571429,1.0,0.0,42,107,0.8,0.7391304347826086,0.2608695652173913,8,16,0.9,0.7368421052631579,0.2631578947368421,3,2
1,0.76,0.88,231.08600317314452,442,103,165,0,79,False,-1,none,0.3,0.82,0.82,0.59,0.81,0.52,0.7428571428571429,1.0,0.0,50,94,0.8,0.782608695652174,0.21739130434782608,8,7,0.8,0.46153846153846156,0.5384615384615384,2,4
1,0.63,0.8,203.66427858652753,450,97,153,0,75,False,-1,none,0.3,0.78,0.75,0.58,0.68,0.51,0.5571428571428572,1.0,0.0,46,80,0.85,0.8518518518518519,0.14814814814814814,7,15,0.7,0.6428571428571429,0.35714285714285715,1,4
1,0.62,0.74,192.2486396134442,456,96,146,0,69,False,-1,none,0.3,0.72,0.72,0.54,0.67,0.51,0.6,1.0,0.0,42,84,0.65,0.6842105263157895,0.3157894736842105,5,8,0.7,0.7692307692307693,0.23076923076923078,2,5
1,0.72,0.86,204.12221573943023,444,101,180,0,78,False,-1,none,0.3,0.83,0.83,0.62,0.79,0.6,0.6857142857142857,1.0,0.0,54,100,0.75,0.8333333333333334,0.16666666666666666,6,14,0.9,0.85,0.15,1,5
1,0.8,0.92,242.2920899315337,438,104,189,0,75,False,-1,none,0.3,0.85,0.87,0.61,0.88,0.64,0.7428571428571429,1.0,0.0,57,101,0.9,0.7083333333333334,0.2916666666666667,10,16,1.0,0.625,0.375,2,3
1,0.7,0.91,225.29017740828579,439,80,185,0,64,False,-1,none,0.3,0.78,0.83,0.59,0.78,0.58,0.6714285714285714,1.0,0.0,56,97,0.75,0.8,0.2,10,15,0.8,0.7894736842105263,0.21052631578947367,3,4
1,0.68,0.84,206.58004177268862,446,84,151,0,86,False,-1,none,0.3,0.78,0.76,0.44,0.73,0.48,0.6428571428571429,1.0,0.0,40,85,0.7,0.85,0.15,5,11,0.9,0.7368421052631579,0.2631578947368421,3,7
1,0.61,0.77,193.54670130671144,453,94,160,0,54,False,-1,none,0.3,0.75,0.76,0.53,0.72,0.55,0.5142857142857142,1.0,0.0,39,85,0.85,0.76,0.24,15,17,0.8,0.875,0.125,0,4
1,0.74,0.89,218.15868774916186,441,88,171,0,87,False,-1,none,0.3,0.82,0.84,0.51,0.77,0.54,0.7285714285714285,1.0,0.0,49,92,0.8,0.8333333333333334,0.16666666666666666,4,18,0.7,0.7142857142857143,0.2857142857142857,3,5
1,0.63,0.77,204.5691825456573,453,100,165,0,78,False,-1,none,0.3,0.83,0.76,0.52,0.76,0.55,0.5857142857142857,1.0,0.0,46,93,0.7,0.8095238095238095,0.19047619047619047,7,13,0.8,0.6,0.4,2,4
1,0.73,0.91,231.3211680872054,439,74,176,0,84,False,-1,none,0.3,0.8,0.81,0.58,0.73,0.49,0.6714285714285714,1.0,0.0,65,85,0.9,0.7857142857142857,0.21428571428571427,10,12,0.8,0.75,0.25,2,2
1,0.7,0.89,213.3382645220996,441,99,169,0,78,True,3,Shigh,0.3,0.83,0.83,0.58,0.81,0.52,0.6714285714285714,1.0,0.0,54,94,0.7,0.75,0.25,7,11,0.9,0.7777777777777778,0.2222222222222222,0,3
1,0.67,0.77,200.23132987961324,453,103,158,0,92,False,-1,none,0.3,0.79,0.83,0.48,0.76,0.52,0.6714285714285714,1.0,0.0,47,92,0.6,0.6,0.4,9,4,0.8,0.8,0.2,0,6
1,0.64,0.78,189.16552040832883,452,114,157,0,81,False,-1,none,0.3,0.81,0.83,0.57,0.75,0.53,0.6285714285714286,1.0,0.0,46,92,0.6,0.8888888888888888,0.1111111111111111,2,10,0.8,0.625,0.375,3,4
1,0.71,0.88,225.50066921734793,442,88,182,0,72,False,-1,none,0.3,0.81,0.84,0.55,0.74,0.64,0.6571428571428571,1.0,0.0,53,89,0.95,0.7931034482758621,0.20689655172413793,12,20,0.6,0.5384615384615384,0.46153846153846156,5,3
1,0.63,0.78,213.7122156787122,452,98,172,0,67,False,-1,none,0.3,0.8,0.76,0.6,0.8,0.52,0.5857142857142857,1.0,0.0,45,96,0.75,0.7272727272727273,0.2727272727272727,12,12,0.7,0.6,0.4,5,2
1,0.62,0.73,186.87355764236133,457,90,163,0,74,False,-1,none,0.3,0.72,0.76,0.52,0.74,0.52,0.6,1.0,0.0,52,84,0.65,0.7647058823529411,0.23529411764705882,10,15,0.7,0.7857142857142857,0.21428571428571427,0,2
1,0.56,0.66,167.47383879938283,464,113,148,0,73,False,-1,none,0.3,0.79,0.77,0.47,0.72,0.52,0.5142857142857142,1.0,0.0,34,87,0.55,0.7142857142857143,0.2857142857142857,6,12,0.9,0.75,0.25,2,7
1,0.66,0.76,180.89856628405204,454,105,161,0,73,True,2,Slow,0.3,0.81,0.78,0.55,0.75,0.53,0.6428571428571429,1.0,0.0,52,87,0.7,0.8235294117647058,0.17647058823529413,6,12,0.7,0.6923076923076923,0.3076923076923077,1,3
1,0.68,0.84,229.34669397447448,446,94,176,0,76,False,-1,none,0.3,0.81,0.83,0.57,0.81,0.52,0.6571428571428571,1.0,0.0,58,93,0.65,0.6111111111111112,0.3888888888888889,12,9,0.9,0.75,0.25,2,2
1,0.68,0.88,215.93696876244354,442,98,163,0,81,True,3,Shigh,0.3,0.8,0.83,0.57,0.79,0.5,0.6714285714285714,1.0,0.0,58,95,0.65,0.75,0.25,3,6,0.8,0.7647058823529411,0.23529411764705882,0,1
1,0.67,0.78,187.1014387350238,452,102,184,0,76,False,-1,none,0.3,0.85,0.82,0.57,0.81,0.59,0.6285714285714286,1.0,0.0,58,103,0.75,0.9523809523809523,0.047619047619047616,2,18,0.8,0.8461538461538461,0.15384615384615385,1,2
1,0.69,0.82,214.39514960451962,448,87,180,0,86,False,-1,none,0.3,0.79,0.81,0.57,0.76,0.56,0.6571428571428571,1.0,0.0,60,97,0.75,0.7619047619047619,0.23809523809523808,8,11,0.8,0.6666666666666666,0.3333333333333333,1,3
1,0.65,0.74,195.43499616689022,456,101,163,0,67,False,-1,none,0.3,0.78,0.79,0.54,0.77,0.5,0.6285714285714286,1.0,0.0,55,87,0.6,0.7857142857142857,0.21428571428571427,3,13,0.9,0.75,0.25,0,5
1,0.61,0.72,196.98319683328276,458,113,167,0,88,False,-1,none,0.3,0.82,0.85,0.55,0.73,0.57,0.5571428571428572,1.0,0.0,49,92,0.7,0.7058823529411765,0.29411764705882354,11,8,0.8,0.6875,0.3125,4,3
2,0.67,0.79,202.0,451,104,168,0,69,False,-1,none,0.3,0.83,0.77,0.62,0.75,0.54,0.6285714285714286,1.0,0.0,48,90,0.75,0.6818181818181818,0.3181818181818182,14,11,0.8,0.6923076923076923,0.3076923076923077,2,3
2,0.67,0.77,199.50000000000006,453,120,149,0,79,False,-1,none,0.3,0.82,0.79,0.56,0.76,0.53,0.5857142857142857,1.0,0.0,35,84,0.9,0.84,0.16,8,18,0.8,0.5454545454545454,0.45454545454545453,0,4
2,0.64,0.75,181.54499999999996,455,93,147,0,85,False,-1,none,0.3,0.77,0.78,0.51,0.63,0.46,0.6285714285714286,1.0,0.0,53,82,0.8,0.8333333333333334,0.16666666666666666,1,8,0.4,0.8571428571428571,0.14285714285714285,1,2
2,0.6,0.71,176.54699999999997,459,104,149,0,76,False,-1,none,0.3,0.76,0.78,0.48,0.75,0.47,0.5285714285714286,1.0,0.0,39,84,0.65,0.8333333333333334,0.16666666666666666,4,15,1.0,0.875,0.125,2,5
2,0.75,0.88,225.16908750000002,442,99,177,0,86,False,-1,none,0.3,0.83,0.85,0.67,0.74,0.55,0.7285714285714285,1.0,0.0,57,89,0.85,0.76,0.24,10,17,0.7,0.8333333333333334,0.16666666666666666,2,2
2,0.69,0.84,217.0687443749999,446,111,171,0,79,False,-1,none,0.3,0.83,0.85,0.61,0.79,0.58,0.6428571428571429,1.0,0.0,47,95,0.75,0.782608695652174,0.21739130434782608,10,11,0.9,0.75,0.25,5,3
2,0.63,0.77,177.50277562499994,453,102,174,0,82,True,1,Slow,0.3,0.79,0.82,0.53,0.79,0.6,0.5857142857142857,1.0,0.0,47,105,0.7,0.8181818181818182,0.18181818181818182,5,12,0.8,0.6923076923076923,0.3076923076923077,3,2
2,0.67,0.85,210.74232374999997,445,91,171,0,73,False,-1,none,0.3,0.81,0.82,0.52,0.77,0.55,0.6285714285714286,1.0,0.0,56,92,0.75,0.8695652173913043,0.13043478260869565,4,12,0.8,0.7222222222222222,0.2777777777777778,4,3
2,0.76,0.87,195.5784284999999,443,69,194,0,75,False,-1,none,0.3,0.83,0.78,0.54,0.78,0.57,0.8285714285714286,1.0,0.0,72,106,0.55,0.8823529411764706,0.11764705882352941,5,9,0.7,0.8333333333333334,0.16666666666666666,1,1
2,0.78,0.97,247.70133340312503,433,82,186,0,60,True,3,Shigh,0.3,0.79,0.8,0.67,0.77,0.62,0.7428571428571429,1.0,0.0,64,95,0.85,0.5925925925925926,0.4074074074074074,14,10,0.9,0.7777777777777778,0.2222222222222222,1,2
2,0.7,0.86,215.35488666070316,444,106,163,0,85,False,-1,none,0.3,0.84,0.84,0.49,0.77,0.61,0.6571428571428571,1.0,0.0,48,92,0.8,0.8333333333333334,0.16666666666666666,8,11,0.8,0.75,0.25,1,3
2,0.66,0.83,198.56695464703128,447,87,149,0,86,True,3,Shigh,0.3,0.77,0.79,0.48,0.67,0.48,0.6142857142857143,1.0,0.0,46,79,0.75,0.8275862068965517,0.1724137931034483,7,13,0.8,0.8181818181818182,0.18181818181818182,1,3
2,0.72,0.97,241.2643270324219,433,91,186,0,81,False,-1,none,0.3,0.89,0.89,0.58,0.83,0.55,0.6428571428571429,1.0,0.0,55,94,0.95,0.8529411764705882,0.14705882352941177,10,19,0.8,0.7777777777777778,0.2222222222222222,2,6
2,0.65,0.79,194.81758453335942,451,97,165,0,84,False,-1,none,0.3,0.85,0.78,0.57,0.73,0.48,0.6428571428571429,1.0,0.0,53,86,0.6,0.8888888888888888,0.1111111111111111,6,14,0.8,0.75,0.25,2,4
2,0.65,0.78,186.37454761672856,452,101,169,0,67,True,3,Shigh,0.3,0.75,0.82,0.56,0.78,0.57,0.6428571428571429,1.0,0.0,51,99,0.7,0.8,0.2,6,8,0.6,0.7692307692307693,0.23076923076923078,1,4
2,0.63,0.74,172.49057523608207,456,101,161,0,74,False,-1,none,0.3,0.78,0.75,0.52,0.73,0.58,0.6285714285714286,1.0,0.0,46,95,0.7,0.9545454545454546,0.045454545454545456,3,16,0.5,0.75,0.25,0,1
2,0.68,0.83,188.61776402125773,447,109,162,0,81,False,-1,none,0.3,0.83,0.84,0.55,0.76,0.56,0.6857142857142857,1.0,0.0,48,101,0.6,0.9047619047619048,0.09523809523809523,3,8,0.8,0.8571428571428571,0.14285714285714285,0,2
2,0.75,0.93,230.75297575441698,437,83,194,0,85,False,-1,none,0.3,0.85,0.88,0.59,0.74,0.64,0.7285714285714285,1.0,0.0,64,98,0.75,0.8333333333333334,0.16666666666666666,10,14,0.9,0.7222222222222222,0.2777777777777778,2,6
2,0.75,0.89,227.05060048865576,441,94,169,0,78,False,-1,none,0.3,0.83,0.84,0.56,0.78,0.51,0.7285714285714285,1.0,0.0,53,91,0.85,0.84,0.16,4,14,0.7,0.6153846153846154,0.38461538461538464,4,3
2,0.63,0.74,188.33859951748857,456,110,160,0,86,False,-1,none,0.3,0.81,0.79,0.52,0.76,0.56,0.5857142857142857,1.0,0.0,43,90,0.7,0.7619047619047619,0.23809523809523808,7,15,0.8,0.75,0.25,3,2
2,0.65,0.79,195.81579213046038,451,108,172,0,76,False,-1,none,0.3,0.83,0.83,0.59,0.79,0.55,0.6142857142857143,1.0,0.0,54,96,0.65,0.8095238095238095,0.19047619047619047,2,14,0.9,0.8,0.2,4,2
2,0.66,0.79,202.41277046535427,451,93,170,0,63,False,-1,none,0.3,0.79,0.77,0.58,0.72,0.56,0.6285714285714286,1.0,0.0,52,89,0.7,0.65,0.35,13,7,0.8,0.7333333333333333,0.26666666666666666,4,5
2,0.65,0.76,196.88203089324665,454,102,181,0,76,False,-1,none,0.3,0.81,0.81,0.52,0.83,0.62,0.6142857142857143,1.0,0.0,52,101,0.7,0.6842105263157895,0.3157894736842105,9,12,0.8,0.5714285714285714,0.42857142857142855,2,5
2,0.7,0.85,201.63808844632226,445,93,155,0,82,False,-1,none,0.3,0.77,0.77,0.52,0.72,0.55,0.7,1.0,0.0,45,95,0.7,0.7391304347826086,0.2608695652173913,7,4,0.7,0.7692307692307693,0.23076923076923078,2,2
2,0.71,0.83,206.15239185139225,447,99,178,0,75,False,-1,none,0.3,0.81,0.84,0.62,0.77,0.56,0.7285714285714285,1.0,0.0,57,99,0.6,0.7058823529411765,0.29411764705882354,9,9,0.8,0.6666666666666666,0.3333333333333333,2,2
2,0.7,0.85,224.76881107105902,445,82,177,0,81,False,-1,none,0.3,0.8,0.73,0.55,0.75,0.61,0.6714285714285714,1.0,0.0,54,95,0.7,0.5789473684210527,0.42105263157894735,7,11,0.9,0.7368421052631579,0.2631578947368421,2,8
2,0.6,0.72,184.03131006290454,458,102,163,0,78,False,-1,none,0.3,0.79,0.78,0.57,0.68,0.55,0.6571428571428571,1.0,0.0,46,97,0.5,0.7777777777777778,0.2222222222222222,7,8,0.4,0.5,0.5,3,2
2,0.62,0.79,194.2164467531231,451,88,145,0,83,False,-1,none,0.3,0.77,0.73,0.46,0.67,0.49,0.5857142857142857,1.0,0.0,44,82,0.7,0.7692307692307693,0.23076923076923078,4,11,0.7,0.9166666666666666,0.08333333333333333,0,4
2,0.67,0.76,192.3271386405704,454,97,159,0,83,False,-1,none,0.3,0.8,0.77,0.51,0.75,0.49,0.6571428571428571,1.0,0.0,49,89,0.7,0.65,0.35,10,9,0.7,0.9,0.1,0,2
2,0.69,0.81,201.38044370712032,449,87,170,0,77,False,-1,none,0.3,0.79,0.78,0.5,0.77,0.54,0.7,1.0,0.0,56,92,0.65,0.8095238095238095,0.19047619047619047,4,11,0.7,0.6363636363636364,0.36363636363636365,3,4
2,0.72,0.88,221.88108841245028,442,99,171,0,82,False,-1,none,0.3,0.84,0.82,0.58,0.75,0.59,0.6571428571428571,1.0,0.0,53,92,0.9,0.7307692307692307,0.2692307692307692,7,15,0.8,0.8125,0.1875,0,4
2,0.71,0.82,209.48485113576987,448,98,160,0,75,False,-1,none,0.3,0.81,0.81,0.49,0.78,0.51,0.6285714285714286,1.0,0.0,45,87,0.95,0.76,0.24,7,16,0.8,0.6153846153846154,0.38461538461538464,1,4
2,0.72,0.86,208.70600991237006,444,101,182,0,61,False,-1,none,0.3,0.81,0.83,0.62,0.82,0.61,0.7142857142857143,1.0,0.0,54,104,0.7,0.8571428571428571,0.14285714285714285,3,13,0.8,0.6666666666666666,0.3333333333333333,3,5
2,0.69,0.89,227.26325923541242,441,70,159,0,72,False,-1,none,0.3,0.75,0.71,0.47,0.71,0.54,0.6285714285714286,1.0,0.0,48,85,0.8,0.76,0.24,10,11,0.9,0.65,0.35,2,3
2,0.73,0.89,214.49140312486153,441,96,169,0,81,False,-1,none,0.3,0.84,0.8,0.57,0.83,0.5,0.7,1.0,0.0,59,95,0.75,0.7916666666666666,0.20833333333333334,5,9,0.9,0.75,0.25,0,1
2,0.7,0.85,210.94129637019125,445,111,160,0,89,False,-1,none,0.3,0.81,0.83,0.54,0.86,0.52,0.6714285714285714,1.0,0.0,41,97,0.7,0.7619047619047619,0.23809523809523808,7,9,0.9,0.8235294117647058,0.17647058823529413,3,3
2,0.74,0.92,230.36301336222547,438,112,167,0,79,True,1,Slow,0.3,0.86,0.84,0.55,0.85,0.61,0.7,1.0,0.0,46,100,0.85,0.75,0.25,6,8,0.8,0.6,0.4,2,5
2,0.73,0.85,177.07104705818233,445,88,169,0,73,True,0,Slow,0.3,0.79,0.79,0.54,0.73,0.57,0.7428571428571429,1.0,0.0,61,94,0.7,0.9473684210526315,0.05263157894736842,1,9,0.7,0.7692307692307693,0.23076923076923078,3,1
2,0.67,0.81,203.54817202047653,449,105,166,0,73,False,-1,none,0.3,0.84,0.76,0.56,0.8,0.56,0.6142857142857143,1.0,0.0,45,96,0.8,0.782608695652174,0.21739130434782608,7,11,0.8,0.7333333333333333,0.26666666666666666,3,4
2,0.67,0.79,206.53512565835015,451,108,158,0,75,False,-1,none,0.3,0.81,0.77,0.55,0.75,0.57,0.6285714285714286,1.0,0.0,48,91,0.75,0.7727272727272727,0.22727272727272727,7,7,0.8,0.46153846153846156,0.5384615384615384,2,3
2,0.72,0.89,219.252578072791,441,97,151,0,83,False,-1,none,0.3,0.81,0.83,0.58,0.74,0.41,0.6571428571428571,1.0,0.0,54,74,0.9,0.7777777777777778,0.2222222222222222,8,11,0.8,0.75,0.25,2,2
2,0.66,0.8,203.12206429288963,450,87,177,0,66,False,-1,none,0.3,0.77,0.76,0.6,0.75,0.56,0.6571428571428571,1.0,0.0,57,94,0.7,0.7272727272727273,0.2727272727272727,7,13,0.6,0.6666666666666666,0.3333333333333333,2,4
2,0.7,0.88,222.81398357885976,442,108,160,0,74,False,-1,none,0.3,0.8,0.83,0.54,0.8,0.59,0.6571428571428571,1.0,0.0,43,97,0.8,0.8,0.2,6,9,0.8,0.6470588235294118,0.35294117647058826,1,4
2,0.73,0.9,227.9819029649085,440,89,178,0,73,False,-1,none,0.3,0.81,0.83,0.56,0.78,0.59,0.6857142857142857,1.0,0.0,54,101,0.85,0.8461538461538461,0.15384615384615385,5,14,0.8,0.5625,0.4375,1,3
2,0.71,0.87,226.19213832134366,443,90,173,0,70,True,4,Shigh,0.3,0.81,0.8,0.6,0.78,0.51,0.6714285714285714,1.0,0.0,57,91,0.8,0.6296296296296297,0.37037037037037035,14,8,0.8,0.6923076923076923,0.3076923076923077,1,2
2,0.68,0.84,206.87667212052605,446,98,160,0,73,True,0,Slow,0.3,0.8,0.78,0.55,0.74,0.55,0.6428571428571429,1.0,0.0,47,93,0.8,0.7407407407407407,0.25925925925925924,9,10,0.7,0.5833333333333334,0.4166666666666667,1,0
2,0.59,0.71,171.47266383674526,459,89,156,0,64,True,2,Slow,0.3,0.72,0.71,0.46,0.72,0.55,0.5571428571428572,1.0,0.0,40,90,0.65,0.7894736842105263,0.21052631578947367,7,13,0.7,0.6666666666666666,0.3333333333333333,2,4
2,0.7,0.92,244.0820130838323,438,99,185,0,74,False,-1,none,0.3,0.87,0.85,0.66,0.83,0.55,0.6571428571428571,1.0,0.0,55,97,0.9,0.7575757575757576,0.24242424242424243,14,14,0.6,0.6153846153846154,0.38461538461538464,1,4
2,0.68,0.77,201.3332081356265,453,99,170,0,79,False,-1,none,0.3,0.81,0.83,0.57,0.77,0.48,0.6714285714285714,1.0,0.0,59,87,0.65,0.7894736842105263,0.21052631578947367,8,10,0.8,0.5454545454545454,0.45454545454545453,3,3
2,0.73,0.83,209.86813969747163,447,88,179,0,80,False,-1,none,0.3,0.82,0.79,0.5,0.79,0.6,0.7,1.0,0.0,55,97,0.85,0.7142857142857143,0.2857142857142857,12,10,0.7,0.8461538461538461,0.15384615384615385,1,4
2,0.67,0.8,212.5954084349613,450,86,178,0,66,False,-1,none,0.3,0.77,0.79,0.56,0.78,0.54,0.6571428571428571,1.0,0.0,59,98,0.8,0.68,0.32,6,12,0.5,0.6666666666666666,0.3333333333333333,0,3
2,0.7,0.89,222.990396981342,441,97,164,0,80,False,-1,none,0.3,0.84,0.83,0.57,0.76,0.5,0.6714285714285714,1.0,0.0,51,86,0.8,0.8076923076923077,0.19230769230769232,5,14,0.7,0.75,0.25,4,4
2,0.76,0.92,237.27586702921374,438,96,173,0,64,False,-1,none,0.3,0.81,0.79,0.65,0.8,0.56,0.7428571428571429,1.0,0.0,54,101,0.85,0.7777777777777778,0.2222222222222222,5,12,0.7,0.7692307692307693,0.23076923076923078,0,1
2,0.64,0.74,195.43370910343344,456,116,148,0,72,False,-1,none,0.3,0.8,0.78,0.57,0.71,0.52,0.6428571428571429,1.0,0.0,42,91,0.6,0.7368421052631579,0.2631578947368421,5,7,0.7,0.5,0.5,2,1
2,0.63,0.78,202.12532016527328,452,99,147,0,71,True,3,Shigh,0.3,0.75,0.76,0.5,0.74,0.49,0.5714285714285714,1.0,0.0,44,83,0.7,0.6363636363636364,0.36363636363636365,8,8,0.9,0.5625,0.4375,0,4
2,0.62,0.8,200.98519164253102,450,99,149,0,72,False,-1,none,0.3,0.78,0.77,0.48,0.75,0.5,0.5571428571428572,1.0,0.0,44,83,0.8,0.8148148148148148,0.18518518518518517,5,13,0.7,0.6428571428571429,0.35714285714285715,3,1
2,0.71,0.84,205.79668416654005,446,109,169,0,88,False,-1,none,0.3,0.84,0.87,0.58,0.84,0.49,0.6571428571428571,1.0,0.0,54,93,0.8,0.8181818181818182,0.18181818181818182,3,12,0.9,0.6875,0.3125,3,4
2,0.76,0.91,221.2539314129841,439,68,179,0,92,False,-1,none,0.3,0.82,0.79,0.54,0.71,0.52,0.8,1.0,0.0,63,91,0.7,0.68,0.32,7,13,0.6,0.8,0.2,2,3
2,0.69,0.79,208.34376093489732,451,95,168,0,78,False,-1,none,0.3,0.79,0.81,0.49,0.78,0.55,0.6857142857142857,1.0,0.0,52,88,0.7,0.6190476190476191,0.38095238095238093,12,11,0.7,0.5,0.5,3,2
2,0.67,0.78,198.74070304584512,452,109,160,0,78,True,3,Shigh,0.3,0.81,0.8,0.53,0.82,0.51,0.6285714285714286,0.9545454545454546,0.045454545454545456,47,94,0.75,0.6818181818181818,0.3181818181818182,6,11,0.8,0.6666666666666666,0.3333333333333333,0,2
2,0.67,0.84,206.10409031396188,446,101,168,0,72,True,0,Slow,0.3,0.8,0.81,0.55,0.78,0.59,0.6142857142857143,1.0,0.0,48,95,0.7,0.75,0.25,8,11,1.0,0.631578947368421,0.3684210526315789,1,5
2,0.61,0.72,184.9836316490887,458,101,155,0,62,False,-1,none,0.3,0.76,0.73,0.54,0.7,0.55,0.5428571428571428,1.0,0.0,50,81,0.7,0.7142857142857143,0.2857142857142857,10,8,0.9,0.6153846153846154,0.38461538461538464,1,5
2,0.69,0.79,184.7747415099342,451,105,178,0,63,False,-1,none,0.3,0.79,0.84,0.67,0.78,0.54,0.7285714285714285,1.0,0.0,61,97,0.65,0.85,0.15,4,12,0.5,0.625,0.375,2,2
2,0.65,0.8,220.5453783898906,450,110,169,0,81,False,-1,none,0.3,0.84,0.87,0.57,0.73,0.58,0.5714285714285714,1.0,0.0,46,88,0.85,0.6,0.4,20,9,0.8,0.6666666666666666,0.3333333333333333,2,4
2,0.67,0.79,188.97425665820558,451,121,151,0,79,True,3,Shigh,0.3,0.8,0.82,0.59,0.74,0.56,0.6571428571428571,0.9347826086956522,0.06521739130434782,50,91,0.65,0.7894736842105263,0.21052631578947367,1,8,0.8,0.7142857142857143,0.2857142857142857,0,1
2,0.7,0.87,216.52839630769378,443,100,167,0,81,False,-1,none,0.3,0.82,0.82,0.6,0.76,0.54,0.6571428571428571,1.0,0.0,48,95,0.8,0.8928571428571429,0.10714285714285714,5,14,0.8,0.6153846153846154,0.38461538461538464,2,3
3,0.63,0.74,169.0,456,112,163,0,76,True,1,Slow,0.3,0.79,0.8,0.53,0.76,0.61,0.5571428571428572,1.0,0.0,41,98,0.8,0.7619047619047619,0.23809523809523808,4,15,0.8,0.7142857142857143,0.2857142857142857,3,2
3,0.71,0.86,214.20000000000007,444,88,180,0,81,False,-1,none,0.3,0.84,0.81,0.57,0.79,0.53,0.6714285714285714,1.0,0.0,54,92,0.7,0.8181818181818182,0.18181818181818182,6,21,1.0,0.7647058823529411,0.23529411764705882,2,5
3,0.65,0.76,208.52999999999992,454,113,191,0,80,False,-1,none,0.3,0.88,0.83,0.61,0.81,0.67,0.6,1.0,0.0,49,99,0.75,0.6666666666666666,0.3333333333333333,10,22,0.8,0.75,0.25,2,9
3,0.67,0.82,202.45049999999992,448,104,166,0,88,False,-1,none,0.3,0.82,0.83,0.55,0.76,0.56,0.6428571428571429,1.0,0.0,46,100,0.65,0.9,0.1,6,10,0.9,0.7647058823529411,0.23529411764705882,0,4
3,0.71,0.8,208.00867499999993,450,97,187,0,71,False,-1,none,0.3,0.87,0.83,0.54,0.81,0.59,0.6714285714285714,1.0,0.0,55,100,0.8,0.75,0.25,10,15,0.8,0.7692307692307693,0.23076923076923078,2,5
3,0.73,0.88,231.12038249999995,442,93,188,0,71,False,-1,none,0.3,0.85,0.85,0.63,0.77,0.59,0.7285714285714285,1.0,0.0,66,93,0.65,0.8095238095238095,0.19047619047619047,9,12,0.9,0.625,0.375,2,6
3,0.65,0.79,193.26530081249993,451,90,167,0,79,False,-1,none,0.3,0.76,0.78,0.51,0.75,0.56,0.7,1.0,0.0,51,98,0.55,0.9090909090909091,0.09090909090909091,2,14,0.5,0.625,0.375,0,2
3,0.61,0.73,186.12455370468746,457,94,162,0,66,False,-1,none,0.3,0.76,0.76,0.52,0.72,0.53,0.5857142857142857,1.0,0.0,47,87,0.7,0.8181818181818182,0.18181818181818182,9,13,0.6,0.7,0.3,3,3
3,0.72,0.82,202.10919129843742,448,102,179,0,87,False,-1,none,0.3,0.85,0.85,0.57,0.81,0.55,0.6857142857142857,1.0,0.0,54,92,0.8,0.8095238095238095,0.19047619047619047,8,18,0.8,0.8461538461538461,0.15384615384615385,2,5
3,0.72,0.84,222.0362841375,446,85,163,0,78,False,-1,none,0.3,0.78,0.78,0.48,0.73,0.55,0.6714285714285714,1.0,0.0,47,90,0.85,0.8260869565217391,0.17391304347826086,5,15,0.8,0.6428571428571429,0.35714285714285715,4,2
3,0.67,0.82,214.00661746406251,448,96,165,0,67,False,-1,none,0.3,0.77,0.79,0.53,0.75,0.59,0.6142857142857143,1.0,0.0,47,89,0.85,0.9615384615384616,0.038461538461538464,1,20,0.7,0.5384615384615384,0.46153846153846156,4,4
3,0.74,0.89,220.27773110765625,441,78,169,0,94,True,1,Slow,0.3,0.83,0.82,0.46,0.74,0.51,0.7428571428571429,1.0,0.0,49,90,0.7,0.8181818181818182,0.18181818181818182,8,14,0.8,0.6,0.4,0,8
3,0.64,0.73,193.70338164917578,457,91,174,0,67,False,-1,none,0.3,0.78,0.78,0.53,0.75,0.54,0.6285714285714286,1.0,0.0,52,94,0.7,0.75,0.25,9,13,0.6,0.8888888888888888,0.1111111111111111,2,4
3,0.68,0.77,195.46633309734312,453,92,175,0,71,False,-1,none,0.3,0.8,0.81,0.59,0.73,0.51,0.6285714285714286,1.0,0.0,60,84,0.85,0.9130434782608695,0.08695652173913043,4,23,0.7,0.8,0.2,2,2
3,0.62,0.76,195.78164857699096,454,96,151,0,77,False,-1,none,0.3,0.73,0.78,0.53,0.71,0.48,0.5571428571428572,1.0,0.0,45,81,0.8,0.875,0.125,5,15,0.7,0.9230769230769231,0.07692307692307693,0,5
3,0.64,0.72,211.60110333550475,458,99,181,0,83,False,-1,none,0.3,0.84,0.8,0.48,0.85,0.55,0.6,1.0,0.0,49,98,0.7,0.6666666666666666,0.3333333333333333,15,16,0.8,0.6666666666666666,0.3333333333333333,0,3
3,0.64,0.73,190.97276765988278,457,101,183,0,58,False,-1,none,0.3,0.79,0.81,0.62,0.74,0.61,0.7,1.0,0.0,61,103,0.4,0.8333333333333334,0.16666666666666666,3,9,0.7,0.75,0.25,3,4
3,0.61,0.7,191.17637520677533,460,88,157,0,85,True,1,Slow,0.3,0.75,0.74,0.51,0.67,0.48,0.5714285714285714,1.0,0.0,45,83,0.65,0.75,0.25,8,12,0.8,0.5714285714285714,0.42857142857142855,5,4
3,0.59,0.69,174.65059620409156,461,97,165,0,69,False,-1,none,0.3,0.79,0.74,0.54,0.73,0.51,0.5571428571428572,1.0,0.0,49,87,0.75,0.9545454545454546,0.045454545454545456,5,23,0.5,0.875,0.125,0,1
3,0.63,0.72,226.36434360133936,458,99,176,0,73,False,-1,none,0.3,0.84,0.8,0.57,0.77,0.49,0.5857142857142857,1.0,0.0,56,88,0.75,0.5789473684210527,0.42105263157894735,17,11,0.7,0.6666666666666666,0.3333333333333333,1,3
3,0.73,0.87,238.43746166335873,443,89,186,0,78,False,-1,none,0.3,0.85,0.85,0.62,0.8,0.5,0.7285714285714285,1.0,0.0,67,91,0.65,0.8947368421052632,0.10526315789473684,4,14,0.9,0.7647058823529411,0.23529411764705882,5,5
3,0.71,0.82,234.6218289877034,448,75,187,0,71,False,-1,none,0.3,0.74,0.8,0.57,0.73,0.6,0.6857142857142857,1.0,0.0,61,93,0.8,0.8095238095238095,0.19047619047619047,11,18,0.7,0.7692307692307693,0.23076923076923078,1,3
3,0.66,0.77,231.8043679290249,453,98,193,0,77,True,4,Shigh,0.3,0.86,0.85,0.59,0.76,0.62,0.6428571428571429,1.0,0.0,61,98,0.65,0.7222222222222222,0.2777777777777778,9,18,0.8,0.5714285714285714,0.42857142857142855,2,5
3,0.64,0.73,212.37729805903479,457,86,193,0,63,False,-1,none,0.3,0.82,0.8,0.57,0.78,0.55,0.6285714285714286,1.0,0.0,66,97,0.7,0.9,0.1,4,20,0.6,0.4444444444444444,0.5555555555555556,3,3
3,0.62,0.74,224.2191576072085,456,96,183,0,82,False,-1,none,0.3,0.81,0.85,0.6,0.78,0.49,0.5571428571428572,1.0,0.0,62,86,0.75,0.8181818181818182,0.18181818181818182,8,18,0.8,0.6923076923076923,0.3076923076923077,5,4
3,0.65,0.75,207.2617997001409,455,89,185,0,71,True,2,Slow,0.3,0.8,0.8,0.54,0.8,0.55,0.5857142857142857,1.0,0.0,62,89,0.75,0.7894736842105263,0.21052631578947367,7,21,0.9,0.8666666666666667,0.13333333333333333,1,5
3,0.61,0.67,194.88263663218083,463,105,182,0,76,False,-1,none,0.3,0.83,0.8,0.55,0.74,0.62,0.5857142857142857,1.0,0.0,58,96,0.55,0.7692307692307693,0.23076923076923078,6,17,0.9,0.7692307692307693,0.23076923076923078,1,4
3,0.67,0.81,220.20360422013283,449,87,196,0,76,False,-1,none,0.3,0.82,0.84,0.6,0.79,0.59,0.6571428571428571,1.0,0.0,65,103,0.6,0.9473684210526315,0.05263157894736842,6,15,0.9,0.8125,0.1875,1,6
3,0.67,0.82,224.2006621901246,448,93,170,0,100,False,-1,none,0.3,0.81,0.89,0.41,0.79,0.55,0.5714285714285714,1.0,0.0,47,89,0.9,0.9285714285714286,0.07142857142857142,6,24,0.9,0.7142857142857143,0.2857142857142857,1,3
3,0.58,0.68,184.5886388894846,462,68,160,0,64,False,-1,none,0.3,0.66,0.68,0.5,0.62,0.5,0.5857142857142857,1.0,0.0,50,83,0.55,0.8823529411764706,0.11764705882352941,7,13,0.6,0.8,0.2,1,6
3,0.68,0.83,229.6079515116748,447,84,176,0,92,True,3,Shigh,0.3,0.82,0.81,0.48,0.76,0.56,0.6285714285714286,1.0,0.0,59,90,0.85,0.76,0.24,8,17,0.7,0.7142857142857143,0.2857142857142857,0,2
3,0.6,0.71,197.28200810881637,459,97,178,0,74,False,-1,none,0.3,0.81,0.8,0.54,0.77,0.54,0.5571428571428572,1.0,0.0,49,96,0.7,0.85,0.15,8,15,0.7,0.6666666666666666,0.3333333333333333,8,2
3,0.68,0.85,233.01297701621897,445,95,172,0,68,False,-1,none,0.3,0.8,0.79,0.56,0.78,0.59,0.6285714285714286,1.0,0.0,48,96,0.7,0.9545454545454546,0.045454545454545456,4,18,1.0,0.7894736842105263,0.21052631578947367,0,6
3,0.66,0.76,222.60979509308294,454,82,197,0,80,False,-1,none,0.3,0.8,0.84,0.5,0.81,0.6,0.6285714285714286,1.0,0.0,63,101,0.7,0.8823529411764706,0.11764705882352941,6,19,0.8,0.6,0.4,3,5
3,0.67,0.76,220.48126968668913,454,94,193,0,77,False,-1,none,0.3,0.84,0.86,0.61,0.72,0.6,0.6,1.0,0.0,70,89,0.8,0.8095238095238095,0.19047619047619047,10,15,0.9,0.7692307692307693,0.23076923076923078,6,3
3,0.57,0.7,214.56587899116806,460,77,170,0,68,False,-1,none,0.3,0.73,0.72,0.53,0.71,0.48,0.4857142857142857,1.0,0.0,52,76,0.75,0.7727272727272727,0.22727272727272727,13,20,0.8,0.6428571428571429,0.35714285714285715,5,4
3,0.67,0.76,215.03619074770305,454,88,188,0,88,False,-1,none,0.3,0.84,0.84,0.61,0.79,0.44,0.6857142857142857,1.0,0.0,76,89,0.75,0.8,0.2,5,16,0.4,0.75,0.25,0,2
3,0.63,0.72,203.33979994582495,458,108,168,0,97,False,-1,none,0.3,0.81,0.88,0.49,0.79,0.51,0.6,1.0,0.0,49,89,0.75,0.7368421052631579,0.2631578947368421,9,17,0.6,0.8181818181818182,0.18181818181818182,2,2
3,0.64,0.77,225.31525054192534,453,74,159,0,90,False,-1,none,0.3,0.76,0.75,0.41,0.68,0.5,0.5571428571428572,1.0,0.0,48,81,0.75,0.8181818181818182,0.18181818181818182,6,16,1.0,0.75,0.25,4,4
3,0.58,0.68,203.91417439675183,462,78,174,0,80,False,-1,none,0.3,0.78,0.74,0.48,0.72,0.48,0.5,1.0,0.0,56,86,0.8,0.8095238095238095,0.19047619047619047,6,17,0.7,0.6666666666666666,0.3333333333333333,4,5
3,0.65,0.72,209.5637705792609,458,90,207,0,76,False,-1,none,0.3,0.85,0.86,0.57,0.8,0.61,0.6142857142857143,1.0,0.0,66,103,0.8,0.8571428571428571,0.14285714285714285,10,19,0.6,0.625,0.375,5,4
3,0.65,0.75,228.7180208460361,455,97,171,0,82,False,-1,none,0.3,0.83,0.81,0.54,0.73,0.52,0.6,1.0,0.0,55,89,0.7,0.7777777777777778,0.2222222222222222,5,12,0.9,0.6,0.4,5,5
3,0.76,0.92,261.13795411784645,438,77,209,0,72,True,0,Slow,0.3,0.85,0.85,0.58,0.84,0.66,0.7,1.0,0.0,62,103,0.85,0.6956521739130435,0.30434782608695654,11,19,1.0,0.65,0.35,6,8
3,0.63,0.8,230.08337440494802,450,81,194,0,75,False,-1,none,0.3,0.82,0.83,0.56,0.78,0.56,0.5285714285714286,1.0,0.0,66,87,0.8,0.9166666666666666,0.08333333333333333,8,21,1.0,0.7894736842105263,0.21052631578947367,3,9
3,0.68,0.79,229.4347361407868,451,81,201,0,84,False,-1,none,0.3,0.87,0.85,0.52,0.78,0.59,0.6714285714285714,1.0,0.0,69,102,0.65,0.8421052631578947,0.15789473684210525,7,16,0.8,0.6153846153846154,0.38461538461538464,2,5
3,0.68,0.81,234.08915958713385,449,63,177,0,74,True,4,Shigh,0.3,0.75,0.75,0.49,0.72,0.5,0.6571428571428571,1.0,0.0,54,90,0.8,0.76,0.24,13,14,0.6,0.6,0.4,5,1
3,0.7,0.78,235.0442494846302,452,90,177,0,75,False,-1,none,0.3,0.77,0.81,0.55,0.78,0.54,0.6571428571428571,1.0,0.0,58,91,0.75,0.7894736842105263,0.21052631578947367,8,11,0.9,0.46153846153846156,0.5384615384615384,2,7
3,0.6,0.66,187.99204657303065,464,97,165,0,82,False,-1,none,0.3,0.77,0.76,0.53,0.71,0.51,0.5571428571428572,1.0,0.0,50,89,0.7,0.8125,0.1875,6,17,0.7,0.7272727272727273,0.2727272727272727,0,3
3,0.71,0.77,221.25608015024272,453,92,174,0,82,False,-1,none,0.3,0.79,0.8,0.61,0.71,0.52,0.7428571428571429,1.0,0.0,60,91,0.65,0.6875,0.3125,9,10,0.6,0.7777777777777778,0.2222222222222222,0,4
3,0.67,0.79,220.88276680774266,451,94,201,0,71,False,-1,none,0.3,0.87,0.87,0.63,0.75,0.62,0.6428571428571429,1.0,0.0,69,97,0.7,0.8421052631578947,0.15789473684210525,6,19,0.8,0.8,0.2,4,6
3,0.69,0.78,215.65745692374313,452,90,198,0,74,False,-1,none,0.3,0.82,0.81,0.61,0.8,0.62,0.6714285714285714,1.0,0.0,70,99,0.7,0.8333333333333334,0.16666666666666666,6,18,0.8,0.7692307692307693,0.23076923076923078,2,3
3,0.65,0.76,197.73520665843824,454,87,181,0,71,False,-1,none,0.3,0.82,0.78,0.54,0.72,0.58,0.6,1.0,0.0,62,92,0.75,0.9090909090909091,0.09090909090909091,4,18,0.8,0.9166666666666666,0.08333333333333333,0,5
3,0.7,0.84,233.0809102868618,446,85,187,0,74,False,-1,none,0.3,0.83,0.84,0.55,0.78,0.56,0.6571428571428571,1.0,0.0,62,96,0.7,0.9047619047619048,0.09523809523809523,6,16,1.0,0.7647058823529411,0.23529411764705882,2,5
3,0.56,0.66,194.1371357081302,464,94,191,0,79,False,-1,none,0.3,0.79,0.82,0.47,0.85,0.58,0.4714285714285714,1.0,0.0,58,104,0.8,0.8695652173913043,0.13043478260869565,7,18,0.7,0.6,0.4,2,2
3,0.77,0.9,259.8749487955724,440,74,214,0,77,False,-1,none,0.3,0.87,0.86,0.52,0.86,0.67,0.6857142857142857,1.0,0.0,63,101,1.0,0.88,0.12,9,29,0.9,0.7647058823529411,0.23529411764705882,4,8
3,0.6,0.7,205.76598827758227,460,86,203,0,66,False,-1,none,0.3,0.81,0.84,0.54,0.78,0.62,0.5428571428571428,1.0,0.0,70,103,0.75,0.9090909090909091,0.09090909090909091,4,24,0.7,0.6,0.4,0,2
3,0.61,0.71,194.84353062284703,459,85,181,0,83,False,-1,none,0.3,0.77,0.8,0.53,0.75,0.52,0.5428571428571428,1.0,0.0,58,92,0.8,0.9090909090909091,0.09090909090909091,6,20,0.7,0.9090909090909091,0.09090909090909091,1,4
3,0.63,0.71,191.37097520834268,459,88,191,0,80,True,1,Slow,0.3,0.84,0.82,0.5,0.76,0.58,0.6142857142857143,1.0,0.0,64,97,0.6,0.7142857142857143,0.2857142857142857,6,15,0.8,0.6428571428571429,0.35714285714285715,6,3
3,0.64,0.73,204.58411765237068,457,95,201,0,76,False,-1,none,0.3,0.87,0.85,0.6,0.79,0.58,0.6,1.0,0.0,67,98,0.8,0.9047619047619048,0.09523809523809523,4,22,0.6,0.7,0.3,6,4
3,0.63,0.77,201.95224569405622,453,65,189,0,69,True,0,Slow,0.3,0.77,0.77,0.48,0.69,0.6,0.6,1.0,0.0,68,93,0.65,0.8947368421052632,0.10526315789473684,3,15,0.8,0.6875,0.3125,2,8
3,0.6,0.76,213.35530169035403,454,71,190,0,78,False,-1,none,0.3,0.8,0.81,0.51,0.7,0.55,0.5,1.0,0.0,63,81,0.85,0.8846153846153846,0.11538461538461539,10,24,0.8,0.9333333333333333,0.06666666666666667,3,9
3,0.62,0.7,204.70000348459428,460,86,195,0,79,False,-1,none,0.3,0.82,0.81,0.53,0.77,0.58,0.5571428571428572,1.0,0.0,68,91,0.75,0.7647058823529411,0.23529411764705882,5,25,0.8,0.7857142857142857,0.21428571428571427,0,6
3,0.65,0.76,221.11284375329376,454,82,205,0,72,False,-1,none,0.3,0.85,0.81,0.62,0.78,0.57,0.6,1.0,0.0,71,95,0.75,0.9545454545454546,0.045454545454545456,5,24,0.8,0.5833333333333334,0.4166666666666667,4,6
3,0.61,0.73,195.67620794695355,457,87,207,0,68,False,-1,none,0.3,0.84,0.82,0.66,0.77,0.58,0.6,1.0,0.0,78,105,0.65,1.0,0.0,2,17,0.6,0.9,0.1,0,5
3,0.52,0.6,170.72921219735528,470,78,187,0,65,True,2,Slow,0.3,0.73,0.75,0.55,0.69,0.53,0.4857142857142857,1.0,0.0,71,89,0.55,0.9285714285714286,0.07142857142857142,2,17,0.7,0.6666666666666666,0.3333333333333333,4,4
3,0.59,0.67,202.4219343216239,463,86,200,0,82,False,-1,none,0.3,0.84,0.85,0.55,0.77,0.52,0.5,1.0,0.0,77,90,0.7,0.9375,0.0625,2,19,1.0,0.6875,0.3125,8,4
4,0.69,0.82,212.0,448,108,163,0,82,False,-1,none,0.3,0.83,0.83,0.51,0.76,0.6,0.6428571428571429,1.0,0.0,42,94,0.75,0.75,0.25,7,15,0.9,0.5882352941176471,0.4117647058823529,1,4
4,0.68,0.8,205.80000000000004,450,101,170,0,74,False,-1,none,0.3,0.82,0.82,0.54,0.78,0.55,0.6428571428571429,1.0,0.0,48,97,0.75,0.75,0.25,9,12,0.8,0.7333333333333333,0.26666666666666666,4,0
4,0.6,0.71,179.23499999999996,459,76,161,0,77,False,-1,none,0.3,0.73,0.73,0.4,0.71,0.51,0.5571428571428572,1.0,0.0,42,89,0.8,0.875,0.125,8,18,0.5,0.625,0.375,2,2
4,0.72,0.85,230.38049999999993,445,100,195,0,70,False,-1,none,0.3,0.86,0.83,0.64,0.82,0.65,0.7,1.0,0.0,55,106,0.8,0.7272727272727273,0.2727272727272727,13,15,0.7,0.5714285714285714,0.42857142857142855,3,3
4,0.73,0.92,220.15743750000001,438,86,168,0,79,False,-1,none,0.3,0.8,0.82,0.58,0.77,0.49,0.6857142857142857,1.0,0.0,58,87,0.75,0.8846153846153846,0.11538461538461539,7,13,1.0,0.7777777777777778,0.2222222222222222,1,2
4,0.75,0.93,211.62392999999997,437,93,178,0,86,True,0,Slow,0.3,0.84,0.86,0.55,0.79,0.6,0.6571428571428571,1.0,0.0,51,93,1.0,0.7777777777777778,0.2222222222222222,14,16,0.9,0.7647058823529411,0.23529411764705882,2,2
4,0.73,0.91,217.71816937499992,439,95,159,0,80,False,-1,none,0.3,0.8,0.8,0.56,0.74,0.55,0.6714285714285714,1.0,0.0,47,87,0.8,0.8888888888888888,0.1111111111111111,6,16,1.0,0.8235294117647058,0.17647058823529413,1,2
4,0.68,0.81,214.13409084375,449,92,173,0,74,False,-1,none,0.3,0.8,0.81,0.53,0.77,0.55,0.6571428571428571,1.0,0.0,47,93,0.75,0.7916666666666666,0.20833333333333334,10,16,0.7,0.5454545454545454,0.45454545454545453,4,3
4,0.69,0.82,219.35031359062498,448,93,195,0,80,False,-1,none,0.3,0.83,0.85,0.58,0.84,0.6,0.6428571428571429,1.0,0.0,62,99,0.85,0.76,0.24,12,13,0.7,0.5833333333333334,0.4166666666666667,4,5
4,0.67,0.79,208.70381778749996,451,100,176,0,75,False,-1,none,0.3,0.81,0.83,0.57,0.8,0.54,0.6142857142857143,1.0,0.0,57,98,0.8,0.7368421052631579,0.2631578947368421,7,13,0.8,0.7058823529411765,0.29411764705882354,0,1
4,0.74,0.91,206.2284706961719,439,111,170,0,88,True,1,Slow,0.3,0.88,0.85,0.58,0.79,0.62,0.7,1.0,0.0,47,102,0.85,0.8518518518518519,0.14814814814814814,4,16,0.8,0.8,0.2,1,0
4,0.67,0.77,211.8585758319844,453,101,162,0,80,False,-1,none,0.3,0.82,0.77,0.52,0.7,0.59,0.6142857142857143,1.0,0.0,43,91,0.8,0.6842105263157895,0.3157894736842105,15,9,0.8,0.7333333333333333,0.26666666666666666,1,3
4,0.69,0.86,231.1673287846289,444,92,179,0,68,False,-1,none,0.3,0.76,0.79,0.59,0.82,0.61,0.6571428571428571,1.0,0.0,50,102,0.75,0.88,0.12,4,15,0.8,0.5333333333333333,0.4666666666666667,6,2
4,0.68,0.84,219.4523854698164,446,95,176,0,70,True,4,Shigh,0.3,0.85,0.83,0.6,0.72,0.55,0.6428571428571429,1.0,0.0,67,85,0.75,0.88,0.12,6,12,0.8,0.5714285714285714,0.42857142857142855,2,4
4,0.65,0.76,201.20498077616017,454,99,171,0,74,False,-1,none,0.3,0.79,0.8,0.56,0.73,0.58,0.6,1.0,0.0,52,88,0.8,0.8,0.2,7,14,0.7,0.7857142857142857,0.21428571428571427,4,6
4,0.74,0.86,203.73900245486897,444,92,175,0,82,True,1,Slow,0.3,0.82,0.84,0.6,0.74,0.53,0.7142857142857143,1.0,0.0,60,89,0.7,0.8333333333333334,0.16666666666666666,10,11,1.0,0.7777777777777778,0.2222222222222222,2,3
4,0.71,0.88,228.0109148631809,442,77,171,0,74,False,-1,none,0.3,0.79,0.79,0.51,0.78,0.49,0.6285714285714286,1.0,0.0,53,88,0.9,0.9230769230769231,0.07692307692307693,3,20,0.9,0.7222222222222222,0.2777777777777778,4,3
4,0.68,0.83,214.15760347575232,447,108,165,0,74,False,-1,none,0.3,0.81,0.84,0.6,0.78,0.53,0.6428571428571429,1.0,0.0,49,91,0.65,0.9444444444444444,0.05555555555555555,4,13,1.0,0.7,0.3,2,6
4,0.73,0.84,209.61481669360433,446,89,196,0,71,False,-1,none,0.3,0.83,0.83,0.6,0.84,0.59,0.7714285714285715,1.0,0.0,69,103,0.65,0.7222222222222222,0.2777777777777778,7,13,0.6,0.8333333333333334,0.16666666666666666,1,3
4,0.7,0.77,192.69053639199785,453,82,187,0,79,False,-1,none,0.3,0.79,0.81,0.51,0.79,0.56,0.6857142857142857,1.0,0.0,59,98,0.8,0.7894736842105263,0.21052631578947367,9,18,0.6,0.7,0.3,1,2
4,0.63,0.73,214.08548836719348,457,97,152,0,78,False,-1,none,0.3,0.74,0.76,0.48,0.73,0.51,0.6,1.0,0.0,41,86,0.7,0.5333333333333333,0.4666666666666667,6,13,0.7,0.5625,0.4375,4,2
4,0.78,0.94,230.46566177702093,436,96,190,0,65,True,1,Slow,0.3,0.87,0.87,0.65,0.78,0.63,0.7571428571428571,1.0,0.0,65,101,0.8,0.7727272727272727,0.22727272727272727,7,11,0.9,0.6842105263157895,0.3157894736842105,2,4
4,0.69,0.81,210.59777769852042,449,101,174,0,69,False,-1,none,0.3,0.84,0.82,0.62,0.7,0.58,0.6857142857142857,1.0,0.0,58,90,0.6,0.8125,0.1875,5,16,0.9,0.7647058823529411,0.23529411764705882,1,4
4,0.71,0.89,228.52596730561766,441,94,186,0,66,False,-1,none,0.3,0.83,0.81,0.62,0.84,0.59,0.6714285714285714,1.0,0.0,60,101,0.7,0.9047619047619048,0.09523809523809523,6,13,1.0,0.7142857142857143,0.2857142857142857,2,4
4,0.67,0.75,203.92022768518012,455,94,193,0,73,False,-1,none,0.3,0.81,0.82,0.59,0.82,0.58,0.6571428571428571,1.0,0.0,62,98,0.65,0.6428571428571429,0.35714285714285715,9,14,0.8,0.6666666666666666,0.3333333333333333,4,6
4,0.72,0.83,190.1004671336873,447,88,160,0,79,True,2,Slow,0.3,0.76,0.79,0.57,0.73,0.46,0.7714285714285715,1.0,0.0,57,87,0.7,0.8,0.2,6,6,0.4,0.6666666666666666,0.3333333333333333,2,2
4,0.67,0.78,195.95775494600815,452,85,175,0,77,False,-1,none,0.3,0.76,0.78,0.55,0.76,0.53,0.6142857142857143,1.0,0.0,54,89,0.8,0.782608695652174,0.21739130434782608,11,17,0.8,0.75,0.25,2,2
4,0.65,0.8,218.479660414239,450,84,173,0,73,False,-1,none,0.3,0.77,0.8,0.58,0.72,0.5,0.6142857142857143,1.0,0.0,56,89,0.75,0.7272727272727273,0.2727272727272727,15,9,0.7,0.5333333333333333,0.4666666666666667,1,3
4,0.67,0.77,192.85524606616997,453,88,156,0,89,False,-1,none,0.3,0.76,0.75,0.49,0.69,0.52,0.7,1.0,0.0,55,88,0.7,0.7777777777777778,0.2222222222222222,0,10,0.4,0.8,0.2,1,2
4,0.69,0.79,183.07416268434332,451,98,175,0,78,True,0,Slow,0.3,0.8,0.82,0.52,0.78,0.6,0.6428571428571429,1.0,0.0,55,100,0.8,0.7894736842105263,0.21052631578947367,5,11,0.8,0.8,0.2,1,3
4,0.68,0.82,221.4320341519781,448,91,171,0,76,True,4,Shigh,0.3,0.79,0.81,0.51,0.73,0.6,0.6571428571428571,1.0,0.0,50,95,0.7,0.631578947368421,0.3684210526315789,10,12,0.8,0.5294117647058824,0.47058823529411764,1,3
4,0.71,0.82,205.35071282884746,448,86,163,0,84,False,-1,none,0.3,0.77,0.81,0.47,0.72,0.54,0.6714285714285714,1.0,0.0,48,88,0.9,0.84,0.16,10,13,0.6,0.5,0.5,2,2
4,0.73,0.88,229.8786969975781,442,97,164,0,76,False,-1,none,0.3,0.8,0.81,0.58,0.75,0.55,0.7142857142857143,1.0,0.0,51,89,0.7,0.7142857142857143,0.2857142857142857,6,12,0.9,0.5882352941176471,0.4117647058823529,1,5
4,0.63,0.79,214.9653479674165,451,105,156,0,80,False,-1,none,0.3,0.8,0.79,0.55,0.72,0.54,0.5428571428571428,1.0,0.0,40,90,0.8,0.6956521739130435,0.30434782608695654,9,12,0.9,0.6666666666666666,0.3333333333333333,2,3
4,0.71,0.86,223.9295851631116,444,89,183,0,62,False,-1,none,0.3,0.82,0.8,0.61,0.78,0.57,0.7,1.0,0.0,55,100,0.7,0.7619047619047619,0.23809523809523808,11,13,0.8,0.6875,0.3125,2,2
4,0.66,0.82,184.36556810782352,448,79,159,0,80,True,0,Slow,0.3,0.74,0.75,0.52,0.71,0.48,0.6428571428571429,1.0,0.0,52,88,0.65,0.8,0.2,7,8,0.8,0.8823529411764706,0.11764705882352941,0,4
4,0.74,0.87,228.30255549350693,443,83,179,0,76,False,-1,none,0.3,0.8,0.79,0.61,0.74,0.55,0.7428571428571429,1.0,0.0,65,94,0.8,0.8571428571428571,0.14285714285714285,2,12,0.6,0.6428571428571429,0.35714285714285715,4,2
4,0.66,0.8,211.57370763203562,450,106,176,0,73,False,-1,none,0.3,0.85,0.85,0.61,0.79,0.52,0.6,1.0,0.0,61,94,0.85,0.8846153846153846,0.11538461538461539,6,11,0.7,0.5833333333333334,0.4166666666666667,1,3
4,0.68,0.83,226.45420719892542,447,94,192,0,71,False,-1,none,0.3,0.85,0.85,0.55,0.83,0.61,0.6142857142857143,1.0,0.0,63,101,0.75,0.7894736842105263,0.21052631578947367,7,17,1.0,0.7142857142857143,0.2857142857142857,1,3
4,0.68,0.8,204.5933907309584,450,107,180,0,73,False,-1,none,0.3,0.86,0.84,0.57,0.78,0.62,0.6285714285714286,1.0,0.0,53,99,0.75,0.8947368421052632,0.10526315789473684,5,17,0.9,0.8235294117647058,0.17647058823529413,1,5
4,0.69,0.83,228.4099509182465,447,99,186,0,67,False,-1,none,0.3,0.83,0.83,0.61,0.84,0.57,0.6285714285714286,1.0,0.0,59,93,0.85,0.72,0.28,13,17,0.8,0.7857142857142857,0.21428571428571427,1,3
4,0.69,0.84,232.34833654611697,446,93,174,0,84,False,-1,none,0.3,0.81,0.85,0.54,0.76,0.55,0.6,1.0,0.0,55,89,0.85,0.8333333333333334,0.16666666666666666,6,14,1.0,0.6666666666666666,0.3333333333333333,3,7
4,0.66,0.87,228.4889051817382,443,86,161,0,66,True,3,Shigh,0.3,0.76,0.71,0.58,0.75,0.54,0.6142857142857143,1.0,0.0,50,88,0.85,0.7857142857142857,0.21428571428571427,5,14,0.6,0.6875,0.3125,2,2
4,0.72,0.82,212.42502356550264,448,97,181,0,80,True,2,Slow,0.3,0.85,0.85,0.58,0.75,0.57,0.7285714285714285,1.0,0.0,59,97,0.7,0.5294117647058824,0.47058823529411764,12,9,0.7,0.7857142857142857,0.21428571428571427,1,3
4,0.78,0.95,259.0178708760908,435,90,189,0,86,False,-1,none,0.3,0.85,0.88,0.58,0.83,0.6,0.7428571428571429,1.0,0.0,61,103,0.8,0.782608695652174,0.21739130434782608,3,15,1.0,0.65,0.35,4,3
4,0.64,0.77,208.1541994584352,453,97,166,0,90,False,-1,none,0.3,0.79,0.79,0.56,0.74,0.52,0.5857142857142857,1.0,0.0,50,89,0.8,0.8,0.2,11,10,0.7,0.7272727272727273,0.2727272727272727,4,2
4,0.65,0.82,216.66393163831478,448,75,186,0,67,False,-1,none,0.3,0.81,0.8,0.53,0.77,0.52,0.6714285714285714,1.0,0.0,64,97,0.6,0.9047619047619048,0.09523809523809523,5,15,0.6,0.6428571428571429,0.35714285714285715,1,4
4,0.64,0.75,210.5869544474541,455,107,157,0,66,True,4,Shigh,0.3,0.75,0.81,0.51,0.72,0.6,0.5714285714285714,1.0,0.0,42,88,0.8,0.6190476190476191,0.38095238095238093,12,12,0.8,0.7142857142857143,0.2857142857142857,1,2
4,0.63,0.76,223.0035264554207,454,84,177,0,88,False,-1,none,0.3,0.8,0.81,0.54,0.7,0.52,0.6,1.0,0.0,65,85,0.7,0.7,0.3,11,11,0.7,0.6428571428571429,0.35714285714285715,2,3
4,0.69,0.85,238.19305246325112,445,65,196,0,89,False,-1,none,0.3,0.8,0.84,0.55,0.79,0.48,0.6571428571428571,1.0,0.0,69,93,0.8,0.8260869565217391,0.17391304347826086,9,17,0.7,0.6875,0.3125,4,4
4,0.63,0.76,211.18433184034322,454,89,185,0,65,False,-1,none,0.3,0.79,0.82,0.52,0.75,0.62,0.6142857142857143,1.0,0.0,58,98,0.65,0.8333333333333334,0.16666666666666666,8,15,0.7,0.7333333333333333,0.26666666666666666,2,4
4,0.67,0.83,244.93699060697475,447,78,190,0,64,False,-1,none,0.3,0.78,0.8,0.58,0.76,0.59,0.6428571428571429,1.0,0.0,68,92,0.7,0.6956521739130435,0.30434782608695654,9,13,0.8,0.5333333333333333,0.4666666666666667,4,4
4,0.7,0.9,247.03812522406437,440,86,153,0,91,True,3,Shigh,0.3,0.79,0.8,0.52,0.73,0.45,0.6714285714285714,0.9574468085106383,0.0425531914893617,57,72,0.8,0.7857142857142857,0.21428571428571427,4,11,0.7,0.6,0.4,6,3
4,0.61,0.74,207.14172813075095,456,88,190,0,83,False,-1,none,0.3,0.82,0.84,0.48,0.77,0.61,0.6,1.0,0.0,65,102,0.65,0.8888888888888888,0.1111111111111111,5,10,0.6,0.7142857142857143,0.2857142857142857,5,3
4,0.61,0.8,228.3983726716138,450,60,166,0,84,False,-1,none,0.3,0.74,0.73,0.45,0.67,0.47,0.5428571428571428,1.0,0.0,59,74,0.7,0.7727272727272727,0.22727272727272727,8,16,0.9,0.75,0.25,2,7
4,0.63,0.7,199.27736428599437,460,113,176,0,71,False,-1,none,0.3,0.85,0.81,0.54,0.79,0.6,0.5857142857142857,1.0,0.0,62,95,0.8,0.7142857142857143,0.2857142857142857,6,13,0.6,0.75,0.25,0,0
4,0.66,0.77,205.88587470706238,453,91,172,0,75,True,0,Slow,0.3,0.8,0.79,0.55,0.69,0.57,0.6142857142857143,1.0,0.0,59,89,0.7,0.6111111111111112,0.3888888888888889,11,10,0.9,0.6875,0.3125,2,1
4,0.71,0.85,235.8107063879877,445,86,191,0,73,False,-1,none,0.3,0.85,0.84,0.59,0.79,0.55,0.6428571428571429,1.0,0.0,70,96,0.8,0.9523809523809523,0.047619047619047616,2,14,1.0,0.631578947368421,0.3684210526315789,8,1
4,0.62,0.76,218.8168229473218,454,68,178,0,73,False,-1,none,0.3,0.74,0.74,0.52,0.69,0.53,0.5285714285714286,1.0,0.0,63,81,0.9,0.8846153846153846,0.11538461538461539,8,21,0.7,0.6153846153846154,0.38461538461538464,2,3
4,0.61,0.72,191.96632067029998,458,89,193,0,61,False,-1,none,0.3,0.81,0.76,0.58,0.79,0.6,0.6,1.0,0.0,67,105,0.65,0.8421052631578947,0.15789473684210525,5,13,0.6,0.8181818181818182,0.18181818181818182,0,3
4,0.61,0.74,211.81883061112518,456,92,161,0,83,True,4,Shigh,0.3,0.8,0.78,0.49,0.69,0.51,0.5714285714285714,1.0,0.0,58,83,0.6,0.5625,0.4375,12,5,0.9,0.7777777777777778,0.2222222222222222,0,3
4,0.65,0.74,216.7948812200532,456,88,200,0,68,False,-1,none,0.3,0.85,0.83,0.56,0.8,0.58,0.6142857142857143,1.0,0.0,70,102,0.65,0.6,0.4,12,8,0.9,0.8125,0.1875,3,5
4,0.67,0.81,210.93991281161365,449,98,176,0,80,True,1,Slow,0.3,0.82,0.84,0.56,0.78,0.55,0.6428571428571429,1.0,0.0,62,97,0.65,0.8421052631578947,0.15789473684210525,3,8,0.9,0.6470588235294118,0.35294117647058826,3,3
4,0.53,0.62,167.30483363284924,468,74,161,0,63,False,-1,none,0.3,0.7,0.68,0.44,0.68,0.47,0.4714285714285714,1.0,0.0,55,82,0.7,0.95,0.05,3,20,0.6,0.7777777777777778,0.2222222222222222,0,1
4,0.65,0.76,212.73824468079937,454,90,173,0,76,False,-1,none,0.3,0.8,0.8,0.58,0.73,0.48,0.6,1.0,0.0,63,79,0.85,0.8181818181818182,0.18181818181818182,7,20,0.6,0.8333333333333334,0.16666666666666666,2,2
4,0.56,0.66,192.76611228533295,464,92,186,0,71,True,4,Shigh,0.3,0.81,0.8,0.47,0.77,0.59,0.5,1.0,0.0,68,97,0.7,0.8235294117647058,0.17647058823529413,8,7,0.7,0.6428571428571429,0.35714285714285715,2,4
5,0.71,0.85,217.4,445,113,173,0,84,True,4,Shigh,0.3,0.81,0.86,0.62,0.83,0.59,0.6428571428571429,1.0,0.0,47,102,0.8,0.7083333333333334,0.2916666666666667,6,10,1.0,0.5,0.5,6,2
5,0.72,0.88,225.33000000000004,442,116,167,0,74,True,4,Shigh,0.3,0.86,0.87,0.6,0.78,0.6,0.6714285714285714,1.0,0.0,43,93,0.8,0.76,0.24,13,12,0.9,0.6875,0.3125,4,2
5,0.62,0.73,177.15599999999995,457,119,160,0,73,True,3,Shigh,0.3,0.79,0.78,0.54,0.8,0.61,0.5857142857142857,1.0,0.0,43,98,0.65,0.8947368421052632,0.10526315789473684,4,12,0.8,0.7692307692307693,0.23076923076923078,1,2
5,0.67,0.79,196.26075,451,100,160,0,91,False,-1,none,0.3,0.79,0.83,0.47,0.76,0.54,0.6285714285714286,1.0,0.0,41,95,0.75,0.9473684210526315,0.05263157894736842,1,14,0.8,0.75,0.25,4,5
5,0.62,0.71,193.4722125,459,107,171,0,76,False,-1,none,0.3,0.81,0.8,0.59,0.76,0.53,0.5857142857142857,1.0,0.0,54,92,0.7,0.7894736842105263,0.21052631578947367,2,13,0.7,0.5454545454545454,0.45454545454545453,6,4
5,0.67,0.82,216.68093999999996,448,94,157,0,72,True,3,Shigh,0.3,0.77,0.81,0.52,0.72,0.51,0.6571428571428571,1.0,0.0,46,85,0.6,0.6111111111111112,0.3888888888888889,10,10,0.9,0.6666666666666666,0.3333333333333333,2,4
5,0.73,0.88,210.65512978125,442,115,165,0,87,False,-1,none,0.3,0.88,0.9,0.57,0.78,0.55,0.6857142857142857,1.0,0.0,49,91,0.8,0.9615384615384616,0.038461538461538464,0,19,0.9,0.7142857142857143,0.2857142857142857,4,2
5,0.75,0.91,224.99945409375002,439,95,173,0,81,False,-1,none,0.3,0.85,0.79,0.59,0.79,0.57,0.7285714285714285,1.0,0.0,52,89,0.75,0.8181818181818182,0.18181818181818182,5,18,0.9,0.7777777777777778,0.2222222222222222,5,4
5,0.7,0.81,194.19552691875,449,80,180,0,79,False,-1,none,0.3,0.8,0.81,0.49,0.79,0.52,0.7428571428571429,1.0,0.0,62,97,0.6,0.875,0.125,5,11,0.6,0.6923076923076923,0.3076923076923077,1,4
5,0.62,0.73,187.70272753640623,457,90,166,0,56,False,-1,none,0.3,0.72,0.75,0.54,0.74,0.54,0.6142857142857143,1.0,0.0,53,87,0.65,0.8,0.2,5,18,0.6,0.7,0.3,0,3
5,0.71,0.81,187.7923154116407,449,110,175,0,59,True,0,Slow,0.3,0.83,0.8,0.56,0.8,0.67,0.6714285714285714,1.0,0.0,47,102,0.9,0.8260869565217391,0.17391304347826086,6,16,0.6,0.6363636363636364,0.36363636363636365,0,4
5,0.58,0.76,180.720057774375,454,88,149,0,67,True,0,Slow,0.3,0.73,0.73,0.51,0.68,0.48,0.5428571428571428,1.0,0.0,45,81,0.6,0.8095238095238095,0.19047619047619047,6,11,0.8,0.7647058823529411,0.23529411764705882,1,5
5,0.63,0.78,203.67662529867192,452,73,137,0,72,False,-1,none,0.3,0.67,0.71,0.42,0.68,0.4,0.6142857142857143,1.0,0.0,43,73,0.6,0.7647058823529411,0.23529411764705882,5,11,0.8,0.7777777777777778,0.2222222222222222,1,4
5,0.67,0.81,203.24046349072268,449,91,170,0,83,False,-1,none,0.3,0.8,0.81,0.55,0.74,0.52,0.6142857142857143,1.0,0.0,47,86,0.85,0.8333333333333334,0.16666666666666666,9,20,0.7,0.7142857142857143,0.2857142857142857,4,4
5,0.67,0.81,209.9433388928449,449,92,187,0,70,False,-1,none,0.3,0.79,0.8,0.6,0.79,0.62,0.6428571428571429,1.0,0.0,57,99,0.75,0.7619047619047619,0.23809523809523808,9,16,0.7,0.7333333333333333,0.26666666666666666,0,6
5,0.72,0.85,199.00827829816294,445,88,173,0,74,False,-1,none,0.3,0.82,0.84,0.57,0.74,0.49,0.7142857142857143,1.0,0.0,63,88,0.7,0.8571428571428571,0.14285714285714285,2,18,0.8,0.8571428571428571,0.14285714285714285,0,2
5,0.65,0.78,192.0878538264252,452,78,173,0,66,False,-1,none,0.3,0.76,0.72,0.51,0.7,0.6,0.6428571428571429,1.0,0.0,50,95,0.7,0.7894736842105263,0.21052631578947367,7,16,0.6,0.7857142857142857,0.21428571428571427,1,4
5,0.69,0.83,193.83603734267413,447,102,171,0,79,False,-1,none,0.3,0.84,0.81,0.5,0.73,0.68,0.6714285714285714,1.0,0.0,42,99,0.7,0.8571428571428571,0.14285714285714285,6,19,0.8,0.8,0.2,1,4
5,0.71,0.86,222.15762629901442,444,76,163,0,80,False,-1,none,0.3,0.75,0.75,0.55,0.69,0.51,0.7,1.0,0.0,53,80,0.65,0.75,0.25,8,14,0.9,0.5882352941176471,0.4117647058823529,1,7
5,0.74,0.82,197.16293751552433,448,100,180,0,88,False,-1,none,0.3,0.84,0.82,0.54,0.77,0.65,0.7,1.0,0.0,49,104,0.95,0.875,0.125,5,19,0.6,0.6666666666666666,0.3333333333333333,1,2
5,0.63,0.76,188.06842369806998,454,100,168,0,81,False,-1,none,0.3,0.75,0.8,0.58,0.78,0.53,0.6,1.0,0.0,54,94,0.65,0.8888888888888888,0.1111111111111111,5,12,0.8,0.75,0.25,0,3
5,0.72,0.83,203.66309494916229,447,99,178,0,80,False,-1,none,0.3,0.85,0.83,0.56,0.78,0.58,0.6857142857142857,1.0,0.0,56,97,0.8,0.9,0.1,4,17,0.8,0.6666666666666666,0.3333333333333333,1,3
5,0.79,0.94,223.3443815397125,436,117,174,0,90,False,-1,none,0.3,0.93,0.92,0.61,0.85,0.54,0.7428571428571429,1.0,0.0,54,92,0.9,0.9259259259259259,0.07407407407407407,2,18,0.9,0.6666666666666666,0.3333333333333333,6,2
5,0.69,0.84,210.46954280771575,446,98,181,0,87,False,-1,none,0.3,0.88,0.86,0.55,0.78,0.56,0.6857142857142857,1.0,0.0,59,93,0.6,0.7894736842105263,0.21052631578947367,9,14,0.9,0.7058823529411765,0.29411764705882354,1,5
5,0.65,0.77,172.83521934223484,453,90,165,0,68,False,-1,none,0.3,0.75,0.78,0.57,0.68,0.54,0.6571428571428571,1.0,0.0,52,86,0.65,0.9,0.1,5,19,0.6,0.9090909090909091,0.09090909090909091,0,3
5,0.65,0.77,180.26870207272316,453,104,154,0,85,False,-1,none,0.3,0.77,0.8,0.54,0.71,0.53,0.5857142857142857,1.0,0.0,49,80,0.85,0.8695652173913043,0.13043478260869565,1,19,0.7,0.8461538461538461,0.15384615384615385,0,5
5,0.74,0.85,184.12639990519241,445,77,170,0,83,False,-1,none,0.3,0.83,0.76,0.44,0.8,0.49,0.7428571428571429,1.0,0.0,51,97,0.75,1.0,0.0,2,15,0.7,0.9090909090909091,0.09090909090909091,0,5
5,0.74,0.86,214.0621837297998,444,88,180,0,81,False,-1,none,0.3,0.83,0.8,0.56,0.79,0.56,0.7428571428571429,1.0,0.0,55,95,0.7,0.8947368421052632,0.10526315789473684,7,17,0.8,0.6666666666666666,0.3333333333333333,2,4
5,0.62,0.71,176.92245338931258,459,98,158,0,78,False,-1,none,0.3,0.78,0.77,0.49,0.74,0.49,0.6285714285714286,1.0,0.0,49,89,0.55,0.8,0.2,5,13,0.7,0.75,0.25,1,1
5,0.68,0.82,187.48260982346835,448,111,176,0,81,True,1,Slow,0.3,0.86,0.86,0.54,0.85,0.58,0.6571428571428571,1.0,0.0,47,101,0.75,0.8260869565217391,0.17391304347826086,5,16,0.7,0.6923076923076923,0.3076923076923077,3,4
5,0.63,0.78,184.9999632696289,452,103,158,0,76,False,-1,none,0.3,0.79,0.79,0.52,0.74,0.55,0.6142857142857143,1.0,0.0,41,90,0.65,1.0,0.0,1,22,0.7,0.7692307692307693,0.23076923076923078,1,3
5,0.68,0.83,220.470217549239,447,95,171,0,96,True,4,Shigh,0.3,0.82,0.87,0.47,0.77,0.56,0.6285714285714286,1.0,0.0,53,92,0.75,0.7,0.3,5,18,0.9,0.7368421052631579,0.2631578947368421,0,3
5,0.63,0.77,181.10162578954015,453,84,158,0,71,False,-1,none,0.3,0.77,0.76,0.42,0.68,0.56,0.6,1.0,0.0,47,86,0.65,0.9473684210526315,0.05263157894736842,3,18,0.8,0.75,0.25,2,2
5,0.68,0.84,198.78729918189887,446,90,169,0,72,False,-1,none,0.3,0.8,0.77,0.54,0.77,0.55,0.6142857142857143,1.0,0.0,45,87,0.85,0.9166666666666666,0.08333333333333333,6,24,0.8,0.7647058823529411,0.23529411764705882,2,5
5,0.63,0.73,169.64092978155804,457,103,157,0,82,False,-1,none,0.3,0.79,0.82,0.49,0.74,0.49,0.6,1.0,0.0,47,89,0.65,0.8333333333333334,0.16666666666666666,4,14,0.8,1.0,0.0,0,3
5,0.71,0.87,206.5037338689885,443,91,178,0,79,False,-1,none,0.3,0.83,0.82,0.6,0.73,0.58,0.7,1.0,0.0,58,94,0.7,0.95,0.05,1,18,0.8,0.7222222222222222,0.2777777777777778,4,3
5,0.69,0.79,221.26451237402327,451,84,183,0,69,False,-1,none,0.3,0.81,0.78,0.53,0.76,0.58,0.6857142857142857,1.0,0.0,56,92,0.65,0.625,0.375,11,15,0.8,0.6,0.4,4,5
5,0.78,0.91,215.14815978728222,439,83,192,0,79,False,-1,none,0.3,0.85,0.86,0.57,0.78,0.6,0.7714285714285715,1.0,0.0,67,100,0.75,0.9130434782608695,0.08695652173913043,4,17,0.9,0.7142857142857143,0.2857142857142857,1,3
5,0.74,0.92,201.8502751400208,438,106,174,0,78,False,-1,none,0.3,0.88,0.88,0.6,0.79,0.57,0.7285714285714285,1.0,0.0,52,101,0.75,0.9565217391304348,0.043478260869565216,3,16,0.8,0.8235294117647058,0.17647058823529413,1,1
5,0.72,0.89,213.95065802097918,441,80,175,0,71,False,-1,none,0.3,0.77,0.79,0.57,0.72,0.59,0.7,1.0,0.0,55,90,0.65,0.9047619047619048,0.09523809523809523,3,19,1.0,0.7368421052631579,0.2631578947368421,3,5
5,0.66,0.83,201.0929877378294,447,94,169,0,74,False,-1,none,0.3,0.8,0.75,0.6,0.78,0.53,0.6,1.0,0.0,56,88,0.8,0.875,0.125,5,17,0.8,0.8823529411764706,0.11764705882352941,0,3
5,0.64,0.74,180.06921420360712,456,90,162,0,84,False,-1,none,0.3,0.8,0.73,0.54,0.75,0.44,0.6428571428571429,1.0,0.0,57,85,0.6,0.9444444444444444,0.05555555555555555,2,14,0.7,0.7272727272727273,0.2727272727272727,3,1
5,0.67,0.8,207.29910540516687,450,84,170,0,71,False,-1,none,0.3,0.73,0.78,0.56,0.71,0.56,0.6285714285714286,1.0,0.0,45,93,0.85,0.8928571428571429,0.10714285714285714,8,18,0.6,0.375,0.625,3,3
5,0.72,0.85,236.54571489580238,445,70,172,0,73,False,-1,none,0.3,0.78,0.77,0.5,0.75,0.47,0.6714285714285714,1.0,0.0,54,75,0.9,0.8076923076923077,0.19230769230769232,8,27,0.7,0.5,0.5,6,2
5,0.68,0.83,206.6643411426332,447,92,157,0,88,False,-1,none,0.3,0.81,0.77,0.49,0.78,0.47,0.6571428571428571,1.0,0.0,45,87,0.6,0.9473684210526315,0.05263157894736842,0,16,1.0,0.6666666666666666,0.3333333333333333,3,6
5,0.72,0.84,218.0422749952816,446,92,179,0,85,False,-1,none,0.3,0.85,0.83,0.55,0.78,0.54,0.7,1.0,0.0,56,95,0.7,0.8,0.2,6,13,0.9,0.7333333333333333,0.26666666666666666,5,4
5,0.64,0.78,191.52628017339612,452,106,171,0,80,False,-1,none,0.3,0.83,0.82,0.53,0.8,0.57,0.6,1.0,0.0,53,98,0.75,0.9130434782608695,0.08695652173913043,3,13,0.7,0.6923076923076923,0.3076923076923077,1,3
5,0.67,0.85,207.18523318555359,445,95,180,0,70,True,0,Slow,0.3,0.82,0.83,0.58,0.79,0.58,0.5714285714285714,1.0,0.0,55,90,0.9,0.8214285714285714,0.17857142857142858,8,17,0.9,0.5333333333333333,0.4666666666666667,5,5
5,0.67,0.8,189.35045827516447,450,77,161,0,77,False,-1,none,0.3,0.75,0.76,0.52,0.7,0.45,0.7,1.0,0.0,59,82,0.6,0.9523809523809523,0.047619047619047616,3,16,0.6,0.7,0.3,1,0
5,0.7,0.8,213.72724726516373,450,88,177,0,80,False,-1,none,0.3,0.77,0.83,0.48,0.81,0.56,0.6428571428571429,1.0,0.0,52,92,0.85,0.8695652173913043,0.13043478260869565,6,19,0.8,0.5833333333333334,0.4166666666666667,4,4
5,0.64,0.81,198.14290450971805,449,91,170,0,68,False,-1,none,0.3,0.8,0.79,0.53,0.69,0.61,0.6142857142857143,1.0,0.0,51,91,0.65,0.8421052631578947,0.15789473684210525,8,14,0.8,0.8421052631578947,0.15789473684210525,1,5
5,0.69,0.85,215.19362686765805,445,105,173,0,77,False,-1,none,0.3,0.83,0.86,0.55,0.81,0.58,0.6285714285714286,1.0,0.0,53,94,0.75,0.9130434782608695,0.08695652173913043,1,18,1.0,0.6666666666666666,0.3333333333333333,0,7
5,0.6,0.75,176.5125613563449,455,113,148,0,79,False,-1,none,0.3,0.81,0.7,0.56,0.75,0.54,0.5428571428571428,1.0,0.0,35,90,0.75,0.9583333333333334,0.041666666666666664,2,16,0.7,0.8461538461538461,0.15384615384615385,1,4
5,0.61,0.7,182.4551038769335,460,99,170,0,71,False,-1,none,0.3,0.79,0.77,0.52,0.75,0.56,0.5571428571428572,1.0,0.0,49,90,0.8,0.8571428571428571,0.14285714285714285,5,19,0.6,0.7,0.3,0,7
5,0.69,0.8,216.09964260059053,450,84,179,0,97,False,-1,none,0.3,0.83,0.84,0.5,0.77,0.49,0.6714285714285714,1.0,0.0,60,86,0.6,0.7142857142857143,0.2857142857142857,10,14,1.0,0.6842105263157895,0.3157894736842105,4,5
5,0.69,0.82,190.02063487316542,448,101,186,0,76,False,-1,none,0.3,0.87,0.82,0.59,0.81,0.6,0.6714285714285714,1.0,0.0,58,107,0.75,0.9583333333333334,0.041666666666666664,1,19,0.7,0.7272727272727273,0.2727272727272727,0,1
5,0.76,0.87,230.43025193500222,443,105,192,0,76,False,-1,none,0.3,0.88,0.89,0.63,0.85,0.59,0.7142857142857143,1.0,0.0,61,98,0.85,0.7727272727272727,0.22727272727272727,11,15,0.9,0.6,0.4,2,5
5,0.64,0.79,199.30425390246563,451,102,138,0,76,False,-1,none,0.3,0.75,0.7,0.52,0.71,0.51,0.6142857142857143,1.0,0.0,34,84,0.6,0.9,0.1,1,10,0.9,0.6875,0.3125,7,2
5,0.66,0.85,211.1017843620857,445,113,159,0,73,False,-1,none,0.3,0.81,0.81,0.57,0.77,0.61,0.5857142857142857,1.0,0.0,34,93,0.8,0.96,0.04,3,19,0.9,0.6842105263157895,0.3157894736842105,4,6
5,0.68,0.8,215.1646458064717,450,84,169,0,82,False,-1,none,0.3,0.77,0.78,0.51,0.75,0.52,0.6285714285714286,1.0,0.0,47,90,0.9,0.76,0.24,11,18,0.6,0.6363636363636364,0.36363636363636365,1,2
5,0.72,0.86,200.1428807865395,444,91,181,0,67,False,-1,none,0.3,0.81,0.82,0.62,0.75,0.58,0.6714285714285714,1.0,0.0,60,89,0.9,0.9285714285714286,0.07142857142857142,4,22,0.7,0.7272727272727273,0.2727272727272727,3,3
5,0.64,0.81,191.0383705101099,449,96,154,0,74,False,-1,none,0.3,0.74,0.8,0.53,0.73,0.51,0.6142857142857143,1.0,0.0,41,95,0.6,0.8947368421052632,0.10526315789473684,6,9,0.9,0.7894736842105263,0.21052631578947367,1,2
5,0.65,0.77,192.86003644680866,453,117,156,0,85,False,-1,none,0.3,0.85,0.83,0.52,0.73,0.57,0.5857142857142857,1.0,0.0,44,89,0.8,0.7619047619047619,0.23809523809523808,9,10,0.8,0.7333333333333333,0.26666666666666666,2,2
5,0.64,0.77,192.43812732620262,453,98,175,0,70,False,-1,none,0.3,0.82,0.8,0.53,0.77,0.58,0.6,1.0,0.0,46,94,0.7,0.7894736842105263,0.21052631578947367,10,14,0.8,0.75,0.25,2,9
5,0.68,0.81,196.92744372704396,449,99,162,0,78,False,-1,none,0.3,0.78,0.82,0.52,0.73,0.57,0.6714285714285714,1.0,0.0,53,90,0.65,0.9444444444444444,0.05555555555555555,4,12,0.8,0.6875,0.3125,0,3
5,0.67,0.79,189.93479264956937,451,108,155,0,68,True,4,Shigh,0.3,0.79,0.78,0.62,0.69,0.54,0.6714285714285714,1.0,0.0,52,83,0.65,0.6666666666666666,0.3333333333333333,10,10,0.7,0.8571428571428571,0.14285714285714285,0,0
6,0.61,0.72,150.59999999999997,458,131,150,0,77,True,1,Slow,0.3,0.83,0.83,0.54,0.78,0.55,0.5285714285714286,1.0,0.0,35,91,0.8,0.8636363636363636,0.13636363636363635,3,18,0.8,0.7692307692307693,0.23076923076923078,0,3
6,0.68,0.85,220.50000000000006,445,98,169,0,73,False,-1,none,0.3,0.82,0.83,0.58,0.78,0.51,0.5857142857142857,1.0,0.0,52,84,0.85,0.8333333333333334,0.16666666666666666,4,19,1.0,0.7,0.3,5,5
6,0.72,0.85,216.40499999999992,445,86,182,0,82,False,-1,none,0.3,0.79,0.82,0.57,0.78,0.57,0.6714285714285714,1.0,0.0,55,95,0.85,0.875,0.125,8,17,0.8,0.7142857142857143,0.2857142857142857,2,5
6,0.71,0.85,196.48125,445,76,173,0,76,True,0,Slow,0.3,0.8,0.76,0.49,0.76,0.53,0.7,1.0,0.0,54,92,0.7,0.8181818181818182,0.18181818181818182,7,15,0.8,0.7857142857142857,0.21428571428571427,1,4
6,0.65,0.87,217.90912499999993,443,100,173,0,75,True,0,Slow,0.3,0.82,0.8,0.52,0.83,0.63,0.5571428571428572,1.0,0.0,43,100,0.85,0.8275862068965517,0.1724137931034483,4,19,0.9,0.6111111111111112,0.3888888888888889,3,4
6,0.71,0.84,223.15261499999997,446,84,191,0,71,True,0,Slow,0.3,0.82,0.82,0.64,0.81,0.5,0.6571428571428571,1.0,0.0,56,91,0.8,0.6363636363636364,0.36363636363636365,19,15,0.9,0.5333333333333333,0.4666666666666667,6,4
6,0.71,0.8,205.0761490312499,450,75,177,0,73,False,-1,none,0.3,0.77,0.77,0.52,0.71,0.55,0.7142857142857143,1.0,0.0,59,92,0.7,0.7777777777777778,0.2222222222222222,8,14,0.7,0.75,0.25,0,4
6,0.75,0.89,225.93107210625,441,76,175,0,85,False,-1,none,0.3,0.82,0.79,0.53,0.78,0.48,0.6857142857142857,1.0,0.0,54,90,0.95,0.8461538461538461,0.15384615384615385,7,19,0.8,0.7333333333333333,0.26666666666666666,3,2
6,0.64,0.78,195.828609178125,452,88,185,0,64,False,-1,none,0.3,0.79,0.8,0.62,0.81,0.49,0.6428571428571429,1.0,0.0,61,91,0.55,0.8421052631578947,0.15789473684210525,7,17,0.8,0.7857142857142857,0.21428571428571427,6,3
6,0.65,0.81,204.02780314218754,449,92,157,0,70,False,-1,none,0.3,0.76,0.77,0.53,0.71,0.53,0.6142857142857143,1.0,0.0,41,89,0.8,0.9285714285714286,0.07142857142857142,6,14,0.6,0.6,0.4,3,4
6,0.63,0.76,194.8364632265625,454,88,166,0,75,False,-1,none,0.3,0.77,0.79,0.53,0.74,0.47,0.6142857142857143,1.0,0.0,54,85,0.65,0.85,0.15,7,14,0.7,0.7692307692307693,0.23076923076923078,2,4
6,0.71,0.87,221.11612799062507,443,92,161,0,75,False,-1,none,0.3,0.8,0.82,0.56,0.7,0.52,0.6428571428571429,1.0,0.0,44,82,0.85,0.8846153846153846,0.11538461538461539,8,19,0.9,0.6875,0.3125,2,6
6,0.62,0.75,189.3745678042969,455,89,166,0,65,False,-1,none,0.3,0.76,0.76,0.48,0.72,0.58,0.6,1.0,0.0,49,93,0.65,0.85,0.15,4,16,0.7,0.6923076923076923,0.3076923076923077,1,3
6,0.64,0.76,189.06204812414074,454,95,169,0,80,False,-1,none,0.3,0.81,0.82,0.46,0.77,0.54,0.6571428571428571,1.0,0.0,50,94,0.55,0.8947368421052632,0.10526315789473684,6,15,0.7,0.6363636363636364,0.36363636363636365,3,1
6,0.72,0.87,215.41984783667579,443,92,179,0,82,False,-1,none,0.3,0.82,0.83,0.6,0.77,0.56,0.6571428571428571,1.0,0.0,55,89,0.8,0.92,0.08,4,20,1.0,0.6875,0.3125,6,5
6,0.67,0.76,187.49510161150783,454,89,162,0,73,False,-1,none,0.3,0.79,0.77,0.53,0.68,0.5,0.6714285714285714,1.0,0.0,53,84,0.65,0.8823529411764706,0.11764705882352941,4,17,0.7,0.6666666666666666,0.3333333333333333,3,1
6,0.66,0.75,186.8858696929219,455,89,167,0,74,False,-1,none,0.3,0.77,0.76,0.56,0.7,0.52,0.6142857142857143,1.0,0.0,48,88,0.75,0.9,0.1,5,16,0.8,0.6666666666666666,0.3333333333333333,5,5
6,0.79,0.92,208.93601987581638,438,86,180,0,82,False,-1,none,0.3,0.82,0.84,0.57,0.82,0.53,0.7714285714285715,1.0,0.0,55,97,0.75,1.0,0.0,0,20,1.0,0.8235294117647058,0.17647058823529413,1,7
6,0.64,0.73,177.0326805104649,457,76,171,0,75,False,-1,none,0.3,0.73,0.72,0.49,0.77,0.49,0.6428571428571429,1.0,0.0,51,91,0.65,0.9473684210526315,0.05263157894736842,3,20,0.6,0.6666666666666666,0.3333333333333333,3,3
6,0.75,0.96,244.6314885311056,434,79,172,0,63,False,-1,none,0.3,0.79,0.78,0.57,0.78,0.55,0.6857142857142857,1.0,0.0,47,90,0.9,0.9032258064516129,0.0967741935483871,4,19,0.9,0.7058823529411765,0.29411764705882354,6,6
6,0.76,0.9,198.16316064482416,440,90,187,0,78,True,0,Slow,0.3,0.84,0.84,0.61,0.78,0.6,0.7571428571428571,1.0,0.0,58,101,0.75,0.9166666666666666,0.08333333333333333,5,19,0.8,0.6923076923076923,0.3076923076923077,2,2
6,0.65,0.8,213.96062054672427,450,90,178,0,67,False,-1,none,0.3,0.78,0.76,0.62,0.78,0.54,0.5714285714285714,1.0,0.0,44,90,0.85,0.7916666666666666,0.20833333333333334,12,20,0.8,0.6875,0.3125,6,6
6,0.68,0.85,208.02604450844234,445,85,169,0,66,True,0,Slow,0.3,0.78,0.8,0.52,0.76,0.53,0.6571428571428571,1.0,0.0,49,84,0.7,0.8695652173913043,0.13043478260869565,7,17,0.8,0.4666666666666667,0.5333333333333333,7,5
6,0.68,0.82,220.5678004032365,448,81,183,0,79,False,-1,none,0.3,0.79,0.8,0.49,0.78,0.6,0.6428571428571429,1.0,0.0,54,99,0.7,0.7647058823529411,0.23529411764705882,6,16,0.9,0.7,0.3,4,4
6,0.77,0.88,227.52165567691983,442,90,188,0,89,False,-1,none,0.3,0.84,0.84,0.59,0.84,0.55,0.7142857142857143,1.0,0.0,54,98,0.9,0.8695652173913043,0.13043478260869565,8,17,0.9,0.6666666666666666,0.3333333333333333,6,5
6,0.68,0.85,229.2004077076958,445,97,180,0,83,False,-1,none,0.3,0.86,0.81,0.57,0.82,0.56,0.6285714285714286,1.0,0.0,49,90,0.75,0.92,0.08,7,24,0.9,0.625,0.375,4,6
6,0.69,0.84,201.82452462376952,446,92,176,0,73,True,4,Shigh,0.3,0.8,0.8,0.6,0.77,0.55,0.6285714285714286,1.0,0.0,51,91,0.9,0.896551724137931,0.10344827586206896,11,18,0.7,0.7272727272727273,0.2727272727272727,2,3
6,0.7,0.84,231.6690900666073,446,82,190,0,74,False,-1,none,0.3,0.84,0.79,0.57,0.78,0.58,0.6285714285714286,1.0,0.0,60,90,0.8,0.92,0.08,7,19,1.0,0.4666666666666667,0.5333333333333333,7,7
6,0.72,0.8,195.58970589108148,450,76,174,0,80,False,-1,none,0.3,0.76,0.77,0.53,0.75,0.49,0.7142857142857143,1.0,0.0,61,90,0.7,0.75,0.25,8,10,0.8,0.9285714285714286,0.07142857142857142,1,4
6,0.78,0.92,247.5137029828991,438,88,199,0,81,False,-1,none,0.3,0.89,0.85,0.6,0.88,0.57,0.7428571428571429,1.0,0.0,63,97,0.85,0.7142857142857143,0.2857142857142857,14,18,0.9,0.7368421052631579,0.2631578947368421,2,5
6,0.66,0.79,218.30705921174825,451,88,155,0,93,True,3,Shigh,0.3,0.79,0.76,0.48,0.7,0.49,0.6142857142857143,1.0,0.0,48,84,0.65,0.5882352941176471,0.4117647058823529,9,10,1.0,0.6842105263157895,0.3157894736842105,1,3
6,0.65,0.8,210.74260239734446,450,96,184,0,75,False,-1,none,0.3,0.8,0.83,0.58,0.77,0.62,0.6142857142857143,1.0,0.0,50,100,0.75,0.7272727272727273,0.2727272727272727,12,16,0.7,0.8666666666666667,0.13333333333333333,1,5
6,0.65,0.77,211.25953147515534,453,89,167,0,82,False,-1,none,0.3,0.83,0.73,0.51,0.74,0.52,0.6142857142857143,1.0,0.0,51,86,0.7,0.6842105263157895,0.3157894736842105,8,19,0.8,0.7333333333333333,0.26666666666666666,1,2
6,0.74,0.94,235.3978349966824,436,82,189,0,70,True,4,Shigh,0.3,0.82,0.83,0.53,0.81,0.66,0.7,0.9795918367346939,0.02040816326530612,57,104,0.8,0.7692307692307693,0.23076923076923078,5,18,0.9,0.6842105263157895,0.3157894736842105,1,4
6,0.74,0.86,227.1218897074796,444,106,176,0,77,False,-1,none,0.3,0.86,0.87,0.55,0.81,0.59,0.7285714285714285,1.0,0.0,50,101,0.75,0.8695652173913043,0.13043478260869565,4,15,0.8,0.5833333333333334,0.4166666666666667,3,3
6,0.68,0.82,207.16509064668566,448,86,178,0,64,False,-1,none,0.3,0.79,0.8,0.58,0.72,0.57,0.6714285714285714,1.0,0.0,56,91,0.7,0.8636363636363636,0.13636363636363635,4,21,0.7,0.6923076923076923,0.3076923076923077,2,4
6,0.58,0.72,180.46303064626633,458,83,156,0,79,True,4,Shigh,0.3,0.77,0.74,0.48,0.69,0.43,0.5714285714285714,1.0,0.0,49,82,0.65,0.8181818181818182,0.18181818181818182,6,13,0.5,0.8,0.2,2,4
6,0.76,0.96,232.16013429559152,434,83,194,0,87,True,2,Slow,0.3,0.86,0.87,0.55,0.81,0.64,0.7142857142857143,1.0,0.0,60,96,0.85,0.9259259259259259,0.07407407407407407,5,22,0.9,0.7368421052631579,0.2631578947368421,4,7
6,0.55,0.61,157.47973241509246,469,89,169,0,76,False,-1,none,0.3,0.73,0.78,0.43,0.7,0.55,0.5428571428571428,1.0,0.0,55,98,0.6,0.8823529411764706,0.11764705882352941,4,11,0.5,0.5,0.5,0,1
6,0.7,0.82,217.5095661449153,448,81,193,0,79,False,-1,none,0.3,0.82,0.79,0.53,0.82,0.6,0.6714285714285714,1.0,0.0,57,102,0.85,0.76,0.24,8,22,0.6,0.8,0.2,0,4
6,0.68,0.78,195.37329071377283,452,97,182,0,78,False,-1,none,0.3,0.85,0.81,0.55,0.8,0.56,0.6857142857142857,1.0,0.0,62,95,0.7,0.9473684210526315,0.05263157894736842,5,16,0.6,0.8181818181818182,0.18181818181818182,1,3
6,0.63,0.76,212.05310695874257,454,92,161,0,81,False,-1,none,0.3,0.78,0.78,0.48,0.73,0.52,0.5428571428571428,1.0,0.0,42,85,0.8,0.6818181818181818,0.3181818181818182,13,14,0.9,0.8125,0.1875,2,5
6,0.72,0.84,217.12315445458594,446,97,178,0,81,False,-1,none,0.3,0.84,0.84,0.58,0.81,0.52,0.7,1.0,0.0,63,89,0.75,0.8571428571428571,0.14285714285714285,5,13,0.8,0.7857142857142857,0.21428571428571427,3,5
6,0.7,0.81,224.12198629387225,449,101,163,0,95,False,-1,none,0.3,0.81,0.83,0.51,0.76,0.54,0.6857142857142857,1.0,0.0,43,94,0.75,0.7,0.3,9,9,0.7,0.6923076923076923,0.3076923076923077,4,4
6,0.67,0.79,218.80289079151424,451,80,168,0,58,False,-1,none,0.3,0.75,0.73,0.57,0.72,0.5,0.6714285714285714,1.0,0.0,56,90,0.75,0.8260869565217391,0.17391304347826086,5,14,0.5,0.6666666666666666,0.3333333333333333,2,1
6,0.61,0.76,201.02777901169074,454,99,158,0,77,True,4,Shigh,0.3,0.77,0.8,0.55,0.67,0.54,0.5714285714285714,1.0,0.0,44,86,0.7,0.75,0.25,10,11,0.7,0.6666666666666666,0.3333333333333333,5,2
6,0.65,0.73,206.4927927446572,457,105,157,0,75,False,-1,none,0.3,0.79,0.77,0.55,0.75,0.49,0.6142857142857143,1.0,0.0,49,86,0.65,0.7058823529411765,0.29411764705882354,3,11,0.9,0.6923076923076923,0.3076923076923077,3,5
6,0.64,0.77,213.0607683856794,453,103,187,0,73,True,2,Slow,0.3,0.82,0.84,0.55,0.79,0.67,0.6,1.0,0.0,51,107,0.7,0.7272727272727273,0.2727272727272727,11,13,0.8,0.6923076923076923,0.3076923076923077,2,3
6,0.7,0.86,248.006594147554,444,69,183,0,87,False,-1,none,0.3,0.75,0.83,0.48,0.76,0.56,0.6714285714285714,1.0,0.0,60,91,0.7,0.7916666666666666,0.20833333333333334,11,17,0.9,0.6666666666666666,0.3333333333333333,2,2
6,0.67,0.83,222.3523497035734,447,85,178,0,79,True,1,Slow,0.3,0.79,0.83,0.53,0.75,0.56,0.6428571428571429,1.0,0.0,56,94,0.7,0.875,0.125,2,16,0.8,0.5714285714285714,0.42857142857142855,4,6
6,0.62,0.74,218.7461108080255,456,87,171,0,68,False,-1,none,0.3,0.79,0.75,0.55,0.7,0.53,0.5571428571428572,1.0,0.0,59,79,0.8,0.7619047619047619,0.23809523809523808,7,18,0.7,0.5714285714285714,0.42857142857142855,6,2
6,0.68,0.85,239.84683212529004,445,97,176,0,77,True,3,Shigh,0.3,0.85,0.84,0.58,0.74,0.57,0.6142857142857143,1.0,0.0,55,93,0.8,0.75,0.25,13,10,0.9,0.7222222222222222,0.2777777777777778,2,3
6,0.69,0.86,216.95155016524296,444,76,200,0,63,True,0,Slow,0.3,0.81,0.81,0.54,0.76,0.7,0.6428571428571429,1.0,0.0,61,100,0.8,0.84,0.16,9,21,0.8,0.6875,0.3125,2,7
6,0.7,0.81,224.80058634205642,449,88,182,0,89,False,-1,none,0.3,0.77,0.83,0.59,0.8,0.52,0.7,1.0,0.0,58,98,0.75,0.8636363636363636,0.13636363636363635,5,17,0.6,0.7,0.3,2,2
6,0.73,0.81,214.35489170218412,449,92,190,0,72,False,-1,none,0.3,0.82,0.82,0.62,0.75,0.62,0.7285714285714285,1.0,0.0,64,102,0.75,0.8,0.2,7,14,0.7,0.9,0.1,1,2
6,0.66,0.79,227.23782125607457,451,85,189,0,72,False,-1,none,0.3,0.83,0.82,0.57,0.78,0.53,0.5857142857142857,1.0,0.0,62,89,0.9,0.7307692307692307,0.2692307692307692,10,18,0.7,0.6666666666666666,0.3333333333333333,6,4
6,0.64,0.74,200.9653070966569,456,78,187,0,71,False,-1,none,0.3,0.79,0.76,0.56,0.77,0.51,0.6571428571428571,1.0,0.0,62,96,0.65,0.8571428571428571,0.14285714285714285,7,17,0.5,0.42857142857142855,0.5714285714285714,3,2
6,0.71,0.83,219.2895610466584,447,102,181,0,74,False,-1,none,0.3,0.81,0.83,0.63,0.8,0.59,0.6857142857142857,1.0,0.0,54,99,0.75,0.9523809523809523,0.047619047619047616,5,14,0.8,0.7142857142857143,0.2857142857142857,4,5
6,0.7,0.84,230.59297205768317,446,102,175,0,79,False,-1,none,0.3,0.88,0.84,0.68,0.79,0.42,0.6571428571428571,1.0,0.0,61,82,0.8,0.9090909090909091,0.09090909090909091,3,18,0.8,0.6875,0.3125,6,5
6,0.61,0.74,198.24416443514562,456,101,179,0,66,False,-1,none,0.3,0.82,0.81,0.58,0.8,0.53,0.5714285714285714,1.0,0.0,56,99,0.65,0.8421052631578947,0.15789473684210525,5,14,0.8,0.8666666666666667,0.13333333333333333,0,5
6,0.65,0.77,213.6221733080438,453,77,178,0,83,False,-1,none,0.3,0.77,0.76,0.52,0.74,0.53,0.6,1.0,0.0,56,86,0.85,0.875,0.125,13,19,0.6,0.7272727272727273,0.2727272727272727,0,4
6,0.6,0.65,193.47247230807355,465,82,164,0,74,False,-1,none,0.3,0.73,0.73,0.48,0.69,0.48,0.5428571428571428,1.0,0.0,49,85,0.7,0.7058823529411765,0.29411764705882354,12,10,0.8,0.5,0.5,4,4
6,0.65,0.76,208.32612010331914,454,90,180,0,84,False,-1,none,0.3,0.8,0.84,0.53,0.81,0.48,0.6142857142857143,1.0,0.0,64,99,0.65,1.0,0.0,2,10,0.9,0.6470588235294118,0.35294117647058826,3,2
6,0.7,0.85,258.2107893289828,445,85,193,0,77,False,-1,none,0.3,0.86,0.87,0.56,0.79,0.55,0.6428571428571429,1.0,0.0,66,91,0.85,0.76,0.24,13,16,0.8,0.5333333333333333,0.4666666666666667,6,1
6,0.7,0.84,245.07205819116325,446,85,198,0,73,False,-1,none,0.3,0.86,0.85,0.54,0.8,0.62,0.6142857142857143,1.0,0.0,64,94,0.9,0.76,0.24,13,18,0.9,0.6875,0.3125,3,6
6,0.58,0.67,198.11532485682997,463,90,178,0,80,False,-1,none,0.3,0.73,0.78,0.56,0.73,0.55,0.5571428571428572,1.0,0.0,59,93,0.65,0.6470588235294118,0.35294117647058826,9,12,0.6,0.6363636363636364,0.36363636363636365,1,4
7,0.74,0.87,202.0,443,108,163,0,92,False,-1,none,0.3,0.83,0.88,0.51,0.78,0.58,0.7428571428571429,1.0,0.0,44,100,0.7,0.85,0.15,4,14,0.8,0.7142857142857143,0.2857142857142857,0,1
7,0.56,0.73,186.90000000000006,457,104,157,0,81,False,-1,none,0.3,0.79,0.76,0.56,0.71,0.52,0.4857142857142857,1.0,0.0,41,86,0.75,0.88,0.12,7,18,0.7,0.6428571428571429,0.35714285714285715,3,2
7,0.69,0.86,201.38999999999996,444,100,183,0,56,False,-1,none,0.3,0.83,0.84,0.6,0.79,0.63,0.6857142857142857,1.0,0.0,53,104,0.6,0.9523809523809523,0.047619047619047616,2,17,0.9,0.7058823529411765,0.29411764705882354,3,4
7,0.64,0.82,188.09699999999992,448,92,148,0,73,False,-1,none,0.3,0.77,0.75,0.5,0.73,0.47,0.6142857142857143,1.0,0.0,49,80,0.6,0.8947368421052632,0.10526315789473684,3,11,0.9,0.7368421052631579,0.2631578947368421,2,3
7,0.69,0.81,180.68006249999996,449,119,159,0,86,False,-1,none,0.3,0.87,0.81,0.54,0.82,0.55,0.6714285714285714,1.0,0.0,47,96,0.75,0.9047619047619048,0.09523809523809523,2,10,0.7,0.7692307692307693,0.23076923076923078,2,2
7,0.71,0.89,237.75081749999993,441,101,160,0,80,False,-1,none,0.3,0.81,0.8,0.56,0.75,0.58,0.6428571428571429,1.0,0.0,43,87,0.8,0.8461538461538461,0.15384615384615385,2,19,1.0,0.5,0.5,2,7
7,0.63,0.78,211.02953878124998,452,94,153,0,70,False,-1,none,0.3,0.76,0.76,0.52,0.7,0.51,0.5571428571428572,1.0,0.0,46,82,0.75,0.8260869565217391,0.17391304347826086,7,11,0.9,0.5,0.5,3,4
7,0.66,0.81,210.27807478124998,449,110,162,0,72,False,-1,none,0.3,0.8,0.8,0.62,0.8,0.51,0.5857142857142857,1.0,0.0,44,92,0.85,0.72,0.28,10,11,0.8,0.7333333333333333,0.26666666666666666,3,2
7,0.72,0.85,212.483453765625,445,90,171,0,79,False,-1,none,0.3,0.79,0.8,0.51,0.78,0.58,0.6714285714285714,1.0,0.0,44,93,0.8,0.7272727272727273,0.2727272727272727,13,16,0.9,0.6666666666666666,0.3333333333333333,2,3
7,0.74,0.91,214.07575506679686,439,95,178,0,81,False,-1,none,0.3,0.83,0.86,0.57,0.82,0.56,0.7285714285714285,1.0,0.0,53,97,0.8,0.84,0.16,5,15,0.7,0.7142857142857143,0.2857142857142857,2,6
7,0.72,0.9,222.85792344941012,440,89,174,0,72,True,0,Slow,0.3,0.79,0.83,0.57,0.77,0.57,0.6571428571428571,1.0,0.0,57,90,0.9,0.7307692307692307,0.2692307692307692,8,16,0.8,0.5882352941176471,0.4117647058823529,0,3
7,0.75,0.94,249.51229017528513,436,89,156,0,86,False,-1,none,0.3,0.81,0.8,0.52,0.78,0.48,0.7142857142857143,1.0,0.0,48,83,0.8,0.7083333333333334,0.2916666666666667,8,10,0.9,0.5263157894736842,0.47368421052631576,4,3
7,0.7,0.81,209.398886211375,449,100,161,0,78,False,-1,none,0.3,0.8,0.78,0.6,0.76,0.48,0.7,1.0,0.0,52,89,0.75,0.4444444444444444,0.5555555555555556,11,9,0.6,0.7692307692307693,0.23076923076923078,0,0
7,0.7,0.93,232.46910553299642,437,69,171,0,72,False,-1,none,0.3,0.77,0.8,0.49,0.73,0.54,0.6571428571428571,1.0,0.0,59,86,0.7,0.8888888888888888,0.1111111111111111,3,14,1.0,0.55,0.45,5,4
7,0.71,0.86,216.09054674102083,444,71,171,0,87,True,4,Shigh,0.3,0.78,0.77,0.45,0.75,0.53,0.6714285714285714,1.0,0.0,54,87,0.8,0.7272727272727273,0.2727272727272727,5,16,0.8,0.6470588235294118,0.35294117647058826,5,4
7,0.74,0.9,216.33840929831837,440,92,169,0,69,False,-1,none,0.3,0.83,0.77,0.61,0.79,0.51,0.7142857142857143,1.0,0.0,52,85,0.8,0.8636363636363636,0.13636363636363635,5,21,0.8,0.7058823529411765,0.29411764705882354,1,5
7,0.68,0.82,200.2959648416137,448,122,153,0,73,False,-1,none,0.3,0.83,0.8,0.58,0.8,0.56,0.6714285714285714,1.0,0.0,44,90,0.65,0.7777777777777778,0.2222222222222222,2,13,0.8,0.7058823529411765,0.29411764705882354,0,4
7,0.67,0.8,201.576964121135,450,82,171,0,82,False,-1,none,0.3,0.78,0.79,0.53,0.73,0.5,0.6571428571428571,1.0,0.0,56,94,0.75,0.7619047619047619,0.23809523809523808,5,8,0.6,0.6666666666666666,0.3333333333333333,4,4
7,0.66,0.81,201.73032398476647,449,83,161,0,90,False,-1,none,0.3,0.76,0.76,0.49,0.7,0.54,0.5857142857142857,1.0,0.0,47,89,0.85,0.7916666666666666,0.20833333333333334,6,17,0.8,0.75,0.25,1,1
7,0.61,0.69,187.10891902394422,461,99,172,0,85,False,-1,none,0.3,0.82,0.77,0.48,0.78,0.55,0.6285714285714286,1.0,0.0,50,95,0.55,0.5384615384615384,0.46153846153846156,10,12,0.6,0.5,0.5,3,2
7,0.68,0.83,203.17537272822412,447,93,169,0,65,False,-1,none,0.3,0.78,0.79,0.55,0.74,0.59,0.6285714285714286,1.0,0.0,47,97,0.8,0.8695652173913043,0.13043478260869565,6,13,0.8,0.6875,0.3125,2,4
7,0.7,0.87,225.6189531762424,443,97,175,0,91,False,-1,none,0.3,0.88,0.78,0.53,0.75,0.65,0.6285714285714286,1.0,0.0,49,95,0.85,0.8,0.2,9,15,0.9,0.6666666666666666,0.3333333333333333,3,4
7,0.68,0.83,215.1621772539783,447,79,190,0,63,False,-1,none,0.3,0.81,0.8,0.56,0.79,0.56,0.6857142857142857,1.0,0.0,61,102,0.65,0.631578947368421,0.3684210526315789,12,9,0.7,0.7333333333333333,0.26666666666666666,4,2
7,0.6,0.74,185.83141571379076,456,91,154,0,66,False,-1,none,0.3,0.74,0.7,0.48,0.7,0.57,0.5285714285714286,1.0,0.0,35,90,0.8,0.782608695652174,0.21739130434782608,10,16,0.7,0.7142857142857143,0.2857142857142857,1,2
7,0.63,0.8,204.30231041987972,450,82,165,0,68,False,-1,none,0.3,0.76,0.75,0.56,0.71,0.49,0.5857142857142857,1.0,0.0,53,87,0.75,0.782608695652174,0.21739130434782608,6,14,0.7,0.75,0.25,2,3
7,0.63,0.8,218.7600481415211,450,79,179,0,72,False,-1,none,0.3,0.75,0.77,0.56,0.75,0.55,0.5714285714285714,1.0,0.0,49,87,0.7,0.7272727272727273,0.2727272727272727,13,21,0.9,0.6666666666666666,0.3333333333333333,4,5
7,0.6,0.72,203.95399300781537,458,101,177,0,70,False,-1,none,0.3,0.78,0.8,0.49,0.81,0.62,0.5714285714285714,1.0,0.0,38,105,0.65,0.6842105263157895,0.3157894736842105,15,14,0.7,0.6153846153846154,0.38461538461538464,2,3
7,0.7,0.85,226.76273424469568,445,106,174,0,65,False,-1,none,0.3,0.82,0.83,0.62,0.75,0.63,0.6142857142857143,1.0,0.0,53,96,0.9,0.875,0.125,7,13,0.9,0.6666666666666666,0.3333333333333333,2,3
7,0.6,0.75,193.52088823712728,455,97,166,0,72,True,4,Shigh,0.3,0.79,0.8,0.53,0.7,0.56,0.5571428571428572,1.0,0.0,54,93,0.7,0.8095238095238095,0.19047619047619047,6,10,0.7,0.8,0.2,0,3
7,0.69,0.87,208.62886289743145,443,103,156,0,74,True,2,Slow,0.3,0.78,0.79,0.59,0.79,0.51,0.6428571428571429,1.0,0.0,50,87,0.8,0.8888888888888888,0.1111111111111111,2,15,0.8,0.8,0.2,0,2
7,0.71,0.84,225.25943425332235,446,102,176,0,78,False,-1,none,0.3,0.84,0.82,0.6,0.81,0.55,0.6571428571428571,1.0,0.0,58,94,0.8,0.875,0.125,7,14,0.9,0.6428571428571429,0.35714285714285715,3,0
7,0.78,0.98,275.3991434425119,432,66,208,0,73,False,-1,none,0.3,0.86,0.84,0.65,0.8,0.57,0.7428571428571429,1.0,0.0,77,97,0.85,0.7931034482758621,0.20689655172413793,9,17,0.9,0.5882352941176471,0.4117647058823529,5,3
7,0.65,0.78,200.10455564238669,452,104,174,0,64,False,-1,none,0.3,0.78,0.82,0.58,0.75,0.63,0.6285714285714286,1.0,0.0,56,99,0.7,0.9523809523809523,0.047619047619047616,3,11,0.7,0.6923076923076923,0.3076923076923077,1,4
7,0.66,0.79,229.44469117853927,451,73,170,0,68,False,-1,none,0.3,0.68,0.74,0.54,0.72,0.54,0.6285714285714286,1.0,0.0,51,88,0.65,0.6666666666666666,0.3333333333333333,8,11,0.9,0.5882352941176471,0.4117647058823529,7,5
7,0.69,0.87,249.46883819605043,443,86,174,0,78,False,-1,none,0.3,0.8,0.79,0.56,0.79,0.53,0.6,1.0,0.0,58,88,0.85,0.8148148148148148,0.18518518518518517,4,18,1.0,0.6111111111111112,0.3888888888888889,3,3
7,0.67,0.79,223.48283334235097,451,77,166,0,78,False,-1,none,0.3,0.76,0.79,0.46,0.75,0.46,0.6714285714285714,1.0,0.0,55,88,0.65,0.8095238095238095,0.19047619047619047,8,12,0.7,0.5454545454545454,0.45454545454545453,3,0
7,0.66,0.8,224.54661648392562,450,108,155,0,87,False,-1,none,0.3,0.81,0.82,0.52,0.77,0.51,0.5428571428571428,1.0,0.0,47,82,0.95,0.8846153846153846,0.11538461538461539,6,17,0.9,0.6875,0.3125,1,2
7,0.71,0.85,233.13212308352462,445,106,179,0,85,True,4,Shigh,0.3,0.85,0.84,0.6,0.86,0.55,0.6428571428571429,1.0,0.0,59,98,0.85,0.7727272727272727,0.22727272727272727,2,14,0.9,0.7777777777777778,0.2222222222222222,2,4
7,0.6,0.74,207.11153960623483,456,105,168,0,68,False,-1,none,0.3,0.8,0.79,0.6,0.74,0.54,0.5428571428571428,1.0,0.0,52,91,0.7,0.85,0.15,4,18,0.8,0.6875,0.3125,1,2
7,0.65,0.8,213.2187468650241,450,84,166,0,70,True,3,Shigh,0.3,0.77,0.76,0.48,0.73,0.56,0.6,1.0,0.0,60,90,0.75,0.7083333333333334,0.2916666666666667,4,10,0.8,0.8571428571428571,0.14285714285714285,0,2
7,0.61,0.81,215.45020255922148,449,102,169,0,73,False,-1,none,0.3,0.81,0.83,0.58,0.74,0.56,0.5857142857142857,1.0,0.0,52,95,0.6,0.8636363636363636,0.13636363636363635,3,14,0.8,0.8333333333333334,0.16666666666666666,1,4
7,0.71,0.89,237.14122874383634,441,91,190,0,75,False,-1,none,0.3,0.85,0.87,0.59,0.81,0.58,0.6714285714285714,1.0,0.0,58,101,0.8,0.8571428571428571,0.14285714285714285,9,19,0.8,0.7857142857142857,0.21428571428571427,2,1
7,0.64,0.8,223.52784556373035,450,81,177,0,67,False,-1,none,0.3,0.75,0.75,0.59,0.71,0.58,0.5857142857142857,1.0,0.0,55,91,0.7,0.8947368421052632,0.10526315789473684,4,15,0.9,0.7,0.3,6,6
7,0.63,0.73,227.0021341268501,457,92,181,0,84,False,-1,none,0.3,0.79,0.81,0.54,0.76,0.56,0.5571428571428572,1.0,0.0,57,92,0.75,0.5,0.5,13,14,0.9,0.6875,0.3125,2,3
7,0.58,0.76,228.6489808682795,454,94,151,0,69,False,-1,none,0.3,0.73,0.74,0.51,0.71,0.52,0.4714285714285714,1.0,0.0,47,74,0.8,0.782608695652174,0.21739130434782608,7,14,0.9,0.65,0.35,2,7
7,0.62,0.75,229.81954649659133,455,93,184,0,58,False,-1,none,0.3,0.77,0.81,0.61,0.76,0.57,0.5571428571428572,1.0,0.0,61,93,0.75,0.72,0.28,14,13,0.8,0.5454545454545454,0.45454545454545453,0,3
7,0.57,0.72,216.52364407235817,458,79,186,0,73,False,-1,none,0.3,0.75,0.78,0.5,0.74,0.6,0.4857142857142857,1.0,0.0,53,93,0.8,0.75,0.25,14,17,0.7,0.6428571428571429,0.35714285714285715,4,5
7,0.66,0.82,240.07936886788016,448,95,187,0,71,False,-1,none,0.3,0.83,0.8,0.66,0.78,0.57,0.6142857142857143,1.0,0.0,58,97,0.8,0.8,0.2,9,15,0.7,0.6428571428571429,0.35714285714285715,5,3
7,0.61,0.71,215.3819022619691,459,96,170,0,68,False,-1,none,0.3,0.77,0.79,0.51,0.75,0.55,0.5571428571428572,1.0,0.0,51,92,0.7,0.7777777777777778,0.2222222222222222,4,12,0.8,0.42857142857142855,0.5714285714285714,7,4
7,0.63,0.75,215.2785516143369,455,83,188,0,79,False,-1,none,0.3,0.79,0.81,0.49,0.82,0.55,0.5714285714285714,1.0,0.0,62,94,0.8,0.7272727272727273,0.2727272727272727,10,17,0.7,0.7692307692307693,0.23076923076923078,3,2
7,0.72,0.79,216.82730491679686,451,87,192,0,72,False,-1,none,0.3,0.84,0.81,0.67,0.73,0.53,0.7,1.0,0.0,75,94,0.85,0.7142857142857143,0.2857142857142857,9,12,0.6,0.8888888888888888,0.1111111111111111,0,2
7,0.66,0.77,222.35129047975084,453,84,200,0,69,False,-1,none,0.3,0.82,0.82,0.62,0.8,0.55,0.6428571428571429,1.0,0.0,77,96,0.7,0.7368421052631579,0.2631578947368421,5,14,0.7,0.6153846153846154,0.38461538461538464,4,4
7,0.65,0.75,204.5631432910351,455,89,165,0,71,False,-1,none,0.3,0.78,0.78,0.46,0.71,0.56,0.5714285714285714,1.0,0.0,55,86,0.75,0.8823529411764706,0.11764705882352941,5,12,1.0,0.7777777777777778,0.2222222222222222,2,5
7,0.65,0.71,196.78231441655683,459,89,178,0,77,False,-1,none,0.3,0.82,0.82,0.53,0.75,0.46,0.6571428571428571,1.0,0.0,62,88,0.7,0.7222222222222222,0.2777777777777778,11,15,0.5,0.7142857142857143,0.2857142857142857,0,2
7,0.69,0.86,222.52840165155126,444,83,179,0,87,True,2,Slow,0.3,0.81,0.83,0.52,0.8,0.52,0.7,1.0,0.0,52,99,0.65,0.7142857142857143,0.2857142857142857,7,13,0.7,0.8125,0.1875,3,5
7,0.71,0.91,267.3332395731956,439,70,194,0,75,False,-1,none,0.3,0.82,0.83,0.55,0.81,0.54,0.6,1.0,0.0,66,91,0.95,0.7931034482758621,0.20689655172413793,10,16,1.0,0.6,0.4,6,5
7,0.61,0.74,202.05406537860287,456,90,173,0,68,False,-1,none,0.3,0.77,0.76,0.61,0.73,0.5,0.5714285714285714,1.0,0.0,61,84,0.7,0.8095238095238095,0.19047619047619047,5,16,0.7,0.7692307692307693,0.23076923076923078,2,5
7,0.59,0.66,182.52623016210924,464,88,160,0,86,False,-1,none,0.3,0.76,0.78,0.51,0.68,0.41,0.6142857142857143,1.0,0.0,62,80,0.5,0.6153846153846154,0.38461538461538464,5,7,0.6,0.7,0.3,3,3
7,0.65,0.81,228.30699674499425,449,83,177,0,59,False,-1,none,0.3,0.78,0.78,0.55,0.76,0.54,0.5428571428571428,1.0,0.0,57,86,0.9,0.8461538461538461,0.15384615384615385,6,17,0.9,0.5294117647058824,0.47058823529411764,5,6
7,0.67,0.83,229.71051395535022,447,81,173,0,83,False,-1,none,0.3,0.78,0.82,0.48,0.79,0.5,0.6428571428571429,1.0,0.0,62,94,0.65,0.85,0.15,3,10,0.9,0.5555555555555556,0.4444444444444444,3,1
7,0.76,0.94,261.3076813064851,436,75,199,0,67,False,-1,none,0.3,0.83,0.85,0.6,0.84,0.56,0.7,1.0,0.0,72,94,0.9,0.64,0.36,8,17,0.9,0.85,0.15,4,4
7,0.59,0.73,210.24147150273507,457,113,171,0,73,False,-1,none,0.3,0.84,0.81,0.58,0.77,0.57,0.5285714285714286,1.0,0.0,59,89,0.65,0.6842105263157895,0.3157894736842105,6,12,0.9,0.5882352941176471,0.4117647058823529,4,1
7,0.71,0.89,224.31918060096305,441,86,192,0,68,False,-1,none,0.3,0.86,0.83,0.59,0.81,0.58,0.6571428571428571,1.0,0.0,59,100,0.9,0.8214285714285714,0.17857142857142858,5,22,0.7,0.9333333333333333,0.06666666666666667,0,6
7,0.71,0.85,219.62257420000014,445,82,184,0,79,False,-1,none,0.3,0.81,0.81,0.53,0.79,0.57,0.6857142857142857,1.0,0.0,65,93,0.75,0.9090909090909091,0.09090909090909091,5,13,0.8,0.5333333333333333,0.4666666666666667,4,4
7,0.69,0.86,222.60030562873567,444,88,176,0,75,False,-1,none,0.3,0.83,0.83,0.53,0.77,0.54,0.6571428571428571,1.0,0.0,62,90,0.8,0.8181818181818182,0.18181818181818182,6,16,0.7,0.8333333333333334,0.16666666666666666,0,2
7,0.73,0.85,216.18241547948693,445,82,173,0,90,True,1,Slow,0.3,0.78,0.83,0.49,0.79,0.51,0.7142857142857143,1.0,0.0,60,91,0.75,0.631578947368421,0.3684210526315789,8,11,0.8,0.7333333333333333,0.26666666666666666,1,2
8,0.73,0.83,202.0,447,118,181,0,83,False,-1,none,0.3,0.89,0.91,0.59,0.85,0.58,0.6714285714285714,1.0,0.0,56,101,0.85,0.7368421052631579,0.2631578947368421,8,9,0.9,0.75,0.25,4,3
8,0.69,0.77,203.70000000000005,453,87,177,0,69,False,-1,none,0.3,0.76,0.75,0.48,0.77,0.65,0.6428571428571429,1.0,0.0,44,96,0.95,0.6666666666666666,0.3333333333333333,16,18,0.5,0.75,0.25,2,1
8,0.72,0.84,210.41999999999993,446,109,160,0,82,False,-1,none,0.3,0.82,0.82,0.56,0.76,0.57,0.7142857142857143,1.0,0.0,45,90,0.75,0.6666666666666666,0.3333333333333333,7,12,0.7,0.8461538461538461,0.15384615384615385,3,3
8,0.69,0.81,191.58824999999996,449,111,150,0,78,False,-1,none,0.3,0.8,0.81,0.52,0.77,0.52,0.6571428571428571,1.0,0.0,40,91,0.75,0.8,0.2,5,11,0.8,0.8666666666666667,0.13333333333333333,2,1
8,0.71,0.83,213.7324875,447,88,165,0,74,True,2,Slow,0.3,0.79,0.8,0.51,0.73,0.53,0.6571428571428571,1.0,0.0,50,86,0.8,0.6363636363636364,0.36363636363636365,11,9,0.9,0.6428571428571429,0.35714285714285715,3,6
8,0.69,0.81,194.86935562499997,449,108,177,0,69,False,-1,none,0.3,0.85,0.82,0.57,0.82,0.6,0.6857142857142857,1.0,0.0,52,99,0.7,0.8571428571428571,0.14285714285714285,5,18,0.7,0.7272727272727273,0.2727272727272727,0,3
8,0.69,0.83,215.50578525000006,447,100,168,0,74,False,-1,none,0.3,0.79,0.79,0.61,0.77,0.55,0.6857142857142857,1.0,0.0,51,89,0.6,0.7142857142857143,0.2857142857142857,9,12,0.9,0.7619047619047619,0.23809523809523808,3,4
8,0.65,0.85,208.0605200624999,445,102,156,0,72,True,4,Shigh,0.3,0.79,0.81,0.54,0.73,0.56,0.6,1.0,0.0,50,90,0.75,0.84,0.16,2,8,0.8,0.6666666666666666,0.3333333333333333,1,5
8,0.69,0.82,203.49933285937502,448,90,171,0,67,False,-1,none,0.3,0.8,0.79,0.57,0.73,0.54,0.7142857142857143,1.0,0.0,49,100,0.6,0.7058823529411765,0.29411764705882354,6,12,0.7,0.8,0.2,0,4
8,0.73,0.83,201.00280457250003,447,100,172,0,90,False,-1,none,0.3,0.83,0.82,0.62,0.81,0.47,0.7,1.0,0.0,52,89,0.75,0.8333333333333334,0.16666666666666666,7,16,0.9,0.8125,0.1875,2,6
8,0.65,0.75,184.11242111841798,455,95,164,0,86,False,-1,none,0.3,0.8,0.78,0.45,0.78,0.53,0.6428571428571429,1.0,0.0,46,95,0.65,0.9473684210526315,0.05263157894736842,1,14,0.7,0.5454545454545454,0.45454545454545453,5,3
8,0.73,0.83,204.1476393607383,447,71,177,0,84,False,-1,none,0.3,0.78,0.8,0.46,0.74,0.53,0.7714285714285715,1.0,0.0,58,98,0.65,0.7368421052631579,0.2631578947368421,8,11,0.6,1.0,0.0,0,2
8,0.82,0.98,258.12908783180865,432,93,195,0,74,False,-1,none,0.3,0.9,0.88,0.6,0.87,0.61,0.7857142857142857,1.0,0.0,60,101,0.95,0.8148148148148148,0.18518518518518517,6,24,0.8,0.75,0.25,2,2
8,0.59,0.7,192.89106453264787,460,118,169,0,68,False,-1,none,0.3,0.81,0.77,0.62,0.78,0.59,0.5571428571428572,1.0,0.0,52,98,0.7,0.7,0.3,6,10,0.6,0.8181818181818182,0.18181818181818182,3,0
8,0.7,0.87,241.77626855474753,443,83,181,0,69,False,-1,none,0.3,0.79,0.82,0.55,0.79,0.56,0.6428571428571429,1.0,0.0,54,95,0.75,0.7,0.3,8,12,1.0,0.7727272727272727,0.22727272727272727,5,7
8,0.66,0.83,219.97649932154602,447,87,176,0,79,False,-1,none,0.3,0.81,0.82,0.54,0.77,0.52,0.5714285714285714,1.0,0.0,48,93,0.9,0.8518518518518519,0.14814814814814814,10,14,0.8,0.75,0.25,6,5
8,0.69,0.86,206.93433331993504,444,89,163,0,77,False,-1,none,0.3,0.8,0.77,0.54,0.74,0.53,0.6571428571428571,1.0,0.0,51,85,0.8,0.9259259259259259,0.07407407407407407,5,16,0.7,0.8461538461538461,0.15384615384615385,1,5
8,0.68,0.78,208.03181395160962,452,107,156,0,84,False,-1,none,0.3,0.8,0.8,0.52,0.77,0.52,0.6571428571428571,1.0,0.0,47,88,0.65,0.7222222222222222,0.2777777777777778,4,12,0.9,0.7142857142857143,0.2857142857142857,3,2
8,0.71,0.85,224.28881836704977,445,90,186,0,64,False,-1,none,0.3,0.83,0.83,0.59,0.76,0.6,0.7,1.0,0.0,60,95,0.7,0.9583333333333334,0.041666666666666664,0,18,0.8,0.4166666666666667,0.5833333333333334,6,7
8,0.66,0.76,187.11990389151646,454,105,180,0,64,False,-1,none,0.3,0.77,0.81,0.56,0.8,0.67,0.6142857142857143,1.0,0.0,51,98,0.85,0.9047619047619048,0.09523809523809523,6,19,0.6,0.9166666666666666,0.08333333333333333,1,5
8,0.68,0.76,210.73814669147077,454,94,180,0,70,False,-1,none,0.3,0.8,0.78,0.58,0.78,0.56,0.6571428571428571,1.0,0.0,51,90,0.8,0.7,0.3,13,21,0.6,0.6,0.4,3,2
8,0.69,0.83,242.004671317464,447,74,174,0,74,False,-1,none,0.3,0.76,0.79,0.55,0.75,0.46,0.6571428571428571,1.0,0.0,63,83,0.65,0.631578947368421,0.3684210526315789,12,8,1.0,0.5555555555555556,0.4444444444444444,1,7
8,0.68,0.82,209.01702199890377,448,110,159,0,74,False,-1,none,0.3,0.81,0.79,0.62,0.77,0.52,0.6142857142857143,1.0,0.0,40,92,0.8,0.782608695652174,0.21739130434782608,12,13,0.9,0.8125,0.1875,1,1
8,0.72,0.84,198.585010810962,446,87,174,0,80,False,-1,none,0.3,0.78,0.82,0.59,0.73,0.53,0.7428571428571429,1.0,0.0,59,91,0.75,0.8095238095238095,0.19047619047619047,5,14,0.5,0.8181818181818182,0.18181818181818182,2,3
8,0.71,0.83,218.51260634580547,447,77,159,0,76,False,-1,none,0.3,0.76,0.74,0.54,0.7,0.45,0.6571428571428571,1.0,0.0,46,76,0.85,0.6818181818181818,0.3181818181818182,13,18,0.8,0.8,0.2,3,3
8,0.68,0.79,197.98206343894628,451,91,172,0,78,False,-1,none,0.3,0.81,0.8,0.53,0.75,0.53,0.6714285714285714,1.0,0.0,54,93,0.65,0.8888888888888888,0.1111111111111111,6,11,0.8,0.5714285714285714,0.42857142857142855,3,5
8,0.66,0.84,208.99728898952387,446,89,163,0,74,False,-1,none,0.3,0.8,0.77,0.49,0.75,0.55,0.6,1.0,0.0,43,93,0.8,0.8076923076923077,0.19230769230769232,9,14,0.8,0.875,0.125,1,3
8,0.66,0.86,234.33395392086933,444,97,152,0,70,True,3,Shigh,0.3,0.78,0.77,0.54,0.73,0.53,0.5857142857142857,1.0,0.0,45,86,0.8,0.7692307692307693,0.23076923076923078,7,10,0.9,0.631578947368421,0.3684210526315789,1,3
8,0.61,0.81,223.2040841672079,449,86,166,0,67,False,-1,none,0.3,0.79,0.75,0.52,0.71,0.56,0.5714285714285714,1.0,0.0,47,88,0.7,0.8461538461538461,0.15384615384615385,5,15,0.7,0.5333333333333333,0.4666666666666667,6,5
8,0.72,0.89,230.69208063397687,441,89,173,0,74,False,-1,none,0.3,0.81,0.75,0.69,0.72,0.54,0.7,1.0,0.0,62,92,0.75,0.7777777777777778,0.2222222222222222,6,9,0.8,0.6923076923076923,0.3076923076923077,0,4
8,0.66,0.78,205.51718851099682,452,104,158,0,75,True,3,Shigh,0.3,0.81,0.8,0.51,0.71,0.57,0.6285714285714286,1.0,0.0,51,91,0.65,0.7647058823529411,0.23529411764705882,3,5,0.9,0.5882352941176471,0.4117647058823529,3,5
8,0.67,0.79,210.14123138891722,451,91,180,0,60,False,-1,none,0.3,0.81,0.81,0.59,0.76,0.53,0.6428571428571429,1.0,0.0,62,90,0.7,0.7222222222222222,0.2777777777777778,11,12,0.8,0.75,0.25,2,3
8,0.74,0.9,237.44227259238932,440,81,162,0,72,False,-1,none,0.3,0.78,0.8,0.51,0.74,0.5,0.7,1.0,0.0,51,90,0.8,0.88,0.12,3,12,0.9,0.625,0.375,4,2
8,0.7,0.8,205.1509817367305,450,93,173,0,69,False,-1,none,0.3,0.8,0.74,0.62,0.75,0.55,0.6857142857142857,1.0,0.0,55,88,0.7,0.7894736842105263,0.21052631578947367,7,19,0.8,0.7692307692307693,0.23076923076923078,2,2
8,0.71,0.81,209.76479601085003,449,94,178,0,72,False,-1,none,0.3,0.77,0.81,0.6,0.76,0.59,0.7142857142857143,1.0,0.0,53,99,0.75,0.7368421052631579,0.2631578947368421,6,14,0.6,0.75,0.25,1,5
8,0.66,0.84,208.78099519693316,446,115,176,0,70,False,-1,none,0.3,0.86,0.84,0.62,0.81,0.62,0.5857142857142857,1.0,0.0,47,104,0.8,1.0,0.0,0,16,0.9,0.5714285714285714,0.42857142857142855,4,5
8,0.79,0.9,234.16782182710128,440,101,191,0,73,False,-1,none,0.3,0.88,0.87,0.65,0.81,0.61,0.7714285714285715,1.0,0.0,66,103,0.75,0.7894736842105263,0.21052631578947367,7,10,1.0,0.7058823529411765,0.29411764705882354,2,3
8,0.61,0.8,193.77505789109358,450,74,151,0,70,True,2,Slow,0.3,0.7,0.73,0.47,0.67,0.48,0.5857142857142857,1.0,0.0,43,82,0.65,0.8695652173913043,0.13043478260869565,5,15,0.7,0.7333333333333333,0.26666666666666666,2,4
8,0.61,0.75,214.05869521479312,455,91,165,0,74,False,-1,none,0.3,0.76,0.75,0.53,0.76,0.51,0.5571428571428572,1.0,0.0,42,87,0.65,0.6842105263157895,0.3157894736842105,16,14,0.9,0.7647058823529411,0.23529411764705882,2,4
8,0.69,0.83,213.31498869435708,447,84,178,0,70,False,-1,none,0.3,0.81,0.79,0.56,0.75,0.54,0.6571428571428571,1.0,0.0,59,94,0.75,0.9166666666666666,0.08333333333333333,5,14,0.8,0.7692307692307693,0.23076923076923078,1,5
8,0.77,0.95,228.15781231068513,435,86,185,0,89,True,0,Slow,0.3,0.87,0.87,0.52,0.78,0.62,0.7571428571428571,1.0,0.0,56,97,0.8,0.9230769230769231,0.07692307692307693,4,18,0.8,0.5625,0.4375,5,5
8,0.64,0.79,223.13664135534623,451,104,171,0,81,False,-1,none,0.3,0.84,0.85,0.58,0.76,0.51,0.5285714285714286,1.0,0.0,49,83,0.85,0.8461538461538461,0.15384615384615385,8,18,1.0,0.6875,0.3125,5,8
8,0.63,0.77,216.79721797774653,453,109,180,0,64,False,-1,none,0.3,0.84,0.85,0.59,0.78,0.6,0.5428571428571428,1.0,0.0,48,94,0.85,0.7916666666666666,0.20833333333333334,10,22,0.8,0.8,0.2,2,4
8,0.6,0.7,200.78784338442804,460,101,179,0,85,False,-1,none,0.3,0.82,0.8,0.55,0.79,0.54,0.5428571428571428,1.0,0.0,54,92,0.8,0.8695652173913043,0.13043478260869565,7,19,0.6,0.5555555555555556,0.4444444444444444,4,3
8,0.54,0.62,172.3774329826192,468,109,164,0,85,False,-1,none,0.3,0.77,0.82,0.54,0.75,0.47,0.5,1.0,0.0,48,89,0.55,0.8,0.2,9,12,0.8,0.75,0.25,1,5
8,0.71,0.83,241.05523442043153,447,72,189,0,86,False,-1,none,0.3,0.81,0.77,0.57,0.76,0.53,0.6857142857142857,1.0,0.0,69,90,0.75,0.75,0.25,9,12,0.8,0.6666666666666666,0.3333333333333333,3,6
8,0.62,0.68,212.78509613526938,462,80,187,0,65,False,-1,none,0.3,0.79,0.79,0.53,0.7,0.54,0.5571428571428572,1.0,0.0,63,85,0.85,0.7619047619047619,0.23809523809523808,11,17,0.6,0.375,0.625,7,4
8,0.68,0.78,215.51862463098362,452,82,187,0,88,False,-1,none,0.3,0.85,0.8,0.51,0.8,0.51,0.6571428571428571,1.0,0.0,55,93,0.75,0.85,0.15,10,19,0.7,0.8333333333333334,0.16666666666666666,5,5
8,0.59,0.75,215.86236986655365,455,103,181,0,71,True,4,Shigh,0.3,0.82,0.85,0.54,0.77,0.61,0.5,1.0,0.0,56,99,0.7,0.8571428571428571,0.14285714285714285,9,10,1.0,0.6842105263157895,0.3157894736842105,4,3
8,0.69,0.85,221.9427043361761,445,107,177,0,66,False,-1,none,0.3,0.83,0.81,0.67,0.79,0.59,0.6142857142857143,1.0,0.0,50,91,0.9,0.8571428571428571,0.14285714285714285,10,20,0.8,0.9285714285714286,0.07142857142857142,1,5
8,0.63,0.74,204.48841656579643,456,87,179,0,65,False,-1,none,0.3,0.75,0.75,0.58,0.74,0.58,0.5714285714285714,1.0,0.0,48,94,0.8,0.8695652173913043,0.13043478260869565,8,19,0.7,0.8181818181818182,0.18181818181818182,5,5
8,0.67,0.87,226.38979829824802,443,80,186,0,82,True,3,Shigh,0.3,0.81,0.83,0.57,0.74,0.58,0.6,1.0,0.0,68,85,0.75,0.7307692307692307,0.2692307692307692,9,17,1.0,0.9473684210526315,0.05263157894736842,0,7
8,0.66,0.75,219.83497697293208,455,77,175,0,68,False,-1,none,0.3,0.74,0.75,0.59,0.7,0.49,0.6285714285714286,1.0,0.0,60,81,0.7,0.7058823529411765,0.29411764705882354,11,14,0.8,0.7142857142857143,0.2857142857142857,4,5
8,0.73,0.83,230.3120976828407,447,84,178,0,95,True,4,Shigh,0.3,0.82,0.81,0.53,0.74,0.55,0.7,1.0,0.0,62,89,0.8,0.7619047619047619,0.23809523809523808,8,11,0.8,0.7692307692307693,0.23076923076923078,0,8
8,0.7,0.87,245.55497482558874,443,98,188,0,87,False,-1,none,0.3,0.89,0.85,0.57,0.8,0.62,0.6142857142857143,1.0,0.0,54,94,0.85,0.76,0.24,10,19,1.0,0.7894736842105263,0.21052631578947367,0,11
8,0.65,0.77,209.1219723773056,453,78,187,0,73,False,-1,none,0.3,0.81,0.8,0.48,0.74,0.59,0.6428571428571429,1.0,0.0,59,95,0.7,0.7894736842105263,0.21052631578947367,11,18,0.6,0.8461538461538461,0.15384615384615385,1,3
8,0.61,0.68,195.95095606421455,462,87,175,0,80,False,-1,none,0.3,0.78,0.79,0.49,0.72,0.52,0.6,1.0,0.0,58,97,0.65,0.6470588235294118,0.35294117647058826,10,9,0.6,0.7777777777777778,0.2222222222222222,0,1
8,0.56,0.66,185.4680003286154,464,74,147,0,68,False,-1,none,0.3,0.66,0.64,0.48,0.62,0.47,0.4857142857142857,1.0,0.0,44,74,0.75,0.85,0.15,6,17,0.7,0.8333333333333334,0.16666666666666666,1,5
8,0.68,0.79,223.54310854413865,451,77,191,0,73,True,4,Shigh,0.3,0.82,0.79,0.57,0.75,0.54,0.6714285714285714,1.0,0.0,66,95,0.6,0.6875,0.3125,12,13,0.9,0.75,0.25,2,3
8,0.71,0.83,234.00318918453178,447,81,202,0,59,False,-1,none,0.3,0.83,0.82,0.61,0.78,0.62,0.7428571428571429,1.0,0.0,71,103,0.5,0.8,0.2,5,12,0.9,0.6875,0.3125,4,7
8,0.63,0.78,217.64365884358529,452,81,172,0,69,False,-1,none,0.3,0.74,0.74,0.51,0.76,0.56,0.6,1.0,0.0,45,95,0.75,0.8695652173913043,0.13043478260869565,6,16,0.6,0.8461538461538461,0.15384615384615385,3,7
8,0.63,0.77,219.91727259417559,453,86,184,0,63,False,-1,none,0.3,0.78,0.78,0.58,0.75,0.58,0.5714285714285714,1.0,0.0,61,100,0.7,0.9047619047619048,0.09523809523809523,6,12,0.9,0.6875,0.3125,2,3
8,0.65,0.78,213.96139902653823,452,90,183,0,84,False,-1,none,0.3,0.81,0.82,0.57,0.76,0.55,0.5857142857142857,1.0,0.0,56,97,0.8,0.875,0.125,6,14,0.8,0.8461538461538461,0.15384615384615385,4,6
8,0.7,0.86,231.5937978501234,444,53,183,0,68,False,-1,none,0.3,0.72,0.74,0.51,0.69,0.56,0.6857142857142857,1.0,0.0,60,91,0.85,0.8666666666666667,0.13333333333333333,9,17,0.5,0.75,0.25,3,3
8,0.59,0.72,187.19991714541644,458,104,175,0,79,False,-1,none,0.3,0.82,0.8,0.63,0.74,0.52,0.5428571428571428,1.0,0.0,59,86,0.65,1.0,0.0,1,22,0.8,0.7272727272727273,0.2727272727272727,3,4
8,0.68,0.83,225.91196225842538,447,96,206,0,70,False,-1,none,0.3,0.89,0.87,0.61,0.82,0.66,0.6428571428571429,1.0,0.0,65,107,0.75,0.9545454545454546,0.045454545454545456,5,17,0.8,0.75,0.25,4,8
9,0.67,0.77,190.0,453,109,164,0,85,False,-1,none,0.3,0.84,0.84,0.48,0.79,0.55,0.6714285714285714,1.0,0.0,41,102,0.7,0.6842105263157895,0.3157894736842105,6,13,0.6,0.7272727272727273,0.2727272727272727,0,2
9,0.67,0.78,197.40000000000006,452,104,180,0,78,False,-1,none,0.3,0.81,0.84,0.51,0.83,0.63,0.6428571428571429,1.0,0.0,50,106,0.7,0.7777777777777778,0.2222222222222222,8,12,0.8,0.7142857142857143,0.2857142857142857,1,3
9,0.7,0.85,227.74499999999992,445,109,187,0,69,False,-1,none,0.3,0.86,0.88,0.59,0.84,0.64,0.6285714285714286,1.0,0.0,49,102,0.85,0.7727272727272727,0.22727272727272727,6,21,0.9,0.7368421052631579,0.2631578947368421,6,3
9,0.62,0.74,195.934725,456,94,165,0,77,True,4,Shigh,0.3,0.8,0.8,0.53,0.7,0.5,0.6,1.0,0.0,57,85,0.7,0.75,0.25,3,14,0.6,0.5833333333333334,0.4166666666666667,2,4
9,0.65,0.75,211.63038750000004,455,92,165,0,78,False,-1,none,0.3,0.78,0.82,0.44,0.78,0.5,0.5857142857142857,1.0,0.0,47,87,0.8,0.7,0.3,10,16,0.8,0.7142857142857143,0.2857142857142857,1,4
9,0.64,0.77,184.24235812499992,453,108,173,0,77,False,-1,none,0.3,0.82,0.82,0.55,0.82,0.57,0.6142857142857143,1.0,0.0,48,97,0.75,0.875,0.125,7,18,0.6,0.9,0.1,0,3
9,0.68,0.86,227.4055363124999,444,109,164,0,66,True,3,Shigh,0.3,0.82,0.79,0.61,0.79,0.58,0.6571428571428571,1.0,0.0,44,98,0.7,0.5909090909090909,0.4090909090909091,11,10,0.8,0.6111111111111112,0.3888888888888889,1,0
9,0.73,0.84,218.44367212499992,446,87,183,0,76,False,-1,none,0.3,0.78,0.78,0.58,0.8,0.6,0.7285714285714285,1.0,0.0,55,100,0.8,0.6363636363636364,0.36363636363636365,12,13,0.6,0.8,0.2,1,2
9,0.74,0.88,229.51076006249986,442,81,176,0,85,False,-1,none,0.3,0.85,0.82,0.52,0.71,0.55,0.7285714285714285,1.0,0.0,60,87,0.65,0.8888888888888888,0.1111111111111111,5,10,1.0,0.5789473684210527,0.42105263157894735,5,9
9,0.68,0.81,197.71715515781247,449,83,168,0,73,True,2,Slow,0.3,0.78,0.78,0.51,0.73,0.52,0.6857142857142857,1.0,0.0,51,94,0.75,0.7391304347826086,0.2608695652173913,7,15,0.5,0.6666666666666666,0.3333333333333333,1,0
9,0.66,0.84,221.2533210234375,446,101,168,0,82,False,-1,none,0.3,0.84,0.82,0.56,0.76,0.55,0.6,1.0,0.0,55,88,0.75,0.7916666666666666,0.20833333333333334,4,17,0.9,0.7222222222222222,0.2777777777777778,1,3
9,0.71,0.84,204.68191480734376,446,100,162,0,84,True,4,Shigh,0.3,0.8,0.8,0.46,0.79,0.61,0.6571428571428571,1.0,0.0,48,95,0.85,0.88,0.12,3,13,0.8,0.8461538461538461,0.15384615384615385,1,2
9,0.7,0.84,225.27876805875005,446,98,156,0,77,True,2,Slow,0.3,0.76,0.8,0.54,0.73,0.55,0.6428571428571429,1.0,0.0,46,89,0.8,0.7083333333333334,0.2916666666666667,6,14,0.9,0.6,0.4,1,0
9,0.73,0.78,213.40078704566014,452,84,190,0,68,False,-1,none,0.3,0.84,0.81,0.56,0.74,0.57,0.7428571428571429,1.0,0.0,63,99,0.7,0.6666666666666666,0.3333333333333333,10,14,0.7,0.625,0.375,1,3
9,0.74,0.85,214.18690693841194,445,81,173,0,71,False,-1,none,0.3,0.78,0.74,0.57,0.74,0.56,0.7285714285714285,1.0,0.0,55,90,0.8,0.95,0.05,3,17,0.7,0.7142857142857143,0.2857142857142857,3,5
9,0.71,0.82,208.0889345198056,448,83,180,0,90,False,-1,none,0.3,0.8,0.84,0.56,0.76,0.49,0.7,1.0,0.0,62,90,0.75,0.7,0.3,11,15,0.7,0.9230769230769231,0.07692307692307693,0,2
9,0.67,0.8,186.89233719656147,450,85,165,0,75,False,-1,none,0.3,0.78,0.74,0.53,0.69,0.56,0.6571428571428571,1.0,0.0,55,92,0.65,0.8888888888888888,0.1111111111111111,2,10,0.8,0.875,0.125,2,4
9,0.65,0.75,199.98446851589824,455,92,175,0,73,False,-1,none,0.3,0.82,0.8,0.52,0.72,0.56,0.6428571428571429,1.0,0.0,55,91,0.7,0.7,0.3,9,14,0.6,0.6,0.4,2,4
9,0.65,0.76,194.3742555448124,454,81,163,0,60,False,-1,none,0.3,0.75,0.74,0.47,0.72,0.52,0.6142857142857143,1.0,0.0,53,85,0.65,0.8421052631578947,0.15789473684210525,3,16,0.9,0.7857142857142857,0.21428571428571427,1,5
9,0.61,0.7,194.5286934028917,460,109,164,0,72,False,-1,none,0.3,0.76,0.77,0.62,0.74,0.54,0.5714285714285714,1.0,0.0,48,93,0.55,0.6923076923076923,0.3076923076923077,3,13,1.0,0.7058823529411765,0.29411764705882354,3,4
9,0.63,0.72,201.8677350243016,458,79,168,0,66,False,-1,none,0.3,0.75,0.73,0.51,0.68,0.52,0.5857142857142857,1.0,0.0,52,78,0.7,0.7,0.3,13,17,0.8,0.6363636363636364,0.36363636363636365,6,2
9,0.6,0.66,160.37281604564558,464,97,154,0,73,False,-1,none,0.3,0.74,0.74,0.49,0.72,0.48,0.6142857142857143,1.0,0.0,48,87,0.5,0.8333333333333334,0.16666666666666666,4,13,0.7,0.8181818181818182,0.18181818181818182,0,2
9,0.79,0.93,220.8290195442653,437,88,191,0,73,False,-1,none,0.3,0.85,0.81,0.63,0.81,0.62,0.7857142857142857,1.0,0.0,59,104,0.85,0.9259259259259259,0.07407407407407407,4,22,0.7,0.8181818181818182,0.18181818181818182,0,2
9,0.68,0.83,217.7069766913344,447,106,174,0,77,False,-1,none,0.3,0.8,0.85,0.58,0.8,0.6,0.6285714285714286,1.0,0.0,37,104,0.8,0.782608695652174,0.21739130434782608,8,17,0.8,0.75,0.25,6,2
9,0.65,0.76,201.06749355123574,454,89,162,0,93,False,-1,none,0.3,0.76,0.77,0.52,0.73,0.49,0.6285714285714286,1.0,0.0,49,85,0.7,0.85,0.15,4,18,0.7,0.6666666666666666,0.3333333333333333,1,5
9,0.69,0.83,220.32248084011684,447,98,177,0,82,False,-1,none,0.3,0.83,0.83,0.56,0.8,0.56,0.6428571428571429,1.0,0.0,55,91,0.75,0.8095238095238095,0.19047619047619047,8,16,0.9,0.7647058823529411,0.23529411764705882,2,5
9,0.7,0.8,216.2622249104609,450,108,177,0,75,False,-1,none,0.3,0.85,0.85,0.51,0.8,0.64,0.6142857142857143,1.0,0.0,45,94,0.95,0.8,0.2,10,24,0.8,0.75,0.25,1,3
9,0.63,0.68,186.0613221422775,462,87,183,0,57,False,-1,none,0.3,0.77,0.75,0.61,0.73,0.52,0.6714285714285714,1.0,0.0,62,94,0.5,0.5833333333333334,0.4166666666666667,10,10,0.6,0.6666666666666666,0.3333333333333333,4,3
9,0.72,0.87,231.55482251667283,443,78,189,0,71,False,-1,none,0.3,0.83,0.81,0.58,0.79,0.53,0.7,1.0,0.0,62,94,0.75,0.7,0.3,11,11,0.8,0.8333333333333334,0.16666666666666666,3,8
9,0.7,0.82,214.8292112627126,448,90,177,0,71,False,-1,none,0.3,0.8,0.8,0.55,0.78,0.56,0.7285714285714285,1.0,0.0,52,96,0.5,0.8125,0.1875,6,13,0.9,0.6666666666666666,0.3333333333333333,3,7
9,0.73,0.86,213.60202214406,444,90,183,0,66,False,-1,none,0.3,0.75,0.82,0.61,0.76,0.65,0.6857142857142857,1.0,0.0,48,95,0.95,0.8148148148148148,0.18518518518518517,7,25,0.6,0.8181818181818182,0.18181818181818182,3,5
9,0.67,0.78,202.1084810107084,452,94,181,0,67,False,-1,none,0.3,0.75,0.78,0.64,0.8,0.56,0.6142857142857143,1.0,0.0,51,90,0.75,0.8421052631578947,0.15789473684210525,4,25,0.9,0.75,0.25,5,6
9,0.73,0.83,230.37920406329238,447,102,184,0,71,False,-1,none,0.3,0.8,0.85,0.68,0.78,0.58,0.7142857142857143,1.0,0.0,58,91,0.75,0.7619047619047619,0.23809523809523808,11,15,0.8,0.5833333333333334,0.4166666666666667,4,5
9,0.72,0.85,223.145982377293,445,88,175,0,82,False,-1,none,0.3,0.83,0.78,0.55,0.74,0.58,0.7285714285714285,1.0,0.0,59,93,0.7,0.8571428571428571,0.14285714285714285,6,12,0.7,0.6153846153846154,0.38461538461538464,3,2
9,0.71,0.8,210.83705238454684,450,96,181,0,78,False,-1,none,0.3,0.82,0.82,0.53,0.78,0.62,0.7142857142857143,1.0,0.0,58,97,0.7,0.6666666666666666,0.3333333333333333,9,10,0.7,0.75,0.25,1,6
9,0.66,0.79,202.8277332761471,451,94,177,0,70,False,-1,none,0.3,0.84,0.79,0.49,0.77,0.61,0.6571428571428571,1.0,0.0,51,98,0.65,0.7619047619047619,0.23809523809523808,11,11,0.7,0.75,0.25,2,4
9,0.71,0.85,222.9111107574445,445,96,172,0,77,True,4,Shigh,0.3,0.79,0.78,0.56,0.8,0.6,0.6571428571428571,1.0,0.0,53,97,0.8,0.631578947368421,0.3684210526315789,9,10,0.9,0.7,0.3,1,2
9,0.72,0.87,193.56454680799987,443,92,180,0,71,True,0,Slow,0.3,0.8,0.83,0.59,0.8,0.57,0.7142857142857143,1.0,0.0,54,97,0.75,0.8095238095238095,0.19047619047619047,5,19,0.7,0.7857142857142857,0.21428571428571427,1,4
9,0.72,0.86,227.4688301280278,444,75,199,0,60,False,-1,none,0.3,0.8,0.8,0.61,0.8,0.59,0.7142857142857143,1.0,0.0,61,101,0.75,0.7142857142857143,0.2857142857142857,13,17,0.7,0.8,0.2,1,6
9,0.68,0.74,200.5138948421183,456,93,188,0,80,False,-1,none,0.3,0.85,0.78,0.54,0.8,0.58,0.7,1.0,0.0,53,104,0.7,0.5625,0.4375,15,13,0.5,0.8888888888888888,0.1111111111111111,0,3
9,0.69,0.82,220.64864984647977,448,90,172,0,81,False,-1,none,0.3,0.82,0.81,0.57,0.82,0.42,0.7142857142857143,1.0,0.0,56,90,0.65,0.7777777777777778,0.2222222222222222,8,12,0.6,0.6428571428571429,0.35714285714285715,3,3
9,0.74,0.9,221.16612262827692,440,82,194,0,64,False,-1,none,0.3,0.81,0.83,0.62,0.79,0.61,0.7428571428571429,1.0,0.0,61,103,0.75,0.7272727272727273,0.2727272727272727,9,15,0.7,1.0,0.0,0,6
9,0.69,0.77,189.369784710379,453,88,173,0,87,False,-1,none,0.3,0.75,0.78,0.54,0.78,0.53,0.6714285714285714,1.0,0.0,51,99,0.8,0.85,0.15,6,14,0.6,0.7,0.3,2,1
9,0.62,0.74,184.63348948180794,456,94,174,0,78,True,1,Slow,0.3,0.78,0.79,0.54,0.76,0.55,0.5857142857142857,1.0,0.0,49,94,0.75,0.6666666666666666,0.3333333333333333,11,16,0.6,0.75,0.25,0,4
9,0.72,0.85,213.32871855125993,445,95,173,0,87,False,-1,none,0.3,0.85,0.84,0.55,0.76,0.53,0.6571428571428571,1.0,0.0,57,83,0.85,0.9130434782608695,0.08695652173913043,4,23,0.9,0.6875,0.3125,2,4
9,0.73,0.88,214.0482168732434,442,86,182,0,69,False,-1,none,0.3,0.82,0.82,0.57,0.75,0.6,0.7571428571428571,1.0,0.0,54,96,0.7,0.9090909090909091,0.09090909090909091,5,20,0.6,0.6923076923076923,0.3076923076923077,3,4
9,0.75,0.89,239.54383149829843,441,100,173,0,83,False,-1,none,0.3,0.83,0.86,0.57,0.76,0.6,0.7285714285714285,1.0,0.0,47,95,0.8,0.782608695652174,0.21739130434782608,7,15,0.8,0.6666666666666666,0.3333333333333333,6,3
9,0.69,0.83,208.88086119779493,447,104,169,0,59,False,-1,none,0.3,0.81,0.8,0.63,0.79,0.53,0.6285714285714286,1.0,0.0,56,90,0.8,0.8636363636363636,0.13636363636363635,4,17,0.9,0.8235294117647058,0.17647058823529413,2,0
9,0.67,0.76,186.88437297093427,454,104,167,0,78,False,-1,none,0.3,0.8,0.8,0.53,0.78,0.56,0.6714285714285714,1.0,0.0,49,94,0.65,0.8333333333333334,0.16666666666666666,5,13,0.7,0.8181818181818182,0.18181818181818182,1,5
9,0.58,0.64,154.23554998681357,466,97,158,0,66,True,1,Slow,0.3,0.74,0.71,0.51,0.73,0.5,0.5857142857142857,1.0,0.0,43,98,0.6,0.6,0.4,9,7,0.5,0.875,0.125,0,1
9,0.69,0.83,188.75491631834694,447,95,174,0,58,True,0,Slow,0.3,0.78,0.79,0.57,0.79,0.59,0.6571428571428571,1.0,0.0,48,96,0.85,0.8461538461538461,0.15384615384615385,7,19,0.6,0.7,0.3,2,2
9,0.7,0.82,210.94857574542175,448,106,170,0,82,False,-1,none,0.3,0.8,0.85,0.61,0.77,0.55,0.6571428571428571,1.0,0.0,45,93,0.8,0.8095238095238095,0.19047619047619047,8,19,0.8,0.8,0.2,3,2
9,0.63,0.75,199.70589991531938,455,82,190,0,73,False,-1,none,0.3,0.81,0.75,0.52,0.8,0.59,0.6285714285714286,1.0,0.0,55,104,0.6,0.7647058823529411,0.23529411764705882,8,17,0.7,0.7142857142857143,0.2857142857142857,3,3
9,0.65,0.75,174.64919306747169,455,102,166,0,97,True,0,Slow,0.3,0.83,0.85,0.48,0.8,0.47,0.6428571428571429,1.0,0.0,50,89,0.6,0.7333333333333333,0.26666666666666666,9,14,0.8,0.7692307692307693,0.23076923076923078,1,3
9,0.65,0.72,187.65242637250665,458,88,166,0,89,False,-1,none,0.3,0.75,0.76,0.47,0.76,0.52,0.6428571428571429,1.0,0.0,46,91,0.55,0.6666666666666666,0.3333333333333333,8,11,0.9,0.8,0.2,5,5
9,0.61,0.72,206.95220807770022,458,79,167,0,72,False,-1,none,0.3,0.76,0.74,0.47,0.69,0.52,0.5714285714285714,1.0,0.0,46,88,0.7,0.6,0.4,16,13,0.7,0.6666666666666666,0.3333333333333333,3,1
9,0.67,0.82,181.95039711637253,448,91,161,0,96,False,-1,none,0.3,0.84,0.82,0.43,0.68,0.57,0.7,1.0,0.0,47,96,0.55,1.0,0.0,0,13,0.7,0.9333333333333333,0.06666666666666667,1,4
9,0.69,0.79,227.22876627351192,451,81,183,0,77,False,-1,none,0.3,0.79,0.77,0.57,0.74,0.56,0.6428571428571429,1.0,0.0,57,87,0.8,0.7,0.3,10,18,0.8,0.5714285714285714,0.42857142857142855,5,6
9,0.71,0.82,202.54679917872173,448,95,176,0,87,False,-1,none,0.3,0.82,0.84,0.55,0.75,0.57,0.6428571428571429,1.0,0.0,51,95,0.9,0.96,0.04,4,19,0.8,0.6666666666666666,0.3333333333333333,5,2
9,0.65,0.73,201.00487018627152,457,76,168,0,73,False,-1,none,0.3,0.73,0.75,0.51,0.71,0.47,0.6428571428571429,1.0,0.0,50,88,0.7,0.6666666666666666,0.3333333333333333,13,11,0.6,0.7,0.3,3,3
9,0.77,0.87,235.62752824074673,443,83,185,0,90,False,-1,none,0.3,0.86,0.85,0.52,0.79,0.53,0.8,1.0,0.0,58,93,0.65,0.5714285714285714,0.42857142857142855,10,14,0.8,0.8235294117647058,0.17647058823529413,3,7
9,0.65,0.75,191.74084466276088,455,95,163,0,77,False,-1,none,0.3,0.78,0.77,0.47,0.72,0.59,0.6,1.0,0.0,47,89,0.8,0.8571428571428571,0.14285714285714285,3,17,0.7,0.75,0.25,4,3
9,0.67,0.8,207.79161550981956,450,93,178,0,69,True,3,Shigh,0.3,0.81,0.82,0.56,0.76,0.56,0.6285714285714286,1.0,0.0,58,94,0.85,0.8214285714285714,0.17857142857142858,10,12,0.6,0.625,0.375,2,2
9,0.7,0.86,228.4955104863641,444,100,186,0,78,True,3,Shigh,0.3,0.83,0.88,0.6,0.79,0.62,0.6571428571428571,1.0,0.0,58,99,0.8,0.7272727272727273,0.2727272727272727,9,14,0.8,0.7777777777777778,0.2222222222222222,3,3
9,0.68,0.82,225.93412437948552,448,86,170,0,92,False,-1,none,0.3,0.77,0.82,0.51,0.71,0.57,0.6428571428571429,1.0,0.0,50,85,0.75,0.8333333333333334,0.16666666666666666,7,20,0.8,0.6923076923076923,0.3076923076923077,3,5
9,0.64,0.77,200.6647569381586,453,96,175,0,82,False,-1,none,0.3,0.8,0.82,0.47,0.78,0.61,0.6,1.0,0.0,48,103,0.7,0.8571428571428571,0.14285714285714285,3,13,0.8,0.7857142857142857,0.21428571428571427,2,6
10,0.66,0.82,187.4,448,115,140,0,73,True,3,Shigh,0.3,0.79,0.76,0.59,0.73,0.5,0.6142857142857143,0.9767441860465116,0.023255813953488372,46,83,0.7,0.8260869565217391,0.17391304347826086,3,6,0.9,0.75,0.25,0,2
10,0.71,0.91,212.10000000000008,439,92,189,0,73,False,-1,none,0.3,0.87,0.86,0.6,0.83,0.56,0.6571428571428571,1.0,0.0,59,96,0.8,0.9230769230769231,0.07692307692307693,4,23,0.9,0.8421052631578947,0.15789473684210525,3,4
10,0.68,0.78,214.82999999999996,452,96,168,0,93,False,-1,none,0.3,0.79,0.8,0.49,0.83,0.51,0.6857142857142857,1.0,0.0,40,100,0.65,0.7894736842105263,0.21052631578947367,9,16,0.7,0.45454545454545453,0.5454545454545454,3,0
10,0.68,0.85,216.13724999999994,445,83,169,0,68,False,-1,none,0.3,0.77,0.8,0.5,0.75,0.55,0.6428571428571429,1.0,0.0,49,91,0.75,0.7727272727272727,0.22727272727272727,9,13,0.8,0.8333333333333334,0.16666666666666666,1,6
10,0.61,0.73,187.16748749999994,457,114,163,0,85,False,-1,none,0.3,0.85,0.83,0.53,0.76,0.53,0.5857142857142857,1.0,0.0,51,95,0.55,0.7692307692307693,0.23076923076923078,2,8,0.9,0.7894736842105263,0.21052631578947367,1,6
10,0.78,0.92,231.71242500000005,438,108,184,0,86,False,-1,none,0.3,0.84,0.89,0.62,0.86,0.63,0.7571428571428571,1.0,0.0,51,101,0.8,0.7368421052631579,0.2631578947368421,5,18,0.9,0.8,0.2,1,8
10,0.69,0.8,178.07843812500002,450,94,170,0,76,True,1,Slow,0.3,0.78,0.8,0.54,0.73,0.59,0.6714285714285714,1.0,0.0,51,92,0.75,0.7142857142857143,0.2857142857142857,11,15,0.7,0.8333333333333334,0.16666666666666666,0,1
10,0.73,0.88,228.62965584375,442,78,182,0,82,False,-1,none,0.3,0.84,0.78,0.46,0.83,0.57,0.7,1.0,0.0,51,97,0.8,0.782608695652174,0.21739130434782608,8,20,0.8,0.6875,0.3125,2,4
10,0.67,0.75,184.6848513234375,455,83,153,0,74,False,-1,none,0.3,0.74,0.72,0.45,0.68,0.52,0.6571428571428571,1.0,0.0,47,87,0.65,0.8235294117647058,0.17647058823529413,3,13,0.8,0.6666666666666666,0.3333333333333333,1,2
10,0.67,0.77,206.231462915625,453,74,184,0,70,False,-1,none,0.3,0.77,0.75,0.52,0.74,0.57,0.6714285714285714,1.0,0.0,54,91,0.8,0.6521739130434783,0.34782608695652173,13,20,0.4,0.7142857142857143,0.2857142857142857,4,2
10,0.69,0.82,208.21525662656245,448,93,173,0,67,True,4,Shigh,0.3,0.8,0.74,0.54,0.78,0.62,0.6285714285714286,1.0,0.0,45,94,0.9,0.6666666666666666,0.3333333333333333,10,17,0.7,0.6363636363636364,0.36363636363636365,4,3
10,0.69,0.82,180.606071953125,448,105,168,0,80,False,-1,none,0.3,0.84,0.82,0.61,0.8,0.48,0.6428571428571429,1.0,0.0,52,91,0.85,0.9230769230769231,0.07692307692307693,4,20,0.7,1.0,0.0,0,1
10,0.58,0.7,167.94717956296873,460,107,153,0,70,False,-1,none,0.3,0.74,0.76,0.54,0.75,0.51,0.5285714285714286,1.0,0.0,41,85,0.7,0.85,0.15,9,16,0.7,0.8461538461538461,0.15384615384615385,0,2
10,0.69,0.79,193.43981181656252,451,101,171,0,84,False,-1,none,0.3,0.84,0.78,0.6,0.76,0.53,0.7,1.0,0.0,55,92,0.65,0.8235294117647058,0.17647058823529413,6,14,0.7,0.6923076923076923,0.3076923076923077,1,3
10,0.67,0.87,186.98232821723437,443,91,160,0,77,True,1,Slow,0.3,0.76,0.78,0.54,0.75,0.55,0.6571428571428571,1.0,0.0,43,94,0.65,0.9473684210526315,0.05263157894736842,3,14,0.8,0.75,0.25,2,4
10,0.76,0.92,216.0264822979922,438,92,190,0,71,False,-1,none,0.3,0.86,0.83,0.65,0.85,0.55,0.7857142857142857,1.0,0.0,62,100,0.6,0.875,0.125,3,19,0.9,0.8095238095238095,0.19047619047619047,2,4
10,0.61,0.77,162.06981871744858,453,91,153,0,84,False,-1,none,0.3,0.78,0.75,0.54,0.71,0.43,0.5571428571428572,1.0,0.0,42,82,0.85,0.9615384615384616,0.038461538461538464,4,20,0.5,0.9166666666666666,0.08333333333333333,1,4
10,0.78,0.93,213.75846206672347,437,92,177,0,73,False,-1,none,0.3,0.87,0.81,0.57,0.83,0.54,0.7714285714285715,1.0,0.0,54,95,0.85,0.875,0.125,6,15,0.7,0.8571428571428571,0.14285714285714285,3,4
10,0.7,0.86,211.25641600631954,444,86,173,0,80,False,-1,none,0.3,0.84,0.78,0.44,0.76,0.63,0.6714285714285714,1.0,0.0,48,93,0.75,0.9047619047619048,0.09523809523809523,4,20,0.8,0.7222222222222222,0.2777777777777778,5,3
10,0.66,0.82,207.9234549728443,448,83,181,0,64,False,-1,none,0.3,0.8,0.78,0.57,0.74,0.57,0.6571428571428571,1.0,0.0,56,98,0.65,0.7727272727272727,0.22727272727272727,7,13,0.7,0.7857142857142857,0.21428571428571427,5,2
10,0.62,0.74,185.9236845676732,456,93,150,0,78,True,4,Shigh,0.3,0.76,0.76,0.53,0.66,0.46,0.6,0.9761904761904762,0.023809523809523808,50,83,0.6,0.8125,0.1875,4,8,0.8,0.6875,0.3125,3,2
10,0.74,0.88,219.79655319533936,442,82,196,0,69,False,-1,none,0.3,0.85,0.85,0.63,0.78,0.55,0.7285714285714285,1.0,0.0,69,90,0.8,0.76,0.24,10,24,0.7,0.8333333333333334,0.16666666666666666,0,3
10,0.63,0.76,187.91088090579427,454,78,158,0,68,False,-1,none,0.3,0.75,0.71,0.52,0.68,0.46,0.6285714285714286,1.0,0.0,46,86,0.7,0.9090909090909091,0.09090909090909091,6,16,0.5,0.7,0.3,3,1
10,0.72,0.87,213.6075519628002,443,97,165,0,81,True,0,Slow,0.3,0.8,0.78,0.55,0.79,0.57,0.7,1.0,0.0,47,93,0.65,0.8235294117647058,0.17647058823529413,4,15,1.0,0.631578947368421,0.3684210526315789,1,5
10,0.72,0.83,229.27954263762507,447,88,184,0,75,False,-1,none,0.3,0.84,0.81,0.57,0.75,0.58,0.6714285714285714,1.0,0.0,51,93,0.85,0.7619047619047619,0.23809523809523808,11,20,0.8,0.5333333333333333,0.4666666666666667,5,4
10,0.71,0.86,194.2676845736593,444,68,170,0,76,True,1,Slow,0.3,0.76,0.76,0.51,0.76,0.45,0.7142857142857143,1.0,0.0,56,87,0.65,0.85,0.15,6,15,0.8,0.6875,0.3125,3,3
10,0.7,0.79,210.104954007223,451,85,173,0,88,False,-1,none,0.3,0.77,0.8,0.55,0.76,0.49,0.6857142857142857,1.0,0.0,55,94,0.8,0.7,0.3,9,13,0.6,0.7272727272727273,0.2727272727272727,0,2
10,0.77,0.88,228.50391096803116,442,73,193,0,71,False,-1,none,0.3,0.8,0.81,0.6,0.75,0.58,0.7142857142857143,1.0,0.0,60,93,0.95,0.7307692307692307,0.2692307692307692,16,20,0.8,0.8333333333333334,0.16666666666666666,1,3
10,0.64,0.76,195.9711723074876,454,85,160,0,79,False,-1,none,0.3,0.74,0.72,0.52,0.72,0.51,0.6285714285714286,1.0,0.0,51,87,0.55,0.7333333333333333,0.26666666666666666,6,8,0.9,0.8235294117647058,0.17647058823529413,3,5
10,0.7,0.82,215.52746953446936,448,70,180,0,78,False,-1,none,0.3,0.77,0.77,0.56,0.67,0.55,0.7142857142857143,1.0,0.0,64,92,0.7,0.8571428571428571,0.14285714285714285,7,13,0.6,0.5454545454545454,0.45454545454545453,2,2
10,0.66,0.77,204.25582432398008,453,108,169,0,81,False,-1,none,0.3,0.8,0.84,0.63,0.76,0.51,0.6,1.0,0.0,47,90,0.75,0.7222222222222222,0.2777777777777778,11,14,0.9,0.8235294117647058,0.17647058823529413,3,4
10,0.71,0.87,231.22831311855737,443,92,172,0,74,True,3,Shigh,0.3,0.81,0.83,0.56,0.79,0.52,0.6285714285714286,1.0,0.0,52,90,0.9,0.7307692307692307,0.2692307692307692,10,12,0.9,0.6470588235294118,0.35294117647058826,4,4
10,0.68,0.77,188.9121363788262,453,96,165,0,97,False,-1,none,0.3,0.84,0.85,0.47,0.76,0.46,0.6857142857142857,1.0,0.0,53,90,0.7,0.8947368421052632,0.10526315789473684,3,15,0.6,0.9,0.1,0,4
10,0.72,0.84,210.8675481104719,446,102,179,0,95,True,2,Slow,0.3,0.84,0.86,0.59,0.83,0.53,0.7,1.0,0.0,50,100,0.8,0.7142857142857143,0.2857142857142857,11,16,0.7,0.7857142857142857,0.21428571428571427,0,2
10,0.67,0.75,201.52354611445932,455,106,162,0,62,True,3,Shigh,0.3,0.79,0.77,0.52,0.78,0.57,0.6,1.0,0.0,46,89,0.9,0.6521739130434783,0.34782608695652173,11,12,0.7,0.7,0.3,1,3
10,0.65,0.81,224.03943756756493,449,90,179,0,65,False,-1,none,0.3,0.79,0.78,0.59,0.77,0.57,0.6,1.0,0.0,54,94,0.8,0.8,0.2,7,14,0.7,0.5714285714285714,0.42857142857142855,6,4
10,0.75,0.95,247.02619611886556,435,89,185,0,71,True,3,Shigh,0.3,0.86,0.86,0.6,0.77,0.6,0.7,1.0,0.0,60,90,0.85,0.7857142857142857,0.21428571428571427,7,17,0.9,0.5555555555555556,0.4444444444444444,6,5
10,0.78,0.92,237.74235505904568,438,81,213,0,59,False,-1,none,0.3,0.86,0.88,0.66,0.82,0.64,0.7714285714285715,1.0,0.0,75,103,0.75,0.7894736842105263,0.21052631578947367,7,19,0.9,0.7894736842105263,0.21052631578947367,2,7
10,0.8,0.94,235.99114032592053,436,100,196,0,70,False,-1,none,0.3,0.87,0.87,0.74,0.81,0.61,0.7571428571428571,1.0,0.0,61,101,0.9,0.8461538461538461,0.15384615384615385,10,20,0.9,0.8666666666666667,0.13333333333333333,0,4
10,0.65,0.8,228.7327759517213,450,94,170,0,81,False,-1,none,0.3,0.8,0.84,0.55,0.73,0.52,0.6,1.0,0.0,50,83,0.7,0.8,0.2,8,17,0.9,0.6666666666666666,0.3333333333333333,4,8
10,0.73,0.88,226.85401865320674,442,87,171,0,74,False,-1,none,0.3,0.81,0.78,0.59,0.74,0.54,0.6571428571428571,1.0,0.0,52,88,0.85,0.8260869565217391,0.17391304347826086,7,16,1.0,0.8421052631578947,0.15789473684210525,3,5
10,0.65,0.76,192.5988698614735,454,98,181,0,80,False,-1,none,0.3,0.81,0.84,0.52,0.81,0.57,0.5714285714285714,1.0,0.0,49,98,0.85,0.8333333333333334,0.16666666666666666,9,16,0.8,0.8333333333333334,0.16666666666666666,2,7
10,0.61,0.69,189.9971213864007,461,105,156,0,85,False,-1,none,0.3,0.79,0.82,0.48,0.76,0.45,0.6,1.0,0.0,53,84,0.6,0.6875,0.3125,6,12,0.7,0.7272727272727273,0.2727272727272727,0,1
10,0.74,0.91,224.28913320513246,439,87,184,0,68,False,-1,none,0.3,0.8,0.79,0.61,0.81,0.61,0.7285714285714285,1.0,0.0,54,98,0.75,0.8846153846153846,0.11538461538461539,5,23,0.8,0.7857142857142857,0.21428571428571427,0,4
10,0.72,0.83,207.3845156971156,447,96,175,0,71,False,-1,none,0.3,0.83,0.8,0.56,0.82,0.53,0.7428571428571429,1.0,0.0,52,99,0.6,0.8,0.2,9,12,0.8,0.75,0.25,0,3
10,0.71,0.82,210.74999952648946,448,84,171,0,73,False,-1,none,0.3,0.76,0.77,0.54,0.72,0.58,0.7428571428571429,1.0,0.0,51,100,0.55,0.75,0.25,5,8,0.8,0.7222222222222222,0.2777777777777778,1,6
10,0.74,0.87,250.98805470483126,443,72,180,0,76,False,-1,none,0.3,0.77,0.78,0.51,0.76,0.57,0.6857142857142857,1.0,0.0,49,90,0.85,0.6521739130434783,0.34782608695652173,16,16,0.9,0.5625,0.4375,5,4
10,0.64,0.72,197.59320103129934,458,114,173,0,76,False,-1,none,0.3,0.78,0.83,0.61,0.81,0.56,0.6285714285714286,1.0,0.0,51,99,0.65,0.7647058823529411,0.23529411764705882,7,12,0.7,0.5454545454545454,0.45454545454545453,3,1
10,0.7,0.82,223.69666310330368,448,104,172,0,77,True,4,Shigh,0.3,0.82,0.86,0.57,0.78,0.55,0.6857142857142857,1.0,0.0,50,96,0.75,0.5909090909090909,0.4090909090909091,8,13,0.7,0.5833333333333334,0.4166666666666667,0,5
10,0.66,0.76,194.94600114709948,454,71,174,0,74,False,-1,none,0.3,0.73,0.77,0.48,0.7,0.53,0.6714285714285714,1.0,0.0,56,87,0.7,0.8888888888888888,0.1111111111111111,5,21,0.5,0.7272727272727273,0.2727272727272727,2,3
10,0.73,0.93,235.76600696692313,437,95,184,0,73,False,-1,none,0.3,0.85,0.86,0.58,0.79,0.64,0.7142857142857143,1.0,0.0,53,102,0.8,0.9032258064516129,0.0967741935483871,5,21,0.7,0.8333333333333334,0.16666666666666666,1,2
10,0.71,0.84,250.3744664189079,446,85,185,0,81,False,-1,none,0.3,0.85,0.8,0.51,0.79,0.59,0.6857142857142857,1.0,0.0,57,93,0.7,0.7142857142857143,0.2857142857142857,11,16,0.9,0.5333333333333333,0.4666666666666667,4,4
10,0.69,0.84,225.36447188655615,446,69,173,0,79,False,-1,none,0.3,0.77,0.78,0.54,0.67,0.5,0.6428571428571429,1.0,0.0,59,82,0.8,0.84,0.16,9,16,0.8,0.7857142857142857,0.21428571428571427,2,5
10,0.63,0.78,206.39888111454738,452,89,156,0,77,False,-1,none,0.3,0.72,0.78,0.53,0.71,0.49,0.5714285714285714,1.0,0.0,49,78,0.7,0.8571428571428571,0.14285714285714285,6,15,0.9,0.8235294117647058,0.17647058823529413,3,5
10,0.6,0.71,189.3061699667559,459,104,157,0,73,False,-1,none,0.3,0.77,0.75,0.56,0.75,0.49,0.5714285714285714,1.0,0.0,46,85,0.65,0.8888888888888888,0.1111111111111111,5,14,0.7,0.6923076923076923,0.3076923076923077,1,6
10,0.63,0.73,199.35535800437998,457,76,164,0,57,False,-1,none,0.3,0.73,0.69,0.52,0.65,0.54,0.6142857142857143,1.0,0.0,52,84,0.65,0.8235294117647058,0.17647058823529413,7,14,0.7,0.6153846153846154,0.38461538461538464,2,5
10,0.69,0.82,216.45482622138627,448,95,193,0,80,False,-1,none,0.3,0.85,0.85,0.57,0.79,0.64,0.6428571428571429,1.0,0.0,61,103,0.75,0.7777777777777778,0.2222222222222222,7,14,0.9,0.7894736842105263,0.21052631578947367,2,6
10,0.64,0.75,188.92630977610054,455,105,164,0,71,False,-1,none,0.3,0.8,0.82,0.59,0.72,0.51,0.5857142857142857,1.0,0.0,51,88,0.75,0.85,0.15,9,12,0.8,0.8461538461538461,0.15384615384615385,1,3
10,0.65,0.78,211.4506103529357,452,92,168,0,82,False,-1,none,0.3,0.81,0.78,0.51,0.75,0.53,0.6,1.0,0.0,49,91,0.75,0.7894736842105263,0.21052631578947367,8,11,0.8,0.7058823529411765,0.29411764705882354,3,6
10,0.73,0.9,235.97352689004796,440,104,164,0,87,True,3,Shigh,0.3,0.87,0.86,0.52,0.78,0.55,0.7,1.0,0.0,54,92,0.8,0.64,0.36,7,8,0.8,0.75,0.25,0,3
10,0.56,0.66,198.1580096327055,464,98,155,0,76,False,-1,none,0.3,0.72,0.76,0.51,0.69,0.51,0.4857142857142857,1.0,0.0,47,84,0.65,0.75,0.25,8,11,0.9,0.5625,0.4375,2,3
10,0.73,0.85,237.12363362955665,445,71,190,0,89,False,-1,none,0.3,0.81,0.82,0.57,0.77,0.49,0.7285714285714285,1.0,0.0,64,91,0.65,0.7222222222222222,0.2777777777777778,11,12,0.9,0.75,0.25,5,7
10,0.63,0.74,204.75646641383088,456,89,192,0,75,False,-1,none,0.3,0.85,0.81,0.53,0.8,0.56,0.6,1.0,0.0,53,102,0.65,0.75,0.25,12,13,0.8,0.6875,0.3125,6,6
10,0.66,0.77,213.2248760488789,453,98,179,0,76,False,-1,none,0.3,0.79,0.84,0.52,0.78,0.61,0.5714285714285714,1.0,0.0,46,91,0.85,0.7916666666666666,0.20833333333333334,13,24,0.9,0.7692307692307693,0.23076923076923078,1,4
10,0.62,0.71,199.35771066938844,459,94,187,0,73,True,2,Slow,0.3,0.82,0.8,0.57,0.77,0.56,0.5714285714285714,1.0,0.0,55,100,0.8,0.6111111111111112,0.3888888888888889,13,15,0.6,0.6923076923076923,0.3076923076923077,3,1
10,0.74,0.92,218.18036424835424,438,94,180,0,74,True,1,Slow,0.3,0.83,0.86,0.55,0.83,0.59,0.7,1.0,0.0,55,97,0.85,0.8928571428571429,0.10714285714285714,3,18,0.8,0.6666666666666666,0.3333333333333333,4,3
11,0.59,0.77,186.0,453,113,146,0,64,False,-1,none,0.3,0.75,0.78,0.6,0.7,0.53,0.44285714285714284,1.0,0.0,37,83,0.9,0.8888888888888888,0.1111111111111111,3,19,1.0,0.7368421052631579,0.2631578947368421,2,2
11,0.64,0.77,191.10000000000005,453,113,169,0,86,False,-1,none,0.3,0.83,0.84,0.57,0.84,0.51,0.6,1.0,0.0,44,96,0.7,0.9,0.1,6,14,0.8,0.6666666666666666,0.3333333333333333,5,4
11,0.64,0.74,205.37999999999997,456,127,157,0,77,False,-1,none,0.3,0.83,0.86,0.54,0.78,0.57,0.5571428571428572,1.0,0.0,41,90,0.8,0.7368421052631579,0.2631578947368421,4,15,0.9,0.625,0.375,2,5
11,0.6,0.7,196.50749999999996,460,104,168,0,63,False,-1,none,0.3,0.79,0.78,0.53,0.75,0.57,0.5428571428571428,1.0,0.0,39,95,0.7,0.8421052631578947,0.15789473684210525,8,15,0.8,0.46153846153846156,0.5384615384615384,7,4
11,0.63,0.75,188.44297499999996,455,82,170,0,63,False,-1,none,0.3,0.78,0.75,0.49,0.69,0.56,0.6142857142857143,1.0,0.0,48,90,0.65,0.8235294117647058,0.17647058823529413,7,19,0.7,0.8,0.2,2,4
11,0.66,0.79,191.42699624999997,451,110,157,0,89,True,4,Shigh,0.3,0.83,0.79,0.56,0.74,0.54,0.6571428571428571,1.0,0.0,46,93,0.6,0.8421052631578947,0.15789473684210525,3,9,0.8,0.7142857142857143,0.2857142857142857,4,2
11,0.67,0.79,181.05414599999997,451,90,166,0,65,True,4,Shigh,0.3,0.76,0.78,0.57,0.74,0.5,0.6857142857142857,1.0,0.0,55,95,0.65,0.85,0.15,3,11,0.6,0.7272727272727273,0.2727272727272727,0,2
11,0.62,0.76,171.27915656250005,454,102,146,0,81,True,0,Slow,0.3,0.74,0.77,0.59,0.72,0.42,0.5571428571428572,1.0,0.0,45,81,0.75,0.7916666666666666,0.20833333333333334,5,13,0.8,0.75,0.25,1,1
11,0.74,0.89,224.59071600000004,441,77,194,0,75,False,-1,none,0.3,0.83,0.85,0.56,0.82,0.54,0.7285714285714285,1.0,0.0,61,98,0.85,0.8620689655172413,0.13793103448275862,13,16,0.6,0.4444444444444444,0.5555555555555556,3,3
11,0.62,0.76,183.1009008740625,454,95,156,0,63,True,0,Slow,0.3,0.74,0.77,0.54,0.69,0.53,0.5714285714285714,1.0,0.0,45,88,0.75,0.7619047619047619,0.23809523809523808,9,12,0.7,0.6428571428571429,0.35714285714285715,1,1
11,0.73,0.9,213.7329020974218,440,100,181,0,69,False,-1,none,0.3,0.87,0.86,0.61,0.79,0.58,0.7,1.0,0.0,55,99,0.8,0.9166666666666666,0.08333333333333333,7,15,0.8,0.7647058823529411,0.23529411764705882,2,3
11,0.63,0.81,189.13499687643747,449,102,158,0,79,False,-1,none,0.3,0.77,0.82,0.52,0.75,0.55,0.5285714285714286,1.0,0.0,40,83,0.9,0.9333333333333333,0.06666666666666667,5,22,0.8,0.9285714285714286,0.07142857142857142,2,6
11,0.71,0.86,213.29053910940232,444,73,176,0,70,False,-1,none,0.3,0.8,0.76,0.52,0.74,0.53,0.7285714285714285,1.0,0.0,54,89,0.6,0.8235294117647058,0.17647058823529413,7,15,0.8,0.8333333333333334,0.16666666666666666,2,9
11,0.71,0.84,216.27271836031642,446,89,178,0,84,False,-1,none,0.3,0.83,0.82,0.54,0.81,0.51,0.6857142857142857,1.0,0.0,50,89,0.7,0.7222222222222222,0.2777777777777778,12,18,0.9,0.8333333333333334,0.16666666666666666,1,8
11,0.68,0.76,197.72087029840193,454,99,168,0,67,False,-1,none,0.3,0.76,0.78,0.55,0.74,0.6,0.6285714285714286,1.0,0.0,38,95,0.7,0.8333333333333334,0.16666666666666666,8,19,1.0,0.5714285714285714,0.42857142857142855,6,2
11,0.64,0.82,218.983130963383,448,92,156,0,75,False,-1,none,0.3,0.77,0.75,0.5,0.72,0.56,0.5571428571428572,1.0,0.0,41,84,0.8,0.8,0.2,7,17,0.9,0.6666666666666666,0.3333333333333333,4,3
11,0.73,0.84,209.43014728664355,446,98,167,0,81,False,-1,none,0.3,0.82,0.81,0.56,0.76,0.54,0.7428571428571429,1.0,0.0,53,93,0.65,0.8235294117647058,0.17647058823529413,2,13,0.8,0.6666666666666666,0.3333333333333333,3,3
11,0.71,0.82,189.40924547409372,448,109,179,0,65,False,-1,none,0.3,0.84,0.83,0.61,0.8,0.62,0.7142857142857143,1.0,0.0,48,105,0.7,0.9473684210526315,0.05263157894736842,2,21,0.7,0.8461538461538461,0.15384615384615385,1,2
11,0.7,0.87,220.6520616513731,443,95,164,0,79,False,-1,none,0.3,0.82,0.8,0.5,0.79,0.55,0.6142857142857143,1.0,0.0,47,87,0.85,0.88,0.12,3,17,1.0,0.5789473684210527,0.42105263157894735,4,6
11,0.65,0.78,209.5003455054902,452,106,159,0,67,False,-1,none,0.3,0.8,0.78,0.6,0.74,0.51,0.6,1.0,0.0,41,87,0.7,0.8095238095238095,0.19047619047619047,9,13,0.9,0.6666666666666666,0.3333333333333333,6,3
11,0.59,0.67,169.45995701960942,463,113,156,0,69,False,-1,none,0.3,0.78,0.75,0.5,0.74,0.59,0.5571428571428572,1.0,0.0,34,91,0.7,0.7368421052631579,0.2631578947368421,9,15,0.6,0.7777777777777778,0.2222222222222222,2,5
11,0.59,0.7,189.2406714408054,460,106,163,0,66,False,-1,none,0.3,0.76,0.77,0.54,0.74,0.58,0.5571428571428572,1.0,0.0,33,97,0.7,0.7,0.3,10,15,0.6,0.7272727272727273,0.2727272727272727,2,6
11,0.66,0.79,214.7239500008851,451,101,161,0,84,False,-1,none,0.3,0.84,0.76,0.49,0.75,0.57,0.5857142857142857,1.0,0.0,42,93,0.85,0.7391304347826086,0.2608695652173913,9,13,0.8,0.6666666666666666,0.3333333333333333,0,4
11,0.63,0.76,188.26429607349192,454,118,159,0,72,True,3,Shigh,0.3,0.79,0.82,0.65,0.75,0.52,0.5857142857142857,1.0,0.0,50,92,0.7,0.75,0.25,5,7,0.8,0.7333333333333333,0.26666666666666666,0,5
11,0.66,0.79,182.1537524785363,451,86,173,0,77,False,-1,none,0.3,0.79,0.78,0.48,0.74,0.59,0.6571428571428571,1.0,0.0,51,100,0.6,0.9444444444444444,0.05555555555555555,2,15,0.8,0.8666666666666667,0.13333333333333333,0,5
11,0.67,0.73,185.57608196453276,457,113,159,0,80,False,-1,none,0.3,0.8,0.81,0.59,0.75,0.5,0.6428571428571429,1.0,0.0,46,90,0.75,0.6470588235294118,0.35294117647058826,8,12,0.7,0.9090909090909091,0.09090909090909091,1,2
11,0.68,0.8,197.15775532819484,450,115,169,0,76,False,-1,none,0.3,0.83,0.84,0.62,0.78,0.57,0.6857142857142857,1.0,0.0,49,91,0.7,0.8421052631578947,0.15789473684210525,6,19,0.6,0.8461538461538461,0.15384615384615385,1,3
11,0.6,0.71,182.63444913093056,459,92,144,0,83,False,-1,none,0.3,0.72,0.72,0.49,0.7,0.44,0.5857142857142857,1.0,0.0,41,85,0.65,1.0,0.0,0,12,0.6,0.5,0.5,4,2
11,0.65,0.72,197.7024835769691,458,115,168,0,65,False,-1,none,0.3,0.81,0.75,0.6,0.8,0.59,0.6428571428571429,1.0,0.0,38,100,0.65,0.5625,0.4375,13,11,0.7,0.8181818181818182,0.18181818181818182,0,6
11,0.64,0.71,191.83189832922164,459,109,177,0,63,False,-1,none,0.3,0.8,0.79,0.55,0.8,0.63,0.6285714285714286,1.0,0.0,44,102,0.7,0.7647058823529411,0.23529411764705882,7,16,0.6,0.6,0.4,5,3
11,0.71,0.82,197.66095561295776,448,113,157,0,93,True,2,Slow,0.3,0.82,0.84,0.56,0.77,0.53,0.6285714285714286,1.0,0.0,40,90,0.9,0.8333333333333334,0.16666666666666666,10,15,0.9,0.8461538461538461,0.15384615384615385,0,2
11,0.71,0.77,202.18332209375114,453,88,195,0,85,False,-1,none,0.3,0.86,0.84,0.61,0.82,0.47,0.7,1.0,0.0,72,89,0.65,0.8125,0.1875,8,19,0.9,0.6666666666666666,0.3333333333333333,3,4
11,0.67,0.76,205.48864342099657,454,100,179,0,80,False,-1,none,0.3,0.83,0.78,0.55,0.82,0.57,0.6714285714285714,1.0,0.0,51,102,0.65,0.8125,0.1875,4,14,0.7,0.6153846153846154,0.38461538461538464,3,5
11,0.64,0.74,208.8927035801839,456,94,190,0,77,False,-1,none,0.3,0.84,0.81,0.51,0.79,0.63,0.6428571428571429,1.0,0.0,55,101,0.55,0.8125,0.1875,5,14,0.8,0.46153846153846156,0.5384615384615384,9,6
11,0.69,0.83,214.18486430406125,447,90,167,0,75,False,-1,none,0.3,0.81,0.79,0.56,0.72,0.52,0.6571428571428571,1.0,0.0,56,87,0.75,0.8571428571428571,0.14285714285714285,5,13,0.8,0.75,0.25,3,3
11,0.7,0.81,203.7398194989777,449,113,161,0,60,False,-1,none,0.3,0.79,0.8,0.63,0.76,0.57,0.6142857142857143,1.0,0.0,46,87,0.95,0.875,0.125,11,17,0.8,0.7142857142857143,0.2857142857142857,0,0
11,0.61,0.7,198.25567865991525,460,104,147,0,74,False,-1,none,0.3,0.73,0.76,0.51,0.7,0.51,0.5857142857142857,1.0,0.0,41,86,0.7,0.631578947368421,0.3684210526315789,7,11,0.6,0.6,0.4,1,1
11,0.64,0.79,218.3217583182378,451,106,180,0,80,False,-1,none,0.3,0.83,0.82,0.59,0.82,0.59,0.5428571428571428,1.0,0.0,47,96,0.85,0.7083333333333334,0.2916666666666667,15,14,0.9,0.7647058823529411,0.23529411764705882,6,2
11,0.65,0.79,199.29735122356527,451,120,166,0,85,False,-1,none,0.3,0.83,0.86,0.61,0.79,0.56,0.5857142857142857,1.0,0.0,46,97,0.75,0.9565217391304348,0.043478260869565216,3,13,0.9,0.7333333333333333,0.26666666666666666,2,5
11,0.72,0.88,250.34808116834586,442,80,192,0,75,False,-1,none,0.3,0.81,0.83,0.55,0.8,0.61,0.7,1.0,0.0,59,99,0.7,0.7272727272727273,0.2727272727272727,13,11,0.9,0.5882352941176471,0.4117647058823529,5,5
11,0.73,0.88,233.53600359458588,442,97,165,0,85,True,4,Shigh,0.3,0.81,0.81,0.56,0.79,0.53,0.6857142857142857,1.0,0.0,52,89,0.8,0.76,0.24,6,13,0.9,0.6666666666666666,0.3333333333333333,3,2
11,0.73,0.82,225.37642297838016,448,88,180,0,75,False,-1,none,0.3,0.83,0.8,0.54,0.77,0.56,0.7285714285714285,1.0,0.0,62,95,0.6,0.75,0.25,6,12,1.0,0.6666666666666666,0.3333333333333333,1,4
11,0.65,0.74,191.4856618466823,456,121,179,0,86,True,2,Slow,0.3,0.87,0.86,0.57,0.8,0.64,0.6142857142857143,1.0,0.0,50,101,0.7,0.7058823529411765,0.29411764705882354,11,12,0.8,0.7857142857142857,0.21428571428571427,2,3
11,0.74,0.86,245.83565469909485,444,79,184,0,76,False,-1,none,0.3,0.81,0.79,0.55,0.76,0.58,0.7285714285714285,1.0,0.0,53,95,0.75,0.55,0.45,17,13,0.8,0.7333333333333333,0.26666666666666666,0,6
11,0.66,0.75,205.05530658899036,455,85,159,0,76,False,-1,none,0.3,0.73,0.78,0.52,0.67,0.49,0.6428571428571429,1.0,0.0,51,78,0.75,0.5882352941176471,0.4117647058823529,14,13,0.6,0.6923076923076923,0.3076923076923077,0,3
11,0.7,0.89,241.089963263892,441,80,173,0,88,False,-1,none,0.3,0.8,0.81,0.56,0.73,0.52,0.6428571428571429,1.0,0.0,55,88,0.8,0.8,0.2,11,12,0.9,0.6842105263157895,0.3157894736842105,3,4
11,0.65,0.78,193.12086630805038,452,113,164,0,75,True,4,Shigh,0.3,0.83,0.81,0.51,0.8,0.6,0.5857142857142857,1.0,0.0,46,95,0.8,0.782608695652174,0.21739130434782608,7,12,0.8,0.7857142857142857,0.21428571428571427,1,3
11,0.64,0.76,206.00556736066238,454,103,149,0,77,False,-1,none,0.3,0.76,0.74,0.5,0.71,0.57,0.5428571428571428,1.0,0.0,32,86,0.8,0.7142857142857143,0.2857142857142857,11,14,1.0,0.6470588235294118,0.35294117647058826,3,3
11,0.67,0.81,197.77983979666132,449,99,155,0,80,False,-1,none,0.3,0.8,0.8,0.59,0.71,0.45,0.6428571428571429,1.0,0.0,52,83,0.7,0.8571428571428571,0.14285714285714285,4,12,0.8,0.8666666666666667,0.13333333333333333,2,2
11,0.68,0.76,195.7304765642326,454,86,171,0,72,False,-1,none,0.3,0.76,0.8,0.53,0.75,0.49,0.7,1.0,0.0,65,94,0.6,0.6923076923076923,0.3076923076923077,3,7,0.7,0.7857142857142857,0.21428571428571427,1,1
11,0.7,0.81,214.75570744362275,449,96,178,0,80,False,-1,none,0.3,0.84,0.8,0.58,0.76,0.57,0.7,1.0,0.0,56,95,0.7,0.631578947368421,0.3684210526315789,12,12,0.7,0.7692307692307693,0.23076923076923078,0,3
11,0.71,0.9,230.53437055454137,440,100,184,0,71,False,-1,none,0.3,0.84,0.85,0.64,0.8,0.61,0.6428571428571429,1.0,0.0,51,99,0.85,0.7777777777777778,0.2222222222222222,14,17,0.9,0.8333333333333334,0.16666666666666666,1,2
11,0.73,0.89,224.46209168405116,441,89,176,0,71,True,2,Slow,0.3,0.82,0.82,0.54,0.8,0.56,0.7428571428571429,1.0,0.0,57,96,0.55,0.6666666666666666,0.3333333333333333,6,10,1.0,0.7368421052631579,0.2631578947368421,2,5
11,0.68,0.79,207.64739539838945,451,97,181,0,78,False,-1,none,0.3,0.82,0.82,0.51,0.78,0.64,0.6142857142857143,1.0,0.0,53,94,0.85,0.8181818181818182,0.18181818181818182,8,12,0.8,0.5714285714285714,0.42857142857142855,6,8
11,0.59,0.75,203.82796257775436,455,103,145,0,72,False,-1,none,0.3,0.76,0.76,0.54,0.69,0.48,0.4857142857142857,1.0,0.0,48,70,0.8,0.75,0.25,6,15,0.9,0.5882352941176471,0.4117647058823529,2,4
11,0.62,0.73,191.5642229763535,457,114,170,0,68,False,-1,none,0.3,0.83,0.83,0.6,0.75,0.56,0.6,1.0,0.0,50,98,0.65,0.6842105263157895,0.3157894736842105,8,11,0.7,0.75,0.25,2,1
11,0.69,0.81,186.1044414353175,449,102,157,0,75,True,1,Slow,0.3,0.8,0.82,0.51,0.71,0.56,0.6714285714285714,1.0,0.0,47,91,0.6,0.7647058823529411,0.23529411764705882,5,10,1.0,0.8235294117647058,0.17647058823529413,3,1
11,0.67,0.75,197.21855978814196,455,83,179,0,73,False,-1,none,0.3,0.8,0.79,0.56,0.74,0.48,0.7142857142857143,1.0,0.0,58,95,0.6,0.6,0.4,11,9,0.5,0.7,0.3,3,3
11,0.68,0.84,215.0044792977348,446,74,181,0,81,False,-1,none,0.3,0.77,0.77,0.47,0.8,0.58,0.6857142857142857,1.0,0.0,52,101,0.7,0.7142857142857143,0.2857142857142857,9,11,0.6,0.8,0.2,3,5
11,0.72,0.89,225.80683997930572,441,85,185,0,76,False,-1,none,0.3,0.83,0.83,0.57,0.76,0.6,0.7142857142857143,1.0,0.0,57,98,0.75,0.76,0.24,9,15,0.7,0.7142857142857143,0.2857142857142857,1,5
11,0.75,0.87,224.0404343242665,443,105,184,0,79,False,-1,none,0.3,0.87,0.89,0.62,0.85,0.53,0.7428571428571429,1.0,0.0,57,100,0.85,0.7916666666666666,0.20833333333333334,8,14,0.6,0.6363636363636364,0.36363636363636365,2,3
11,0.67,0.79,211.1557424513253,451,100,171,0,85,False,-1,none,0.3,0.82,0.82,0.58,0.76,0.52,0.6571428571428571,1.0,0.0,46,91,0.7,0.7222222222222222,0.2777777777777778,14,12,0.7,0.6666666666666666,0.3333333333333333,3,5
11,0.66,0.8,203.06531832672016,450,91,167,0,77,False,-1,none,0.3,0.79,0.78,0.55,0.78,0.48,0.6285714285714286,1.0,0.0,51,92,0.7,0.8,0.2,6,13,0.8,0.875,0.125,1,4
11,0.64,0.77,204.0651367565507,453,116,165,0,82,True,4,Shigh,0.3,0.8,0.88,0.59,0.76,0.55,0.5571428571428572,1.0,0.0,56,89,0.75,0.6842105263157895,0.3157894736842105,8,9,1.0,0.6842105263157895,0.3157894736842105,1,2
11,0.73,0.82,209.56010535426103,448,83,178,0,82,False,-1,none,0.3,0.82,0.81,0.52,0.73,0.55,0.7428571428571429,1.0,0.0,57,97,0.75,0.7894736842105263,0.21052631578947367,10,10,0.6,0.6363636363636364,0.36363636363636365,3,1
11,0.64,0.74,191.30938786750136,456,102,177,0,72,False,-1,none,0.3,0.83,0.8,0.57,0.8,0.53,0.6,1.0,0.0,62,93,0.75,0.7368421052631579,0.2631578947368421,5,13,0.7,0.7692307692307693,0.23076923076923078,2,2
12,0.69,0.83,202.0,447,85,177,0,70,False,-1,none,0.3,0.81,0.81,0.54,0.76,0.53,0.7,1.0,0.0,55,94,0.6,0.6875,0.3125,10,11,0.8,0.7777777777777778,0.2222222222222222,3,4
12,0.72,0.85,216.3,445,108,174,0,68,False,-1,none,0.3,0.85,0.86,0.61,0.81,0.54,0.6571428571428571,1.0,0.0,49,88,0.85,0.8333333333333334,0.16666666666666666,10,17,0.9,0.6666666666666666,0.3333333333333333,3,7
12,0.62,0.68,177.24,462,111,154,0,82,False,-1,none,0.3,0.78,0.79,0.54,0.75,0.47,0.6,1.0,0.0,45,85,0.7,0.6875,0.3125,5,11,0.6,0.7,0.3,5,3
12,0.68,0.86,217.51274999999998,444,96,176,0,72,False,-1,none,0.3,0.82,0.83,0.58,0.8,0.55,0.6142857142857143,1.0,0.0,47,100,0.8,0.84,0.16,9,13,0.9,0.7222222222222222,0.2777777777777778,3,4
12,0.7,0.82,200.866575,448,98,170,0,75,False,-1,none,0.3,0.81,0.82,0.57,0.8,0.5,0.6857142857142857,1.0,0.0,52,93,0.7,0.7894736842105263,0.21052631578947367,6,14,0.8,0.8,0.2,0,5
12,0.67,0.78,193.764375,452,73,191,0,68,False,-1,none,0.3,0.75,0.79,0.58,0.75,0.55,0.6571428571428571,1.0,0.0,59,98,0.65,0.7222222222222222,0.2777777777777778,13,14,0.8,0.8571428571428571,0.14285714285714285,2,5
12,0.74,0.88,215.05017712500012,442,93,164,0,85,True,2,Slow,0.3,0.83,0.81,0.54,0.77,0.5,0.6857142857142857,1.0,0.0,53,88,0.9,0.76,0.24,7,14,0.8,0.8,0.2,0,2
12,0.69,0.84,214.95991958437503,446,86,178,0,57,True,2,Slow,0.3,0.77,0.77,0.56,0.76,0.62,0.6714285714285714,1.0,0.0,51,95,0.7,0.7727272727272727,0.22727272727272727,9,12,0.8,0.6428571428571429,0.35714285714285715,5,6
12,0.6,0.73,177.608615625,457,91,169,0,62,False,-1,none,0.3,0.77,0.75,0.55,0.74,0.52,0.6,1.0,0.0,45,95,0.6,0.9,0.1,5,16,0.6,0.8181818181818182,0.18181818181818182,4,4
12,0.64,0.76,190.20123143437493,454,104,164,0,71,False,-1,none,0.3,0.81,0.8,0.54,0.77,0.52,0.5428571428571428,1.0,0.0,47,89,0.9,0.8148148148148148,0.18518518518518517,6,17,0.8,0.8181818181818182,0.18181818181818182,2,3
12,0.64,0.74,171.2743665609374,456,97,156,0,63,False,-1,none,0.3,0.76,0.73,0.52,0.72,0.54,0.5857142857142857,1.0,0.0,42,86,0.8,0.9047619047619048,0.09523809523809523,3,21,0.7,0.8333333333333334,0.16666666666666666,0,4
12,0.75,0.9,211.33308252656235,440,77,174,0,79,False,-1,none,0.3,0.81,0.8,0.48,0.74,0.58,0.7142857142857143,1.0,0.0,51,94,0.85,1.0,0.0,1,20,0.8,0.6875,0.3125,4,4
12,0.68,0.8,184.64532600937503,450,116,160,0,84,False,-1,none,0.3,0.84,0.81,0.6,0.79,0.52,0.6285714285714286,1.0,0.0,55,89,0.8,0.92,0.08,1,15,0.8,0.8181818181818182,0.18181818181818182,0,0
12,0.73,0.89,220.28950560093753,441,90,153,0,88,False,-1,none,0.3,0.82,0.8,0.5,0.75,0.45,0.6714285714285714,1.0,0.0,47,84,0.85,0.8846153846153846,0.11538461538461539,5,13,0.9,0.6666666666666666,0.3333333333333333,2,2
12,0.68,0.85,204.45052116160548,445,94,179,0,62,False,-1,none,0.3,0.79,0.84,0.6,0.76,0.59,0.6571428571428571,1.0,0.0,55,96,0.6,0.8947368421052632,0.10526315789473684,6,14,1.0,0.8,0.2,2,6
12,0.64,0.76,192.08597089844534,454,102,148,0,69,False,-1,none,0.3,0.76,0.74,0.55,0.74,0.47,0.5571428571428572,1.0,0.0,48,80,0.85,0.8571428571428571,0.14285714285714285,6,8,0.8,0.6875,0.3125,3,3
12,0.7,0.83,227.0824058202329,447,97,180,0,80,False,-1,none,0.3,0.84,0.86,0.56,0.77,0.57,0.6714285714285714,1.0,0.0,53,94,0.75,0.6818181818181818,0.3181818181818182,14,12,0.8,0.6428571428571429,0.35714285714285715,3,4
12,0.62,0.71,197.43591546851735,459,121,168,0,65,False,-1,none,0.3,0.81,0.79,0.59,0.8,0.61,0.5714285714285714,1.0,0.0,41,94,0.75,0.7368421052631579,0.2631578947368421,8,16,0.7,0.5,0.5,6,3
12,0.74,0.93,235.00235525664453,437,93,172,0,82,True,3,Shigh,0.3,0.85,0.84,0.64,0.69,0.56,0.6857142857142857,1.0,0.0,63,83,0.8,0.6785714285714286,0.32142857142857145,7,11,1.0,0.7058823529411765,0.29411764705882354,3,5
12,0.63,0.73,190.85677933420973,457,90,155,0,77,False,-1,none,0.3,0.74,0.71,0.54,0.71,0.48,0.5285714285714286,1.0,0.0,52,77,0.9,0.7142857142857143,0.2857142857142857,9,11,0.8,0.8,0.2,3,3
12,0.66,0.73,200.8417244497153,457,90,166,0,81,False,-1,none,0.3,0.79,0.8,0.48,0.71,0.51,0.6142857142857143,1.0,0.0,52,84,0.8,0.75,0.25,8,12,0.7,0.4,0.6,6,4
12,0.7,0.81,204.39860678753894,449,88,162,0,89,True,1,Slow,0.3,0.8,0.77,0.51,0.73,0.5,0.6571428571428571,1.0,0.0,47,85,0.8,0.7142857142857143,0.2857142857142857,9,14,0.8,0.6428571428571429,0.35714285714285715,2,5
12,0.72,0.81,193.15162048325817,449,99,181,0,84,True,2,Slow,0.3,0.88,0.83,0.59,0.81,0.5,0.7,1.0,0.0,69,95,0.85,0.8095238095238095,0.19047619047619047,3,10,0.6,0.6363636363636364,0.36363636363636365,2,2
12,0.59,0.71,198.9502188960148,459,104,190,0,55,False,-1,none,0.3,0.8,0.84,0.58,0.79,0.64,0.5428571428571428,1.0,0.0,54,109,0.7,0.7777777777777778,0.2222222222222222,6,10,0.7,0.6,0.4,6,5
12,0.72,0.88,219.44395443701933,442,77,200,0,60,False,-1,none,0.3,0.8,0.83,0.6,0.8,0.62,0.6857142857142857,1.0,0.0,66,98,0.8,0.782608695652174,0.21739130434782608,11,15,0.8,0.8235294117647058,0.17647058823529413,3,7
12,0.65,0.75,211.74327553194064,455,77,170,0,73,False,-1,none,0.3,0.76,0.72,0.53,0.69,0.52,0.6285714285714286,1.0,0.0,58,85,0.55,0.6,0.4,12,7,1.0,0.625,0.375,4,4
12,0.61,0.69,187.3557429469493,461,101,155,0,80,False,-1,none,0.3,0.78,0.73,0.54,0.69,0.51,0.5571428571428572,1.0,0.0,49,81,0.65,0.8888888888888888,0.1111111111111111,6,9,0.9,0.5,0.5,5,5
12,0.6,0.68,175.47847819057282,462,103,165,0,74,False,-1,none,0.3,0.77,0.79,0.54,0.73,0.53,0.5571428571428572,1.0,0.0,60,90,0.7,0.9444444444444444,0.05555555555555555,2,9,0.7,0.6363636363636364,0.36363636363636365,2,2
12,0.7,0.83,214.6651802436197,447,77,201,0,69,False,-1,none,0.3,0.85,0.83,0.52,0.78,0.63,0.6714285714285714,1.0,0.0,65,103,0.7,0.8095238095238095,0.19047619047619047,10,15,0.9,0.8,0.2,1,7
12,0.64,0.78,196.22299462094955,452,87,165,0,75,False,-1,none,0.3,0.79,0.76,0.5,0.72,0.53,0.5857142857142857,1.0,0.0,51,89,0.8,0.9166666666666666,0.08333333333333333,4,18,0.7,0.6923076923076923,0.3076923076923077,2,1
12,0.7,0.77,182.220233593722,453,93,188,0,72,False,-1,none,0.3,0.84,0.84,0.58,0.79,0.53,0.7,1.0,0.0,66,97,0.7,0.9411764705882353,0.058823529411764705,2,15,0.7,0.8181818181818182,0.18181818181818182,4,4
12,0.64,0.77,207.18336366713,453,87,173,0,78,True,2,Slow,0.3,0.78,0.79,0.51,0.69,0.6,0.6,1.0,0.0,54,88,0.7,0.6842105263157895,0.3157894736842105,6,16,0.8,0.6428571428571429,0.35714285714285715,3,6
12,0.68,0.8,206.71419643805646,450,74,192,0,94,False,-1,none,0.3,0.79,0.84,0.57,0.78,0.48,0.6428571428571429,1.0,0.0,71,92,0.75,0.8571428571428571,0.14285714285714285,7,14,0.8,0.5714285714285714,0.42857142857142855,3,5
12,0.68,0.76,190.44437998839436,454,90,184,0,85,False,-1,none,0.3,0.84,0.82,0.51,0.77,0.56,0.6428571428571429,1.0,0.0,68,92,0.9,0.782608695652174,0.21739130434782608,6,17,0.5,0.75,0.25,0,1
12,0.67,0.78,207.0841631344013,452,79,184,0,69,False,-1,none,0.3,0.8,0.8,0.57,0.72,0.52,0.6571428571428571,1.0,0.0,69,91,0.6,0.8,0.2,5,12,0.9,0.6470588235294118,0.35294117647058826,5,2
12,0.65,0.78,188.60104535024448,452,94,187,0,76,True,0,Slow,0.3,0.82,0.82,0.57,0.76,0.62,0.6285714285714286,1.0,0.0,54,102,0.7,0.7368421052631579,0.2631578947368421,5,16,0.7,0.6153846153846154,0.38461538461538464,5,5
12,0.67,0.82,207.56305923454283,448,77,171,0,70,False,-1,none,0.3,0.73,0.76,0.53,0.71,0.57,0.6571428571428571,1.0,0.0,54,89,0.65,0.9166666666666666,0.08333333333333333,4,16,0.8,0.75,0.25,0,8
12,0.78,0.88,242.13695276014926,442,101,183,0,83,False,-1,none,0.3,0.88,0.83,0.59,0.8,0.62,0.7428571428571429,1.0,0.0,49,100,0.85,0.7272727272727273,0.2727272727272727,9,12,0.9,0.6428571428571429,0.35714285714285715,8,5
12,0.72,0.86,241.20575937474226,444,84,198,0,77,False,-1,none,0.3,0.85,0.88,0.59,0.8,0.56,0.6428571428571429,1.0,0.0,71,88,0.95,0.7037037037037037,0.2962962962962963,13,19,0.8,0.6428571428571429,0.35714285714285715,3,4
12,0.68,0.8,214.04898600496364,450,79,169,0,77,False,-1,none,0.3,0.8,0.78,0.49,0.73,0.48,0.6857142857142857,1.0,0.0,54,90,0.65,0.7368421052631579,0.2631578947368421,12,8,0.7,0.6923076923076923,0.3076923076923077,2,3
12,0.69,0.8,203.64173593215352,450,91,173,0,71,True,2,Slow,0.3,0.81,0.82,0.53,0.76,0.52,0.6714285714285714,1.0,0.0,53,86,0.75,0.6190476190476191,0.38095238095238093,13,13,0.7,0.75,0.25,3,5
12,0.74,0.85,235.992571947941,445,80,170,0,75,False,-1,none,0.3,0.75,0.8,0.51,0.72,0.57,0.7285714285714285,1.0,0.0,54,87,0.85,0.6363636363636364,0.36363636363636365,8,15,0.6,0.5,0.5,3,3
12,0.73,0.84,216.53435291294252,446,83,189,0,84,False,-1,none,0.3,0.81,0.83,0.55,0.79,0.58,0.7,1.0,0.0,59,100,0.85,0.6956521739130435,0.30434782608695654,15,9,0.7,0.8333333333333334,0.16666666666666666,2,4
12,0.77,0.88,230.70953473892,442,85,188,0,79,False,-1,none,0.3,0.83,0.82,0.59,0.77,0.6,0.7571428571428571,1.0,0.0,65,96,0.85,0.7727272727272727,0.22727272727272727,8,15,0.7,0.5384615384615384,0.46153846153846156,2,2
12,0.74,0.87,230.18151678248628,443,105,171,0,67,False,-1,none,0.3,0.84,0.81,0.68,0.74,0.56,0.6857142857142857,1.0,0.0,55,87,0.85,0.8,0.2,4,15,0.9,0.5714285714285714,0.42857142857142855,5,5
12,0.68,0.89,216.56493814727153,441,91,159,0,71,True,2,Slow,0.3,0.79,0.77,0.51,0.79,0.53,0.6285714285714286,1.0,0.0,40,93,0.75,0.88,0.12,6,13,0.9,0.6111111111111112,0.3888888888888889,5,2
12,0.76,0.96,198.20262976964722,434,105,173,0,81,True,0,Slow,0.3,0.88,0.87,0.59,0.83,0.57,0.7428571428571429,1.0,0.0,49,98,0.85,0.896551724137931,0.10344827586206896,2,19,0.7,0.7857142857142857,0.21428571428571427,2,3
12,0.68,0.8,199.5798140824362,450,88,191,0,66,False,-1,none,0.3,0.82,0.83,0.55,0.82,0.57,0.6142857142857143,1.0,0.0,62,98,0.8,0.8260869565217391,0.17391304347826086,8,14,0.9,0.7857142857142857,0.21428571428571427,2,7
12,0.61,0.69,161.911874945839,461,103,175,0,73,False,-1,none,0.3,0.77,0.79,0.59,0.75,0.57,0.6142857142857143,1.0,0.0,57,98,0.6,0.875,0.125,2,13,0.6,0.8,0.2,2,3
12,0.56,0.69,176.1897711456349,461,107,159,0,85,False,-1,none,0.3,0.8,0.78,0.53,0.76,0.48,0.5142857142857142,1.0,0.0,48,91,0.65,0.9047619047619048,0.09523809523809523,4,13,0.7,0.6666666666666666,0.3333333333333333,2,1
12,0.65,0.76,181.28761508578188,454,72,157,0,60,False,-1,none,0.3,0.68,0.7,0.48,0.69,0.5,0.6714285714285714,1.0,0.0,48,85,0.55,0.875,0.125,4,13,0.7,0.8461538461538461,0.15384615384615385,0,7
12,0.66,0.77,198.38759314127662,453,102,164,0,87,False,-1,none,0.3,0.81,0.81,0.51,0.77,0.53,0.6428571428571429,1.0,0.0,50,89,0.6,0.8125,0.1875,4,12,0.9,0.7333333333333333,0.26666666666666666,3,6
12,0.69,0.87,217.62827206931382,443,93,174,0,66,False,-1,none,0.3,0.83,0.79,0.57,0.79,0.56,0.6285714285714286,1.0,0.0,55,87,0.75,0.9230769230769231,0.07692307692307693,5,19,1.0,0.7058823529411765,0.29411764705882354,2,6
12,0.66,0.79,187.44054927811482,451,91,162,0,63,False,-1,none,0.3,0.77,0.73,0.57,0.69,0.56,0.6142857142857143,1.0,0.0,50,88,0.75,0.9583333333333334,0.041666666666666664,3,15,0.8,0.75,0.25,2,4
12,0.74,0.9,220.30956653675062,440,95,192,0,78,False,-1,none,0.3,0.86,0.86,0.57,0.82,0.66,0.7142857142857143,1.0,0.0,53,104,0.8,0.92,0.08,5,19,0.8,0.8,0.2,2,9
12,0.7,0.88,213.56608505234811,442,82,164,0,76,True,0,Slow,0.3,0.78,0.78,0.56,0.72,0.5,0.6571428571428571,1.0,0.0,57,86,0.75,0.84,0.16,6,11,0.9,0.6875,0.3125,2,2
12,0.66,0.76,196.24310388659208,454,109,164,0,61,True,2,Slow,0.3,0.78,0.8,0.63,0.75,0.53,0.6285714285714286,1.0,0.0,47,91,0.7,0.7619047619047619,0.23809523809523808,8,12,0.8,0.5,0.5,4,2
12,0.72,0.81,212.9716509410537,449,105,181,0,68,False,-1,none,0.3,0.83,0.84,0.61,0.81,0.58,0.6571428571428571,1.0,0.0,54,96,0.85,0.8,0.2,7,18,0.9,0.6,0.4,1,5
12,0.77,0.92,237.49750704321423,438,70,179,0,99,False,-1,none,0.3,0.82,0.82,0.46,0.79,0.52,0.7571428571428571,1.0,0.0,52,95,0.85,0.8461538461538461,0.15384615384615385,9,16,0.7,0.6153846153846154,0.38461538461538464,3,4
12,0.67,0.87,209.53252884783748,443,89,172,0,87,True,4,Shigh,0.3,0.81,0.78,0.6,0.71,0.58,0.6142857142857143,1.0,0.0,54,87,0.75,0.8888888888888888,0.1111111111111111,8,17,0.9,0.75,0.25,2,4
12,0.74,0.84,209.02733556549933,446,92,178,0,81,False,-1,none,0.3,0.81,0.86,0.51,0.81,0.55,0.7571428571428571,1.0,0.0,60,97,0.7,0.85,0.15,6,11,0.7,0.6363636363636364,0.36363636363636365,1,3
12,0.75,0.87,206.62428416431752,443,77,180,0,81,False,-1,none,0.3,0.79,0.8,0.59,0.71,0.55,0.7571428571428571,1.0,0.0,65,91,0.8,0.8181818181818182,0.18181818181818182,6,13,0.6,0.8333333333333334,0.16666666666666666,1,4
12,0.75,0.88,216.54269700667297,442,85,204,0,58,False,-1,none,0.3,0.85,0.86,0.61,0.82,0.63,0.7571428571428571,1.0,0.0,71,100,0.65,0.7222222222222222,0.2777777777777778,8,18,0.9,0.8823529411764706,0.11764705882352941,0,7
12,0.72,0.85,223.47434636649618,445,86,184,0,75,False,-1,none,0.3,0.81,0.82,0.52,0.78,0.62,0.6857142857142857,1.0,0.0,48,95,0.95,0.6923076923076923,0.3076923076923077,13,20,0.5,0.6363636363636364,0.36363636363636365,5,3
12,0.73,0.94,226.73604099904782,436,114,164,0,73,True,3,Shigh,0.3,0.87,0.85,0.63,0.83,0.54,0.6857142857142857,1.0,0.0,46,97,0.95,0.8064516129032258,0.1935483870967742,7,13,0.6,0.6666666666666666,0.3333333333333333,0,1
12,0.67,0.79,221.68388865342905,451,100,184,0,77,False,-1,none,0.3,0.84,0.81,0.59,0.76,0.63,0.6714285714285714,1.0,0.0,58,99,0.65,0.75,0.25,8,13,0.7,0.4166666666666667,0.5833333333333334,2,4
13,0.63,0.75,178.0,455,131,167,0,77,False,-1,none,0.3,0.88,0.88,0.62,0.83,0.52,0.5571428571428572,1.0,0.0,47,91,0.85,0.7916666666666666,0.20833333333333334,11,18,0.7,0.8333333333333334,0.16666666666666666,0,0
13,0.67,0.75,174.30000000000007,455,110,160,0,70,False,-1,none,0.3,0.78,0.81,0.51,0.75,0.6,0.6571428571428571,1.0,0.0,45,95,0.6,0.8666666666666667,0.13333333333333333,5,11,0.9,0.8571428571428571,0.14285714285714285,0,4
13,0.53,0.64,161.90999999999994,466,110,139,0,67,False,-1,none,0.3,0.73,0.74,0.48,0.67,0.51,0.45714285714285713,1.0,0.0,30,77,0.7,0.8947368421052632,0.10526315789473684,5,23,0.7,0.7692307692307693,0.23076923076923078,0,4
13,0.59,0.71,178.90424999999996,459,86,150,0,78,False,-1,none,0.3,0.71,0.73,0.47,0.7,0.46,0.5571428571428572,1.0,0.0,41,85,0.6,0.7647058823529411,0.23529411764705882,9,13,0.8,0.8,0.2,0,2
13,0.74,0.85,206.45257499999997,445,82,193,0,80,False,-1,none,0.3,0.77,0.82,0.61,0.79,0.61,0.7142857142857143,1.0,0.0,65,101,0.75,0.8333333333333334,0.16666666666666666,11,13,0.9,0.6363636363636364,0.36363636363636365,1,2
13,0.71,0.84,198.00699187499998,446,84,179,0,68,False,-1,none,0.3,0.8,0.8,0.59,0.77,0.51,0.6714285714285714,1.0,0.0,56,90,0.85,0.8846153846153846,0.11538461538461539,6,21,0.7,0.6363636363636364,0.36363636363636365,4,2
13,0.75,0.89,204.10847493749998,441,75,184,0,77,False,-1,none,0.3,0.81,0.82,0.52,0.74,0.59,0.7857142857142857,1.0,0.0,60,98,0.6,0.8888888888888888,0.1111111111111111,3,15,0.8,0.75,0.25,2,6
13,0.78,0.94,235.60170204374998,436,96,198,0,82,False,-1,none,0.3,0.88,0.89,0.64,0.88,0.59,0.7571428571428571,1.0,0.0,59,109,0.75,0.7777777777777778,0.2222222222222222,8,9,1.0,0.7391304347826086,0.2608695652173913,6,7
13,0.61,0.7,178.91877233671875,460,109,169,0,62,False,-1,none,0.3,0.8,0.79,0.56,0.75,0.58,0.5714285714285714,1.0,0.0,48,95,0.65,0.7647058823529411,0.23529411764705882,7,14,0.8,0.7692307692307693,0.23076923076923078,1,4
13,0.63,0.71,181.75236499448434,459,90,175,0,84,False,-1,none,0.3,0.77,0.74,0.55,0.72,0.58,0.6,1.0,0.0,55,87,0.75,0.6666666666666666,0.3333333333333333,14,14,0.6,0.8181818181818182,0.18181818181818182,2,3
13,0.72,0.86,218.8799274403916,444,104,175,0,80,False,-1,none,0.3,0.84,0.88,0.56,0.81,0.56,0.7,1.0,0.0,47,97,0.7,0.85,0.15,6,17,0.9,0.7058823529411765,0.29411764705882354,4,4
13,0.63,0.73,201.21352189849483,457,99,179,0,59,False,-1,none,0.3,0.8,0.78,0.62,0.75,0.56,0.5571428571428572,1.0,0.0,52,92,0.85,0.7272727272727273,0.2727272727272727,11,17,0.7,0.75,0.25,4,3
13,0.69,0.81,221.44506658058845,449,96,175,0,88,False,-1,none,0.3,0.83,0.84,0.48,0.81,0.56,0.6285714285714286,1.0,0.0,43,101,0.8,0.8636363636363636,0.13636363636363635,8,16,0.9,0.6666666666666666,0.3333333333333333,5,2
13,0.66,0.8,210.50776396071095,450,78,166,0,81,False,-1,none,0.3,0.75,0.74,0.54,0.73,0.48,0.6142857142857143,1.0,0.0,46,83,0.85,0.8846153846153846,0.11538461538461539,8,22,0.6,0.7272727272727273,0.2727272727272727,4,3
13,0.73,0.87,233.5006671109182,443,89,200,0,64,False,-1,none,0.3,0.84,0.86,0.61,0.79,0.66,0.7,1.0,0.0,67,101,0.75,0.8695652173913043,0.13043478260869565,6,18,0.9,0.6666666666666666,0.3333333333333333,6,2
13,0.58,0.72,200.13185859760685,458,97,162,0,79,True,4,Shigh,0.3,0.77,0.78,0.46,0.76,0.54,0.5142857142857142,1.0,0.0,42,93,0.6,0.7,0.3,7,10,1.0,0.75,0.25,4,6
13,0.66,0.76,204.3565959059178,454,92,182,0,75,False,-1,none,0.3,0.81,0.83,0.54,0.78,0.54,0.6285714285714286,1.0,0.0,59,93,0.75,0.6842105263157895,0.3157894736842105,11,15,0.7,0.8461538461538461,0.15384615384615385,1,3
13,0.71,0.81,208.16873112692682,449,111,166,0,87,True,4,Shigh,0.3,0.85,0.83,0.58,0.78,0.54,0.6714285714285714,1.0,0.0,50,91,0.8,0.8,0.2,8,14,0.8,0.7857142857142857,0.21428571428571427,1,2
13,0.67,0.83,210.3018133390329,447,93,171,0,73,False,-1,none,0.3,0.79,0.77,0.58,0.78,0.55,0.6428571428571429,1.0,0.0,46,92,0.7,0.9047619047619048,0.09523809523809523,9,17,0.8,0.7058823529411765,0.29411764705882354,3,4
13,0.66,0.8,213.59075363406814,450,86,165,0,74,False,-1,none,0.3,0.78,0.77,0.51,0.75,0.5,0.6428571428571429,1.0,0.0,52,87,0.7,0.6818181818181818,0.3181818181818182,10,14,0.7,0.7692307692307693,0.23076923076923078,0,2
13,0.66,0.76,180.50996024314338,454,110,175,0,69,False,-1,none,0.3,0.82,0.83,0.59,0.77,0.6,0.6428571428571429,1.0,0.0,49,99,0.75,0.8333333333333334,0.16666666666666666,7,17,0.6,0.9230769230769231,0.07692307692307693,0,3
13,0.65,0.76,189.88964281251688,454,90,164,0,75,False,-1,none,0.3,0.79,0.76,0.5,0.73,0.52,0.6285714285714286,1.0,0.0,49,93,0.6,0.8125,0.1875,4,12,0.9,0.8125,0.1875,2,4
13,0.74,0.83,213.78240692645085,447,102,192,0,68,False,-1,none,0.3,0.85,0.8,0.66,0.8,0.66,0.7571428571428571,1.0,0.0,59,101,0.75,0.8571428571428571,0.14285714285714285,7,20,0.6,0.5555555555555556,0.4444444444444444,2,3
13,0.65,0.75,198.13746626161532,455,100,168,0,77,True,2,Slow,0.3,0.77,0.8,0.51,0.79,0.56,0.6,1.0,0.0,45,87,0.7,0.625,0.375,6,21,0.9,0.7647058823529411,0.23529411764705882,3,6
13,0.66,0.78,200.81571099580137,452,106,169,0,82,False,-1,none,0.3,0.87,0.84,0.54,0.75,0.53,0.6,1.0,0.0,48,91,0.75,0.8571428571428571,0.14285714285714285,8,15,0.9,0.8,0.2,1,6
13,0.61,0.72,202.77023714895745,458,99,162,0,82,False,-1,none,0.3,0.78,0.79,0.48,0.77,0.51,0.5714285714285714,1.0,0.0,43,82,0.7,0.9,0.1,6,20,0.7,0.4166666666666667,0.5833333333333334,6,5
13,0.61,0.71,190.93264811669502,459,112,169,0,73,False,-1,none,0.3,0.83,0.79,0.53,0.77,0.6,0.5857142857142857,1.0,0.0,42,95,0.65,0.8125,0.1875,7,15,0.7,0.7142857142857143,0.2857142857142857,3,7
13,0.67,0.74,205.05852713579125,456,87,171,0,78,False,-1,none,0.3,0.8,0.75,0.51,0.72,0.54,0.6142857142857143,1.0,0.0,57,85,0.7,0.6666666666666666,0.3333333333333333,7,13,1.0,0.75,0.25,5,4
13,0.71,0.87,232.3094852914102,443,101,169,0,83,False,-1,none,0.3,0.85,0.84,0.53,0.81,0.54,0.6142857142857143,1.0,0.0,44,88,0.95,0.8148148148148148,0.18518518518518517,13,19,0.9,0.7647058823529411,0.23529411764705882,2,3
13,0.67,0.8,214.13102220272881,450,77,171,0,77,False,-1,none,0.3,0.77,0.77,0.48,0.74,0.52,0.6285714285714286,1.0,0.0,43,89,0.75,0.6842105263157895,0.3157894736842105,14,16,0.8,0.7647058823529411,0.23529411764705882,3,6
13,0.56,0.61,167.08764049993124,469,92,156,0,66,False,-1,none,0.3,0.68,0.72,0.49,0.69,0.51,0.5714285714285714,1.0,0.0,47,89,0.55,0.5833333333333334,0.4166666666666667,7,10,0.5,0.6666666666666666,0.3333333333333333,1,2
13,0.68,0.77,203.84398468032617,453,93,185,0,85,False,-1,none,0.3,0.84,0.8,0.53,0.83,0.55,0.6714285714285714,1.0,0.0,61,100,0.65,0.7222222222222222,0.2777777777777778,7,12,0.8,0.75,0.25,2,3
13,0.63,0.7,194.87176878062306,460,96,164,0,65,False,-1,none,0.3,0.74,0.72,0.61,0.7,0.53,0.5857142857142857,1.0,0.0,47,82,0.75,0.7368421052631579,0.2631578947368421,11,17,0.7,0.6,0.4,3,4
13,0.66,0.75,210.9135956933978,455,92,174,0,79,False,-1,none,0.3,0.8,0.8,0.52,0.78,0.51,0.6142857142857143,1.0,0.0,55,90,0.9,0.6521739130434783,0.34782608695652173,11,16,0.5,0.5555555555555556,0.4444444444444444,0,2
13,0.77,0.9,235.38456211702407,440,91,195,0,74,False,-1,none,0.3,0.87,0.88,0.62,0.77,0.62,0.7571428571428571,1.0,0.0,66,101,0.7,0.8,0.2,9,13,1.0,0.7647058823529411,0.23529411764705882,1,5
13,0.57,0.64,180.253035805834,466,98,163,0,75,False,-1,none,0.3,0.76,0.74,0.51,0.71,0.53,0.5428571428571428,1.0,0.0,45,91,0.8,0.55,0.45,14,12,0.3,0.8333333333333334,0.16666666666666666,1,0
13,0.61,0.72,186.70277469502116,458,93,162,0,78,False,-1,none,0.3,0.77,0.76,0.53,0.73,0.48,0.5428571428571428,1.0,0.0,42,87,0.8,0.8636363636363636,0.13636363636363635,9,17,0.7,0.75,0.25,2,5
13,0.59,0.68,186.88196456009203,462,93,174,0,65,False,-1,none,0.3,0.77,0.77,0.47,0.77,0.57,0.5857142857142857,1.0,0.0,51,100,0.6,0.8,0.2,6,11,0.6,0.5,0.5,2,4
13,0.57,0.7,187.53328503286406,460,93,156,0,71,False,-1,none,0.3,0.73,0.74,0.5,0.74,0.48,0.5428571428571428,1.0,0.0,40,86,0.7,0.7142857142857143,0.2857142857142857,14,11,0.5,0.6363636363636364,0.36363636363636365,1,4
13,0.75,0.9,209.6708156851858,440,85,167,0,83,True,0,Slow,0.3,0.78,0.83,0.58,0.72,0.51,0.7285714285714285,1.0,0.0,53,86,0.85,0.84,0.16,8,15,0.7,0.7142857142857143,0.2857142857142857,2,3
13,0.76,0.88,226.60499602281615,442,90,168,0,69,False,-1,none,0.3,0.81,0.8,0.61,0.71,0.53,0.7285714285714285,1.0,0.0,54,91,0.85,0.782608695652174,0.21739130434782608,9,10,0.8,0.7142857142857143,0.2857142857142857,2,2
13,0.67,0.77,211.17101958619287,453,101,174,0,68,False,-1,none,0.3,0.81,0.79,0.58,0.77,0.57,0.6428571428571429,1.0,0.0,52,94,0.8,0.6818181818181818,0.3181818181818182,11,12,0.6,0.5,0.5,2,3
13,0.61,0.73,199.4703769714597,457,93,176,0,83,False,-1,none,0.3,0.76,0.84,0.51,0.76,0.55,0.5428571428571428,1.0,0.0,54,92,0.8,0.7,0.3,10,13,0.7,0.7333333333333333,0.26666666666666666,2,5
13,0.69,0.82,225.36788334161912,448,103,195,0,60,False,-1,none,0.3,0.87,0.86,0.58,0.83,0.66,0.6142857142857143,1.0,0.0,59,101,0.85,0.7272727272727273,0.2727272727272727,13,18,0.9,0.6470588235294118,0.35294117647058826,2,2
13,0.79,0.9,231.10341098819396,440,88,195,0,77,False,-1,none,0.3,0.84,0.84,0.58,0.8,0.67,0.7857142857142857,1.0,0.0,65,103,0.75,0.6842105263157895,0.3157894736842105,8,11,0.9,0.75,0.25,4,4
13,0.75,0.9,245.93772097041918,440,95,183,0,92,False,-1,none,0.3,0.88,0.87,0.55,0.82,0.56,0.7285714285714285,1.0,0.0,57,96,0.75,0.6,0.4,13,10,0.9,0.7368421052631579,0.2631578947368421,5,2
13,0.7,0.83,226.71838554800442,447,78,177,0,77,False,-1,none,0.3,0.83,0.81,0.54,0.77,0.43,0.6714285714285714,1.0,0.0,57,86,0.75,0.7272727272727273,0.2727272727272727,13,15,0.8,0.6428571428571429,0.35714285714285715,4,2
13,0.75,0.91,239.80713646062418,439,103,188,0,78,False,-1,none,0.3,0.88,0.9,0.62,0.77,0.65,0.6571428571428571,1.0,0.0,55,96,0.95,0.7692307692307693,0.23076923076923078,15,18,1.0,0.7894736842105263,0.21052631578947367,1,3
13,0.68,0.83,215.77266575519656,447,88,171,0,68,False,-1,none,0.3,0.77,0.79,0.57,0.74,0.55,0.6428571428571429,1.0,0.0,47,92,0.8,0.8076923076923077,0.19230769230769232,8,17,0.7,0.75,0.25,3,4
13,0.65,0.76,167.0451337773802,454,92,174,0,73,True,0,Slow,0.3,0.77,0.82,0.53,0.72,0.58,0.6714285714285714,1.0,0.0,57,103,0.65,0.8947368421052632,0.10526315789473684,2,9,0.5,0.9,0.1,0,3
13,0.62,0.72,189.72445619102095,458,111,169,0,68,False,-1,none,0.3,0.77,0.78,0.59,0.8,0.58,0.5428571428571428,1.0,0.0,50,92,0.8,0.7,0.3,8,13,0.8,0.7857142857142857,0.21428571428571427,0,6
13,0.64,0.71,178.47358379396178,459,94,166,0,89,False,-1,none,0.3,0.81,0.8,0.54,0.72,0.44,0.6428571428571429,1.0,0.0,60,87,0.7,0.7647058823529411,0.23529411764705882,7,11,0.5,0.7777777777777778,0.2222222222222222,0,1
13,0.7,0.87,227.64259266066398,443,106,175,0,77,False,-1,none,0.3,0.83,0.86,0.61,0.81,0.57,0.6428571428571429,1.0,0.0,52,94,0.8,0.7916666666666666,0.20833333333333334,8,14,0.9,0.7222222222222222,0.2777777777777778,0,7
13,0.77,0.91,245.06812285713158,439,85,187,0,87,False,-1,none,0.3,0.85,0.85,0.55,0.83,0.55,0.7571428571428571,1.0,0.0,54,98,0.75,0.55,0.45,15,16,0.9,0.8333333333333334,0.16666666666666666,1,3
13,0.61,0.77,202.94988494758803,453,92,160,0,76,False,-1,none,0.3,0.77,0.78,0.54,0.75,0.45,0.5571428571428572,1.0,0.0,50,87,0.7,0.7894736842105263,0.21052631578947367,6,10,0.8,0.7368421052631579,0.2631578947368421,6,1
13,0.67,0.89,211.47623368923286,441,93,176,0,67,True,2,Slow,0.3,0.82,0.83,0.63,0.77,0.53,0.6428571428571429,1.0,0.0,55,93,0.75,0.8461538461538461,0.15384615384615385,8,16,0.7,0.8333333333333334,0.16666666666666666,2,2
13,0.63,0.76,203.82807870321744,454,92,167,0,75,False,-1,none,0.3,0.79,0.79,0.56,0.74,0.47,0.5571428571428572,1.0,0.0,51,88,0.8,0.7391304347826086,0.2608695652173913,13,10,0.8,0.9285714285714286,0.07142857142857142,3,2
13,0.69,0.82,220.12274185724644,448,86,161,0,71,False,-1,none,0.3,0.79,0.78,0.47,0.69,0.56,0.6428571428571429,1.0,0.0,50,82,0.8,0.6818181818181818,0.3181818181818182,13,12,0.8,0.7333333333333333,0.26666666666666666,0,4
13,0.63,0.77,203.28881377545994,453,99,172,0,72,False,-1,none,0.3,0.79,0.8,0.57,0.78,0.54,0.5714285714285714,1.0,0.0,53,91,0.75,0.7619047619047619,0.23809523809523808,6,13,0.8,0.6875,0.3125,3,6
13,0.71,0.82,223.45796888685948,448,94,171,0,63,False,-1,none,0.3,0.77,0.82,0.62,0.71,0.55,0.6428571428571429,1.0,0.0,54,84,0.85,0.6666666666666666,0.3333333333333333,13,15,0.9,0.6875,0.3125,0,5
13,0.69,0.79,195.34360490576327,451,105,173,0,78,False,-1,none,0.3,0.82,0.82,0.57,0.75,0.61,0.6285714285714286,1.0,0.0,57,96,0.8,0.8947368421052632,0.10526315789473684,3,15,0.9,0.8125,0.1875,0,2
13,0.66,0.77,212.50242174076743,453,84,187,0,77,False,-1,none,0.3,0.79,0.83,0.59,0.76,0.51,0.6142857142857143,1.0,0.0,61,91,0.75,0.5882352941176471,0.4117647058823529,16,12,0.8,0.7058823529411765,0.29411764705882354,3,4
13,0.67,0.79,208.33657115908807,451,113,165,0,73,False,-1,none,0.3,0.78,0.82,0.62,0.82,0.53,0.6428571428571429,1.0,0.0,42,95,0.65,0.8421052631578947,0.15789473684210525,9,13,0.9,0.6,0.4,4,2
13,0.73,0.83,212.371696328389,447,91,178,0,73,False,-1,none,0.3,0.8,0.8,0.6,0.77,0.55,0.6857142857142857,1.0,0.0,57,91,0.85,0.6818181818181818,0.3181818181818182,13,17,0.8,0.9230769230769231,0.07692307692307693,0,0
13,0.71,0.78,200.2051971457127,452,105,187,0,65,False,-1,none,0.3,0.83,0.82,0.64,0.78,0.63,0.7,1.0,0.0,61,103,0.7,0.7058823529411765,0.29411764705882354,11,9,0.8,0.5833333333333334,0.4166666666666667,0,3
13,0.63,0.72,202.53766594019268,458,90,160,0,68,False,-1,none,0.3,0.74,0.73,0.56,0.71,0.48,0.6142857142857143,1.0,0.0,49,83,0.7,0.6666666666666666,0.3333333333333333,14,9,0.6,0.5454545454545454,0.45454545454545453,2,3
14,0.61,0.75,177.0,455,113,143,0,79,True,4,Shigh,0.3,0.75,0.76,0.5,0.72,0.58,0.5571428571428572,1.0,0.0,36,90,0.75,0.75,0.25,3,9,0.7,0.75,0.25,2,3
14,0.59,0.74,186.69000000000005,456,112,154,0,80,True,2,Slow,0.3,0.83,0.78,0.54,0.74,0.51,0.5142857142857142,1.0,0.0,41,85,0.8,0.7916666666666666,0.20833333333333334,9,16,0.7,0.6153846153846154,0.38461538461538464,0,3
14,0.72,0.87,205.06499999999994,443,100,162,0,96,False,-1,none,0.3,0.8,0.86,0.54,0.76,0.53,0.6714285714285714,1.0,0.0,48,90,0.85,0.8846153846153846,0.11538461538461539,3,19,0.8,0.7857142857142857,0.21428571428571427,0,2
14,0.74,0.91,219.1035,439,95,176,0,73,False,-1,none,0.3,0.84,0.81,0.63,0.79,0.55,0.7142857142857143,1.0,0.0,60,94,0.75,0.88,0.12,4,12,0.9,0.6875,0.3125,2,4
14,0.73,0.89,206.54628750000003,441,96,177,0,78,False,-1,none,0.3,0.84,0.87,0.53,0.8,0.58,0.7428571428571429,1.0,0.0,54,99,0.6,0.95,0.05,2,13,0.9,0.7647058823529411,0.23529411764705882,2,7
14,0.74,0.88,199.41138,442,105,177,0,65,True,2,Slow,0.3,0.85,0.85,0.57,0.79,0.64,0.7428571428571429,1.0,0.0,47,103,0.7,0.85,0.15,6,19,0.8,0.8,0.2,2,0
14,0.61,0.73,187.34993353125003,457,94,178,0,70,False,-1,none,0.3,0.77,0.79,0.59,0.75,0.55,0.5714285714285714,1.0,0.0,51,92,0.65,0.7894736842105263,0.21052631578947367,11,18,0.8,0.7142857142857143,0.2857142857142857,3,3
14,0.65,0.79,192.18846839062502,451,89,167,0,85,False,-1,none,0.3,0.82,0.75,0.48,0.79,0.51,0.6142857142857143,1.0,0.0,49,89,0.75,0.9090909090909091,0.09090909090909091,6,18,0.7,0.7857142857142857,0.21428571428571427,0,5
14,0.6,0.67,165.50619684539063,463,91,157,0,70,False,-1,none,0.3,0.69,0.72,0.55,0.69,0.5,0.5857142857142857,1.0,0.0,52,85,0.55,0.8333333333333334,0.16666666666666666,2,13,0.8,0.7857142857142857,0.21428571428571427,2,3
14,0.65,0.72,183.63805146323438,458,90,156,0,77,False,-1,none,0.3,0.75,0.74,0.48,0.72,0.49,0.6428571428571429,1.0,0.0,48,86,0.65,0.8823529411764706,0.11764705882352941,6,10,0.7,0.5,0.5,1,5
14,0.68,0.9,224.8192247364,440,106,160,0,89,True,4,Shigh,0.3,0.87,0.86,0.63,0.73,0.47,0.6571428571428571,1.0,0.0,54,85,0.85,0.7241379310344828,0.27586206896551724,11,8,0.5,0.8,0.2,0,2
14,0.75,0.86,222.34215754929198,444,85,187,0,82,False,-1,none,0.3,0.86,0.82,0.59,0.77,0.54,0.7285714285714285,1.0,0.0,59,93,0.8,0.7,0.3,16,16,0.8,0.7333333333333333,0.26666666666666666,0,3
14,0.72,0.85,220.66105573147783,445,83,178,0,74,False,-1,none,0.3,0.8,0.81,0.53,0.81,0.51,0.6714285714285714,1.0,0.0,54,92,0.75,0.8571428571428571,0.14285714285714285,6,17,1.0,0.6470588235294118,0.35294117647058826,4,5
14,0.63,0.73,201.1383088130348,457,84,158,0,60,False,-1,none,0.3,0.72,0.74,0.5,0.71,0.48,0.6,1.0,0.0,49,83,0.6,0.8947368421052632,0.10526315789473684,6,11,0.9,0.5,0.5,4,5
14,0.64,0.7,178.43765333548592,460,123,182,0,75,False,-1,none,0.3,0.87,0.86,0.61,0.8,0.61,0.6,1.0,0.0,52,104,0.7,0.8947368421052632,0.10526315789473684,5,18,0.8,0.5555555555555556,0.4444444444444444,2,1
14,0.7,0.8,217.75506324528095,450,102,168,0,80,False,-1,none,0.3,0.77,0.82,0.56,0.81,0.54,0.6571428571428571,1.0,0.0,41,92,0.75,0.85,0.15,9,18,0.9,0.5,0.5,3,5
14,0.71,0.89,193.95872395039208,441,88,181,0,67,True,2,Slow,0.3,0.78,0.82,0.6,0.78,0.6,0.6857142857142857,1.0,0.0,54,93,0.8,0.88,0.12,5,22,0.7,0.8666666666666667,0.13333333333333333,2,5
14,0.76,0.9,223.20049691960705,440,91,202,0,77,False,-1,none,0.3,0.83,0.87,0.62,0.85,0.66,0.7428571428571429,1.0,0.0,63,104,0.8,0.8636363636363636,0.13636363636363635,5,25,0.8,0.75,0.25,1,4
14,0.68,0.83,193.2682725779759,447,73,163,0,76,False,-1,none,0.3,0.75,0.75,0.48,0.74,0.47,0.6571428571428571,1.0,0.0,50,81,0.7,0.9565217391304348,0.043478260869565216,3,22,0.8,0.7857142857142857,0.21428571428571427,3,4
14,0.72,0.85,213.88172759871222,445,99,190,0,71,False,-1,none,0.3,0.82,0.85,0.57,0.84,0.66,0.6857142857142857,1.0,0.0,50,107,0.85,0.8846153846153846,0.11538461538461539,6,21,0.7,0.5454545454545454,0.45454545454545453,4,2
14,0.7,0.81,193.751446697754,449,88,173,0,78,False,-1,none,0.3,0.78,0.81,0.47,0.78,0.58,0.6857142857142857,1.0,0.0,52,96,0.75,0.9,0.1,2,19,0.7,0.7692307692307693,0.23076923076923078,1,3
14,0.75,0.9,222.44977092701126,440,100,180,0,75,False,-1,none,0.3,0.87,0.84,0.62,0.82,0.55,0.7142857142857143,1.0,0.0,56,93,0.8,0.88,0.12,6,20,0.9,0.7333333333333333,0.26666666666666666,2,3
14,0.72,0.8,198.55915352242081,450,91,160,0,84,False,-1,none,0.3,0.79,0.74,0.53,0.72,0.53,0.7,1.0,0.0,49,90,0.8,0.8636363636363636,0.13636363636363635,7,12,0.7,0.7777777777777778,0.2222222222222222,1,1
14,0.73,0.82,229.7580545150459,448,87,179,0,82,False,-1,none,0.3,0.85,0.82,0.45,0.8,0.56,0.6857142857142857,1.0,0.0,49,94,0.85,0.6,0.4,16,15,0.8,0.7142857142857143,0.2857142857142857,3,2
14,0.69,0.78,200.4884251464519,452,115,168,0,79,False,-1,none,0.3,0.8,0.85,0.6,0.76,0.6,0.6714285714285714,1.0,0.0,48,98,0.75,0.85,0.15,6,13,0.7,0.6363636363636364,0.36363636363636365,2,1
14,0.61,0.71,176.3077069559589,459,89,155,0,75,False,-1,none,0.3,0.76,0.71,0.46,0.72,0.5,0.5857142857142857,1.0,0.0,50,85,0.55,0.8823529411764706,0.11764705882352941,5,12,0.9,0.7692307692307693,0.23076923076923078,2,1
14,0.68,0.74,197.07694542262072,456,93,166,0,72,False,-1,none,0.3,0.77,0.77,0.52,0.73,0.54,0.6714285714285714,1.0,0.0,45,92,0.75,0.5789473684210527,0.42105263157894735,15,13,0.6,0.875,0.125,0,1
14,0.69,0.81,206.21628619700195,449,98,171,0,75,False,-1,none,0.3,0.78,0.83,0.59,0.77,0.53,0.6857142857142857,1.0,0.0,53,97,0.65,0.7222222222222222,0.2777777777777778,9,10,0.8,0.8,0.2,0,2
14,0.73,0.86,234.41189333625178,444,97,190,0,77,False,-1,none,0.3,0.88,0.86,0.55,0.79,0.65,0.7285714285714285,1.0,0.0,58,103,0.6,0.85,0.15,7,15,1.0,0.5333333333333333,0.4666666666666667,3,4
14,0.68,0.74,191.16953712211958,456,101,173,0,87,False,-1,none,0.3,0.79,0.85,0.55,0.75,0.54,0.6714285714285714,1.0,0.0,57,95,0.7,0.9411764705882353,0.058823529411764705,4,13,0.7,0.6,0.4,3,1
14,0.66,0.76,212.84622860284628,454,85,177,0,77,False,-1,none,0.3,0.79,0.76,0.53,0.76,0.54,0.6142857142857143,1.0,0.0,53,90,0.75,0.6818181818181818,0.3181818181818182,11,18,0.8,0.6363636363636364,0.36363636363636365,2,3
14,0.68,0.83,208.8801133056738,447,115,180,0,62,True,4,Shigh,0.3,0.87,0.84,0.62,0.83,0.62,0.6285714285714286,1.0,0.0,52,105,0.75,0.8846153846153846,0.11538461538461539,5,14,0.9,0.6153846153846154,0.38461538461538464,2,2
14,0.7,0.84,219.33715730843318,446,90,185,0,71,False,-1,none,0.3,0.82,0.83,0.66,0.72,0.56,0.6857142857142857,1.0,0.0,64,95,0.7,0.7391304347826086,0.2608695652173913,8,10,0.8,0.7692307692307693,0.23076923076923078,3,5
14,0.65,0.75,183.78005240367483,455,106,167,0,92,True,2,Slow,0.3,0.83,0.84,0.45,0.79,0.57,0.5714285714285714,1.0,0.0,44,97,0.9,0.7727272727272727,0.22727272727272727,7,14,0.7,0.7692307692307693,0.23076923076923078,1,4
14,0.64,0.74,214.71391714759747,456,97,157,0,77,False,-1,none,0.3,0.75,0.75,0.52,0.77,0.49,0.5857142857142857,1.0,0.0,37,92,0.8,0.6,0.4,13,10,0.7,0.6153846153846154,0.38461538461538464,4,1
14,0.68,0.8,211.03047141138066,450,106,164,0,95,False,-1,none,0.3,0.82,0.8,0.57,0.77,0.54,0.7,1.0,0.0,53,89,0.5,0.9285714285714286,0.07142857142857142,2,13,0.9,0.6470588235294118,0.35294117647058826,2,5
14,0.66,0.77,211.3560249263747,453,86,168,0,79,False,-1,none,0.3,0.75,0.76,0.52,0.75,0.53,0.5857142857142857,1.0,0.0,57,78,0.85,0.7727272727272727,0.22727272727272727,11,21,0.8,0.8571428571428571,0.14285714285714285,1,0
14,0.65,0.78,221.75468061232147,452,90,174,0,78,True,4,Shigh,0.3,0.78,0.81,0.53,0.74,0.56,0.6285714285714286,1.0,0.0,55,91,0.6,0.7777777777777778,0.2222222222222222,7,11,0.9,0.5625,0.4375,7,3
14,0.62,0.78,213.68831265732405,452,92,167,0,73,True,3,Shigh,0.3,0.77,0.79,0.49,0.75,0.57,0.5285714285714286,1.0,0.0,53,85,0.8,0.76,0.24,8,17,0.9,0.8125,0.1875,0,4
14,0.65,0.75,207.37449774928595,455,109,198,0,78,False,-1,none,0.3,0.89,0.89,0.6,0.84,0.6,0.6142857142857143,1.0,0.0,64,101,0.7,0.75,0.25,13,14,0.8,0.8333333333333334,0.16666666666666666,2,4
14,0.7,0.81,228.1542820489408,449,85,194,0,75,False,-1,none,0.3,0.83,0.85,0.5,0.82,0.6,0.7,1.0,0.0,61,98,0.65,0.7647058823529411,0.23529411764705882,8,18,0.8,0.6666666666666666,0.3333333333333333,5,4
14,0.61,0.66,181.1163991498928,464,104,157,0,63,False,-1,none,0.3,0.74,0.74,0.54,0.72,0.53,0.5571428571428572,1.0,0.0,45,82,0.75,0.7222222222222222,0.2777777777777778,10,18,0.7,0.7777777777777778,0.2222222222222222,0,2
14,0.64,0.75,201.05117184989456,455,93,158,0,79,True,2,Slow,0.3,0.74,0.79,0.46,0.73,0.54,0.5857142857142857,1.0,0.0,43,86,0.85,0.8461538461538461,0.15384615384615385,5,18,0.6,0.375,0.625,2,4
14,0.68,0.83,223.15315169516927,447,86,169,0,82,False,-1,none,0.3,0.76,0.78,0.6,0.74,0.5,0.6428571428571429,1.0,0.0,52,82,0.8,0.8260869565217391,0.17391304347826086,8,17,0.7,0.6666666666666666,0.3333333333333333,3,7
14,0.65,0.82,219.17118442118166,448,97,170,0,81,False,-1,none,0.3,0.85,0.81,0.51,0.78,0.54,0.5857142857142857,1.0,0.0,43,91,0.8,0.88,0.12,8,19,0.8,0.8125,0.1875,4,5
14,0.64,0.74,201.01702570520018,456,107,184,0,65,True,3,Shigh,0.3,0.84,0.84,0.63,0.8,0.54,0.5714285714285714,1.0,0.0,62,96,0.85,0.7619047619047619,0.23809523809523808,6,13,0.7,0.7692307692307693,0.23076923076923078,2,5
14,0.66,0.8,190.66026975762696,450,97,178,0,60,True,1,Slow,0.3,0.79,0.78,0.61,0.75,0.62,0.6571428571428571,1.0,0.0,51,101,0.65,0.8,0.2,7,11,0.7,0.7857142857142857,0.21428571428571427,3,5
14,0.74,0.87,202.38198855893717,443,78,182,0,88,True,1,Slow,0.3,0.74,0.83,0.57,0.77,0.56,0.7142857142857143,1.0,0.0,59,96,0.8,0.7727272727272727,0.22727272727272727,9,15,0.8,0.8,0.2,0,3
14,0.65,0.72,199.79225868623263,458,102,168,0,63,False,-1,none,0.3,0.8,0.8,0.5,0.78,0.54,0.5857142857142857,1.0,0.0,57,92,0.75,0.8125,0.1875,4,9,0.9,0.6,0.4,3,3
14,0.71,0.87,216.8959369176241,443,93,165,0,70,False,-1,none,0.3,0.77,0.76,0.62,0.7,0.6,0.6714285714285714,1.0,0.0,51,88,0.75,0.95,0.05,4,17,0.9,0.85,0.15,4,1
14,0.75,0.87,239.02320504722675,443,90,188,0,80,False,-1,none,0.3,0.86,0.83,0.54,0.8,0.62,0.7428571428571429,1.0,0.0,54,103,0.7,0.7,0.3,13,14,0.9,0.7333333333333333,0.26666666666666666,2,2
14,0.61,0.72,178.9394572241764,458,72,160,0,71,False,-1,none,0.3,0.71,0.72,0.48,0.65,0.48,0.6285714285714286,1.0,0.0,50,83,0.65,0.9047619047619048,0.09523809523809523,7,20,0.4,0.7142857142857143,0.2857142857142857,0,0
14,0.78,0.9,241.64822316308965,440,91,174,0,95,False,-1,none,0.3,0.87,0.84,0.55,0.82,0.47,0.7571428571428571,1.0,0.0,58,90,0.8,0.7222222222222222,0.2777777777777778,4,14,0.9,0.7894736842105263,0.21052631578947367,5,3
14,0.7,0.83,213.55438056703815,447,93,163,0,76,False,-1,none,0.3,0.79,0.83,0.48,0.77,0.52,0.7,1.0,0.0,48,90,0.65,0.85,0.15,5,15,0.8,0.7857142857142857,0.21428571428571427,2,3
14,0.63,0.76,200.45642444041965,454,95,171,0,78,False,-1,none,0.3,0.76,0.79,0.57,0.74,0.56,0.5857142857142857,1.0,0.0,52,89,0.7,0.7894736842105263,0.21052631578947367,10,15,0.8,0.8125,0.1875,1,4
14,0.71,0.84,230.7785498129991,446,91,195,0,75,False,-1,none,0.3,0.86,0.87,0.58,0.85,0.54,0.6571428571428571,1.0,0.0,56,97,0.9,0.76,0.24,15,20,0.7,0.6923076923076923,0.3076923076923077,2,5
14,0.59,0.73,194.52969680554887,457,101,164,0,77,False,-1,none,0.3,0.82,0.75,0.53,0.78,0.5,0.5285714285714286,1.0,0.0,55,88,0.8,0.96,0.04,0,18,0.6,0.6363636363636364,0.36363636363636365,2,1
14,0.64,0.75,206.2310129741286,455,114,166,0,90,True,4,Shigh,0.3,0.8,0.87,0.5,0.81,0.57,0.6142857142857143,1.0,0.0,44,102,0.7,0.8095238095238095,0.19047619047619047,5,12,0.7,0.6363636363636364,0.36363636363636365,2,1
14,0.65,0.74,220.8233766854278,456,102,153,0,86,False,-1,none,0.3,0.79,0.7,0.54,0.74,0.52,0.5714285714285714,1.0,0.0,42,85,0.75,0.7894736842105263,0.21052631578947367,7,14,1.0,0.5333333333333333,0.4666666666666667,2,3
14,0.67,0.74,237.48006768002102,456,95,194,0,67,False,-1,none,0.3,0.82,0.82,0.53,0.82,0.64,0.6285714285714286,1.0,0.0,52,104,0.75,0.5294117647058824,0.47058823529411764,12,18,0.8,0.38461538461538464,0.6153846153846154,6,2
14,0.6,0.73,206.00121860158907,457,108,166,0,78,False,-1,none,0.3,0.8,0.79,0.54,0.75,0.59,0.5857142857142857,1.0,0.0,42,99,0.6,0.7647058823529411,0.23529411764705882,9,11,0.7,0.7333333333333333,0.26666666666666666,1,4
14,0.67,0.76,220.26852750787418,454,98,181,0,70,False,-1,none,0.3,0.82,0.8,0.57,0.79,0.57,0.6142857142857143,1.0,0.0,51,97,0.8,0.7,0.3,16,10,0.8,0.6923076923076923,0.3076923076923077,4,3
14,0.7,0.84,228.46661412946415,446,89,176,0,81,False,-1,none,0.3,0.82,0.81,0.54,0.74,0.58,0.6857142857142857,1.0,0.0,52,91,0.75,0.8636363636363636,0.13636363636363635,6,21,0.7,0.6428571428571429,0.35714285714285715,3,3
14,0.63,0.7,194.34190098268618,460,100,167,0,68,False,-1,none,0.3,0.71,0.77,0.56,0.78,0.55,0.6285714285714286,1.0,0.0,48,94,0.55,0.7142857142857143,0.2857142857142857,6,14,0.8,0.5833333333333334,0.4166666666666667,2,3
14,0.55,0.6,165.530941708764,470,89,155,0,76,False,-1,none,0.3,0.7,0.72,0.48,0.66,0.48,0.5428571428571428,1.0,0.0,47,80,0.65,0.7058823529411765,0.29411764705882354,11,15,0.4,0.6,0.4,0,2
14,0.59,0.7,174.59764645673778,460,118,166,0,66,True,2,Slow,0.3,0.8,0.81,0.56,0.76,0.61,0.5428571428571428,1.0,0.0,46,94,0.7,0.9,0.1,2,19,0.7,0.6666666666666666,0.3333333333333333,1,4
15,0.61,0.76,196.0,454,122,168,0,74,False,-1,none,0.3,0.83,0.85,0.57,0.81,0.6,0.5428571428571428,1.0,0.0,42,102,0.65,0.8125,0.1875,6,10,1.0,0.6363636363636364,0.36363636363636365,4,4
15,0.64,0.72,193.20000000000005,458,103,181,0,69,False,-1,none,0.3,0.8,0.8,0.53,0.8,0.63,0.6142857142857143,1.0,0.0,48,101,0.7,0.625,0.375,10,14,0.7,0.6923076923076923,0.3076923076923077,4,4
15,0.67,0.81,207.37499999999994,449,76,160,0,78,False,-1,none,0.3,0.74,0.7,0.48,0.7,0.55,0.6428571428571429,1.0,0.0,45,87,0.7,0.7619047619047619,0.23809523809523808,8,12,0.8,0.7333333333333333,0.26666666666666666,3,5
15,0.62,0.73,187.48274999999998,457,100,167,0,75,False,-1,none,0.3,0.81,0.82,0.5,0.78,0.49,0.6142857142857143,1.0,0.0,54,88,0.55,0.7647058823529411,0.23529411764705882,4,13,0.8,0.6153846153846154,0.38461538461538464,3,5
15,0.73,0.88,221.5072125,442,90,164,0,73,False,-1,none,0.3,0.8,0.77,0.58,0.75,0.52,0.6857142857142857,1.0,0.0,54,87,0.85,0.7916666666666666,0.20833333333333334,8,12,0.8,0.75,0.25,1,2
15,0.69,0.81,206.05339124999995,449,102,161,0,86,False,-1,none,0.3,0.78,0.8,0.59,0.74,0.53,0.6285714285714286,1.0,0.0,44,90,0.85,0.92,0.08,5,15,0.8,0.5,0.5,5,2
15,0.68,0.85,216.31484109374998,445,92,169,0,74,False,-1,none,0.3,0.83,0.77,0.54,0.75,0.57,0.6714285714285714,1.0,0.0,47,94,0.65,0.85,0.15,5,15,0.8,0.6666666666666666,0.3333333333333333,4,4
15,0.72,0.92,234.81386775,438,93,171,0,64,False,-1,none,0.3,0.82,0.83,0.56,0.77,0.58,0.6857142857142857,1.0,0.0,52,93,0.7,0.8695652173913043,0.13043478260869565,3,13,1.0,0.6666666666666666,0.3333333333333333,4,6
15,0.68,0.82,195.02361949218744,448,103,149,0,76,False,-1,none,0.3,0.8,0.78,0.52,0.7,0.54,0.5857142857142857,1.0,0.0,49,79,0.85,0.8181818181818182,0.18181818181818182,7,12,1.0,0.8421052631578947,0.15789473684210525,0,2
15,0.71,0.89,214.13097464062497,441,109,163,0,99,True,3,Shigh,0.3,0.86,0.91,0.48,0.81,0.55,0.6428571428571429,1.0,0.0,53,95,0.85,0.6923076923076923,0.3076923076923077,5,6,0.9,0.6666666666666666,0.3333333333333333,2,2
15,0.7,0.86,176.5168450171875,444,91,166,0,67,True,0,Slow,0.3,0.78,0.75,0.58,0.74,0.58,0.6857142857142857,1.0,0.0,51,91,0.7,0.9047619047619048,0.09523809523809523,4,17,0.8,0.75,0.25,0,3
15,0.71,0.86,204.31259336249994,444,112,158,0,74,True,4,Shigh,0.3,0.84,0.84,0.61,0.75,0.52,0.6285714285714286,1.0,0.0,43,91,0.95,0.7407407407407407,0.25925925925925924,10,11,0.8,0.9333333333333333,0.06666666666666667,1,2
15,0.74,0.9,233.29231208226565,440,83,178,0,79,False,-1,none,0.3,0.83,0.83,0.51,0.79,0.55,0.7,1.0,0.0,51,95,0.85,0.7307692307692307,0.2692307692307692,14,15,0.8,0.8,0.2,1,2
15,0.69,0.89,220.89854781372654,441,94,181,0,71,False,-1,none,0.3,0.84,0.81,0.62,0.82,0.55,0.6714285714285714,1.0,0.0,56,95,0.7,0.92,0.08,3,16,0.8,0.7058823529411765,0.29411764705882354,4,7
15,0.68,0.82,208.6250219660742,448,92,183,0,68,False,-1,none,0.3,0.82,0.83,0.57,0.72,0.63,0.6428571428571429,1.0,0.0,57,93,0.7,0.8571428571428571,0.14285714285714285,4,21,0.9,0.75,0.25,4,4
15,0.67,0.83,205.8699205540195,447,102,156,0,84,False,-1,none,0.3,0.82,0.79,0.54,0.78,0.48,0.5714285714285714,1.0,0.0,46,84,0.95,0.896551724137931,0.10344827586206896,3,19,0.8,0.7857142857142857,0.21428571428571427,1,3
15,0.68,0.79,203.83321334352536,451,103,168,0,80,False,-1,none,0.3,0.82,0.83,0.51,0.78,0.56,0.6428571428571429,1.0,0.0,56,91,0.8,0.9047619047619048,0.09523809523809523,3,15,0.7,0.5384615384615384,0.46153846153846156,1,2
15,0.74,0.86,212.71709900413302,444,73,179,0,82,False,-1,none,0.3,0.8,0.78,0.54,0.73,0.53,0.7142857142857143,1.0,0.0,58,85,0.8,0.8095238095238095,0.19047619047619047,9,21,0.8,0.8666666666666667,0.13333333333333333,0,6
15,0.65,0.75,188.62331344163135,455,95,151,0,74,False,-1,none,0.3,0.75,0.72,0.51,0.73,0.5,0.6571428571428571,1.0,0.0,47,83,0.6,0.9411764705882353,0.058823529411764705,2,14,0.7,0.5,0.5,1,4
15,0.72,0.87,221.08210768921796,443,85,172,0,71,False,-1,none,0.3,0.8,0.8,0.52,0.75,0.57,0.6714285714285714,1.0,0.0,48,92,0.8,0.8333333333333334,0.16666666666666666,6,18,0.9,0.75,0.25,3,5
15,0.69,0.8,204.63396960968547,450,98,176,0,76,False,-1,none,0.3,0.79,0.83,0.48,0.8,0.64,0.6571428571428571,1.0,0.0,45,102,0.7,0.6842105263157895,0.3157894736842105,11,13,0.9,0.8,0.2,1,4
15,0.71,0.84,198.29907519023672,446,107,163,0,86,True,2,Slow,0.3,0.83,0.84,0.57,0.77,0.53,0.7,1.0,0.0,44,91,0.65,0.7222222222222222,0.2777777777777778,6,17,0.9,0.8,0.2,0,5
15,0.76,0.87,220.59255443304198,443,92,190,0,86,False,-1,none,0.3,0.85,0.88,0.54,0.76,0.66,0.7571428571428571,1.0,0.0,59,98,0.75,0.6842105263157895,0.3157894736842105,12,15,0.8,0.7333333333333333,0.26666666666666666,4,2
15,0.71,0.84,204.14124712643059,446,87,174,0,70,False,-1,none,0.3,0.81,0.78,0.59,0.74,0.53,0.7428571428571429,1.0,0.0,58,96,0.65,0.8636363636363636,0.13636363636363635,7,12,0.6,0.6,0.4,0,1
15,0.68,0.87,209.7003057294016,443,78,156,0,74,False,-1,none,0.3,0.75,0.74,0.54,0.66,0.52,0.5857142857142857,1.0,0.0,51,76,0.95,0.896551724137931,0.10344827586206896,7,17,0.8,0.8235294117647058,0.17647058823529413,2,3
15,0.7,0.82,186.6399505414953,448,110,171,0,72,False,-1,none,0.3,0.82,0.85,0.59,0.76,0.61,0.6571428571428571,1.0,0.0,50,96,0.85,1.0,0.0,1,21,0.7,0.6363636363636364,0.36363636363636365,1,2
15,0.74,0.88,231.3183449556259,442,73,185,0,69,False,-1,none,0.3,0.8,0.75,0.56,0.76,0.59,0.7,1.0,0.0,58,90,0.75,0.75,0.25,9,14,1.0,0.6842105263157895,0.3157894736842105,5,9
15,0.65,0.81,177.56926201062842,449,95,151,0,78,True,0,Slow,0.3,0.8,0.76,0.52,0.72,0.47,0.6714285714285714,1.0,0.0,45,90,0.7,0.6956521739130435,0.30434782608695654,5,9,0.4,0.7777777777777778,0.2222222222222222,2,0
15,0.73,0.9,229.05950561137476,440,100,180,0,70,True,4,Shigh,0.3,0.83,0.85,0.67,0.78,0.57,0.7,1.0,0.0,58,101,0.75,0.782608695652174,0.21739130434782608,6,12,0.9,0.7222222222222222,0.2777777777777778,1,2
15,0.6,0.69,173.84739306515553,461,100,160,0,76,False,-1,none,0.3,0.78,0.77,0.49,0.69,0.56,0.6,1.0,0.0,46,93,0.55,0.8,0.2,4,14,0.7,0.75,0.25,2,1
15,0.73,0.85,217.74169118420858,445,93,178,0,84,False,-1,none,0.3,0.85,0.82,0.55,0.79,0.55,0.7142857142857143,1.0,0.0,57,93,0.75,0.8,0.2,9,13,0.8,0.6,0.4,2,4
15,0.72,0.85,203.64278236087853,445,89,162,0,79,False,-1,none,0.3,0.82,0.76,0.53,0.73,0.52,0.7142857142857143,1.0,0.0,46,89,0.8,0.8461538461538461,0.15384615384615385,5,20,0.6,0.7777777777777778,0.2222222222222222,1,1
15,0.64,0.83,203.8247852199642,447,102,165,0,80,False,-1,none,0.3,0.81,0.8,0.58,0.75,0.56,0.5857142857142857,1.0,0.0,47,92,0.7,0.8695652173913043,0.13043478260869565,3,17,0.9,0.7894736842105263,0.21052631578947367,4,2
15,0.73,0.88,221.83927654321397,442,97,180,0,80,False,-1,none,0.3,0.84,0.8,0.55,0.76,0.7,0.7,1.0,0.0,54,94,0.8,0.875,0.125,5,20,0.8,0.6,0.4,2,5
15,0.65,0.78,195.5163005351861,452,87,164,0,71,False,-1,none,0.3,0.76,0.77,0.52,0.7,0.54,0.6571428571428571,1.0,0.0,53,89,0.6,0.6875,0.3125,5,11,0.7,0.8125,0.1875,2,4
15,0.74,0.91,233.11417761913867,439,84,177,0,93,False,-1,none,0.3,0.82,0.84,0.53,0.74,0.59,0.6857142857142857,1.0,0.0,54,86,0.9,0.7692307692307693,0.23076923076923078,7,23,0.8,0.7647058823529411,0.23529411764705882,2,5
15,0.7,0.88,212.09397137073432,442,88,174,0,65,False,-1,none,0.3,0.82,0.77,0.59,0.73,0.59,0.6714285714285714,1.0,0.0,50,94,0.75,0.8095238095238095,0.19047619047619047,8,15,0.8,0.85,0.15,1,6
15,0.66,0.8,187.2944838785439,450,102,153,0,65,False,-1,none,0.3,0.77,0.76,0.58,0.72,0.52,0.6285714285714286,1.0,0.0,47,85,0.7,0.9130434782608695,0.08695652173913043,2,15,0.8,0.6923076923076923,0.3076923076923077,1,3
15,0.78,0.97,228.19899879193676,433,93,184,0,81,True,2,Slow,0.3,0.86,0.89,0.59,0.84,0.56,0.7428571428571429,1.0,0.0,55,100,0.85,0.8,0.2,9,16,0.9,0.6666666666666666,0.3333333333333333,2,2
15,0.64,0.75,184.4549988407389,455,98,165,0,82,False,-1,none,0.3,0.78,0.79,0.55,0.75,0.51,0.6285714285714286,1.0,0.0,49,89,0.65,0.7058823529411765,0.29411764705882354,10,13,0.7,0.7142857142857143,0.2857142857142857,2,2
15,0.7,0.81,204.49277517892324,449,105,165,0,74,False,-1,none,0.3,0.82,0.82,0.53,0.76,0.58,0.6857142857142857,1.0,0.0,48,94,0.65,0.8888888888888888,0.1111111111111111,2,12,0.9,0.6,0.4,5,4
15,0.67,0.79,203.1648147789108,451,97,174,0,70,False,-1,none,0.3,0.8,0.79,0.53,0.78,0.6,0.6,1.0,0.0,52,95,0.85,0.8,0.2,8,11,0.8,0.7058823529411765,0.29411764705882354,2,6
15,0.71,0.8,220.99167376193293,450,104,161,0,95,False,-1,none,0.3,0.85,0.83,0.54,0.77,0.46,0.6857142857142857,1.0,0.0,46,86,0.75,0.5294117647058824,0.47058823529411764,14,12,0.8,0.7333333333333333,0.26666666666666666,1,2
15,0.69,0.82,214.32173677711236,448,103,179,0,71,False,-1,none,0.3,0.79,0.85,0.66,0.81,0.53,0.6857142857142857,1.0,0.0,56,96,0.75,0.8181818181818182,0.18181818181818182,7,15,0.6,0.6666666666666666,0.3333333333333333,1,4
15,0.72,0.84,228.45451394396906,446,92,186,0,78,False,-1,none,0.3,0.85,0.81,0.55,0.79,0.62,0.6714285714285714,1.0,0.0,51,96,0.85,0.8,0.2,10,19,0.8,0.5294117647058824,0.47058823529411764,7,3
15,0.6,0.75,172.5156714613989,455,89,153,0,83,True,2,Slow,0.3,0.71,0.78,0.51,0.7,0.47,0.5857142857142857,1.0,0.0,44,88,0.65,0.8636363636363636,0.13636363636363635,4,11,0.6,0.8333333333333334,0.16666666666666666,3,3
15,0.64,0.72,192.2747459303866,458,96,157,0,65,False,-1,none,0.3,0.71,0.77,0.51,0.68,0.58,0.5857142857142857,1.0,0.0,42,82,0.8,0.8,0.2,7,17,0.7,0.5454545454545454,0.45454545454545453,7,2
15,0.67,0.78,206.30230425970117,452,104,168,0,70,False,-1,none,0.3,0.79,0.81,0.52,0.75,0.63,0.6,1.0,0.0,41,99,0.8,0.8095238095238095,0.19047619047619047,8,15,0.9,0.6666666666666666,0.3333333333333333,3,2
15,0.72,0.82,203.4743951016522,448,96,188,0,69,False,-1,none,0.3,0.83,0.82,0.59,0.78,0.64,0.7142857142857143,1.0,0.0,57,102,0.65,0.8125,0.1875,10,13,0.9,0.8125,0.1875,2,4
15,0.66,0.77,207.97766513722405,453,106,179,0,78,False,-1,none,0.3,0.86,0.83,0.55,0.79,0.59,0.6,1.0,0.0,53,95,0.75,0.7894736842105263,0.21052631578947367,9,13,0.9,0.625,0.375,5,4
15,0.7,0.8,236.03007920304043,450,74,171,0,80,False,-1,none,0.3,0.74,0.78,0.51,0.72,0.5,0.6857142857142857,1.0,0.0,52,81,0.7,0.5555555555555556,0.4444444444444444,18,13,0.8,0.5,0.5,3,4
15,0.69,0.82,220.48257615006415,448,104,168,0,86,False,-1,none,0.3,0.84,0.83,0.54,0.75,0.58,0.6714285714285714,1.0,0.0,50,87,0.65,0.8235294117647058,0.17647058823529413,7,17,0.9,0.6666666666666666,0.3333333333333333,3,4
15,0.73,0.83,236.6795151519303,447,96,175,0,66,False,-1,none,0.3,0.8,0.83,0.54,0.79,0.58,0.6571428571428571,1.0,0.0,49,95,0.9,0.7916666666666666,0.20833333333333334,10,12,0.9,0.5384615384615384,0.46153846153846156,4,5
15,0.65,0.77,189.54880783662497,453,100,160,0,78,True,1,Slow,0.3,0.79,0.78,0.56,0.75,0.49,0.6,1.0,0.0,47,86,0.85,0.84,0.16,9,15,0.6,0.5,0.5,1,2
15,0.62,0.78,202.08149176615947,452,85,164,0,58,False,-1,none,0.3,0.73,0.74,0.61,0.72,0.47,0.6,1.0,0.0,51,87,0.55,0.875,0.125,4,12,0.9,0.75,0.25,5,5
15,0.71,0.86,216.76105447198836,444,96,190,0,68,False,-1,none,0.3,0.85,0.86,0.57,0.8,0.64,0.7,1.0,0.0,54,107,0.75,0.8181818181818182,0.18181818181818182,9,13,0.7,0.6666666666666666,0.3333333333333333,3,4
15,0.68,0.84,197.68363746111243,446,78,181,0,72,True,2,Slow,0.3,0.79,0.79,0.48,0.77,0.6,0.6428571428571429,1.0,0.0,55,97,0.7,0.9090909090909091,0.09090909090909091,3,21,0.9,0.6470588235294118,0.35294117647058826,2,3
15,0.71,0.82,177.2104459508651,448,80,176,0,77,True,1,Slow,0.3,0.8,0.78,0.5,0.78,0.52,0.7428571428571429,1.0,0.0,55,99,0.6,0.9333333333333333,0.06666666666666667,2,13,0.7,0.7857142857142857,0.21428571428571427,3,4
15,0.64,0.8,207.3131008458579,450,88,166,0,81,False,-1,none,0.3,0.79,0.79,0.51,0.72,0.53,0.5857142857142857,1.0,0.0,50,89,0.7,0.8095238095238095,0.19047619047619047,10,13,0.9,0.8333333333333334,0.16666666666666666,2,2
15,0.67,0.78,210.91681012359783,452,91,174,0,72,False,-1,none,0.3,0.79,0.79,0.53,0.76,0.56,0.6142857142857143,1.0,0.0,53,86,0.8,0.631578947368421,0.3684210526315789,13,18,0.8,0.8125,0.1875,0,4
15,0.69,0.87,230.76245366405112,443,88,166,0,69,True,4,Shigh,0.3,0.81,0.8,0.53,0.75,0.52,0.6714285714285714,0.9574468085106383,0.0425531914893617,52,85,0.8,0.7777777777777778,0.2222222222222222,7,15,0.6,0.46153846153846156,0.5384615384615384,4,3
15,0.71,0.82,222.11952942924447,448,100,193,0,75,False,-1,none,0.3,0.84,0.87,0.58,0.81,0.65,0.7142857142857143,1.0,0.0,59,104,0.6,0.6428571428571429,0.35714285714285715,8,15,0.9,0.8333333333333334,0.16666666666666666,3,4
15,0.7,0.85,233.34066456628008,445,88,177,0,60,True,3,Shigh,0.3,0.81,0.78,0.62,0.75,0.54,0.6428571428571429,1.0,0.0,60,91,0.75,0.8095238095238095,0.19047619047619047,10,10,1.0,0.631578947368421,0.3684210526315789,2,4
15,0.74,0.83,192.59924176858422,447,87,185,0,90,True,1,Slow,0.3,0.86,0.83,0.54,0.78,0.54,0.7428571428571429,1.0,0.0,62,96,0.7,0.8,0.2,5,15,0.8,0.8181818181818182,0.18181818181818182,3,4
15,0.66,0.79,195.38847734444894,451,95,171,0,80,True,1,Slow,0.3,0.79,0.83,0.56,0.78,0.49,0.6285714285714286,1.0,0.0,52,90,0.8,0.6956521739130435,0.30434782608695654,8,16,0.6,0.6666666666666666,0.3333333333333333,4,1
15,0.61,0.73,194.7238931852093,457,94,177,0,76,False,-1,none,0.3,0.79,0.83,0.48,0.76,0.58,0.5714285714285714,1.0,0.0,53,92,0.6,0.875,0.125,4,18,0.9,0.7058823529411765,0.29411764705882354,5,5
16,0.66,0.78,196.0,452,113,175,0,79,False,-1,none,0.3,0.83,0.85,0.56,0.85,0.57,0.6142857142857143,1.0,0.0,42,99,0.7,0.8095238095238095,0.19047619047619047,7,22,0.9,0.5714285714285714,0.42857142857142855,2,3
16,0.64,0.75,182.70000000000002,455,107,180,0,83,False,-1,none,0.3,0.81,0.83,0.59,0.84,0.55,0.6285714285714286,1.0,0.0,48,101,0.7,0.95,0.05,3,21,0.6,0.5454545454545454,0.45454545454545453,4,3
16,0.6,0.69,167.89499999999995,461,119,149,0,68,False,-1,none,0.3,0.78,0.76,0.54,0.73,0.56,0.5571428571428572,1.0,0.0,34,90,0.8,0.9090909090909091,0.09090909090909091,4,19,0.5,0.625,0.375,0,2
16,0.67,0.8,200.19824999999997,450,94,170,0,81,False,-1,none,0.3,0.83,0.78,0.58,0.71,0.54,0.6571428571428571,1.0,0.0,51,87,0.65,0.9473684210526315,0.05263157894736842,2,22,0.8,0.6666666666666666,0.3333333333333333,3,5
16,0.71,0.85,205.84935000000004,445,94,187,0,74,True,0,Slow,0.3,0.83,0.84,0.57,0.8,0.62,0.6571428571428571,1.0,0.0,44,99,0.8,0.8181818181818182,0.18181818181818182,10,26,0.9,0.7647058823529411,0.23529411764705882,3,5
16,0.74,0.9,220.1695768125,440,96,166,0,83,True,4,Shigh,0.3,0.84,0.84,0.6,0.75,0.49,0.7285714285714285,1.0,0.0,58,85,0.7,0.92,0.08,4,14,0.9,0.7857142857142857,0.21428571428571427,1,4
16,0.63,0.75,193.34983499999998,455,103,181,0,81,False,-1,none,0.3,0.83,0.81,0.6,0.79,0.56,0.6,1.0,0.0,47,95,0.8,0.7916666666666666,0.20833333333333334,14,23,0.5,0.8888888888888888,0.1111111111111111,0,2
16,0.65,0.77,204.76765574999993,453,109,177,0,77,False,-1,none,0.3,0.84,0.83,0.55,0.83,0.58,0.6,1.0,0.0,41,101,0.75,0.9523809523809523,0.047619047619047616,1,21,0.8,0.5714285714285714,0.42857142857142855,7,6
16,0.67,0.82,221.3496310823438,448,97,177,0,74,True,4,Shigh,0.3,0.83,0.8,0.58,0.79,0.56,0.6142857142857143,1.0,0.0,48,94,0.8,0.8695652173913043,0.13043478260869565,9,18,0.8,0.6875,0.3125,3,5
16,0.69,0.79,173.61462126093755,451,98,176,0,77,True,1,Slow,0.3,0.82,0.82,0.56,0.79,0.54,0.6857142857142857,1.0,0.0,50,90,0.8,0.8636363636363636,0.13636363636363635,7,26,0.5,1.0,0.0,0,3
16,0.61,0.74,186.31666157343756,456,80,158,0,63,False,-1,none,0.3,0.72,0.72,0.49,0.7,0.49,0.5571428571428572,1.0,0.0,43,84,0.65,0.8947368421052632,0.10526315789473684,8,17,0.9,0.8125,0.1875,1,5
16,0.55,0.61,161.9688710735157,469,118,148,0,78,False,-1,none,0.3,0.77,0.79,0.45,0.73,0.53,0.5142857142857142,1.0,0.0,33,85,0.55,0.8666666666666667,0.13333333333333333,4,21,0.8,0.5,0.5,1,4
16,0.72,0.83,207.1069776213047,447,115,169,0,78,False,-1,none,0.3,0.87,0.85,0.6,0.77,0.58,0.7,1.0,0.0,48,92,0.75,0.95,0.05,2,21,0.8,0.7142857142857143,0.2857142857142857,2,4
16,0.66,0.77,196.13930606057812,453,89,165,0,79,False,-1,none,0.3,0.79,0.76,0.48,0.71,0.57,0.6571428571428571,1.0,0.0,51,91,0.65,0.9,0.1,0,18,0.7,0.6363636363636364,0.36363636363636365,4,1
16,0.68,0.77,210.9546191370288,453,90,183,0,70,False,-1,none,0.3,0.78,0.79,0.55,0.74,0.64,0.6571428571428571,1.0,0.0,50,102,0.75,0.75,0.25,8,18,0.7,0.6363636363636364,0.36363636363636365,1,4
16,0.7,0.82,189.85846467705463,448,94,177,0,87,False,-1,none,0.3,0.83,0.85,0.52,0.81,0.52,0.7142857142857143,1.0,0.0,51,96,0.7,1.0,0.0,2,23,0.6,0.8,0.2,2,3
16,0.76,0.91,225.48942288200405,439,87,187,0,80,False,-1,none,0.3,0.83,0.84,0.63,0.74,0.61,0.7571428571428571,1.0,0.0,56,96,0.7,0.9090909090909091,0.09090909090909091,5,20,0.9,0.8125,0.1875,2,8
16,0.72,0.87,217.05329719804809,443,75,192,0,76,False,-1,none,0.3,0.8,0.84,0.55,0.74,0.61,0.6857142857142857,1.0,0.0,59,93,0.8,0.9565217391304348,0.043478260869565216,4,25,0.8,0.6875,0.3125,5,6
16,0.72,0.93,214.8510132189506,437,90,188,0,94,False,-1,none,0.3,0.88,0.88,0.58,0.8,0.57,0.7,1.0,0.0,58,94,0.7,0.9565217391304348,0.043478260869565216,2,26,0.9,0.9047619047619048,0.09523809523809523,2,6
16,0.68,0.79,172.38419720148707,451,80,165,0,76,True,2,Slow,0.3,0.79,0.76,0.5,0.74,0.45,0.7,1.0,0.0,52,91,0.55,0.875,0.125,4,12,0.8,0.9285714285714286,0.07142857142857142,2,4
16,0.6,0.69,172.66327247161882,461,102,148,0,71,False,-1,none,0.3,0.73,0.72,0.53,0.71,0.5,0.6,1.0,0.0,40,89,0.6,0.9473684210526315,0.05263157894736842,3,12,0.6,0.625,0.375,2,2
16,0.72,0.89,228.40339349535856,441,85,183,0,93,False,-1,none,0.3,0.85,0.84,0.47,0.83,0.58,0.6714285714285714,1.0,0.0,52,102,0.8,0.9166666666666666,0.08333333333333333,6,19,0.9,0.7222222222222222,0.2777777777777778,2,2
16,0.69,0.83,235.43383729613976,447,84,180,0,88,False,-1,none,0.3,0.8,0.82,0.58,0.78,0.49,0.6571428571428571,1.0,0.0,55,90,0.85,0.7083333333333334,0.2916666666666667,15,16,0.6,0.6153846153846154,0.38461538461538464,2,2
16,0.69,0.81,209.11511366257142,449,88,182,0,69,False,-1,none,0.3,0.8,0.81,0.58,0.73,0.59,0.7,1.0,0.0,62,94,0.6,0.9444444444444444,0.05555555555555555,1,18,0.8,0.6428571428571429,0.35714285714285715,4,3
16,0.76,0.85,221.38139467059324,445,88,185,0,82,False,-1,none,0.3,0.86,0.81,0.54,0.78,0.59,0.7714285714285715,1.0,0.0,57,93,0.65,0.9473684210526315,0.05263157894736842,3,21,0.9,0.4166666666666667,0.5833333333333334,4,7
16,0.71,0.75,201.49526572395663,455,101,181,0,83,False,-1,none,0.3,0.84,0.83,0.51,0.77,0.62,0.7142857142857143,1.0,0.0,56,99,0.55,0.8461538461538461,0.15384615384615385,3,15,1.0,0.4166666666666667,0.5833333333333334,2,6
16,0.73,0.86,218.39873536350893,444,73,178,0,73,False,-1,none,0.3,0.76,0.79,0.54,0.76,0.52,0.7285714285714285,1.0,0.0,58,92,0.65,1.0,0.0,1,20,0.9,0.5625,0.4375,5,2
16,0.58,0.7,181.80351989217695,460,102,163,0,70,False,-1,none,0.3,0.76,0.77,0.52,0.75,0.55,0.5285714285714286,1.0,0.0,41,91,0.7,0.9047619047619048,0.09523809523809523,6,14,0.7,0.6666666666666666,0.3333333333333333,4,7
16,0.65,0.81,222.1974256224708,449,86,176,0,67,False,-1,none,0.3,0.76,0.78,0.54,0.74,0.61,0.5857142857142857,1.0,0.0,45,82,0.85,0.8461538461538461,0.15384615384615385,8,25,0.7,0.6428571428571429,0.35714285714285715,7,9
16,0.72,0.81,205.94248097839903,449,111,177,0,66,False,-1,none,0.3,0.85,0.83,0.66,0.77,0.58,0.6857142857142857,1.0,0.0,51,98,0.75,0.9523809523809523,0.047619047619047616,4,17,0.9,0.75,0.25,2,5
16,0.66,0.82,227.34454283516845,448,80,183,0,65,False,-1,none,0.3,0.79,0.8,0.55,0.75,0.56,0.6285714285714286,1.0,0.0,58,92,0.65,0.9090909090909091,0.09090909090909091,4,21,0.9,0.625,0.375,3,5
16,0.62,0.74,202.96586715428535,456,80,165,0,86,True,4,Shigh,0.3,0.77,0.78,0.51,0.68,0.45,0.5428571428571428,1.0,0.0,55,78,0.7,0.7894736842105263,0.21052631578947367,13,12,1.0,0.8235294117647058,0.17647058823529413,2,5
16,0.65,0.79,219.13746443059063,451,85,184,0,72,False,-1,none,0.3,0.8,0.79,0.54,0.79,0.56,0.6142857142857143,1.0,0.0,51,95,0.7,0.85,0.15,7,22,0.8,0.75,0.25,3,6
16,0.64,0.78,224.2194690544194,452,97,192,0,73,False,-1,none,0.3,0.85,0.83,0.61,0.82,0.56,0.5714285714285714,1.0,0.0,58,99,0.75,0.9130434782608695,0.08695652173913043,6,21,0.9,0.6666666666666666,0.3333333333333333,1,7
16,0.63,0.75,204.73534955679173,455,98,197,0,90,False,-1,none,0.3,0.88,0.88,0.56,0.79,0.59,0.5428571428571428,1.0,0.0,67,100,0.8,0.9,0.1,8,19,0.9,0.8235294117647058,0.17647058823529413,2,1
16,0.76,0.91,244.64599773087122,439,86,217,0,71,False,-1,none,0.3,0.91,0.84,0.66,0.87,0.66,0.7428571428571429,1.0,0.0,70,105,0.7,0.9130434782608695,0.08695652173913043,4,25,1.0,0.625,0.375,5,8
16,0.61,0.74,194.276823718002,456,89,169,0,83,False,-1,none,0.3,0.77,0.81,0.48,0.75,0.51,0.5857142857142857,1.0,0.0,51,96,0.6,0.9333333333333333,0.06666666666666667,2,17,0.8,0.7777777777777778,0.2222222222222222,1,2
16,0.71,0.83,207.18954198075488,447,87,172,0,78,False,-1,none,0.3,0.76,0.8,0.58,0.77,0.51,0.7,1.0,0.0,58,90,0.7,0.95,0.05,2,17,0.8,0.7857142857142857,0.21428571428571427,1,4
16,0.64,0.78,199.58395022861802,452,79,166,0,92,True,1,Slow,0.3,0.78,0.77,0.5,0.71,0.47,0.5428571428571428,1.0,0.0,57,76,0.85,0.875,0.125,9,17,0.9,0.6875,0.3125,3,4
16,0.7,0.76,208.66329956420302,454,87,208,0,79,False,-1,none,0.3,0.86,0.83,0.61,0.84,0.57,0.6714285714285714,1.0,0.0,71,100,0.75,0.8947368421052632,0.10526315789473684,8,21,0.8,0.5,0.5,5,3
16,0.64,0.77,205.3305460752925,453,73,193,0,72,False,-1,none,0.3,0.81,0.77,0.51,0.76,0.58,0.5857142857142857,1.0,0.0,68,95,0.8,0.9130434782608695,0.08695652173913043,3,18,0.7,0.6153846153846154,0.38461538461538464,5,4
16,0.69,0.79,213.5372093688902,451,84,182,0,80,False,-1,none,0.3,0.79,0.77,0.55,0.76,0.58,0.6571428571428571,1.0,0.0,60,97,0.65,0.8235294117647058,0.17647058823529413,3,12,1.0,0.6875,0.3125,5,5
16,0.65,0.77,180.17230729695186,453,69,170,0,79,True,0,Slow,0.3,0.76,0.73,0.48,0.7,0.49,0.7,1.0,0.0,62,90,0.6,0.8571428571428571,0.14285714285714285,5,12,0.4,0.7142857142857143,0.2857142857142857,0,1
16,0.67,0.74,203.50333373435285,456,106,182,0,83,False,-1,none,0.3,0.81,0.83,0.61,0.78,0.59,0.5571428571428572,1.0,0.0,55,94,0.9,0.6842105263157895,0.3157894736842105,8,19,1.0,0.8125,0.1875,3,3
16,0.64,0.8,215.59062090235338,450,77,182,0,81,False,-1,none,0.3,0.81,0.8,0.55,0.73,0.5,0.6,1.0,0.0,61,84,0.6,0.9473684210526315,0.05263157894736842,5,18,1.0,0.6842105263157895,0.3157894736842105,5,9
16,0.68,0.87,237.52004708068512,443,77,212,0,64,False,-1,none,0.3,0.85,0.86,0.61,0.83,0.61,0.6142857142857143,1.0,0.0,73,98,0.9,0.8709677419354839,0.12903225806451613,9,21,0.7,0.6153846153846154,0.38461538461538464,4,7
16,0.65,0.79,209.99935698373605,451,80,196,0,75,False,-1,none,0.3,0.83,0.78,0.62,0.81,0.51,0.5857142857142857,1.0,0.0,66,95,0.75,0.9090909090909091,0.09090909090909091,8,15,0.9,0.625,0.375,6,6
16,0.67,0.83,217.8730065546114,447,78,203,0,66,False,-1,none,0.3,0.82,0.8,0.6,0.78,0.64,0.6428571428571429,1.0,0.0,71,103,0.75,0.8461538461538461,0.15384615384615385,8,16,0.7,0.5833333333333334,0.4166666666666667,2,3
16,0.65,0.74,198.66182929212587,456,82,204,0,70,False,-1,none,0.3,0.84,0.8,0.54,0.81,0.61,0.6142857142857143,1.0,0.0,74,104,0.8,0.7619047619047619,0.23809523809523808,6,12,0.6,0.7,0.3,3,5
16,0.63,0.73,214.2080338203123,457,80,189,0,63,False,-1,none,0.3,0.79,0.76,0.58,0.73,0.56,0.5714285714285714,1.0,0.0,70,90,0.75,0.65,0.35,6,13,0.8,0.5384615384615384,0.46153846153846156,6,4
16,0.56,0.69,202.10694109350274,461,90,182,0,74,False,-1,none,0.3,0.77,0.8,0.56,0.77,0.51,0.4714285714285714,1.0,0.0,57,89,0.85,0.6666666666666666,0.3333333333333333,16,17,0.6,0.6666666666666666,0.3333333333333333,0,3
16,0.6,0.72,160.9674910422626,458,69,170,0,84,True,1,Slow,0.3,0.77,0.76,0.46,0.7,0.42,0.5857142857142857,1.0,0.0,65,82,0.7,0.8695652173913043,0.13043478260869565,5,14,0.5,0.875,0.125,1,3
16,0.65,0.75,197.3473776831084,455,68,176,0,86,False,-1,none,0.3,0.74,0.78,0.46,0.66,0.55,0.6428571428571429,1.0,0.0,63,86,0.75,0.875,0.125,10,14,0.5,0.6666666666666666,0.3333333333333333,1,2
16,0.66,0.81,227.05170835714443,449,73,207,0,64,False,-1,none,0.3,0.82,0.79,0.6,0.8,0.6,0.6428571428571429,1.0,0.0,69,99,0.7,0.9047619047619048,0.09523809523809523,8,20,0.7,0.6,0.4,7,4
16,0.52,0.6,167.59646320434774,470,88,177,0,70,False,-1,none,0.3,0.78,0.73,0.5,0.67,0.57,0.44285714285714284,1.0,0.0,59,90,0.75,0.95,0.05,5,15,0.6,0.6666666666666666,0.3333333333333333,4,4
16,0.7,0.78,205.65216847580325,452,85,200,0,72,False,-1,none,0.3,0.82,0.84,0.61,0.83,0.53,0.6285714285714286,1.0,0.0,75,97,0.8,0.8947368421052632,0.10526315789473684,5,16,1.0,0.7333333333333333,0.26666666666666666,1,6
16,0.65,0.77,214.10891538263354,453,88,196,0,79,False,-1,none,0.3,0.85,0.87,0.58,0.72,0.59,0.5714285714285714,1.0,0.0,69,94,0.75,0.7777777777777778,0.2222222222222222,9,13,1.0,0.6842105263157895,0.3157894736842105,7,4
16,0.62,0.74,178.2856276625507,456,67,196,0,68,True,1,Slow,0.3,0.76,0.78,0.51,0.75,0.57,0.5857142857142857,1.0,0.0,70,96,0.75,0.782608695652174,0.21739130434782608,7,19,0.6,0.6,0.4,2,2
16,0.71,0.87,239.90502589088345,443,78,200,0,75,False,-1,none,0.3,0.84,0.86,0.59,0.8,0.56,0.6142857142857143,1.0,0.0,71,93,0.95,0.9259259259259259,0.07407407407407407,8,17,0.9,0.5882352941176471,0.4117647058823529,7,4
16,0.63,0.71,189.9727821778855,459,81,178,0,85,False,-1,none,0.3,0.79,0.78,0.54,0.71,0.48,0.6,1.0,0.0,72,82,0.8,0.95,0.05,1,21,0.5,0.5555555555555556,0.4444444444444444,1,1
16,0.68,0.8,232.4919318791884,450,87,201,0,87,False,-1,none,0.3,0.86,0.82,0.57,0.81,0.62,0.6,1.0,0.0,59,99,0.85,0.8333333333333334,0.16666666666666666,15,19,0.9,0.5,0.5,3,6
16,0.69,0.86,217.8099668709775,444,88,189,0,72,True,1,Slow,0.3,0.82,0.86,0.63,0.8,0.52,0.6428571428571429,1.0,0.0,68,90,0.8,0.8461538461538461,0.15384615384615385,7,17,0.8,0.6666666666666666,0.3333333333333333,3,4
16,0.59,0.7,191.1042437147247,460,85,178,0,72,False,-1,none,0.3,0.78,0.78,0.51,0.73,0.53,0.5428571428571428,1.0,0.0,57,88,0.55,0.875,0.125,5,17,1.0,0.6875,0.3125,6,5
16,0.72,0.86,233.59114689757584,444,85,191,0,83,False,-1,none,0.3,0.86,0.85,0.58,0.77,0.56,0.6285714285714286,1.0,0.0,63,92,0.95,0.8928571428571429,0.10714285714285714,8,20,0.9,0.7142857142857143,0.2857142857142857,3,5
16,0.61,0.77,202.38652431803266,453,67,194,0,62,False,-1,none,0.3,0.77,0.79,0.58,0.69,0.55,0.5285714285714286,1.0,0.0,71,87,0.8,0.8846153846153846,0.11538461538461539,10,18,0.8,0.7857142857142857,0.21428571428571427,3,5
16,0.66,0.85,218.65181801798408,445,77,200,0,78,False,-1,none,0.3,0.83,0.84,0.59,0.76,0.6,0.5714285714285714,1.0,0.0,64,99,0.85,0.9285714285714286,0.07142857142857142,6,22,0.9,0.7647058823529411,0.23529411764705882,4,5
17,0.62,0.75,174.0,455,117,153,0,80,False,-1,none,0.3,0.81,0.77,0.58,0.74,0.55,0.5428571428571428,1.0,0.0,33,91,0.8,0.85,0.15,7,14,0.8,0.8235294117647058,0.17647058823529413,6,2
17,0.57,0.73,174.30000000000004,457,101,158,0,83,False,-1,none,0.3,0.81,0.78,0.51,0.73,0.49,0.5571428571428572,1.0,0.0,43,92,0.7,0.9259259259259259,0.07407407407407407,3,17,0.4,0.5714285714285714,0.42857142857142855,2,1
17,0.71,0.83,215.98499999999993,447,101,175,0,71,False,-1,none,0.3,0.8,0.82,0.6,0.75,0.62,0.6428571428571429,1.0,0.0,52,91,0.85,0.7083333333333334,0.2916666666666667,11,15,0.9,0.7857142857142857,0.21428571428571427,2,4
17,0.72,0.88,216.00074999999993,442,96,172,0,79,False,-1,none,0.3,0.84,0.8,0.61,0.74,0.57,0.6714285714285714,1.0,0.0,47,92,0.9,0.8214285714285714,0.17857142857142858,12,15,0.7,0.7692307692307693,0.23076923076923078,0,6
17,0.73,0.84,208.48826249999993,446,92,174,0,85,False,-1,none,0.3,0.83,0.85,0.49,0.8,0.53,0.7428571428571429,1.0,0.0,53,95,0.7,0.8,0.2,7,14,0.7,0.75,0.25,1,4
17,0.74,0.86,226.74648937499995,444,92,189,0,78,False,-1,none,0.3,0.81,0.84,0.55,0.83,0.64,0.7142857142857143,1.0,0.0,56,104,0.85,0.8260869565217391,0.17391304347826086,3,18,0.7,0.6153846153846154,0.38461538461538464,5,3
17,0.71,0.89,226.75289765625004,441,88,156,0,87,False,-1,none,0.3,0.78,0.76,0.53,0.76,0.5,0.6571428571428571,1.0,0.0,47,85,0.8,0.8928571428571429,0.10714285714285714,7,12,0.9,0.7333333333333333,0.26666666666666666,1,4
17,0.6,0.71,183.4805692125,459,93,163,0,68,False,-1,none,0.3,0.75,0.75,0.55,0.69,0.53,0.6285714285714286,1.0,0.0,53,92,0.5,0.8,0.2,4,8,0.6,0.5833333333333334,0.4166666666666667,2,4
17,0.71,0.85,210.20859454218754,445,116,152,0,82,True,4,Shigh,0.3,0.84,0.82,0.54,0.79,0.54,0.6142857142857143,1.0,0.0,38,89,0.95,0.7857142857142857,0.21428571428571427,9,13,0.9,0.7857142857142857,0.21428571428571427,0,3
17,0.73,0.8,196.54082800242188,450,96,177,0,72,False,-1,none,0.3,0.8,0.8,0.59,0.73,0.61,0.6714285714285714,1.0,0.0,58,89,0.95,0.7916666666666666,0.20833333333333334,8,21,0.7,0.6666666666666666,0.3333333333333333,0,1
17,0.68,0.82,201.29244712787107,448,109,161,0,73,False,-1,none,0.3,0.82,0.8,0.6,0.76,0.54,0.6,1.0,0.0,48,89,0.85,0.8095238095238095,0.19047619047619047,9,11,0.9,0.8421052631578947,0.15789473684210525,0,4
17,0.67,0.81,205.5450377362799,449,75,173,0,76,False,-1,none,0.3,0.77,0.77,0.55,0.68,0.52,0.6285714285714286,1.0,0.0,56,85,0.9,0.8214285714285714,0.17857142857142858,10,18,0.5,0.7777777777777778,0.2222222222222222,2,2
17,0.72,0.89,221.7591470615063,441,93,175,0,83,False,-1,none,0.3,0.82,0.87,0.57,0.8,0.51,0.6857142857142857,1.0,0.0,53,97,0.85,0.8846153846153846,0.11538461538461539,6,13,0.7,0.7333333333333333,0.26666666666666666,4,2
17,0.71,0.81,195.77364583451302,449,97,166,0,71,False,-1,none,0.3,0.8,0.78,0.6,0.77,0.49,0.7142857142857143,1.0,0.0,53,90,0.7,0.8421052631578947,0.15789473684210525,3,14,0.7,0.8333333333333334,0.16666666666666666,1,5
17,0.69,0.83,235.52396342343175,447,82,180,0,75,False,-1,none,0.3,0.8,0.79,0.52,0.78,0.56,0.6285714285714286,1.0,0.0,48,95,0.75,0.7142857142857143,0.2857142857142857,13,12,1.0,0.5555555555555556,0.4444444444444444,8,4
17,0.6,0.74,187.22431923775326,456,101,158,0,77,False,-1,none,0.3,0.76,0.78,0.51,0.76,0.52,0.6,1.0,0.0,41,93,0.45,0.6666666666666666,0.3333333333333333,6,10,0.9,0.8,0.2,3,5
17,0.73,0.81,211.43763241774946,449,109,182,0,68,False,-1,none,0.3,0.84,0.85,0.6,0.8,0.63,0.7,1.0,0.0,49,102,0.8,0.7,0.3,10,17,0.8,0.75,0.25,2,2
17,0.72,0.84,216.67148968114708,446,93,178,0,75,False,-1,none,0.3,0.77,0.84,0.56,0.79,0.59,0.6857142857142857,1.0,0.0,49,98,0.85,0.8333333333333334,0.16666666666666666,9,17,0.7,0.75,0.25,3,2
17,0.78,0.9,227.47705483068412,440,84,178,0,88,False,-1,none,0.3,0.87,0.85,0.5,0.8,0.5,0.7714285714285715,1.0,0.0,62,92,0.8,0.7391304347826086,0.2608695652173913,10,11,0.8,0.8461538461538461,0.15384615384615385,0,3
17,0.66,0.8,209.4198364149103,450,95,182,0,63,False,-1,none,0.3,0.81,0.78,0.56,0.82,0.6,0.6,1.0,0.0,55,97,0.7,0.8095238095238095,0.19047619047619047,7,18,1.0,0.6470588235294118,0.35294117647058826,3,2
17,0.65,0.77,194.75015627262874,453,101,173,0,74,False,-1,none,0.3,0.8,0.79,0.57,0.81,0.54,0.6428571428571429,1.0,0.0,50,101,0.65,0.7777777777777778,0.2222222222222222,5,10,0.7,0.7142857142857143,0.2857142857142857,4,3
17,0.68,0.84,214.99927250675356,446,99,158,0,74,False,-1,none,0.3,0.77,0.78,0.53,0.75,0.58,0.6142857142857143,1.0,0.0,40,92,0.8,0.8846153846153846,0.11538461538461539,5,16,0.9,0.6,0.4,3,2
17,0.71,0.9,220.7448004387301,440,99,181,0,60,False,-1,none,0.3,0.81,0.84,0.62,0.79,0.64,0.7142857142857143,1.0,0.0,57,100,0.65,0.8095238095238095,0.19047619047619047,6,16,0.8,0.7368421052631579,0.2631578947368421,2,0
17,0.72,0.79,186.9642054230994,451,98,166,0,72,False,-1,none,0.3,0.82,0.79,0.58,0.71,0.53,0.7142857142857143,1.0,0.0,59,89,0.7,0.8333333333333334,0.16666666666666666,6,11,0.8,0.7272727272727273,0.2727272727272727,0,1
17,0.67,0.82,211.46940275553916,448,85,162,0,81,False,-1,none,0.3,0.77,0.79,0.47,0.73,0.53,0.5857142857142857,1.0,0.0,48,80,0.85,0.76,0.24,13,13,0.9,0.75,0.25,4,4
17,0.67,0.78,204.35716351923898,452,84,166,0,82,False,-1,none,0.3,0.78,0.75,0.56,0.73,0.46,0.6428571428571429,1.0,0.0,46,87,0.75,0.6666666666666666,0.3333333333333333,11,15,0.7,0.8,0.2,3,4
17,0.75,0.85,219.13631994316347,445,93,178,0,74,False,-1,none,0.3,0.82,0.82,0.53,0.77,0.62,0.7285714285714285,1.0,0.0,51,101,0.75,0.6666666666666666,0.3333333333333333,7,12,0.9,0.8125,0.1875,4,3
17,0.71,0.82,212.70648125620022,448,90,167,0,71,False,-1,none,0.3,0.78,0.81,0.57,0.7,0.53,0.6714285714285714,1.0,0.0,46,88,0.8,0.7727272727272727,0.22727272727272727,11,16,0.8,0.7692307692307693,0.23076923076923078,4,2
17,0.66,0.79,207.69479230474374,451,92,167,0,82,False,-1,none,0.3,0.78,0.8,0.55,0.74,0.51,0.6428571428571429,1.0,0.0,58,89,0.65,0.8571428571428571,0.14285714285714285,5,11,0.8,0.6153846153846154,0.38461538461538464,2,2
17,0.65,0.76,186.60418542286126,454,97,156,0,81,False,-1,none,0.3,0.81,0.78,0.41,0.76,0.53,0.6,1.0,0.0,43,86,0.8,0.9090909090909091,0.09090909090909091,4,19,0.7,0.75,0.25,2,2
17,0.63,0.76,184.97313949302898,454,89,164,0,76,False,-1,none,0.3,0.8,0.77,0.5,0.74,0.48,0.6428571428571429,1.0,0.0,58,91,0.5,1.0,0.0,1,10,0.8,0.8,0.2,1,3
17,0.75,0.88,234.04256552105443,442,97,188,0,67,False,-1,none,0.3,0.86,0.83,0.65,0.82,0.57,0.7428571428571429,1.0,0.0,59,95,0.75,0.782608695652174,0.21739130434782608,11,15,0.8,0.6923076923076923,0.3076923076923077,3,5
17,0.69,0.84,215.0529319743159,446,96,182,0,83,False,-1,none,0.3,0.86,0.83,0.59,0.78,0.56,0.6714285714285714,1.0,0.0,62,97,0.75,0.8260869565217391,0.17391304347826086,5,14,0.7,0.7142857142857143,0.2857142857142857,3,1
17,0.72,0.91,197.85683146591046,439,103,172,0,69,True,0,Slow,0.3,0.82,0.84,0.61,0.83,0.56,0.6714285714285714,1.0,0.0,56,100,0.8,0.9130434782608695,0.08695652173913043,3,13,0.9,0.7647058823529411,0.23529411764705882,0,0
17,0.7,0.89,214.64598352599359,441,94,165,0,77,True,2,Slow,0.3,0.82,0.82,0.53,0.8,0.51,0.6714285714285714,1.0,0.0,53,87,0.7,0.8181818181818182,0.18181818181818182,6,13,0.9,0.6842105263157895,0.3157894736842105,3,3
17,0.64,0.76,203.7126223310364,454,81,171,0,77,False,-1,none,0.3,0.75,0.74,0.48,0.74,0.57,0.6142857142857143,1.0,0.0,50,95,0.75,0.8,0.2,9,13,0.6,0.6923076923076923,0.3076923076923077,2,2
17,0.65,0.82,211.7698305212562,448,85,159,0,84,True,3,Shigh,0.3,0.79,0.75,0.51,0.67,0.54,0.5857142857142857,1.0,0.0,54,83,0.75,0.75,0.25,4,11,0.9,0.6470588235294118,0.35294117647058826,4,3
17,0.68,0.78,207.47390499624433,452,122,166,0,84,False,-1,none,0.3,0.84,0.85,0.62,0.77,0.58,0.6428571428571429,1.0,0.0,45,97,0.8,0.7894736842105263,0.21052631578947367,8,12,0.7,0.7142857142857143,0.2857142857142857,2,2
17,0.69,0.8,201.08743859971864,450,108,173,0,69,True,3,Shigh,0.3,0.82,0.85,0.58,0.78,0.58,0.6857142857142857,1.0,0.0,57,100,0.8,0.75,0.25,3,11,0.5,0.75,0.25,0,2
17,0.69,0.82,226.19778072185736,448,89,153,0,81,False,-1,none,0.3,0.74,0.8,0.47,0.72,0.51,0.6142857142857143,1.0,0.0,45,78,0.85,0.6521739130434783,0.34782608695652173,15,11,0.9,0.8125,0.1875,1,3
17,0.81,0.94,238.40431452105562,436,86,185,0,80,False,-1,none,0.3,0.87,0.86,0.6,0.77,0.55,0.7857142857142857,1.0,0.0,69,89,0.9,0.8846153846153846,0.11538461538461539,3,19,0.8,0.6923076923076923,0.3076923076923077,2,3
17,0.72,0.9,232.0337864183551,440,85,179,0,76,False,-1,none,0.3,0.83,0.85,0.58,0.79,0.49,0.6714285714285714,1.0,0.0,62,87,0.85,0.896551724137931,0.10344827586206896,12,16,0.8,0.7857142857142857,0.21428571428571427,0,2
17,0.66,0.82,221.2372782956138,448,104,155,0,64,False,-1,none,0.3,0.76,0.75,0.63,0.73,0.54,0.6142857142857143,1.0,0.0,44,86,0.7,0.8421052631578947,0.15789473684210525,7,13,0.9,0.65,0.35,4,1
17,0.64,0.78,200.30943741342588,452,110,158,0,79,False,-1,none,0.3,0.84,0.8,0.56,0.75,0.51,0.5714285714285714,1.0,0.0,46,89,0.85,0.8888888888888888,0.1111111111111111,6,13,0.7,0.8181818181818182,0.18181818181818182,2,2
17,0.72,0.85,236.79643217262128,445,100,185,0,75,False,-1,none,0.3,0.86,0.86,0.63,0.79,0.56,0.6714285714285714,1.0,0.0,58,93,0.8,0.7142857142857143,0.2857142857142857,12,13,0.9,0.6470588235294118,0.35294117647058826,1,8
17,0.69,0.85,224.31475793281237,445,84,176,0,80,False,-1,none,0.3,0.8,0.81,0.48,0.81,0.55,0.6428571428571429,1.0,0.0,51,95,0.75,0.7272727272727273,0.2727272727272727,10,13,0.9,0.7777777777777778,0.2222222222222222,2,5
17,0.7,0.79,211.81638219167564,451,109,170,0,82,False,-1,none,0.3,0.87,0.82,0.61,0.7,0.58,0.6857142857142857,1.0,0.0,65,90,0.65,0.5555555555555556,0.4444444444444444,9,4,0.9,0.7692307692307693,0.23076923076923078,0,2
17,0.57,0.68,180.64720184876577,462,79,159,0,74,False,-1,none,0.3,0.71,0.69,0.43,0.68,0.55,0.5428571428571428,1.0,0.0,45,88,0.7,0.8636363636363636,0.13636363636363635,6,13,0.5,0.5,0.5,4,3
17,0.75,0.92,221.13810841014623,438,83,174,0,66,True,1,Slow,0.3,0.77,0.81,0.58,0.76,0.57,0.7142857142857143,1.0,0.0,54,93,0.8,0.7777777777777778,0.2222222222222222,9,17,0.9,0.6666666666666666,0.3333333333333333,0,1
17,0.68,0.81,220.71248858392823,449,87,172,0,95,False,-1,none,0.3,0.82,0.81,0.5,0.79,0.48,0.6571428571428571,1.0,0.0,53,85,0.7,0.6842105263157895,0.3157894736842105,12,13,0.8,0.625,0.375,4,5
17,0.68,0.83,222.41747685895086,447,87,190,0,70,True,4,Shigh,0.3,0.83,0.82,0.58,0.79,0.58,0.6285714285714286,1.0,0.0,62,96,0.75,0.75,0.25,9,14,0.9,0.6,0.4,4,5
17,0.68,0.76,205.94654152647408,454,90,185,0,69,False,-1,none,0.3,0.78,0.82,0.56,0.73,0.62,0.6142857142857143,1.0,0.0,61,95,0.8,0.7368421052631579,0.2631578947368421,9,15,0.9,0.7142857142857143,0.2857142857142857,2,3
17,0.63,0.77,191.82095932004233,453,109,184,0,65,False,-1,none,0.3,0.84,0.83,0.62,0.78,0.63,0.5571428571428572,1.0,0.0,62,99,0.85,0.88,0.12,4,17,0.7,0.7692307692307693,0.23076923076923078,0,2
17,0.56,0.65,165.79962179351503,465,81,166,0,78,False,-1,none,0.3,0.74,0.75,0.47,0.67,0.49,0.5285714285714286,1.0,0.0,60,94,0.65,0.9473684210526315,0.05263157894736842,2,8,0.6,0.6666666666666666,0.3333333333333333,0,2
17,0.64,0.79,224.5267698726111,451,95,175,0,101,False,-1,none,0.3,0.88,0.83,0.5,0.76,0.52,0.5428571428571428,1.0,0.0,60,88,0.85,0.6086956521739131,0.391304347826087,15,5,0.9,0.7222222222222222,0.2777777777777778,0,7
17,0.7,0.9,228.7021785757414,440,84,165,0,76,True,2,Slow,0.3,0.8,0.81,0.56,0.74,0.48,0.6857142857142857,1.0,0.0,56,87,0.75,0.7916666666666666,0.20833333333333334,4,12,0.7,0.7222222222222222,0.2777777777777778,2,4
17,0.67,0.8,214.67366335175868,450,96,180,0,69,False,-1,none,0.3,0.82,0.81,0.55,0.76,0.62,0.6142857142857143,1.0,0.0,51,96,0.8,0.7727272727272727,0.22727272727272727,7,20,0.8,0.8,0.2,3,3
17,0.55,0.71,202.60481651388466,459,108,159,0,77,False,-1,none,0.3,0.78,0.81,0.49,0.79,0.51,0.44285714285714284,1.0,0.0,41,91,0.75,0.7727272727272727,0.22727272727272727,5,15,0.9,0.6666666666666666,0.3333333333333333,4,3
17,0.61,0.75,207.0306998676172,455,83,149,0,63,False,-1,none,0.3,0.72,0.73,0.47,0.66,0.49,0.5571428571428572,1.0,0.0,52,73,0.75,0.8636363636363636,0.13636363636363635,7,10,0.7,0.6428571428571429,0.35714285714285715,2,5
17,0.64,0.81,228.7054723008495,449,77,178,0,74,False,-1,none,0.3,0.76,0.78,0.53,0.75,0.54,0.5714285714285714,1.0,0.0,58,89,0.75,0.8333333333333334,0.16666666666666666,10,15,0.9,0.7647058823529411,0.23529411764705882,2,4
17,0.64,0.8,238.29156657588447,450,100,201,0,64,False,-1,none,0.3,0.87,0.85,0.64,0.81,0.64,0.5285714285714286,1.0,0.0,66,97,0.85,0.875,0.125,8,20,1.0,0.5789473684210527,0.42105263157894735,6,4
17,0.64,0.78,222.12568049704157,452,82,184,0,81,False,-1,none,0.3,0.83,0.81,0.54,0.72,0.54,0.5714285714285714,1.0,0.0,62,91,0.85,0.875,0.125,8,18,0.7,0.6428571428571429,0.35714285714285715,4,1
17,0.62,0.76,205.56128470606947,454,78,192,0,74,False,-1,none,0.3,0.84,0.79,0.49,0.79,0.55,0.5857142857142857,1.0,0.0,60,98,0.7,0.8095238095238095,0.19047619047619047,8,16,0.7,0.7857142857142857,0.21428571428571427,4,6
17,0.63,0.76,204.60427915265848,454,79,175,0,85,False,-1,none,0.3,0.76,0.77,0.5,0.75,0.52,0.6,1.0,0.0,62,87,0.65,0.7619047619047619,0.23809523809523808,7,14,0.8,0.6153846153846154,0.38461538461538464,1,4
17,0.68,0.8,216.41107298846472,450,84,152,0,79,False,-1,none,0.3,0.72,0.77,0.45,0.7,0.52,0.6428571428571429,1.0,0.0,53,87,0.75,0.8,0.2,2,8,0.8,0.6666666666666666,0.3333333333333333,1,1
17,0.64,0.72,207.65580085660469,458,81,174,0,73,False,-1,none,0.3,0.74,0.79,0.52,0.71,0.51,0.5857142857142857,1.0,0.0,63,83,0.7,0.6666666666666666,0.3333333333333333,10,12,0.9,0.6153846153846154,0.38461538461538464,3,3
18,0.62,0.76,184.0,454,128,157,0,79,False,-1,none,0.3,0.83,0.83,0.57,0.79,0.59,0.5285714285714286,1.0,0.0,38,99,0.75,0.9047619047619048,0.09523809523809523,2,11,1.0,0.6666666666666666,0.3333333333333333,0,7
18,0.73,0.88,218.40000000000003,442,101,178,0,73,False,-1,none,0.3,0.86,0.85,0.61,0.74,0.61,0.7,1.0,0.0,53,92,0.75,0.8260869565217391,0.17391304347826086,10,16,0.9,0.75,0.25,3,4
18,0.7,0.85,231.5249999999999,445,85,180,0,85,False,-1,none,0.3,0.8,0.81,0.56,0.73,0.6,0.6142857142857143,1.0,0.0,43,97,0.85,0.8,0.2,14,20,1.0,0.7058823529411765,0.29411764705882354,3,3
18,0.64,0.79,193.85257499999994,451,98,149,0,84,True,4,Shigh,0.3,0.78,0.76,0.49,0.76,0.47,0.6,1.0,0.0,42,87,0.7,0.8571428571428571,0.14285714285714285,2,14,0.8,0.8125,0.1875,1,3
18,0.67,0.72,188.25738749999994,458,90,172,0,86,False,-1,none,0.3,0.76,0.8,0.5,0.75,0.53,0.6714285714285714,1.0,0.0,53,95,0.8,0.7058823529411765,0.29411764705882354,7,15,0.4,0.625,0.375,0,2
18,0.76,0.92,200.13930562500005,438,93,184,0,71,True,1,Slow,0.3,0.81,0.86,0.63,0.79,0.6,0.7571428571428571,1.0,0.0,61,100,0.7,1.0,0.0,0,18,0.9,0.625,0.375,3,2
18,0.65,0.78,198.2906060624999,452,99,168,0,75,False,-1,none,0.3,0.8,0.78,0.55,0.75,0.57,0.6142857142857143,1.0,0.0,46,86,0.75,0.9130434782608695,0.08695652173913043,6,27,0.7,0.5,0.5,1,2
18,0.77,0.95,244.54929761718736,435,88,171,0,81,False,-1,none,0.3,0.82,0.78,0.59,0.8,0.55,0.7285714285714285,1.0,0.0,43,89,0.85,0.8666666666666667,0.13333333333333333,9,26,0.9,0.5714285714285714,0.42857142857142855,1,3
18,0.62,0.71,165.29615953593742,459,81,157,0,76,False,-1,none,0.3,0.69,0.75,0.51,0.67,0.47,0.6142857142857143,1.0,0.0,53,82,0.75,0.9090909090909091,0.09090909090909091,1,19,0.4,0.8333333333333334,0.16666666666666666,1,1
18,0.67,0.78,196.9543728928125,452,89,175,0,78,False,-1,none,0.3,0.81,0.77,0.59,0.73,0.52,0.6571428571428571,1.0,0.0,58,89,0.65,0.8888888888888888,0.1111111111111111,6,14,0.8,0.6428571428571429,0.35714285714285715,5,3
18,0.72,0.89,214.9483718822344,441,85,178,0,68,False,-1,none,0.3,0.8,0.84,0.57,0.79,0.52,0.6857142857142857,1.0,0.0,55,92,0.85,0.8518518518518519,0.14814814814814814,6,18,0.7,0.8571428571428571,0.14285714285714285,2,5
18,0.76,0.89,215.86120833953325,441,98,178,0,85,True,3,Shigh,0.3,0.86,0.85,0.5,0.86,0.58,0.7428571428571429,1.0,0.0,51,102,0.85,0.7916666666666666,0.20833333333333334,8,14,0.7,0.7692307692307693,0.23076923076923078,2,1
18,0.59,0.7,176.60594969251179,460,102,159,0,74,False,-1,none,0.3,0.77,0.79,0.5,0.72,0.53,0.5285714285714286,1.0,0.0,44,85,0.8,0.9230769230769231,0.07692307692307693,8,20,0.6,0.42857142857142855,0.5714285714285714,0,2
18,0.77,0.89,200.7743816095665,441,105,191,0,75,False,-1,none,0.3,0.88,0.9,0.61,0.83,0.63,0.7571428571428571,1.0,0.0,64,104,0.8,1.0,0.0,0,19,0.8,0.8,0.2,2,2
18,0.73,0.83,212.2179117066791,447,84,179,0,69,False,-1,none,0.3,0.79,0.79,0.56,0.75,0.57,0.7142857142857143,1.0,0.0,60,89,0.75,0.85,0.15,7,15,0.8,0.5384615384615384,0.46153846153846156,2,6
18,0.72,0.82,213.5713970982621,448,83,162,0,78,False,-1,none,0.3,0.77,0.74,0.55,0.72,0.49,0.6857142857142857,1.0,0.0,58,79,0.75,0.8,0.2,6,18,0.9,0.5714285714285714,0.42857142857142855,0,1
18,0.66,0.77,189.94243411268505,453,94,146,0,78,False,-1,none,0.3,0.75,0.74,0.47,0.74,0.47,0.6142857142857143,1.0,0.0,35,84,0.75,0.9130434782608695,0.08695652173913043,7,15,0.8,0.7272727272727273,0.2727272727272727,3,2
18,0.72,0.83,223.87265521830358,447,91,188,0,73,False,-1,none,0.3,0.82,0.83,0.55,0.77,0.65,0.7,1.0,0.0,55,102,0.75,0.7619047619047619,0.23809523809523808,9,14,0.8,0.6153846153846154,0.38461538461538464,2,6
18,0.68,0.88,204.03167968321813,442,102,164,0,71,True,1,Slow,0.3,0.84,0.82,0.59,0.75,0.54,0.6,1.0,0.0,48,85,0.85,0.9666666666666667,0.03333333333333333,3,24,0.9,0.6,0.4,3,1
18,0.72,0.86,244.30262688702982,444,99,167,0,83,False,-1,none,0.3,0.85,0.81,0.51,0.8,0.55,0.6857142857142857,1.0,0.0,48,92,0.8,0.75,0.25,7,15,0.8,0.6428571428571429,0.35714285714285715,2,3
18,0.7,0.84,237.40458512858106,446,83,179,0,79,False,-1,none,0.3,0.8,0.78,0.51,0.79,0.58,0.6142857142857143,1.0,0.0,47,93,0.9,0.8461538461538461,0.15384615384615385,9,20,0.9,0.6,0.4,5,5
18,0.62,0.75,197.37608074436355,455,83,184,0,78,False,-1,none,0.3,0.82,0.79,0.52,0.77,0.52,0.6142857142857143,1.0,0.0,57,98,0.75,0.8260869565217391,0.17391304347826086,10,17,0.4,0.7777777777777778,0.2222222222222222,0,2
18,0.71,0.81,206.2817934122579,449,95,170,0,84,False,-1,none,0.3,0.81,0.82,0.59,0.73,0.51,0.6857142857142857,1.0,0.0,56,86,0.8,0.75,0.25,9,15,0.7,0.9230769230769231,0.07692307692307693,0,4
18,0.64,0.8,210.6848402770443,450,91,138,0,76,False,-1,none,0.3,0.73,0.76,0.5,0.68,0.42,0.5571428571428572,1.0,0.0,48,66,0.8,0.8571428571428571,0.14285714285714285,4,13,0.9,0.7,0.3,2,5
18,0.75,0.91,228.8957311701331,439,85,179,0,85,True,2,Slow,0.3,0.82,0.83,0.57,0.79,0.54,0.7,1.0,0.0,62,91,0.9,0.76,0.24,9,14,0.8,0.6875,0.3125,0,3
18,0.71,0.9,222.66879621561284,440,91,136,0,83,False,-1,none,0.3,0.76,0.75,0.55,0.61,0.5,0.6714285714285714,1.0,0.0,41,70,0.8,0.8888888888888888,0.1111111111111111,4,19,0.8,0.6875,0.3125,1,1
18,0.74,0.89,204.3305430455755,441,76,173,0,82,True,0,Slow,0.3,0.82,0.81,0.49,0.7,0.56,0.7428571428571429,1.0,0.0,60,90,0.75,0.7727272727272727,0.22727272727272727,4,16,0.7,0.7142857142857143,0.2857142857142857,0,3
18,0.75,0.88,228.4892558884939,442,74,188,0,70,False,-1,none,0.3,0.79,0.83,0.6,0.72,0.56,0.7142857142857143,1.0,0.0,65,89,0.9,0.7692307692307693,0.23076923076923078,14,15,0.7,0.6666666666666666,0.3333333333333333,1,4
18,0.63,0.76,191.34822011812236,454,101,164,0,64,False,-1,none,0.3,0.8,0.79,0.55,0.71,0.56,0.6,1.0,0.0,56,89,0.65,0.9047619047619048,0.09523809523809523,4,11,0.8,0.6153846153846154,0.38461538461538464,0,4
18,0.69,0.82,211.32157392041677,448,91,151,0,76,False,-1,none,0.3,0.78,0.75,0.51,0.75,0.45,0.6571428571428571,1.0,0.0,43,81,0.85,0.88,0.12,5,20,0.6,0.5454545454545454,0.45454545454545453,1,1
18,0.72,0.88,226.27474309017643,442,71,197,0,74,False,-1,none,0.3,0.83,0.82,0.52,0.8,0.59,0.7285714285714285,1.0,0.0,62,99,0.7,0.88,0.12,6,22,0.7,0.6666666666666666,0.3333333333333333,3,5
18,0.63,0.74,196.27413901544912,456,74,169,0,73,False,-1,none,0.3,0.73,0.73,0.5,0.69,0.52,0.6428571428571429,1.0,0.0,57,93,0.6,0.9473684210526315,0.05263157894736842,1,14,0.6,0.5,0.5,1,3
18,0.72,0.85,223.66124203009875,445,101,154,0,85,True,3,Shigh,0.3,0.83,0.82,0.52,0.72,0.51,0.6857142857142857,1.0,0.0,48,87,0.85,0.7407407407407407,0.25925925925925924,7,11,0.7,0.5,0.5,0,1
18,0.72,0.82,214.027160182209,448,62,194,0,72,False,-1,none,0.3,0.79,0.75,0.56,0.71,0.57,0.7142857142857143,1.0,0.0,73,88,0.75,0.9090909090909091,0.09090909090909091,5,22,0.7,0.4,0.6,2,4
18,0.72,0.87,237.37361328067777,443,83,180,0,80,False,-1,none,0.3,0.81,0.81,0.55,0.77,0.56,0.6285714285714286,1.0,0.0,52,91,0.9,0.84,0.16,9,22,1.0,0.6666666666666666,0.3333333333333333,4,2
18,0.71,0.88,220.62033541568266,442,97,175,0,75,True,3,Shigh,0.3,0.81,0.84,0.59,0.79,0.57,0.7142857142857143,0.98,0.02,55,100,0.75,0.7777777777777778,0.2222222222222222,8,9,0.6,0.9090909090909091,0.09090909090909091,0,3
18,0.69,0.82,219.78824515686418,448,98,178,0,62,False,-1,none,0.3,0.79,0.83,0.56,0.77,0.63,0.6428571428571429,1.0,0.0,49,96,0.75,0.782608695652174,0.21739130434782608,12,15,0.9,0.7857142857142857,0.21428571428571427,3,3
18,0.7,0.85,216.46262421932215,445,91,181,0,73,False,-1,none,0.3,0.8,0.84,0.55,0.79,0.59,0.6714285714285714,1.0,0.0,56,93,0.65,0.9444444444444444,0.05555555555555555,4,19,1.0,0.8,0.2,3,6
18,0.68,0.83,232.37340704603437,447,96,169,0,77,False,-1,none,0.3,0.83,0.8,0.55,0.76,0.54,0.5857142857142857,1.0,0.0,51,83,0.9,0.8148148148148148,0.18518518518518517,8,19,0.9,0.7333333333333333,0.26666666666666666,4,4
18,0.66,0.83,238.11206940203357,447,105,175,0,77,False,-1,none,0.3,0.83,0.83,0.56,0.78,0.63,0.5857142857142857,1.0,0.0,40,102,0.8,0.5714285714285714,0.42857142857142855,18,8,0.9,0.7619047619047619,0.23809523809523808,3,4
18,0.71,0.81,205.80461999892043,449,103,172,0,84,False,-1,none,0.3,0.81,0.87,0.52,0.81,0.55,0.6714285714285714,1.0,0.0,52,99,0.8,0.9047619047619048,0.09523809523809523,2,13,0.8,0.7692307692307693,0.23076923076923078,2,4
18,0.66,0.78,208.00228440430988,452,89,178,0,70,False,-1,none,0.3,0.8,0.8,0.57,0.72,0.56,0.6571428571428571,1.0,0.0,62,92,0.5,0.8461538461538461,0.15384615384615385,5,11,1.0,0.7368421052631579,0.2631578947368421,2,6
18,0.74,0.84,246.78905012692917,446,96,191,0,69,False,-1,none,0.3,0.83,0.82,0.69,0.84,0.53,0.6714285714285714,1.0,0.0,59,91,0.9,0.6363636363636364,0.36363636363636365,13,19,0.9,0.6666666666666666,0.3333333333333333,6,3
18,0.71,0.83,226.96002305442957,447,96,171,0,80,False,-1,none,0.3,0.8,0.79,0.61,0.73,0.57,0.6428571428571429,1.0,0.0,52,92,0.9,0.8260869565217391,0.17391304347826086,5,17,0.8,0.7333333333333333,0.26666666666666666,3,2
18,0.72,0.86,230.79403166411785,444,86,170,0,73,False,-1,none,0.3,0.81,0.79,0.54,0.77,0.51,0.6857142857142857,1.0,0.0,56,85,0.8,0.9166666666666666,0.08333333333333333,5,17,0.8,0.6428571428571429,0.35714285714285715,3,4
18,0.64,0.77,186.28527616722454,453,105,168,0,75,True,0,Slow,0.3,0.78,0.82,0.56,0.76,0.58,0.5857142857142857,1.0,0.0,48,95,0.75,0.9090909090909091,0.09090909090909091,2,18,0.8,0.6428571428571429,0.35714285714285715,3,2
18,0.67,0.85,218.06818260619204,445,83,178,0,69,False,-1,none,0.3,0.78,0.79,0.55,0.76,0.58,0.6285714285714286,1.0,0.0,54,94,0.75,0.88,0.12,8,17,0.8,0.8125,0.1875,2,3
18,0.63,0.73,183.36220739159043,457,103,158,0,76,False,-1,none,0.3,0.78,0.77,0.57,0.75,0.47,0.6,1.0,0.0,47,82,0.75,0.8571428571428571,0.14285714285714285,4,20,0.6,0.8,0.2,2,3
18,0.74,0.87,237.69355354375293,443,84,174,0,80,False,-1,none,0.3,0.79,0.84,0.52,0.74,0.56,0.7142857142857143,1.0,0.0,53,93,0.85,0.8,0.2,7,16,0.7,0.5,0.5,2,3
18,0.67,0.74,194.5686169602118,456,100,157,0,79,False,-1,none,0.3,0.78,0.8,0.5,0.68,0.55,0.6571428571428571,1.0,0.0,52,85,0.65,0.7777777777777778,0.2222222222222222,5,12,0.8,0.6,0.4,0,3
18,0.7,0.87,228.86622756674376,443,78,163,0,72,False,-1,none,0.3,0.78,0.77,0.52,0.71,0.5,0.6857142857142857,1.0,0.0,55,86,0.6,0.85,0.15,6,13,1.0,0.631578947368421,0.3684210526315789,2,1
18,0.72,0.89,238.44694111634016,441,86,178,0,67,True,4,Shigh,0.3,0.82,0.79,0.57,0.76,0.59,0.6142857142857143,1.0,0.0,53,90,1.0,0.7,0.3,13,14,0.9,0.6875,0.3125,4,4
18,0.66,0.79,211.0865499632783,451,92,160,0,74,False,-1,none,0.3,0.78,0.78,0.55,0.72,0.48,0.6142857142857143,1.0,0.0,46,79,0.7,0.6666666666666666,0.3333333333333333,13,14,0.9,0.8333333333333334,0.16666666666666666,4,4
18,0.75,0.88,233.89040393416363,442,84,180,0,73,False,-1,none,0.3,0.8,0.84,0.57,0.77,0.54,0.7428571428571429,1.0,0.0,62,91,0.65,0.8235294117647058,0.17647058823529413,6,13,1.0,0.6842105263157895,0.3157894736842105,4,4
18,0.69,0.8,212.10876722274912,450,98,178,0,74,True,1,Slow,0.3,0.81,0.84,0.53,0.83,0.55,0.6285714285714286,1.0,0.0,46,92,0.9,0.6521739130434783,0.34782608695652173,11,22,0.7,0.5384615384615384,0.46153846153846156,4,3
18,0.66,0.8,208.57626981975366,450,89,173,0,78,False,-1,none,0.3,0.81,0.76,0.53,0.73,0.59,0.6,1.0,0.0,49,89,0.8,0.9583333333333334,0.041666666666666664,3,24,0.8,0.7142857142857143,0.2857142857142857,4,4
18,0.61,0.71,197.06450606348255,459,81,184,0,74,False,-1,none,0.3,0.79,0.77,0.52,0.74,0.54,0.6285714285714286,1.0,0.0,57,95,0.6,0.7777777777777778,0.2222222222222222,9,13,0.5,0.5555555555555556,0.4444444444444444,6,4
18,0.65,0.8,228.8280571424768,450,105,176,0,64,False,-1,none,0.3,0.79,0.83,0.62,0.78,0.59,0.5714285714285714,1.0,0.0,52,96,0.8,0.7727272727272727,0.22727272727272727,9,14,0.9,0.6666666666666666,0.3333333333333333,3,2
18,0.69,0.78,217.88678147506695,452,102,179,0,76,False,-1,none,0.3,0.85,0.79,0.54,0.83,0.58,0.6571428571428571,1.0,0.0,52,96,0.75,0.8,0.2,9,16,0.8,0.5,0.5,4,2
18,0.67,0.78,205.69057952466093,452,88,170,0,74,False,-1,none,0.3,0.75,0.81,0.56,0.71,0.53,0.6714285714285714,1.0,0.0,57,89,0.6,0.875,0.125,5,16,0.8,0.7333333333333333,0.26666666666666666,0,3
18,0.65,0.81,221.86769892286873,449,101,175,0,78,False,-1,none,0.3,0.85,0.83,0.6,0.78,0.51,0.6142857142857143,1.0,0.0,55,87,0.75,0.8846153846153846,0.11538461538461539,8,17,0.7,0.5833333333333334,0.4166666666666667,3,5
18,0.72,0.89,228.0324272987078,441,93,191,0,77,False,-1,none,0.3,0.82,0.88,0.6,0.85,0.58,0.6714285714285714,1.0,0.0,56,100,0.85,1.0,0.0,3,23,0.8,0.7333333333333333,0.26666666666666666,4,5
18,0.64,0.76,212.38508651577328,454,93,168,0,78,False,-1,none,0.3,0.76,0.8,0.57,0.76,0.48,0.6428571428571429,1.0,0.0,57,92,0.55,0.9411764705882353,0.058823529411764705,2,10,0.8,0.6428571428571429,0.35714285714285715,3,4
18,0.59,0.74,209.97474675097726,456,102,168,0,61,False,-1,none,0.3,0.75,0.77,0.64,0.7,0.58,0.5142857142857142,1.0,0.0,48,93,0.7,0.8636363636363636,0.13636363636363635,6,17,0.9,0.6875,0.3125,3,1
18,0.63,0.76,220.007845607924,454,84,191,0,79,False,-1,none,0.3,0.82,0.77,0.54,0.8,0.58,0.5714285714285714,1.0,0.0,55,97,0.75,0.6842105263157895,0.3157894736842105,13,16,0.8,0.7058823529411765,0.29411764705882354,6,4
18,0.64,0.7,184.90603308522535,460,123,173,0,69,False,-1,none,0.3,0.85,0.83,0.63,0.8,0.55,0.6,1.0,0.0,51,96,0.6,0.7857142857142857,0.21428571428571427,4,14,1.0,0.8571428571428571,0.14285714285714285,3,5
19,0.64,0.76,192.0,454,94,168,0,57,False,-1,none,0.3,0.76,0.76,0.54,0.72,0.6,0.6571428571428571,1.0,0.0,48,95,0.55,0.8,0.2,3,13,0.7,0.5333333333333333,0.4666666666666667,4,5
19,0.63,0.73,195.30000000000007,457,93,172,0,72,False,-1,none,0.3,0.79,0.74,0.57,0.76,0.52,0.6142857142857143,1.0,0.0,50,89,0.7,0.6666666666666666,0.3333333333333333,13,15,0.6,0.6666666666666666,0.3333333333333333,0,5
19,0.62,0.77,172.43099999999993,453,85,167,0,76,True,1,Slow,0.3,0.8,0.76,0.49,0.71,0.53,0.6,1.0,0.0,45,97,0.65,0.8947368421052632,0.10526315789473684,5,13,0.7,0.8,0.2,1,6
19,0.61,0.73,197.78849999999997,457,96,163,0,73,False,-1,none,0.3,0.76,0.78,0.54,0.68,0.56,0.5571428571428572,1.0,0.0,42,91,0.75,0.7727272727272727,0.22727272727272727,10,15,0.7,0.6666666666666666,0.3333333333333333,3,2
19,0.58,0.77,181.8518625,453,104,164,0,65,False,-1,none,0.3,0.78,0.79,0.64,0.72,0.52,0.5142857142857142,1.0,0.0,48,85,0.75,0.9629629629629629,0.037037037037037035,3,25,0.7,0.8571428571428571,0.14285714285714285,0,3
19,0.61,0.77,204.81252750000007,453,104,162,0,72,False,-1,none,0.3,0.81,0.78,0.62,0.7,0.52,0.5714285714285714,1.0,0.0,43,88,0.7,0.9090909090909091,0.09090909090909091,7,19,0.7,0.6,0.4,1,4
19,0.66,0.76,191.37132984375006,454,89,172,0,78,False,-1,none,0.3,0.78,0.78,0.59,0.75,0.47,0.6571428571428571,1.0,0.0,50,88,0.7,0.8947368421052632,0.10526315789473684,7,20,0.6,0.7272727272727273,0.2727272727272727,3,4
19,0.66,0.81,217.72726762499997,449,88,150,0,66,False,-1,none,0.3,0.74,0.74,0.52,0.67,0.52,0.6,1.0,0.0,46,78,0.7,0.95,0.05,0,17,1.0,0.631578947368421,0.3684210526315789,5,4
19,0.7,0.85,225.58933569374992,445,87,183,0,90,False,-1,none,0.3,0.86,0.86,0.52,0.77,0.54,0.6714285714285714,1.0,0.0,54,96,0.8,0.8,0.2,12,16,0.7,0.7692307692307693,0.23076923076923078,2,3
19,0.64,0.76,182.8400141629687,454,88,160,0,71,True,0,Slow,0.3,0.77,0.77,0.5,0.66,0.54,0.6571428571428571,1.0,0.0,41,92,0.55,0.8125,0.1875,7,13,0.7,0.7857142857142857,0.21428571428571427,3,4
19,0.73,0.86,226.33316112585936,444,82,164,0,93,False,-1,none,0.3,0.83,0.79,0.48,0.75,0.47,0.7,1.0,0.0,52,87,0.85,0.88,0.12,5,15,0.7,0.6666666666666666,0.3333333333333333,0,5
19,0.67,0.8,218.6097982375782,450,84,179,0,67,False,-1,none,0.3,0.78,0.79,0.53,0.74,0.59,0.6285714285714286,1.0,0.0,56,91,0.8,0.7,0.3,9,19,0.7,0.875,0.125,1,3
19,0.67,0.76,194.00026820965147,454,96,170,0,83,False,-1,none,0.3,0.81,0.79,0.5,0.75,0.57,0.6142857142857143,1.0,0.0,45,94,0.9,0.782608695652174,0.21739130434782608,7,18,0.6,1.0,0.0,0,6
19,0.68,0.78,196.26507441059883,452,100,165,0,87,False,-1,none,0.3,0.79,0.76,0.6,0.75,0.53,0.6571428571428571,1.0,0.0,48,93,0.75,0.9473684210526315,0.05263157894736842,2,16,0.7,0.7692307692307693,0.23076923076923078,2,4
19,0.77,0.88,214.15869635641405,442,87,198,0,67,False,-1,none,0.3,0.83,0.84,0.62,0.81,0.63,0.7571428571428571,1.0,0.0,63,101,0.85,0.9583333333333334,0.041666666666666664,4,23,0.7,0.7272727272727273,0.2727272727272727,4,3
19,0.78,0.92,241.56178078338516,438,92,180,0,101,False,-1,none,0.3,0.85,0.9,0.57,0.77,0.55,0.7142857142857143,1.0,0.0,53,92,0.95,0.8461538461538461,0.15384615384615385,8,19,0.9,0.75,0.25,5,3
19,0.72,0.83,230.51812982402907,447,104,169,0,84,False,-1,none,0.3,0.84,0.85,0.51,0.81,0.55,0.7,1.0,0.0,46,96,0.65,0.6875,0.3125,6,15,1.0,0.7222222222222222,0.2777777777777778,4,2
19,0.72,0.87,217.66152806827193,443,91,166,0,81,True,0,Slow,0.3,0.79,0.83,0.47,0.8,0.55,0.6714285714285714,1.0,0.0,48,92,0.8,0.7619047619047619,0.23809523809523808,8,13,0.9,0.7894736842105263,0.21052631578947367,1,4
19,0.73,0.87,235.24961962723108,443,84,180,0,64,False,-1,none,0.3,0.81,0.8,0.55,0.75,0.6,0.6714285714285714,1.0,0.0,56,91,0.85,0.8695652173913043,0.13043478260869565,4,19,0.9,0.7058823529411765,0.29411764705882354,4,6
19,0.74,0.95,237.5220990633204,435,113,179,0,88,True,2,Slow,0.3,0.91,0.9,0.57,0.88,0.61,0.6857142857142857,1.0,0.0,47,104,0.8,0.75,0.25,8,15,1.0,0.8571428571428571,0.14285714285714285,2,3
19,0.73,0.85,199.62304544895034,445,97,194,0,59,True,0,Slow,0.3,0.86,0.82,0.62,0.82,0.64,0.7285714285714285,1.0,0.0,60,106,0.7,0.7894736842105263,0.21052631578947367,5,20,0.8,0.7142857142857143,0.2857142857142857,2,1
19,0.73,0.83,198.96954851539653,447,79,182,0,76,True,1,Slow,0.3,0.8,0.81,0.51,0.74,0.58,0.7571428571428571,1.0,0.0,60,93,0.6,0.7368421052631579,0.2631578947368421,11,15,0.8,0.7272727272727273,0.2727272727272727,0,3
19,0.72,0.89,243.72864311426042,441,89,172,0,70,True,4,Shigh,0.3,0.8,0.84,0.55,0.78,0.53,0.6857142857142857,1.0,0.0,48,91,0.8,0.7692307692307693,0.23076923076923078,12,14,0.8,0.6,0.4,3,4
19,0.61,0.75,196.21131534663343,455,104,173,0,63,True,4,Shigh,0.3,0.81,0.77,0.6,0.77,0.57,0.5857142857142857,1.0,0.0,46,99,0.6,0.7894736842105263,0.21052631578947367,11,12,0.8,0.8666666666666667,0.13333333333333333,3,2
19,0.67,0.75,204.0621010945463,455,102,178,0,80,False,-1,none,0.3,0.83,0.82,0.54,0.8,0.56,0.6571428571428571,1.0,0.0,54,95,0.65,0.8125,0.1875,7,17,0.8,0.6923076923076923,0.3076923076923077,2,3
19,0.68,0.81,227.57646037139406,449,89,195,0,75,False,-1,none,0.3,0.84,0.82,0.56,0.81,0.62,0.6571428571428571,1.0,0.0,54,100,0.7,0.8636363636363636,0.13636363636363635,8,22,0.8,0.5384615384615384,0.46153846153846156,7,4
19,0.72,0.84,205.75200933068004,446,100,183,0,78,True,0,Slow,0.3,0.81,0.84,0.66,0.8,0.56,0.6571428571428571,1.0,0.0,55,95,0.85,0.782608695652174,0.21739130434782608,8,15,0.9,0.7333333333333333,0.26666666666666666,6,4
19,0.73,0.85,219.0665467126653,445,91,185,0,74,False,-1,none,0.3,0.84,0.82,0.56,0.79,0.6,0.6857142857142857,1.0,0.0,56,95,0.85,0.7391304347826086,0.2608695652173913,9,21,0.8,0.9285714285714286,0.07142857142857142,0,4
19,0.69,0.84,216.4499431551181,446,90,189,0,77,False,-1,none,0.3,0.81,0.83,0.59,0.81,0.59,0.7,1.0,0.0,53,105,0.6,0.7333333333333333,0.26666666666666666,11,16,0.8,0.9,0.1,1,3
19,0.73,0.83,222.58552485348798,447,93,182,0,87,False,-1,none,0.3,0.83,0.81,0.53,0.8,0.61,0.7,1.0,0.0,49,97,0.8,0.8571428571428571,0.14285714285714285,6,21,0.8,0.6153846153846154,0.38461538461538464,5,4
19,0.66,0.79,201.30954294910396,451,87,174,0,65,False,-1,none,0.3,0.77,0.77,0.51,0.76,0.59,0.6,1.0,0.0,46,94,0.85,0.8333333333333334,0.16666666666666666,6,22,0.7,0.7692307692307693,0.23076923076923078,2,4
19,0.64,0.74,187.13698660093988,456,102,179,0,80,False,-1,none,0.3,0.76,0.84,0.64,0.78,0.53,0.6142857142857143,1.0,0.0,57,93,0.75,0.7894736842105263,0.21052631578947367,8,19,0.6,0.8333333333333334,0.16666666666666666,2,0
19,0.68,0.75,199.57620695215098,455,79,188,0,78,False,-1,none,0.3,0.76,0.81,0.56,0.73,0.56,0.7142857142857143,1.0,0.0,62,97,0.5,0.6666666666666666,0.3333333333333333,8,13,0.8,0.6153846153846154,0.38461538461538464,5,3
19,0.65,0.77,190.7950685461521,453,101,174,0,68,True,3,Shigh,0.3,0.83,0.81,0.56,0.77,0.55,0.6,1.0,0.0,56,99,0.75,0.6956521739130435,0.30434782608695654,6,12,0.8,0.9166666666666666,0.08333333333333333,0,1
19,0.54,0.7,145.00571847241932,460,96,149,0,70,True,0,Slow,0.3,0.72,0.71,0.47,0.67,0.58,0.4857142857142857,1.0,0.0,35,92,0.6,0.9473684210526315,0.05263157894736842,3,13,0.8,0.8,0.2,3,3
19,0.7,0.84,172.29883085128648,446,95,166,0,80,True,0,Slow,0.3,0.84,0.8,0.56,0.76,0.49,0.6857142857142857,1.0,0.0,56,88,0.7,1.0,0.0,2,18,0.8,0.8666666666666667,0.13333333333333333,0,2
19,0.65,0.74,193.77804322887582,456,104,167,0,70,False,-1,none,0.3,0.79,0.74,0.59,0.77,0.56,0.6142857142857143,1.0,0.0,43,99,0.7,0.8823529411764706,0.11764705882352941,4,13,0.8,0.6428571428571429,0.35714285714285715,4,4
19,0.65,0.78,198.3207350080583,452,76,175,0,56,True,4,Shigh,0.3,0.69,0.73,0.59,0.73,0.55,0.6857142857142857,1.0,0.0,57,94,0.45,0.875,0.125,4,14,0.8,0.5,0.5,0,6
19,0.66,0.75,199.8723461648935,455,85,164,0,86,False,-1,none,0.3,0.79,0.78,0.42,0.74,0.51,0.6714285714285714,1.0,0.0,46,91,0.6,0.8888888888888888,0.1111111111111111,3,16,0.7,0.4,0.6,3,5
19,0.74,0.9,226.59243409605443,440,98,199,0,78,True,2,Slow,0.3,0.88,0.91,0.57,0.84,0.67,0.7285714285714285,1.0,0.0,55,104,0.8,0.8333333333333334,0.16666666666666666,7,26,0.7,0.6153846153846154,0.38461538461538464,0,7
19,0.69,0.78,186.93980387549018,452,86,187,0,69,False,-1,none,0.3,0.82,0.8,0.55,0.79,0.55,0.6857142857142857,1.0,0.0,56,96,0.8,0.9047619047619048,0.09523809523809523,5,21,0.5,0.6666666666666666,0.3333333333333333,7,2
19,0.71,0.88,192.6878890966423,442,105,172,0,80,True,0,Slow,0.3,0.86,0.85,0.55,0.78,0.61,0.7142857142857143,1.0,0.0,44,101,0.7,0.9047619047619048,0.09523809523809523,4,15,0.7,0.6923076923076923,0.3076923076923077,4,4
19,0.64,0.78,191.17875931703054,452,85,152,0,65,True,0,Slow,0.3,0.72,0.72,0.51,0.7,0.5,0.6428571428571429,1.0,0.0,42,87,0.5,0.8823529411764706,0.11764705882352941,5,10,0.9,0.5333333333333333,0.4666666666666667,2,6
19,0.66,0.76,190.02161342761147,454,103,157,0,74,False,-1,none,0.3,0.81,0.8,0.59,0.72,0.44,0.6142857142857143,1.0,0.0,44,80,0.8,0.8695652173913043,0.13043478260869565,6,24,0.7,0.7,0.3,1,2
19,0.65,0.75,190.5502027585466,455,91,162,0,87,False,-1,none,0.3,0.76,0.79,0.44,0.76,0.53,0.6,1.0,0.0,39,93,0.85,0.875,0.125,7,20,0.6,0.6666666666666666,0.3333333333333333,0,3
19,0.7,0.84,209.97882483800586,446,78,176,0,77,False,-1,none,0.3,0.79,0.78,0.53,0.74,0.54,0.6714285714285714,1.0,0.0,57,93,0.7,0.8636363636363636,0.13636363636363635,7,13,0.9,0.8666666666666667,0.13333333333333333,1,5
19,0.7,0.85,219.34647160188547,445,96,182,0,72,False,-1,none,0.3,0.83,0.83,0.58,0.8,0.59,0.6428571428571429,1.0,0.0,48,97,0.85,0.875,0.125,9,20,0.8,0.8125,0.1875,3,5
19,0.77,0.88,230.40058235080573,442,83,198,0,71,False,-1,none,0.3,0.86,0.81,0.61,0.81,0.6,0.7857142857142857,1.0,0.0,63,104,0.8,0.9130434782608695,0.08695652173913043,4,19,0.6,0.5,0.5,4,4
19,0.69,0.81,204.89383166433257,449,98,190,0,76,True,2,Slow,0.3,0.85,0.82,0.6,0.8,0.62,0.6428571428571429,1.0,0.0,55,102,0.75,0.85,0.15,5,21,0.9,0.7333333333333333,0.26666666666666666,4,3
19,0.72,0.84,220.09442591371734,446,84,186,0,71,False,-1,none,0.3,0.82,0.78,0.62,0.78,0.54,0.6857142857142857,1.0,0.0,62,92,0.75,0.9090909090909091,0.09090909090909091,3,22,0.9,0.5714285714285714,0.42857142857142855,3,4
19,0.72,0.86,211.32801897437835,444,113,184,0,62,False,-1,none,0.3,0.89,0.86,0.69,0.81,0.58,0.7142857142857143,1.0,0.0,53,100,0.7,0.9545454545454546,0.045454545454545456,1,21,0.8,0.6428571428571429,0.35714285714285715,4,5
19,0.74,0.81,197.7305271334711,449,92,179,0,83,False,-1,none,0.3,0.84,0.81,0.6,0.73,0.54,0.7142857142857143,1.0,0.0,60,91,0.75,0.9444444444444444,0.05555555555555555,3,20,0.9,0.6923076923076923,0.3076923076923077,3,2
19,0.63,0.7,172.94776362015153,460,118,175,0,77,False,-1,none,0.3,0.79,0.85,0.54,0.83,0.62,0.6142857142857143,1.0,0.0,41,106,0.75,0.8421052631578947,0.15789473684210525,7,19,0.5,0.75,0.25,0,2
19,0.69,0.85,219.04709821681988,445,81,173,0,86,False,-1,none,0.3,0.77,0.79,0.6,0.68,0.55,0.6285714285714286,1.0,0.0,60,87,0.8,0.9130434782608695,0.08695652173913043,6,17,0.9,0.6666666666666666,0.3333333333333333,0,3
19,0.65,0.82,192.80098725475273,448,74,171,0,78,True,2,Slow,0.3,0.76,0.75,0.5,0.74,0.52,0.6142857142857143,1.0,0.0,53,92,0.75,0.875,0.125,6,17,0.7,0.6428571428571429,0.35714285714285715,2,1
19,0.67,0.79,206.2508085264985,451,94,168,0,74,True,4,Shigh,0.3,0.76,0.81,0.53,0.79,0.52,0.6142857142857143,1.0,0.0,44,90,0.8,0.7142857142857143,0.2857142857142857,13,17,0.8,0.6666666666666666,0.3333333333333333,3,1
19,0.63,0.77,187.7063271453572,453,96,159,0,68,False,-1,none,0.3,0.78,0.77,0.54,0.7,0.53,0.6142857142857143,1.0,0.0,42,91,0.65,0.9047619047619048,0.09523809523809523,3,18,0.7,0.8461538461538461,0.15384615384615385,3,2
19,0.72,0.82,216.35386835670192,448,102,175,0,81,False,-1,none,0.3,0.79,0.86,0.59,0.79,0.56,0.6857142857142857,1.0,0.0,55,95,0.75,0.8421052631578947,0.15789473684210525,7,15,0.9,0.7333333333333333,0.26666666666666666,1,2
19,0.62,0.77,206.52544266864084,453,94,157,0,62,False,-1,none,0.3,0.74,0.77,0.5,0.71,0.56,0.5714285714285714,1.0,0.0,43,90,0.65,0.8,0.2,4,15,0.9,0.7058823529411765,0.29411764705882354,0,5
19,0.78,0.93,231.86308482787499,437,88,192,0,82,False,-1,none,0.3,0.88,0.87,0.63,0.85,0.5,0.7571428571428571,1.0,0.0,65,96,0.85,0.8888888888888888,0.1111111111111111,11,18,0.8,0.6923076923076923,0.3076923076923077,2,0
19,0.7,0.85,229.22071581338045,445,96,175,0,79,False,-1,none,0.3,0.8,0.79,0.56,0.81,0.6,0.6,1.0,0.0,44,92,1.0,0.8275862068965517,0.1724137931034483,7,24,0.8,0.5,0.5,4,4
19,0.74,0.88,226.49606096542715,442,98,180,0,59,False,-1,none,0.3,0.84,0.79,0.59,0.77,0.67,0.6857142857142857,1.0,0.0,41,102,0.9,0.7692307692307693,0.23076923076923078,11,19,0.8,0.7142857142857143,0.2857142857142857,4,3
19,0.74,0.86,223.72962102328705,444,89,169,0,81,False,-1,none,0.3,0.81,0.8,0.45,0.79,0.59,0.7,1.0,0.0,45,92,0.85,0.8181818181818182,0.18181818181818182,11,19,0.8,0.6666666666666666,0.3333333333333333,0,2
19,0.79,0.88,215.84570270336832,442,89,189,0,69,False,-1,none,0.3,0.83,0.86,0.61,0.78,0.58,0.7714285714285715,1.0,0.0,67,97,0.8,0.9047619047619048,0.09523809523809523,2,16,0.9,0.6923076923076923,0.3076923076923077,4,3
19,0.64,0.79,196.3255754526767,451,82,162,0,72,False,-1,none,0.3,0.74,0.72,0.52,0.69,0.56,0.6142857142857143,1.0,0.0,53,89,0.65,0.9565217391304348,0.043478260869565216,3,15,0.8,0.6923076923076923,0.3076923076923077,0,2
19,0.66,0.79,192.68826707742738,451,92,155,0,89,True,0,Slow,0.3,0.76,0.75,0.53,0.75,0.47,0.6142857142857143,1.0,0.0,40,93,0.75,0.8095238095238095,0.19047619047619047,9,11,0.8,0.6666666666666666,0.3333333333333333,1,1
20,0.66,0.8,192.0,450,100,159,0,86,False,-1,none,0.3,0.81,0.8,0.54,0.75,0.49,0.6285714285714286,1.0,0.0,46,87,0.7,0.75,0.25,9,11,0.8,0.8125,0.1875,3,3
20,0.64,0.77,174.30000000000007,453,90,173,0,70,False,-1,none,0.3,0.79,0.77,0.52,0.75,0.57,0.6428571428571429,1.0,0.0,48,98,0.65,0.95,0.05,1,21,0.6,0.8333333333333334,0.16666666666666666,2,3
20,0.57,0.75,189.62999999999997,455,96,150,0,64,True,3,Shigh,0.3,0.73,0.73,0.56,0.69,0.5,0.5285714285714286,1.0,0.0,47,84,0.6,0.7368421052631579,0.2631578947368421,3,7,0.8,0.631578947368421,0.3684210526315789,5,4
20,0.65,0.74,195.31574999999995,456,104,153,0,74,False,-1,none,0.3,0.78,0.76,0.51,0.71,0.55,0.6142857142857143,1.0,0.0,43,89,0.9,0.782608695652174,0.21739130434782608,7,9,0.4,0.375,0.625,4,1
20,0.62,0.75,184.99949999999995,455,99,148,0,68,False,-1,none,0.3,0.75,0.75,0.53,0.74,0.45,0.6,1.0,0.0,40,81,0.8,0.8695652173913043,0.13043478260869565,7,16,0.4,0.6,0.4,1,3
20,0.63,0.78,191.46014999999997,452,110,154,0,78,False,-1,none,0.3,0.8,0.77,0.54,0.69,0.62,0.5571428571428572,1.0,0.0,35,95,0.7,0.85,0.15,7,13,1.0,0.7368421052631579,0.2631578947368421,0,4
20,0.71,0.85,217.95499687499995,445,108,177,0,80,False,-1,none,0.3,0.84,0.84,0.56,0.85,0.61,0.6571428571428571,1.0,0.0,47,98,0.8,0.7142857142857143,0.2857142857142857,8,17,0.9,0.7777777777777778,0.2222222222222222,4,3
20,0.68,0.8,194.40974503124997,450,90,152,0,83,False,-1,none,0.3,0.76,0.78,0.47,0.68,0.53,0.6714285714285714,1.0,0.0,45,85,0.65,0.8888888888888888,0.1111111111111111,5,14,0.8,0.6666666666666666,0.3333333333333333,2,1
20,0.76,0.9,232.139899490625,440,87,173,0,85,False,-1,none,0.3,0.81,0.82,0.54,0.81,0.52,0.7,1.0,0.0,56,92,0.9,0.8260869565217391,0.17391304347826086,7,13,0.9,0.5555555555555556,0.4444444444444444,3,2
20,0.73,0.83,207.2499343867968,447,80,185,0,67,False,-1,none,0.3,0.82,0.78,0.49,0.78,0.61,0.7142857142857143,1.0,0.0,58,103,0.75,0.75,0.25,5,15,0.8,0.5384615384615384,0.46153846153846156,2,2
20,0.74,0.92,221.94257429039055,438,95,161,0,72,True,3,Shigh,0.3,0.79,0.79,0.61,0.78,0.51,0.7142857142857143,1.0,0.0,51,91,0.85,0.6071428571428571,0.39285714285714285,8,9,0.7,0.7857142857142857,0.21428571428571427,2,0
20,0.76,0.9,208.09641618945702,440,86,167,0,77,False,-1,none,0.3,0.8,0.79,0.59,0.76,0.49,0.7428571428571429,1.0,0.0,55,82,0.8,0.8695652173913043,0.13043478260869565,7,18,0.8,0.7333333333333333,0.26666666666666666,2,3
20,0.68,0.82,197.35614708837892,448,76,160,0,77,True,2,Slow,0.3,0.76,0.73,0.45,0.7,0.54,0.6571428571428571,1.0,0.0,52,85,0.75,0.6190476190476191,0.38095238095238093,10,10,0.7,0.7142857142857143,0.2857142857142857,0,3
20,0.73,0.84,197.98118576135158,446,101,170,0,75,False,-1,none,0.3,0.82,0.84,0.53,0.79,0.57,0.7142857142857143,1.0,0.0,50,98,0.8,0.8095238095238095,0.19047619047619047,6,12,0.7,0.6923076923076923,0.3076923076923077,2,2
20,0.68,0.82,201.25340837022833,448,86,183,0,64,False,-1,none,0.3,0.79,0.82,0.57,0.75,0.58,0.6571428571428571,1.0,0.0,57,96,0.65,0.8333333333333334,0.16666666666666666,6,14,0.9,0.6111111111111112,0.3888888888888889,5,5
20,0.66,0.74,201.80000084373282,456,111,162,0,78,False,-1,none,0.3,0.83,0.83,0.47,0.8,0.54,0.6142857142857143,1.0,0.0,43,93,0.75,0.5333333333333333,0.4666666666666667,11,11,0.8,0.5625,0.4375,2,2
20,0.68,0.85,202.65810772850503,445,88,161,0,76,True,3,Shigh,0.3,0.77,0.78,0.54,0.7,0.55,0.6428571428571429,1.0,0.0,53,93,0.75,0.6923076923076923,0.3076923076923077,6,8,0.8,0.6923076923076923,0.3076923076923077,0,1
20,0.68,0.85,200.1651512787355,445,87,172,0,76,False,-1,none,0.3,0.79,0.8,0.52,0.79,0.54,0.6285714285714286,1.0,0.0,47,97,0.8,0.9230769230769231,0.07692307692307693,5,16,0.8,0.8,0.2,3,4
20,0.62,0.76,181.1165427778564,454,90,161,0,78,False,-1,none,0.3,0.74,0.78,0.45,0.75,0.55,0.5857142857142857,1.0,0.0,42,93,0.65,0.8947368421052632,0.10526315789473684,3,14,0.8,0.75,0.25,4,5
20,0.67,0.79,177.3999201227768,451,84,161,0,86,True,1,Slow,0.3,0.78,0.77,0.51,0.74,0.44,0.7,1.0,0.0,50,92,0.65,0.8333333333333334,0.16666666666666666,7,9,0.5,0.4,0.6,2,1
20,0.72,0.85,215.4802498524964,445,104,172,0,79,False,-1,none,0.3,0.86,0.84,0.62,0.74,0.55,0.6857142857142857,1.0,0.0,52,88,0.85,0.782608695652174,0.21739130434782608,9,17,0.7,0.7142857142857143,0.2857142857142857,2,4
20,0.66,0.82,214.54924463471744,448,96,175,0,72,False,-1,none,0.3,0.77,0.81,0.59,0.77,0.59,0.5571428571428572,1.0,0.0,51,92,0.95,0.8214285714285714,0.17857142857142858,10,17,0.8,0.6666666666666666,0.3333333333333333,2,3
20,0.69,0.83,190.95408025714417,447,77,160,0,100,True,1,Slow,0.3,0.78,0.78,0.44,0.73,0.47,0.7,1.0,0.0,57,89,0.65,0.7894736842105263,0.21052631578947367,3,9,0.7,0.6428571428571429,0.35714285714285715,1,1
20,0.7,0.82,199.93495921874057,448,76,168,0,69,False,-1,none,0.3,0.75,0.77,0.5,0.74,0.5,0.6857142857142857,1.0,0.0,53,89,0.75,0.8095238095238095,0.19047619047619047,9,15,0.7,0.7692307692307693,0.23076923076923078,1,1
20,0.73,0.82,214.73061825572782,448,108,179,0,76,False,-1,none,0.3,0.84,0.83,0.61,0.82,0.59,0.6571428571428571,1.0,0.0,52,98,0.9,0.6956521739130435,0.30434782608695654,9,13,0.9,0.6923076923076923,0.3076923076923077,1,6
20,0.59,0.76,181.0494959022437,454,90,156,0,73,False,-1,none,0.3,0.74,0.74,0.52,0.7,0.52,0.5714285714285714,1.0,0.0,41,88,0.55,0.9444444444444444,0.05555555555555555,6,15,0.8,0.7222222222222222,0.2777777777777778,2,4
20,0.73,0.89,226.44351070379957,441,106,190,0,70,False,-1,none,0.3,0.9,0.9,0.61,0.87,0.57,0.6857142857142857,1.0,0.0,56,98,0.9,0.6666666666666666,0.3333333333333333,17,16,0.7,0.7857142857142857,0.21428571428571427,0,3
20,0.67,0.82,200.88992422828218,448,99,170,0,74,False,-1,none,0.3,0.82,0.83,0.57,0.76,0.53,0.6142857142857143,1.0,0.0,49,89,0.85,0.84,0.16,9,20,0.7,0.7142857142857143,0.2857142857142857,0,3
20,0.65,0.83,200.01986492983792,447,93,179,0,80,True,3,Shigh,0.3,0.81,0.79,0.61,0.74,0.6,0.6428571428571429,1.0,0.0,53,98,0.7,0.8260869565217391,0.17391304347826086,9,12,0.6,0.6666666666666666,0.3333333333333333,2,5
20,0.66,0.78,179.62310863526696,452,91,156,0,80,True,2,Slow,0.3,0.77,0.79,0.53,0.73,0.43,0.6714285714285714,1.0,0.0,50,91,0.65,0.7368421052631579,0.2631578947368421,9,6,0.6,0.8333333333333334,0.16666666666666666,0,0
20,0.73,0.85,229.06849050685426,445,99,184,0,87,False,-1,none,0.3,0.87,0.86,0.6,0.74,0.61,0.7285714285714285,1.0,0.0,58,98,0.65,0.4,0.6,14,7,0.9,0.7894736842105263,0.21052631578947367,3,4
20,0.69,0.81,216.25675564910992,449,87,189,0,78,False,-1,none,0.3,0.84,0.82,0.53,0.78,0.6,0.6714285714285714,1.0,0.0,55,102,0.7,0.6111111111111112,0.3888888888888889,15,12,0.8,0.75,0.25,1,4
20,0.55,0.65,171.79539176608455,465,86,139,0,70,False,-1,none,0.3,0.68,0.7,0.46,0.6,0.46,0.5142857142857142,1.0,0.0,44,72,0.6,0.7777777777777778,0.2222222222222222,6,13,0.7,0.6363636363636364,0.36363636363636365,0,4
20,0.68,0.79,222.31357816683322,451,111,159,0,86,False,-1,none,0.3,0.81,0.83,0.54,0.75,0.56,0.6142857142857143,1.0,0.0,44,88,0.85,0.6818181818181818,0.3181818181818182,12,10,0.8,0.5,0.5,1,4
20,0.65,0.82,212.05863541896775,448,91,180,0,77,False,-1,none,0.3,0.84,0.82,0.51,0.8,0.56,0.5714285714285714,1.0,0.0,50,97,0.8,0.782608695652174,0.21739130434782608,12,12,0.9,0.8421052631578947,0.15789473684210525,1,8
20,0.67,0.78,221.2745595832061,452,109,158,0,75,False,-1,none,0.3,0.82,0.82,0.53,0.79,0.49,0.6142857142857143,1.0,0.0,43,83,0.75,0.6842105263157895,0.3157894736842105,16,10,0.9,0.5625,0.4375,2,4
20,0.65,0.8,227.477734153668,450,91,159,0,75,False,-1,none,0.3,0.76,0.79,0.5,0.75,0.5,0.5571428571428572,1.0,0.0,45,83,0.95,0.7037037037037037,0.2962962962962963,14,13,0.7,0.6428571428571429,0.35714285714285715,1,3
20,0.6,0.74,197.01388971119044,456,106,164,0,71,False,-1,none,0.3,0.8,0.81,0.53,0.75,0.55,0.5428571428571428,1.0,0.0,40,92,0.7,0.7368421052631579,0.2631578947368421,12,16,0.8,0.8235294117647058,0.17647058823529413,1,3
20,0.71,0.84,218.99587118718387,446,90,175,0,86,False,-1,none,0.3,0.85,0.82,0.53,0.76,0.53,0.6571428571428571,1.0,0.0,58,90,0.85,0.7142857142857143,0.2857142857142857,10,11,0.8,0.8823529411764706,0.11764705882352941,0,6
20,0.71,0.76,215.85526794241568,454,94,180,0,75,False,-1,none,0.3,0.79,0.83,0.56,0.8,0.52,0.7,1.0,0.0,56,94,0.75,0.5882352941176471,0.4117647058823529,16,12,0.7,0.6,0.4,1,1
20,0.72,0.79,214.29665529394683,451,99,191,0,76,False,-1,none,0.3,0.88,0.83,0.61,0.82,0.55,0.6857142857142857,1.0,0.0,68,96,0.85,0.631578947368421,0.3684210526315789,11,13,0.7,0.75,0.25,0,3
20,0.74,0.82,233.44595198379957,448,104,183,0,71,False,-1,none,0.3,0.82,0.87,0.62,0.8,0.58,0.7142857142857143,1.0,0.0,55,95,0.75,0.5625,0.4375,13,12,0.9,0.5625,0.4375,4,4
20,0.66,0.82,215.93396791728904,448,107,179,0,87,False,-1,none,0.3,0.88,0.83,0.53,0.83,0.61,0.5857142857142857,1.0,0.0,49,98,0.85,0.76,0.24,10,17,0.8,0.75,0.25,1,4
20,0.69,0.82,202.36402104973783,448,99,181,0,78,False,-1,none,0.3,0.84,0.83,0.54,0.79,0.62,0.6571428571428571,1.0,0.0,53,105,0.75,0.9047619047619048,0.09523809523809523,3,16,0.8,0.7333333333333333,0.26666666666666666,3,1
20,0.74,0.92,219.509224717517,438,92,161,0,75,True,1,Slow,0.3,0.78,0.78,0.55,0.78,0.56,0.7285714285714285,1.0,0.0,43,98,0.75,0.75,0.25,6,8,0.8,0.6666666666666666,0.3333333333333333,2,4
20,0.67,0.87,192.70069273976395,443,84,157,0,77,True,1,Slow,0.3,0.78,0.77,0.52,0.71,0.5,0.6571428571428571,1.0,0.0,45,91,0.65,0.9047619047619048,0.09523809523809523,3,13,0.8,0.6842105263157895,0.3157894736842105,1,4
20,0.71,0.85,217.48212575728698,445,103,183,0,84,False,-1,none,0.3,0.89,0.83,0.5,0.82,0.67,0.6857142857142857,1.0,0.0,48,105,0.75,0.631578947368421,0.3684210526315789,10,13,0.8,0.7058823529411765,0.29411764705882354,3,4
20,0.71,0.76,182.37784366336976,454,94,178,0,77,False,-1,none,0.3,0.81,0.79,0.54,0.77,0.57,0.7428571428571429,1.0,0.0,54,102,0.75,0.7368421052631579,0.2631578947368421,7,12,0.4,0.8,0.2,2,1
20,0.71,0.8,201.03219537640945,450,101,177,0,77,False,-1,none,0.3,0.85,0.84,0.55,0.75,0.59,0.6714285714285714,1.0,0.0,52,92,0.9,0.75,0.25,11,19,0.6,0.5,0.5,1,2
20,0.7,0.84,208.2753080685012,446,84,172,0,75,False,-1,none,0.3,0.77,0.78,0.52,0.79,0.54,0.6714285714285714,1.0,0.0,51,92,0.75,0.8571428571428571,0.14285714285714285,8,17,0.8,0.625,0.375,3,1
20,0.69,0.84,198.6482368001392,446,88,165,0,68,False,-1,none,0.3,0.78,0.78,0.56,0.74,0.51,0.6857142857142857,1.0,0.0,52,92,0.6,0.75,0.25,8,9,0.9,0.85,0.15,1,3
20,0.61,0.72,191.46995787309336,458,96,165,0,67,False,-1,none,0.3,0.77,0.73,0.54,0.71,0.58,0.5571428571428572,1.0,0.0,44,91,0.65,0.6666666666666666,0.3333333333333333,12,11,0.9,0.5882352941176471,0.4117647058823529,6,1
20,0.68,0.85,211.81642170105584,445,79,180,0,66,False,-1,none,0.3,0.78,0.77,0.52,0.77,0.6,0.6571428571428571,1.0,0.0,53,100,0.8,0.875,0.125,7,16,0.6,0.6,0.4,2,2
20,0.72,0.88,231.76225703102665,442,102,183,0,67,False,-1,none,0.3,0.86,0.81,0.64,0.82,0.6,0.6714285714285714,1.0,0.0,57,103,0.8,0.8260869565217391,0.17391304347826086,8,11,0.9,0.5555555555555556,0.4444444444444444,2,2
20,0.68,0.84,202.37615853781026,446,98,177,0,76,True,1,Slow,0.3,0.83,0.79,0.58,0.79,0.6,0.6285714285714286,1.0,0.0,53,102,0.8,0.8181818181818182,0.18181818181818182,5,12,0.8,0.5882352941176471,0.4117647058823529,4,1
20,0.68,0.85,205.05520457886638,445,95,182,0,73,False,-1,none,0.3,0.8,0.79,0.59,0.81,0.63,0.6571428571428571,1.0,0.0,53,102,0.7,0.8181818181818182,0.18181818181818182,7,17,0.8,0.8235294117647058,0.17647058823529413,1,2
20,0.68,0.88,192.25406768292925,442,91,153,0,88,True,0,Slow,0.3,0.81,0.8,0.44,0.75,0.52,0.6285714285714286,1.0,0.0,36,91,0.7,0.7619047619047619,0.23809523809523808,10,10,1.0,0.8181818181818182,0.18181818181818182,2,4
20,0.72,0.87,210.88546329568396,443,82,186,0,80,False,-1,none,0.3,0.78,0.8,0.59,0.8,0.58,0.7,1.0,0.0,61,101,0.8,0.7391304347826086,0.2608695652173913,9,10,0.7,0.8,0.2,1,4
20,0.72,0.88,216.92911573901142,442,76,176,0,70,False,-1,none,0.3,0.79,0.8,0.5,0.73,0.58,0.6857142857142857,1.0,0.0,53,92,0.8,0.9166666666666666,0.08333333333333333,6,18,0.8,0.5625,0.4375,4,3
20,0.66,0.85,206.3579592455679,445,116,164,0,70,True,3,Shigh,0.3,0.83,0.81,0.6,0.78,0.63,0.5714285714285714,1.0,0.0,49,98,0.85,0.8076923076923077,0.19230769230769232,5,8,0.9,0.7368421052631579,0.2631578947368421,1,3
20,0.66,0.78,194.29793138489342,452,110,156,0,86,False,-1,none,0.3,0.82,0.83,0.57,0.74,0.48,0.6428571428571429,1.0,0.0,51,90,0.6,0.875,0.125,4,7,0.9,0.5882352941176471,0.4117647058823529,2,2
20,0.7,0.83,213.86716559162411,447,104,164,0,79,False,-1,none,0.3,0.83,0.83,0.57,0.75,0.53,0.6714285714285714,1.0,0.0,49,93,0.7,0.7894736842105263,0.21052631578947367,7,8,0.9,0.5882352941176471,0.4117647058823529,3,4
20,0.57,0.69,178.96299156127395,461,123,136,0,82,False,-1,none,0.3,0.77,0.73,0.54,0.73,0.51,0.4714285714285714,1.0,0.0,27,86,0.8,0.7727272727272727,0.22727272727272727,11,7,0.8,0.7142857142857143,0.2857142857142857,1,4
20,0.75,0.89,247.70212533320657,441,89,184,0,68,False,-1,none,0.3,0.82,0.83,0.59,0.78,0.6,0.7142857142857143,1.0,0.0,56,92,0.75,0.5789473684210527,0.42105263157894735,14,10,1.0,0.6,0.4,5,7
20,0.64,0.72,187.22085486059493,458,113,163,0,77,False,-1,none,0.3,0.84,0.79,0.49,0.76,0.6,0.5857142857142857,1.0,0.0,44,96,0.7,0.75,0.25,7,14,0.9,0.7333333333333333,0.26666666666666666,0,2
20,0.71,0.8,213.87720031131317,450,97,153,0,100,False,-1,none,0.3,0.8,0.81,0.49,0.77,0.43,0.7,1.0,0.0,44,86,0.7,0.6470588235294118,0.35294117647058826,10,9,0.8,0.6428571428571429,0.35714285714285715,1,3
21,0.65,0.79,186.0,451,118,155,0,68,False,-1,none,0.3,0.8,0.83,0.58,0.78,0.53,0.6142857142857143,1.0,0.0,42,90,0.75,0.8095238095238095,0.19047619047619047,5,14,0.7,0.8,0.2,0,4
21,0.57,0.61,149.10000000000005,469,109,152,0,78,False,-1,none,0.3,0.76,0.76,0.49,0.71,0.5,0.6,1.0,0.0,45,94,0.55,0.8333333333333334,0.16666666666666666,3,7,0.4,0.5714285714285714,0.42857142857142855,1,2
21,0.66,0.77,192.04499999999996,453,95,171,0,67,False,-1,none,0.3,0.8,0.79,0.52,0.74,0.58,0.6,1.0,0.0,48,92,0.75,0.8421052631578947,0.15789473684210525,9,16,0.9,0.6875,0.3125,2,4
21,0.69,0.82,204.74999999999994,448,100,182,0,81,False,-1,none,0.3,0.82,0.85,0.47,0.85,0.65,0.6714285714285714,1.0,0.0,52,99,0.8,0.8181818181818182,0.18181818181818182,2,25,0.6,0.6153846153846154,0.38461538461538464,1,3
21,0.67,0.8,198.92013749999995,450,97,160,0,73,False,-1,none,0.3,0.79,0.79,0.51,0.74,0.54,0.6571428571428571,1.0,0.0,46,90,0.65,0.8571428571428571,0.14285714285714285,5,14,0.8,0.5384615384615384,0.46153846153846156,2,3
21,0.71,0.87,225.05883749999995,443,95,168,0,75,False,-1,none,0.3,0.82,0.82,0.53,0.77,0.56,0.6857142857142857,1.0,0.0,46,91,0.75,0.7916666666666666,0.20833333333333334,10,14,0.8,0.6,0.4,2,5
21,0.61,0.65,185.87240437499997,465,96,170,0,69,False,-1,none,0.3,0.77,0.76,0.48,0.72,0.58,0.6,1.0,0.0,40,96,0.7,0.5333333333333333,0.4666666666666667,16,12,0.5,0.375,0.625,2,4
21,0.66,0.83,206.84866387499997,447,96,157,0,74,False,-1,none,0.3,0.8,0.75,0.51,0.74,0.56,0.6142857142857143,1.0,0.0,37,90,0.75,0.7727272727272727,0.22727272727272727,8,16,0.8,0.7222222222222222,0.2777777777777778,1,5
21,0.7,0.82,180.62758989843746,448,107,158,0,73,True,0,Slow,0.3,0.82,0.8,0.53,0.76,0.56,0.6571428571428571,1.0,0.0,44,92,0.8,0.8095238095238095,0.19047619047619047,5,12,0.8,0.6666666666666666,0.3333333333333333,0,5
21,0.67,0.78,193.09688291249995,452,93,168,0,71,False,-1,none,0.3,0.79,0.8,0.59,0.75,0.46,0.7,1.0,0.0,57,90,0.65,0.8,0.2,6,13,0.5,0.4444444444444444,0.5555555555555556,2,0
21,0.64,0.79,209.87219078437496,451,85,175,0,66,False,-1,none,0.3,0.73,0.77,0.51,0.76,0.62,0.6428571428571429,1.0,0.0,47,102,0.6,0.6470588235294118,0.35294117647058826,9,13,0.7,0.6470588235294118,0.35294117647058826,1,3
21,0.59,0.71,183.0911000625,459,110,158,0,86,False,-1,none,0.3,0.75,0.78,0.5,0.74,0.62,0.5571428571428572,1.0,0.0,36,97,0.55,0.8,0.2,8,14,0.9,0.5882352941176471,0.4117647058823529,0,3
21,0.73,0.9,214.95841398281257,440,82,167,0,96,False,-1,none,0.3,0.81,0.8,0.55,0.77,0.46,0.6714285714285714,1.0,0.0,55,81,0.9,0.7692307692307693,0.23076923076923078,12,17,0.8,0.8235294117647058,0.17647058823529413,1,1
21,0.7,0.86,191.3898128772656,444,88,182,0,79,False,-1,none,0.3,0.81,0.85,0.53,0.77,0.6,0.7142857142857143,1.0,0.0,56,99,0.7,0.9047619047619048,0.09523809523809523,6,17,0.6,0.6666666666666666,0.3333333333333333,1,3
21,0.66,0.83,182.01967733249995,447,89,152,0,71,False,-1,none,0.3,0.78,0.74,0.53,0.68,0.51,0.6142857142857143,1.0,0.0,48,79,0.8,0.92,0.08,2,17,0.7,0.7857142857142857,0.21428571428571427,0,6
21,0.68,0.81,203.08918342781243,449,108,146,0,80,False,-1,none,0.3,0.8,0.81,0.52,0.76,0.46,0.6571428571428571,1.0,0.0,39,87,0.7,0.7619047619047619,0.23809523809523808,8,8,0.8,0.46153846153846156,0.5384615384615384,2,2
21,0.67,0.79,183.81124392036324,451,94,156,0,76,True,2,Slow,0.3,0.78,0.78,0.54,0.74,0.45,0.6571428571428571,1.0,0.0,51,79,0.65,0.8888888888888888,0.1111111111111111,4,17,0.8,0.5,0.5,2,3
21,0.74,0.9,214.48431583014022,440,82,188,0,70,True,0,Slow,0.3,0.83,0.82,0.61,0.79,0.55,0.7428571428571429,1.0,0.0,62,102,0.75,0.6363636363636364,0.36363636363636365,11,11,0.7,0.6666666666666666,0.3333333333333333,1,1
21,0.68,0.9,195.26870525856134,440,98,169,0,83,True,0,Slow,0.3,0.83,0.87,0.49,0.77,0.61,0.6285714285714286,1.0,0.0,49,94,0.75,0.9259259259259259,0.07407407407407407,1,20,0.9,0.6111111111111112,0.3888888888888889,0,5
21,0.72,0.89,214.34780790503527,441,102,169,0,85,False,-1,none,0.3,0.87,0.85,0.56,0.78,0.54,0.6714285714285714,1.0,0.0,44,94,0.85,0.8846153846153846,0.11538461538461539,10,16,0.8,0.625,0.375,3,2
21,0.7,0.84,197.3825263753659,446,99,176,0,86,False,-1,none,0.3,0.87,0.81,0.53,0.81,0.57,0.7,1.0,0.0,53,104,0.7,0.875,0.125,4,12,0.7,0.5454545454545454,0.45454545454545453,0,3
21,0.64,0.82,182.34507049500854,448,80,149,0,74,False,-1,none,0.3,0.72,0.75,0.5,0.7,0.44,0.5571428571428572,1.0,0.0,47,74,0.85,0.8620689655172413,0.13793103448275862,7,19,0.8,0.8571428571428571,0.14285714285714285,0,2
21,0.67,0.84,176.5712092856846,446,104,161,0,71,False,-1,none,0.3,0.78,0.8,0.58,0.76,0.57,0.6428571428571429,1.0,0.0,45,96,0.8,0.9259259259259259,0.07407407407407407,2,13,0.6,0.75,0.25,0,5
21,0.72,0.84,178.64558398914153,446,80,169,0,87,False,-1,none,0.3,0.8,0.8,0.51,0.74,0.48,0.7428571428571429,1.0,0.0,60,92,0.6,0.8888888888888888,0.1111111111111111,3,10,0.8,0.6923076923076923,0.3076923076923077,0,4
21,0.65,0.71,166.79162628418115,459,119,161,0,79,False,-1,none,0.3,0.85,0.78,0.6,0.75,0.53,0.6285714285714286,1.0,0.0,54,88,0.75,0.6875,0.3125,7,10,0.6,0.6363636363636364,0.36363636363636365,0,2
21,0.66,0.86,187.08994566804319,444,109,133,0,77,True,3,Shigh,0.3,0.79,0.79,0.56,0.73,0.41,0.6142857142857143,1.0,0.0,38,77,0.75,0.6923076923076923,0.3076923076923077,4,13,0.8,0.75,0.25,0,1
21,0.74,0.85,211.64291015173387,445,88,186,0,81,False,-1,none,0.3,0.81,0.81,0.59,0.82,0.56,0.7285714285714285,1.0,0.0,52,100,0.8,0.6,0.4,15,16,0.7,0.6428571428571429,0.35714285714285715,2,1
21,0.63,0.74,161.1024714238368,456,92,165,0,64,False,-1,none,0.3,0.73,0.74,0.59,0.72,0.53,0.6428571428571429,1.0,0.0,52,96,0.6,0.7222222222222222,0.2777777777777778,7,10,0.6,0.9090909090909091,0.09090909090909091,0,0
21,0.68,0.85,197.4054429236095,445,93,156,0,81,False,-1,none,0.3,0.78,0.77,0.55,0.72,0.52,0.6428571428571429,1.0,0.0,42,86,0.8,0.7916666666666666,0.20833333333333334,10,15,0.7,0.6666666666666666,0.3333333333333333,1,2
21,0.69,0.78,168.7251122945521,452,103,170,0,69,True,2,Slow,0.3,0.81,0.82,0.56,0.76,0.56,0.6714285714285714,1.0,0.0,47,100,0.8,0.7619047619047619,0.23809523809523808,10,10,0.6,0.7,0.3,1,2
21,0.69,0.92,204.71583155971257,438,112,151,0,80,True,3,Shigh,0.3,0.85,0.84,0.55,0.8,0.51,0.6285714285714286,1.0,0.0,42,91,0.9,0.8387096774193549,0.16129032258064516,5,12,0.7,0.7647058823529411,0.23529411764705882,0,1
21,0.68,0.8,212.29980929190697,450,110,163,0,87,False,-1,none,0.3,0.84,0.8,0.54,0.78,0.57,0.6142857142857143,1.0,0.0,41,96,0.85,0.6190476190476191,0.38095238095238093,8,14,0.8,0.75,0.25,1,3
21,0.62,0.75,181.08092134239723,455,105,164,0,66,False,-1,none,0.3,0.76,0.76,0.61,0.76,0.55,0.5714285714285714,1.0,0.0,38,94,0.7,0.8421052631578947,0.15789473684210525,8,16,0.8,0.75,0.25,3,5
21,0.66,0.82,182.69608048191355,448,120,160,0,78,True,1,Slow,0.3,0.8,0.84,0.58,0.83,0.57,0.5714285714285714,1.0,0.0,43,96,0.85,0.8461538461538461,0.15384615384615385,5,13,0.9,0.6875,0.3125,2,1
21,0.75,0.88,216.0315569082979,442,78,190,0,74,False,-1,none,0.3,0.8,0.83,0.55,0.81,0.57,0.7571428571428571,1.0,0.0,64,106,0.8,0.7142857142857143,0.2857142857142857,7,13,0.6,0.6923076923076923,0.3076923076923077,0,0
21,0.71,0.86,192.87046447269933,444,94,153,0,77,True,2,Slow,0.3,0.82,0.8,0.48,0.71,0.52,0.7,1.0,0.0,46,88,0.7,0.75,0.25,7,10,0.8,0.6923076923076923,0.3076923076923077,0,2
21,0.71,0.85,221.91559315873943,445,96,172,0,77,False,-1,none,0.3,0.81,0.82,0.6,0.8,0.5,0.6714285714285714,1.0,0.0,50,95,0.8,0.7727272727272727,0.22727272727272727,10,9,0.8,0.5625,0.4375,4,4
21,0.68,0.78,189.22902551307936,452,84,175,0,78,False,-1,none,0.3,0.78,0.81,0.5,0.74,0.54,0.6857142857142857,1.0,0.0,55,97,0.65,0.7647058823529411,0.23529411764705882,9,11,0.7,0.7692307692307693,0.23076923076923078,0,3
21,0.76,0.9,220.42008819356369,440,105,183,0,72,False,-1,none,0.3,0.87,0.86,0.62,0.79,0.64,0.7285714285714285,1.0,0.0,57,101,0.8,0.8636363636363636,0.13636363636363635,3,17,0.9,0.6470588235294118,0.35294117647058826,0,5
21,0.73,0.87,200.09180102692252,443,100,180,0,83,False,-1,none,0.3,0.88,0.86,0.56,0.75,0.62,0.7428571428571429,1.0,0.0,55,104,0.7,0.8421052631578947,0.15789473684210525,6,10,0.7,0.875,0.125,0,5
21,0.72,0.85,217.6968964349702,445,94,153,0,83,False,-1,none,0.3,0.8,0.79,0.52,0.76,0.45,0.6571428571428571,1.0,0.0,40,84,0.95,0.8,0.2,8,15,0.7,0.6428571428571429,0.35714285714285715,3,3
21,0.71,0.82,205.15895813403657,448,93,171,0,79,False,-1,none,0.3,0.79,0.8,0.56,0.74,0.57,0.7142857142857143,1.0,0.0,50,90,0.7,0.7222222222222222,0.2777777777777778,12,16,0.7,0.7142857142857143,0.2857142857142857,0,3
21,0.71,0.83,199.58987052161734,447,79,171,0,77,False,-1,none,0.3,0.77,0.76,0.53,0.75,0.52,0.7,1.0,0.0,53,90,0.7,0.8947368421052632,0.10526315789473684,2,19,0.8,0.6,0.4,2,5
21,0.77,0.93,213.0740069400272,437,87,174,0,86,False,-1,none,0.3,0.83,0.82,0.57,0.77,0.55,0.7428571428571429,1.0,0.0,51,92,0.8,0.875,0.125,3,21,0.9,0.7647058823529411,0.23529411764705882,4,3
21,0.71,0.88,195.27153346181274,442,89,167,0,86,False,-1,none,0.3,0.82,0.81,0.5,0.76,0.55,0.6857142857142857,1.0,0.0,51,96,0.75,0.88,0.12,4,11,0.8,0.8,0.2,0,5
21,0.73,0.9,200.6414759369374,440,95,173,0,72,True,3,Shigh,0.3,0.81,0.83,0.65,0.75,0.54,0.7142857142857143,1.0,0.0,61,94,0.75,0.7083333333333334,0.2916666666666667,6,11,0.8,0.8,0.2,0,1
21,0.67,0.81,189.95740668659192,449,94,165,0,75,False,-1,none,0.3,0.79,0.76,0.53,0.68,0.64,0.6142857142857143,1.0,0.0,45,97,0.8,0.8636363636363636,0.13636363636363635,4,14,0.8,0.6875,0.3125,2,3
21,0.65,0.79,193.30623118724364,451,108,147,0,86,False,-1,none,0.3,0.82,0.79,0.47,0.73,0.53,0.6285714285714286,1.0,0.0,37,89,0.65,0.7619047619047619,0.23809523809523808,10,9,0.8,0.7142857142857143,0.2857142857142857,0,2
21,0.73,0.87,199.1057647578515,443,107,177,0,64,True,3,Shigh,0.3,0.83,0.84,0.68,0.78,0.58,0.7142857142857143,1.0,0.0,61,90,0.85,0.76,0.24,6,16,0.6,0.6363636363636364,0.36363636363636365,1,3
21,0.69,0.86,180.17959342167603,444,93,158,0,88,True,0,Slow,0.3,0.79,0.77,0.51,0.73,0.57,0.6428571428571429,1.0,0.0,41,89,0.75,0.8260869565217391,0.17391304347826086,6,20,0.9,0.7333333333333333,0.26666666666666666,0,2
21,0.7,0.87,207.36484949580137,443,83,169,0,71,False,-1,none,0.3,0.81,0.8,0.52,0.73,0.53,0.7142857142857143,1.0,0.0,48,96,0.6,0.75,0.25,9,10,0.8,0.6875,0.3125,2,4
21,0.7,0.85,200.86643758083733,445,104,179,0,82,False,-1,none,0.3,0.86,0.84,0.6,0.8,0.58,0.6428571428571429,1.0,0.0,47,94,0.95,0.7333333333333333,0.26666666666666666,15,19,0.6,0.7777777777777778,0.2222222222222222,0,4
21,0.75,0.93,224.1870608470566,437,92,186,0,79,False,-1,none,0.3,0.87,0.86,0.55,0.83,0.6,0.7,1.0,0.0,61,95,0.85,0.8076923076923077,0.19230769230769232,9,18,0.9,0.6470588235294118,0.35294117647058826,1,2
21,0.74,0.88,214.91410501374517,442,106,181,0,70,False,-1,none,0.3,0.85,0.84,0.6,0.8,0.66,0.6857142857142857,1.0,0.0,49,104,0.85,0.88,0.12,5,18,0.9,0.5333333333333333,0.4666666666666667,3,2
21,0.72,0.87,205.12725034039266,443,86,175,0,77,False,-1,none,0.3,0.83,0.81,0.54,0.78,0.52,0.7285714285714285,1.0,0.0,55,91,0.7,0.8095238095238095,0.19047619047619047,10,15,0.7,0.7333333333333333,0.26666666666666666,0,4
21,0.69,0.8,201.170175562903,450,102,169,0,89,False,-1,none,0.3,0.83,0.82,0.6,0.75,0.51,0.7,1.0,0.0,52,93,0.55,0.6923076923076923,0.3076923076923077,9,7,0.9,0.7222222222222222,0.2777777777777778,1,7
21,0.72,0.96,215.3747116352075,434,96,170,0,88,False,-1,none,0.3,0.86,0.88,0.61,0.77,0.5,0.6571428571428571,1.0,0.0,50,90,0.85,0.9259259259259259,0.07407407407407407,4,20,0.9,0.8695652173913043,0.13043478260869565,1,5
21,0.69,0.8,191.38498706105048,450,102,157,0,81,True,3,Shigh,0.3,0.79,0.81,0.5,0.7,0.59,0.6714285714285714,1.0,0.0,49,89,0.7,0.7,0.3,5,11,0.8,0.7692307692307693,0.23076923076923078,0,3
21,0.71,0.85,213.68314760244294,445,92,171,0,72,False,-1,none,0.3,0.81,0.81,0.55,0.75,0.56,0.6571428571428571,1.0,0.0,47,88,0.9,0.8,0.2,14,17,0.7,0.6428571428571429,0.35714285714285715,2,3
21,0.74,0.9,209.57765243355007,440,84,182,0,79,False,-1,none,0.3,0.86,0.8,0.56,0.76,0.58,0.7285714285714285,1.0,0.0,56,97,0.8,0.8636363636363636,0.13636363636363635,8,17,0.7,0.7647058823529411,0.23529411764705882,2,2
21,0.63,0.72,189.74223425168265,458,100,165,0,98,False,-1,none,0.3,0.78,0.77,0.48,0.78,0.56,0.5714285714285714,1.0,0.0,41,93,0.75,0.7222222222222222,0.2777777777777778,8,20,0.8,0.5714285714285714,0.42857142857142855,0,3
21,0.72,0.83,197.38023306103017,447,95,156,0,71,False,-1,none,0.3,0.79,0.79,0.51,0.74,0.51,0.7142857142857143,1.0,0.0,44,85,0.7,0.8421052631578947,0.15789473684210525,4,17,0.8,0.7142857142857143,0.2857142857142857,2,4
21,0.69,0.85,207.00222471966697,445,95,178,0,67,False,-1,none,0.3,0.79,0.8,0.66,0.77,0.56,0.6714285714285714,1.0,0.0,58,96,0.65,0.9473684210526315,0.05263157894736842,0,15,0.9,0.631578947368421,0.3684210526315789,5,4
21,0.67,0.81,206.10159102895116,449,68,171,0,65,False,-1,none,0.3,0.73,0.74,0.54,0.68,0.51,0.6714285714285714,1.0,0.0,61,82,0.65,0.7727272727272727,0.22727272727272727,7,17,0.7,0.5,0.5,2,2
21,0.75,0.92,233.04539624103765,438,83,177,0,83,False,-1,none,0.3,0.8,0.81,0.53,0.78,0.6,0.7,1.0,0.0,51,97,0.8,0.8,0.2,9,13,1.0,0.6666666666666666,0.3333333333333333,1,6
21,0.72,0.86,200.1612241585945,444,93,167,0,74,False,-1,none,0.3,0.79,0.8,0.54,0.71,0.62,0.7,1.0,0.0,51,95,0.8,0.7916666666666666,0.20833333333333334,10,8,0.7,0.8461538461538461,0.15384615384615385,0,3
22,0.69,0.8,178.59999999999997,450,105,167,0,73,True,0,Slow,0.3,0.84,0.81,0.51,0.77,0.59,0.6714285714285714,1.0,0.0,44,100,0.75,0.7272727272727273,0.2727272727272727,8,14,0.7,0.7,0.3,0,1
22,0.67,0.82,201.60000000000002,448,108,164,0,81,False,-1,none,0.3,0.81,0.81,0.58,0.78,0.56,0.6142857142857143,1.0,0.0,41,96,0.9,0.8846153846153846,0.11538461538461539,5,13,0.6,0.6923076923076923,0.3076923076923077,5,4
22,0.67,0.78,224.27999999999992,452,104,151,0,72,False,-1,none,0.3,0.79,0.79,0.58,0.75,0.42,0.6,1.0,0.0,42,80,0.9,0.64,0.36,13,10,0.7,0.6363636363636364,0.36363636363636365,2,4
22,0.72,0.87,229.22549999999993,443,91,182,0,75,False,-1,none,0.3,0.83,0.85,0.57,0.77,0.58,0.6714285714285714,1.0,0.0,57,92,0.8,0.7727272727272727,0.22727272727272727,7,18,0.9,0.6666666666666666,0.3333333333333333,4,4
22,0.79,0.95,239.74886249999994,435,101,184,0,85,False,-1,none,0.3,0.87,0.91,0.59,0.86,0.57,0.7428571428571429,1.0,0.0,60,99,0.85,0.7391304347826086,0.2608695652173913,10,12,1.0,0.75,0.25,0,3
22,0.63,0.72,182.94963749999997,458,88,149,0,86,False,-1,none,0.3,0.73,0.72,0.45,0.72,0.47,0.6142857142857143,1.0,0.0,46,84,0.75,0.7272727272727273,0.2727272727272727,8,7,0.5,0.7142857142857143,0.2857142857142857,0,4
22,0.61,0.66,152.80760249999997,464,99,150,0,65,False,-1,none,0.3,0.73,0.71,0.51,0.68,0.52,0.6142857142857143,1.0,0.0,48,86,0.65,0.875,0.125,0,15,0.5,0.8571428571428571,0.14285714285714285,1,0
22,0.68,0.79,189.91830374999992,451,102,163,0,86,False,-1,none,0.3,0.8,0.79,0.57,0.72,0.56,0.6857142857142857,1.0,0.0,47,96,0.7,0.9047619047619048,0.09523809523809523,3,15,0.6,0.7,0.3,1,1
22,0.73,0.84,234.8808721875,446,116,187,0,73,False,-1,none,0.3,0.9,0.88,0.65,0.82,0.62,0.7285714285714285,1.0,0.0,55,102,0.7,0.631578947368421,0.3684210526315789,10,15,0.8,0.6428571428571429,0.35714285714285715,2,3
22,0.61,0.72,189.36545512499998,458,98,166,0,74,False,-1,none,0.3,0.73,0.78,0.55,0.76,0.54,0.5571428571428572,1.0,0.0,49,91,0.7,0.9,0.1,2,18,0.8,0.6923076923076923,0.3076923076923077,3,3
22,0.69,0.79,208.68462464062512,451,92,170,0,84,False,-1,none,0.3,0.83,0.77,0.54,0.77,0.5,0.6857142857142857,1.0,0.0,59,91,0.65,0.6666666666666666,0.3333333333333333,9,9,0.8,0.7692307692307693,0.23076923076923078,1,1
22,0.64,0.79,210.70870301250008,451,109,154,0,68,False,-1,none,0.3,0.77,0.78,0.58,0.77,0.52,0.5714285714285714,1.0,0.0,36,86,0.8,0.7727272727272727,0.22727272727272727,6,18,0.8,0.7058823529411765,0.29411764705882354,2,6
22,0.67,0.85,194.58601974,445,99,144,0,82,True,1,Slow,0.3,0.78,0.75,0.52,0.71,0.52,0.5857142857142857,1.0,0.0,42,82,0.85,0.8461538461538461,0.15384615384615385,4,13,0.9,0.7777777777777778,0.2222222222222222,1,2
22,0.66,0.76,201.92723542195316,454,103,160,0,86,False,-1,none,0.3,0.82,0.81,0.49,0.75,0.52,0.6571428571428571,1.0,0.0,48,85,0.6,0.6666666666666666,0.3333333333333333,8,12,0.8,0.7333333333333333,0.26666666666666666,4,3
22,0.71,0.91,236.1964548913594,439,96,159,0,94,True,3,Shigh,0.3,0.84,0.79,0.46,0.75,0.62,0.6428571428571429,1.0,0.0,41,98,0.8,0.8214285714285714,0.17857142857142858,6,11,1.0,0.6111111111111112,0.3888888888888889,1,2
22,0.65,0.77,205.67533464425384,453,75,172,0,71,False,-1,none,0.3,0.78,0.72,0.53,0.74,0.47,0.6428571428571429,1.0,0.0,51,90,0.75,0.7142857142857143,0.2857142857142857,16,12,0.5,0.7272727272727273,0.2727272727272727,1,2
22,0.68,0.82,197.9192837391316,448,86,173,0,74,True,2,Slow,0.3,0.78,0.78,0.55,0.76,0.54,0.6714285714285714,1.0,0.0,54,96,0.8,0.8461538461538461,0.15384615384615385,7,12,0.5,0.4444444444444444,0.5555555555555556,1,3
22,0.65,0.79,202.92938154509284,451,110,159,0,77,False,-1,none,0.3,0.8,0.78,0.62,0.71,0.57,0.5714285714285714,1.0,0.0,46,90,0.9,0.8888888888888888,0.1111111111111111,8,11,0.7,0.6666666666666666,0.3333333333333333,0,4
22,0.68,0.82,216.00904170328909,448,121,178,0,79,False,-1,none,0.3,0.89,0.91,0.54,0.83,0.64,0.6285714285714286,1.0,0.0,51,97,0.85,0.8461538461538461,0.15384615384615385,7,19,0.7,0.6666666666666666,0.3333333333333333,1,3
22,0.77,0.93,256.0127065923465,437,88,179,0,75,False,-1,none,0.3,0.83,0.86,0.57,0.79,0.55,0.7285714285714285,1.0,0.0,63,93,0.9,0.72,0.28,9,13,0.8,0.6470588235294118,0.35294117647058826,0,1
22,0.65,0.77,202.47612979834284,453,88,191,0,69,True,3,Shigh,0.3,0.82,0.8,0.56,0.74,0.64,0.6428571428571429,1.0,0.0,67,100,0.8,0.6956521739130435,0.30434782608695654,7,14,0.4,0.7777777777777778,0.2222222222222222,2,1
22,0.7,0.86,203.67493462886523,444,96,171,0,77,True,1,Slow,0.3,0.83,0.84,0.51,0.8,0.55,0.6714285714285714,1.0,0.0,49,93,0.8,0.8888888888888888,0.1111111111111111,5,17,0.7,0.75,0.25,3,4
22,0.57,0.69,190.62235797222564,461,83,147,0,81,False,-1,none,0.3,0.7,0.73,0.46,0.64,0.46,0.4857142857142857,1.0,0.0,49,77,0.7,0.7777777777777778,0.2222222222222222,7,11,0.9,0.8235294117647058,0.17647058823529413,1,2
22,0.75,0.87,247.5794305545212,443,92,189,0,67,False,-1,none,0.3,0.81,0.84,0.61,0.77,0.65,0.7142857142857143,1.0,0.0,68,99,0.75,0.8,0.2,8,10,1.0,0.6470588235294118,0.35294117647058826,0,4
22,0.61,0.73,221.45089039388304,457,83,179,0,70,False,-1,none,0.3,0.77,0.75,0.51,0.76,0.56,0.5285714285714286,1.0,0.0,49,94,0.8,0.6,0.4,17,12,0.8,0.6875,0.3125,1,6
22,0.66,0.79,211.6099283355098,451,112,166,0,63,False,-1,none,0.3,0.83,0.83,0.58,0.79,0.54,0.6,1.0,0.0,55,94,0.7,0.95,0.05,1,11,1.0,0.8235294117647058,0.17647058823529413,0,5
22,0.58,0.7,205.18723248377614,460,82,166,0,77,False,-1,none,0.3,0.75,0.74,0.5,0.66,0.53,0.5285714285714286,1.0,0.0,53,81,0.75,0.7,0.3,14,15,0.6,0.8461538461538461,0.15384615384615385,2,1
22,0.67,0.79,220.13915468693753,451,94,168,0,74,False,-1,none,0.3,0.81,0.78,0.53,0.73,0.56,0.6571428571428571,1.0,0.0,58,90,0.7,0.7894736842105263,0.21052631578947367,4,13,0.7,0.7142857142857143,0.2857142857142857,0,3
22,0.65,0.77,221.17390853399246,453,104,173,0,91,False,-1,none,0.3,0.86,0.81,0.5,0.83,0.54,0.5714285714285714,1.0,0.0,47,97,0.85,0.6666666666666666,0.3333333333333333,14,13,0.8,0.8461538461538461,0.15384615384615385,1,1
22,0.78,0.9,243.96862104451472,440,89,203,0,98,False,-1,none,0.3,0.86,0.88,0.57,0.84,0.67,0.7428571428571429,1.0,0.0,64,106,0.85,0.8260869565217391,0.17391304347826086,11,11,0.9,0.7333333333333333,0.26666666666666666,5,6
22,0.69,0.8,221.61441218001107,450,91,187,0,72,False,-1,none,0.3,0.8,0.82,0.57,0.77,0.62,0.6285714285714286,1.0,0.0,59,102,0.8,0.7,0.3,14,10,0.9,0.75,0.25,0,2
22,0.62,0.74,199.06451962392526,456,107,151,0,68,False,-1,none,0.3,0.76,0.75,0.54,0.72,0.55,0.5428571428571428,1.0,0.0,42,90,0.8,0.8695652173913043,0.13043478260869565,4,10,0.8,0.6923076923076923,0.3076923076923077,0,5
22,0.75,0.9,253.91772426385307,440,88,193,0,79,False,-1,none,0.3,0.88,0.85,0.55,0.82,0.61,0.6714285714285714,1.0,0.0,66,100,0.9,0.84,0.16,8,16,1.0,0.6666666666666666,0.3333333333333333,0,3
22,0.63,0.75,220.64102555345872,455,96,173,0,86,False,-1,none,0.3,0.83,0.82,0.57,0.74,0.48,0.5571428571428572,1.0,0.0,60,83,0.75,0.65,0.35,15,11,0.9,0.8125,0.1875,2,2
22,0.61,0.76,212.81146094873267,454,77,171,0,76,False,-1,none,0.3,0.78,0.75,0.54,0.7,0.47,0.5857142857142857,1.0,0.0,62,86,0.75,0.76,0.24,10,12,0.5,0.7,0.3,0,1
22,0.68,0.78,223.34781734899397,452,88,170,0,74,False,-1,none,0.3,0.74,0.74,0.61,0.77,0.5,0.6285714285714286,1.0,0.0,54,89,0.8,0.65,0.35,13,12,0.8,0.7142857142857143,0.2857142857142857,1,1
22,0.71,0.92,250.6658487411744,438,76,187,0,80,False,-1,none,0.3,0.83,0.8,0.57,0.78,0.57,0.6857142857142857,1.0,0.0,67,89,0.7,0.84,0.16,10,15,0.9,0.6842105263157895,0.3157894736842105,2,4
22,0.64,0.79,224.01357902643213,451,91,160,0,70,False,-1,none,0.3,0.75,0.73,0.55,0.73,0.54,0.6142857142857143,1.0,0.0,46,87,0.6,0.5625,0.4375,11,10,0.9,0.7,0.3,2,4
22,0.64,0.76,206.01733360384262,454,113,162,0,69,False,-1,none,0.3,0.83,0.79,0.58,0.77,0.54,0.6428571428571429,1.0,0.0,49,97,0.65,0.7368421052631579,0.2631578947368421,5,7,0.6,0.6666666666666666,0.3333333333333333,1,3
22,0.66,0.82,230.05033310757995,448,87,165,0,71,False,-1,none,0.3,0.8,0.8,0.46,0.74,0.54,0.6142857142857143,1.0,0.0,52,88,0.65,0.8235294117647058,0.17647058823529413,6,9,1.0,0.7272727272727273,0.2727272727272727,5,5
22,0.66,0.73,217.25745958657066,457,99,185,0,83,False,-1,none,0.3,0.84,0.8,0.53,0.81,0.59,0.6285714285714286,1.0,0.0,60,101,0.75,0.6666666666666666,0.3333333333333333,7,11,0.7,0.6363636363636364,0.36363636363636365,5,1
22,0.6,0.66,170.13325974765857,464,82,159,0,73,False,-1,none,0.3,0.72,0.72,0.51,0.61,0.51,0.6142857142857143,1.0,0.0,62,80,0.6,0.875,0.125,4,13,0.5,1.0,0.0,0,0
22,0.7,0.79,220.5772099269572,451,77,195,0,84,False,-1,none,0.3,0.83,0.85,0.5,0.79,0.54,0.6428571428571429,1.0,0.0,66,94,0.9,0.6956521739130435,0.30434782608695654,12,19,0.7,0.7272727272727273,0.2727272727272727,2,2
22,0.67,0.78,213.8172379367371,452,85,147,0,70,False,-1,none,0.3,0.73,0.73,0.47,0.69,0.48,0.6571428571428571,1.0,0.0,44,83,0.7,0.7894736842105263,0.21052631578947367,3,10,0.7,0.5384615384615384,0.46153846153846156,3,4
22,0.75,0.94,252.09713900860578,436,66,178,0,82,False,-1,none,0.3,0.79,0.78,0.54,0.76,0.51,0.7142857142857143,1.0,0.0,57,91,0.9,0.8620689655172413,0.13793103448275862,9,17,0.7,0.6666666666666666,0.3333333333333333,1,3
22,0.8,0.95,238.0654494145664,435,102,176,0,82,True,1,Slow,0.3,0.85,0.86,0.6,0.84,0.58,0.7714285714285715,1.0,0.0,60,95,0.85,0.7916666666666666,0.20833333333333334,4,13,0.9,0.7058823529411765,0.29411764705882354,3,1
22,0.61,0.76,199.39110946556843,454,90,164,0,65,False,-1,none,0.3,0.76,0.75,0.5,0.74,0.55,0.6,1.0,0.0,51,91,0.65,0.8095238095238095,0.19047619047619047,6,13,0.6,0.6923076923076923,0.3076923076923077,1,2
22,0.67,0.82,197.55327571742097,448,84,169,0,65,True,1,Slow,0.3,0.77,0.77,0.55,0.75,0.51,0.6,1.0,0.0,56,85,0.85,0.7037037037037037,0.2962962962962963,12,13,0.8,0.9230769230769231,0.07692307692307693,0,3
22,0.63,0.81,225.88637121637896,449,105,141,0,88,True,3,Shigh,0.3,0.79,0.79,0.48,0.7,0.51,0.5428571428571428,1.0,0.0,42,81,0.8,0.6,0.4,5,9,0.9,0.6666666666666666,0.3333333333333333,1,3
22,0.65,0.79,226.58401811751068,451,90,173,0,68,False,-1,none,0.3,0.77,0.77,0.56,0.74,0.58,0.6142857142857143,1.0,0.0,48,96,0.65,0.6666666666666666,0.3333333333333333,10,11,0.9,0.6111111111111112,0.3888888888888889,5,3
22,0.59,0.72,179.42490597284493,458,82,133,0,83,False,-1,none,0.3,0.67,0.73,0.45,0.63,0.39,0.5571428571428572,1.0,0.0,45,65,0.7,0.9523809523809523,0.047619047619047616,3,19,0.6,0.8333333333333334,0.16666666666666666,0,1
22,0.72,0.79,207.73867189704444,451,89,190,0,82,False,-1,none,0.3,0.83,0.84,0.52,0.82,0.57,0.7142857142857143,1.0,0.0,61,110,0.8,0.7368421052631579,0.2631578947368421,6,12,0.6,0.8,0.2,0,1
22,0.72,0.86,230.0522738453481,444,83,173,0,83,False,-1,none,0.3,0.81,0.82,0.52,0.77,0.5,0.7,1.0,0.0,50,90,0.9,0.76,0.24,12,14,0.5,0.6666666666666666,0.3333333333333333,1,6
22,0.72,0.87,238.6022656944468,443,97,173,0,73,False,-1,none,0.3,0.82,0.84,0.55,0.77,0.59,0.6857142857142857,1.0,0.0,54,100,0.8,0.6363636363636364,0.36363636363636365,8,7,0.8,0.8235294117647058,0.17647058823529413,2,2
22,0.66,0.83,238.35538711572968,447,97,184,0,66,False,-1,none,0.3,0.82,0.82,0.67,0.75,0.58,0.6142857142857143,1.0,0.0,59,93,0.7,0.6956521739130435,0.30434782608695654,13,12,0.9,0.5294117647058824,0.47058823529411764,3,4
22,0.66,0.77,222.66767666954712,453,100,167,0,86,False,-1,none,0.3,0.79,0.84,0.49,0.77,0.55,0.5857142857142857,1.0,0.0,51,94,0.85,0.6818181818181818,0.3181818181818182,8,8,0.8,0.6428571428571429,0.35714285714285715,3,3
22,0.72,0.84,231.35259876532277,446,104,175,0,82,False,-1,none,0.3,0.83,0.88,0.55,0.82,0.55,0.6571428571428571,1.0,0.0,56,93,0.85,0.6521739130434783,0.34782608695652173,9,13,0.9,0.8666666666666667,0.13333333333333333,0,4
22,0.61,0.71,165.681576985218,459,75,156,0,73,True,1,Slow,0.3,0.72,0.7,0.43,0.68,0.49,0.6571428571428571,1.0,0.0,53,91,0.35,0.8333333333333334,0.16666666666666666,4,4,0.8,0.6153846153846154,0.38461538461538464,3,1
22,0.68,0.82,223.36905199870105,448,114,156,0,78,True,3,Shigh,0.3,0.81,0.84,0.6,0.76,0.51,0.6,1.0,0.0,52,87,0.9,0.75,0.25,4,13,0.8,0.5625,0.4375,0,0
22,0.7,0.85,218.3018191568232,445,97,170,0,73,True,1,Slow,0.3,0.81,0.8,0.63,0.74,0.54,0.6285714285714286,1.0,0.0,56,80,0.85,0.7692307692307693,0.23076923076923078,11,17,0.9,0.7333333333333333,0.26666666666666666,4,2
22,0.7,0.87,233.44410553256222,443,97,177,0,74,True,1,Slow,0.3,0.83,0.84,0.54,0.82,0.58,0.6428571428571429,1.0,0.0,47,96,0.8,0.6363636363636364,0.36363636363636365,13,16,0.9,0.6,0.4,3,2
22,0.67,0.79,219.40584519072323,451,100,152,0,74,False,-1,none,0.3,0.76,0.76,0.5,0.73,0.56,0.6142857142857143,1.0,0.0,43,88,0.7,0.9,0.1,2,12,1.0,0.625,0.375,1,6
22,0.66,0.78,206.15582633744006,452,95,166,0,76,True,2,Slow,0.3,0.79,0.78,0.52,0.76,0.54,0.6285714285714286,1.0,0.0,49,90,0.75,0.6666666666666666,0.3333333333333333,10,14,0.7,0.8461538461538461,0.15384615384615385,2,1
22,0.69,0.88,212.27054494315357,442,105,169,0,83,True,2,Slow,0.3,0.85,0.8,0.55,0.77,0.65,0.6428571428571429,1.0,0.0,45,105,0.85,0.8888888888888888,0.1111111111111111,2,13,0.7,0.8125,0.1875,3,1
22,0.63,0.78,230.13946644463914,452,99,145,0,73,False,-1,none,0.3,0.78,0.79,0.44,0.72,0.49,0.5714285714285714,1.0,0.0,43,81,0.7,0.75,0.25,7,7,0.9,0.5,0.5,4,3
22,0.69,0.83,218.87918191073436,447,124,159,0,74,True,2,Slow,0.3,0.87,0.81,0.61,0.79,0.58,0.6857142857142857,1.0,0.0,43,104,0.65,0.65,0.35,4,7,0.8,0.6,0.4,0,1
23,0.62,0.75,157.39999999999998,455,125,151,0,79,True,0,Slow,0.3,0.81,0.84,0.5,0.77,0.59,0.5857142857142857,1.0,0.0,29,101,0.7,0.8636363636363636,0.13636363636363635,5,14,0.7,0.8,0.2,0,2
23,0.69,0.83,220.50000000000006,447,90,187,0,60,False,-1,none,0.3,0.82,0.82,0.59,0.74,0.63,0.6571428571428571,1.0,0.0,62,101,0.7,0.7,0.3,6,11,0.9,0.7058823529411765,0.29411764705882354,3,4
23,0.76,0.91,238.87499999999991,439,71,204,0,74,False,-1,none,0.3,0.84,0.82,0.64,0.79,0.57,0.7714285714285715,1.0,0.0,70,98,0.8,0.8,0.2,10,18,0.6,0.5833333333333334,0.4166666666666667,5,3
23,0.64,0.75,199.4055,455,81,167,0,92,False,-1,none,0.3,0.77,0.75,0.48,0.75,0.48,0.6,1.0,0.0,52,84,0.75,0.65,0.35,9,16,0.7,0.8461538461538461,0.15384615384615385,0,6
23,0.68,0.8,193.39136249999999,450,98,170,0,67,False,-1,none,0.3,0.82,0.79,0.6,0.76,0.51,0.6857142857142857,1.0,0.0,64,88,0.55,0.875,0.125,4,8,0.9,0.75,0.25,0,6
23,0.72,0.84,231.77186812499994,446,105,176,0,75,False,-1,none,0.3,0.83,0.82,0.62,0.8,0.58,0.6714285714285714,1.0,0.0,44,97,0.8,0.5263157894736842,0.47368421052631576,15,13,0.9,0.7777777777777778,0.2222222222222222,4,3
23,0.68,0.76,186.33701624999998,454,97,157,0,100,False,-1,none,0.3,0.79,0.82,0.42,0.77,0.5,0.6857142857142857,1.0,0.0,46,90,0.7,0.7058823529411765,0.29411764705882354,7,12,0.6,0.8181818181818182,0.18181818181818182,1,1
23,0.74,0.96,236.75487937499997,434,86,185,0,73,False,-1,none,0.3,0.79,0.85,0.6,0.82,0.61,0.6714285714285714,1.0,0.0,52,100,0.9,0.8,0.2,13,17,0.9,0.8421052631578947,0.15789473684210525,2,1
23,0.7,0.85,202.62327224999996,445,74,164,0,87,False,-1,none,0.3,0.71,0.77,0.51,0.69,0.55,0.6571428571428571,1.0,0.0,49,91,0.8,0.9166666666666666,0.08333333333333333,2,15,0.8,0.6666666666666666,0.3333333333333333,3,4
23,0.7,0.86,207.12061882968746,444,100,171,0,73,False,-1,none,0.3,0.84,0.83,0.59,0.73,0.58,0.6714285714285714,1.0,0.0,52,92,0.7,0.875,0.125,6,14,0.9,0.7333333333333333,0.26666666666666666,3,4
23,0.71,0.84,192.98782499062492,446,85,172,0,69,False,-1,none,0.3,0.79,0.79,0.55,0.76,0.52,0.7142857142857143,1.0,0.0,59,91,0.7,0.9090909090909091,0.09090909090909091,2,16,0.7,0.8181818181818182,0.18181818181818182,2,2
23,0.7,0.9,231.10264699593742,440,97,168,0,80,False,-1,none,0.3,0.83,0.84,0.59,0.76,0.53,0.6714285714285714,1.0,0.0,52,88,0.7,0.9230769230769231,0.07692307692307693,4,15,0.9,0.5294117647058824,0.47058823529411764,5,4
23,0.71,0.88,228.46592949641007,442,83,173,0,91,False,-1,none,0.3,0.81,0.82,0.51,0.74,0.56,0.7142857142857143,1.0,0.0,54,89,0.7,0.7391304347826086,0.2608695652173913,12,10,0.7,0.6666666666666666,0.3333333333333333,5,3
23,0.6,0.77,199.47466200421752,453,94,161,0,68,False,-1,none,0.3,0.78,0.79,0.54,0.75,0.46,0.5285714285714286,1.0,0.0,42,87,0.75,0.75,0.25,14,11,0.8,0.75,0.25,3,4
23,0.68,0.85,218.64859268125537,445,82,167,0,71,False,-1,none,0.3,0.79,0.79,0.53,0.71,0.52,0.6,1.0,0.0,55,82,0.85,0.7692307692307693,0.23076923076923078,10,15,0.9,0.7647058823529411,0.23529411764705882,3,2
23,0.73,0.84,209.9451187593703,446,75,177,0,79,False,-1,none,0.3,0.8,0.78,0.48,0.71,0.59,0.7142857142857143,1.0,0.0,55,94,0.95,0.75,0.25,11,14,0.4,0.8333333333333334,0.16666666666666666,1,2
23,0.7,0.8,213.75074564154716,450,87,175,0,83,False,-1,none,0.3,0.81,0.83,0.48,0.71,0.59,0.6714285714285714,1.0,0.0,60,90,0.7,0.6666666666666666,0.3333333333333333,13,8,0.9,0.7333333333333333,0.26666666666666666,3,1
23,0.77,1.03,236.357202483828,427,91,172,0,69,True,3,Shigh,0.3,0.83,0.83,0.64,0.79,0.57,0.7285714285714285,1.0,0.0,57,94,0.9,0.8125,0.1875,4,12,0.8,0.8421052631578947,0.15789473684210525,0,5
23,0.77,1.02,233.7635034534498,428,90,155,0,83,True,2,Slow,0.3,0.83,0.8,0.61,0.7,0.53,0.7,1.0,0.0,47,77,0.9,0.84375,0.15625,7,16,1.0,0.7777777777777778,0.2222222222222222,2,6
23,0.85,1.04,263.9252955324787,426,96,179,0,81,False,-1,none,0.3,0.91,0.91,0.55,0.82,0.6,0.8142857142857143,1.0,0.0,57,92,0.9,0.75,0.25,6,12,1.0,0.7391304347826086,0.2608695652173913,4,8
23,0.69,0.86,208.13386614601671,444,72,167,0,75,False,-1,none,0.3,0.76,0.76,0.49,0.75,0.49,0.7142857142857143,1.0,0.0,53,88,0.65,0.7619047619047619,0.23809523809523808,11,12,0.6,0.7857142857142857,0.21428571428571427,0,3
23,0.76,0.95,246.14131672369695,435,65,181,0,64,False,-1,none,0.3,0.78,0.77,0.6,0.74,0.52,0.7285714285714285,1.0,0.0,64,87,0.9,0.75,0.25,13,11,0.7,0.6875,0.3125,2,4
23,0.69,0.84,192.3452667740896,446,94,168,0,84,True,0,Slow,0.3,0.8,0.83,0.52,0.79,0.52,0.6285714285714286,1.0,0.0,45,95,0.9,0.7692307692307693,0.23076923076923078,8,16,0.7,0.8571428571428571,0.14285714285714285,0,4
23,0.69,0.88,214.355168989237,442,93,151,0,73,True,2,Slow,0.3,0.77,0.79,0.58,0.67,0.51,0.6714285714285714,1.0,0.0,51,83,0.6,0.8421052631578947,0.15789473684210525,5,7,1.0,0.6818181818181818,0.3181818181818182,0,5
23,0.68,0.83,212.807363594337,447,93,163,0,76,False,-1,none,0.3,0.77,0.81,0.53,0.73,0.55,0.6,1.0,0.0,46,85,0.85,0.76,0.24,11,13,0.9,0.625,0.375,3,5
23,0.64,0.8,186.5064893255194,450,112,162,0,66,False,-1,none,0.3,0.81,0.79,0.55,0.77,0.62,0.6142857142857143,1.0,0.0,40,99,0.65,0.9583333333333334,0.041666666666666664,2,14,0.8,0.6666666666666666,0.3333333333333333,2,5
23,0.64,0.82,193.7984543572526,448,92,142,0,74,True,2,Slow,0.3,0.73,0.74,0.5,0.76,0.43,0.5571428571428572,1.0,0.0,42,78,0.8,0.8275862068965517,0.1724137931034483,3,15,0.9,0.8571428571428571,0.14285714285714285,1,3
23,0.71,0.9,206.48347002481106,440,101,170,0,69,True,2,Slow,0.3,0.83,0.82,0.57,0.79,0.6,0.6714285714285714,1.0,0.0,47,103,0.8,0.8846153846153846,0.11538461538461539,4,13,0.8,0.7142857142857143,0.2857142857142857,1,2
23,0.82,1.0,249.86332158450324,430,100,177,0,83,True,4,Shigh,0.3,0.9,0.9,0.54,0.84,0.59,0.8142857142857143,0.9824561403508771,0.017543859649122806,58,103,0.8,0.75,0.25,9,5,0.9,0.7368421052631579,0.2631578947368421,1,1
23,0.67,0.8,201.2979864162483,450,111,169,0,80,False,-1,none,0.3,0.84,0.77,0.59,0.82,0.58,0.6428571428571429,1.0,0.0,47,101,0.7,0.85,0.15,6,10,0.8,0.7333333333333333,0.26666666666666666,3,2
23,0.7,0.83,204.78663920282486,447,70,173,0,64,False,-1,none,0.3,0.74,0.73,0.54,0.7,0.55,0.7142857142857143,1.0,0.0,57,94,0.7,0.7916666666666666,0.20833333333333334,9,10,0.6,0.7777777777777778,0.2222222222222222,2,1
23,0.7,0.9,228.07878790618807,440,97,178,0,75,True,4,Shigh,0.3,0.8,0.83,0.61,0.82,0.59,0.6428571428571429,1.0,0.0,55,97,0.85,0.7692307692307693,0.23076923076923078,9,12,0.8,0.7222222222222222,0.2777777777777778,2,3
23,0.73,0.89,218.10030352144474,441,85,169,0,87,False,-1,none,0.3,0.81,0.81,0.48,0.72,0.61,0.6857142857142857,1.0,0.0,53,90,0.8,0.8181818181818182,0.18181818181818182,5,20,0.9,0.8235294117647058,0.17647058823529413,0,1
23,0.72,0.83,216.80814490433346,447,110,162,0,70,False,-1,none,0.3,0.82,0.81,0.64,0.78,0.5,0.6714285714285714,1.0,0.0,53,87,0.8,0.6842105263157895,0.3157894736842105,5,12,0.9,0.7058823529411765,0.29411764705882354,1,4
23,0.69,0.77,203.71632959329526,453,105,167,0,86,False,-1,none,0.3,0.83,0.85,0.54,0.77,0.5,0.6857142857142857,1.0,0.0,47,92,0.65,0.5294117647058824,0.47058823529411764,13,11,0.8,0.8333333333333334,0.16666666666666666,1,3
23,0.65,0.76,198.20766243494361,454,95,158,0,91,False,-1,none,0.3,0.81,0.78,0.48,0.74,0.48,0.6428571428571429,1.0,0.0,45,90,0.65,0.631578947368421,0.3684210526315789,11,9,0.7,0.8333333333333334,0.16666666666666666,1,2
23,0.73,0.93,221.96509526468952,437,85,167,0,75,False,-1,none,0.3,0.82,0.77,0.53,0.72,0.61,0.7285714285714285,1.0,0.0,56,91,0.7,0.8846153846153846,0.11538461538461539,5,9,0.8,0.8125,0.1875,0,6
23,0.78,0.92,248.93042465728342,438,97,178,0,83,False,-1,none,0.3,0.86,0.86,0.61,0.84,0.5,0.7571428571428571,1.0,0.0,50,93,0.8,0.6,0.4,14,13,0.9,0.6842105263157895,0.3157894736842105,4,4
23,0.71,0.92,246.36789049378942,438,89,168,0,71,True,4,Shigh,0.3,0.79,0.79,0.59,0.76,0.56,0.7,0.9795918367346939,0.02040816326530612,56,86,0.7,0.625,0.375,8,9,0.8,0.6842105263157895,0.3157894736842105,3,6
23,0.69,0.84,229.6346778955623,446,91,152,0,73,False,-1,none,0.3,0.75,0.76,0.54,0.67,0.55,0.6,1.0,0.0,44,79,0.95,0.6785714285714286,0.32142857142857145,12,12,0.8,0.7857142857142857,0.21428571428571427,2,3
23,0.67,0.82,185.6019578854061,448,100,147,0,81,True,1,Slow,0.3,0.8,0.75,0.55,0.72,0.47,0.6285714285714286,1.0,0.0,47,83,0.65,0.9047619047619048,0.09523809523809523,4,8,1.0,0.7647058823529411,0.23529411764705882,4,1
23,0.65,0.83,220.72551670035494,447,91,162,0,69,False,-1,none,0.3,0.75,0.8,0.58,0.72,0.51,0.5857142857142857,1.0,0.0,46,87,0.8,0.75,0.25,10,12,0.8,0.6111111111111112,0.3888888888888889,5,2
23,0.74,0.9,215.0432226311127,440,85,168,0,72,False,-1,none,0.3,0.78,0.78,0.57,0.75,0.55,0.7428571428571429,1.0,0.0,58,90,0.8,0.8076923076923077,0.19230769230769232,7,11,0.6,0.75,0.25,0,2
23,0.73,0.88,228.89915782798494,442,81,169,0,72,False,-1,none,0.3,0.75,0.79,0.51,0.75,0.58,0.6857142857142857,1.0,0.0,55,92,0.85,0.7307692307692307,0.2692307692307692,4,15,0.8,0.6428571428571429,0.35714285714285715,2,1
23,0.65,0.75,197.63362599531848,455,119,150,0,81,False,-1,none,0.3,0.8,0.8,0.54,0.74,0.56,0.5857142857142857,1.0,0.0,40,89,0.8,0.6666666666666666,0.3333333333333333,6,10,0.8,0.6923076923076923,0.3076923076923077,3,2
23,0.57,0.77,203.28827435205548,453,119,136,0,78,True,4,Shigh,0.3,0.77,0.77,0.47,0.74,0.57,0.5,0.9714285714285714,0.02857142857142857,32,82,0.65,0.782608695652174,0.21739130434782608,8,9,0.9,0.7368421052631579,0.2631578947368421,1,4
23,0.72,0.9,218.38599438142995,440,99,152,0,79,True,3,Shigh,0.3,0.8,0.8,0.53,0.76,0.52,0.6428571428571429,1.0,0.0,44,86,0.9,0.7857142857142857,0.21428571428571427,8,10,0.9,0.7647058823529411,0.23529411764705882,2,2
23,0.7,0.81,211.76563306764928,449,92,167,0,70,False,-1,none,0.3,0.76,0.76,0.58,0.78,0.52,0.6857142857142857,1.0,0.0,55,93,0.7,0.6842105263157895,0.3157894736842105,8,6,0.8,0.6428571428571429,0.35714285714285715,3,2
23,0.68,0.8,202.7767413249105,450,96,149,0,95,False,-1,none,0.3,0.78,0.77,0.45,0.74,0.51,0.6285714285714286,1.0,0.0,43,86,0.8,0.8181818181818182,0.18181818181818182,3,11,0.8,0.6428571428571429,0.35714285714285715,2,4
23,0.62,0.73,184.6740432681084,457,95,163,0,74,False,-1,none,0.3,0.78,0.76,0.51,0.74,0.52,0.6571428571428571,1.0,0.0,56,91,0.6,0.7894736842105263,0.21052631578947367,6,8,0.4,0.625,0.375,0,2
23,0.68,0.87,233.44971591066178,443,96,170,0,77,False,-1,none,0.3,0.8,0.84,0.61,0.81,0.47,0.6142857142857143,1.0,0.0,61,82,0.75,0.6956521739130435,0.30434782608695654,7,12,1.0,0.7619047619047619,0.23809523809523808,3,5
23,0.66,0.81,213.18540983473076,449,104,153,0,67,False,-1,none,0.3,0.8,0.79,0.55,0.74,0.5,0.6,1.0,0.0,53,83,0.8,0.8076923076923077,0.19230769230769232,5,11,0.8,0.5384615384615384,0.46153846153846156,0,1
23,0.65,0.73,202.75718361853663,457,75,161,0,76,False,-1,none,0.3,0.75,0.73,0.45,0.7,0.46,0.6428571428571429,1.0,0.0,53,83,0.8,0.6086956521739131,0.391304347826087,8,10,0.4,0.4,0.6,5,2
23,0.63,0.72,201.22728332974327,458,100,164,0,74,False,-1,none,0.3,0.77,0.77,0.56,0.71,0.55,0.6,1.0,0.0,50,90,0.7,0.5882352941176471,0.4117647058823529,11,9,0.7,0.5384615384615384,0.46153846153846156,1,3
23,0.69,0.84,210.1715527985681,446,89,172,0,85,False,-1,none,0.3,0.79,0.77,0.61,0.75,0.53,0.6714285714285714,1.0,0.0,58,91,0.7,0.8181818181818182,0.18181818181818182,10,10,0.8,0.9333333333333333,0.06666666666666667,0,3
23,0.69,0.81,218.0917665312678,449,100,154,0,90,False,-1,none,0.3,0.82,0.82,0.52,0.76,0.43,0.6571428571428571,1.0,0.0,51,84,0.75,0.8260869565217391,0.17391304347826086,5,10,0.8,0.5833333333333334,0.4166666666666667,4,0
23,0.7,0.81,221.95707835299584,449,67,181,0,86,False,-1,none,0.3,0.78,0.79,0.44,0.73,0.55,0.6857142857142857,1.0,0.0,57,93,0.85,0.75,0.25,16,12,0.5,0.5555555555555556,0.4444444444444444,2,1
23,0.63,0.82,203.20972727150058,448,91,138,0,79,True,0,Slow,0.3,0.72,0.71,0.46,0.7,0.52,0.5857142857142857,1.0,0.0,39,85,0.7,0.8333333333333334,0.16666666666666666,2,11,0.8,0.7647058823529411,0.23529411764705882,0,1
23,0.75,0.88,239.83884556135823,442,107,175,0,70,False,-1,none,0.3,0.85,0.85,0.6,0.81,0.59,0.6571428571428571,1.0,0.0,53,95,1.0,0.8148148148148148,0.18518518518518517,8,15,0.9,0.8,0.2,3,1
23,0.56,0.69,173.9343804717496,461,90,156,0,65,False,-1,none,0.3,0.76,0.71,0.5,0.66,0.52,0.5714285714285714,1.0,0.0,48,92,0.5,0.8823529411764706,0.11764705882352941,3,10,0.6,1.0,0.0,0,3
23,0.74,0.94,254.25475899422543,436,88,199,0,84,False,-1,none,0.3,0.9,0.88,0.62,0.83,0.58,0.6857142857142857,1.0,0.0,68,100,0.85,0.7777777777777778,0.2222222222222222,10,15,0.9,0.7368421052631579,0.2631578947368421,1,5
23,0.71,0.86,241.51247655640054,444,96,177,0,71,False,-1,none,0.3,0.81,0.83,0.55,0.76,0.64,0.6571428571428571,1.0,0.0,51,98,0.85,0.7037037037037037,0.2962962962962963,12,13,0.8,0.5384615384615384,0.46153846153846156,1,2
23,0.7,0.82,242.22377692822505,448,104,178,0,76,False,-1,none,0.3,0.84,0.81,0.62,0.77,0.6,0.6428571428571429,1.0,0.0,60,96,0.75,0.5652173913043478,0.43478260869565216,12,9,1.0,0.5,0.5,0,1
23,0.63,0.73,212.02922891866717,457,99,166,0,72,False,-1,none,0.3,0.79,0.8,0.5,0.72,0.57,0.6,1.0,0.0,54,95,0.6,0.6470588235294118,0.35294117647058826,7,7,0.9,0.42857142857142855,0.5714285714285714,0,3
23,0.71,0.82,194.0481795258899,448,93,174,0,71,True,0,Slow,0.3,0.8,0.78,0.56,0.77,0.58,0.6857142857142857,1.0,0.0,54,96,0.75,0.8181818181818182,0.18181818181818182,10,12,0.8,0.6666666666666666,0.3333333333333333,1,1
23,0.76,0.91,259.1294131785428,439,80,202,0,82,False,-1,none,0.3,0.85,0.89,0.62,0.81,0.56,0.7428571428571429,1.0,0.0,75,97,0.8,0.6666666666666666,0.3333333333333333,10,11,0.8,0.6,0.4,4,5
24,0.57,0.73,178.0,457,111,151,0,80,False,-1,none,0.3,0.79,0.8,0.51,0.71,0.54,0.4857142857142857,1.0,0.0,39,86,0.75,0.9090909090909091,0.09090909090909091,4,17,0.8,0.6470588235294118,0.35294117647058826,1,4
24,0.66,0.84,210.0,446,101,165,0,85,True,2,Slow,0.3,0.83,0.8,0.59,0.72,0.56,0.6285714285714286,1.0,0.0,50,89,0.65,0.8095238095238095,0.19047619047619047,7,14,0.9,0.631578947368421,0.3684210526315789,1,4
24,0.65,0.76,194.66999999999996,454,97,174,0,83,False,-1,none,0.3,0.83,0.84,0.5,0.78,0.52,0.6,1.0,0.0,51,95,0.75,0.8571428571428571,0.14285714285714285,8,18,0.8,0.6923076923076923,0.3076923076923077,2,0
24,0.64,0.76,187.78199999999998,454,103,165,0,66,False,-1,none,0.3,0.79,0.81,0.53,0.78,0.53,0.6,1.0,0.0,50,92,0.75,0.8571428571428571,0.14285714285714285,3,15,0.7,0.7692307692307693,0.23076923076923078,3,2
24,0.68,0.79,191.58011249999998,451,108,168,0,80,False,-1,none,0.3,0.83,0.83,0.61,0.78,0.5,0.6571428571428571,1.0,0.0,58,90,0.7,0.8947368421052632,0.10526315789473684,2,13,0.8,0.7142857142857143,0.2857142857142857,2,3
24,0.67,0.78,188.5989,452,96,162,0,89,False,-1,none,0.3,0.81,0.78,0.5,0.77,0.5,0.6857142857142857,1.0,0.0,50,94,0.6,0.8235294117647058,0.17647058823529413,7,11,0.7,0.7692307692307693,0.23076923076923078,0,0
24,0.69,0.84,209.58425249999996,446,83,175,0,73,False,-1,none,0.3,0.78,0.8,0.59,0.68,0.57,0.6285714285714286,1.0,0.0,59,86,0.9,0.8461538461538461,0.15384615384615385,7,19,0.7,0.7142857142857143,0.2857142857142857,2,2
24,0.6,0.77,193.11651187499996,453,85,160,0,73,False,-1,none,0.3,0.74,0.71,0.5,0.75,0.52,0.5428571428571428,1.0,0.0,42,89,0.85,0.8275862068965517,0.1724137931034483,11,16,0.5,0.6666666666666666,0.3333333333333333,1,1
24,0.58,0.74,181.82234306249998,456,100,159,0,72,False,-1,none,0.3,0.73,0.78,0.58,0.73,0.51,0.5142857142857142,1.0,0.0,43,90,0.7,0.9047619047619048,0.09523809523809523,5,13,0.8,0.7647058823529411,0.23529411764705882,4,4
24,0.74,0.9,218.55360515624997,440,82,180,0,58,False,-1,none,0.3,0.8,0.75,0.64,0.76,0.57,0.7285714285714285,1.0,0.0,58,98,0.85,0.8928571428571429,0.10714285714285714,4,16,0.6,0.7272727272727273,0.2727272727272727,1,3
24,0.66,0.73,202.58481737812505,457,90,176,0,76,False,-1,none,0.3,0.76,0.75,0.6,0.73,0.55,0.6857142857142857,1.0,0.0,60,94,0.6,0.42857142857142855,0.5714285714285714,12,7,0.6,0.8181818181818182,0.18181818181818182,0,3
24,0.65,0.75,199.60723760906248,455,99,169,0,82,False,-1,none,0.3,0.77,0.81,0.53,0.79,0.53,0.5857142857142857,1.0,0.0,50,95,0.85,0.8181818181818182,0.18181818181818182,7,11,0.7,0.5833333333333334,0.4166666666666667,2,4
24,0.71,0.86,217.83344101066405,444,103,163,0,83,True,0,Slow,0.3,0.83,0.82,0.54,0.76,0.57,0.6428571428571429,1.0,0.0,46,86,0.8,0.7272727272727273,0.2727272727272727,7,18,1.0,0.6111111111111112,0.3888888888888889,2,4
24,0.73,0.86,214.98158021582807,444,100,180,0,74,False,-1,none,0.3,0.83,0.86,0.58,0.79,0.6,0.7142857142857143,1.0,0.0,58,94,0.75,0.9130434782608695,0.08695652173913043,2,17,0.8,0.6153846153846154,0.38461538461538464,3,6
24,0.69,0.76,185.56480316620718,454,112,185,0,72,False,-1,none,0.3,0.83,0.87,0.57,0.88,0.58,0.6714285714285714,1.0,0.0,60,107,0.7,0.8888888888888888,0.1111111111111111,2,12,0.8,0.7272727272727273,0.2727272727272727,2,2
24,0.61,0.78,195.15852206456177,452,103,164,0,65,False,-1,none,0.3,0.78,0.79,0.52,0.75,0.61,0.5428571428571428,1.0,0.0,44,89,0.8,0.9230769230769231,0.07692307692307693,5,19,0.7,0.6428571428571429,0.35714285714285715,4,3
24,0.67,0.76,196.3161826936365,454,107,180,0,72,False,-1,none,0.3,0.82,0.84,0.62,0.8,0.55,0.6285714285714286,1.0,0.0,56,92,0.75,0.8,0.2,10,19,0.8,0.6666666666666666,0.3333333333333333,1,2
24,0.65,0.77,218.79113980448625,453,88,162,0,73,False,-1,none,0.3,0.77,0.75,0.57,0.66,0.52,0.6,1.0,0.0,57,80,0.75,0.7727272727272727,0.22727272727272727,6,14,0.8,0.46153846153846156,0.5384615384615384,2,3
24,0.61,0.71,189.8991298134612,459,94,150,0,75,False,-1,none,0.3,0.77,0.74,0.51,0.64,0.49,0.5571428571428572,1.0,0.0,47,78,0.7,0.7222222222222222,0.2777777777777778,6,11,0.8,0.7142857142857143,0.2857142857142857,2,6
24,0.7,0.79,199.6949426944232,451,92,186,0,78,False,-1,none,0.3,0.81,0.83,0.59,0.81,0.53,0.6571428571428571,1.0,0.0,64,95,0.9,0.782608695652174,0.21739130434782608,7,17,0.6,0.8,0.2,2,1
24,0.65,0.77,193.5117268868883,453,92,158,0,83,False,-1,none,0.3,0.78,0.81,0.47,0.71,0.5,0.6285714285714286,1.0,0.0,51,85,0.7,0.8095238095238095,0.19047619047619047,5,15,0.7,0.8333333333333334,0.16666666666666666,0,2
24,0.61,0.77,203.94275285451815,453,101,183,0,69,False,-1,none,0.3,0.82,0.84,0.59,0.79,0.57,0.5571428571428572,1.0,0.0,55,101,0.75,0.8333333333333334,0.16666666666666666,6,14,0.7,0.7142857142857143,0.2857142857142857,3,4
24,0.64,0.79,216.99997305550346,451,102,176,0,83,False,-1,none,0.3,0.83,0.81,0.49,0.78,0.66,0.5714285714285714,1.0,0.0,49,98,0.7,0.7894736842105263,0.21052631578947367,6,14,1.0,0.65,0.35,4,5
24,0.65,0.79,212.86995173574226,451,82,156,0,73,False,-1,none,0.3,0.76,0.75,0.53,0.66,0.47,0.6,1.0,0.0,51,77,0.8,0.8260869565217391,0.17391304347826086,8,17,0.7,0.6428571428571429,0.35714285714285715,0,3
24,0.68,0.82,240.61878746529652,448,112,185,0,76,False,-1,none,0.3,0.88,0.88,0.67,0.79,0.57,0.6142857142857143,1.0,0.0,57,97,0.8,0.7272727272727273,0.2727272727272727,10,11,0.9,0.5882352941176471,0.4117647058823529,4,6
24,0.66,0.76,211.67994650090816,454,78,174,0,77,False,-1,none,0.3,0.73,0.8,0.51,0.74,0.5,0.6428571428571429,1.0,0.0,59,86,0.7,0.7647058823529411,0.23529411764705882,5,16,0.7,0.7142857142857143,0.2857142857142857,5,3
24,0.7,0.78,225.1675122605113,452,110,173,0,79,False,-1,none,0.3,0.83,0.82,0.59,0.82,0.55,0.6285714285714286,1.0,0.0,44,92,0.9,0.65,0.35,11,17,0.8,0.6428571428571429,0.35714285714285715,5,4
24,0.66,0.76,204.85053365769357,454,89,176,0,84,False,-1,none,0.3,0.81,0.8,0.48,0.81,0.51,0.6142857142857143,1.0,0.0,47,91,0.7,0.8,0.2,11,18,0.9,0.6923076923076923,0.3076923076923077,3,6
24,0.68,0.82,220.55246875123456,448,86,181,0,81,False,-1,none,0.3,0.82,0.83,0.56,0.76,0.52,0.6285714285714286,1.0,0.0,58,87,0.85,0.72,0.28,14,16,0.7,0.8461538461538461,0.15384615384615385,1,5
24,0.63,0.72,193.295725444712,458,76,166,0,81,False,-1,none,0.3,0.73,0.75,0.43,0.71,0.52,0.5571428571428572,1.0,0.0,57,83,0.8,0.8571428571428571,0.14285714285714285,4,16,0.8,0.6666666666666666,0.3333333333333333,2,4
24,0.69,0.8,211.5128918123595,450,86,177,0,72,False,-1,none,0.3,0.75,0.8,0.5,0.76,0.62,0.6857142857142857,1.0,0.0,52,96,0.75,0.8333333333333334,0.16666666666666666,9,16,0.6,0.625,0.375,2,2
24,0.71,0.82,231.2588640190195,448,89,181,0,78,False,-1,none,0.3,0.79,0.82,0.54,0.76,0.61,0.6428571428571429,1.0,0.0,48,98,0.85,0.7,0.3,10,15,0.9,0.7058823529411765,0.29411764705882354,5,5
24,0.77,0.85,212.1557982974883,445,84,182,0,84,True,1,Slow,0.3,0.82,0.85,0.52,0.76,0.56,0.7714285714285715,1.0,0.0,58,92,0.7,0.5882352941176471,0.4117647058823529,16,12,0.9,0.7857142857142857,0.21428571428571427,1,3
24,0.74,0.92,229.15868048060787,438,105,186,0,67,True,0,Slow,0.3,0.87,0.9,0.65,0.83,0.58,0.7,1.0,0.0,61,96,0.8,0.7307692307692307,0.2692307692307692,13,13,0.9,0.7058823529411765,0.29411764705882354,1,2
24,0.73,0.83,225.99667220894804,447,88,171,0,83,False,-1,none,0.3,0.8,0.8,0.52,0.79,0.51,0.7,1.0,0.0,52,91,0.8,0.7727272727272727,0.22727272727272727,10,16,0.8,0.5,0.5,0,2
24,0.73,0.9,230.1825909417992,440,83,184,0,63,True,3,Shigh,0.3,0.81,0.83,0.56,0.78,0.59,0.7285714285714285,1.0,0.0,64,94,0.7,0.6818181818181818,0.3181818181818182,7,11,0.8,0.5882352941176471,0.4117647058823529,3,5
24,0.66,0.77,203.8405310402321,453,95,155,0,83,False,-1,none,0.3,0.8,0.77,0.42,0.74,0.54,0.6428571428571429,1.0,0.0,42,88,0.65,0.7777777777777778,0.2222222222222222,7,14,0.8,0.5714285714285714,0.42857142857142855,1,3
24,0.73,0.8,201.0506067757697,450,113,174,0,78,True,1,Slow,0.3,0.86,0.85,0.61,0.74,0.61,0.7,1.0,0.0,52,92,0.85,0.75,0.25,9,12,0.7,0.4,0.6,5,4
24,0.67,0.78,203.97715699117876,452,108,192,0,72,False,-1,none,0.3,0.88,0.85,0.63,0.84,0.58,0.6285714285714286,1.0,0.0,63,103,0.75,0.9130434782608695,0.08695652173913043,2,19,0.8,0.5454545454545454,0.45454545454545453,1,4
24,0.64,0.69,210.03972057183168,461,95,179,0,82,False,-1,none,0.3,0.82,0.83,0.51,0.8,0.47,0.6428571428571429,1.0,0.0,55,92,0.7,0.375,0.625,16,14,0.5,0.625,0.375,1,1
24,0.69,0.8,209.58240639568885,450,100,186,0,64,False,-1,none,0.3,0.83,0.83,0.6,0.79,0.61,0.6428571428571429,1.0,0.0,58,103,0.8,0.8260869565217391,0.17391304347826086,7,18,0.8,0.6666666666666666,0.3333333333333333,0,0
24,0.68,0.8,220.90955780439396,450,108,179,0,58,False,-1,none,0.3,0.84,0.8,0.61,0.81,0.61,0.6428571428571429,1.0,0.0,59,96,0.65,0.6875,0.3125,7,12,1.0,0.6842105263157895,0.3157894736842105,1,4
24,0.69,0.8,230.151164080536,450,86,192,0,72,False,-1,none,0.3,0.83,0.82,0.59,0.78,0.56,0.6285714285714286,1.0,0.0,59,97,0.9,0.7916666666666666,0.20833333333333334,11,18,0.7,0.5,0.5,2,5
24,0.63,0.7,194.57549956737293,460,93,161,0,76,False,-1,none,0.3,0.75,0.76,0.53,0.69,0.51,0.6285714285714286,1.0,0.0,55,82,0.7,0.8333333333333334,0.16666666666666666,3,19,0.5,0.375,0.625,0,2
24,0.6,0.71,194.64349065626624,459,99,173,0,72,True,0,Slow,0.3,0.79,0.78,0.61,0.73,0.52,0.5857142857142857,1.0,0.0,58,92,0.6,0.5882352941176471,0.4117647058823529,8,11,0.7,0.5384615384615384,0.46153846153846156,1,3
24,0.67,0.74,207.31566939998217,456,91,160,0,85,False,-1,none,0.3,0.76,0.76,0.53,0.71,0.49,0.6428571428571429,1.0,0.0,55,87,0.7,0.6666666666666666,0.3333333333333333,8,10,0.8,0.6428571428571429,0.35714285714285715,0,0
24,0.66,0.83,223.9308335942321,447,105,180,0,82,False,-1,none,0.3,0.85,0.82,0.55,0.85,0.61,0.5857142857142857,1.0,0.0,45,106,0.75,0.8095238095238095,0.19047619047619047,8,16,1.0,0.8095238095238095,0.19047619047619047,2,3
24,0.66,0.76,213.40670879693607,454,108,152,0,79,False,-1,none,0.3,0.8,0.79,0.48,0.7,0.59,0.6285714285714286,1.0,0.0,46,82,0.7,0.7368421052631579,0.2631578947368421,8,10,0.8,0.6153846153846154,0.38461538461538464,1,5
24,0.69,0.8,187.3752536851156,450,93,157,0,90,True,1,Slow,0.3,0.78,0.82,0.49,0.76,0.45,0.6857142857142857,1.0,0.0,49,85,0.7,0.7894736842105263,0.21052631578947367,6,16,0.7,0.7692307692307693,0.23076923076923078,0,1
24,0.67,0.77,215.2324365071998,453,95,172,0,66,False,-1,none,0.3,0.81,0.78,0.56,0.74,0.55,0.6714285714285714,1.0,0.0,50,97,0.75,0.7272727272727273,0.2727272727272727,10,14,0.5,0.5,0.5,0,1
24,0.66,0.77,198.6054823819094,453,99,167,0,82,True,0,Slow,0.3,0.82,0.78,0.49,0.74,0.6,0.6,1.0,0.0,48,88,0.8,0.75,0.25,6,17,0.8,0.6,0.4,1,7
24,0.68,0.77,207.2787339351387,453,109,184,0,60,False,-1,none,0.3,0.84,0.84,0.66,0.78,0.58,0.6428571428571429,1.0,0.0,60,98,0.8,0.8095238095238095,0.19047619047619047,4,16,0.7,0.5454545454545454,0.45454545454545453,2,4
24,0.7,0.84,228.82511979310786,446,87,176,0,73,False,-1,none,0.3,0.79,0.83,0.55,0.77,0.53,0.6428571428571429,1.0,0.0,58,88,0.8,0.8,0.2,6,20,0.9,0.5714285714285714,0.42857142857142855,1,3
24,0.7,0.83,222.44914067960775,447,84,163,0,75,False,-1,none,0.3,0.74,0.77,0.53,0.75,0.51,0.6571428571428571,1.0,0.0,56,89,0.75,0.7619047619047619,0.23809523809523808,4,7,0.9,0.625,0.375,3,4
24,0.62,0.75,214.8052727291049,455,102,154,0,89,False,-1,none,0.3,0.75,0.83,0.48,0.8,0.45,0.5428571428571428,1.0,0.0,43,81,0.75,0.7,0.3,12,11,0.9,0.5882352941176471,0.4117647058823529,4,3
24,0.79,0.94,252.3956797969979,436,97,192,0,92,False,-1,none,0.3,0.91,0.88,0.55,0.87,0.62,0.7285714285714285,1.0,0.0,58,101,0.95,0.8076923076923077,0.19230769230769232,7,18,0.9,0.7058823529411765,0.29411764705882354,4,4
24,0.67,0.76,214.00606359956515,454,80,176,0,73,False,-1,none,0.3,0.78,0.77,0.53,0.76,0.48,0.6428571428571429,1.0,0.0,60,88,0.7,0.7368421052631579,0.2631578947368421,10,10,0.8,0.5833333333333334,0.4166666666666667,5,3
24,0.78,0.9,243.5544720697401,440,65,200,0,90,False,-1,none,0.3,0.81,0.82,0.55,0.83,0.54,0.8142857142857143,1.0,0.0,72,100,0.7,0.5882352941176471,0.4117647058823529,10,12,0.7,0.875,0.125,1,5
24,0.62,0.76,206.35937774299182,454,99,175,0,75,False,-1,none,0.3,0.8,0.82,0.54,0.79,0.55,0.5857142857142857,1.0,0.0,51,98,0.75,0.782608695652174,0.21739130434782608,7,15,0.6,0.8333333333333334,0.16666666666666666,2,2
24,0.63,0.71,190.4718902892579,459,82,164,0,78,False,-1,none,0.3,0.75,0.74,0.52,0.68,0.48,0.6285714285714286,1.0,0.0,60,84,0.7,0.7368421052631579,0.2631578947368421,8,10,0.5,0.75,0.25,0,2
24,0.66,0.77,180.6202332191194,453,101,158,0,84,True,0,Slow,0.3,0.81,0.8,0.53,0.77,0.45,0.6714285714285714,1.0,0.0,45,89,0.65,0.8421052631578947,0.15789473684210525,6,14,0.6,0.7272727272727273,0.2727272727272727,1,3
24,0.69,0.84,220.90310149612299,446,101,174,0,66,True,2,Slow,0.3,0.82,0.82,0.63,0.76,0.56,0.6285714285714286,1.0,0.0,54,87,0.8,0.8260869565217391,0.17391304347826086,6,18,0.9,0.6470588235294118,0.35294117647058826,2,7
24,0.61,0.73,190.45477039788358,457,85,171,0,86,False,-1,none,0.3,0.81,0.78,0.5,0.75,0.45,0.6,1.0,0.0,56,87,0.7,0.85,0.15,7,14,0.5,0.9090909090909091,0.09090909090909091,1,6
24,0.66,0.78,204.02119805192916,452,90,178,0,79,True,2,Slow,0.3,0.81,0.83,0.53,0.71,0.58,0.6285714285714286,1.0,0.0,60,91,0.75,0.8181818181818182,0.18181818181818182,9,13,0.7,0.6666666666666666,0.3333333333333333,2,3
24,0.63,0.75,203.2970355644237,455,112,187,0,76,False,-1,none,0.3,0.83,0.86,0.64,0.82,0.59,0.5714285714285714,1.0,0.0,59,97,0.75,0.8181818181818182,0.18181818181818182,8,16,0.8,0.7692307692307693,0.23076923076923078,3,4
24,0.62,0.74,207.1388495303343,456,87,175,0,74,False,-1,none,0.3,0.81,0.77,0.48,0.74,0.56,0.5714285714285714,1.0,0.0,45,95,0.8,0.782608695652174,0.21739130434782608,13,15,0.6,0.6363636363636364,0.36363636363636365,3,4
25,0.64,0.75,182.0,455,114,151,0,75,False,-1,none,0.3,0.77,0.78,0.55,0.77,0.53,0.6428571428571429,1.0,0.0,36,94,0.65,0.8823529411764706,0.11764705882352941,2,13,0.6,0.5384615384615384,0.46153846153846156,3,3
25,0.68,0.8,201.60000000000005,450,106,165,0,69,False,-1,none,0.3,0.81,0.8,0.53,0.77,0.6,0.6428571428571429,1.0,0.0,44,95,0.75,0.9,0.1,1,19,0.8,0.6,0.4,1,5
25,0.69,0.84,204.5819999999999,446,90,173,0,68,True,3,Shigh,0.3,0.82,0.77,0.56,0.75,0.57,0.6571428571428571,1.0,0.0,56,101,0.75,0.8695652173913043,0.13043478260869565,3,8,0.8,0.7333333333333333,0.26666666666666666,1,4
25,0.68,0.78,198.32925,452,102,164,0,71,False,-1,none,0.3,0.8,0.8,0.55,0.77,0.52,0.6714285714285714,1.0,0.0,47,93,0.6,0.7647058823529411,0.23529411764705882,9,12,0.9,0.8571428571428571,0.14285714285714285,1,2
25,0.67,0.77,183.696975,453,87,177,0,74,True,0,Slow,0.3,0.81,0.8,0.45,0.76,0.59,0.6285714285714286,1.0,0.0,51,100,0.75,0.9047619047619048,0.09523809523809523,3,19,0.8,0.5,0.5,2,2
25,0.76,0.87,235.77513750000003,443,78,212,0,53,False,-1,none,0.3,0.81,0.84,0.71,0.8,0.61,0.7428571428571429,1.0,0.0,67,103,0.8,0.6818181818181818,0.3181818181818182,18,13,0.8,0.6153846153846154,0.38461538461538464,8,3
25,0.68,0.8,201.928111875,450,94,185,0,91,False,-1,none,0.3,0.84,0.84,0.56,0.82,0.53,0.6428571428571429,1.0,0.0,57,95,0.85,0.84,0.16,9,18,0.6,0.7,0.3,3,3
25,0.67,0.79,198.55889943749997,451,83,157,0,81,False,-1,none,0.3,0.76,0.73,0.55,0.68,0.47,0.6285714285714286,1.0,0.0,45,81,0.85,0.8695652173913043,0.13043478260869565,7,20,0.6,0.75,0.25,2,2
25,0.72,0.86,203.73119549999996,444,89,180,0,80,True,0,Slow,0.3,0.79,0.83,0.61,0.78,0.54,0.6857142857142857,1.0,0.0,54,91,0.8,0.8260869565217391,0.17391304347826086,8,20,0.8,0.7142857142857143,0.2857142857142857,3,4
25,0.74,0.88,196.23108517523443,442,100,179,0,88,False,-1,none,0.3,0.87,0.84,0.64,0.8,0.52,0.7285714285714285,1.0,0.0,57,96,0.75,1.0,0.0,0,18,0.8,0.9230769230769231,0.07692307692307693,2,6
25,0.71,0.79,215.6164469648437,451,102,179,0,60,False,-1,none,0.3,0.83,0.8,0.55,0.79,0.63,0.7,1.0,0.0,54,96,0.65,0.6875,0.3125,6,12,0.9,0.6428571428571429,0.35714285714285715,6,5
25,0.76,0.84,227.3485222252617,446,110,182,0,89,False,-1,none,0.3,0.87,0.85,0.55,0.86,0.63,0.7428571428571429,1.0,0.0,47,101,0.7,0.6,0.4,9,15,1.0,0.7058823529411765,0.29411764705882354,4,6
25,0.73,0.86,217.65904502146873,444,86,175,0,78,False,-1,none,0.3,0.79,0.81,0.58,0.79,0.5,0.6714285714285714,1.0,0.0,56,89,0.9,0.8518518518518519,0.14814814814814814,9,14,0.8,0.6666666666666666,0.3333333333333333,2,5
25,0.68,0.84,222.53724717606207,446,92,161,0,83,True,3,Shigh,0.3,0.81,0.79,0.49,0.73,0.55,0.6,1.0,0.0,50,86,0.85,0.7037037037037037,0.2962962962962963,7,11,0.9,0.4666666666666667,0.5333333333333333,5,2
25,0.72,0.88,232.886621224941,442,99,174,0,74,True,4,Shigh,0.3,0.82,0.84,0.56,0.77,0.62,0.6571428571428571,1.0,0.0,46,91,0.85,0.6551724137931034,0.3448275862068966,14,15,0.9,0.6153846153846154,0.38461538461538464,5,3
25,0.75,0.97,234.90843370025863,433,101,163,0,79,False,-1,none,0.3,0.84,0.86,0.59,0.77,0.55,0.6857142857142857,1.0,0.0,49,89,0.9,0.8928571428571429,0.10714285714285714,3,15,0.9,0.7619047619047619,0.23809523809523808,2,5
25,0.69,0.79,199.11777592617105,451,90,172,0,74,False,-1,none,0.3,0.78,0.8,0.57,0.78,0.48,0.6714285714285714,1.0,0.0,62,92,0.75,0.7368421052631579,0.2631578947368421,4,11,0.7,0.7692307692307693,0.23076923076923078,0,3
25,0.7,0.82,201.29759225457303,448,92,168,0,68,True,4,Shigh,0.3,0.78,0.77,0.55,0.72,0.6,0.7142857142857143,1.0,0.0,58,93,0.75,0.8636363636363636,0.13636363636363635,3,12,0.5,0.6,0.4,1,1
25,0.71,0.83,211.65479596411723,447,83,176,0,73,False,-1,none,0.3,0.76,0.78,0.54,0.7,0.64,0.6857142857142857,1.0,0.0,52,93,0.7,0.8333333333333334,0.16666666666666666,5,15,0.9,0.7647058823529411,0.23529411764705882,4,7
25,0.7,0.84,238.79704237845203,446,90,164,0,82,False,-1,none,0.3,0.77,0.76,0.57,0.73,0.55,0.6571428571428571,1.0,0.0,44,88,0.8,0.6818181818181818,0.3181818181818182,14,15,0.8,0.5625,0.4375,2,1
25,0.69,0.92,229.86374458010857,438,78,158,0,77,True,2,Slow,0.3,0.74,0.77,0.55,0.74,0.48,0.6571428571428571,1.0,0.0,50,83,0.7,0.8518518518518519,0.14814814814814814,5,12,0.9,0.631578947368421,0.3684210526315789,4,4
25,0.8,0.91,230.55096418424773,439,89,191,0,74,True,1,Slow,0.3,0.86,0.85,0.54,0.81,0.65,0.7857142857142857,1.0,0.0,51,107,0.8,0.6111111111111112,0.3888888888888889,14,14,0.9,0.6111111111111112,0.3888888888888889,1,4
25,0.71,0.81,191.49779829869283,449,106,159,0,69,True,0,Slow,0.3,0.82,0.8,0.6,0.71,0.53,0.7285714285714285,1.0,0.0,51,87,0.65,0.8235294117647058,0.17647058823529413,7,10,0.7,0.5,0.5,1,3
25,0.76,0.91,239.21251811048975,439,76,193,0,70,True,2,Slow,0.3,0.82,0.82,0.59,0.78,0.59,0.7285714285714285,1.0,0.0,62,98,0.85,0.76,0.24,8,18,0.8,0.6,0.4,6,1
25,0.63,0.8,215.1823507123466,450,78,157,0,60,False,-1,none,0.3,0.7,0.72,0.55,0.64,0.54,0.5571428571428572,1.0,0.0,51,75,0.75,0.88,0.12,5,17,0.9,0.6875,0.3125,4,5
25,0.65,0.77,187.3830479994615,453,84,165,0,64,True,0,Slow,0.3,0.76,0.71,0.53,0.72,0.54,0.6,1.0,0.0,53,86,0.75,0.7619047619047619,0.23809523809523808,9,14,0.8,0.7857142857142857,0.21428571428571427,1,2
25,0.67,0.83,218.3457142782587,447,85,173,0,69,False,-1,none,0.3,0.77,0.79,0.59,0.75,0.51,0.6285714285714286,1.0,0.0,56,91,0.7,0.8095238095238095,0.19047619047619047,6,15,0.9,0.8333333333333334,0.16666666666666666,1,4
25,0.75,0.9,234.94140779789205,440,85,176,0,69,False,-1,none,0.3,0.81,0.79,0.58,0.76,0.57,0.7142857142857143,1.0,0.0,57,86,0.85,0.9629629629629629,0.037037037037037035,3,21,0.8,0.6923076923076923,0.3076923076923077,3,6
25,0.73,0.83,219.2678533111111,447,86,195,0,81,False,-1,none,0.3,0.83,0.86,0.6,0.72,0.63,0.7428571428571429,1.0,0.0,68,95,0.65,0.6875,0.3125,11,11,0.8,0.8,0.2,2,8
25,0.66,0.77,204.65691318436942,453,92,163,0,73,False,-1,none,0.3,0.75,0.81,0.51,0.74,0.51,0.6142857142857143,1.0,0.0,48,86,0.85,0.8260869565217391,0.17391304347826086,8,17,0.6,0.7272727272727273,0.2727272727272727,1,3
25,0.66,0.83,225.0287028174738,447,107,170,0,80,True,3,Shigh,0.3,0.85,0.85,0.57,0.82,0.51,0.6,1.0,0.0,50,94,0.8,0.68,0.32,10,13,0.8,0.6875,0.3125,1,2
25,0.67,0.8,219.00836128515814,450,86,172,0,87,False,-1,none,0.3,0.8,0.8,0.5,0.74,0.54,0.6285714285714286,1.0,0.0,52,93,0.7,0.8571428571428571,0.14285714285714285,8,11,0.9,0.6,0.4,4,4
25,0.68,0.82,221.2217213780416,448,99,187,0,72,True,3,Shigh,0.3,0.85,0.82,0.62,0.83,0.56,0.6285714285714286,1.0,0.0,55,104,0.8,0.5416666666666666,0.4583333333333333,16,10,0.8,0.8571428571428571,0.14285714285714285,0,2
25,0.71,0.82,219.52374535043046,448,93,174,0,81,False,-1,none,0.3,0.8,0.81,0.55,0.78,0.55,0.6857142857142857,1.0,0.0,56,94,0.7,0.8421052631578947,0.15789473684210525,6,10,0.9,0.6666666666666666,0.3333333333333333,1,7
25,0.74,0.87,238.7386269700628,443,83,197,0,73,False,-1,none,0.3,0.82,0.83,0.67,0.81,0.54,0.7,1.0,0.0,69,99,0.75,0.8,0.2,7,13,1.0,0.6666666666666666,0.3333333333333333,5,4
25,0.7,0.9,237.70166733096536,440,100,190,0,70,True,3,Shigh,0.3,0.83,0.9,0.59,0.84,0.64,0.6714285714285714,1.0,0.0,56,109,0.8,0.7777777777777778,0.2222222222222222,8,10,0.7,0.625,0.375,3,4
25,0.72,0.89,230.53723296374505,441,84,175,0,77,False,-1,none,0.3,0.82,0.8,0.55,0.79,0.52,0.6571428571428571,1.0,0.0,55,88,0.9,0.90625,0.09375,7,22,0.8,0.8181818181818182,0.18181818181818182,1,2
25,0.64,0.79,214.19188356836162,451,83,161,0,87,False,-1,none,0.3,0.75,0.77,0.48,0.72,0.51,0.5428571428571428,1.0,0.0,47,83,0.9,0.9259259259259259,0.07407407407407407,5,16,0.8,0.7142857142857143,0.2857142857142857,5,5
25,0.62,0.73,201.71682804349635,457,91,177,0,79,False,-1,none,0.3,0.77,0.78,0.56,0.74,0.56,0.5857142857142857,1.0,0.0,55,97,0.55,0.9375,0.0625,4,11,1.0,0.625,0.375,5,5
25,0.69,0.77,197.21321903807862,453,99,177,0,77,True,1,Slow,0.3,0.82,0.82,0.58,0.74,0.57,0.7,1.0,0.0,51,96,0.8,0.65,0.35,11,16,0.4,0.75,0.25,3,0
25,0.64,0.7,198.4123027102256,460,96,175,0,84,False,-1,none,0.3,0.77,0.81,0.48,0.78,0.57,0.6428571428571429,1.0,0.0,57,99,0.55,0.6923076923076923,0.3076923076923077,5,9,0.8,0.5833333333333334,0.4166666666666667,2,3
25,0.67,0.75,196.2270651575692,455,99,181,0,75,False,-1,none,0.3,0.8,0.82,0.54,0.76,0.63,0.6571428571428571,1.0,0.0,56,98,0.65,0.8823529411764706,0.11764705882352941,4,14,0.8,0.6666666666666666,0.3333333333333333,4,5
25,0.75,0.86,216.19926367231358,444,91,176,0,72,False,-1,none,0.3,0.84,0.83,0.55,0.76,0.55,0.7571428571428571,1.0,0.0,55,97,0.65,0.9444444444444444,0.05555555555555555,2,13,0.9,0.6,0.4,4,5
25,0.63,0.74,186.92642794783234,456,77,160,0,84,False,-1,none,0.3,0.76,0.75,0.45,0.69,0.46,0.6142857142857143,1.0,0.0,49,83,0.75,0.9130434782608695,0.08695652173913043,4,15,0.5,0.5,0.5,7,2
25,0.71,0.87,223.18700955254147,443,94,170,0,79,False,-1,none,0.3,0.84,0.81,0.56,0.76,0.54,0.6857142857142857,1.0,0.0,51,91,0.75,0.8846153846153846,0.11538461538461539,8,15,0.8,0.6923076923076923,0.3076923076923077,2,3
25,0.8,0.96,228.4537510338878,434,78,199,0,72,False,-1,none,0.3,0.82,0.84,0.67,0.81,0.59,0.7857142857142857,1.0,0.0,65,99,0.95,0.9333333333333333,0.06666666666666667,8,24,0.6,0.7272727272727273,0.2727272727272727,0,3
25,0.75,0.9,258.01803669261676,440,88,195,0,67,False,-1,none,0.3,0.84,0.86,0.64,0.82,0.57,0.7142857142857143,1.0,0.0,65,89,0.75,0.7619047619047619,0.23809523809523808,11,14,1.0,0.5263157894736842,0.47368421052631576,7,9
25,0.68,0.8,211.82648094501957,450,83,165,0,72,False,-1,none,0.3,0.78,0.78,0.55,0.72,0.45,0.6857142857142857,1.0,0.0,59,83,0.6,0.8235294117647058,0.17647058823529413,3,11,0.8,0.6666666666666666,0.3333333333333333,3,6
25,0.66,0.83,226.6741393298722,447,91,167,0,69,False,-1,none,0.3,0.79,0.8,0.55,0.72,0.55,0.5857142857142857,1.0,0.0,53,86,0.85,0.8888888888888888,0.1111111111111111,6,14,0.8,0.6666666666666666,0.3333333333333333,3,5
25,0.61,0.73,202.73863933630702,457,110,178,0,74,False,-1,none,0.3,0.84,0.8,0.63,0.79,0.55,0.5571428571428572,1.0,0.0,49,95,0.75,0.75,0.25,12,14,0.7,0.8571428571428571,0.14285714285714285,2,6
25,0.67,0.76,214.39976508713517,454,106,181,0,72,False,-1,none,0.3,0.82,0.83,0.57,0.81,0.6,0.6142857142857143,1.0,0.0,50,101,0.75,0.65,0.35,16,12,0.9,0.7692307692307693,0.23076923076923078,1,1
25,0.67,0.79,219.77034605690815,451,86,178,0,77,False,-1,none,0.3,0.82,0.78,0.48,0.81,0.54,0.6428571428571429,1.0,0.0,49,95,0.75,0.8636363636363636,0.13636363636363635,6,19,0.7,0.4166666666666667,0.5833333333333334,6,3
25,0.64,0.76,196.28445047031875,454,99,155,0,90,False,-1,none,0.3,0.76,0.79,0.49,0.69,0.57,0.6142857142857143,1.0,0.0,48,88,0.65,0.8823529411764706,0.11764705882352941,3,11,0.8,0.75,0.25,1,4
25,0.77,0.92,237.25655265074622,438,87,201,0,65,False,-1,none,0.3,0.89,0.81,0.7,0.79,0.61,0.8,1.0,0.0,63,103,0.7,0.8636363636363636,0.13636363636363635,8,18,0.7,0.7857142857142857,0.21428571428571427,4,5
25,0.63,0.74,219.98090700599843,456,101,174,0,71,False,-1,none,0.3,0.82,0.78,0.52,0.82,0.55,0.5857142857142857,1.0,0.0,49,93,0.75,0.65,0.35,12,16,0.7,0.7692307692307693,0.23076923076923078,0,4
25,0.68,0.75,195.37882377680293,455,84,164,0,97,True,2,Slow,0.3,0.79,0.79,0.43,0.74,0.48,0.7142857142857143,1.0,0.0,53,92,0.6,0.9285714285714286,0.07142857142857142,2,15,0.6,0.6363636363636364,0.36363636363636365,0,2
25,0.67,0.77,216.00882554750814,453,90,174,0,79,False,-1,none,0.3,0.77,0.8,0.53,0.73,0.58,0.6142857142857143,1.0,0.0,49,90,0.8,0.8095238095238095,0.19047619047619047,10,16,0.8,0.6153846153846154,0.38461538461538464,5,4
25,0.6,0.69,198.8637482017758,461,92,168,0,86,False,-1,none,0.3,0.8,0.77,0.42,0.75,0.55,0.5142857142857142,1.0,0.0,52,88,0.8,0.75,0.25,7,11,0.8,0.6923076923076923,0.3076923076923077,5,5
25,0.66,0.75,206.67654259471814,455,92,186,0,62,False,-1,none,0.3,0.81,0.79,0.58,0.74,0.61,0.6285714285714286,1.0,0.0,56,99,0.85,0.8333333333333334,0.16666666666666666,9,18,0.5,0.42857142857142855,0.5714285714285714,2,2
25,0.64,0.73,197.65537849311045,457,96,173,0,73,False,-1,none,0.3,0.76,0.8,0.57,0.71,0.58,0.6,1.0,0.0,53,93,0.7,0.8888888888888888,0.1111111111111111,5,13,0.8,0.6153846153846154,0.38461538461538464,5,4
25,0.65,0.79,211.77725873082932,451,79,168,0,84,False,-1,none,0.3,0.76,0.78,0.55,0.72,0.45,0.6285714285714286,1.0,0.0,52,88,0.65,0.8421052631578947,0.15789473684210525,7,13,0.8,0.75,0.25,4,4
25,0.7,0.85,236.87303435559386,445,89,170,0,81,True,1,Slow,0.3,0.79,0.84,0.53,0.77,0.51,0.6,1.0,0.0,53,84,0.9,0.6666666666666666,0.3333333333333333,11,15,1.0,0.5789473684210527,0.42105263157894735,3,4
25,0.6,0.7,198.35927622186318,460,84,159,0,82,False,-1,none,0.3,0.77,0.72,0.5,0.72,0.42,0.5714285714285714,1.0,0.0,48,83,0.65,0.7777777777777778,0.2222222222222222,7,12,0.7,0.5833333333333334,0.4166666666666667,4,5
25,0.75,0.83,228.69085079186206,447,80,179,0,73,False,-1,none,0.3,0.78,0.75,0.6,0.75,0.54,0.7714285714285715,1.0,0.0,64,97,0.75,0.75,0.25,6,8,0.6,0.6666666666666666,0.3333333333333333,1,3
25,0.66,0.79,224.35358947062565,451,83,172,0,76,False,-1,none,0.3,0.78,0.75,0.56,0.77,0.48,0.6,1.0,0.0,54,86,0.75,0.7142857142857143,0.2857142857142857,10,14,0.9,0.8125,0.1875,1,7
25,0.58,0.69,187.2731364243801,461,95,160,0,71,False,-1,none,0.3,0.73,0.73,0.53,0.72,0.53,0.5285714285714286,1.0,0.0,44,89,0.75,0.7727272727272727,0.22727272727272727,9,16,0.6,0.9,0.1,0,2
26,0.61,0.79,186.6,451,108,153,0,70,True,2,Slow,0.3,0.8,0.77,0.5,0.78,0.55,0.5571428571428572,1.0,0.0,42,89,0.65,0.8095238095238095,0.19047619047619047,5,7,0.9,0.6666666666666666,0.3333333333333333,5,5
26,0.61,0.7,176.40000000000003,460,101,158,0,76,False,-1,none,0.3,0.78,0.78,0.47,0.7,0.56,0.5857142857142857,1.0,0.0,43,95,0.7,0.8421052631578947,0.15789473684210525,5,11,0.6,0.6,0.4,1,3
26,0.67,0.82,220.70999999999992,448,93,150,0,95,False,-1,none,0.3,0.78,0.77,0.51,0.74,0.45,0.5857142857142857,1.0,0.0,41,86,0.85,0.7916666666666666,0.20833333333333334,6,12,0.9,0.5882352941176471,0.4117647058823529,3,2
26,0.68,0.86,201.15374999999992,444,108,171,0,55,False,-1,none,0.3,0.82,0.81,0.62,0.79,0.61,0.6142857142857143,1.0,0.0,53,97,0.9,0.9333333333333333,0.06666666666666667,0,14,0.7,0.7692307692307693,0.23076923076923078,2,5
26,0.61,0.71,182.26529999999994,459,104,145,0,85,False,-1,none,0.3,0.78,0.75,0.48,0.71,0.48,0.5571428571428572,1.0,0.0,35,85,0.8,0.8181818181818182,0.18181818181818182,5,17,0.6,0.6,0.4,1,2
26,0.62,0.8,197.06801624999994,450,86,157,0,82,False,-1,none,0.3,0.76,0.75,0.55,0.75,0.42,0.5714285714285714,1.0,0.0,48,83,0.75,0.88,0.12,7,14,0.7,0.7333333333333333,0.26666666666666666,2,3
26,0.76,0.83,217.46614050000002,447,97,183,0,82,False,-1,none,0.3,0.87,0.85,0.53,0.83,0.55,0.7428571428571429,1.0,0.0,66,89,0.75,0.7222222222222222,0.2777777777777778,6,15,0.9,0.6153846153846154,0.38461538461538464,0,7
26,0.69,0.85,226.1470470328125,445,98,171,0,71,False,-1,none,0.3,0.8,0.85,0.54,0.75,0.6,0.6428571428571429,1.0,0.0,49,91,0.85,0.7142857142857143,0.2857142857142857,12,15,0.7,0.6666666666666666,0.3333333333333333,1,3
26,0.69,0.81,195.4271937515624,449,102,157,0,65,False,-1,none,0.3,0.79,0.78,0.56,0.71,0.56,0.6714285714285714,1.0,0.0,50,91,0.6,0.8333333333333334,0.16666666666666666,4,5,1.0,0.75,0.25,1,6
26,0.69,0.87,223.6282058685938,443,91,166,0,71,False,-1,none,0.3,0.8,0.8,0.55,0.79,0.5,0.6571428571428571,1.0,0.0,52,94,0.85,0.7857142857142857,0.21428571428571427,4,12,0.6,0.6153846153846154,0.38461538461538464,2,2
26,0.68,0.82,204.6153236212968,448,97,159,0,87,False,-1,none,0.3,0.82,0.76,0.46,0.8,0.54,0.6285714285714286,1.0,0.0,47,95,0.75,0.8260869565217391,0.17391304347826086,2,11,0.9,0.8,0.2,1,3
26,0.69,0.8,205.619737262625,450,75,175,0,70,False,-1,none,0.3,0.77,0.79,0.49,0.73,0.52,0.7142857142857143,1.0,0.0,54,94,0.65,0.8333333333333334,0.16666666666666666,4,14,0.6,0.6666666666666666,0.3333333333333333,4,5
26,0.8,0.93,233.9477184769102,437,98,193,0,71,False,-1,none,0.3,0.88,0.85,0.62,0.87,0.62,0.7428571428571429,1.0,0.0,59,101,0.95,0.8461538461538461,0.15384615384615385,9,19,0.9,0.7333333333333333,0.26666666666666666,0,5
26,0.71,0.86,204.78155970825003,444,92,199,0,63,False,-1,none,0.3,0.87,0.85,0.6,0.84,0.61,0.7285714285714285,1.0,0.0,65,110,0.6,0.8888888888888888,0.1111111111111111,3,14,0.8,0.8823529411764706,0.11764705882352941,1,6
26,0.66,0.79,188.28896597830015,451,107,155,0,79,False,-1,none,0.3,0.78,0.79,0.57,0.77,0.5,0.6428571428571429,1.0,0.0,45,91,0.7,0.9545454545454546,0.045454545454545456,1,16,0.7,0.6666666666666666,0.3333333333333333,0,2
26,0.74,0.92,240.08825949510936,438,87,180,0,76,False,-1,none,0.3,0.85,0.83,0.57,0.77,0.57,0.7285714285714285,1.0,0.0,54,97,0.75,0.8148148148148148,0.18518518518518517,10,14,0.8,0.6428571428571429,0.35714285714285715,2,3
26,0.68,0.76,221.73716438547925,454,106,162,0,81,False,-1,none,0.3,0.83,0.8,0.49,0.77,0.55,0.6142857142857143,1.0,0.0,49,90,0.85,0.6190476190476191,0.38095238095238093,9,11,0.8,0.6666666666666666,0.3333333333333333,0,3
26,0.72,0.83,215.49507075440016,447,85,202,0,70,False,-1,none,0.3,0.85,0.87,0.6,0.79,0.59,0.7571428571428571,1.0,0.0,68,102,0.7,0.9047619047619048,0.09523809523809523,6,19,0.5,0.5555555555555556,0.4444444444444444,4,3
26,0.61,0.73,210.8793871331657,457,96,167,0,69,False,-1,none,0.3,0.76,0.78,0.6,0.75,0.47,0.5571428571428572,1.0,0.0,58,82,0.75,0.8181818181818182,0.18181818181818182,6,15,0.7,0.5833333333333334,0.4166666666666667,3,3
26,0.64,0.82,217.9236462236545,448,108,166,0,79,False,-1,none,0.3,0.81,0.82,0.55,0.83,0.55,0.5571428571428572,1.0,0.0,46,95,0.8,1.0,0.0,1,21,0.9,0.625,0.375,0,3
26,0.68,0.84,251.21776618450855,446,95,182,0,79,False,-1,none,0.3,0.84,0.83,0.53,0.79,0.62,0.6,1.0,0.0,54,95,0.85,0.7692307692307693,0.23076923076923078,5,20,0.9,0.5,0.5,5,3
26,0.76,0.85,259.11015240201544,445,98,172,0,85,False,-1,none,0.3,0.82,0.85,0.55,0.8,0.53,0.6857142857142857,1.0,0.0,48,88,0.9,0.7142857142857143,0.2857142857142857,10,15,1.0,0.5625,0.4375,5,6
26,0.68,0.79,236.44965918964564,451,100,176,0,90,False,-1,none,0.3,0.79,0.82,0.56,0.79,0.59,0.6142857142857143,1.0,0.0,55,93,0.8,0.8095238095238095,0.19047619047619047,5,15,0.9,0.5333333333333333,0.4666666666666667,4,4
26,0.7,0.84,245.3704946000979,446,80,167,0,84,False,-1,none,0.3,0.79,0.8,0.48,0.77,0.47,0.6142857142857143,1.0,0.0,44,84,0.9,0.8076923076923077,0.19230769230769232,12,16,0.9,0.5333333333333333,0.4666666666666667,5,6
26,0.73,0.9,245.47284076723318,440,85,168,0,87,False,-1,none,0.3,0.82,0.83,0.53,0.75,0.5,0.7428571428571429,1.0,0.0,53,92,0.6,0.8,0.2,6,12,0.9,0.7222222222222222,0.2777777777777778,2,3
26,0.63,0.74,194.89495025272436,456,105,181,0,80,False,-1,none,0.3,0.84,0.82,0.55,0.82,0.57,0.5714285714285714,1.0,0.0,53,98,0.8,0.8571428571428571,0.14285714285714285,6,17,0.7,0.8461538461538461,0.15384615384615385,3,4
26,0.68,0.82,235.50339673028054,448,89,165,0,79,False,-1,none,0.3,0.8,0.79,0.49,0.75,0.53,0.6,1.0,0.0,47,89,0.85,0.8,0.2,6,17,0.9,0.6666666666666666,0.3333333333333333,2,4
26,0.62,0.72,214.3228450902567,458,118,165,0,70,False,-1,none,0.3,0.83,0.8,0.58,0.77,0.57,0.5857142857142857,1.0,0.0,47,93,0.55,0.6428571428571429,0.35714285714285715,6,11,1.0,0.6470588235294118,0.35294117647058826,2,6
26,0.67,0.8,224.5179158603659,450,97,168,0,80,False,-1,none,0.3,0.8,0.77,0.55,0.8,0.53,0.5857142857142857,1.0,0.0,44,89,0.85,0.8333333333333334,0.16666666666666666,7,16,0.9,0.6666666666666666,0.3333333333333333,6,6
26,0.65,0.79,213.22731826223762,451,89,169,0,63,False,-1,none,0.3,0.78,0.78,0.53,0.77,0.51,0.5857142857142857,1.0,0.0,50,83,0.85,0.8214285714285714,0.17857142857142858,9,18,0.7,0.7,0.3,5,4
26,0.64,0.78,234.37708920901605,452,93,166,0,73,False,-1,none,0.3,0.8,0.81,0.56,0.73,0.47,0.5571428571428572,1.0,0.0,55,81,0.75,0.7727272727272727,0.22727272727272727,7,10,1.0,0.5882352941176471,0.4117647058823529,9,4
26,0.68,0.8,209.47017473866384,450,85,172,0,78,True,2,Slow,0.3,0.79,0.81,0.52,0.76,0.49,0.6714285714285714,1.0,0.0,55,89,0.6,0.8235294117647058,0.17647058823529413,4,12,0.9,0.8125,0.1875,4,8
26,0.59,0.71,178.6926265150639,459,87,157,0,70,True,0,Slow,0.3,0.76,0.76,0.48,0.73,0.42,0.5428571428571428,1.0,0.0,51,82,0.7,0.7619047619047619,0.23809523809523808,7,15,0.7,0.8333333333333334,0.16666666666666666,0,2
26,0.7,0.82,238.97748502609798,448,79,188,0,86,False,-1,none,0.3,0.8,0.82,0.54,0.77,0.56,0.6714285714285714,1.0,0.0,66,100,0.8,0.7272727272727273,0.2727272727272727,7,9,0.7,0.6153846153846154,0.38461538461538464,3,3
26,0.67,0.84,217.79518573147877,446,104,167,0,70,True,3,Shigh,0.3,0.83,0.79,0.52,0.81,0.6,0.6285714285714286,1.0,0.0,46,100,0.75,0.8888888888888888,0.1111111111111111,4,13,0.8,0.5384615384615384,0.46153846153846156,2,2
26,0.67,0.81,217.11754045444664,449,96,148,0,75,False,-1,none,0.3,0.72,0.73,0.56,0.72,0.52,0.6571428571428571,1.0,0.0,39,87,0.65,0.85,0.15,2,13,0.8,0.6,0.4,2,5
26,0.67,0.79,206.3557355888207,451,91,175,0,80,False,-1,none,0.3,0.82,0.78,0.58,0.7,0.57,0.6285714285714286,1.0,0.0,58,92,0.8,0.9259259259259259,0.07407407407407407,4,16,0.7,0.5,0.5,3,2
26,0.65,0.75,225.37177959292342,455,89,169,0,87,False,-1,none,0.3,0.79,0.77,0.49,0.73,0.55,0.5714285714285714,1.0,0.0,48,90,0.8,0.7,0.3,11,14,0.9,0.6,0.4,4,2
26,0.65,0.76,207.68334051882636,454,95,174,0,70,False,-1,none,0.3,0.78,0.81,0.49,0.78,0.59,0.6,1.0,0.0,47,92,0.8,0.875,0.125,6,22,0.7,0.6,0.4,2,5
26,0.64,0.76,196.11848446310418,454,97,174,0,68,False,-1,none,0.3,0.77,0.82,0.61,0.7,0.57,0.6428571428571429,1.0,0.0,56,93,0.6,0.9444444444444444,0.05555555555555555,2,14,0.7,0.7692307692307693,0.23076923076923078,2,7
26,0.65,0.76,196.91077538783273,454,90,169,0,95,True,2,Slow,0.3,0.79,0.83,0.47,0.74,0.52,0.5857142857142857,1.0,0.0,57,91,0.85,0.8333333333333334,0.16666666666666666,4,13,0.7,0.7272727272727273,0.2727272727272727,2,2
26,0.57,0.73,184.00549502906557,457,97,140,0,70,True,1,Slow,0.3,0.7,0.72,0.5,0.7,0.48,0.5285714285714286,1.0,0.0,36,83,0.55,0.8235294117647058,0.17647058823529413,5,12,0.9,0.7894736842105263,0.21052631578947367,1,3
26,0.73,0.9,238.5190698262345,440,107,192,0,76,True,2,Slow,0.3,0.87,0.88,0.6,0.87,0.67,0.6857142857142857,1.0,0.0,58,109,0.8,0.8076923076923077,0.19230769230769232,9,12,0.9,0.75,0.25,2,2
26,0.72,0.86,231.3371120503761,444,94,171,0,84,False,-1,none,0.3,0.77,0.86,0.55,0.8,0.53,0.6714285714285714,1.0,0.0,49,92,0.8,0.8333333333333334,0.16666666666666666,8,17,0.9,0.8,0.2,2,3
26,0.74,0.87,225.6392537087741,443,88,160,0,80,False,-1,none,0.3,0.77,0.81,0.54,0.67,0.56,0.6714285714285714,1.0,0.0,44,83,0.85,0.875,0.125,5,18,1.0,0.8125,0.1875,4,6
26,0.71,0.83,232.18125967168697,447,98,178,0,66,False,-1,none,0.3,0.8,0.84,0.62,0.78,0.55,0.7,1.0,0.0,51,98,0.7,0.7894736842105263,0.21052631578947367,5,14,0.8,0.7333333333333333,0.26666666666666666,5,5
26,0.73,0.86,231.8555876108471,444,92,190,0,77,False,-1,none,0.3,0.81,0.86,0.63,0.76,0.62,0.7,1.0,0.0,61,93,0.85,0.9166666666666666,0.08333333333333333,5,22,0.7,0.6923076923076923,0.3076923076923077,3,6
26,0.67,0.77,217.02110427447033,453,101,176,0,81,False,-1,none,0.3,0.82,0.79,0.55,0.8,0.58,0.6428571428571429,1.0,0.0,47,94,0.7,0.7368421052631579,0.2631578947368421,6,19,0.8,0.7692307692307693,0.23076923076923078,4,6
26,0.64,0.74,186.60894487588513,456,95,167,0,74,False,-1,none,0.3,0.73,0.77,0.53,0.73,0.6,0.6285714285714286,1.0,0.0,50,91,0.65,1.0,0.0,2,20,0.7,0.7777777777777778,0.2222222222222222,2,2
26,0.66,0.81,215.37061159751917,449,90,162,0,82,False,-1,none,0.3,0.78,0.77,0.5,0.73,0.55,0.6142857142857143,1.0,0.0,44,89,0.65,0.9,0.1,4,19,1.0,0.7222222222222222,0.2777777777777778,1,5
26,0.72,0.83,212.52795863045665,447,77,175,0,80,False,-1,none,0.3,0.81,0.78,0.48,0.77,0.51,0.7285714285714285,1.0,0.0,56,92,0.7,0.9545454545454546,0.045454545454545456,1,20,0.7,0.7,0.3,2,4
26,0.67,0.86,226.50213025377832,444,96,174,0,74,False,-1,none,0.3,0.84,0.79,0.56,0.78,0.59,0.6,1.0,0.0,50,95,0.75,0.9583333333333334,0.041666666666666664,0,18,1.0,0.7,0.3,5,6
26,0.71,0.86,222.90775907099777,444,94,180,0,90,False,-1,none,0.3,0.85,0.83,0.54,0.85,0.53,0.7,1.0,0.0,54,94,0.7,0.8571428571428571,0.14285714285714285,4,19,0.8,0.875,0.125,0,9
26,0.69,0.87,234.83684974413796,443,101,188,0,74,False,-1,none,0.3,0.87,0.87,0.6,0.83,0.59,0.6714285714285714,1.0,0.0,52,101,0.75,0.92,0.08,4,21,0.7,0.7333333333333333,0.26666666666666666,5,5
26,0.64,0.76,201.65581746845137,454,74,172,0,63,False,-1,none,0.3,0.72,0.71,0.59,0.72,0.48,0.6285714285714286,1.0,0.0,61,86,0.65,0.9,0.1,4,17,0.7,0.8333333333333334,0.16666666666666666,0,4
26,0.64,0.78,191.97427931665825,452,100,165,0,77,True,0,Slow,0.3,0.8,0.79,0.51,0.76,0.57,0.6,1.0,0.0,46,94,0.7,0.8571428571428571,0.14285714285714285,4,15,0.8,0.7333333333333333,0.26666666666666666,2,4
26,0.78,0.92,251.99559527967352,438,73,195,0,85,False,-1,none,0.3,0.82,0.86,0.57,0.77,0.58,0.7428571428571429,1.0,0.0,63,100,0.9,0.9259259259259259,0.07407407407407407,7,15,0.8,0.6153846153846154,0.38461538461538464,6,4
26,0.68,0.85,236.01384402581778,445,100,170,0,80,False,-1,none,0.3,0.83,0.84,0.57,0.71,0.6,0.6428571428571429,1.0,0.0,48,92,0.7,0.9090909090909091,0.09090909090909091,3,13,0.9,0.6666666666666666,0.3333333333333333,8,6
26,0.69,0.79,201.36123628047133,451,78,166,0,72,False,-1,none,0.3,0.79,0.71,0.49,0.74,0.5,0.6857142857142857,1.0,0.0,49,88,0.75,1.0,0.0,2,21,0.6,0.75,0.25,1,5
26,0.69,0.85,221.85386306721819,445,99,157,0,79,False,-1,none,0.3,0.81,0.8,0.54,0.69,0.57,0.6428571428571429,1.0,0.0,51,84,0.85,0.9230769230769231,0.07692307692307693,2,15,0.7,0.7857142857142857,0.21428571428571427,1,4
26,0.73,0.9,234.46114896492327,440,73,186,0,81,False,-1,none,0.3,0.81,0.83,0.53,0.79,0.53,0.7,1.0,0.0,57,94,0.75,0.9166666666666666,0.08333333333333333,7,17,0.9,0.7647058823529411,0.23529411764705882,3,8
26,0.7,0.81,205.20663709041997,449,101,182,0,66,True,2,Slow,0.3,0.8,0.86,0.62,0.81,0.55,0.6857142857142857,1.0,0.0,56,99,0.65,0.8947368421052632,0.10526315789473684,2,14,0.9,0.6428571428571429,0.35714285714285715,6,5
26,0.72,0.86,221.23994804580556,444,97,182,0,75,False,-1,none,0.3,0.83,0.86,0.58,0.77,0.61,0.6714285714285714,1.0,0.0,52,100,0.8,0.8846153846153846,0.11538461538461539,4,22,0.9,0.8461538461538461,0.15384615384615385,2,2
26,0.69,0.89,225.08925375427214,441,89,182,0,65,False,-1,none,0.3,0.83,0.82,0.64,0.8,0.51,0.6571428571428571,1.0,0.0,59,97,0.75,0.9629629629629629,0.037037037037037035,4,14,0.8,0.8125,0.1875,1,7
26,0.72,0.87,216.24920484589023,443,93,173,0,82,False,-1,none,0.3,0.79,0.85,0.55,0.81,0.53,0.7,1.0,0.0,50,96,0.95,0.9,0.1,4,21,0.4,0.875,0.125,0,2
26,0.65,0.81,203.96688489155002,449,99,162,0,73,False,-1,none,0.3,0.8,0.81,0.52,0.75,0.54,0.5857142857142857,1.0,0.0,45,89,0.8,1.0,0.0,0,21,0.8,0.7857142857142857,0.21428571428571427,4,3
27,0.61,0.73,186.0,457,100,149,0,73,False,-1,none,0.3,0.75,0.76,0.52,0.76,0.43,0.5571428571428572,1.0,0.0,42,83,0.8,0.7272727272727273,0.2727272727272727,5,14,0.6,0.6363636363636364,0.36363636363636365,3,2
27,0.72,0.87,207.90000000000006,443,96,165,0,82,False,-1,none,0.3,0.81,0.75,0.58,0.77,0.57,0.6571428571428571,1.0,0.0,45,93,0.9,0.92,0.08,3,21,0.8,0.75,0.25,2,1
27,0.67,0.83,206.26199999999994,447,113,161,0,73,True,2,Slow,0.3,0.83,0.82,0.61,0.78,0.53,0.5857142857142857,1.0,0.0,43,86,0.8,0.7727272727272727,0.22727272727272727,9,14,1.0,0.75,0.25,3,6
27,0.78,0.91,210.13649999999998,439,102,191,0,66,True,1,Slow,0.3,0.85,0.86,0.63,0.83,0.67,0.7857142857142857,1.0,0.0,58,110,0.7,0.7368421052631579,0.2631578947368421,9,9,0.9,0.6666666666666666,0.3333333333333333,1,4
27,0.77,0.99,238.891275,431,85,198,0,63,False,-1,none,0.3,0.87,0.87,0.62,0.78,0.68,0.7571428571428571,1.0,0.0,59,105,0.8,0.8148148148148148,0.18518518518518517,11,15,0.8,0.7894736842105263,0.21052631578947367,4,4
27,0.79,0.94,209.84906249999992,436,83,166,0,77,True,3,Shigh,0.3,0.81,0.8,0.54,0.8,0.48,0.7857142857142857,1.0,0.0,64,88,0.85,0.8076923076923077,0.19230769230769232,4,9,0.7,0.6363636363636364,0.36363636363636365,0,1
27,0.67,0.81,179.94426187499997,449,101,169,0,89,False,-1,none,0.3,0.85,0.79,0.5,0.77,0.6,0.6571428571428571,1.0,0.0,49,99,0.65,0.9090909090909091,0.09090909090909091,4,14,0.8,0.8333333333333334,0.16666666666666666,1,2
27,0.78,0.95,210.77531606250002,435,99,176,0,85,True,0,Slow,0.3,0.88,0.86,0.61,0.81,0.54,0.7571428571428571,1.0,0.0,56,96,0.85,0.7857142857142857,0.21428571428571427,10,12,0.8,0.6666666666666666,0.3333333333333333,0,2
27,0.64,0.82,190.34443378125,448,87,143,0,83,False,-1,none,0.3,0.74,0.76,0.51,0.67,0.44,0.5285714285714286,1.0,0.0,45,72,0.85,0.8333333333333334,0.16666666666666666,4,16,1.0,0.9047619047619048,0.09523809523809523,0,6
27,0.64,0.77,183.91784551875006,453,106,154,0,73,False,-1,none,0.3,0.79,0.8,0.52,0.76,0.5,0.6,1.0,0.0,39,88,0.7,0.8421052631578947,0.15789473684210525,8,13,0.8,0.8,0.2,3,3
27,0.77,0.97,212.89169435625007,433,72,183,0,83,False,-1,none,0.3,0.81,0.83,0.55,0.78,0.55,0.7285714285714285,1.0,0.0,58,92,0.85,1.0,0.0,0,27,0.9,0.7142857142857143,0.2857142857142857,3,3
27,0.68,0.83,192.03147997031255,447,92,168,0,87,False,-1,none,0.3,0.83,0.8,0.49,0.76,0.55,0.6857142857142857,1.0,0.0,51,92,0.7,0.9090909090909091,0.09090909090909091,4,16,0.6,0.6666666666666666,0.3333333333333333,1,4
27,0.64,0.83,187.20888367781254,447,103,153,0,71,False,-1,none,0.3,0.77,0.79,0.56,0.74,0.53,0.6,1.0,0.0,42,93,0.75,0.9583333333333334,0.041666666666666664,2,12,0.7,0.75,0.25,1,3
27,0.68,0.78,179.5367138610937,452,81,173,0,63,False,-1,none,0.3,0.74,0.74,0.53,0.74,0.57,0.6714285714285714,1.0,0.0,49,95,0.75,0.7058823529411765,0.29411764705882354,11,16,0.6,0.8461538461538461,0.15384615384615385,2,0
27,0.69,0.88,214.18901669369527,442,71,152,0,79,False,-1,none,0.3,0.73,0.71,0.5,0.7,0.47,0.6428571428571429,1.0,0.0,43,75,0.9,0.7741935483870968,0.22580645161290322,12,18,0.6,0.7272727272727273,0.2727272727272727,0,4
27,0.65,0.78,179.8871970391699,452,82,158,0,67,True,1,Slow,0.3,0.76,0.73,0.51,0.69,0.49,0.6571428571428571,1.0,0.0,51,86,0.65,0.7222222222222222,0.2777777777777778,9,9,0.6,0.5454545454545454,0.45454545454545453,1,2
27,0.66,0.8,182.17466737276814,450,102,163,0,75,False,-1,none,0.3,0.81,0.8,0.59,0.72,0.53,0.6428571428571429,1.0,0.0,51,87,0.75,0.7894736842105263,0.21052631578947367,10,13,0.6,0.7857142857142857,0.21428571428571427,1,1
27,0.69,0.79,210.85941099386642,451,96,177,0,73,False,-1,none,0.3,0.84,0.75,0.6,0.77,0.56,0.6428571428571429,1.0,0.0,55,94,0.8,0.47368421052631576,0.5263157894736842,15,11,0.8,0.6428571428571429,0.35714285714285715,1,1
27,0.63,0.73,156.203379466149,457,85,153,0,79,True,1,Slow,0.3,0.74,0.71,0.47,0.7,0.49,0.6142857142857143,1.0,0.0,43,90,0.75,0.7058823529411765,0.29411764705882354,6,12,0.5,0.7777777777777778,0.2222222222222222,1,1
27,0.66,0.82,176.90862641986587,448,94,157,0,72,True,2,Slow,0.3,0.78,0.71,0.6,0.75,0.49,0.6571428571428571,1.0,0.0,46,89,0.8,0.7391304347826086,0.2608695652173913,8,11,0.4,0.8888888888888888,0.1111111111111111,0,3
27,0.69,0.86,208.05178115040454,444,88,154,0,87,False,-1,none,0.3,0.79,0.75,0.52,0.76,0.46,0.6,1.0,0.0,43,87,0.9,0.76,0.24,10,11,0.9,0.8333333333333334,0.16666666666666666,1,2
27,0.68,0.79,205.95161225905935,451,83,168,0,75,False,-1,none,0.3,0.77,0.77,0.54,0.73,0.49,0.6714285714285714,1.0,0.0,49,87,0.75,0.5555555555555556,0.4444444444444444,14,13,0.6,0.6153846153846154,0.38461538461538464,2,3
27,0.73,0.9,211.45067682089973,440,87,177,0,76,False,-1,none,0.3,0.79,0.79,0.63,0.78,0.55,0.7571428571428571,1.0,0.0,61,98,0.6,0.8333333333333334,0.16666666666666666,6,6,0.8,0.7222222222222222,0.2777777777777778,2,4
27,0.64,0.76,186.37597512695874,454,99,157,0,73,False,-1,none,0.3,0.78,0.8,0.51,0.7,0.53,0.6142857142857143,1.0,0.0,47,91,0.75,0.8095238095238095,0.19047619047619047,4,13,0.6,0.6666666666666666,0.3333333333333333,2,0
27,0.72,0.92,206.31701914383996,438,78,179,0,71,True,2,Slow,0.3,0.79,0.82,0.5,0.78,0.6,0.7285714285714285,1.0,0.0,52,99,0.7,0.7272727272727273,0.2727272727272727,7,13,0.7,0.8571428571428571,0.14285714285714285,2,6
27,0.66,0.77,199.01583494523072,453,90,169,0,69,False,-1,none,0.3,0.77,0.75,0.53,0.7,0.61,0.6571428571428571,1.0,0.0,45,96,0.7,0.5294117647058824,0.47058823529411764,13,11,0.6,0.75,0.25,2,2
27,0.52,0.63,155.87637683123748,467,103,152,0,67,False,-1,none,0.3,0.69,0.71,0.52,0.69,0.57,0.5,1.0,0.0,41,93,0.5,0.9285714285714286,0.07142857142857142,3,10,0.7,0.6428571428571429,0.35714285714285715,2,3
27,0.71,0.82,202.8670311698261,448,98,168,0,77,False,-1,none,0.3,0.81,0.8,0.54,0.75,0.58,0.6571428571428571,1.0,0.0,46,91,0.9,0.7916666666666666,0.20833333333333334,10,19,0.7,0.6666666666666666,0.3333333333333333,0,2
27,0.68,0.86,215.6094054588874,444,99,160,0,80,False,-1,none,0.3,0.79,0.85,0.49,0.76,0.56,0.6571428571428571,1.0,0.0,44,95,0.7,0.782608695652174,0.21739130434782608,6,10,0.8,0.625,0.375,2,3
27,0.74,0.89,220.1818927372126,441,89,171,0,76,False,-1,none,0.3,0.8,0.79,0.58,0.8,0.52,0.7142857142857143,1.0,0.0,55,90,0.85,0.6521739130434783,0.34782608695652173,11,9,0.7,0.7857142857142857,0.21428571428571427,1,5
27,0.69,0.85,206.18283886454327,445,96,185,0,84,False,-1,none,0.3,0.84,0.83,0.54,0.81,0.64,0.6428571428571429,1.0,0.0,51,97,0.85,0.7777777777777778,0.2222222222222222,10,21,0.7,0.6153846153846154,0.38461538461538464,2,4
27,0.68,0.77,202.86140670755168,453,90,170,0,88,False,-1,none,0.3,0.81,0.78,0.51,0.76,0.51,0.6571428571428571,1.0,0.0,50,92,0.75,0.5263157894736842,0.47368421052631576,17,7,0.7,0.6363636363636364,0.36363636363636365,2,2
27,0.72,0.92,224.9177074609106,438,91,160,0,77,True,2,Slow,0.3,0.8,0.8,0.55,0.8,0.48,0.6857142857142857,1.0,0.0,44,90,0.75,0.6818181818181818,0.3181818181818182,9,12,0.9,0.7,0.3,2,3
27,0.72,0.89,220.53331059126717,441,81,177,0,83,False,-1,none,0.3,0.8,0.82,0.57,0.72,0.56,0.7,1.0,0.0,58,87,0.8,0.76,0.24,11,17,0.7,0.8,0.2,2,2
27,0.68,0.8,204.00065830588636,450,89,169,0,82,False,-1,none,0.3,0.82,0.79,0.47,0.74,0.56,0.6285714285714286,1.0,0.0,54,90,0.75,0.6842105263157895,0.3157894736842105,9,14,0.9,0.8235294117647058,0.17647058823529413,1,1
27,0.78,0.96,258.31984002698977,434,85,184,0,70,False,-1,none,0.3,0.84,0.83,0.6,0.77,0.61,0.7428571428571429,1.0,0.0,55,95,0.85,0.68,0.32,15,13,0.9,0.631578947368421,0.3684210526315789,3,3
27,0.71,0.89,218.5081317704272,441,68,173,0,60,False,-1,none,0.3,0.71,0.77,0.56,0.73,0.53,0.6714285714285714,1.0,0.0,60,90,0.75,0.7272727272727273,0.2727272727272727,10,11,0.9,0.9,0.1,0,2
27,0.74,0.87,213.50023774739026,443,73,169,0,76,False,-1,none,0.3,0.78,0.79,0.52,0.7,0.5,0.7714285714285715,1.0,0.0,62,88,0.7,0.7368421052631579,0.2631578947368421,4,13,0.6,0.7692307692307693,0.23076923076923078,0,2
27,0.71,0.86,213.19553010736976,444,100,178,0,61,False,-1,none,0.3,0.85,0.82,0.64,0.79,0.54,0.7142857142857143,1.0,0.0,60,97,0.65,0.8571428571428571,0.14285714285714285,7,9,0.8,0.7333333333333333,0.26666666666666666,2,3
27,0.68,0.82,203.25535126255284,448,93,149,0,91,False,-1,none,0.3,0.75,0.77,0.5,0.7,0.52,0.6857142857142857,1.0,0.0,46,92,0.6,0.7142857142857143,0.2857142857142857,3,6,0.8,0.7777777777777778,0.2222222222222222,0,2
27,0.8,1.01,238.07633979116736,429,76,195,0,73,True,1,Slow,0.3,0.85,0.86,0.64,0.79,0.58,0.7714285714285715,1.0,0.0,64,98,0.9,0.6153846153846154,0.38461538461538464,15,16,0.8,0.7058823529411765,0.29411764705882354,0,2
27,0.65,0.79,202.6011615346235,451,62,173,0,66,False,-1,none,0.3,0.7,0.74,0.52,0.67,0.51,0.6857142857142857,1.0,0.0,57,87,0.45,0.8,0.2,9,12,0.8,0.5625,0.4375,3,5
27,0.75,0.92,239.19026026958454,438,77,189,0,67,True,2,Slow,0.3,0.8,0.8,0.59,0.79,0.6,0.7571428571428571,1.0,0.0,56,101,0.75,0.5909090909090909,0.4090909090909091,16,10,0.7,0.6428571428571429,0.35714285714285715,1,5
27,0.67,0.81,203.70021492207178,449,115,157,0,77,False,-1,none,0.3,0.85,0.78,0.6,0.75,0.55,0.6285714285714286,1.0,0.0,45,92,0.8,0.782608695652174,0.21739130434782608,5,13,0.7,0.8461538461538461,0.15384615384615385,0,2
27,0.68,0.82,203.11173634666338,448,100,182,0,66,False,-1,none,0.3,0.81,0.84,0.61,0.76,0.62,0.6285714285714286,1.0,0.0,56,96,0.8,0.875,0.125,9,17,0.8,0.6428571428571429,0.35714285714285715,1,3
27,0.72,0.87,215.78197413911505,443,93,166,0,74,False,-1,none,0.3,0.82,0.79,0.53,0.78,0.54,0.6714285714285714,1.0,0.0,53,94,0.75,0.8095238095238095,0.19047619047619047,6,9,1.0,0.7777777777777778,0.2222222222222222,1,3
27,0.68,0.84,205.95264943292017,446,94,171,0,71,True,2,Slow,0.3,0.81,0.82,0.54,0.77,0.55,0.6571428571428571,1.0,0.0,52,97,0.75,0.7272727272727273,0.2727272727272727,6,11,0.7,0.6428571428571429,0.35714285714285715,2,3
27,0.64,0.72,179.49926701240926,458,104,146,0,78,False,-1,none,0.3,0.76,0.79,0.5,0.69,0.48,0.5857142857142857,1.0,0.0,46,81,0.65,0.8823529411764706,0.11764705882352941,6,9,1.0,0.7857142857142857,0.21428571428571427,0,4
27,0.64,0.76,187.4197526241632,454,95,182,0,72,False,-1,none,0.3,0.81,0.79,0.6,0.78,0.55,0.6142857142857143,1.0,0.0,58,101,0.65,0.75,0.25,10,9,0.8,0.875,0.125,1,3
27,0.7,0.88,233.07180958486032,442,88,178,0,71,False,-1,none,0.3,0.84,0.8,0.55,0.76,0.59,0.6714285714285714,1.0,0.0,60,94,0.7,0.7619047619047619,0.23809523809523808,9,11,0.9,0.631578947368421,0.3684210526315789,2,2
27,0.67,0.85,200.9726228712808,445,106,154,0,70,True,2,Slow,0.3,0.78,0.75,0.62,0.72,0.58,0.6428571428571429,1.0,0.0,45,93,0.7,0.75,0.25,6,8,0.8,0.8125,0.1875,1,1
27,0.69,0.85,204.58793280268594,445,99,155,0,76,True,2,Slow,0.3,0.82,0.79,0.54,0.71,0.53,0.6428571428571429,1.0,0.0,49,83,0.8,0.7692307692307693,0.23076923076923078,8,10,0.8,0.7142857142857143,0.2857142857142857,2,3
27,0.71,0.85,217.1311018239588,445,105,169,0,71,False,-1,none,0.3,0.83,0.84,0.59,0.77,0.56,0.6571428571428571,1.0,0.0,46,98,0.85,0.7916666666666666,0.20833333333333334,9,11,0.8,0.6428571428571429,0.35714285714285715,4,1
27,0.63,0.86,219.93197823439064,444,95,147,0,82,False,-1,none,0.3,0.75,0.79,0.51,0.69,0.54,0.5428571428571428,1.0,0.0,40,80,0.85,0.8,0.2,7,17,0.8,0.7058823529411765,0.29411764705882354,1,2
27,0.72,0.89,210.61997897179253,441,92,168,0,86,False,-1,none,0.3,0.83,0.82,0.52,0.73,0.59,0.7,1.0,0.0,49,98,0.85,0.8461538461538461,0.15384615384615385,5,10,0.6,0.6923076923076923,0.3076923076923077,2,4
27,0.74,0.9,213.82040923940696,440,86,184,0,60,False,-1,none,0.3,0.78,0.83,0.58,0.77,0.64,0.7285714285714285,1.0,0.0,57,104,0.75,0.8260869565217391,0.17391304347826086,8,9,0.8,0.7333333333333333,0.26666666666666666,2,4
27,0.69,0.84,207.30096825127274,446,120,163,0,78,False,-1,none,0.3,0.85,0.86,0.57,0.83,0.56,0.6428571428571429,1.0,0.0,43,97,0.75,0.7619047619047619,0.23809523809523808,5,12,0.9,0.7058823529411765,0.29411764705882354,3,3
27,0.68,0.84,197.29850423856823,446,109,156,0,76,True,4,Shigh,0.3,0.83,0.84,0.64,0.75,0.43,0.6428571428571429,1.0,0.0,54,82,0.85,0.76,0.24,7,9,0.6,0.6153846153846154,0.38461538461538464,2,2
27,0.57,0.69,172.31693589193227,461,121,133,0,72,False,-1,none,0.3,0.78,0.78,0.46,0.72,0.49,0.5714285714285714,1.0,0.0,34,86,0.6,0.7647058823529411,0.23529411764705882,3,6,0.5,0.7272727272727273,0.2727272727272727,0,4
27,0.7,0.86,225.3147514765794,444,80,163,0,86,False,-1,none,0.3,0.76,0.8,0.42,0.77,0.54,0.6571428571428571,1.0,0.0,46,94,0.8,0.8,0.2,7,11,0.8,0.6,0.4,3,2
27,0.67,0.84,186.27130095490986,446,97,171,0,63,True,1,Slow,0.3,0.78,0.82,0.59,0.76,0.57,0.6857142857142857,1.0,0.0,53,104,0.65,0.631578947368421,0.3684210526315789,7,7,0.6,0.8571428571428571,0.14285714285714285,0,0
27,0.72,0.86,229.32061979447195,444,80,169,0,75,True,4,Shigh,0.3,0.78,0.75,0.58,0.71,0.53,0.6857142857142857,0.9591836734693877,0.04081632653061224,58,87,0.8,0.6,0.4,11,7,0.8,0.5882352941176471,0.4117647058823529,4,2
27,0.78,0.91,240.28555798283952,439,88,188,0,73,False,-1,none,0.3,0.84,0.85,0.57,0.8,0.61,0.7714285714285715,1.0,0.0,58,103,0.75,0.7142857142857143,0.2857142857142857,10,15,0.9,0.6875,0.3125,1,1
27,0.76,0.9,210.94581149514593,440,102,187,0,76,True,0,Slow,0.3,0.87,0.86,0.51,0.83,0.72,0.7571428571428571,1.0,0.0,44,112,0.75,0.8260869565217391,0.17391304347826086,9,16,0.8,0.4166666666666667,0.5833333333333334,2,4
27,0.65,0.75,181.07939353628979,455,107,156,0,67,False,-1,none,0.3,0.76,0.79,0.54,0.71,0.58,0.6,1.0,0.0,47,86,0.8,0.9545454545454546,0.045454545454545456,3,14,0.7,0.5454545454545454,0.45454545454545453,1,5
27,0.59,0.69,183.15253025170458,461,86,158,0,72,False,-1,none,0.3,0.73,0.7,0.47,0.68,0.55,0.6142857142857143,1.0,0.0,46,94,0.5,0.38461538461538464,0.6153846153846154,10,6,0.6,0.7692307692307693,0.23076923076923078,0,2
28,0.7,0.81,202.0,449,112,161,0,81,False,-1,none,0.3,0.81,0.81,0.55,0.78,0.59,0.5857142857142857,1.0,0.0,42,91,0.95,0.68,0.32,10,12,1.0,0.8666666666666667,0.13333333333333333,1,5
28,0.73,0.88,214.20000000000007,442,86,182,0,74,False,-1,none,0.3,0.77,0.79,0.6,0.81,0.59,0.6714285714285714,1.0,0.0,57,95,0.85,0.8461538461538461,0.15384615384615385,5,21,0.9,0.8,0.2,0,4
28,0.65,0.74,189.62999999999994,456,82,159,0,65,False,-1,none,0.3,0.75,0.73,0.54,0.65,0.48,0.6428571428571429,1.0,0.0,55,82,0.65,0.8421052631578947,0.15789473684210525,4,14,0.7,0.6,0.4,2,2
28,0.74,0.87,224.51624999999993,443,91,189,0,58,False,-1,none,0.3,0.84,0.82,0.64,0.78,0.59,0.7571428571428571,1.0,0.0,59,100,0.75,0.782608695652174,0.21739130434782608,7,15,0.6,0.5454545454545454,0.45454545454545453,4,4
28,0.79,0.98,261.965025,432,89,192,0,61,False,-1,none,0.3,0.83,0.85,0.64,0.81,0.66,0.7428571428571429,1.0,0.0,54,105,0.85,0.7407407407407407,0.25925925925925924,11,17,1.0,0.7368421052631579,0.2631578947368421,3,2
28,0.74,0.9,240.95881687499997,440,105,175,0,80,False,-1,none,0.3,0.86,0.84,0.62,0.79,0.59,0.6714285714285714,1.0,0.0,51,99,0.85,0.782608695652174,0.21739130434782608,7,11,1.0,0.75,0.25,3,4
28,0.68,0.78,176.20724165625003,452,96,168,0,63,True,1,Slow,0.3,0.79,0.77,0.61,0.67,0.58,0.7428571428571429,1.0,0.0,53,94,0.5,0.8,0.2,6,12,0.6,0.8181818181818182,0.18181818181818182,0,3
28,0.75,0.92,225.294286021875,438,84,181,0,78,True,4,Shigh,0.3,0.79,0.8,0.58,0.79,0.61,0.7428571428571429,1.0,0.0,56,102,0.7,0.9047619047619048,0.09523809523809523,2,14,0.9,0.7368421052631579,0.2631578947368421,2,5
28,0.68,0.8,201.14905023281256,450,80,177,0,68,False,-1,none,0.3,0.76,0.74,0.57,0.73,0.57,0.6857142857142857,1.0,0.0,58,99,0.65,0.95,0.05,5,10,0.7,0.6666666666666666,0.3333333333333333,1,4
28,0.62,0.77,173.50409701406247,453,81,153,0,64,True,2,Slow,0.3,0.69,0.73,0.49,0.7,0.5,0.6142857142857143,1.0,0.0,47,84,0.6,0.9523809523809523,0.047619047619047616,3,15,0.7,0.8181818181818182,0.18181818181818182,0,4
28,0.79,0.95,235.96349342343754,435,95,190,0,60,False,-1,none,0.3,0.86,0.88,0.65,0.82,0.59,0.7714285714285715,1.0,0.0,66,97,0.75,0.8260869565217391,0.17391304347826086,5,17,1.0,0.8333333333333334,0.16666666666666666,0,5
28,0.69,0.83,225.1635836477344,447,101,183,0,78,False,-1,none,0.3,0.85,0.85,0.57,0.83,0.57,0.6285714285714286,1.0,0.0,52,97,0.75,0.8095238095238095,0.19047619047619047,9,18,1.0,0.6111111111111112,0.3888888888888889,4,3
28,0.68,0.84,225.9556135977656,446,84,180,0,87,False,-1,none,0.3,0.83,0.8,0.54,0.75,0.56,0.6142857142857143,1.0,0.0,52,95,0.85,0.8846153846153846,0.11538461538461539,6,16,0.8,0.5333333333333333,0.4666666666666667,6,5
28,0.78,0.89,225.73923145421475,441,96,190,0,75,False,-1,none,0.3,0.86,0.87,0.62,0.78,0.62,0.8,1.0,0.0,62,101,0.7,0.8421052631578947,0.15789473684210525,5,19,0.8,0.7857142857142857,0.21428571428571427,1,2
28,0.71,0.91,215.79559436254394,439,80,180,0,74,True,0,Slow,0.3,0.83,0.82,0.56,0.71,0.59,0.6571428571428571,1.0,0.0,56,95,0.9,0.9032258064516129,0.0967741935483871,3,19,0.7,0.5384615384615384,0.46153846153846156,5,2
28,0.66,0.8,211.71886770411746,450,103,172,0,75,False,-1,none,0.3,0.83,0.84,0.57,0.77,0.54,0.6428571428571429,1.0,0.0,55,96,0.65,0.85,0.15,5,11,0.8,0.7333333333333333,0.26666666666666666,1,4
28,0.66,0.84,220.76852244964334,446,100,180,0,81,False,-1,none,0.3,0.87,0.85,0.57,0.82,0.53,0.6,1.0,0.0,55,92,0.75,0.9166666666666666,0.08333333333333333,5,22,0.9,0.7777777777777778,0.2222222222222222,2,4
28,0.78,0.94,261.44986746247844,436,91,194,0,91,False,-1,none,0.3,0.93,0.87,0.59,0.79,0.61,0.7,1.0,0.0,64,91,0.95,0.8214285714285714,0.17857142857142858,11,20,1.0,0.7058823529411765,0.29411764705882354,3,5
28,0.67,0.78,207.29128991765776,452,91,192,0,69,False,-1,none,0.3,0.82,0.81,0.59,0.8,0.59,0.6857142857142857,1.0,0.0,65,96,0.65,0.9473684210526315,0.05263157894736842,4,17,0.6,0.6363636363636364,0.36363636363636365,4,6
28,0.62,0.72,207.36488776197274,458,108,168,0,87,False,-1,none,0.3,0.82,0.8,0.54,0.74,0.58,0.4857142857142857,1.0,0.0,39,90,0.95,0.7307692307692307,0.2692307692307692,15,17,0.9,0.75,0.25,3,4
28,0.69,0.82,225.97791699754353,448,91,177,0,75,False,-1,none,0.3,0.83,0.78,0.57,0.77,0.55,0.6428571428571429,1.0,0.0,53,92,0.75,0.6666666666666666,0.3333333333333333,10,13,0.9,0.75,0.25,5,4
28,0.67,0.8,215.10030601443341,450,96,157,0,72,False,-1,none,0.3,0.78,0.78,0.53,0.69,0.55,0.6,1.0,0.0,47,85,0.75,0.7368421052631579,0.2631578947368421,8,11,1.0,0.7894736842105263,0.21052631578947367,2,4
28,0.73,0.91,226.76417642487993,439,88,176,0,75,True,1,Slow,0.3,0.77,0.82,0.59,0.83,0.54,0.6571428571428571,1.0,0.0,51,93,0.95,0.7916666666666666,0.20833333333333334,8,19,0.8,0.6666666666666666,0.3333333333333333,2,3
28,0.65,0.79,198.37951771280777,451,85,167,0,69,False,-1,none,0.3,0.75,0.76,0.53,0.69,0.58,0.6428571428571429,1.0,0.0,51,93,0.6,0.7647058823529411,0.23529411764705882,8,12,0.8,0.8823529411764706,0.11764705882352941,0,3
28,0.77,0.87,226.1197186713881,443,86,184,0,78,True,4,Shigh,0.3,0.83,0.86,0.53,0.82,0.53,0.7857142857142857,1.0,0.0,62,104,0.8,0.6086956521739131,0.391304347826087,8,8,0.6,0.8888888888888888,0.1111111111111111,0,2
28,0.72,0.89,236.64164022086996,441,80,166,0,70,False,-1,none,0.3,0.74,0.79,0.54,0.72,0.56,0.7,1.0,0.0,49,88,0.75,0.8333333333333334,0.16666666666666666,10,13,0.8,0.6875,0.3125,0,6
28,0.73,0.84,218.0209565137475,446,74,193,0,79,True,3,Shigh,0.3,0.81,0.84,0.53,0.75,0.58,0.7285714285714285,1.0,0.0,73,99,0.75,0.7727272727272727,0.22727272727272727,5,11,0.7,0.45454545454545453,0.5454545454545454,5,0
28,0.7,0.82,221.08151357271643,448,83,178,0,92,False,-1,none,0.3,0.8,0.83,0.57,0.75,0.48,0.7,1.0,0.0,61,93,0.65,0.8333333333333334,0.16666666666666666,7,9,0.8,0.6666666666666666,0.3333333333333333,4,4
28,0.67,0.78,197.3043124782394,452,99,172,0,86,True,2,Slow,0.3,0.84,0.79,0.52,0.81,0.53,0.6142857142857143,1.0,0.0,48,93,0.85,0.7391304347826086,0.2608695652173913,6,19,0.7,0.8181818181818182,0.18181818181818182,3,3
28,0.66,0.77,214.22241549720903,453,92,149,0,72,False,-1,none,0.3,0.72,0.71,0.59,0.7,0.46,0.6285714285714286,1.0,0.0,45,81,0.8,0.7142857142857143,0.2857142857142857,8,11,0.6,0.75,0.25,1,3
28,0.71,0.8,206.65677550619534,450,80,166,0,94,False,-1,none,0.3,0.75,0.79,0.45,0.77,0.5,0.6857142857142857,1.0,0.0,53,94,0.75,0.8947368421052632,0.10526315789473684,4,12,0.8,0.8461538461538461,0.15384615384615385,0,3
28,0.68,0.83,219.59657516792515,447,93,164,0,80,False,-1,none,0.3,0.79,0.81,0.57,0.74,0.49,0.6571428571428571,1.0,0.0,55,87,0.75,0.7916666666666666,0.20833333333333334,8,12,0.7,0.7692307692307693,0.23076923076923078,0,2
28,0.62,0.78,208.6196872250584,452,87,158,0,77,False,-1,none,0.3,0.75,0.78,0.47,0.71,0.52,0.6,1.0,0.0,51,84,0.5,0.7333333333333333,0.26666666666666666,6,9,1.0,0.7619047619047619,0.23809523809523808,3,5
28,0.66,0.76,186.2074959731883,454,93,162,0,69,False,-1,none,0.3,0.77,0.77,0.53,0.7,0.54,0.6714285714285714,1.0,0.0,51,91,0.55,0.8666666666666667,0.13333333333333333,3,13,0.8,0.9285714285714286,0.07142857142857142,0,4
28,0.7,0.81,205.41674738146884,449,86,181,0,82,False,-1,none,0.3,0.81,0.82,0.57,0.73,0.55,0.7,1.0,0.0,65,100,0.7,0.9090909090909091,0.09090909090909091,3,11,0.7,0.7,0.3,1,1
28,0.65,0.8,210.9837440578575,450,111,164,0,85,True,4,Shigh,0.3,0.86,0.83,0.52,0.8,0.54,0.5714285714285714,1.0,0.0,47,94,0.8,0.84,0.16,11,11,0.9,0.7333333333333333,0.26666666666666666,0,1
28,0.65,0.9,247.45766265605124,440,81,180,0,74,False,-1,none,0.3,0.75,0.83,0.64,0.71,0.58,0.5428571428571428,1.0,0.0,57,86,0.9,0.875,0.125,10,16,0.9,0.65,0.35,4,7
28,0.66,0.81,225.66795849713566,449,92,163,0,69,False,-1,none,0.3,0.8,0.76,0.51,0.76,0.53,0.6,1.0,0.0,50,87,0.8,0.7727272727272727,0.22727272727272727,7,14,0.8,0.7058823529411765,0.29411764705882354,1,4
28,0.59,0.73,210.50180435572057,457,84,161,0,72,False,-1,none,0.3,0.75,0.77,0.46,0.68,0.52,0.5571428571428572,1.0,0.0,60,80,0.65,0.8095238095238095,0.19047619047619047,6,12,0.7,0.6153846153846154,0.38461538461538464,2,1
28,0.68,0.84,231.39932020321308,446,87,184,0,75,False,-1,none,0.3,0.8,0.84,0.58,0.79,0.54,0.6714285714285714,1.0,0.0,68,92,0.65,0.7142857142857143,0.2857142857142857,6,12,0.8,0.6875,0.3125,3,3
28,0.61,0.71,209.97322199194863,459,89,170,0,65,False,-1,none,0.3,0.73,0.76,0.58,0.7,0.53,0.5857142857142857,1.0,0.0,60,82,0.7,0.6,0.4,10,15,0.6,0.5,0.5,1,2
28,0.69,0.84,222.57741876350792,446,83,160,0,88,False,-1,none,0.3,0.79,0.8,0.44,0.73,0.51,0.6714285714285714,1.0,0.0,54,84,0.7,0.8095238095238095,0.19047619047619047,6,11,0.8,0.8125,0.1875,2,3
28,0.74,0.86,233.09349496041787,444,83,164,0,72,False,-1,none,0.3,0.77,0.78,0.54,0.68,0.56,0.7142857142857143,1.0,0.0,50,86,0.75,0.72,0.28,11,15,0.9,0.6363636363636364,0.36363636363636365,0,2
28,0.73,0.82,193.91134037855693,448,83,181,0,84,True,0,Slow,0.3,0.82,0.81,0.48,0.79,0.56,0.7285714285714285,1.0,0.0,60,99,0.75,0.7142857142857143,0.2857142857142857,8,11,0.7,0.8,0.2,1,2
28,0.68,0.8,220.65252114277814,450,89,170,0,71,False,-1,none,0.3,0.79,0.75,0.64,0.72,0.49,0.6714285714285714,1.0,0.0,57,85,0.75,0.7272727272727273,0.2727272727272727,12,10,0.6,0.7272727272727273,0.2727272727272727,1,5
28,0.55,0.62,180.59420653192643,468,98,146,0,69,False,-1,none,0.3,0.71,0.68,0.44,0.72,0.51,0.4857142857142857,1.0,0.0,43,87,0.7,0.47058823529411764,0.5294117647058824,8,5,0.7,0.8181818181818182,0.18181818181818182,0,3
28,0.61,0.73,181.02579149202688,457,95,165,0,77,True,2,Slow,0.3,0.76,0.75,0.55,0.73,0.54,0.5857142857142857,1.0,0.0,54,91,0.75,0.6956521739130435,0.30434782608695654,7,10,0.5,0.6666666666666666,0.3333333333333333,0,3
28,0.66,0.79,220.8107006067779,451,85,167,0,74,False,-1,none,0.3,0.76,0.74,0.52,0.73,0.56,0.6142857142857143,1.0,0.0,48,88,0.75,0.85,0.15,7,16,0.8,0.5,0.5,7,1
28,0.63,0.72,198.3811220391733,458,113,164,0,81,False,-1,none,0.3,0.81,0.82,0.55,0.8,0.51,0.6,1.0,0.0,49,97,0.75,0.6111111111111112,0.3888888888888889,10,5,0.6,0.9166666666666666,0.08333333333333333,2,1
28,0.65,0.76,204.0872744727746,454,108,157,0,84,False,-1,none,0.3,0.76,0.81,0.59,0.73,0.52,0.6142857142857143,1.0,0.0,53,88,0.65,0.8888888888888888,0.1111111111111111,3,10,0.9,0.6666666666666666,0.3333333333333333,2,1
28,0.65,0.79,221.63057644429568,451,88,177,0,76,False,-1,none,0.3,0.76,0.83,0.51,0.72,0.62,0.5714285714285714,1.0,0.0,58,89,0.8,0.782608695652174,0.21739130434782608,10,13,0.9,0.625,0.375,1,6
28,0.72,0.86,222.95413242767955,444,114,171,0,89,True,0,Slow,0.3,0.86,0.89,0.58,0.81,0.57,0.6714285714285714,1.0,0.0,49,96,0.85,0.72,0.28,8,13,0.8,0.6428571428571429,0.35714285714285715,1,4
28,0.64,0.8,218.48918854837564,450,86,167,0,67,False,-1,none,0.3,0.74,0.76,0.56,0.7,0.57,0.6,1.0,0.0,51,89,0.75,0.7727272727272727,0.22727272727272727,8,15,0.7,0.75,0.25,0,4
28,0.75,0.88,251.17102481935814,442,85,186,0,76,False,-1,none,0.3,0.8,0.84,0.61,0.81,0.53,0.7428571428571429,1.0,0.0,64,93,0.7,0.5263157894736842,0.47368421052631576,16,9,0.9,0.8235294117647058,0.17647058823529413,3,1
28,0.61,0.69,201.82825433430955,461,90,179,0,92,False,-1,none,0.3,0.79,0.82,0.52,0.74,0.51,0.5714285714285714,1.0,0.0,62,91,0.7,0.7222222222222222,0.2777777777777778,12,9,0.7,0.6363636363636364,0.36363636363636365,4,1
28,0.63,0.72,202.00838511570296,458,96,156,0,66,False,-1,none,0.3,0.76,0.74,0.54,0.67,0.53,0.5857142857142857,1.0,0.0,49,81,0.7,0.6842105263157895,0.3157894736842105,10,11,0.8,0.9166666666666666,0.08333333333333333,2,3
28,0.65,0.74,202.47033537131085,456,89,174,0,73,False,-1,none,0.3,0.81,0.72,0.49,0.78,0.57,0.6285714285714286,1.0,0.0,58,96,0.7,0.75,0.25,2,16,0.7,0.9,0.1,2,0
28,0.76,1.0,271.37057729567937,430,70,200,0,75,False,-1,none,0.3,0.83,0.86,0.69,0.76,0.56,0.7142857142857143,1.0,0.0,81,93,0.8,0.8148148148148148,0.18518518518518517,11,10,1.0,0.782608695652174,0.21739130434782608,2,3
28,0.61,0.79,208.7176499188274,451,102,168,0,66,True,3,Shigh,0.3,0.79,0.81,0.51,0.81,0.57,0.5142857142857142,0.9722222222222222,0.027777777777777776,62,86,0.85,0.6785714285714286,0.32142857142857145,6,10,0.8,0.8,0.2,2,2
28,0.69,0.87,232.27410784974208,443,100,163,0,85,False,-1,none,0.3,0.84,0.84,0.56,0.75,0.51,0.6428571428571429,1.0,0.0,55,89,0.75,0.9130434782608695,0.08695652173913043,4,12,0.9,0.7368421052631579,0.2631578947368421,1,2
28,0.7,0.82,216.3504346591768,448,90,169,0,74,False,-1,none,0.3,0.8,0.79,0.5,0.76,0.56,0.6714285714285714,1.0,0.0,52,94,0.8,0.8636363636363636,0.13636363636363635,8,9,0.7,0.8461538461538461,0.15384615384615385,0,6
28,0.67,0.86,235.76856190172256,444,73,181,0,80,False,-1,none,0.3,0.83,0.77,0.51,0.73,0.56,0.6285714285714286,1.0,0.0,56,94,0.8,0.8518518518518519,0.14814814814814814,10,16,0.7,0.6666666666666666,0.3333333333333333,2,3
28,0.66,0.82,209.6733257731674,448,105,153,0,70,True,1,Slow,0.3,0.79,0.78,0.53,0.75,0.55,0.6,1.0,0.0,45,84,0.75,0.7916666666666666,0.20833333333333334,8,12,0.9,0.625,0.375,0,4
28,0.74,0.91,256.2910388218726,439,88,201,0,65,False,-1,none,0.3,0.86,0.84,0.61,0.82,0.67,0.6857142857142857,1.0,0.0,67,106,0.8,0.6956521739130435,0.30434782608695654,11,11,1.0,0.7,0.3,2,4
28,0.64,0.77,207.85639145554052,453,87,158,0,83,False,-1,none,0.3,0.79,0.78,0.49,0.72,0.44,0.5857142857142857,1.0,0.0,52,79,0.75,0.8181818181818182,0.18181818181818182,9,13,0.8,0.6428571428571429,0.35714285714285715,0,5
28,0.73,0.9,213.089426678849,440,81,176,0,63,True,1,Slow,0.3,0.77,0.79,0.55,0.75,0.61,0.7142857142857143,1.0,0.0,53,102,0.75,0.9166666666666666,0.08333333333333333,4,13,0.8,0.6875,0.3125,0,4
29,0.62,0.81,185.2,449,93,144,0,72,True,0,Slow,0.3,0.73,0.77,0.47,0.69,0.52,0.5428571428571428,1.0,0.0,38,82,0.8,0.8148148148148148,0.18518518518518517,9,12,0.8,0.6666666666666666,0.3333333333333333,0,3
29,0.65,0.73,199.50000000000006,457,105,151,0,76,False,-1,none,0.3,0.81,0.75,0.46,0.71,0.56,0.6142857142857143,1.0,0.0,40,91,0.6,0.5,0.5,9,10,1.0,0.75,0.25,0,1
29,0.76,0.88,229.10999999999993,442,97,194,0,66,False,-1,none,0.3,0.89,0.85,0.65,0.81,0.59,0.7,1.0,0.0,59,99,0.9,0.8076923076923077,0.19230769230769232,13,15,0.9,0.6923076923076923,0.3076923076923077,4,4
29,0.66,0.76,192.87450000000004,454,87,177,0,75,False,-1,none,0.3,0.8,0.8,0.48,0.79,0.53,0.6857142857142857,1.0,0.0,54,101,0.6,0.6666666666666666,0.3333333333333333,7,9,0.6,0.7692307692307693,0.23076923076923078,4,2
29,0.66,0.76,187.17638625000004,454,109,159,0,91,True,2,Slow,0.3,0.82,0.82,0.53,0.76,0.51,0.6571428571428571,1.0,0.0,50,86,0.6,0.8333333333333334,0.16666666666666666,2,16,0.8,0.5,0.5,2,3
29,0.71,0.92,217.9011318749999,438,105,181,0,72,False,-1,none,0.3,0.85,0.87,0.66,0.79,0.61,0.6857142857142857,1.0,0.0,54,99,0.75,0.88,0.12,3,21,0.8,0.7894736842105263,0.21052631578947367,1,3
29,0.73,0.92,229.90116909374993,438,83,183,0,72,False,-1,none,0.3,0.84,0.8,0.54,0.84,0.56,0.6571428571428571,1.0,0.0,55,93,0.85,0.8928571428571429,0.10714285714285714,4,20,1.0,0.6111111111111112,0.3888888888888889,5,6
29,0.67,0.84,207.32945231249994,446,92,147,0,77,False,-1,none,0.3,0.75,0.78,0.53,0.69,0.48,0.6714285714285714,1.0,0.0,47,79,0.6,0.75,0.25,6,12,0.8,0.7647058823529411,0.23529411764705882,0,3
29,0.76,0.88,225.70771525312492,442,89,195,0,83,False,-1,none,0.3,0.87,0.81,0.6,0.83,0.61,0.7571428571428571,1.0,0.0,64,102,0.75,0.7222222222222222,0.2777777777777778,9,13,0.8,0.6470588235294118,0.35294117647058826,2,5
29,0.66,0.83,215.30175332695302,447,90,158,0,74,False,-1,none,0.3,0.79,0.75,0.56,0.72,0.49,0.6428571428571429,1.0,0.0,48,82,0.7,0.6666666666666666,0.3333333333333333,8,14,0.7,0.7647058823529411,0.23529411764705882,3,3
29,0.77,0.96,209.84969120554692,434,81,190,0,83,True,0,Slow,0.3,0.85,0.87,0.52,0.83,0.6,0.8,1.0,0.0,65,104,0.75,0.7727272727272727,0.22727272727272727,6,13,0.6,0.6153846153846154,0.38461538461538464,1,1
29,0.71,0.8,218.8383351352734,450,89,168,0,73,False,-1,none,0.3,0.77,0.78,0.53,0.72,0.57,0.6857142857142857,1.0,0.0,49,87,0.75,0.5555555555555556,0.4444444444444444,13,12,0.8,0.5714285714285714,0.42857142857142855,4,3
29,0.62,0.78,193.35369383906135,452,106,156,0,80,False,-1,none,0.3,0.8,0.8,0.49,0.74,0.57,0.5571428571428572,1.0,0.0,39,90,0.75,0.7619047619047619,0.23809523809523808,7,15,0.8,0.8333333333333334,0.16666666666666666,2,3
29,0.63,0.81,182.36509139682116,449,100,155,0,64,True,0,Slow,0.3,0.78,0.79,0.47,0.73,0.59,0.5285714285714286,1.0,0.0,38,87,0.85,0.8461538461538461,0.15384615384615385,11,14,0.9,0.7777777777777778,0.2222222222222222,1,4
29,0.62,0.76,175.04569446788258,454,98,156,0,80,False,-1,none,0.3,0.78,0.81,0.53,0.71,0.47,0.5857142857142857,1.0,0.0,48,86,0.75,0.9583333333333334,0.041666666666666664,2,15,0.6,0.7272727272727273,0.2727272727272727,3,2
29,0.77,0.92,214.8860881659583,438,95,185,0,63,False,-1,none,0.3,0.84,0.83,0.6,0.81,0.64,0.7285714285714285,1.0,0.0,58,107,0.85,0.9166666666666666,0.08333333333333333,3,13,0.9,0.7058823529411765,0.29411764705882354,2,2
29,0.64,0.79,185.82015817821127,451,108,157,0,76,True,1,Slow,0.3,0.77,0.79,0.51,0.8,0.57,0.6285714285714286,1.0,0.0,39,99,0.7,0.65,0.35,5,10,0.6,0.5454545454545454,0.45454545454545453,2,2
29,0.74,0.9,198.0127719873287,440,96,156,0,73,True,0,Slow,0.3,0.8,0.79,0.53,0.74,0.56,0.7285714285714285,1.0,0.0,47,90,0.85,0.7391304347826086,0.2608695652173913,6,11,0.6,0.6428571428571429,0.35714285714285715,1,1
29,0.68,0.79,182.08623440503055,451,84,149,0,98,True,1,Slow,0.3,0.76,0.76,0.42,0.72,0.46,0.6857142857142857,1.0,0.0,48,81,0.65,0.6666666666666666,0.3333333333333333,8,9,0.7,0.6666666666666666,0.3333333333333333,0,3
29,0.71,0.85,188.9851102545511,445,84,174,0,92,True,1,Slow,0.3,0.81,0.84,0.51,0.78,0.49,0.7142857142857143,1.0,0.0,57,94,0.7,0.7368421052631579,0.2631578947368421,9,12,0.7,0.6428571428571429,0.35714285714285715,0,2
29,0.63,0.79,189.23162397969293,451,105,150,0,71,False,-1,none,0.3,0.8,0.78,0.59,0.71,0.46,0.6,1.0,0.0,48,84,0.65,0.7619047619047619,0.23809523809523808,5,11,0.8,0.8125,0.1875,0,2
29,0.76,0.93,220.96627795785002,437,85,183,0,74,False,-1,none,0.3,0.83,0.83,0.58,0.81,0.56,0.7714285714285715,1.0,0.0,62,101,0.7,0.9047619047619048,0.09523809523809523,3,10,0.8,0.6666666666666666,0.3333333333333333,4,3
29,0.67,0.86,217.50887669896701,444,94,179,0,76,False,-1,none,0.3,0.84,0.82,0.55,0.81,0.57,0.6285714285714286,1.0,0.0,52,94,0.75,0.7727272727272727,0.22727272727272727,12,12,0.8,0.65,0.35,4,5
29,0.67,0.83,200.80260601590183,447,101,145,0,86,True,3,Shigh,0.3,0.82,0.73,0.49,0.72,0.53,0.6714285714285714,0.9787234042553191,0.02127659574468085,45,87,0.65,0.8235294117647058,0.17647058823529413,2,5,0.7,0.631578947368421,0.3684210526315789,1,5
29,0.6,0.67,175.77764378226743,463,94,154,0,85,False,-1,none,0.3,0.75,0.71,0.4,0.71,0.58,0.5714285714285714,1.0,0.0,39,95,0.75,0.5789473684210527,0.42105263157894735,8,11,0.5,0.75,0.25,1,0
29,0.71,0.85,203.03085915700433,445,103,181,0,56,False,-1,none,0.3,0.83,0.85,0.63,0.78,0.6,0.6571428571428571,1.0,0.0,58,96,0.9,0.8148148148148148,0.18518518518518517,10,13,0.7,0.75,0.25,1,3
29,0.66,0.81,161.45824214931605,449,118,146,0,75,True,0,Slow,0.3,0.8,0.8,0.56,0.78,0.51,0.6428571428571429,1.0,0.0,38,89,0.6,0.9444444444444444,0.05555555555555555,0,14,0.9,0.8235294117647058,0.17647058823529413,3,2
29,0.66,0.82,214.41326757466058,448,109,154,0,80,False,-1,none,0.3,0.85,0.82,0.5,0.82,0.46,0.6142857142857143,1.0,0.0,43,90,0.7,0.75,0.25,6,11,0.9,0.631578947368421,0.3684210526315789,2,2
29,0.71,0.85,182.73336258132886,445,80,169,0,81,True,1,Slow,0.3,0.79,0.79,0.52,0.74,0.5,0.7142857142857143,1.0,0.0,54,95,0.75,0.782608695652174,0.21739130434782608,8,10,0.6,0.8333333333333334,0.16666666666666666,0,2
29,0.7,0.86,225.109124485491,444,94,172,0,68,False,-1,none,0.3,0.79,0.79,0.59,0.77,0.58,0.6571428571428571,1.0,0.0,47,95,0.7,0.6190476190476191,0.38095238095238093,15,10,1.0,0.6842105263157895,0.3157894736842105,2,3
29,0.69,0.92,234.2626623358005,438,95,167,0,81,False,-1,none,0.3,0.83,0.83,0.51,0.83,0.54,0.6142857142857143,1.0,0.0,47,89,0.85,0.7142857142857143,0.2857142857142857,8,16,0.9,0.7142857142857143,0.2857142857142857,2,5
29,0.68,0.8,185.6331127779785,450,91,144,0,90,False,-1,none,0.3,0.75,0.75,0.5,0.72,0.43,0.6428571428571429,1.0,0.0,48,82,0.7,0.9473684210526315,0.05263157894736842,2,7,0.9,0.625,0.375,0,5
29,0.74,0.84,213.01287240168375,446,91,155,0,90,False,-1,none,0.3,0.81,0.81,0.49,0.7,0.49,0.7428571428571429,1.0,0.0,50,85,0.75,0.7058823529411765,0.29411764705882354,6,7,0.7,0.5333333333333333,0.4666666666666667,2,5
29,0.65,0.82,204.03206231242982,448,86,176,0,86,False,-1,none,0.3,0.79,0.83,0.51,0.79,0.52,0.5857142857142857,1.0,0.0,44,101,0.85,0.8076923076923077,0.19230769230769232,11,15,0.7,0.7333333333333333,0.26666666666666666,3,2
29,0.73,0.92,242.3181398447406,438,85,177,0,76,False,-1,none,0.3,0.82,0.83,0.6,0.76,0.53,0.7,1.0,0.0,60,89,0.7,0.6190476190476191,0.38095238095238093,8,10,1.0,0.7272727272727273,0.2727272727272727,4,6
29,0.68,0.78,196.56636381489074,452,86,164,0,77,False,-1,none,0.3,0.76,0.79,0.46,0.74,0.53,0.6857142857142857,1.0,0.0,46,96,0.8,0.7272727272727273,0.2727272727272727,11,8,0.4,0.75,0.25,2,1
29,0.78,0.93,234.24129114847815,437,101,181,0,85,False,-1,none,0.3,0.9,0.86,0.59,0.86,0.54,0.7285714285714285,1.0,0.0,51,99,0.9,0.75,0.25,11,12,0.9,0.7777777777777778,0.2222222222222222,1,7
29,0.7,0.87,225.856967436753,443,92,170,0,86,False,-1,none,0.3,0.83,0.82,0.51,0.78,0.55,0.6285714285714286,1.0,0.0,50,94,0.85,0.7916666666666666,0.20833333333333334,5,14,0.9,0.5789473684210527,0.42105263157894735,3,4
29,0.73,0.84,204.7338088544862,446,92,172,0,72,False,-1,none,0.3,0.83,0.78,0.59,0.76,0.52,0.7571428571428571,1.0,0.0,57,96,0.65,0.6842105263157895,0.3157894736842105,10,7,0.7,0.8333333333333334,0.16666666666666666,0,2
29,0.73,0.94,247.2044960660648,436,92,169,0,85,True,4,Shigh,0.3,0.84,0.83,0.6,0.73,0.55,0.6714285714285714,1.0,0.0,59,89,0.8,0.7037037037037037,0.2962962962962963,6,8,1.0,0.65,0.35,4,3
29,0.67,0.86,213.6902808791894,444,105,163,0,61,False,-1,none,0.3,0.79,0.8,0.62,0.76,0.57,0.6285714285714286,1.0,0.0,49,92,0.7,0.8260869565217391,0.17391304347826086,4,13,0.9,0.7894736842105263,0.21052631578947367,1,4
29,0.69,0.82,179.34204136394695,448,99,165,0,74,True,1,Slow,0.3,0.81,0.77,0.56,0.78,0.54,0.7,1.0,0.0,51,98,0.55,0.8571428571428571,0.14285714285714285,3,6,0.9,0.7894736842105263,0.21052631578947367,2,5
29,0.68,0.82,214.76338360947773,448,95,156,0,72,False,-1,none,0.3,0.76,0.78,0.51,0.75,0.53,0.6571428571428571,1.0,0.0,45,87,0.7,0.7222222222222222,0.2777777777777778,6,11,0.8,0.6666666666666666,0.3333333333333333,4,3
29,0.8,0.96,228.81429589273887,434,107,174,0,88,False,-1,none,0.3,0.9,0.88,0.62,0.84,0.53,0.7857142857142857,1.0,0.0,54,96,0.85,0.84,0.16,6,16,0.8,0.75,0.25,1,1
29,0.67,0.88,206.4009893381297,442,96,144,0,77,True,3,Shigh,0.3,0.78,0.77,0.55,0.69,0.49,0.6142857142857143,1.0,0.0,49,79,0.8,0.7142857142857143,0.2857142857142857,7,7,0.8,0.7647058823529411,0.23529411764705882,0,2
29,0.69,0.86,212.39127581161293,444,84,157,0,83,False,-1,none,0.3,0.81,0.75,0.52,0.7,0.49,0.6428571428571429,1.0,0.0,49,78,0.8,0.8,0.2,8,17,0.8,0.6875,0.3125,2,3
29,0.65,0.82,210.9979312649403,448,87,178,0,68,False,-1,none,0.3,0.81,0.79,0.57,0.76,0.54,0.6142857142857143,1.0,0.0,59,91,0.7,0.7391304347826086,0.2608695652173913,11,11,0.8,0.5625,0.4375,2,4
29,0.64,0.79,186.78422700033806,451,101,147,0,88,True,0,Slow,0.3,0.77,0.81,0.49,0.72,0.48,0.5857142857142857,1.0,0.0,43,87,0.75,0.6818181818181818,0.3181818181818182,8,7,0.8,0.6428571428571429,0.35714285714285715,0,2
29,0.68,0.79,173.95181335511916,451,105,157,0,69,True,1,Slow,0.3,0.78,0.78,0.58,0.78,0.49,0.6428571428571429,1.0,0.0,43,92,0.85,0.7272727272727273,0.2727272727272727,7,10,0.6,0.7272727272727273,0.2727272727272727,1,4
29,0.74,0.93,224.08195357232634,437,90,174,0,73,False,-1,none,0.3,0.81,0.83,0.56,0.79,0.58,0.6857142857142857,1.0,0.0,49,97,0.9,0.7931034482758621,0.20689655172413793,10,11,0.8,0.625,0.375,2,5
29,0.67,0.82,185.9319268106475,448,83,163,0,67,False,-1,none,0.3,0.76,0.75,0.54,0.7,0.53,0.6714285714285714,1.0,0.0,55,88,0.65,0.8181818181818182,0.18181818181818182,4,13,0.7,0.7692307692307693,0.23076923076923078,1,2
29,0.74,0.9,226.1217880627258,440,96,184,0,85,False,-1,none,0.3,0.84,0.83,0.63,0.83,0.57,0.7142857142857143,1.0,0.0,60,98,0.85,0.6086956521739131,0.391304347826087,9,12,0.7,0.625,0.375,2,3
29,0.71,0.87,181.75883914292558,443,94,173,0,71,True,0,Slow,0.3,0.82,0.81,0.49,0.81,0.61,0.7285714285714285,1.0,0.0,52,104,0.7,0.65,0.35,8,7,0.6,0.75,0.25,0,2
29,0.7,0.81,195.04952364674415,449,101,174,0,79,False,-1,none,0.3,0.8,0.83,0.54,0.82,0.57,0.6857142857142857,1.0,0.0,52,98,0.7,0.65,0.35,8,12,0.8,0.6923076923076923,0.3076923076923077,1,3
29,0.7,0.88,195.91158993362762,442,84,160,0,73,True,0,Slow,0.3,0.76,0.77,0.52,0.7,0.57,0.7142857142857143,1.0,0.0,52,85,0.6,0.7368421052631579,0.2631578947368421,5,13,0.8,0.5625,0.4375,0,5
29,0.71,0.91,217.65065788922948,439,97,153,0,74,True,2,Slow,0.3,0.78,0.82,0.52,0.78,0.51,0.6571428571428571,1.0,0.0,39,87,0.85,0.6538461538461539,0.34615384615384615,15,8,0.8,0.6875,0.3125,2,2
29,0.7,0.84,201.93521091429818,446,91,161,0,74,False,-1,none,0.3,0.79,0.77,0.58,0.74,0.48,0.6714285714285714,1.0,0.0,52,84,0.75,0.7142857142857143,0.2857142857142857,10,11,0.8,0.8125,0.1875,1,3
29,0.66,0.85,204.8874220422648,445,112,159,0,69,False,-1,none,0.3,0.82,0.82,0.53,0.77,0.62,0.5857142857142857,1.0,0.0,41,97,0.8,0.8846153846153846,0.11538461538461539,4,14,0.9,0.7222222222222222,0.2777777777777778,0,3
29,0.69,0.78,194.34886049236664,452,110,169,0,73,False,-1,none,0.3,0.83,0.81,0.52,0.8,0.61,0.7,1.0,0.0,47,101,0.65,0.7222222222222222,0.2777777777777778,6,13,0.7,0.7272727272727273,0.2727272727272727,0,2
29,0.7,0.91,220.2602109572854,439,103,176,0,85,True,4,Shigh,0.3,0.88,0.84,0.55,0.79,0.64,0.6142857142857143,1.0,0.0,47,98,0.9,0.8,0.2,9,17,0.9,0.7777777777777778,0.2222222222222222,2,3
29,0.63,0.78,205.44133634850527,452,90,147,0,75,False,-1,none,0.3,0.77,0.75,0.44,0.66,0.53,0.5571428571428572,1.0,0.0,36,75,0.8,0.6818181818181818,0.3181818181818182,14,14,0.8,0.8235294117647058,0.17647058823529413,2,6
29,0.68,0.78,197.59775362091813,452,113,161,0,88,True,2,Slow,0.3,0.84,0.85,0.52,0.74,0.57,0.7,1.0,0.0,50,90,0.65,0.5625,0.4375,8,10,0.6,0.6153846153846154,0.38461538461538464,0,3
29,0.73,0.95,224.9749013972219,435,99,170,0,76,True,2,Slow,0.3,0.86,0.85,0.62,0.78,0.53,0.6428571428571429,1.0,0.0,57,87,0.9,0.7857142857142857,0.21428571428571427,7,14,1.0,0.7272727272727273,0.2727272727272727,3,2
29,0.66,0.8,189.56774862770084,450,81,163,0,71,False,-1,none,0.3,0.75,0.76,0.52,0.71,0.5,0.6428571428571429,1.0,0.0,56,85,0.7,0.8,0.2,8,11,0.7,0.8666666666666667,0.13333333333333333,1,2
29,0.66,0.87,202.26443502256993,443,109,164,0,80,False,-1,none,0.3,0.85,0.83,0.58,0.73,0.61,0.5857142857142857,1.0,0.0,43,96,0.9,0.8214285714285714,0.17857142857142858,6,15,0.7,0.8333333333333334,0.16666666666666666,1,3
29,0.66,0.76,193.98558729510881,454,102,178,0,64,False,-1,none,0.3,0.78,0.81,0.6,0.79,0.58,0.6,1.0,0.0,50,96,0.75,0.6842105263157895,0.3157894736842105,13,13,0.9,0.6,0.4,2,4
