seed,week_number,attendance_rate,purchase_rate,buyer_seller_pair_stability,mean_loyalty_streak,total_revenue,promotion_seller_id,Poor_to_Slow_share,Poor_to_Shigh_share,Middle_to_Slow_share,Middle_to_Shigh_share,Rich_to_Slow_share,Rich_to_Shigh_share
0,0,0.85,0.67,,1.0,206.0,-1,1.0,0.0,0.7391304347826086,0.2608695652173913,0.6428571428571429,0.35714285714285715
0,1,0.84,0.66,0.4,1.2727272727272727,174.30000000000007,-1,1.0,0.0,0.8823529411764706,0.11764705882352941,0.7777777777777778,0.2222222222222222
0,2,0.86,0.71,0.425531914893617,1.408450704225352,196.97999999999996,-1,1.0,0.0,0.8095238095238095,0.19047619047619047,0.7692307692307693,0.23076923076923078
0,3,0.81,0.64,0.4,1.5625,197.71499999999995,-1,1.0,0.0,0.84,0.16,0.6428571428571429,0.35714285714285715
0,4,0.87,0.74,0.3953488372093023,1.554054054054054,205.90631249999998,1,1.0,0.0,0.8636363636363636,0.13636363636363635,0.7368421052631579,0.2631578947368421
0,5,0.85,0.71,0.40384615384615385,1.6901408450704225,227.62109999999998,-1,1.0,0.0,0.7692307692307693,0.23076923076923078,0.6,0.4
0,6,0.78,0.63,0.4318181818181818,1.8095238095238095,174.48900000000006,-1,1.0,0.0,0.9,0.1,0.8333333333333334,0.16666666666666666
0,7,0.82,0.67,0.4186046511627907,1.955223880597015,207.48353193749992,3,1.0,0.0,0.7916666666666666,0.20833333333333334,0.6875,0.3125
0,8,0.9,0.78,0.58,2.269230769230769,232.31085937499995,-1,1.0,0.0,0.9230769230769231,0.07692307692307693,0.6428571428571429,0.35714285714285715
0,9,0.87,0.71,0.39622641509433965,1.9859154929577465,189.10970793749996,-1,1.0,0.0,0.9,0.1,0.8888888888888888,0.1111111111111111
0,10,0.83,0.7,0.4,1.9714285714285715,223.01933928749995,-1,1.0,0.0,0.7222222222222222,0.2777777777777778,0.6470588235294118,0.35294117647058826
0,11,0.84,0.73,0.46296296296296297,1.917808219178082,232.8654465457031,-1,1.0,0.0,0.8095238095238095,0.19047619047619047,0.625,0.375
0,12,0.84,0.69,0.3958333333333333,2.072463768115942,201.1176260680781,-1,1.0,0.0,0.9090909090909091,0.09090909090909091,0.7857142857142857,0.21428571428571427
0,13,0.85,0.63,0.5652173913043478,2.3968253968253967,201.60234224992965,-1,1.0,0.0,0.7368421052631579,0.2631578947368421,0.8,0.2
0,14,0.83,0.69,0.5106382978723404,2.347826086956522,227.00606078429996,-1,1.0,0.0,0.7058823529411765,0.29411764705882354,0.7058823529411765,0.29411764705882354
0,15,0.77,0.67,0.4444444444444444,2.298507462686567,206.7032212372932,-1,1.0,0.0,0.6842105263157895,0.3157894736842105,0.7692307692307693,0.23076923076923078
0,16,0.87,0.73,0.37735849056603776,2.0136986301369864,229.43302068200498,4,1.0,0.0,0.6190476190476191,0.38095238095238093,0.6428571428571429,0.35714285714285715
0,17,0.81,0.66,0.5102040816326531,2.0757575757575757,184.87134580195595,-1,1.0,0.0,0.8888888888888888,0.1111111111111111,0.8,0.2
0,18,0.81,0.68,0.35555555555555557,1.7205882352941178,211.4287428242899,3,1.0,0.0,0.7142857142857143,0.2857142857142857,0.5625,0.4375
0,19,0.82,0.68,0.5111111111111111,2.1470588235294117,198.47118367547031,1,1.0,0.0,0.782608695652174,0.21739130434782608,0.6153846153846154,0.38461538461538464
0,20,0.84,0.65,0.5106382978723404,1.9384615384615385,178.40139819100537,-1,1.0,0.0,0.9375,0.0625,0.6363636363636364,0.36363636363636365
0,21,0.79,0.63,0.4222222222222222,1.8095238095238095,202.89053898447904,-1,1.0,0.0,0.8095238095238095,0.19047619047619047,0.7857142857142857,0.21428571428571427
0,22,0.87,0.67,0.4444444444444444,1.7611940298507462,220.33165759248314,1,1.0,0.0,0.6363636363636364,0.36363636363636365,0.7894736842105263,0.21052631578947367
0,23,0.87,0.71,0.4375,1.9154929577464788,214.88410489695457,4,1.0,0.0,0.6842105263157895,0.3157894736842105,0.6923076923076923,0.3076923076923077
0,24,0.84,0.66,0.38461538461538464,1.696969696969697,199.10582522793356,-1,1.0,0.0,0.8571428571428571,0.14285714285714285,0.8461538461538461,0.15384615384615385
0,25,0.81,0.64,0.2826086956521739,1.734375,180.76822552481306,0,1.0,0.0,0.8333333333333334,0.16666666666666666,0.8,0.2
0,26,0.82,0.67,0.45,1.8059701492537314,207.16522142474685,-1,1.0,0.0,0.6875,0.3125,0.75,0.25
0,27,0.83,0.65,0.391304347826087,1.7230769230769232,212.7526267608458,-1,1.0,0.0,0.9130434782608695,0.08695652173913043,0.75,0.25
0,28,0.83,0.63,0.47619047619047616,1.9523809523809523,201.65806588647834,-1,1.0,0.0,0.88,0.12,0.8461538461538461,0.15384615384615385
0,29,0.86,0.74,0.4772727272727273,1.8783783783783783,238.48107206176036,-1,1.0,0.0,0.92,0.08,0.6666666666666666,0.3333333333333333
0,30,0.82,0.65,0.3958333333333333,1.9076923076923078,205.78237786998312,-1,1.0,0.0,0.8,0.2,0.6153846153846154,0.38461538461538464
0,31,0.82,0.66,0.47058823529411764,2.090909090909091,209.74974661739338,-1,1.0,0.0,0.8181818181818182,0.18181818181818182,0.6,0.4
0,32,0.84,0.62,0.3409090909090909,1.9838709677419355,217.6783342662324,-1,1.0,0.0,0.75,0.25,0.5714285714285714,0.42857142857142855
0,33,0.8,0.59,0.5151515151515151,2.0677966101694913,171.3381606953593,-1,1.0,0.0,0.7777777777777778,0.2222222222222222,0.6,0.4
0,34,0.89,0.73,0.5333333333333333,1.9452054794520548,238.54062465055773,-1,1.0,0.0,0.9655172413793104,0.034482758620689655,0.625,0.375
0,35,0.85,0.7,0.5178571428571429,1.9,197.56178787611094,-1,1.0,0.0,0.95,0.05,0.7692307692307693,0.23076923076923078
0,36,0.84,0.68,0.3958333333333333,1.8529411764705883,201.32871892588767,2,1.0,0.0,0.9047619047619048,0.09523809523809523,0.5714285714285714,0.42857142857142855
0,37,0.73,0.58,0.6341463414634146,2.2241379310344827,189.5276251048265,4,1.0,0.0,0.7777777777777778,0.2222222222222222,0.7692307692307693,0.23076923076923078
0,38,0.89,0.76,0.38095238095238093,1.9473684210526316,219.58630303142724,-1,1.0,0.0,0.8571428571428571,0.14285714285714285,0.8333333333333334,0.16666666666666666
0,39,0.92,0.74,0.4909090909090909,1.8513513513513513,222.9055202907957,3,1.0,0.0,0.8260869565217391,0.17391304347826086,0.7647058823529411,0.23529411764705882
0,40,0.81,0.65,0.42,1.9846153846153847,193.85974083544173,-1,1.0,0.0,0.85,0.15,0.9166666666666666,0.08333333333333333
0,41,0.89,0.68,0.4897959183673469,2.1176470588235294,213.26921979197428,-1,1.0,0.0,0.7727272727272727,0.22727272727272727,0.8125,0.1875
0,42,0.85,0.72,0.4423076923076923,2.013888888888889,213.81820445545526,-1,1.0,0.0,0.8333333333333334,0.16666666666666666,0.9230769230769231,0.07692307692307693
0,43,0.86,0.72,0.44,2.1944444444444446,232.02911435212985,-1,1.0,0.0,0.9259259259259259,0.07407407407407407,0.6,0.4
0,44,0.84,0.73,0.5555555555555556,2.232876712328767,227.06166644041946,-1,1.0,0.0,0.6818181818181818,0.3181818181818182,0.5454545454545454,0.45454545454545453
0,45,0.82,0.68,0.3877551020408163,2.5294117647058822,206.5895921652632,-1,1.0,0.0,0.7777777777777778,0.2222222222222222,0.6923076923076923,0.3076923076923077
0,46,0.85,0.69,0.45454545454545453,2.3333333333333335,229.3235320621482,-1,1.0,0.0,0.6875,0.3125,0.5625,0.4375
0,47,0.88,0.64,0.3953488372093023,2.125,210.51199761883646,-1,1.0,0.0,0.7368421052631579,0.2631578947368421,0.6363636363636364,0.36363636363636365
0,48,0.83,0.65,0.3023255813953488,2.046153846153846,194.60903082632495,1,1.0,0.0,0.8888888888888888,0.1111111111111111,0.6428571428571429,0.35714285714285715
0,49,0.88,0.72,0.4222222222222222,2.25,232.52828046714424,-1,1.0,0.0,0.8181818181818182,0.18181818181818182,0.75,0.25
0,50,0.84,0.67,0.5294117647058824,2.4477611940298507,202.26976551455607,-1,1.0,0.0,0.9615384615384616,0.038461538461538464,0.8181818181818182,0.18181818181818182
0,51,0.89,0.68,0.44,2.2941176470588234,253.69561869844682,-1,1.0,0.0,0.8,0.2,0.7619047619047619,0.23809523809523808
0,52,0.82,0.58,0.30952380952380953,1.9310344827586208,183.646317795503,-1,1.0,0.0,0.85,0.15,0.7,0.3
0,53,0.91,0.73,0.4634146341463415,2.219178082191781,236.7803966611336,-1,1.0,0.0,0.8095238095238095,0.19047619047619047,0.6875,0.3125
0,54,0.85,0.68,0.46296296296296297,2.1176470588235294,221.2868772216426,4,1.0,0.0,0.782608695652174,0.21739130434782608,0.6923076923076923,0.3076923076923077
0,55,0.78,0.61,0.4523809523809524,2.2131147540983607,205.0463854129526,-1,1.0,0.0,0.7647058823529411,0.23529411764705882,0.4,0.6
0,56,0.86,0.65,0.475,2.3692307692307693,236.0517860902073,4,1.0,0.0,0.8,0.2,0.6875,0.3125
0,57,0.86,0.7,0.5319148936170213,2.414285714285714,237.3356914069999,-1,1.0,0.0,0.9166666666666666,0.08333333333333333,0.7222222222222222,0.2777777777777778
0,58,0.81,0.67,0.40816326530612246,2.373134328358209,210.75363772726737,-1,1.0,0.0,0.85,0.15,0.9090909090909091,0.09090909090909091
0,59,0.88,0.67,0.37777777777777777,2.1940298507462686,219.66960045728754,3,1.0,0.0,0.9130434782608695,0.08695652173913043,0.75,0.25
0,60,0.84,0.7,0.34782608695652173,1.7857142857142858,216.21606909425162,-1,1.0,0.0,0.9,0.1,0.7272727272727273,0.2727272727272727
0,61,0.9,0.66,0.3958333333333333,1.5303030303030303,223.97220003230973,-1,1.0,0.0,0.95,0.05,0.4166666666666667,0.5833333333333334
0,62,0.88,0.67,0.44680851063829785,1.9253731343283582,206.94168688283946,-1,1.0,0.0,0.8095238095238095,0.19047619047619047,0.9090909090909091,0.09090909090909091
0,63,0.86,0.68,0.44,1.8823529411764706,223.87316525909992,-1,1.0,0.0,0.9130434782608695,0.08695652173913043,0.7692307692307693,0.23076923076923078
0,64,0.81,0.64,0.4782608695652174,1.84375,222.2202365389603,-1,1.0,0.0,0.8181818181818182,0.18181818181818182,0.5555555555555556,0.4444444444444444
0,65,0.85,0.69,0.4418604651162791,2.0,218.51005311061485,-1,1.0,0.0,0.9130434782608695,0.08695652173913043,0.7142857142857143,0.2857142857142857
1,0,0.84,0.56,,1.0,176.0,-1,1.0,0.0,0.7727272727272727,0.22727272727272727,0.6666666666666666,0.3333333333333333
1,1,0.88,0.61,0.21212121212121213,1.1147540983606556,195.30000000000007,-1,1.0,0.0,0.8235294117647058,0.17647058823529413,0.7368421052631579,0.2631578947368421
1,2,0.85,0.69,0.36363636363636365,1.3623188405797102,204.53999999999994,-1,1.0,0.0,0.7058823529411765,0.29411764705882354,0.7857142857142857,0.21428571428571427
1,3,0.89,0.64,0.4318181818181818,1.59375,203.43224999999998,-1,1.0,0.0,0.8636363636363636,0.13636363636363635,0.6666666666666666,0.3333333333333333
1,4,0.83,0.65,0.6136363636363636,1.7846153846153847,197.63966249999996,-1,1.0,0.0,0.8421052631578947,0.15789473684210525,0.5,0.5
1,5,0.85,0.71,0.4489795918367347,1.8450704225352113,215.13606187499997,-1,1.0,0.0,0.7619047619047619,0.23809523809523808,0.625,0.375
1,6,0.87,0.74,0.49056603773584906,1.8783783783783783,230.51990587499995,4,1.0,0.0,0.6538461538461539,0.34615384615384615,0.6666666666666666,0.3333333333333333
1,7,0.91,0.7,0.40384615384615385,2.0285714285714285,196.65187004531253,-1,1.0,0.0,0.6428571428571429,0.35714285714285715,0.8666666666666667,0.13333333333333333
1,8,0.86,0.74,0.4,1.9189189189189189,235.67397933515625,-1,1.0,0.0,0.72,0.28,0.6875,0.3125
1,9,0.83,0.72,0.46551724137931033,1.9027777777777777,193.63377584742187,2,1.0,0.0,0.9090909090909091,0.09090909090909091,0.75,0.25
1,10,0.84,0.69,0.44680851063829785,2.0,214.19225543903906,-1,1.0,0.0,0.76,0.24,0.5833333333333334,0.4166666666666667
1,11,0.85,0.72,0.42857142857142855,1.7777777777777777,209.26691060348145,-1,1.0,0.0,0.8333333333333334,0.16666666666666666,0.7222222222222222,0.2777777777777778
1,12,0.86,0.69,0.3469387755102041,1.681159420289855,190.50100171650348,-1,1.0,0.0,0.6470588235294118,0.35294117647058826,0.5714285714285714,0.42857142857142855
1,13,0.87,0.72,0.38461538461538464,1.7916666666666667,217.18762539452752,-1,1.0,0.0,0.8928571428571429,0.10714285714285714,0.7333333333333333,0.26666666666666666
1,14,0.81,0.64,0.5434782608695652,2.03125,202.0618395943992,-1,1.0,0.0,0.8260869565217391,0.17391304347826086,0.5384615384615384,0.46153846153846156
1,15,0.86,0.75,0.40425531914893614,1.8533333333333333,208.48187516804154,-1,1.0,0.0,0.9230769230769231,0.07692307692307693,0.5555555555555556,0.4444444444444444
1,16,0.85,0.71,0.4107142857142857,2.028169014084507,210.35488270497308,-1,1.0,0.0,0.96,0.04,0.7222222222222222,0.2777777777777778
1,17,0.83,0.69,0.46,2.1159420289855073,183.31044688158696,-1,1.0,0.0,1.0,0.0,0.8571428571428571,0.14285714285714285
1,18,0.88,0.74,0.4166666666666667,1.972972972972973,220.1796234308591,-1,1.0,0.0,0.8260869565217391,0.17391304347826086,0.6153846153846154,0.38461538461538464
1,19,0.81,0.7,0.45098039215686275,2.1285714285714286,198.3165524448762,-1,1.0,0.0,0.9090909090909091,0.09090909090909091,0.5714285714285714,0.42857142857142855
1,20,0.82,0.73,0.5882352941176471,2.315068493150685,189.64281836648811,2,1.0,0.0,0.9166666666666666,0.08333333333333333,0.75,0.25
1,21,0.84,0.66,0.3125,2.212121212121212,190.26200176420383,-1,1.0,0.0,0.9,0.1,0.6153846153846154,0.38461538461538464
1,22,0.79,0.64,0.3,1.6875,180.818749166819,-1,1.0,0.0,0.95,0.05,0.7857142857142857,0.21428571428571427
1,23,0.83,0.74,0.5348837209302325,1.9324324324324325,212.79899627382906,-1,1.0,0.0,0.8947368421052632,0.10526315789473684,0.7368421052631579,0.2631578947368421
1,24,0.88,0.71,0.43137254901960786,2.0,203.60397585288047,-1,1.0,0.0,0.8181818181818182,0.18181818181818182,0.8333333333333334,0.16666666666666666
1,25,0.92,0.75,0.4,2.0,215.8069197358252,-1,1.0,0.0,0.8333333333333334,0.16666666666666666,0.8,0.2
1,26,0.85,0.72,0.44,2.111111111111111,207.31358942075735,-1,1.0,0.0,0.9545454545454546,0.045454545454545456,0.7692307692307693,0.23076923076923078
1,27,0.79,0.69,0.32,1.9420289855072463,224.9909811287145,-1,1.0,0.0,0.8260869565217391,0.17391304347826086,0.7777777777777778,0.2222222222222222
1,28,0.86,0.62,0.4318181818181818,2.0161290322580645,196.58023229002728,3,1.0,0.0,0.8260869565217391,0.17391304347826086,0.5384615384615384,0.46153846153846156
1,29,0.8,0.6,0.42105263157894735,2.3833333333333333,159.05780812449183,-1,1.0,0.0,0.9230769230769231,0.07692307692307693,0.75,0.25
1,30,0.84,0.68,0.42857142857142855,1.9264705882352942,205.46229541086137,-1,1.0,0.0,0.85,0.15,0.6,0.4
1,31,0.9,0.7,0.4791666666666667,2.2,218.96725936675148,3,1.0,0.0,0.68,0.32,0.6428571428571429,0.35714285714285715
1,32,0.87,0.61,0.28888888888888886,1.6885245901639345,174.75732192581168,-1,1.0,0.0,0.9230769230769231,0.07692307692307693,0.8333333333333334,0.16666666666666666
1,33,0.83,0.57,0.42424242424242425,1.894736842105263,172.19003138735036,-1,1.0,0.0,0.6842105263157895,0.3157894736842105,0.8181818181818182,0.18181818181818182
1,34,0.85,0.65,0.475,1.9076923076923078,209.21439066908772,-1,1.0,0.0,0.8571428571428571,0.14285714285714285,0.6666666666666666,0.3333333333333333
1,35,0.85,0.64,0.45652173913043476,1.953125,191.1697093378526,-1,1.0,0.0,0.8,0.2,0.6363636363636364,0.36363636363636365
1,36,0.91,0.73,0.42,1.8630136986301369,204.2437709684843,-1,1.0,0.0,0.8461538461538461,0.15384615384615385,0.8333333333333334,0.16666666666666666
1,37,0.84,0.73,0.4716981132075472,1.821917808219178,213.17579826100263,-1,1.0,0.0,0.8823529411764706,0.11764705882352941,0.65,0.35
1,38,0.88,0.71,0.375,1.943661971830986,209.15938098943883,2,1.0,0.0,0.7647058823529411,0.23529411764705882,0.782608695652174,0.21739130434782608
1,39,0.85,0.75,0.36,1.5466666666666666,240.6653161115716,4,1.0,0.0,0.7692307692307693,0.23076923076923078,0.6,0.4
1,40,0.93,0.7,0.34545454545454546,1.7857142857142858,227.88953688183847,-1,1.0,0.0,0.7391304347826086,0.2608695652173913,0.7368421052631579,0.2631578947368421
1,41,0.87,0.76,0.34615384615384615,1.8289473684210527,231.08600317314452,-1,1.0,0.0,0.782608695652174,0.21739130434782608,0.46153846153846156,0.5384615384615384
1,42,0.81,0.63,0.45098039215686275,2.0634920634920637,203.66427858652753,-1,1.0,0.0,0.8518518518518519,0.14814814814814814,0.6428571428571429,0.35714285714285715
1,43,0.77,0.62,0.43902439024390244,1.8548387096774193,192.2486396134442,-1,1.0,0.0,0.6842105263157895,0.3157894736842105,0.7692307692307693,0.23076923076923078
1,44,0.89,0.72,0.4,2.0,204.12221573943023,-1,1.0,0.0,0.8333333333333334,0.16666666666666666,0.85,0.15
1,45,0.92,0.8,0.3333333333333333,1.8875,242.2920899315337,-1,1.0,0.0,0.7083333333333334,0.2916666666666667,0.625,0.375
1,46,0.84,0.7,0.42857142857142855,2.0285714285714285,225.29017740828579,-1,1.0,0.0,0.8,0.2,0.7894736842105263,0.21052631578947367
1,47,0.81,0.68,0.4782608695652174,1.9411764705882353,206.58004177268862,-1,1.0,0.0,0.85,0.15,0.7368421052631579,0.2631578947368421
1,48,0.77,0.61,0.38636363636363635,1.8852459016393444,193.54670130671144,-1,1.0,0.0,0.76,0.24,0.875,0.125
1,49,0.87,0.74,0.425531914893617,2.175675675675676,218.15868774916186,-1,1.0,0.0,0.8333333333333334,0.16666666666666666,0.7142857142857143,0.2857142857142857
1,50,0.84,0.63,0.3617021276595745,1.9841269841269842,204.5691825456573,-1,1.0,0.0,0.8095238095238095,0.19047619047619047,0.6,0.4
1,51,0.85,0.73,0.391304347826087,1.8630136986301369,231.3211680872054,-1,1.0,0.0,0.7857142857142857,0.21428571428571427,0.75,0.25
1,52,0.87,0.7,0.39622641509433965,1.8857142857142857,213.3382645220996,3,1.0,0.0,0.75,0.25,0.7777777777777778,0.2222222222222222
1,53,0.86,0.67,0.42857142857142855,2.029850746268657,200.23132987961324,-1,1.0,0.0,0.6,0.4,0.8,0.2
1,54,0.86,0.64,0.30952380952380953,1.53125,189.16552040832883,-1,1.0,0.0,0.8888888888888888,0.1111111111111111,0.625,0.375
1,55,0.86,0.71,0.3333333333333333,1.591549295774648,225.50066921734793,-1,1.0,0.0,0.7931034482758621,0.20689655172413793,0.5384615384615384,0.46153846153846156
1,56,0.83,0.63,0.425531914893617,1.8095238095238095,213.7122156787122,-1,1.0,0.0,0.7272727272727273,0.2727272727272727,0.6,0.4
1,57,0.8,0.62,0.40476190476190477,1.935483870967742,186.87355764236133,-1,1.0,0.0,0.7647058823529411,0.23529411764705882,0.7857142857142857,0.21428571428571427
1,58,0.8,0.56,0.4722222222222222,1.9642857142857142,167.47383879938283,-1,1.0,0.0,0.7142857142857143,0.2857142857142857,0.75,0.25
1,59,0.83,0.66,0.47368421052631576,1.7424242424242424,180.89856628405204,2,1.0,0.0,0.8235294117647058,0.17647058823529413,0.6923076923076923,0.3076923076923077
1,60,0.86,0.68,0.4523809523809524,1.7794117647058822,229.34669397447448,-1,1.0,0.0,0.6111111111111112,0.3888888888888889,0.75,0.25
1,61,0.86,0.68,0.5869565217391305,2.1470588235294117,215.93696876244354,3,1.0,0.0,0.75,0.25,0.7647058823529411,0.23529411764705882
1,62,0.88,0.67,0.5319148936170213,2.029850746268657,187.1014387350238,-1,1.0,0.0,0.9523809523809523,0.047619047619047616,0.8461538461538461,0.15384615384615385
1,63,0.87,0.69,0.4883720930232558,1.9565217391304348,214.39514960451962,-1,1.0,0.0,0.7619047619047619,0.23809523809523808,0.6666666666666666,0.3333333333333333
1,64,0.81,0.65,0.32653061224489793,2.076923076923077,195.43499616689022,-1,1.0,0.0,0.7857142857142857,0.21428571428571427,0.75,0.25
1,65,0.88,0.61,0.4186046511627907,2.0163934426229506,196.98319683328276,-1,1.0,0.0,0.7058823529411765,0.29411764705882354,0.6875,0.3125
2,0,0.84,0.67,,1.0,202.0,-1,1.0,0.0,0.6818181818181818,0.3181818181818182,0.6923076923076923,0.3076923076923077
2,1,0.85,0.67,0.32653061224489793,1.2388059701492538,199.50000000000006,-1,1.0,0.0,0.84,0.16,0.5454545454545454,0.45454545454545453
2,2,0.8,0.64,0.4791666666666667,1.515625,181.54499999999996,-1,1.0,0.0,0.8333333333333334,0.16666666666666666,0.8571428571428571,0.14285714285714285
2,3,0.8,0.6,0.47058823529411764,1.6166666666666667,176.54699999999997,-1,1.0,0.0,0.8333333333333334,0.16666666666666666,0.875,0.125
2,4,0.9,0.75,0.391304347826087,1.6,225.16908750000002,-1,1.0,0.0,0.76,0.24,0.8333333333333334,0.16666666666666666
2,5,0.89,0.69,0.4528301886792453,1.7971014492753623,217.0687443749999,-1,1.0,0.0,0.782608695652174,0.21739130434782608,0.75,0.25
2,6,0.87,0.63,0.38636363636363635,1.7777777777777777,177.50277562499994,1,1.0,0.0,0.8181818181818182,0.18181818181818182,0.6923076923076923,0.3076923076923077
2,7,0.84,0.67,0.5454545454545454,1.9104477611940298,210.74232374999997,-1,1.0,0.0,0.8695652173913043,0.13043478260869565,0.7222222222222222,0.2777777777777778
2,8,0.85,0.76,0.5625,2.1973684210526314,195.5784284999999,-1,1.0,0.0,0.8823529411764706,0.11764705882352941,0.8333333333333334,0.16666666666666666
2,9,0.85,0.78,0.3770491803278688,1.9102564102564104,247.70133340312503,3,1.0,0.0,0.5925925925925926,0.4074074074074074,0.7777777777777778,0.2222222222222222
2,10,0.88,0.7,0.35185185185185186,1.8142857142857143,215.35488666070316,-1,1.0,0.0,0.8333333333333334,0.16666666666666666,0.75,0.25
2,11,0.81,0.66,0.41304347826086957,2.1363636363636362,198.56695464703128,3,1.0,0.0,0.8275862068965517,0.1724137931034483,0.8181818181818182,0.18181818181818182
2,12,0.91,0.72,0.41304347826086957,1.6805555555555556,241.2643270324219,-1,1.0,0.0,0.8529411764705882,0.14705882352941177,0.7777777777777778,0.2222222222222222
2,13,0.85,0.65,0.3541666666666667,1.7384615384615385,194.81758453335942,-1,1.0,0.0,0.8888888888888888,0.1111111111111111,0.75,0.25
2,14,0.83,0.65,0.34146341463414637,1.7846153846153847,186.37454761672856,3,1.0,0.0,0.8,0.2,0.7692307692307693,0.23076923076923078
2,15,0.82,0.63,0.35,1.873015873015873,172.49057523608207,-1,1.0,0.0,0.9545454545454546,0.045454545454545456,0.75,0.25
2,16,0.87,0.68,0.4883720930232558,1.7794117647058822,188.61776402125773,-1,1.0,0.0,0.9047619047619048,0.09523809523809523,0.8571428571428571,0.14285714285714285
2,17,0.91,0.75,0.45098039215686275,1.84,230.75297575441698,-1,1.0,0.0,0.8333333333333334,0.16666666666666666,0.7222222222222222,0.2777777777777778
2,18,0.86,0.75,0.4482758620689655,1.9866666666666666,227.05060048865576,-1,1.0,0.0,0.84,0.16,0.6153846153846154,0.38461538461538464
2,19,0.86,0.63,0.5,2.0634920634920637,188.33859951748857,-1,1.0,0.0,0.7619047619047619,0.23809523809523808,0.75,0.25
2,20,0.87,0.65,0.4634146341463415,1.8461538461538463,195.81579213046038,-1,1.0,0.0,0.8095238095238095,0.19047619047619047,0.8,0.2
2,21,0.81,0.66,0.5,1.9848484848484849,202.41277046535427,-1,1.0,0.0,0.65,0.35,0.7333333333333333,0.26666666666666666
2,22,0.87,0.65,0.45454545454545453,1.9846153846153847,196.88203089324665,-1,1.0,0.0,0.6842105263157895,0.3157894736842105,0.5714285714285714,0.42857142857142855
2,23,0.83,0.7,0.4791666666666667,2.0,201.63808844632226,-1,1.0,0.0,0.7391304347826086,0.2608695652173913,0.7692307692307693,0.23076923076923078
2,24,0.87,0.71,0.5272727272727272,2.140845070422535,206.15239185139225,-1,1.0,0.0,0.7058823529411765,0.29411764705882354,0.6666666666666666,0.3333333333333333
2,25,0.85,0.7,0.4339622641509434,2.3142857142857145,224.76881107105902,-1,1.0,0.0,0.5789473684210527,0.42105263157894735,0.7368421052631579,0.2631578947368421
2,26,0.83,0.6,0.4523809523809524,2.0833333333333335,184.03131006290454,-1,1.0,0.0,0.7777777777777778,0.2222222222222222,0.5,0.5
2,27,0.79,0.62,0.48717948717948717,2.161290322580645,194.2164467531231,-1,1.0,0.0,0.7692307692307693,0.23076923076923078,0.9166666666666666,0.08333333333333333
2,28,0.83,0.67,0.46153846153846156,2.253731343283582,192.3271386405704,-1,1.0,0.0,0.65,0.35,0.9,0.1
2,29,0.83,0.69,0.3404255319148936,1.9710144927536233,201.38044370712032,-1,1.0,0.0,0.8095238095238095,0.19047619047619047,0.6363636363636364,0.36363636363636365
2,30,0.88,0.72,0.3877551020408163,1.9583333333333333,221.88108841245028,-1,1.0,0.0,0.7307692307692307,0.2692307692307692,0.8125,0.1875
2,31,0.83,0.71,0.4727272727272727,2.0140845070422535,209.48485113576987,-1,1.0,0.0,0.76,0.24,0.6153846153846154,0.38461538461538464
2,32,0.86,0.72,0.22,1.875,208.70600991237006,-1,1.0,0.0,0.8571428571428571,0.14285714285714285,0.6666666666666666,0.3333333333333333
2,33,0.78,0.69,0.3584905660377358,1.7681159420289856,227.26325923541242,-1,1.0,0.0,0.76,0.24,0.65,0.35
2,34,0.87,0.73,0.34545454545454546,1.7123287671232876,214.49140312486153,-1,1.0,0.0,0.7916666666666666,0.20833333333333334,0.75,0.25
2,35,0.89,0.7,0.4117647058823529,1.6428571428571428,210.94129637019125,-1,1.0,0.0,0.7619047619047619,0.23809523809523808,0.8235294117647058,0.17647058823529413
2,36,0.9,0.74,0.46296296296296297,2.054054054054054,230.36301336222547,1,1.0,0.0,0.75,0.25,0.6,0.4
2,37,0.83,0.73,0.45454545454545453,2.2739726027397262,177.07104705818233,0,1.0,0.0,0.9473684210526315,0.05263157894736842,0.7692307692307693,0.23076923076923078
2,38,0.85,0.67,0.36,1.626865671641791,203.54817202047653,-1,1.0,0.0,0.782608695652174,0.21739130434782608,0.7333333333333333,0.26666666666666666
2,39,0.84,0.67,0.36363636363636365,1.9253731343283582,206.53512565835015,-1,1.0,0.0,0.7727272727272727,0.22727272727272727,0.46153846153846156,0.5384615384615384
2,40,0.84,0.72,0.38461538461538464,2.125,219.252578072791,-1,1.0,0.0,0.7777777777777778,0.2222222222222222,0.75,0.25
2,41,0.82,0.66,0.5102040816326531,2.242424242424242,203.12206429288963,-1,1.0,0.0,0.7272727272727273,0.2727272727272727,0.6666666666666666,0.3333333333333333
2,42,0.86,0.7,0.4444444444444444,2.0142857142857142,222.81398357885976,-1,1.0,0.0,0.8,0.2,0.6470588235294118,0.35294117647058826
2,43,0.86,0.73,0.29411764705882354,1.8767123287671232,227.9819029649085,-1,1.0,0.0,0.8461538461538461,0.15384615384615385,0.5625,0.4375
2,44,0.84,0.71,0.42857142857142855,1.9295774647887325,226.19213832134366,4,1.0,0.0,0.6296296296296297,0.37037037037037035,0.6923076923076923,0.3076923076923077
2,45,0.83,0.68,0.5294117647058824,1.838235294117647,206.87667212052605,0,1.0,0.0,0.7407407407407407,0.25925925925925924,0.5833333333333334,0.4166666666666667
2,46,0.76,0.59,0.34146341463414637,1.576271186440678,171.47266383674526,2,1.0,0.0,0.7894736842105263,0.21052631578947367,0.6666666666666666,0.3333333333333333
2,47,0.9,0.7,0.4473684210526316,1.8428571428571427,244.0820130838323,-1,1.0,0.0,0.7575757575757576,0.24242424242424243,0.6153846153846154,0.38461538461538464
2,48,0.85,0.68,0.48,2.014705882352941,201.3332081356265,-1,1.0,0.0,0.7894736842105263,0.21052631578947367,0.5454545454545454,0.45454545454545453
2,49,0.86,0.73,0.44,1.904109589041096,209.86813969747163,-1,1.0,0.0,0.7142857142857143,0.2857142857142857,0.8461538461538461,0.15384615384615385
2,50,0.82,0.67,0.4897959183673469,1.8805970149253732,212.5954084349613,-1,1.0,0.0,0.68,0.32,0.6666666666666666,0.3333333333333333
2,51,0.86,0.7,0.5434782608695652,2.057142857142857,222.990396981342,-1,1.0,0.0,0.8076923076923077,0.19230769230769232,0.75,0.25
2,52,0.85,0.76,0.36363636363636365,1.8289473684210527,237.27586702921374,-1,1.0,0.0,0.7777777777777778,0.2222222222222222,0.7692307692307693,0.23076923076923078
2,53,0.82,0.64,0.46938775510204084,1.984375,195.43370910343344,-1,1.0,0.0,0.7368421052631579,0.2631578947368421,0.5,0.5
2,54,0.79,0.63,0.4473684210526316,1.7619047619047619,202.12532016527328,3,1.0,0.0,0.6363636363636364,0.36363636363636365,0.5625,0.4375
2,55,0.8,0.62,0.34210526315789475,2.096774193548387,200.98519164253102,-1,1.0,0.0,0.8148148148148148,0.18518518518518517,0.6428571428571429,0.35714285714285715
2,56,0.9,0.71,0.4523809523809524,2.1971830985915495,205.79668416654005,-1,1.0,0.0,0.8181818181818182,0.18181818181818182,0.6875,0.3125
2,57,0.86,0.76,0.4230769230769231,2.1842105263157894,221.2539314129841,-1,1.0,0.0,0.68,0.32,0.8,0.2
2,58,0.84,0.69,0.37037037037037035,1.9130434782608696,208.34376093489732,-1,1.0,0.0,0.6190476190476191,0.38095238095238093,0.5,0.5
2,59,0.85,0.67,0.3488372093023256,1.7014925373134329,198.74070304584512,3,0.9545454545454546,0.045454545454545456,0.6818181818181818,0.3181818181818182,0.6666666666666666,0.3333333333333333
2,60,0.85,0.67,0.40425531914893614,2.1194029850746268,206.10409031396188,0,1.0,0.0,0.75,0.25,0.631578947368421,0.3684210526315789
2,61,0.78,0.61,0.4418604651162791,1.9344262295081966,184.9836316490887,-1,1.0,0.0,0.7142857142857143,0.2857142857142857,0.6153846153846154,0.38461538461538464
2,62,0.85,0.69,0.4634146341463415,2.0144927536231885,184.7747415099342,-1,1.0,0.0,0.85,0.15,0.625,0.375
2,63,0.88,0.65,0.3902439024390244,2.0153846153846153,220.5453783898906,-1,1.0,0.0,0.6,0.4,0.6666666666666666,0.3333333333333333
2,64,0.86,0.67,0.48936170212765956,2.08955223880597,188.97425665820558,3,0.9347826086956522,0.06521739130434782,0.7894736842105263,0.21052631578947367,0.7142857142857143,0.2857142857142857
2,65,0.87,0.7,0.46808510638297873,1.957142857142857,216.52839630769378,-1,1.0,0.0,0.8928571428571429,0.10714285714285714,0.6153846153846154,0.38461538461538464
3,0,0.85,0.63,,1.0,169.0,1,1.0,0.0,0.7619047619047619,0.23809523809523808,0.7142857142857143,0.2857142857142857
3,1,0.87,0.71,0.32653061224489793,1.2253521126760563,214.20000000000007,-1,1.0,0.0,0.8181818181818182,0.18181818181818182,0.7647058823529411,0.23529411764705882
3,2,0.92,0.65,0.3829787234042553,1.3692307692307693,208.52999999999992,-1,1.0,0.0,0.6666666666666666,0.3333333333333333,0.75,0.25
3,3,0.88,0.67,0.42857142857142855,1.626865671641791,202.45049999999992,-1,1.0,0.0,0.9,0.1,0.7647058823529411,0.23529411764705882
3,4,0.87,0.71,0.42,1.732394366197183,208.00867499999993,-1,1.0,0.0,0.75,0.25,0.7692307692307693,0.23076923076923078
3,5,0.88,0.73,0.3392857142857143,1.8630136986301369,231.12038249999995,-1,1.0,0.0,0.8095238095238095,0.19047619047619047,0.625,0.375
3,6,0.83,0.65,0.391304347826087,1.7384615384615385,193.26530081249993,-1,1.0,0.0,0.9090909090909091,0.09090909090909091,0.625,0.375
3,7,0.79,0.61,0.4634146341463415,1.8032786885245902,186.12455370468746,-1,1.0,0.0,0.8181818181818182,0.18181818181818182,0.7,0.3
3,8,0.9,0.72,0.32558139534883723,1.7361111111111112,202.10919129843742,-1,1.0,0.0,0.8095238095238095,0.19047619047619047,0.8461538461538461,0.15384615384615385
3,9,0.82,0.72,0.3148148148148148,1.6944444444444444,222.0362841375,-1,1.0,0.0,0.8260869565217391,0.17391304347826086,0.6428571428571429,0.35714285714285715
3,10,0.82,0.67,0.5384615384615384,1.9253731343283582,214.00661746406251,-1,1.0,0.0,0.9615384615384616,0.038461538461538464,0.5384615384615384,0.46153846153846156
3,11,0.86,0.74,0.425531914893617,1.9189189189189189,220.27773110765625,1,1.0,0.0,0.8181818181818182,0.18181818181818182,0.6,0.4
3,12,0.81,0.64,0.45652173913043476,1.9375,193.70338164917578,-1,1.0,0.0,0.75,0.25,0.8888888888888888,0.1111111111111111
3,13,0.83,0.68,0.43478260869565216,1.8235294117647058,195.46633309734312,-1,1.0,0.0,0.9130434782608695,0.08695652173913043,0.8,0.2
3,14,0.8,0.62,0.36363636363636365,1.935483870967742,195.78164857699096,-1,1.0,0.0,0.875,0.125,0.9230769230769231,0.07692307692307693
3,15,0.87,0.64,0.5609756097560976,2.015625,211.60110333550475,-1,1.0,0.0,0.6666666666666666,0.3333333333333333,0.6666666666666666,0.3333333333333333
3,16,0.83,0.64,0.6097560975609756,2.3125,190.97276765988278,-1,1.0,0.0,0.8333333333333334,0.16666666666666666,0.75,0.25
3,17,0.8,0.61,0.5263157894736842,2.262295081967213,191.17637520677533,1,1.0,0.0,0.75,0.25,0.5714285714285714,0.42857142857142855
3,18,0.8,0.59,0.4411764705882353,2.3728813559322033,174.65059620409156,-1,1.0,0.0,0.9545454545454546,0.045454545454545456,0.875,0.125
3,19,0.84,0.63,0.41025641025641024,2.126984126984127,226.36434360133936,-1,1.0,0.0,0.5789473684210527,0.42105263157894735,0.6666666666666666,0.3333333333333333
3,20,0.88,0.73,0.4375,2.2465753424657535,238.43746166335873,-1,1.0,0.0,0.8947368421052632,0.10526315789473684,0.7647058823529411,0.23529411764705882
3,21,0.83,0.71,0.5283018867924528,2.211267605633803,234.6218289877034,-1,1.0,0.0,0.8095238095238095,0.19047619047619047,0.7692307692307693,0.23076923076923078
3,22,0.89,0.66,0.42,2.1666666666666665,231.8043679290249,4,1.0,0.0,0.7222222222222222,0.2777777777777778,0.5714285714285714,0.42857142857142855
3,23,0.83,0.64,0.3488372093023256,1.703125,212.37729805903479,-1,1.0,0.0,0.9,0.1,0.4444444444444444,0.5555555555555556
3,24,0.87,0.62,0.42857142857142855,2.1129032258064515,224.2191576072085,-1,1.0,0.0,0.8181818181818182,0.18181818181818182,0.6923076923076923,0.3076923076923077
3,25,0.84,0.65,0.4888888888888889,2.0615384615384613,207.2617997001409,2,1.0,0.0,0.7894736842105263,0.21052631578947367,0.8666666666666667,0.13333333333333333
3,26,0.86,0.61,0.5227272727272727,2.2131147540983607,194.88263663218083,-1,1.0,0.0,0.7692307692307693,0.23076923076923078,0.7692307692307693,0.23076923076923078
3,27,0.88,0.67,0.37777777777777777,1.9104477611940298,220.20360422013283,-1,1.0,0.0,0.9473684210526315,0.05263157894736842,0.8125,0.1875
3,28,0.89,0.67,0.35555555555555557,1.9104477611940298,224.2006621901246,-1,1.0,0.0,0.9285714285714286,0.07142857142857142,0.7142857142857143,0.2857142857142857
3,29,0.72,0.58,0.36585365853658536,1.9310344827586208,184.5886388894846,-1,1.0,0.0,0.8823529411764706,0.11764705882352941,0.8,0.2
3,30,0.87,0.68,0.4594594594594595,2.0441176470588234,229.6079515116748,3,1.0,0.0,0.76,0.24,0.7142857142857143,0.2857142857142857
3,31,0.84,0.6,0.5365853658536586,2.316666666666667,197.28200810881637,-1,1.0,0.0,0.85,0.15,0.6666666666666666,0.3333333333333333
3,32,0.84,0.68,0.4418604651162791,2.1176470588235294,233.01297701621897,-1,1.0,0.0,0.9545454545454546,0.045454545454545456,0.7894736842105263,0.21052631578947367
3,33,0.87,0.66,0.4888888888888889,2.4545454545454546,222.60979509308294,-1,1.0,0.0,0.8823529411764706,0.11764705882352941,0.6,0.4
3,34,0.88,0.67,0.4888888888888889,2.1492537313432836,220.48126968668913,-1,1.0,0.0,0.8095238095238095,0.19047619047619047,0.7692307692307693,0.23076923076923078
3,35,0.77,0.57,0.5238095238095238,2.2280701754385963,214.56587899116806,-1,1.0,0.0,0.7727272727272727,0.22727272727272727,0.6428571428571429,0.35714285714285715
3,36,0.88,0.67,0.3076923076923077,2.044776119402985,215.03619074770305,-1,1.0,0.0,0.8,0.2,0.75,0.25
3,37,0.89,0.63,0.5217391304347826,2.1746031746031744,203.33979994582495,-1,1.0,0.0,0.7368421052631579,0.2631578947368421,0.8181818181818182,0.18181818181818182
3,38,0.8,0.64,0.4090909090909091,1.875,225.31525054192534,-1,1.0,0.0,0.8181818181818182,0.18181818181818182,0.75,0.25
3,39,0.8,0.58,0.48717948717948717,2.0517241379310347,203.91417439675183,-1,1.0,0.0,0.8095238095238095,0.19047619047619047,0.6666666666666666,0.3333333333333333
3,40,0.89,0.65,0.5277777777777778,2.1538461538461537,209.5637705792609,-1,1.0,0.0,0.8571428571428571,0.14285714285714285,0.625,0.375
3,41,0.85,0.65,0.4888888888888889,2.2615384615384615,228.7180208460361,-1,1.0,0.0,0.7777777777777778,0.2222222222222222,0.6,0.4
3,42,0.9,0.76,0.2962962962962963,2.0526315789473686,261.13795411784645,0,1.0,0.0,0.6956521739130435,0.30434782608695654,0.65,0.35
3,43,0.86,0.63,0.4117647058823529,1.8571428571428572,230.08337440494802,-1,1.0,0.0,0.9166666666666666,0.08333333333333333,0.7894736842105263,0.21052631578947367
3,44,0.89,0.68,0.44680851063829785,2.014705882352941,229.4347361407868,-1,1.0,0.0,0.8421052631578947,0.15789473684210525,0.6153846153846154,0.38461538461538464
3,45,0.79,0.68,0.5,2.1176470588235294,234.08915958713385,4,1.0,0.0,0.76,0.24,0.6,0.4
3,46,0.84,0.7,0.3673469387755102,1.957142857142857,235.0442494846302,-1,1.0,0.0,0.7894736842105263,0.21052631578947367,0.46153846153846156,0.5384615384615384
3,47,0.82,0.6,0.5,1.9833333333333334,187.99204657303065,-1,1.0,0.0,0.8125,0.1875,0.7272727272727273,0.2727272727272727
3,48,0.85,0.71,0.627906976744186,2.0985915492957745,221.25608015024272,-1,1.0,0.0,0.6875,0.3125,0.7777777777777778,0.2222222222222222
3,49,0.89,0.67,0.5102040816326531,2.5223880597014925,220.88276680774266,-1,1.0,0.0,0.8421052631578947,0.15789473684210525,0.8,0.2
3,50,0.88,0.69,0.4897959183673469,2.3768115942028984,215.65745692374313,-1,1.0,0.0,0.8333333333333334,0.16666666666666666,0.7692307692307693,0.23076923076923078
3,51,0.83,0.65,0.4489795918367347,2.0615384615384613,197.73520665843824,-1,1.0,0.0,0.9090909090909091,0.09090909090909091,0.9166666666666666,0.08333333333333333
3,52,0.86,0.7,0.4489795918367347,2.342857142857143,233.0809102868618,-1,1.0,0.0,0.9047619047619048,0.09523809523809523,0.7647058823529411,0.23529411764705882
3,53,0.86,0.56,0.5121951219512195,2.4107142857142856,194.1371357081302,-1,1.0,0.0,0.8695652173913043,0.13043478260869565,0.6,0.4
3,54,0.91,0.77,0.4583333333333333,2.6623376623376624,259.8749487955724,-1,1.0,0.0,0.88,0.12,0.7647058823529411,0.23529411764705882
3,55,0.85,0.6,0.4791666666666667,2.5833333333333335,205.76598827758227,-1,1.0,0.0,0.9090909090909091,0.09090909090909091,0.6,0.4
3,56,0.84,0.61,0.4146341463414634,2.6065573770491803,194.84353062284703,-1,1.0,0.0,0.9090909090909091,0.09090909090909091,0.9090909090909091,0.09090909090909091
3,57,0.86,0.63,0.4,2.8253968253968256,191.37097520834268,1,1.0,0.0,0.7142857142857143,0.2857142857142857,0.6428571428571429,0.35714285714285715
3,58,0.89,0.64,0.4864864864864865,2.265625,204.58411765237068,-1,1.0,0.0,0.9047619047619048,0.09523809523809523,0.7,0.3
3,59,0.8,0.63,0.4,1.8888888888888888,201.95224569405622,0,1.0,0.0,0.8947368421052632,0.10526315789473684,0.6875,0.3125
3,60,0.83,0.6,0.4186046511627907,2.216666666666667,213.35530169035403,-1,1.0,0.0,0.8846153846153846,0.11538461538461539,0.9333333333333333,0.06666666666666667
3,61,0.86,0.62,0.5,1.935483870967742,204.70000348459428,-1,1.0,0.0,0.7647058823529411,0.23529411764705882,0.7857142857142857,0.21428571428571427
3,62,0.87,0.65,0.47368421052631576,2.046153846153846,221.11284375329376,-1,1.0,0.0,0.9545454545454546,0.045454545454545456,0.5833333333333334,0.4166666666666667
3,63,0.87,0.61,0.4878048780487805,2.180327868852459,195.67620794695355,-1,1.0,0.0,1.0,0.0,0.9,0.1
3,64,0.78,0.52,0.59375,2.019230769230769,170.72921219735528,2,1.0,0.0,0.9285714285714286,0.07142857142857142,0.6666666666666666,0.3333333333333333
3,65,0.87,0.59,0.4444444444444444,2.1186440677966103,202.4219343216239,-1,1.0,0.0,0.9375,0.0625,0.6875,0.3125
4,0,0.87,0.69,,1.0,212.0,-1,1.0,0.0,0.75,0.25,0.5882352941176471,0.4117647058823529
4,1,0.85,0.68,0.4375,1.3088235294117647,205.80000000000004,-1,1.0,0.0,0.75,0.25,0.7333333333333333,0.26666666666666666
4,2,0.77,0.6,0.46511627906976744,1.55,179.23499999999996,-1,1.0,0.0,0.875,0.125,0.625,0.375
4,3,0.9,0.72,0.4883720930232558,1.6666666666666667,230.38049999999993,-1,1.0,0.0,0.7272727272727273,0.2727272727272727,0.5714285714285714,0.42857142857142855
4,4,0.85,0.73,0.44,1.6986301369863013,220.15743750000001,-1,1.0,0.0,0.8846153846153846,0.11538461538461539,0.7777777777777778,0.2222222222222222
4,5,0.9,0.75,0.35,1.6933333333333334,211.62392999999997,0,1.0,0.0,0.7777777777777778,0.2222222222222222,0.7647058823529411,0.23529411764705882
4,6,0.85,0.73,0.4827586206896552,1.8904109589041096,217.71816937499992,-1,1.0,0.0,0.8888888888888888,0.1111111111111111,0.8235294117647058,0.17647058823529413
4,7,0.84,0.68,0.36538461538461536,1.8823529411764706,214.13409084375,-1,1.0,0.0,0.7916666666666666,0.20833333333333334,0.5454545454545454,0.45454545454545453
4,8,0.9,0.69,0.36,2.028985507246377,219.35031359062498,-1,1.0,0.0,0.76,0.24,0.5833333333333334,0.4166666666666667
4,9,0.86,0.67,0.3181818181818182,1.9850746268656716,208.70381778749996,-1,1.0,0.0,0.7368421052631579,0.2631578947368421,0.7058823529411765,0.29411764705882354
4,10,0.92,0.74,0.39215686274509803,1.864864864864865,206.2284706961719,1,1.0,0.0,0.8518518518518519,0.14814814814814814,0.8,0.2
4,11,0.84,0.67,0.3076923076923077,1.6865671641791045,211.8585758319844,-1,1.0,0.0,0.6842105263157895,0.3157894736842105,0.7333333333333333,0.26666666666666666
4,12,0.85,0.69,0.3673469387755102,1.8405797101449275,231.1673287846289,-1,1.0,0.0,0.88,0.12,0.5333333333333333,0.4666666666666667
4,13,0.85,0.68,0.4489795918367347,1.911764705882353,219.4523854698164,4,1.0,0.0,0.88,0.12,0.5714285714285714,0.42857142857142855
4,14,0.84,0.65,0.42857142857142855,2.0153846153846153,201.20498077616017,-1,1.0,0.0,0.8,0.2,0.7857142857142857,0.21428571428571427
4,15,0.87,0.74,0.5,2.027027027027027,203.73900245486897,1,1.0,0.0,0.8333333333333334,0.16666666666666666,0.7777777777777778,0.2222222222222222
4,16,0.82,0.71,0.3333333333333333,2.0704225352112675,228.0109148631809,-1,1.0,0.0,0.9230769230769231,0.07692307692307693,0.7222222222222222,0.2777777777777778
4,17,0.86,0.68,0.391304347826087,1.7647058823529411,214.15760347575232,-1,1.0,0.0,0.9444444444444444,0.05555555555555555,0.7,0.3
4,18,0.88,0.73,0.40384615384615385,1.8904109589041096,209.61481669360433,-1,1.0,0.0,0.7222222222222222,0.2777777777777778,0.8333333333333334,0.16666666666666666
4,19,0.85,0.7,0.4117647058823529,1.8571428571428572,192.69053639199785,-1,1.0,0.0,0.7894736842105263,0.21052631578947367,0.7,0.3
4,20,0.8,0.63,0.3541666666666667,1.5555555555555556,214.08548836719348,-1,1.0,0.0,0.5333333333333333,0.4666666666666667,0.5625,0.4375
4,21,0.89,0.78,0.4,1.9230769230769231,230.46566177702093,1,1.0,0.0,0.7727272727272727,0.22727272727272727,0.6842105263157895,0.3157894736842105
4,22,0.85,0.69,0.40350877192982454,1.8115942028985508,210.59777769852042,-1,1.0,0.0,0.8125,0.1875,0.7647058823529411,0.23529411764705882
4,23,0.87,0.71,0.48936170212765956,1.9295774647887325,228.52596730561766,-1,1.0,0.0,0.9047619047619048,0.09523809523809523,0.7142857142857143,0.2857142857142857
4,24,0.87,0.67,0.3958333333333333,1.8059701492537314,203.92022768518012,-1,1.0,0.0,0.6428571428571429,0.35714285714285715,0.6666666666666666,0.3333333333333333
4,25,0.82,0.72,0.5102040816326531,1.8194444444444444,190.1004671336873,2,1.0,0.0,0.8,0.2,0.6666666666666666,0.3333333333333333
4,26,0.83,0.67,0.47058823529411764,1.8507462686567164,195.95775494600815,-1,1.0,0.0,0.782608695652174,0.21739130434782608,0.75,0.25
4,27,0.82,0.65,0.4883720930232558,1.9692307692307693,218.479660414239,-1,1.0,0.0,0.7272727272727273,0.2727272727272727,0.5333333333333333,0.4666666666666667
4,28,0.82,0.67,0.37777777777777777,1.671641791044776,192.85524606616997,-1,1.0,0.0,0.7777777777777778,0.2222222222222222,0.8,0.2
4,29,0.86,0.69,0.4782608695652174,1.710144927536232,183.07416268434332,0,1.0,0.0,0.7894736842105263,0.21052631578947367,0.8,0.2
4,30,0.84,0.68,0.4423076923076923,1.8529411764705883,221.4320341519781,4,1.0,0.0,0.631578947368421,0.3684210526315789,0.5294117647058824,0.47058823529411764
4,31,0.83,0.71,0.43137254901960786,1.943661971830986,205.35071282884746,-1,1.0,0.0,0.84,0.16,0.5,0.5
4,32,0.85,0.73,0.42592592592592593,2.0136986301369864,229.8786969975781,-1,1.0,0.0,0.7142857142857143,0.2857142857142857,0.5882352941176471,0.4117647058823529
4,33,0.84,0.63,0.425531914893617,2.0317460317460316,214.9653479674165,-1,1.0,0.0,0.6956521739130435,0.30434782608695654,0.6666666666666666,0.3333333333333333
4,34,0.84,0.71,0.4888888888888889,1.8309859154929577,223.9295851631116,-1,1.0,0.0,0.7619047619047619,0.23809523809523808,0.6875,0.3125
4,35,0.8,0.66,0.4489795918367347,1.9848484848484849,184.36556810782352,0,1.0,0.0,0.8,0.2,0.8823529411764706,0.11764705882352941
4,36,0.85,0.74,0.5319148936170213,2.0,228.30255549350693,-1,1.0,0.0,0.8571428571428571,0.14285714285714285,0.6428571428571429,0.35714285714285715
4,37,0.87,0.66,0.54,2.0757575757575757,211.57370763203562,-1,1.0,0.0,0.8846153846153846,0.11538461538461539,0.5833333333333334,0.4166666666666667
4,38,0.88,0.68,0.45652173913043476,2.2058823529411766,226.45420719892542,-1,1.0,0.0,0.7894736842105263,0.21052631578947367,0.7142857142857143,0.2857142857142857
4,39,0.88,0.68,0.42857142857142855,1.9558823529411764,204.5933907309584,-1,1.0,0.0,0.8947368421052632,0.10526315789473684,0.8235294117647058,0.17647058823529413
4,40,0.87,0.69,0.25,2.072463768115942,228.4099509182465,-1,1.0,0.0,0.72,0.28,0.7857142857142857,0.21428571428571427
4,41,0.87,0.69,0.44,2.0144927536231885,232.34833654611697,-1,1.0,0.0,0.8333333333333334,0.16666666666666666,0.6666666666666666,0.3333333333333333
4,42,0.8,0.66,0.4666666666666667,2.515151515151515,228.4889051817382,3,1.0,0.0,0.7857142857142857,0.21428571428571427,0.6875,0.3125
4,43,0.88,0.72,0.375,2.0416666666666665,212.42502356550264,2,1.0,0.0,0.5294117647058824,0.47058823529411764,0.7857142857142857,0.21428571428571427
4,44,0.92,0.78,0.42592592592592593,2.1923076923076925,259.0178708760908,-1,1.0,0.0,0.782608695652174,0.21739130434782608,0.65,0.35
4,45,0.86,0.64,0.41509433962264153,1.90625,208.1541994584352,-1,1.0,0.0,0.8,0.2,0.7272727272727273,0.2727272727272727
4,46,0.82,0.65,0.35714285714285715,2.246153846153846,216.66393163831478,-1,1.0,0.0,0.9047619047619048,0.09523809523809523,0.6428571428571429,0.35714285714285715
4,47,0.81,0.64,0.475,2.09375,210.5869544474541,4,1.0,0.0,0.6190476190476191,0.38095238095238093,0.7142857142857143,0.2857142857142857
4,48,0.85,0.63,0.36585365853658536,1.8095238095238095,223.0035264554207,-1,1.0,0.0,0.7,0.3,0.6428571428571429,0.35714285714285715
4,49,0.87,0.69,0.41304347826086957,1.8115942028985508,238.19305246325112,-1,1.0,0.0,0.8260869565217391,0.17391304347826086,0.6875,0.3125
4,50,0.83,0.63,0.5777777777777777,2.1746031746031744,211.18433184034322,-1,1.0,0.0,0.8333333333333334,0.16666666666666666,0.7333333333333333,0.26666666666666666
4,51,0.83,0.67,0.4318181818181818,1.8208955223880596,244.93699060697475,-1,1.0,0.0,0.6956521739130435,0.30434782608695654,0.5333333333333333,0.4666666666666667
4,52,0.84,0.7,0.4423076923076923,1.8285714285714285,247.03812522406437,3,0.9574468085106383,0.0425531914893617,0.7857142857142857,0.21428571428571427,0.6,0.4
4,53,0.87,0.61,0.3829787234042553,1.8852459016393444,207.14172813075095,-1,1.0,0.0,0.8888888888888888,0.1111111111111111,0.7142857142857143,0.2857142857142857
4,54,0.78,0.61,0.42105263157894735,1.9836065573770492,228.3983726716138,-1,1.0,0.0,0.7727272727272727,0.22727272727272727,0.75,0.25
4,55,0.86,0.63,0.4634146341463415,1.9206349206349207,199.27736428599437,-1,1.0,0.0,0.7142857142857143,0.2857142857142857,0.75,0.25
4,56,0.83,0.66,0.3953488372093023,1.9696969696969697,205.88587470706238,0,1.0,0.0,0.6111111111111112,0.3888888888888889,0.6875,0.3125
4,57,0.87,0.71,0.425531914893617,1.8309859154929577,235.8107063879877,-1,1.0,0.0,0.9523809523809523,0.047619047619047616,0.631578947368421,0.3684210526315789
4,58,0.79,0.62,0.4,1.7580645161290323,218.8168229473218,-1,1.0,0.0,0.8846153846153846,0.11538461538461539,0.6153846153846154,0.38461538461538464
4,59,0.83,0.61,0.425,2.0491803278688523,191.96632067029998,-1,1.0,0.0,0.8421052631578947,0.15789473684210525,0.8181818181818182,0.18181818181818182
4,60,0.82,0.61,0.5,2.1475409836065573,211.81883061112518,4,1.0,0.0,0.5625,0.4375,0.7777777777777778,0.2222222222222222
4,61,0.86,0.65,0.4,2.2,216.7948812200532,-1,1.0,0.0,0.6,0.4,0.8125,0.1875
4,62,0.87,0.67,0.574468085106383,2.283582089552239,210.93991281161365,1,1.0,0.0,0.8421052631578947,0.15789473684210525,0.6470588235294118,0.35294117647058826
4,63,0.72,0.53,0.5,2.3773584905660377,167.30483363284924,-1,1.0,0.0,0.95,0.05,0.7777777777777778,0.2222222222222222
4,64,0.83,0.65,0.4722222222222222,2.4,212.73824468079937,-1,1.0,0.0,0.8181818181818182,0.18181818181818182,0.8333333333333334,0.16666666666666666
4,65,0.83,0.56,0.4146341463414634,1.9821428571428572,192.76611228533295,4,1.0,0.0,0.8235294117647058,0.17647058823529413,0.6428571428571429,0.35714285714285715
5,0,0.91,0.71,,1.0,217.4,4,1.0,0.0,0.7083333333333334,0.2916666666666667,0.5,0.5
5,1,0.89,0.72,0.4,1.3055555555555556,225.33000000000004,4,1.0,0.0,0.76,0.24,0.6875,0.3125
5,2,0.85,0.62,0.4375,1.5161290322580645,177.15599999999995,3,1.0,0.0,0.8947368421052632,0.10526315789473684,0.7692307692307693,0.23076923076923078
5,3,0.86,0.67,0.37209302325581395,1.5223880597014925,196.26075,-1,1.0,0.0,0.9473684210526315,0.05263157894736842,0.75,0.25
5,4,0.85,0.62,0.425,1.596774193548387,193.4722125,-1,1.0,0.0,0.7894736842105263,0.21052631578947367,0.5454545454545454,0.45454545454545453
5,5,0.81,0.67,0.38636363636363635,1.6417910447761195,216.68093999999996,3,1.0,0.0,0.6111111111111112,0.3888888888888889,0.6666666666666666,0.3333333333333333
5,6,0.91,0.73,0.43137254901960786,1.8356164383561644,210.65512978125,-1,1.0,0.0,0.9615384615384616,0.038461538461538464,0.7142857142857143,0.2857142857142857
5,7,0.88,0.75,0.5535714285714286,2.08,224.99945409375002,-1,1.0,0.0,0.8181818181818182,0.18181818181818182,0.7777777777777778,0.2222222222222222
5,8,0.84,0.7,0.4423076923076923,1.8571428571428572,194.19552691875,-1,1.0,0.0,0.875,0.125,0.6923076923076923,0.3076923076923077
5,9,0.77,0.62,0.4666666666666667,1.935483870967742,187.70272753640623,-1,1.0,0.0,0.8,0.2,0.7,0.3
5,10,0.85,0.71,0.3488372093023256,1.7887323943661972,187.7923154116407,0,1.0,0.0,0.8260869565217391,0.17391304347826086,0.6363636363636364,0.36363636363636365
5,11,0.76,0.58,0.425,1.9310344827586208,180.720057774375,0,1.0,0.0,0.8095238095238095,0.19047619047619047,0.7647058823529411,0.23529411764705882
5,12,0.72,0.63,0.3142857142857143,1.8571428571428572,203.67662529867192,-1,1.0,0.0,0.7647058823529411,0.23529411764705882,0.7777777777777778,0.2222222222222222
5,13,0.85,0.67,0.4090909090909091,1.9253731343283582,203.24046349072268,-1,1.0,0.0,0.8333333333333334,0.16666666666666666,0.7142857142857143,0.2857142857142857
5,14,0.86,0.67,0.43478260869565216,1.835820895522388,209.9433388928449,-1,1.0,0.0,0.7619047619047619,0.23809523809523808,0.7333333333333333,0.26666666666666666
5,15,0.84,0.72,0.45098039215686275,2.0555555555555554,199.00827829816294,-1,1.0,0.0,0.8571428571428571,0.14285714285714285,0.8571428571428571,0.14285714285714285
5,16,0.79,0.65,0.3673469387755102,1.876923076923077,192.0878538264252,-1,1.0,0.0,0.7894736842105263,0.21052631578947367,0.7857142857142857,0.21428571428571427
5,17,0.87,0.69,0.4186046511627907,2.0579710144927534,193.83603734267413,-1,1.0,0.0,0.8571428571428571,0.14285714285714285,0.8,0.2
5,18,0.81,0.71,0.47058823529411764,1.9577464788732395,222.15762629901442,-1,1.0,0.0,0.75,0.25,0.5882352941176471,0.4117647058823529
5,19,0.9,0.74,0.5272727272727272,2.135135135135135,197.16293751552433,-1,1.0,0.0,0.875,0.125,0.6666666666666666,0.3333333333333333
5,20,0.85,0.63,0.48936170212765956,2.365079365079365,188.06842369806998,-1,1.0,0.0,0.8888888888888888,0.1111111111111111,0.75,0.25
5,21,0.88,0.72,0.391304347826087,2.2083333333333335,203.66309494916229,-1,1.0,0.0,0.9,0.1,0.6666666666666666,0.3333333333333333
5,22,0.95,0.79,0.38596491228070173,1.9493670886075949,223.3443815397125,-1,1.0,0.0,0.9259259259259259,0.07407407407407407,0.6666666666666666,0.3333333333333333
5,23,0.9,0.69,0.4,2.0,210.46954280771575,-1,1.0,0.0,0.7894736842105263,0.21052631578947367,0.7058823529411765,0.29411764705882354
5,24,0.8,0.65,0.44680851063829785,1.9538461538461538,172.83521934223484,-1,1.0,0.0,0.9,0.1,0.9090909090909091,0.09090909090909091
5,25,0.84,0.65,0.4523809523809524,1.9384615384615385,180.26870207272316,-1,1.0,0.0,0.8695652173913043,0.13043478260869565,0.8461538461538461,0.15384615384615385
5,26,0.83,0.74,0.5531914893617021,1.9189189189189189,184.12639990519241,-1,1.0,0.0,1.0,0.0,0.9090909090909091,0.09090909090909091
5,27,0.87,0.74,0.46296296296296297,2.0405405405405403,214.0621837297998,-1,1.0,0.0,0.8947368421052632,0.10526315789473684,0.6666666666666666,0.3333333333333333
5,28,0.81,0.62,0.5106382978723404,2.032258064516129,176.92245338931258,-1,1.0,0.0,0.8,0.2,0.75,0.25
5,29,0.9,0.68,0.4523809523809524,2.014705882352941,187.48260982346835,1,1.0,0.0,0.8260869565217391,0.17391304347826086,0.6923076923076923,0.3076923076923077
5,30,0.83,0.63,0.5227272727272727,2.126984126984127,184.9999632696289,-1,1.0,0.0,1.0,0.0,0.7692307692307693,0.23076923076923078
5,31,0.89,0.68,0.3125,1.75,220.470217549239,4,1.0,0.0,0.7,0.3,0.7368421052631579,0.2631578947368421
5,32,0.78,0.63,0.48936170212765956,2.0634920634920637,181.10162578954015,-1,1.0,0.0,0.9473684210526315,0.05263157894736842,0.75,0.25
5,33,0.83,0.68,0.4444444444444444,1.9558823529411764,198.78729918189887,-1,1.0,0.0,0.9166666666666666,0.08333333333333333,0.7647058823529411,0.23529411764705882
5,34,0.83,0.63,0.5217391304347826,2.0317460317460316,169.64092978155804,-1,1.0,0.0,0.8333333333333334,0.16666666666666666,1.0,0.0
5,35,0.87,0.71,0.4772727272727273,1.9577464788732395,206.5037338689885,-1,1.0,0.0,0.95,0.05,0.7222222222222222,0.2777777777777778
5,36,0.83,0.69,0.42857142857142855,2.072463768115942,221.26451237402327,-1,1.0,0.0,0.625,0.375,0.6,0.4
5,37,0.89,0.78,0.4107142857142857,2.076923076923077,215.14815978728222,-1,1.0,0.0,0.9130434782608695,0.08695652173913043,0.7142857142857143,0.2857142857142857
5,38,0.9,0.74,0.423728813559322,2.0945945945945947,201.8502751400208,-1,1.0,0.0,0.9565217391304348,0.043478260869565216,0.8235294117647058,0.17647058823529413
5,39,0.83,0.72,0.5370370370370371,2.3055555555555554,213.95065802097918,-1,1.0,0.0,0.9047619047619048,0.09523809523809523,0.7368421052631579,0.2631578947368421
5,40,0.84,0.66,0.46938775510204084,2.227272727272727,201.0929877378294,-1,1.0,0.0,0.875,0.125,0.8823529411764706,0.11764705882352941
5,41,0.82,0.64,0.5853658536585366,2.734375,180.06921420360712,-1,1.0,0.0,0.9444444444444444,0.05555555555555555,0.7272727272727273,0.2727272727272727
5,42,0.81,0.67,0.5813953488372093,2.343283582089552,207.29910540516687,-1,1.0,0.0,0.8928571428571429,0.10714285714285714,0.375,0.625
5,43,0.8,0.72,0.44680851063829785,1.9305555555555556,236.54571489580238,-1,1.0,0.0,0.8076923076923077,0.19230769230769232,0.5,0.5
5,44,0.84,0.68,0.4897959183673469,2.161764705882353,206.6643411426332,-1,1.0,0.0,0.9473684210526315,0.05263157894736842,0.6666666666666666,0.3333333333333333
5,45,0.88,0.72,0.425531914893617,2.0277777777777777,218.0422749952816,-1,1.0,0.0,0.8,0.2,0.7333333333333333,0.26666666666666666
5,46,0.87,0.64,0.4222222222222222,2.328125,191.52628017339612,-1,1.0,0.0,0.9130434782608695,0.08695652173913043,0.6923076923076923,0.3076923076923077
5,47,0.86,0.67,0.4090909090909091,2.1641791044776117,207.18523318555359,0,1.0,0.0,0.8214285714285714,0.17857142857142858,0.5333333333333333,0.4666666666666667
5,48,0.79,0.67,0.38636363636363635,2.08955223880597,189.35045827516447,-1,1.0,0.0,0.9523809523809523,0.047619047619047616,0.7,0.3
5,49,0.85,0.7,0.5106382978723404,2.3285714285714287,213.72724726516373,-1,1.0,0.0,0.8695652173913043,0.13043478260869565,0.5833333333333334,0.4166666666666667
5,50,0.82,0.64,0.425531914893617,2.078125,198.14290450971805,-1,1.0,0.0,0.8421052631578947,0.15789473684210525,0.8421052631578947,0.15789473684210525
5,51,0.88,0.69,0.5,2.3043478260869565,215.19362686765805,-1,1.0,0.0,0.9130434782608695,0.08695652173913043,0.6666666666666666,0.3333333333333333
5,52,0.83,0.6,0.3958333333333333,2.0,176.5125613563449,-1,1.0,0.0,0.9583333333333334,0.041666666666666664,0.8461538461538461,0.15384615384615385
5,53,0.82,0.61,0.375,2.2131147540983607,182.4551038769335,-1,1.0,0.0,0.8571428571428571,0.14285714285714285,0.7,0.3
5,54,0.88,0.69,0.45454545454545453,2.4927536231884058,216.09964260059053,-1,1.0,0.0,0.7142857142857143,0.2857142857142857,0.6842105263157895,0.3157894736842105
5,55,0.89,0.69,0.5098039215686274,2.318840579710145,190.02063487316542,-1,1.0,0.0,0.9583333333333334,0.041666666666666664,0.7272727272727273,0.2727272727272727
5,56,0.92,0.76,0.5,2.4078947368421053,230.43025193500222,-1,1.0,0.0,0.7727272727272727,0.22727272727272727,0.6,0.4
5,57,0.79,0.64,0.4642857142857143,2.40625,199.30425390246563,-1,1.0,0.0,0.9,0.1,0.6875,0.3125
5,58,0.86,0.66,0.5348837209302325,2.393939393939394,211.1017843620857,-1,1.0,0.0,0.96,0.04,0.6842105263157895,0.3157894736842105
5,59,0.83,0.68,0.4888888888888889,2.8529411764705883,215.1646458064717,-1,1.0,0.0,0.76,0.24,0.6363636363636364,0.36363636363636365
5,60,0.85,0.72,0.43478260869565216,2.6944444444444446,200.1428807865395,-1,1.0,0.0,0.9285714285714286,0.07142857142857142,0.7272727272727273,0.2727272727272727
5,61,0.81,0.64,0.4444444444444444,2.46875,191.0383705101099,-1,1.0,0.0,0.8947368421052632,0.10526315789473684,0.7894736842105263,0.21052631578947367
5,62,0.87,0.65,0.5,2.4153846153846152,192.86003644680866,-1,1.0,0.0,0.7619047619047619,0.23809523809523808,0.7333333333333333,0.26666666666666666
5,63,0.84,0.64,0.358974358974359,2.1875,192.43812732620262,-1,1.0,0.0,0.7894736842105263,0.21052631578947367,0.75,0.25
5,64,0.84,0.68,0.4444444444444444,1.8235294117647058,196.92744372704396,-1,1.0,0.0,0.9444444444444444,0.05555555555555555,0.6875,0.3125
5,65,0.82,0.67,0.4090909090909091,2.4328358208955225,189.93479264956937,4,1.0,0.0,0.6666666666666666,0.3333333333333333,0.8571428571428571,0.14285714285714285
6,0,0.86,0.61,,1.0,150.59999999999997,1,1.0,0.0,0.8636363636363636,0.13636363636363635,0.7692307692307693,0.23076923076923078
6,1,0.85,0.68,0.4418604651162791,1.2794117647058822,220.50000000000006,-1,1.0,0.0,0.8333333333333334,0.16666666666666666,0.7,0.3
6,2,0.87,0.72,0.46,1.5277777777777777,216.40499999999992,-1,1.0,0.0,0.875,0.125,0.7142857142857143,0.2857142857142857
6,3,0.82,0.71,0.375,1.5211267605633803,196.48125,0,1.0,0.0,0.8181818181818182,0.18181818181818182,0.7857142857142857,0.21428571428571427
6,4,0.87,0.65,0.46938775510204084,1.6615384615384616,217.90912499999993,0,1.0,0.0,0.8275862068965517,0.1724137931034483,0.6111111111111112,0.3888888888888889
6,5,0.86,0.71,0.375,1.647887323943662,223.15261499999997,0,1.0,0.0,0.6363636363636364,0.36363636363636365,0.5333333333333333,0.4666666666666667
6,6,0.81,0.71,0.5,1.7464788732394365,205.0761490312499,-1,1.0,0.0,0.7777777777777778,0.2222222222222222,0.75,0.25
6,7,0.85,0.75,0.43137254901960786,1.8266666666666667,225.93107210625,-1,1.0,0.0,0.8461538461538461,0.15384615384615385,0.7333333333333333,0.26666666666666666
6,8,0.83,0.64,0.4,1.75,195.828609178125,-1,1.0,0.0,0.8421052631578947,0.15789473684210525,0.7857142857142857,0.21428571428571427
6,9,0.8,0.65,0.40540540540540543,1.7538461538461538,204.02780314218754,-1,1.0,0.0,0.9285714285714286,0.07142857142857142,0.6,0.4
6,10,0.81,0.63,0.6046511627906976,2.126984126984127,194.8364632265625,-1,1.0,0.0,0.85,0.15,0.7692307692307693,0.23076923076923078
6,11,0.83,0.71,0.4782608695652174,1.9577464788732395,221.11612799062507,-1,1.0,0.0,0.8846153846153846,0.11538461538461539,0.6875,0.3125
6,12,0.79,0.62,0.35714285714285715,2.0,189.3745678042969,-1,1.0,0.0,0.85,0.15,0.6923076923076923,0.3076923076923077
6,13,0.84,0.64,0.41025641025641024,1.96875,189.06204812414074,-1,1.0,0.0,0.8947368421052632,0.10526315789473684,0.6363636363636364,0.36363636363636365
6,14,0.88,0.72,0.4791666666666667,2.1805555555555554,215.41984783667579,-1,1.0,0.0,0.92,0.08,0.6875,0.3125
6,15,0.8,0.67,0.3673469387755102,1.8805970149253732,187.49510161150783,-1,1.0,0.0,0.8823529411764706,0.11764705882352941,0.6666666666666666,0.3333333333333333
6,16,0.81,0.66,0.6363636363636364,2.1666666666666665,186.8858696929219,-1,1.0,0.0,0.9,0.1,0.6666666666666666,0.3333333333333333
6,17,0.88,0.79,0.4909090909090909,2.1645569620253164,208.93601987581638,-1,1.0,0.0,1.0,0.0,0.8235294117647058,0.17647058823529413
6,18,0.79,0.64,0.5,1.953125,177.0326805104649,-1,1.0,0.0,0.9473684210526315,0.05263157894736842,0.6666666666666666,0.3333333333333333
6,19,0.82,0.75,0.5102040816326531,2.1466666666666665,244.6314885311056,-1,1.0,0.0,0.9032258064516129,0.0967741935483871,0.7058823529411765,0.29411764705882354
6,20,0.89,0.76,0.5178571428571429,2.1578947368421053,198.16316064482416,0,1.0,0.0,0.9166666666666666,0.08333333333333333,0.6923076923076923,0.3076923076923077
6,21,0.83,0.65,0.40816326530612246,2.1076923076923078,213.96062054672427,-1,1.0,0.0,0.7916666666666666,0.20833333333333334,0.6875,0.3125
6,22,0.81,0.68,0.4186046511627907,2.3088235294117645,208.02604450844234,0,1.0,0.0,0.8695652173913043,0.13043478260869565,0.4666666666666667,0.5333333333333333
6,23,0.85,0.68,0.425531914893617,2.2941176470588234,220.5678004032365,-1,1.0,0.0,0.7647058823529411,0.23529411764705882,0.7,0.3
6,24,0.91,0.77,0.40384615384615385,2.3506493506493507,227.52165567691983,-1,1.0,0.0,0.8695652173913043,0.13043478260869565,0.6666666666666666,0.3333333333333333
6,25,0.89,0.68,0.5294117647058824,2.5294117647058822,229.2004077076958,-1,1.0,0.0,0.92,0.08,0.625,0.375
6,26,0.85,0.69,0.5106382978723404,2.36231884057971,201.82452462376952,4,1.0,0.0,0.896551724137931,0.10344827586206896,0.7272727272727273,0.2727272727272727
6,27,0.86,0.7,0.3404255319148936,2.085714285714286,231.6690900666073,-1,1.0,0.0,0.92,0.08,0.4666666666666667,0.5333333333333333
6,28,0.82,0.72,0.4423076923076923,2.388888888888889,195.58970589108148,-1,1.0,0.0,0.75,0.25,0.9285714285714286,0.07142857142857142
6,29,0.92,0.78,0.5961538461538461,2.358974358974359,247.5137029828991,-1,1.0,0.0,0.7142857142857143,0.2857142857142857,0.7368421052631579,0.2631578947368421
6,30,0.83,0.66,0.3888888888888889,2.1363636363636362,218.30705921174825,3,1.0,0.0,0.5882352941176471,0.4117647058823529,0.6842105263157895,0.3157894736842105
6,31,0.87,0.65,0.42857142857142855,2.3692307692307693,210.74260239734446,-1,1.0,0.0,0.7272727272727273,0.2727272727272727,0.8666666666666667,0.13333333333333333
6,32,0.83,0.65,0.4523809523809524,2.2615384615384615,211.25953147515534,-1,1.0,0.0,0.6842105263157895,0.3157894736842105,0.7333333333333333,0.26666666666666666
6,33,0.87,0.74,0.54,2.054054054054054,235.3978349966824,4,0.9795918367346939,0.02040816326530612,0.7692307692307693,0.23076923076923078,0.6842105263157895,0.3157894736842105
6,34,0.89,0.74,0.5357142857142857,2.0675675675675675,227.1218897074796,-1,1.0,0.0,0.8695652173913043,0.13043478260869565,0.5833333333333334,0.4166666666666667
6,35,0.82,0.68,0.56,2.426470588235294,207.16509064668566,-1,1.0,0.0,0.8636363636363636,0.13636363636363635,0.6923076923076923,0.3076923076923077
6,36,0.78,0.58,0.5365853658536586,2.3275862068965516,180.46303064626633,4,1.0,0.0,0.8181818181818182,0.18181818181818182,0.8,0.2
6,37,0.92,0.76,0.5,2.276315789473684,232.16013429559152,2,1.0,0.0,0.9259259259259259,0.07407407407407407,0.7368421052631579,0.2631578947368421
6,38,0.79,0.55,0.4418604651162791,2.272727272727273,157.47973241509246,-1,1.0,0.0,0.8823529411764706,0.11764705882352941,0.5,0.5
6,39,0.87,0.7,0.43243243243243246,2.0428571428571427,217.5095661449153,-1,1.0,0.0,0.76,0.24,0.8,0.2
6,40,0.87,0.68,0.42857142857142855,1.9411764705882353,195.37329071377283,-1,1.0,0.0,0.9473684210526315,0.05263157894736842,0.8181818181818182,0.18181818181818182
6,41,0.82,0.63,0.3488372093023256,1.8095238095238095,212.05310695874257,-1,1.0,0.0,0.6818181818181818,0.3181818181818182,0.8125,0.1875
6,42,0.88,0.72,0.2558139534883721,1.6527777777777777,217.12315445458594,-1,1.0,0.0,0.8571428571428571,0.14285714285714285,0.7857142857142857,0.21428571428571427
6,43,0.88,0.7,0.46,2.0714285714285716,224.12198629387225,-1,1.0,0.0,0.7,0.3,0.6923076923076923,0.3076923076923077
6,44,0.77,0.67,0.4666666666666667,1.8955223880597014,218.80289079151424,-1,1.0,0.0,0.8260869565217391,0.17391304347826086,0.6666666666666666,0.3333333333333333
6,45,0.82,0.61,0.425,2.0491803278688523,201.02777901169074,4,1.0,0.0,0.75,0.25,0.6666666666666666,0.3333333333333333
6,46,0.82,0.65,0.4888888888888889,1.876923076923077,206.4927927446572,-1,1.0,0.0,0.7058823529411765,0.29411764705882354,0.6923076923076923,0.3076923076923077
6,47,0.88,0.64,0.5777777777777777,2.171875,213.0607683856794,2,1.0,0.0,0.7272727272727273,0.2727272727272727,0.6923076923076923,0.3076923076923077
6,48,0.85,0.7,0.4222222222222222,2.2857142857142856,248.006594147554,-1,1.0,0.0,0.7916666666666666,0.20833333333333334,0.6666666666666666,0.3333333333333333
6,49,0.85,0.67,0.5102040816326531,2.343283582089552,222.3523497035734,1,1.0,0.0,0.875,0.125,0.5714285714285714,0.42857142857142855
6,50,0.8,0.62,0.5238095238095238,2.338709677419355,218.7461108080255,-1,1.0,0.0,0.7619047619047619,0.23809523809523808,0.5714285714285714,0.42857142857142855
6,51,0.87,0.68,0.4222222222222222,2.0588235294117645,239.84683212529004,3,1.0,0.0,0.75,0.25,0.7222222222222222,0.2777777777777778
6,52,0.85,0.69,0.37254901960784315,1.7971014492753623,216.95155016524296,0,1.0,0.0,0.84,0.16,0.6875,0.3125
6,53,0.88,0.7,0.45652173913043476,2.1,224.80058634205642,-1,1.0,0.0,0.8636363636363636,0.13636363636363635,0.7,0.3
6,54,0.87,0.73,0.40350877192982454,1.8493150684931507,214.35489170218412,-1,1.0,0.0,0.8,0.2,0.9,0.1
6,55,0.85,0.66,0.35294117647058826,1.6515151515151516,227.23782125607457,-1,1.0,0.0,0.7307692307692307,0.2692307692307692,0.6666666666666666,0.3333333333333333
6,56,0.82,0.64,0.5,2.296875,200.9653070966569,-1,1.0,0.0,0.8571428571428571,0.14285714285714285,0.42857142857142855,0.5714285714285714
6,57,0.88,0.71,0.5416666666666666,2.1267605633802815,219.2895610466584,-1,1.0,0.0,0.9523809523809523,0.047619047619047616,0.7142857142857143,0.2857142857142857
6,58,0.88,0.7,0.5490196078431373,2.342857142857143,230.59297205768317,-1,1.0,0.0,0.9090909090909091,0.09090909090909091,0.6875,0.3125
6,59,0.84,0.61,0.475,2.262295081967213,198.24416443514562,-1,1.0,0.0,0.8421052631578947,0.15789473684210525,0.8666666666666667,0.13333333333333333
6,60,0.83,0.65,0.5277777777777778,2.076923076923077,213.6221733080438,-1,1.0,0.0,0.875,0.125,0.7272727272727273,0.2727272727272727
6,61,0.77,0.6,0.5,1.9166666666666667,193.47247230807355,-1,1.0,0.0,0.7058823529411765,0.29411764705882354,0.5,0.5
6,62,0.86,0.65,0.3076923076923077,1.9846153846153847,208.32612010331914,-1,1.0,0.0,1.0,0.0,0.6470588235294118,0.35294117647058826
6,63,0.88,0.7,0.41304347826086957,2.085714285714286,258.2107893289828,-1,1.0,0.0,0.76,0.24,0.5333333333333333,0.4666666666666667
6,64,0.88,0.7,0.5283018867924528,2.3,245.07205819116325,-1,1.0,0.0,0.76,0.24,0.6875,0.3125
6,65,0.83,0.58,0.37777777777777777,2.1379310344827585,198.11532485682997,-1,1.0,0.0,0.6470588235294118,0.35294117647058826,0.6363636363636364,0.36363636363636365
7,0,0.9,0.74,,1.0,202.0,-1,1.0,0.0,0.85,0.15,0.7142857142857143,0.2857142857142857
7,1,0.83,0.56,0.29545454545454547,1.2321428571428572,186.90000000000006,-1,1.0,0.0,0.88,0.12,0.6428571428571429,0.35714285714285715
7,2,0.85,0.69,0.40476190476190477,1.4782608695652173,201.38999999999996,-1,1.0,0.0,0.9523809523809523,0.047619047619047616,0.7058823529411765,0.29411764705882354
7,3,0.79,0.64,0.4772727272727273,1.65625,188.09699999999992,-1,1.0,0.0,0.8947368421052632,0.10526315789473684,0.7368421052631579,0.2631578947368421
7,4,0.89,0.69,0.5106382978723404,1.8115942028985508,180.68006249999996,-1,1.0,0.0,0.9047619047619048,0.09523809523809523,0.7692307692307693,0.23076923076923078
7,5,0.86,0.71,0.4,1.7605633802816902,237.75081749999993,-1,1.0,0.0,0.8461538461538461,0.15384615384615385,0.5,0.5
7,6,0.79,0.63,0.3695652173913043,1.8412698412698412,211.02953878124998,-1,1.0,0.0,0.8260869565217391,0.17391304347826086,0.5,0.5
7,7,0.85,0.66,0.4222222222222222,1.7424242424242424,210.27807478124998,-1,1.0,0.0,0.72,0.28,0.7333333333333333,0.26666666666666666
7,8,0.85,0.72,0.5192307692307693,1.9861111111111112,212.483453765625,-1,1.0,0.0,0.7272727272727273,0.2727272727272727,0.6666666666666666,0.3333333333333333
7,9,0.89,0.74,0.4444444444444444,1.7972972972972974,214.07575506679686,-1,1.0,0.0,0.84,0.16,0.7142857142857143,0.2857142857142857
7,10,0.85,0.72,0.4423076923076923,1.9444444444444444,222.85792344941012,0,1.0,0.0,0.7307692307692307,0.2692307692307692,0.5882352941176471,0.4117647058823529
7,11,0.85,0.75,0.5,1.88,249.51229017528513,-1,1.0,0.0,0.7083333333333334,0.2916666666666667,0.5263157894736842,0.47368421052631576
7,12,0.84,0.7,0.4423076923076923,1.9142857142857144,209.398886211375,-1,1.0,0.0,0.4444444444444444,0.5555555555555556,0.7692307692307693,0.23076923076923078
7,13,0.81,0.7,0.5,1.957142857142857,232.46910553299642,-1,1.0,0.0,0.8888888888888888,0.1111111111111111,0.55,0.45
7,14,0.83,0.71,0.46,2.0,216.09054674102083,4,1.0,0.0,0.7272727272727273,0.2727272727272727,0.6470588235294118,0.35294117647058826
7,15,0.84,0.74,0.3888888888888889,1.8783783783783783,216.33840929831837,-1,1.0,0.0,0.8636363636363636,0.13636363636363635,0.7058823529411765,0.29411764705882354
7,16,0.86,0.68,0.4897959183673469,2.323529411764706,200.2959648416137,-1,1.0,0.0,0.7777777777777778,0.2222222222222222,0.7058823529411765,0.29411764705882354
7,17,0.83,0.67,0.40816326530612246,2.298507462686567,201.576964121135,-1,1.0,0.0,0.7619047619047619,0.23809523809523808,0.6666666666666666,0.3333333333333333
7,18,0.83,0.66,0.47619047619047616,2.242424242424242,201.73032398476647,-1,1.0,0.0,0.7916666666666666,0.20833333333333334,0.75,0.25
7,19,0.85,0.61,0.42105263157894735,2.2459016393442623,187.10891902394422,-1,1.0,0.0,0.5384615384615384,0.46153846153846156,0.5,0.5
7,20,0.82,0.68,0.425,2.25,203.17537272822412,-1,1.0,0.0,0.8695652173913043,0.13043478260869565,0.6875,0.3125
7,21,0.9,0.7,0.48148148148148145,2.3714285714285714,225.6189531762424,-1,1.0,0.0,0.8,0.2,0.6666666666666666,0.3333333333333333
7,22,0.83,0.68,0.39215686274509803,2.235294117647059,215.1621772539783,-1,1.0,0.0,0.631578947368421,0.3684210526315789,0.7333333333333333,0.26666666666666666
7,23,0.77,0.6,0.34146341463414637,1.7666666666666666,185.83141571379076,-1,1.0,0.0,0.782608695652174,0.21739130434782608,0.7142857142857143,0.2857142857142857
7,24,0.79,0.63,0.40540540540540543,2.2063492063492065,204.30231041987972,-1,1.0,0.0,0.782608695652174,0.21739130434782608,0.75,0.25
7,25,0.82,0.63,0.41025641025641024,1.9047619047619047,218.7600481415211,-1,1.0,0.0,0.7272727272727273,0.2727272727272727,0.6666666666666666,0.3333333333333333
7,26,0.84,0.6,0.35714285714285715,1.5833333333333333,203.95399300781537,-1,1.0,0.0,0.6842105263157895,0.3157894736842105,0.6153846153846154,0.38461538461538464
7,27,0.86,0.7,0.3617021276595745,1.7857142857142858,226.76273424469568,-1,1.0,0.0,0.875,0.125,0.6666666666666666,0.3333333333333333
7,28,0.82,0.6,0.28888888888888886,1.5166666666666666,193.52088823712728,4,1.0,0.0,0.8095238095238095,0.19047619047619047,0.8,0.2
7,29,0.84,0.69,0.5106382978723404,1.7246376811594204,208.62886289743145,2,1.0,0.0,0.8888888888888888,0.1111111111111111,0.8,0.2
7,30,0.88,0.71,0.5094339622641509,1.8591549295774648,225.25943425332235,-1,1.0,0.0,0.875,0.125,0.6428571428571429,0.35714285714285715
7,31,0.89,0.78,0.49122807017543857,2.3461538461538463,275.3991434425119,-1,1.0,0.0,0.7931034482758621,0.20689655172413793,0.5882352941176471,0.4117647058823529
7,32,0.84,0.65,0.5192307692307693,2.3384615384615386,200.10455564238669,-1,1.0,0.0,0.9523809523809523,0.047619047619047616,0.6923076923076923,0.3076923076923077
7,33,0.78,0.66,0.43902439024390244,1.893939393939394,229.44469117853927,-1,1.0,0.0,0.6666666666666666,0.3333333333333333,0.5882352941176471,0.4117647058823529
7,34,0.85,0.69,0.3829787234042553,1.9130434782608696,249.46883819605043,-1,1.0,0.0,0.8148148148148148,0.18518518518518517,0.6111111111111112,0.3888888888888889
7,35,0.8,0.67,0.5416666666666666,2.1940298507462686,223.48283334235097,-1,1.0,0.0,0.8095238095238095,0.19047619047619047,0.5454545454545454,0.45454545454545453
7,36,0.86,0.66,0.58,2.015151515151515,224.54661648392562,-1,1.0,0.0,0.8846153846153846,0.11538461538461539,0.6875,0.3125
7,37,0.91,0.71,0.3673469387755102,1.8732394366197183,233.13212308352462,4,1.0,0.0,0.7727272727272727,0.22727272727272727,0.7777777777777778,0.2222222222222222
7,38,0.83,0.6,0.5813953488372093,2.3333333333333335,207.11153960623483,-1,1.0,0.0,0.85,0.15,0.6875,0.3125
7,39,0.8,0.65,0.4666666666666667,2.0307692307692307,213.2187468650241,3,1.0,0.0,0.7083333333333334,0.2916666666666667,0.8571428571428571,0.14285714285714285
7,40,0.85,0.61,0.4888888888888889,2.180327868852459,215.45020255922148,-1,1.0,0.0,0.8636363636363636,0.13636363636363635,0.8333333333333334,0.16666666666666666
7,41,0.89,0.71,0.4375,1.8028169014084507,237.14122874383634,-1,1.0,0.0,0.8571428571428571,0.14285714285714285,0.7857142857142857,0.21428571428571427
7,42,0.81,0.64,0.32608695652173914,1.734375,223.52784556373035,-1,1.0,0.0,0.8947368421052632,0.10526315789473684,0.7,0.3
7,43,0.86,0.63,0.30952380952380953,1.8253968253968254,227.0021341268501,-1,1.0,0.0,0.5,0.5,0.6875,0.3125
7,44,0.78,0.58,0.3333333333333333,1.8275862068965518,228.6489808682795,-1,1.0,0.0,0.782608695652174,0.21739130434782608,0.65,0.35
7,45,0.82,0.62,0.4358974358974359,1.903225806451613,229.81954649659133,-1,1.0,0.0,0.72,0.28,0.5454545454545454,0.45454545454545453
7,46,0.82,0.57,0.42105263157894735,1.7719298245614035,216.52364407235817,-1,1.0,0.0,0.75,0.25,0.6428571428571429,0.35714285714285715
7,47,0.87,0.66,0.34146341463414637,1.8333333333333333,240.07936886788016,-1,1.0,0.0,0.8,0.2,0.6428571428571429,0.35714285714285715
7,48,0.81,0.61,0.5121951219512195,1.8032786885245902,215.3819022619691,-1,1.0,0.0,0.7777777777777778,0.2222222222222222,0.42857142857142855,0.5714285714285714
7,49,0.85,0.63,0.4318181818181818,2.0952380952380953,215.2785516143369,-1,1.0,0.0,0.7272727272727273,0.2727272727272727,0.7692307692307693,0.23076923076923078
7,50,0.86,0.72,0.5434782608695652,2.125,216.82730491679686,-1,1.0,0.0,0.7142857142857143,0.2857142857142857,0.8888888888888888,0.1111111111111111
7,51,0.86,0.66,0.44680851063829785,2.0303030303030303,222.35129047975084,-1,1.0,0.0,0.7368421052631579,0.2631578947368421,0.6153846153846154,0.38461538461538464
7,52,0.8,0.65,0.5333333333333333,2.1846153846153844,204.5631432910351,-1,1.0,0.0,0.8823529411764706,0.11764705882352941,0.7777777777777778,0.2222222222222222
7,53,0.83,0.65,0.5714285714285714,2.4615384615384617,196.78231441655683,-1,1.0,0.0,0.7222222222222222,0.2777777777777778,0.7142857142857143,0.2857142857142857
7,54,0.87,0.69,0.5813953488372093,2.463768115942029,222.52840165155126,2,1.0,0.0,0.7142857142857143,0.2857142857142857,0.8125,0.1875
7,55,0.86,0.71,0.39622641509433965,2.267605633802817,267.3332395731956,-1,1.0,0.0,0.7931034482758621,0.20689655172413793,0.6,0.4
7,56,0.81,0.61,0.6511627906976745,2.8688524590163933,202.05406537860287,-1,1.0,0.0,0.8095238095238095,0.19047619047619047,0.7692307692307693,0.23076923076923078
7,57,0.8,0.59,0.6,2.305084745762712,182.52623016210924,-1,1.0,0.0,0.6153846153846154,0.38461538461538464,0.7,0.3
7,58,0.8,0.65,0.5833333333333334,2.4923076923076923,228.30699674499425,-1,1.0,0.0,0.8461538461538461,0.15384615384615385,0.5294117647058824,0.47058823529411764
7,59,0.84,0.67,0.5,2.3134328358208953,229.71051395535022,-1,1.0,0.0,0.85,0.15,0.5555555555555556,0.4444444444444444
7,60,0.87,0.76,0.5,2.776315789473684,261.3076813064851,-1,1.0,0.0,0.64,0.36,0.85,0.15
7,61,0.86,0.59,0.4782608695652174,2.457627118644068,210.24147150273507,-1,1.0,0.0,0.6842105263157895,0.3157894736842105,0.5882352941176471,0.4117647058823529
7,62,0.87,0.71,0.42857142857142855,2.323943661971831,224.31918060096305,-1,1.0,0.0,0.8214285714285714,0.17857142857142858,0.9333333333333333,0.06666666666666667
7,63,0.86,0.71,0.5306122448979592,2.8309859154929575,219.62257420000014,-1,1.0,0.0,0.9090909090909091,0.09090909090909091,0.5333333333333333,0.4666666666666667
7,64,0.85,0.69,0.5102040816326531,2.3043478260869565,222.60030562873567,-1,1.0,0.0,0.8181818181818182,0.18181818181818182,0.8333333333333334,0.16666666666666666
7,65,0.86,0.73,0.4423076923076923,2.4794520547945207,216.18241547948693,1,1.0,0.0,0.631578947368421,0.3684210526315789,0.7333333333333333,0.26666666666666666
8,0,0.93,0.73,,1.0,202.0,-1,1.0,0.0,0.7368421052631579,0.2631578947368421,0.75,0.25
8,1,0.82,0.69,0.36538461538461536,1.2753623188405796,203.70000000000005,-1,1.0,0.0,0.6666666666666666,0.3333333333333333,0.75,0.25
8,2,0.87,0.72,0.4528301886792453,1.5277777777777777,210.41999999999993,-1,1.0,0.0,0.6666666666666666,0.3333333333333333,0.8461538461538461,0.15384615384615385
8,3,0.84,0.69,0.49122807017543857,1.826086956521739,191.58824999999996,-1,1.0,0.0,0.8,0.2,0.8666666666666667,0.13333333333333333
8,4,0.82,0.71,0.36538461538461536,1.8732394366197183,213.7324875,2,1.0,0.0,0.6363636363636364,0.36363636363636365,0.6428571428571429,0.35714285714285715
8,5,0.87,0.69,0.4583333333333333,1.826086956521739,194.86935562499997,-1,1.0,0.0,0.8571428571428571,0.14285714285714285,0.7272727272727273,0.2727272727272727
8,6,0.85,0.69,0.32,1.6956521739130435,215.50578525000006,-1,1.0,0.0,0.7142857142857143,0.2857142857142857,0.7619047619047619,0.23809523809523808
8,7,0.83,0.65,0.4318181818181818,1.9692307692307693,208.0605200624999,4,1.0,0.0,0.84,0.16,0.6666666666666666,0.3333333333333333
8,8,0.82,0.69,0.46153846153846156,2.1594202898550723,203.49933285937502,-1,1.0,0.0,0.7058823529411765,0.29411764705882354,0.8,0.2
8,9,0.89,0.73,0.4117647058823529,2.095890410958904,201.00280457250003,-1,1.0,0.0,0.8333333333333334,0.16666666666666666,0.8125,0.1875
8,10,0.84,0.65,0.4583333333333333,2.0923076923076924,184.11242111841798,-1,1.0,0.0,0.9473684210526315,0.05263157894736842,0.5454545454545454,0.45454545454545453
8,11,0.83,0.73,0.43137254901960786,2.3424657534246576,204.1476393607383,-1,1.0,0.0,0.7368421052631579,0.2631578947368421,1.0,0.0
8,12,0.92,0.82,0.3548387096774194,2.097560975609756,258.12908783180865,-1,1.0,0.0,0.8148148148148148,0.18518518518518517,0.75,0.25
8,13,0.85,0.59,0.4230769230769231,2.0,192.89106453264787,-1,1.0,0.0,0.7,0.3,0.8181818181818182,0.18181818181818182
8,14,0.84,0.7,0.5853658536585366,2.3,241.77626855474753,-1,1.0,0.0,0.7,0.3,0.7727272727272727,0.22727272727272727
8,15,0.85,0.66,0.41304347826086957,2.090909090909091,219.97649932154602,-1,1.0,0.0,0.8518518518518519,0.14814814814814814,0.75,0.25
8,16,0.83,0.69,0.425531914893617,2.101449275362319,206.93433331993504,-1,1.0,0.0,0.9259259259259259,0.07407407407407407,0.8461538461538461,0.15384615384615385
8,17,0.85,0.68,0.4782608695652174,1.9264705882352942,208.03181395160962,-1,1.0,0.0,0.7222222222222222,0.2777777777777778,0.7142857142857143,0.2857142857142857
8,18,0.85,0.71,0.38,2.211267605633803,224.28881836704977,-1,1.0,0.0,0.9583333333333334,0.041666666666666664,0.4166666666666667,0.5833333333333334
8,19,0.85,0.66,0.5217391304347826,2.196969696969697,187.11990389151646,-1,1.0,0.0,0.9047619047619048,0.09523809523809523,0.9166666666666666,0.08333333333333333
8,20,0.84,0.68,0.45652173913043476,1.8823529411764706,210.73814669147077,-1,1.0,0.0,0.7,0.3,0.6,0.4
8,21,0.81,0.69,0.5,2.130434782608696,242.004671317464,-1,1.0,0.0,0.631578947368421,0.3684210526315789,0.5555555555555556,0.4444444444444444
8,22,0.85,0.68,0.4883720930232558,2.0588235294117645,209.01702199890377,-1,1.0,0.0,0.782608695652174,0.21739130434782608,0.8125,0.1875
8,23,0.85,0.72,0.4117647058823529,2.0,198.585010810962,-1,1.0,0.0,0.8095238095238095,0.19047619047619047,0.8181818181818182,0.18181818181818182
8,24,0.79,0.71,0.3333333333333333,1.7746478873239437,218.51260634580547,-1,1.0,0.0,0.6818181818181818,0.3181818181818182,0.8,0.2
8,25,0.84,0.68,0.4166666666666667,2.2205882352941178,197.98206343894628,-1,1.0,0.0,0.8888888888888888,0.1111111111111111,0.5714285714285714,0.42857142857142855
8,26,0.82,0.66,0.37777777777777777,2.121212121212121,208.99728898952387,-1,1.0,0.0,0.8076923076923077,0.19230769230769232,0.875,0.125
8,27,0.81,0.66,0.5106382978723404,2.196969696969697,234.33395392086933,3,1.0,0.0,0.7692307692307693,0.23076923076923078,0.631578947368421,0.3684210526315789
8,28,0.8,0.61,0.40540540540540543,2.0,223.2040841672079,-1,1.0,0.0,0.8461538461538461,0.15384615384615385,0.5333333333333333,0.4666666666666667
8,29,0.85,0.72,0.38636363636363635,1.5277777777777777,230.69208063397687,-1,1.0,0.0,0.7777777777777778,0.2222222222222222,0.6923076923076923,0.3076923076923077
8,30,0.83,0.66,0.48936170212765956,2.0606060606060606,205.51718851099682,3,1.0,0.0,0.7647058823529411,0.23529411764705882,0.5882352941176471,0.4117647058823529
8,31,0.82,0.67,0.4523809523809524,1.9701492537313432,210.14123138891722,-1,1.0,0.0,0.7222222222222222,0.2777777777777778,0.75,0.25
8,32,0.81,0.74,0.40816326530612246,1.837837837837838,237.44227259238932,-1,1.0,0.0,0.88,0.12,0.625,0.375
8,33,0.83,0.7,0.32,1.9142857142857144,205.1509817367305,-1,1.0,0.0,0.7894736842105263,0.21052631578947367,0.7692307692307693,0.23076923076923078
8,34,0.85,0.71,0.3829787234042553,1.9014084507042253,209.76479601085003,-1,1.0,0.0,0.7368421052631579,0.2631578947368421,0.75,0.25
8,35,0.89,0.66,0.37777777777777777,1.7575757575757576,208.78099519693316,-1,1.0,0.0,1.0,0.0,0.5714285714285714,0.42857142857142855
8,36,0.91,0.79,0.45098039215686275,1.9113924050632911,234.16782182710128,-1,1.0,0.0,0.7894736842105263,0.21052631578947367,0.7058823529411765,0.29411764705882354
8,37,0.75,0.61,0.4375,1.9180327868852458,193.77505789109358,2,1.0,0.0,0.8695652173913043,0.13043478260869565,0.7333333333333333,0.26666666666666666
8,38,0.81,0.61,0.475,1.9344262295081966,214.05869521479312,-1,1.0,0.0,0.6842105263157895,0.3157894736842105,0.7647058823529411,0.23529411764705882
8,39,0.83,0.69,0.4186046511627907,2.0434782608695654,213.31498869435708,-1,1.0,0.0,0.9166666666666666,0.08333333333333333,0.7692307692307693,0.23076923076923078
8,40,0.91,0.77,0.3392857142857143,1.8831168831168832,228.15781231068513,0,1.0,0.0,0.9230769230769231,0.07692307692307693,0.5625,0.4375
8,41,0.87,0.64,0.47058823529411764,1.984375,223.13664135534623,-1,1.0,0.0,0.8461538461538461,0.15384615384615385,0.6875,0.3125
8,42,0.86,0.63,0.45652173913043476,2.1904761904761907,216.79721797774653,-1,1.0,0.0,0.7916666666666666,0.20833333333333334,0.8,0.2
8,43,0.87,0.6,0.46153846153846156,2.283333333333333,200.78784338442804,-1,1.0,0.0,0.8695652173913043,0.13043478260869565,0.5555555555555556,0.4444444444444444
8,44,0.84,0.54,0.47058823529411764,2.388888888888889,172.3774329826192,-1,1.0,0.0,0.8,0.2,0.75,0.25
8,45,0.86,0.71,0.6,2.2816901408450705,241.05523442043153,-1,1.0,0.0,0.75,0.25,0.6666666666666666,0.3333333333333333
8,46,0.8,0.62,0.627906976744186,2.4193548387096775,212.78509613526938,-1,1.0,0.0,0.7619047619047619,0.23809523809523808,0.375,0.625
8,47,0.87,0.68,0.5853658536585366,2.514705882352941,215.51862463098362,-1,1.0,0.0,0.85,0.15,0.8333333333333334,0.16666666666666666
8,48,0.86,0.59,0.4772727272727273,2.5084745762711864,215.86236986655365,4,1.0,0.0,0.8571428571428571,0.14285714285714285,0.6842105263157895,0.3157894736842105
8,49,0.87,0.69,0.38095238095238093,2.2318840579710146,221.9427043361761,-1,1.0,0.0,0.8571428571428571,0.14285714285714285,0.9285714285714286,0.07142857142857142
8,50,0.81,0.63,0.41304347826086957,2.3015873015873014,204.48841656579643,-1,1.0,0.0,0.8695652173913043,0.13043478260869565,0.8181818181818182,0.18181818181818182
8,51,0.87,0.67,0.4772727272727273,1.9104477611940298,226.38979829824802,3,1.0,0.0,0.7307692307692307,0.2692307692307692,0.9473684210526315,0.05263157894736842
8,52,0.79,0.66,0.43478260869565216,2.1515151515151514,219.83497697293208,-1,1.0,0.0,0.7058823529411765,0.29411764705882354,0.7142857142857143,0.2857142857142857
8,53,0.88,0.73,0.3695652173913043,1.9863013698630136,230.3120976828407,4,1.0,0.0,0.7619047619047619,0.23809523809523808,0.7692307692307693,0.23076923076923078
8,54,0.92,0.7,0.34615384615384615,1.8428571428571427,245.55497482558874,-1,1.0,0.0,0.76,0.24,0.7894736842105263,0.21052631578947367
8,55,0.83,0.65,0.45652173913043476,1.8307692307692307,209.1219723773056,-1,1.0,0.0,0.7894736842105263,0.21052631578947367,0.8461538461538461,0.15384615384615385
8,56,0.82,0.61,0.46153846153846156,1.9508196721311475,195.95095606421455,-1,1.0,0.0,0.6470588235294118,0.35294117647058826,0.7777777777777778,0.2222222222222222
8,57,0.71,0.56,0.47368421052631576,2.3392857142857144,185.4680003286154,-1,1.0,0.0,0.85,0.15,0.8333333333333334,0.16666666666666666
8,58,0.84,0.68,0.375,2.25,223.54310854413865,4,1.0,0.0,0.6875,0.3125,0.75,0.25
8,59,0.85,0.71,0.3584905660377358,1.7464788732394365,234.00318918453178,-1,1.0,0.0,0.8,0.2,0.6875,0.3125
8,60,0.8,0.63,0.4318181818181818,1.9206349206349207,217.64365884358529,-1,1.0,0.0,0.8695652173913043,0.13043478260869565,0.8461538461538461,0.15384615384615385
8,61,0.82,0.63,0.5365853658536586,2.4126984126984126,219.91727259417559,-1,1.0,0.0,0.9047619047619048,0.09523809523809523,0.6875,0.3125
8,62,0.87,0.65,0.38636363636363635,2.3076923076923075,213.96139902653823,-1,1.0,0.0,0.875,0.125,0.8461538461538461,0.15384615384615385
8,63,0.78,0.7,0.391304347826087,2.0,231.5937978501234,-1,1.0,0.0,0.8666666666666667,0.13333333333333333,0.75,0.25
8,64,0.86,0.59,0.4418604651162791,2.23728813559322,187.19991714541644,-1,1.0,0.0,1.0,0.0,0.7272727272727273,0.2727272727272727
8,65,0.91,0.68,0.6097560975609756,2.25,225.91196225842538,-1,1.0,0.0,0.9545454545454546,0.045454545454545456,0.75,0.25
9,0,0.87,0.67,,1.0,190.0,-1,1.0,0.0,0.6842105263157895,0.3157894736842105,0.7272727272727273,0.2727272727272727
9,1,0.88,0.67,0.3829787234042553,1.2686567164179106,197.40000000000006,-1,1.0,0.0,0.7777777777777778,0.2222222222222222,0.7142857142857143,0.2857142857142857
9,2,0.9,0.7,0.4583333333333333,1.457142857142857,227.74499999999992,-1,1.0,0.0,0.7727272727272727,0.22727272727272727,0.7368421052631579,0.2631578947368421
9,3,0.82,0.62,0.4318181818181818,1.532258064516129,195.934725,4,1.0,0.0,0.75,0.25,0.5833333333333334,0.4166666666666667
9,4,0.82,0.65,0.28205128205128205,1.4461538461538461,211.63038750000004,-1,1.0,0.0,0.7,0.3,0.7142857142857143,0.2857142857142857
9,5,0.87,0.64,0.4222222222222222,1.71875,184.24235812499992,-1,1.0,0.0,0.875,0.125,0.9,0.1
9,6,0.85,0.68,0.38636363636363635,1.6470588235294117,227.4055363124999,3,1.0,0.0,0.5909090909090909,0.4090909090909091,0.6111111111111112,0.3888888888888889
9,7,0.86,0.73,0.39215686274509803,1.8082191780821917,218.44367212499992,-1,1.0,0.0,0.6363636363636364,0.36363636363636365,0.8,0.2
9,8,0.86,0.74,0.38461538461538464,1.7432432432432432,229.51076006249986,-1,1.0,0.0,0.8888888888888888,0.1111111111111111,0.5789473684210527,0.42105263157894735
9,9,0.81,0.68,0.3584905660377358,1.7352941176470589,197.71715515781247,2,1.0,0.0,0.7391304347826086,0.2608695652173913,0.6666666666666666,0.3333333333333333
9,10,0.87,0.66,0.3333333333333333,1.7121212121212122,221.2533210234375,-1,1.0,0.0,0.7916666666666666,0.20833333333333334,0.7222222222222222,0.2777777777777778
9,11,0.86,0.71,0.45098039215686275,1.7746478873239437,204.68191480734376,4,1.0,0.0,0.88,0.12,0.8461538461538461,0.15384615384615385
9,12,0.83,0.7,0.43137254901960786,1.7714285714285714,225.27876805875005,2,1.0,0.0,0.7083333333333334,0.2916666666666667,0.6,0.4
9,13,0.84,0.73,0.4,1.7945205479452055,213.40078704566014,-1,1.0,0.0,0.6666666666666666,0.3333333333333333,0.625,0.375
9,14,0.82,0.74,0.5,1.945945945945946,214.18690693841194,-1,1.0,0.0,0.95,0.05,0.7142857142857143,0.2857142857142857
9,15,0.87,0.71,0.4423076923076923,2.0985915492957745,208.0889345198056,-1,1.0,0.0,0.7,0.3,0.9230769230769231,0.07692307692307693
9,16,0.81,0.67,0.4489795918367347,2.1791044776119404,186.89233719656147,-1,1.0,0.0,0.8888888888888888,0.1111111111111111,0.875,0.125
9,17,0.83,0.65,0.4523809523809524,2.123076923076923,199.98446851589824,-1,1.0,0.0,0.7,0.3,0.6,0.4
9,18,0.76,0.65,0.5,2.1846153846153844,194.3742555448124,-1,1.0,0.0,0.8421052631578947,0.15789473684210525,0.7857142857142857,0.21428571428571427
9,19,0.83,0.61,0.43902439024390244,2.0,194.5286934028917,-1,1.0,0.0,0.6923076923076923,0.3076923076923077,0.7058823529411765,0.29411764705882354
9,20,0.77,0.63,0.35,1.507936507936508,201.8677350243016,-1,1.0,0.0,0.7,0.3,0.6363636363636364,0.36363636363636365
9,21,0.78,0.6,0.3076923076923077,1.8833333333333333,160.37281604564558,-1,1.0,0.0,0.8333333333333334,0.16666666666666666,0.8181818181818182,0.18181818181818182
9,22,0.89,0.79,0.391304347826087,1.860759493670886,220.8290195442653,-1,1.0,0.0,0.9259259259259259,0.07407407407407407,0.8181818181818182,0.18181818181818182
9,23,0.88,0.68,0.43137254901960786,1.9411764705882353,217.7069766913344,-1,1.0,0.0,0.782608695652174,0.21739130434782608,0.75,0.25
9,24,0.84,0.65,0.3181818181818182,1.8461538461538463,201.06749355123574,-1,1.0,0.0,0.85,0.15,0.6666666666666666,0.3333333333333333
9,25,0.88,0.69,0.4,1.7826086956521738,220.32248084011684,-1,1.0,0.0,0.8095238095238095,0.19047619047619047,0.7647058823529411,0.23529411764705882
9,26,0.88,0.7,0.5416666666666666,2.0285714285714285,216.2622249104609,-1,1.0,0.0,0.8,0.2,0.75,0.25
9,27,0.79,0.63,0.45454545454545453,2.126984126984127,186.0613221422775,-1,1.0,0.0,0.5833333333333334,0.4166666666666667,0.6666666666666666,0.3333333333333333
9,28,0.85,0.72,0.35714285714285715,1.7777777777777777,231.55482251667283,-1,1.0,0.0,0.7,0.3,0.8333333333333334,0.16666666666666666
9,29,0.84,0.7,0.54,2.2714285714285714,214.8292112627126,-1,1.0,0.0,0.8125,0.1875,0.6666666666666666,0.3333333333333333
9,30,0.85,0.73,0.40384615384615385,2.191780821917808,213.60202214406,-1,1.0,0.0,0.8148148148148148,0.18518518518518517,0.8181818181818182,0.18181818181818182
9,31,0.84,0.67,0.3137254901960784,1.9253731343283582,202.1084810107084,-1,1.0,0.0,0.8421052631578947,0.15789473684210525,0.75,0.25
9,32,0.88,0.73,0.38,1.6986301369863013,230.37920406329238,-1,1.0,0.0,0.7619047619047619,0.23809523809523808,0.5833333333333334,0.4166666666666667
9,33,0.86,0.72,0.3148148148148148,1.7777777777777777,223.145982377293,-1,1.0,0.0,0.8571428571428571,0.14285714285714285,0.6153846153846154,0.38461538461538464
9,34,0.87,0.71,0.5918367346938775,2.056338028169014,210.83705238454684,-1,1.0,0.0,0.6666666666666666,0.3333333333333333,0.75,0.25
9,35,0.84,0.66,0.4489795918367347,1.9848484848484849,202.8277332761471,-1,1.0,0.0,0.7619047619047619,0.23809523809523808,0.75,0.25
9,36,0.86,0.71,0.425531914893617,2.0140845070422535,222.9111107574445,4,1.0,0.0,0.631578947368421,0.3684210526315789,0.7,0.3
9,37,0.86,0.72,0.35185185185185186,1.9444444444444444,193.56454680799987,0,1.0,0.0,0.8095238095238095,0.19047619047619047,0.7857142857142857,0.21428571428571427
9,38,0.84,0.72,0.52,2.013888888888889,227.4688301280278,-1,1.0,0.0,0.7142857142857143,0.2857142857142857,0.8,0.2
9,39,0.87,0.68,0.46,2.0441176470588234,200.5138948421183,-1,1.0,0.0,0.5625,0.4375,0.8888888888888888,0.1111111111111111
9,40,0.85,0.69,0.4583333333333333,1.8695652173913044,220.64864984647977,-1,1.0,0.0,0.7777777777777778,0.2222222222222222,0.6428571428571429,0.35714285714285715
9,41,0.86,0.74,0.39215686274509803,2.189189189189189,221.16612262827692,-1,1.0,0.0,0.7272727272727273,0.2727272727272727,1.0,0.0
9,42,0.85,0.69,0.47058823529411764,2.3768115942028984,189.369784710379,-1,1.0,0.0,0.85,0.15,0.7,0.3
9,43,0.84,0.62,0.43478260869565216,2.129032258064516,184.63348948180794,1,1.0,0.0,0.6666666666666666,0.3333333333333333,0.75,0.25
9,44,0.88,0.72,0.4897959183673469,1.8472222222222223,213.32871855125993,-1,1.0,0.0,0.9130434782608695,0.08695652173913043,0.6875,0.3125
9,45,0.85,0.73,0.43137254901960786,2.041095890410959,214.0482168732434,-1,1.0,0.0,0.9090909090909091,0.09090909090909091,0.6923076923076923,0.3076923076923077
9,46,0.89,0.75,0.5254237288135594,1.9333333333333333,239.54383149829843,-1,1.0,0.0,0.782608695652174,0.21739130434782608,0.6666666666666666,0.3333333333333333
9,47,0.83,0.69,0.5192307692307693,2.217391304347826,208.88086119779493,-1,1.0,0.0,0.8636363636363636,0.13636363636363635,0.8235294117647058,0.17647058823529413
9,48,0.85,0.67,0.4090909090909091,1.955223880597015,186.88437297093427,-1,1.0,0.0,0.8333333333333334,0.16666666666666666,0.8181818181818182,0.18181818181818182
9,49,0.77,0.58,0.32432432432432434,2.2758620689655173,154.23554998681357,1,1.0,0.0,0.6,0.4,0.875,0.125
9,50,0.82,0.69,0.5121951219512195,2.2028985507246377,188.75491631834694,0,1.0,0.0,0.8461538461538461,0.15384615384615385,0.7,0.3
9,51,0.88,0.7,0.56,2.6142857142857143,210.94857574542175,-1,1.0,0.0,0.8095238095238095,0.19047619047619047,0.8,0.2
9,52,0.84,0.63,0.48936170212765956,2.619047619047619,199.70589991531938,-1,1.0,0.0,0.7647058823529411,0.23529411764705882,0.7142857142857143,0.2857142857142857
9,53,0.88,0.65,0.4523809523809524,2.4,174.64919306747169,0,1.0,0.0,0.7333333333333333,0.26666666666666666,0.7692307692307693,0.23076923076923078
9,54,0.83,0.65,0.3111111111111111,1.9076923076923078,187.65242637250665,-1,1.0,0.0,0.6666666666666666,0.3333333333333333,0.8,0.2
9,55,0.78,0.61,0.47619047619047616,2.0491803278688523,206.95220807770022,-1,1.0,0.0,0.6,0.4,0.6666666666666666,0.3333333333333333
9,56,0.86,0.67,0.4318181818181818,2.0597014925373136,181.95039711637253,-1,1.0,0.0,1.0,0.0,0.9333333333333333,0.06666666666666667
9,57,0.84,0.69,0.391304347826087,2.1884057971014492,227.22876627351192,-1,1.0,0.0,0.7,0.3,0.5714285714285714,0.42857142857142855
9,58,0.88,0.71,0.5102040816326531,2.183098591549296,202.54679917872173,-1,1.0,0.0,0.96,0.04,0.6666666666666666,0.3333333333333333
9,59,0.78,0.65,0.4222222222222222,1.876923076923077,201.00487018627152,-1,1.0,0.0,0.6666666666666666,0.3333333333333333,0.7,0.3
9,60,0.89,0.77,0.6122448979591837,2.155844155844156,235.62752824074673,-1,1.0,0.0,0.5714285714285714,0.42857142857142855,0.8235294117647058,0.17647058823529413
9,61,0.82,0.65,0.5,2.123076923076923,191.74084466276088,-1,1.0,0.0,0.8571428571428571,0.14285714285714285,0.75,0.25
9,62,0.84,0.67,0.4222222222222222,2.2238805970149254,207.79161550981956,3,1.0,0.0,0.8214285714285714,0.17857142857142858,0.625,0.375
9,63,0.9,0.7,0.49019607843137253,2.1714285714285713,228.4955104863641,3,1.0,0.0,0.7272727272727273,0.2727272727272727,0.7777777777777778,0.2222222222222222
9,64,0.86,0.68,0.5490196078431373,2.3970588235294117,225.93412437948552,-1,1.0,0.0,0.8333333333333334,0.16666666666666666,0.6923076923076923,0.3076923076923077
9,65,0.86,0.64,0.3333333333333333,1.890625,200.6647569381586,-1,1.0,0.0,0.8571428571428571,0.14285714285714285,0.7857142857142857,0.21428571428571427
10,0,0.82,0.66,,1.0,187.4,3,0.9767441860465116,0.023255813953488372,0.8260869565217391,0.17391304347826086,0.75,0.25
10,1,0.89,0.71,0.42,1.295774647887324,212.10000000000008,-1,1.0,0.0,0.9230769230769231,0.07692307692307693,0.8421052631578947,0.15789473684210525
10,2,0.87,0.68,0.38,1.4558823529411764,214.82999999999996,-1,1.0,0.0,0.7894736842105263,0.21052631578947367,0.45454545454545453,0.5454545454545454
10,3,0.81,0.68,0.4583333333333333,1.6029411764705883,216.13724999999994,-1,1.0,0.0,0.7727272727272727,0.22727272727272727,0.8333333333333334,0.16666666666666666
10,4,0.87,0.61,0.43478260869565216,1.6557377049180328,187.16748749999994,-1,1.0,0.0,0.7692307692307693,0.23076923076923078,0.7894736842105263,0.21052631578947367
10,5,0.94,0.78,0.4583333333333333,1.794871794871795,231.71242500000005,-1,1.0,0.0,0.7368421052631579,0.2631578947368421,0.8,0.2
10,6,0.84,0.69,0.5263157894736842,1.9420289855072463,178.07843812500002,1,1.0,0.0,0.7142857142857143,0.2857142857142857,0.8333333333333334,0.16666666666666666
10,7,0.86,0.73,0.37037037037037035,1.7808219178082192,228.62965584375,-1,1.0,0.0,0.782608695652174,0.21739130434782608,0.6875,0.3125
10,8,0.77,0.67,0.52,1.9104477611940298,184.6848513234375,-1,1.0,0.0,0.8235294117647058,0.17647058823529413,0.6666666666666666,0.3333333333333333
10,9,0.81,0.67,0.46511627906976744,2.0,206.231462915625,-1,1.0,0.0,0.6521739130434783,0.34782608695652173,0.7142857142857143,0.2857142857142857
10,10,0.83,0.69,0.36,1.8405797101449275,208.21525662656245,4,1.0,0.0,0.6666666666666666,0.3333333333333333,0.6363636363636364,0.36363636363636365
10,11,0.87,0.69,0.3877551020408163,1.9420289855072463,180.606071953125,-1,1.0,0.0,0.9230769230769231,0.07692307692307693,1.0,0.0
10,12,0.8,0.58,0.5348837209302325,2.206896551724138,167.94717956296873,-1,1.0,0.0,0.85,0.15,0.8461538461538461,0.15384615384615385
10,13,0.87,0.69,0.40476190476190477,2.0579710144927534,193.43981181656252,-1,1.0,0.0,0.8235294117647058,0.17647058823529413,0.6923076923076923,0.3076923076923077
10,14,0.83,0.67,0.45454545454545453,2.1940298507462686,186.98232821723437,1,1.0,0.0,0.9473684210526315,0.05263157894736842,0.75,0.25
10,15,0.89,0.76,0.3958333333333333,1.8421052631578947,216.0264822979922,-1,1.0,0.0,0.875,0.125,0.8095238095238095,0.19047619047619047
10,16,0.81,0.61,0.4090909090909091,1.9508196721311475,162.06981871744858,-1,1.0,0.0,0.9615384615384616,0.038461538461538464,0.9166666666666666,0.08333333333333333
10,17,0.87,0.78,0.56,2.128205128205128,213.75846206672347,-1,1.0,0.0,0.875,0.125,0.8571428571428571,0.14285714285714285
10,18,0.85,0.7,0.44642857142857145,2.142857142857143,211.25641600631954,-1,1.0,0.0,0.9047619047619048,0.09523809523809523,0.7222222222222222,0.2777777777777778
10,19,0.82,0.66,0.55,2.0303030303030303,207.9234549728443,-1,1.0,0.0,0.7727272727272727,0.22727272727272727,0.7857142857142857,0.21428571428571427
10,20,0.79,0.62,0.5476190476190477,2.129032258064516,185.9236845676732,4,0.9761904761904762,0.023809523809523808,0.8125,0.1875,0.6875,0.3125
10,21,0.87,0.74,0.4888888888888889,1.945945945945946,219.79655319533936,-1,1.0,0.0,0.76,0.24,0.8333333333333334,0.16666666666666666
10,22,0.76,0.63,0.4,1.7936507936507937,187.91088090579427,-1,1.0,0.0,0.9090909090909091,0.09090909090909091,0.7,0.3
10,23,0.86,0.72,0.40425531914893614,1.7083333333333333,213.6075519628002,0,1.0,0.0,0.8235294117647058,0.17647058823529413,0.631578947368421,0.3684210526315789
10,24,0.86,0.72,0.5094339622641509,1.8888888888888888,229.27954263762507,-1,1.0,0.0,0.7619047619047619,0.23809523809523808,0.5333333333333333,0.4666666666666667
10,25,0.8,0.71,0.62,2.295774647887324,194.2676845736593,1,1.0,0.0,0.85,0.15,0.6875,0.3125
10,26,0.85,0.7,0.37254901960784315,1.957142857142857,210.104954007223,-1,1.0,0.0,0.7,0.3,0.7272727272727273,0.2727272727272727
10,27,0.85,0.77,0.3090909090909091,1.6753246753246753,228.50391096803116,-1,1.0,0.0,0.7307692307692307,0.2692307692307692,0.8333333333333334,0.16666666666666666
10,28,0.8,0.64,0.3877551020408163,1.96875,195.9711723074876,-1,1.0,0.0,0.7333333333333333,0.26666666666666666,0.8235294117647058,0.17647058823529413
10,29,0.82,0.7,0.43478260869565216,1.9,215.52746953446936,-1,1.0,0.0,0.8571428571428571,0.14285714285714285,0.5454545454545454,0.45454545454545453
10,30,0.87,0.66,0.35555555555555557,1.878787878787879,204.25582432398008,-1,1.0,0.0,0.7222222222222222,0.2777777777777778,0.8235294117647058,0.17647058823529413
10,31,0.85,0.71,0.3191489361702128,1.9154929577464788,231.22831311855737,3,1.0,0.0,0.7307692307692307,0.2692307692307692,0.6470588235294118,0.35294117647058826
10,32,0.87,0.68,0.37254901960784315,1.911764705882353,188.9121363788262,-1,1.0,0.0,0.8947368421052632,0.10526315789473684,0.9,0.1
10,33,0.92,0.72,0.4791666666666667,2.0,210.8675481104719,2,1.0,0.0,0.7142857142857143,0.2857142857142857,0.7857142857142857,0.21428571428571427
10,34,0.81,0.67,0.5319148936170213,1.9850746268656716,201.52354611445932,3,1.0,0.0,0.6521739130434783,0.34782608695652173,0.7,0.3
10,35,0.83,0.65,0.40425531914893614,1.9230769230769231,224.03943756756493,-1,1.0,0.0,0.8,0.2,0.5714285714285714,0.42857142857142855
10,36,0.88,0.75,0.4230769230769231,2.066666666666667,247.02619611886556,3,1.0,0.0,0.7857142857142857,0.21428571428571427,0.5555555555555556,0.4444444444444444
10,37,0.89,0.78,0.49206349206349204,2.1538461538461537,237.74235505904568,-1,1.0,0.0,0.7894736842105263,0.21052631578947367,0.7894736842105263,0.21052631578947367
10,38,0.92,0.8,0.4918032786885246,2.2,235.99114032592053,-1,1.0,0.0,0.8461538461538461,0.15384615384615385,0.8666666666666667,0.13333333333333333
10,39,0.85,0.65,0.5,2.046153846153846,228.7327759517213,-1,1.0,0.0,0.8,0.2,0.6666666666666666,0.3333333333333333
10,40,0.84,0.73,0.40816326530612246,2.164383561643836,226.85401865320674,-1,1.0,0.0,0.8260869565217391,0.17391304347826086,0.8421052631578947,0.15789473684210525
10,41,0.87,0.65,0.2830188679245283,1.8307692307692307,192.5988698614735,-1,1.0,0.0,0.8333333333333334,0.16666666666666666,0.8333333333333334,0.16666666666666666
10,42,0.83,0.61,0.5121951219512195,2.180327868852459,189.9971213864007,-1,1.0,0.0,0.6875,0.3125,0.7272727272727273,0.2727272727272727
10,43,0.86,0.74,0.4791666666666667,2.2027027027027026,224.28913320513246,-1,1.0,0.0,0.8846153846153846,0.11538461538461539,0.7857142857142857,0.21428571428571427
10,44,0.85,0.72,0.41818181818181815,2.263888888888889,207.3845156971156,-1,1.0,0.0,0.8,0.2,0.75,0.25
10,45,0.82,0.71,0.5490196078431373,2.492957746478873,210.74999952648946,-1,1.0,0.0,0.75,0.25,0.7222222222222222,0.2777777777777778
10,46,0.83,0.74,0.41509433962264153,2.081081081081081,250.98805470483126,-1,1.0,0.0,0.6521739130434783,0.34782608695652173,0.5625,0.4375
10,47,0.87,0.64,0.43478260869565216,2.234375,197.59320103129934,-1,1.0,0.0,0.7647058823529411,0.23529411764705882,0.5454545454545454,0.45454545454545453
10,48,0.87,0.7,0.32558139534883723,1.7714285714285714,223.69666310330368,4,1.0,0.0,0.5909090909090909,0.4090909090909091,0.5833333333333334,0.4166666666666667
10,49,0.79,0.66,0.52,1.9696969696969697,194.94600114709948,-1,1.0,0.0,0.8888888888888888,0.1111111111111111,0.7272727272727273,0.2727272727272727
10,50,0.89,0.73,0.5,1.904109589041096,235.76600696692313,-1,1.0,0.0,0.9032258064516129,0.0967741935483871,0.8333333333333334,0.16666666666666666
10,51,0.87,0.71,0.3584905660377358,1.7746478873239437,250.3744664189079,-1,1.0,0.0,0.7142857142857143,0.2857142857142857,0.5333333333333333,0.4666666666666667
10,52,0.81,0.69,0.5,1.9565217391304348,225.36447188655615,-1,1.0,0.0,0.84,0.16,0.7857142857142857,0.21428571428571427
10,53,0.8,0.63,0.35714285714285715,1.6666666666666667,206.39888111454738,-1,1.0,0.0,0.8571428571428571,0.14285714285714285,0.8235294117647058,0.17647058823529413
10,54,0.81,0.6,0.4146341463414634,1.7,189.3061699667559,-1,1.0,0.0,0.8888888888888888,0.1111111111111111,0.6923076923076923,0.3076923076923077
10,55,0.74,0.63,0.46511627906976744,2.0,199.35535800437998,-1,1.0,0.0,0.8235294117647058,0.17647058823529413,0.6153846153846154,0.38461538461538464
10,56,0.9,0.69,0.42857142857142855,1.9710144927536233,216.45482622138627,-1,1.0,0.0,0.7777777777777778,0.2222222222222222,0.7894736842105263,0.21052631578947367
10,57,0.83,0.64,0.4,2.046875,188.92630977610054,-1,1.0,0.0,0.85,0.15,0.8461538461538461,0.15384615384615385
10,58,0.84,0.65,0.5238095238095238,1.9384615384615385,211.4506103529357,-1,1.0,0.0,0.7894736842105263,0.21052631578947367,0.7058823529411765,0.29411764705882354
10,59,0.89,0.73,0.43137254901960786,1.8767123287671232,235.97352689004796,3,1.0,0.0,0.64,0.36,0.75,0.25
10,60,0.79,0.56,0.5238095238095238,2.0714285714285716,198.1580096327055,-1,1.0,0.0,0.75,0.25,0.5625,0.4375
10,61,0.87,0.73,0.5,1.821917808219178,237.12363362955665,-1,1.0,0.0,0.7222222222222222,0.2777777777777778,0.75,0.25
10,62,0.86,0.63,0.4166666666666667,1.7936507936507937,204.75646641383088,-1,1.0,0.0,0.75,0.25,0.6875,0.3125
10,63,0.86,0.66,0.47619047619047616,2.227272727272727,213.2248760488789,-1,1.0,0.0,0.7916666666666666,0.20833333333333334,0.7692307692307693,0.23076923076923078
10,64,0.85,0.62,0.391304347826087,1.967741935483871,199.35771066938844,2,1.0,0.0,0.6111111111111112,0.3888888888888889,0.6923076923076923,0.3076923076923077
10,65,0.88,0.74,0.3333333333333333,1.662162162162162,218.18036424835424,1,1.0,0.0,0.8928571428571429,0.10714285714285714,0.6666666666666666,0.3333333333333333
11,0,0.8,0.59,,1.0,186.0,-1,1.0,0.0,0.8888888888888888,0.1111111111111111,0.7368421052631579,0.2631578947368421
11,1,0.89,0.64,0.4523809523809524,1.296875,191.10000000000005,-1,1.0,0.0,0.9,0.1,0.6666666666666666,0.3333333333333333
11,2,0.87,0.64,0.5,1.453125,205.37999999999997,-1,1.0,0.0,0.7368421052631579,0.2631578947368421,0.625,0.375
11,3,0.81,0.6,0.3333333333333333,1.5166666666666666,196.50749999999996,-1,1.0,0.0,0.8421052631578947,0.15789473684210525,0.46153846153846156,0.5384615384615384
11,4,0.78,0.63,0.42857142857142855,1.5714285714285714,188.44297499999996,-1,1.0,0.0,0.8235294117647058,0.17647058823529413,0.8,0.2
11,5,0.87,0.66,0.4318181818181818,1.696969696969697,191.42699624999997,4,1.0,0.0,0.8421052631578947,0.15789473684210525,0.7142857142857143,0.2857142857142857
11,6,0.8,0.67,0.4634146341463415,1.8208955223880596,181.05414599999997,4,1.0,0.0,0.85,0.15,0.7272727272727273,0.2727272727272727
11,7,0.81,0.62,0.4418604651162791,1.8225806451612903,171.27915656250005,0,1.0,0.0,0.7916666666666666,0.20833333333333334,0.75,0.25
11,8,0.87,0.74,0.2978723404255319,1.7027027027027026,224.59071600000004,-1,1.0,0.0,0.8620689655172413,0.13793103448275862,0.4444444444444444,0.5555555555555556
11,9,0.78,0.62,0.45652173913043476,1.7903225806451613,183.1009008740625,0,1.0,0.0,0.7619047619047619,0.23809523809523808,0.6428571428571429,0.35714285714285715
11,10,0.88,0.73,0.4166666666666667,1.7671232876712328,213.7329020974218,-1,1.0,0.0,0.9166666666666666,0.08333333333333333,0.7647058823529411,0.23529411764705882
11,11,0.84,0.63,0.43478260869565216,1.873015873015873,189.13499687643747,-1,1.0,0.0,0.9333333333333333,0.06666666666666667,0.9285714285714286,0.07142857142857142
11,12,0.81,0.71,0.32608695652173914,1.7464788732394365,213.29053910940232,-1,1.0,0.0,0.8235294117647058,0.17647058823529413,0.8333333333333334,0.16666666666666666
11,13,0.87,0.71,0.3541666666666667,1.8450704225352113,216.27271836031642,-1,1.0,0.0,0.7222222222222222,0.2777777777777778,0.8333333333333334,0.16666666666666666
11,14,0.82,0.68,0.4074074074074074,1.8970588235294117,197.72087029840193,-1,1.0,0.0,0.8333333333333334,0.16666666666666666,0.5714285714285714,0.42857142857142855
11,15,0.81,0.64,0.4666666666666667,1.734375,218.983130963383,-1,1.0,0.0,0.8,0.2,0.6666666666666666,0.3333333333333333
11,16,0.86,0.73,0.4782608695652174,1.917808219178082,209.43014728664355,-1,1.0,0.0,0.8235294117647058,0.17647058823529413,0.6666666666666666,0.3333333333333333
11,17,0.87,0.71,0.52,1.9295774647887325,189.40924547409372,-1,1.0,0.0,0.9473684210526315,0.05263157894736842,0.8461538461538461,0.15384615384615385
11,18,0.85,0.7,0.42,1.8142857142857143,220.6520616513731,-1,1.0,0.0,0.88,0.12,0.5789473684210527,0.42105263157894735
11,19,0.82,0.65,0.40384615384615385,1.7846153846153847,209.5003455054902,-1,1.0,0.0,0.8095238095238095,0.19047619047619047,0.6666666666666666,0.3333333333333333
11,20,0.81,0.59,0.5555555555555556,2.0338983050847457,169.45995701960942,-1,1.0,0.0,0.7368421052631579,0.2631578947368421,0.7777777777777778,0.2222222222222222
11,21,0.81,0.59,0.5135135135135135,2.1016949152542375,189.2406714408054,-1,1.0,0.0,0.7,0.3,0.7272727272727273,0.2727272727272727
11,22,0.85,0.66,0.525,2.257575757575758,214.7239500008851,-1,1.0,0.0,0.7391304347826086,0.2608695652173913,0.6666666666666666,0.3333333333333333
11,23,0.85,0.63,0.4090909090909091,2.142857142857143,188.26429607349192,3,1.0,0.0,0.75,0.25,0.7333333333333333,0.26666666666666666
11,24,0.83,0.66,0.55,2.3484848484848486,182.1537524785363,-1,1.0,0.0,0.9444444444444444,0.05555555555555555,0.8666666666666667,0.13333333333333333
11,25,0.85,0.67,0.4878048780487805,1.8656716417910448,185.57608196453276,-1,1.0,0.0,0.6470588235294118,0.35294117647058826,0.9090909090909091,0.09090909090909091
11,26,0.88,0.68,0.6,2.323529411764706,197.15775532819484,-1,1.0,0.0,0.8421052631578947,0.15789473684210525,0.8461538461538461,0.15384615384615385
11,27,0.78,0.6,0.4523809523809524,2.3,182.63444913093056,-1,1.0,0.0,1.0,0.0,0.5,0.5
11,28,0.84,0.65,0.42105263157894735,2.123076923076923,197.7024835769691,-1,1.0,0.0,0.5625,0.4375,0.8181818181818182,0.18181818181818182
11,29,0.84,0.64,0.4146341463414634,2.0625,191.83189832922164,-1,1.0,0.0,0.7647058823529411,0.23529411764705882,0.6,0.4
11,30,0.89,0.71,0.5434782608695652,2.1971830985915495,197.66095561295776,2,1.0,0.0,0.8333333333333334,0.16666666666666666,0.8461538461538461,0.15384615384615385
11,31,0.89,0.71,0.44,2.352112676056338,202.18332209375114,-1,1.0,0.0,0.8125,0.1875,0.6666666666666666,0.3333333333333333
11,32,0.87,0.67,0.4,2.328358208955224,205.48864342099657,-1,1.0,0.0,0.8125,0.1875,0.6153846153846154,0.38461538461538464
11,33,0.87,0.64,0.42857142857142855,2.1875,208.8927035801839,-1,1.0,0.0,0.8125,0.1875,0.46153846153846156,0.5384615384615384
11,34,0.83,0.69,0.3958333333333333,1.7246376811594204,214.18486430406125,-1,1.0,0.0,0.8571428571428571,0.14285714285714285,0.75,0.25
11,35,0.83,0.7,0.3333333333333333,1.6285714285714286,203.7398194989777,-1,1.0,0.0,0.875,0.125,0.7142857142857143,0.2857142857142857
11,36,0.79,0.61,0.3191489361702128,1.6065573770491803,198.25567865991525,-1,1.0,0.0,0.631578947368421,0.3684210526315789,0.6,0.4
11,37,0.89,0.64,0.375,1.953125,218.3217583182378,-1,1.0,0.0,0.7083333333333334,0.2916666666666667,0.7647058823529411,0.23529411764705882
11,38,0.9,0.65,0.5121951219512195,2.123076923076923,199.29735122356527,-1,1.0,0.0,0.9565217391304348,0.043478260869565216,0.7333333333333333,0.26666666666666666
11,39,0.87,0.72,0.4375,2.0277777777777777,250.34808116834586,-1,1.0,0.0,0.7272727272727273,0.2727272727272727,0.5882352941176471,0.4117647058823529
11,40,0.87,0.73,0.4909090909090909,2.0273972602739727,233.53600359458588,4,1.0,0.0,0.76,0.24,0.6666666666666666,0.3333333333333333
11,41,0.85,0.73,0.5471698113207547,2.4657534246575343,225.37642297838016,-1,1.0,0.0,0.75,0.25,0.6666666666666666,0.3333333333333333
11,42,0.92,0.65,0.5102040816326531,2.1846153846153844,191.4856618466823,2,1.0,0.0,0.7058823529411765,0.29411764705882354,0.7857142857142857,0.21428571428571427
11,43,0.85,0.74,0.4583333333333333,2.108108108108108,245.83565469909485,-1,1.0,0.0,0.55,0.45,0.7333333333333333,0.26666666666666666
11,44,0.79,0.66,0.5208333333333334,2.3636363636363638,205.05530658899036,-1,1.0,0.0,0.5882352941176471,0.4117647058823529,0.6923076923076923,0.3076923076923077
11,45,0.86,0.7,0.26666666666666666,1.8142857142857143,241.089963263892,-1,1.0,0.0,0.8,0.2,0.6842105263157895,0.3157894736842105
11,46,0.86,0.65,0.37254901960784315,2.1076923076923078,193.12086630805038,4,1.0,0.0,0.782608695652174,0.21739130434782608,0.7857142857142857,0.21428571428571427
11,47,0.81,0.64,0.37209302325581395,1.890625,206.00556736066238,-1,1.0,0.0,0.7142857142857143,0.2857142857142857,0.6470588235294118,0.35294117647058826
11,48,0.83,0.67,0.425,2.014925373134328,197.77983979666132,-1,1.0,0.0,0.8571428571428571,0.14285714285714285,0.8666666666666667,0.13333333333333333
11,49,0.81,0.68,0.42857142857142855,2.1176470588235294,195.7304765642326,-1,1.0,0.0,0.6923076923076923,0.3076923076923077,0.7857142857142857,0.21428571428571427
11,50,0.87,0.7,0.49019607843137253,2.085714285714286,214.75570744362275,-1,1.0,0.0,0.631578947368421,0.3684210526315789,0.7692307692307693,0.23076923076923078
11,51,0.89,0.71,0.39215686274509803,1.971830985915493,230.53437055454137,-1,1.0,0.0,0.7777777777777778,0.2222222222222222,0.8333333333333334,0.16666666666666666
11,52,0.85,0.73,0.46153846153846156,2.041095890410959,224.46209168405116,2,1.0,0.0,0.6666666666666666,0.3333333333333333,0.7368421052631579,0.2631578947368421
11,53,0.87,0.68,0.4375,2.1323529411764706,207.64739539838945,-1,1.0,0.0,0.8181818181818182,0.18181818181818182,0.5714285714285714,0.42857142857142855
11,54,0.79,0.59,0.4358974358974359,2.0,203.82796257775436,-1,1.0,0.0,0.75,0.25,0.5882352941176471,0.4117647058823529
11,55,0.85,0.62,0.46153846153846156,2.0806451612903225,191.5642229763535,-1,1.0,0.0,0.6842105263157895,0.3157894736842105,0.75,0.25
11,56,0.83,0.69,0.4523809523809524,2.318840579710145,186.1044414353175,1,1.0,0.0,0.7647058823529411,0.23529411764705882,0.8235294117647058,0.17647058823529413
11,57,0.82,0.67,0.3541666666666667,1.8208955223880596,197.21855978814196,-1,1.0,0.0,0.6,0.4,0.7,0.3
11,58,0.84,0.68,0.43478260869565216,2.0,215.0044792977348,-1,1.0,0.0,0.7142857142857143,0.2857142857142857,0.8,0.2
11,59,0.87,0.72,0.425531914893617,1.9722222222222223,225.80683997930572,-1,1.0,0.0,0.76,0.24,0.7142857142857143,0.2857142857142857
11,60,0.91,0.75,0.3333333333333333,1.92,224.0404343242665,-1,1.0,0.0,0.7916666666666666,0.20833333333333334,0.6363636363636364,0.36363636363636365
11,61,0.87,0.67,0.5294117647058824,2.328358208955224,211.1557424513253,-1,1.0,0.0,0.7222222222222222,0.2777777777777778,0.6666666666666666,0.3333333333333333
11,62,0.83,0.66,0.4222222222222222,1.9393939393939394,203.06531832672016,-1,1.0,0.0,0.8,0.2,0.875,0.125
11,63,0.88,0.64,0.43478260869565216,1.9375,204.0651367565507,4,1.0,0.0,0.6842105263157895,0.3157894736842105,0.6842105263157895,0.3157894736842105
11,64,0.85,0.73,0.574468085106383,1.9726027397260273,209.56010535426103,-1,1.0,0.0,0.7894736842105263,0.21052631578947367,0.6363636363636364,0.36363636363636365
11,65,0.85,0.64,0.44680851063829785,1.921875,191.30938786750136,-1,1.0,0.0,0.7368421052631579,0.2631578947368421,0.7692307692307693,0.23076923076923078
12,0,0.83,0.69,,1.0,202.0,-1,1.0,0.0,0.6875,0.3125,0.7777777777777778,0.2222222222222222
12,1,0.87,0.72,0.37735849056603776,1.2777777777777777,216.3,-1,1.0,0.0,0.8333333333333334,0.16666666666666666,0.6666666666666666,0.3333333333333333
12,2,0.83,0.62,0.45454545454545453,1.4838709677419355,177.24,-1,1.0,0.0,0.6875,0.3125,0.7,0.3
12,3,0.86,0.68,0.3111111111111111,1.5,217.51274999999998,-1,1.0,0.0,0.84,0.16,0.7222222222222222,0.2777777777777778
12,4,0.85,0.7,0.2978723404255319,1.5285714285714285,200.866575,-1,1.0,0.0,0.7894736842105263,0.21052631578947367,0.8,0.2
12,5,0.82,0.67,0.43478260869565216,1.6417910447761195,193.764375,-1,1.0,0.0,0.7222222222222222,0.2777777777777778,0.8571428571428571,0.14285714285714285
12,6,0.86,0.74,0.45098039215686275,1.8243243243243243,215.05017712500012,2,1.0,0.0,0.76,0.24,0.8,0.2
12,7,0.81,0.69,0.4339622641509434,1.9565217391304348,214.95991958437503,2,1.0,0.0,0.7727272727272727,0.22727272727272727,0.6428571428571429,0.35714285714285715
12,8,0.79,0.6,0.4090909090909091,1.9666666666666666,177.608615625,-1,1.0,0.0,0.9,0.1,0.8181818181818182,0.18181818181818182
12,9,0.83,0.64,0.5,1.890625,190.20123143437493,-1,1.0,0.0,0.8148148148148148,0.18518518518518517,0.8181818181818182,0.18181818181818182
12,10,0.78,0.64,0.4666666666666667,1.953125,171.2743665609374,-1,1.0,0.0,0.9047619047619048,0.09523809523809523,0.8333333333333334,0.16666666666666666
12,11,0.84,0.75,0.6444444444444445,2.28,211.33308252656235,-1,1.0,0.0,1.0,0.0,0.6875,0.3125
12,12,0.88,0.68,0.46,2.1029411764705883,184.64532600937503,-1,1.0,0.0,0.92,0.08,0.8181818181818182,0.18181818181818182
12,13,0.84,0.73,0.43137254901960786,2.0821917808219177,220.28950560093753,-1,1.0,0.0,0.8846153846153846,0.11538461538461539,0.6666666666666666,0.3333333333333333
12,14,0.84,0.68,0.375,2.0441176470588234,204.45052116160548,-1,1.0,0.0,0.8947368421052632,0.10526315789473684,0.8,0.2
12,15,0.79,0.64,0.4523809523809524,2.0625,192.08597089844534,-1,1.0,0.0,0.8571428571428571,0.14285714285714285,0.6875,0.3125
12,16,0.88,0.7,0.3181818181818182,1.8142857142857143,227.0824058202329,-1,1.0,0.0,0.6818181818181818,0.3181818181818182,0.6428571428571429,0.35714285714285715
12,17,0.85,0.62,0.45454545454545453,2.0806451612903225,197.43591546851735,-1,1.0,0.0,0.7368421052631579,0.2631578947368421,0.5,0.5
12,18,0.88,0.74,0.4,2.0135135135135136,235.00235525664453,3,1.0,0.0,0.6785714285714286,0.32142857142857145,0.7058823529411765,0.29411764705882354
12,19,0.79,0.63,0.4186046511627907,1.8412698412698412,190.85677933420973,-1,1.0,0.0,0.7142857142857143,0.2857142857142857,0.8,0.2
12,20,0.82,0.66,0.43902439024390244,2.196969696969697,200.8417244497153,-1,1.0,0.0,0.75,0.25,0.4,0.6
12,21,0.84,0.7,0.375,2.1285714285714286,204.39860678753894,1,1.0,0.0,0.7142857142857143,0.2857142857142857,0.6428571428571429,0.35714285714285715
12,22,0.89,0.72,0.5471698113207547,2.2777777777777777,193.15162048325817,2,1.0,0.0,0.8095238095238095,0.19047619047619047,0.6363636363636364,0.36363636363636365
12,23,0.84,0.59,0.4444444444444444,1.9152542372881356,198.9502188960148,-1,1.0,0.0,0.7777777777777778,0.2222222222222222,0.6,0.4
12,24,0.85,0.72,0.34146341463414637,1.9722222222222223,219.44395443701933,-1,1.0,0.0,0.782608695652174,0.21739130434782608,0.8235294117647058,0.17647058823529413
12,25,0.79,0.65,0.391304347826087,2.169230769230769,211.74327553194064,-1,1.0,0.0,0.6,0.4,0.625,0.375
12,26,0.81,0.61,0.3333333333333333,1.721311475409836,187.3557429469493,-1,1.0,0.0,0.8888888888888888,0.1111111111111111,0.5,0.5
12,27,0.82,0.6,0.5365853658536586,2.066666666666667,175.47847819057282,-1,1.0,0.0,0.9444444444444444,0.05555555555555555,0.6363636363636364,0.36363636363636365
12,28,0.86,0.7,0.44680851063829785,2.442857142857143,214.6651802436197,-1,1.0,0.0,0.8095238095238095,0.19047619047619047,0.8,0.2
12,29,0.81,0.64,0.4583333333333333,2.015625,196.22299462094955,-1,1.0,0.0,0.9166666666666666,0.08333333333333333,0.6923076923076923,0.3076923076923077
12,30,0.86,0.7,0.5681818181818182,2.585714285714286,182.220233593722,-1,1.0,0.0,0.9411764705882353,0.058823529411764705,0.8181818181818182,0.18181818181818182
12,31,0.83,0.64,0.4166666666666667,2.375,207.18336366713,2,1.0,0.0,0.6842105263157895,0.3157894736842105,0.6428571428571429,0.35714285714285715
12,32,0.88,0.68,0.4782608695652174,2.4705882352941178,206.71419643805646,-1,1.0,0.0,0.8571428571428571,0.14285714285714285,0.5714285714285714,0.42857142857142855
12,33,0.87,0.68,0.5319148936170213,2.75,190.44437998839436,-1,1.0,0.0,0.782608695652174,0.21739130434782608,0.75,0.25
12,34,0.82,0.67,0.5869565217391305,2.4925373134328357,207.0841631344013,-1,1.0,0.0,0.8,0.2,0.6470588235294118,0.35294117647058826
12,35,0.87,0.65,0.627906976744186,2.8461538461538463,188.60104535024448,0,1.0,0.0,0.7368421052631579,0.2631578947368421,0.6153846153846154,0.38461538461538464
12,36,0.8,0.67,0.46511627906976744,2.5671641791044775,207.56305923454283,-1,1.0,0.0,0.9166666666666666,0.08333333333333333,0.75,0.25
12,37,0.91,0.78,0.48148148148148145,2.2948717948717947,242.13695276014926,-1,1.0,0.0,0.7272727272727273,0.2727272727272727,0.6428571428571429,0.35714285714285715
12,38,0.89,0.72,0.43333333333333335,2.111111111111111,241.20575937474226,-1,1.0,0.0,0.7037037037037037,0.2962962962962963,0.6428571428571429,0.35714285714285715
12,39,0.81,0.68,0.43478260869565216,2.4705882352941178,214.04898600496364,-1,1.0,0.0,0.7368421052631579,0.2631578947368421,0.6923076923076923,0.3076923076923077
12,40,0.83,0.69,0.43478260869565216,2.289855072463768,203.64173593215352,2,1.0,0.0,0.6190476190476191,0.38095238095238093,0.75,0.25
12,41,0.82,0.74,0.41509433962264153,2.108108108108108,235.992571947941,-1,1.0,0.0,0.6363636363636364,0.36363636363636365,0.5,0.5
12,42,0.88,0.73,0.4528301886792453,2.2465753424657535,216.53435291294252,-1,1.0,0.0,0.6956521739130435,0.30434782608695654,0.8333333333333334,0.16666666666666666
12,43,0.88,0.77,0.3448275862068966,2.0779220779220777,230.70953473892,-1,1.0,0.0,0.7727272727272727,0.22727272727272727,0.5384615384615384,0.46153846153846156
12,44,0.86,0.74,0.40350877192982454,1.6216216216216217,230.18151678248628,-1,1.0,0.0,0.8,0.2,0.5714285714285714,0.42857142857142855
12,45,0.82,0.68,0.49056603773584906,1.7352941176470589,216.56493814727153,2,1.0,0.0,0.88,0.12,0.6111111111111112,0.3888888888888889
12,46,0.91,0.76,0.40816326530612246,1.9605263157894737,198.20262976964722,0,1.0,0.0,0.896551724137931,0.10344827586206896,0.7857142857142857,0.21428571428571427
12,47,0.85,0.68,0.4117647058823529,2.0,199.5798140824362,-1,1.0,0.0,0.8260869565217391,0.17391304347826086,0.7857142857142857,0.21428571428571427
12,48,0.84,0.61,0.4418604651162791,2.0491803278688523,161.911874945839,-1,1.0,0.0,0.875,0.125,0.8,0.2
12,49,0.84,0.56,0.47368421052631576,1.9821428571428572,176.1897711456349,-1,1.0,0.0,0.9047619047619048,0.09523809523809523,0.6666666666666666,0.3333333333333333
12,50,0.73,0.65,0.4722222222222222,2.046153846153846,181.28761508578188,-1,1.0,0.0,0.875,0.125,0.8461538461538461,0.15384615384615385
12,51,0.86,0.66,0.41304347826086957,1.9393939393939394,198.38759314127662,-1,1.0,0.0,0.8125,0.1875,0.7333333333333333,0.26666666666666666
12,52,0.84,0.69,0.375,1.8840579710144927,217.62827206931382,-1,1.0,0.0,0.9230769230769231,0.07692307692307693,0.7058823529411765,0.29411764705882354
12,53,0.79,0.66,0.425531914893617,1.6666666666666667,187.44054927811482,-1,1.0,0.0,0.9583333333333334,0.041666666666666664,0.75,0.25
12,54,0.91,0.74,0.44,1.8243243243243243,220.30956653675062,-1,1.0,0.0,0.92,0.08,0.8,0.2
12,55,0.82,0.7,0.36538461538461536,1.8142857142857143,213.56608505234811,0,1.0,0.0,0.84,0.16,0.6875,0.3125
12,56,0.82,0.66,0.4222222222222222,1.7272727272727273,196.24310388659208,2,1.0,0.0,0.7619047619047619,0.23809523809523808,0.5,0.5
12,57,0.87,0.72,0.5714285714285714,2.0972222222222223,212.9716509410537,-1,1.0,0.0,0.8,0.2,0.6,0.4
12,58,0.88,0.77,0.3888888888888889,2.155844155844156,237.49750704321423,-1,1.0,0.0,0.8461538461538461,0.15384615384615385,0.6153846153846154,0.38461538461538464
12,59,0.87,0.67,0.39215686274509803,1.9402985074626866,209.53252884783748,4,1.0,0.0,0.8888888888888888,0.1111111111111111,0.75,0.25
12,60,0.87,0.74,0.4,2.175675675675676,209.02733556549933,-1,1.0,0.0,0.85,0.15,0.6363636363636364,0.36363636363636365
12,61,0.85,0.75,0.5263157894736842,2.4,206.62428416431752,-1,1.0,0.0,0.8181818181818182,0.18181818181818182,0.8333333333333334,0.16666666666666666
12,62,0.87,0.75,0.4,1.9733333333333334,216.54269700667297,-1,1.0,0.0,0.7222222222222222,0.2777777777777778,0.8823529411764706,0.11764705882352941
12,63,0.86,0.72,0.42,2.0833333333333335,223.47434636649618,-1,1.0,0.0,0.6923076923076923,0.3076923076923077,0.6363636363636364,0.36363636363636365
12,64,0.89,0.73,0.28846153846153844,1.8082191780821917,226.73604099904782,3,1.0,0.0,0.8064516129032258,0.1935483870967742,0.6666666666666666,0.3333333333333333
12,65,0.88,0.67,0.46153846153846156,1.9850746268656716,221.68388865342905,-1,1.0,0.0,0.75,0.25,0.4166666666666667,0.5833333333333334
13,0,0.9,0.63,,1.0,178.0,-1,1.0,0.0,0.7916666666666666,0.20833333333333334,0.8333333333333334,0.16666666666666666
13,1,0.83,0.67,0.4772727272727273,1.3134328358208955,174.30000000000007,-1,1.0,0.0,0.8666666666666667,0.13333333333333333,0.8571428571428571,0.14285714285714285
13,2,0.76,0.53,0.4444444444444444,1.509433962264151,161.90999999999994,-1,1.0,0.0,0.8947368421052632,0.10526315789473684,0.7692307692307693,0.23076923076923078
13,3,0.77,0.59,0.45454545454545453,1.694915254237288,178.90424999999996,-1,1.0,0.0,0.7647058823529411,0.23529411764705882,0.8,0.2
13,4,0.88,0.74,0.5434782608695652,1.7702702702702702,206.45257499999997,-1,1.0,0.0,0.8333333333333334,0.16666666666666666,0.6363636363636364,0.36363636363636365
13,5,0.83,0.71,0.49019607843137253,1.732394366197183,198.00699187499998,-1,1.0,0.0,0.8846153846153846,0.11538461538461539,0.6363636363636364,0.36363636363636365
13,6,0.85,0.75,0.35185185185185186,1.6666666666666667,204.10847493749998,-1,1.0,0.0,0.8888888888888888,0.1111111111111111,0.75,0.25
13,7,0.94,0.78,0.5517241379310345,2.08974358974359,235.60170204374998,-1,1.0,0.0,0.7777777777777778,0.2222222222222222,0.7391304347826086,0.2608695652173913
13,8,0.82,0.61,0.3541666666666667,1.6885245901639345,178.91877233671875,-1,1.0,0.0,0.7647058823529411,0.23529411764705882,0.7692307692307693,0.23076923076923078
13,9,0.84,0.63,0.5641025641025641,2.142857142857143,181.75236499448434,-1,1.0,0.0,0.6666666666666666,0.3333333333333333,0.8181818181818182,0.18181818181818182
13,10,0.89,0.72,0.6521739130434783,2.236111111111111,218.8799274403916,-1,1.0,0.0,0.85,0.15,0.7058823529411765,0.29411764705882354
13,11,0.82,0.63,0.46511627906976744,2.253968253968254,201.21352189849483,-1,1.0,0.0,0.7272727272727273,0.2727272727272727,0.75,0.25
13,12,0.88,0.69,0.3409090909090909,1.9710144927536233,221.44506658058845,-1,1.0,0.0,0.8636363636363636,0.13636363636363635,0.6666666666666666,0.3333333333333333
13,13,0.81,0.66,0.4318181818181818,2.1666666666666665,210.50776396071095,-1,1.0,0.0,0.8846153846153846,0.11538461538461539,0.7272727272727273,0.2727272727272727
13,14,0.88,0.73,0.42,1.9726027397260273,233.5006671109182,-1,1.0,0.0,0.8695652173913043,0.13043478260869565,0.6666666666666666,0.3333333333333333
13,15,0.82,0.58,0.5227272727272727,2.1379310344827585,200.13185859760685,4,1.0,0.0,0.7,0.3,0.75,0.25
13,16,0.85,0.66,0.5,2.212121212121212,204.3565959059178,-1,1.0,0.0,0.6842105263157895,0.3157894736842105,0.8461538461538461,0.15384615384615385
13,17,0.89,0.71,0.4489795918367347,2.2816901408450705,208.16873112692682,4,1.0,0.0,0.8,0.2,0.7857142857142857,0.21428571428571427
13,18,0.84,0.67,0.27450980392156865,2.1791044776119404,210.3018133390329,-1,1.0,0.0,0.9047619047619048,0.09523809523809523,0.7058823529411765,0.29411764705882354
13,19,0.81,0.66,0.391304347826087,1.7121212121212122,213.59075363406814,-1,1.0,0.0,0.6818181818181818,0.3181818181818182,0.7692307692307693,0.23076923076923078
13,20,0.86,0.66,0.4186046511627907,1.9696969696969697,180.50996024314338,-1,1.0,0.0,0.8333333333333334,0.16666666666666666,0.9230769230769231,0.07692307692307693
13,21,0.81,0.65,0.38636363636363635,1.8615384615384616,189.88964281251688,-1,1.0,0.0,0.8125,0.1875,0.8125,0.1875
13,22,0.89,0.74,0.4489795918367347,1.945945945945946,213.78240692645085,-1,1.0,0.0,0.8571428571428571,0.14285714285714285,0.5555555555555556,0.4444444444444444
13,23,0.84,0.65,0.46,1.9846153846153847,198.13746626161532,2,1.0,0.0,0.625,0.375,0.7647058823529411,0.23529411764705882
13,24,0.87,0.66,0.4,1.8636363636363635,200.81571099580137,-1,1.0,0.0,0.8571428571428571,0.14285714285714285,0.8,0.2
13,25,0.83,0.61,0.4146341463414634,1.9344262295081966,202.77023714895745,-1,1.0,0.0,0.9,0.1,0.4166666666666667,0.5833333333333334
13,26,0.85,0.61,0.4878048780487805,2.377049180327869,190.93264811669502,-1,1.0,0.0,0.8125,0.1875,0.7142857142857143,0.2857142857142857
13,27,0.82,0.67,0.3902439024390244,1.8656716417910448,205.05852713579125,-1,1.0,0.0,0.6666666666666666,0.3333333333333333,0.75,0.25
13,28,0.88,0.71,0.5,2.140845070422535,232.3094852914102,-1,1.0,0.0,0.8148148148148148,0.18518518518518517,0.7647058823529411,0.23529411764705882
13,29,0.81,0.67,0.4117647058823529,2.0,214.13102220272881,-1,1.0,0.0,0.6842105263157895,0.3157894736842105,0.7647058823529411,0.23529411764705882
13,30,0.75,0.56,0.5142857142857142,2.392857142857143,167.08764049993124,-1,1.0,0.0,0.5833333333333334,0.4166666666666667,0.6666666666666666,0.3333333333333333
13,31,0.88,0.68,0.4857142857142857,2.073529411764706,203.84398468032617,-1,1.0,0.0,0.7222222222222222,0.2777777777777778,0.75,0.25
13,32,0.79,0.63,0.38636363636363635,1.7619047619047619,194.87176878062306,-1,1.0,0.0,0.7368421052631579,0.2631578947368421,0.6,0.4
13,33,0.84,0.66,0.4523809523809524,2.3181818181818183,210.9135956933978,-1,1.0,0.0,0.6521739130434783,0.34782608695652173,0.5555555555555556,0.4444444444444444
13,34,0.9,0.77,0.4230769230769231,2.2467532467532467,235.38456211702407,-1,1.0,0.0,0.8,0.2,0.7647058823529411,0.23529411764705882
13,35,0.8,0.57,0.38636363636363635,1.9824561403508771,180.253035805834,-1,1.0,0.0,0.55,0.45,0.8333333333333334,0.16666666666666666
13,36,0.81,0.61,0.3157894736842105,1.901639344262295,186.70277469502116,-1,1.0,0.0,0.8636363636363636,0.13636363636363635,0.75,0.25
13,37,0.8,0.59,0.3333333333333333,1.9152542372881356,186.88196456009203,-1,1.0,0.0,0.8,0.2,0.5,0.5
13,38,0.78,0.57,0.4594594594594595,2.1578947368421053,187.53328503286406,-1,1.0,0.0,0.7142857142857143,0.2857142857142857,0.6363636363636364,0.36363636363636365
13,39,0.85,0.75,0.3953488372093023,2.08,209.6708156851858,0,1.0,0.0,0.84,0.16,0.7142857142857143,0.2857142857142857
13,40,0.83,0.76,0.543859649122807,2.236842105263158,226.60499602281615,-1,1.0,0.0,0.782608695652174,0.21739130434782608,0.7142857142857143,0.2857142857142857
13,41,0.84,0.67,0.4230769230769231,2.044776119402985,211.17101958619287,-1,1.0,0.0,0.6818181818181818,0.3181818181818182,0.5,0.5
13,42,0.85,0.61,0.3076923076923077,1.7540983606557377,199.4703769714597,-1,1.0,0.0,0.7,0.3,0.7333333333333333,0.26666666666666666
13,43,0.88,0.69,0.4318181818181818,1.7681159420289856,225.36788334161912,-1,1.0,0.0,0.7272727272727273,0.2727272727272727,0.6470588235294118,0.35294117647058826
13,44,0.9,0.79,0.40350877192982454,1.9620253164556962,231.10341098819396,-1,1.0,0.0,0.6842105263157895,0.3157894736842105,0.75,0.25
13,45,0.92,0.75,0.4406779661016949,2.013333333333333,245.93772097041918,-1,1.0,0.0,0.6,0.4,0.7368421052631579,0.2631578947368421
13,46,0.83,0.7,0.48,1.8428571428571427,226.71838554800442,-1,1.0,0.0,0.7272727272727273,0.2727272727272727,0.6428571428571429,0.35714285714285715
13,47,0.92,0.75,0.36538461538461536,1.8933333333333333,239.80713646062418,-1,1.0,0.0,0.7692307692307693,0.23076923076923078,0.7894736842105263,0.21052631578947367
13,48,0.82,0.68,0.4423076923076923,1.8676470588235294,215.77266575519656,-1,1.0,0.0,0.8076923076923077,0.19230769230769232,0.75,0.25
13,49,0.83,0.65,0.4,1.7230769230769232,167.0451337773802,0,1.0,0.0,0.8947368421052632,0.10526315789473684,0.9,0.1
13,50,0.84,0.62,0.375,1.967741935483871,189.72445619102095,-1,1.0,0.0,0.7,0.3,0.7857142857142857,0.21428571428571427
13,51,0.84,0.64,0.47619047619047616,2.03125,178.47358379396178,-1,1.0,0.0,0.7647058823529411,0.23529411764705882,0.7777777777777778,0.2222222222222222
13,52,0.89,0.7,0.5531914893617021,2.1285714285714286,227.64259266066398,-1,1.0,0.0,0.7916666666666666,0.20833333333333334,0.7222222222222222,0.2777777777777778
13,53,0.9,0.77,0.42592592592592593,2.2857142857142856,245.06812285713158,-1,1.0,0.0,0.55,0.45,0.8333333333333334,0.16666666666666666
13,54,0.81,0.61,0.38636363636363635,2.0,202.94988494758803,-1,1.0,0.0,0.7894736842105263,0.21052631578947367,0.7368421052631579,0.2631578947368421
13,55,0.85,0.67,0.3333333333333333,1.7313432835820894,211.47623368923286,2,1.0,0.0,0.8461538461538461,0.15384615384615385,0.8333333333333334,0.16666666666666666
13,56,0.82,0.63,0.4090909090909091,1.8412698412698412,203.82807870321744,-1,1.0,0.0,0.7391304347826086,0.2608695652173913,0.9285714285714286,0.07142857142857142
13,57,0.8,0.69,0.4,2.0434782608695654,220.12274185724644,-1,1.0,0.0,0.6818181818181818,0.3181818181818182,0.7333333333333333,0.26666666666666666
13,58,0.84,0.63,0.47619047619047616,1.8095238095238095,203.28881377545994,-1,1.0,0.0,0.7619047619047619,0.23809523809523808,0.6875,0.3125
13,59,0.82,0.71,0.44680851063829785,2.0422535211267605,223.45796888685948,-1,1.0,0.0,0.6666666666666666,0.3333333333333333,0.6875,0.3125
13,60,0.87,0.69,0.3333333333333333,1.8840579710144927,195.34360490576327,-1,1.0,0.0,0.8947368421052632,0.10526315789473684,0.8125,0.1875
13,61,0.85,0.66,0.3111111111111111,1.7121212121212122,212.50242174076743,-1,1.0,0.0,0.5882352941176471,0.4117647058823529,0.7058823529411765,0.29411764705882354
13,62,0.86,0.67,0.4166666666666667,1.8507462686567164,208.33657115908807,-1,1.0,0.0,0.8421052631578947,0.15789473684210525,0.6,0.4
13,63,0.85,0.73,0.391304347826087,1.917808219178082,212.371696328389,-1,1.0,0.0,0.6818181818181818,0.3181818181818182,0.9230769230769231,0.07692307692307693
13,64,0.87,0.71,0.41818181818181815,2.056338028169014,200.2051971457127,-1,1.0,0.0,0.7058823529411765,0.29411764705882354,0.5833333333333334,0.4166666666666667
13,65,0.78,0.63,0.5348837209302325,1.9682539682539681,202.53766594019268,-1,1.0,0.0,0.6666666666666666,0.3333333333333333,0.5454545454545454,0.45454545454545453
14,0,0.82,0.61,,1.0,177.0,4,1.0,0.0,0.75,0.25,0.75,0.25
14,1,0.84,0.59,0.4358974358974359,1.2881355932203389,186.69000000000005,2,1.0,0.0,0.7916666666666666,0.20833333333333334,0.6153846153846154,0.38461538461538464
14,2,0.89,0.72,0.4186046511627907,1.4166666666666667,205.06499999999994,-1,1.0,0.0,0.8846153846153846,0.11538461538461539,0.7857142857142857,0.21428571428571427
14,3,0.87,0.74,0.4,1.4594594594594594,219.1035,-1,1.0,0.0,0.88,0.12,0.6875,0.3125
14,4,0.88,0.73,0.4117647058823529,1.643835616438356,206.54628750000003,-1,1.0,0.0,0.95,0.05,0.7647058823529411,0.23529411764705882
14,5,0.87,0.74,0.42592592592592593,1.6081081081081081,199.41138,2,1.0,0.0,0.85,0.15,0.8,0.2
14,6,0.83,0.61,0.3181818181818182,1.7049180327868851,187.34993353125003,-1,1.0,0.0,0.7894736842105263,0.21052631578947367,0.7142857142857143,0.2857142857142857
14,7,0.84,0.65,0.47619047619047616,1.8153846153846154,192.18846839062502,-1,1.0,0.0,0.9090909090909091,0.09090909090909091,0.7857142857142857,0.21428571428571427
14,8,0.77,0.6,0.47619047619047616,1.8333333333333333,165.50619684539063,-1,1.0,0.0,0.8333333333333334,0.16666666666666666,0.7857142857142857,0.21428571428571427
14,9,0.79,0.65,0.3902439024390244,1.8461538461538463,183.63805146323438,-1,1.0,0.0,0.8823529411764706,0.11764705882352941,0.5,0.5
14,10,0.89,0.68,0.4878048780487805,1.9558823529411764,224.8192247364,4,1.0,0.0,0.7241379310344828,0.27586206896551724,0.8,0.2
14,11,0.88,0.75,0.46296296296296297,2.066666666666667,222.34215754929198,-1,1.0,0.0,0.7,0.3,0.7333333333333333,0.26666666666666666
14,12,0.84,0.72,0.4444444444444444,2.0833333333333335,220.66105573147783,-1,1.0,0.0,0.8571428571428571,0.14285714285714285,0.6470588235294118,0.35294117647058826
14,13,0.75,0.63,0.5,2.0476190476190474,201.1383088130348,-1,1.0,0.0,0.8947368421052632,0.10526315789473684,0.5,0.5
14,14,0.9,0.64,0.4523809523809524,2.078125,178.43765333548592,-1,1.0,0.0,0.8947368421052632,0.10526315789473684,0.5555555555555556,0.4444444444444444
14,15,0.86,0.7,0.30434782608695654,1.8714285714285714,217.75506324528095,-1,1.0,0.0,0.85,0.15,0.5,0.5
14,16,0.85,0.71,0.44,2.112676056338028,193.95872395039208,2,1.0,0.0,0.88,0.12,0.8666666666666667,0.13333333333333333
14,17,0.92,0.76,0.4444444444444444,2.236842105263158,223.20049691960705,-1,1.0,0.0,0.8636363636363636,0.13636363636363635,0.75,0.25
14,18,0.79,0.68,0.4909090909090909,2.1029411764705883,193.2682725779759,-1,1.0,0.0,0.9565217391304348,0.043478260869565216,0.7857142857142857,0.21428571428571427
14,19,0.89,0.72,0.46296296296296297,2.0833333333333335,213.88172759871222,-1,1.0,0.0,0.8846153846153846,0.11538461538461539,0.5454545454545454,0.45454545454545453
14,20,0.84,0.7,0.4423076923076923,2.0,193.751446697754,-1,1.0,0.0,0.9,0.1,0.7692307692307693,0.23076923076923078
14,21,0.89,0.75,0.41509433962264153,1.96,222.44977092701126,-1,1.0,0.0,0.88,0.12,0.7333333333333333,0.26666666666666666
14,22,0.83,0.72,0.25925925925925924,1.6388888888888888,198.55915352242081,-1,1.0,0.0,0.8636363636363636,0.13636363636363635,0.7777777777777778,0.2222222222222222
14,23,0.86,0.73,0.46296296296296297,1.904109589041096,229.7580545150459,-1,1.0,0.0,0.6,0.4,0.7142857142857143,0.2857142857142857
14,24,0.88,0.69,0.49019607843137253,2.0869565217391304,200.4884251464519,-1,1.0,0.0,0.85,0.15,0.6363636363636364,0.36363636363636365
14,25,0.78,0.61,0.38636363636363635,1.9180327868852458,176.3077069559589,-1,1.0,0.0,0.8823529411764706,0.11764705882352941,0.7692307692307693,0.23076923076923078
14,26,0.81,0.68,0.6585365853658537,2.1323529411764706,197.07694542262072,-1,1.0,0.0,0.5789473684210527,0.42105263157894735,0.875,0.125
14,27,0.85,0.69,0.36,1.9710144927536233,206.21628619700195,-1,1.0,0.0,0.7222222222222222,0.2777777777777778,0.8,0.2
14,28,0.9,0.73,0.5,2.1506849315068495,234.41189333625178,-1,1.0,0.0,0.85,0.15,0.5333333333333333,0.4666666666666667
14,29,0.87,0.68,0.5208333333333334,2.014705882352941,191.16953712211958,-1,1.0,0.0,0.9411764705882353,0.058823529411764705,0.6,0.4
14,30,0.83,0.66,0.41304347826086957,2.1363636363636362,212.84622860284628,-1,1.0,0.0,0.6818181818181818,0.3181818181818182,0.6363636363636364,0.36363636363636365
14,31,0.88,0.68,0.375,2.073529411764706,208.8801133056738,4,1.0,0.0,0.8846153846153846,0.11538461538461539,0.6153846153846154,0.38461538461538464
14,32,0.86,0.7,0.35294117647058826,1.9285714285714286,219.33715730843318,-1,1.0,0.0,0.7391304347826086,0.2608695652173913,0.7692307692307693,0.23076923076923078
14,33,0.88,0.65,0.3829787234042553,1.9692307692307693,183.78005240367483,2,1.0,0.0,0.7727272727272727,0.22727272727272727,0.7692307692307693,0.23076923076923078
14,34,0.81,0.64,0.40476190476190477,1.875,214.71391714759747,-1,1.0,0.0,0.6,0.4,0.6153846153846154,0.38461538461538464
14,35,0.89,0.68,0.4186046511627907,2.1470588235294117,211.03047141138066,-1,1.0,0.0,0.9285714285714286,0.07142857142857142,0.6470588235294118,0.35294117647058826
14,36,0.82,0.66,0.3953488372093023,1.7575757575757576,211.3560249263747,-1,1.0,0.0,0.7727272727272727,0.22727272727272727,0.8571428571428571,0.14285714285714285
14,37,0.84,0.65,0.4318181818181818,2.076923076923077,221.75468061232147,4,1.0,0.0,0.7777777777777778,0.2222222222222222,0.5625,0.4375
14,38,0.82,0.62,0.5434782608695652,2.193548387096774,213.68831265732405,3,1.0,0.0,0.76,0.24,0.8125,0.1875
14,39,0.92,0.65,0.38095238095238093,1.8,207.37449774928595,-1,1.0,0.0,0.75,0.25,0.8333333333333334,0.16666666666666666
14,40,0.87,0.7,0.4888888888888889,1.9428571428571428,228.1542820489408,-1,1.0,0.0,0.7647058823529411,0.23529411764705882,0.6666666666666666,0.3333333333333333
14,41,0.78,0.61,0.5,1.639344262295082,181.1163991498928,-1,1.0,0.0,0.7222222222222222,0.2777777777777778,0.7777777777777778,0.2222222222222222
14,42,0.81,0.64,0.3333333333333333,1.890625,201.05117184989456,2,1.0,0.0,0.8461538461538461,0.15384615384615385,0.375,0.625
14,43,0.84,0.68,0.4888888888888889,1.8529411764705883,223.15315169516927,-1,1.0,0.0,0.8260869565217391,0.17391304347826086,0.6666666666666666,0.3333333333333333
14,44,0.86,0.65,0.45454545454545453,1.9846153846153847,219.17118442118166,-1,1.0,0.0,0.88,0.12,0.8125,0.1875
14,45,0.86,0.64,0.4186046511627907,2.0,201.01702570520018,3,1.0,0.0,0.7619047619047619,0.23809523809523808,0.7692307692307693,0.23076923076923078
14,46,0.83,0.66,0.5106382978723404,2.0303030303030303,190.66026975762696,1,1.0,0.0,0.8,0.2,0.7857142857142857,0.21428571428571427
14,47,0.87,0.74,0.5106382978723404,1.9324324324324325,202.38198855893717,1,1.0,0.0,0.7727272727272727,0.22727272727272727,0.8,0.2
14,48,0.81,0.65,0.48936170212765956,2.230769230769231,199.79225868623263,-1,1.0,0.0,0.8125,0.1875,0.6,0.4
14,49,0.83,0.71,0.3,1.9859154929577465,216.8959369176241,-1,1.0,0.0,0.95,0.05,0.85,0.15
14,50,0.89,0.75,0.32,1.8533333333333333,239.02320504722675,-1,1.0,0.0,0.7,0.3,0.7333333333333333,0.26666666666666666
14,51,0.75,0.61,0.5227272727272727,1.9508196721311475,178.9394572241764,-1,1.0,0.0,0.9047619047619048,0.09523809523809523,0.7142857142857143,0.2857142857142857
14,52,0.9,0.78,0.5102040816326531,2.0128205128205128,241.64822316308965,-1,1.0,0.0,0.7222222222222222,0.2777777777777778,0.7894736842105263,0.21052631578947367
14,53,0.83,0.7,0.43636363636363634,1.8428571428571427,213.55438056703815,-1,1.0,0.0,0.85,0.15,0.7857142857142857,0.21428571428571427
14,54,0.84,0.63,0.5348837209302325,2.2063492063492065,200.45642444041965,-1,1.0,0.0,0.7894736842105263,0.21052631578947367,0.8125,0.1875
14,55,0.89,0.71,0.3673469387755102,2.0422535211267605,230.7785498129991,-1,1.0,0.0,0.76,0.24,0.6923076923076923,0.3076923076923077
14,56,0.83,0.59,0.4444444444444444,2.169491525423729,194.52969680554887,-1,1.0,0.0,0.96,0.04,0.6363636363636364,0.36363636363636365
14,57,0.89,0.64,0.38636363636363635,1.96875,206.2310129741286,4,1.0,0.0,0.8095238095238095,0.19047619047619047,0.6363636363636364,0.36363636363636365
14,58,0.83,0.65,0.525,2.0307692307692307,220.8233766854278,-1,1.0,0.0,0.7894736842105263,0.21052631578947367,0.5333333333333333,0.4666666666666667
14,59,0.86,0.67,0.6,2.074626865671642,237.48006768002102,-1,1.0,0.0,0.5294117647058824,0.47058823529411764,0.38461538461538464,0.6153846153846154
14,60,0.85,0.6,0.3611111111111111,2.0,206.00121860158907,-1,1.0,0.0,0.7647058823529411,0.23529411764705882,0.7333333333333333,0.26666666666666666
14,61,0.85,0.67,0.42105263157894735,1.9253731343283582,220.26852750787418,-1,1.0,0.0,0.7,0.3,0.6923076923076923,0.3076923076923077
14,62,0.86,0.7,0.48,1.9714285714285715,228.46661412946415,-1,1.0,0.0,0.8636363636363636,0.13636363636363635,0.6428571428571429,0.35714285714285715
14,63,0.81,0.63,0.5,2.0793650793650795,194.34190098268618,-1,1.0,0.0,0.7142857142857143,0.2857142857142857,0.5833333333333334,0.4166666666666667
14,64,0.76,0.55,0.4857142857142857,2.1454545454545455,165.530941708764,-1,1.0,0.0,0.7058823529411765,0.29411764705882354,0.6,0.4
14,65,0.84,0.59,0.3235294117647059,1.6101694915254237,174.59764645673778,2,1.0,0.0,0.9,0.1,0.6666666666666666,0.3333333333333333
15,0,0.88,0.61,,1.0,196.0,-1,1.0,0.0,0.8125,0.1875,0.6363636363636364,0.36363636363636365
15,1,0.85,0.64,0.5116279069767442,1.34375,193.20000000000005,-1,1.0,0.0,0.625,0.375,0.6923076923076923,0.3076923076923077
15,2,0.79,0.67,0.2857142857142857,1.373134328358209,207.37499999999994,-1,1.0,0.0,0.7619047619047619,0.23809523809523808,0.7333333333333333,0.26666666666666666
15,3,0.83,0.62,0.38095238095238093,1.4516129032258065,187.48274999999998,-1,1.0,0.0,0.7647058823529411,0.23529411764705882,0.6153846153846154,0.38461538461538464
15,4,0.83,0.73,0.4666666666666667,1.643835616438356,221.5072125,-1,1.0,0.0,0.7916666666666666,0.20833333333333334,0.75,0.25
15,5,0.86,0.69,0.52,1.7681159420289856,206.05339124999995,-1,1.0,0.0,0.92,0.08,0.5,0.5
15,6,0.84,0.68,0.4166666666666667,1.6470588235294117,216.31484109374998,-1,1.0,0.0,0.85,0.15,0.6666666666666666,0.3333333333333333
15,7,0.84,0.72,0.3404255319148936,1.625,234.81386775,-1,1.0,0.0,0.8695652173913043,0.13043478260869565,0.6666666666666666,0.3333333333333333
15,8,0.82,0.68,0.46938775510204084,1.8235294117647058,195.02361949218744,-1,1.0,0.0,0.8181818181818182,0.18181818181818182,0.8421052631578947,0.15789473684210525
15,9,0.92,0.71,0.3958333333333333,1.704225352112676,214.13097464062497,3,1.0,0.0,0.6923076923076923,0.3076923076923077,0.6666666666666666,0.3333333333333333
15,10,0.82,0.7,0.4074074074074074,1.8857142857142857,176.5168450171875,0,1.0,0.0,0.9047619047619048,0.09523809523809523,0.75,0.25
15,11,0.86,0.71,0.45098039215686275,2.056338028169014,204.31259336249994,4,1.0,0.0,0.7407407407407407,0.25925925925925924,0.9333333333333333,0.06666666666666667
15,12,0.86,0.74,0.4444444444444444,1.7702702702702702,233.29231208226565,-1,1.0,0.0,0.7307692307692307,0.2692307692307692,0.8,0.2
15,13,0.87,0.69,0.46,1.8985507246376812,220.89854781372654,-1,1.0,0.0,0.92,0.08,0.7058823529411765,0.29411764705882354
15,14,0.85,0.68,0.46808510638297873,1.838235294117647,208.6250219660742,-1,1.0,0.0,0.8571428571428571,0.14285714285714285,0.75,0.25
15,15,0.85,0.67,0.3617021276595745,2.1343283582089554,205.8699205540195,-1,1.0,0.0,0.896551724137931,0.10344827586206896,0.7857142857142857,0.21428571428571427
15,16,0.86,0.68,0.5217391304347826,2.25,203.83321334352536,-1,1.0,0.0,0.9047619047619048,0.09523809523809523,0.5384615384615384,0.46153846153846156
15,17,0.84,0.74,0.46153846153846156,1.8783783783783783,212.71709900413302,-1,1.0,0.0,0.8095238095238095,0.19047619047619047,0.8666666666666667,0.13333333333333333
15,18,0.79,0.65,0.3076923076923077,1.7384615384615385,188.62331344163135,-1,1.0,0.0,0.9411764705882353,0.058823529411764705,0.5,0.5
15,19,0.83,0.72,0.4791666666666667,1.9583333333333333,221.08210768921796,-1,1.0,0.0,0.8333333333333334,0.16666666666666666,0.75,0.25
15,20,0.86,0.69,0.4,1.7826086956521738,204.63396960968547,-1,1.0,0.0,0.6842105263157895,0.3157894736842105,0.8,0.2
15,21,0.88,0.71,0.5294117647058824,1.732394366197183,198.29907519023672,2,1.0,0.0,0.7222222222222222,0.2777777777777778,0.8,0.2
15,22,0.91,0.76,0.4444444444444444,2.1315789473684212,220.59255443304198,-1,1.0,0.0,0.6842105263157895,0.3157894736842105,0.7333333333333333,0.26666666666666666
15,23,0.83,0.71,0.41509433962264153,2.084507042253521,204.14124712643059,-1,1.0,0.0,0.8636363636363636,0.13636363636363635,0.6,0.4
15,24,0.79,0.68,0.2553191489361702,1.6323529411764706,209.7003057294016,-1,1.0,0.0,0.896551724137931,0.10344827586206896,0.8235294117647058,0.17647058823529413
15,25,0.87,0.7,0.36,1.8,186.6399505414953,-1,1.0,0.0,1.0,0.0,0.6363636363636364,0.36363636363636365
15,26,0.83,0.74,0.42,1.9864864864864864,231.3183449556259,-1,1.0,0.0,0.75,0.25,0.6842105263157895,0.3157894736842105
15,27,0.81,0.65,0.44680851063829785,1.9538461538461538,177.56926201062842,0,1.0,0.0,0.6956521739130435,0.30434782608695654,0.7777777777777778,0.2222222222222222
15,28,0.88,0.73,0.391304347826087,1.9726027397260273,229.05950561137476,4,1.0,0.0,0.782608695652174,0.21739130434782608,0.7222222222222222,0.2777777777777778
15,29,0.81,0.6,0.4666666666666667,2.1,173.84739306515553,-1,1.0,0.0,0.8,0.2,0.75,0.25
15,30,0.88,0.73,0.3695652173913043,1.8904109589041096,217.74169118420858,-1,1.0,0.0,0.8,0.2,0.6,0.4
15,31,0.83,0.72,0.5185185185185185,2.0,203.64278236087853,-1,1.0,0.0,0.8461538461538461,0.15384615384615385,0.7777777777777778,0.2222222222222222
15,32,0.86,0.64,0.3958333333333333,2.046875,203.8247852199642,-1,1.0,0.0,0.8695652173913043,0.13043478260869565,0.7894736842105263,0.21052631578947367
15,33,0.89,0.73,0.46938775510204084,1.9315068493150684,221.83927654321397,-1,1.0,0.0,0.875,0.125,0.6,0.4
15,34,0.8,0.65,0.4444444444444444,1.8615384615384616,195.5163005351861,-1,1.0,0.0,0.6875,0.3125,0.8125,0.1875
15,35,0.89,0.74,0.4489795918367347,1.945945945945946,233.11417761913867,-1,1.0,0.0,0.7692307692307693,0.23076923076923078,0.7647058823529411,0.23529411764705882
15,36,0.83,0.7,0.34615384615384615,1.7857142857142858,212.09397137073432,-1,1.0,0.0,0.8095238095238095,0.19047619047619047,0.85,0.15
15,37,0.8,0.66,0.5416666666666666,2.378787878787879,187.2944838785439,-1,1.0,0.0,0.9130434782608695,0.08695652173913043,0.6923076923076923,0.3076923076923077
15,38,0.91,0.78,0.47058823529411764,2.0641025641025643,228.19899879193676,2,1.0,0.0,0.8,0.2,0.6666666666666666,0.3333333333333333
15,39,0.84,0.64,0.3269230769230769,2.109375,184.4549988407389,-1,1.0,0.0,0.7058823529411765,0.29411764705882354,0.7142857142857143,0.2857142857142857
15,40,0.85,0.7,0.42857142857142855,1.9142857142857144,204.49277517892324,-1,1.0,0.0,0.8888888888888888,0.1111111111111111,0.6,0.4
15,41,0.84,0.67,0.36,1.9402985074626866,203.1648147789108,-1,1.0,0.0,0.8,0.2,0.7058823529411765,0.29411764705882354
15,42,0.88,0.71,0.3333333333333333,2.0140845070422535,220.99167376193293,-1,1.0,0.0,0.5294117647058824,0.47058823529411764,0.7333333333333333,0.26666666666666666
15,43,0.87,0.69,0.38,1.7826086956521738,214.32173677711236,-1,1.0,0.0,0.8181818181818182,0.18181818181818182,0.6666666666666666,0.3333333333333333
15,44,0.88,0.72,0.34615384615384615,1.7361111111111112,228.45451394396906,-1,1.0,0.0,0.8,0.2,0.5294117647058824,0.47058823529411764
15,45,0.8,0.6,0.4666666666666667,1.7,172.5156714613989,2,1.0,0.0,0.8636363636363636,0.13636363636363635,0.8333333333333334,0.16666666666666666
15,46,0.78,0.64,0.2894736842105263,1.609375,192.2747459303866,-1,1.0,0.0,0.8,0.2,0.5454545454545454,0.45454545454545453
15,47,0.84,0.67,0.5,2.014925373134328,206.30230425970117,-1,1.0,0.0,0.8095238095238095,0.19047619047619047,0.6666666666666666,0.3333333333333333
15,48,0.87,0.72,0.40816326530612246,2.013888888888889,203.4743951016522,-1,1.0,0.0,0.8125,0.1875,0.8125,0.1875
15,49,0.88,0.66,0.5,1.9242424242424243,207.97766513722405,-1,1.0,0.0,0.7894736842105263,0.21052631578947367,0.625,0.375
15,50,0.81,0.7,0.4782608695652174,2.2285714285714286,236.03007920304043,-1,1.0,0.0,0.5555555555555556,0.4444444444444444,0.5,0.5
15,51,0.88,0.69,0.4,2.0869565217391304,220.48257615006415,-1,1.0,0.0,0.8235294117647058,0.17647058823529413,0.6666666666666666,0.3333333333333333
15,52,0.84,0.73,0.425531914893617,2.1232876712328768,236.6795151519303,-1,1.0,0.0,0.7916666666666666,0.20833333333333334,0.5384615384615384,0.46153846153846156
15,53,0.83,0.65,0.3877551020408163,2.230769230769231,189.54880783662497,1,1.0,0.0,0.84,0.16,0.5,0.5
15,54,0.77,0.62,0.475,2.2096774193548385,202.08149176615947,-1,1.0,0.0,0.875,0.125,0.75,0.25
15,55,0.88,0.71,0.37209302325581395,2.0704225352112675,216.76105447198836,-1,1.0,0.0,0.8181818181818182,0.18181818181818182,0.6666666666666666,0.3333333333333333
15,56,0.83,0.68,0.4,2.2058823529411766,197.68363746111243,2,1.0,0.0,0.9090909090909091,0.09090909090909091,0.6470588235294118,0.35294117647058826
15,57,0.83,0.71,0.5192307692307693,2.183098591549296,177.2104459508651,1,1.0,0.0,0.9333333333333333,0.06666666666666667,0.7857142857142857,0.21428571428571427
15,58,0.83,0.64,0.5434782608695652,2.359375,207.3131008458579,-1,1.0,0.0,0.8095238095238095,0.19047619047619047,0.8333333333333334,0.16666666666666666
15,59,0.83,0.67,0.45,2.029850746268657,210.91681012359783,-1,1.0,0.0,0.631578947368421,0.3684210526315789,0.8125,0.1875
15,60,0.82,0.69,0.41304347826086957,1.9565217391304348,230.76245366405112,4,0.9574468085106383,0.0425531914893617,0.7777777777777778,0.2222222222222222,0.46153846153846156,0.5384615384615384
15,61,0.9,0.71,0.3333333333333333,1.8028169014084507,222.11952942924447,-1,1.0,0.0,0.6428571428571429,0.35714285714285715,0.8333333333333334,0.16666666666666666
15,62,0.82,0.7,0.46938775510204084,1.8571428571428572,233.34066456628008,3,1.0,0.0,0.8095238095238095,0.19047619047619047,0.631578947368421,0.3684210526315789
15,63,0.89,0.74,0.45098039215686275,2.054054054054054,192.59924176858422,1,1.0,0.0,0.8,0.2,0.8181818181818182,0.18181818181818182
15,64,0.85,0.66,0.5098039215686274,1.9696969696969697,195.38847734444894,1,1.0,0.0,0.6956521739130435,0.30434782608695654,0.6666666666666666,0.3333333333333333
15,65,0.84,0.61,0.5116279069767442,2.180327868852459,194.7238931852093,-1,1.0,0.0,0.875,0.125,0.7058823529411765,0.29411764705882354
16,0,0.89,0.66,,1.0,196.0,-1,1.0,0.0,0.8095238095238095,0.19047619047619047,0.5714285714285714,0.42857142857142855
16,1,0.89,0.64,0.5,1.328125,182.70000000000002,-1,1.0,0.0,0.95,0.05,0.5454545454545454,0.45454545454545453
16,2,0.81,0.6,0.6428571428571429,1.7166666666666666,167.89499999999995,-1,1.0,0.0,0.9090909090909091,0.09090909090909091,0.625,0.375
16,3,0.85,0.67,0.575,1.8507462686567164,200.19824999999997,-1,1.0,0.0,0.9473684210526315,0.05263157894736842,0.6666666666666666,0.3333333333333333
16,4,0.88,0.71,0.40816326530612246,1.8028169014084507,205.84935000000004,0,1.0,0.0,0.8181818181818182,0.18181818181818182,0.7647058823529411,0.23529411764705882
16,5,0.87,0.74,0.37254901960784315,1.6891891891891893,220.1695768125,4,1.0,0.0,0.92,0.08,0.7857142857142857,0.21428571428571427
16,6,0.88,0.63,0.4166666666666667,1.7777777777777777,193.34983499999998,-1,1.0,0.0,0.7916666666666666,0.20833333333333334,0.8888888888888888,0.1111111111111111
16,7,0.88,0.65,0.43902439024390244,1.9384615384615385,204.76765574999993,-1,1.0,0.0,0.9523809523809523,0.047619047619047616,0.5714285714285714,0.42857142857142855
16,8,0.86,0.67,0.4186046511627907,2.014925373134328,221.3496310823438,4,1.0,0.0,0.8695652173913043,0.13043478260869565,0.6875,0.3125
16,9,0.86,0.69,0.43478260869565216,2.028985507246377,173.61462126093755,1,1.0,0.0,0.8636363636363636,0.13636363636363635,1.0,0.0
16,10,0.75,0.61,0.4772727272727273,1.9836065573770492,186.31666157343756,-1,1.0,0.0,0.8947368421052632,0.10526315789473684,0.8125,0.1875
16,11,0.81,0.55,0.39473684210526316,2.0727272727272728,161.9688710735157,-1,1.0,0.0,0.8666666666666667,0.13333333333333333,0.5,0.5
16,12,0.89,0.72,0.4883720930232558,2.25,207.1069776213047,-1,1.0,0.0,0.95,0.05,0.7142857142857143,0.2857142857142857
16,13,0.82,0.66,0.4528301886792453,2.1363636363636362,196.13930606057812,-1,1.0,0.0,0.9,0.1,0.6363636363636364,0.36363636363636365
16,14,0.84,0.68,0.3409090909090909,2.1029411764705883,210.9546191370288,-1,1.0,0.0,0.75,0.25,0.6363636363636364,0.36363636363636365
16,15,0.88,0.7,0.46,1.8857142857142857,189.85846467705463,-1,1.0,0.0,1.0,0.0,0.8,0.2
16,16,0.89,0.76,0.5283018867924528,1.9078947368421053,225.48942288200405,-1,1.0,0.0,0.9090909090909091,0.09090909090909091,0.8125,0.1875
16,17,0.86,0.72,0.36538461538461536,1.7777777777777777,217.05329719804809,-1,1.0,0.0,0.9565217391304348,0.043478260869565216,0.6875,0.3125
16,18,0.93,0.72,0.42,1.9583333333333333,214.8510132189506,-1,1.0,0.0,0.9565217391304348,0.043478260869565216,0.9047619047619048,0.09523809523809523
16,19,0.8,0.68,0.4117647058823529,1.838235294117647,172.38419720148707,2,1.0,0.0,0.875,0.125,0.9285714285714286,0.07142857142857142
16,20,0.78,0.6,0.2894736842105263,1.6666666666666667,172.66327247161882,-1,1.0,0.0,0.9473684210526315,0.05263157894736842,0.625,0.375
16,21,0.9,0.72,0.4772727272727273,2.013888888888889,228.40339349535856,-1,1.0,0.0,0.9166666666666666,0.08333333333333333,0.7222222222222222,0.2777777777777778
16,22,0.87,0.69,0.48148148148148145,1.9420289855072463,235.43383729613976,-1,1.0,0.0,0.7083333333333334,0.2916666666666667,0.6153846153846154,0.38461538461538464
16,23,0.84,0.69,0.5,2.0144927536231885,209.11511366257142,-1,1.0,0.0,0.9444444444444444,0.05555555555555555,0.6428571428571429,0.35714285714285715
16,24,0.88,0.76,0.46,1.986842105263158,221.38139467059324,-1,1.0,0.0,0.9473684210526315,0.05263157894736842,0.4166666666666667,0.5833333333333334
16,25,0.88,0.71,0.5555555555555556,2.1267605633802815,201.49526572395663,-1,1.0,0.0,0.8461538461538461,0.15384615384615385,0.4166666666666667,0.5833333333333334
16,26,0.82,0.73,0.6326530612244898,2.4657534246575343,218.39873536350893,-1,1.0,0.0,1.0,0.0,0.5625,0.4375
16,27,0.81,0.58,0.2926829268292683,2.1724137931034484,181.80351989217695,-1,1.0,0.0,0.9047619047619048,0.09523809523809523,0.6666666666666666,0.3333333333333333
16,28,0.82,0.65,0.4358974358974359,2.169230769230769,222.1974256224708,-1,1.0,0.0,0.8461538461538461,0.15384615384615385,0.6428571428571429,0.35714285714285715
16,29,0.87,0.72,0.3541666666666667,2.0416666666666665,205.94248097839903,-1,1.0,0.0,0.9523809523809523,0.047619047619047616,0.75,0.25
16,30,0.82,0.66,0.2553191489361702,2.1818181818181817,227.34454283516845,-1,1.0,0.0,0.9090909090909091,0.09090909090909091,0.625,0.375
16,31,0.81,0.62,0.4666666666666667,1.935483870967742,202.96586715428535,4,1.0,0.0,0.7894736842105263,0.21052631578947367,0.8235294117647058,0.17647058823529413
16,32,0.84,0.65,0.30952380952380953,1.8615384615384616,219.13746443059063,-1,1.0,0.0,0.85,0.15,0.75,0.25
16,33,0.88,0.64,0.5,2.328125,224.2194690544194,-1,1.0,0.0,0.9130434782608695,0.08695652173913043,0.6666666666666666,0.3333333333333333
16,34,0.92,0.63,0.43902439024390244,1.9682539682539681,204.73534955679173,-1,1.0,0.0,0.9,0.1,0.8235294117647058,0.17647058823529413
16,35,0.93,0.76,0.5961538461538461,2.710526315789474,244.64599773087122,-1,1.0,0.0,0.9130434782608695,0.08695652173913043,0.625,0.375
16,36,0.83,0.61,0.5777777777777777,2.737704918032787,194.276823718002,-1,1.0,0.0,0.9333333333333333,0.06666666666666667,0.7777777777777778,0.2222222222222222
16,37,0.84,0.71,0.6,2.915492957746479,207.18954198075488,-1,1.0,0.0,0.95,0.05,0.7857142857142857,0.21428571428571427
16,38,0.83,0.64,0.45454545454545453,2.21875,199.58395022861802,1,1.0,0.0,0.875,0.125,0.6875,0.3125
16,39,0.9,0.7,0.391304347826087,2.5428571428571427,208.66329956420302,-1,1.0,0.0,0.8947368421052632,0.10526315789473684,0.5,0.5
16,40,0.83,0.64,0.45652173913043476,2.59375,205.3305460752925,-1,1.0,0.0,0.9130434782608695,0.08695652173913043,0.6153846153846154,0.38461538461538464
16,41,0.85,0.69,0.4186046511627907,2.6231884057971016,213.5372093688902,-1,1.0,0.0,0.8235294117647058,0.17647058823529413,0.6875,0.3125
16,42,0.79,0.65,0.46511627906976744,2.476923076923077,180.17230729695186,0,1.0,0.0,0.8571428571428571,0.14285714285714285,0.7142857142857143,0.2857142857142857
16,43,0.89,0.67,0.46511627906976744,2.656716417910448,203.50333373435285,-1,1.0,0.0,0.6842105263157895,0.3157894736842105,0.8125,0.1875
16,44,0.84,0.64,0.35555555555555557,2.265625,215.59062090235338,-1,1.0,0.0,0.9473684210526315,0.05263157894736842,0.6842105263157895,0.3157894736842105
16,45,0.88,0.68,0.4634146341463415,2.088235294117647,237.52004708068512,-1,1.0,0.0,0.8709677419354839,0.12903225806451613,0.6153846153846154,0.38461538461538464
16,46,0.86,0.65,0.391304347826087,2.353846153846154,209.99935698373605,-1,1.0,0.0,0.9090909090909091,0.09090909090909091,0.625,0.375
16,47,0.86,0.67,0.4782608695652174,2.3134328358208953,217.8730065546114,-1,1.0,0.0,0.8461538461538461,0.15384615384615385,0.5833333333333334,0.4166666666666667
16,48,0.86,0.65,0.46808510638297873,2.6769230769230767,198.66182929212587,-1,1.0,0.0,0.7619047619047619,0.23809523809523808,0.7,0.3
16,49,0.81,0.63,0.45454545454545453,2.142857142857143,214.2080338203123,-1,1.0,0.0,0.65,0.35,0.5384615384615384,0.46153846153846156
16,50,0.83,0.56,0.5,2.125,202.10694109350274,-1,1.0,0.0,0.6666666666666666,0.3333333333333333,0.6666666666666666,0.3333333333333333
16,51,0.79,0.6,0.5135135135135135,2.533333333333333,160.9674910422626,1,1.0,0.0,0.8695652173913043,0.13043478260869565,0.875,0.125
16,52,0.81,0.65,0.43902439024390244,2.246153846153846,197.3473776831084,-1,1.0,0.0,0.875,0.125,0.6666666666666666,0.3333333333333333
16,53,0.85,0.66,0.5454545454545454,2.484848484848485,227.05170835714443,-1,1.0,0.0,0.9047619047619048,0.09523809523809523,0.6,0.4
16,54,0.79,0.52,0.3783783783783784,1.9423076923076923,167.59646320434774,-1,1.0,0.0,0.95,0.05,0.6666666666666666,0.3333333333333333
16,55,0.87,0.7,0.5675675675675675,2.342857142857143,205.65216847580325,-1,1.0,0.0,0.8947368421052632,0.10526315789473684,0.7333333333333333,0.26666666666666666
16,56,0.88,0.65,0.5208333333333334,2.3384615384615386,214.10891538263354,-1,1.0,0.0,0.7777777777777778,0.2222222222222222,0.6842105263157895,0.3157894736842105
16,57,0.81,0.62,0.43902439024390244,2.2419354838709675,178.2856276625507,1,1.0,0.0,0.782608695652174,0.21739130434782608,0.6,0.4
16,58,0.88,0.71,0.5,2.5774647887323945,239.90502589088345,-1,1.0,0.0,0.9259259259259259,0.07407407407407407,0.5882352941176471,0.4117647058823529
16,59,0.83,0.63,0.5869565217391305,2.380952380952381,189.9727821778855,-1,1.0,0.0,0.95,0.05,0.5555555555555556,0.4444444444444444
16,60,0.91,0.68,0.45454545454545453,2.426470588235294,232.4919318791884,-1,1.0,0.0,0.8333333333333334,0.16666666666666666,0.5,0.5
16,61,0.87,0.69,0.4807692307692308,2.4782608695652173,217.8099668709775,1,1.0,0.0,0.8461538461538461,0.15384615384615385,0.6666666666666666,0.3333333333333333
16,62,0.81,0.59,0.5,2.305084745762712,191.1042437147247,-1,1.0,0.0,0.875,0.125,0.6875,0.3125
16,63,0.89,0.72,0.4489795918367347,2.513888888888889,233.59114689757584,-1,1.0,0.0,0.8928571428571429,0.10714285714285714,0.7142857142857143,0.2857142857142857
16,64,0.8,0.61,0.42857142857142855,2.3442622950819674,202.38652431803266,-1,1.0,0.0,0.8846153846153846,0.11538461538461539,0.7857142857142857,0.21428571428571427
16,65,0.88,0.66,0.48936170212765956,2.227272727272727,218.65181801798408,-1,1.0,0.0,0.9285714285714286,0.07142857142857142,0.7647058823529411,0.23529411764705882
17,0,0.85,0.62,,1.0,174.0,-1,1.0,0.0,0.85,0.15,0.8235294117647058,0.17647058823529413
17,1,0.83,0.57,0.41025641025641024,1.280701754385965,174.30000000000004,-1,1.0,0.0,0.9259259259259259,0.07407407407407407,0.5714285714285714,0.42857142857142855
17,2,0.86,0.71,0.4,1.352112676056338,215.98499999999993,-1,1.0,0.0,0.7083333333333334,0.2916666666666667,0.7857142857142857,0.21428571428571427
17,3,0.87,0.72,0.3877551020408163,1.5972222222222223,216.00074999999993,-1,1.0,0.0,0.8214285714285714,0.17857142857142858,0.7692307692307693,0.23076923076923078
17,4,0.87,0.73,0.4716981132075472,1.8630136986301369,208.48826249999993,-1,1.0,0.0,0.8,0.2,0.75,0.25
17,5,0.89,0.74,0.4117647058823529,1.8783783783783783,226.74648937499995,-1,1.0,0.0,0.8260869565217391,0.17391304347826086,0.6153846153846154,0.38461538461538464
17,6,0.84,0.71,0.4444444444444444,1.8169014084507042,226.75289765625004,-1,1.0,0.0,0.8928571428571429,0.10714285714285714,0.7333333333333333,0.26666666666666666
17,7,0.79,0.6,0.4318181818181818,1.9,183.4805692125,-1,1.0,0.0,0.8,0.2,0.5833333333333334,0.4166666666666667
17,8,0.87,0.71,0.3902439024390244,1.8169014084507042,210.20859454218754,4,1.0,0.0,0.7857142857142857,0.21428571428571427,0.7857142857142857,0.21428571428571427
17,9,0.85,0.73,0.4423076923076923,1.904109589041096,196.54082800242188,-1,1.0,0.0,0.7916666666666666,0.20833333333333334,0.6666666666666666,0.3333333333333333
17,10,0.85,0.68,0.44,1.9558823529411764,201.29244712787107,-1,1.0,0.0,0.8095238095238095,0.19047619047619047,0.8421052631578947,0.15789473684210525
17,11,0.81,0.67,0.5384615384615384,2.1492537313432836,205.5450377362799,-1,1.0,0.0,0.8214285714285714,0.17857142857142858,0.7777777777777778,0.2222222222222222
17,12,0.88,0.72,0.37254901960784315,1.8611111111111112,221.7591470615063,-1,1.0,0.0,0.8846153846153846,0.11538461538461539,0.7333333333333333,0.26666666666666666
17,13,0.83,0.71,0.43636363636363634,2.0985915492957745,195.77364583451302,-1,1.0,0.0,0.8421052631578947,0.15789473684210525,0.8333333333333334,0.16666666666666666
17,14,0.84,0.69,0.5531914893617021,2.2753623188405796,235.52396342343175,-1,1.0,0.0,0.7142857142857143,0.2857142857142857,0.5555555555555556,0.4444444444444444
17,15,0.82,0.6,0.5111111111111111,2.216666666666667,187.22431923775326,-1,1.0,0.0,0.6666666666666666,0.3333333333333333,0.8,0.2
17,16,0.88,0.73,0.4186046511627907,2.3698630136986303,211.43763241774946,-1,1.0,0.0,0.7,0.3,0.75,0.25
17,17,0.86,0.72,0.39285714285714285,2.111111111111111,216.67148968114708,-1,1.0,0.0,0.8333333333333334,0.16666666666666666,0.75,0.25
17,18,0.88,0.78,0.43859649122807015,2.1923076923076925,227.47705483068412,-1,1.0,0.0,0.7391304347826086,0.2608695652173913,0.8461538461538461,0.15384615384615385
17,19,0.84,0.66,0.3148148148148148,1.5757575757575757,209.4198364149103,-1,1.0,0.0,0.8095238095238095,0.19047619047619047,0.6470588235294118,0.35294117647058826
17,20,0.85,0.65,0.4318181818181818,1.9846153846153847,194.75015627262874,-1,1.0,0.0,0.7777777777777778,0.2222222222222222,0.7142857142857143,0.2857142857142857
17,21,0.83,0.68,0.4222222222222222,1.8970588235294117,214.99927250675356,-1,1.0,0.0,0.8846153846153846,0.11538461538461539,0.6,0.4
17,22,0.86,0.71,0.3958333333333333,1.8169014084507042,220.7448004387301,-1,1.0,0.0,0.8095238095238095,0.19047619047619047,0.7368421052631579,0.2631578947368421
17,23,0.83,0.72,0.5294117647058824,2.125,186.9642054230994,-1,1.0,0.0,0.8333333333333334,0.16666666666666666,0.7272727272727273,0.2727272727272727
17,24,0.82,0.67,0.40816326530612246,1.8059701492537314,211.46940275553916,-1,1.0,0.0,0.76,0.24,0.75,0.25
17,25,0.82,0.67,0.44680851063829785,2.044776119402985,204.35716351923898,-1,1.0,0.0,0.6666666666666666,0.3333333333333333,0.8,0.2
17,26,0.86,0.75,0.4888888888888889,1.88,219.13631994316347,-1,1.0,0.0,0.6666666666666666,0.3333333333333333,0.8125,0.1875
17,27,0.82,0.71,0.42,1.8450704225352113,212.70648125620022,-1,1.0,0.0,0.7727272727272727,0.22727272727272727,0.7692307692307693,0.23076923076923078
17,28,0.84,0.66,0.42857142857142855,1.8333333333333333,207.69479230474374,-1,1.0,0.0,0.8571428571428571,0.14285714285714285,0.6153846153846154,0.38461538461538464
17,29,0.82,0.65,0.575,2.1538461538461537,186.60418542286126,-1,1.0,0.0,0.9090909090909091,0.09090909090909091,0.75,0.25
17,30,0.81,0.63,0.39473684210526316,1.8095238095238095,184.97313949302898,-1,1.0,0.0,1.0,0.0,0.8,0.2
17,31,0.88,0.75,0.3673469387755102,1.84,234.04256552105443,-1,1.0,0.0,0.782608695652174,0.21739130434782608,0.6923076923076923,0.3076923076923077
17,32,0.89,0.69,0.47058823529411764,2.0144927536231885,215.0529319743159,-1,1.0,0.0,0.8260869565217391,0.17391304347826086,0.7142857142857143,0.2857142857142857
17,33,0.87,0.72,0.47058823529411764,1.7916666666666667,197.85683146591046,0,1.0,0.0,0.9130434782608695,0.08695652173913043,0.7647058823529411,0.23529411764705882
17,34,0.85,0.7,0.36,1.957142857142857,214.64598352599359,2,1.0,0.0,0.8181818181818182,0.18181818181818182,0.6842105263157895,0.3157894736842105
17,35,0.81,0.64,0.43478260869565216,2.3125,203.7126223310364,-1,1.0,0.0,0.8,0.2,0.6923076923076923,0.3076923076923077
17,36,0.82,0.65,0.4358974358974359,2.1846153846153844,211.7698305212562,3,1.0,0.0,0.75,0.25,0.6470588235294118,0.35294117647058826
17,37,0.9,0.68,0.4318181818181818,2.1323529411764706,207.47390499624433,-1,1.0,0.0,0.7894736842105263,0.21052631578947367,0.7142857142857143,0.2857142857142857
17,38,0.86,0.69,0.44680851063829785,2.4782608695652173,201.08743859971864,3,1.0,0.0,0.75,0.25,0.75,0.25
17,39,0.81,0.69,0.4090909090909091,2.318840579710145,226.19778072185736,-1,1.0,0.0,0.6521739130434783,0.34782608695652173,0.8125,0.1875
17,40,0.89,0.81,0.3389830508474576,2.1728395061728394,238.40431452105562,-1,1.0,0.0,0.8846153846153846,0.11538461538461539,0.6923076923076923,0.3076923076923077
17,41,0.86,0.72,0.36666666666666664,1.875,232.0337864183551,-1,1.0,0.0,0.896551724137931,0.10344827586206896,0.7857142857142857,0.21428571428571427
17,42,0.81,0.66,0.46938775510204084,1.9242424242424243,221.2372782956138,-1,1.0,0.0,0.8421052631578947,0.15789473684210525,0.65,0.35
17,43,0.85,0.64,0.48936170212765956,2.109375,200.30943741342588,-1,1.0,0.0,0.8888888888888888,0.1111111111111111,0.8181818181818182,0.18181818181818182
17,44,0.89,0.72,0.48,2.0277777777777777,236.79643217262128,-1,1.0,0.0,0.7142857142857143,0.2857142857142857,0.6470588235294118,0.35294117647058826
17,45,0.85,0.69,0.5471698113207547,2.101449275362319,224.31475793281237,-1,1.0,0.0,0.7272727272727273,0.2727272727272727,0.7777777777777778,0.2222222222222222
17,46,0.88,0.7,0.45454545454545453,1.7428571428571429,211.81638219167564,-1,1.0,0.0,0.5555555555555556,0.4444444444444444,0.7692307692307693,0.23076923076923078
17,47,0.76,0.57,0.4358974358974359,2.3859649122807016,180.64720184876577,-1,1.0,0.0,0.8636363636363636,0.13636363636363635,0.5,0.5
17,48,0.83,0.75,0.35714285714285715,1.8,221.13810841014623,1,1.0,0.0,0.7777777777777778,0.2222222222222222,0.6666666666666666,0.3333333333333333
17,49,0.87,0.68,0.39622641509433965,1.9411764705882353,220.71248858392823,-1,1.0,0.0,0.6842105263157895,0.3157894736842105,0.625,0.375
17,50,0.86,0.68,0.5416666666666666,2.0588235294117645,222.41747685895086,4,1.0,0.0,0.75,0.25,0.6,0.4
17,51,0.84,0.68,0.45652173913043476,2.0294117647058822,205.94654152647408,-1,1.0,0.0,0.7368421052631579,0.2631578947368421,0.7142857142857143,0.2857142857142857
17,52,0.87,0.63,0.4,1.9682539682539681,191.82095932004233,-1,1.0,0.0,0.88,0.12,0.7692307692307693,0.23076923076923078
17,53,0.78,0.56,0.4722222222222222,2.0357142857142856,165.79962179351503,-1,1.0,0.0,0.9473684210526315,0.05263157894736842,0.6666666666666666,0.3333333333333333
17,54,0.9,0.64,0.55,2.34375,224.5267698726111,-1,1.0,0.0,0.6086956521739131,0.391304347826087,0.7222222222222222,0.2777777777777778
17,55,0.83,0.7,0.46808510638297873,2.1,228.7021785757414,2,1.0,0.0,0.7916666666666666,0.20833333333333334,0.7222222222222222,0.2777777777777778
17,56,0.85,0.67,0.3695652173913043,1.9253731343283582,214.67366335175868,-1,1.0,0.0,0.7727272727272727,0.22727272727272727,0.8,0.2
17,57,0.83,0.55,0.3,2.1454545454545455,202.60481651388466,-1,1.0,0.0,0.7727272727272727,0.22727272727272727,0.6666666666666666,0.3333333333333333
17,58,0.74,0.61,0.53125,2.1475409836065573,207.0306998676172,-1,1.0,0.0,0.8636363636363636,0.13636363636363635,0.6428571428571429,0.35714285714285715
17,59,0.82,0.64,0.32432432432432434,1.875,228.7054723008495,-1,1.0,0.0,0.8333333333333334,0.16666666666666666,0.7647058823529411,0.23529411764705882
17,60,0.89,0.64,0.5434782608695652,2.234375,238.29156657588447,-1,1.0,0.0,0.875,0.125,0.5789473684210527,0.42105263157894735
17,61,0.85,0.64,0.5555555555555556,2.171875,222.12568049704157,-1,1.0,0.0,0.875,0.125,0.6428571428571429,0.35714285714285715
17,62,0.84,0.62,0.4634146341463415,2.129032258064516,205.56128470606947,-1,1.0,0.0,0.8095238095238095,0.19047619047619047,0.7857142857142857,0.21428571428571427
17,63,0.83,0.63,0.5121951219512195,2.1904761904761907,204.60427915265848,-1,1.0,0.0,0.7619047619047619,0.23809523809523808,0.6153846153846154,0.38461538461538464
17,64,0.79,0.68,0.5813953488372093,2.5,216.41107298846472,-1,1.0,0.0,0.8,0.2,0.6666666666666666,0.3333333333333333
17,65,0.8,0.64,0.5454545454545454,2.5625,207.65580085660469,-1,1.0,0.0,0.6666666666666666,0.3333333333333333,0.6153846153846154,0.38461538461538464
18,0,0.88,0.62,,1.0,184.0,-1,1.0,0.0,0.9047619047619048,0.09523809523809523,0.6666666666666666,0.3333333333333333
18,1,0.88,0.73,0.2978723404255319,1.1917808219178083,218.40000000000003,-1,1.0,0.0,0.8260869565217391,0.17391304347826086,0.75,0.25
18,2,0.87,0.7,0.37254901960784315,1.4285714285714286,231.5249999999999,-1,1.0,0.0,0.8,0.2,0.7058823529411765,0.29411764705882354
18,3,0.82,0.64,0.37777777777777777,1.546875,193.85257499999994,4,1.0,0.0,0.8571428571428571,0.14285714285714285,0.8125,0.1875
18,4,0.84,0.67,0.45,1.6865671641791045,188.25738749999994,-1,1.0,0.0,0.7058823529411765,0.29411764705882354,0.625,0.375
18,5,0.88,0.76,0.35185185185185186,1.736842105263158,200.13930562500005,1,1.0,0.0,1.0,0.0,0.625,0.375
18,6,0.84,0.65,0.5306122448979592,2.1076923076923078,198.2906060624999,-1,1.0,0.0,0.9130434782608695,0.08695652173913043,0.5,0.5
18,7,0.87,0.77,0.4528301886792453,1.948051948051948,244.54929761718736,-1,1.0,0.0,0.8666666666666667,0.13333333333333333,0.5714285714285714,0.42857142857142855
18,8,0.77,0.62,0.4583333333333333,1.903225806451613,165.29615953593742,-1,1.0,0.0,0.9090909090909091,0.09090909090909091,0.8333333333333334,0.16666666666666666
18,9,0.84,0.67,0.425,1.8208955223880596,196.9543728928125,-1,1.0,0.0,0.8888888888888888,0.1111111111111111,0.6428571428571429,0.35714285714285715
18,10,0.84,0.72,0.5714285714285714,1.9305555555555556,214.9483718822344,-1,1.0,0.0,0.8518518518518519,0.14814814814814814,0.8571428571428571,0.14285714285714285
18,11,0.9,0.76,0.4107142857142857,1.9342105263157894,215.86120833953325,3,1.0,0.0,0.7916666666666666,0.20833333333333334,0.7692307692307693,0.23076923076923078
18,12,0.81,0.59,0.4,1.9830508474576272,176.60594969251179,-1,1.0,0.0,0.9230769230769231,0.07692307692307693,0.42857142857142855,0.5714285714285714
18,13,0.92,0.77,0.43478260869565216,2.051948051948052,200.7743816095665,-1,1.0,0.0,1.0,0.0,0.8,0.2
18,14,0.83,0.73,0.42857142857142855,2.0273972602739727,212.2179117066791,-1,1.0,0.0,0.85,0.15,0.5384615384615384,0.46153846153846156
18,15,0.81,0.72,0.38181818181818183,2.138888888888889,213.5713970982621,-1,1.0,0.0,0.8,0.2,0.5714285714285714,0.42857142857142855
18,16,0.79,0.66,0.4166666666666667,2.272727272727273,189.94243411268505,-1,1.0,0.0,0.9130434782608695,0.08695652173913043,0.7272727272727273,0.2727272727272727
18,17,0.87,0.72,0.5434782608695652,2.3333333333333335,223.87265521830358,-1,1.0,0.0,0.7619047619047619,0.23809523809523808,0.6153846153846154,0.38461538461538464
18,18,0.85,0.68,0.5102040816326531,2.573529411764706,204.03167968321813,1,1.0,0.0,0.9666666666666667,0.03333333333333333,0.6,0.4
18,19,0.87,0.72,0.5510204081632653,2.2083333333333335,244.30262688702982,-1,1.0,0.0,0.75,0.25,0.6428571428571429,0.35714285714285715
18,20,0.85,0.7,0.4423076923076923,2.357142857142857,237.40458512858106,-1,1.0,0.0,0.8461538461538461,0.15384615384615385,0.6,0.4
18,21,0.84,0.62,0.4782608695652174,2.370967741935484,197.37608074436355,-1,1.0,0.0,0.8260869565217391,0.17391304347826086,0.7777777777777778,0.2222222222222222
18,22,0.86,0.71,0.38095238095238093,2.4507042253521125,206.2817934122579,-1,1.0,0.0,0.75,0.25,0.9230769230769231,0.07692307692307693
18,23,0.77,0.64,0.37209302325581395,1.859375,210.6848402770443,-1,1.0,0.0,0.8571428571428571,0.14285714285714285,0.7,0.3
18,24,0.88,0.75,0.4666666666666667,2.013333333333333,228.8957311701331,2,1.0,0.0,0.76,0.24,0.6875,0.3125
18,25,0.8,0.71,0.34615384615384615,1.9577464788732395,222.66879621561284,-1,1.0,0.0,0.8888888888888888,0.1111111111111111,0.6875,0.3125
18,26,0.84,0.74,0.38181818181818183,1.972972972972973,204.3305430455755,0,1.0,0.0,0.7727272727272727,0.22727272727272727,0.7142857142857143,0.2857142857142857
18,27,0.84,0.75,0.5,2.2533333333333334,228.4892558884939,-1,1.0,0.0,0.7692307692307693,0.23076923076923078,0.6666666666666666,0.3333333333333333
18,28,0.81,0.63,0.4,1.8888888888888888,191.34822011812236,-1,1.0,0.0,0.9047619047619048,0.09523809523809523,0.6153846153846154,0.38461538461538464
18,29,0.8,0.69,0.4186046511627907,1.9565217391304348,211.32157392041677,-1,1.0,0.0,0.88,0.12,0.5454545454545454,0.45454545454545453
18,30,0.86,0.72,0.46,2.1666666666666665,226.27474309017643,-1,1.0,0.0,0.88,0.12,0.6666666666666666,0.3333333333333333
18,31,0.78,0.63,0.5652173913043478,2.2857142857142856,196.27413901544912,-1,1.0,0.0,0.9473684210526315,0.05263157894736842,0.5,0.5
18,32,0.85,0.72,0.43478260869565216,2.013888888888889,223.66124203009875,3,1.0,0.0,0.7407407407407407,0.25925925925925924,0.5,0.5
18,33,0.82,0.72,0.42592592592592593,2.125,214.027160182209,-1,1.0,0.0,0.9090909090909091,0.09090909090909091,0.4,0.6
18,34,0.86,0.72,0.46296296296296297,2.263888888888889,237.37361328067777,-1,1.0,0.0,0.84,0.16,0.6666666666666666,0.3333333333333333
18,35,0.87,0.71,0.46,2.1971830985915495,220.62033541568266,3,0.98,0.02,0.7777777777777778,0.2222222222222222,0.9090909090909091,0.09090909090909091
18,36,0.84,0.69,0.5510204081632653,2.4057971014492754,219.78824515686418,-1,1.0,0.0,0.782608695652174,0.21739130434782608,0.7857142857142857,0.21428571428571427
18,37,0.86,0.7,0.4423076923076923,2.142857142857143,216.46262421932215,-1,1.0,0.0,0.9444444444444444,0.05555555555555555,0.8,0.2
18,38,0.85,0.68,0.40816326530612246,2.1323529411764706,232.37340704603437,-1,1.0,0.0,0.8148148148148148,0.18518518518518517,0.7333333333333333,0.26666666666666666
18,39,0.88,0.66,0.3829787234042553,1.9696969696969697,238.11206940203357,-1,1.0,0.0,0.5714285714285714,0.42857142857142855,0.7619047619047619,0.23809523809523808
18,40,0.88,0.71,0.44680851063829785,2.2253521126760565,205.80461999892043,-1,1.0,0.0,0.9047619047619048,0.09523809523809523,0.7692307692307693,0.23076923076923078
18,41,0.83,0.66,0.4375,2.090909090909091,208.00228440430988,-1,1.0,0.0,0.8461538461538461,0.15384615384615385,0.7368421052631579,0.2631578947368421
18,42,0.88,0.74,0.3673469387755102,1.9864864864864864,246.78905012692917,-1,1.0,0.0,0.6363636363636364,0.36363636363636365,0.6666666666666666,0.3333333333333333
18,43,0.86,0.71,0.3888888888888889,2.0140845070422535,226.96002305442957,-1,1.0,0.0,0.8260869565217391,0.17391304347826086,0.7333333333333333,0.26666666666666666
18,44,0.83,0.72,0.49056603773584906,2.388888888888889,230.79403166411785,-1,1.0,0.0,0.9166666666666666,0.08333333333333333,0.6428571428571429,0.35714285714285715
18,45,0.85,0.64,0.42,2.40625,186.28527616722454,0,1.0,0.0,0.9090909090909091,0.09090909090909091,0.6428571428571429,0.35714285714285715
18,46,0.83,0.67,0.3541666666666667,2.1791044776119404,218.06818260619204,-1,1.0,0.0,0.88,0.12,0.8125,0.1875
18,47,0.82,0.63,0.3617021276595745,1.8412698412698412,183.36220739159043,-1,1.0,0.0,0.8571428571428571,0.14285714285714285,0.8,0.2
18,48,0.85,0.74,0.5111111111111111,2.135135135135135,237.69355354375293,-1,1.0,0.0,0.8,0.2,0.5,0.5
18,49,0.82,0.67,0.4230769230769231,2.074626865671642,194.5686169602118,-1,1.0,0.0,0.7777777777777778,0.2222222222222222,0.6,0.4
18,50,0.8,0.7,0.42857142857142855,2.2,228.86622756674376,-1,1.0,0.0,0.85,0.15,0.631578947368421,0.3684210526315789
18,51,0.84,0.72,0.5283018867924528,2.0972222222222223,238.44694111634016,4,1.0,0.0,0.7,0.3,0.6875,0.3125
18,52,0.81,0.66,0.36,2.1515151515151514,211.0865499632783,-1,1.0,0.0,0.6666666666666666,0.3333333333333333,0.8333333333333334,0.16666666666666666
18,53,0.85,0.75,0.4,2.2533333333333334,233.89040393416363,-1,1.0,0.0,0.8235294117647058,0.17647058823529413,0.6842105263157895,0.3157894736842105
18,54,0.86,0.69,0.49019607843137253,2.420289855072464,212.10876722274912,1,1.0,0.0,0.6521739130434783,0.34782608695652173,0.5384615384615384,0.46153846153846156
18,55,0.84,0.66,0.3111111111111111,2.090909090909091,208.57626981975366,-1,1.0,0.0,0.9583333333333334,0.041666666666666664,0.7142857142857143,0.2857142857142857
18,56,0.82,0.61,0.4634146341463415,2.3442622950819674,197.06450606348255,-1,1.0,0.0,0.7777777777777778,0.2222222222222222,0.5555555555555556,0.4444444444444444
18,57,0.85,0.65,0.55,2.123076923076923,228.8280571424768,-1,1.0,0.0,0.7727272727272727,0.22727272727272727,0.6666666666666666,0.3333333333333333
18,58,0.87,0.69,0.3409090909090909,2.4347826086956523,217.88678147506695,-1,1.0,0.0,0.8,0.2,0.5,0.5
18,59,0.82,0.67,0.43478260869565216,2.6417910447761193,205.69057952466093,-1,1.0,0.0,0.875,0.125,0.7333333333333333,0.26666666666666666
18,60,0.87,0.65,0.46511627906976744,2.4615384615384617,221.86769892286873,-1,1.0,0.0,0.8846153846153846,0.11538461538461539,0.5833333333333334,0.4166666666666667
18,61,0.9,0.72,0.5102040816326531,2.375,228.0324272987078,-1,1.0,0.0,1.0,0.0,0.7333333333333333,0.26666666666666666
18,62,0.83,0.64,0.5319148936170213,2.453125,212.38508651577328,-1,1.0,0.0,0.9411764705882353,0.058823529411764705,0.6428571428571429,0.35714285714285715
18,63,0.81,0.59,0.5,2.0847457627118646,209.97474675097726,-1,1.0,0.0,0.8636363636363636,0.13636363636363635,0.6875,0.3125
18,64,0.86,0.63,0.40540540540540543,2.365079365079365,220.007845607924,-1,1.0,0.0,0.6842105263157895,0.3157894736842105,0.7058823529411765,0.29411764705882354
18,65,0.87,0.64,0.42105263157894735,2.390625,184.90603308522535,-1,1.0,0.0,0.7857142857142857,0.21428571428571427,0.8571428571428571,0.14285714285714285
19,0,0.79,0.64,,1.0,192.0,-1,1.0,0.0,0.8,0.2,0.5333333333333333,0.4666666666666667
19,1,0.82,0.63,0.3076923076923077,1.1904761904761905,195.30000000000007,-1,1.0,0.0,0.6666666666666666,0.3333333333333333,0.6666666666666666,0.3333333333333333
19,2,0.81,0.62,0.17073170731707318,1.2258064516129032,172.43099999999993,1,1.0,0.0,0.8947368421052632,0.10526315789473684,0.8,0.2
19,3,0.81,0.61,0.37142857142857144,1.4098360655737705,197.78849999999997,-1,1.0,0.0,0.7727272727272727,0.22727272727272727,0.6666666666666666,0.3333333333333333
19,4,0.82,0.58,0.2571428571428571,1.3448275862068966,181.8518625,-1,1.0,0.0,0.9629629629629629,0.037037037037037035,0.8571428571428571,0.14285714285714285
19,5,0.83,0.61,0.3783783783783784,1.721311475409836,204.81252750000007,-1,1.0,0.0,0.9090909090909091,0.09090909090909091,0.6,0.4
19,6,0.83,0.66,0.47619047619047616,1.9242424242424243,191.37132984375006,-1,1.0,0.0,0.8947368421052632,0.10526315789473684,0.7272727272727273,0.2727272727272727
19,7,0.77,0.66,0.4318181818181818,1.8636363636363635,217.72726762499997,-1,1.0,0.0,0.95,0.05,0.631578947368421,0.3684210526315789
19,8,0.89,0.7,0.4,1.7571428571428571,225.58933569374992,-1,1.0,0.0,0.8,0.2,0.7692307692307693,0.23076923076923078
19,9,0.79,0.64,0.3695652173913043,1.796875,182.8400141629687,0,1.0,0.0,0.8125,0.1875,0.7857142857142857,0.21428571428571427
19,10,0.85,0.73,0.48,2.1095890410958904,226.33316112585936,-1,1.0,0.0,0.88,0.12,0.6666666666666666,0.3333333333333333
19,11,0.82,0.67,0.3541666666666667,1.8507462686567164,218.6097982375782,-1,1.0,0.0,0.7,0.3,0.875,0.125
19,12,0.85,0.67,0.4772727272727273,2.074626865671642,194.00026820965147,-1,1.0,0.0,0.782608695652174,0.21739130434782608,1.0,0.0
19,13,0.86,0.68,0.45652173913043476,2.176470588235294,196.26507441059883,-1,1.0,0.0,0.9473684210526315,0.05263157894736842,0.7692307692307693,0.23076923076923078
19,14,0.88,0.77,0.48148148148148145,2.038961038961039,214.15869635641405,-1,1.0,0.0,0.9583333333333334,0.041666666666666664,0.7272727272727273,0.2727272727272727
19,15,0.93,0.78,0.45161290322580644,2.08974358974359,241.56178078338516,-1,1.0,0.0,0.8461538461538461,0.15384615384615385,0.75,0.25
19,16,0.88,0.72,0.3050847457627119,1.7916666666666667,230.51812982402907,-1,1.0,0.0,0.6875,0.3125,0.7222222222222222,0.2777777777777778
19,17,0.85,0.72,0.3584905660377358,1.875,217.66152806827193,0,1.0,0.0,0.7619047619047619,0.23809523809523808,0.7894736842105263,0.21052631578947367
19,18,0.83,0.73,0.4807692307692308,1.9726027397260273,235.24961962723108,-1,1.0,0.0,0.8695652173913043,0.13043478260869565,0.7058823529411765,0.29411764705882354
19,19,0.95,0.74,0.32727272727272727,1.8513513513513513,237.5220990633204,2,1.0,0.0,0.75,0.25,0.8571428571428571,0.14285714285714285
19,20,0.87,0.73,0.28846153846153844,1.6849315068493151,199.62304544895034,0,1.0,0.0,0.7894736842105263,0.21052631578947367,0.7142857142857143,0.2857142857142857
19,21,0.84,0.73,0.4074074074074074,2.041095890410959,198.96954851539653,1,1.0,0.0,0.7368421052631579,0.2631578947368421,0.7272727272727273,0.2727272727272727
19,22,0.84,0.72,0.5094339622641509,2.111111111111111,243.72864311426042,4,1.0,0.0,0.7692307692307693,0.23076923076923078,0.6,0.4
19,23,0.83,0.61,0.4523809523809524,1.9836065573770492,196.21131534663343,4,1.0,0.0,0.7894736842105263,0.21052631578947367,0.8666666666666667,0.13333333333333333
19,24,0.87,0.67,0.35714285714285715,2.1791044776119404,204.0621010945463,-1,1.0,0.0,0.8125,0.1875,0.6923076923076923,0.3076923076923077
19,25,0.88,0.68,0.5111111111111111,2.3676470588235294,227.57646037139406,-1,1.0,0.0,0.8636363636363636,0.13636363636363635,0.5384615384615384,0.46153846153846156
19,26,0.89,0.72,0.5531914893617021,2.1666666666666665,205.75200933068004,0,1.0,0.0,0.782608695652174,0.21739130434782608,0.7333333333333333,0.26666666666666666
19,27,0.87,0.73,0.37735849056603776,2.2465753424657535,219.0665467126653,-1,1.0,0.0,0.7391304347826086,0.2608695652173913,0.9285714285714286,0.07142857142857142
19,28,0.88,0.69,0.5306122448979592,2.1159420289855073,216.4499431551181,-1,1.0,0.0,0.7333333333333333,0.26666666666666666,0.9,0.1
19,29,0.89,0.73,0.35185185185185186,1.7808219178082192,222.58552485348798,-1,1.0,0.0,0.8571428571428571,0.14285714285714285,0.6153846153846154,0.38461538461538464
19,30,0.81,0.66,0.46153846153846156,1.8636363636363635,201.30954294910396,-1,1.0,0.0,0.8333333333333334,0.16666666666666666,0.7692307692307693,0.23076923076923078
19,31,0.87,0.64,0.425,1.984375,187.13698660093988,-1,1.0,0.0,0.7894736842105263,0.21052631578947367,0.8333333333333334,0.16666666666666666
19,32,0.84,0.68,0.48717948717948717,2.014705882352941,199.57620695215098,-1,1.0,0.0,0.6666666666666666,0.3333333333333333,0.6153846153846154,0.38461538461538464
19,33,0.84,0.65,0.5111111111111111,1.9846153846153847,190.7950685461521,3,1.0,0.0,0.6956521739130435,0.30434782608695654,0.9166666666666666,0.08333333333333333
19,34,0.77,0.54,0.46875,1.9074074074074074,145.00571847241932,0,1.0,0.0,0.9473684210526315,0.05263157894736842,0.8,0.2
19,35,0.85,0.7,0.43243243243243246,1.9428571428571428,172.29883085128648,0,1.0,0.0,1.0,0.0,0.8666666666666667,0.13333333333333333
19,36,0.83,0.65,0.3695652173913043,1.676923076923077,193.77804322887582,-1,1.0,0.0,0.8823529411764706,0.11764705882352941,0.6428571428571429,0.35714285714285715
19,37,0.77,0.65,0.27906976744186046,1.7230769230769232,198.3207350080583,4,1.0,0.0,0.875,0.125,0.5,0.5
19,38,0.82,0.66,0.5111111111111111,1.9848484848484849,199.8723461648935,-1,1.0,0.0,0.8888888888888888,0.1111111111111111,0.4,0.6
19,39,0.93,0.74,0.5,1.8513513513513513,226.59243409605443,2,1.0,0.0,0.8333333333333334,0.16666666666666666,0.6153846153846154,0.38461538461538464
19,40,0.84,0.69,0.4423076923076923,1.9710144927536233,186.93980387549018,-1,1.0,0.0,0.9047619047619048,0.09523809523809523,0.6666666666666666,0.3333333333333333
19,41,0.89,0.71,0.46938775510204084,2.140845070422535,192.6878890966423,0,1.0,0.0,0.9047619047619048,0.09523809523809523,0.6923076923076923,0.3076923076923077
19,42,0.76,0.64,0.3111111111111111,1.84375,191.17875931703054,0,1.0,0.0,0.8823529411764706,0.11764705882352941,0.5333333333333333,0.4666666666666667
19,43,0.82,0.66,0.5121951219512195,2.287878787878788,190.02161342761147,-1,1.0,0.0,0.8695652173913043,0.13043478260869565,0.7,0.3
19,44,0.83,0.65,0.45454545454545453,2.3230769230769233,190.5502027585466,-1,1.0,0.0,0.875,0.125,0.6666666666666666,0.3333333333333333
19,45,0.83,0.7,0.38095238095238093,2.1285714285714286,209.97882483800586,-1,1.0,0.0,0.8636363636363636,0.13636363636363635,0.8666666666666667,0.13333333333333333
19,46,0.87,0.7,0.3877551020408163,2.0,219.34647160188547,-1,1.0,0.0,0.875,0.125,0.8125,0.1875
19,47,0.88,0.77,0.42,2.103896103896104,230.40058235080573,-1,1.0,0.0,0.9130434782608695,0.08695652173913043,0.5,0.5
19,48,0.89,0.69,0.49019607843137253,2.1449275362318843,204.89383166433257,2,1.0,0.0,0.85,0.15,0.7333333333333333,0.26666666666666666
19,49,0.85,0.72,0.4222222222222222,1.9861111111111112,220.09442591371734,-1,1.0,0.0,0.9090909090909091,0.09090909090909091,0.5714285714285714,0.42857142857142855
19,50,0.89,0.72,0.4423076923076923,2.0833333333333335,211.32801897437835,-1,1.0,0.0,0.9545454545454546,0.045454545454545456,0.6428571428571429,0.35714285714285715
19,51,0.87,0.74,0.49056603773584906,2.310810810810811,197.7305271334711,-1,1.0,0.0,0.9444444444444444,0.05555555555555555,0.6923076923076923,0.3076923076923077
19,52,0.88,0.63,0.4222222222222222,2.0317460317460316,172.94776362015153,-1,1.0,0.0,0.8421052631578947,0.15789473684210525,0.75,0.25
19,53,0.85,0.69,0.4,1.9130434782608696,219.04709821681988,-1,1.0,0.0,0.9130434782608695,0.08695652173913043,0.6666666666666666,0.3333333333333333
19,54,0.81,0.65,0.5116279069767442,1.9230769230769231,192.80098725475273,2,1.0,0.0,0.875,0.125,0.6428571428571429,0.35714285714285715
19,55,0.83,0.67,0.45454545454545453,2.044776119402985,206.2508085264985,4,1.0,0.0,0.7142857142857143,0.2857142857142857,0.6666666666666666,0.3333333333333333
19,56,0.8,0.63,0.3488372093023256,2.0,187.7063271453572,-1,1.0,0.0,0.9047619047619048,0.09523809523809523,0.8461538461538461,0.15384615384615385
19,57,0.88,0.72,0.43478260869565216,1.8888888888888888,216.35386835670192,-1,1.0,0.0,0.8421052631578947,0.15789473684210525,0.7333333333333333,0.26666666666666666
19,58,0.78,0.62,0.2708333333333333,1.8225806451612903,206.52544266864084,-1,1.0,0.0,0.8,0.2,0.7058823529411765,0.29411764705882354
19,59,0.91,0.78,0.5,1.9871794871794872,231.86308482787499,-1,1.0,0.0,0.8888888888888888,0.1111111111111111,0.6923076923076923,0.3076923076923077
19,60,0.87,0.7,0.38181818181818183,1.5571428571428572,229.22071581338045,-1,1.0,0.0,0.8275862068965517,0.1724137931034483,0.5,0.5
19,61,0.85,0.74,0.32075471698113206,1.662162162162162,226.49606096542715,-1,1.0,0.0,0.7692307692307693,0.23076923076923078,0.7142857142857143,0.2857142857142857
19,62,0.85,0.74,0.4067796610169492,1.8108108108108107,223.72962102328705,-1,1.0,0.0,0.8181818181818182,0.18181818181818182,0.6666666666666666,0.3333333333333333
19,63,0.87,0.79,0.5517241379310345,2.1645569620253164,215.84570270336832,-1,1.0,0.0,0.9047619047619048,0.09523809523809523,0.6923076923076923,0.3076923076923077
19,64,0.79,0.64,0.5925925925925926,2.15625,196.3255754526767,-1,1.0,0.0,0.9565217391304348,0.043478260869565216,0.6923076923076923,0.3076923076923077
19,65,0.83,0.66,0.4666666666666667,2.0454545454545454,192.68826707742738,0,1.0,0.0,0.8095238095238095,0.19047619047619047,0.6666666666666666,0.3333333333333333
20,0,0.85,0.66,,1.0,192.0,-1,1.0,0.0,0.75,0.25,0.8125,0.1875
20,1,0.82,0.64,0.4222222222222222,1.296875,174.30000000000007,-1,1.0,0.0,0.95,0.05,0.8333333333333334,0.16666666666666666
20,2,0.77,0.57,0.38235294117647056,1.4035087719298245,189.62999999999997,3,1.0,0.0,0.7368421052631579,0.2631578947368421,0.631578947368421,0.3684210526315789
20,3,0.81,0.65,0.46153846153846156,1.676923076923077,195.31574999999995,-1,1.0,0.0,0.782608695652174,0.21739130434782608,0.375,0.625
20,4,0.78,0.62,0.39473684210526316,1.5806451612903225,184.99949999999995,-1,1.0,0.0,0.8695652173913043,0.13043478260869565,0.6,0.4
20,5,0.84,0.63,0.5,1.746031746031746,191.46014999999997,-1,1.0,0.0,0.85,0.15,0.7368421052631579,0.2631578947368421
20,6,0.9,0.71,0.3617021276595745,1.7464788732394365,217.95499687499995,-1,1.0,0.0,0.7142857142857143,0.2857142857142857,0.7777777777777778,0.2222222222222222
20,7,0.81,0.68,0.45098039215686275,1.8235294117647058,194.40974503124997,-1,1.0,0.0,0.8888888888888888,0.1111111111111111,0.6666666666666666,0.3333333333333333
20,8,0.87,0.76,0.40384615384615385,1.75,232.139899490625,-1,1.0,0.0,0.8260869565217391,0.17391304347826086,0.5555555555555556,0.4444444444444444
20,9,0.83,0.73,0.32727272727272727,1.6164383561643836,207.2499343867968,-1,1.0,0.0,0.75,0.25,0.5384615384615384,0.46153846153846156
20,10,0.84,0.74,0.41818181818181815,1.7972972972972974,221.94257429039055,3,1.0,0.0,0.6071428571428571,0.39285714285714285,0.7857142857142857,0.21428571428571427
20,11,0.84,0.76,0.509090909090909,1.9210526315789473,208.09641618945702,-1,1.0,0.0,0.8695652173913043,0.13043478260869565,0.7333333333333333,0.26666666666666666
20,12,0.79,0.68,0.5384615384615384,1.8823529411764706,197.35614708837892,2,1.0,0.0,0.6190476190476191,0.38095238095238093,0.7142857142857143,0.2857142857142857
20,13,0.86,0.73,0.4339622641509434,2.0,197.98118576135158,-1,1.0,0.0,0.8095238095238095,0.19047619047619047,0.6923076923076923,0.3076923076923077
20,14,0.83,0.68,0.40816326530612246,1.9852941176470589,201.25340837022833,-1,1.0,0.0,0.8333333333333334,0.16666666666666666,0.6111111111111112,0.3888888888888889
20,15,0.85,0.66,0.46808510638297873,2.121212121212121,201.80000084373282,-1,1.0,0.0,0.5333333333333333,0.4666666666666667,0.5625,0.4375
20,16,0.82,0.68,0.4090909090909091,1.8970588235294117,202.65810772850503,3,1.0,0.0,0.6923076923076923,0.3076923076923077,0.6923076923076923,0.3076923076923077
20,17,0.84,0.68,0.4090909090909091,2.014705882352941,200.1651512787355,-1,1.0,0.0,0.9230769230769231,0.07692307692307693,0.8,0.2
20,18,0.81,0.62,0.46511627906976744,2.0806451612903225,181.1165427778564,-1,1.0,0.0,0.8947368421052632,0.10526315789473684,0.75,0.25
20,19,0.82,0.67,0.37777777777777777,1.8656716417910448,177.3999201227768,1,1.0,0.0,0.8333333333333334,0.16666666666666666,0.4,0.6
20,20,0.88,0.72,0.36,1.875,215.4802498524964,-1,1.0,0.0,0.782608695652174,0.21739130434782608,0.7142857142857143,0.2857142857142857
20,21,0.85,0.66,0.3,1.6515151515151516,214.54924463471744,-1,1.0,0.0,0.8214285714285714,0.17857142857142858,0.6666666666666666,0.3333333333333333
20,22,0.84,0.69,0.3023255813953488,1.9565217391304348,190.95408025714417,1,1.0,0.0,0.7894736842105263,0.21052631578947367,0.6428571428571429,0.35714285714285715
20,23,0.79,0.7,0.3958333333333333,2.0142857142857142,199.93495921874057,-1,1.0,0.0,0.8095238095238095,0.19047619047619047,0.7692307692307693,0.23076923076923078
20,24,0.89,0.73,0.4339622641509434,2.0136986301369864,214.73061825572782,-1,1.0,0.0,0.6956521739130435,0.30434782608695654,0.6923076923076923,0.3076923076923077
20,25,0.79,0.59,0.2558139534883721,1.8305084745762712,181.0494959022437,-1,1.0,0.0,0.9444444444444444,0.05555555555555555,0.7222222222222222,0.2777777777777778
20,26,0.91,0.73,0.48717948717948717,2.0547945205479454,226.44351070379957,-1,1.0,0.0,0.6666666666666666,0.3333333333333333,0.7857142857142857,0.21428571428571427
20,27,0.85,0.67,0.35294117647058826,1.9104477611940298,200.88992422828218,-1,1.0,0.0,0.84,0.16,0.7142857142857143,0.2857142857142857
20,28,0.87,0.65,0.3409090909090909,2.169230769230769,200.01986492983792,3,1.0,0.0,0.8260869565217391,0.17391304347826086,0.6666666666666666,0.3333333333333333
20,29,0.81,0.66,0.4146341463414634,1.878787878787879,179.62310863526696,2,1.0,0.0,0.7368421052631579,0.2631578947368421,0.8333333333333334,0.16666666666666666
20,30,0.91,0.73,0.40816326530612246,1.9315068493150684,229.06849050685426,-1,1.0,0.0,0.4,0.6,0.7894736842105263,0.21052631578947367
20,31,0.87,0.69,0.5094339622641509,2.2028985507246377,216.25675564910992,-1,1.0,0.0,0.6111111111111112,0.3888888888888889,0.75,0.25
20,32,0.72,0.55,0.43243243243243246,2.109090909090909,171.79539176608455,-1,1.0,0.0,0.7777777777777778,0.2222222222222222,0.6363636363636364,0.36363636363636365
20,33,0.87,0.68,0.4722222222222222,2.0,222.31357816683322,-1,1.0,0.0,0.6818181818181818,0.3181818181818182,0.5,0.5
20,34,0.86,0.65,0.45652173913043476,2.230769230769231,212.05863541896775,-1,1.0,0.0,0.782608695652174,0.21739130434782608,0.8421052631578947,0.15789473684210525
20,35,0.84,0.67,0.5,2.417910447761194,221.2745595832061,-1,1.0,0.0,0.6842105263157895,0.3157894736842105,0.5625,0.4375
20,36,0.81,0.65,0.5,2.276923076923077,227.477734153668,-1,1.0,0.0,0.7037037037037037,0.2962962962962963,0.6428571428571429,0.35714285714285715
20,37,0.83,0.6,0.45714285714285713,2.0166666666666666,197.01388971119044,-1,1.0,0.0,0.7368421052631579,0.2631578947368421,0.8235294117647058,0.17647058823529413
20,38,0.87,0.71,0.3902439024390244,2.1971830985915495,218.99587118718387,-1,1.0,0.0,0.7142857142857143,0.2857142857142857,0.8823529411764706,0.11764705882352941
20,39,0.85,0.71,0.46938775510204084,2.380281690140845,215.85526794241568,-1,1.0,0.0,0.5882352941176471,0.4117647058823529,0.6,0.4
20,40,0.89,0.72,0.39215686274509803,1.9722222222222223,214.29665529394683,-1,1.0,0.0,0.631578947368421,0.3684210526315789,0.75,0.25
20,41,0.88,0.74,0.4716981132075472,2.081081081081081,233.44595198379957,-1,1.0,0.0,0.5625,0.4375,0.5625,0.4375
20,42,0.91,0.66,0.43137254901960786,2.3181818181818183,215.93396791728904,-1,1.0,0.0,0.76,0.24,0.75,0.25
20,43,0.88,0.69,0.5681818181818182,2.3768115942028984,202.36402104973783,-1,1.0,0.0,0.9047619047619048,0.09523809523809523,0.7333333333333333,0.26666666666666666
20,44,0.84,0.74,0.44,1.8783783783783783,219.509224717517,1,1.0,0.0,0.75,0.25,0.6666666666666666,0.3333333333333333
20,45,0.81,0.67,0.5208333333333334,2.343283582089552,192.70069273976395,1,1.0,0.0,0.9047619047619048,0.09523809523809523,0.6842105263157895,0.3157894736842105
20,46,0.91,0.71,0.5111111111111111,2.3098591549295775,217.48212575728698,-1,1.0,0.0,0.631578947368421,0.3684210526315789,0.7058823529411765,0.29411764705882354
20,47,0.85,0.71,0.46938775510204084,2.1549295774647885,182.37784366336976,-1,1.0,0.0,0.7368421052631579,0.2631578947368421,0.8,0.2
20,48,0.87,0.71,0.4642857142857143,2.408450704225352,201.03219537640945,-1,1.0,0.0,0.75,0.25,0.5,0.5
20,49,0.83,0.7,0.43137254901960786,2.2,208.2753080685012,-1,1.0,0.0,0.8571428571428571,0.14285714285714285,0.625,0.375
20,50,0.81,0.69,0.38461538461538464,2.072463768115942,198.6482368001392,-1,1.0,0.0,0.75,0.25,0.85,0.15
20,51,0.8,0.61,0.38095238095238093,2.1639344262295084,191.46995787309336,-1,1.0,0.0,0.6666666666666666,0.3333333333333333,0.5882352941176471,0.4117647058823529
20,52,0.82,0.68,0.358974358974359,1.9705882352941178,211.81642170105584,-1,1.0,0.0,0.875,0.125,0.6,0.4
20,53,0.88,0.72,0.32653061224489793,1.9722222222222223,231.76225703102665,-1,1.0,0.0,0.8260869565217391,0.17391304347826086,0.5555555555555556,0.4444444444444444
20,54,0.87,0.68,0.4528301886792453,2.1029411764705883,202.37615853781026,1,1.0,0.0,0.8181818181818182,0.18181818181818182,0.5882352941176471,0.4117647058823529
20,55,0.87,0.68,0.3829787234042553,2.0294117647058822,205.05520457886638,-1,1.0,0.0,0.8181818181818182,0.18181818181818182,0.8235294117647058,0.17647058823529413
20,56,0.84,0.68,0.425531914893617,2.3676470588235294,192.25406768292925,0,1.0,0.0,0.7619047619047619,0.23809523809523808,0.8181818181818182,0.18181818181818182
20,57,0.87,0.72,0.5,2.3472222222222223,210.88546329568396,-1,1.0,0.0,0.7391304347826086,0.2608695652173913,0.8,0.2
20,58,0.82,0.72,0.41509433962264153,2.361111111111111,216.92911573901142,-1,1.0,0.0,0.9166666666666666,0.08333333333333333,0.5625,0.4375
20,59,0.87,0.66,0.3617021276595745,1.8636363636363635,206.3579592455679,3,1.0,0.0,0.8076923076923077,0.19230769230769232,0.7368421052631579,0.2631578947368421
20,60,0.86,0.66,0.44680851063829785,2.212121212121212,194.29793138489342,-1,1.0,0.0,0.875,0.125,0.5882352941176471,0.4117647058823529
20,61,0.86,0.7,0.3191489361702128,1.8142857142857143,213.86716559162411,-1,1.0,0.0,0.7894736842105263,0.21052631578947367,0.5882352941176471,0.4117647058823529
20,62,0.82,0.57,0.3953488372093023,2.1052631578947367,178.96299156127395,-1,1.0,0.0,0.7727272727272727,0.22727272727272727,0.7142857142857143,0.2857142857142857
20,63,0.86,0.75,0.3181818181818182,2.1066666666666665,247.70212533320657,-1,1.0,0.0,0.5789473684210527,0.42105263157894735,0.6,0.4
20,64,0.85,0.64,0.40425531914893614,1.859375,187.22085486059493,-1,1.0,0.0,0.75,0.25,0.7333333333333333,0.26666666666666666
20,65,0.86,0.71,0.45652173913043476,1.943661971830986,213.87720031131317,-1,1.0,0.0,0.6470588235294118,0.35294117647058826,0.6428571428571429,0.35714285714285715
21,0,0.84,0.65,,1.0,186.0,-1,1.0,0.0,0.8095238095238095,0.19047619047619047,0.8,0.2
21,1,0.8,0.57,0.35,1.2456140350877194,149.10000000000005,-1,1.0,0.0,0.8333333333333334,0.16666666666666666,0.5714285714285714,0.42857142857142855
21,2,0.82,0.66,0.5,1.4545454545454546,192.04499999999996,-1,1.0,0.0,0.8421052631578947,0.15789473684210525,0.6875,0.3125
21,3,0.89,0.69,0.37777777777777777,1.6376811594202898,204.74999999999994,-1,1.0,0.0,0.8181818181818182,0.18181818181818182,0.6153846153846154,0.38461538461538464
21,4,0.82,0.67,0.44680851063829785,1.6865671641791045,198.92013749999995,-1,1.0,0.0,0.8571428571428571,0.14285714285714285,0.5384615384615384,0.46153846153846156
21,5,0.85,0.71,0.425531914893617,1.704225352112676,225.05883749999995,-1,1.0,0.0,0.7916666666666666,0.20833333333333334,0.6,0.4
21,6,0.8,0.61,0.35555555555555557,1.6885245901639345,185.87240437499997,-1,1.0,0.0,0.5333333333333333,0.4666666666666667,0.375,0.625
21,7,0.82,0.66,0.5,2.0454545454545454,206.84866387499997,-1,1.0,0.0,0.7727272727272727,0.22727272727272727,0.7222222222222222,0.2777777777777778
21,8,0.84,0.7,0.45454545454545453,1.8428571428571427,180.62758989843746,0,1.0,0.0,0.8095238095238095,0.19047619047619047,0.6666666666666666,0.3333333333333333
21,9,0.82,0.67,0.5319148936170213,2.2686567164179103,193.09688291249995,-1,1.0,0.0,0.8,0.2,0.4444444444444444,0.5555555555555556
21,10,0.81,0.64,0.5,2.140625,209.87219078437496,-1,1.0,0.0,0.6470588235294118,0.35294117647058826,0.6470588235294118,0.35294117647058826
21,11,0.85,0.59,0.4634146341463415,2.169491525423729,183.0911000625,-1,1.0,0.0,0.8,0.2,0.5882352941176471,0.4117647058823529
21,12,0.87,0.73,0.3673469387755102,2.0,214.95841398281257,-1,1.0,0.0,0.7692307692307693,0.23076923076923078,0.8235294117647058,0.17647058823529413
21,13,0.87,0.7,0.40384615384615385,2.1,191.3898128772656,-1,1.0,0.0,0.9047619047619048,0.09523809523809523,0.6666666666666666,0.3333333333333333
21,14,0.79,0.66,0.3695652173913043,1.893939393939394,182.01967733249995,-1,1.0,0.0,0.92,0.08,0.7857142857142857,0.21428571428571427
21,15,0.83,0.68,0.4222222222222222,1.9264705882352942,203.08918342781243,-1,1.0,0.0,0.7619047619047619,0.23809523809523808,0.46153846153846156,0.5384615384615384
21,16,0.81,0.67,0.4318181818181818,1.9701492537313432,183.81124392036324,2,1.0,0.0,0.8888888888888888,0.1111111111111111,0.5,0.5
21,17,0.86,0.74,0.5652173913043478,2.0945945945945947,214.48431583014022,0,1.0,0.0,0.6363636363636364,0.36363636363636365,0.6666666666666666,0.3333333333333333
21,18,0.88,0.68,0.33962264150943394,1.9852941176470589,195.26870525856134,0,1.0,0.0,0.9259259259259259,0.07407407407407407,0.6111111111111112,0.3888888888888889
21,19,0.89,0.72,0.34615384615384615,1.75,214.34780790503527,-1,1.0,0.0,0.8846153846153846,0.11538461538461539,0.625,0.375
21,20,0.89,0.7,0.4230769230769231,1.7857142857142858,197.3825263753659,-1,1.0,0.0,0.875,0.125,0.5454545454545454,0.45454545454545453
21,21,0.77,0.64,0.44680851063829785,1.96875,182.34507049500854,-1,1.0,0.0,0.8620689655172413,0.13793103448275862,0.8571428571428571,0.14285714285714285
21,22,0.84,0.67,0.38095238095238093,2.029850746268657,176.5712092856846,-1,1.0,0.0,0.9259259259259259,0.07407407407407407,0.75,0.25
21,23,0.84,0.72,0.425531914893617,1.75,178.64558398914153,-1,1.0,0.0,0.8888888888888888,0.1111111111111111,0.6923076923076923,0.3076923076923077
21,24,0.86,0.65,0.3333333333333333,1.8923076923076922,166.79162628418115,-1,1.0,0.0,0.6875,0.3125,0.6363636363636364,0.36363636363636365
21,25,0.81,0.66,0.34146341463414637,1.9696969696969697,187.08994566804319,3,1.0,0.0,0.6923076923076923,0.3076923076923077,0.75,0.25
21,26,0.88,0.74,0.3,1.9189189189189189,211.64291015173387,-1,1.0,0.0,0.6,0.4,0.6428571428571429,0.35714285714285715
21,27,0.79,0.63,0.391304347826087,1.9047619047619047,161.1024714238368,-1,1.0,0.0,0.7222222222222222,0.2777777777777778,0.9090909090909091,0.09090909090909091
21,28,0.83,0.68,0.5609756097560976,1.9852941176470589,197.4054429236095,-1,1.0,0.0,0.7916666666666666,0.20833333333333334,0.6666666666666666,0.3333333333333333
21,29,0.84,0.69,0.4782608695652174,2.0579710144927534,168.7251122945521,2,1.0,0.0,0.7619047619047619,0.23809523809523808,0.7,0.3
21,30,0.87,0.69,0.4090909090909091,1.8405797101449275,204.71583155971257,3,1.0,0.0,0.8387096774193549,0.16129032258064516,0.7647058823529411,0.23529411764705882
21,31,0.88,0.68,0.44,1.7352941176470589,212.29980929190697,-1,1.0,0.0,0.6190476190476191,0.38095238095238093,0.75,0.25
21,32,0.82,0.62,0.35714285714285715,1.8709677419354838,181.08092134239723,-1,1.0,0.0,0.8421052631578947,0.15789473684210525,0.75,0.25
21,33,0.88,0.66,0.4,1.8636363636363635,182.69608048191355,1,1.0,0.0,0.8461538461538461,0.15384615384615385,0.6875,0.3125
21,34,0.86,0.75,0.3469387755102041,1.8133333333333332,216.0315569082979,-1,1.0,0.0,0.7142857142857143,0.2857142857142857,0.6923076923076923,0.3076923076923077
21,35,0.82,0.71,0.46153846153846156,2.1690140845070425,192.87046447269933,2,1.0,0.0,0.75,0.25,0.6923076923076923,0.3076923076923077
21,36,0.86,0.71,0.40384615384615385,1.9295774647887325,221.91559315873943,-1,1.0,0.0,0.7727272727272727,0.22727272727272727,0.5625,0.4375
21,37,0.83,0.68,0.425531914893617,1.8529411764705883,189.22902551307936,-1,1.0,0.0,0.7647058823529411,0.23529411764705882,0.7692307692307693,0.23076923076923078
21,38,0.9,0.76,0.39622641509433965,2.013157894736842,220.42008819356369,-1,1.0,0.0,0.8636363636363636,0.13636363636363635,0.6470588235294118,0.35294117647058826
21,39,0.9,0.73,0.4074074074074074,1.9863013698630136,200.09180102692252,-1,1.0,0.0,0.8421052631578947,0.15789473684210525,0.875,0.125
21,40,0.83,0.72,0.40384615384615385,1.6944444444444444,217.6968964349702,-1,1.0,0.0,0.8,0.2,0.6428571428571429,0.35714285714285715
21,41,0.85,0.71,0.46153846153846156,2.183098591549296,205.15895813403657,-1,1.0,0.0,0.7222222222222222,0.2777777777777778,0.7142857142857143,0.2857142857142857
21,42,0.82,0.71,0.42857142857142855,1.8309859154929577,199.58987052161734,-1,1.0,0.0,0.8947368421052632,0.10526315789473684,0.6,0.4
21,43,0.88,0.77,0.46296296296296297,2.064935064935065,213.0740069400272,-1,1.0,0.0,0.875,0.125,0.7647058823529411,0.23529411764705882
21,44,0.86,0.71,0.3333333333333333,1.9014084507042253,195.27153346181274,-1,1.0,0.0,0.88,0.12,0.8,0.2
21,45,0.86,0.73,0.4230769230769231,1.8904109589041096,200.6414759369374,3,1.0,0.0,0.7083333333333334,0.2916666666666667,0.8,0.2
21,46,0.83,0.67,0.45652173913043476,1.8208955223880596,189.95740668659192,-1,1.0,0.0,0.8636363636363636,0.13636363636363635,0.6875,0.3125
21,47,0.84,0.65,0.4878048780487805,1.8923076923076922,193.30623118724364,-1,1.0,0.0,0.7619047619047619,0.23809523809523808,0.7142857142857143,0.2857142857142857
21,48,0.87,0.73,0.39215686274509803,1.9726027397260273,199.1057647578515,3,1.0,0.0,0.76,0.24,0.6363636363636364,0.36363636363636365
21,49,0.85,0.69,0.3333333333333333,1.6376811594202898,180.17959342167603,0,1.0,0.0,0.8260869565217391,0.17391304347826086,0.7333333333333333,0.26666666666666666
21,50,0.82,0.7,0.375,2.0142857142857142,207.36484949580137,-1,1.0,0.0,0.75,0.25,0.6875,0.3125
21,51,0.9,0.7,0.3673469387755102,2.157142857142857,200.86643758083733,-1,1.0,0.0,0.7333333333333333,0.26666666666666666,0.7777777777777778,0.2222222222222222
21,52,0.9,0.75,0.43137254901960786,2.1333333333333333,224.1870608470566,-1,1.0,0.0,0.8076923076923077,0.19230769230769232,0.6470588235294118,0.35294117647058826
21,53,0.89,0.74,0.375,2.081081081081081,214.91410501374517,-1,1.0,0.0,0.88,0.12,0.5333333333333333,0.4666666666666667
21,54,0.85,0.72,0.43636363636363634,2.513888888888889,205.12725034039266,-1,1.0,0.0,0.8095238095238095,0.19047619047619047,0.7333333333333333,0.26666666666666666
21,55,0.88,0.69,0.5208333333333334,2.260869565217391,201.170175562903,-1,1.0,0.0,0.6923076923076923,0.3076923076923077,0.7222222222222222,0.2777777777777778
21,56,0.9,0.72,0.36538461538461536,1.9305555555555556,215.3747116352075,-1,1.0,0.0,0.9259259259259259,0.07407407407407407,0.8695652173913043,0.13043478260869565
21,57,0.84,0.69,0.43137254901960786,2.260869565217391,191.38498706105048,3,1.0,0.0,0.7,0.3,0.7692307692307693,0.23076923076923078
21,58,0.84,0.71,0.4897959183673469,2.1971830985915495,213.68314760244294,-1,1.0,0.0,0.8,0.2,0.6428571428571429,0.35714285714285715
21,59,0.87,0.74,0.5263157894736842,2.1621621621621623,209.57765243355007,-1,1.0,0.0,0.8636363636363636,0.13636363636363635,0.7647058823529411,0.23529411764705882
21,60,0.87,0.63,0.46153846153846156,1.7301587301587302,189.74223425168265,-1,1.0,0.0,0.7222222222222222,0.2777777777777778,0.5714285714285714,0.42857142857142855
21,61,0.81,0.72,0.4791666666666667,2.2083333333333335,197.38023306103017,-1,1.0,0.0,0.8421052631578947,0.15789473684210525,0.7142857142857143,0.2857142857142857
21,62,0.85,0.69,0.5098039215686274,2.0,207.00222471966697,-1,1.0,0.0,0.9473684210526315,0.05263157894736842,0.631578947368421,0.3684210526315789
21,63,0.77,0.67,0.40816326530612246,1.7611940298507462,206.10159102895116,-1,1.0,0.0,0.7727272727272727,0.22727272727272727,0.5,0.5
21,64,0.87,0.75,0.46808510638297873,1.96,233.04539624103765,-1,1.0,0.0,0.8,0.2,0.6666666666666666,0.3333333333333333
21,65,0.84,0.72,0.3392857142857143,1.6944444444444444,200.1612241585945,-1,1.0,0.0,0.7916666666666666,0.20833333333333334,0.8461538461538461,0.15384615384615385
22,0,0.85,0.69,,1.0,178.59999999999997,0,1.0,0.0,0.7272727272727273,0.2727272727272727,0.7,0.3
22,1,0.87,0.67,0.3695652173913043,1.2537313432835822,201.60000000000002,-1,1.0,0.0,0.8846153846153846,0.11538461538461539,0.6923076923076923,0.3076923076923077
22,2,0.81,0.67,0.2916666666666667,1.3134328358208955,224.27999999999992,-1,1.0,0.0,0.64,0.36,0.6363636363636364,0.36363636363636365
22,3,0.87,0.72,0.46,1.5833333333333333,229.22549999999993,-1,1.0,0.0,0.7727272727272727,0.22727272727272727,0.6666666666666666,0.3333333333333333
22,4,0.93,0.79,0.43333333333333335,1.7088607594936709,239.74886249999994,-1,1.0,0.0,0.7391304347826086,0.2608695652173913,0.75,0.25
22,5,0.79,0.63,0.4117647058823529,1.8095238095238095,182.94963749999997,-1,1.0,0.0,0.7272727272727273,0.2727272727272727,0.7142857142857143,0.2857142857142857
22,6,0.76,0.61,0.42857142857142855,1.8032786885245902,152.80760249999997,-1,1.0,0.0,0.875,0.125,0.8571428571428571,0.14285714285714285
22,7,0.86,0.68,0.5263157894736842,1.9852941176470589,189.91830374999992,-1,1.0,0.0,0.9047619047619048,0.09523809523809523,0.7,0.3
22,8,0.92,0.73,0.4642857142857143,1.904109589041096,234.8808721875,-1,1.0,0.0,0.631578947368421,0.3684210526315789,0.6428571428571429,0.35714285714285715
22,9,0.82,0.61,0.37777777777777777,1.8360655737704918,189.36545512499998,-1,1.0,0.0,0.9,0.1,0.6923076923076923,0.3076923076923077
22,10,0.85,0.69,0.3488372093023256,1.7391304347826086,208.68462464062512,-1,1.0,0.0,0.6666666666666666,0.3333333333333333,0.7692307692307693,0.23076923076923078
22,11,0.82,0.64,0.4782608695652174,2.0,210.70870301250008,-1,1.0,0.0,0.7727272727272727,0.22727272727272727,0.7058823529411765,0.29411764705882354
22,12,0.82,0.67,0.4090909090909091,2.1044776119402986,194.58601974,1,1.0,0.0,0.8461538461538461,0.15384615384615385,0.7777777777777778,0.2222222222222222
22,13,0.85,0.66,0.3953488372093023,1.9545454545454546,201.92723542195316,-1,1.0,0.0,0.6666666666666666,0.3333333333333333,0.7333333333333333,0.26666666666666666
22,14,0.88,0.71,0.32,1.6056338028169015,236.1964548913594,3,1.0,0.0,0.8214285714285714,0.17857142857142858,0.6111111111111112,0.3888888888888889
22,15,0.79,0.65,0.4883720930232558,1.6307692307692307,205.67533464425384,-1,1.0,0.0,0.7142857142857143,0.2857142857142857,0.7272727272727273,0.2727272727272727
22,16,0.83,0.68,0.45454545454545453,1.7647058823529411,197.9192837391316,2,1.0,0.0,0.8461538461538461,0.15384615384615385,0.4444444444444444,0.5555555555555556
22,17,0.85,0.65,0.5365853658536586,2.0307692307692307,202.92938154509284,-1,1.0,0.0,0.8888888888888888,0.1111111111111111,0.6666666666666666,0.3333333333333333
22,18,0.92,0.68,0.4772727272727273,2.0,216.00904170328909,-1,1.0,0.0,0.8461538461538461,0.15384615384615385,0.6666666666666666,0.3333333333333333
22,19,0.87,0.77,0.37735849056603776,1.9090909090909092,256.0127065923465,-1,1.0,0.0,0.72,0.28,0.6470588235294118,0.35294117647058826
22,20,0.85,0.65,0.4489795918367347,1.7692307692307692,202.47612979834284,3,1.0,0.0,0.6956521739130435,0.30434782608695654,0.7777777777777778,0.2222222222222222
22,21,0.86,0.7,0.375,1.7571428571428571,203.67493462886523,1,1.0,0.0,0.8888888888888888,0.1111111111111111,0.75,0.25
22,22,0.76,0.57,0.4,1.9824561403508771,190.62235797222564,-1,1.0,0.0,0.7777777777777778,0.2222222222222222,0.8235294117647058,0.17647058823529413
22,23,0.87,0.75,0.44680851063829785,2.04,247.5794305545212,-1,1.0,0.0,0.8,0.2,0.6470588235294118,0.35294117647058826
22,24,0.81,0.61,0.4666666666666667,2.2950819672131146,221.45089039388304,-1,1.0,0.0,0.6,0.4,0.6875,0.3125
22,25,0.84,0.66,0.3181818181818182,2.0757575757575757,211.6099283355098,-1,1.0,0.0,0.95,0.05,0.8235294117647058,0.17647058823529413
22,26,0.79,0.58,0.525,2.103448275862069,205.18723248377614,-1,1.0,0.0,0.7,0.3,0.8461538461538461,0.15384615384615385
22,27,0.83,0.67,0.36585365853658536,1.791044776119403,220.13915468693753,-1,1.0,0.0,0.7894736842105263,0.21052631578947367,0.7142857142857143,0.2857142857142857
22,28,0.89,0.65,0.45454545454545453,1.8153846153846154,221.17390853399246,-1,1.0,0.0,0.6666666666666666,0.3333333333333333,0.8461538461538461,0.15384615384615385
22,29,0.96,0.78,0.4230769230769231,2.1923076923076925,243.96862104451472,-1,1.0,0.0,0.8260869565217391,0.17391304347826086,0.7333333333333333,0.26666666666666666
22,30,0.86,0.69,0.39285714285714285,2.130434782608696,221.61441218001107,-1,1.0,0.0,0.7,0.3,0.75,0.25
22,31,0.8,0.62,0.37777777777777777,1.967741935483871,199.06451962392526,-1,1.0,0.0,0.8695652173913043,0.13043478260869565,0.6923076923076923,0.3076923076923077
22,32,0.9,0.75,0.4074074074074074,2.0,253.91772426385307,-1,1.0,0.0,0.84,0.16,0.6666666666666666,0.3333333333333333
22,33,0.86,0.63,0.3958333333333333,1.873015873015873,220.64102555345872,-1,1.0,0.0,0.65,0.35,0.8125,0.1875
22,34,0.8,0.61,0.4,2.098360655737705,212.81146094873267,-1,1.0,0.0,0.76,0.24,0.7,0.3
22,35,0.82,0.68,0.29545454545454547,1.6470588235294117,223.34781734899397,-1,1.0,0.0,0.65,0.35,0.7142857142857143,0.2857142857142857
22,36,0.87,0.71,0.27450980392156865,1.5633802816901408,250.6658487411744,-1,1.0,0.0,0.84,0.16,0.6842105263157895,0.3157894736842105
22,37,0.8,0.64,0.5106382978723404,1.9375,224.01357902643213,-1,1.0,0.0,0.5625,0.4375,0.7,0.3
22,38,0.84,0.64,0.4634146341463415,2.140625,206.01733360384262,-1,1.0,0.0,0.7368421052631579,0.2631578947368421,0.6666666666666666,0.3333333333333333
22,39,0.81,0.66,0.5909090909090909,2.212121212121212,230.05033310757995,-1,1.0,0.0,0.8235294117647058,0.17647058823529413,0.7272727272727273,0.2727272727272727
22,40,0.88,0.66,0.41304347826086957,2.0,217.25745958657066,-1,1.0,0.0,0.6666666666666666,0.3333333333333333,0.6363636363636364,0.36363636363636365
22,41,0.76,0.6,0.32432432432432434,2.05,170.13325974765857,-1,1.0,0.0,0.875,0.125,1.0,0.0
22,42,0.87,0.7,0.5609756097560976,2.1285714285714286,220.5772099269572,-1,1.0,0.0,0.6956521739130435,0.30434782608695654,0.7272727272727273,0.2727272727272727
22,43,0.76,0.67,0.5510204081632653,2.208955223880597,213.8172379367371,-1,1.0,0.0,0.7894736842105263,0.21052631578947367,0.5384615384615384,0.46153846153846156
22,44,0.84,0.75,0.42,2.2266666666666666,252.09713900860578,-1,1.0,0.0,0.8620689655172413,0.13793103448275862,0.6666666666666666,0.3333333333333333
22,45,0.91,0.8,0.4666666666666667,2.2125,238.0654494145664,1,1.0,0.0,0.7916666666666666,0.20833333333333334,0.7058823529411765,0.29411764705882354
22,46,0.79,0.61,0.54,2.278688524590164,199.39110946556843,-1,1.0,0.0,0.8095238095238095,0.19047619047619047,0.6923076923076923,0.3076923076923077
22,47,0.8,0.67,0.475,1.9104477611940298,197.55327571742097,1,1.0,0.0,0.7037037037037037,0.2962962962962963,0.9230769230769231,0.07692307692307693
22,48,0.83,0.63,0.38095238095238093,1.8095238095238095,225.88637121637896,3,1.0,0.0,0.6,0.4,0.6666666666666666,0.3333333333333333
22,49,0.82,0.65,0.4782608695652174,2.2153846153846155,226.58401811751068,-1,1.0,0.0,0.6666666666666666,0.3333333333333333,0.6111111111111112,0.3888888888888889
22,50,0.74,0.59,0.4722222222222222,1.9661016949152543,179.42490597284493,-1,1.0,0.0,0.9523809523809523,0.047619047619047616,0.8333333333333334,0.16666666666666666
22,51,0.88,0.72,0.46511627906976744,2.0972222222222223,207.73867189704444,-1,1.0,0.0,0.7368421052631579,0.2631578947368421,0.8,0.2
22,52,0.85,0.72,0.5102040816326531,2.3055555555555554,230.0522738453481,-1,1.0,0.0,0.76,0.24,0.6666666666666666,0.3333333333333333
22,53,0.86,0.72,0.4716981132075472,2.2222222222222223,238.6022656944468,-1,1.0,0.0,0.6363636363636364,0.36363636363636365,0.8235294117647058,0.17647058823529413
22,54,0.86,0.66,0.4375,2.1515151515151514,238.35538711572968,-1,1.0,0.0,0.6956521739130435,0.30434782608695654,0.5294117647058824,0.47058823529411764
22,55,0.86,0.66,0.5531914893617021,2.1363636363636362,222.66767666954712,-1,1.0,0.0,0.6818181818181818,0.3181818181818182,0.6428571428571429,0.35714285714285715
22,56,0.89,0.72,0.4222222222222222,2.263888888888889,231.35259876532277,-1,1.0,0.0,0.6521739130434783,0.34782608695652173,0.8666666666666667,0.13333333333333333
22,57,0.75,0.61,0.5227272727272727,2.2131147540983607,165.681576985218,1,1.0,0.0,0.8333333333333334,0.16666666666666666,0.6153846153846154,0.38461538461538464
22,58,0.86,0.68,0.4358974358974359,2.338235294117647,223.36905199870105,3,1.0,0.0,0.75,0.25,0.5625,0.4375
22,59,0.85,0.7,0.4117647058823529,2.242857142857143,218.3018191568232,1,1.0,0.0,0.7692307692307693,0.23076923076923078,0.7333333333333333,0.26666666666666666
22,60,0.87,0.7,0.4716981132075472,2.1714285714285713,233.44410553256222,1,1.0,0.0,0.6363636363636364,0.36363636363636365,0.6,0.4
22,61,0.81,0.67,0.5370370370370371,2.373134328358209,219.40584519072323,-1,1.0,0.0,0.9,0.1,0.625,0.375
22,62,0.83,0.66,0.45454545454545453,2.1363636363636362,206.15582633744006,2,1.0,0.0,0.6666666666666666,0.3333333333333333,0.8461538461538461,0.15384615384615385
22,63,0.89,0.69,0.4791666666666667,2.3333333333333335,212.27054494315357,2,1.0,0.0,0.8888888888888888,0.1111111111111111,0.8125,0.1875
22,64,0.79,0.63,0.3488372093023256,2.0,230.13946644463914,-1,1.0,0.0,0.75,0.25,0.5,0.5
22,65,0.88,0.69,0.391304347826087,1.9855072463768115,218.87918191073436,2,1.0,0.0,0.65,0.35,0.6,0.4
23,0,0.86,0.62,,1.0,157.39999999999998,0,1.0,0.0,0.8636363636363636,0.13636363636363635,0.8,0.2
23,1,0.84,0.69,0.37777777777777777,1.2463768115942029,220.50000000000006,-1,1.0,0.0,0.7,0.3,0.7058823529411765,0.29411764705882354
23,2,0.88,0.76,0.38181818181818183,1.4605263157894737,238.87499999999991,-1,1.0,0.0,0.8,0.2,0.5833333333333334,0.4166666666666667
23,3,0.83,0.64,0.3695652173913043,1.546875,199.4055,-1,1.0,0.0,0.65,0.35,0.8461538461538461,0.15384615384615385
23,4,0.83,0.68,0.3333333333333333,1.5735294117647058,193.39136249999999,-1,1.0,0.0,0.875,0.125,0.75,0.25
23,5,0.88,0.72,0.46,1.6527777777777777,231.77186812499994,-1,1.0,0.0,0.5263157894736842,0.47368421052631576,0.7777777777777778,0.2222222222222222
23,6,0.86,0.68,0.34,1.8235294117647058,186.33701624999998,-1,1.0,0.0,0.7058823529411765,0.29411764705882354,0.8181818181818182,0.18181818181818182
23,7,0.88,0.74,0.5625,2.027027027027027,236.75487937499997,-1,1.0,0.0,0.8,0.2,0.8421052631578947,0.15789473684210525
23,8,0.82,0.7,0.36363636363636365,1.8571428571428572,202.62327224999996,-1,1.0,0.0,0.9166666666666666,0.08333333333333333,0.6666666666666666,0.3333333333333333
23,9,0.86,0.7,0.2978723404255319,1.6857142857142857,207.12061882968746,-1,1.0,0.0,0.875,0.125,0.7333333333333333,0.26666666666666666
23,10,0.82,0.71,0.4117647058823529,1.8309859154929577,192.98782499062492,-1,1.0,0.0,0.9090909090909091,0.09090909090909091,0.8181818181818182,0.18181818181818182
23,11,0.87,0.7,0.4166666666666667,1.9285714285714286,231.10264699593742,-1,1.0,0.0,0.9230769230769231,0.07692307692307693,0.5294117647058824,0.47058823529411764
23,12,0.87,0.71,0.4375,1.8873239436619718,228.46592949641007,-1,1.0,0.0,0.7391304347826086,0.2608695652173913,0.6666666666666666,0.3333333333333333
23,13,0.8,0.6,0.34146341463414637,1.8833333333333333,199.47466200421752,-1,1.0,0.0,0.75,0.25,0.75,0.25
23,14,0.81,0.68,0.375,1.8235294117647058,218.64859268125537,-1,1.0,0.0,0.7692307692307693,0.23076923076923078,0.7647058823529411,0.23529411764705882
23,15,0.83,0.73,0.4528301886792453,1.8356164383561644,209.9451187593703,-1,1.0,0.0,0.75,0.25,0.8333333333333334,0.16666666666666666
23,16,0.85,0.7,0.5,1.9142857142857144,213.75074564154716,-1,1.0,0.0,0.6666666666666666,0.3333333333333333,0.7333333333333333,0.26666666666666666
23,17,0.87,0.77,0.5,2.1948051948051948,236.357202483828,3,1.0,0.0,0.8125,0.1875,0.8421052631578947,0.15789473684210525
23,18,0.86,0.77,0.5573770491803278,2.038961038961039,233.7635034534498,2,1.0,0.0,0.84375,0.15625,0.7777777777777778,0.2222222222222222
23,19,0.92,0.85,0.4090909090909091,1.9058823529411764,263.9252955324787,-1,1.0,0.0,0.75,0.25,0.7391304347826086,0.2608695652173913
23,20,0.8,0.69,0.41818181818181815,1.7536231884057971,208.13386614601671,-1,1.0,0.0,0.7619047619047619,0.23809523809523808,0.7857142857142857,0.21428571428571427
23,21,0.81,0.76,0.45454545454545453,1.7763157894736843,246.14131672369695,-1,1.0,0.0,0.75,0.25,0.6875,0.3125
23,22,0.86,0.69,0.2909090909090909,1.5942028985507246,192.3452667740896,0,1.0,0.0,0.7692307692307693,0.23076923076923078,0.8571428571428571,0.14285714285714285
23,23,0.81,0.69,0.28,1.6231884057971016,214.355168989237,2,1.0,0.0,0.8421052631578947,0.15789473684210525,0.6818181818181818,0.3181818181818182
23,24,0.83,0.68,0.3958333333333333,1.5735294117647058,212.807363594337,-1,1.0,0.0,0.76,0.24,0.625,0.375
23,25,0.84,0.64,0.3404255319148936,1.703125,186.5064893255194,-1,1.0,0.0,0.9583333333333334,0.041666666666666664,0.6666666666666666,0.3333333333333333
23,26,0.78,0.64,0.3902439024390244,1.71875,193.7984543572526,2,1.0,0.0,0.8275862068965517,0.1724137931034483,0.8571428571428571,0.14285714285714285
23,27,0.86,0.71,0.30434782608695654,1.7464788732394365,206.48347002481106,2,1.0,0.0,0.8846153846153846,0.11538461538461539,0.7142857142857143,0.2857142857142857
23,28,0.92,0.82,0.4166666666666667,1.9390243902439024,249.86332158450324,4,0.9824561403508771,0.017543859649122806,0.75,0.25,0.7368421052631579,0.2631578947368421
23,29,0.88,0.67,0.39622641509433965,1.8955223880597014,201.2979864162483,-1,1.0,0.0,0.85,0.15,0.7333333333333333,0.26666666666666666
23,30,0.78,0.7,0.46,1.8428571428571427,204.78663920282486,-1,1.0,0.0,0.7916666666666666,0.20833333333333334,0.7777777777777778,0.2222222222222222
23,31,0.88,0.7,0.4117647058823529,1.8285714285714285,228.07878790618807,4,1.0,0.0,0.7692307692307693,0.23076923076923078,0.7222222222222222,0.2777777777777778
23,32,0.86,0.73,0.44,2.2465753424657535,218.10030352144474,-1,1.0,0.0,0.8181818181818182,0.18181818181818182,0.8235294117647058,0.17647058823529413
23,33,0.85,0.72,0.38596491228070173,2.1666666666666665,216.80814490433346,-1,1.0,0.0,0.6842105263157895,0.3157894736842105,0.7058823529411765,0.29411764705882354
23,34,0.87,0.69,0.5,2.1594202898550723,203.71632959329526,-1,1.0,0.0,0.5294117647058824,0.47058823529411764,0.8333333333333334,0.16666666666666666
23,35,0.84,0.65,0.34782608695652173,1.8923076923076922,198.20766243494361,-1,1.0,0.0,0.631578947368421,0.3684210526315789,0.8333333333333334,0.16666666666666666
23,36,0.84,0.73,0.4230769230769231,1.917808219178082,221.96509526468952,-1,1.0,0.0,0.8846153846153846,0.11538461538461539,0.8125,0.1875
23,37,0.9,0.78,0.5333333333333333,2.076923076923077,248.93042465728342,-1,1.0,0.0,0.6,0.4,0.6842105263157895,0.3157894736842105
23,38,0.84,0.71,0.4745762711864407,1.9577464788732395,246.36789049378942,4,0.9795918367346939,0.02040816326530612,0.625,0.375,0.6842105263157895,0.3157894736842105
23,39,0.8,0.69,0.45098039215686275,2.0434782608695654,229.6346778955623,-1,1.0,0.0,0.6785714285714286,0.32142857142857145,0.7857142857142857,0.21428571428571427
23,40,0.82,0.67,0.42,1.8059701492537314,185.6019578854061,1,1.0,0.0,0.9047619047619048,0.09523809523809523,0.7647058823529411,0.23529411764705882
23,41,0.81,0.65,0.4222222222222222,1.8461538461538463,220.72551670035494,-1,1.0,0.0,0.75,0.25,0.6111111111111112,0.3888888888888889
23,42,0.83,0.74,0.3333333333333333,1.864864864864865,215.0432226311127,-1,1.0,0.0,0.8076923076923077,0.19230769230769232,0.75,0.25
23,43,0.82,0.73,0.41509433962264153,1.8493150684931507,228.89915782798494,-1,1.0,0.0,0.7307692307692307,0.2692307692307692,0.6428571428571429,0.35714285714285715
23,44,0.85,0.65,0.32727272727272727,1.676923076923077,197.63362599531848,-1,1.0,0.0,0.6666666666666666,0.3333333333333333,0.6923076923076923,0.3076923076923077
23,45,0.82,0.57,0.34146341463414637,1.7017543859649122,203.28827435205548,4,0.9714285714285714,0.02857142857142857,0.782608695652174,0.21739130434782608,0.7368421052631579,0.2631578947368421
23,46,0.84,0.72,0.4090909090909091,1.8194444444444444,218.38599438142995,3,1.0,0.0,0.7857142857142857,0.21428571428571427,0.7647058823529411,0.23529411764705882
23,47,0.82,0.7,0.41509433962264153,1.7,211.76563306764928,-1,1.0,0.0,0.6842105263157895,0.3157894736842105,0.6428571428571429,0.35714285714285715
23,48,0.84,0.68,0.391304347826087,1.75,202.7767413249105,-1,1.0,0.0,0.8181818181818182,0.18181818181818182,0.6428571428571429,0.35714285714285715
23,49,0.81,0.62,0.42857142857142855,1.9838709677419355,184.6740432681084,-1,1.0,0.0,0.7894736842105263,0.21052631578947367,0.625,0.375
23,50,0.86,0.68,0.40476190476190477,1.6470588235294117,233.44971591066178,-1,1.0,0.0,0.6956521739130435,0.30434782608695654,0.7619047619047619,0.23809523809523808
23,51,0.81,0.66,0.5454545454545454,1.9090909090909092,213.18540983473076,-1,1.0,0.0,0.8076923076923077,0.19230769230769232,0.5384615384615384,0.46153846153846156
23,52,0.77,0.65,0.37777777777777777,1.8307692307692307,202.75718361853663,-1,1.0,0.0,0.6086956521739131,0.391304347826087,0.4,0.6
23,53,0.82,0.63,0.425,1.9523809523809523,201.22728332974327,-1,1.0,0.0,0.5882352941176471,0.4117647058823529,0.5384615384615384,0.46153846153846156
23,54,0.86,0.69,0.46808510638297873,1.7826086956521738,210.1715527985681,-1,1.0,0.0,0.8181818181818182,0.18181818181818182,0.9333333333333333,0.06666666666666667
23,55,0.85,0.69,0.4489795918367347,1.7681159420289856,218.0917665312678,-1,1.0,0.0,0.8260869565217391,0.17391304347826086,0.5833333333333334,0.4166666666666667
23,56,0.83,0.7,0.47058823529411764,1.9857142857142858,221.95707835299584,-1,1.0,0.0,0.75,0.25,0.5555555555555556,0.4444444444444444
23,57,0.78,0.63,0.425531914893617,2.0317460317460316,203.20972727150058,0,1.0,0.0,0.8333333333333334,0.16666666666666666,0.7647058823529411,0.23529411764705882
23,58,0.88,0.75,0.38,1.88,239.83884556135823,-1,1.0,0.0,0.8148148148148148,0.18518518518518517,0.8,0.2
23,59,0.76,0.56,0.5581395348837209,2.1785714285714284,173.9343804717496,-1,1.0,0.0,0.8823529411764706,0.11764705882352941,1.0,0.0
23,60,0.93,0.74,0.42857142857142855,1.8918918918918919,254.25475899422543,-1,1.0,0.0,0.7777777777777778,0.2222222222222222,0.7368421052631579,0.2631578947368421
23,61,0.86,0.71,0.4528301886792453,1.8028169014084507,241.51247655640054,-1,1.0,0.0,0.7037037037037037,0.2962962962962963,0.5384615384615384,0.46153846153846156
23,62,0.88,0.7,0.3148148148148148,1.9142857142857144,242.22377692822505,-1,1.0,0.0,0.5652173913043478,0.43478260869565216,0.5,0.5
23,63,0.82,0.63,0.5102040816326531,2.365079365079365,212.02922891866717,-1,1.0,0.0,0.6470588235294118,0.35294117647058826,0.42857142857142855,0.5714285714285714
23,64,0.84,0.71,0.2727272727272727,1.7464788732394365,194.0481795258899,0,1.0,0.0,0.8181818181818182,0.18181818181818182,0.6666666666666666,0.3333333333333333
23,65,0.91,0.76,0.45454545454545453,1.9342105263157894,259.1294131785428,-1,1.0,0.0,0.6666666666666666,0.3333333333333333,0.6,0.4
24,0,0.83,0.57,,1.0,178.0,-1,1.0,0.0,0.9090909090909091,0.09090909090909091,0.6470588235294118,0.35294117647058826
24,1,0.87,0.66,0.42105263157894735,1.2424242424242424,210.0,2,1.0,0.0,0.8095238095238095,0.19047619047619047,0.631578947368421,0.3684210526315789
24,2,0.86,0.65,0.40816326530612246,1.4307692307692308,194.66999999999996,-1,1.0,0.0,0.8571428571428571,0.14285714285714285,0.6923076923076923,0.3076923076923077
24,3,0.82,0.64,0.30434782608695654,1.5625,187.78199999999998,-1,1.0,0.0,0.8571428571428571,0.14285714285714285,0.7692307692307693,0.23076923076923078
24,4,0.87,0.68,0.3953488372093023,1.6323529411764706,191.58011249999998,-1,1.0,0.0,0.8947368421052632,0.10526315789473684,0.7142857142857143,0.2857142857142857
24,5,0.85,0.67,0.36363636363636365,1.5522388059701493,188.5989,-1,1.0,0.0,0.8235294117647058,0.17647058823529413,0.7692307692307693,0.23076923076923078
24,6,0.83,0.69,0.44680851063829785,1.5072463768115942,209.58425249999996,-1,1.0,0.0,0.8461538461538461,0.15384615384615385,0.7142857142857143,0.2857142857142857
24,7,0.79,0.6,0.38095238095238093,1.7166666666666666,193.11651187499996,-1,1.0,0.0,0.8275862068965517,0.1724137931034483,0.6666666666666666,0.3333333333333333
24,8,0.81,0.58,0.32432432432432434,1.706896551724138,181.82234306249998,-1,1.0,0.0,0.9047619047619048,0.09523809523809523,0.7647058823529411,0.23529411764705882
24,9,0.82,0.74,0.43902439024390244,1.7972972972972974,218.55360515624997,-1,1.0,0.0,0.8928571428571429,0.10714285714285714,0.7272727272727273,0.2727272727272727
24,10,0.83,0.66,0.3673469387755102,1.7878787878787878,202.58481737812505,-1,1.0,0.0,0.42857142857142855,0.5714285714285714,0.8181818181818182,0.18181818181818182
24,11,0.85,0.65,0.39473684210526316,1.876923076923077,199.60723760906248,-1,1.0,0.0,0.8181818181818182,0.18181818181818182,0.5833333333333334,0.4166666666666667
24,12,0.87,0.71,0.4166666666666667,1.7746478873239437,217.83344101066405,0,1.0,0.0,0.7272727272727273,0.2727272727272727,0.6111111111111112,0.3888888888888889
24,13,0.88,0.73,0.4528301886792453,1.917808219178082,214.98158021582807,-1,1.0,0.0,0.9130434782608695,0.08695652173913043,0.6153846153846154,0.38461538461538464
24,14,0.89,0.69,0.4074074074074074,1.7971014492753623,185.56480316620718,-1,1.0,0.0,0.8888888888888888,0.1111111111111111,0.7272727272727273,0.2727272727272727
24,15,0.82,0.61,0.4888888888888889,2.19672131147541,195.15852206456177,-1,1.0,0.0,0.9230769230769231,0.07692307692307693,0.6428571428571429,0.35714285714285715
24,16,0.87,0.67,0.475,2.1044776119402986,196.3161826936365,-1,1.0,0.0,0.8,0.2,0.6666666666666666,0.3333333333333333
24,17,0.8,0.65,0.4318181818181818,2.1384615384615384,218.79113980448625,-1,1.0,0.0,0.7727272727272727,0.22727272727272727,0.46153846153846156,0.5384615384615384
24,18,0.78,0.61,0.358974358974359,1.9344262295081966,189.8991298134612,-1,1.0,0.0,0.7222222222222222,0.2777777777777778,0.7142857142857143,0.2857142857142857
24,19,0.87,0.7,0.42857142857142855,2.1142857142857143,199.6949426944232,-1,1.0,0.0,0.782608695652174,0.21739130434782608,0.8,0.2
24,20,0.82,0.65,0.34,1.9538461538461538,193.5117268868883,-1,1.0,0.0,0.8095238095238095,0.19047619047619047,0.8333333333333334,0.16666666666666666
24,21,0.86,0.61,0.38095238095238093,2.0163934426229506,203.94275285451815,-1,1.0,0.0,0.8333333333333334,0.16666666666666666,0.7142857142857143,0.2857142857142857
24,22,0.88,0.64,0.5454545454545454,1.984375,216.99997305550346,-1,1.0,0.0,0.7894736842105263,0.21052631578947367,0.65,0.35
24,23,0.78,0.65,0.3902439024390244,2.123076923076923,212.86995173574226,-1,1.0,0.0,0.8260869565217391,0.17391304347826086,0.6428571428571429,0.35714285714285715
24,24,0.91,0.68,0.3673469387755102,1.9411764705882353,240.61878746529652,-1,1.0,0.0,0.7272727272727273,0.2727272727272727,0.5882352941176471,0.4117647058823529
24,25,0.81,0.66,0.40425531914893614,1.8484848484848484,211.67994650090816,-1,1.0,0.0,0.7647058823529411,0.23529411764705882,0.7142857142857143,0.2857142857142857
24,26,0.88,0.7,0.3877551020408163,1.9285714285714286,225.1675122605113,-1,1.0,0.0,0.65,0.35,0.6428571428571429,0.35714285714285715
24,27,0.85,0.66,0.3673469387755102,2.0,204.85053365769357,-1,1.0,0.0,0.8,0.2,0.6923076923076923,0.3076923076923077
24,28,0.86,0.68,0.5434782608695652,1.9852941176470589,220.55246875123456,-1,1.0,0.0,0.72,0.28,0.8461538461538461,0.15384615384615385
24,29,0.79,0.63,0.5106382978723404,2.0952380952380953,193.295725444712,-1,1.0,0.0,0.8571428571428571,0.14285714285714285,0.6666666666666666,0.3333333333333333
24,30,0.83,0.69,0.46938775510204084,2.028985507246377,211.5128918123595,-1,1.0,0.0,0.8333333333333334,0.16666666666666666,0.625,0.375
24,31,0.86,0.71,0.3695652173913043,1.943661971830986,231.2588640190195,-1,1.0,0.0,0.7,0.3,0.7058823529411765,0.29411764705882354
24,32,0.87,0.77,0.42857142857142855,1.922077922077922,212.1557982974883,1,1.0,0.0,0.5882352941176471,0.4117647058823529,0.7857142857142857,0.21428571428571427
24,33,0.9,0.74,0.5357142857142857,2.324324324324324,229.15868048060787,0,1.0,0.0,0.7307692307692307,0.2692307692307692,0.7058823529411765,0.29411764705882354
24,34,0.85,0.73,0.5,2.3424657534246576,225.99667220894804,-1,1.0,0.0,0.7727272727272727,0.22727272727272727,0.5,0.5
24,35,0.84,0.73,0.42105263157894735,2.2054794520547945,230.1825909417992,3,1.0,0.0,0.6818181818181818,0.3181818181818182,0.5882352941176471,0.4117647058823529
24,36,0.82,0.66,0.4489795918367347,2.378787878787879,203.8405310402321,-1,1.0,0.0,0.7777777777777778,0.2222222222222222,0.5714285714285714,0.42857142857142855
24,37,0.89,0.73,0.45098039215686275,2.2465753424657535,201.0506067757697,1,1.0,0.0,0.75,0.25,0.4,0.6
24,38,0.9,0.67,0.425531914893617,1.955223880597015,203.97715699117876,-1,1.0,0.0,0.9130434782608695,0.08695652173913043,0.5454545454545454,0.45454545454545453
24,39,0.85,0.64,0.40476190476190477,2.09375,210.03972057183168,-1,1.0,0.0,0.375,0.625,0.625,0.375
24,40,0.86,0.69,0.5,2.2318840579710146,209.58240639568885,-1,1.0,0.0,0.8260869565217391,0.17391304347826086,0.6666666666666666,0.3333333333333333
24,41,0.85,0.68,0.391304347826087,2.3088235294117645,220.90955780439396,-1,1.0,0.0,0.6875,0.3125,0.6842105263157895,0.3157894736842105
24,42,0.86,0.69,0.2553191489361702,1.9855072463768115,230.151164080536,-1,1.0,0.0,0.7916666666666666,0.20833333333333334,0.5,0.5
24,43,0.8,0.63,0.5,2.3968253968253967,194.57549956737293,-1,1.0,0.0,0.8333333333333334,0.16666666666666666,0.375,0.625
24,44,0.83,0.6,0.47619047619047616,2.05,194.64349065626624,0,1.0,0.0,0.5882352941176471,0.4117647058823529,0.5384615384615384,0.46153846153846156
24,45,0.82,0.67,0.35555555555555557,2.208955223880597,207.31566939998217,-1,1.0,0.0,0.6666666666666666,0.3333333333333333,0.6428571428571429,0.35714285714285715
24,46,0.9,0.66,0.35714285714285715,1.7575757575757576,223.9308335942321,-1,1.0,0.0,0.8095238095238095,0.19047619047619047,0.8095238095238095,0.19047619047619047
24,47,0.83,0.66,0.36363636363636365,2.106060606060606,213.40670879693607,-1,1.0,0.0,0.7368421052631579,0.2631578947368421,0.6153846153846154,0.38461538461538464
24,48,0.84,0.69,0.2857142857142857,1.6666666666666667,187.3752536851156,1,1.0,0.0,0.7894736842105263,0.21052631578947367,0.7692307692307693,0.23076923076923078
24,49,0.82,0.67,0.4583333333333333,2.1492537313432836,215.2324365071998,-1,1.0,0.0,0.7272727272727273,0.2727272727272727,0.5,0.5
24,50,0.85,0.66,0.4090909090909091,1.9848484848484849,198.6054823819094,0,1.0,0.0,0.75,0.25,0.6,0.4
24,51,0.86,0.68,0.5217391304347826,2.161764705882353,207.2787339351387,-1,1.0,0.0,0.8095238095238095,0.19047619047619047,0.5454545454545454,0.45454545454545453
24,52,0.84,0.7,0.4716981132075472,2.0428571428571427,228.82511979310786,-1,1.0,0.0,0.8,0.2,0.5714285714285714,0.42857142857142855
24,53,0.81,0.7,0.37735849056603776,1.7142857142857142,222.44914067960775,-1,1.0,0.0,0.7619047619047619,0.23809523809523808,0.625,0.375
24,54,0.84,0.62,0.5909090909090909,2.0161290322580645,214.8052727291049,-1,1.0,0.0,0.7,0.3,0.5882352941176471,0.4117647058823529
24,55,0.95,0.79,0.34,1.7088607594936709,252.3956797969979,-1,1.0,0.0,0.8076923076923077,0.19230769230769232,0.7058823529411765,0.29411764705882354
24,56,0.81,0.67,0.38181818181818183,1.8059701492537314,214.00606359956515,-1,1.0,0.0,0.7368421052631579,0.2631578947368421,0.5833333333333334,0.4166666666666667
24,57,0.89,0.78,0.4230769230769231,1.9487179487179487,243.5544720697401,-1,1.0,0.0,0.5882352941176471,0.4117647058823529,0.875,0.125
24,58,0.85,0.62,0.6078431372549019,2.274193548387097,206.35937774299182,-1,1.0,0.0,0.782608695652174,0.21739130434782608,0.8333333333333334,0.16666666666666666
24,59,0.79,0.63,0.42857142857142855,2.015873015873016,190.4718902892579,-1,1.0,0.0,0.7368421052631579,0.2631578947368421,0.75,0.25
24,60,0.84,0.66,0.375,2.1666666666666665,180.6202332191194,0,1.0,0.0,0.8421052631578947,0.15789473684210525,0.7272727272727273,0.2727272727272727
24,61,0.85,0.69,0.35555555555555557,2.0434782608695654,220.90310149612299,2,1.0,0.0,0.8260869565217391,0.17391304347826086,0.6470588235294118,0.35294117647058826
24,62,0.83,0.61,0.36363636363636365,2.0655737704918034,190.45477039788358,-1,1.0,0.0,0.85,0.15,0.9090909090909091,0.09090909090909091
24,63,0.85,0.66,0.4878048780487805,2.196969696969697,204.02119805192916,2,1.0,0.0,0.8181818181818182,0.18181818181818182,0.6666666666666666,0.3333333333333333
24,64,0.9,0.63,0.44680851063829785,2.253968253968254,203.2970355644237,-1,1.0,0.0,0.8181818181818182,0.18181818181818182,0.7692307692307693,0.23076923076923078
24,65,0.82,0.62,0.23684210526315788,1.8548387096774193,207.1388495303343,-1,1.0,0.0,0.782608695652174,0.21739130434782608,0.6363636363636364,0.36363636363636365
25,0,0.83,0.64,,1.0,182.0,-1,1.0,0.0,0.8823529411764706,0.11764705882352941,0.5384615384615384,0.46153846153846156
25,1,0.84,0.68,0.46153846153846156,1.2647058823529411,201.60000000000005,-1,1.0,0.0,0.9,0.1,0.6,0.4
25,2,0.83,0.69,0.5,1.565217391304348,204.5819999999999,3,1.0,0.0,0.8695652173913043,0.13043478260869565,0.7333333333333333,0.26666666666666666
25,3,0.83,0.68,0.44680851063829785,1.6323529411764706,198.32925,-1,1.0,0.0,0.7647058823529411,0.23529411764705882,0.8571428571428571,0.14285714285714285
25,4,0.83,0.67,0.5294117647058824,1.8208955223880596,183.696975,0,1.0,0.0,0.9047619047619048,0.09523809523809523,0.5,0.5
25,5,0.86,0.76,0.44642857142857145,1.763157894736842,235.77513750000003,-1,1.0,0.0,0.6818181818181818,0.3181818181818182,0.6153846153846154,0.38461538461538464
25,6,0.9,0.68,0.4716981132075472,1.838235294117647,201.928111875,-1,1.0,0.0,0.84,0.16,0.7,0.3
25,7,0.8,0.67,0.32608695652173914,1.8059701492537314,198.55889943749997,-1,1.0,0.0,0.8695652173913043,0.13043478260869565,0.75,0.25
25,8,0.87,0.72,0.375,1.7638888888888888,203.73119549999996,0,1.0,0.0,0.8260869565217391,0.17391304347826086,0.7142857142857143,0.2857142857142857
25,9,0.91,0.74,0.32075471698113206,1.7432432432432432,196.23108517523443,-1,1.0,0.0,1.0,0.0,0.9230769230769231,0.07692307692307693
25,10,0.84,0.71,0.5,1.8873239436619718,215.6164469648437,-1,1.0,0.0,0.6875,0.3125,0.6428571428571429,0.35714285714285715
25,11,0.93,0.76,0.4117647058823529,1.9473684210526316,227.3485222252617,-1,1.0,0.0,0.6,0.4,0.7058823529411765,0.29411764705882354
25,12,0.85,0.73,0.4074074074074074,1.8630136986301369,217.65904502146873,-1,1.0,0.0,0.8518518518518519,0.14814814814814814,0.6666666666666666,0.3333333333333333
25,13,0.84,0.68,0.36,1.7941176470588236,222.53724717606207,3,1.0,0.0,0.7037037037037037,0.2962962962962963,0.4666666666666667,0.5333333333333333
25,14,0.87,0.72,0.40384615384615385,1.7777777777777777,232.886621224941,4,1.0,0.0,0.6551724137931034,0.3448275862068966,0.6153846153846154,0.38461538461538464
25,15,0.88,0.75,0.38181818181818183,1.8,234.90843370025863,-1,1.0,0.0,0.8928571428571429,0.10714285714285714,0.7619047619047619,0.23809523809523808
25,16,0.83,0.69,0.4339622641509434,1.8985507246376812,199.11777592617105,-1,1.0,0.0,0.7368421052631579,0.2631578947368421,0.7692307692307693,0.23076923076923078
25,17,0.82,0.7,0.36,1.7142857142857142,201.29759225457303,4,1.0,0.0,0.8636363636363636,0.13636363636363635,0.6,0.4
25,18,0.83,0.71,0.22448979591836735,1.591549295774648,211.65479596411723,-1,1.0,0.0,0.8333333333333334,0.16666666666666666,0.7647058823529411,0.23529411764705882
25,19,0.84,0.7,0.37254901960784315,1.6142857142857143,238.79704237845203,-1,1.0,0.0,0.6818181818181818,0.3181818181818182,0.5625,0.4375
25,20,0.81,0.69,0.41304347826086957,1.7246376811594204,229.86374458010857,2,1.0,0.0,0.8518518518518519,0.14814814814814814,0.631578947368421,0.3684210526315789
25,21,0.89,0.8,0.4642857142857143,1.9375,230.55096418424773,1,1.0,0.0,0.6111111111111112,0.3888888888888889,0.6111111111111112,0.3888888888888889
25,22,0.83,0.71,0.5483870967741935,2.140845070422535,191.49779829869283,0,1.0,0.0,0.8235294117647058,0.17647058823529413,0.5,0.5
25,23,0.86,0.76,0.39622641509433965,2.026315789473684,239.21251811048975,2,1.0,0.0,0.76,0.24,0.6,0.4
25,24,0.75,0.63,0.40816326530612246,1.8571428571428572,215.1823507123466,-1,1.0,0.0,0.88,0.12,0.6875,0.3125
25,25,0.78,0.65,0.3488372093023256,2.0615384615384613,187.3830479994615,0,1.0,0.0,0.7619047619047619,0.23809523809523808,0.7857142857142857,0.21428571428571427
25,26,0.82,0.67,0.3488372093023256,2.014925373134328,218.3457142782587,-1,1.0,0.0,0.8095238095238095,0.19047619047619047,0.8333333333333334,0.16666666666666666
25,27,0.84,0.75,0.5306122448979592,1.9866666666666666,234.94140779789205,-1,1.0,0.0,0.9629629629629629,0.037037037037037035,0.6923076923076923,0.3076923076923077
25,28,0.89,0.73,0.42105263157894735,1.9452054794520548,219.2678533111111,-1,1.0,0.0,0.6875,0.3125,0.8,0.2
25,29,0.81,0.66,0.375,2.106060606060606,204.65691318436942,-1,1.0,0.0,0.8260869565217391,0.17391304347826086,0.7272727272727273,0.2727272727272727
25,30,0.88,0.66,0.4772727272727273,2.303030303030303,225.0287028174738,3,1.0,0.0,0.68,0.32,0.6875,0.3125
25,31,0.85,0.67,0.3469387755102041,1.9104477611940298,219.00836128515814,-1,1.0,0.0,0.8571428571428571,0.14285714285714285,0.6,0.4
25,32,0.88,0.68,0.48,2.176470588235294,221.2217213780416,3,1.0,0.0,0.5416666666666666,0.4583333333333333,0.8571428571428571,0.14285714285714285
25,33,0.86,0.71,0.3958333333333333,2.0,219.52374535043046,-1,1.0,0.0,0.8421052631578947,0.15789473684210525,0.6666666666666666,0.3333333333333333
25,34,0.88,0.74,0.32727272727272727,1.9324324324324325,238.7386269700628,-1,1.0,0.0,0.8,0.2,0.6666666666666666,0.3333333333333333
25,35,0.9,0.7,0.35714285714285715,1.9285714285714286,237.70166733096536,3,1.0,0.0,0.7777777777777778,0.2222222222222222,0.625,0.375
25,36,0.85,0.72,0.28888888888888886,1.8888888888888888,230.53723296374505,-1,1.0,0.0,0.90625,0.09375,0.8181818181818182,0.18181818181818182
25,37,0.82,0.64,0.45652173913043476,2.03125,214.19188356836162,-1,1.0,0.0,0.9259259259259259,0.07407407407407407,0.7142857142857143,0.2857142857142857
25,38,0.84,0.62,0.38461538461538464,1.8548387096774193,201.71682804349635,-1,1.0,0.0,0.9375,0.0625,0.625,0.375
25,39,0.86,0.69,0.4444444444444444,2.0144927536231885,197.21321903807862,1,1.0,0.0,0.65,0.35,0.75,0.25
25,40,0.85,0.64,0.5,2.328125,198.4123027102256,-1,1.0,0.0,0.6923076923076923,0.3076923076923077,0.5833333333333334,0.4166666666666667
25,41,0.86,0.67,0.5116279069767442,2.2238805970149254,196.2270651575692,-1,1.0,0.0,0.8823529411764706,0.11764705882352941,0.6666666666666666,0.3333333333333333
25,42,0.85,0.75,0.38,2.0933333333333333,216.19926367231358,-1,1.0,0.0,0.9444444444444444,0.05555555555555555,0.6,0.4
25,43,0.79,0.63,0.5227272727272727,2.2698412698412698,186.92642794783234,-1,1.0,0.0,0.9130434782608695,0.08695652173913043,0.5,0.5
25,44,0.86,0.71,0.3333333333333333,1.6901408450704225,223.18700955254147,-1,1.0,0.0,0.8846153846153846,0.11538461538461539,0.6923076923076923,0.3076923076923077
25,45,0.89,0.8,0.47368421052631576,1.825,228.4537510338878,-1,1.0,0.0,0.9333333333333333,0.06666666666666667,0.7272727272727273,0.2727272727272727
25,46,0.88,0.75,0.4166666666666667,1.8266666666666667,258.01803669261676,-1,1.0,0.0,0.7619047619047619,0.23809523809523808,0.5263157894736842,0.47368421052631576
25,47,0.8,0.68,0.5098039215686274,2.014705882352941,211.82648094501957,-1,1.0,0.0,0.8235294117647058,0.17647058823529413,0.6666666666666666,0.3333333333333333
25,48,0.82,0.66,0.47619047619047616,2.1818181818181817,226.6741393298722,-1,1.0,0.0,0.8888888888888888,0.1111111111111111,0.6666666666666666,0.3333333333333333
25,49,0.87,0.61,0.3333333333333333,2.0491803278688523,202.73863933630702,-1,1.0,0.0,0.75,0.25,0.8571428571428571,0.14285714285714285
25,50,0.87,0.67,0.4634146341463415,2.328358208955224,214.39976508713517,-1,1.0,0.0,0.65,0.35,0.7692307692307693,0.23076923076923078
25,51,0.84,0.67,0.5111111111111111,2.014925373134328,219.77034605690815,-1,1.0,0.0,0.8636363636363636,0.13636363636363635,0.4166666666666667,0.5833333333333334
25,52,0.84,0.64,0.3191489361702128,1.8125,196.28445047031875,-1,1.0,0.0,0.8823529411764706,0.11764705882352941,0.75,0.25
25,53,0.89,0.77,0.43137254901960786,1.948051948051948,237.25655265074622,-1,1.0,0.0,0.8636363636363636,0.13636363636363635,0.7857142857142857,0.21428571428571427
25,54,0.84,0.63,0.5,2.111111111111111,219.98090700599843,-1,1.0,0.0,0.65,0.35,0.7692307692307693,0.23076923076923078
25,55,0.84,0.68,0.3829787234042553,2.014705882352941,195.37882377680293,2,1.0,0.0,0.9285714285714286,0.07142857142857142,0.6363636363636364,0.36363636363636365
25,56,0.84,0.67,0.425531914893617,1.8208955223880596,216.00882554750814,-1,1.0,0.0,0.8095238095238095,0.19047619047619047,0.6153846153846154,0.38461538461538464
25,57,0.83,0.6,0.29545454545454547,1.7333333333333334,198.8637482017758,-1,1.0,0.0,0.75,0.25,0.6923076923076923,0.3076923076923077
25,58,0.83,0.66,0.34146341463414637,1.7727272727272727,206.67654259471814,-1,1.0,0.0,0.8333333333333334,0.16666666666666666,0.42857142857142855,0.5714285714285714
25,59,0.83,0.64,0.5333333333333333,1.875,197.65537849311045,-1,1.0,0.0,0.8888888888888888,0.1111111111111111,0.6153846153846154,0.38461538461538464
25,60,0.82,0.65,0.2619047619047619,1.7692307692307692,211.77725873082932,-1,1.0,0.0,0.8421052631578947,0.15789473684210525,0.75,0.25
25,61,0.85,0.7,0.2727272727272727,1.7,236.87303435559386,1,1.0,0.0,0.6666666666666666,0.3333333333333333,0.5789473684210527,0.42105263157894735
25,62,0.79,0.6,0.4444444444444444,1.8833333333333333,198.35927622186318,-1,1.0,0.0,0.7777777777777778,0.2222222222222222,0.5833333333333334,0.4166666666666667
25,63,0.83,0.75,0.3958333333333333,1.9066666666666667,228.69085079186206,-1,1.0,0.0,0.75,0.25,0.6666666666666666,0.3333333333333333
25,64,0.82,0.66,0.43478260869565216,1.6666666666666667,224.35358947062565,-1,1.0,0.0,0.7142857142857143,0.2857142857142857,0.8125,0.1875
25,65,0.79,0.58,0.4,2.1206896551724137,187.2731364243801,-1,1.0,0.0,0.7727272727272727,0.22727272727272727,0.9,0.1
26,0,0.82,0.61,,1.0,186.6,2,1.0,0.0,0.8095238095238095,0.19047619047619047,0.6666666666666666,0.3333333333333333
26,1,0.81,0.61,0.2564102564102564,1.1639344262295082,176.40000000000003,-1,1.0,0.0,0.8421052631578947,0.15789473684210525,0.6,0.4
26,2,0.84,0.67,0.4883720930232558,1.4328358208955223,220.70999999999992,-1,1.0,0.0,0.7916666666666666,0.20833333333333334,0.5882352941176471,0.4117647058823529
26,3,0.84,0.68,0.47058823529411764,1.5735294117647058,201.15374999999992,-1,1.0,0.0,0.9333333333333333,0.06666666666666667,0.7692307692307693,0.23076923076923078
26,4,0.81,0.61,0.4444444444444444,1.6557377049180328,182.26529999999994,-1,1.0,0.0,0.8181818181818182,0.18181818181818182,0.6,0.4
26,5,0.81,0.62,0.41025641025641024,1.6774193548387097,197.06801624999994,-1,1.0,0.0,0.88,0.12,0.7333333333333333,0.26666666666666666
26,6,0.89,0.76,0.4,1.763157894736842,217.46614050000002,-1,1.0,0.0,0.7222222222222222,0.2777777777777778,0.6153846153846154,0.38461538461538464
26,7,0.85,0.69,0.5,1.8115942028985508,226.1470470328125,-1,1.0,0.0,0.7142857142857143,0.2857142857142857,0.6666666666666666,0.3333333333333333
26,8,0.81,0.69,0.4791666666666667,2.0579710144927534,195.4271937515624,-1,1.0,0.0,0.8333333333333334,0.16666666666666666,0.75,0.25
26,9,0.83,0.69,0.2916666666666667,1.710144927536232,223.6282058685938,-1,1.0,0.0,0.7857142857142857,0.21428571428571427,0.6153846153846154,0.38461538461538464
26,10,0.85,0.68,0.42,1.9558823529411764,204.6153236212968,-1,1.0,0.0,0.8260869565217391,0.17391304347826086,0.8,0.2
26,11,0.8,0.69,0.46808510638297873,2.1594202898550723,205.619737262625,-1,1.0,0.0,0.8333333333333334,0.16666666666666666,0.6666666666666666,0.3333333333333333
26,12,0.91,0.8,0.375,1.875,233.9477184769102,-1,1.0,0.0,0.8461538461538461,0.15384615384615385,0.7333333333333333,0.26666666666666666
26,13,0.88,0.71,0.4,1.8732394366197183,204.78155970825003,-1,1.0,0.0,0.8888888888888888,0.1111111111111111,0.8823529411764706,0.11764705882352941
26,14,0.84,0.66,0.48936170212765956,2.1515151515151514,188.28896597830015,-1,1.0,0.0,0.9545454545454546,0.045454545454545456,0.6666666666666666,0.3333333333333333
26,15,0.87,0.74,0.4,1.9054054054054055,240.08825949510936,-1,1.0,0.0,0.8148148148148148,0.18518518518518517,0.6428571428571429,0.35714285714285715
26,16,0.85,0.68,0.46938775510204084,1.911764705882353,221.73716438547925,-1,1.0,0.0,0.6190476190476191,0.38095238095238093,0.6666666666666666,0.3333333333333333
26,17,0.88,0.72,0.4375,2.013888888888889,215.49507075440016,-1,1.0,0.0,0.9047619047619048,0.09523809523809523,0.5555555555555556,0.4444444444444444
26,18,0.81,0.61,0.3181818181818182,1.7049180327868851,210.8793871331657,-1,1.0,0.0,0.8181818181818182,0.18181818181818182,0.5833333333333334,0.4166666666666667
26,19,0.87,0.64,0.3488372093023256,1.59375,217.9236462236545,-1,1.0,0.0,1.0,0.0,0.625,0.375
26,20,0.88,0.68,0.46,1.75,251.21776618450855,-1,1.0,0.0,0.7692307692307693,0.23076923076923078,0.5,0.5
26,21,0.88,0.76,0.46296296296296297,1.9210526315789473,259.11015240201544,-1,1.0,0.0,0.7142857142857143,0.2857142857142857,0.5625,0.4375
26,22,0.89,0.68,0.47058823529411764,2.014705882352941,236.44965918964564,-1,1.0,0.0,0.8095238095238095,0.19047619047619047,0.5333333333333333,0.4666666666666667
26,23,0.83,0.7,0.42,1.8714285714285714,245.3704946000979,-1,1.0,0.0,0.8076923076923077,0.19230769230769232,0.5333333333333333,0.4666666666666667
26,24,0.86,0.73,0.36,1.8493150684931507,245.47284076723318,-1,1.0,0.0,0.8,0.2,0.7222222222222222,0.2777777777777778
26,25,0.88,0.63,0.391304347826087,1.8412698412698412,194.89495025272436,-1,1.0,0.0,0.8571428571428571,0.14285714285714285,0.8461538461538461,0.15384615384615385
26,26,0.83,0.68,0.4782608695652174,2.0294117647058822,235.50339673028054,-1,1.0,0.0,0.8,0.2,0.6666666666666666,0.3333333333333333
26,27,0.85,0.62,0.3181818181818182,1.903225806451613,214.3228450902567,-1,1.0,0.0,0.6428571428571429,0.35714285714285715,0.6470588235294118,0.35294117647058826
26,28,0.85,0.67,0.3953488372093023,1.9701492537313432,224.5179158603659,-1,1.0,0.0,0.8333333333333334,0.16666666666666666,0.6666666666666666,0.3333333333333333
26,29,0.8,0.65,0.41304347826086957,1.9384615384615385,213.22731826223762,-1,1.0,0.0,0.8214285714285714,0.17857142857142858,0.7,0.3
26,30,0.82,0.64,0.3023255813953488,1.609375,234.37708920901605,-1,1.0,0.0,0.7727272727272727,0.22727272727272727,0.5882352941176471,0.4117647058823529
26,31,0.83,0.68,0.30434782608695654,1.6029411764705883,209.47017473866384,2,1.0,0.0,0.8235294117647058,0.17647058823529413,0.8125,0.1875
26,32,0.77,0.59,0.5128205128205128,2.0338983050847457,178.6926265150639,0,1.0,0.0,0.7619047619047619,0.23809523809523808,0.8333333333333334,0.16666666666666666
26,33,0.87,0.7,0.4883720930232558,2.157142857142857,238.97748502609798,-1,1.0,0.0,0.7272727272727273,0.2727272727272727,0.6153846153846154,0.38461538461538464
26,34,0.85,0.67,0.3541666666666667,2.1044776119402986,217.79518573147877,3,1.0,0.0,0.8888888888888888,0.1111111111111111,0.5384615384615384,0.46153846153846156
26,35,0.8,0.67,0.5416666666666666,2.1940298507462686,217.11754045444664,-1,1.0,0.0,0.85,0.15,0.6,0.4
26,36,0.85,0.67,0.4,2.0,206.3557355888207,-1,1.0,0.0,0.9259259259259259,0.07407407407407407,0.5,0.5
26,37,0.84,0.65,0.3488372093023256,2.1076923076923078,225.37177959292342,-1,1.0,0.0,0.7,0.3,0.6,0.4
26,38,0.83,0.65,0.475,1.9846153846153847,207.68334051882636,-1,1.0,0.0,0.875,0.125,0.6,0.4
26,39,0.83,0.64,0.5581395348837209,2.078125,196.11848446310418,-1,1.0,0.0,0.9444444444444444,0.05555555555555555,0.7692307692307693,0.23076923076923078
26,40,0.86,0.65,0.37777777777777777,1.7230769230769232,196.91077538783273,2,1.0,0.0,0.8333333333333334,0.16666666666666666,0.7272727272727273,0.2727272727272727
26,41,0.76,0.57,0.4411764705882353,1.9473684210526316,184.00549502906557,1,1.0,0.0,0.8235294117647058,0.17647058823529413,0.7894736842105263,0.21052631578947367
26,42,0.93,0.73,0.5121951219512195,2.2054794520547945,238.5190698262345,2,1.0,0.0,0.8076923076923077,0.19230769230769232,0.75,0.25
26,43,0.87,0.72,0.4489795918367347,1.9583333333333333,231.3371120503761,-1,1.0,0.0,0.8333333333333334,0.16666666666666666,0.8,0.2
26,44,0.83,0.74,0.43636363636363634,1.7972972972972974,225.6392537087741,-1,1.0,0.0,0.875,0.125,0.8125,0.1875
26,45,0.85,0.71,0.30612244897959184,1.9295774647887325,232.18125967168697,-1,1.0,0.0,0.7894736842105263,0.21052631578947367,0.7333333333333333,0.26666666666666666
26,46,0.89,0.73,0.4444444444444444,1.904109589041096,231.8555876108471,-1,1.0,0.0,0.9166666666666666,0.08333333333333333,0.6923076923076923,0.3076923076923077
26,47,0.87,0.67,0.42,1.8656716417910448,217.02110427447033,-1,1.0,0.0,0.7368421052631579,0.2631578947368421,0.7692307692307693,0.23076923076923078
26,48,0.82,0.64,0.5227272727272727,2.203125,186.60894487588513,-1,1.0,0.0,1.0,0.0,0.7777777777777778,0.2222222222222222
26,49,0.83,0.66,0.3953488372093023,2.212121212121212,215.37061159751917,-1,1.0,0.0,0.9,0.1,0.7222222222222222,0.2777777777777778
26,50,0.83,0.72,0.46938775510204084,2.361111111111111,212.52795863045665,-1,1.0,0.0,0.9545454545454546,0.045454545454545456,0.7,0.3
26,51,0.86,0.67,0.45098039215686275,2.1492537313432836,226.50213025377832,-1,1.0,0.0,0.9583333333333334,0.041666666666666664,0.7,0.3
26,52,0.9,0.71,0.37254901960784315,2.056338028169014,222.90775907099777,-1,1.0,0.0,0.8571428571428571,0.14285714285714285,0.875,0.125
26,53,0.9,0.69,0.42857142857142855,2.0144927536231885,234.83684974413796,-1,1.0,0.0,0.92,0.08,0.7333333333333333,0.26666666666666666
26,54,0.77,0.64,0.5111111111111111,2.25,201.65581746845137,-1,1.0,0.0,0.9,0.1,0.8333333333333334,0.16666666666666666
26,55,0.84,0.64,0.5609756097560976,2.1875,191.97427931665825,0,1.0,0.0,0.8571428571428571,0.14285714285714285,0.7333333333333333,0.26666666666666666
26,56,0.89,0.78,0.4230769230769231,2.1666666666666665,251.99559527967352,-1,1.0,0.0,0.9259259259259259,0.07407407407407407,0.6153846153846154,0.38461538461538464
26,57,0.87,0.68,0.36538461538461536,2.161764705882353,236.01384402581778,-1,1.0,0.0,0.9090909090909091,0.09090909090909091,0.6666666666666666,0.3333333333333333
26,58,0.79,0.69,0.4444444444444444,1.9130434782608696,201.36123628047133,-1,1.0,0.0,1.0,0.0,0.75,0.25
26,59,0.84,0.69,0.44680851063829785,2.072463768115942,221.85386306721819,-1,1.0,0.0,0.9230769230769231,0.07692307692307693,0.7857142857142857,0.21428571428571427
26,60,0.86,0.73,0.4230769230769231,1.9726027397260273,234.46114896492327,-1,1.0,0.0,0.9166666666666666,0.08333333333333333,0.7647058823529411,0.23529411764705882
26,61,0.86,0.7,0.4339622641509434,2.0428571428571427,205.20663709041997,2,1.0,0.0,0.8947368421052632,0.10526315789473684,0.6428571428571429,0.35714285714285715
26,62,0.88,0.72,0.54,2.2083333333333335,221.23994804580556,-1,1.0,0.0,0.8846153846153846,0.11538461538461539,0.8461538461538461,0.15384615384615385
26,63,0.85,0.69,0.4807692307692308,2.101449275362319,225.08925375427214,-1,1.0,0.0,0.9629629629629629,0.037037037037037035,0.8125,0.1875
26,64,0.87,0.72,0.39215686274509803,1.875,216.24920484589023,-1,1.0,0.0,0.9,0.1,0.875,0.125
26,65,0.83,0.65,0.5,1.9076923076923078,203.96688489155002,-1,1.0,0.0,1.0,0.0,0.7857142857142857,0.21428571428571427
27,0,0.79,0.61,,1.0,186.0,-1,1.0,0.0,0.7272727272727273,0.2727272727272727,0.6363636363636364,0.36363636363636365
27,1,0.86,0.72,0.3695652173913043,1.2361111111111112,207.90000000000006,-1,1.0,0.0,0.92,0.08,0.75,0.25
27,2,0.86,0.67,0.35294117647058826,1.4179104477611941,206.26199999999994,2,1.0,0.0,0.7727272727272727,0.22727272727272727,0.75,0.25
27,3,0.9,0.78,0.39622641509433965,1.4743589743589745,210.13649999999998,1,1.0,0.0,0.7368421052631579,0.2631578947368421,0.6666666666666666,0.3333333333333333
27,4,0.89,0.77,0.35,1.5974025974025974,238.891275,-1,1.0,0.0,0.8148148148148148,0.18518518518518517,0.7894736842105263,0.21052631578947367
27,5,0.84,0.79,0.5,1.9367088607594938,209.84906249999992,3,1.0,0.0,0.8076923076923077,0.19230769230769232,0.6363636363636364,0.36363636363636365
27,6,0.88,0.67,0.41818181818181815,1.8805970149253732,179.94426187499997,-1,1.0,0.0,0.9090909090909091,0.09090909090909091,0.8333333333333334,0.16666666666666666
27,7,0.91,0.78,0.5384615384615384,1.9871794871794872,210.77531606250002,0,1.0,0.0,0.7857142857142857,0.21428571428571427,0.6666666666666666,0.3333333333333333
27,8,0.79,0.64,0.4375,1.859375,190.34443378125,-1,1.0,0.0,0.8333333333333334,0.16666666666666666,0.9047619047619048,0.09523809523809523
27,9,0.82,0.64,0.42105263157894735,2.109375,183.91784551875006,-1,1.0,0.0,0.8421052631578947,0.15789473684210525,0.8,0.2
27,10,0.87,0.77,0.38461538461538464,2.0259740259740258,212.89169435625007,-1,1.0,0.0,1.0,0.0,0.7142857142857143,0.2857142857142857
27,11,0.86,0.68,0.4,1.7647058823529411,192.03147997031255,-1,1.0,0.0,0.9090909090909091,0.09090909090909091,0.6666666666666666,0.3333333333333333
27,12,0.82,0.64,0.44680851063829785,2.125,187.20888367781254,-1,1.0,0.0,0.9583333333333334,0.041666666666666664,0.75,0.25
27,13,0.79,0.68,0.5,1.9705882352941178,179.5367138610937,-1,1.0,0.0,0.7058823529411765,0.29411764705882354,0.8461538461538461,0.15384615384615385
27,14,0.78,0.69,0.34782608695652173,1.7391304347826086,214.18901669369527,-1,1.0,0.0,0.7741935483870968,0.22580645161290322,0.7272727272727273,0.2727272727272727
27,15,0.77,0.65,0.3953488372093023,1.8153846153846154,179.8871970391699,1,1.0,0.0,0.7222222222222222,0.2777777777777778,0.5454545454545454,0.45454545454545453
27,16,0.84,0.66,0.5384615384615384,2.1666666666666665,182.17466737276814,-1,1.0,0.0,0.7894736842105263,0.21052631578947367,0.7857142857142857,0.21428571428571427
27,17,0.85,0.69,0.3877551020408163,2.0579710144927534,210.85941099386642,-1,1.0,0.0,0.47368421052631576,0.5263157894736842,0.6428571428571429,0.35714285714285715
27,18,0.78,0.63,0.4186046511627907,2.1904761904761907,156.203379466149,1,1.0,0.0,0.7058823529411765,0.29411764705882354,0.7777777777777778,0.2222222222222222
27,19,0.81,0.66,0.5111111111111111,2.0606060606060606,176.90862641986587,2,1.0,0.0,0.7391304347826086,0.2608695652173913,0.8888888888888888,0.1111111111111111
27,20,0.83,0.69,0.3404255319148936,1.826086956521739,208.05178115040454,-1,1.0,0.0,0.76,0.24,0.8333333333333334,0.16666666666666666
27,21,0.81,0.68,0.4166666666666667,1.9264705882352942,205.95161225905935,-1,1.0,0.0,0.5555555555555556,0.4444444444444444,0.6153846153846154,0.38461538461538464
27,22,0.86,0.73,0.2653061224489796,1.8904109589041096,211.45067682089973,-1,1.0,0.0,0.8333333333333334,0.16666666666666666,0.7222222222222222,0.2777777777777778
27,23,0.81,0.64,0.41304347826086957,2.03125,186.37597512695874,-1,1.0,0.0,0.8095238095238095,0.19047619047619047,0.6666666666666666,0.3333333333333333
27,24,0.84,0.72,0.41304347826086957,1.9583333333333333,206.31701914383996,2,1.0,0.0,0.7272727272727273,0.2727272727272727,0.8571428571428571,0.14285714285714285
27,25,0.81,0.66,0.2553191489361702,1.5454545454545454,199.01583494523072,-1,1.0,0.0,0.5294117647058824,0.47058823529411764,0.75,0.25
27,26,0.77,0.52,0.4117647058823529,1.8653846153846154,155.87637683123748,-1,1.0,0.0,0.9285714285714286,0.07142857142857142,0.6428571428571429,0.35714285714285715
27,27,0.85,0.71,0.4,1.619718309859155,202.8670311698261,-1,1.0,0.0,0.7916666666666666,0.20833333333333334,0.6666666666666666,0.3333333333333333
27,28,0.85,0.68,0.3673469387755102,1.7647058823529411,215.6094054588874,-1,1.0,0.0,0.782608695652174,0.21739130434782608,0.625,0.375
27,29,0.85,0.74,0.42857142857142855,1.8108108108108107,220.1818927372126,-1,1.0,0.0,0.6521739130434783,0.34782608695652173,0.7857142857142857,0.21428571428571427
27,30,0.9,0.69,0.37254901960784315,1.826086956521739,206.18283886454327,-1,1.0,0.0,0.7777777777777778,0.2222222222222222,0.6153846153846154,0.38461538461538464
27,31,0.85,0.68,0.5952380952380952,2.0,202.86140670755168,-1,1.0,0.0,0.5263157894736842,0.47368421052631576,0.6363636363636364,0.36363636363636365
27,32,0.84,0.72,0.4,2.1527777777777777,224.9177074609106,2,1.0,0.0,0.6818181818181818,0.3181818181818182,0.7,0.3
27,33,0.86,0.72,0.4117647058823529,1.9861111111111112,220.53331059126717,-1,1.0,0.0,0.76,0.24,0.8,0.2
27,34,0.84,0.68,0.3877551020408163,2.073529411764706,204.00065830588636,-1,1.0,0.0,0.6842105263157895,0.3157894736842105,0.8235294117647058,0.17647058823529413
27,35,0.87,0.78,0.48148148148148145,2.217948717948718,258.31984002698977,-1,1.0,0.0,0.68,0.32,0.631578947368421,0.3684210526315789
27,36,0.78,0.71,0.47368421052631576,2.0422535211267605,218.5081317704272,-1,1.0,0.0,0.7272727272727273,0.2727272727272727,0.9,0.1
27,37,0.81,0.74,0.35294117647058826,2.2567567567567566,213.50023774739026,-1,1.0,0.0,0.7368421052631579,0.2631578947368421,0.7692307692307693,0.23076923076923078
27,38,0.85,0.71,0.5740740740740741,2.323943661971831,213.19553010736976,-1,1.0,0.0,0.8571428571428571,0.14285714285714285,0.7333333333333333,0.26666666666666666
27,39,0.83,0.68,0.48,2.264705882352941,203.25535126255284,-1,1.0,0.0,0.7142857142857143,0.2857142857142857,0.7777777777777778,0.2222222222222222
27,40,0.89,0.8,0.43636363636363634,2.1,238.07633979116736,1,1.0,0.0,0.6153846153846154,0.38461538461538464,0.7058823529411765,0.29411764705882354
27,41,0.76,0.65,0.46153846153846156,2.1384615384615384,202.6011615346235,-1,1.0,0.0,0.8,0.2,0.5625,0.4375
27,42,0.85,0.75,0.3137254901960784,2.013333333333333,239.19026026958454,2,1.0,0.0,0.5909090909090909,0.4090909090909091,0.6428571428571429,0.35714285714285715
27,43,0.86,0.67,0.46,2.1940298507462686,203.70021492207178,-1,1.0,0.0,0.782608695652174,0.21739130434782608,0.8461538461538461,0.15384615384615385
27,44,0.86,0.68,0.45652173913043476,2.2941176470588234,203.11173634666338,-1,1.0,0.0,0.875,0.125,0.6428571428571429,0.35714285714285715
27,45,0.84,0.72,0.4339622641509434,2.263888888888889,215.78197413911505,-1,1.0,0.0,0.8095238095238095,0.19047619047619047,0.7777777777777778,0.2222222222222222
27,46,0.84,0.68,0.41509433962264153,2.264705882352941,205.95264943292017,2,1.0,0.0,0.7272727272727273,0.2727272727272727,0.6428571428571429,0.35714285714285715
27,47,0.8,0.64,0.3170731707317073,2.109375,179.49926701240926,-1,1.0,0.0,0.8823529411764706,0.11764705882352941,0.7857142857142857,0.21428571428571427
27,48,0.85,0.64,0.2702702702702703,2.125,187.4197526241632,-1,1.0,0.0,0.75,0.25,0.875,0.125
27,49,0.85,0.7,0.5106382978723404,2.4,233.07180958486032,-1,1.0,0.0,0.7619047619047619,0.23809523809523808,0.631578947368421,0.3684210526315789
27,50,0.83,0.67,0.36363636363636365,1.955223880597015,200.9726228712808,2,1.0,0.0,0.75,0.25,0.8125,0.1875
27,51,0.83,0.69,0.32653061224489793,1.8405797101449275,204.58793280268594,2,1.0,0.0,0.7692307692307693,0.23076923076923078,0.7142857142857143,0.2857142857142857
27,52,0.86,0.71,0.42857142857142855,2.2535211267605635,217.1311018239588,-1,1.0,0.0,0.7916666666666666,0.20833333333333334,0.6428571428571429,0.35714285714285715
27,53,0.82,0.63,0.43478260869565216,2.142857142857143,219.93197823439064,-1,1.0,0.0,0.8,0.2,0.7058823529411765,0.29411764705882354
27,54,0.87,0.72,0.34782608695652173,1.7083333333333333,210.61997897179253,-1,1.0,0.0,0.8461538461538461,0.15384615384615385,0.6923076923076923,0.3076923076923077
27,55,0.84,0.74,0.36538461538461536,2.0675675675675675,213.82040923940696,-1,1.0,0.0,0.8260869565217391,0.17391304347826086,0.7333333333333333,0.26666666666666666
27,56,0.89,0.69,0.5208333333333334,2.0869565217391304,207.30096825127274,-1,1.0,0.0,0.7619047619047619,0.23809523809523808,0.7058823529411765,0.29411764705882354
27,57,0.85,0.68,0.48936170212765956,2.088235294117647,197.29850423856823,4,1.0,0.0,0.76,0.24,0.6153846153846154,0.38461538461538464
27,58,0.79,0.57,0.5365853658536586,2.508771929824561,172.31693589193227,-1,1.0,0.0,0.7647058823529411,0.23529411764705882,0.7272727272727273,0.2727272727272727
27,59,0.83,0.7,0.5,2.2285714285714286,225.3147514765794,-1,1.0,0.0,0.8,0.2,0.6,0.4
27,60,0.83,0.67,0.46808510638297873,2.3582089552238807,186.27130095490986,1,1.0,0.0,0.631578947368421,0.3684210526315789,0.8571428571428571,0.14285714285714285
27,61,0.82,0.72,0.46153846153846156,2.0555555555555554,229.32061979447195,4,0.9591836734693877,0.04081632653061224,0.6,0.4,0.5882352941176471,0.4117647058823529
27,62,0.88,0.78,0.41818181818181815,2.2051282051282053,240.28555798283952,-1,1.0,0.0,0.7142857142857143,0.2857142857142857,0.6875,0.3125
27,63,0.91,0.76,0.45901639344262296,2.5,210.94581149514593,0,1.0,0.0,0.8260869565217391,0.17391304347826086,0.4166666666666667,0.5833333333333334
27,64,0.81,0.65,0.38,2.276923076923077,181.07939353628979,-1,1.0,0.0,0.9545454545454546,0.045454545454545456,0.5454545454545454,0.45454545454545453
27,65,0.77,0.59,0.3170731707317073,2.169491525423729,183.15253025170458,-1,1.0,0.0,0.38461538461538464,0.6153846153846154,0.7692307692307693,0.23076923076923078
28,0,0.87,0.7,,1.0,202.0,-1,1.0,0.0,0.68,0.32,0.8666666666666667,0.13333333333333333
28,1,0.86,0.73,0.4230769230769231,1.3013698630136987,214.20000000000007,-1,1.0,0.0,0.8461538461538461,0.15384615384615385,0.8,0.2
28,2,0.76,0.65,0.4166666666666667,1.5076923076923077,189.62999999999994,-1,1.0,0.0,0.8421052631578947,0.15789473684210525,0.6,0.4
28,3,0.85,0.74,0.42,1.527027027027027,224.51624999999993,-1,1.0,0.0,0.782608695652174,0.21739130434782608,0.5454545454545454,0.45454545454545453
28,4,0.88,0.79,0.3898305084745763,1.6329113924050633,261.965025,-1,1.0,0.0,0.7407407407407407,0.25925925925925924,0.7368421052631579,0.2631578947368421
28,5,0.9,0.74,0.29508196721311475,1.6891891891891893,240.95881687499997,-1,1.0,0.0,0.782608695652174,0.21739130434782608,0.75,0.25
28,6,0.81,0.68,0.45098039215686275,2.1029411764705883,176.20724165625003,1,1.0,0.0,0.8,0.2,0.8181818181818182,0.18181818181818182
28,7,0.87,0.75,0.44,1.84,225.294286021875,4,1.0,0.0,0.9047619047619048,0.09523809523809523,0.7368421052631579,0.2631578947368421
28,8,0.81,0.68,0.4807692307692308,2.1470588235294117,201.14905023281256,-1,1.0,0.0,0.95,0.05,0.6666666666666666,0.3333333333333333
28,9,0.75,0.62,0.5128205128205128,2.4193548387096775,173.50409701406247,2,1.0,0.0,0.9523809523809523,0.047619047619047616,0.8181818181818182,0.18181818181818182
28,10,0.88,0.79,0.43137254901960786,2.1012658227848102,235.96349342343754,-1,1.0,0.0,0.8260869565217391,0.17391304347826086,0.8333333333333334,0.16666666666666666
28,11,0.89,0.69,0.4,1.9130434782608696,225.1635836477344,-1,1.0,0.0,0.8095238095238095,0.19047619047619047,0.6111111111111112,0.3888888888888889
28,12,0.87,0.68,0.3617021276595745,1.6911764705882353,225.9556135977656,-1,1.0,0.0,0.8846153846153846,0.11538461538461539,0.5333333333333333,0.4666666666666667
28,13,0.9,0.78,0.49056603773584906,2.1153846153846154,225.73923145421475,-1,1.0,0.0,0.8421052631578947,0.15789473684210525,0.7857142857142857,0.21428571428571427
28,14,0.85,0.71,0.5,2.0985915492957745,215.79559436254394,0,1.0,0.0,0.9032258064516129,0.0967741935483871,0.5384615384615384,0.46153846153846156
28,15,0.86,0.66,0.5686274509803921,2.3484848484848486,211.71886770411746,-1,1.0,0.0,0.85,0.15,0.7333333333333333,0.26666666666666666
28,16,0.89,0.66,0.35555555555555557,1.9848484848484849,220.76852244964334,-1,1.0,0.0,0.9166666666666666,0.08333333333333333,0.7777777777777778,0.2222222222222222
28,17,0.94,0.78,0.3333333333333333,1.8333333333333333,261.44986746247844,-1,1.0,0.0,0.8214285714285714,0.17857142857142858,0.7058823529411765,0.29411764705882354
28,18,0.86,0.67,0.4339622641509434,2.0,207.29128991765776,-1,1.0,0.0,0.9473684210526315,0.05263157894736842,0.6363636363636364,0.36363636363636365
28,19,0.87,0.62,0.3902439024390244,1.6935483870967742,207.36488776197274,-1,1.0,0.0,0.7307692307692307,0.2692307692307692,0.75,0.25
28,20,0.85,0.69,0.3953488372093023,2.072463768115942,225.97791699754353,-1,1.0,0.0,0.6666666666666666,0.3333333333333333,0.75,0.25
28,21,0.81,0.67,0.4782608695652174,1.9701492537313432,215.10030601443341,-1,1.0,0.0,0.7368421052631579,0.2631578947368421,0.7894736842105263,0.21052631578947367
28,22,0.86,0.73,0.2830188679245283,1.917808219178082,226.76417642487993,1,1.0,0.0,0.7916666666666666,0.20833333333333334,0.6666666666666666,0.3333333333333333
28,23,0.8,0.65,0.47058823529411764,1.8615384615384616,198.37951771280777,-1,1.0,0.0,0.7647058823529411,0.23529411764705882,0.8823529411764706,0.11764705882352941
28,24,0.87,0.77,0.35294117647058826,1.6883116883116882,226.1197186713881,4,1.0,0.0,0.6086956521739131,0.391304347826087,0.8888888888888888,0.1111111111111111
28,25,0.81,0.72,0.5925925925925926,2.0555555555555554,236.64164022086996,-1,1.0,0.0,0.8333333333333334,0.16666666666666666,0.6875,0.3125
28,26,0.86,0.73,0.4909090909090909,1.9452054794520548,218.0209565137475,3,1.0,0.0,0.7727272727272727,0.22727272727272727,0.45454545454545453,0.5454545454545454
28,27,0.87,0.7,0.54,2.0714285714285716,221.08151357271643,-1,1.0,0.0,0.8333333333333334,0.16666666666666666,0.6666666666666666,0.3333333333333333
28,28,0.87,0.67,0.3877551020408163,2.208955223880597,197.3043124782394,2,1.0,0.0,0.7391304347826086,0.2608695652173913,0.8181818181818182,0.18181818181818182
28,29,0.78,0.66,0.37777777777777777,1.6666666666666667,214.22241549720903,-1,1.0,0.0,0.7142857142857143,0.2857142857142857,0.75,0.25
28,30,0.84,0.71,0.2916666666666667,1.8732394366197183,206.65677550619534,-1,1.0,0.0,0.8947368421052632,0.10526315789473684,0.8461538461538461,0.15384615384615385
28,31,0.84,0.68,0.49019607843137253,2.1029411764705883,219.59657516792515,-1,1.0,0.0,0.7916666666666666,0.20833333333333334,0.7692307692307693,0.23076923076923078
28,32,0.8,0.62,0.5217391304347826,2.0,208.6196872250584,-1,1.0,0.0,0.7333333333333333,0.26666666666666666,0.7619047619047619,0.23809523809523808
28,33,0.8,0.66,0.4090909090909091,1.8636363636363635,186.2074959731883,-1,1.0,0.0,0.8666666666666667,0.13333333333333333,0.9285714285714286,0.07142857142857142
28,34,0.86,0.7,0.5416666666666666,1.9285714285714286,205.41674738146884,-1,1.0,0.0,0.9090909090909091,0.09090909090909091,0.7,0.3
28,35,0.88,0.65,0.4090909090909091,1.9076923076923078,210.9837440578575,4,1.0,0.0,0.84,0.16,0.7333333333333333,0.26666666666666666
28,36,0.85,0.65,0.40425531914893614,1.646153846153846,247.45766265605124,-1,1.0,0.0,0.875,0.125,0.65,0.35
28,37,0.81,0.66,0.37209302325581395,1.893939393939394,225.66795849713566,-1,1.0,0.0,0.7727272727272727,0.22727272727272727,0.7058823529411765,0.29411764705882354
28,38,0.78,0.59,0.48717948717948717,2.152542372881356,210.50180435572057,-1,1.0,0.0,0.8095238095238095,0.19047619047619047,0.6153846153846154,0.38461538461538464
28,39,0.86,0.68,0.4883720930232558,2.0294117647058822,231.39932020321308,-1,1.0,0.0,0.7142857142857143,0.2857142857142857,0.6875,0.3125
28,40,0.79,0.61,0.4772727272727273,2.1147540983606556,209.97322199194863,-1,1.0,0.0,0.6,0.4,0.5,0.5
28,41,0.83,0.69,0.5,2.028985507246377,222.57741876350792,-1,1.0,0.0,0.8095238095238095,0.19047619047619047,0.8125,0.1875
28,42,0.81,0.74,0.38181818181818183,2.0,233.09349496041787,-1,1.0,0.0,0.72,0.28,0.6363636363636364,0.36363636363636365
28,43,0.86,0.73,0.42857142857142855,1.9726027397260273,193.91134037855693,0,1.0,0.0,0.7142857142857143,0.2857142857142857,0.8,0.2
28,44,0.82,0.68,0.3269230769230769,1.6323529411764706,220.65252114277814,-1,1.0,0.0,0.7272727272727273,0.2727272727272727,0.7272727272727273,0.2727272727272727
28,45,0.75,0.55,0.3783783783783784,1.9090909090909092,180.59420653192643,-1,1.0,0.0,0.47058823529411764,0.5294117647058824,0.8181818181818182,0.18181818181818182
28,46,0.82,0.61,0.4594594594594595,1.7377049180327868,181.02579149202688,2,1.0,0.0,0.6956521739130435,0.30434782608695654,0.6666666666666666,0.3333333333333333
28,47,0.81,0.66,0.375,1.606060606060606,220.8107006067779,-1,1.0,0.0,0.85,0.15,0.5,0.5
28,48,0.86,0.63,0.38636363636363635,1.9682539682539681,198.3811220391733,-1,1.0,0.0,0.6111111111111112,0.3888888888888889,0.9166666666666666,0.08333333333333333
28,49,0.85,0.65,0.43902439024390244,1.9230769230769231,204.0872744727746,-1,1.0,0.0,0.8888888888888888,0.1111111111111111,0.6666666666666666,0.3333333333333333
28,50,0.84,0.65,0.3617021276595745,1.9538461538461538,221.63057644429568,-1,1.0,0.0,0.782608695652174,0.21739130434782608,0.625,0.375
28,51,0.92,0.72,0.4897959183673469,2.0972222222222223,222.95413242767955,0,1.0,0.0,0.72,0.28,0.6428571428571429,0.35714285714285715
28,52,0.8,0.64,0.48936170212765956,2.046875,218.48918854837564,-1,1.0,0.0,0.7727272727272727,0.22727272727272727,0.75,0.25
28,53,0.87,0.75,0.4375,2.36,251.17102481935814,-1,1.0,0.0,0.5263157894736842,0.47368421052631576,0.8235294117647058,0.17647058823529413
28,54,0.86,0.61,0.3695652173913043,1.9836065573770492,201.82825433430955,-1,1.0,0.0,0.7222222222222222,0.2777777777777778,0.6363636363636364,0.36363636363636365
28,55,0.78,0.63,0.4358974358974359,1.8888888888888888,202.00838511570296,-1,1.0,0.0,0.6842105263157895,0.3157894736842105,0.9166666666666666,0.08333333333333333
28,56,0.82,0.65,0.45454545454545453,2.230769230769231,202.47033537131085,-1,1.0,0.0,0.75,0.25,0.9,0.1
28,57,0.89,0.76,0.5098039215686274,2.0921052631578947,271.37057729567937,-1,1.0,0.0,0.8148148148148148,0.18518518518518517,0.782608695652174,0.21739130434782608
28,58,0.83,0.61,0.4,2.2950819672131146,208.7176499188274,3,0.9722222222222222,0.027777777777777776,0.6785714285714286,0.32142857142857145,0.8,0.2
28,59,0.87,0.69,0.37777777777777777,2.1449275362318843,232.27410784974208,-1,1.0,0.0,0.9130434782608695,0.08695652173913043,0.7368421052631579,0.2631578947368421
28,60,0.83,0.7,0.3,2.1285714285714286,216.3504346591768,-1,1.0,0.0,0.8636363636363636,0.13636363636363635,0.8461538461538461,0.15384615384615385
28,61,0.84,0.67,0.3958333333333333,1.7761194029850746,235.76856190172256,-1,1.0,0.0,0.8518518518518519,0.14814814814814814,0.6666666666666666,0.3333333333333333
28,62,0.82,0.66,0.4318181818181818,1.8484848484848484,209.6733257731674,1,1.0,0.0,0.7916666666666666,0.20833333333333334,0.625,0.375
28,63,0.89,0.74,0.4375,1.9189189189189189,256.2910388218726,-1,1.0,0.0,0.6956521739130435,0.30434782608695654,0.7,0.3
28,64,0.81,0.64,0.3617021276595745,1.859375,207.85639145554052,-1,1.0,0.0,0.8181818181818182,0.18181818181818182,0.6428571428571429,0.35714285714285715
28,65,0.82,0.73,0.5,2.0684931506849313,213.089426678849,1,1.0,0.0,0.9166666666666666,0.08333333333333333,0.6875,0.3125
29,0,0.78,0.62,,1.0,185.2,0,1.0,0.0,0.8148148148148148,0.18518518518518517,0.6666666666666666,0.3333333333333333
29,1,0.81,0.65,0.38461538461538464,1.2307692307692308,199.50000000000006,-1,1.0,0.0,0.5,0.5,0.75,0.25
29,2,0.89,0.76,0.35294117647058826,1.4210526315789473,229.10999999999993,-1,1.0,0.0,0.8076923076923077,0.19230769230769232,0.6923076923076923,0.3076923076923077
29,3,0.83,0.66,0.3018867924528302,1.5151515151515151,192.87450000000004,-1,1.0,0.0,0.6666666666666666,0.3333333333333333,0.7692307692307693,0.23076923076923078
29,4,0.87,0.66,0.3333333333333333,1.5909090909090908,187.17638625000004,2,1.0,0.0,0.8333333333333334,0.16666666666666666,0.5,0.5
29,5,0.9,0.71,0.5319148936170213,1.8028169014084507,217.9011318749999,-1,1.0,0.0,0.88,0.12,0.7894736842105263,0.21052631578947367
29,6,0.86,0.73,0.4230769230769231,1.6986301369863013,229.90116909374993,-1,1.0,0.0,0.8928571428571429,0.10714285714285714,0.6111111111111112,0.3888888888888889
29,7,0.8,0.67,0.4117647058823529,1.9402985074626866,207.32945231249994,-1,1.0,0.0,0.75,0.25,0.7647058823529411,0.23529411764705882
29,8,0.91,0.76,0.34,1.7105263157894737,225.70771525312492,-1,1.0,0.0,0.7222222222222222,0.2777777777777778,0.6470588235294118,0.35294117647058826
29,9,0.81,0.66,0.3333333333333333,1.7878787878787878,215.30175332695302,-1,1.0,0.0,0.6666666666666666,0.3333333333333333,0.7647058823529411,0.23529411764705882
29,10,0.9,0.77,0.39215686274509803,1.7532467532467533,209.84969120554692,0,1.0,0.0,0.7727272727272727,0.22727272727272727,0.6153846153846154,0.38461538461538464
29,11,0.82,0.71,0.5185185185185185,1.9577464788732395,218.8383351352734,-1,1.0,0.0,0.5555555555555556,0.4444444444444444,0.5714285714285714,0.42857142857142855
29,12,0.84,0.62,0.3488372093023256,1.6129032258064515,193.35369383906135,-1,1.0,0.0,0.7619047619047619,0.23809523809523808,0.8333333333333334,0.16666666666666666
29,13,0.8,0.63,0.27906976744186046,1.4285714285714286,182.36509139682116,0,1.0,0.0,0.8461538461538461,0.15384615384615385,0.7777777777777778,0.2222222222222222
29,14,0.82,0.62,0.45,1.6612903225806452,175.04569446788258,-1,1.0,0.0,0.9583333333333334,0.041666666666666664,0.7272727272727273,0.2727272727272727
29,15,0.87,0.77,0.46938775510204084,1.8051948051948052,214.8860881659583,-1,1.0,0.0,0.9166666666666666,0.08333333333333333,0.7058823529411765,0.29411764705882354
29,16,0.84,0.64,0.3333333333333333,1.65625,185.82015817821127,1,1.0,0.0,0.65,0.35,0.5454545454545454,0.45454545454545453
29,17,0.83,0.74,0.4583333333333333,1.945945945945946,198.0127719873287,0,1.0,0.0,0.7391304347826086,0.2608695652173913,0.6428571428571429,0.35714285714285715
29,18,0.82,0.68,0.47058823529411764,2.0441176470588234,182.08623440503055,1,1.0,0.0,0.6666666666666666,0.3333333333333333,0.6666666666666666,0.3333333333333333
29,19,0.87,0.71,0.4166666666666667,1.943661971830986,188.9851102545511,1,1.0,0.0,0.7368421052631579,0.2631578947368421,0.6428571428571429,0.35714285714285715
29,20,0.81,0.63,0.391304347826087,1.619047619047619,189.23162397969293,-1,1.0,0.0,0.7619047619047619,0.23809523809523808,0.8125,0.1875
29,21,0.87,0.76,0.3617021276595745,1.8026315789473684,220.96627795785002,-1,1.0,0.0,0.9047619047619048,0.09523809523809523,0.6666666666666666,0.3333333333333333
29,22,0.87,0.67,0.24528301886792453,1.4328358208955223,217.50887669896701,-1,1.0,0.0,0.7727272727272727,0.22727272727272727,0.65,0.35
29,23,0.83,0.67,0.4878048780487805,1.8805970149253732,200.80260601590183,3,0.9787234042553191,0.02127659574468085,0.8235294117647058,0.17647058823529413,0.631578947368421,0.3684210526315789
29,24,0.8,0.6,0.4146341463414634,1.85,175.77764378226743,-1,1.0,0.0,0.5789473684210527,0.42105263157894735,0.75,0.25
29,25,0.85,0.71,0.28888888888888886,1.8028169014084507,203.03085915700433,-1,1.0,0.0,0.8148148148148148,0.18518518518518517,0.75,0.25
29,26,0.84,0.66,0.32608695652173914,1.7424242424242424,161.45824214931605,0,1.0,0.0,0.9444444444444444,0.05555555555555555,0.8235294117647058,0.17647058823529413
29,27,0.85,0.66,0.4090909090909091,1.606060606060606,214.41326757466058,-1,1.0,0.0,0.75,0.25,0.631578947368421,0.3684210526315789
29,28,0.83,0.71,0.4583333333333333,1.943661971830986,182.73336258132886,1,1.0,0.0,0.782608695652174,0.21739130434782608,0.8333333333333334,0.16666666666666666
29,29,0.84,0.7,0.34615384615384615,1.7,225.109124485491,-1,1.0,0.0,0.6190476190476191,0.38095238095238093,0.6842105263157895,0.3157894736842105
29,30,0.87,0.69,0.39215686274509803,1.7246376811594204,234.2626623358005,-1,1.0,0.0,0.7142857142857143,0.2857142857142857,0.7142857142857143,0.2857142857142857
29,31,0.81,0.68,0.4090909090909091,1.6470588235294117,185.6331127779785,-1,1.0,0.0,0.9473684210526315,0.05263157894736842,0.625,0.375
29,32,0.84,0.74,0.43137254901960786,1.8918918918918919,213.01287240168375,-1,1.0,0.0,0.7058823529411765,0.29411764705882354,0.5333333333333333,0.4666666666666667
29,33,0.86,0.65,0.3125,1.646153846153846,204.03206231242982,-1,1.0,0.0,0.8076923076923077,0.19230769230769232,0.7333333333333333,0.26666666666666666
29,34,0.86,0.73,0.3829787234042553,1.821917808219178,242.3181398447406,-1,1.0,0.0,0.6190476190476191,0.38095238095238093,0.7272727272727273,0.2727272727272727
29,35,0.81,0.68,0.25,1.3970588235294117,196.56636381489074,-1,1.0,0.0,0.7272727272727273,0.2727272727272727,0.75,0.25
29,36,0.92,0.78,0.5094339622641509,1.8076923076923077,234.24129114847815,-1,1.0,0.0,0.75,0.25,0.7777777777777778,0.2222222222222222
29,37,0.87,0.7,0.43103448275862066,1.8142857142857143,225.856967436753,-1,1.0,0.0,0.7916666666666666,0.20833333333333334,0.5789473684210527,0.42105263157894735
29,38,0.84,0.73,0.58,2.2465753424657535,204.7338088544862,-1,1.0,0.0,0.6842105263157895,0.3157894736842105,0.8333333333333334,0.16666666666666666
29,39,0.88,0.73,0.34545454545454546,1.8493150684931507,247.2044960660648,4,1.0,0.0,0.7037037037037037,0.2962962962962963,0.65,0.35
29,40,0.83,0.67,0.47058823529411764,2.1940298507462686,213.6902808791894,-1,1.0,0.0,0.8260869565217391,0.17391304347826086,0.7894736842105263,0.21052631578947367
29,41,0.84,0.69,0.4583333333333333,2.217391304347826,179.34204136394695,1,1.0,0.0,0.8571428571428571,0.14285714285714285,0.7894736842105263,0.21052631578947367
29,42,0.81,0.68,0.391304347826087,1.7794117647058822,214.76338360947773,-1,1.0,0.0,0.7222222222222222,0.2777777777777778,0.6666666666666666,0.3333333333333333
29,43,0.93,0.8,0.42105263157894735,1.9875,228.81429589273887,-1,1.0,0.0,0.84,0.16,0.75,0.25
29,44,0.81,0.67,0.4716981132075472,2.1492537313432836,206.4009893381297,3,1.0,0.0,0.7142857142857143,0.2857142857142857,0.7647058823529411,0.23529411764705882
29,45,0.82,0.69,0.4666666666666667,2.028985507246377,212.39127581161293,-1,1.0,0.0,0.8,0.2,0.6875,0.3125
29,46,0.83,0.65,0.44680851063829785,1.9076923076923078,210.9979312649403,-1,1.0,0.0,0.7391304347826086,0.2608695652173913,0.5625,0.4375
29,47,0.83,0.64,0.3409090909090909,2.03125,186.78422700033806,0,1.0,0.0,0.6818181818181818,0.3181818181818182,0.6428571428571429,0.35714285714285715
29,48,0.82,0.68,0.4888888888888889,1.8823529411764706,173.95181335511916,1,1.0,0.0,0.7272727272727273,0.2727272727272727,0.7272727272727273,0.2727272727272727
29,49,0.86,0.74,0.4339622641509434,1.7837837837837838,224.08195357232634,-1,1.0,0.0,0.7931034482758621,0.20689655172413793,0.625,0.375
29,50,0.79,0.67,0.44,2.2388059701492535,185.9319268106475,-1,1.0,0.0,0.8181818181818182,0.18181818181818182,0.7692307692307693,0.23076923076923078
29,51,0.91,0.74,0.39215686274509803,2.2027027027027026,226.1217880627258,-1,1.0,0.0,0.6086956521739131,0.391304347826087,0.625,0.375
29,52,0.85,0.71,0.43333333333333335,2.056338028169014,181.75883914292558,0,1.0,0.0,0.65,0.35,0.75,0.25
29,53,0.87,0.7,0.4583333333333333,1.9714285714285715,195.04952364674415,-1,1.0,0.0,0.65,0.35,0.6923076923076923,0.3076923076923077
29,54,0.81,0.7,0.2653061224489796,1.8142857142857143,195.91158993362762,0,1.0,0.0,0.7368421052631579,0.2631578947368421,0.5625,0.4375
29,55,0.83,0.71,0.40384615384615385,2.0140845070422535,217.65065788922948,2,1.0,0.0,0.6538461538461539,0.34615384615384615,0.6875,0.3125
29,56,0.82,0.7,0.3191489361702128,1.6857142857142857,201.93521091429818,-1,1.0,0.0,0.7142857142857143,0.2857142857142857,0.8125,0.1875
29,57,0.85,0.66,0.4782608695652174,2.121212121212121,204.8874220422648,-1,1.0,0.0,0.8846153846153846,0.11538461538461539,0.7222222222222222,0.2777777777777778
29,58,0.86,0.69,0.41304347826086957,1.8840579710144927,194.34886049236664,-1,1.0,0.0,0.7222222222222222,0.2777777777777778,0.7272727272727273,0.2727272727272727
29,59,0.91,0.7,0.4791666666666667,2.1285714285714286,220.2602109572854,4,1.0,0.0,0.8,0.2,0.7777777777777778,0.2222222222222222
29,60,0.78,0.63,0.4666666666666667,2.142857142857143,205.44133634850527,-1,1.0,0.0,0.6818181818181818,0.3181818181818182,0.8235294117647058,0.17647058823529413
29,61,0.88,0.68,0.37777777777777777,1.9411764705882353,197.59775362091813,2,1.0,0.0,0.5625,0.4375,0.6153846153846154,0.38461538461538464
29,62,0.88,0.73,0.5102040816326531,1.904109589041096,224.9749013972219,2,1.0,0.0,0.7857142857142857,0.21428571428571427,0.7272727272727273,0.2727272727272727
29,63,0.79,0.66,0.49019607843137253,2.106060606060606,189.56774862770084,-1,1.0,0.0,0.8,0.2,0.8666666666666667,0.13333333333333333
29,64,0.88,0.66,0.4186046511627907,1.7272727272727273,202.26443502256993,-1,1.0,0.0,0.8214285714285714,0.17857142857142858,0.8333333333333334,0.16666666666666666
29,65,0.84,0.66,0.35555555555555557,1.5757575757575757,193.98558729510881,-1,1.0,0.0,0.6842105263157895,0.3157894736842105,0.6,0.4
