seed,participation_rate,avg_purchases_per_buyer,total_revenue,total_inventory_remaining,n_blocked_by_utility,n_blocked_by_budget,n_blocked_by_inventory,n_not_noticed,promotion_active,promotion_seller_id,promotion_seller_class,promotion_discount,visibility_rate_seller_0,visibility_rate_seller_1,visibility_rate_seller_2,visibility_rate_seller_3,visibility_rate_seller_4,Poor_participation_rate,Poor_to_Slow_share,Poor_to_Shigh_share,Poor_blocked_by_budget_at_Slow,Poor_blocked_by_budget_at_Shigh,Middle_participation_rate,Middle_to_Slow_share,Middle_to_Shigh_share,Middle_blocked_by_budget_at_Slow,Middle_blocked_by_budget_at_Shigh,Rich_participation_rate,Rich_to_Slow_share,Rich_to_Shigh_share,Rich_blocked_by_budget_at_Slow,Rich_blocked_by_budget_at_Shigh
0,0.67,0.8,204.0,450,105,153,0,87,False,-1,none,0.3,0.77,0.81,0.52,0.73,0.55,0.6285714285714286,1.0,0.0,38,87,0.8,0.7142857142857143,0.2857142857142857,11,13,0.7,0.6666666666666666,0.3333333333333333,0,4
0,0.69,0.8,176.0,450,97,173,0,70,False,-1,none,0.3,0.81,0.8,0.56,0.78,0.55,0.7285714285714285,1.0,0.0,53,100,0.6,0.8947368421052632,0.10526315789473684,3,16,0.6,0.8,0.2,0,1
0,0.73,0.85,198.0,445,90,174,0,81,False,-1,none,0.3,0.85,0.81,0.58,0.78,0.47,0.7142857142857143,1.0,0.0,60,87,0.8,0.8095238095238095,0.19047619047619047,7,18,0.7,0.7857142857142857,0.21428571428571427,1,1
0,0.64,0.8,200.0,450,95,162,0,68,False,-1,none,0.3,0.8,0.73,0.53,0.76,0.55,0.5714285714285714,1.0,0.0,45,83,0.85,0.84,0.16,8,20,0.7,0.6,0.4,2,4
0,0.74,0.9,193.99999999999997,440,86,173,0,86,True,1,Slow,0.3,0.77,0.86,0.58,0.77,0.51,0.7285714285714285,1.0,0.0,55,94,0.75,0.85,0.15,6,14,0.8,0.7368421052631579,0.2631578947368421,0,4
0,0.72,0.85,218.0,445,94,177,0,69,False,-1,none,0.3,0.81,0.83,0.54,0.77,0.61,0.6428571428571429,1.0,0.0,48,95,0.9,0.75,0.25,10,18,0.9,0.625,0.375,3,3
0,0.65,0.75,178.0,455,89,154,0,72,False,-1,none,0.3,0.72,0.77,0.48,0.72,0.49,0.6285714285714286,1.0,0.0,40,88,0.7,0.7368421052631579,0.2631578947368421,12,13,0.7,0.8333333333333334,0.16666666666666666,0,1
0,0.69,0.87,195.6,443,105,151,0,67,True,3,Shigh,0.3,0.78,0.78,0.61,0.68,0.58,0.6714285714285714,1.0,0.0,48,90,0.65,0.8,0.2,4,8,0.9,0.7333333333333333,0.26666666666666666,0,1
0,0.83,1.03,234.0,427,76,182,0,89,False,-1,none,0.3,0.87,0.87,0.57,0.8,0.5,0.8285714285714286,1.0,0.0,68,97,0.85,0.9333333333333333,0.06666666666666667,4,11,0.8,0.6666666666666666,0.3333333333333333,0,2
0,0.72,0.83,178.0,447,88,191,0,73,False,-1,none,0.3,0.81,0.81,0.56,0.82,0.62,0.7285714285714285,1.0,0.0,63,106,0.75,0.9047619047619048,0.09523809523809523,3,18,0.6,0.9090909090909091,0.09090909090909091,1,0
0,0.71,0.86,212.0,444,85,173,0,71,False,-1,none,0.3,0.79,0.78,0.58,0.76,0.53,0.7,1.0,0.0,56,91,0.7,0.7222222222222222,0.2777777777777778,9,12,0.8,0.7368421052631579,0.2631578947368421,0,5
0,0.73,0.86,216.0,444,92,158,0,84,False,-1,none,0.3,0.78,0.81,0.54,0.78,0.45,0.7142857142857143,1.0,0.0,52,83,0.75,0.6842105263157895,0.3157894736842105,9,11,0.8,0.7058823529411765,0.29411764705882354,1,2
0,0.68,0.8,196.0,450,96,162,0,82,False,-1,none,0.3,0.78,0.76,0.53,0.72,0.59,0.6428571428571429,1.0,0.0,47,89,0.7,0.7894736842105263,0.21052631578947367,11,12,0.9,0.6875,0.3125,0,3
0,0.65,0.78,188.0,452,104,163,0,80,False,-1,none,0.3,0.79,0.82,0.55,0.77,0.52,0.6428571428571429,1.0,0.0,45,94,0.65,0.7058823529411765,0.29411764705882354,10,10,0.7,0.8125,0.1875,1,3
0,0.73,0.89,218.0,441,102,159,0,65,False,-1,none,0.3,0.78,0.8,0.6,0.75,0.57,0.7428571428571429,1.0,0.0,50,94,0.65,0.6666666666666666,0.3333333333333333,7,6,0.8,0.7894736842105263,0.21052631578947367,0,2
0,0.7,0.82,208.0,448,67,171,0,65,False,-1,none,0.3,0.7,0.74,0.55,0.72,0.49,0.6571428571428571,1.0,0.0,58,82,0.8,0.631578947368421,0.3684210526315789,13,15,0.8,0.7647058823529411,0.23529411764705882,0,3
0,0.77,0.89,213.8,441,101,177,0,68,True,4,Shigh,0.3,0.81,0.83,0.64,0.83,0.56,0.7428571428571429,1.0,0.0,61,96,0.85,0.6521739130434783,0.34782608695652173,6,10,0.8,0.6428571428571429,0.35714285714285715,0,4
0,0.66,0.77,174.0,453,87,175,0,66,False,-1,none,0.3,0.75,0.77,0.59,0.73,0.55,0.6714285714285714,1.0,0.0,58,95,0.65,0.8421052631578947,0.15789473684210525,5,14,0.6,0.8181818181818182,0.18181818181818182,0,3
0,0.67,0.83,202.60000000000002,447,104,149,0,69,True,3,Shigh,0.3,0.8,0.78,0.5,0.73,0.55,0.6142857142857143,1.0,0.0,39,90,0.75,0.6521739130434783,0.34782608695652173,10,6,0.9,0.5882352941176471,0.4117647058823529,0,4
0,0.7,0.84,187.79999999999998,446,97,159,0,70,True,1,Slow,0.3,0.79,0.79,0.51,0.77,0.54,0.6714285714285714,1.0,0.0,50,93,0.8,0.8260869565217391,0.17391304347826086,2,13,0.7,0.6428571428571429,0.35714285714285715,0,1
0,0.69,0.8,188.0,450,91,160,0,89,False,-1,none,0.3,0.78,0.76,0.5,0.69,0.58,0.7142857142857143,1.0,0.0,47,96,0.6,0.8888888888888888,0.1111111111111111,2,12,0.7,0.5833333333333334,0.4166666666666667,1,2
0,0.65,0.81,194.0,449,86,157,0,71,False,-1,none,0.3,0.75,0.75,0.53,0.74,0.47,0.6,1.0,0.0,55,83,0.75,0.8695652173913043,0.13043478260869565,4,11,0.8,0.6875,0.3125,0,4
1,0.56,0.71,178.0,459,105,166,0,78,False,-1,none,0.3,0.81,0.78,0.49,0.77,0.57,0.5142857142857142,1.0,0.0,40,95,0.65,0.7727272727272727,0.22727272727272727,13,14,0.7,0.6923076923076923,0.3076923076923077,1,3
1,0.64,0.83,202.0,447,119,160,0,78,False,-1,none,0.3,0.84,0.84,0.61,0.79,0.54,0.6142857142857143,1.0,0.0,44,94,0.6,0.7894736842105263,0.21052631578947367,10,11,0.9,0.7619047619047619,0.23809523809523808,0,1
1,0.71,0.83,206.0,447,81,189,0,72,False,-1,none,0.3,0.84,0.78,0.59,0.75,0.57,0.7142857142857143,1.0,0.0,68,97,0.75,0.6666666666666666,0.3333333333333333,10,13,0.6,0.7333333333333333,0.26666666666666666,0,1
1,0.64,0.8,204.0,450,104,176,0,85,False,-1,none,0.3,0.84,0.83,0.56,0.8,0.57,0.5857142857142857,1.0,0.0,51,100,0.8,0.7619047619047619,0.23809523809523808,7,12,0.7,0.6666666666666666,0.3333333333333333,4,2
1,0.66,0.8,200.0,450,101,158,0,76,False,-1,none,0.3,0.78,0.78,0.55,0.78,0.5,0.6571428571428571,1.0,0.0,49,90,0.65,0.8421052631578947,0.15789473684210525,3,12,0.7,0.5333333333333333,0.4666666666666667,0,4
1,0.7,0.84,212.0,446,100,161,0,80,False,-1,none,0.3,0.83,0.78,0.56,0.76,0.52,0.6428571428571429,1.0,0.0,42,94,0.8,0.7619047619047619,0.23809523809523808,11,10,0.9,0.6666666666666666,0.3333333333333333,2,2
1,0.77,0.91,221.0,439,93,175,0,76,True,4,Shigh,0.3,0.81,0.82,0.56,0.79,0.61,0.7571428571428571,1.0,0.0,54,95,0.85,0.68,0.32,10,12,0.7,0.6923076923076923,0.3076923076923077,1,3
1,0.68,0.78,188.0,452,119,186,0,72,False,-1,none,0.3,0.86,0.86,0.68,0.85,0.58,0.6857142857142857,1.0,0.0,61,105,0.6,0.6428571428571429,0.35714285714285715,8,9,0.8,0.8125,0.1875,1,2
1,0.73,0.88,220.0,442,87,183,0,72,False,-1,none,0.3,0.79,0.83,0.55,0.82,0.59,0.6714285714285714,1.0,0.0,53,100,0.95,0.72,0.28,13,13,0.7,0.75,0.25,1,3
1,0.74,0.89,198.0,441,92,169,0,65,True,2,Slow,0.3,0.83,0.81,0.54,0.78,0.54,0.7142857142857143,1.0,0.0,46,93,0.85,0.8260869565217391,0.17391304347826086,7,19,0.7,0.75,0.25,2,2
1,0.7,0.85,214.0,445,91,179,0,65,False,-1,none,0.3,0.83,0.78,0.6,0.82,0.52,0.6714285714285714,1.0,0.0,58,90,0.85,0.75,0.25,13,13,0.6,0.6428571428571429,0.35714285714285715,1,4
1,0.73,0.89,214.0,441,87,182,0,67,False,-1,none,0.3,0.85,0.76,0.63,0.74,0.6,0.7142857142857143,1.0,0.0,62,97,0.7,0.8,0.2,8,12,0.9,0.7368421052631579,0.2631578947368421,0,3
1,0.69,0.71,186.0,459,105,182,0,72,False,-1,none,0.3,0.82,0.83,0.54,0.81,0.58,0.7,1.0,0.0,52,101,0.75,0.4666666666666667,0.5333333333333333,14,12,0.5,0.5714285714285714,0.42857142857142855,0,3
1,0.72,0.92,216.0,438,100,168,0,75,False,-1,none,0.3,0.84,0.86,0.62,0.76,0.52,0.6571428571428571,1.0,0.0,52,92,0.9,0.896551724137931,0.10344827586206896,8,14,0.8,0.7058823529411765,0.29411764705882354,0,2
1,0.65,0.78,200.0,452,102,153,0,72,False,-1,none,0.3,0.79,0.76,0.5,0.73,0.55,0.5571428571428572,1.0,0.0,40,85,0.9,0.7916666666666666,0.20833333333333334,8,15,0.8,0.6,0.4,1,4
1,0.74,0.87,202.0,443,84,186,0,73,False,-1,none,0.3,0.84,0.8,0.59,0.79,0.55,0.7285714285714285,1.0,0.0,63,97,0.85,0.8846153846153846,0.11538461538461539,5,17,0.6,0.6,0.4,1,3
1,0.71,0.92,216.0,438,98,158,0,77,False,-1,none,0.3,0.79,0.81,0.56,0.79,0.53,0.6571428571428571,1.0,0.0,47,87,0.85,0.8846153846153846,0.11538461538461539,5,14,0.8,0.75,0.25,1,4
1,0.68,0.84,180.0,446,92,176,0,63,False,-1,none,0.3,0.8,0.8,0.58,0.78,0.56,0.6428571428571429,1.0,0.0,61,94,0.85,0.9583333333333334,0.041666666666666664,2,17,0.6,0.8666666666666667,0.13333333333333333,1,1
1,0.74,0.91,222.0,439,90,182,0,77,False,-1,none,0.3,0.86,0.85,0.5,0.81,0.61,0.7428571428571429,1.0,0.0,52,107,0.7,0.7916666666666666,0.20833333333333334,10,9,0.8,0.6666666666666666,0.3333333333333333,0,4
1,0.69,0.79,186.0,451,86,164,0,76,False,-1,none,0.3,0.76,0.74,0.49,0.74,0.56,0.6428571428571429,1.0,0.0,58,87,0.75,0.9047619047619048,0.09523809523809523,3,12,0.9,0.6153846153846154,0.38461538461538464,0,4
1,0.72,0.85,187.79999999999998,445,91,154,0,80,True,2,Slow,0.3,0.77,0.79,0.55,0.73,0.46,0.7,1.0,0.0,51,84,0.8,0.8695652173913043,0.13043478260869565,4,12,0.7,0.6923076923076923,0.3076923076923077,1,2
1,0.69,0.8,212.0,450,89,170,0,81,False,-1,none,0.3,0.8,0.8,0.43,0.74,0.62,0.6142857142857143,1.0,0.0,44,94,0.85,0.6666666666666666,0.3333333333333333,14,15,0.9,0.625,0.375,0,3
2,0.68,0.78,208.0,452,107,166,0,69,False,-1,none,0.3,0.83,0.77,0.62,0.75,0.54,0.6285714285714286,1.0,0.0,47,90,0.8,0.631578947368421,0.3684210526315789,16,11,0.8,0.6,0.4,0,2
2,0.67,0.78,200.0,452,118,150,0,79,False,-1,none,0.3,0.82,0.79,0.56,0.76,0.53,0.5857142857142857,1.0,0.0,35,84,0.9,0.8,0.2,10,19,0.8,0.5,0.5,0,2
2,0.64,0.75,170.0,455,91,149,0,85,False,-1,none,0.3,0.77,0.78,0.51,0.63,0.46,0.6285714285714286,1.0,0.0,55,82,0.8,0.8260869565217391,0.17391304347826086,4,6,0.4,0.875,0.125,0,2
2,0.6,0.71,170.0,459,109,144,0,76,False,-1,none,0.3,0.76,0.78,0.48,0.75,0.47,0.5285714285714286,1.0,0.0,39,84,0.65,0.8235294117647058,0.17647058823529413,5,13,1.0,0.7647058823529411,0.23529411764705882,2,1
2,0.75,0.87,206.0,443,102,175,0,86,False,-1,none,0.3,0.83,0.85,0.67,0.74,0.55,0.7285714285714285,1.0,0.0,56,89,0.85,0.75,0.25,12,17,0.7,0.8333333333333334,0.16666666666666666,0,1
2,0.73,0.9,220.0,440,115,161,0,79,False,-1,none,0.3,0.83,0.85,0.61,0.79,0.58,0.7,1.0,0.0,46,95,0.75,0.7727272727272727,0.22727272727272727,10,9,0.9,0.7368421052631579,0.2631578947368421,0,1
2,0.65,0.77,159.99999999999997,453,106,170,0,82,True,1,Slow,0.3,0.79,0.82,0.53,0.79,0.6,0.6142857142857143,1.0,0.0,46,105,0.7,0.9047619047619048,0.09523809523809523,4,13,0.8,0.6923076923076923,0.3076923076923077,0,2
2,0.68,0.88,212.0,442,95,164,0,73,False,-1,none,0.3,0.81,0.82,0.52,0.77,0.55,0.6285714285714286,1.0,0.0,56,92,0.8,0.8333333333333334,0.16666666666666666,4,10,0.8,0.75,0.25,0,2
2,0.77,0.88,192.0,442,69,193,0,75,False,-1,none,0.3,0.83,0.78,0.54,0.78,0.57,0.8428571428571429,1.0,0.0,71,106,0.55,0.8823529411764706,0.11764705882352941,5,10,0.7,0.8333333333333334,0.16666666666666666,0,1
2,0.78,0.97,237.4,433,85,183,0,60,True,3,Shigh,0.3,0.79,0.8,0.67,0.77,0.62,0.7428571428571429,1.0,0.0,64,95,0.85,0.6538461538461539,0.34615384615384615,12,11,0.9,0.7368421052631579,0.2631578947368421,1,0
2,0.71,0.88,208.0,442,105,162,0,85,False,-1,none,0.3,0.84,0.84,0.49,0.77,0.61,0.6571428571428571,1.0,0.0,48,92,0.85,0.8461538461538461,0.15384615384615385,9,11,0.8,0.75,0.25,0,2
2,0.67,0.84,188.8,446,90,145,0,86,True,3,Shigh,0.3,0.77,0.79,0.48,0.67,0.48,0.6285714285714286,1.0,0.0,46,79,0.75,0.8214285714285714,0.17857142857142858,6,12,0.8,0.8333333333333334,0.16666666666666666,0,2
2,0.72,0.95,222.0,435,98,181,0,81,False,-1,none,0.3,0.89,0.89,0.58,0.83,0.55,0.6428571428571429,1.0,0.0,55,94,0.95,0.90625,0.09375,7,21,0.8,0.7222222222222222,0.2777777777777778,2,2
2,0.65,0.81,186.0,449,101,159,0,84,False,-1,none,0.3,0.85,0.78,0.57,0.73,0.48,0.6428571428571429,1.0,0.0,53,86,0.6,0.8888888888888888,0.1111111111111111,5,13,0.8,0.7777777777777778,0.2222222222222222,0,2
2,0.66,0.81,186.8,449,96,171,0,67,True,3,Shigh,0.3,0.75,0.82,0.56,0.78,0.57,0.6571428571428571,1.0,0.0,52,99,0.7,0.8,0.2,6,9,0.6,0.7333333333333333,0.26666666666666666,2,3
2,0.63,0.75,166.0,455,100,161,0,74,False,-1,none,0.3,0.78,0.75,0.52,0.73,0.58,0.6285714285714286,1.0,0.0,46,95,0.7,0.9545454545454546,0.045454545454545456,3,17,0.5,0.6666666666666666,0.3333333333333333,0,0
2,0.7,0.85,190.0,445,104,165,0,81,False,-1,none,0.3,0.83,0.84,0.55,0.76,0.56,0.7,1.0,0.0,50,101,0.65,0.8636363636363636,0.13636363636363635,6,6,0.8,0.8571428571428571,0.14285714285714285,0,2
2,0.75,0.94,228.0,436,82,194,0,85,False,-1,none,0.3,0.85,0.88,0.59,0.74,0.64,0.7285714285714285,1.0,0.0,64,98,0.75,0.8260869565217391,0.17391304347826086,11,16,0.9,0.7,0.3,1,4
2,0.75,0.89,214.0,441,98,165,0,78,False,-1,none,0.3,0.83,0.84,0.56,0.78,0.51,0.7285714285714285,1.0,0.0,53,91,0.85,0.8333333333333334,0.16666666666666666,5,13,0.7,0.6428571428571429,0.35714285714285715,0,3
2,0.64,0.75,174.0,455,109,160,0,86,False,-1,none,0.3,0.81,0.79,0.52,0.76,0.56,0.5714285714285714,1.0,0.0,44,90,0.8,0.8571428571428571,0.14285714285714285,5,19,0.8,0.7857142857142857,0.21428571428571427,1,1
2,0.65,0.79,182.0,451,106,174,0,76,False,-1,none,0.3,0.83,0.83,0.59,0.79,0.55,0.6142857142857143,1.0,0.0,54,96,0.65,0.8235294117647058,0.17647058823529413,5,16,0.9,0.8421052631578947,0.15789473684210525,1,2
2,0.67,0.79,202.0,451,95,168,0,63,False,-1,none,0.3,0.79,0.77,0.58,0.72,0.56,0.6428571428571429,1.0,0.0,52,89,0.7,0.6470588235294118,0.35294117647058826,13,11,0.8,0.7058823529411765,0.29411764705882354,1,2
3,0.64,0.73,173.39999999999998,457,109,167,0,76,True,1,Slow,0.3,0.79,0.8,0.53,0.76,0.61,0.5571428571428572,1.0,0.0,44,98,0.85,0.6842105263157895,0.3157894736842105,8,13,0.8,0.7333333333333333,0.26666666666666666,2,2
3,0.73,0.89,222.0,441,89,176,0,81,False,-1,none,0.3,0.84,0.81,0.57,0.79,0.53,0.6714285714285714,1.0,0.0,54,92,0.8,0.75,0.25,10,16,1.0,0.7222222222222222,0.2777777777777778,1,3
3,0.68,0.82,216.0,448,117,181,0,80,False,-1,none,0.3,0.88,0.83,0.61,0.81,0.67,0.6285714285714286,1.0,0.0,49,99,0.8,0.65,0.35,14,14,0.8,0.6666666666666666,0.3333333333333333,2,3
3,0.67,0.82,188.0,448,107,163,0,88,False,-1,none,0.3,0.82,0.83,0.55,0.76,0.56,0.6428571428571429,1.0,0.0,44,100,0.65,0.9,0.1,6,9,0.9,0.7647058823529411,0.23529411764705882,0,4
3,0.74,0.84,212.0,446,92,188,0,71,False,-1,none,0.3,0.87,0.83,0.54,0.81,0.59,0.7,1.0,0.0,57,100,0.85,0.6666666666666666,0.3333333333333333,14,13,0.8,0.7142857142857143,0.2857142857142857,0,4
3,0.73,0.89,218.0,441,100,180,0,71,False,-1,none,0.3,0.85,0.85,0.63,0.77,0.59,0.7285714285714285,1.0,0.0,65,93,0.65,0.8636363636363636,0.13636363636363635,6,12,0.9,0.5625,0.4375,0,4
3,0.68,0.83,190.0,447,91,162,0,79,False,-1,none,0.3,0.76,0.78,0.51,0.75,0.56,0.7285714285714285,1.0,0.0,53,98,0.6,0.9130434782608695,0.08695652173913043,3,8,0.5,0.5555555555555556,0.4444444444444444,0,0
3,0.63,0.78,192.0,452,90,161,0,66,False,-1,none,0.3,0.76,0.76,0.52,0.72,0.53,0.6,1.0,0.0,49,87,0.7,0.8181818181818182,0.18181818181818182,8,14,0.7,0.6428571428571429,0.35714285714285715,1,2
3,0.74,0.86,200.0,444,108,169,0,87,False,-1,none,0.3,0.85,0.85,0.57,0.81,0.55,0.7,1.0,0.0,53,92,0.85,0.8181818181818182,0.18181818181818182,7,13,0.8,0.8,0.2,1,3
3,0.73,0.85,210.0,445,87,160,0,78,False,-1,none,0.3,0.78,0.78,0.48,0.73,0.55,0.6714285714285714,1.0,0.0,47,90,0.85,0.8181818181818182,0.18181818181818182,6,15,0.9,0.625,0.375,1,1
3,0.67,0.81,194.0,449,99,163,0,67,False,-1,none,0.3,0.77,0.79,0.53,0.75,0.59,0.6142857142857143,1.0,0.0,44,89,0.85,0.92,0.08,4,21,0.7,0.5384615384615384,0.46153846153846156,0,5
3,0.75,0.89,203.39999999999998,441,78,169,0,94,True,1,Slow,0.3,0.83,0.82,0.46,0.74,0.51,0.7571428571428571,1.0,0.0,49,90,0.7,0.8,0.2,10,14,0.8,0.5625,0.4375,0,6
3,0.68,0.78,188.0,452,93,167,0,67,False,-1,none,0.3,0.78,0.78,0.53,0.75,0.54,0.6714285714285714,1.0,0.0,53,94,0.75,0.6818181818181818,0.3181818181818182,12,8,0.6,0.8888888888888888,0.1111111111111111,0,0
3,0.69,0.79,186.0,451,97,168,0,71,False,-1,none,0.3,0.8,0.81,0.59,0.73,0.51,0.6428571428571429,1.0,0.0,57,84,0.85,0.8181818181818182,0.18181818181818182,8,18,0.7,0.75,0.25,1,0
3,0.65,0.81,190.0,449,96,146,0,77,False,-1,none,0.3,0.73,0.78,0.53,0.71,0.48,0.6142857142857143,1.0,0.0,45,81,0.75,0.875,0.125,4,12,0.7,0.7142857142857143,0.2857142857142857,2,2
3,0.65,0.72,180.0,458,108,172,0,83,False,-1,none,0.3,0.84,0.8,0.48,0.85,0.55,0.6142857142857143,1.0,0.0,46,98,0.7,0.7222222222222222,0.2777777777777778,12,13,0.8,0.6363636363636364,0.36363636363636365,0,3
3,0.66,0.78,188.0,452,97,182,0,58,False,-1,none,0.3,0.79,0.81,0.62,0.74,0.61,0.7142857142857143,1.0,0.0,62,103,0.45,0.6923076923076923,0.3076923076923077,6,9,0.7,0.7333333333333333,0.26666666666666666,0,2
3,0.63,0.72,174.39999999999998,458,91,152,0,85,True,1,Slow,0.3,0.75,0.74,0.51,0.67,0.48,0.6142857142857143,1.0,0.0,45,83,0.65,0.75,0.25,8,11,0.7,0.5384615384615384,0.46153846153846156,1,4
3,0.65,0.78,168.0,452,97,156,0,69,False,-1,none,0.3,0.79,0.74,0.54,0.73,0.51,0.6142857142857143,1.0,0.0,45,87,0.85,0.9230769230769231,0.07692307692307693,5,18,0.5,0.8888888888888888,0.1111111111111111,0,1
3,0.67,0.77,202.0,453,102,168,0,73,False,-1,none,0.3,0.84,0.8,0.57,0.77,0.49,0.6428571428571429,1.0,0.0,49,88,0.75,0.5555555555555556,0.4444444444444444,17,11,0.7,0.7142857142857143,0.2857142857142857,0,3
3,0.75,0.94,212.0,436,100,168,0,78,False,-1,none,0.3,0.85,0.85,0.62,0.8,0.5,0.7571428571428571,1.0,0.0,65,91,0.65,0.95,0.05,1,8,0.9,0.7619047619047619,0.23809523809523808,1,2
3,0.73,0.87,206.0,443,86,171,0,71,False,-1,none,0.3,0.74,0.8,0.57,0.73,0.6,0.7142857142857143,1.0,0.0,53,93,0.8,0.8260869565217391,0.17391304347826086,8,16,0.7,0.7142857142857143,0.2857142857142857,0,1
4,0.69,0.82,220.0,448,108,163,0,82,False,-1,none,0.3,0.83,0.83,0.51,0.76,0.6,0.6428571428571429,1.0,0.0,42,94,0.75,0.6842105263157895,0.3157894736842105,10,14,0.9,0.5555555555555556,0.4444444444444444,1,2
4,0.68,0.81,198.0,449,102,168,0,74,False,-1,none,0.3,0.82,0.82,0.54,0.78,0.55,0.6428571428571429,1.0,0.0,48,97,0.75,0.75,0.25,9,12,0.8,0.75,0.25,2,0
4,0.61,0.75,182.0,455,75,158,0,77,False,-1,none,0.3,0.73,0.73,0.4,0.71,0.51,0.5714285714285714,1.0,0.0,40,89,0.8,0.84,0.16,9,18,0.5,0.6,0.4,1,1
4,0.73,0.87,222.0,443,101,192,0,70,False,-1,none,0.3,0.86,0.83,0.64,0.82,0.65,0.7142857142857143,1.0,0.0,53,106,0.8,0.7272727272727273,0.2727272727272727,15,14,0.7,0.6,0.4,0,4
4,0.73,0.93,214.0,437,86,167,0,79,False,-1,none,0.3,0.8,0.82,0.58,0.77,0.49,0.6857142857142857,1.0,0.0,58,87,0.75,0.8846153846153846,0.11538461538461539,7,13,1.0,0.7894736842105263,0.21052631578947367,0,2
4,0.76,0.91,206.79999999999998,439,91,182,0,86,True,0,Slow,0.3,0.84,0.86,0.55,0.79,0.6,0.6714285714285714,1.0,0.0,53,93,1.0,0.7692307692307693,0.23076923076923078,16,18,0.9,0.7222222222222222,0.2777777777777778,1,1
4,0.73,0.91,210.0,439,99,155,0,80,False,-1,none,0.3,0.8,0.8,0.56,0.74,0.55,0.6714285714285714,1.0,0.0,47,87,0.8,0.9230769230769231,0.07692307692307693,4,16,1.0,0.7222222222222222,0.2777777777777778,1,0
4,0.69,0.82,200.0,448,95,169,0,74,False,-1,none,0.3,0.8,0.81,0.53,0.77,0.55,0.6714285714285714,1.0,0.0,47,93,0.75,0.8260869565217391,0.17391304347826086,8,17,0.7,0.5833333333333334,0.4166666666666667,1,3
4,0.7,0.85,210.0,445,95,190,0,80,False,-1,none,0.3,0.83,0.85,0.58,0.84,0.6,0.6571428571428571,1.0,0.0,59,99,0.85,0.7916666666666666,0.20833333333333334,11,16,0.7,0.6666666666666666,0.3333333333333333,0,5
4,0.67,0.79,198.0,451,103,173,0,75,False,-1,none,0.3,0.81,0.83,0.57,0.8,0.54,0.6142857142857143,1.0,0.0,55,98,0.8,0.7368421052631579,0.2631578947368421,7,12,0.8,0.7058823529411765,0.29411764705882354,0,1
4,0.76,0.92,189.39999999999998,438,109,171,0,88,True,1,Slow,0.3,0.88,0.85,0.58,0.79,0.62,0.7142857142857143,1.0,0.0,47,102,0.9,0.8888888888888888,0.1111111111111111,6,16,0.8,0.8,0.2,0,0
4,0.68,0.78,196.0,452,100,162,0,80,False,-1,none,0.3,0.82,0.77,0.52,0.7,0.59,0.6285714285714286,1.0,0.0,43,91,0.8,0.6842105263157895,0.3157894736842105,15,9,0.8,0.7333333333333333,0.26666666666666666,1,3
4,0.72,0.93,218.0,437,93,171,0,68,False,-1,none,0.3,0.76,0.79,0.59,0.82,0.61,0.7,1.0,0.0,48,102,0.75,0.9259259259259259,0.07407407407407407,2,16,0.8,0.6470588235294118,0.35294117647058826,0,3
4,0.7,0.88,203.0,442,104,163,0,70,True,4,Shigh,0.3,0.85,0.83,0.6,0.72,0.55,0.6857142857142857,1.0,0.0,61,85,0.7,0.88,0.12,1,10,0.8,0.6,0.4,1,5
4,0.68,0.82,200.0,448,97,167,0,74,False,-1,none,0.3,0.79,0.8,0.56,0.73,0.58,0.6428571428571429,1.0,0.0,52,88,0.8,0.8,0.2,10,14,0.7,0.7058823529411765,0.29411764705882354,1,2
4,0.75,0.89,201.2,441,91,173,0,82,True,1,Slow,0.3,0.82,0.84,0.6,0.74,0.53,0.7285714285714285,1.0,0.0,61,89,0.7,0.7222222222222222,0.2777777777777778,11,10,1.0,0.75,0.25,1,1
4,0.72,0.93,222.0,437,83,160,0,74,False,-1,none,0.3,0.79,0.79,0.51,0.78,0.49,0.6428571428571429,1.0,0.0,47,88,0.9,0.9230769230769231,0.07692307692307693,3,19,0.9,0.6818181818181818,0.3181818181818182,2,1
4,0.69,0.85,198.0,445,109,162,0,74,False,-1,none,0.3,0.81,0.84,0.6,0.78,0.53,0.6571428571428571,1.0,0.0,49,91,0.65,0.8947368421052632,0.10526315789473684,6,13,1.0,0.75,0.25,0,3
4,0.73,0.87,210.0,443,89,193,0,71,False,-1,none,0.3,0.83,0.83,0.6,0.84,0.59,0.7714285714285715,1.0,0.0,67,103,0.65,0.7222222222222222,0.2777777777777778,9,12,0.6,0.7333333333333333,0.26666666666666666,1,1
4,0.71,0.79,194.0,451,83,184,0,79,False,-1,none,0.3,0.79,0.81,0.51,0.79,0.56,0.6857142857142857,1.0,0.0,59,98,0.85,0.75,0.25,10,16,0.6,0.6363636363636364,0.36363636363636365,0,1
4,0.65,0.76,204.0,454,99,147,0,78,False,-1,none,0.3,0.74,0.76,0.48,0.73,0.51,0.6428571428571429,1.0,0.0,38,86,0.65,0.6,0.4,9,12,0.7,0.5625,0.4375,1,1
4,0.8,0.97,218.79999999999998,433,95,188,0,65,True,1,Slow,0.3,0.87,0.87,0.65,0.78,0.63,0.7714285714285715,1.0,0.0,63,101,0.85,0.782608695652174,0.21739130434782608,8,12,0.9,0.7,0.3,0,4
5,0.71,0.83,213.4,447,115,173,0,84,True,4,Shigh,0.3,0.81,0.86,0.62,0.83,0.59,0.6428571428571429,1.0,0.0,47,102,0.8,0.6363636363636364,0.36363636363636365,11,10,1.0,0.5625,0.4375,0,3
5,0.73,0.91,220.6,439,119,161,0,74,True,4,Shigh,0.3,0.86,0.87,0.6,0.78,0.6,0.6857142857142857,1.0,0.0,45,93,0.8,0.7692307692307693,0.23076923076923078,11,9,0.9,0.7058823529411765,0.29411764705882354,1,2
5,0.64,0.77,172.6,453,116,159,0,73,True,3,Shigh,0.3,0.79,0.78,0.54,0.8,0.61,0.6,1.0,0.0,44,98,0.7,0.8571428571428571,0.14285714285714285,5,11,0.8,0.7857142857142857,0.21428571428571427,0,1
5,0.68,0.82,188.0,448,99,158,0,91,False,-1,none,0.3,0.79,0.83,0.47,0.76,0.54,0.6428571428571429,1.0,0.0,43,95,0.75,0.8947368421052632,0.10526315789473684,4,13,0.8,0.7777777777777778,0.2222222222222222,1,2
5,0.63,0.74,188.0,456,113,162,0,76,False,-1,none,0.3,0.81,0.8,0.59,0.76,0.53,0.6,1.0,0.0,55,92,0.7,0.7777777777777778,0.2222222222222222,2,9,0.7,0.5714285714285714,0.42857142857142855,1,3
5,0.68,0.84,203.8,446,94,155,0,72,True,3,Shigh,0.3,0.77,0.81,0.52,0.72,0.51,0.6571428571428571,1.0,0.0,47,85,0.65,0.631578947368421,0.3684210526315789,9,9,0.9,0.6842105263157895,0.3157894736842105,1,4
5,0.76,0.92,200.0,438,113,163,0,87,False,-1,none,0.3,0.88,0.9,0.57,0.78,0.55,0.7142857142857143,1.0,0.0,51,91,0.8,1.0,0.0,0,19,1.0,0.7647058823529411,0.23529411764705882,0,2
5,0.76,0.92,224.0,438,103,164,0,81,False,-1,none,0.3,0.85,0.79,0.59,0.79,0.57,0.7285714285714285,1.0,0.0,49,89,0.8,0.7727272727272727,0.22727272727272727,7,16,0.9,0.7368421052631579,0.2631578947368421,1,2
5,0.7,0.81,190.0,449,81,179,0,79,False,-1,none,0.3,0.8,0.81,0.49,0.79,0.52,0.7428571428571429,1.0,0.0,63,97,0.6,0.8125,0.1875,6,9,0.6,0.6923076923076923,0.3076923076923077,0,4
5,0.63,0.73,190.0,457,89,167,0,56,False,-1,none,0.3,0.72,0.75,0.54,0.74,0.54,0.6142857142857143,1.0,0.0,53,87,0.7,0.65,0.35,11,14,0.6,0.6,0.4,1,1
5,0.71,0.81,178.79999999999998,449,110,175,0,59,True,0,Slow,0.3,0.83,0.8,0.56,0.8,0.67,0.6714285714285714,1.0,0.0,48,102,0.9,0.7727272727272727,0.22727272727272727,6,15,0.6,0.6666666666666666,0.3333333333333333,0,4
5,0.6,0.76,170.79999999999998,454,85,152,0,67,True,0,Slow,0.3,0.73,0.73,0.51,0.68,0.48,0.5571428571428572,1.0,0.0,48,81,0.65,0.8,0.2,7,12,0.8,0.7647058823529411,0.23529411764705882,0,4
5,0.64,0.81,210.0,449,73,134,0,72,False,-1,none,0.3,0.67,0.71,0.42,0.68,0.4,0.6142857142857143,1.0,0.0,41,73,0.65,0.7222222222222222,0.2777777777777778,7,10,0.8,0.65,0.35,2,1
5,0.71,0.85,206.0,445,89,168,0,83,False,-1,none,0.3,0.8,0.81,0.55,0.74,0.52,0.6714285714285714,1.0,0.0,49,86,0.85,0.782608695652174,0.21739130434782608,12,17,0.7,0.7333333333333333,0.26666666666666666,2,2
5,0.72,0.85,214.0,445,91,184,0,70,False,-1,none,0.3,0.79,0.8,0.6,0.79,0.62,0.6714285714285714,1.0,0.0,58,99,0.9,0.6956521739130435,0.30434782608695654,10,14,0.7,0.7333333333333333,0.26666666666666666,0,3
5,0.71,0.83,194.0,447,89,174,0,74,False,-1,none,0.3,0.82,0.84,0.57,0.74,0.49,0.7,1.0,0.0,59,88,0.7,0.7894736842105263,0.21052631578947367,9,17,0.8,0.8,0.2,0,1
5,0.67,0.79,194.0,451,80,170,0,66,False,-1,none,0.3,0.76,0.72,0.51,0.7,0.6,0.6428571428571429,1.0,0.0,47,95,0.8,0.7,0.3,11,13,0.6,0.7857142857142857,0.21428571428571427,0,4
5,0.7,0.83,198.0,447,106,167,0,79,False,-1,none,0.3,0.84,0.81,0.5,0.73,0.68,0.6714285714285714,1.0,0.0,43,99,0.75,0.7619047619047619,0.23809523809523808,8,14,0.8,0.8,0.2,1,2
5,0.72,0.87,234.0,443,74,164,0,80,False,-1,none,0.3,0.75,0.75,0.55,0.69,0.51,0.7,1.0,0.0,53,80,0.7,0.65,0.35,13,14,0.9,0.5555555555555556,0.4444444444444444,0,4
5,0.75,0.84,192.0,446,98,180,0,88,False,-1,none,0.3,0.84,0.82,0.54,0.77,0.65,0.7142857142857143,1.0,0.0,51,104,0.95,0.875,0.125,6,18,0.6,0.7,0.3,0,1
5,0.66,0.79,190.0,451,97,168,0,81,False,-1,none,0.3,0.75,0.8,0.58,0.78,0.53,0.6285714285714286,1.0,0.0,56,94,0.7,0.7894736842105263,0.21052631578947367,7,10,0.8,0.75,0.25,0,1
5,0.74,0.88,228.0,442,95,177,0,80,False,-1,none,0.3,0.85,0.83,0.56,0.78,0.58,0.7142857142857143,1.0,0.0,57,97,0.8,0.7,0.3,11,11,0.8,0.6111111111111112,0.3888888888888889,0,1
6,0.62,0.74,158.59999999999997,456,123,156,0,77,True,1,Slow,0.3,0.83,0.83,0.54,0.78,0.55,0.5285714285714286,1.0,0.0,40,91,0.85,0.8695652173913043,0.13043478260869565,6,17,0.8,0.7142857142857143,0.2857142857142857,0,2
6,0.69,0.89,222.0,441,100,163,0,73,False,-1,none,0.3,0.82,0.83,0.58,0.78,0.51,0.5857142857142857,1.0,0.0,53,84,0.9,0.8333333333333334,0.16666666666666666,4,18,1.0,0.7083333333333334,0.2916666666666667,1,3
6,0.75,0.91,222.0,439,87,175,0,82,False,-1,none,0.3,0.79,0.82,0.57,0.78,0.57,0.7142857142857143,1.0,0.0,56,95,0.85,0.8333333333333334,0.16666666666666666,8,15,0.8,0.6470588235294118,0.35294117647058826,0,1
6,0.71,0.86,184.79999999999998,444,76,172,0,76,True,0,Slow,0.3,0.8,0.76,0.49,0.76,0.53,0.7,1.0,0.0,56,92,0.7,0.85,0.15,6,16,0.8,0.7058823529411765,0.29411764705882354,0,2
6,0.67,0.87,202.79999999999998,443,101,172,0,75,True,0,Slow,0.3,0.82,0.8,0.52,0.83,0.63,0.5857142857142857,1.0,0.0,44,100,0.85,0.8214285714285714,0.17857142857142858,7,17,0.9,0.6111111111111112,0.3888888888888889,0,4
6,0.7,0.85,208.99999999999997,445,93,181,0,71,True,0,Slow,0.3,0.82,0.82,0.64,0.81,0.5,0.6428571428571429,1.0,0.0,55,91,0.8,0.6363636363636364,0.36363636363636365,17,13,0.9,0.6111111111111112,0.3888888888888889,1,4
6,0.72,0.8,192.0,450,77,175,0,73,False,-1,none,0.3,0.77,0.77,0.52,0.71,0.55,0.7142857142857143,1.0,0.0,59,92,0.75,0.7368421052631579,0.2631578947368421,10,11,0.7,0.7272727272727273,0.2727272727272727,0,3
6,0.76,0.91,210.0,439,84,165,0,85,False,-1,none,0.3,0.82,0.79,0.53,0.78,0.48,0.7,1.0,0.0,49,90,0.95,0.8888888888888888,0.1111111111111111,7,18,0.8,0.7333333333333333,0.26666666666666666,0,1
6,0.65,0.81,190.0,449,92,178,0,64,False,-1,none,0.3,0.79,0.8,0.62,0.81,0.49,0.6428571428571429,1.0,0.0,59,91,0.6,0.7894736842105263,0.21052631578947367,9,15,0.8,0.8235294117647058,0.17647058823529413,1,3
6,0.67,0.86,200.0,444,96,148,0,70,False,-1,none,0.3,0.76,0.77,0.53,0.71,0.53,0.6285714285714286,1.0,0.0,42,89,0.85,0.896551724137931,0.10344827586206896,4,10,0.6,0.6923076923076923,0.3076923076923077,0,3
6,0.65,0.81,190.0,449,88,161,0,75,False,-1,none,0.3,0.77,0.79,0.53,0.74,0.47,0.6285714285714286,1.0,0.0,53,85,0.7,0.8636363636363636,0.13636363636363635,7,14,0.7,0.7333333333333333,0.26666666666666666,0,2
6,0.7,0.88,216.0,442,93,159,0,75,False,-1,none,0.3,0.8,0.82,0.56,0.7,0.52,0.6285714285714286,1.0,0.0,48,82,0.85,0.8461538461538461,0.15384615384615385,10,15,0.9,0.6666666666666666,0.3333333333333333,1,3
6,0.63,0.75,178.0,455,87,168,0,65,False,-1,none,0.3,0.76,0.76,0.48,0.72,0.58,0.6,1.0,0.0,51,93,0.7,0.85,0.15,5,16,0.7,0.6923076923076923,0.3076923076923077,0,3
6,0.65,0.78,184.0,452,96,166,0,80,False,-1,none,0.3,0.81,0.82,0.46,0.77,0.54,0.6714285714285714,1.0,0.0,52,94,0.55,0.8333333333333334,0.16666666666666666,8,12,0.7,0.6923076923076923,0.3076923076923077,0,0
6,0.73,0.92,228.0,438,96,170,0,82,False,-1,none,0.3,0.82,0.83,0.6,0.77,0.56,0.6571428571428571,1.0,0.0,55,89,0.85,0.8076923076923077,0.19230769230769232,6,16,1.0,0.7,0.3,0,4
6,0.68,0.8,188.0,450,89,158,0,73,False,-1,none,0.3,0.79,0.77,0.53,0.68,0.5,0.6714285714285714,1.0,0.0,54,84,0.7,0.8421052631578947,0.15789473684210525,4,15,0.7,0.7142857142857143,0.2857142857142857,0,1
6,0.66,0.78,192.0,452,91,162,0,74,False,-1,none,0.3,0.77,0.76,0.56,0.7,0.52,0.6142857142857143,1.0,0.0,49,88,0.75,0.8,0.2,8,13,0.8,0.6666666666666666,0.3333333333333333,2,2
6,0.8,0.97,218.0,433,87,174,0,82,False,-1,none,0.3,0.82,0.84,0.57,0.82,0.53,0.7857142857142857,1.0,0.0,56,97,0.75,1.0,0.0,0,18,1.0,0.7142857142857143,0.2857142857142857,0,3
6,0.66,0.76,176.0,454,82,162,0,75,False,-1,none,0.3,0.73,0.72,0.49,0.77,0.49,0.6571428571428571,1.0,0.0,48,91,0.7,0.8571428571428571,0.14285714285714285,7,13,0.6,0.6666666666666666,0.3333333333333333,0,3
6,0.75,0.97,250.0,433,81,169,0,63,False,-1,none,0.3,0.79,0.78,0.57,0.78,0.55,0.6857142857142857,1.0,0.0,46,90,0.9,0.7407407407407407,0.25925925925925924,14,15,0.9,0.6818181818181818,0.3181818181818182,2,2
6,0.78,0.92,198.59999999999997,438,96,179,0,78,True,0,Slow,0.3,0.84,0.84,0.61,0.78,0.6,0.7714285714285715,1.0,0.0,58,101,0.8,0.8333333333333334,0.16666666666666666,7,11,0.8,0.7142857142857143,0.2857142857142857,1,1
6,0.66,0.83,206.0,447,98,167,0,67,False,-1,none,0.3,0.78,0.76,0.62,0.78,0.54,0.5857142857142857,1.0,0.0,43,90,0.85,0.7916666666666666,0.20833333333333334,12,17,0.8,0.7222222222222222,0.2777777777777778,1,4
7,0.74,0.85,194.0,445,106,167,0,92,False,-1,none,0.3,0.83,0.88,0.51,0.78,0.58,0.7428571428571429,1.0,0.0,46,100,0.7,0.85,0.15,7,14,0.8,0.7692307692307693,0.23076923076923078,0,0
7,0.59,0.78,200.0,452,102,154,0,81,False,-1,none,0.3,0.79,0.76,0.56,0.71,0.52,0.5,1.0,0.0,39,86,0.85,0.7777777777777778,0.2222222222222222,10,15,0.7,0.6875,0.3125,2,2
7,0.71,0.9,220.0,440,97,182,0,56,False,-1,none,0.3,0.83,0.84,0.6,0.79,0.63,0.6857142857142857,1.0,0.0,53,104,0.7,0.8260869565217391,0.17391304347826086,8,12,0.9,0.6842105263157895,0.3157894736842105,1,4
7,0.64,0.8,196.0,450,93,149,0,73,False,-1,none,0.3,0.77,0.75,0.5,0.73,0.47,0.6142857142857143,1.0,0.0,49,80,0.6,0.8333333333333334,0.16666666666666666,6,11,0.9,0.6842105263157895,0.3157894736842105,0,3
7,0.7,0.82,188.0,448,116,161,0,86,False,-1,none,0.3,0.87,0.81,0.54,0.82,0.55,0.6857142857142857,1.0,0.0,46,96,0.75,0.8571428571428571,0.14285714285714285,4,15,0.7,0.7692307692307693,0.23076923076923078,0,0
7,0.71,0.87,222.0,443,102,161,0,80,False,-1,none,0.3,0.81,0.8,0.56,0.75,0.58,0.6428571428571429,1.0,0.0,44,87,0.8,0.8695652173913043,0.13043478260869565,5,17,1.0,0.5263157894736842,0.47368421052631576,0,8
7,0.64,0.79,202.0,451,93,153,0,70,False,-1,none,0.3,0.76,0.76,0.52,0.7,0.51,0.5714285714285714,1.0,0.0,49,82,0.75,0.8636363636363636,0.13636363636363635,6,11,0.9,0.5294117647058824,0.47058823529411764,1,4
7,0.66,0.81,202.0,449,113,159,0,72,False,-1,none,0.3,0.8,0.8,0.62,0.8,0.51,0.5857142857142857,1.0,0.0,43,92,0.85,0.782608695652174,0.21739130434782608,10,13,0.8,0.7058823529411765,0.29411764705882354,0,1
7,0.72,0.83,206.0,447,95,168,0,79,False,-1,none,0.3,0.79,0.8,0.51,0.78,0.58,0.6714285714285714,1.0,0.0,45,93,0.8,0.7619047619047619,0.23809523809523808,12,15,0.9,0.6666666666666666,0.3333333333333333,0,3
7,0.73,0.89,210.0,441,100,175,0,81,False,-1,none,0.3,0.83,0.86,0.57,0.82,0.56,0.7142857142857143,1.0,0.0,51,97,0.8,0.8695652173913043,0.13043478260869565,6,14,0.7,0.6875,0.3125,2,5
7,0.72,0.84,201.6,446,95,174,0,72,True,0,Slow,0.3,0.79,0.83,0.57,0.77,0.57,0.6571428571428571,1.0,0.0,59,90,0.9,0.7391304347826086,0.2608695652173913,9,12,0.8,0.6,0.4,0,4
7,0.76,0.91,238.0,439,90,158,0,86,False,-1,none,0.3,0.81,0.8,0.52,0.78,0.48,0.7285714285714285,1.0,0.0,49,83,0.8,0.6818181818181818,0.3181818181818182,10,11,0.9,0.6111111111111112,0.3888888888888889,0,5
7,0.7,0.77,202.0,453,100,165,0,78,False,-1,none,0.3,0.8,0.78,0.6,0.76,0.48,0.7,1.0,0.0,52,89,0.75,0.4,0.6,15,8,0.6,0.7692307692307693,0.23076923076923078,0,1
7,0.7,0.92,232.0,438,69,172,0,72,False,-1,none,0.3,0.77,0.8,0.49,0.73,0.54,0.6571428571428571,1.0,0.0,59,86,0.7,0.88,0.12,5,15,1.0,0.5714285714285714,0.42857142857142855,3,4
7,0.72,0.86,205.2,444,78,164,0,87,True,4,Shigh,0.3,0.78,0.77,0.45,0.75,0.53,0.6857142857142857,1.0,0.0,56,87,0.8,0.7272727272727273,0.2727272727272727,4,13,0.8,0.6875,0.3125,1,3
7,0.75,0.88,220.0,442,87,176,0,69,False,-1,none,0.3,0.83,0.77,0.61,0.79,0.51,0.7285714285714285,1.0,0.0,53,85,0.8,0.65,0.35,16,18,0.8,0.7647058823529411,0.23529411764705882,0,4
7,0.68,0.84,208.0,446,117,156,0,73,False,-1,none,0.3,0.83,0.8,0.58,0.8,0.56,0.6714285714285714,1.0,0.0,46,90,0.65,0.7894736842105263,0.21052631578947367,4,13,0.8,0.6666666666666666,0.3333333333333333,0,3
7,0.67,0.78,184.0,452,87,168,0,82,False,-1,none,0.3,0.78,0.79,0.53,0.73,0.5,0.6571428571428571,1.0,0.0,54,94,0.75,0.8421052631578947,0.15789473684210525,5,11,0.6,0.6923076923076923,0.3076923076923077,0,4
7,0.66,0.77,198.0,453,88,160,0,90,False,-1,none,0.3,0.76,0.76,0.49,0.7,0.54,0.5857142857142857,1.0,0.0,46,89,0.85,0.6666666666666666,0.3333333333333333,11,13,0.8,0.7333333333333333,0.26666666666666666,0,1
7,0.61,0.69,182.0,461,101,170,0,85,False,-1,none,0.3,0.82,0.77,0.48,0.78,0.55,0.6142857142857143,1.0,0.0,49,95,0.6,0.6153846153846154,0.38461538461538464,10,14,0.6,0.5384615384615384,0.46153846153846156,0,2
7,0.68,0.84,200.0,446,95,166,0,65,False,-1,none,0.3,0.78,0.79,0.55,0.74,0.59,0.6285714285714286,1.0,0.0,47,97,0.8,0.9130434782608695,0.08695652173913043,5,14,0.8,0.6470588235294118,0.35294117647058826,0,3
7,0.69,0.88,212.0,442,107,164,0,91,False,-1,none,0.3,0.88,0.78,0.53,0.75,0.65,0.6285714285714286,1.0,0.0,46,95,0.8,0.875,0.125,6,14,0.9,0.7,0.3,0,3
8,0.73,0.84,208.0,446,120,178,0,83,False,-1,none,0.3,0.89,0.91,0.59,0.85,0.58,0.6714285714285714,1.0,0.0,57,101,0.85,0.7222222222222222,0.2777777777777778,9,9,0.9,0.7368421052631579,0.2631578947368421,0,2
8,0.69,0.8,200.0,450,85,176,0,69,False,-1,none,0.3,0.76,0.75,0.48,0.77,0.65,0.6428571428571429,1.0,0.0,45,96,0.95,0.68,0.32,16,18,0.5,0.8,0.2,0,1
8,0.71,0.85,210.0,445,114,154,0,82,False,-1,none,0.3,0.82,0.82,0.56,0.76,0.57,0.7,1.0,0.0,44,90,0.75,0.65,0.35,7,10,0.7,0.8125,0.1875,1,2
8,0.69,0.83,186.0,447,112,147,0,78,False,-1,none,0.3,0.8,0.81,0.52,0.77,0.52,0.6571428571428571,1.0,0.0,39,91,0.75,0.8421052631578947,0.15789473684210525,4,12,0.8,0.8888888888888888,0.1111111111111111,0,1
8,0.71,0.84,219.0,446,89,163,0,74,True,2,Slow,0.3,0.79,0.8,0.51,0.73,0.53,0.6571428571428571,1.0,0.0,51,86,0.8,0.6,0.4,15,8,0.9,0.6111111111111112,0.3888888888888889,0,3
8,0.71,0.82,192.0,448,108,176,0,69,False,-1,none,0.3,0.85,0.82,0.57,0.82,0.6,0.7,1.0,0.0,51,99,0.75,0.8636363636363636,0.13636363636363635,6,17,0.7,0.6363636363636364,0.36363636363636365,1,2
8,0.72,0.89,226.0,441,95,167,0,74,False,-1,none,0.3,0.79,0.79,0.61,0.77,0.55,0.7142857142857143,1.0,0.0,52,89,0.65,0.6875,0.3125,8,14,0.9,0.6956521739130435,0.30434782608695654,1,3
8,0.67,0.88,203.4,442,99,156,0,72,True,4,Shigh,0.3,0.79,0.81,0.54,0.73,0.56,0.6285714285714286,1.0,0.0,50,90,0.75,0.8461538461538461,0.15384615384615385,2,9,0.8,0.6666666666666666,0.3333333333333333,0,5
8,0.68,0.81,206.0,449,92,170,0,67,False,-1,none,0.3,0.8,0.79,0.57,0.73,0.54,0.7142857142857143,1.0,0.0,49,100,0.55,0.6,0.4,10,9,0.7,0.6875,0.3125,1,1
8,0.73,0.85,206.0,445,104,166,0,90,False,-1,none,0.3,0.83,0.82,0.62,0.81,0.47,0.7,1.0,0.0,51,89,0.75,0.7894736842105263,0.21052631578947367,10,13,0.9,0.7058823529411765,0.29411764705882354,0,3
8,0.66,0.79,190.0,451,93,162,0,86,False,-1,none,0.3,0.8,0.78,0.45,0.78,0.53,0.6428571428571429,1.0,0.0,45,95,0.7,0.85,0.15,5,13,0.7,0.6428571428571429,0.35714285714285715,1,3
8,0.74,0.85,194.0,445,69,177,0,84,False,-1,none,0.3,0.78,0.8,0.46,0.74,0.53,0.7857142857142857,1.0,0.0,60,98,0.65,0.7368421052631579,0.2631578947368421,8,11,0.6,0.9090909090909091,0.09090909090909091,0,0
8,0.81,0.96,228.0,434,98,192,0,74,False,-1,none,0.3,0.9,0.88,0.6,0.87,0.61,0.7857142857142857,1.0,0.0,60,101,0.9,0.7916666666666666,0.20833333333333334,7,23,0.8,0.7647058823529411,0.23529411764705882,0,1
8,0.64,0.74,168.0,456,121,162,0,68,False,-1,none,0.3,0.81,0.77,0.62,0.78,0.59,0.6428571428571429,1.0,0.0,50,98,0.65,0.8235294117647058,0.17647058823529413,4,10,0.6,0.8333333333333334,0.16666666666666666,0,0
8,0.72,0.92,228.0,438,84,175,0,69,False,-1,none,0.3,0.79,0.82,0.55,0.79,0.56,0.6714285714285714,1.0,0.0,51,95,0.75,0.7619047619047619,0.23809523809523808,8,15,1.0,0.75,0.25,3,3
8,0.67,0.89,218.0,441,92,165,0,79,False,-1,none,0.3,0.81,0.82,0.54,0.77,0.52,0.5857142857142857,1.0,0.0,45,93,0.9,0.8214285714285714,0.17857142857142858,11,12,0.8,0.75,0.25,1,3
8,0.69,0.86,200.0,444,90,162,0,77,False,-1,none,0.3,0.8,0.77,0.54,0.74,0.53,0.6571428571428571,1.0,0.0,49,85,0.8,0.8846153846153846,0.11538461538461539,8,17,0.7,0.7142857142857143,0.2857142857142857,1,2
8,0.7,0.8,192.0,450,107,154,0,84,False,-1,none,0.3,0.8,0.8,0.52,0.77,0.52,0.6714285714285714,1.0,0.0,46,88,0.7,0.8235294117647058,0.17647058823529413,4,14,0.9,0.6875,0.3125,1,1
8,0.73,0.92,220.0,438,90,179,0,64,False,-1,none,0.3,0.83,0.83,0.59,0.76,0.6,0.7285714285714285,1.0,0.0,60,95,0.7,0.92,0.08,2,16,0.8,0.5625,0.4375,1,5
8,0.69,0.81,178.0,449,113,167,0,64,False,-1,none,0.3,0.77,0.81,0.56,0.8,0.67,0.6571428571428571,1.0,0.0,47,98,0.85,0.9090909090909091,0.09090909090909091,5,13,0.6,0.8461538461538461,0.15384615384615385,1,3
8,0.71,0.83,210.0,447,86,181,0,70,False,-1,none,0.3,0.8,0.78,0.58,0.78,0.56,0.7,1.0,0.0,54,90,0.8,0.7142857142857143,0.2857142857142857,14,21,0.6,0.6153846153846154,0.38461538461538464,1,1
8,0.72,0.85,222.0,445,76,170,0,74,False,-1,none,0.3,0.76,0.79,0.55,0.75,0.46,0.7,1.0,0.0,62,83,0.65,0.6666666666666666,0.3333333333333333,12,9,1.0,0.6190476190476191,0.38095238095238093,0,4
9,0.68,0.76,192.0,454,109,165,0,85,False,-1,none,0.3,0.84,0.84,0.48,0.79,0.55,0.6714285714285714,1.0,0.0,41,102,0.75,0.631578947368421,0.3684210526315789,9,12,0.6,0.7,0.3,0,1
9,0.68,0.77,194.0,453,99,186,0,78,False,-1,none,0.3,0.81,0.84,0.51,0.83,0.63,0.6428571428571429,1.0,0.0,52,106,0.75,0.6666666666666666,0.3333333333333333,15,11,0.8,0.7142857142857143,0.2857142857142857,0,2
9,0.71,0.89,230.0,441,110,182,0,69,False,-1,none,0.3,0.86,0.88,0.59,0.84,0.64,0.6285714285714286,1.0,0.0,52,102,0.9,0.6956521739130435,0.30434782608695654,8,17,0.9,0.7272727272727273,0.2727272727272727,2,1
9,0.68,0.82,198.0,448,91,160,0,77,True,4,Shigh,0.3,0.8,0.8,0.53,0.7,0.5,0.6571428571428571,1.0,0.0,55,85,0.8,0.6666666666666666,0.3333333333333333,4,11,0.6,0.5833333333333334,0.4166666666666667,1,4
9,0.68,0.8,208.0,450,90,162,0,78,False,-1,none,0.3,0.78,0.82,0.44,0.78,0.5,0.6285714285714286,1.0,0.0,50,87,0.8,0.7,0.3,10,13,0.8,0.625,0.375,0,2
9,0.67,0.82,188.0,448,114,162,0,77,False,-1,none,0.3,0.82,0.82,0.55,0.82,0.57,0.6285714285714286,1.0,0.0,46,97,0.85,0.8518518518518519,0.14814814814814814,6,13,0.6,0.8181818181818182,0.18181818181818182,0,0
9,0.68,0.88,220.2,442,112,159,0,66,True,3,Shigh,0.3,0.82,0.79,0.61,0.79,0.58,0.6571428571428571,1.0,0.0,44,98,0.7,0.625,0.375,7,9,0.8,0.6111111111111112,0.3888888888888889,1,0
9,0.74,0.84,212.0,446,83,187,0,76,False,-1,none,0.3,0.78,0.78,0.58,0.8,0.6,0.7428571428571429,1.0,0.0,56,100,0.8,0.6190476190476191,0.38095238095238093,14,13,0.6,0.7272727272727273,0.2727272727272727,1,3
9,0.74,0.91,222.0,439,80,174,0,85,False,-1,none,0.3,0.85,0.82,0.52,0.71,0.55,0.7285714285714285,1.0,0.0,62,87,0.65,0.8888888888888888,0.1111111111111111,5,10,1.0,0.6363636363636364,0.36363636363636365,1,9
9,0.69,0.78,176.6,452,82,172,0,73,True,2,Slow,0.3,0.78,0.78,0.51,0.73,0.52,0.6857142857142857,1.0,0.0,53,94,0.8,0.7619047619047619,0.23809523809523808,8,17,0.5,0.6666666666666666,0.3333333333333333,0,0
9,0.68,0.85,218.0,445,99,169,0,82,False,-1,none,0.3,0.84,0.82,0.56,0.76,0.55,0.6142857142857143,1.0,0.0,54,88,0.8,0.7391304347826086,0.2608695652173913,9,16,0.9,0.6842105263157895,0.3157894736842105,0,2
9,0.72,0.85,188.6,445,103,158,0,84,True,4,Shigh,0.3,0.8,0.8,0.46,0.79,0.61,0.6714285714285714,1.0,0.0,47,95,0.85,0.875,0.125,2,12,0.8,0.7857142857142857,0.21428571428571427,1,1
9,0.7,0.84,208.0,446,100,154,0,77,True,2,Slow,0.3,0.76,0.8,0.54,0.73,0.55,0.6428571428571429,1.0,0.0,46,89,0.8,0.7083333333333334,0.2916666666666667,8,11,0.9,0.6,0.4,0,0
9,0.74,0.79,198.0,451,87,186,0,68,False,-1,none,0.3,0.84,0.81,0.56,0.74,0.57,0.7571428571428571,1.0,0.0,60,99,0.7,0.5882352941176471,0.4117647058823529,14,10,0.7,0.6666666666666666,0.3333333333333333,1,2
9,0.74,0.9,216.0,440,78,171,0,71,False,-1,none,0.3,0.78,0.74,0.57,0.74,0.56,0.7285714285714285,1.0,0.0,56,90,0.8,0.85,0.15,8,15,0.7,0.6842105263157895,0.3157894736842105,0,2
9,0.72,0.82,196.0,448,86,177,0,90,False,-1,none,0.3,0.8,0.84,0.56,0.76,0.49,0.7,1.0,0.0,61,90,0.8,0.65,0.35,14,11,0.7,0.9230769230769231,0.07692307692307693,0,1
9,0.68,0.83,198.0,447,79,168,0,75,False,-1,none,0.3,0.78,0.74,0.53,0.69,0.56,0.6714285714285714,1.0,0.0,57,92,0.65,0.7647058823529411,0.23529411764705882,7,9,0.8,0.7894736842105263,0.21052631578947367,2,1
9,0.66,0.75,194.0,455,97,170,0,73,False,-1,none,0.3,0.82,0.8,0.52,0.72,0.56,0.6428571428571429,1.0,0.0,53,91,0.75,0.65,0.35,11,12,0.6,0.6,0.4,0,3
9,0.66,0.83,202.0,447,80,157,0,60,False,-1,none,0.3,0.75,0.74,0.47,0.72,0.52,0.6142857142857143,1.0,0.0,52,85,0.7,0.8260869565217391,0.17391304347826086,5,13,0.9,0.7058823529411765,0.29411764705882354,0,2
9,0.62,0.73,186.0,457,112,158,0,72,False,-1,none,0.3,0.76,0.77,0.62,0.74,0.54,0.5714285714285714,1.0,0.0,46,93,0.6,0.6666666666666666,0.3333333333333333,6,10,1.0,0.7222222222222222,0.2777777777777778,1,2
9,0.64,0.74,192.0,456,85,160,0,66,False,-1,none,0.3,0.75,0.73,0.51,0.68,0.52,0.5857142857142857,1.0,0.0,52,78,0.75,0.65,0.35,15,13,0.8,0.6923076923076923,0.3076923076923077,0,2
9,0.6,0.67,154.0,463,101,149,0,73,False,-1,none,0.3,0.74,0.74,0.49,0.72,0.48,0.6142857142857143,1.0,0.0,47,87,0.5,0.8333333333333334,0.16666666666666666,4,10,0.7,0.75,0.25,0,1
10,0.65,0.81,187.2,449,114,142,0,73,True,3,Shigh,0.3,0.79,0.76,0.59,0.73,0.5,0.6,1.0,0.0,45,84,0.7,0.782608695652174,0.21739130434782608,5,6,0.9,0.75,0.25,0,2
10,0.71,0.89,202.0,441,100,183,0,73,False,-1,none,0.3,0.87,0.86,0.6,0.83,0.56,0.6571428571428571,1.0,0.0,59,96,0.8,0.88,0.12,7,19,0.9,0.8333333333333334,0.16666666666666666,0,2
10,0.71,0.82,216.0,448,93,167,0,93,False,-1,none,0.3,0.79,0.8,0.49,0.83,0.51,0.7,1.0,0.0,40,100,0.75,0.6666666666666666,0.3333333333333333,14,13,0.7,0.5,0.5,0,0
10,0.68,0.85,222.0,445,88,164,0,68,False,-1,none,0.3,0.77,0.8,0.5,0.75,0.55,0.6571428571428571,1.0,0.0,49,91,0.7,0.6111111111111112,0.3888888888888889,14,9,0.8,0.7142857142857143,0.2857142857142857,1,0
10,0.64,0.77,190.0,453,112,161,0,85,False,-1,none,0.3,0.85,0.83,0.53,0.76,0.53,0.6285714285714286,1.0,0.0,51,95,0.55,0.6666666666666666,0.3333333333333333,6,6,0.9,0.7619047619047619,0.23809523809523808,1,2
10,0.78,0.94,232.0,436,108,182,0,86,False,-1,none,0.3,0.84,0.89,0.62,0.86,0.63,0.7571428571428571,1.0,0.0,53,101,0.8,0.75,0.25,9,14,0.9,0.7142857142857143,0.2857142857142857,1,4
10,0.69,0.78,165.99999999999997,452,95,171,0,76,True,1,Slow,0.3,0.78,0.8,0.54,0.73,0.59,0.6714285714285714,1.0,0.0,52,92,0.75,0.7368421052631579,0.2631578947368421,12,14,0.7,0.8333333333333334,0.16666666666666666,0,1
10,0.75,0.9,228.0,440,82,176,0,82,False,-1,none,0.3,0.84,0.78,0.46,0.83,0.57,0.7142857142857143,1.0,0.0,52,97,0.85,0.7391304347826086,0.2608695652173913,8,16,0.8,0.6470588235294118,0.35294117647058826,1,2
10,0.69,0.78,188.0,452,77,156,0,74,False,-1,none,0.3,0.74,0.72,0.45,0.68,0.52,0.6714285714285714,1.0,0.0,49,87,0.7,0.7777777777777778,0.2222222222222222,6,11,0.8,0.6923076923076923,0.3076923076923077,1,2
10,0.67,0.78,196.0,452,77,180,0,70,False,-1,none,0.3,0.77,0.75,0.52,0.74,0.57,0.6714285714285714,1.0,0.0,54,91,0.8,0.6363636363636364,0.36363636363636365,14,19,0.4,0.7777777777777778,0.2222222222222222,0,2
10,0.69,0.86,214.0,444,95,167,0,67,True,4,Shigh,0.3,0.8,0.74,0.54,0.78,0.62,0.6285714285714286,1.0,0.0,46,94,0.9,0.6428571428571429,0.35714285714285715,10,14,0.7,0.6428571428571429,0.35714285714285715,1,2
10,0.72,0.85,194.0,445,106,164,0,80,False,-1,none,0.3,0.84,0.82,0.61,0.8,0.48,0.6571428571428571,1.0,0.0,51,91,0.9,0.8518518518518519,0.14814814814814814,5,16,0.8,0.8333333333333334,0.16666666666666666,1,0
10,0.6,0.71,174.0,459,104,155,0,70,False,-1,none,0.3,0.74,0.76,0.54,0.75,0.51,0.5285714285714286,1.0,0.0,42,85,0.75,0.75,0.25,13,12,0.8,0.7857142857142857,0.21428571428571427,0,3
10,0.69,0.79,194.0,451,104,168,0,84,False,-1,none,0.3,0.84,0.78,0.6,0.76,0.53,0.7,1.0,0.0,53,92,0.65,0.7058823529411765,0.29411764705882354,9,10,0.7,0.6923076923076923,0.3076923076923077,1,3
10,0.68,0.87,183.39999999999998,443,91,160,0,77,True,1,Slow,0.3,0.76,0.78,0.54,0.75,0.55,0.6571428571428571,1.0,0.0,46,94,0.7,0.9,0.1,5,10,0.8,0.7619047619047619,0.23809523809523808,1,4
10,0.77,0.94,224.0,436,96,184,0,71,False,-1,none,0.3,0.86,0.83,0.65,0.85,0.55,0.7857142857142857,1.0,0.0,63,100,0.65,0.7058823529411765,0.29411764705882354,7,11,0.9,0.8181818181818182,0.18181818181818182,0,3
10,0.62,0.79,186.0,451,93,149,0,84,False,-1,none,0.3,0.78,0.75,0.54,0.71,0.43,0.5571428571428572,1.0,0.0,42,82,0.9,0.8461538461538461,0.15384615384615385,8,15,0.5,0.7857142857142857,0.21428571428571427,0,2
10,0.78,0.93,214.0,437,97,172,0,73,False,-1,none,0.3,0.87,0.81,0.57,0.83,0.54,0.7714285714285715,1.0,0.0,55,95,0.85,0.7916666666666666,0.20833333333333334,8,10,0.7,0.8666666666666667,0.13333333333333333,2,2
10,0.72,0.9,228.0,440,79,176,0,80,False,-1,none,0.3,0.84,0.78,0.44,0.76,0.63,0.6714285714285714,1.0,0.0,49,93,0.85,0.6956521739130435,0.30434782608695654,14,17,0.8,0.75,0.25,1,2
10,0.67,0.84,196.0,446,85,177,0,64,False,-1,none,0.3,0.8,0.78,0.57,0.74,0.57,0.6714285714285714,1.0,0.0,56,98,0.65,0.8095238095238095,0.19047619047619047,6,14,0.7,0.8125,0.1875,1,2
10,0.62,0.77,184.6,453,91,149,0,78,True,4,Shigh,0.3,0.76,0.76,0.53,0.66,0.46,0.6142857142857143,1.0,0.0,49,84,0.55,0.75,0.25,5,9,0.8,0.7222222222222222,0.2777777777777778,1,1
10,0.77,0.91,222.0,439,83,192,0,69,False,-1,none,0.3,0.85,0.85,0.63,0.78,0.55,0.7285714285714285,1.0,0.0,68,90,0.95,0.7142857142857143,0.2857142857142857,10,23,0.7,0.8333333333333334,0.16666666666666666,0,1
11,0.59,0.77,186.0,453,112,147,0,64,False,-1,none,0.3,0.75,0.78,0.6,0.7,0.53,0.44285714285714284,1.0,0.0,37,83,0.9,0.8888888888888888,0.1111111111111111,3,21,1.0,0.7368421052631579,0.2631578947368421,1,2
11,0.64,0.81,186.0,449,116,162,0,86,False,-1,none,0.3,0.83,0.84,0.57,0.84,0.51,0.6,1.0,0.0,44,96,0.7,0.9047619047619048,0.09523809523809523,4,13,0.8,0.7777777777777778,0.2222222222222222,2,3
11,0.64,0.76,200.0,454,129,153,0,77,False,-1,none,0.3,0.83,0.86,0.54,0.78,0.57,0.5571428571428572,1.0,0.0,41,90,0.8,0.7368421052631579,0.2631578947368421,4,15,0.9,0.6111111111111112,0.3888888888888889,0,3
11,0.61,0.75,190.0,455,107,160,0,63,False,-1,none,0.3,0.79,0.78,0.53,0.75,0.57,0.5571428571428572,1.0,0.0,39,95,0.7,0.8421052631578947,0.15789473684210525,7,13,0.8,0.5882352941176471,0.4117647058823529,2,4
11,0.63,0.77,182.0,453,88,162,0,63,False,-1,none,0.3,0.78,0.75,0.49,0.69,0.56,0.6142857142857143,1.0,0.0,48,90,0.65,0.8125,0.1875,7,15,0.7,0.7777777777777778,0.2222222222222222,0,2
11,0.68,0.84,198.6,446,115,147,0,89,True,4,Shigh,0.3,0.83,0.79,0.56,0.74,0.54,0.6714285714285714,1.0,0.0,46,93,0.65,0.8095238095238095,0.19047619047619047,2,4,0.8,0.6875,0.3125,1,1
11,0.67,0.79,182.8,451,88,168,0,65,True,4,Shigh,0.3,0.76,0.78,0.57,0.74,0.5,0.6857142857142857,1.0,0.0,55,95,0.65,0.8,0.2,5,11,0.6,0.6363636363636364,0.36363636363636365,0,2
11,0.63,0.75,165.59999999999997,455,100,149,0,81,True,0,Slow,0.3,0.74,0.77,0.59,0.72,0.42,0.5571428571428572,1.0,0.0,46,81,0.8,0.75,0.25,10,11,0.8,0.75,0.25,0,1
11,0.74,0.89,218.0,441,80,191,0,75,False,-1,none,0.3,0.83,0.85,0.56,0.82,0.54,0.7285714285714285,1.0,0.0,61,98,0.85,0.8275862068965517,0.1724137931034483,13,15,0.6,0.4444444444444444,0.5555555555555556,1,3
11,0.62,0.74,176.0,456,93,160,0,63,True,0,Slow,0.3,0.74,0.77,0.54,0.69,0.53,0.5714285714285714,1.0,0.0,49,88,0.75,0.75,0.25,10,11,0.7,0.6428571428571429,0.35714285714285715,1,1
11,0.73,0.91,218.0,439,95,185,0,69,False,-1,none,0.3,0.87,0.86,0.61,0.79,0.58,0.7,1.0,0.0,58,99,0.8,0.8333333333333334,0.16666666666666666,9,13,0.8,0.7222222222222222,0.2777777777777778,2,4
11,0.64,0.85,198.0,445,103,153,0,79,False,-1,none,0.3,0.77,0.82,0.52,0.75,0.55,0.5285714285714286,1.0,0.0,41,83,0.95,0.875,0.125,8,19,0.8,0.8125,0.1875,0,2
11,0.71,0.87,206.0,443,79,169,0,70,False,-1,none,0.3,0.8,0.76,0.52,0.74,0.53,0.7285714285714285,1.0,0.0,56,89,0.6,0.7647058823529411,0.23529411764705882,7,10,0.8,0.7894736842105263,0.21052631578947367,2,5
11,0.73,0.87,214.0,443,94,170,0,84,False,-1,none,0.3,0.83,0.82,0.54,0.81,0.51,0.6857142857142857,1.0,0.0,50,89,0.8,0.7,0.3,12,17,0.9,0.7894736842105263,0.21052631578947367,0,2
11,0.68,0.8,196.0,450,101,162,0,67,False,-1,none,0.3,0.76,0.78,0.55,0.74,0.6,0.6285714285714286,1.0,0.0,39,95,0.7,0.8333333333333334,0.16666666666666666,8,17,1.0,0.6666666666666666,0.3333333333333333,2,1
11,0.64,0.86,220.0,444,93,151,0,75,False,-1,none,0.3,0.77,0.75,0.5,0.72,0.56,0.5571428571428572,1.0,0.0,41,84,0.8,0.84,0.16,7,13,0.9,0.6363636363636364,0.36363636363636365,2,4
11,0.74,0.85,214.0,445,97,167,0,81,False,-1,none,0.3,0.82,0.81,0.56,0.76,0.54,0.7428571428571429,1.0,0.0,55,93,0.75,0.6666666666666666,0.3333333333333333,8,9,0.7,0.6666666666666666,0.3333333333333333,1,1
11,0.72,0.84,188.0,446,114,172,0,65,False,-1,none,0.3,0.84,0.83,0.61,0.8,0.62,0.7142857142857143,1.0,0.0,48,105,0.75,0.9,0.1,2,17,0.7,0.7857142857142857,0.21428571428571427,0,0
11,0.7,0.87,222.0,443,99,160,0,79,False,-1,none,0.3,0.82,0.8,0.5,0.79,0.55,0.6142857142857143,1.0,0.0,48,87,0.85,0.8260869565217391,0.17391304347826086,8,13,1.0,0.6190476190476191,0.38095238095238093,0,4
11,0.66,0.87,222.0,443,104,152,0,67,False,-1,none,0.3,0.8,0.78,0.6,0.74,0.51,0.6,1.0,0.0,43,87,0.75,0.7916666666666666,0.20833333333333334,7,11,0.9,0.6666666666666666,0.3333333333333333,1,3
11,0.58,0.67,162.0,463,114,155,0,69,False,-1,none,0.3,0.78,0.75,0.5,0.74,0.59,0.5571428571428572,1.0,0.0,34,91,0.7,0.7777777777777778,0.2222222222222222,11,16,0.5,0.7,0.3,0,3
11,0.6,0.72,180.0,458,106,161,0,66,False,-1,none,0.3,0.76,0.77,0.54,0.74,0.58,0.5714285714285714,1.0,0.0,35,97,0.7,0.7,0.3,12,13,0.6,0.75,0.25,1,3
12,0.68,0.83,202.0,447,89,173,0,70,False,-1,none,0.3,0.81,0.81,0.54,0.76,0.53,0.6857142857142857,1.0,0.0,55,94,0.6,0.6875,0.3125,10,10,0.8,0.7894736842105263,0.21052631578947367,1,3
12,0.72,0.88,216.0,442,113,166,0,68,False,-1,none,0.3,0.85,0.86,0.61,0.81,0.54,0.6571428571428571,1.0,0.0,49,88,0.85,0.8333333333333334,0.16666666666666666,10,14,0.9,0.6666666666666666,0.3333333333333333,0,5
12,0.62,0.73,182.0,457,110,150,0,82,False,-1,none,0.3,0.78,0.79,0.54,0.75,0.47,0.6,1.0,0.0,46,85,0.7,0.7058823529411765,0.29411764705882354,6,10,0.6,0.7142857142857143,0.2857142857142857,2,1
12,0.68,0.87,218.0,443,99,172,0,72,False,-1,none,0.3,0.82,0.83,0.58,0.8,0.55,0.6142857142857143,1.0,0.0,45,100,0.8,0.7916666666666666,0.20833333333333334,12,12,0.9,0.7,0.3,0,3
12,0.7,0.83,202.0,447,99,168,0,75,False,-1,none,0.3,0.81,0.82,0.57,0.8,0.5,0.6857142857142857,1.0,0.0,51,93,0.7,0.7894736842105263,0.21052631578947367,7,15,0.8,0.6875,0.3125,1,1
12,0.68,0.8,192.0,450,77,185,0,68,False,-1,none,0.3,0.75,0.79,0.58,0.75,0.55,0.6714285714285714,1.0,0.0,60,98,0.65,0.7222222222222222,0.2777777777777778,11,13,0.8,0.8,0.2,1,2
12,0.74,0.88,203.39999999999998,442,92,165,0,85,True,2,Slow,0.3,0.83,0.81,0.54,0.77,0.5,0.6857142857142857,1.0,0.0,54,88,0.9,0.75,0.25,9,13,0.8,0.75,0.25,0,1
12,0.69,0.83,195.2,447,86,179,0,57,True,2,Slow,0.3,0.77,0.77,0.56,0.76,0.62,0.6714285714285714,1.0,0.0,55,95,0.7,0.7727272727272727,0.22727272727272727,10,13,0.8,0.6428571428571429,0.35714285714285715,1,5
12,0.62,0.78,180.0,452,92,163,0,62,False,-1,none,0.3,0.77,0.75,0.55,0.74,0.52,0.6285714285714286,1.0,0.0,45,95,0.6,0.9,0.1,5,14,0.6,0.7142857142857143,0.2857142857142857,1,3
12,0.63,0.76,184.0,454,107,161,0,71,False,-1,none,0.3,0.81,0.8,0.54,0.77,0.52,0.5428571428571428,1.0,0.0,47,89,0.9,0.8076923076923077,0.19230769230769232,8,16,0.7,0.75,0.25,0,1
12,0.63,0.75,174.0,455,97,155,0,63,False,-1,none,0.3,0.76,0.73,0.52,0.72,0.54,0.5857142857142857,1.0,0.0,44,86,0.8,0.9047619047619048,0.09523809523809523,3,21,0.6,0.6923076923076923,0.3076923076923077,0,1
12,0.74,0.9,200.0,440,82,169,0,79,False,-1,none,0.3,0.81,0.8,0.48,0.74,0.58,0.7,1.0,0.0,51,94,0.85,1.0,0.0,0,20,0.8,0.6875,0.3125,0,4
12,0.68,0.81,178.0,449,118,157,0,84,False,-1,none,0.3,0.84,0.81,0.6,0.79,0.52,0.6285714285714286,1.0,0.0,53,89,0.8,0.9166666666666666,0.08333333333333333,1,14,0.8,0.8461538461538461,0.15384615384615385,0,0
12,0.73,0.9,212.0,440,91,151,0,88,False,-1,none,0.3,0.82,0.8,0.5,0.75,0.45,0.6714285714285714,1.0,0.0,48,84,0.85,0.8846153846153846,0.11538461538461539,5,12,0.9,0.7058823529411765,0.29411764705882354,0,2
12,0.7,0.91,222.0,439,100,167,0,62,False,-1,none,0.3,0.79,0.84,0.6,0.76,0.59,0.6857142857142857,1.0,0.0,51,96,0.6,0.8947368421052632,0.10526315789473684,6,13,1.0,0.6666666666666666,0.3333333333333333,0,1
12,0.67,0.82,200.0,448,97,147,0,69,False,-1,none,0.3,0.76,0.74,0.55,0.74,0.47,0.6,1.0,0.0,47,80,0.85,0.8636363636363636,0.13636363636363635,5,11,0.8,0.6666666666666666,0.3333333333333333,2,2
12,0.73,0.86,220.0,444,96,178,0,80,False,-1,none,0.3,0.84,0.86,0.56,0.77,0.57,0.7285714285714285,1.0,0.0,52,94,0.7,0.7,0.3,15,14,0.8,0.6,0.4,0,3
12,0.67,0.78,196.0,452,114,168,0,65,False,-1,none,0.3,0.81,0.79,0.59,0.8,0.61,0.6428571428571429,1.0,0.0,42,94,0.75,0.7777777777777778,0.2222222222222222,7,19,0.7,0.6,0.4,3,3
12,0.73,0.95,229.8,435,97,166,0,82,True,3,Shigh,0.3,0.85,0.84,0.64,0.69,0.56,0.6714285714285714,1.0,0.0,59,84,0.8,0.7037037037037037,0.2962962962962963,7,11,1.0,0.7142857142857143,0.2857142857142857,0,5
12,0.62,0.74,188.0,456,97,147,0,77,False,-1,none,0.3,0.74,0.71,0.54,0.71,0.48,0.5142857142857142,1.0,0.0,44,77,0.9,0.7142857142857143,0.2857142857142857,9,13,0.8,0.7647058823529411,0.23529411764705882,2,2
12,0.67,0.76,192.0,454,96,157,0,81,False,-1,none,0.3,0.79,0.8,0.48,0.71,0.51,0.6285714285714286,1.0,0.0,49,84,0.8,0.8,0.2,7,12,0.7,0.5,0.5,1,4
12,0.7,0.83,195.0,447,90,158,0,89,True,1,Slow,0.3,0.8,0.77,0.51,0.73,0.5,0.6571428571428571,1.0,0.0,46,85,0.8,0.7142857142857143,0.2857142857142857,10,13,0.8,0.6875,0.3125,0,4
13,0.63,0.74,184.0,456,130,169,0,77,False,-1,none,0.3,0.88,0.88,0.62,0.83,0.52,0.5571428571428572,1.0,0.0,49,91,0.85,0.6956521739130435,0.30434782608695654,15,14,0.7,0.8333333333333334,0.16666666666666666,0,0
13,0.68,0.76,176.0,454,113,156,0,70,False,-1,none,0.3,0.78,0.81,0.51,0.75,0.6,0.6714285714285714,1.0,0.0,44,95,0.6,0.7857142857142857,0.21428571428571427,7,9,0.9,0.8,0.2,0,1
13,0.56,0.69,174.0,461,103,141,0,67,False,-1,none,0.3,0.73,0.74,0.48,0.67,0.51,0.4714285714285714,1.0,0.0,32,77,0.75,0.8095238095238095,0.19047619047619047,9,20,0.8,0.6666666666666666,0.3333333333333333,1,2
13,0.6,0.72,176.0,458,87,148,0,78,False,-1,none,0.3,0.71,0.73,0.47,0.7,0.46,0.5571428571428572,1.0,0.0,39,85,0.6,0.7222222222222222,0.2777777777777778,13,10,0.9,0.8,0.2,0,1
13,0.73,0.87,206.0,443,88,185,0,80,False,-1,none,0.3,0.77,0.82,0.61,0.79,0.61,0.7,1.0,0.0,62,101,0.75,0.8461538461538461,0.15384615384615385,9,11,0.9,0.6666666666666666,0.3333333333333333,0,2
13,0.72,0.85,198.0,445,92,170,0,68,False,-1,none,0.3,0.8,0.8,0.59,0.77,0.51,0.6714285714285714,1.0,0.0,55,90,0.9,0.8846153846153846,0.11538461538461539,6,19,0.7,0.6666666666666666,0.3333333333333333,0,0
13,0.75,0.91,214.0,439,75,182,0,77,False,-1,none,0.3,0.81,0.82,0.52,0.74,0.59,0.7857142857142857,1.0,0.0,62,98,0.6,0.8235294117647058,0.17647058823529413,6,12,0.8,0.7368421052631579,0.2631578947368421,1,3
13,0.78,0.95,230.0,435,104,189,0,82,False,-1,none,0.3,0.88,0.89,0.64,0.88,0.59,0.7571428571428571,1.0,0.0,57,109,0.75,0.7894736842105263,0.21052631578947367,8,8,1.0,0.7391304347826086,0.2608695652173913,3,4
13,0.62,0.73,178.0,457,110,165,0,62,False,-1,none,0.3,0.8,0.79,0.56,0.75,0.58,0.5857142857142857,1.0,0.0,45,95,0.65,0.7777777777777778,0.2222222222222222,8,14,0.8,0.7142857142857143,0.2857142857142857,0,3
13,0.63,0.73,190.0,457,96,167,0,84,False,-1,none,0.3,0.77,0.74,0.55,0.72,0.58,0.5857142857142857,1.0,0.0,52,87,0.75,0.6111111111111112,0.3888888888888889,15,11,0.7,0.7142857142857143,0.2857142857142857,0,2
13,0.73,0.89,210.0,441,111,165,0,80,False,-1,none,0.3,0.84,0.88,0.56,0.81,0.56,0.7142857142857143,1.0,0.0,45,97,0.7,0.85,0.15,4,16,0.9,0.7368421052631579,0.2631578947368421,1,2
13,0.64,0.77,202.0,453,95,179,0,59,False,-1,none,0.3,0.8,0.78,0.62,0.75,0.56,0.5714285714285714,1.0,0.0,52,92,0.85,0.6666666666666666,0.3333333333333333,15,16,0.7,0.6875,0.3125,0,4
13,0.72,0.86,224.0,444,100,166,0,88,False,-1,none,0.3,0.83,0.84,0.48,0.81,0.56,0.6571428571428571,1.0,0.0,42,101,0.85,0.7272727272727273,0.2727272727272727,10,10,0.9,0.6111111111111112,0.3888888888888889,2,1
13,0.71,0.88,212.0,442,80,156,0,81,False,-1,none,0.3,0.75,0.74,0.54,0.73,0.48,0.6857142857142857,1.0,0.0,43,83,0.85,0.8461538461538461,0.15384615384615385,9,20,0.6,0.6428571428571429,0.35714285714285715,1,0
13,0.76,0.95,226.0,435,88,193,0,64,False,-1,none,0.3,0.84,0.86,0.61,0.79,0.66,0.7285714285714285,1.0,0.0,64,101,0.8,0.84,0.16,8,17,0.9,0.7368421052631579,0.2631578947368421,1,2
13,0.63,0.77,190.8,453,104,150,0,79,True,4,Shigh,0.3,0.77,0.78,0.46,0.76,0.54,0.5714285714285714,1.0,0.0,39,93,0.65,0.65,0.35,6,8,1.0,0.7647058823529411,0.23529411764705882,0,4
13,0.72,0.85,214.0,445,88,177,0,75,False,-1,none,0.3,0.81,0.83,0.54,0.78,0.54,0.7,1.0,0.0,62,93,0.8,0.6666666666666666,0.3333333333333333,10,12,0.7,0.7333333333333333,0.26666666666666666,0,0
13,0.74,0.85,194.4,445,107,166,0,87,True,4,Shigh,0.3,0.85,0.83,0.58,0.78,0.54,0.7142857142857143,1.0,0.0,52,92,0.8,0.8,0.2,8,11,0.8,0.8,0.2,1,2
13,0.7,0.85,202.0,445,103,159,0,73,False,-1,none,0.3,0.79,0.77,0.58,0.78,0.55,0.6857142857142857,1.0,0.0,44,92,0.7,0.8095238095238095,0.19047619047619047,11,10,0.8,0.75,0.25,0,2
13,0.68,0.83,206.0,447,89,159,0,74,False,-1,none,0.3,0.78,0.77,0.51,0.75,0.5,0.6714285714285714,1.0,0.0,51,87,0.7,0.7619047619047619,0.23809523809523808,8,13,0.7,0.6666666666666666,0.3333333333333333,0,0
13,0.69,0.8,176.0,450,107,174,0,69,False,-1,none,0.3,0.82,0.83,0.59,0.77,0.6,0.6857142857142857,1.0,0.0,51,99,0.75,0.8421052631578947,0.15789473684210525,7,16,0.6,0.9230769230769231,0.07692307692307693,0,1
13,0.66,0.81,198.0,449,92,157,0,75,False,-1,none,0.3,0.79,0.76,0.5,0.73,0.52,0.6285714285714286,1.0,0.0,46,93,0.65,0.7368421052631579,0.2631578947368421,5,10,0.9,0.7777777777777778,0.2222222222222222,0,3
14,0.61,0.77,185.0,453,112,142,0,79,True,4,Shigh,0.3,0.75,0.76,0.5,0.72,0.58,0.5571428571428572,1.0,0.0,36,90,0.75,0.75,0.25,5,9,0.7,0.7142857142857143,0.2857142857142857,0,2
14,0.59,0.72,188.8,458,111,157,0,80,True,2,Slow,0.3,0.83,0.78,0.54,0.74,0.51,0.5142857142857142,1.0,0.0,43,85,0.8,0.6818181818181818,0.3181818181818182,15,13,0.7,0.5714285714285714,0.42857142857142855,0,1
14,0.73,0.87,198.0,443,100,162,0,96,False,-1,none,0.3,0.8,0.86,0.54,0.76,0.53,0.6857142857142857,1.0,0.0,49,90,0.85,0.88,0.12,5,18,0.8,0.7857142857142857,0.21428571428571427,0,0
14,0.74,0.91,214.0,439,100,171,0,73,False,-1,none,0.3,0.84,0.81,0.63,0.79,0.55,0.7142857142857143,1.0,0.0,59,94,0.75,0.875,0.125,5,11,0.9,0.7058823529411765,0.29411764705882354,0,2
14,0.73,0.91,210.0,439,100,171,0,78,False,-1,none,0.3,0.84,0.87,0.53,0.8,0.58,0.7428571428571429,1.0,0.0,53,99,0.6,0.9047619047619048,0.09523809523809523,2,11,0.9,0.7222222222222222,0.2777777777777778,2,4
14,0.75,0.87,188.2,443,101,182,0,65,True,2,Slow,0.3,0.85,0.85,0.57,0.79,0.64,0.7571428571428571,1.0,0.0,52,103,0.7,0.7777777777777778,0.2222222222222222,10,16,0.8,0.8125,0.1875,1,0
14,0.63,0.74,196.0,456,96,175,0,70,False,-1,none,0.3,0.77,0.79,0.59,0.75,0.55,0.5857142857142857,1.0,0.0,51,92,0.7,0.5789473684210527,0.42105263157894735,15,14,0.8,0.7142857142857143,0.2857142857142857,0,3
14,0.66,0.82,196.0,448,92,161,0,85,False,-1,none,0.3,0.82,0.75,0.48,0.79,0.51,0.6142857142857143,1.0,0.0,49,89,0.8,0.8333333333333334,0.16666666666666666,7,14,0.7,0.7333333333333333,0.26666666666666666,0,2
14,0.61,0.69,162.0,461,94,152,0,70,False,-1,none,0.3,0.69,0.72,0.55,0.69,0.5,0.5857142857142857,1.0,0.0,52,85,0.6,0.8461538461538461,0.15384615384615385,2,10,0.8,0.7333333333333333,0.26666666666666666,1,2
14,0.66,0.74,184.0,456,89,155,0,77,False,-1,none,0.3,0.75,0.74,0.48,0.72,0.49,0.6571428571428571,1.0,0.0,50,86,0.65,0.8235294117647058,0.17647058823529413,8,7,0.7,0.45454545454545453,0.5454545454545454,0,4
14,0.69,0.9,211.0,440,109,157,0,89,True,4,Shigh,0.3,0.87,0.86,0.63,0.73,0.47,0.6714285714285714,1.0,0.0,53,85,0.85,0.75,0.25,7,9,0.5,0.8,0.2,1,2
14,0.74,0.87,218.0,443,86,185,0,82,False,-1,none,0.3,0.86,0.82,0.59,0.77,0.54,0.7142857142857143,1.0,0.0,59,93,0.8,0.6818181818181818,0.3181818181818182,17,13,0.8,0.7333333333333333,0.26666666666666666,0,3
14,0.72,0.85,218.0,445,85,176,0,74,False,-1,none,0.3,0.8,0.81,0.53,0.81,0.51,0.6571428571428571,1.0,0.0,56,92,0.8,0.75,0.25,12,13,1.0,0.631578947368421,0.3684210526315789,0,3
14,0.64,0.77,194.0,453,90,148,0,60,False,-1,none,0.3,0.72,0.74,0.5,0.71,0.48,0.6142857142857143,1.0,0.0,45,83,0.6,0.8421052631578947,0.15789473684210525,6,8,0.9,0.5333333333333333,0.4666666666666667,1,5
14,0.68,0.77,186.0,453,121,177,0,75,False,-1,none,0.3,0.87,0.86,0.61,0.8,0.61,0.6428571428571429,1.0,0.0,50,104,0.75,0.8181818181818182,0.18181818181818182,5,17,0.8,0.6,0.4,0,1
14,0.72,0.84,212.0,446,106,160,0,80,False,-1,none,0.3,0.77,0.82,0.56,0.81,0.54,0.6714285714285714,1.0,0.0,41,92,0.8,0.8636363636363636,0.13636363636363635,7,16,0.9,0.4666666666666667,0.5333333333333333,0,4
14,0.73,0.9,202.79999999999998,440,85,183,0,67,True,2,Slow,0.3,0.78,0.82,0.6,0.78,0.6,0.6857142857142857,1.0,0.0,55,93,0.9,0.7407407407407407,0.25925925925925924,12,18,0.7,0.8666666666666667,0.13333333333333333,1,4
14,0.76,0.91,214.0,439,95,197,0,77,False,-1,none,0.3,0.83,0.87,0.62,0.85,0.66,0.7428571428571429,1.0,0.0,64,104,0.8,0.8181818181818182,0.18181818181818182,6,21,0.8,0.7647058823529411,0.23529411764705882,0,2
14,0.68,0.86,200.0,444,76,157,0,76,False,-1,none,0.3,0.75,0.75,0.48,0.74,0.47,0.6571428571428571,1.0,0.0,50,81,0.7,0.9130434782608695,0.08695652173913043,4,19,0.8,0.7058823529411765,0.29411764705882354,2,1
14,0.72,0.88,208.0,442,102,184,0,71,False,-1,none,0.3,0.82,0.85,0.57,0.84,0.66,0.6857142857142857,1.0,0.0,50,107,0.85,0.8846153846153846,0.11538461538461539,5,19,0.7,0.6428571428571429,0.35714285714285715,1,2
14,0.73,0.83,206.0,447,83,176,0,78,False,-1,none,0.3,0.78,0.81,0.47,0.78,0.58,0.6857142857142857,1.0,0.0,52,96,0.85,0.7619047619047619,0.23809523809523808,8,16,0.8,0.6428571428571429,0.35714285714285715,1,3
14,0.78,0.93,218.0,437,97,180,0,75,False,-1,none,0.3,0.87,0.84,0.62,0.82,0.55,0.7428571428571429,1.0,0.0,56,93,0.85,0.8461538461538461,0.15384615384615385,8,20,0.9,0.7333333333333333,0.26666666666666666,0,3
15,0.62,0.77,202.0,453,123,166,0,74,False,-1,none,0.3,0.83,0.85,0.57,0.81,0.6,0.5428571428571428,1.0,0.0,42,102,0.7,0.7647058823529411,0.23529411764705882,9,10,1.0,0.6363636363636364,0.36363636363636365,0,3
15,0.64,0.74,188.0,456,102,180,0,69,False,-1,none,0.3,0.8,0.8,0.53,0.8,0.63,0.6142857142857143,1.0,0.0,48,101,0.7,0.625,0.375,12,14,0.7,0.7333333333333333,0.26666666666666666,1,4
15,0.67,0.82,200.0,448,79,156,0,78,False,-1,none,0.3,0.74,0.7,0.48,0.7,0.55,0.6428571428571429,1.0,0.0,45,87,0.7,0.7619047619047619,0.23809523809523808,8,12,0.8,0.75,0.25,1,3
15,0.63,0.75,178.0,455,102,163,0,75,False,-1,none,0.3,0.81,0.82,0.5,0.78,0.49,0.6285714285714286,1.0,0.0,54,88,0.55,0.875,0.125,3,13,0.8,0.6666666666666666,0.3333333333333333,0,5
15,0.74,0.89,214.0,441,89,164,0,73,False,-1,none,0.3,0.8,0.77,0.58,0.75,0.52,0.7,1.0,0.0,54,87,0.85,0.8260869565217391,0.17391304347826086,8,13,0.8,0.7058823529411765,0.29411764705882354,1,1
15,0.7,0.84,200.0,446,104,156,0,86,False,-1,none,0.3,0.78,0.8,0.59,0.74,0.53,0.6428571428571429,1.0,0.0,42,90,0.85,0.92,0.08,5,16,0.8,0.5714285714285714,0.42857142857142855,0,3
15,0.69,0.86,212.0,444,97,163,0,74,False,-1,none,0.3,0.83,0.77,0.54,0.75,0.57,0.6714285714285714,1.0,0.0,47,94,0.7,0.8571428571428571,0.14285714285714285,5,12,0.8,0.6111111111111112,0.3888888888888889,2,3
15,0.74,0.96,232.0,434,91,169,0,64,False,-1,none,0.3,0.82,0.83,0.56,0.77,0.58,0.7142857142857143,1.0,0.0,54,93,0.7,0.9047619047619048,0.09523809523809523,2,16,1.0,0.68,0.32,0,4
15,0.69,0.83,194.0,447,103,148,0,76,False,-1,none,0.3,0.8,0.78,0.52,0.7,0.54,0.6,1.0,0.0,48,79,0.85,0.8181818181818182,0.18181818181818182,7,12,1.0,0.8421052631578947,0.15789473684210525,0,2
15,0.72,0.9,208.2,440,107,164,0,99,True,3,Shigh,0.3,0.86,0.91,0.48,0.81,0.55,0.6571428571428571,1.0,0.0,55,95,0.85,0.7307692307692307,0.2692307692307692,4,6,0.9,0.7222222222222222,0.2777777777777778,2,2
15,0.69,0.85,176.99999999999997,445,86,172,0,67,True,0,Slow,0.3,0.78,0.75,0.58,0.74,0.58,0.6857142857142857,1.0,0.0,59,91,0.65,0.9,0.1,5,16,0.8,0.7058823529411765,0.29411764705882354,1,0
15,0.71,0.87,204.6,443,112,157,0,74,True,4,Shigh,0.3,0.84,0.84,0.61,0.75,0.52,0.6285714285714286,1.0,0.0,42,91,0.95,0.7407407407407407,0.25925925925925924,13,10,0.8,0.875,0.125,0,1
15,0.75,0.92,232.0,438,81,178,0,79,False,-1,none,0.3,0.83,0.83,0.51,0.79,0.55,0.7142857142857143,1.0,0.0,51,95,0.85,0.72,0.28,16,13,0.8,0.7058823529411765,0.29411764705882354,2,1
15,0.7,0.9,212.0,440,97,177,0,71,False,-1,none,0.3,0.84,0.81,0.62,0.82,0.55,0.6714285714285714,1.0,0.0,56,95,0.75,0.88,0.12,6,14,0.8,0.7222222222222222,0.2777777777777778,0,6
15,0.69,0.85,198.0,445,96,176,0,68,False,-1,none,0.3,0.82,0.83,0.57,0.72,0.63,0.6571428571428571,1.0,0.0,56,93,0.7,0.9,0.1,3,20,0.9,0.7368421052631579,0.2631578947368421,1,3
15,0.67,0.83,186.0,447,102,156,0,84,False,-1,none,0.3,0.82,0.79,0.54,0.78,0.48,0.5714285714285714,1.0,0.0,46,84,0.95,0.9285714285714286,0.07142857142857142,3,20,0.8,0.8,0.2,0,3
15,0.68,0.78,204.0,452,105,167,0,80,False,-1,none,0.3,0.82,0.83,0.51,0.78,0.56,0.6428571428571429,1.0,0.0,52,91,0.8,0.7,0.3,10,11,0.7,0.5384615384615384,0.46153846153846156,1,2
15,0.74,0.85,202.0,445,83,170,0,82,False,-1,none,0.3,0.8,0.78,0.54,0.73,0.53,0.7142857142857143,1.0,0.0,55,85,0.8,0.75,0.25,10,18,0.8,0.8,0.2,1,1
15,0.66,0.76,184.0,454,97,148,0,74,False,-1,none,0.3,0.75,0.72,0.51,0.73,0.5,0.6571428571428571,1.0,0.0,47,83,0.6,0.8823529411764706,0.11764705882352941,2,12,0.8,0.5384615384615384,0.46153846153846156,0,4
15,0.72,0.88,220.0,442,83,173,0,71,False,-1,none,0.3,0.8,0.8,0.52,0.75,0.57,0.6714285714285714,1.0,0.0,48,92,0.8,0.7727272727272727,0.22727272727272727,12,17,0.9,0.6842105263157895,0.3157894736842105,2,2
15,0.72,0.84,212.0,446,94,176,0,76,False,-1,none,0.3,0.79,0.83,0.48,0.8,0.64,0.6714285714285714,1.0,0.0,45,102,0.8,0.65,0.35,16,11,0.9,0.7647058823529411,0.23529411764705882,0,2
15,0.74,0.85,199.2,445,99,170,0,86,True,2,Slow,0.3,0.83,0.84,0.57,0.77,0.53,0.7142857142857143,1.0,0.0,51,91,0.75,0.65,0.35,9,14,0.9,0.8,0.2,0,5
16,0.69,0.81,214.0,449,112,173,0,79,False,-1,none,0.3,0.83,0.85,0.56,0.85,0.57,0.6285714285714286,1.0,0.0,42,99,0.8,0.7272727272727273,0.2727272727272727,13,18,0.9,0.5333333333333333,0.4666666666666667,0,1
16,0.65,0.79,198.0,451,104,179,0,83,False,-1,none,0.3,0.81,0.83,0.59,0.84,0.55,0.6428571428571429,1.0,0.0,50,101,0.7,0.75,0.25,12,13,0.6,0.6428571428571429,0.35714285714285715,0,3
16,0.63,0.73,178.0,457,117,147,0,68,False,-1,none,0.3,0.78,0.76,0.54,0.73,0.56,0.5857142857142857,1.0,0.0,35,90,0.8,0.8636363636363636,0.13636363636363635,5,14,0.6,0.5,0.5,1,2
16,0.67,0.84,200.0,446,96,164,0,81,False,-1,none,0.3,0.83,0.78,0.58,0.71,0.54,0.6571428571428571,1.0,0.0,51,87,0.65,0.9,0.1,5,18,0.8,0.6666666666666666,0.3333333333333333,0,3
16,0.74,0.91,209.79999999999998,439,94,181,0,74,True,0,Slow,0.3,0.83,0.84,0.57,0.8,0.62,0.6857142857142857,1.0,0.0,47,99,0.85,0.7391304347826086,0.2608695652173913,14,18,0.9,0.75,0.25,1,2
16,0.74,0.88,200.4,442,100,164,0,83,True,4,Shigh,0.3,0.84,0.84,0.6,0.75,0.49,0.7142857142857143,1.0,0.0,58,85,0.75,0.875,0.125,5,13,0.9,0.7142857142857143,0.2857142857142857,1,2
16,0.65,0.77,194.0,453,104,178,0,81,False,-1,none,0.3,0.83,0.81,0.6,0.79,0.56,0.6,1.0,0.0,46,95,0.9,0.6538461538461539,0.34615384615384615,20,17,0.5,0.8888888888888888,0.1111111111111111,0,0
16,0.66,0.82,200.0,448,115,166,0,77,False,-1,none,0.3,0.84,0.83,0.55,0.83,0.58,0.6,1.0,0.0,39,101,0.8,0.8695652173913043,0.13043478260869565,6,14,0.8,0.6470588235294118,0.35294117647058826,1,5
16,0.73,0.91,221.0,439,94,171,0,74,True,4,Shigh,0.3,0.83,0.8,0.58,0.79,0.56,0.6857142857142857,1.0,0.0,49,94,0.85,0.72,0.28,14,11,0.8,0.7222222222222222,0.2777777777777778,0,3
16,0.7,0.81,170.79999999999998,449,102,170,0,77,True,1,Slow,0.3,0.82,0.82,0.56,0.79,0.54,0.6857142857142857,1.0,0.0,50,90,0.8,0.7727272727272727,0.22727272727272727,12,16,0.6,0.8181818181818182,0.18181818181818182,0,2
16,0.62,0.8,192.0,450,85,147,0,63,False,-1,none,0.3,0.72,0.72,0.49,0.7,0.49,0.5714285714285714,1.0,0.0,43,84,0.65,0.9,0.1,5,13,0.9,0.7,0.3,0,2
16,0.58,0.66,168.0,464,118,143,0,78,False,-1,none,0.3,0.77,0.79,0.45,0.73,0.53,0.5285714285714286,1.0,0.0,35,85,0.65,0.7777777777777778,0.2222222222222222,5,13,0.8,0.5454545454545454,0.45454545454545453,0,5
16,0.74,0.85,198.0,445,115,167,0,78,False,-1,none,0.3,0.87,0.85,0.6,0.77,0.58,0.7,1.0,0.0,50,92,0.85,0.8571428571428571,0.14285714285714285,6,15,0.8,0.7333333333333333,0.26666666666666666,1,3
16,0.68,0.78,196.0,452,88,165,0,79,False,-1,none,0.3,0.79,0.76,0.48,0.71,0.57,0.6571428571428571,1.0,0.0,50,91,0.75,0.7,0.3,10,12,0.7,0.6666666666666666,0.3333333333333333,1,1
16,0.69,0.8,204.0,450,93,177,0,70,False,-1,none,0.3,0.78,0.79,0.55,0.74,0.64,0.6714285714285714,1.0,0.0,49,102,0.75,0.7142857142857143,0.2857142857142857,9,14,0.7,0.5833333333333334,0.4166666666666667,0,3
16,0.69,0.81,182.0,449,104,168,0,87,False,-1,none,0.3,0.83,0.85,0.52,0.81,0.52,0.7,1.0,0.0,51,96,0.7,0.9047619047619048,0.09523809523809523,5,15,0.6,0.7272727272727273,0.2727272727272727,0,1
16,0.78,0.96,228.0,434,89,180,0,80,False,-1,none,0.3,0.83,0.84,0.63,0.74,0.61,0.7571428571428571,1.0,0.0,56,96,0.8,0.76,0.24,8,14,0.9,0.8333333333333334,0.16666666666666666,1,5
16,0.72,0.9,232.0,440,81,183,0,76,False,-1,none,0.3,0.8,0.84,0.55,0.74,0.61,0.6714285714285714,1.0,0.0,58,93,0.85,0.7083333333333334,0.2916666666666667,13,15,0.8,0.6842105263157895,0.3157894736842105,0,4
16,0.75,0.97,218.0,433,96,178,0,94,False,-1,none,0.3,0.88,0.88,0.58,0.8,0.57,0.7142857142857143,1.0,0.0,58,94,0.8,0.92,0.08,1,20,0.9,0.8181818181818182,0.18181818181818182,2,3
16,0.69,0.84,178.4,446,78,162,0,76,True,2,Slow,0.3,0.79,0.76,0.5,0.74,0.45,0.7142857142857143,1.0,0.0,53,91,0.55,0.8333333333333334,0.16666666666666666,4,12,0.8,0.875,0.125,0,2
16,0.62,0.71,166.0,459,102,146,0,71,False,-1,none,0.3,0.73,0.72,0.53,0.71,0.5,0.6142857142857143,1.0,0.0,41,89,0.65,0.8421052631578947,0.15789473684210525,7,6,0.6,0.6666666666666666,0.3333333333333333,1,2
16,0.74,0.91,218.0,439,88,178,0,93,False,-1,none,0.3,0.85,0.84,0.47,0.83,0.58,0.7,1.0,0.0,50,102,0.8,0.8260869565217391,0.17391304347826086,9,15,0.9,0.7368421052631579,0.2631578947368421,1,1
17,0.62,0.77,182.0,453,120,148,0,80,False,-1,none,0.3,0.81,0.77,0.58,0.74,0.55,0.5428571428571428,1.0,0.0,33,91,0.8,0.85,0.15,6,15,0.8,0.7894736842105263,0.21052631578947367,2,1
17,0.59,0.75,174.0,455,104,153,0,83,False,-1,none,0.3,0.81,0.78,0.51,0.73,0.49,0.5714285714285714,1.0,0.0,44,92,0.75,0.8928571428571429,0.10714285714285714,2,13,0.4,0.5714285714285714,0.42857142857142855,0,2
17,0.72,0.87,218.0,443,100,172,0,71,False,-1,none,0.3,0.8,0.82,0.6,0.75,0.62,0.6571428571428571,1.0,0.0,52,91,0.85,0.7083333333333334,0.2916666666666667,11,15,0.9,0.7647058823529411,0.23529411764705882,0,3
17,0.72,0.87,214.0,443,100,169,0,79,False,-1,none,0.3,0.84,0.8,0.61,0.74,0.57,0.6714285714285714,1.0,0.0,47,92,0.9,0.7692307692307693,0.23076923076923078,15,13,0.7,0.7142857142857143,0.2857142857142857,0,2
17,0.73,0.85,202.0,445,95,170,0,85,False,-1,none,0.3,0.83,0.85,0.49,0.8,0.53,0.7428571428571429,1.0,0.0,52,95,0.7,0.8,0.2,6,13,0.7,0.6923076923076923,0.3076923076923077,1,3
17,0.75,0.89,214.0,441,92,186,0,78,False,-1,none,0.3,0.81,0.84,0.55,0.83,0.64,0.7285714285714285,1.0,0.0,55,104,0.85,0.8181818181818182,0.18181818181818182,6,17,0.7,0.6875,0.3125,1,3
17,0.73,0.93,222.0,437,88,152,0,87,False,-1,none,0.3,0.78,0.76,0.53,0.76,0.5,0.6857142857142857,1.0,0.0,48,85,0.8,0.8928571428571429,0.10714285714285714,8,9,0.9,0.6470588235294118,0.35294117647058826,0,2
17,0.62,0.72,180.0,458,93,162,0,68,False,-1,none,0.3,0.75,0.75,0.55,0.69,0.53,0.6428571428571429,1.0,0.0,53,92,0.55,0.7857142857142857,0.21428571428571427,5,9,0.6,0.5384615384615384,0.46153846153846156,0,3
17,0.71,0.86,204.4,444,116,151,0,82,True,4,Shigh,0.3,0.84,0.82,0.54,0.79,0.54,0.6142857142857143,1.0,0.0,38,89,0.95,0.7931034482758621,0.20689655172413793,8,13,0.9,0.7857142857142857,0.21428571428571427,0,3
17,0.73,0.8,192.0,450,95,178,0,72,False,-1,none,0.3,0.8,0.8,0.59,0.73,0.61,0.6714285714285714,1.0,0.0,60,89,0.95,0.7916666666666666,0.20833333333333334,10,19,0.7,0.6666666666666666,0.3333333333333333,0,0
17,0.69,0.88,208.0,442,107,157,0,73,False,-1,none,0.3,0.82,0.8,0.6,0.76,0.54,0.6142857142857143,1.0,0.0,50,89,0.85,0.875,0.125,7,10,0.9,0.7619047619047619,0.23809523809523808,0,1
17,0.67,0.81,186.0,449,78,170,0,76,False,-1,none,0.3,0.77,0.77,0.55,0.68,0.52,0.6285714285714286,1.0,0.0,57,85,0.9,0.8571428571428571,0.14285714285714285,9,18,0.5,0.7777777777777778,0.2222222222222222,0,1
17,0.72,0.9,208.0,440,95,172,0,83,False,-1,none,0.3,0.82,0.87,0.57,0.8,0.51,0.6857142857142857,1.0,0.0,53,97,0.85,0.8846153846153846,0.11538461538461539,7,12,0.7,0.75,0.25,1,2
17,0.71,0.81,186.0,449,102,161,0,71,False,-1,none,0.3,0.8,0.78,0.6,0.77,0.49,0.7142857142857143,1.0,0.0,53,90,0.7,0.7894736842105263,0.21052631578947367,5,12,0.7,0.8333333333333334,0.16666666666666666,0,1
17,0.69,0.88,236.0,442,84,173,0,75,False,-1,none,0.3,0.8,0.79,0.52,0.78,0.56,0.6428571428571429,1.0,0.0,50,95,0.7,0.7,0.3,12,11,1.0,0.6086956521739131,0.391304347826087,2,3
17,0.62,0.76,192.0,454,101,156,0,77,False,-1,none,0.3,0.76,0.78,0.51,0.76,0.52,0.6,1.0,0.0,41,93,0.55,0.5384615384615384,0.46153846153846156,8,8,0.9,0.8095238095238095,0.19047619047619047,2,4
17,0.73,0.81,202.0,449,107,184,0,68,False,-1,none,0.3,0.84,0.85,0.6,0.8,0.63,0.7,1.0,0.0,52,102,0.8,0.631578947368421,0.3684210526315789,12,16,0.8,0.7692307692307693,0.23076923076923078,1,1
17,0.71,0.85,198.0,445,98,172,0,75,False,-1,none,0.3,0.77,0.84,0.56,0.79,0.59,0.6714285714285714,1.0,0.0,49,98,0.85,0.8333333333333334,0.16666666666666666,9,14,0.7,0.7857142857142857,0.21428571428571427,0,2
17,0.79,0.92,212.0,438,83,177,0,88,False,-1,none,0.3,0.87,0.85,0.5,0.8,0.5,0.7857142857142857,1.0,0.0,64,92,0.8,0.7916666666666666,0.20833333333333334,10,10,0.8,0.8461538461538461,0.15384615384615385,0,1
17,0.67,0.81,202.0,449,95,181,0,63,False,-1,none,0.3,0.81,0.78,0.56,0.82,0.6,0.6142857142857143,1.0,0.0,55,97,0.7,0.8421052631578947,0.15789473684210525,7,19,1.0,0.631578947368421,0.3684210526315789,2,1
17,0.64,0.77,182.0,453,104,170,0,74,False,-1,none,0.3,0.8,0.79,0.57,0.81,0.54,0.6285714285714286,1.0,0.0,50,101,0.65,0.8333333333333334,0.16666666666666666,5,11,0.7,0.7333333333333333,0.26666666666666666,1,2
17,0.68,0.83,202.0,447,103,155,0,74,False,-1,none,0.3,0.77,0.78,0.53,0.75,0.58,0.6142857142857143,1.0,0.0,40,92,0.8,0.88,0.12,6,15,0.9,0.6,0.4,0,2
18,0.62,0.76,184.0,454,130,155,0,79,False,-1,none,0.3,0.83,0.83,0.57,0.79,0.59,0.5285714285714286,1.0,0.0,38,99,0.75,0.9047619047619048,0.09523809523809523,2,10,1.0,0.6666666666666666,0.3333333333333333,0,6
18,0.72,0.89,218.0,441,108,170,0,73,False,-1,none,0.3,0.86,0.85,0.61,0.74,0.61,0.6857142857142857,1.0,0.0,51,92,0.75,0.8260869565217391,0.17391304347826086,9,15,0.9,0.6666666666666666,0.3333333333333333,1,2
18,0.71,0.89,234.0,441,88,173,0,85,False,-1,none,0.3,0.8,0.81,0.56,0.73,0.6,0.6285714285714286,1.0,0.0,42,97,0.85,0.68,0.32,17,15,1.0,0.7,0.3,0,2
18,0.66,0.82,204.8,448,96,148,0,84,True,4,Shigh,0.3,0.78,0.76,0.49,0.76,0.47,0.6142857142857143,1.0,0.0,41,87,0.75,0.7142857142857143,0.2857142857142857,8,9,0.8,0.6666666666666666,0.3333333333333333,1,2
18,0.68,0.73,186.0,457,88,173,0,86,False,-1,none,0.3,0.76,0.8,0.5,0.75,0.53,0.6714285714285714,1.0,0.0,53,95,0.8,0.5882352941176471,0.4117647058823529,12,12,0.5,0.6666666666666666,0.3333333333333333,0,1
18,0.77,0.92,192.79999999999998,438,91,186,0,71,True,1,Slow,0.3,0.81,0.86,0.63,0.79,0.6,0.7571428571428571,1.0,0.0,67,100,0.75,0.9523809523809523,0.047619047619047616,2,16,0.9,0.6666666666666666,0.3333333333333333,0,1
18,0.67,0.79,202.0,451,103,163,0,75,False,-1,none,0.3,0.8,0.78,0.55,0.75,0.57,0.6142857142857143,1.0,0.0,46,86,0.85,0.7916666666666666,0.20833333333333334,10,19,0.7,0.5,0.5,0,2
18,0.77,0.98,248.0,432,92,164,0,81,False,-1,none,0.3,0.82,0.78,0.59,0.8,0.55,0.7142857142857143,1.0,0.0,43,89,0.9,0.8484848484848485,0.15151515151515152,10,21,0.9,0.4666666666666667,0.5333333333333333,0,1
18,0.61,0.68,164.0,462,82,159,0,76,False,-1,none,0.3,0.69,0.75,0.51,0.67,0.47,0.6142857142857143,1.0,0.0,53,82,0.75,0.7,0.3,10,13,0.3,0.8,0.2,0,1
18,0.7,0.81,202.0,449,92,169,0,78,False,-1,none,0.3,0.81,0.77,0.59,0.73,0.52,0.6714285714285714,1.0,0.0,58,89,0.75,0.7368421052631579,0.2631578947368421,11,8,0.8,0.6666666666666666,0.3333333333333333,1,2
18,0.73,0.93,214.0,437,84,175,0,68,False,-1,none,0.3,0.8,0.84,0.57,0.79,0.52,0.7,1.0,0.0,54,92,0.85,0.8571428571428571,0.14285714285714285,8,17,0.7,0.8125,0.1875,1,3
18,0.77,0.94,213.2,436,100,171,0,85,True,3,Shigh,0.3,0.86,0.85,0.5,0.86,0.58,0.7428571428571429,1.0,0.0,51,102,0.9,0.7857142857142857,0.21428571428571427,5,10,0.7,0.7857142857142857,0.21428571428571427,1,2
18,0.61,0.74,172.0,456,104,153,0,74,False,-1,none,0.3,0.77,0.79,0.5,0.72,0.53,0.5571428571428572,1.0,0.0,45,85,0.8,0.9285714285714286,0.07142857142857142,4,17,0.6,0.42857142857142855,0.5714285714285714,0,2
18,0.78,0.9,200.0,440,105,190,0,75,False,-1,none,0.3,0.88,0.9,0.61,0.83,0.63,0.7714285714285715,1.0,0.0,67,104,0.8,0.95,0.05,3,15,0.8,0.75,0.25,0,1
18,0.74,0.86,212.0,444,83,177,0,69,False,-1,none,0.3,0.79,0.79,0.56,0.75,0.57,0.7142857142857143,1.0,0.0,59,89,0.8,0.8571428571428571,0.14285714285714285,8,14,0.8,0.5333333333333333,0.4666666666666667,2,5
18,0.73,0.82,200.0,448,85,160,0,78,False,-1,none,0.3,0.77,0.74,0.55,0.72,0.49,0.7,1.0,0.0,57,79,0.75,0.8421052631578947,0.15789473684210525,4,19,0.9,0.5714285714285714,0.42857142857142855,0,1
18,0.66,0.8,188.0,450,92,145,0,78,False,-1,none,0.3,0.75,0.74,0.47,0.74,0.47,0.6142857142857143,1.0,0.0,36,84,0.75,0.84,0.16,10,13,0.8,0.75,0.25,0,2
18,0.71,0.84,212.0,446,103,175,0,73,False,-1,none,0.3,0.82,0.83,0.55,0.77,0.65,0.7,1.0,0.0,52,102,0.7,0.8,0.2,6,12,0.8,0.5333333333333333,0.4666666666666667,0,3
18,0.7,0.92,200.2,438,107,155,0,71,True,1,Slow,0.3,0.84,0.82,0.59,0.75,0.54,0.6142857142857143,1.0,0.0,49,85,0.9,0.9032258064516129,0.0967741935483871,5,16,0.9,0.6666666666666666,0.3333333333333333,0,0
18,0.76,0.91,234.0,439,96,165,0,83,False,-1,none,0.3,0.85,0.81,0.51,0.8,0.55,0.7142857142857143,1.0,0.0,47,92,0.9,0.7037037037037037,0.2962962962962963,12,11,0.8,0.6428571428571429,0.35714285714285715,0,3
18,0.72,0.9,228.0,440,86,170,0,79,False,-1,none,0.3,0.8,0.78,0.51,0.79,0.58,0.6428571428571429,1.0,0.0,47,93,0.9,0.7857142857142857,0.21428571428571427,11,16,0.9,0.6470588235294118,0.35294117647058826,0,3
18,0.66,0.82,196.0,448,87,173,0,78,False,-1,none,0.3,0.82,0.79,0.52,0.77,0.52,0.6571428571428571,1.0,0.0,50,98,0.8,0.8076923076923077,0.19230769230769232,10,15,0.4,0.7,0.3,0,0
19,0.64,0.75,190.0,455,99,164,0,57,False,-1,none,0.3,0.76,0.76,0.54,0.72,0.6,0.6571428571428571,1.0,0.0,48,95,0.55,0.6923076923076923,0.3076923076923077,9,7,0.7,0.625,0.375,0,5
19,0.64,0.75,190.0,455,93,170,0,72,False,-1,none,0.3,0.79,0.74,0.57,0.76,0.52,0.6142857142857143,1.0,0.0,50,89,0.75,0.7,0.3,13,13,0.6,0.6666666666666666,0.3333333333333333,0,5
19,0.63,0.76,167.39999999999998,454,83,170,0,76,True,1,Slow,0.3,0.8,0.76,0.49,0.71,0.53,0.6142857142857143,1.0,0.0,48,97,0.65,0.7894736842105263,0.21052631578947367,10,11,0.7,0.7857142857142857,0.21428571428571427,1,3
19,0.61,0.72,184.0,458,100,160,0,73,False,-1,none,0.3,0.76,0.78,0.54,0.68,0.56,0.5571428571428572,1.0,0.0,43,91,0.75,0.7,0.3,13,11,0.7,0.6923076923076923,0.3076923076923077,1,1
19,0.59,0.81,174.0,449,108,156,0,65,False,-1,none,0.3,0.78,0.79,0.64,0.72,0.52,0.5285714285714286,1.0,0.0,49,85,0.75,0.9666666666666667,0.03333333333333333,2,19,0.7,0.8571428571428571,0.14285714285714285,0,1
19,0.63,0.79,198.0,451,106,158,0,72,False,-1,none,0.3,0.81,0.78,0.62,0.7,0.52,0.5857142857142857,1.0,0.0,45,88,0.75,0.8181818181818182,0.18181818181818182,6,15,0.7,0.625,0.375,0,4
19,0.67,0.79,190.0,451,94,164,0,78,False,-1,none,0.3,0.78,0.78,0.59,0.75,0.47,0.6714285714285714,1.0,0.0,49,88,0.7,0.7777777777777778,0.2222222222222222,12,14,0.6,0.7142857142857143,0.2857142857142857,0,1
19,0.68,0.83,214.0,447,89,147,0,66,False,-1,none,0.3,0.74,0.74,0.52,0.67,0.52,0.6142857142857143,1.0,0.0,46,78,0.75,0.8,0.2,7,11,1.0,0.6,0.4,2,3
19,0.71,0.88,216.0,442,96,171,0,90,False,-1,none,0.3,0.86,0.86,0.52,0.77,0.54,0.6714285714285714,1.0,0.0,53,96,0.85,0.75,0.25,10,11,0.7,0.7692307692307693,0.23076923076923078,0,1
19,0.64,0.8,178.79999999999998,450,88,156,0,71,True,0,Slow,0.3,0.77,0.77,0.5,0.66,0.54,0.6571428571428571,1.0,0.0,43,92,0.55,0.8125,0.1875,7,9,0.7,0.7222222222222222,0.2777777777777778,3,2
19,0.75,0.88,216.0,442,81,163,0,93,False,-1,none,0.3,0.83,0.79,0.48,0.75,0.47,0.7285714285714285,1.0,0.0,53,87,0.85,0.7916666666666666,0.20833333333333334,7,12,0.7,0.6153846153846154,0.38461538461538464,0,4
19,0.72,0.85,210.0,445,89,169,0,67,False,-1,none,0.3,0.78,0.79,0.53,0.74,0.59,0.6714285714285714,1.0,0.0,55,91,0.9,0.6190476190476191,0.38095238095238093,9,14,0.7,0.8823529411764706,0.11764705882352941,0,0
19,0.67,0.75,182.0,455,101,166,0,83,False,-1,none,0.3,0.81,0.79,0.5,0.75,0.57,0.6142857142857143,1.0,0.0,44,94,0.9,0.7,0.3,12,16,0.6,0.8333333333333334,0.16666666666666666,0,0
19,0.71,0.82,192.0,448,102,159,0,87,False,-1,none,0.3,0.79,0.76,0.6,0.75,0.53,0.6857142857142857,1.0,0.0,49,93,0.8,0.8,0.2,5,10,0.7,0.7857142857142857,0.21428571428571427,0,2
19,0.78,0.89,206.0,441,94,190,0,67,False,-1,none,0.3,0.83,0.84,0.62,0.81,0.63,0.7714285714285715,1.0,0.0,62,101,0.85,0.8260869565217391,0.17391304347826086,9,15,0.7,0.75,0.25,1,2
19,0.81,0.94,228.0,436,94,176,0,101,False,-1,none,0.3,0.85,0.9,0.57,0.77,0.55,0.7571428571428571,1.0,0.0,55,92,0.95,0.7916666666666666,0.20833333333333334,10,17,0.9,0.7058823529411765,0.29411764705882354,1,1
19,0.75,0.88,220.0,442,103,165,0,84,False,-1,none,0.3,0.84,0.85,0.51,0.81,0.55,0.7285714285714285,1.0,0.0,48,96,0.7,0.6470588235294118,0.35294117647058826,10,8,1.0,0.75,0.25,1,2
19,0.73,0.87,197.79999999999998,443,92,165,0,81,True,0,Slow,0.3,0.79,0.83,0.47,0.8,0.55,0.6857142857142857,1.0,0.0,48,92,0.8,0.7,0.3,12,10,0.9,0.7894736842105263,0.21052631578947367,0,3
19,0.73,0.89,214.0,441,88,174,0,64,False,-1,none,0.3,0.81,0.8,0.55,0.75,0.6,0.6857142857142857,1.0,0.0,57,91,0.8,0.8181818181818182,0.18181818181818182,6,13,0.9,0.7368421052631579,0.2631578947368421,1,6
19,0.76,0.98,228.0,432,106,183,0,88,True,2,Slow,0.3,0.91,0.9,0.57,0.88,0.61,0.7142857142857143,1.0,0.0,49,104,0.8,0.76,0.24,9,16,1.0,0.782608695652174,0.21739130434782608,4,1
19,0.74,0.86,203.2,444,94,196,0,59,True,0,Slow,0.3,0.86,0.82,0.62,0.82,0.64,0.7285714285714285,1.0,0.0,63,106,0.75,0.6111111111111112,0.3888888888888889,12,15,0.8,0.7058823529411765,0.29411764705882354,0,0
19,0.75,0.82,184.79999999999998,448,78,184,0,76,True,1,Slow,0.3,0.8,0.81,0.51,0.74,0.58,0.7714285714285715,1.0,0.0,60,93,0.65,0.5882352941176471,0.4117647058823529,18,11,0.8,0.7272727272727273,0.2727272727272727,0,2
20,0.67,0.81,198.0,449,103,155,0,86,False,-1,none,0.3,0.81,0.8,0.54,0.75,0.49,0.6285714285714286,1.0,0.0,46,87,0.75,0.7142857142857143,0.2857142857142857,9,10,0.8,0.8125,0.1875,0,3
20,0.65,0.8,172.0,450,92,168,0,70,False,-1,none,0.3,0.79,0.77,0.52,0.75,0.57,0.6428571428571429,1.0,0.0,48,98,0.7,0.9523809523809523,0.047619047619047616,1,20,0.6,0.8571428571428571,0.14285714285714285,0,1
20,0.58,0.79,190.2,451,98,144,0,64,True,3,Shigh,0.3,0.73,0.73,0.56,0.69,0.5,0.5428571428571428,1.0,0.0,47,84,0.6,0.7142857142857143,0.2857142857142857,3,5,0.8,0.65,0.35,2,3
20,0.65,0.75,186.0,455,106,150,0,74,False,-1,none,0.3,0.78,0.76,0.51,0.71,0.55,0.6142857142857143,1.0,0.0,42,89,0.9,0.782608695652174,0.21739130434782608,7,9,0.4,0.5555555555555556,0.4444444444444444,1,2
20,0.62,0.76,176.0,454,102,144,0,68,False,-1,none,0.3,0.75,0.75,0.53,0.74,0.45,0.6,1.0,0.0,39,81,0.8,0.875,0.125,5,16,0.4,0.7,0.3,0,3
20,0.63,0.78,192.0,452,110,154,0,78,False,-1,none,0.3,0.8,0.77,0.54,0.69,0.62,0.5571428571428572,1.0,0.0,36,95,0.7,0.8421052631578947,0.15789473684210525,7,13,1.0,0.7,0.3,0,3
20,0.71,0.86,212.0,444,111,173,0,80,False,-1,none,0.3,0.84,0.84,0.56,0.85,0.61,0.6571428571428571,1.0,0.0,48,98,0.8,0.7142857142857143,0.2857142857142857,11,14,0.9,0.7894736842105263,0.21052631578947367,1,1
20,0.68,0.8,188.0,450,92,150,0,83,False,-1,none,0.3,0.76,0.78,0.47,0.68,0.53,0.6714285714285714,1.0,0.0,45,85,0.65,0.8888888888888888,0.1111111111111111,3,15,0.8,0.6666666666666666,0.3333333333333333,1,1
20,0.76,0.93,234.0,437,86,171,0,85,False,-1,none,0.3,0.81,0.82,0.54,0.81,0.52,0.7,1.0,0.0,58,92,0.9,0.8695652173913043,0.13043478260869565,5,14,0.9,0.5714285714285714,0.42857142857142855,1,1
20,0.74,0.83,210.0,447,78,187,0,67,False,-1,none,0.3,0.82,0.78,0.49,0.78,0.61,0.7285714285714285,1.0,0.0,59,103,0.75,0.7368421052631579,0.2631578947368421,7,16,0.8,0.5384615384615384,0.46153846153846156,0,2
20,0.73,0.9,218.0,440,93,165,0,72,True,3,Shigh,0.3,0.79,0.79,0.61,0.78,0.51,0.7,1.0,0.0,54,93,0.85,0.6071428571428571,0.39285714285714285,9,9,0.7,0.7692307692307693,0.23076923076923078,0,0
20,0.76,0.91,210.0,439,88,164,0,77,False,-1,none,0.3,0.8,0.79,0.59,0.76,0.49,0.7285714285714285,1.0,0.0,55,82,0.85,0.875,0.125,4,19,0.8,0.75,0.25,1,3
20,0.67,0.78,198.6,452,75,165,0,77,True,2,Slow,0.3,0.76,0.73,0.45,0.7,0.54,0.6428571428571429,1.0,0.0,52,85,0.75,0.5789473684210527,0.42105263157894735,14,11,0.7,0.7142857142857143,0.2857142857142857,0,3
20,0.73,0.84,196.0,446,100,171,0,75,False,-1,none,0.3,0.82,0.84,0.53,0.79,0.57,0.7142857142857143,1.0,0.0,51,98,0.8,0.85,0.15,6,14,0.7,0.7142857142857143,0.2857142857142857,0,2
20,0.69,0.88,220.0,442,85,178,0,64,False,-1,none,0.3,0.79,0.82,0.57,0.75,0.58,0.6714285714285714,1.0,0.0,56,96,0.65,0.85,0.15,5,16,0.9,0.6190476190476191,0.38095238095238093,2,3
20,0.66,0.75,198.0,455,113,159,0,78,False,-1,none,0.3,0.83,0.83,0.47,0.8,0.54,0.6142857142857143,1.0,0.0,43,93,0.75,0.625,0.375,11,10,0.8,0.625,0.375,0,2
20,0.68,0.85,204.0,445,88,161,0,76,True,3,Shigh,0.3,0.77,0.78,0.54,0.7,0.55,0.6428571428571429,1.0,0.0,54,94,0.75,0.6923076923076923,0.3076923076923077,6,7,0.8,0.6428571428571429,0.35714285714285715,0,0
20,0.67,0.85,190.0,445,93,166,0,76,False,-1,none,0.3,0.79,0.8,0.52,0.79,0.54,0.6142857142857143,1.0,0.0,46,97,0.8,0.9230769230769231,0.07692307692307693,3,16,0.8,0.8125,0.1875,1,3
20,0.63,0.8,184.0,450,89,158,0,78,False,-1,none,0.3,0.74,0.78,0.45,0.75,0.55,0.6,1.0,0.0,42,93,0.65,0.9,0.1,4,14,0.8,0.7777777777777778,0.2222222222222222,2,3
20,0.66,0.78,165.39999999999998,452,81,165,0,86,True,1,Slow,0.3,0.78,0.77,0.51,0.74,0.44,0.7,1.0,0.0,54,92,0.65,0.8421052631578947,0.15789473684210525,7,10,0.4,0.6,0.4,0,2
20,0.72,0.88,212.0,442,106,167,0,79,False,-1,none,0.3,0.86,0.84,0.62,0.74,0.55,0.6857142857142857,1.0,0.0,51,88,0.85,0.8,0.2,8,17,0.7,0.7333333333333333,0.26666666666666666,1,2
20,0.67,0.82,196.0,448,98,173,0,72,False,-1,none,0.3,0.77,0.81,0.59,0.77,0.59,0.5714285714285714,1.0,0.0,51,92,0.95,0.8518518518518519,0.14814814814814814,9,18,0.8,0.7333333333333333,0.26666666666666666,1,2
21,0.65,0.8,196.0,450,119,153,0,68,False,-1,none,0.3,0.8,0.83,0.58,0.78,0.53,0.6142857142857143,1.0,0.0,42,90,0.75,0.7619047619047619,0.23809523809523808,7,12,0.7,0.75,0.25,0,2
21,0.58,0.62,152.0,468,104,156,0,78,False,-1,none,0.3,0.76,0.76,0.49,0.71,0.5,0.6285714285714286,1.0,0.0,49,94,0.55,0.6666666666666666,0.3333333333333333,8,3,0.3,0.5,0.5,0,2
21,0.66,0.8,196.0,450,92,171,0,67,False,-1,none,0.3,0.8,0.79,0.52,0.74,0.58,0.6,1.0,0.0,48,92,0.75,0.8571428571428571,0.14285714285714285,9,17,0.9,0.6470588235294118,0.35294117647058826,1,4
21,0.68,0.8,208.0,450,102,182,0,81,False,-1,none,0.3,0.82,0.85,0.47,0.85,0.65,0.6571428571428571,1.0,0.0,51,99,0.8,0.6666666666666666,0.3333333333333333,9,20,0.6,0.6153846153846154,0.38461538461538464,0,3
21,0.69,0.81,202.0,449,93,163,0,73,False,-1,none,0.3,0.79,0.79,0.51,0.74,0.54,0.6714285714285714,1.0,0.0,48,90,0.7,0.8095238095238095,0.19047619047619047,9,13,0.8,0.5384615384615384,0.46153846153846156,0,3
21,0.74,0.88,228.0,442,93,169,0,75,False,-1,none,0.3,0.82,0.82,0.53,0.77,0.56,0.7,1.0,0.0,46,91,0.85,0.6956521739130435,0.30434782608695654,16,11,0.8,0.625,0.375,1,4
21,0.61,0.65,178.0,465,101,165,0,69,False,-1,none,0.3,0.77,0.76,0.48,0.72,0.58,0.6,1.0,0.0,40,96,0.7,0.5,0.5,15,10,0.5,0.4444444444444444,0.5555555555555556,0,4
21,0.67,0.82,204.0,448,99,155,0,74,False,-1,none,0.3,0.8,0.75,0.51,0.74,0.56,0.6285714285714286,1.0,0.0,39,90,0.75,0.75,0.25,10,13,0.8,0.7222222222222222,0.2777777777777778,0,3
21,0.71,0.8,199.79999999999998,450,102,165,0,73,True,0,Slow,0.3,0.82,0.8,0.53,0.76,0.56,0.6571428571428571,1.0,0.0,44,92,0.85,0.6,0.4,16,8,0.8,0.5714285714285714,0.42857142857142855,2,3
21,0.67,0.77,194.0,453,95,167,0,71,False,-1,none,0.3,0.79,0.8,0.59,0.75,0.46,0.7,1.0,0.0,57,90,0.65,0.7368421052631579,0.2631578947368421,8,11,0.5,0.4444444444444444,0.5555555555555556,1,0
21,0.65,0.78,208.0,452,84,177,0,66,False,-1,none,0.3,0.73,0.77,0.51,0.76,0.62,0.6428571428571429,1.0,0.0,45,102,0.65,0.5333333333333333,0.4666666666666667,15,12,0.7,0.6666666666666666,0.3333333333333333,0,3
21,0.61,0.73,194.0,457,108,158,0,86,False,-1,none,0.3,0.75,0.78,0.5,0.74,0.62,0.5857142857142857,1.0,0.0,38,97,0.55,0.6666666666666666,0.3333333333333333,11,9,0.9,0.5882352941176471,0.4117647058823529,0,3
21,0.73,0.89,222.0,441,78,172,0,96,False,-1,none,0.3,0.81,0.8,0.55,0.77,0.46,0.6571428571428571,1.0,0.0,58,81,0.95,0.7037037037037037,0.2962962962962963,16,15,0.8,0.8125,0.1875,0,2
21,0.73,0.88,208.0,442,88,180,0,79,False,-1,none,0.3,0.81,0.85,0.53,0.77,0.6,0.7428571428571429,1.0,0.0,55,99,0.75,0.8636363636363636,0.13636363636363635,7,16,0.6,0.6428571428571429,0.35714285714285715,0,3
21,0.67,0.82,188.0,448,90,152,0,71,False,-1,none,0.3,0.78,0.74,0.53,0.68,0.51,0.6285714285714286,1.0,0.0,51,79,0.8,0.9130434782608695,0.08695652173913043,2,16,0.7,0.7333333333333333,0.26666666666666666,0,4
21,0.68,0.81,210.0,449,106,148,0,80,False,-1,none,0.3,0.8,0.81,0.52,0.76,0.46,0.6571428571428571,1.0,0.0,42,87,0.7,0.7619047619047619,0.23809523809523808,8,9,0.8,0.5,0.5,0,2
21,0.69,0.81,187.2,449,90,158,0,76,True,2,Slow,0.3,0.78,0.78,0.54,0.74,0.45,0.6857142857142857,1.0,0.0,54,79,0.65,0.8823529411764706,0.11764705882352941,5,17,0.8,0.5625,0.4375,0,3
21,0.75,0.87,201.79999999999998,443,78,195,0,70,True,0,Slow,0.3,0.83,0.82,0.61,0.79,0.55,0.7571428571428571,1.0,0.0,66,102,0.75,0.65,0.35,12,13,0.7,0.7142857142857143,0.2857142857142857,1,1
21,0.68,0.89,203.0,441,99,169,0,83,True,0,Slow,0.3,0.83,0.87,0.49,0.77,0.61,0.6285714285714286,1.0,0.0,50,94,0.75,0.9230769230769231,0.07692307692307693,4,15,0.9,0.5789473684210527,0.42105263157894735,1,5
21,0.73,0.91,218.0,439,106,163,0,85,False,-1,none,0.3,0.87,0.85,0.56,0.78,0.54,0.6714285714285714,1.0,0.0,45,94,0.85,0.8846153846153846,0.11538461538461539,8,12,0.9,0.6666666666666666,0.3333333333333333,2,2
21,0.7,0.84,196.0,446,100,175,0,86,False,-1,none,0.3,0.87,0.81,0.53,0.81,0.57,0.7,1.0,0.0,54,104,0.75,0.88,0.12,3,12,0.6,0.6,0.4,0,2
21,0.65,0.81,190.0,449,84,146,0,74,False,-1,none,0.3,0.72,0.75,0.5,0.7,0.44,0.5571428571428572,1.0,0.0,47,74,0.9,0.8275862068965517,0.1724137931034483,8,16,0.8,0.8461538461538461,0.15384615384615385,0,1
22,0.68,0.76,167.79999999999998,454,101,175,0,73,True,0,Slow,0.3,0.84,0.81,0.51,0.77,0.59,0.6571428571428571,1.0,0.0,48,100,0.75,0.75,0.25,9,17,0.7,0.7,0.3,0,1
22,0.69,0.86,204.0,444,102,166,0,81,False,-1,none,0.3,0.81,0.81,0.58,0.78,0.56,0.6428571428571429,1.0,0.0,43,96,0.9,0.8461538461538461,0.15384615384615385,10,13,0.6,0.7333333333333333,0.26666666666666666,1,3
22,0.67,0.79,214.0,451,102,152,0,72,False,-1,none,0.3,0.79,0.79,0.58,0.75,0.42,0.6,1.0,0.0,42,80,0.9,0.625,0.375,16,10,0.7,0.6153846153846154,0.38461538461538464,1,3
22,0.72,0.9,224.0,440,92,178,0,75,False,-1,none,0.3,0.83,0.85,0.57,0.77,0.58,0.6714285714285714,1.0,0.0,58,92,0.8,0.782608695652174,0.21739130434782608,8,16,0.9,0.7,0.3,0,4
22,0.8,0.95,234.0,435,96,189,0,85,False,-1,none,0.3,0.87,0.91,0.59,0.86,0.57,0.7571428571428571,1.0,0.0,61,99,0.85,0.7272727272727273,0.2727272727272727,13,14,1.0,0.75,0.25,0,2
22,0.64,0.73,186.0,457,82,154,0,86,False,-1,none,0.3,0.73,0.72,0.45,0.72,0.47,0.6285714285714286,1.0,0.0,47,84,0.75,0.6666666666666666,0.3333333333333333,13,8,0.5,0.625,0.375,0,2
22,0.61,0.66,140.0,464,99,150,0,65,False,-1,none,0.3,0.73,0.71,0.51,0.68,0.52,0.6142857142857143,1.0,0.0,48,86,0.65,0.9375,0.0625,0,16,0.5,0.8571428571428571,0.14285714285714285,0,0
22,0.68,0.78,180.0,452,103,163,0,86,False,-1,none,0.3,0.8,0.79,0.57,0.72,0.56,0.6857142857142857,1.0,0.0,47,96,0.7,0.85,0.15,5,14,0.6,0.7,0.3,0,1
22,0.74,0.88,220.0,442,115,184,0,73,False,-1,none,0.3,0.9,0.88,0.65,0.82,0.62,0.7428571428571429,1.0,0.0,57,102,0.7,0.7,0.3,10,13,0.8,0.6875,0.3125,0,2
22,0.65,0.79,182.0,451,91,166,0,74,False,-1,none,0.3,0.73,0.78,0.55,0.76,0.54,0.6142857142857143,1.0,0.0,51,91,0.7,0.9047619047619048,0.09523809523809523,4,17,0.8,0.7333333333333333,0.26666666666666666,1,2
22,0.72,0.82,200.0,448,90,169,0,84,False,-1,none,0.3,0.83,0.77,0.54,0.77,0.5,0.7285714285714285,1.0,0.0,61,91,0.65,0.6666666666666666,0.3333333333333333,9,7,0.8,0.7692307692307693,0.23076923076923078,0,1
22,0.66,0.8,196.0,450,107,155,0,68,False,-1,none,0.3,0.77,0.78,0.58,0.77,0.52,0.6,1.0,0.0,37,86,0.8,0.8095238095238095,0.19047619047619047,7,19,0.8,0.7058823529411765,0.29411764705882354,1,5
22,0.67,0.83,175.39999999999998,447,91,154,0,82,True,1,Slow,0.3,0.78,0.75,0.52,0.71,0.52,0.6,1.0,0.0,47,82,0.8,0.8695652173913043,0.13043478260869565,6,16,0.9,0.7777777777777778,0.2222222222222222,1,2
22,0.67,0.79,194.0,451,104,156,0,86,False,-1,none,0.3,0.82,0.81,0.49,0.75,0.52,0.6571428571428571,1.0,0.0,47,85,0.65,0.6875,0.3125,8,13,0.8,0.7647058823529411,0.23529411764705882,2,1
22,0.72,0.94,222.0,436,93,159,0,94,True,3,Shigh,0.3,0.84,0.79,0.46,0.75,0.62,0.6571428571428571,1.0,0.0,40,98,0.8,0.8,0.2,7,11,1.0,0.6111111111111112,0.3888888888888889,0,3
22,0.65,0.79,194.0,451,76,169,0,71,False,-1,none,0.3,0.78,0.72,0.53,0.74,0.47,0.6428571428571429,1.0,0.0,49,90,0.75,0.7272727272727273,0.2727272727272727,15,13,0.5,0.75,0.25,0,2
22,0.68,0.8,172.0,450,87,174,0,74,True,2,Slow,0.3,0.78,0.78,0.55,0.76,0.54,0.6857142857142857,1.0,0.0,53,96,0.8,0.9166666666666666,0.08333333333333333,6,15,0.4,0.5,0.5,1,3
22,0.67,0.82,196.0,448,106,160,0,77,False,-1,none,0.3,0.8,0.78,0.62,0.71,0.57,0.6,1.0,0.0,48,90,0.9,0.8888888888888888,0.1111111111111111,8,12,0.7,0.6153846153846154,0.38461538461538464,0,2
22,0.7,0.84,196.0,446,124,173,0,79,False,-1,none,0.3,0.89,0.91,0.54,0.83,0.64,0.6571428571428571,1.0,0.0,47,97,0.85,0.8846153846153846,0.11538461538461539,5,21,0.7,0.6666666666666666,0.3333333333333333,0,3
22,0.8,0.98,236.0,432,84,178,0,75,False,-1,none,0.3,0.83,0.86,0.57,0.79,0.55,0.7714285714285715,1.0,0.0,60,93,0.9,0.8076923076923077,0.19230769230769232,6,18,0.8,0.7222222222222222,0.2777777777777778,0,1
22,0.69,0.84,197.6,446,85,187,0,69,True,3,Shigh,0.3,0.82,0.8,0.56,0.74,0.64,0.6857142857142857,1.0,0.0,64,100,0.8,0.6538461538461539,0.34615384615384615,8,14,0.5,0.8,0.2,0,1
22,0.74,0.91,184.39999999999998,439,93,169,0,77,True,1,Slow,0.3,0.83,0.84,0.51,0.8,0.55,0.7142857142857143,1.0,0.0,48,93,0.85,0.8888888888888888,0.1111111111111111,5,19,0.7,0.7857142857142857,0.21428571428571427,1,3
23,0.62,0.73,153.39999999999998,457,121,157,0,79,True,0,Slow,0.3,0.81,0.84,0.5,0.77,0.59,0.5857142857142857,1.0,0.0,33,101,0.7,0.8636363636363636,0.13636363636363635,6,16,0.7,0.8,0.2,0,1
23,0.7,0.86,220.0,444,93,181,0,60,False,-1,none,0.3,0.82,0.82,0.59,0.74,0.63,0.6714285714285714,1.0,0.0,62,101,0.7,0.7368421052631579,0.2631578947368421,5,12,0.9,0.65,0.35,0,1
23,0.79,0.94,236.0,436,69,203,0,74,False,-1,none,0.3,0.84,0.82,0.64,0.79,0.57,0.8,1.0,0.0,72,98,0.85,0.7083333333333334,0.2916666666666667,15,14,0.6,0.6428571428571429,0.35714285714285715,1,3
23,0.66,0.8,212.0,450,79,164,0,92,False,-1,none,0.3,0.77,0.75,0.48,0.75,0.48,0.6142857142857143,1.0,0.0,52,84,0.8,0.6363636363636364,0.36363636363636365,9,15,0.7,0.6666666666666666,0.3333333333333333,2,2
23,0.68,0.8,188.0,450,99,169,0,67,False,-1,none,0.3,0.82,0.79,0.6,0.76,0.51,0.6857142857142857,1.0,0.0,64,88,0.55,0.875,0.125,4,8,0.9,0.6875,0.3125,2,3
23,0.72,0.83,222.0,447,106,176,0,75,False,-1,none,0.3,0.83,0.82,0.62,0.8,0.58,0.6714285714285714,1.0,0.0,45,97,0.8,0.5,0.5,17,13,0.9,0.7222222222222222,0.2777777777777778,2,2
23,0.69,0.79,186.0,451,94,157,0,100,False,-1,none,0.3,0.79,0.82,0.42,0.77,0.5,0.7,1.0,0.0,47,90,0.7,0.7647058823529411,0.23529411764705882,7,13,0.6,0.7692307692307693,0.23076923076923078,0,0
23,0.74,0.96,224.0,434,89,182,0,73,False,-1,none,0.3,0.79,0.85,0.6,0.82,0.61,0.6714285714285714,1.0,0.0,49,100,0.9,0.8214285714285714,0.17857142857142858,12,20,0.9,0.8571428571428571,0.14285714285714285,0,1
23,0.71,0.9,208.0,440,72,161,0,87,False,-1,none,0.3,0.71,0.77,0.51,0.69,0.55,0.6714285714285714,1.0,0.0,51,91,0.8,0.9230769230769231,0.07692307692307693,2,14,0.8,0.7058823529411765,0.29411764705882354,0,3
23,0.7,0.86,200.0,444,97,174,0,73,False,-1,none,0.3,0.84,0.83,0.59,0.73,0.58,0.6714285714285714,1.0,0.0,55,92,0.7,0.8695652173913043,0.13043478260869565,8,14,0.9,0.75,0.25,2,3
23,0.71,0.82,176.0,448,91,168,0,69,False,-1,none,0.3,0.79,0.79,0.55,0.76,0.52,0.7142857142857143,1.0,0.0,60,91,0.7,0.9523809523809523,0.047619047619047616,2,14,0.7,0.8181818181818182,0.18181818181818182,1,0
23,0.7,0.91,230.0,439,99,165,0,80,False,-1,none,0.3,0.83,0.84,0.59,0.76,0.53,0.6714285714285714,1.0,0.0,52,88,0.7,0.88,0.12,7,14,0.9,0.5263157894736842,0.47368421052631576,0,4
23,0.71,0.88,212.0,442,83,173,0,91,False,-1,none,0.3,0.81,0.82,0.51,0.74,0.56,0.7142857142857143,1.0,0.0,54,89,0.7,0.7727272727272727,0.22727272727272727,11,15,0.7,0.75,0.25,1,3
23,0.6,0.77,190.0,453,95,160,0,68,False,-1,none,0.3,0.78,0.79,0.54,0.75,0.46,0.5285714285714286,1.0,0.0,42,87,0.75,0.7916666666666666,0.20833333333333334,13,14,0.8,0.75,0.25,1,3
23,0.68,0.85,214.0,445,82,167,0,71,False,-1,none,0.3,0.79,0.79,0.53,0.71,0.52,0.6,1.0,0.0,55,82,0.85,0.75,0.25,13,15,0.9,0.7368421052631579,0.2631578947368421,1,1
23,0.74,0.83,198.0,447,76,177,0,79,False,-1,none,0.3,0.8,0.78,0.48,0.71,0.59,0.7142857142857143,1.0,0.0,55,94,0.95,0.7692307692307693,0.23076923076923078,11,15,0.5,0.7142857142857143,0.2857142857142857,0,2
23,0.71,0.83,210.0,447,85,174,0,83,False,-1,none,0.3,0.81,0.83,0.48,0.71,0.59,0.6857142857142857,1.0,0.0,60,90,0.7,0.6666666666666666,0.3333333333333333,13,9,0.9,0.7058823529411765,0.29411764705882354,0,2
23,0.79,1.02,229.6,428,91,173,0,69,True,3,Shigh,0.3,0.83,0.83,0.64,0.79,0.57,0.7571428571428571,1.0,0.0,60,94,0.9,0.7741935483870968,0.22580645161290322,5,11,0.8,0.8333333333333334,0.16666666666666666,0,3
23,0.76,0.95,200.79999999999998,435,100,152,0,83,True,2,Slow,0.3,0.83,0.8,0.61,0.7,0.53,0.6857142857142857,1.0,0.0,49,77,0.9,0.9310344827586207,0.06896551724137931,4,18,1.0,0.7777777777777778,0.2222222222222222,1,3
23,0.83,1.02,256.0,428,100,177,0,81,False,-1,none,0.3,0.91,0.91,0.55,0.82,0.6,0.7857142857142857,1.0,0.0,56,92,0.9,0.7391304347826086,0.2608695652173913,8,15,1.0,0.7083333333333334,0.2916666666666667,1,5
23,0.7,0.85,202.0,445,69,171,0,75,False,-1,none,0.3,0.76,0.76,0.49,0.75,0.49,0.7285714285714285,1.0,0.0,57,88,0.65,0.7619047619047619,0.23809523809523808,11,12,0.6,0.7692307692307693,0.23076923076923078,0,3
23,0.76,0.96,236.0,434,64,181,0,64,False,-1,none,0.3,0.78,0.77,0.6,0.74,0.52,0.7285714285714285,1.0,0.0,64,87,0.9,0.7857142857142857,0.21428571428571427,12,14,0.7,0.7058823529411765,0.29411764705882354,1,3
24,0.58,0.73,178.0,457,110,152,0,80,False,-1,none,0.3,0.79,0.8,0.51,0.71,0.54,0.5,1.0,0.0,40,86,0.75,0.9047619047619048,0.09523809523809523,5,17,0.8,0.6470588235294118,0.35294117647058826,1,3
24,0.67,0.84,200.6,446,103,163,0,85,True,2,Slow,0.3,0.83,0.8,0.59,0.72,0.56,0.6428571428571429,1.0,0.0,49,89,0.65,0.8,0.2,8,12,0.9,0.631578947368421,0.3684210526315789,1,4
24,0.67,0.79,194.0,451,97,171,0,83,False,-1,none,0.3,0.83,0.84,0.5,0.78,0.52,0.6285714285714286,1.0,0.0,50,95,0.75,0.75,0.25,11,15,0.8,0.7333333333333333,0.26666666666666666,0,0
24,0.64,0.77,190.0,453,106,161,0,66,False,-1,none,0.3,0.79,0.81,0.53,0.78,0.53,0.6,1.0,0.0,49,92,0.75,0.7894736842105263,0.21052631578947367,6,13,0.7,0.6875,0.3125,1,0
24,0.7,0.8,180.0,450,114,161,0,80,False,-1,none,0.3,0.83,0.83,0.61,0.78,0.5,0.6857142857142857,1.0,0.0,54,90,0.7,0.9444444444444444,0.05555555555555555,2,13,0.8,0.7142857142857143,0.2857142857142857,0,2
24,0.68,0.79,182.0,451,98,159,0,89,False,-1,none,0.3,0.81,0.78,0.5,0.77,0.5,0.7,1.0,0.0,48,94,0.6,0.8235294117647058,0.17647058823529413,7,10,0.7,0.7692307692307693,0.23076923076923078,0,0
24,0.7,0.86,204.0,444,83,173,0,73,False,-1,none,0.3,0.78,0.8,0.59,0.68,0.57,0.6428571428571429,1.0,0.0,58,86,0.9,0.8461538461538461,0.15384615384615385,7,19,0.7,0.7333333333333333,0.26666666666666666,1,2
24,0.6,0.74,180.0,456,89,159,0,73,False,-1,none,0.3,0.74,0.71,0.5,0.75,0.52,0.5428571428571428,1.0,0.0,42,89,0.85,0.8148148148148148,0.18518518518518517,11,16,0.5,0.6666666666666666,0.3333333333333333,0,1
24,0.59,0.76,180.0,454,107,150,0,72,False,-1,none,0.3,0.73,0.78,0.58,0.73,0.51,0.5285714285714286,1.0,0.0,39,90,0.7,0.9047619047619048,0.09523809523809523,4,13,0.8,0.7222222222222222,0.2777777777777778,2,2
24,0.75,0.92,208.0,438,84,176,0,58,False,-1,none,0.3,0.8,0.75,0.64,0.76,0.57,0.7428571428571429,1.0,0.0,55,98,0.85,0.8928571428571429,0.10714285714285714,4,16,0.6,0.75,0.25,0,3
24,0.7,0.78,200.0,452,90,171,0,76,False,-1,none,0.3,0.76,0.75,0.6,0.73,0.55,0.7428571428571429,1.0,0.0,56,94,0.6,0.42857142857142855,0.5714285714285714,12,7,0.6,0.75,0.25,0,2
24,0.66,0.77,186.0,453,104,162,0,82,False,-1,none,0.3,0.77,0.81,0.53,0.79,0.53,0.6,1.0,0.0,44,95,0.85,0.8181818181818182,0.18181818181818182,7,12,0.7,0.6923076923076923,0.3076923076923077,1,3
24,0.72,0.85,212.2,445,102,165,0,83,True,0,Slow,0.3,0.83,0.82,0.54,0.76,0.57,0.6571428571428571,1.0,0.0,49,86,0.8,0.6666666666666666,0.3333333333333333,9,17,1.0,0.6111111111111112,0.3888888888888889,0,4
24,0.73,0.85,198.0,445,100,181,0,74,False,-1,none,0.3,0.83,0.86,0.58,0.79,0.6,0.7142857142857143,1.0,0.0,59,94,0.75,0.9047619047619048,0.09523809523809523,6,16,0.8,0.6428571428571429,0.35714285714285715,1,5
24,0.71,0.8,180.0,450,115,178,0,72,False,-1,none,0.3,0.83,0.87,0.57,0.88,0.58,0.7142857142857143,1.0,0.0,55,107,0.7,0.8947368421052632,0.10526315789473684,2,12,0.7,0.7272727272727273,0.2727272727272727,1,1
24,0.62,0.8,200.0,450,104,161,0,65,False,-1,none,0.3,0.78,0.79,0.52,0.75,0.61,0.5571428571428572,1.0,0.0,41,89,0.8,0.84,0.16,9,20,0.7,0.625,0.375,0,2
24,0.69,0.79,190.0,451,108,176,0,72,False,-1,none,0.3,0.82,0.84,0.62,0.8,0.55,0.6571428571428571,1.0,0.0,54,92,0.75,0.8095238095238095,0.19047619047619047,10,18,0.8,0.6666666666666666,0.3333333333333333,0,2
24,0.66,0.78,212.0,452,90,159,0,73,False,-1,none,0.3,0.77,0.75,0.57,0.66,0.52,0.6,1.0,0.0,54,80,0.8,0.6818181818181818,0.3181818181818182,10,12,0.8,0.5,0.5,0,3
24,0.64,0.77,198.0,453,97,141,0,75,False,-1,none,0.3,0.77,0.74,0.51,0.64,0.49,0.6,1.0,0.0,42,78,0.7,0.7222222222222222,0.2777777777777778,6,11,0.8,0.6470588235294118,0.35294117647058826,1,3
24,0.72,0.83,194.0,447,93,181,0,78,False,-1,none,0.3,0.81,0.83,0.59,0.81,0.53,0.6857142857142857,1.0,0.0,62,95,0.9,0.7916666666666666,0.20833333333333334,8,14,0.6,0.8181818181818182,0.18181818181818182,1,1
24,0.68,0.8,184.0,450,96,151,0,83,False,-1,none,0.3,0.78,0.81,0.47,0.71,0.5,0.6857142857142857,1.0,0.0,45,85,0.65,0.8,0.2,7,12,0.7,0.8333333333333334,0.16666666666666666,0,2
24,0.63,0.8,192.0,450,106,175,0,69,False,-1,none,0.3,0.82,0.84,0.59,0.79,0.57,0.5714285714285714,1.0,0.0,48,101,0.75,0.8333333333333334,0.16666666666666666,8,13,0.8,0.75,0.25,1,4
25,0.64,0.76,188.0,454,112,152,0,75,False,-1,none,0.3,0.77,0.78,0.55,0.77,0.53,0.6428571428571429,1.0,0.0,36,94,0.65,0.8125,0.1875,5,13,0.6,0.6,0.4,1,3
25,0.69,0.82,204.0,448,102,167,0,69,False,-1,none,0.3,0.81,0.8,0.53,0.77,0.6,0.6571428571428571,1.0,0.0,45,95,0.75,0.8,0.2,6,17,0.8,0.625,0.375,0,4
25,0.68,0.87,199.2,443,94,166,0,68,True,3,Shigh,0.3,0.82,0.77,0.56,0.75,0.57,0.6428571428571429,1.0,0.0,55,101,0.75,0.8076923076923077,0.19230769230769232,3,5,0.8,0.75,0.25,0,2
25,0.69,0.83,202.0,447,96,165,0,71,False,-1,none,0.3,0.8,0.8,0.55,0.77,0.52,0.6857142857142857,1.0,0.0,50,93,0.6,0.7647058823529411,0.23529411764705882,9,11,0.9,0.7222222222222222,0.2777777777777778,2,0
25,0.71,0.79,184.59999999999997,451,87,175,0,74,True,0,Slow,0.3,0.81,0.8,0.45,0.76,0.59,0.6714285714285714,1.0,0.0,49,100,0.8,0.7368421052631579,0.2631578947368421,10,14,0.8,0.5384615384615384,0.46153846153846156,0,2
25,0.77,0.9,232.0,440,82,205,0,53,False,-1,none,0.3,0.81,0.84,0.71,0.8,0.61,0.7571428571428571,1.0,0.0,65,103,0.8,0.6818181818181818,0.3181818181818182,18,13,0.8,0.6,0.4,2,4
25,0.71,0.86,216.0,444,88,185,0,91,False,-1,none,0.3,0.84,0.84,0.56,0.82,0.53,0.6571428571428571,1.0,0.0,60,95,0.9,0.7692307692307693,0.23076923076923078,11,16,0.7,0.6428571428571429,0.35714285714285715,0,3
25,0.67,0.77,182.0,453,86,156,0,81,False,-1,none,0.3,0.76,0.73,0.55,0.68,0.47,0.6285714285714286,1.0,0.0,47,81,0.85,0.8181818181818182,0.18181818181818182,10,18,0.6,0.7272727272727273,0.2727272727272727,0,0
25,0.72,0.85,195.2,445,95,175,0,80,True,0,Slow,0.3,0.79,0.83,0.61,0.78,0.54,0.6857142857142857,1.0,0.0,56,91,0.8,0.7727272727272727,0.22727272727272727,9,17,0.8,0.7333333333333333,0.26666666666666666,0,2
25,0.74,0.9,196.0,440,102,175,0,88,False,-1,none,0.3,0.87,0.84,0.64,0.8,0.52,0.7285714285714285,1.0,0.0,58,96,0.75,0.9583333333333334,0.041666666666666664,3,15,0.8,0.8,0.2,0,3
25,0.74,0.85,214.0,445,98,177,0,60,False,-1,none,0.3,0.83,0.8,0.55,0.79,0.63,0.7285714285714285,1.0,0.0,59,96,0.7,0.6875,0.3125,7,10,0.9,0.6666666666666666,0.3333333333333333,1,4
25,0.78,0.9,240.0,440,108,178,0,89,False,-1,none,0.3,0.87,0.85,0.55,0.86,0.63,0.7714285714285715,1.0,0.0,47,101,0.7,0.5333333333333333,0.4666666666666667,10,13,1.0,0.6190476190476191,0.38095238095238093,2,5
25,0.74,0.88,208.0,442,86,173,0,78,False,-1,none,0.3,0.79,0.81,0.58,0.79,0.5,0.6857142857142857,1.0,0.0,58,89,0.9,0.8518518518518519,0.14814814814814814,8,13,0.8,0.6923076923076923,0.3076923076923077,1,4
25,0.7,0.89,228.4,441,89,159,0,83,True,3,Shigh,0.3,0.81,0.79,0.49,0.73,0.55,0.6142857142857143,1.0,0.0,52,86,0.9,0.6428571428571429,0.35714285714285715,11,7,0.9,0.5555555555555556,0.4444444444444444,1,2
25,0.72,0.91,227.6,439,105,165,0,74,True,4,Shigh,0.3,0.82,0.84,0.56,0.77,0.62,0.6571428571428571,1.0,0.0,46,91,0.85,0.6785714285714286,0.32142857142857145,10,14,0.9,0.6470588235294118,0.35294117647058826,2,2
25,0.76,1.01,242.0,429,100,160,0,79,False,-1,none,0.3,0.84,0.86,0.59,0.77,0.55,0.7,1.0,0.0,49,89,0.9,0.8928571428571429,0.10714285714285714,3,16,0.9,0.7083333333333334,0.2916666666666667,1,2
25,0.69,0.78,180.0,452,89,174,0,74,False,-1,none,0.3,0.78,0.8,0.57,0.78,0.48,0.6714285714285714,1.0,0.0,62,92,0.75,0.8333333333333334,0.16666666666666666,3,14,0.7,0.7692307692307693,0.23076923076923078,0,3
25,0.71,0.83,188.6,447,94,165,0,68,True,4,Shigh,0.3,0.78,0.77,0.55,0.72,0.6,0.7142857142857143,1.0,0.0,58,93,0.8,0.8695652173913043,0.13043478260869565,1,12,0.5,0.6,0.4,0,1
25,0.73,0.86,200.0,444,88,168,0,73,False,-1,none,0.3,0.76,0.78,0.54,0.7,0.64,0.7142857142857143,1.0,0.0,54,93,0.7,0.8333333333333334,0.16666666666666666,5,13,0.9,0.7777777777777778,0.2222222222222222,0,3
25,0.72,0.87,230.0,443,93,158,0,82,False,-1,none,0.3,0.77,0.76,0.57,0.73,0.55,0.6857142857142857,1.0,0.0,41,88,0.8,0.6818181818181818,0.3181818181818182,15,13,0.8,0.5882352941176471,0.4117647058823529,0,1
25,0.7,0.96,226.2,434,78,154,0,77,True,2,Slow,0.3,0.74,0.77,0.55,0.74,0.48,0.6571428571428571,1.0,0.0,48,83,0.75,0.8148148148148148,0.18518518518518517,8,11,0.9,0.6956521739130435,0.30434782608695654,1,3
25,0.8,0.92,222.59999999999997,438,87,192,0,74,True,1,Slow,0.3,0.86,0.85,0.54,0.81,0.65,0.7857142857142857,1.0,0.0,51,107,0.8,0.6111111111111112,0.3888888888888889,14,16,0.9,0.631578947368421,0.3684210526315789,0,4
26,0.62,0.76,181.8,454,109,155,0,70,True,2,Slow,0.3,0.8,0.77,0.5,0.78,0.55,0.5714285714285714,1.0,0.0,45,89,0.65,0.7777777777777778,0.2222222222222222,8,8,0.9,0.6666666666666666,0.3333333333333333,0,5
26,0.6,0.69,166.0,461,104,156,0,76,False,-1,none,0.3,0.78,0.78,0.47,0.7,0.56,0.5857142857142857,1.0,0.0,43,95,0.65,0.8333333333333334,0.16666666666666666,5,10,0.6,0.6,0.4,0,3
26,0.67,0.81,206.0,449,94,150,0,95,False,-1,none,0.3,0.78,0.77,0.51,0.74,0.45,0.5857142857142857,1.0,0.0,42,86,0.85,0.8260869565217391,0.17391304347826086,7,14,0.9,0.5882352941176471,0.4117647058823529,0,1
26,0.67,0.87,198.0,443,103,175,0,55,False,-1,none,0.3,0.82,0.81,0.62,0.79,0.61,0.6142857142857143,1.0,0.0,53,97,0.85,0.9655172413793104,0.034482758620689655,1,19,0.7,0.6666666666666666,0.3333333333333333,2,3
26,0.61,0.7,176.0,460,103,147,0,85,False,-1,none,0.3,0.78,0.75,0.48,0.71,0.48,0.5571428571428572,1.0,0.0,35,85,0.8,0.7619047619047619,0.23809523809523808,8,16,0.6,0.6,0.4,1,2
26,0.63,0.81,190.0,449,84,158,0,82,False,-1,none,0.3,0.76,0.75,0.55,0.75,0.42,0.5857142857142857,1.0,0.0,51,83,0.75,0.875,0.125,7,14,0.7,0.75,0.25,0,3
26,0.76,0.84,212.0,446,98,181,0,82,False,-1,none,0.3,0.87,0.85,0.53,0.83,0.55,0.7428571428571429,1.0,0.0,66,89,0.75,0.7222222222222222,0.2777777777777778,8,14,0.9,0.5714285714285714,0.42857142857142855,0,4
26,0.69,0.82,212.0,448,96,176,0,71,False,-1,none,0.3,0.8,0.85,0.54,0.75,0.6,0.6428571428571429,1.0,0.0,49,91,0.85,0.6666666666666666,0.3333333333333333,17,16,0.7,0.6923076923076923,0.3076923076923077,0,3
26,0.69,0.81,190.0,449,96,163,0,65,False,-1,none,0.3,0.79,0.78,0.56,0.71,0.56,0.6857142857142857,1.0,0.0,51,91,0.6,0.875,0.125,5,12,0.9,0.7058823529411765,0.29411764705882354,0,4
26,0.7,0.87,210.0,443,90,167,0,71,False,-1,none,0.3,0.8,0.8,0.55,0.79,0.5,0.6714285714285714,1.0,0.0,53,94,0.85,0.8461538461538461,0.15384615384615385,4,14,0.6,0.6428571428571429,0.35714285714285715,0,2
26,0.68,0.81,190.0,449,96,161,0,87,False,-1,none,0.3,0.82,0.76,0.46,0.8,0.54,0.6285714285714286,1.0,0.0,47,95,0.75,0.8095238095238095,0.19047619047619047,6,11,0.9,0.8125,0.1875,0,2
26,0.69,0.82,192.0,448,74,174,0,70,False,-1,none,0.3,0.77,0.79,0.49,0.73,0.52,0.7142857142857143,1.0,0.0,53,94,0.65,0.8235294117647058,0.17647058823529413,9,13,0.6,0.7333333333333333,0.26666666666666666,0,5
26,0.8,0.92,216.0,438,98,194,0,71,False,-1,none,0.3,0.88,0.85,0.62,0.87,0.62,0.7428571428571429,1.0,0.0,61,101,0.95,0.88,0.12,7,21,0.9,0.6666666666666666,0.3333333333333333,1,3
26,0.73,0.88,204.0,442,88,201,0,63,False,-1,none,0.3,0.87,0.85,0.6,0.84,0.61,0.7571428571428571,1.0,0.0,68,110,0.6,0.8235294117647058,0.17647058823529413,5,13,0.8,0.7777777777777778,0.2222222222222222,3,2
26,0.66,0.78,172.0,452,109,154,0,79,False,-1,none,0.3,0.78,0.79,0.57,0.77,0.5,0.6428571428571429,1.0,0.0,45,91,0.7,1.0,0.0,0,16,0.7,0.6363636363636364,0.36363636363636365,0,2
26,0.74,0.93,230.0,437,89,177,0,76,False,-1,none,0.3,0.85,0.83,0.57,0.77,0.57,0.7142857142857143,1.0,0.0,53,97,0.75,0.8148148148148148,0.18518518518518517,11,13,0.9,0.625,0.375,1,2
26,0.67,0.75,198.0,455,110,159,0,81,False,-1,none,0.3,0.83,0.8,0.49,0.77,0.55,0.6,1.0,0.0,47,90,0.85,0.6190476190476191,0.38095238095238093,9,11,0.8,0.6666666666666666,0.3333333333333333,0,2
26,0.73,0.87,198.0,443,88,195,0,70,False,-1,none,0.3,0.85,0.87,0.6,0.79,0.59,0.7714285714285715,1.0,0.0,67,102,0.7,0.9090909090909091,0.09090909090909091,5,19,0.5,0.6363636363636364,0.36363636363636365,0,2
26,0.64,0.78,188.0,452,99,159,0,69,False,-1,none,0.3,0.76,0.78,0.6,0.75,0.47,0.6,1.0,0.0,56,82,0.75,0.8636363636363636,0.13636363636363635,5,15,0.7,0.6428571428571429,0.35714285714285715,0,1
26,0.66,0.86,196.0,444,111,159,0,79,False,-1,none,0.3,0.81,0.82,0.55,0.83,0.55,0.5857142857142857,1.0,0.0,42,95,0.8,1.0,0.0,0,21,0.9,0.6666666666666666,0.3333333333333333,0,1
26,0.76,0.95,254.0,435,93,173,0,79,False,-1,none,0.3,0.84,0.83,0.53,0.79,0.62,0.7142857142857143,1.0,0.0,47,95,0.85,0.7307692307692307,0.2692307692307692,7,19,0.9,0.5263157894736842,0.47368421052631576,1,4
26,0.75,0.86,224.0,444,102,167,0,85,False,-1,none,0.3,0.82,0.85,0.55,0.8,0.53,0.6714285714285714,1.0,0.0,48,88,0.9,0.7272727272727273,0.2727272727272727,11,14,1.0,0.5882352941176471,0.4117647058823529,1,5
27,0.61,0.74,188.0,456,101,147,0,73,False,-1,none,0.3,0.75,0.76,0.52,0.76,0.43,0.5571428571428572,1.0,0.0,42,83,0.8,0.7272727272727273,0.2727272727272727,5,14,0.6,0.6923076923076923,0.3076923076923077,1,2
27,0.72,0.88,200.0,442,95,165,0,82,False,-1,none,0.3,0.81,0.75,0.58,0.77,0.57,0.6571428571428571,1.0,0.0,46,93,0.9,0.92,0.08,3,21,0.8,0.7647058823529411,0.23529411764705882,1,1
27,0.68,0.85,197.39999999999998,445,110,162,0,73,True,2,Slow,0.3,0.83,0.82,0.61,0.78,0.53,0.6,1.0,0.0,45,86,0.8,0.7619047619047619,0.23809523809523808,10,16,1.0,0.7727272727272727,0.22727272727272727,1,4
27,0.78,0.9,196.79999999999998,440,98,196,0,66,True,1,Slow,0.3,0.85,0.86,0.63,0.83,0.67,0.7857142857142857,1.0,0.0,61,110,0.7,0.7894736842105263,0.21052631578947367,9,11,0.9,0.6875,0.3125,1,4
27,0.77,1.01,242.0,429,89,192,0,63,False,-1,none,0.3,0.87,0.87,0.62,0.78,0.68,0.7571428571428571,1.0,0.0,59,105,0.8,0.8518518518518519,0.14814814814814814,9,17,0.8,0.7142857142857143,0.2857142857142857,1,1
27,0.79,0.92,203.4,438,82,169,0,77,True,3,Shigh,0.3,0.81,0.8,0.54,0.8,0.48,0.7857142857142857,1.0,0.0,65,88,0.85,0.8461538461538461,0.15384615384615385,3,11,0.7,0.6363636363636364,0.36363636363636365,0,2
27,0.67,0.8,180.0,450,102,169,0,89,False,-1,none,0.3,0.85,0.79,0.5,0.77,0.6,0.6571428571428571,1.0,0.0,50,99,0.65,0.9090909090909091,0.09090909090909091,4,14,0.8,0.75,0.25,1,1
27,0.77,0.91,199.79999999999995,439,96,183,0,85,True,0,Slow,0.3,0.88,0.86,0.61,0.81,0.54,0.7428571428571429,1.0,0.0,61,96,0.85,0.7777777777777778,0.2222222222222222,12,12,0.8,0.6666666666666666,0.3333333333333333,0,2
27,0.64,0.84,204.0,446,89,139,0,83,False,-1,none,0.3,0.74,0.76,0.51,0.67,0.44,0.5285714285714286,1.0,0.0,46,72,0.85,0.8333333333333334,0.16666666666666666,4,16,1.0,0.782608695652174,0.21739130434782608,0,1
27,0.65,0.78,196.0,452,104,155,0,73,False,-1,none,0.3,0.79,0.8,0.52,0.76,0.5,0.6,1.0,0.0,41,88,0.75,0.7222222222222222,0.2777777777777778,13,11,0.8,0.7222222222222222,0.2777777777777778,1,1
27,0.78,0.99,226.0,431,69,184,0,83,False,-1,none,0.3,0.81,0.83,0.55,0.78,0.55,0.7285714285714285,1.0,0.0,59,92,0.9,0.9375,0.0625,6,25,0.9,0.6875,0.3125,0,2
27,0.69,0.82,192.0,448,90,171,0,87,False,-1,none,0.3,0.83,0.8,0.49,0.76,0.55,0.7,1.0,0.0,54,92,0.7,0.8571428571428571,0.14285714285714285,7,14,0.6,0.6666666666666666,0.3333333333333333,0,4
27,0.64,0.8,184.0,450,104,155,0,71,False,-1,none,0.3,0.77,0.79,0.56,0.74,0.53,0.6,1.0,0.0,43,93,0.75,0.9565217391304348,0.043478260869565216,2,12,0.7,0.6666666666666666,0.3333333333333333,3,2
27,0.68,0.77,182.0,453,79,176,0,63,False,-1,none,0.3,0.74,0.74,0.53,0.74,0.57,0.6714285714285714,1.0,0.0,51,95,0.75,0.7058823529411765,0.29411764705882354,12,16,0.6,0.8461538461538461,0.15384615384615385,0,2
27,0.68,0.86,212.0,444,72,153,0,79,False,-1,none,0.3,0.73,0.71,0.5,0.7,0.47,0.6428571428571429,1.0,0.0,45,75,0.85,0.7931034482758621,0.20689655172413793,13,17,0.6,0.6666666666666666,0.3333333333333333,0,3
27,0.65,0.76,177.6,454,79,163,0,67,True,1,Slow,0.3,0.76,0.73,0.51,0.69,0.49,0.6571428571428571,1.0,0.0,54,86,0.65,0.7058823529411765,0.29411764705882354,11,9,0.6,0.6153846153846154,0.38461538461538464,1,2
27,0.66,0.78,184.0,452,99,168,0,75,False,-1,none,0.3,0.81,0.8,0.59,0.72,0.53,0.6428571428571429,1.0,0.0,54,87,0.75,0.7894736842105263,0.21052631578947367,10,15,0.6,0.7857142857142857,0.21428571428571427,1,1
27,0.69,0.78,216.0,452,92,182,0,73,False,-1,none,0.3,0.84,0.75,0.6,0.77,0.56,0.6428571428571429,1.0,0.0,59,94,0.8,0.47368421052631576,0.5263157894736842,17,11,0.8,0.6428571428571429,0.35714285714285715,0,1
27,0.63,0.7,153.0,460,80,161,0,79,True,1,Slow,0.3,0.74,0.71,0.47,0.7,0.49,0.6142857142857143,1.0,0.0,50,90,0.75,0.7058823529411765,0.29411764705882354,8,12,0.5,0.8,0.2,0,1
27,0.66,0.76,163.39999999999998,454,93,164,0,72,True,2,Slow,0.3,0.78,0.71,0.6,0.75,0.49,0.6571428571428571,1.0,0.0,54,89,0.8,0.8095238095238095,0.19047619047619047,5,13,0.4,0.7777777777777778,0.2222222222222222,1,2
27,0.69,0.88,212.0,442,87,153,0,87,False,-1,none,0.3,0.79,0.75,0.52,0.76,0.46,0.6,1.0,0.0,44,87,0.9,0.7777777777777778,0.2222222222222222,9,11,0.9,0.8421052631578947,0.15789473684210525,0,2
27,0.68,0.78,204.0,452,77,175,0,75,False,-1,none,0.3,0.77,0.77,0.54,0.73,0.49,0.6714285714285714,1.0,0.0,51,87,0.75,0.5882352941176471,0.4117647058823529,18,14,0.6,0.6428571428571429,0.35714285714285715,2,3
28,0.7,0.8,200.0,450,114,160,0,81,False,-1,none,0.3,0.81,0.81,0.55,0.78,0.59,0.5857142857142857,1.0,0.0,43,91,0.95,0.6666666666666666,0.3333333333333333,11,12,1.0,0.8666666666666667,0.13333333333333333,0,3
28,0.73,0.89,210.0,441,86,181,0,74,False,-1,none,0.3,0.77,0.79,0.6,0.81,0.59,0.6714285714285714,1.0,0.0,58,95,0.85,0.8148148148148148,0.18518518518518517,8,19,0.9,0.8,0.2,0,1
28,0.66,0.77,190.0,453,84,154,0,65,False,-1,none,0.3,0.75,0.73,0.54,0.65,0.48,0.6428571428571429,1.0,0.0,55,82,0.7,0.8,0.2,3,12,0.7,0.5833333333333334,0.4166666666666667,1,1
28,0.74,0.88,216.0,442,91,188,0,58,False,-1,none,0.3,0.84,0.82,0.64,0.78,0.59,0.7571428571428571,1.0,0.0,60,100,0.75,0.7619047619047619,0.23809523809523808,9,15,0.6,0.6428571428571429,0.35714285714285715,2,2
28,0.8,1.0,248.0,430,89,190,0,61,False,-1,none,0.3,0.83,0.85,0.64,0.81,0.66,0.7428571428571429,1.0,0.0,53,105,0.9,0.75,0.25,13,19,1.0,0.75,0.25,0,0
28,0.75,0.92,224.0,438,113,165,0,80,False,-1,none,0.3,0.86,0.84,0.62,0.79,0.59,0.6857142857142857,1.0,0.0,47,99,0.85,0.7727272727272727,0.22727272727272727,6,9,1.0,0.7727272727272727,0.22727272727272727,2,2
28,0.69,0.78,160.39999999999998,452,95,169,0,63,True,1,Slow,0.3,0.79,0.77,0.61,0.67,0.58,0.7571428571428571,1.0,0.0,55,94,0.5,0.8,0.2,7,11,0.6,0.8,0.2,0,2
28,0.77,0.95,217.0,435,81,181,0,78,True,4,Shigh,0.3,0.79,0.8,0.58,0.79,0.61,0.7571428571428571,1.0,0.0,57,102,0.75,0.8260869565217391,0.17391304347826086,5,11,0.9,0.7368421052631579,0.2631578947368421,1,5
28,0.68,0.83,186.0,447,85,169,0,68,False,-1,none,0.3,0.76,0.74,0.57,0.73,0.57,0.6857142857142857,1.0,0.0,55,99,0.65,0.9565217391304348,0.043478260869565216,3,9,0.7,0.6666666666666666,0.3333333333333333,0,3
28,0.62,0.76,170.4,454,79,156,0,64,True,2,Slow,0.3,0.69,0.73,0.49,0.7,0.5,0.6142857142857143,1.0,0.0,51,84,0.6,0.8947368421052632,0.10526315789473684,5,13,0.7,0.6428571428571429,0.35714285714285715,1,2
28,0.8,0.99,234.0,431,88,193,0,60,False,-1,none,0.3,0.86,0.88,0.65,0.82,0.59,0.7857142857142857,1.0,0.0,66,97,0.75,0.8,0.2,9,17,1.0,0.7894736842105263,0.21052631578947367,0,4
28,0.7,0.82,220.0,448,109,176,0,78,False,-1,none,0.3,0.85,0.85,0.57,0.83,0.57,0.6285714285714286,1.0,0.0,53,97,0.8,0.6842105263157895,0.3157894736842105,12,13,1.0,0.5789473684210527,0.42105263157894735,0,1
28,0.68,0.89,226.0,441,85,174,0,87,False,-1,none,0.3,0.83,0.8,0.54,0.75,0.56,0.6142857142857143,1.0,0.0,52,95,0.85,0.8518518518518519,0.14814814814814814,8,14,0.8,0.5789473684210527,0.42105263157894735,1,4
28,0.81,0.92,224.0,438,97,186,0,75,False,-1,none,0.3,0.86,0.87,0.62,0.78,0.62,0.8142857142857143,1.0,0.0,62,101,0.75,0.7368421052631579,0.2631578947368421,8,14,0.9,0.6875,0.3125,0,1
28,0.73,0.95,209.59999999999997,435,79,177,0,74,True,0,Slow,0.3,0.83,0.82,0.56,0.71,0.59,0.6857142857142857,1.0,0.0,57,95,0.9,0.8709677419354839,0.12903225806451613,6,17,0.7,0.625,0.375,0,2
28,0.69,0.84,200.0,446,105,166,0,75,False,-1,none,0.3,0.83,0.84,0.57,0.77,0.54,0.6714285714285714,1.0,0.0,50,96,0.7,0.8095238095238095,0.19047619047619047,7,10,0.8,0.75,0.25,0,3
28,0.66,0.83,182.0,447,112,169,0,81,False,-1,none,0.3,0.87,0.85,0.57,0.82,0.53,0.6,1.0,0.0,52,92,0.75,0.9565217391304348,0.043478260869565216,3,19,0.9,0.8333333333333334,0.16666666666666666,1,2
28,0.81,0.99,242.0,431,98,182,0,91,False,-1,none,0.3,0.93,0.87,0.59,0.79,0.61,0.7428571428571429,1.0,0.0,60,91,0.95,0.8214285714285714,0.17857142857142858,9,19,1.0,0.6842105263157895,0.3157894736842105,0,3
28,0.71,0.87,202.0,443,96,178,0,69,False,-1,none,0.3,0.82,0.81,0.59,0.8,0.59,0.7285714285714285,1.0,0.0,61,96,0.7,0.8695652173913043,0.13043478260869565,3,13,0.6,0.6923076923076923,0.3076923076923077,1,4
28,0.67,0.78,196.0,452,110,160,0,87,False,-1,none,0.3,0.82,0.8,0.54,0.74,0.58,0.5571428571428572,1.0,0.0,37,90,0.95,0.7307692307692307,0.2692307692307692,15,15,0.9,0.7692307692307693,0.23076923076923078,0,3
28,0.73,0.87,218.0,443,91,172,0,75,False,-1,none,0.3,0.83,0.78,0.57,0.77,0.55,0.6857142857142857,1.0,0.0,52,92,0.75,0.65,0.35,12,13,1.0,0.7894736842105263,0.21052631578947367,0,3
28,0.69,0.85,206.0,445,92,156,0,72,False,-1,none,0.3,0.78,0.78,0.53,0.69,0.55,0.6285714285714286,1.0,0.0,47,85,0.75,0.8,0.2,8,12,1.0,0.7619047619047619,0.23809523809523808,1,3
29,0.63,0.78,181.6,452,92,148,0,72,True,0,Slow,0.3,0.73,0.77,0.47,0.69,0.52,0.5571428571428572,1.0,0.0,41,82,0.8,0.7916666666666666,0.20833333333333334,11,11,0.8,0.6666666666666666,0.3333333333333333,0,3
29,0.64,0.71,190.0,459,105,153,0,76,False,-1,none,0.3,0.81,0.75,0.46,0.71,0.56,0.6142857142857143,1.0,0.0,41,91,0.55,0.3333333333333333,0.6666666666666666,13,7,1.0,0.75,0.25,0,1
29,0.78,0.91,222.0,439,98,190,0,66,False,-1,none,0.3,0.89,0.85,0.65,0.81,0.59,0.7285714285714285,1.0,0.0,59,99,0.9,0.76,0.24,15,13,0.9,0.7333333333333333,0.26666666666666666,0,4
29,0.67,0.78,196.0,452,86,176,0,75,False,-1,none,0.3,0.8,0.8,0.48,0.79,0.53,0.6857142857142857,1.0,0.0,53,101,0.65,0.5625,0.4375,11,8,0.6,0.7857142857142857,0.21428571428571427,1,2
29,0.68,0.77,184.39999999999998,453,105,162,0,91,True,2,Slow,0.3,0.82,0.82,0.53,0.76,0.51,0.6714285714285714,1.0,0.0,54,86,0.65,0.7777777777777778,0.2222222222222222,6,13,0.8,0.5,0.5,0,3
29,0.74,0.95,226.0,435,103,180,0,72,False,-1,none,0.3,0.85,0.87,0.66,0.79,0.61,0.7142857142857143,1.0,0.0,55,99,0.8,0.84,0.16,7,16,0.8,0.75,0.25,1,2
29,0.74,0.94,228.0,436,84,180,0,72,False,-1,none,0.3,0.84,0.8,0.54,0.84,0.56,0.6714285714285714,1.0,0.0,56,93,0.85,0.8928571428571429,0.10714285714285714,4,22,1.0,0.631578947368421,0.3684210526315789,0,5
29,0.68,0.85,202.0,445,90,148,0,77,False,-1,none,0.3,0.75,0.78,0.53,0.69,0.48,0.6857142857142857,1.0,0.0,48,79,0.6,0.85,0.15,4,14,0.8,0.7058823529411765,0.29411764705882354,1,2
29,0.77,0.87,218.0,443,94,191,0,83,False,-1,none,0.3,0.87,0.81,0.6,0.83,0.61,0.7571428571428571,1.0,0.0,63,102,0.8,0.7058823529411765,0.29411764705882354,11,11,0.8,0.6470588235294118,0.35294117647058826,0,4
29,0.68,0.83,210.0,447,92,156,0,74,False,-1,none,0.3,0.79,0.75,0.56,0.72,0.49,0.6714285714285714,1.0,0.0,48,82,0.7,0.631578947368421,0.3684210526315789,11,11,0.7,0.7647058823529411,0.23529411764705882,1,3
29,0.76,0.89,197.2,441,82,196,0,83,True,0,Slow,0.3,0.85,0.87,0.52,0.83,0.6,0.7714285714285715,1.0,0.0,69,104,0.8,0.8095238095238095,0.19047619047619047,7,15,0.6,0.6428571428571429,0.35714285714285715,0,1
29,0.72,0.83,218.0,447,89,165,0,73,False,-1,none,0.3,0.77,0.78,0.53,0.72,0.57,0.7,1.0,0.0,48,87,0.8,0.631578947368421,0.3684210526315789,12,14,0.7,0.6,0.4,1,3
29,0.64,0.82,196.0,448,101,157,0,80,False,-1,none,0.3,0.8,0.8,0.49,0.74,0.57,0.5857142857142857,1.0,0.0,40,90,0.75,0.7619047619047619,0.23809523809523808,8,16,0.8,0.85,0.15,0,3
29,0.62,0.8,170.99999999999997,450,103,153,0,64,True,0,Slow,0.3,0.78,0.79,0.47,0.73,0.59,0.5285714285714286,1.0,0.0,39,87,0.85,0.8461538461538461,0.15384615384615385,11,14,0.8,0.7647058823529411,0.23529411764705882,0,2
29,0.62,0.76,164.0,454,104,150,0,80,False,-1,none,0.3,0.78,0.81,0.53,0.71,0.47,0.5857142857142857,1.0,0.0,46,86,0.75,1.0,0.0,0,16,0.6,0.75,0.25,1,1
29,0.77,0.89,210.0,441,97,186,0,63,False,-1,none,0.3,0.84,0.83,0.6,0.81,0.64,0.7285714285714285,1.0,0.0,56,107,0.85,0.8571428571428571,0.14285714285714285,8,13,0.9,0.7058823529411765,0.29411764705882354,0,2
29,0.64,0.75,183.6,455,100,169,0,76,True,1,Slow,0.3,0.77,0.79,0.51,0.8,0.57,0.6285714285714286,1.0,0.0,46,99,0.7,0.631578947368421,0.3684210526315789,10,10,0.6,0.5833333333333334,0.4166666666666667,1,3
29,0.74,0.86,194.39999999999998,444,92,164,0,73,True,0,Slow,0.3,0.8,0.79,0.53,0.74,0.56,0.7285714285714285,1.0,0.0,50,90,0.85,0.75,0.25,8,13,0.6,0.6,0.4,1,2
29,0.67,0.76,175.2,454,83,153,0,98,True,1,Slow,0.3,0.76,0.76,0.42,0.72,0.46,0.6714285714285714,1.0,0.0,50,81,0.65,0.6875,0.3125,10,10,0.7,0.6153846153846154,0.38461538461538464,0,2
29,0.72,0.81,182.2,449,81,181,0,92,True,1,Slow,0.3,0.81,0.84,0.51,0.78,0.49,0.7285714285714285,1.0,0.0,63,94,0.7,0.6875,0.3125,11,12,0.7,0.6428571428571429,0.35714285714285715,0,1
29,0.63,0.77,182.0,453,104,153,0,71,False,-1,none,0.3,0.8,0.78,0.59,0.71,0.46,0.6,1.0,0.0,48,84,0.65,0.7894736842105263,0.21052631578947367,7,12,0.8,0.8125,0.1875,0,2
29,0.77,0.95,222.0,435,85,181,0,74,False,-1,none,0.3,0.83,0.83,0.58,0.81,0.56,0.7857142857142857,1.0,0.0,61,101,0.7,0.9,0.1,4,10,0.8,0.7,0.3,1,4
