transaction_id,seed,buyer_id,buyer_class,seller_id,seller_class,visit_order,price,budget_before,budget_after,seller_inventory_after
0,0,0,Homogeneous,2,Homogeneous,0,3.0,5.0,2.0,119
1,0,1,Homogeneous,3,Homogeneous,2,3.0,5.0,2.0,119
2,0,2,Homogeneous,0,Homogeneous,0,3.0,5.0,2.0,119
3,0,3,Homogeneous,2,Homogeneous,1,3.0,5.0,2.0,118
4,0,4,Homogeneous,3,Homogeneous,3,3.0,5.0,2.0,118
5,0,6,Homogeneous,0,Homogeneous,1,3.0,5.0,2.0,118
6,0,7,Homogeneous,0,Homogeneous,1,3.0,5.0,2.0,117
7,0,10,Homogeneous,1,Homogeneous,1,3.0,5.0,2.0,119
8,0,11,Homogeneous,1,Homogeneous,0,3.0,5.0,2.0,118
9,0,14,Homogeneous,1,Homogeneous,0,3.0,5.0,2.0,117
10,0,15,Homogeneous,3,Homogeneous,0,3.0,5.0,2.0,117
11,0,16,Homogeneous,0,Homogeneous,0,3.0,5.0,2.0,116
12,0,18,Homogeneous,2,Homogeneous,1,3.0,5.0,2.0,117
13,0,19,Homogeneous,1,Homogeneous,1,3.0,5.0,2.0,116
14,0,20,Homogeneous,2,Homogeneous,3,3.0,5.0,2.0,116
15,0,21,Homogeneous,2,Homogeneous,0,3.0,5.0,2.0,115
16,0,22,Homogeneous,3,Homogeneous,2,3.0,5.0,2.0,116
17,0,23,Homogeneous,2,Homogeneous,0,3.0,5.0,2.0,114
18,0,24,Homogeneous,2,Homogeneous,1,3.0,5.0,2.0,113
19,0,25,Homogeneous,3,Homogeneous,3,3.0,5.0,2.0,115
20,0,26,Homogeneous,1,Homogeneous,0,3.0,5.0,2.0,115
21,0,27,Homogeneous,2,Homogeneous,1,3.0,5.0,2.0,112
22,0,28,Homogeneous,3,Homogeneous,0,3.0,5.0,2.0,114
23,0,29,Homogeneous,2,Homogeneous,0,3.0,5.0,2.0,111
24,0,30,Homogeneous,3,Homogeneous,2,3.0,5.0,2.0,113
25,0,32,Homogeneous,2,Homogeneous,0,3.0,5.0,2.0,110
26,0,34,Homogeneous,2,Homogeneous,0,3.0,5.0,2.0,109
27,0,35,Homogeneous,0,Homogeneous,0,3.0,5.0,2.0,115
28,0,36,Homogeneous,3,Homogeneous,0,3.0,5.0,2.0,112
29,0,37,Homogeneous,2,Homogeneous,1,3.0,5.0,2.0,108
30,0,38,Homogeneous,1,Homogeneous,0,3.0,5.0,2.0,114
31,0,39,Homogeneous,0,Homogeneous,0,3.0,5.0,2.0,114
32,0,40,Homogeneous,3,Homogeneous,1,3.0,5.0,2.0,111
33,0,41,Homogeneous,2,Homogeneous,1,3.0,5.0,2.0,107
34,0,42,Homogeneous,0,Homogeneous,2,3.0,5.0,2.0,113
35,0,43,Homogeneous,3,Homogeneous,1,3.0,5.0,2.0,110
36,0,44,Homogeneous,3,Homogeneous,1,3.0,5.0,2.0,109
37,0,45,Homogeneous,1,Homogeneous,0,3.0,5.0,2.0,113
38,0,47,Homogeneous,0,Homogeneous,1,3.0,5.0,2.0,112
39,0,48,Homogeneous,2,Homogeneous,2,3.0,5.0,2.0,106
40,0,49,Homogeneous,2,Homogeneous,0,3.0,5.0,2.0,105
41,0,50,Homogeneous,2,Homogeneous,3,3.0,5.0,2.0,104
42,0,51,Homogeneous,1,Homogeneous,1,3.0,5.0,2.0,112
43,0,52,Homogeneous,1,Homogeneous,1,3.0,5.0,2.0,111
44,0,53,Homogeneous,2,Homogeneous,0,3.0,5.0,2.0,103
45,0,54,Homogeneous,0,Homogeneous,1,3.0,5.0,2.0,111
46,0,56,Homogeneous,1,Homogeneous,0,3.0,5.0,2.0,110
47,0,57,Homogeneous,3,Homogeneous,0,3.0,5.0,2.0,108
48,0,58,Homogeneous,0,Homogeneous,1,3.0,5.0,2.0,110
49,0,60,Homogeneous,2,Homogeneous,1,3.0,5.0,2.0,102
50,0,61,Homogeneous,0,Homogeneous,1,3.0,5.0,2.0,109
51,0,62,Homogeneous,0,Homogeneous,3,3.0,5.0,2.0,108
52,0,63,Homogeneous,0,Homogeneous,1,3.0,5.0,2.0,107
53,0,65,Homogeneous,1,Homogeneous,0,3.0,5.0,2.0,109
54,0,66,Homogeneous,1,Homogeneous,0,3.0,5.0,2.0,108
55,0,67,Homogeneous,2,Homogeneous,0,3.0,5.0,2.0,101
56,0,69,Homogeneous,2,Homogeneous,0,3.0,5.0,2.0,100
57,0,70,Homogeneous,1,Homogeneous,3,3.0,5.0,2.0,107
58,0,71,Homogeneous,1,Homogeneous,1,3.0,5.0,2.0,106
59,0,72,Homogeneous,0,Homogeneous,0,3.0,5.0,2.0,106
60,0,73,Homogeneous,3,Homogeneous,3,3.0,5.0,2.0,107
61,0,74,Homogeneous,1,Homogeneous,1,3.0,5.0,2.0,105
62,0,75,Homogeneous,2,Homogeneous,2,3.0,5.0,2.0,99
63,0,76,Homogeneous,3,Homogeneous,0,3.0,5.0,2.0,106
64,0,77,Homogeneous,2,Homogeneous,0,3.0,5.0,2.0,98
65,0,79,Homogeneous,0,Homogeneous,0,3.0,5.0,2.0,105
66,1,0,Homogeneous,0,Homogeneous,0,3.0,5.0,2.0,119
67,1,1,Homogeneous,0,Homogeneous,0,3.0,5.0,2.0,118
68,1,2,Homogeneous,2,Homogeneous,0,3.0,5.0,2.0,119
69,1,4,Homogeneous,1,Homogeneous,3,3.0,5.0,2.0,119
70,1,5,Homogeneous,3,Homogeneous,2,3.0,5.0,2.0,119
71,1,6,Homogeneous,0,Homogeneous,2,3.0,5.0,2.0,117
72,1,7,Homogeneous,1,Homogeneous,1,3.0,5.0,2.0,118
73,1,8,Homogeneous,0,Homogeneous,1,3.0,5.0,2.0,116
74,1,9,Homogeneous,2,Homogeneous,1,3.0,5.0,2.0,118
75,1,10,Homogeneous,3,Homogeneous,0,3.0,5.0,2.0,118
76,1,11,Homogeneous,3,Homogeneous,3,3.0,5.0,2.0,117
77,1,12,Homogeneous,2,Homogeneous,0,3.0,5.0,2.0,117
78,1,13,Homogeneous,3,Homogeneous,0,3.0,5.0,2.0,116
79,1,14,Homogeneous,3,Homogeneous,0,3.0,5.0,2.0,115
80,1,16,Homogeneous,0,Homogeneous,1,3.0,5.0,2.0,115
81,1,17,Homogeneous,0,Homogeneous,1,3.0,5.0,2.0,114
82,1,19,Homogeneous,3,Homogeneous,1,3.0,5.0,2.0,114
83,1,20,Homogeneous,0,Homogeneous,2,3.0,5.0,2.0,113
84,1,21,Homogeneous,0,Homogeneous,3,3.0,5.0,2.0,112
85,1,23,Homogeneous,2,Homogeneous,1,3.0,5.0,2.0,116
86,1,24,Homogeneous,2,Homogeneous,3,3.0,5.0,2.0,115
87,1,25,Homogeneous,0,Homogeneous,0,3.0,5.0,2.0,111
88,1,26,Homogeneous,3,Homogeneous,0,3.0,5.0,2.0,113
89,1,27,Homogeneous,0,Homogeneous,0,3.0,5.0,2.0,110
90,1,28,Homogeneous,3,Homogeneous,3,3.0,5.0,2.0,112
91,1,29,Homogeneous,2,Homogeneous,1,3.0,5.0,2.0,114
92,1,30,Homogeneous,1,Homogeneous,3,3.0,5.0,2.0,117
93,1,33,Homogeneous,3,Homogeneous,0,3.0,5.0,2.0,111
94,1,34,Homogeneous,1,Homogeneous,0,3.0,5.0,2.0,116
95,1,35,Homogeneous,3,Homogeneous,1,3.0,5.0,2.0,110
96,1,36,Homogeneous,1,Homogeneous,0,3.0,5.0,2.0,115
97,1,37,Homogeneous,2,Homogeneous,1,3.0,5.0,2.0,113
98,1,38,Homogeneous,3,Homogeneous,1,3.0,5.0,2.0,109
99,1,40,Homogeneous,3,Homogeneous,2,3.0,5.0,2.0,108
100,1,41,Homogeneous,0,Homogeneous,1,3.0,5.0,2.0,109
101,1,42,Homogeneous,1,Homogeneous,0,3.0,5.0,2.0,114
102,1,43,Homogeneous,0,Homogeneous,1,3.0,5.0,2.0,108
103,1,45,Homogeneous,2,Homogeneous,2,3.0,5.0,2.0,112
104,1,46,Homogeneous,0,Homogeneous,0,3.0,5.0,2.0,107
105,1,47,Homogeneous,3,Homogeneous,0,3.0,5.0,2.0,107
106,1,48,Homogeneous,0,Homogeneous,1,3.0,5.0,2.0,106
107,1,49,Homogeneous,3,Homogeneous,3,3.0,5.0,2.0,106
108,1,50,Homogeneous,2,Homogeneous,3,3.0,5.0,2.0,111
109,1,51,Homogeneous,1,Homogeneous,1,3.0,5.0,2.0,113
110,1,52,Homogeneous,1,Homogeneous,1,3.0,5.0,2.0,112
111,1,53,Homogeneous,0,Homogeneous,1,3.0,5.0,2.0,105
112,1,54,Homogeneous,2,Homogeneous,3,3.0,5.0,2.0,110
113,1,57,Homogeneous,3,Homogeneous,2,3.0,5.0,2.0,105
114,1,58,Homogeneous,3,Homogeneous,2,3.0,5.0,2.0,104
115,1,59,Homogeneous,0,Homogeneous,3,3.0,5.0,2.0,104
116,1,60,Homogeneous,3,Homogeneous,2,3.0,5.0,2.0,103
117,1,61,Homogeneous,3,Homogeneous,2,3.0,5.0,2.0,102
118,1,62,Homogeneous,3,Homogeneous,0,3.0,5.0,2.0,101
119,1,63,Homogeneous,0,Homogeneous,1,3.0,5.0,2.0,103
120,1,65,Homogeneous,1,Homogeneous,0,3.0,5.0,2.0,111
121,1,68,Homogeneous,1,Homogeneous,1,3.0,5.0,2.0,110
122,1,69,Homogeneous,0,Homogeneous,1,3.0,5.0,2.0,102
123,1,70,Homogeneous,1,Homogeneous,1,3.0,5.0,2.0,109
124,1,71,Homogeneous,3,Homogeneous,3,3.0,5.0,2.0,100
125,1,72,Homogeneous,2,Homogeneous,2,3.0,5.0,2.0,109
126,1,73,Homogeneous,1,Homogeneous,2,3.0,5.0,2.0,108
127,1,75,Homogeneous,3,Homogeneous,0,3.0,5.0,2.0,99
128,1,77,Homogeneous,2,Homogeneous,0,3.0,5.0,2.0,108
129,1,78,Homogeneous,2,Homogeneous,0,3.0,5.0,2.0,107
130,1,79,Homogeneous,3,Homogeneous,0,3.0,5.0,2.0,98
131,2,1,Homogeneous,1,Homogeneous,1,3.0,5.0,2.0,119
132,2,2,Homogeneous,3,Homogeneous,2,3.0,5.0,2.0,119
133,2,3,Homogeneous,1,Homogeneous,2,3.0,5.0,2.0,118
134,2,4,Homogeneous,3,Homogeneous,0,3.0,5.0,2.0,118
135,2,5,Homogeneous,2,Homogeneous,1,3.0,5.0,2.0,119
136,2,6,Homogeneous,3,Homogeneous,0,3.0,5.0,2.0,117
137,2,9,Homogeneous,0,Homogeneous,0,3.0,5.0,2.0,119
138,2,10,Homogeneous,0,Homogeneous,3,3.0,5.0,2.0,118
139,2,11,Homogeneous,0,Homogeneous,0,3.0,5.0,2.0,117
140,2,12,Homogeneous,2,Homogeneous,1,3.0,5.0,2.0,118
141,2,13,Homogeneous,1,Homogeneous,0,3.0,5.0,2.0,117
142,2,14,Homogeneous,1,Homogeneous,1,3.0,5.0,2.0,116
143,2,15,Homogeneous,3,Homogeneous,1,3.0,5.0,2.0,116
144,2,16,Homogeneous,3,Homogeneous,2,3.0,5.0,2.0,115
145,2,17,Homogeneous,3,Homogeneous,2,3.0,5.0,2.0,114
146,2,18,Homogeneous,1,Homogeneous,2,3.0,5.0,2.0,115
147,2,19,Homogeneous,1,Homogeneous,0,3.0,5.0,2.0,114
148,2,20,Homogeneous,3,Homogeneous,3,3.0,5.0,2.0,113
149,2,23,Homogeneous,0,Homogeneous,1,3.0,5.0,2.0,116
150,2,24,Homogeneous,3,Homogeneous,0,3.0,5.0,2.0,112
151,2,25,Homogeneous,2,Homogeneous,0,3.0,5.0,2.0,117
152,2,26,Homogeneous,2,Homogeneous,1,3.0,5.0,2.0,116
153,2,27,Homogeneous,1,Homogeneous,0,3.0,5.0,2.0,113
154,2,28,Homogeneous,1,Homogeneous,3,3.0,5.0,2.0,112
155,2,29,Homogeneous,0,Homogeneous,0,3.0,5.0,2.0,115
156,2,31,Homogeneous,3,Homogeneous,1,3.0,5.0,2.0,111
157,2,32,Homogeneous,3,Homogeneous,1,3.0,5.0,2.0,110
158,2,33,Homogeneous,2,Homogeneous,3,3.0,5.0,2.0,115
159,2,34,Homogeneous,0,Homogeneous,0,3.0,5.0,2.0,114
160,2,36,Homogeneous,2,Homogeneous,1,3.0,5.0,2.0,114
161,2,37,Homogeneous,1,Homogeneous,1,3.0,5.0,2.0,111
162,2,38,Homogeneous,1,Homogeneous,2,3.0,5.0,2.0,110
163,2,40,Homogeneous,2,Homogeneous,1,3.0,5.0,2.0,113
164,2,41,Homogeneous,2,Homogeneous,0,3.0,5.0,2.0,112
165,2,44,Homogeneous,1,Homogeneous,2,3.0,5.0,2.0,109
166,2,47,Homogeneous,3,Homogeneous,1,3.0,5.0,2.0,109
167,2,48,Homogeneous,0,Homogeneous,1,3.0,5.0,2.0,113
168,2,49,Homogeneous,3,Homogeneous,1,3.0,5.0,2.0,108
169,2,50,Homogeneous,2,Homogeneous,3,3.0,5.0,2.0,111
170,2,51,Homogeneous,3,Homogeneous,2,3.0,5.0,2.0,107
171,2,52,Homogeneous,3,Homogeneous,1,3.0,5.0,2.0,106
172,2,53,Homogeneous,0,Homogeneous,2,3.0,5.0,2.0,112
173,2,54,Homogeneous,3,Homogeneous,0,3.0,5.0,2.0,105
174,2,55,Homogeneous,2,Homogeneous,0,3.0,5.0,2.0,110
175,2,56,Homogeneous,1,Homogeneous,0,3.0,5.0,2.0,108
176,2,57,Homogeneous,0,Homogeneous,2,3.0,5.0,2.0,111
177,2,58,Homogeneous,0,Homogeneous,2,3.0,5.0,2.0,110
178,2,59,Homogeneous,3,Homogeneous,1,3.0,5.0,2.0,104
179,2,60,Homogeneous,1,Homogeneous,0,3.0,5.0,2.0,107
180,2,61,Homogeneous,2,Homogeneous,0,3.0,5.0,2.0,109
181,2,62,Homogeneous,3,Homogeneous,2,3.0,5.0,2.0,103
182,2,63,Homogeneous,1,Homogeneous,3,3.0,5.0,2.0,106
183,2,64,Homogeneous,3,Homogeneous,2,3.0,5.0,2.0,102
184,2,65,Homogeneous,2,Homogeneous,0,3.0,5.0,2.0,108
185,2,66,Homogeneous,2,Homogeneous,2,3.0,5.0,2.0,107
186,2,67,Homogeneous,3,Homogeneous,2,3.0,5.0,2.0,101
187,2,68,Homogeneous,1,Homogeneous,0,3.0,5.0,2.0,105
188,2,71,Homogeneous,3,Homogeneous,1,3.0,5.0,2.0,100
189,2,72,Homogeneous,0,Homogeneous,3,3.0,5.0,2.0,109
190,2,73,Homogeneous,0,Homogeneous,1,3.0,5.0,2.0,108
191,2,74,Homogeneous,2,Homogeneous,0,3.0,5.0,2.0,106
192,2,75,Homogeneous,0,Homogeneous,0,3.0,5.0,2.0,107
193,2,76,Homogeneous,2,Homogeneous,1,3.0,5.0,2.0,105
194,2,77,Homogeneous,0,Homogeneous,3,3.0,5.0,2.0,106
195,2,78,Homogeneous,1,Homogeneous,0,3.0,5.0,2.0,104
196,2,79,Homogeneous,2,Homogeneous,0,3.0,5.0,2.0,104
197,3,0,Homogeneous,1,Homogeneous,2,3.0,5.0,2.0,119
198,3,1,Homogeneous,2,Homogeneous,2,3.0,5.0,2.0,119
199,3,2,Homogeneous,1,Homogeneous,0,3.0,5.0,2.0,118
200,3,3,Homogeneous,2,Homogeneous,1,3.0,5.0,2.0,118
201,3,4,Homogeneous,1,Homogeneous,0,3.0,5.0,2.0,117
202,3,5,Homogeneous,2,Homogeneous,2,3.0,5.0,2.0,117
203,3,6,Homogeneous,2,Homogeneous,2,3.0,5.0,2.0,116
204,3,7,Homogeneous,0,Homogeneous,2,3.0,5.0,2.0,119
205,3,9,Homogeneous,3,Homogeneous,0,3.0,5.0,2.0,119
206,3,10,Homogeneous,2,Homogeneous,0,3.0,5.0,2.0,115
207,3,11,Homogeneous,0,Homogeneous,0,3.0,5.0,2.0,118
208,3,12,Homogeneous,0,Homogeneous,0,3.0,5.0,2.0,117
209,3,13,Homogeneous,1,Homogeneous,0,3.0,5.0,2.0,116
210,3,14,Homogeneous,0,Homogeneous,2,3.0,5.0,2.0,116
211,3,15,Homogeneous,0,Homogeneous,1,3.0,5.0,2.0,115
212,3,16,Homogeneous,0,Homogeneous,2,3.0,5.0,2.0,114
213,3,17,Homogeneous,2,Homogeneous,1,3.0,5.0,2.0,114
214,3,18,Homogeneous,3,Homogeneous,1,3.0,5.0,2.0,118
215,3,19,Homogeneous,2,Homogeneous,1,3.0,5.0,2.0,113
216,3,20,Homogeneous,3,Homogeneous,1,3.0,5.0,2.0,117
217,3,21,Homogeneous,2,Homogeneous,2,3.0,5.0,2.0,112
218,3,23,Homogeneous,3,Homogeneous,0,3.0,5.0,2.0,116
219,3,27,Homogeneous,2,Homogeneous,0,3.0,5.0,2.0,111
220,3,28,Homogeneous,3,Homogeneous,0,3.0,5.0,2.0,115
221,3,30,Homogeneous,1,Homogeneous,2,3.0,5.0,2.0,115
222,3,31,Homogeneous,3,Homogeneous,1,3.0,5.0,2.0,114
223,3,33,Homogeneous,0,Homogeneous,0,3.0,5.0,2.0,113
224,3,34,Homogeneous,1,Homogeneous,1,3.0,5.0,2.0,114
225,3,35,Homogeneous,1,Homogeneous,0,3.0,5.0,2.0,113
226,3,36,Homogeneous,1,Homogeneous,0,3.0,5.0,2.0,112
227,3,38,Homogeneous,3,Homogeneous,0,3.0,5.0,2.0,113
228,3,39,Homogeneous,3,Homogeneous,0,3.0,5.0,2.0,112
229,3,40,Homogeneous,3,Homogeneous,1,3.0,5.0,2.0,111
230,3,41,Homogeneous,0,Homogeneous,0,3.0,5.0,2.0,112
231,3,42,Homogeneous,2,Homogeneous,0,3.0,5.0,2.0,110
232,3,44,Homogeneous,0,Homogeneous,1,3.0,5.0,2.0,111
233,3,45,Homogeneous,3,Homogeneous,1,3.0,5.0,2.0,110
234,3,46,Homogeneous,0,Homogeneous,3,3.0,5.0,2.0,110
235,3,47,Homogeneous,3,Homogeneous,0,3.0,5.0,2.0,109
236,3,48,Homogeneous,3,Homogeneous,2,3.0,5.0,2.0,108
237,3,49,Homogeneous,1,Homogeneous,1,3.0,5.0,2.0,111
238,3,50,Homogeneous,1,Homogeneous,1,3.0,5.0,2.0,110
239,3,51,Homogeneous,0,Homogeneous,0,3.0,5.0,2.0,109
240,3,52,Homogeneous,3,Homogeneous,0,3.0,5.0,2.0,107
241,3,53,Homogeneous,3,Homogeneous,1,3.0,5.0,2.0,106
242,3,55,Homogeneous,1,Homogeneous,2,3.0,5.0,2.0,109
243,3,56,Homogeneous,3,Homogeneous,2,3.0,5.0,2.0,105
244,3,57,Homogeneous,3,Homogeneous,3,3.0,5.0,2.0,104
245,3,58,Homogeneous,3,Homogeneous,0,3.0,5.0,2.0,103
246,3,60,Homogeneous,3,Homogeneous,1,3.0,5.0,2.0,102
247,3,61,Homogeneous,2,Homogeneous,1,3.0,5.0,2.0,109
248,3,64,Homogeneous,1,Homogeneous,1,3.0,5.0,2.0,108
249,3,65,Homogeneous,3,Homogeneous,2,3.0,5.0,2.0,101
250,3,66,Homogeneous,0,Homogeneous,0,3.0,5.0,2.0,108
251,3,67,Homogeneous,1,Homogeneous,0,3.0,5.0,2.0,107
252,3,68,Homogeneous,0,Homogeneous,1,3.0,5.0,2.0,107
253,3,70,Homogeneous,1,Homogeneous,3,3.0,5.0,2.0,106
254,3,71,Homogeneous,2,Homogeneous,0,3.0,5.0,2.0,108
255,3,72,Homogeneous,2,Homogeneous,0,3.0,5.0,2.0,107
256,3,73,Homogeneous,2,Homogeneous,0,3.0,5.0,2.0,106
257,3,74,Homogeneous,0,Homogeneous,1,3.0,5.0,2.0,106
258,3,75,Homogeneous,0,Homogeneous,3,3.0,5.0,2.0,105
259,3,76,Homogeneous,1,Homogeneous,0,3.0,5.0,2.0,105
260,3,77,Homogeneous,3,Homogeneous,3,3.0,5.0,2.0,100
261,3,79,Homogeneous,0,Homogeneous,2,3.0,5.0,2.0,104
262,4,1,Homogeneous,0,Homogeneous,1,3.0,5.0,2.0,119
263,4,2,Homogeneous,3,Homogeneous,2,3.0,5.0,2.0,119
264,4,3,Homogeneous,1,Homogeneous,0,3.0,5.0,2.0,119
265,4,5,Homogeneous,1,Homogeneous,0,3.0,5.0,2.0,118
266,4,7,Homogeneous,2,Homogeneous,3,3.0,5.0,2.0,119
267,4,8,Homogeneous,1,Homogeneous,0,3.0,5.0,2.0,117
268,4,9,Homogeneous,2,Homogeneous,2,3.0,5.0,2.0,118
269,4,10,Homogeneous,3,Homogeneous,0,3.0,5.0,2.0,118
270,4,11,Homogeneous,2,Homogeneous,1,3.0,5.0,2.0,117
271,4,12,Homogeneous,2,Homogeneous,0,3.0,5.0,2.0,116
272,4,13,Homogeneous,0,Homogeneous,1,3.0,5.0,2.0,118
273,4,14,Homogeneous,1,Homogeneous,0,3.0,5.0,2.0,116
274,4,15,Homogeneous,0,Homogeneous,1,3.0,5.0,2.0,117
275,4,16,Homogeneous,3,Homogeneous,1,3.0,5.0,2.0,117
276,4,17,Homogeneous,2,Homogeneous,2,3.0,5.0,2.0,115
277,4,18,Homogeneous,2,Homogeneous,0,3.0,5.0,2.0,114
278,4,19,Homogeneous,1,Homogeneous,0,3.0,5.0,2.0,115
279,4,20,Homogeneous,1,Homogeneous,0,3.0,5.0,2.0,114
280,4,22,Homogeneous,0,Homogeneous,0,3.0,5.0,2.0,116
281,4,23,Homogeneous,2,Homogeneous,0,3.0,5.0,2.0,113
282,4,25,Homogeneous,2,Homogeneous,1,3.0,5.0,2.0,112
283,4,26,Homogeneous,3,Homogeneous,1,3.0,5.0,2.0,116
284,4,28,Homogeneous,1,Homogeneous,0,3.0,5.0,2.0,113
285,4,29,Homogeneous,2,Homogeneous,0,3.0,5.0,2.0,111
286,4,30,Homogeneous,0,Homogeneous,0,3.0,5.0,2.0,115
287,4,31,Homogeneous,1,Homogeneous,1,3.0,5.0,2.0,112
288,4,32,Homogeneous,2,Homogeneous,1,3.0,5.0,2.0,110
289,4,33,Homogeneous,1,Homogeneous,1,3.0,5.0,2.0,111
290,4,34,Homogeneous,3,Homogeneous,1,3.0,5.0,2.0,115
291,4,35,Homogeneous,1,Homogeneous,0,3.0,5.0,2.0,110
292,4,36,Homogeneous,1,Homogeneous,3,3.0,5.0,2.0,109
293,4,37,Homogeneous,2,Homogeneous,0,3.0,5.0,2.0,109
294,4,38,Homogeneous,3,Homogeneous,2,3.0,5.0,2.0,114
295,4,39,Homogeneous,0,Homogeneous,1,3.0,5.0,2.0,114
296,4,40,Homogeneous,1,Homogeneous,2,3.0,5.0,2.0,108
297,4,41,Homogeneous,3,Homogeneous,2,3.0,5.0,2.0,113
298,4,43,Homogeneous,1,Homogeneous,3,3.0,5.0,2.0,107
299,4,44,Homogeneous,3,Homogeneous,1,3.0,5.0,2.0,112
300,4,45,Homogeneous,2,Homogeneous,1,3.0,5.0,2.0,108
301,4,46,Homogeneous,1,Homogeneous,3,3.0,5.0,2.0,106
302,4,47,Homogeneous,1,Homogeneous,0,3.0,5.0,2.0,105
303,4,49,Homogeneous,1,Homogeneous,1,3.0,5.0,2.0,104
304,4,50,Homogeneous,2,Homogeneous,0,3.0,5.0,2.0,107
305,4,51,Homogeneous,2,Homogeneous,2,3.0,5.0,2.0,106
306,4,52,Homogeneous,1,Homogeneous,0,3.0,5.0,2.0,103
307,4,53,Homogeneous,0,Homogeneous,0,3.0,5.0,2.0,113
308,4,54,Homogeneous,1,Homogeneous,1,3.0,5.0,2.0,102
309,4,55,Homogeneous,1,Homogeneous,1,3.0,5.0,2.0,101
310,4,56,Homogeneous,2,Homogeneous,1,3.0,5.0,2.0,105
311,4,57,Homogeneous,2,Homogeneous,1,3.0,5.0,2.0,104
312,4,58,Homogeneous,3,Homogeneous,0,3.0,5.0,2.0,111
313,4,59,Homogeneous,0,Homogeneous,2,3.0,5.0,2.0,112
314,4,60,Homogeneous,3,Homogeneous,3,3.0,5.0,2.0,110
315,4,61,Homogeneous,3,Homogeneous,2,3.0,5.0,2.0,109
316,4,62,Homogeneous,2,Homogeneous,1,3.0,5.0,2.0,103
317,4,63,Homogeneous,3,Homogeneous,1,3.0,5.0,2.0,108
318,4,64,Homogeneous,3,Homogeneous,1,3.0,5.0,2.0,107
319,4,65,Homogeneous,3,Homogeneous,3,3.0,5.0,2.0,106
320,4,66,Homogeneous,1,Homogeneous,2,3.0,5.0,2.0,100
321,4,67,Homogeneous,3,Homogeneous,0,3.0,5.0,2.0,105
322,4,68,Homogeneous,1,Homogeneous,0,3.0,5.0,2.0,99
323,4,69,Homogeneous,1,Homogeneous,0,3.0,5.0,2.0,98
324,4,70,Homogeneous,1,Homogeneous,2,3.0,5.0,2.0,97
325,4,72,Homogeneous,3,Homogeneous,0,3.0,5.0,2.0,104
326,4,73,Homogeneous,0,Homogeneous,0,3.0,5.0,2.0,111
327,4,74,Homogeneous,2,Homogeneous,0,3.0,5.0,2.0,102
328,4,75,Homogeneous,0,Homogeneous,1,3.0,5.0,2.0,110
329,4,76,Homogeneous,0,Homogeneous,1,3.0,5.0,2.0,109
330,4,78,Homogeneous,3,Homogeneous,1,3.0,5.0,2.0,103
331,4,79,Homogeneous,3,Homogeneous,3,3.0,5.0,2.0,102
332,5,0,Homogeneous,0,Homogeneous,1,3.0,5.0,2.0,119
333,5,1,Homogeneous,2,Homogeneous,0,3.0,5.0,2.0,119
334,5,2,Homogeneous,1,Homogeneous,1,3.0,5.0,2.0,119
335,5,3,Homogeneous,2,Homogeneous,0,3.0,5.0,2.0,118
336,5,4,Homogeneous,1,Homogeneous,0,3.0,5.0,2.0,118
337,5,5,Homogeneous,2,Homogeneous,1,3.0,5.0,2.0,117
338,5,6,Homogeneous,1,Homogeneous,1,3.0,5.0,2.0,117
339,5,7,Homogeneous,3,Homogeneous,3,3.0,5.0,2.0,119
340,5,8,Homogeneous,1,Homogeneous,0,3.0,5.0,2.0,116
341,5,9,Homogeneous,0,Homogeneous,2,3.0,5.0,2.0,118
342,5,10,Homogeneous,0,Homogeneous,2,3.0,5.0,2.0,117
343,5,11,Homogeneous,1,Homogeneous,2,3.0,5.0,2.0,115
344,5,12,Homogeneous,3,Homogeneous,2,3.0,5.0,2.0,118
345,5,13,Homogeneous,3,Homogeneous,0,3.0,5.0,2.0,117
346,5,14,Homogeneous,1,Homogeneous,1,3.0,5.0,2.0,114
347,5,16,Homogeneous,2,Homogeneous,1,3.0,5.0,2.0,116
348,5,17,Homogeneous,0,Homogeneous,0,3.0,5.0,2.0,116
349,5,19,Homogeneous,0,Homogeneous,0,3.0,5.0,2.0,115
350,5,20,Homogeneous,0,Homogeneous,0,3.0,5.0,2.0,114
351,5,21,Homogeneous,0,Homogeneous,0,3.0,5.0,2.0,113
352,5,22,Homogeneous,2,Homogeneous,2,3.0,5.0,2.0,115
353,5,23,Homogeneous,0,Homogeneous,3,3.0,5.0,2.0,112
354,5,24,Homogeneous,1,Homogeneous,0,3.0,5.0,2.0,113
355,5,25,Homogeneous,1,Homogeneous,1,3.0,5.0,2.0,112
356,5,26,Homogeneous,2,Homogeneous,0,3.0,5.0,2.0,114
357,5,27,Homogeneous,1,Homogeneous,0,3.0,5.0,2.0,111
358,5,28,Homogeneous,2,Homogeneous,0,3.0,5.0,2.0,113
359,5,29,Homogeneous,2,Homogeneous,1,3.0,5.0,2.0,112
360,5,30,Homogeneous,3,Homogeneous,0,3.0,5.0,2.0,116
361,5,31,Homogeneous,0,Homogeneous,0,3.0,5.0,2.0,111
362,5,32,Homogeneous,0,Homogeneous,1,3.0,5.0,2.0,110
363,5,33,Homogeneous,1,Homogeneous,3,3.0,5.0,2.0,110
364,5,34,Homogeneous,1,Homogeneous,2,3.0,5.0,2.0,109
365,5,36,Homogeneous,1,Homogeneous,2,3.0,5.0,2.0,108
366,5,37,Homogeneous,0,Homogeneous,2,3.0,5.0,2.0,109
367,5,38,Homogeneous,3,Homogeneous,1,3.0,5.0,2.0,115
368,5,39,Homogeneous,1,Homogeneous,1,3.0,5.0,2.0,107
369,5,42,Homogeneous,2,Homogeneous,0,3.0,5.0,2.0,111
370,5,43,Homogeneous,1,Homogeneous,1,3.0,5.0,2.0,106
371,5,44,Homogeneous,2,Homogeneous,3,3.0,5.0,2.0,110
372,5,46,Homogeneous,2,Homogeneous,1,3.0,5.0,2.0,109
373,5,47,Homogeneous,0,Homogeneous,0,3.0,5.0,2.0,108
374,5,48,Homogeneous,2,Homogeneous,0,3.0,5.0,2.0,108
375,5,50,Homogeneous,1,Homogeneous,2,3.0,5.0,2.0,105
376,5,51,Homogeneous,2,Homogeneous,0,3.0,5.0,2.0,107
377,5,52,Homogeneous,1,Homogeneous,0,3.0,5.0,2.0,104
378,5,53,Homogeneous,3,Homogeneous,3,3.0,5.0,2.0,114
379,5,55,Homogeneous,2,Homogeneous,1,3.0,5.0,2.0,106
380,5,56,Homogeneous,3,Homogeneous,0,3.0,5.0,2.0,113
381,5,60,Homogeneous,1,Homogeneous,1,3.0,5.0,2.0,103
382,5,61,Homogeneous,3,Homogeneous,1,3.0,5.0,2.0,112
383,5,62,Homogeneous,2,Homogeneous,0,3.0,5.0,2.0,105
384,5,63,Homogeneous,3,Homogeneous,2,3.0,5.0,2.0,111
385,5,64,Homogeneous,1,Homogeneous,0,3.0,5.0,2.0,102
386,5,65,Homogeneous,2,Homogeneous,0,3.0,5.0,2.0,104
387,5,67,Homogeneous,2,Homogeneous,0,3.0,5.0,2.0,103
388,5,68,Homogeneous,0,Homogeneous,2,3.0,5.0,2.0,107
389,5,70,Homogeneous,2,Homogeneous,1,3.0,5.0,2.0,102
390,5,71,Homogeneous,2,Homogeneous,0,3.0,5.0,2.0,101
391,5,73,Homogeneous,1,Homogeneous,2,3.0,5.0,2.0,101
392,5,74,Homogeneous,0,Homogeneous,0,3.0,5.0,2.0,106
393,5,76,Homogeneous,3,Homogeneous,3,3.0,5.0,2.0,110
394,5,77,Homogeneous,3,Homogeneous,2,3.0,5.0,2.0,109
395,5,78,Homogeneous,2,Homogeneous,2,3.0,5.0,2.0,100
396,5,79,Homogeneous,0,Homogeneous,0,3.0,5.0,2.0,105
397,6,1,Homogeneous,0,Homogeneous,3,3.0,5.0,2.0,119
398,6,3,Homogeneous,1,Homogeneous,1,3.0,5.0,2.0,119
399,6,4,Homogeneous,1,Homogeneous,1,3.0,5.0,2.0,118
400,6,6,Homogeneous,1,Homogeneous,0,3.0,5.0,2.0,117
401,6,8,Homogeneous,1,Homogeneous,2,3.0,5.0,2.0,116
402,6,9,Homogeneous,1,Homogeneous,1,3.0,5.0,2.0,115
403,6,10,Homogeneous,1,Homogeneous,0,3.0,5.0,2.0,114
404,6,11,Homogeneous,3,Homogeneous,1,3.0,5.0,2.0,119
405,6,13,Homogeneous,0,Homogeneous,2,3.0,5.0,2.0,118
406,6,15,Homogeneous,0,Homogeneous,1,3.0,5.0,2.0,117
407,6,16,Homogeneous,1,Homogeneous,1,3.0,5.0,2.0,113
408,6,17,Homogeneous,0,Homogeneous,1,3.0,5.0,2.0,116
409,6,18,Homogeneous,1,Homogeneous,0,3.0,5.0,2.0,112
410,6,20,Homogeneous,3,Homogeneous,0,3.0,5.0,2.0,118
411,6,21,Homogeneous,2,Homogeneous,1,3.0,5.0,2.0,119
412,6,22,Homogeneous,3,Homogeneous,3,3.0,5.0,2.0,117
413,6,23,Homogeneous,2,Homogeneous,0,3.0,5.0,2.0,118
414,6,25,Homogeneous,1,Homogeneous,0,3.0,5.0,2.0,111
415,6,26,Homogeneous,1,Homogeneous,1,3.0,5.0,2.0,110
416,6,27,Homogeneous,3,Homogeneous,2,3.0,5.0,2.0,116
417,6,28,Homogeneous,2,Homogeneous,1,3.0,5.0,2.0,117
418,6,29,Homogeneous,2,Homogeneous,0,3.0,5.0,2.0,116
419,6,30,Homogeneous,1,Homogeneous,0,3.0,5.0,2.0,109
420,6,31,Homogeneous,1,Homogeneous,1,3.0,5.0,2.0,108
421,6,33,Homogeneous,3,Homogeneous,2,3.0,5.0,2.0,115
422,6,34,Homogeneous,2,Homogeneous,0,3.0,5.0,2.0,115
423,6,35,Homogeneous,2,Homogeneous,0,3.0,5.0,2.0,114
424,6,36,Homogeneous,1,Homogeneous,1,3.0,5.0,2.0,107
425,6,37,Homogeneous,3,Homogeneous,0,3.0,5.0,2.0,114
426,6,38,Homogeneous,3,Homogeneous,2,3.0,5.0,2.0,113
427,6,39,Homogeneous,1,Homogeneous,0,3.0,5.0,2.0,106
428,6,40,Homogeneous,2,Homogeneous,0,3.0,5.0,2.0,113
429,6,41,Homogeneous,2,Homogeneous,0,3.0,5.0,2.0,112
430,6,43,Homogeneous,0,Homogeneous,3,3.0,5.0,2.0,115
431,6,44,Homogeneous,1,Homogeneous,2,3.0,5.0,2.0,105
432,6,46,Homogeneous,0,Homogeneous,0,3.0,5.0,2.0,114
433,6,48,Homogeneous,0,Homogeneous,1,3.0,5.0,2.0,113
434,6,49,Homogeneous,2,Homogeneous,1,3.0,5.0,2.0,111
435,6,50,Homogeneous,1,Homogeneous,2,3.0,5.0,2.0,104
436,6,51,Homogeneous,1,Homogeneous,0,3.0,5.0,2.0,103
437,6,52,Homogeneous,1,Homogeneous,2,3.0,5.0,2.0,102
438,6,53,Homogeneous,2,Homogeneous,2,3.0,5.0,2.0,110
439,6,54,Homogeneous,1,Homogeneous,1,3.0,5.0,2.0,101
440,6,55,Homogeneous,0,Homogeneous,0,3.0,5.0,2.0,112
441,6,57,Homogeneous,0,Homogeneous,1,3.0,5.0,2.0,111
442,6,58,Homogeneous,2,Homogeneous,0,3.0,5.0,2.0,109
443,6,59,Homogeneous,3,Homogeneous,0,3.0,5.0,2.0,112
444,6,61,Homogeneous,2,Homogeneous,1,3.0,5.0,2.0,108
445,6,62,Homogeneous,1,Homogeneous,1,3.0,5.0,2.0,100
446,6,63,Homogeneous,0,Homogeneous,0,3.0,5.0,2.0,110
447,6,64,Homogeneous,0,Homogeneous,2,3.0,5.0,2.0,109
448,6,66,Homogeneous,2,Homogeneous,0,3.0,5.0,2.0,107
449,6,67,Homogeneous,1,Homogeneous,0,3.0,5.0,2.0,99
450,6,68,Homogeneous,3,Homogeneous,0,3.0,5.0,2.0,111
451,6,71,Homogeneous,2,Homogeneous,1,3.0,5.0,2.0,106
452,6,72,Homogeneous,1,Homogeneous,2,3.0,5.0,2.0,98
453,6,74,Homogeneous,1,Homogeneous,0,3.0,5.0,2.0,97
454,6,75,Homogeneous,1,Homogeneous,3,3.0,5.0,2.0,96
455,6,76,Homogeneous,0,Homogeneous,0,3.0,5.0,2.0,108
456,6,77,Homogeneous,2,Homogeneous,0,3.0,5.0,2.0,105
457,6,78,Homogeneous,2,Homogeneous,1,3.0,5.0,2.0,104
458,6,79,Homogeneous,3,Homogeneous,0,3.0,5.0,2.0,110
459,7,2,Homogeneous,0,Homogeneous,2,3.0,5.0,2.0,119
460,7,4,Homogeneous,1,Homogeneous,0,3.0,5.0,2.0,119
461,7,6,Homogeneous,3,Homogeneous,2,3.0,5.0,2.0,119
462,7,7,Homogeneous,2,Homogeneous,0,3.0,5.0,2.0,119
463,7,10,Homogeneous,0,Homogeneous,1,3.0,5.0,2.0,118
464,7,11,Homogeneous,0,Homogeneous,1,3.0,5.0,2.0,117
465,7,12,Homogeneous,1,Homogeneous,1,3.0,5.0,2.0,118
466,7,14,Homogeneous,1,Homogeneous,1,3.0,5.0,2.0,117
467,7,15,Homogeneous,1,Homogeneous,2,3.0,5.0,2.0,116
468,7,16,Homogeneous,1,Homogeneous,0,3.0,5.0,2.0,115
469,7,17,Homogeneous,3,Homogeneous,1,3.0,5.0,2.0,118
470,7,18,Homogeneous,0,Homogeneous,0,3.0,5.0,2.0,116
471,7,19,Homogeneous,1,Homogeneous,2,3.0,5.0,2.0,114
472,7,20,Homogeneous,1,Homogeneous,1,3.0,5.0,2.0,113
473,7,21,Homogeneous,2,Homogeneous,0,3.0,5.0,2.0,118
474,7,23,Homogeneous,3,Homogeneous,0,3.0,5.0,2.0,117
475,7,24,Homogeneous,2,Homogeneous,0,3.0,5.0,2.0,117
476,7,25,Homogeneous,3,Homogeneous,0,3.0,5.0,2.0,116
477,7,26,Homogeneous,0,Homogeneous,0,3.0,5.0,2.0,115
478,7,27,Homogeneous,2,Homogeneous,1,3.0,5.0,2.0,116
479,7,28,Homogeneous,0,Homogeneous,1,3.0,5.0,2.0,114
480,7,30,Homogeneous,0,Homogeneous,0,3.0,5.0,2.0,113
481,7,31,Homogeneous,0,Homogeneous,0,3.0,5.0,2.0,112
482,7,32,Homogeneous,0,Homogeneous,2,3.0,5.0,2.0,111
483,7,33,Homogeneous,1,Homogeneous,0,3.0,5.0,2.0,112
484,7,35,Homogeneous,3,Homogeneous,0,3.0,5.0,2.0,115
485,7,36,Homogeneous,1,Homogeneous,2,3.0,5.0,2.0,111
486,7,37,Homogeneous,3,Homogeneous,3,3.0,5.0,2.0,114
487,7,38,Homogeneous,2,Homogeneous,0,3.0,5.0,2.0,115
488,7,40,Homogeneous,2,Homogeneous,0,3.0,5.0,2.0,114
489,7,41,Homogeneous,1,Homogeneous,1,3.0,5.0,2.0,110
490,7,42,Homogeneous,1,Homogeneous,1,3.0,5.0,2.0,109
491,7,43,Homogeneous,0,Homogeneous,0,3.0,5.0,2.0,110
492,7,44,Homogeneous,0,Homogeneous,0,3.0,5.0,2.0,109
493,7,45,Homogeneous,1,Homogeneous,0,3.0,5.0,2.0,108
494,7,49,Homogeneous,1,Homogeneous,1,3.0,5.0,2.0,107
495,7,50,Homogeneous,2,Homogeneous,0,3.0,5.0,2.0,113
496,7,51,Homogeneous,3,Homogeneous,2,3.0,5.0,2.0,113
497,7,52,Homogeneous,2,Homogeneous,0,3.0,5.0,2.0,112
498,7,53,Homogeneous,0,Homogeneous,1,3.0,5.0,2.0,108
499,7,54,Homogeneous,1,Homogeneous,2,3.0,5.0,2.0,106
500,7,55,Homogeneous,0,Homogeneous,2,3.0,5.0,2.0,107
501,7,56,Homogeneous,1,Homogeneous,3,3.0,5.0,2.0,105
502,7,57,Homogeneous,1,Homogeneous,1,3.0,5.0,2.0,104
503,7,58,Homogeneous,1,Homogeneous,1,3.0,5.0,2.0,103
504,7,59,Homogeneous,3,Homogeneous,3,3.0,5.0,2.0,112
505,7,60,Homogeneous,2,Homogeneous,0,3.0,5.0,2.0,111
506,7,62,Homogeneous,0,Homogeneous,3,3.0,5.0,2.0,106
507,7,63,Homogeneous,2,Homogeneous,2,3.0,5.0,2.0,110
508,7,64,Homogeneous,1,Homogeneous,0,3.0,5.0,2.0,102
509,7,65,Homogeneous,0,Homogeneous,0,3.0,5.0,2.0,105
510,7,67,Homogeneous,1,Homogeneous,2,3.0,5.0,2.0,101
511,7,68,Homogeneous,0,Homogeneous,0,3.0,5.0,2.0,104
512,7,69,Homogeneous,3,Homogeneous,0,3.0,5.0,2.0,111
513,7,70,Homogeneous,2,Homogeneous,2,3.0,5.0,2.0,109
514,7,72,Homogeneous,1,Homogeneous,1,3.0,5.0,2.0,100
515,7,73,Homogeneous,0,Homogeneous,0,3.0,5.0,2.0,103
516,7,74,Homogeneous,2,Homogeneous,1,3.0,5.0,2.0,108
517,7,75,Homogeneous,3,Homogeneous,1,3.0,5.0,2.0,110
518,7,76,Homogeneous,3,Homogeneous,0,3.0,5.0,2.0,109
519,7,77,Homogeneous,1,Homogeneous,2,3.0,5.0,2.0,99
520,7,78,Homogeneous,1,Homogeneous,0,3.0,5.0,2.0,98
521,7,79,Homogeneous,0,Homogeneous,1,3.0,5.0,2.0,102
522,8,1,Homogeneous,0,Homogeneous,1,3.0,5.0,2.0,119
523,8,4,Homogeneous,3,Homogeneous,0,3.0,5.0,2.0,119
524,8,5,Homogeneous,0,Homogeneous,0,3.0,5.0,2.0,118
525,8,6,Homogeneous,1,Homogeneous,2,3.0,5.0,2.0,119
526,8,7,Homogeneous,3,Homogeneous,3,3.0,5.0,2.0,118
527,8,9,Homogeneous,1,Homogeneous,0,3.0,5.0,2.0,118
528,8,11,Homogeneous,3,Homogeneous,2,3.0,5.0,2.0,117
529,8,12,Homogeneous,0,Homogeneous,2,3.0,5.0,2.0,117
530,8,13,Homogeneous,1,Homogeneous,2,3.0,5.0,2.0,117
531,8,15,Homogeneous,2,Homogeneous,0,3.0,5.0,2.0,119
532,8,17,Homogeneous,2,Homogeneous,0,3.0,5.0,2.0,118
533,8,18,Homogeneous,0,Homogeneous,0,3.0,5.0,2.0,116
534,8,19,Homogeneous,3,Homogeneous,0,3.0,5.0,2.0,116
535,8,20,Homogeneous,0,Homogeneous,2,3.0,5.0,2.0,115
536,8,21,Homogeneous,1,Homogeneous,0,3.0,5.0,2.0,116
537,8,22,Homogeneous,0,Homogeneous,3,3.0,5.0,2.0,114
538,8,23,Homogeneous,2,Homogeneous,0,3.0,5.0,2.0,117
539,8,24,Homogeneous,2,Homogeneous,1,3.0,5.0,2.0,116
540,8,25,Homogeneous,3,Homogeneous,2,3.0,5.0,2.0,115
541,8,26,Homogeneous,2,Homogeneous,1,3.0,5.0,2.0,115
542,8,28,Homogeneous,2,Homogeneous,1,3.0,5.0,2.0,114
543,8,29,Homogeneous,2,Homogeneous,2,3.0,5.0,2.0,113
544,8,30,Homogeneous,3,Homogeneous,1,3.0,5.0,2.0,114
545,8,31,Homogeneous,0,Homogeneous,3,3.0,5.0,2.0,113
546,8,32,Homogeneous,0,Homogeneous,1,3.0,5.0,2.0,112
547,8,33,Homogeneous,2,Homogeneous,2,3.0,5.0,2.0,112
548,8,34,Homogeneous,3,Homogeneous,3,3.0,5.0,2.0,113
549,8,36,Homogeneous,3,Homogeneous,2,3.0,5.0,2.0,112
550,8,37,Homogeneous,3,Homogeneous,2,3.0,5.0,2.0,111
551,8,38,Homogeneous,1,Homogeneous,2,3.0,5.0,2.0,115
552,8,39,Homogeneous,1,Homogeneous,3,3.0,5.0,2.0,114
553,8,40,Homogeneous,0,Homogeneous,0,3.0,5.0,2.0,111
554,8,41,Homogeneous,1,Homogeneous,1,3.0,5.0,2.0,113
555,8,42,Homogeneous,3,Homogeneous,0,3.0,5.0,2.0,110
556,8,43,Homogeneous,1,Homogeneous,0,3.0,5.0,2.0,112
557,8,44,Homogeneous,2,Homogeneous,0,3.0,5.0,2.0,111
558,8,45,Homogeneous,0,Homogeneous,3,3.0,5.0,2.0,110
559,8,46,Homogeneous,1,Homogeneous,1,3.0,5.0,2.0,111
560,8,48,Homogeneous,0,Homogeneous,0,3.0,5.0,2.0,109
561,8,50,Homogeneous,3,Homogeneous,0,3.0,5.0,2.0,109
562,8,51,Homogeneous,3,Homogeneous,3,3.0,5.0,2.0,108
563,8,52,Homogeneous,2,Homogeneous,0,3.0,5.0,2.0,110
564,8,53,Homogeneous,2,Homogeneous,2,3.0,5.0,2.0,109
565,8,54,Homogeneous,1,Homogeneous,2,3.0,5.0,2.0,110
566,8,55,Homogeneous,0,Homogeneous,1,3.0,5.0,2.0,108
567,8,56,Homogeneous,2,Homogeneous,0,3.0,5.0,2.0,108
568,8,57,Homogeneous,0,Homogeneous,0,3.0,5.0,2.0,107
569,8,58,Homogeneous,1,Homogeneous,2,3.0,5.0,2.0,109
570,8,59,Homogeneous,3,Homogeneous,1,3.0,5.0,2.0,107
571,8,60,Homogeneous,2,Homogeneous,0,3.0,5.0,2.0,107
572,8,62,Homogeneous,2,Homogeneous,1,3.0,5.0,2.0,106
573,8,63,Homogeneous,2,Homogeneous,0,3.0,5.0,2.0,105
574,8,65,Homogeneous,2,Homogeneous,3,3.0,5.0,2.0,104
575,8,67,Homogeneous,0,Homogeneous,0,3.0,5.0,2.0,106
576,8,68,Homogeneous,2,Homogeneous,0,3.0,5.0,2.0,103
577,8,70,Homogeneous,2,Homogeneous,1,3.0,5.0,2.0,102
578,8,71,Homogeneous,1,Homogeneous,2,3.0,5.0,2.0,108
579,8,73,Homogeneous,2,Homogeneous,0,3.0,5.0,2.0,101
580,8,75,Homogeneous,3,Homogeneous,0,3.0,5.0,2.0,106
581,8,76,Homogeneous,2,Homogeneous,3,3.0,5.0,2.0,100
582,8,77,Homogeneous,0,Homogeneous,0,3.0,5.0,2.0,105
583,8,78,Homogeneous,1,Homogeneous,0,3.0,5.0,2.0,107
584,8,79,Homogeneous,2,Homogeneous,3,3.0,5.0,2.0,99
585,9,1,Homogeneous,0,Homogeneous,0,3.0,5.0,2.0,119
586,9,3,Homogeneous,3,Homogeneous,1,3.0,5.0,2.0,119
587,9,4,Homogeneous,3,Homogeneous,1,3.0,5.0,2.0,118
588,9,5,Homogeneous,2,Homogeneous,1,3.0,5.0,2.0,119
589,9,6,Homogeneous,1,Homogeneous,3,3.0,5.0,2.0,119
590,9,7,Homogeneous,2,Homogeneous,1,3.0,5.0,2.0,118
591,9,9,Homogeneous,1,Homogeneous,0,3.0,5.0,2.0,118
592,9,10,Homogeneous,0,Homogeneous,1,3.0,5.0,2.0,118
593,9,11,Homogeneous,1,Homogeneous,2,3.0,5.0,2.0,117
594,9,12,Homogeneous,1,Homogeneous,3,3.0,5.0,2.0,116
595,9,13,Homogeneous,2,Homogeneous,1,3.0,5.0,2.0,117
596,9,14,Homogeneous,0,Homogeneous,2,3.0,5.0,2.0,117
597,9,15,Homogeneous,0,Homogeneous,0,3.0,5.0,2.0,116
598,9,17,Homogeneous,3,Homogeneous,0,3.0,5.0,2.0,117
599,9,18,Homogeneous,1,Homogeneous,0,3.0,5.0,2.0,115
600,9,19,Homogeneous,3,Homogeneous,0,3.0,5.0,2.0,116
601,9,21,Homogeneous,2,Homogeneous,2,3.0,5.0,2.0,116
602,9,22,Homogeneous,3,Homogeneous,2,3.0,5.0,2.0,115
603,9,23,Homogeneous,3,Homogeneous,2,3.0,5.0,2.0,114
604,9,25,Homogeneous,0,Homogeneous,1,3.0,5.0,2.0,115
605,9,26,Homogeneous,2,Homogeneous,3,3.0,5.0,2.0,115
606,9,27,Homogeneous,3,Homogeneous,0,3.0,5.0,2.0,113
607,9,30,Homogeneous,2,Homogeneous,0,3.0,5.0,2.0,114
608,9,31,Homogeneous,0,Homogeneous,1,3.0,5.0,2.0,114
609,9,32,Homogeneous,2,Homogeneous,0,3.0,5.0,2.0,113
610,9,34,Homogeneous,0,Homogeneous,0,3.0,5.0,2.0,113
611,9,35,Homogeneous,1,Homogeneous,0,3.0,5.0,2.0,114
612,9,36,Homogeneous,1,Homogeneous,1,3.0,5.0,2.0,113
613,9,37,Homogeneous,0,Homogeneous,2,3.0,5.0,2.0,112
614,9,38,Homogeneous,2,Homogeneous,0,3.0,5.0,2.0,112
615,9,39,Homogeneous,0,Homogeneous,3,3.0,5.0,2.0,111
616,9,40,Homogeneous,2,Homogeneous,0,3.0,5.0,2.0,111
617,9,41,Homogeneous,1,Homogeneous,0,3.0,5.0,2.0,112
618,9,42,Homogeneous,1,Homogeneous,1,3.0,5.0,2.0,111
619,9,43,Homogeneous,1,Homogeneous,1,3.0,5.0,2.0,110
620,9,44,Homogeneous,1,Homogeneous,0,3.0,5.0,2.0,109
621,9,45,Homogeneous,1,Homogeneous,0,3.0,5.0,2.0,108
622,9,46,Homogeneous,2,Homogeneous,1,3.0,5.0,2.0,110
623,9,47,Homogeneous,2,Homogeneous,0,3.0,5.0,2.0,109
624,9,48,Homogeneous,3,Homogeneous,0,3.0,5.0,2.0,112
625,9,49,Homogeneous,1,Homogeneous,1,3.0,5.0,2.0,107
626,9,50,Homogeneous,0,Homogeneous,2,3.0,5.0,2.0,110
627,9,51,Homogeneous,0,Homogeneous,0,3.0,5.0,2.0,109
628,9,52,Homogeneous,2,Homogeneous,1,3.0,5.0,2.0,108
629,9,53,Homogeneous,3,Homogeneous,2,3.0,5.0,2.0,111
630,9,54,Homogeneous,3,Homogeneous,0,3.0,5.0,2.0,110
631,9,55,Homogeneous,0,Homogeneous,0,3.0,5.0,2.0,108
632,9,56,Homogeneous,1,Homogeneous,1,3.0,5.0,2.0,106
633,9,57,Homogeneous,3,Homogeneous,3,3.0,5.0,2.0,109
634,9,58,Homogeneous,0,Homogeneous,0,3.0,5.0,2.0,107
635,9,59,Homogeneous,3,Homogeneous,0,3.0,5.0,2.0,108
636,9,60,Homogeneous,0,Homogeneous,1,3.0,5.0,2.0,106
637,9,61,Homogeneous,2,Homogeneous,1,3.0,5.0,2.0,107
638,9,62,Homogeneous,1,Homogeneous,2,3.0,5.0,2.0,105
639,9,67,Homogeneous,2,Homogeneous,0,3.0,5.0,2.0,106
640,9,68,Homogeneous,3,Homogeneous,0,3.0,5.0,2.0,107
641,9,69,Homogeneous,1,Homogeneous,3,3.0,5.0,2.0,104
642,9,71,Homogeneous,2,Homogeneous,1,3.0,5.0,2.0,105
643,9,72,Homogeneous,3,Homogeneous,0,3.0,5.0,2.0,106
644,9,73,Homogeneous,2,Homogeneous,0,3.0,5.0,2.0,104
645,9,74,Homogeneous,2,Homogeneous,1,3.0,5.0,2.0,103
646,9,75,Homogeneous,1,Homogeneous,1,3.0,5.0,2.0,103
647,9,76,Homogeneous,2,Homogeneous,0,3.0,5.0,2.0,102
648,9,77,Homogeneous,1,Homogeneous,1,3.0,5.0,2.0,102
649,9,78,Homogeneous,2,Homogeneous,1,3.0,5.0,2.0,101
650,9,79,Homogeneous,1,Homogeneous,1,3.0,5.0,2.0,101
651,10,0,Homogeneous,1,Homogeneous,0,3.0,5.0,2.0,119
652,10,1,Homogeneous,3,Homogeneous,1,3.0,5.0,2.0,119
653,10,2,Homogeneous,1,Homogeneous,3,3.0,5.0,2.0,118
654,10,3,Homogeneous,3,Homogeneous,2,3.0,5.0,2.0,118
655,10,4,Homogeneous,1,Homogeneous,1,3.0,5.0,2.0,117
656,10,5,Homogeneous,3,Homogeneous,2,3.0,5.0,2.0,117
657,10,6,Homogeneous,0,Homogeneous,2,3.0,5.0,2.0,119
658,10,8,Homogeneous,0,Homogeneous,1,3.0,5.0,2.0,118
659,10,9,Homogeneous,3,Homogeneous,2,3.0,5.0,2.0,116
660,10,10,Homogeneous,0,Homogeneous,1,3.0,5.0,2.0,117
661,10,11,Homogeneous,2,Homogeneous,0,3.0,5.0,2.0,119
662,10,12,Homogeneous,3,Homogeneous,2,3.0,5.0,2.0,115
663,10,13,Homogeneous,0,Homogeneous,1,3.0,5.0,2.0,116
664,10,14,Homogeneous,1,Homogeneous,0,3.0,5.0,2.0,116
665,10,15,Homogeneous,1,Homogeneous,0,3.0,5.0,2.0,115
666,10,16,Homogeneous,2,Homogeneous,2,3.0,5.0,2.0,118
667,10,17,Homogeneous,0,Homogeneous,2,3.0,5.0,2.0,115
668,10,18,Homogeneous,0,Homogeneous,1,3.0,5.0,2.0,114
669,10,19,Homogeneous,0,Homogeneous,0,3.0,5.0,2.0,113
670,10,20,Homogeneous,1,Homogeneous,1,3.0,5.0,2.0,114
671,10,21,Homogeneous,3,Homogeneous,2,3.0,5.0,2.0,114
672,10,22,Homogeneous,0,Homogeneous,1,3.0,5.0,2.0,112
673,10,23,Homogeneous,1,Homogeneous,2,3.0,5.0,2.0,113
674,10,25,Homogeneous,2,Homogeneous,3,3.0,5.0,2.0,117
675,10,26,Homogeneous,2,Homogeneous,0,3.0,5.0,2.0,116
676,10,27,Homogeneous,1,Homogeneous,1,3.0,5.0,2.0,112
677,10,28,Homogeneous,3,Homogeneous,0,3.0,5.0,2.0,113
678,10,29,Homogeneous,1,Homogeneous,1,3.0,5.0,2.0,111
679,10,30,Homogeneous,1,Homogeneous,0,3.0,5.0,2.0,110
680,10,31,Homogeneous,3,Homogeneous,2,3.0,5.0,2.0,112
681,10,32,Homogeneous,1,Homogeneous,0,3.0,5.0,2.0,109
682,10,33,Homogeneous,1,Homogeneous,0,3.0,5.0,2.0,108
683,10,34,Homogeneous,3,Homogeneous,0,3.0,5.0,2.0,111
684,10,35,Homogeneous,2,Homogeneous,0,3.0,5.0,2.0,115
685,10,36,Homogeneous,1,Homogeneous,2,3.0,5.0,2.0,107
686,10,37,Homogeneous,2,Homogeneous,2,3.0,5.0,2.0,114
687,10,38,Homogeneous,1,Homogeneous,2,3.0,5.0,2.0,106
688,10,39,Homogeneous,0,Homogeneous,2,3.0,5.0,2.0,111
689,10,42,Homogeneous,2,Homogeneous,2,3.0,5.0,2.0,113
690,10,43,Homogeneous,2,Homogeneous,3,3.0,5.0,2.0,112
691,10,44,Homogeneous,1,Homogeneous,1,3.0,5.0,2.0,105
692,10,45,Homogeneous,2,Homogeneous,0,3.0,5.0,2.0,111
693,10,46,Homogeneous,2,Homogeneous,3,3.0,5.0,2.0,110
694,10,47,Homogeneous,3,Homogeneous,0,3.0,5.0,2.0,110
695,10,48,Homogeneous,1,Homogeneous,3,3.0,5.0,2.0,104
696,10,49,Homogeneous,2,Homogeneous,3,3.0,5.0,2.0,109
697,10,51,Homogeneous,2,Homogeneous,0,3.0,5.0,2.0,108
698,10,52,Homogeneous,3,Homogeneous,0,3.0,5.0,2.0,109
699,10,53,Homogeneous,1,Homogeneous,1,3.0,5.0,2.0,103
700,10,54,Homogeneous,1,Homogeneous,1,3.0,5.0,2.0,102
701,10,57,Homogeneous,2,Homogeneous,1,3.0,5.0,2.0,107
702,10,58,Homogeneous,0,Homogeneous,2,3.0,5.0,2.0,110
703,10,59,Homogeneous,2,Homogeneous,0,3.0,5.0,2.0,106
704,10,60,Homogeneous,2,Homogeneous,0,3.0,5.0,2.0,105
705,10,61,Homogeneous,0,Homogeneous,1,3.0,5.0,2.0,109
706,10,62,Homogeneous,0,Homogeneous,2,3.0,5.0,2.0,108
707,10,63,Homogeneous,2,Homogeneous,0,3.0,5.0,2.0,104
708,10,64,Homogeneous,0,Homogeneous,3,3.0,5.0,2.0,107
709,10,65,Homogeneous,1,Homogeneous,2,3.0,5.0,2.0,101
710,10,68,Homogeneous,0,Homogeneous,2,3.0,5.0,2.0,106
711,10,69,Homogeneous,1,Homogeneous,1,3.0,5.0,2.0,100
712,10,70,Homogeneous,0,Homogeneous,0,3.0,5.0,2.0,105
713,10,72,Homogeneous,1,Homogeneous,1,3.0,5.0,2.0,99
714,10,73,Homogeneous,3,Homogeneous,2,3.0,5.0,2.0,108
715,10,74,Homogeneous,3,Homogeneous,2,3.0,5.0,2.0,107
716,10,75,Homogeneous,2,Homogeneous,3,3.0,5.0,2.0,103
717,10,77,Homogeneous,3,Homogeneous,0,3.0,5.0,2.0,106
718,10,78,Homogeneous,2,Homogeneous,2,3.0,5.0,2.0,102
719,10,79,Homogeneous,1,Homogeneous,1,3.0,5.0,2.0,98
720,11,1,Homogeneous,0,Homogeneous,0,3.0,5.0,2.0,119
721,11,2,Homogeneous,2,Homogeneous,1,3.0,5.0,2.0,119
722,11,3,Homogeneous,0,Homogeneous,1,3.0,5.0,2.0,118
723,11,4,Homogeneous,3,Homogeneous,1,3.0,5.0,2.0,119
724,11,5,Homogeneous,1,Homogeneous,0,3.0,5.0,2.0,119
725,11,6,Homogeneous,1,Homogeneous,3,3.0,5.0,2.0,118
726,11,7,Homogeneous,2,Homogeneous,0,3.0,5.0,2.0,118
727,11,8,Homogeneous,3,Homogeneous,2,3.0,5.0,2.0,118
728,11,9,Homogeneous,1,Homogeneous,3,3.0,5.0,2.0,117
729,11,10,Homogeneous,3,Homogeneous,1,3.0,5.0,2.0,117
730,11,11,Homogeneous,0,Homogeneous,3,3.0,5.0,2.0,117
731,11,13,Homogeneous,1,Homogeneous,3,3.0,5.0,2.0,116
732,11,14,Homogeneous,2,Homogeneous,2,3.0,5.0,2.0,117
733,11,16,Homogeneous,1,Homogeneous,3,3.0,5.0,2.0,115
734,11,18,Homogeneous,3,Homogeneous,2,3.0,5.0,2.0,116
735,11,19,Homogeneous,0,Homogeneous,2,3.0,5.0,2.0,116
736,11,20,Homogeneous,2,Homogeneous,1,3.0,5.0,2.0,116
737,11,21,Homogeneous,2,Homogeneous,3,3.0,5.0,2.0,115
738,11,22,Homogeneous,1,Homogeneous,2,3.0,5.0,2.0,114
739,11,23,Homogeneous,3,Homogeneous,1,3.0,5.0,2.0,115
740,11,24,Homogeneous,1,Homogeneous,1,3.0,5.0,2.0,113
741,11,25,Homogeneous,0,Homogeneous,3,3.0,5.0,2.0,115
742,11,27,Homogeneous,0,Homogeneous,3,3.0,5.0,2.0,114
743,11,28,Homogeneous,2,Homogeneous,0,3.0,5.0,2.0,114
744,11,31,Homogeneous,1,Homogeneous,0,3.0,5.0,2.0,112
745,11,32,Homogeneous,2,Homogeneous,3,3.0,5.0,2.0,113
746,11,33,Homogeneous,1,Homogeneous,1,3.0,5.0,2.0,111
747,11,34,Homogeneous,0,Homogeneous,0,3.0,5.0,2.0,113
748,11,35,Homogeneous,3,Homogeneous,0,3.0,5.0,2.0,114
749,11,36,Homogeneous,2,Homogeneous,0,3.0,5.0,2.0,112
750,11,37,Homogeneous,1,Homogeneous,1,3.0,5.0,2.0,110
751,11,38,Homogeneous,1,Homogeneous,0,3.0,5.0,2.0,109
752,11,39,Homogeneous,0,Homogeneous,0,3.0,5.0,2.0,112
753,11,40,Homogeneous,0,Homogeneous,0,3.0,5.0,2.0,111
754,11,41,Homogeneous,3,Homogeneous,0,3.0,5.0,2.0,113
755,11,43,Homogeneous,1,Homogeneous,0,3.0,5.0,2.0,108
756,11,45,Homogeneous,1,Homogeneous,2,3.0,5.0,2.0,107
757,11,46,Homogeneous,0,Homogeneous,0,3.0,5.0,2.0,110
758,11,47,Homogeneous,2,Homogeneous,2,3.0,5.0,2.0,111
759,11,48,Homogeneous,0,Homogeneous,2,3.0,5.0,2.0,109
760,11,49,Homogeneous,1,Homogeneous,1,3.0,5.0,2.0,106
761,11,50,Homogeneous,1,Homogeneous,3,3.0,5.0,2.0,105
762,11,51,Homogeneous,1,Homogeneous,1,3.0,5.0,2.0,104
763,11,52,Homogeneous,1,Homogeneous,1,3.0,5.0,2.0,103
764,11,53,Homogeneous,1,Homogeneous,0,3.0,5.0,2.0,102
765,11,54,Homogeneous,1,Homogeneous,2,3.0,5.0,2.0,101
766,11,56,Homogeneous,3,Homogeneous,0,3.0,5.0,2.0,112
767,11,57,Homogeneous,1,Homogeneous,0,3.0,5.0,2.0,100
768,11,58,Homogeneous,1,Homogeneous,0,3.0,5.0,2.0,99
769,11,59,Homogeneous,1,Homogeneous,2,3.0,5.0,2.0,98
770,11,62,Homogeneous,3,Homogeneous,0,3.0,5.0,2.0,111
771,11,63,Homogeneous,3,Homogeneous,2,3.0,5.0,2.0,110
772,11,65,Homogeneous,3,Homogeneous,1,3.0,5.0,2.0,109
773,11,66,Homogeneous,2,Homogeneous,0,3.0,5.0,2.0,110
774,11,67,Homogeneous,1,Homogeneous,0,3.0,5.0,2.0,97
775,11,68,Homogeneous,1,Homogeneous,3,3.0,5.0,2.0,96
776,11,69,Homogeneous,1,Homogeneous,3,3.0,5.0,2.0,95
777,11,70,Homogeneous,1,Homogeneous,0,3.0,5.0,2.0,94
778,11,72,Homogeneous,1,Homogeneous,2,3.0,5.0,2.0,93
779,11,73,Homogeneous,0,Homogeneous,0,3.0,5.0,2.0,108
780,11,74,Homogeneous,2,Homogeneous,3,3.0,5.0,2.0,109
781,11,75,Homogeneous,1,Homogeneous,0,3.0,5.0,2.0,92
782,11,76,Homogeneous,3,Homogeneous,3,3.0,5.0,2.0,108
783,11,77,Homogeneous,3,Homogeneous,2,3.0,5.0,2.0,107
784,11,78,Homogeneous,1,Homogeneous,1,3.0,5.0,2.0,91
785,11,79,Homogeneous,3,Homogeneous,3,3.0,5.0,2.0,106
786,12,0,Homogeneous,1,Homogeneous,1,3.0,5.0,2.0,119
787,12,1,Homogeneous,1,Homogeneous,2,3.0,5.0,2.0,118
788,12,2,Homogeneous,0,Homogeneous,0,3.0,5.0,2.0,119
789,12,3,Homogeneous,0,Homogeneous,3,3.0,5.0,2.0,118
790,12,4,Homogeneous,2,Homogeneous,1,3.0,5.0,2.0,119
791,12,6,Homogeneous,3,Homogeneous,0,3.0,5.0,2.0,119
792,12,7,Homogeneous,3,Homogeneous,2,3.0,5.0,2.0,118
793,12,8,Homogeneous,0,Homogeneous,1,3.0,5.0,2.0,117
794,12,9,Homogeneous,3,Homogeneous,0,3.0,5.0,2.0,117
795,12,11,Homogeneous,3,Homogeneous,3,3.0,5.0,2.0,116
796,12,12,Homogeneous,0,Homogeneous,2,3.0,5.0,2.0,116
797,12,13,Homogeneous,3,Homogeneous,1,3.0,5.0,2.0,115
798,12,14,Homogeneous,2,Homogeneous,0,3.0,5.0,2.0,118
799,12,15,Homogeneous,0,Homogeneous,1,3.0,5.0,2.0,115
800,12,16,Homogeneous,0,Homogeneous,0,3.0,5.0,2.0,114
801,12,17,Homogeneous,1,Homogeneous,2,3.0,5.0,2.0,117
802,12,18,Homogeneous,1,Homogeneous,0,3.0,5.0,2.0,116
803,12,19,Homogeneous,0,Homogeneous,1,3.0,5.0,2.0,113
804,12,20,Homogeneous,3,Homogeneous,2,3.0,5.0,2.0,114
805,12,21,Homogeneous,1,Homogeneous,0,3.0,5.0,2.0,115
806,12,22,Homogeneous,2,Homogeneous,0,3.0,5.0,2.0,117
807,12,24,Homogeneous,0,Homogeneous,1,3.0,5.0,2.0,112
808,12,25,Homogeneous,2,Homogeneous,2,3.0,5.0,2.0,116
809,12,26,Homogeneous,3,Homogeneous,3,3.0,5.0,2.0,113
810,12,27,Homogeneous,3,Homogeneous,1,3.0,5.0,2.0,112
811,12,28,Homogeneous,1,Homogeneous,1,3.0,5.0,2.0,114
812,12,30,Homogeneous,1,Homogeneous,0,3.0,5.0,2.0,113
813,12,32,Homogeneous,3,Homogeneous,0,3.0,5.0,2.0,111
814,12,33,Homogeneous,3,Homogeneous,1,3.0,5.0,2.0,110
815,12,34,Homogeneous,1,Homogeneous,0,3.0,5.0,2.0,112
816,12,36,Homogeneous,0,Homogeneous,0,3.0,5.0,2.0,111
817,12,37,Homogeneous,3,Homogeneous,0,3.0,5.0,2.0,109
818,12,38,Homogeneous,1,Homogeneous,2,3.0,5.0,2.0,111
819,12,39,Homogeneous,0,Homogeneous,0,3.0,5.0,2.0,110
820,12,40,Homogeneous,2,Homogeneous,1,3.0,5.0,2.0,115
821,12,42,Homogeneous,2,Homogeneous,1,3.0,5.0,2.0,114
822,12,43,Homogeneous,2,Homogeneous,1,3.0,5.0,2.0,113
823,12,44,Homogeneous,3,Homogeneous,1,3.0,5.0,2.0,108
824,12,45,Homogeneous,3,Homogeneous,0,3.0,5.0,2.0,107
825,12,46,Homogeneous,0,Homogeneous,1,3.0,5.0,2.0,109
826,12,47,Homogeneous,3,Homogeneous,2,3.0,5.0,2.0,106
827,12,48,Homogeneous,0,Homogeneous,0,3.0,5.0,2.0,108
828,12,49,Homogeneous,1,Homogeneous,0,3.0,5.0,2.0,110
829,12,51,Homogeneous,2,Homogeneous,2,3.0,5.0,2.0,112
830,12,52,Homogeneous,2,Homogeneous,1,3.0,5.0,2.0,111
831,12,53,Homogeneous,1,Homogeneous,1,3.0,5.0,2.0,109
832,12,54,Homogeneous,2,Homogeneous,0,3.0,5.0,2.0,110
833,12,56,Homogeneous,1,Homogeneous,0,3.0,5.0,2.0,108
834,12,58,Homogeneous,1,Homogeneous,1,3.0,5.0,2.0,107
835,12,59,Homogeneous,3,Homogeneous,0,3.0,5.0,2.0,105
836,12,60,Homogeneous,2,Homogeneous,0,3.0,5.0,2.0,109
837,12,62,Homogeneous,0,Homogeneous,2,3.0,5.0,2.0,107
838,12,63,Homogeneous,3,Homogeneous,0,3.0,5.0,2.0,104
839,12,64,Homogeneous,2,Homogeneous,0,3.0,5.0,2.0,108
840,12,65,Homogeneous,3,Homogeneous,0,3.0,5.0,2.0,103
841,12,66,Homogeneous,3,Homogeneous,2,3.0,5.0,2.0,102
842,12,67,Homogeneous,2,Homogeneous,3,3.0,5.0,2.0,107
843,12,68,Homogeneous,1,Homogeneous,0,3.0,5.0,2.0,106
844,12,70,Homogeneous,2,Homogeneous,0,3.0,5.0,2.0,106
845,12,71,Homogeneous,1,Homogeneous,2,3.0,5.0,2.0,105
846,12,72,Homogeneous,2,Homogeneous,2,3.0,5.0,2.0,105
847,12,73,Homogeneous,0,Homogeneous,0,3.0,5.0,2.0,106
848,12,74,Homogeneous,0,Homogeneous,0,3.0,5.0,2.0,105
849,12,75,Homogeneous,0,Homogeneous,1,3.0,5.0,2.0,104
850,12,76,Homogeneous,0,Homogeneous,1,3.0,5.0,2.0,103
851,12,77,Homogeneous,1,Homogeneous,3,3.0,5.0,2.0,104
852,12,78,Homogeneous,2,Homogeneous,0,3.0,5.0,2.0,104
853,12,79,Homogeneous,0,Homogeneous,1,3.0,5.0,2.0,102
854,13,0,Homogeneous,0,Homogeneous,2,3.0,5.0,2.0,119
855,13,1,Homogeneous,0,Homogeneous,2,3.0,5.0,2.0,118
856,13,3,Homogeneous,1,Homogeneous,0,3.0,5.0,2.0,119
857,13,4,Homogeneous,0,Homogeneous,1,3.0,5.0,2.0,117
858,13,5,Homogeneous,0,Homogeneous,0,3.0,5.0,2.0,116
859,13,6,Homogeneous,0,Homogeneous,2,3.0,5.0,2.0,115
860,13,7,Homogeneous,2,Homogeneous,0,3.0,5.0,2.0,119
861,13,8,Homogeneous,2,Homogeneous,2,3.0,5.0,2.0,118
862,13,10,Homogeneous,1,Homogeneous,1,3.0,5.0,2.0,118
863,13,11,Homogeneous,1,Homogeneous,2,3.0,5.0,2.0,117
864,13,12,Homogeneous,3,Homogeneous,1,3.0,5.0,2.0,119
865,13,13,Homogeneous,0,Homogeneous,0,3.0,5.0,2.0,114
866,13,14,Homogeneous,2,Homogeneous,0,3.0,5.0,2.0,117
867,13,15,Homogeneous,2,Homogeneous,1,3.0,5.0,2.0,116
868,13,17,Homogeneous,0,Homogeneous,1,3.0,5.0,2.0,113
869,13,18,Homogeneous,1,Homogeneous,0,3.0,5.0,2.0,116
870,13,19,Homogeneous,2,Homogeneous,3,3.0,5.0,2.0,115
871,13,20,Homogeneous,0,Homogeneous,3,3.0,5.0,2.0,112
872,13,21,Homogeneous,3,Homogeneous,0,3.0,5.0,2.0,118
873,13,22,Homogeneous,3,Homogeneous,1,3.0,5.0,2.0,117
874,13,23,Homogeneous,0,Homogeneous,1,3.0,5.0,2.0,111
875,13,24,Homogeneous,0,Homogeneous,1,3.0,5.0,2.0,110
876,13,25,Homogeneous,1,Homogeneous,0,3.0,5.0,2.0,115
877,13,26,Homogeneous,0,Homogeneous,1,3.0,5.0,2.0,109
878,13,27,Homogeneous,1,Homogeneous,2,3.0,5.0,2.0,114
879,13,29,Homogeneous,3,Homogeneous,1,3.0,5.0,2.0,116
880,13,30,Homogeneous,1,Homogeneous,3,3.0,5.0,2.0,113
881,13,31,Homogeneous,2,Homogeneous,3,3.0,5.0,2.0,114
882,13,32,Homogeneous,2,Homogeneous,2,3.0,5.0,2.0,113
883,13,33,Homogeneous,1,Homogeneous,1,3.0,5.0,2.0,112
884,13,34,Homogeneous,1,Homogeneous,0,3.0,5.0,2.0,111
885,13,36,Homogeneous,2,Homogeneous,2,3.0,5.0,2.0,112
886,13,37,Homogeneous,3,Homogeneous,1,3.0,5.0,2.0,115
887,13,39,Homogeneous,0,Homogeneous,0,3.0,5.0,2.0,108
888,13,41,Homogeneous,3,Homogeneous,0,3.0,5.0,2.0,114
889,13,42,Homogeneous,0,Homogeneous,0,3.0,5.0,2.0,107
890,13,43,Homogeneous,2,Homogeneous,3,3.0,5.0,2.0,111
891,13,45,Homogeneous,0,Homogeneous,2,3.0,5.0,2.0,106
892,13,46,Homogeneous,0,Homogeneous,2,3.0,5.0,2.0,105
893,13,48,Homogeneous,1,Homogeneous,0,3.0,5.0,2.0,110
894,13,49,Homogeneous,3,Homogeneous,1,3.0,5.0,2.0,113
895,13,50,Homogeneous,0,Homogeneous,1,3.0,5.0,2.0,104
896,13,51,Homogeneous,2,Homogeneous,1,3.0,5.0,2.0,110
897,13,53,Homogeneous,2,Homogeneous,2,3.0,5.0,2.0,109
898,13,54,Homogeneous,2,Homogeneous,1,3.0,5.0,2.0,108
899,13,55,Homogeneous,0,Homogeneous,1,3.0,5.0,2.0,103
900,13,56,Homogeneous,3,Homogeneous,1,3.0,5.0,2.0,112
901,13,57,Homogeneous,2,Homogeneous,2,3.0,5.0,2.0,107
902,13,58,Homogeneous,2,Homogeneous,0,3.0,5.0,2.0,106
903,13,59,Homogeneous,3,Homogeneous,0,3.0,5.0,2.0,111
904,13,60,Homogeneous,0,Homogeneous,0,3.0,5.0,2.0,102
905,13,61,Homogeneous,1,Homogeneous,0,3.0,5.0,2.0,109
906,13,62,Homogeneous,0,Homogeneous,0,3.0,5.0,2.0,101
907,13,63,Homogeneous,0,Homogeneous,0,3.0,5.0,2.0,100
908,13,64,Homogeneous,1,Homogeneous,0,3.0,5.0,2.0,108
909,13,65,Homogeneous,0,Homogeneous,0,3.0,5.0,2.0,99
910,13,66,Homogeneous,1,Homogeneous,0,3.0,5.0,2.0,107
911,13,67,Homogeneous,0,Homogeneous,1,3.0,5.0,2.0,98
912,13,68,Homogeneous,0,Homogeneous,0,3.0,5.0,2.0,97
913,13,70,Homogeneous,3,Homogeneous,1,3.0,5.0,2.0,110
914,13,71,Homogeneous,0,Homogeneous,2,3.0,5.0,2.0,96
915,13,72,Homogeneous,2,Homogeneous,0,3.0,5.0,2.0,105
916,13,73,Homogeneous,0,Homogeneous,1,3.0,5.0,2.0,95
917,13,75,Homogeneous,0,Homogeneous,0,3.0,5.0,2.0,94
918,13,76,Homogeneous,2,Homogeneous,3,3.0,5.0,2.0,104
919,13,78,Homogeneous,0,Homogeneous,0,3.0,5.0,2.0,93
920,13,79,Homogeneous,0,Homogeneous,1,3.0,5.0,2.0,92
921,14,1,Homogeneous,0,Homogeneous,0,3.0,5.0,2.0,119
922,14,2,Homogeneous,2,Homogeneous,0,3.0,5.0,2.0,119
923,14,3,Homogeneous,2,Homogeneous,0,3.0,5.0,2.0,118
924,14,4,Homogeneous,1,Homogeneous,0,3.0,5.0,2.0,119
925,14,5,Homogeneous,1,Homogeneous,0,3.0,5.0,2.0,118
926,14,6,Homogeneous,2,Homogeneous,3,3.0,5.0,2.0,117
927,14,7,Homogeneous,3,Homogeneous,0,3.0,5.0,2.0,119
928,14,8,Homogeneous,0,Homogeneous,1,3.0,5.0,2.0,118
929,14,9,Homogeneous,2,Homogeneous,0,3.0,5.0,2.0,116
930,14,10,Homogeneous,1,Homogeneous,0,3.0,5.0,2.0,117
931,14,11,Homogeneous,2,Homogeneous,0,3.0,5.0,2.0,115
932,14,12,Homogeneous,3,Homogeneous,0,3.0,5.0,2.0,118
933,14,13,Homogeneous,3,Homogeneous,1,3.0,5.0,2.0,117
934,14,14,Homogeneous,2,Homogeneous,1,3.0,5.0,2.0,114
935,14,15,Homogeneous,0,Homogeneous,2,3.0,5.0,2.0,117
936,14,16,Homogeneous,1,Homogeneous,0,3.0,5.0,2.0,116
937,14,17,Homogeneous,3,Homogeneous,1,3.0,5.0,2.0,116
938,14,18,Homogeneous,3,Homogeneous,0,3.0,5.0,2.0,115
939,14,21,Homogeneous,1,Homogeneous,0,3.0,5.0,2.0,115
940,14,22,Homogeneous,0,Homogeneous,2,3.0,5.0,2.0,116
941,14,23,Homogeneous,0,Homogeneous,1,3.0,5.0,2.0,115
942,14,24,Homogeneous,1,Homogeneous,1,3.0,5.0,2.0,114
943,14,25,Homogeneous,2,Homogeneous,3,3.0,5.0,2.0,113
944,14,26,Homogeneous,1,Homogeneous,1,3.0,5.0,2.0,113
945,14,27,Homogeneous,1,Homogeneous,2,3.0,5.0,2.0,112
946,14,28,Homogeneous,0,Homogeneous,0,3.0,5.0,2.0,114
947,14,29,Homogeneous,0,Homogeneous,1,3.0,5.0,2.0,113
948,14,30,Homogeneous,2,Homogeneous,1,3.0,5.0,2.0,112
949,14,31,Homogeneous,1,Homogeneous,2,3.0,5.0,2.0,111
950,14,32,Homogeneous,0,Homogeneous,2,3.0,5.0,2.0,112
951,14,34,Homogeneous,2,Homogeneous,0,3.0,5.0,2.0,111
952,14,35,Homogeneous,1,Homogeneous,0,3.0,5.0,2.0,110
953,14,36,Homogeneous,0,Homogeneous,0,3.0,5.0,2.0,111
954,14,37,Homogeneous,2,Homogeneous,1,3.0,5.0,2.0,110
955,14,38,Homogeneous,1,Homogeneous,2,3.0,5.0,2.0,109
956,14,39,Homogeneous,2,Homogeneous,3,3.0,5.0,2.0,109
957,14,40,Homogeneous,2,Homogeneous,0,3.0,5.0,2.0,108
958,14,41,Homogeneous,2,Homogeneous,1,3.0,5.0,2.0,107
959,14,42,Homogeneous,1,Homogeneous,0,3.0,5.0,2.0,108
960,14,43,Homogeneous,1,Homogeneous,1,3.0,5.0,2.0,107
961,14,46,Homogeneous,3,Homogeneous,0,3.0,5.0,2.0,114
962,14,52,Homogeneous,3,Homogeneous,0,3.0,5.0,2.0,113
963,14,53,Homogeneous,3,Homogeneous,0,3.0,5.0,2.0,112
964,14,55,Homogeneous,1,Homogeneous,0,3.0,5.0,2.0,106
965,14,56,Homogeneous,0,Homogeneous,0,3.0,5.0,2.0,110
966,14,57,Homogeneous,1,Homogeneous,3,3.0,5.0,2.0,105
967,14,58,Homogeneous,1,Homogeneous,2,3.0,5.0,2.0,104
968,14,59,Homogeneous,0,Homogeneous,1,3.0,5.0,2.0,109
969,14,61,Homogeneous,1,Homogeneous,1,3.0,5.0,2.0,103
970,14,63,Homogeneous,2,Homogeneous,2,3.0,5.0,2.0,106
971,14,64,Homogeneous,2,Homogeneous,1,3.0,5.0,2.0,105
972,14,65,Homogeneous,0,Homogeneous,1,3.0,5.0,2.0,108
973,14,66,Homogeneous,1,Homogeneous,3,3.0,5.0,2.0,102
974,14,67,Homogeneous,0,Homogeneous,0,3.0,5.0,2.0,107
975,14,68,Homogeneous,3,Homogeneous,0,3.0,5.0,2.0,111
976,14,70,Homogeneous,2,Homogeneous,1,3.0,5.0,2.0,104
977,14,71,Homogeneous,3,Homogeneous,0,3.0,5.0,2.0,110
978,14,72,Homogeneous,1,Homogeneous,0,3.0,5.0,2.0,101
979,14,73,Homogeneous,3,Homogeneous,0,3.0,5.0,2.0,109
980,14,74,Homogeneous,1,Homogeneous,0,3.0,5.0,2.0,100
981,14,75,Homogeneous,2,Homogeneous,2,3.0,5.0,2.0,103
982,14,76,Homogeneous,0,Homogeneous,1,3.0,5.0,2.0,106
983,14,77,Homogeneous,2,Homogeneous,1,3.0,5.0,2.0,102
984,14,78,Homogeneous,3,Homogeneous,1,3.0,5.0,2.0,108
985,15,0,Homogeneous,0,Homogeneous,0,3.0,5.0,2.0,119
986,15,1,Homogeneous,1,Homogeneous,0,3.0,5.0,2.0,119
987,15,2,Homogeneous,0,Homogeneous,3,3.0,5.0,2.0,118
988,15,3,Homogeneous,3,Homogeneous,2,3.0,5.0,2.0,119
989,15,4,Homogeneous,2,Homogeneous,0,3.0,5.0,2.0,119
990,15,7,Homogeneous,3,Homogeneous,3,3.0,5.0,2.0,118
991,15,8,Homogeneous,3,Homogeneous,0,3.0,5.0,2.0,117
992,15,10,Homogeneous,1,Homogeneous,1,3.0,5.0,2.0,118
993,15,12,Homogeneous,2,Homogeneous,0,3.0,5.0,2.0,118
994,15,13,Homogeneous,1,Homogeneous,2,3.0,5.0,2.0,117
995,15,14,Homogeneous,3,Homogeneous,0,3.0,5.0,2.0,116
996,15,15,Homogeneous,3,Homogeneous,1,3.0,5.0,2.0,115
997,15,16,Homogeneous,3,Homogeneous,0,3.0,5.0,2.0,114
998,15,17,Homogeneous,1,Homogeneous,2,3.0,5.0,2.0,116
999,15,18,Homogeneous,1,Homogeneous,3,3.0,5.0,2.0,115
1000,15,19,Homogeneous,0,Homogeneous,0,3.0,5.0,2.0,117
1001,15,20,Homogeneous,3,Homogeneous,0,3.0,5.0,2.0,113
1002,15,21,Homogeneous,0,Homogeneous,1,3.0,5.0,2.0,116
1003,15,22,Homogeneous,2,Homogeneous,0,3.0,5.0,2.0,117
1004,15,23,Homogeneous,2,Homogeneous,1,3.0,5.0,2.0,116
1005,15,24,Homogeneous,3,Homogeneous,0,3.0,5.0,2.0,112
1006,15,25,Homogeneous,2,Homogeneous,1,3.0,5.0,2.0,115
1007,15,26,Homogeneous,3,Homogeneous,0,3.0,5.0,2.0,111
1008,15,28,Homogeneous,1,Homogeneous,0,3.0,5.0,2.0,114
1009,15,29,Homogeneous,0,Homogeneous,1,3.0,5.0,2.0,115
1010,15,30,Homogeneous,1,Homogeneous,0,3.0,5.0,2.0,113
1011,15,31,Homogeneous,0,Homogeneous,1,3.0,5.0,2.0,114
1012,15,32,Homogeneous,2,Homogeneous,3,3.0,5.0,2.0,114
1013,15,34,Homogeneous,2,Homogeneous,0,3.0,5.0,2.0,113
1014,15,35,Homogeneous,2,Homogeneous,3,3.0,5.0,2.0,112
1015,15,36,Homogeneous,2,Homogeneous,2,3.0,5.0,2.0,111
1016,15,38,Homogeneous,3,Homogeneous,1,3.0,5.0,2.0,110
1017,15,39,Homogeneous,3,Homogeneous,0,3.0,5.0,2.0,109
1018,15,40,Homogeneous,0,Homogeneous,0,3.0,5.0,2.0,113
1019,15,41,Homogeneous,2,Homogeneous,0,3.0,5.0,2.0,110
1020,15,43,Homogeneous,0,Homogeneous,2,3.0,5.0,2.0,112
1021,15,44,Homogeneous,3,Homogeneous,1,3.0,5.0,2.0,108
1022,15,46,Homogeneous,3,Homogeneous,0,3.0,5.0,2.0,107
1023,15,47,Homogeneous,3,Homogeneous,0,3.0,5.0,2.0,106
1024,15,49,Homogeneous,1,Homogeneous,2,3.0,5.0,2.0,112
1025,15,50,Homogeneous,1,Homogeneous,0,3.0,5.0,2.0,111
1026,15,51,Homogeneous,1,Homogeneous,3,3.0,5.0,2.0,110
1027,15,52,Homogeneous,2,Homogeneous,2,3.0,5.0,2.0,109
1028,15,54,Homogeneous,1,Homogeneous,1,3.0,5.0,2.0,109
1029,15,55,Homogeneous,3,Homogeneous,3,3.0,5.0,2.0,105
1030,15,56,Homogeneous,0,Homogeneous,3,3.0,5.0,2.0,111
1031,15,57,Homogeneous,3,Homogeneous,0,3.0,5.0,2.0,104
1032,15,58,Homogeneous,0,Homogeneous,3,3.0,5.0,2.0,110
1033,15,59,Homogeneous,2,Homogeneous,2,3.0,5.0,2.0,108
1034,15,60,Homogeneous,1,Homogeneous,0,3.0,5.0,2.0,108
1035,15,61,Homogeneous,3,Homogeneous,0,3.0,5.0,2.0,103
1036,15,62,Homogeneous,3,Homogeneous,1,3.0,5.0,2.0,102
1037,15,63,Homogeneous,3,Homogeneous,0,3.0,5.0,2.0,101
1038,15,64,Homogeneous,2,Homogeneous,1,3.0,5.0,2.0,107
1039,15,65,Homogeneous,2,Homogeneous,0,3.0,5.0,2.0,106
1040,15,66,Homogeneous,1,Homogeneous,0,3.0,5.0,2.0,107
1041,15,67,Homogeneous,3,Homogeneous,0,3.0,5.0,2.0,100
1042,15,68,Homogeneous,0,Homogeneous,1,3.0,5.0,2.0,109
1043,15,69,Homogeneous,3,Homogeneous,0,3.0,5.0,2.0,99
1044,15,71,Homogeneous,2,Homogeneous,1,3.0,5.0,2.0,105
1045,15,72,Homogeneous,1,Homogeneous,1,3.0,5.0,2.0,106
1046,15,74,Homogeneous,0,Homogeneous,0,3.0,5.0,2.0,108
1047,15,75,Homogeneous,0,Homogeneous,0,3.0,5.0,2.0,107
1048,15,76,Homogeneous,1,Homogeneous,1,3.0,5.0,2.0,105
1049,15,79,Homogeneous,2,Homogeneous,1,3.0,5.0,2.0,104
1050,16,0,Homogeneous,1,Homogeneous,2,3.0,5.0,2.0,119
1051,16,1,Homogeneous,3,Homogeneous,1,3.0,5.0,2.0,119
1052,16,3,Homogeneous,3,Homogeneous,3,3.0,5.0,2.0,118
1053,16,4,Homogeneous,2,Homogeneous,0,3.0,5.0,2.0,119
1054,16,7,Homogeneous,1,Homogeneous,0,3.0,5.0,2.0,118
1055,16,8,Homogeneous,1,Homogeneous,1,3.0,5.0,2.0,117
1056,16,9,Homogeneous,0,Homogeneous,0,3.0,5.0,2.0,119
1057,16,10,Homogeneous,3,Homogeneous,1,3.0,5.0,2.0,117
1058,16,11,Homogeneous,1,Homogeneous,1,3.0,5.0,2.0,116
1059,16,12,Homogeneous,2,Homogeneous,0,3.0,5.0,2.0,118
1060,16,13,Homogeneous,3,Homogeneous,2,3.0,5.0,2.0,116
1061,16,14,Homogeneous,0,Homogeneous,2,3.0,5.0,2.0,118
1062,16,18,Homogeneous,2,Homogeneous,0,3.0,5.0,2.0,117
1063,16,19,Homogeneous,0,Homogeneous,0,3.0,5.0,2.0,117
1064,16,20,Homogeneous,0,Homogeneous,1,3.0,5.0,2.0,116
1065,16,21,Homogeneous,1,Homogeneous,0,3.0,5.0,2.0,115
1066,16,22,Homogeneous,2,Homogeneous,2,3.0,5.0,2.0,116
1067,16,23,Homogeneous,2,Homogeneous,1,3.0,5.0,2.0,115
1068,16,24,Homogeneous,3,Homogeneous,0,3.0,5.0,2.0,115
1069,16,25,Homogeneous,3,Homogeneous,0,3.0,5.0,2.0,114
1070,16,26,Homogeneous,2,Homogeneous,0,3.0,5.0,2.0,114
1071,16,27,Homogeneous,3,Homogeneous,3,3.0,5.0,2.0,113
1072,16,28,Homogeneous,1,Homogeneous,0,3.0,5.0,2.0,114
1073,16,29,Homogeneous,3,Homogeneous,0,3.0,5.0,2.0,112
1074,16,30,Homogeneous,0,Homogeneous,0,3.0,5.0,2.0,115
1075,16,32,Homogeneous,3,Homogeneous,0,3.0,5.0,2.0,111
1076,16,33,Homogeneous,1,Homogeneous,0,3.0,5.0,2.0,113
1077,16,34,Homogeneous,1,Homogeneous,0,3.0,5.0,2.0,112
1078,16,35,Homogeneous,1,Homogeneous,0,3.0,5.0,2.0,111
1079,16,37,Homogeneous,1,Homogeneous,2,3.0,5.0,2.0,110
1080,16,38,Homogeneous,3,Homogeneous,0,3.0,5.0,2.0,110
1081,16,39,Homogeneous,1,Homogeneous,1,3.0,5.0,2.0,109
1082,16,40,Homogeneous,1,Homogeneous,2,3.0,5.0,2.0,108
1083,16,41,Homogeneous,0,Homogeneous,1,3.0,5.0,2.0,114
1084,16,42,Homogeneous,2,Homogeneous,1,3.0,5.0,2.0,113
1085,16,44,Homogeneous,3,Homogeneous,0,3.0,5.0,2.0,109
1086,16,45,Homogeneous,2,Homogeneous,2,3.0,5.0,2.0,112
1087,16,46,Homogeneous,0,Homogeneous,1,3.0,5.0,2.0,113
1088,16,47,Homogeneous,1,Homogeneous,1,3.0,5.0,2.0,107
1089,16,48,Homogeneous,3,Homogeneous,0,3.0,5.0,2.0,108
1090,16,50,Homogeneous,2,Homogeneous,1,3.0,5.0,2.0,111
1091,16,54,Homogeneous,1,Homogeneous,0,3.0,5.0,2.0,106
1092,16,55,Homogeneous,1,Homogeneous,1,3.0,5.0,2.0,105
1093,16,56,Homogeneous,1,Homogeneous,1,3.0,5.0,2.0,104
1094,16,57,Homogeneous,2,Homogeneous,0,3.0,5.0,2.0,110
1095,16,58,Homogeneous,3,Homogeneous,2,3.0,5.0,2.0,107
1096,16,59,Homogeneous,2,Homogeneous,0,3.0,5.0,2.0,109
1097,16,60,Homogeneous,1,Homogeneous,1,3.0,5.0,2.0,103
1098,16,61,Homogeneous,2,Homogeneous,2,3.0,5.0,2.0,108
1099,16,62,Homogeneous,0,Homogeneous,0,3.0,5.0,2.0,112
1100,16,64,Homogeneous,3,Homogeneous,1,3.0,5.0,2.0,106
1101,16,65,Homogeneous,3,Homogeneous,0,3.0,5.0,2.0,105
1102,16,66,Homogeneous,2,Homogeneous,0,3.0,5.0,2.0,107
1103,16,69,Homogeneous,0,Homogeneous,1,3.0,5.0,2.0,111
1104,16,70,Homogeneous,2,Homogeneous,2,3.0,5.0,2.0,106
1105,16,71,Homogeneous,3,Homogeneous,1,3.0,5.0,2.0,104
1106,16,72,Homogeneous,3,Homogeneous,1,3.0,5.0,2.0,103
1107,16,73,Homogeneous,3,Homogeneous,0,3.0,5.0,2.0,102
1108,16,74,Homogeneous,3,Homogeneous,0,3.0,5.0,2.0,101
1109,16,76,Homogeneous,3,Homogeneous,1,3.0,5.0,2.0,100
1110,16,77,Homogeneous,2,Homogeneous,2,3.0,5.0,2.0,105
1111,17,0,Homogeneous,0,Homogeneous,0,3.0,5.0,2.0,119
1112,17,1,Homogeneous,0,Homogeneous,3,3.0,5.0,2.0,118
1113,17,2,Homogeneous,3,Homogeneous,0,3.0,5.0,2.0,119
1114,17,3,Homogeneous,3,Homogeneous,0,3.0,5.0,2.0,118
1115,17,4,Homogeneous,3,Homogeneous,0,3.0,5.0,2.0,117
1116,17,6,Homogeneous,2,Homogeneous,2,3.0,5.0,2.0,119
1117,17,7,Homogeneous,1,Homogeneous,0,3.0,5.0,2.0,119
1118,17,8,Homogeneous,3,Homogeneous,0,3.0,5.0,2.0,116
1119,17,9,Homogeneous,3,Homogeneous,3,3.0,5.0,2.0,115
1120,17,10,Homogeneous,0,Homogeneous,2,3.0,5.0,2.0,117
1121,17,11,Homogeneous,3,Homogeneous,1,3.0,5.0,2.0,114
1122,17,12,Homogeneous,0,Homogeneous,1,3.0,5.0,2.0,116
1123,17,16,Homogeneous,3,Homogeneous,1,3.0,5.0,2.0,113
1124,17,18,Homogeneous,1,Homogeneous,1,3.0,5.0,2.0,118
1125,17,19,Homogeneous,2,Homogeneous,3,3.0,5.0,2.0,118
1126,17,20,Homogeneous,3,Homogeneous,0,3.0,5.0,2.0,112
1127,17,21,Homogeneous,3,Homogeneous,1,3.0,5.0,2.0,111
1128,17,23,Homogeneous,3,Homogeneous,0,3.0,5.0,2.0,110
1129,17,24,Homogeneous,3,Homogeneous,2,3.0,5.0,2.0,109
1130,17,25,Homogeneous,3,Homogeneous,1,3.0,5.0,2.0,108
1131,17,26,Homogeneous,2,Homogeneous,0,3.0,5.0,2.0,117
1132,17,27,Homogeneous,0,Homogeneous,0,3.0,5.0,2.0,115
1133,17,28,Homogeneous,1,Homogeneous,1,3.0,5.0,2.0,117
1134,17,30,Homogeneous,2,Homogeneous,1,3.0,5.0,2.0,116
1135,17,31,Homogeneous,2,Homogeneous,1,3.0,5.0,2.0,115
1136,17,32,Homogeneous,2,Homogeneous,1,3.0,5.0,2.0,114
1137,17,33,Homogeneous,1,Homogeneous,2,3.0,5.0,2.0,116
1138,17,34,Homogeneous,0,Homogeneous,2,3.0,5.0,2.0,114
1139,17,35,Homogeneous,0,Homogeneous,0,3.0,5.0,2.0,113
1140,17,36,Homogeneous,0,Homogeneous,0,3.0,5.0,2.0,112
1141,17,37,Homogeneous,3,Homogeneous,0,3.0,5.0,2.0,107
1142,17,38,Homogeneous,3,Homogeneous,3,3.0,5.0,2.0,106
1143,17,40,Homogeneous,3,Homogeneous,2,3.0,5.0,2.0,105
1144,17,41,Homogeneous,3,Homogeneous,0,3.0,5.0,2.0,104
1145,17,42,Homogeneous,2,Homogeneous,0,3.0,5.0,2.0,113
1146,17,43,Homogeneous,0,Homogeneous,0,3.0,5.0,2.0,111
1147,17,45,Homogeneous,3,Homogeneous,1,3.0,5.0,2.0,103
1148,17,46,Homogeneous,3,Homogeneous,1,3.0,5.0,2.0,102
1149,17,47,Homogeneous,1,Homogeneous,1,3.0,5.0,2.0,115
1150,17,49,Homogeneous,3,Homogeneous,1,3.0,5.0,2.0,101
1151,17,50,Homogeneous,1,Homogeneous,3,3.0,5.0,2.0,114
1152,17,51,Homogeneous,2,Homogeneous,1,3.0,5.0,2.0,112
1153,17,53,Homogeneous,1,Homogeneous,2,3.0,5.0,2.0,113
1154,17,54,Homogeneous,1,Homogeneous,3,3.0,5.0,2.0,112
1155,17,55,Homogeneous,0,Homogeneous,3,3.0,5.0,2.0,110
1156,17,56,Homogeneous,0,Homogeneous,0,3.0,5.0,2.0,109
1157,17,57,Homogeneous,3,Homogeneous,0,3.0,5.0,2.0,100
1158,17,58,Homogeneous,0,Homogeneous,0,3.0,5.0,2.0,108
1159,17,59,Homogeneous,1,Homogeneous,0,3.0,5.0,2.0,111
1160,17,60,Homogeneous,2,Homogeneous,0,3.0,5.0,2.0,111
1161,17,63,Homogeneous,1,Homogeneous,2,3.0,5.0,2.0,110
1162,17,64,Homogeneous,1,Homogeneous,1,3.0,5.0,2.0,109
1163,17,65,Homogeneous,2,Homogeneous,0,3.0,5.0,2.0,110
1164,17,66,Homogeneous,1,Homogeneous,2,3.0,5.0,2.0,108
1165,17,67,Homogeneous,2,Homogeneous,0,3.0,5.0,2.0,109
1166,17,68,Homogeneous,0,Homogeneous,0,3.0,5.0,2.0,107
1167,17,69,Homogeneous,1,Homogeneous,3,3.0,5.0,2.0,107
1168,17,71,Homogeneous,3,Homogeneous,1,3.0,5.0,2.0,99
1169,17,72,Homogeneous,2,Homogeneous,0,3.0,5.0,2.0,108
1170,17,73,Homogeneous,2,Homogeneous,0,3.0,5.0,2.0,107
1171,17,74,Homogeneous,2,Homogeneous,2,3.0,5.0,2.0,106
1172,17,75,Homogeneous,1,Homogeneous,1,3.0,5.0,2.0,106
1173,17,77,Homogeneous,2,Homogeneous,0,3.0,5.0,2.0,105
1174,17,78,Homogeneous,2,Homogeneous,0,3.0,5.0,2.0,104
1175,17,79,Homogeneous,0,Homogeneous,3,3.0,5.0,2.0,106
1176,18,0,Homogeneous,3,Homogeneous,1,3.0,5.0,2.0,119
1177,18,1,Homogeneous,2,Homogeneous,0,3.0,5.0,2.0,119
1178,18,2,Homogeneous,2,Homogeneous,3,3.0,5.0,2.0,118
1179,18,3,Homogeneous,2,Homogeneous,3,3.0,5.0,2.0,117
1180,18,4,Homogeneous,3,Homogeneous,2,3.0,5.0,2.0,118
1181,18,5,Homogeneous,0,Homogeneous,0,3.0,5.0,2.0,119
1182,18,6,Homogeneous,3,Homogeneous,0,3.0,5.0,2.0,117
1183,18,7,Homogeneous,1,Homogeneous,1,3.0,5.0,2.0,119
1184,18,8,Homogeneous,3,Homogeneous,0,3.0,5.0,2.0,116
1185,18,9,Homogeneous,2,Homogeneous,3,3.0,5.0,2.0,116
1186,18,10,Homogeneous,0,Homogeneous,2,3.0,5.0,2.0,118
1187,18,11,Homogeneous,0,Homogeneous,2,3.0,5.0,2.0,117
1188,18,14,Homogeneous,2,Homogeneous,0,3.0,5.0,2.0,115
1189,18,15,Homogeneous,1,Homogeneous,0,3.0,5.0,2.0,118
1190,18,16,Homogeneous,1,Homogeneous,3,3.0,5.0,2.0,117
1191,18,17,Homogeneous,1,Homogeneous,1,3.0,5.0,2.0,116
1192,18,18,Homogeneous,3,Homogeneous,0,3.0,5.0,2.0,115
1193,18,19,Homogeneous,0,Homogeneous,0,3.0,5.0,2.0,116
1194,18,20,Homogeneous,3,Homogeneous,1,3.0,5.0,2.0,114
1195,18,21,Homogeneous,0,Homogeneous,0,3.0,5.0,2.0,115
1196,18,23,Homogeneous,2,Homogeneous,1,3.0,5.0,2.0,114
1197,18,24,Homogeneous,2,Homogeneous,0,3.0,5.0,2.0,113
1198,18,25,Homogeneous,2,Homogeneous,0,3.0,5.0,2.0,112
1199,18,26,Homogeneous,2,Homogeneous,0,3.0,5.0,2.0,111
1200,18,28,Homogeneous,2,Homogeneous,0,3.0,5.0,2.0,110
1201,18,29,Homogeneous,3,Homogeneous,2,3.0,5.0,2.0,113
1202,18,32,Homogeneous,1,Homogeneous,0,3.0,5.0,2.0,115
1203,18,33,Homogeneous,2,Homogeneous,0,3.0,5.0,2.0,109
1204,18,34,Homogeneous,3,Homogeneous,2,3.0,5.0,2.0,112
1205,18,35,Homogeneous,2,Homogeneous,0,3.0,5.0,2.0,108
1206,18,36,Homogeneous,2,Homogeneous,1,3.0,5.0,2.0,107
1207,18,37,Homogeneous,2,Homogeneous,2,3.0,5.0,2.0,106
1208,18,38,Homogeneous,0,Homogeneous,0,3.0,5.0,2.0,114
1209,18,39,Homogeneous,2,Homogeneous,0,3.0,5.0,2.0,105
1210,18,40,Homogeneous,2,Homogeneous,0,3.0,5.0,2.0,104
1211,18,41,Homogeneous,0,Homogeneous,0,3.0,5.0,2.0,113
1212,18,42,Homogeneous,3,Homogeneous,1,3.0,5.0,2.0,111
1213,18,43,Homogeneous,3,Homogeneous,0,3.0,5.0,2.0,110
1214,18,45,Homogeneous,0,Homogeneous,0,3.0,5.0,2.0,112
1215,18,46,Homogeneous,1,Homogeneous,0,3.0,5.0,2.0,114
1216,18,47,Homogeneous,0,Homogeneous,0,3.0,5.0,2.0,111
1217,18,48,Homogeneous,0,Homogeneous,2,3.0,5.0,2.0,110
1218,18,49,Homogeneous,0,Homogeneous,0,3.0,5.0,2.0,109
1219,18,50,Homogeneous,3,Homogeneous,2,3.0,5.0,2.0,109
1220,18,51,Homogeneous,1,Homogeneous,3,3.0,5.0,2.0,113
1221,18,52,Homogeneous,1,Homogeneous,3,3.0,5.0,2.0,112
1222,18,53,Homogeneous,0,Homogeneous,2,3.0,5.0,2.0,108
1223,18,56,Homogeneous,0,Homogeneous,3,3.0,5.0,2.0,107
1224,18,57,Homogeneous,0,Homogeneous,3,3.0,5.0,2.0,106
1225,18,58,Homogeneous,0,Homogeneous,3,3.0,5.0,2.0,105
1226,18,59,Homogeneous,1,Homogeneous,1,3.0,5.0,2.0,111
1227,18,61,Homogeneous,1,Homogeneous,1,3.0,5.0,2.0,110
1228,18,62,Homogeneous,1,Homogeneous,3,3.0,5.0,2.0,109
1229,18,63,Homogeneous,2,Homogeneous,1,3.0,5.0,2.0,103
1230,18,64,Homogeneous,3,Homogeneous,1,3.0,5.0,2.0,108
1231,18,66,Homogeneous,2,Homogeneous,0,3.0,5.0,2.0,102
1232,18,67,Homogeneous,0,Homogeneous,2,3.0,5.0,2.0,104
1233,18,68,Homogeneous,3,Homogeneous,0,3.0,5.0,2.0,107
1234,18,70,Homogeneous,1,Homogeneous,3,3.0,5.0,2.0,108
1235,18,71,Homogeneous,3,Homogeneous,0,3.0,5.0,2.0,106
1236,18,72,Homogeneous,1,Homogeneous,0,3.0,5.0,2.0,107
1237,18,74,Homogeneous,3,Homogeneous,0,3.0,5.0,2.0,105
1238,18,75,Homogeneous,0,Homogeneous,1,3.0,5.0,2.0,103
1239,18,77,Homogeneous,2,Homogeneous,0,3.0,5.0,2.0,101
1240,18,78,Homogeneous,0,Homogeneous,0,3.0,5.0,2.0,102
1241,19,0,Homogeneous,2,Homogeneous,0,3.0,5.0,2.0,119
1242,19,2,Homogeneous,2,Homogeneous,1,3.0,5.0,2.0,118
1243,19,3,Homogeneous,0,Homogeneous,0,3.0,5.0,2.0,119
1244,19,4,Homogeneous,0,Homogeneous,0,3.0,5.0,2.0,118
1245,19,5,Homogeneous,2,Homogeneous,1,3.0,5.0,2.0,117
1246,19,6,Homogeneous,2,Homogeneous,1,3.0,5.0,2.0,116
1247,19,7,Homogeneous,1,Homogeneous,0,3.0,5.0,2.0,119
1248,19,8,Homogeneous,0,Homogeneous,1,3.0,5.0,2.0,117
1249,19,9,Homogeneous,2,Homogeneous,0,3.0,5.0,2.0,115
1250,19,10,Homogeneous,3,Homogeneous,1,3.0,5.0,2.0,119
1251,19,12,Homogeneous,3,Homogeneous,1,3.0,5.0,2.0,118
1252,19,13,Homogeneous,0,Homogeneous,0,3.0,5.0,2.0,116
1253,19,14,Homogeneous,0,Homogeneous,2,3.0,5.0,2.0,115
1254,19,15,Homogeneous,1,Homogeneous,2,3.0,5.0,2.0,118
1255,19,16,Homogeneous,3,Homogeneous,1,3.0,5.0,2.0,117
1256,19,17,Homogeneous,0,Homogeneous,0,3.0,5.0,2.0,114
1257,19,18,Homogeneous,2,Homogeneous,3,3.0,5.0,2.0,114
1258,19,19,Homogeneous,1,Homogeneous,0,3.0,5.0,2.0,117
1259,19,20,Homogeneous,1,Homogeneous,1,3.0,5.0,2.0,116
1260,19,23,Homogeneous,0,Homogeneous,2,3.0,5.0,2.0,113
1261,19,24,Homogeneous,3,Homogeneous,0,3.0,5.0,2.0,116
1262,19,25,Homogeneous,2,Homogeneous,1,3.0,5.0,2.0,113
1263,19,27,Homogeneous,1,Homogeneous,2,3.0,5.0,2.0,115
1264,19,28,Homogeneous,2,Homogeneous,1,3.0,5.0,2.0,112
1265,19,30,Homogeneous,0,Homogeneous,1,3.0,5.0,2.0,112
1266,19,31,Homogeneous,0,Homogeneous,0,3.0,5.0,2.0,111
1267,19,32,Homogeneous,1,Homogeneous,2,3.0,5.0,2.0,114
1268,19,33,Homogeneous,2,Homogeneous,0,3.0,5.0,2.0,111
1269,19,34,Homogeneous,0,Homogeneous,0,3.0,5.0,2.0,110
1270,19,37,Homogeneous,0,Homogeneous,0,3.0,5.0,2.0,109
1271,19,39,Homogeneous,1,Homogeneous,2,3.0,5.0,2.0,113
1272,19,40,Homogeneous,1,Homogeneous,2,3.0,5.0,2.0,112
1273,19,42,Homogeneous,1,Homogeneous,1,3.0,5.0,2.0,111
1274,19,43,Homogeneous,2,Homogeneous,1,3.0,5.0,2.0,110
1275,19,44,Homogeneous,1,Homogeneous,0,3.0,5.0,2.0,110
1276,19,45,Homogeneous,0,Homogeneous,2,3.0,5.0,2.0,108
1277,19,46,Homogeneous,1,Homogeneous,0,3.0,5.0,2.0,109
1278,19,47,Homogeneous,2,Homogeneous,0,3.0,5.0,2.0,109
1279,19,49,Homogeneous,0,Homogeneous,0,3.0,5.0,2.0,107
1280,19,50,Homogeneous,1,Homogeneous,2,3.0,5.0,2.0,108
1281,19,52,Homogeneous,2,Homogeneous,0,3.0,5.0,2.0,108
1282,19,53,Homogeneous,0,Homogeneous,1,3.0,5.0,2.0,106
1283,19,55,Homogeneous,2,Homogeneous,1,3.0,5.0,2.0,107
1284,19,56,Homogeneous,1,Homogeneous,1,3.0,5.0,2.0,107
1285,19,57,Homogeneous,1,Homogeneous,2,3.0,5.0,2.0,106
1286,19,58,Homogeneous,0,Homogeneous,2,3.0,5.0,2.0,105
1287,19,59,Homogeneous,2,Homogeneous,1,3.0,5.0,2.0,106
1288,19,60,Homogeneous,3,Homogeneous,0,3.0,5.0,2.0,115
1289,19,61,Homogeneous,3,Homogeneous,3,3.0,5.0,2.0,114
1290,19,62,Homogeneous,2,Homogeneous,0,3.0,5.0,2.0,105
1291,19,63,Homogeneous,1,Homogeneous,0,3.0,5.0,2.0,105
1292,19,64,Homogeneous,1,Homogeneous,0,3.0,5.0,2.0,104
1293,19,66,Homogeneous,0,Homogeneous,3,3.0,5.0,2.0,104
1294,19,68,Homogeneous,1,Homogeneous,0,3.0,5.0,2.0,103
1295,19,69,Homogeneous,2,Homogeneous,0,3.0,5.0,2.0,104
1296,19,70,Homogeneous,3,Homogeneous,0,3.0,5.0,2.0,113
1297,19,71,Homogeneous,2,Homogeneous,1,3.0,5.0,2.0,103
1298,19,72,Homogeneous,0,Homogeneous,0,3.0,5.0,2.0,103
1299,19,73,Homogeneous,2,Homogeneous,0,3.0,5.0,2.0,102
1300,19,74,Homogeneous,2,Homogeneous,2,3.0,5.0,2.0,101
1301,19,75,Homogeneous,3,Homogeneous,1,3.0,5.0,2.0,112
1302,19,76,Homogeneous,2,Homogeneous,2,3.0,5.0,2.0,100
1303,19,77,Homogeneous,3,Homogeneous,0,3.0,5.0,2.0,111
1304,19,78,Homogeneous,2,Homogeneous,2,3.0,5.0,2.0,99
1305,19,79,Homogeneous,0,Homogeneous,0,3.0,5.0,2.0,102
1306,20,0,Homogeneous,3,Homogeneous,0,3.0,5.0,2.0,119
1307,20,1,Homogeneous,1,Homogeneous,0,3.0,5.0,2.0,119
1308,20,2,Homogeneous,0,Homogeneous,3,3.0,5.0,2.0,119
1309,20,3,Homogeneous,3,Homogeneous,1,3.0,5.0,2.0,118
1310,20,5,Homogeneous,1,Homogeneous,2,3.0,5.0,2.0,118
1311,20,6,Homogeneous,2,Homogeneous,1,3.0,5.0,2.0,119
1312,20,8,Homogeneous,1,Homogeneous,2,3.0,5.0,2.0,117
1313,20,9,Homogeneous,0,Homogeneous,0,3.0,5.0,2.0,118
1314,20,10,Homogeneous,3,Homogeneous,1,3.0,5.0,2.0,117
1315,20,11,Homogeneous,0,Homogeneous,1,3.0,5.0,2.0,117
1316,20,12,Homogeneous,3,Homogeneous,0,3.0,5.0,2.0,116
1317,20,13,Homogeneous,3,Homogeneous,0,3.0,5.0,2.0,115
1318,20,14,Homogeneous,1,Homogeneous,3,3.0,5.0,2.0,116
1319,20,15,Homogeneous,1,Homogeneous,0,3.0,5.0,2.0,115
1320,20,16,Homogeneous,2,Homogeneous,0,3.0,5.0,2.0,118
1321,20,17,Homogeneous,1,Homogeneous,0,3.0,5.0,2.0,114
1322,20,18,Homogeneous,1,Homogeneous,1,3.0,5.0,2.0,113
1323,20,19,Homogeneous,2,Homogeneous,3,3.0,5.0,2.0,117
1324,20,20,Homogeneous,1,Homogeneous,0,3.0,5.0,2.0,112
1325,20,21,Homogeneous,3,Homogeneous,1,3.0,5.0,2.0,114
1326,20,22,Homogeneous,3,Homogeneous,0,3.0,5.0,2.0,113
1327,20,23,Homogeneous,0,Homogeneous,0,3.0,5.0,2.0,116
1328,20,24,Homogeneous,1,Homogeneous,2,3.0,5.0,2.0,111
1329,20,25,Homogeneous,1,Homogeneous,1,3.0,5.0,2.0,110
1330,20,26,Homogeneous,0,Homogeneous,0,3.0,5.0,2.0,115
1331,20,27,Homogeneous,3,Homogeneous,1,3.0,5.0,2.0,112
1332,20,28,Homogeneous,0,Homogeneous,0,3.0,5.0,2.0,114
1333,20,29,Homogeneous,3,Homogeneous,1,3.0,5.0,2.0,111
1334,20,30,Homogeneous,0,Homogeneous,3,3.0,5.0,2.0,113
1335,20,31,Homogeneous,2,Homogeneous,0,3.0,5.0,2.0,116
1336,20,32,Homogeneous,2,Homogeneous,2,3.0,5.0,2.0,115
1337,20,33,Homogeneous,0,Homogeneous,0,3.0,5.0,2.0,112
1338,20,34,Homogeneous,3,Homogeneous,2,3.0,5.0,2.0,110
1339,20,35,Homogeneous,3,Homogeneous,2,3.0,5.0,2.0,109
1340,20,36,Homogeneous,3,Homogeneous,2,3.0,5.0,2.0,108
1341,20,37,Homogeneous,0,Homogeneous,0,3.0,5.0,2.0,111
1342,20,39,Homogeneous,3,Homogeneous,2,3.0,5.0,2.0,107
1343,20,40,Homogeneous,2,Homogeneous,0,3.0,5.0,2.0,114
1344,20,41,Homogeneous,2,Homogeneous,0,3.0,5.0,2.0,113
1345,20,42,Homogeneous,3,Homogeneous,2,3.0,5.0,2.0,106
1346,20,43,Homogeneous,2,Homogeneous,0,3.0,5.0,2.0,112
1347,20,44,Homogeneous,0,Homogeneous,0,3.0,5.0,2.0,110
1348,20,45,Homogeneous,1,Homogeneous,1,3.0,5.0,2.0,109
1349,20,46,Homogeneous,0,Homogeneous,0,3.0,5.0,2.0,109
1350,20,47,Homogeneous,1,Homogeneous,0,3.0,5.0,2.0,108
1351,20,48,Homogeneous,2,Homogeneous,2,3.0,5.0,2.0,111
1352,20,49,Homogeneous,2,Homogeneous,2,3.0,5.0,2.0,110
1353,20,50,Homogeneous,0,Homogeneous,2,3.0,5.0,2.0,108
1354,20,51,Homogeneous,3,Homogeneous,0,3.0,5.0,2.0,105
1355,20,53,Homogeneous,1,Homogeneous,3,3.0,5.0,2.0,107
1356,20,54,Homogeneous,0,Homogeneous,0,3.0,5.0,2.0,107
1357,20,55,Homogeneous,2,Homogeneous,0,3.0,5.0,2.0,109
1358,20,56,Homogeneous,2,Homogeneous,1,3.0,5.0,2.0,108
1359,20,57,Homogeneous,3,Homogeneous,1,3.0,5.0,2.0,104
1360,20,58,Homogeneous,0,Homogeneous,1,3.0,5.0,2.0,106
1361,20,62,Homogeneous,1,Homogeneous,0,3.0,5.0,2.0,106
1362,20,63,Homogeneous,0,Homogeneous,0,3.0,5.0,2.0,105
1363,20,64,Homogeneous,0,Homogeneous,3,3.0,5.0,2.0,104
1364,20,65,Homogeneous,2,Homogeneous,0,3.0,5.0,2.0,107
1365,20,66,Homogeneous,1,Homogeneous,0,3.0,5.0,2.0,105
1366,20,67,Homogeneous,0,Homogeneous,1,3.0,5.0,2.0,103
1367,20,68,Homogeneous,2,Homogeneous,1,3.0,5.0,2.0,106
1368,20,70,Homogeneous,1,Homogeneous,3,3.0,5.0,2.0,104
1369,20,71,Homogeneous,2,Homogeneous,1,3.0,5.0,2.0,105
1370,20,72,Homogeneous,3,Homogeneous,2,3.0,5.0,2.0,103
1371,20,73,Homogeneous,0,Homogeneous,2,3.0,5.0,2.0,102
1372,20,74,Homogeneous,0,Homogeneous,2,3.0,5.0,2.0,101
1373,20,75,Homogeneous,3,Homogeneous,1,3.0,5.0,2.0,102
1374,20,76,Homogeneous,0,Homogeneous,1,3.0,5.0,2.0,100
1375,20,77,Homogeneous,1,Homogeneous,0,3.0,5.0,2.0,103
1376,20,78,Homogeneous,0,Homogeneous,0,3.0,5.0,2.0,99
1377,20,79,Homogeneous,2,Homogeneous,1,3.0,5.0,2.0,104
1378,21,0,Homogeneous,2,Homogeneous,1,3.0,5.0,2.0,119
1379,21,1,Homogeneous,3,Homogeneous,1,3.0,5.0,2.0,119
1380,21,2,Homogeneous,1,Homogeneous,0,3.0,5.0,2.0,119
1381,21,5,Homogeneous,0,Homogeneous,1,3.0,5.0,2.0,119
1382,21,8,Homogeneous,2,Homogeneous,2,3.0,5.0,2.0,118
1383,21,9,Homogeneous,0,Homogeneous,0,3.0,5.0,2.0,118
1384,21,11,Homogeneous,1,Homogeneous,2,3.0,5.0,2.0,118
1385,21,12,Homogeneous,3,Homogeneous,2,3.0,5.0,2.0,118
1386,21,13,Homogeneous,1,Homogeneous,0,3.0,5.0,2.0,117
1387,21,14,Homogeneous,0,Homogeneous,2,3.0,5.0,2.0,117
1388,21,15,Homogeneous,2,Homogeneous,3,3.0,5.0,2.0,117
1389,21,18,Homogeneous,2,Homogeneous,1,3.0,5.0,2.0,116
1390,21,19,Homogeneous,2,Homogeneous,2,3.0,5.0,2.0,115
1391,21,20,Homogeneous,3,Homogeneous,0,3.0,5.0,2.0,117
1392,21,22,Homogeneous,1,Homogeneous,0,3.0,5.0,2.0,116
1393,21,23,Homogeneous,1,Homogeneous,0,3.0,5.0,2.0,115
1394,21,24,Homogeneous,2,Homogeneous,0,3.0,5.0,2.0,114
1395,21,25,Homogeneous,1,Homogeneous,2,3.0,5.0,2.0,114
1396,21,26,Homogeneous,0,Homogeneous,1,3.0,5.0,2.0,116
1397,21,27,Homogeneous,1,Homogeneous,0,3.0,5.0,2.0,113
1398,21,28,Homogeneous,0,Homogeneous,1,3.0,5.0,2.0,115
1399,21,29,Homogeneous,1,Homogeneous,2,3.0,5.0,2.0,112
1400,21,30,Homogeneous,1,Homogeneous,1,3.0,5.0,2.0,111
1401,21,31,Homogeneous,3,Homogeneous,1,3.0,5.0,2.0,116
1402,21,32,Homogeneous,1,Homogeneous,2,3.0,5.0,2.0,110
1403,21,33,Homogeneous,1,Homogeneous,0,3.0,5.0,2.0,109
1404,21,34,Homogeneous,0,Homogeneous,0,3.0,5.0,2.0,114
1405,21,36,Homogeneous,1,Homogeneous,0,3.0,5.0,2.0,108
1406,21,37,Homogeneous,0,Homogeneous,0,3.0,5.0,2.0,113
1407,21,38,Homogeneous,0,Homogeneous,0,3.0,5.0,2.0,112
1408,21,39,Homogeneous,0,Homogeneous,0,3.0,5.0,2.0,111
1409,21,40,Homogeneous,0,Homogeneous,3,3.0,5.0,2.0,110
1410,21,41,Homogeneous,1,Homogeneous,1,3.0,5.0,2.0,107
1411,21,42,Homogeneous,2,Homogeneous,0,3.0,5.0,2.0,113
1412,21,43,Homogeneous,2,Homogeneous,2,3.0,5.0,2.0,112
1413,21,44,Homogeneous,2,Homogeneous,0,3.0,5.0,2.0,111
1414,21,45,Homogeneous,0,Homogeneous,2,3.0,5.0,2.0,109
1415,21,46,Homogeneous,1,Homogeneous,2,3.0,5.0,2.0,106
1416,21,47,Homogeneous,1,Homogeneous,2,3.0,5.0,2.0,105
1417,21,48,Homogeneous,0,Homogeneous,2,3.0,5.0,2.0,108
1418,21,51,Homogeneous,1,Homogeneous,1,3.0,5.0,2.0,104
1419,21,52,Homogeneous,3,Homogeneous,0,3.0,5.0,2.0,115
1420,21,53,Homogeneous,0,Homogeneous,1,3.0,5.0,2.0,107
1421,21,54,Homogeneous,3,Homogeneous,1,3.0,5.0,2.0,114
1422,21,55,Homogeneous,0,Homogeneous,1,3.0,5.0,2.0,106
1423,21,56,Homogeneous,1,Homogeneous,0,3.0,5.0,2.0,103
1424,21,57,Homogeneous,3,Homogeneous,1,3.0,5.0,2.0,113
1425,21,58,Homogeneous,3,Homogeneous,1,3.0,5.0,2.0,112
1426,21,59,Homogeneous,3,Homogeneous,1,3.0,5.0,2.0,111
1427,21,62,Homogeneous,0,Homogeneous,0,3.0,5.0,2.0,105
1428,21,63,Homogeneous,1,Homogeneous,0,3.0,5.0,2.0,102
1429,21,64,Homogeneous,0,Homogeneous,3,3.0,5.0,2.0,104
1430,21,65,Homogeneous,1,Homogeneous,2,3.0,5.0,2.0,101
1431,21,66,Homogeneous,1,Homogeneous,3,3.0,5.0,2.0,100
1432,21,67,Homogeneous,1,Homogeneous,1,3.0,5.0,2.0,99
1433,21,68,Homogeneous,0,Homogeneous,2,3.0,5.0,2.0,103
1434,21,69,Homogeneous,0,Homogeneous,3,3.0,5.0,2.0,102
1435,21,70,Homogeneous,0,Homogeneous,1,3.0,5.0,2.0,101
1436,21,71,Homogeneous,3,Homogeneous,0,3.0,5.0,2.0,110
1437,21,72,Homogeneous,1,Homogeneous,3,3.0,5.0,2.0,98
1438,21,73,Homogeneous,0,Homogeneous,1,3.0,5.0,2.0,100
1439,21,75,Homogeneous,2,Homogeneous,0,3.0,5.0,2.0,110
1440,21,76,Homogeneous,3,Homogeneous,0,3.0,5.0,2.0,109
1441,21,79,Homogeneous,1,Homogeneous,0,3.0,5.0,2.0,97
1442,22,0,Homogeneous,2,Homogeneous,1,3.0,5.0,2.0,119
1443,22,1,Homogeneous,3,Homogeneous,0,3.0,5.0,2.0,119
1444,22,2,Homogeneous,1,Homogeneous,3,3.0,5.0,2.0,119
1445,22,3,Homogeneous,0,Homogeneous,2,3.0,5.0,2.0,119
1446,22,4,Homogeneous,0,Homogeneous,2,3.0,5.0,2.0,118
1447,22,5,Homogeneous,3,Homogeneous,1,3.0,5.0,2.0,118
1448,22,6,Homogeneous,1,Homogeneous,0,3.0,5.0,2.0,118
1449,22,7,Homogeneous,0,Homogeneous,3,3.0,5.0,2.0,117
1450,22,8,Homogeneous,2,Homogeneous,3,3.0,5.0,2.0,118
1451,22,10,Homogeneous,1,Homogeneous,0,3.0,5.0,2.0,117
1452,22,11,Homogeneous,3,Homogeneous,2,3.0,5.0,2.0,117
1453,22,12,Homogeneous,2,Homogeneous,1,3.0,5.0,2.0,117
1454,22,13,Homogeneous,0,Homogeneous,0,3.0,5.0,2.0,116
1455,22,14,Homogeneous,0,Homogeneous,0,3.0,5.0,2.0,115
1456,22,15,Homogeneous,2,Homogeneous,2,3.0,5.0,2.0,116
1457,22,16,Homogeneous,3,Homogeneous,0,3.0,5.0,2.0,116
1458,22,17,Homogeneous,1,Homogeneous,3,3.0,5.0,2.0,116
1459,22,18,Homogeneous,2,Homogeneous,1,3.0,5.0,2.0,115
1460,22,20,Homogeneous,2,Homogeneous,2,3.0,5.0,2.0,114
1461,22,21,Homogeneous,0,Homogeneous,1,3.0,5.0,2.0,114
1462,22,22,Homogeneous,3,Homogeneous,1,3.0,5.0,2.0,115
1463,22,23,Homogeneous,1,Homogeneous,0,3.0,5.0,2.0,115
1464,22,24,Homogeneous,3,Homogeneous,1,3.0,5.0,2.0,114
1465,22,25,Homogeneous,3,Homogeneous,3,3.0,5.0,2.0,113
1466,22,26,Homogeneous,3,Homogeneous,0,3.0,5.0,2.0,112
1467,22,27,Homogeneous,0,Homogeneous,2,3.0,5.0,2.0,113
1468,22,28,Homogeneous,0,Homogeneous,2,3.0,5.0,2.0,112
1469,22,30,Homogeneous,2,Homogeneous,0,3.0,5.0,2.0,113
1470,22,31,Homogeneous,3,Homogeneous,3,3.0,5.0,2.0,111
1471,22,33,Homogeneous,2,Homogeneous,0,3.0,5.0,2.0,112
1472,22,34,Homogeneous,2,Homogeneous,0,3.0,5.0,2.0,111
1473,22,36,Homogeneous,2,Homogeneous,0,3.0,5.0,2.0,110
1474,22,37,Homogeneous,0,Homogeneous,0,3.0,5.0,2.0,111
1475,22,38,Homogeneous,0,Homogeneous,0,3.0,5.0,2.0,110
1476,22,39,Homogeneous,0,Homogeneous,3,3.0,5.0,2.0,109
1477,22,40,Homogeneous,0,Homogeneous,0,3.0,5.0,2.0,108
1478,22,41,Homogeneous,2,Homogeneous,2,3.0,5.0,2.0,109
1479,22,42,Homogeneous,3,Homogeneous,1,3.0,5.0,2.0,110
1480,22,44,Homogeneous,2,Homogeneous,2,3.0,5.0,2.0,108
1481,22,45,Homogeneous,3,Homogeneous,1,3.0,5.0,2.0,109
1482,22,46,Homogeneous,0,Homogeneous,1,3.0,5.0,2.0,107
1483,22,47,Homogeneous,3,Homogeneous,0,3.0,5.0,2.0,108
1484,22,48,Homogeneous,1,Homogeneous,2,3.0,5.0,2.0,114
1485,22,49,Homogeneous,1,Homogeneous,0,3.0,5.0,2.0,113
1486,22,51,Homogeneous,0,Homogeneous,0,3.0,5.0,2.0,106
1487,22,52,Homogeneous,1,Homogeneous,1,3.0,5.0,2.0,112
1488,22,53,Homogeneous,3,Homogeneous,0,3.0,5.0,2.0,107
1489,22,54,Homogeneous,0,Homogeneous,2,3.0,5.0,2.0,105
1490,22,56,Homogeneous,2,Homogeneous,0,3.0,5.0,2.0,107
1491,22,57,Homogeneous,3,Homogeneous,1,3.0,5.0,2.0,106
1492,22,58,Homogeneous,2,Homogeneous,0,3.0,5.0,2.0,106
1493,22,59,Homogeneous,1,Homogeneous,0,3.0,5.0,2.0,111
1494,22,60,Homogeneous,3,Homogeneous,0,3.0,5.0,2.0,105
1495,22,62,Homogeneous,1,Homogeneous,2,3.0,5.0,2.0,110
1496,22,63,Homogeneous,2,Homogeneous,2,3.0,5.0,2.0,105
1497,22,64,Homogeneous,0,Homogeneous,2,3.0,5.0,2.0,104
1498,22,65,Homogeneous,1,Homogeneous,0,3.0,5.0,2.0,109
1499,22,66,Homogeneous,2,Homogeneous,0,3.0,5.0,2.0,104
1500,22,68,Homogeneous,0,Homogeneous,1,3.0,5.0,2.0,103
1501,22,69,Homogeneous,1,Homogeneous,0,3.0,5.0,2.0,108
1502,22,70,Homogeneous,2,Homogeneous,1,3.0,5.0,2.0,103
1503,22,72,Homogeneous,3,Homogeneous,0,3.0,5.0,2.0,104
1504,22,73,Homogeneous,3,Homogeneous,2,3.0,5.0,2.0,103
1505,22,75,Homogeneous,3,Homogeneous,2,3.0,5.0,2.0,102
1506,22,76,Homogeneous,3,Homogeneous,2,3.0,5.0,2.0,101
1507,22,77,Homogeneous,1,Homogeneous,1,3.0,5.0,2.0,107
1508,22,78,Homogeneous,3,Homogeneous,0,3.0,5.0,2.0,100
1509,22,79,Homogeneous,0,Homogeneous,0,3.0,5.0,2.0,102
1510,23,0,Homogeneous,1,Homogeneous,1,3.0,5.0,2.0,119
1511,23,1,Homogeneous,3,Homogeneous,0,3.0,5.0,2.0,119
1512,23,3,Homogeneous,1,Homogeneous,0,3.0,5.0,2.0,118
1513,23,4,Homogeneous,0,Homogeneous,1,3.0,5.0,2.0,119
1514,23,5,Homogeneous,3,Homogeneous,1,3.0,5.0,2.0,118
1515,23,7,Homogeneous,1,Homogeneous,1,3.0,5.0,2.0,117
1516,23,8,Homogeneous,1,Homogeneous,2,3.0,5.0,2.0,116
1517,23,9,Homogeneous,1,Homogeneous,2,3.0,5.0,2.0,115
1518,23,10,Homogeneous,3,Homogeneous,3,3.0,5.0,2.0,117
1519,23,11,Homogeneous,2,Homogeneous,1,3.0,5.0,2.0,119
1520,23,13,Homogeneous,1,Homogeneous,0,3.0,5.0,2.0,114
1521,23,14,Homogeneous,0,Homogeneous,2,3.0,5.0,2.0,118
1522,23,15,Homogeneous,0,Homogeneous,0,3.0,5.0,2.0,117
1523,23,16,Homogeneous,0,Homogeneous,3,3.0,5.0,2.0,116
1524,23,17,Homogeneous,0,Homogeneous,0,3.0,5.0,2.0,115
1525,23,18,Homogeneous,0,Homogeneous,0,3.0,5.0,2.0,114
1526,23,19,Homogeneous,2,Homogeneous,0,3.0,5.0,2.0,118
1527,23,20,Homogeneous,2,Homogeneous,0,3.0,5.0,2.0,117
1528,23,21,Homogeneous,0,Homogeneous,1,3.0,5.0,2.0,113
1529,23,23,Homogeneous,3,Homogeneous,0,3.0,5.0,2.0,116
1530,23,24,Homogeneous,1,Homogeneous,2,3.0,5.0,2.0,113
1531,23,25,Homogeneous,3,Homogeneous,0,3.0,5.0,2.0,115
1532,23,26,Homogeneous,0,Homogeneous,0,3.0,5.0,2.0,112
1533,23,27,Homogeneous,3,Homogeneous,2,3.0,5.0,2.0,114
1534,23,28,Homogeneous,3,Homogeneous,0,3.0,5.0,2.0,113
1535,23,30,Homogeneous,3,Homogeneous,1,3.0,5.0,2.0,112
1536,23,31,Homogeneous,2,Homogeneous,0,3.0,5.0,2.0,116
1537,23,32,Homogeneous,3,Homogeneous,3,3.0,5.0,2.0,111
1538,23,35,Homogeneous,3,Homogeneous,1,3.0,5.0,2.0,110
1539,23,37,Homogeneous,2,Homogeneous,1,3.0,5.0,2.0,115
1540,23,38,Homogeneous,1,Homogeneous,0,3.0,5.0,2.0,112
1541,23,40,Homogeneous,1,Homogeneous,0,3.0,5.0,2.0,111
1542,23,41,Homogeneous,2,Homogeneous,2,3.0,5.0,2.0,114
1543,23,42,Homogeneous,0,Homogeneous,1,3.0,5.0,2.0,111
1544,23,43,Homogeneous,3,Homogeneous,0,3.0,5.0,2.0,109
1545,23,44,Homogeneous,3,Homogeneous,0,3.0,5.0,2.0,108
1546,23,45,Homogeneous,0,Homogeneous,3,3.0,5.0,2.0,110
1547,23,47,Homogeneous,1,Homogeneous,0,3.0,5.0,2.0,110
1548,23,48,Homogeneous,0,Homogeneous,1,3.0,5.0,2.0,109
1549,23,49,Homogeneous,1,Homogeneous,2,3.0,5.0,2.0,109
1550,23,50,Homogeneous,1,Homogeneous,1,3.0,5.0,2.0,108
1551,23,51,Homogeneous,3,Homogeneous,1,3.0,5.0,2.0,107
1552,23,52,Homogeneous,0,Homogeneous,0,3.0,5.0,2.0,108
1553,23,53,Homogeneous,0,Homogeneous,3,3.0,5.0,2.0,107
1554,23,54,Homogeneous,3,Homogeneous,0,3.0,5.0,2.0,106
1555,23,55,Homogeneous,1,Homogeneous,0,3.0,5.0,2.0,107
1556,23,56,Homogeneous,0,Homogeneous,1,3.0,5.0,2.0,106
1557,23,57,Homogeneous,1,Homogeneous,2,3.0,5.0,2.0,106
1558,23,58,Homogeneous,0,Homogeneous,0,3.0,5.0,2.0,105
1559,23,59,Homogeneous,0,Homogeneous,1,3.0,5.0,2.0,104
1560,23,60,Homogeneous,3,Homogeneous,0,3.0,5.0,2.0,105
1561,23,61,Homogeneous,3,Homogeneous,0,3.0,5.0,2.0,104
1562,23,62,Homogeneous,1,Homogeneous,3,3.0,5.0,2.0,105
1563,23,63,Homogeneous,3,Homogeneous,3,3.0,5.0,2.0,103
1564,23,64,Homogeneous,2,Homogeneous,1,3.0,5.0,2.0,113
1565,23,66,Homogeneous,0,Homogeneous,0,3.0,5.0,2.0,103
1566,23,67,Homogeneous,2,Homogeneous,1,3.0,5.0,2.0,112
1567,23,68,Homogeneous,2,Homogeneous,1,3.0,5.0,2.0,111
1568,23,70,Homogeneous,1,Homogeneous,1,3.0,5.0,2.0,104
1569,23,71,Homogeneous,3,Homogeneous,0,3.0,5.0,2.0,102
1570,23,72,Homogeneous,1,Homogeneous,0,3.0,5.0,2.0,103
1571,23,73,Homogeneous,3,Homogeneous,2,3.0,5.0,2.0,101
1572,23,74,Homogeneous,2,Homogeneous,2,3.0,5.0,2.0,110
1573,23,75,Homogeneous,3,Homogeneous,0,3.0,5.0,2.0,100
1574,23,76,Homogeneous,0,Homogeneous,1,3.0,5.0,2.0,102
1575,23,77,Homogeneous,1,Homogeneous,0,3.0,5.0,2.0,102
1576,23,79,Homogeneous,3,Homogeneous,0,3.0,5.0,2.0,99
1577,24,0,Homogeneous,3,Homogeneous,1,3.0,5.0,2.0,119
1578,24,1,Homogeneous,2,Homogeneous,3,3.0,5.0,2.0,119
1579,24,2,Homogeneous,2,Homogeneous,0,3.0,5.0,2.0,118
1580,24,3,Homogeneous,0,Homogeneous,1,3.0,5.0,2.0,119
1581,24,5,Homogeneous,2,Homogeneous,1,3.0,5.0,2.0,117
1582,24,6,Homogeneous,1,Homogeneous,2,3.0,5.0,2.0,119
1583,24,7,Homogeneous,1,Homogeneous,0,3.0,5.0,2.0,118
1584,24,8,Homogeneous,3,Homogeneous,1,3.0,5.0,2.0,118
1585,24,9,Homogeneous,3,Homogeneous,1,3.0,5.0,2.0,117
1586,24,10,Homogeneous,3,Homogeneous,0,3.0,5.0,2.0,116
1587,24,11,Homogeneous,1,Homogeneous,2,3.0,5.0,2.0,117
1588,24,12,Homogeneous,0,Homogeneous,3,3.0,5.0,2.0,118
1589,24,13,Homogeneous,1,Homogeneous,2,3.0,5.0,2.0,116
1590,24,14,Homogeneous,0,Homogeneous,2,3.0,5.0,2.0,117
1591,24,15,Homogeneous,0,Homogeneous,2,3.0,5.0,2.0,116
1592,24,16,Homogeneous,2,Homogeneous,0,3.0,5.0,2.0,116
1593,24,17,Homogeneous,2,Homogeneous,0,3.0,5.0,2.0,115
1594,24,18,Homogeneous,0,Homogeneous,2,3.0,5.0,2.0,115
1595,24,20,Homogeneous,1,Homogeneous,0,3.0,5.0,2.0,115
1596,24,21,Homogeneous,0,Homogeneous,0,3.0,5.0,2.0,114
1597,24,24,Homogeneous,2,Homogeneous,1,3.0,5.0,2.0,114
1598,24,27,Homogeneous,0,Homogeneous,2,3.0,5.0,2.0,113
1599,24,28,Homogeneous,0,Homogeneous,3,3.0,5.0,2.0,112
1600,24,29,Homogeneous,1,Homogeneous,1,3.0,5.0,2.0,114
1601,24,32,Homogeneous,1,Homogeneous,0,3.0,5.0,2.0,113
1602,24,33,Homogeneous,2,Homogeneous,1,3.0,5.0,2.0,113
1603,24,34,Homogeneous,1,Homogeneous,1,3.0,5.0,2.0,112
1604,24,35,Homogeneous,0,Homogeneous,0,3.0,5.0,2.0,111
1605,24,36,Homogeneous,2,Homogeneous,1,3.0,5.0,2.0,112
1606,24,38,Homogeneous,2,Homogeneous,0,3.0,5.0,2.0,111
1607,24,39,Homogeneous,2,Homogeneous,1,3.0,5.0,2.0,110
1608,24,40,Homogeneous,3,Homogeneous,0,3.0,5.0,2.0,115
1609,24,41,Homogeneous,2,Homogeneous,0,3.0,5.0,2.0,109
1610,24,43,Homogeneous,3,Homogeneous,2,3.0,5.0,2.0,114
1611,24,44,Homogeneous,2,Homogeneous,2,3.0,5.0,2.0,108
1612,24,45,Homogeneous,2,Homogeneous,0,3.0,5.0,2.0,107
1613,24,46,Homogeneous,3,Homogeneous,1,3.0,5.0,2.0,113
1614,24,48,Homogeneous,2,Homogeneous,1,3.0,5.0,2.0,106
1615,24,49,Homogeneous,3,Homogeneous,0,3.0,5.0,2.0,112
1616,24,51,Homogeneous,0,Homogeneous,2,3.0,5.0,2.0,110
1617,24,52,Homogeneous,2,Homogeneous,1,3.0,5.0,2.0,105
1618,24,53,Homogeneous,0,Homogeneous,0,3.0,5.0,2.0,109
1619,24,54,Homogeneous,2,Homogeneous,1,3.0,5.0,2.0,104
1620,24,55,Homogeneous,2,Homogeneous,2,3.0,5.0,2.0,103
1621,24,57,Homogeneous,1,Homogeneous,2,3.0,5.0,2.0,111
1622,24,59,Homogeneous,3,Homogeneous,0,3.0,5.0,2.0,111
1623,24,60,Homogeneous,1,Homogeneous,1,3.0,5.0,2.0,110
1624,24,62,Homogeneous,2,Homogeneous,0,3.0,5.0,2.0,102
1625,24,63,Homogeneous,2,Homogeneous,3,3.0,5.0,2.0,101
1626,24,64,Homogeneous,2,Homogeneous,2,3.0,5.0,2.0,100
1627,24,65,Homogeneous,0,Homogeneous,2,3.0,5.0,2.0,108
1628,24,66,Homogeneous,2,Homogeneous,0,3.0,5.0,2.0,99
1629,24,67,Homogeneous,3,Homogeneous,1,3.0,5.0,2.0,110
1630,24,69,Homogeneous,1,Homogeneous,0,3.0,5.0,2.0,109
1631,24,70,Homogeneous,1,Homogeneous,1,3.0,5.0,2.0,108
1632,24,71,Homogeneous,3,Homogeneous,3,3.0,5.0,2.0,109
1633,24,72,Homogeneous,0,Homogeneous,2,3.0,5.0,2.0,107
1634,24,75,Homogeneous,3,Homogeneous,3,3.0,5.0,2.0,108
1635,24,76,Homogeneous,3,Homogeneous,0,3.0,5.0,2.0,107
1636,24,77,Homogeneous,1,Homogeneous,0,3.0,5.0,2.0,107
1637,24,78,Homogeneous,0,Homogeneous,3,3.0,5.0,2.0,106
1638,24,79,Homogeneous,2,Homogeneous,1,3.0,5.0,2.0,98
1639,25,0,Homogeneous,3,Homogeneous,0,3.0,5.0,2.0,119
1640,25,1,Homogeneous,3,Homogeneous,0,3.0,5.0,2.0,118
1641,25,2,Homogeneous,1,Homogeneous,1,3.0,5.0,2.0,119
1642,25,3,Homogeneous,3,Homogeneous,0,3.0,5.0,2.0,117
1643,25,4,Homogeneous,0,Homogeneous,0,3.0,5.0,2.0,119
1644,25,5,Homogeneous,1,Homogeneous,2,3.0,5.0,2.0,118
1645,25,6,Homogeneous,1,Homogeneous,3,3.0,5.0,2.0,117
1646,25,7,Homogeneous,1,Homogeneous,1,3.0,5.0,2.0,116
1647,25,8,Homogeneous,0,Homogeneous,0,3.0,5.0,2.0,118
1648,25,9,Homogeneous,3,Homogeneous,2,3.0,5.0,2.0,116
1649,25,10,Homogeneous,3,Homogeneous,2,3.0,5.0,2.0,115
1650,25,11,Homogeneous,0,Homogeneous,2,3.0,5.0,2.0,117
1651,25,12,Homogeneous,3,Homogeneous,2,3.0,5.0,2.0,114
1652,25,13,Homogeneous,2,Homogeneous,1,3.0,5.0,2.0,119
1653,25,14,Homogeneous,3,Homogeneous,3,3.0,5.0,2.0,113
1654,25,16,Homogeneous,0,Homogeneous,1,3.0,5.0,2.0,116
1655,25,18,Homogeneous,2,Homogeneous,1,3.0,5.0,2.0,118
1656,25,20,Homogeneous,1,Homogeneous,0,3.0,5.0,2.0,115
1657,25,23,Homogeneous,1,Homogeneous,3,3.0,5.0,2.0,114
1658,25,24,Homogeneous,3,Homogeneous,1,3.0,5.0,2.0,112
1659,25,25,Homogeneous,2,Homogeneous,2,3.0,5.0,2.0,117
1660,25,26,Homogeneous,1,Homogeneous,0,3.0,5.0,2.0,113
1661,25,27,Homogeneous,3,Homogeneous,2,3.0,5.0,2.0,111
1662,25,28,Homogeneous,3,Homogeneous,0,3.0,5.0,2.0,110
1663,25,29,Homogeneous,2,Homogeneous,1,3.0,5.0,2.0,116
1664,25,30,Homogeneous,1,Homogeneous,2,3.0,5.0,2.0,112
1665,25,31,Homogeneous,1,Homogeneous,0,3.0,5.0,2.0,111
1666,25,32,Homogeneous,1,Homogeneous,1,3.0,5.0,2.0,110
1667,25,33,Homogeneous,1,Homogeneous,1,3.0,5.0,2.0,109
1668,25,34,Homogeneous,1,Homogeneous,2,3.0,5.0,2.0,108
1669,25,37,Homogeneous,2,Homogeneous,0,3.0,5.0,2.0,115
1670,25,38,Homogeneous,0,Homogeneous,0,3.0,5.0,2.0,115
1671,25,39,Homogeneous,1,Homogeneous,0,3.0,5.0,2.0,107
1672,25,40,Homogeneous,0,Homogeneous,0,3.0,5.0,2.0,114
1673,25,41,Homogeneous,2,Homogeneous,0,3.0,5.0,2.0,114
1674,25,43,Homogeneous,1,Homogeneous,2,3.0,5.0,2.0,106
1675,25,45,Homogeneous,1,Homogeneous,0,3.0,5.0,2.0,105
1676,25,47,Homogeneous,1,Homogeneous,2,3.0,5.0,2.0,104
1677,25,48,Homogeneous,2,Homogeneous,2,3.0,5.0,2.0,113
1678,25,49,Homogeneous,0,Homogeneous,2,3.0,5.0,2.0,113
1679,25,50,Homogeneous,1,Homogeneous,1,3.0,5.0,2.0,103
1680,25,52,Homogeneous,2,Homogeneous,0,3.0,5.0,2.0,112
1681,25,53,Homogeneous,1,Homogeneous,1,3.0,5.0,2.0,102
1682,25,54,Homogeneous,0,Homogeneous,0,3.0,5.0,2.0,112
1683,25,55,Homogeneous,1,Homogeneous,2,3.0,5.0,2.0,101
1684,25,56,Homogeneous,2,Homogeneous,2,3.0,5.0,2.0,111
1685,25,57,Homogeneous,3,Homogeneous,0,3.0,5.0,2.0,109
1686,25,59,Homogeneous,0,Homogeneous,3,3.0,5.0,2.0,111
1687,25,61,Homogeneous,0,Homogeneous,0,3.0,5.0,2.0,110
1688,25,62,Homogeneous,1,Homogeneous,1,3.0,5.0,2.0,100
1689,25,63,Homogeneous,3,Homogeneous,0,3.0,5.0,2.0,108
1690,25,64,Homogeneous,3,Homogeneous,2,3.0,5.0,2.0,107
1691,25,65,Homogeneous,0,Homogeneous,2,3.0,5.0,2.0,109
1692,25,66,Homogeneous,2,Homogeneous,2,3.0,5.0,2.0,110
1693,25,67,Homogeneous,2,Homogeneous,0,3.0,5.0,2.0,109
1694,25,68,Homogeneous,3,Homogeneous,2,3.0,5.0,2.0,106
1695,25,69,Homogeneous,0,Homogeneous,2,3.0,5.0,2.0,108
1696,25,70,Homogeneous,0,Homogeneous,2,3.0,5.0,2.0,107
1697,25,71,Homogeneous,3,Homogeneous,2,3.0,5.0,2.0,105
1698,25,72,Homogeneous,1,Homogeneous,0,3.0,5.0,2.0,99
1699,25,73,Homogeneous,2,Homogeneous,3,3.0,5.0,2.0,108
1700,25,74,Homogeneous,2,Homogeneous,1,3.0,5.0,2.0,107
1701,25,77,Homogeneous,0,Homogeneous,1,3.0,5.0,2.0,106
1702,25,78,Homogeneous,1,Homogeneous,2,3.0,5.0,2.0,98
1703,25,79,Homogeneous,2,Homogeneous,1,3.0,5.0,2.0,106
1704,26,1,Homogeneous,3,Homogeneous,1,3.0,5.0,2.0,119
1705,26,2,Homogeneous,3,Homogeneous,1,3.0,5.0,2.0,118
1706,26,3,Homogeneous,0,Homogeneous,0,3.0,5.0,2.0,119
1707,26,4,Homogeneous,3,Homogeneous,1,3.0,5.0,2.0,117
1708,26,5,Homogeneous,3,Homogeneous,0,3.0,5.0,2.0,116
1709,26,7,Homogeneous,3,Homogeneous,0,3.0,5.0,2.0,115
1710,26,8,Homogeneous,3,Homogeneous,1,3.0,5.0,2.0,114
1711,26,9,Homogeneous,3,Homogeneous,3,3.0,5.0,2.0,113
1712,26,10,Homogeneous,2,Homogeneous,1,3.0,5.0,2.0,119
1713,26,11,Homogeneous,3,Homogeneous,0,3.0,5.0,2.0,112
1714,26,12,Homogeneous,1,Homogeneous,0,3.0,5.0,2.0,119
1715,26,13,Homogeneous,2,Homogeneous,0,3.0,5.0,2.0,118
1716,26,14,Homogeneous,0,Homogeneous,1,3.0,5.0,2.0,118
1717,26,15,Homogeneous,1,Homogeneous,2,3.0,5.0,2.0,118
1718,26,16,Homogeneous,1,Homogeneous,3,3.0,5.0,2.0,117
1719,26,17,Homogeneous,1,Homogeneous,0,3.0,5.0,2.0,116
1720,26,19,Homogeneous,1,Homogeneous,0,3.0,5.0,2.0,115
1721,26,20,Homogeneous,3,Homogeneous,0,3.0,5.0,2.0,111
1722,26,22,Homogeneous,3,Homogeneous,0,3.0,5.0,2.0,110
1723,26,23,Homogeneous,3,Homogeneous,0,3.0,5.0,2.0,109
1724,26,26,Homogeneous,1,Homogeneous,1,3.0,5.0,2.0,114
1725,26,27,Homogeneous,1,Homogeneous,2,3.0,5.0,2.0,113
1726,26,28,Homogeneous,2,Homogeneous,0,3.0,5.0,2.0,117
1727,26,29,Homogeneous,1,Homogeneous,0,3.0,5.0,2.0,112
1728,26,30,Homogeneous,2,Homogeneous,0,3.0,5.0,2.0,116
1729,26,31,Homogeneous,3,Homogeneous,1,3.0,5.0,2.0,108
1730,26,32,Homogeneous,1,Homogeneous,1,3.0,5.0,2.0,111
1731,26,33,Homogeneous,0,Homogeneous,1,3.0,5.0,2.0,117
1732,26,34,Homogeneous,2,Homogeneous,2,3.0,5.0,2.0,115
1733,26,35,Homogeneous,1,Homogeneous,2,3.0,5.0,2.0,110
1734,26,36,Homogeneous,2,Homogeneous,2,3.0,5.0,2.0,114
1735,26,40,Homogeneous,1,Homogeneous,3,3.0,5.0,2.0,109
1736,26,41,Homogeneous,1,Homogeneous,0,3.0,5.0,2.0,108
1737,26,42,Homogeneous,2,Homogeneous,2,3.0,5.0,2.0,113
1738,26,43,Homogeneous,2,Homogeneous,2,3.0,5.0,2.0,112
1739,26,44,Homogeneous,2,Homogeneous,1,3.0,5.0,2.0,111
1740,26,45,Homogeneous,3,Homogeneous,1,3.0,5.0,2.0,107
1741,26,46,Homogeneous,2,Homogeneous,3,3.0,5.0,2.0,110
1742,26,47,Homogeneous,3,Homogeneous,2,3.0,5.0,2.0,106
1743,26,48,Homogeneous,1,Homogeneous,2,3.0,5.0,2.0,107
1744,26,50,Homogeneous,1,Homogeneous,0,3.0,5.0,2.0,106
1745,26,51,Homogeneous,1,Homogeneous,3,3.0,5.0,2.0,105
1746,26,52,Homogeneous,1,Homogeneous,2,3.0,5.0,2.0,104
1747,26,53,Homogeneous,2,Homogeneous,2,3.0,5.0,2.0,109
1748,26,54,Homogeneous,2,Homogeneous,0,3.0,5.0,2.0,108
1749,26,55,Homogeneous,0,Homogeneous,0,3.0,5.0,2.0,116
1750,26,56,Homogeneous,1,Homogeneous,2,3.0,5.0,2.0,103
1751,26,57,Homogeneous,1,Homogeneous,1,3.0,5.0,2.0,102
1752,26,58,Homogeneous,1,Homogeneous,1,3.0,5.0,2.0,101
1753,26,59,Homogeneous,1,Homogeneous,1,3.0,5.0,2.0,100
1754,26,61,Homogeneous,0,Homogeneous,1,3.0,5.0,2.0,115
1755,26,62,Homogeneous,1,Homogeneous,1,3.0,5.0,2.0,99
1756,26,63,Homogeneous,3,Homogeneous,1,3.0,5.0,2.0,105
1757,26,64,Homogeneous,2,Homogeneous,0,3.0,5.0,2.0,107
1758,26,65,Homogeneous,3,Homogeneous,0,3.0,5.0,2.0,104
1759,26,66,Homogeneous,1,Homogeneous,0,3.0,5.0,2.0,98
1760,26,67,Homogeneous,2,Homogeneous,3,3.0,5.0,2.0,106
1761,26,68,Homogeneous,1,Homogeneous,2,3.0,5.0,2.0,97
1762,26,69,Homogeneous,0,Homogeneous,2,3.0,5.0,2.0,114
1763,26,70,Homogeneous,1,Homogeneous,1,3.0,5.0,2.0,96
1764,26,71,Homogeneous,2,Homogeneous,0,3.0,5.0,2.0,105
1765,26,72,Homogeneous,3,Homogeneous,0,3.0,5.0,2.0,103
1766,26,73,Homogeneous,2,Homogeneous,2,3.0,5.0,2.0,104
1767,26,74,Homogeneous,2,Homogeneous,0,3.0,5.0,2.0,103
1768,26,75,Homogeneous,3,Homogeneous,1,3.0,5.0,2.0,102
1769,26,76,Homogeneous,2,Homogeneous,1,3.0,5.0,2.0,102
1770,26,77,Homogeneous,0,Homogeneous,1,3.0,5.0,2.0,113
1771,26,78,Homogeneous,1,Homogeneous,0,3.0,5.0,2.0,95
1772,27,0,Homogeneous,0,Homogeneous,0,3.0,5.0,2.0,119
1773,27,1,Homogeneous,2,Homogeneous,1,3.0,5.0,2.0,119
1774,27,4,Homogeneous,3,Homogeneous,0,3.0,5.0,2.0,119
1775,27,5,Homogeneous,2,Homogeneous,2,3.0,5.0,2.0,118
1776,27,7,Homogeneous,1,Homogeneous,1,3.0,5.0,2.0,119
1777,27,8,Homogeneous,2,Homogeneous,2,3.0,5.0,2.0,117
1778,27,9,Homogeneous,2,Homogeneous,0,3.0,5.0,2.0,116
1779,27,10,Homogeneous,2,Homogeneous,0,3.0,5.0,2.0,115
1780,27,11,Homogeneous,2,Homogeneous,1,3.0,5.0,2.0,114
1781,27,12,Homogeneous,0,Homogeneous,1,3.0,5.0,2.0,118
1782,27,13,Homogeneous,0,Homogeneous,0,3.0,5.0,2.0,117
1783,27,14,Homogeneous,2,Homogeneous,2,3.0,5.0,2.0,113
1784,27,16,Homogeneous,2,Homogeneous,0,3.0,5.0,2.0,112
1785,27,17,Homogeneous,0,Homogeneous,0,3.0,5.0,2.0,116
1786,27,18,Homogeneous,0,Homogeneous,0,3.0,5.0,2.0,115
1787,27,19,Homogeneous,2,Homogeneous,0,3.0,5.0,2.0,111
1788,27,20,Homogeneous,2,Homogeneous,1,3.0,5.0,2.0,110
1789,27,21,Homogeneous,3,Homogeneous,0,3.0,5.0,2.0,118
1790,27,22,Homogeneous,2,Homogeneous,2,3.0,5.0,2.0,109
1791,27,23,Homogeneous,2,Homogeneous,1,3.0,5.0,2.0,108
1792,27,24,Homogeneous,1,Homogeneous,0,3.0,5.0,2.0,118
1793,27,25,Homogeneous,2,Homogeneous,0,3.0,5.0,2.0,107
1794,27,26,Homogeneous,3,Homogeneous,3,3.0,5.0,2.0,117
1795,27,27,Homogeneous,0,Homogeneous,2,3.0,5.0,2.0,114
1796,27,28,Homogeneous,3,Homogeneous,0,3.0,5.0,2.0,116
1797,27,29,Homogeneous,2,Homogeneous,2,3.0,5.0,2.0,106
1798,27,30,Homogeneous,0,Homogeneous,0,3.0,5.0,2.0,113
1799,27,31,Homogeneous,1,Homogeneous,0,3.0,5.0,2.0,117
1800,27,32,Homogeneous,0,Homogeneous,0,3.0,5.0,2.0,112
1801,27,35,Homogeneous,1,Homogeneous,0,3.0,5.0,2.0,116
1802,27,36,Homogeneous,2,Homogeneous,0,3.0,5.0,2.0,105
1803,27,37,Homogeneous,2,Homogeneous,2,3.0,5.0,2.0,104
1804,27,38,Homogeneous,1,Homogeneous,1,3.0,5.0,2.0,115
1805,27,41,Homogeneous,2,Homogeneous,0,3.0,5.0,2.0,103
1806,27,42,Homogeneous,0,Homogeneous,1,3.0,5.0,2.0,111
1807,27,43,Homogeneous,3,Homogeneous,1,3.0,5.0,2.0,115
1808,27,44,Homogeneous,3,Homogeneous,1,3.0,5.0,2.0,114
1809,27,45,Homogeneous,0,Homogeneous,1,3.0,5.0,2.0,110
1810,27,46,Homogeneous,3,Homogeneous,0,3.0,5.0,2.0,113
1811,27,48,Homogeneous,0,Homogeneous,0,3.0,5.0,2.0,109
1812,27,49,Homogeneous,1,Homogeneous,0,3.0,5.0,2.0,114
1813,27,50,Homogeneous,3,Homogeneous,1,3.0,5.0,2.0,112
1814,27,51,Homogeneous,3,Homogeneous,0,3.0,5.0,2.0,111
1815,27,52,Homogeneous,3,Homogeneous,1,3.0,5.0,2.0,110
1816,27,53,Homogeneous,2,Homogeneous,0,3.0,5.0,2.0,102
1817,27,54,Homogeneous,1,Homogeneous,0,3.0,5.0,2.0,113
1818,27,55,Homogeneous,1,Homogeneous,0,3.0,5.0,2.0,112
1819,27,57,Homogeneous,2,Homogeneous,0,3.0,5.0,2.0,101
1820,27,59,Homogeneous,3,Homogeneous,0,3.0,5.0,2.0,109
1821,27,60,Homogeneous,0,Homogeneous,0,3.0,5.0,2.0,108
1822,27,61,Homogeneous,1,Homogeneous,0,3.0,5.0,2.0,111
1823,27,62,Homogeneous,1,Homogeneous,2,3.0,5.0,2.0,110
1824,27,63,Homogeneous,3,Homogeneous,0,3.0,5.0,2.0,108
1825,27,64,Homogeneous,0,Homogeneous,3,3.0,5.0,2.0,107
1826,27,65,Homogeneous,3,Homogeneous,0,3.0,5.0,2.0,107
1827,27,67,Homogeneous,1,Homogeneous,0,3.0,5.0,2.0,109
1828,27,68,Homogeneous,1,Homogeneous,1,3.0,5.0,2.0,108
1829,27,70,Homogeneous,2,Homogeneous,0,3.0,5.0,2.0,100
1830,27,71,Homogeneous,0,Homogeneous,0,3.0,5.0,2.0,106
1831,27,74,Homogeneous,0,Homogeneous,1,3.0,5.0,2.0,105
1832,27,75,Homogeneous,2,Homogeneous,1,3.0,5.0,2.0,99
1833,27,76,Homogeneous,2,Homogeneous,0,3.0,5.0,2.0,98
1834,27,77,Homogeneous,1,Homogeneous,3,3.0,5.0,2.0,107
1835,27,78,Homogeneous,2,Homogeneous,0,3.0,5.0,2.0,97
1836,27,79,Homogeneous,2,Homogeneous,0,3.0,5.0,2.0,96
1837,28,0,Homogeneous,2,Homogeneous,1,3.0,5.0,2.0,119
1838,28,1,Homogeneous,2,Homogeneous,0,3.0,5.0,2.0,118
1839,28,2,Homogeneous,1,Homogeneous,0,3.0,5.0,2.0,119
1840,28,3,Homogeneous,0,Homogeneous,1,3.0,5.0,2.0,119
1841,28,4,Homogeneous,1,Homogeneous,0,3.0,5.0,2.0,118
1842,28,5,Homogeneous,0,Homogeneous,1,3.0,5.0,2.0,118
1843,28,7,Homogeneous,1,Homogeneous,1,3.0,5.0,2.0,117
1844,28,9,Homogeneous,0,Homogeneous,0,3.0,5.0,2.0,117
1845,28,10,Homogeneous,0,Homogeneous,1,3.0,5.0,2.0,116
1846,28,11,Homogeneous,1,Homogeneous,3,3.0,5.0,2.0,116
1847,28,12,Homogeneous,3,Homogeneous,0,3.0,5.0,2.0,119
1848,28,13,Homogeneous,1,Homogeneous,0,3.0,5.0,2.0,115
1849,28,14,Homogeneous,0,Homogeneous,0,3.0,5.0,2.0,115
1850,28,15,Homogeneous,1,Homogeneous,1,3.0,5.0,2.0,114
1851,28,16,Homogeneous,3,Homogeneous,0,3.0,5.0,2.0,118
1852,28,17,Homogeneous,0,Homogeneous,0,3.0,5.0,2.0,114
1853,28,18,Homogeneous,2,Homogeneous,0,3.0,5.0,2.0,117
1854,28,19,Homogeneous,3,Homogeneous,0,3.0,5.0,2.0,117
1855,28,22,Homogeneous,2,Homogeneous,3,3.0,5.0,2.0,116
1856,28,23,Homogeneous,0,Homogeneous,3,3.0,5.0,2.0,113
1857,28,24,Homogeneous,1,Homogeneous,2,3.0,5.0,2.0,113
1858,28,25,Homogeneous,2,Homogeneous,0,3.0,5.0,2.0,115
1859,28,26,Homogeneous,3,Homogeneous,3,3.0,5.0,2.0,116
1860,28,27,Homogeneous,3,Homogeneous,1,3.0,5.0,2.0,115
1861,28,29,Homogeneous,2,Homogeneous,1,3.0,5.0,2.0,114
1862,28,30,Homogeneous,2,Homogeneous,0,3.0,5.0,2.0,113
1863,28,31,Homogeneous,0,Homogeneous,0,3.0,5.0,2.0,112
1864,28,32,Homogeneous,3,Homogeneous,2,3.0,5.0,2.0,114
1865,28,33,Homogeneous,3,Homogeneous,0,3.0,5.0,2.0,113
1866,28,34,Homogeneous,1,Homogeneous,2,3.0,5.0,2.0,112
1867,28,35,Homogeneous,2,Homogeneous,2,3.0,5.0,2.0,112
1868,28,36,Homogeneous,1,Homogeneous,0,3.0,5.0,2.0,111
1869,28,38,Homogeneous,2,Homogeneous,0,3.0,5.0,2.0,111
1870,28,39,Homogeneous,2,Homogeneous,0,3.0,5.0,2.0,110
1871,28,40,Homogeneous,1,Homogeneous,0,3.0,5.0,2.0,110
1872,28,41,Homogeneous,0,Homogeneous,1,3.0,5.0,2.0,111
1873,28,42,Homogeneous,0,Homogeneous,2,3.0,5.0,2.0,110
1874,28,43,Homogeneous,1,Homogeneous,2,3.0,5.0,2.0,109
1875,28,44,Homogeneous,0,Homogeneous,1,3.0,5.0,2.0,109
1876,28,45,Homogeneous,0,Homogeneous,1,3.0,5.0,2.0,108
1877,28,48,Homogeneous,3,Homogeneous,0,3.0,5.0,2.0,112
1878,28,50,Homogeneous,2,Homogeneous,3,3.0,5.0,2.0,109
1879,28,51,Homogeneous,3,Homogeneous,3,3.0,5.0,2.0,111
1880,28,52,Homogeneous,2,Homogeneous,2,3.0,5.0,2.0,108
1881,28,53,Homogeneous,1,Homogeneous,0,3.0,5.0,2.0,108
1882,28,54,Homogeneous,2,Homogeneous,0,3.0,5.0,2.0,107
1883,28,55,Homogeneous,1,Homogeneous,1,3.0,5.0,2.0,107
1884,28,56,Homogeneous,1,Homogeneous,1,3.0,5.0,2.0,106
1885,28,57,Homogeneous,1,Homogeneous,3,3.0,5.0,2.0,105
1886,28,58,Homogeneous,1,Homogeneous,2,3.0,5.0,2.0,104
1887,28,59,Homogeneous,3,Homogeneous,0,3.0,5.0,2.0,110
1888,28,60,Homogeneous,3,Homogeneous,0,3.0,5.0,2.0,109
1889,28,61,Homogeneous,1,Homogeneous,2,3.0,5.0,2.0,103
1890,28,64,Homogeneous,2,Homogeneous,0,3.0,5.0,2.0,106
1891,28,65,Homogeneous,1,Homogeneous,2,3.0,5.0,2.0,102
1892,28,66,Homogeneous,2,Homogeneous,0,3.0,5.0,2.0,105
1893,28,67,Homogeneous,1,Homogeneous,0,3.0,5.0,2.0,101
1894,28,69,Homogeneous,2,Homogeneous,0,3.0,5.0,2.0,104
1895,28,70,Homogeneous,3,Homogeneous,2,3.0,5.0,2.0,108
1896,28,71,Homogeneous,0,Homogeneous,1,3.0,5.0,2.0,107
1897,28,72,Homogeneous,1,Homogeneous,1,3.0,5.0,2.0,100
1898,28,73,Homogeneous,2,Homogeneous,1,3.0,5.0,2.0,103
1899,28,74,Homogeneous,2,Homogeneous,0,3.0,5.0,2.0,102
1900,28,75,Homogeneous,0,Homogeneous,2,3.0,5.0,2.0,106
1901,28,76,Homogeneous,3,Homogeneous,1,3.0,5.0,2.0,107
1902,28,77,Homogeneous,0,Homogeneous,2,3.0,5.0,2.0,105
1903,28,79,Homogeneous,2,Homogeneous,0,3.0,5.0,2.0,101
1904,29,2,Homogeneous,2,Homogeneous,1,3.0,5.0,2.0,119
1905,29,3,Homogeneous,3,Homogeneous,2,3.0,5.0,2.0,119
1906,29,4,Homogeneous,0,Homogeneous,0,3.0,5.0,2.0,119
1907,29,6,Homogeneous,1,Homogeneous,0,3.0,5.0,2.0,119
1908,29,7,Homogeneous,2,Homogeneous,2,3.0,5.0,2.0,118
1909,29,8,Homogeneous,0,Homogeneous,0,3.0,5.0,2.0,118
1910,29,9,Homogeneous,3,Homogeneous,0,3.0,5.0,2.0,118
1911,29,10,Homogeneous,3,Homogeneous,0,3.0,5.0,2.0,117
1912,29,11,Homogeneous,0,Homogeneous,1,3.0,5.0,2.0,117
1913,29,13,Homogeneous,3,Homogeneous,1,3.0,5.0,2.0,116
1914,29,14,Homogeneous,1,Homogeneous,0,3.0,5.0,2.0,118
1915,29,15,Homogeneous,2,Homogeneous,2,3.0,5.0,2.0,117
1916,29,16,Homogeneous,1,Homogeneous,2,3.0,5.0,2.0,117
1917,29,17,Homogeneous,2,Homogeneous,0,3.0,5.0,2.0,116
1918,29,18,Homogeneous,2,Homogeneous,1,3.0,5.0,2.0,115
1919,29,19,Homogeneous,2,Homogeneous,0,3.0,5.0,2.0,114
1920,29,20,Homogeneous,0,Homogeneous,3,3.0,5.0,2.0,116
1921,29,21,Homogeneous,3,Homogeneous,1,3.0,5.0,2.0,115
1922,29,22,Homogeneous,2,Homogeneous,2,3.0,5.0,2.0,113
1923,29,23,Homogeneous,3,Homogeneous,0,3.0,5.0,2.0,114
1924,29,24,Homogeneous,3,Homogeneous,0,3.0,5.0,2.0,113
1925,29,25,Homogeneous,1,Homogeneous,0,3.0,5.0,2.0,116
1926,29,26,Homogeneous,3,Homogeneous,3,3.0,5.0,2.0,112
1927,29,27,Homogeneous,0,Homogeneous,3,3.0,5.0,2.0,115
1928,29,30,Homogeneous,0,Homogeneous,3,3.0,5.0,2.0,114
1929,29,31,Homogeneous,2,Homogeneous,2,3.0,5.0,2.0,112
1930,29,32,Homogeneous,1,Homogeneous,2,3.0,5.0,2.0,115
1931,29,33,Homogeneous,2,Homogeneous,3,3.0,5.0,2.0,111
1932,29,34,Homogeneous,3,Homogeneous,0,3.0,5.0,2.0,111
1933,29,36,Homogeneous,1,Homogeneous,1,3.0,5.0,2.0,114
1934,29,37,Homogeneous,3,Homogeneous,2,3.0,5.0,2.0,110
1935,29,38,Homogeneous,0,Homogeneous,2,3.0,5.0,2.0,113
1936,29,39,Homogeneous,0,Homogeneous,1,3.0,5.0,2.0,112
1937,29,40,Homogeneous,0,Homogeneous,1,3.0,5.0,2.0,111
1938,29,41,Homogeneous,3,Homogeneous,0,3.0,5.0,2.0,109
1939,29,42,Homogeneous,1,Homogeneous,2,3.0,5.0,2.0,113
1940,29,43,Homogeneous,3,Homogeneous,0,3.0,5.0,2.0,108
1941,29,44,Homogeneous,3,Homogeneous,0,3.0,5.0,2.0,107
1942,29,45,Homogeneous,1,Homogeneous,2,3.0,5.0,2.0,112
1943,29,46,Homogeneous,1,Homogeneous,1,3.0,5.0,2.0,111
1944,29,47,Homogeneous,0,Homogeneous,0,3.0,5.0,2.0,110
1945,29,48,Homogeneous,3,Homogeneous,1,3.0,5.0,2.0,106
1946,29,49,Homogeneous,2,Homogeneous,0,3.0,5.0,2.0,110
1947,29,50,Homogeneous,1,Homogeneous,0,3.0,5.0,2.0,110
1948,29,51,Homogeneous,3,Homogeneous,3,3.0,5.0,2.0,105
1949,29,52,Homogeneous,1,Homogeneous,1,3.0,5.0,2.0,109
1950,29,53,Homogeneous,3,Homogeneous,0,3.0,5.0,2.0,104
1951,29,54,Homogeneous,3,Homogeneous,0,3.0,5.0,2.0,103
1952,29,55,Homogeneous,1,Homogeneous,2,3.0,5.0,2.0,108
1953,29,56,Homogeneous,0,Homogeneous,0,3.0,5.0,2.0,109
1954,29,57,Homogeneous,1,Homogeneous,1,3.0,5.0,2.0,107
1955,29,58,Homogeneous,3,Homogeneous,3,3.0,5.0,2.0,102
1956,29,60,Homogeneous,2,Homogeneous,3,3.0,5.0,2.0,109
1957,29,61,Homogeneous,1,Homogeneous,0,3.0,5.0,2.0,106
1958,29,63,Homogeneous,0,Homogeneous,3,3.0,5.0,2.0,108
1959,29,64,Homogeneous,3,Homogeneous,2,3.0,5.0,2.0,101
1960,29,65,Homogeneous,3,Homogeneous,0,3.0,5.0,2.0,100
1961,29,67,Homogeneous,2,Homogeneous,0,3.0,5.0,2.0,108
1962,29,68,Homogeneous,1,Homogeneous,1,3.0,5.0,2.0,105
1963,29,69,Homogeneous,3,Homogeneous,1,3.0,5.0,2.0,99
1964,29,70,Homogeneous,1,Homogeneous,0,3.0,5.0,2.0,104
1965,29,71,Homogeneous,2,Homogeneous,1,3.0,5.0,2.0,107
1966,29,73,Homogeneous,3,Homogeneous,3,3.0,5.0,2.0,98
1967,29,74,Homogeneous,1,Homogeneous,1,3.0,5.0,2.0,103
1968,29,75,Homogeneous,2,Homogeneous,2,3.0,5.0,2.0,106
1969,29,76,Homogeneous,3,Homogeneous,3,3.0,5.0,2.0,97
1970,29,78,Homogeneous,0,Homogeneous,3,3.0,5.0,2.0,107
1971,29,79,Homogeneous,3,Homogeneous,0,3.0,5.0,2.0,96
