transaction_id,seed,buyer_id,buyer_class,seller_id,seller_class,visit_order,price,budget_before,budget_after,seller_inventory_after
0,0,0,Poor,1,Slow,0,2.0,3.0,1.0,129
1,0,1,Poor,0,Slow,2,2.0,3.0,1.0,129
2,0,2,Poor,0,Slow,4,2.0,3.0,1.0,128
3,0,3,Poor,0,Slow,3,2.0,3.0,1.0,127
4,0,4,Poor,2,Slow,1,2.0,3.0,1.0,129
5,0,5,Poor,2,Slow,1,2.0,3.0,1.0,128
6,0,6,Poor,0,Slow,2,2.0,3.0,1.0,126
7,0,7,Poor,1,Slow,3,2.0,3.0,1.0,128
8,0,8,Poor,0,Slow,0,2.0,3.0,1.0,125
9,0,9,Poor,0,Slow,4,2.0,3.0,1.0,124
10,0,10,Poor,2,Slow,0,2.0,3.0,1.0,127
11,0,11,Poor,2,Slow,2,2.0,3.0,1.0,126
12,0,13,Poor,1,Slow,1,2.0,3.0,1.0,127
13,0,14,Poor,1,Slow,2,2.0,3.0,1.0,126
14,0,15,Poor,2,Slow,1,2.0,3.0,1.0,125
15,0,17,Poor,1,Slow,0,2.0,3.0,1.0,125
16,0,19,Poor,0,Slow,1,2.0,3.0,1.0,123
17,0,21,Poor,0,Slow,4,2.0,3.0,1.0,122
18,0,22,Poor,1,Slow,4,2.0,3.0,1.0,124
19,0,23,Poor,1,Slow,1,2.0,3.0,1.0,123
20,0,24,Poor,0,Slow,0,2.0,3.0,1.0,121
21,0,27,Poor,1,Slow,4,2.0,3.0,1.0,122
22,0,28,Poor,0,Slow,4,2.0,3.0,1.0,120
23,0,30,Poor,2,Slow,1,2.0,3.0,1.0,124
24,0,31,Poor,2,Slow,4,2.0,3.0,1.0,123
25,0,34,Poor,0,Slow,0,2.0,3.0,1.0,119
26,0,35,Poor,0,Slow,1,2.0,3.0,1.0,118
27,0,36,Poor,2,Slow,3,2.0,3.0,1.0,122
28,0,37,Poor,0,Slow,1,2.0,3.0,1.0,117
29,0,38,Poor,1,Slow,3,2.0,3.0,1.0,121
30,0,39,Poor,1,Slow,1,2.0,3.0,1.0,120
31,0,41,Poor,1,Slow,4,2.0,3.0,1.0,119
32,0,42,Poor,2,Slow,0,2.0,3.0,1.0,121
33,0,44,Poor,0,Slow,2,2.0,3.0,1.0,116
34,0,45,Poor,0,Slow,2,2.0,3.0,1.0,115
35,0,49,Poor,2,Slow,1,2.0,3.0,1.0,120
36,0,50,Poor,2,Slow,2,2.0,3.0,1.0,119
37,0,52,Poor,1,Slow,2,2.0,3.0,1.0,118
38,0,54,Poor,0,Slow,0,2.0,3.0,1.0,114
39,0,55,Poor,0,Slow,4,2.0,3.0,1.0,113
40,0,57,Poor,2,Slow,0,2.0,3.0,1.0,118
41,0,59,Poor,0,Slow,0,2.0,3.0,1.0,112
42,0,60,Poor,1,Slow,0,2.0,3.0,1.0,117
43,0,64,Poor,1,Slow,1,2.0,3.0,1.0,116
44,0,66,Poor,1,Slow,0,2.0,3.0,1.0,115
45,0,70,Middle,3,Shigh,2,4.199999999999999,7.0,2.8000000000000007,69
46,0,71,Middle,1,Slow,0,2.0,7.0,5.0,114
47,0,71,Middle,2,Slow,1,2.0,5.0,3.0,117
48,0,71,Middle,0,Slow,3,2.0,3.0,1.0,111
49,0,72,Middle,1,Slow,0,2.0,7.0,5.0,113
50,0,72,Middle,0,Slow,2,2.0,5.0,3.0,110
51,0,73,Middle,2,Slow,1,2.0,7.0,5.0,116
52,0,73,Middle,1,Slow,3,2.0,5.0,3.0,112
53,0,75,Middle,1,Slow,0,2.0,7.0,5.0,111
54,0,75,Middle,2,Slow,2,2.0,5.0,3.0,115
55,0,75,Middle,0,Slow,3,2.0,3.0,1.0,109
56,0,76,Middle,2,Slow,4,2.0,7.0,5.0,114
57,0,77,Middle,3,Shigh,1,4.199999999999999,7.0,2.8000000000000007,68
58,0,78,Middle,1,Slow,2,2.0,7.0,5.0,110
59,0,79,Middle,1,Slow,2,2.0,7.0,5.0,109
60,0,79,Middle,3,Shigh,3,4.199999999999999,5.0,0.8000000000000007,67
61,0,80,Middle,2,Slow,2,2.0,7.0,5.0,113
62,0,80,Middle,1,Slow,4,2.0,5.0,3.0,108
63,0,81,Middle,4,Shigh,4,6.0,7.0,1.0,69
64,0,82,Middle,2,Slow,0,2.0,7.0,5.0,112
65,0,82,Middle,1,Slow,1,2.0,5.0,3.0,107
66,0,83,Middle,1,Slow,1,2.0,7.0,5.0,106
67,0,83,Middle,2,Slow,4,2.0,5.0,3.0,111
68,0,84,Middle,0,Slow,3,2.0,7.0,5.0,108
69,0,86,Middle,1,Slow,1,2.0,7.0,5.0,105
70,0,87,Middle,3,Shigh,1,4.199999999999999,7.0,2.8000000000000007,66
71,0,87,Middle,1,Slow,3,2.0,2.8000000000000007,0.8000000000000007,104
72,0,88,Middle,2,Slow,2,2.0,7.0,5.0,110
73,0,88,Middle,3,Shigh,3,4.199999999999999,5.0,0.8000000000000007,65
74,0,89,Middle,1,Slow,4,2.0,7.0,5.0,103
75,0,90,Rich,2,Slow,1,2.0,10.0,8.0,109
76,0,90,Rich,1,Slow,3,2.0,8.0,6.0,102
77,0,90,Rich,3,Shigh,4,4.199999999999999,6.0,1.8000000000000007,64
78,0,91,Rich,1,Slow,0,2.0,10.0,8.0,101
79,0,91,Rich,3,Shigh,1,4.199999999999999,8.0,3.8000000000000007,63
80,0,92,Rich,2,Slow,0,2.0,10.0,8.0,108
81,0,92,Rich,1,Slow,1,2.0,8.0,6.0,100
82,0,92,Rich,0,Slow,2,2.0,6.0,4.0,107
83,0,93,Rich,0,Slow,1,2.0,10.0,8.0,106
84,0,93,Rich,3,Shigh,3,4.199999999999999,8.0,3.8000000000000007,62
85,0,95,Rich,3,Shigh,0,4.199999999999999,10.0,5.800000000000001,61
86,0,95,Rich,1,Slow,1,2.0,5.800000000000001,3.8000000000000007,99
87,0,95,Rich,2,Slow,3,2.0,3.8000000000000007,1.8000000000000007,107
88,0,96,Rich,0,Slow,1,2.0,10.0,8.0,105
89,0,96,Rich,4,Shigh,2,6.0,8.0,2.0,68
90,0,96,Rich,1,Slow,4,2.0,2.0,0.0,98
91,0,97,Rich,4,Shigh,0,6.0,10.0,4.0,67
92,0,98,Rich,2,Slow,1,2.0,10.0,8.0,106
93,0,98,Rich,3,Shigh,2,4.199999999999999,8.0,3.8000000000000007,60
94,0,99,Rich,4,Shigh,1,6.0,10.0,4.0,66
95,0,99,Rich,2,Slow,4,2.0,4.0,2.0,105
96,1,1,Poor,0,Slow,3,2.0,3.0,1.0,129
97,1,3,Poor,1,Slow,1,2.0,3.0,1.0,129
98,1,5,Poor,0,Slow,0,2.0,3.0,1.0,128
99,1,7,Poor,0,Slow,1,2.0,3.0,1.0,127
100,1,8,Poor,1,Slow,1,2.0,3.0,1.0,128
101,1,9,Poor,2,Slow,0,2.0,3.0,1.0,129
102,1,10,Poor,0,Slow,1,2.0,3.0,1.0,126
103,1,11,Poor,2,Slow,3,2.0,3.0,1.0,128
104,1,12,Poor,1,Slow,0,2.0,3.0,1.0,127
105,1,13,Poor,1,Slow,0,2.0,3.0,1.0,126
106,1,14,Poor,0,Slow,0,2.0,3.0,1.0,125
107,1,15,Poor,1,Slow,4,2.0,3.0,1.0,125
108,1,16,Poor,0,Slow,1,2.0,3.0,1.0,124
109,1,17,Poor,1,Slow,3,2.0,3.0,1.0,124
110,1,19,Poor,2,Slow,1,2.0,3.0,1.0,127
111,1,20,Poor,1,Slow,1,2.0,3.0,1.0,123
112,1,21,Poor,0,Slow,4,2.0,3.0,1.0,123
113,1,23,Poor,1,Slow,2,2.0,3.0,1.0,122
114,1,24,Poor,1,Slow,2,2.0,3.0,1.0,121
115,1,26,Poor,1,Slow,0,2.0,3.0,1.0,120
116,1,27,Poor,2,Slow,2,2.0,3.0,1.0,126
117,1,28,Poor,1,Slow,2,2.0,3.0,1.0,119
118,1,29,Poor,0,Slow,0,2.0,3.0,1.0,122
119,1,31,Poor,2,Slow,3,2.0,3.0,1.0,125
120,1,32,Poor,0,Slow,1,2.0,3.0,1.0,121
121,1,33,Poor,1,Slow,2,2.0,3.0,1.0,118
122,1,34,Poor,1,Slow,1,2.0,3.0,1.0,117
123,1,35,Poor,0,Slow,1,2.0,3.0,1.0,120
124,1,36,Poor,0,Slow,0,2.0,3.0,1.0,119
125,1,37,Poor,1,Slow,1,2.0,3.0,1.0,116
126,1,39,Poor,1,Slow,3,2.0,3.0,1.0,115
127,1,40,Poor,0,Slow,0,2.0,3.0,1.0,118
128,1,41,Poor,0,Slow,3,2.0,3.0,1.0,117
129,1,43,Poor,0,Slow,1,2.0,3.0,1.0,116
130,1,45,Poor,1,Slow,0,2.0,3.0,1.0,114
131,1,46,Poor,0,Slow,0,2.0,3.0,1.0,115
132,1,47,Poor,1,Slow,1,2.0,3.0,1.0,113
133,1,48,Poor,1,Slow,0,2.0,3.0,1.0,112
134,1,49,Poor,2,Slow,3,2.0,3.0,1.0,124
135,1,50,Poor,0,Slow,0,2.0,3.0,1.0,114
136,1,51,Poor,0,Slow,1,2.0,3.0,1.0,113
137,1,55,Poor,1,Slow,4,2.0,3.0,1.0,111
138,1,57,Poor,1,Slow,0,2.0,3.0,1.0,110
139,1,58,Poor,0,Slow,2,2.0,3.0,1.0,112
140,1,59,Poor,0,Slow,4,2.0,3.0,1.0,111
141,1,64,Poor,1,Slow,4,2.0,3.0,1.0,109
142,1,65,Poor,2,Slow,0,2.0,3.0,1.0,123
143,1,66,Poor,0,Slow,3,2.0,3.0,1.0,110
144,1,67,Poor,0,Slow,0,2.0,3.0,1.0,109
145,1,68,Poor,0,Slow,2,2.0,3.0,1.0,108
146,1,70,Middle,1,Slow,3,2.0,7.0,5.0,108
147,1,71,Middle,2,Slow,3,2.0,7.0,5.0,122
148,1,71,Middle,1,Slow,4,2.0,5.0,3.0,107
149,1,72,Middle,3,Shigh,1,4.199999999999999,7.0,2.8000000000000007,69
150,1,73,Middle,0,Slow,2,2.0,7.0,5.0,107
151,1,73,Middle,1,Slow,4,2.0,5.0,3.0,106
152,1,75,Middle,4,Shigh,2,6.0,7.0,1.0,69
153,1,76,Middle,2,Slow,1,2.0,7.0,5.0,121
154,1,76,Middle,1,Slow,2,2.0,5.0,3.0,105
155,1,77,Middle,1,Slow,2,2.0,7.0,5.0,104
156,1,77,Middle,0,Slow,4,2.0,5.0,3.0,106
157,1,78,Middle,1,Slow,0,2.0,7.0,5.0,103
158,1,79,Middle,2,Slow,2,2.0,7.0,5.0,120
159,1,81,Middle,3,Shigh,0,4.199999999999999,7.0,2.8000000000000007,68
160,1,82,Middle,1,Slow,1,2.0,7.0,5.0,102
161,1,82,Middle,2,Slow,4,2.0,5.0,3.0,119
162,1,83,Middle,1,Slow,0,2.0,7.0,5.0,101
163,1,84,Middle,0,Slow,4,2.0,7.0,5.0,105
164,1,85,Middle,2,Slow,0,2.0,7.0,5.0,118
165,1,85,Middle,3,Shigh,1,4.199999999999999,5.0,0.8000000000000007,67
166,1,86,Middle,3,Shigh,1,4.199999999999999,7.0,2.8000000000000007,66
167,1,88,Middle,1,Slow,3,2.0,7.0,5.0,100
168,1,89,Middle,2,Slow,0,2.0,7.0,5.0,117
169,1,89,Middle,3,Shigh,4,4.199999999999999,5.0,0.8000000000000007,65
170,1,90,Rich,1,Slow,2,2.0,10.0,8.0,99
171,1,90,Rich,3,Shigh,3,4.199999999999999,8.0,3.8000000000000007,64
172,1,91,Rich,2,Slow,0,2.0,10.0,8.0,116
173,1,91,Rich,1,Slow,1,2.0,8.0,6.0,98
174,1,92,Rich,3,Shigh,1,4.199999999999999,10.0,5.800000000000001,63
175,1,92,Rich,2,Slow,4,2.0,5.800000000000001,3.8000000000000007,115
176,1,93,Rich,0,Slow,1,2.0,10.0,8.0,104
177,1,93,Rich,1,Slow,3,2.0,8.0,6.0,97
178,1,94,Rich,3,Shigh,0,4.199999999999999,10.0,5.800000000000001,62
179,1,94,Rich,0,Slow,2,2.0,5.800000000000001,3.8000000000000007,103
180,1,95,Rich,3,Shigh,1,4.199999999999999,10.0,5.800000000000001,61
181,1,95,Rich,0,Slow,4,2.0,5.800000000000001,3.8000000000000007,102
182,1,96,Rich,1,Slow,0,2.0,10.0,8.0,96
183,1,96,Rich,3,Shigh,1,4.199999999999999,8.0,3.8000000000000007,60
184,1,96,Rich,2,Slow,2,2.0,3.8000000000000007,1.8000000000000007,114
185,1,97,Rich,0,Slow,1,2.0,10.0,8.0,101
186,1,98,Rich,4,Shigh,0,6.0,10.0,4.0,68
187,1,98,Rich,1,Slow,3,2.0,4.0,2.0,95
188,1,99,Rich,1,Slow,3,2.0,10.0,8.0,94
189,2,1,Poor,1,Slow,0,2.0,3.0,1.0,129
190,2,2,Poor,1,Slow,1,2.0,3.0,1.0,128
191,2,3,Poor,0,Slow,3,2.0,3.0,1.0,129
192,2,5,Poor,0,Slow,1,2.0,3.0,1.0,128
193,2,6,Poor,0,Slow,1,2.0,3.0,1.0,127
194,2,7,Poor,1,Slow,1,2.0,3.0,1.0,127
195,2,8,Poor,0,Slow,0,2.0,3.0,1.0,126
196,2,10,Poor,0,Slow,4,2.0,3.0,1.0,125
197,2,11,Poor,2,Slow,4,2.0,3.0,1.0,129
198,2,12,Poor,0,Slow,0,2.0,3.0,1.0,124
199,2,13,Poor,0,Slow,4,2.0,3.0,1.0,123
200,2,15,Poor,1,Slow,1,2.0,3.0,1.0,126
201,2,17,Poor,2,Slow,1,2.0,3.0,1.0,128
202,2,18,Poor,0,Slow,4,2.0,3.0,1.0,122
203,2,19,Poor,0,Slow,1,2.0,3.0,1.0,121
204,2,20,Poor,0,Slow,0,2.0,3.0,1.0,120
205,2,23,Poor,0,Slow,4,2.0,3.0,1.0,119
206,2,24,Poor,0,Slow,4,2.0,3.0,1.0,118
207,2,25,Poor,1,Slow,0,2.0,3.0,1.0,125
208,2,26,Poor,2,Slow,1,2.0,3.0,1.0,127
209,2,27,Poor,1,Slow,3,2.0,3.0,1.0,124
210,2,28,Poor,0,Slow,4,2.0,3.0,1.0,117
211,2,29,Poor,2,Slow,1,2.0,3.0,1.0,126
212,2,31,Poor,1,Slow,1,2.0,3.0,1.0,123
213,2,33,Poor,1,Slow,2,2.0,3.0,1.0,122
214,2,34,Poor,1,Slow,3,2.0,3.0,1.0,121
215,2,35,Poor,1,Slow,0,2.0,3.0,1.0,120
216,2,37,Poor,0,Slow,1,2.0,3.0,1.0,116
217,2,38,Poor,0,Slow,1,2.0,3.0,1.0,115
218,2,39,Poor,2,Slow,2,2.0,3.0,1.0,125
219,2,41,Poor,0,Slow,1,2.0,3.0,1.0,114
220,2,42,Poor,0,Slow,2,2.0,3.0,1.0,113
221,2,43,Poor,1,Slow,4,2.0,3.0,1.0,119
222,2,44,Poor,0,Slow,0,2.0,3.0,1.0,112
223,2,46,Poor,1,Slow,3,2.0,3.0,1.0,118
224,2,47,Poor,0,Slow,4,2.0,3.0,1.0,111
225,2,48,Poor,2,Slow,2,2.0,3.0,1.0,124
226,2,49,Poor,0,Slow,2,2.0,3.0,1.0,110
227,2,50,Poor,0,Slow,1,2.0,3.0,1.0,109
228,2,52,Poor,2,Slow,2,2.0,3.0,1.0,123
229,2,54,Poor,2,Slow,0,2.0,3.0,1.0,122
230,2,56,Poor,1,Slow,4,2.0,3.0,1.0,117
231,2,58,Poor,2,Slow,3,2.0,3.0,1.0,121
232,2,60,Poor,2,Slow,2,2.0,3.0,1.0,120
233,2,62,Poor,1,Slow,4,2.0,3.0,1.0,116
234,2,63,Poor,2,Slow,2,2.0,3.0,1.0,119
235,2,64,Poor,1,Slow,0,2.0,3.0,1.0,115
236,2,65,Poor,2,Slow,1,2.0,3.0,1.0,118
237,2,66,Poor,0,Slow,1,2.0,3.0,1.0,108
238,2,67,Poor,2,Slow,3,2.0,3.0,1.0,117
239,2,68,Poor,1,Slow,3,2.0,3.0,1.0,114
240,2,69,Poor,1,Slow,3,2.0,3.0,1.0,113
241,2,70,Middle,2,Slow,1,2.0,7.0,5.0,116
242,2,71,Middle,1,Slow,0,2.0,7.0,5.0,112
243,2,72,Middle,0,Slow,3,2.0,7.0,5.0,107
244,2,73,Middle,0,Slow,0,2.0,7.0,5.0,106
245,2,73,Middle,2,Slow,1,2.0,5.0,3.0,115
246,2,75,Middle,0,Slow,1,2.0,7.0,5.0,105
247,2,77,Middle,0,Slow,1,2.0,7.0,5.0,104
248,2,77,Middle,3,Shigh,2,4.199999999999999,5.0,0.8000000000000007,69
249,2,78,Middle,2,Slow,3,2.0,7.0,5.0,114
250,2,79,Middle,1,Slow,0,2.0,7.0,5.0,111
251,2,79,Middle,0,Slow,2,2.0,5.0,3.0,103
252,2,80,Middle,0,Slow,1,2.0,7.0,5.0,102
253,2,80,Middle,1,Slow,2,2.0,5.0,3.0,110
254,2,81,Middle,0,Slow,2,2.0,7.0,5.0,101
255,2,81,Middle,3,Shigh,4,4.199999999999999,5.0,0.8000000000000007,68
256,2,82,Middle,4,Shigh,0,6.0,7.0,1.0,69
257,2,86,Middle,3,Shigh,1,4.199999999999999,7.0,2.8000000000000007,67
258,2,86,Middle,1,Slow,3,2.0,2.8000000000000007,0.8000000000000007,109
259,2,87,Middle,1,Slow,0,2.0,7.0,5.0,108
260,2,87,Middle,0,Slow,1,2.0,5.0,3.0,100
261,2,87,Middle,2,Slow,3,2.0,3.0,1.0,113
262,2,88,Middle,1,Slow,2,2.0,7.0,5.0,107
263,2,89,Middle,3,Shigh,1,4.199999999999999,7.0,2.8000000000000007,66
264,2,89,Middle,1,Slow,3,2.0,2.8000000000000007,0.8000000000000007,106
265,2,90,Rich,3,Shigh,0,4.199999999999999,10.0,5.800000000000001,65
266,2,91,Rich,2,Slow,0,2.0,10.0,8.0,112
267,2,91,Rich,1,Slow,3,2.0,8.0,6.0,105
268,2,92,Rich,1,Slow,2,2.0,10.0,8.0,104
269,2,92,Rich,0,Slow,3,2.0,8.0,6.0,99
270,2,93,Rich,1,Slow,3,2.0,10.0,8.0,103
271,2,93,Rich,0,Slow,4,2.0,8.0,6.0,98
272,2,94,Rich,1,Slow,2,2.0,10.0,8.0,102
273,2,94,Rich,2,Slow,4,2.0,8.0,6.0,111
274,2,95,Rich,1,Slow,0,2.0,10.0,8.0,101
275,2,95,Rich,3,Shigh,1,4.199999999999999,8.0,3.8000000000000007,64
276,2,96,Rich,0,Slow,0,2.0,10.0,8.0,97
277,2,96,Rich,4,Shigh,2,6.0,8.0,2.0,68
278,2,96,Rich,1,Slow,4,2.0,2.0,0.0,100
279,2,97,Rich,3,Shigh,0,4.199999999999999,10.0,5.800000000000001,63
280,2,97,Rich,0,Slow,1,2.0,5.800000000000001,3.8000000000000007,96
281,2,97,Rich,2,Slow,2,2.0,3.8000000000000007,1.8000000000000007,110
282,2,98,Rich,4,Shigh,1,6.0,10.0,4.0,67
283,2,98,Rich,1,Slow,4,2.0,4.0,2.0,99
284,2,99,Rich,0,Slow,1,2.0,10.0,8.0,95
285,2,99,Rich,2,Slow,3,2.0,8.0,6.0,109
286,3,0,Poor,2,Slow,0,2.0,3.0,1.0,129
287,3,1,Poor,0,Slow,1,2.0,3.0,1.0,129
288,3,3,Poor,0,Slow,4,2.0,3.0,1.0,128
289,3,4,Poor,2,Slow,0,2.0,3.0,1.0,128
290,3,6,Poor,1,Slow,1,2.0,3.0,1.0,129
291,3,7,Poor,1,Slow,4,2.0,3.0,1.0,128
292,3,8,Poor,0,Slow,1,2.0,3.0,1.0,127
293,3,9,Poor,1,Slow,0,2.0,3.0,1.0,127
294,3,10,Poor,0,Slow,0,2.0,3.0,1.0,126
295,3,11,Poor,0,Slow,4,2.0,3.0,1.0,125
296,3,12,Poor,1,Slow,2,2.0,3.0,1.0,126
297,3,14,Poor,2,Slow,3,2.0,3.0,1.0,127
298,3,15,Poor,1,Slow,3,2.0,3.0,1.0,125
299,3,17,Poor,0,Slow,2,2.0,3.0,1.0,124
300,3,19,Poor,1,Slow,2,2.0,3.0,1.0,124
301,3,20,Poor,2,Slow,3,2.0,3.0,1.0,126
302,3,23,Poor,1,Slow,1,2.0,3.0,1.0,123
303,3,24,Poor,2,Slow,0,2.0,3.0,1.0,125
304,3,25,Poor,1,Slow,1,2.0,3.0,1.0,122
305,3,27,Poor,2,Slow,1,2.0,3.0,1.0,124
306,3,28,Poor,0,Slow,3,2.0,3.0,1.0,123
307,3,29,Poor,1,Slow,0,2.0,3.0,1.0,121
308,3,30,Poor,2,Slow,0,2.0,3.0,1.0,123
309,3,31,Poor,1,Slow,4,2.0,3.0,1.0,120
310,3,32,Poor,2,Slow,2,2.0,3.0,1.0,122
311,3,34,Poor,0,Slow,2,2.0,3.0,1.0,122
312,3,35,Poor,2,Slow,2,2.0,3.0,1.0,121
313,3,36,Poor,0,Slow,4,2.0,3.0,1.0,121
314,3,37,Poor,2,Slow,1,2.0,3.0,1.0,120
315,3,38,Poor,2,Slow,1,2.0,3.0,1.0,119
316,3,39,Poor,1,Slow,0,2.0,3.0,1.0,119
317,3,40,Poor,0,Slow,1,2.0,3.0,1.0,120
318,3,41,Poor,1,Slow,0,2.0,3.0,1.0,118
319,3,43,Poor,1,Slow,3,2.0,3.0,1.0,117
320,3,47,Poor,2,Slow,0,2.0,3.0,1.0,118
321,3,49,Poor,0,Slow,0,2.0,3.0,1.0,119
322,3,50,Poor,1,Slow,3,2.0,3.0,1.0,116
323,3,51,Poor,0,Slow,3,2.0,3.0,1.0,118
324,3,52,Poor,0,Slow,4,2.0,3.0,1.0,117
325,3,53,Poor,1,Slow,0,2.0,3.0,1.0,115
326,3,54,Poor,1,Slow,1,2.0,3.0,1.0,114
327,3,56,Poor,1,Slow,4,2.0,3.0,1.0,113
328,3,57,Poor,2,Slow,0,2.0,3.0,1.0,117
329,3,58,Poor,1,Slow,0,2.0,3.0,1.0,112
330,3,59,Poor,1,Slow,4,2.0,3.0,1.0,111
331,3,60,Poor,0,Slow,1,2.0,3.0,1.0,116
332,3,63,Poor,2,Slow,0,2.0,3.0,1.0,116
333,3,64,Poor,1,Slow,2,2.0,3.0,1.0,110
334,3,65,Poor,0,Slow,2,2.0,3.0,1.0,115
335,3,68,Poor,0,Slow,2,2.0,3.0,1.0,114
336,3,70,Middle,1,Slow,0,2.0,7.0,5.0,109
337,3,70,Middle,2,Slow,2,2.0,5.0,3.0,115
338,3,70,Middle,0,Slow,3,2.0,3.0,1.0,113
339,3,72,Middle,0,Slow,2,2.0,7.0,5.0,112
340,3,72,Middle,1,Slow,3,2.0,5.0,3.0,108
341,3,73,Middle,0,Slow,0,2.0,7.0,5.0,111
342,3,73,Middle,3,Shigh,4,4.199999999999999,5.0,0.8000000000000007,69
343,3,76,Middle,1,Slow,3,2.0,7.0,5.0,107
344,3,76,Middle,0,Slow,4,2.0,5.0,3.0,110
345,3,77,Middle,1,Slow,4,2.0,7.0,5.0,106
346,3,78,Middle,0,Slow,3,2.0,7.0,5.0,109
347,3,79,Middle,2,Slow,0,2.0,7.0,5.0,114
348,3,80,Middle,1,Slow,0,2.0,7.0,5.0,105
349,3,80,Middle,0,Slow,3,2.0,5.0,3.0,108
350,3,80,Middle,2,Slow,4,2.0,3.0,1.0,113
351,3,81,Middle,4,Shigh,0,6.0,7.0,1.0,69
352,3,82,Middle,4,Shigh,0,6.0,7.0,1.0,68
353,3,83,Middle,3,Shigh,0,4.199999999999999,7.0,2.8000000000000007,68
354,3,83,Middle,1,Slow,3,2.0,2.8000000000000007,0.8000000000000007,104
355,3,84,Middle,2,Slow,1,2.0,7.0,5.0,112
356,3,84,Middle,3,Shigh,3,4.199999999999999,5.0,0.8000000000000007,67
357,3,85,Middle,1,Slow,2,2.0,7.0,5.0,103
358,3,86,Middle,1,Slow,1,2.0,7.0,5.0,102
359,3,86,Middle,3,Shigh,4,4.199999999999999,5.0,0.8000000000000007,66
360,3,87,Middle,2,Slow,0,2.0,7.0,5.0,111
361,3,87,Middle,1,Slow,4,2.0,5.0,3.0,101
362,3,88,Middle,4,Shigh,1,6.0,7.0,1.0,67
363,3,89,Middle,3,Shigh,4,4.199999999999999,7.0,2.8000000000000007,65
364,3,90,Rich,3,Shigh,1,4.199999999999999,10.0,5.800000000000001,64
365,3,91,Rich,0,Slow,1,2.0,10.0,8.0,107
366,3,91,Rich,2,Slow,2,2.0,8.0,6.0,110
367,3,92,Rich,0,Slow,2,2.0,10.0,8.0,106
368,3,92,Rich,3,Shigh,4,4.199999999999999,8.0,3.8000000000000007,63
369,3,93,Rich,4,Shigh,0,6.0,10.0,4.0,66
370,3,93,Rich,1,Slow,4,2.0,4.0,2.0,100
371,3,94,Rich,4,Shigh,2,6.0,10.0,4.0,65
372,3,95,Rich,3,Shigh,1,4.199999999999999,10.0,5.800000000000001,62
373,3,96,Rich,4,Shigh,0,6.0,10.0,4.0,64
374,3,96,Rich,0,Slow,3,2.0,4.0,2.0,105
375,3,97,Rich,0,Slow,0,2.0,10.0,8.0,104
376,3,97,Rich,4,Shigh,2,6.0,8.0,2.0,63
377,3,97,Rich,1,Slow,4,2.0,2.0,0.0,99
378,3,98,Rich,0,Slow,0,2.0,10.0,8.0,103
379,3,98,Rich,1,Slow,3,2.0,8.0,6.0,98
380,3,99,Rich,2,Slow,4,2.0,10.0,8.0,109
381,4,0,Poor,0,Slow,1,2.0,3.0,1.0,129
382,4,1,Poor,1,Slow,2,2.0,3.0,1.0,129
383,4,4,Poor,1,Slow,1,2.0,3.0,1.0,128
384,4,6,Poor,0,Slow,3,2.0,3.0,1.0,128
385,4,7,Poor,1,Slow,2,2.0,3.0,1.0,127
386,4,11,Poor,1,Slow,1,2.0,3.0,1.0,126
387,4,12,Poor,1,Slow,0,2.0,3.0,1.0,125
388,4,15,Poor,2,Slow,0,2.0,3.0,1.0,129
389,4,17,Poor,2,Slow,1,2.0,3.0,1.0,128
390,4,18,Poor,1,Slow,0,2.0,3.0,1.0,124
391,4,21,Poor,0,Slow,4,2.0,3.0,1.0,127
392,4,22,Poor,2,Slow,2,2.0,3.0,1.0,127
393,4,23,Poor,2,Slow,4,2.0,3.0,1.0,126
394,4,25,Poor,1,Slow,1,2.0,3.0,1.0,123
395,4,26,Poor,0,Slow,3,2.0,3.0,1.0,126
396,4,27,Poor,0,Slow,0,2.0,3.0,1.0,125
397,4,29,Poor,1,Slow,2,2.0,3.0,1.0,122
398,4,30,Poor,1,Slow,1,2.0,3.0,1.0,121
399,4,31,Poor,1,Slow,2,2.0,3.0,1.0,120
400,4,32,Poor,2,Slow,0,2.0,3.0,1.0,125
401,4,33,Poor,0,Slow,0,2.0,3.0,1.0,124
402,4,34,Poor,0,Slow,4,2.0,3.0,1.0,123
403,4,36,Poor,2,Slow,2,2.0,3.0,1.0,124
404,4,38,Poor,0,Slow,1,2.0,3.0,1.0,122
405,4,39,Poor,1,Slow,2,2.0,3.0,1.0,119
406,4,40,Poor,0,Slow,0,2.0,3.0,1.0,121
407,4,42,Poor,2,Slow,3,2.0,3.0,1.0,123
408,4,43,Poor,1,Slow,3,2.0,3.0,1.0,118
409,4,44,Poor,0,Slow,0,2.0,3.0,1.0,120
410,4,45,Poor,1,Slow,2,2.0,3.0,1.0,117
411,4,46,Poor,0,Slow,0,2.0,3.0,1.0,119
412,4,47,Poor,2,Slow,1,2.0,3.0,1.0,122
413,4,49,Poor,0,Slow,3,2.0,3.0,1.0,118
414,4,50,Poor,0,Slow,3,2.0,3.0,1.0,117
415,4,53,Poor,0,Slow,2,2.0,3.0,1.0,116
416,4,54,Poor,1,Slow,1,2.0,3.0,1.0,116
417,4,55,Poor,1,Slow,2,2.0,3.0,1.0,115
418,4,56,Poor,2,Slow,4,2.0,3.0,1.0,121
419,4,57,Poor,2,Slow,3,2.0,3.0,1.0,120
420,4,58,Poor,0,Slow,2,2.0,3.0,1.0,115
421,4,59,Poor,1,Slow,3,2.0,3.0,1.0,114
422,4,61,Poor,1,Slow,1,2.0,3.0,1.0,113
423,4,62,Poor,0,Slow,1,2.0,3.0,1.0,114
424,4,64,Poor,2,Slow,1,2.0,3.0,1.0,119
425,4,65,Poor,2,Slow,1,2.0,3.0,1.0,118
426,4,66,Poor,2,Slow,0,2.0,3.0,1.0,117
427,4,67,Poor,1,Slow,3,2.0,3.0,1.0,112
428,4,68,Poor,1,Slow,2,2.0,3.0,1.0,111
429,4,70,Middle,2,Slow,2,2.0,7.0,5.0,116
430,4,71,Middle,3,Shigh,1,4.199999999999999,7.0,2.8000000000000007,69
431,4,72,Middle,0,Slow,3,2.0,7.0,5.0,113
432,4,73,Middle,0,Slow,2,2.0,7.0,5.0,112
433,4,74,Middle,3,Shigh,0,4.199999999999999,7.0,2.8000000000000007,68
434,4,74,Middle,1,Slow,3,2.0,2.8000000000000007,0.8000000000000007,110
435,4,75,Middle,0,Slow,2,2.0,7.0,5.0,111
436,4,76,Middle,1,Slow,2,2.0,7.0,5.0,109
437,4,76,Middle,0,Slow,3,2.0,5.0,3.0,110
438,4,77,Middle,4,Shigh,0,6.0,7.0,1.0,69
439,4,78,Middle,3,Shigh,1,4.199999999999999,7.0,2.8000000000000007,67
440,4,78,Middle,2,Slow,3,2.0,2.8000000000000007,0.8000000000000007,115
441,4,80,Middle,3,Shigh,1,4.199999999999999,7.0,2.8000000000000007,66
442,4,80,Middle,1,Slow,2,2.0,2.8000000000000007,0.8000000000000007,108
443,4,81,Middle,2,Slow,2,2.0,7.0,5.0,114
444,4,82,Middle,3,Shigh,1,4.199999999999999,7.0,2.8000000000000007,65
445,4,82,Middle,0,Slow,3,2.0,2.8000000000000007,0.8000000000000007,109
446,4,83,Middle,4,Shigh,2,6.0,7.0,1.0,68
447,4,84,Middle,0,Slow,1,2.0,7.0,5.0,108
448,4,84,Middle,1,Slow,2,2.0,5.0,3.0,107
449,4,84,Middle,2,Slow,3,2.0,3.0,1.0,113
450,4,85,Middle,0,Slow,0,2.0,7.0,5.0,107
451,4,85,Middle,1,Slow,4,2.0,5.0,3.0,106
452,4,86,Middle,0,Slow,2,2.0,7.0,5.0,106
453,4,86,Middle,2,Slow,4,2.0,5.0,3.0,112
454,4,87,Middle,3,Shigh,2,4.199999999999999,7.0,2.8000000000000007,64
455,4,88,Middle,3,Shigh,1,4.199999999999999,7.0,2.8000000000000007,63
456,4,88,Middle,2,Slow,4,2.0,2.8000000000000007,0.8000000000000007,111
457,4,89,Middle,1,Slow,0,2.0,7.0,5.0,105
458,4,90,Rich,1,Slow,1,2.0,10.0,8.0,104
459,4,90,Rich,0,Slow,2,2.0,8.0,6.0,105
460,4,90,Rich,3,Shigh,3,4.199999999999999,6.0,1.8000000000000007,62
461,4,91,Rich,0,Slow,2,2.0,10.0,8.0,104
462,4,93,Rich,3,Shigh,0,4.199999999999999,10.0,5.800000000000001,61
463,4,93,Rich,0,Slow,1,2.0,5.800000000000001,3.8000000000000007,103
464,4,93,Rich,1,Slow,2,2.0,3.8000000000000007,1.8000000000000007,103
465,4,94,Rich,0,Slow,3,2.0,10.0,8.0,102
466,4,95,Rich,4,Shigh,0,6.0,10.0,4.0,67
467,4,95,Rich,2,Slow,1,2.0,4.0,2.0,110
468,4,95,Rich,1,Slow,4,2.0,2.0,0.0,102
469,4,96,Rich,4,Shigh,1,6.0,10.0,4.0,66
470,4,96,Rich,0,Slow,4,2.0,4.0,2.0,101
471,4,97,Rich,2,Slow,0,2.0,10.0,8.0,109
472,4,97,Rich,1,Slow,1,2.0,8.0,6.0,101
473,4,98,Rich,2,Slow,0,2.0,10.0,8.0,108
474,4,98,Rich,0,Slow,4,2.0,8.0,6.0,100
475,4,99,Rich,4,Shigh,0,6.0,10.0,4.0,65
476,4,99,Rich,0,Slow,2,2.0,4.0,2.0,99
477,5,0,Poor,0,Slow,0,2.0,3.0,1.0,129
478,5,1,Poor,0,Slow,3,2.0,3.0,1.0,128
479,5,2,Poor,1,Slow,3,2.0,3.0,1.0,129
480,5,3,Poor,2,Slow,1,2.0,3.0,1.0,129
481,5,5,Poor,2,Slow,0,2.0,3.0,1.0,128
482,5,6,Poor,2,Slow,1,2.0,3.0,1.0,127
483,5,8,Poor,0,Slow,2,2.0,3.0,1.0,127
484,5,9,Poor,1,Slow,1,2.0,3.0,1.0,128
485,5,11,Poor,0,Slow,1,2.0,3.0,1.0,126
486,5,12,Poor,1,Slow,3,2.0,3.0,1.0,127
487,5,13,Poor,1,Slow,1,2.0,3.0,1.0,126
488,5,15,Poor,1,Slow,3,2.0,3.0,1.0,125
489,5,17,Poor,1,Slow,3,2.0,3.0,1.0,124
490,5,18,Poor,1,Slow,0,2.0,3.0,1.0,123
491,5,19,Poor,0,Slow,4,2.0,3.0,1.0,125
492,5,20,Poor,1,Slow,3,2.0,3.0,1.0,122
493,5,21,Poor,0,Slow,3,2.0,3.0,1.0,124
494,5,23,Poor,2,Slow,1,2.0,3.0,1.0,126
495,5,24,Poor,1,Slow,4,2.0,3.0,1.0,121
496,5,25,Poor,2,Slow,0,2.0,3.0,1.0,125
497,5,26,Poor,1,Slow,2,2.0,3.0,1.0,120
498,5,27,Poor,2,Slow,3,2.0,3.0,1.0,124
499,5,28,Poor,0,Slow,4,2.0,3.0,1.0,123
500,5,29,Poor,1,Slow,3,2.0,3.0,1.0,119
501,5,31,Poor,0,Slow,1,2.0,3.0,1.0,122
502,5,32,Poor,1,Slow,3,2.0,3.0,1.0,118
503,5,33,Poor,2,Slow,0,2.0,3.0,1.0,123
504,5,34,Poor,2,Slow,0,2.0,3.0,1.0,122
505,5,39,Poor,2,Slow,4,2.0,3.0,1.0,121
506,5,40,Poor,1,Slow,1,2.0,3.0,1.0,117
507,5,42,Poor,0,Slow,2,2.0,3.0,1.0,121
508,5,43,Poor,2,Slow,2,2.0,3.0,1.0,120
509,5,44,Poor,2,Slow,2,2.0,3.0,1.0,119
510,5,45,Poor,1,Slow,2,2.0,3.0,1.0,116
511,5,46,Poor,0,Slow,0,2.0,3.0,1.0,120
512,5,47,Poor,1,Slow,4,2.0,3.0,1.0,115
513,5,48,Poor,2,Slow,0,2.0,3.0,1.0,118
514,5,51,Poor,0,Slow,0,2.0,3.0,1.0,119
515,5,52,Poor,1,Slow,1,2.0,3.0,1.0,114
516,5,53,Poor,1,Slow,0,2.0,3.0,1.0,113
517,5,54,Poor,1,Slow,1,2.0,3.0,1.0,112
518,5,56,Poor,1,Slow,0,2.0,3.0,1.0,111
519,5,58,Poor,0,Slow,2,2.0,3.0,1.0,118
520,5,59,Poor,2,Slow,3,2.0,3.0,1.0,117
521,5,60,Poor,2,Slow,1,2.0,3.0,1.0,116
522,5,62,Poor,2,Slow,0,2.0,3.0,1.0,115
523,5,63,Poor,1,Slow,1,2.0,3.0,1.0,110
524,5,64,Poor,1,Slow,0,2.0,3.0,1.0,109
525,5,65,Poor,2,Slow,1,2.0,3.0,1.0,114
526,5,66,Poor,2,Slow,0,2.0,3.0,1.0,113
527,5,67,Poor,0,Slow,4,2.0,3.0,1.0,117
528,5,68,Poor,0,Slow,2,2.0,3.0,1.0,116
529,5,69,Poor,2,Slow,0,2.0,3.0,1.0,112
530,5,70,Middle,0,Slow,4,2.0,7.0,5.0,115
531,5,71,Middle,4,Shigh,1,6.0,7.0,1.0,69
532,5,73,Middle,4,Shigh,1,6.0,7.0,1.0,68
533,5,74,Middle,0,Slow,0,2.0,7.0,5.0,114
534,5,74,Middle,3,Shigh,4,4.199999999999999,5.0,0.8000000000000007,69
535,5,75,Middle,1,Slow,0,2.0,7.0,5.0,108
536,5,75,Middle,3,Shigh,1,4.199999999999999,5.0,0.8000000000000007,68
537,5,76,Middle,1,Slow,4,2.0,7.0,5.0,107
538,5,77,Middle,1,Slow,0,2.0,7.0,5.0,106
539,5,77,Middle,0,Slow,3,2.0,5.0,3.0,113
540,5,78,Middle,3,Shigh,0,4.199999999999999,7.0,2.8000000000000007,67
541,5,78,Middle,2,Slow,2,2.0,2.8000000000000007,0.8000000000000007,111
542,5,79,Middle,3,Shigh,2,4.199999999999999,7.0,2.8000000000000007,66
543,5,80,Middle,4,Shigh,2,6.0,7.0,1.0,67
544,5,81,Middle,3,Shigh,3,4.199999999999999,7.0,2.8000000000000007,65
545,5,82,Middle,3,Shigh,0,4.199999999999999,7.0,2.8000000000000007,64
546,5,82,Middle,1,Slow,2,2.0,2.8000000000000007,0.8000000000000007,105
547,5,83,Middle,0,Slow,1,2.0,7.0,5.0,112
548,5,83,Middle,3,Shigh,3,4.199999999999999,5.0,0.8000000000000007,63
549,5,84,Middle,3,Shigh,0,4.199999999999999,7.0,2.8000000000000007,62
550,5,84,Middle,0,Slow,1,2.0,2.8000000000000007,0.8000000000000007,111
551,5,85,Middle,0,Slow,0,2.0,7.0,5.0,110
552,5,86,Middle,4,Shigh,2,6.0,7.0,1.0,66
553,5,87,Middle,2,Slow,1,2.0,7.0,5.0,110
554,5,89,Middle,2,Slow,3,2.0,7.0,5.0,109
555,5,90,Rich,2,Slow,0,2.0,10.0,8.0,108
556,5,90,Rich,4,Shigh,1,6.0,8.0,2.0,65
557,5,91,Rich,2,Slow,0,2.0,10.0,8.0,107
558,5,91,Rich,0,Slow,3,2.0,8.0,6.0,109
559,5,92,Rich,0,Slow,0,2.0,10.0,8.0,108
560,5,92,Rich,2,Slow,2,2.0,8.0,6.0,106
561,5,92,Rich,3,Shigh,4,4.199999999999999,6.0,1.8000000000000007,61
562,5,93,Rich,0,Slow,0,2.0,10.0,8.0,107
563,5,94,Rich,1,Slow,0,2.0,10.0,8.0,104
564,5,94,Rich,0,Slow,1,2.0,8.0,6.0,106
565,5,95,Rich,3,Shigh,1,4.199999999999999,10.0,5.800000000000001,60
566,5,95,Rich,0,Slow,2,2.0,5.800000000000001,3.8000000000000007,105
567,5,96,Rich,4,Shigh,0,6.0,10.0,4.0,64
568,5,96,Rich,0,Slow,3,2.0,4.0,2.0,104
569,5,97,Rich,1,Slow,2,2.0,10.0,8.0,103
570,5,97,Rich,4,Shigh,4,6.0,8.0,2.0,63
571,5,98,Rich,4,Shigh,1,6.0,10.0,4.0,62
572,5,98,Rich,2,Slow,4,2.0,4.0,2.0,105
573,5,99,Rich,4,Shigh,0,6.0,10.0,4.0,61
574,6,0,Poor,0,Slow,3,2.0,3.0,1.0,129
575,6,2,Poor,1,Slow,4,2.0,3.0,1.0,129
576,6,3,Poor,0,Slow,3,2.0,3.0,1.0,128
577,6,5,Poor,1,Slow,2,2.0,3.0,1.0,128
578,6,6,Poor,2,Slow,2,2.0,3.0,1.0,129
579,6,7,Poor,1,Slow,0,2.0,3.0,1.0,127
580,6,8,Poor,1,Slow,4,2.0,3.0,1.0,126
581,6,9,Poor,0,Slow,1,2.0,3.0,1.0,127
582,6,11,Poor,1,Slow,4,2.0,3.0,1.0,125
583,6,12,Poor,0,Slow,2,2.0,3.0,1.0,126
584,6,13,Poor,2,Slow,0,2.0,3.0,1.0,128
585,6,14,Poor,2,Slow,0,2.0,3.0,1.0,127
586,6,15,Poor,2,Slow,0,2.0,3.0,1.0,126
587,6,16,Poor,0,Slow,1,2.0,3.0,1.0,125
588,6,18,Poor,2,Slow,1,2.0,3.0,1.0,125
589,6,20,Poor,0,Slow,0,2.0,3.0,1.0,124
590,6,21,Poor,0,Slow,2,2.0,3.0,1.0,123
591,6,22,Poor,0,Slow,3,2.0,3.0,1.0,122
592,6,23,Poor,1,Slow,1,2.0,3.0,1.0,124
593,6,24,Poor,2,Slow,0,2.0,3.0,1.0,124
594,6,25,Poor,1,Slow,0,2.0,3.0,1.0,123
595,6,26,Poor,1,Slow,1,2.0,3.0,1.0,122
596,6,27,Poor,1,Slow,1,2.0,3.0,1.0,121
597,6,28,Poor,0,Slow,0,2.0,3.0,1.0,121
598,6,29,Poor,0,Slow,2,2.0,3.0,1.0,120
599,6,30,Poor,1,Slow,2,2.0,3.0,1.0,120
600,6,31,Poor,0,Slow,2,2.0,3.0,1.0,119
601,6,32,Poor,1,Slow,4,2.0,3.0,1.0,119
602,6,34,Poor,1,Slow,4,2.0,3.0,1.0,118
603,6,35,Poor,0,Slow,1,2.0,3.0,1.0,118
604,6,36,Poor,1,Slow,4,2.0,3.0,1.0,117
605,6,37,Poor,2,Slow,1,2.0,3.0,1.0,123
606,6,38,Poor,2,Slow,3,2.0,3.0,1.0,122
607,6,39,Poor,2,Slow,0,2.0,3.0,1.0,121
608,6,41,Poor,0,Slow,0,2.0,3.0,1.0,117
609,6,42,Poor,2,Slow,3,2.0,3.0,1.0,120
610,6,47,Poor,0,Slow,1,2.0,3.0,1.0,116
611,6,48,Poor,2,Slow,2,2.0,3.0,1.0,119
612,6,49,Poor,0,Slow,0,2.0,3.0,1.0,115
613,6,50,Poor,1,Slow,4,2.0,3.0,1.0,116
614,6,51,Poor,1,Slow,2,2.0,3.0,1.0,115
615,6,53,Poor,2,Slow,0,2.0,3.0,1.0,118
616,6,54,Poor,1,Slow,0,2.0,3.0,1.0,114
617,6,56,Poor,2,Slow,0,2.0,3.0,1.0,117
618,6,58,Poor,0,Slow,3,2.0,3.0,1.0,114
619,6,60,Poor,1,Slow,2,2.0,3.0,1.0,113
620,6,61,Poor,1,Slow,2,2.0,3.0,1.0,112
621,6,62,Poor,0,Slow,4,2.0,3.0,1.0,113
622,6,63,Poor,1,Slow,0,2.0,3.0,1.0,111
623,6,64,Poor,0,Slow,1,2.0,3.0,1.0,112
624,6,66,Poor,2,Slow,0,2.0,3.0,1.0,116
625,6,67,Poor,2,Slow,1,2.0,3.0,1.0,115
626,6,69,Poor,2,Slow,4,2.0,3.0,1.0,114
627,6,70,Middle,0,Slow,3,2.0,7.0,5.0,111
628,6,71,Middle,3,Shigh,1,4.199999999999999,7.0,2.8000000000000007,69
629,6,71,Middle,1,Slow,3,2.0,2.8000000000000007,0.8000000000000007,110
630,6,74,Middle,3,Shigh,1,4.199999999999999,7.0,2.8000000000000007,68
631,6,75,Middle,0,Slow,0,2.0,7.0,5.0,110
632,6,75,Middle,2,Slow,2,2.0,5.0,3.0,113
633,6,76,Middle,0,Slow,0,2.0,7.0,5.0,109
634,6,78,Middle,3,Shigh,3,4.199999999999999,7.0,2.8000000000000007,67
635,6,78,Middle,2,Slow,4,2.0,2.8000000000000007,0.8000000000000007,112
636,6,79,Middle,3,Shigh,2,4.199999999999999,7.0,2.8000000000000007,66
637,6,79,Middle,1,Slow,3,2.0,2.8000000000000007,0.8000000000000007,109
638,6,80,Middle,1,Slow,0,2.0,7.0,5.0,108
639,6,80,Middle,3,Shigh,2,4.199999999999999,5.0,0.8000000000000007,65
640,6,81,Middle,4,Shigh,3,6.0,7.0,1.0,69
641,6,84,Middle,4,Shigh,0,6.0,7.0,1.0,68
642,6,86,Middle,3,Shigh,3,4.199999999999999,7.0,2.8000000000000007,64
643,6,86,Middle,1,Slow,4,2.0,2.8000000000000007,0.8000000000000007,107
644,6,87,Middle,1,Slow,4,2.0,7.0,5.0,106
645,6,88,Middle,0,Slow,3,2.0,7.0,5.0,108
646,6,89,Middle,4,Shigh,0,6.0,7.0,1.0,67
647,6,90,Rich,4,Shigh,0,6.0,10.0,4.0,66
648,6,90,Rich,1,Slow,2,2.0,4.0,2.0,105
649,6,90,Rich,0,Slow,3,2.0,2.0,0.0,107
650,6,91,Rich,0,Slow,0,2.0,10.0,8.0,106
651,6,91,Rich,4,Shigh,1,6.0,8.0,2.0,65
652,6,92,Rich,1,Slow,0,2.0,10.0,8.0,104
653,6,92,Rich,4,Shigh,3,6.0,8.0,2.0,64
654,6,93,Rich,1,Slow,0,2.0,10.0,8.0,103
655,6,93,Rich,3,Shigh,3,4.199999999999999,8.0,3.8000000000000007,63
656,6,94,Rich,2,Slow,1,2.0,10.0,8.0,111
657,6,94,Rich,3,Shigh,3,4.199999999999999,8.0,3.8000000000000007,62
658,6,94,Rich,0,Slow,4,2.0,3.8000000000000007,1.8000000000000007,105
659,6,95,Rich,3,Shigh,0,4.199999999999999,10.0,5.800000000000001,61
660,6,95,Rich,1,Slow,3,2.0,5.800000000000001,3.8000000000000007,102
661,6,95,Rich,0,Slow,4,2.0,3.8000000000000007,1.8000000000000007,104
662,6,96,Rich,4,Shigh,2,6.0,10.0,4.0,63
663,6,96,Rich,0,Slow,3,2.0,4.0,2.0,103
664,6,97,Rich,3,Shigh,0,4.199999999999999,10.0,5.800000000000001,60
665,6,97,Rich,0,Slow,4,2.0,5.800000000000001,3.8000000000000007,102
666,6,99,Rich,3,Shigh,0,4.199999999999999,10.0,5.800000000000001,59
667,6,99,Rich,1,Slow,3,2.0,5.800000000000001,3.8000000000000007,101
668,6,99,Rich,0,Slow,4,2.0,3.8000000000000007,1.8000000000000007,101
669,7,0,Poor,1,Slow,0,2.0,3.0,1.0,129
670,7,1,Poor,2,Slow,1,2.0,3.0,1.0,129
671,7,2,Poor,0,Slow,2,2.0,3.0,1.0,129
672,7,3,Poor,1,Slow,2,2.0,3.0,1.0,128
673,7,4,Poor,0,Slow,1,2.0,3.0,1.0,128
674,7,5,Poor,1,Slow,3,2.0,3.0,1.0,127
675,7,7,Poor,1,Slow,0,2.0,3.0,1.0,126
676,7,8,Poor,1,Slow,2,2.0,3.0,1.0,125
677,7,9,Poor,0,Slow,0,2.0,3.0,1.0,127
678,7,11,Poor,0,Slow,0,2.0,3.0,1.0,126
679,7,12,Poor,1,Slow,1,2.0,3.0,1.0,124
680,7,15,Poor,0,Slow,1,2.0,3.0,1.0,125
681,7,16,Poor,1,Slow,2,2.0,3.0,1.0,123
682,7,17,Poor,0,Slow,1,2.0,3.0,1.0,124
683,7,18,Poor,2,Slow,0,2.0,3.0,1.0,128
684,7,19,Poor,2,Slow,1,2.0,3.0,1.0,127
685,7,20,Poor,1,Slow,0,2.0,3.0,1.0,122
686,7,21,Poor,2,Slow,1,2.0,3.0,1.0,126
687,7,24,Poor,0,Slow,3,2.0,3.0,1.0,123
688,7,25,Poor,1,Slow,1,2.0,3.0,1.0,121
689,7,26,Poor,1,Slow,0,2.0,3.0,1.0,120
690,7,27,Poor,1,Slow,1,2.0,3.0,1.0,119
691,7,28,Poor,1,Slow,1,2.0,3.0,1.0,118
692,7,32,Poor,0,Slow,4,2.0,3.0,1.0,122
693,7,34,Poor,2,Slow,1,2.0,3.0,1.0,125
694,7,35,Poor,0,Slow,1,2.0,3.0,1.0,121
695,7,38,Poor,2,Slow,0,2.0,3.0,1.0,124
696,7,39,Poor,0,Slow,4,2.0,3.0,1.0,120
697,7,40,Poor,0,Slow,3,2.0,3.0,1.0,119
698,7,41,Poor,2,Slow,1,2.0,3.0,1.0,123
699,7,43,Poor,1,Slow,0,2.0,3.0,1.0,117
700,7,44,Poor,0,Slow,0,2.0,3.0,1.0,118
701,7,46,Poor,0,Slow,4,2.0,3.0,1.0,117
702,7,47,Poor,2,Slow,1,2.0,3.0,1.0,122
703,7,49,Poor,0,Slow,0,2.0,3.0,1.0,116
704,7,50,Poor,1,Slow,0,2.0,3.0,1.0,116
705,7,53,Poor,2,Slow,0,2.0,3.0,1.0,121
706,7,55,Poor,0,Slow,0,2.0,3.0,1.0,115
707,7,56,Poor,1,Slow,1,2.0,3.0,1.0,115
708,7,57,Poor,2,Slow,2,2.0,3.0,1.0,120
709,7,58,Poor,0,Slow,2,2.0,3.0,1.0,114
710,7,59,Poor,2,Slow,0,2.0,3.0,1.0,119
711,7,60,Poor,0,Slow,3,2.0,3.0,1.0,113
712,7,62,Poor,1,Slow,0,2.0,3.0,1.0,114
713,7,63,Poor,0,Slow,0,2.0,3.0,1.0,112
714,7,64,Poor,1,Slow,4,2.0,3.0,1.0,113
715,7,66,Poor,0,Slow,0,2.0,3.0,1.0,111
716,7,67,Poor,0,Slow,3,2.0,3.0,1.0,110
717,7,68,Poor,0,Slow,1,2.0,3.0,1.0,109
718,7,70,Middle,0,Slow,2,2.0,7.0,5.0,108
719,7,70,Middle,3,Shigh,4,4.199999999999999,5.0,0.8000000000000007,69
720,7,71,Middle,1,Slow,4,2.0,7.0,5.0,112
721,7,72,Middle,4,Shigh,0,6.0,7.0,1.0,69
722,7,73,Middle,1,Slow,0,2.0,7.0,5.0,111
723,7,74,Middle,0,Slow,2,2.0,7.0,5.0,107
724,7,74,Middle,3,Shigh,3,4.199999999999999,5.0,0.8000000000000007,68
725,7,75,Middle,0,Slow,4,2.0,7.0,5.0,106
726,7,76,Middle,1,Slow,3,2.0,7.0,5.0,110
727,7,76,Middle,3,Shigh,4,4.199999999999999,5.0,0.8000000000000007,67
728,7,77,Middle,0,Slow,0,2.0,7.0,5.0,105
729,7,78,Middle,1,Slow,2,2.0,7.0,5.0,109
730,7,78,Middle,0,Slow,3,2.0,5.0,3.0,104
731,7,79,Middle,3,Shigh,2,4.199999999999999,7.0,2.8000000000000007,66
732,7,79,Middle,2,Slow,3,2.0,2.8000000000000007,0.8000000000000007,118
733,7,80,Middle,1,Slow,0,2.0,7.0,5.0,108
734,7,80,Middle,2,Slow,1,2.0,5.0,3.0,117
735,7,81,Middle,4,Shigh,3,6.0,7.0,1.0,68
736,7,83,Middle,2,Slow,0,2.0,7.0,5.0,116
737,7,83,Middle,3,Shigh,2,4.199999999999999,5.0,0.8000000000000007,65
738,7,84,Middle,0,Slow,0,2.0,7.0,5.0,103
739,7,85,Middle,4,Shigh,0,6.0,7.0,1.0,67
740,7,86,Middle,2,Slow,1,2.0,7.0,5.0,115
741,7,86,Middle,0,Slow,2,2.0,5.0,3.0,102
742,7,87,Middle,1,Slow,0,2.0,7.0,5.0,107
743,7,87,Middle,0,Slow,3,2.0,5.0,3.0,101
744,7,88,Middle,0,Slow,0,2.0,7.0,5.0,100
745,7,89,Middle,3,Shigh,4,4.199999999999999,7.0,2.8000000000000007,64
746,7,90,Rich,3,Shigh,0,4.199999999999999,10.0,5.800000000000001,63
747,7,90,Rich,0,Slow,1,2.0,5.800000000000001,3.8000000000000007,99
748,7,90,Rich,2,Slow,2,2.0,3.8000000000000007,1.8000000000000007,114
749,7,91,Rich,1,Slow,0,2.0,10.0,8.0,106
750,7,92,Rich,2,Slow,0,2.0,10.0,8.0,113
751,7,92,Rich,1,Slow,1,2.0,8.0,6.0,105
752,7,92,Rich,0,Slow,4,2.0,6.0,4.0,98
753,7,93,Rich,0,Slow,3,2.0,10.0,8.0,97
754,7,94,Rich,2,Slow,0,2.0,10.0,8.0,112
755,7,94,Rich,3,Shigh,1,4.199999999999999,8.0,3.8000000000000007,62
756,7,95,Rich,1,Slow,1,2.0,10.0,8.0,104
757,7,95,Rich,0,Slow,2,2.0,8.0,6.0,96
758,7,96,Rich,1,Slow,3,2.0,10.0,8.0,103
759,7,97,Rich,1,Slow,0,2.0,10.0,8.0,102
760,7,97,Rich,4,Shigh,1,6.0,8.0,2.0,66
761,7,99,Rich,0,Slow,1,2.0,10.0,8.0,95
762,7,99,Rich,1,Slow,2,2.0,8.0,6.0,101
763,8,6,Poor,0,Slow,2,2.0,3.0,1.0,129
764,8,7,Poor,0,Slow,3,2.0,3.0,1.0,128
765,8,8,Poor,0,Slow,4,2.0,3.0,1.0,127
766,8,9,Poor,1,Slow,3,2.0,3.0,1.0,129
767,8,10,Poor,0,Slow,1,2.0,3.0,1.0,126
768,8,13,Poor,2,Slow,2,2.0,3.0,1.0,129
769,8,14,Poor,1,Slow,0,2.0,3.0,1.0,128
770,8,16,Poor,0,Slow,0,2.0,3.0,1.0,125
771,8,17,Poor,2,Slow,0,2.0,3.0,1.0,128
772,8,18,Poor,0,Slow,3,2.0,3.0,1.0,124
773,8,21,Poor,2,Slow,0,2.0,3.0,1.0,127
774,8,23,Poor,0,Slow,0,2.0,3.0,1.0,123
775,8,24,Poor,1,Slow,4,2.0,3.0,1.0,127
776,8,25,Poor,2,Slow,1,2.0,3.0,1.0,126
777,8,28,Poor,1,Slow,0,2.0,3.0,1.0,126
778,8,29,Poor,2,Slow,0,2.0,3.0,1.0,125
779,8,31,Poor,1,Slow,0,2.0,3.0,1.0,125
780,8,33,Poor,2,Slow,2,2.0,3.0,1.0,124
781,8,34,Poor,1,Slow,4,2.0,3.0,1.0,124
782,8,35,Poor,1,Slow,4,2.0,3.0,1.0,123
783,8,36,Poor,0,Slow,4,2.0,3.0,1.0,122
784,8,37,Poor,0,Slow,0,2.0,3.0,1.0,121
785,8,38,Poor,2,Slow,4,2.0,3.0,1.0,123
786,8,39,Poor,1,Slow,0,2.0,3.0,1.0,122
787,8,40,Poor,0,Slow,3,2.0,3.0,1.0,120
788,8,41,Poor,0,Slow,0,2.0,3.0,1.0,119
789,8,43,Poor,2,Slow,2,2.0,3.0,1.0,122
790,8,45,Poor,1,Slow,0,2.0,3.0,1.0,121
791,8,46,Poor,0,Slow,1,2.0,3.0,1.0,118
792,8,48,Poor,0,Slow,0,2.0,3.0,1.0,117
793,8,49,Poor,0,Slow,2,2.0,3.0,1.0,116
794,8,51,Poor,2,Slow,2,2.0,3.0,1.0,121
795,8,52,Poor,0,Slow,0,2.0,3.0,1.0,115
796,8,53,Poor,1,Slow,1,2.0,3.0,1.0,120
797,8,54,Poor,2,Slow,2,2.0,3.0,1.0,120
798,8,55,Poor,1,Slow,4,2.0,3.0,1.0,119
799,8,56,Poor,2,Slow,1,2.0,3.0,1.0,119
800,8,57,Poor,1,Slow,3,2.0,3.0,1.0,118
801,8,58,Poor,2,Slow,3,2.0,3.0,1.0,118
802,8,59,Poor,1,Slow,0,2.0,3.0,1.0,117
803,8,60,Poor,0,Slow,0,2.0,3.0,1.0,114
804,8,64,Poor,2,Slow,0,2.0,3.0,1.0,117
805,8,66,Poor,0,Slow,2,2.0,3.0,1.0,113
806,8,69,Poor,0,Slow,0,2.0,3.0,1.0,112
807,8,70,Middle,0,Slow,2,2.0,7.0,5.0,111
808,8,71,Middle,3,Shigh,0,4.199999999999999,7.0,2.8000000000000007,69
809,8,71,Middle,1,Slow,1,2.0,2.8000000000000007,0.8000000000000007,116
810,8,72,Middle,0,Slow,0,2.0,7.0,5.0,110
811,8,72,Middle,1,Slow,1,2.0,5.0,3.0,115
812,8,73,Middle,0,Slow,0,2.0,7.0,5.0,109
813,8,74,Middle,0,Slow,0,2.0,7.0,5.0,108
814,8,74,Middle,2,Slow,2,2.0,5.0,3.0,116
815,8,74,Middle,1,Slow,3,2.0,3.0,1.0,114
816,8,75,Middle,2,Slow,2,2.0,7.0,5.0,115
817,8,76,Middle,1,Slow,2,2.0,7.0,5.0,113
818,8,76,Middle,0,Slow,4,2.0,5.0,3.0,107
819,8,77,Middle,2,Slow,0,2.0,7.0,5.0,114
820,8,77,Middle,3,Shigh,1,4.199999999999999,5.0,0.8000000000000007,68
821,8,78,Middle,1,Slow,0,2.0,7.0,5.0,112
822,8,78,Middle,3,Shigh,3,4.199999999999999,5.0,0.8000000000000007,67
823,8,79,Middle,2,Slow,1,2.0,7.0,5.0,113
824,8,79,Middle,1,Slow,3,2.0,5.0,3.0,111
825,8,80,Middle,0,Slow,2,2.0,7.0,5.0,106
826,8,81,Middle,4,Shigh,0,6.0,7.0,1.0,69
827,8,82,Middle,3,Shigh,0,4.199999999999999,7.0,2.8000000000000007,66
828,8,82,Middle,1,Slow,2,2.0,2.8000000000000007,0.8000000000000007,110
829,8,83,Middle,1,Slow,1,2.0,7.0,5.0,109
830,8,84,Middle,0,Slow,2,2.0,7.0,5.0,105
831,8,84,Middle,3,Shigh,4,4.199999999999999,5.0,0.8000000000000007,65
832,8,85,Middle,2,Slow,3,2.0,7.0,5.0,112
833,8,85,Middle,1,Slow,4,2.0,5.0,3.0,108
834,8,86,Middle,3,Shigh,2,4.199999999999999,7.0,2.8000000000000007,64
835,8,87,Middle,2,Slow,0,2.0,7.0,5.0,111
836,8,87,Middle,3,Shigh,3,4.199999999999999,5.0,0.8000000000000007,63
837,8,88,Middle,0,Slow,0,2.0,7.0,5.0,104
838,8,88,Middle,1,Slow,3,2.0,5.0,3.0,107
839,8,89,Middle,4,Shigh,0,6.0,7.0,1.0,68
840,8,90,Rich,3,Shigh,0,4.199999999999999,10.0,5.800000000000001,62
841,8,90,Rich,1,Slow,2,2.0,5.800000000000001,3.8000000000000007,106
842,8,92,Rich,4,Shigh,0,6.0,10.0,4.0,67
843,8,92,Rich,1,Slow,4,2.0,4.0,2.0,105
844,8,93,Rich,0,Slow,0,2.0,10.0,8.0,103
845,8,94,Rich,2,Slow,0,2.0,10.0,8.0,110
846,8,94,Rich,0,Slow,1,2.0,8.0,6.0,102
847,8,94,Rich,1,Slow,4,2.0,6.0,4.0,104
848,8,95,Rich,2,Slow,2,2.0,10.0,8.0,109
849,8,96,Rich,0,Slow,1,2.0,10.0,8.0,101
850,8,97,Rich,2,Slow,3,2.0,10.0,8.0,108
851,8,98,Rich,0,Slow,0,2.0,10.0,8.0,100
852,8,98,Rich,4,Shigh,2,6.0,8.0,2.0,66
853,8,99,Rich,3,Shigh,1,4.199999999999999,10.0,5.800000000000001,61
854,8,99,Rich,0,Slow,3,2.0,5.800000000000001,3.8000000000000007,99
855,9,0,Poor,0,Slow,0,2.0,3.0,1.0,129
856,9,1,Poor,1,Slow,4,2.0,3.0,1.0,129
857,9,2,Poor,2,Slow,3,2.0,3.0,1.0,129
858,9,7,Poor,2,Slow,0,2.0,3.0,1.0,128
859,9,8,Poor,1,Slow,1,2.0,3.0,1.0,128
860,9,9,Poor,2,Slow,0,2.0,3.0,1.0,127
861,9,11,Poor,1,Slow,3,2.0,3.0,1.0,127
862,9,12,Poor,2,Slow,1,2.0,3.0,1.0,126
863,9,14,Poor,0,Slow,3,2.0,3.0,1.0,128
864,9,16,Poor,2,Slow,1,2.0,3.0,1.0,125
865,9,17,Poor,2,Slow,4,2.0,3.0,1.0,124
866,9,18,Poor,2,Slow,1,2.0,3.0,1.0,123
867,9,23,Poor,2,Slow,3,2.0,3.0,1.0,122
868,9,24,Poor,0,Slow,1,2.0,3.0,1.0,127
869,9,26,Poor,0,Slow,2,2.0,3.0,1.0,126
870,9,27,Poor,1,Slow,2,2.0,3.0,1.0,126
871,9,29,Poor,1,Slow,1,2.0,3.0,1.0,125
872,9,31,Poor,0,Slow,4,2.0,3.0,1.0,125
873,9,32,Poor,0,Slow,1,2.0,3.0,1.0,124
874,9,33,Poor,0,Slow,1,2.0,3.0,1.0,123
875,9,34,Poor,0,Slow,4,2.0,3.0,1.0,122
876,9,35,Poor,2,Slow,1,2.0,3.0,1.0,121
877,9,36,Poor,1,Slow,0,2.0,3.0,1.0,124
878,9,38,Poor,2,Slow,2,2.0,3.0,1.0,120
879,9,39,Poor,1,Slow,0,2.0,3.0,1.0,123
880,9,40,Poor,1,Slow,2,2.0,3.0,1.0,122
881,9,41,Poor,2,Slow,2,2.0,3.0,1.0,119
882,9,42,Poor,1,Slow,2,2.0,3.0,1.0,121
883,9,43,Poor,1,Slow,4,2.0,3.0,1.0,120
884,9,46,Poor,0,Slow,1,2.0,3.0,1.0,121
885,9,48,Poor,2,Slow,2,2.0,3.0,1.0,118
886,9,49,Poor,0,Slow,0,2.0,3.0,1.0,120
887,9,50,Poor,2,Slow,3,2.0,3.0,1.0,117
888,9,51,Poor,1,Slow,1,2.0,3.0,1.0,119
889,9,54,Poor,1,Slow,0,2.0,3.0,1.0,118
890,9,55,Poor,2,Slow,0,2.0,3.0,1.0,116
891,9,56,Poor,2,Slow,2,2.0,3.0,1.0,115
892,9,57,Poor,0,Slow,0,2.0,3.0,1.0,119
893,9,58,Poor,2,Slow,1,2.0,3.0,1.0,114
894,9,59,Poor,2,Slow,0,2.0,3.0,1.0,113
895,9,60,Poor,1,Slow,0,2.0,3.0,1.0,117
896,9,62,Poor,0,Slow,0,2.0,3.0,1.0,118
897,9,64,Poor,1,Slow,0,2.0,3.0,1.0,116
898,9,65,Poor,0,Slow,1,2.0,3.0,1.0,117
899,9,66,Poor,2,Slow,1,2.0,3.0,1.0,112
900,9,68,Poor,1,Slow,2,2.0,3.0,1.0,115
901,9,70,Middle,1,Slow,1,2.0,7.0,5.0,114
902,9,70,Middle,3,Shigh,4,4.199999999999999,5.0,0.8000000000000007,69
903,9,71,Middle,3,Shigh,1,4.199999999999999,7.0,2.8000000000000007,68
904,9,71,Middle,1,Slow,3,2.0,2.8000000000000007,0.8000000000000007,113
905,9,72,Middle,0,Slow,1,2.0,7.0,5.0,116
906,9,72,Middle,3,Shigh,2,4.199999999999999,5.0,0.8000000000000007,67
907,9,73,Middle,3,Shigh,2,4.199999999999999,7.0,2.8000000000000007,66
908,9,74,Middle,3,Shigh,2,4.199999999999999,7.0,2.8000000000000007,65
909,9,74,Middle,1,Slow,3,2.0,2.8000000000000007,0.8000000000000007,112
910,9,75,Middle,4,Shigh,0,6.0,7.0,1.0,69
911,9,77,Middle,0,Slow,4,2.0,7.0,5.0,115
912,9,78,Middle,0,Slow,0,2.0,7.0,5.0,114
913,9,78,Middle,1,Slow,2,2.0,5.0,3.0,111
914,9,78,Middle,2,Slow,3,2.0,3.0,1.0,111
915,9,79,Middle,1,Slow,0,2.0,7.0,5.0,110
916,9,79,Middle,3,Shigh,2,4.199999999999999,5.0,0.8000000000000007,64
917,9,81,Middle,0,Slow,2,2.0,7.0,5.0,113
918,9,82,Middle,4,Shigh,4,6.0,7.0,1.0,68
919,9,83,Middle,1,Slow,1,2.0,7.0,5.0,109
920,9,83,Middle,0,Slow,2,2.0,5.0,3.0,112
921,9,83,Middle,2,Slow,3,2.0,3.0,1.0,110
922,9,84,Middle,2,Slow,0,2.0,7.0,5.0,109
923,9,85,Middle,4,Shigh,1,6.0,7.0,1.0,67
924,9,86,Middle,0,Slow,1,2.0,7.0,5.0,111
925,9,87,Middle,3,Shigh,2,4.199999999999999,7.0,2.8000000000000007,63
926,9,87,Middle,1,Slow,3,2.0,2.8000000000000007,0.8000000000000007,108
927,9,88,Middle,2,Slow,2,2.0,7.0,5.0,108
928,9,88,Middle,0,Slow,4,2.0,5.0,3.0,110
929,9,89,Middle,1,Slow,1,2.0,7.0,5.0,107
930,9,90,Rich,2,Slow,0,2.0,10.0,8.0,107
931,9,90,Rich,4,Shigh,2,6.0,8.0,2.0,66
932,9,90,Rich,1,Slow,3,2.0,2.0,0.0,106
933,9,91,Rich,1,Slow,4,2.0,10.0,8.0,105
934,9,92,Rich,4,Shigh,1,6.0,10.0,4.0,65
935,9,93,Rich,3,Shigh,1,4.199999999999999,10.0,5.800000000000001,62
936,9,94,Rich,0,Slow,1,2.0,10.0,8.0,109
937,9,94,Rich,4,Shigh,2,6.0,8.0,2.0,64
938,9,95,Rich,1,Slow,4,2.0,10.0,8.0,104
939,9,96,Rich,0,Slow,1,2.0,10.0,8.0,108
940,9,96,Rich,3,Shigh,3,4.199999999999999,8.0,3.8000000000000007,61
941,9,97,Rich,1,Slow,0,2.0,10.0,8.0,103
942,9,97,Rich,2,Slow,4,2.0,8.0,6.0,106
943,9,98,Rich,2,Slow,1,2.0,10.0,8.0,105
944,9,98,Rich,0,Slow,4,2.0,8.0,6.0,107
945,9,99,Rich,1,Slow,0,2.0,10.0,8.0,102
946,9,99,Rich,3,Shigh,1,4.199999999999999,8.0,3.8000000000000007,60
947,10,0,Poor,1,Slow,1,2.0,3.0,1.0,129
948,10,1,Poor,1,Slow,2,2.0,3.0,1.0,128
949,10,3,Poor,2,Slow,3,2.0,3.0,1.0,129
950,10,4,Poor,1,Slow,2,2.0,3.0,1.0,127
951,10,6,Poor,0,Slow,0,2.0,3.0,1.0,129
952,10,9,Poor,1,Slow,0,2.0,3.0,1.0,126
953,10,10,Poor,2,Slow,2,2.0,3.0,1.0,128
954,10,13,Poor,2,Slow,0,2.0,3.0,1.0,127
955,10,14,Poor,0,Slow,1,2.0,3.0,1.0,128
956,10,17,Poor,2,Slow,2,2.0,3.0,1.0,126
957,10,19,Poor,1,Slow,3,2.0,3.0,1.0,125
958,10,20,Poor,0,Slow,3,2.0,3.0,1.0,127
959,10,21,Poor,1,Slow,0,2.0,3.0,1.0,124
960,10,22,Poor,0,Slow,2,2.0,3.0,1.0,126
961,10,23,Poor,0,Slow,0,2.0,3.0,1.0,125
962,10,24,Poor,0,Slow,3,2.0,3.0,1.0,124
963,10,27,Poor,2,Slow,4,2.0,3.0,1.0,125
964,10,28,Poor,0,Slow,4,2.0,3.0,1.0,123
965,10,29,Poor,0,Slow,0,2.0,3.0,1.0,122
966,10,30,Poor,2,Slow,0,2.0,3.0,1.0,124
967,10,32,Poor,0,Slow,0,2.0,3.0,1.0,121
968,10,34,Poor,2,Slow,2,2.0,3.0,1.0,123
969,10,35,Poor,1,Slow,0,2.0,3.0,1.0,123
970,10,36,Poor,0,Slow,2,2.0,3.0,1.0,120
971,10,37,Poor,1,Slow,1,2.0,3.0,1.0,122
972,10,38,Poor,2,Slow,4,2.0,3.0,1.0,122
973,10,39,Poor,2,Slow,3,2.0,3.0,1.0,121
974,10,41,Poor,1,Slow,1,2.0,3.0,1.0,121
975,10,42,Poor,1,Slow,4,2.0,3.0,1.0,120
976,10,43,Poor,2,Slow,1,2.0,3.0,1.0,120
977,10,45,Poor,0,Slow,2,2.0,3.0,1.0,119
978,10,46,Poor,2,Slow,1,2.0,3.0,1.0,119
979,10,47,Poor,1,Slow,1,2.0,3.0,1.0,119
980,10,48,Poor,2,Slow,0,2.0,3.0,1.0,118
981,10,49,Poor,1,Slow,3,2.0,3.0,1.0,118
982,10,50,Poor,2,Slow,0,2.0,3.0,1.0,117
983,10,51,Poor,2,Slow,2,2.0,3.0,1.0,116
984,10,52,Poor,1,Slow,2,2.0,3.0,1.0,117
985,10,53,Poor,1,Slow,2,2.0,3.0,1.0,116
986,10,54,Poor,1,Slow,4,2.0,3.0,1.0,115
987,10,55,Poor,2,Slow,0,2.0,3.0,1.0,115
988,10,57,Poor,0,Slow,4,2.0,3.0,1.0,118
989,10,58,Poor,2,Slow,1,2.0,3.0,1.0,114
990,10,59,Poor,1,Slow,2,2.0,3.0,1.0,114
991,10,60,Poor,2,Slow,0,2.0,3.0,1.0,113
992,10,61,Poor,1,Slow,1,2.0,3.0,1.0,113
993,10,62,Poor,0,Slow,4,2.0,3.0,1.0,117
994,10,63,Poor,0,Slow,3,2.0,3.0,1.0,116
995,10,64,Poor,0,Slow,0,2.0,3.0,1.0,115
996,10,67,Poor,1,Slow,1,2.0,3.0,1.0,112
997,10,68,Poor,1,Slow,2,2.0,3.0,1.0,111
998,10,69,Poor,1,Slow,1,2.0,3.0,1.0,110
999,10,70,Middle,4,Shigh,0,6.0,7.0,1.0,69
1000,10,71,Middle,1,Slow,1,2.0,7.0,5.0,109
1001,10,73,Middle,1,Slow,1,2.0,7.0,5.0,108
1002,10,73,Middle,3,Shigh,4,4.199999999999999,5.0,0.8000000000000007,69
1003,10,74,Middle,0,Slow,2,2.0,7.0,5.0,114
1004,10,75,Middle,1,Slow,0,2.0,7.0,5.0,107
1005,10,75,Middle,2,Slow,2,2.0,5.0,3.0,112
1006,10,76,Middle,3,Shigh,0,4.199999999999999,7.0,2.8000000000000007,68
1007,10,76,Middle,1,Slow,2,2.0,2.8000000000000007,0.8000000000000007,106
1008,10,77,Middle,1,Slow,1,2.0,7.0,5.0,105
1009,10,77,Middle,0,Slow,2,2.0,5.0,3.0,113
1010,10,78,Middle,3,Shigh,1,4.199999999999999,7.0,2.8000000000000007,67
1011,10,78,Middle,1,Slow,4,2.0,2.8000000000000007,0.8000000000000007,104
1012,10,79,Middle,2,Slow,2,2.0,7.0,5.0,111
1013,10,79,Middle,1,Slow,3,2.0,5.0,3.0,103
1014,10,80,Middle,2,Slow,1,2.0,7.0,5.0,110
1015,10,80,Middle,0,Slow,2,2.0,5.0,3.0,112
1016,10,80,Middle,1,Slow,4,2.0,3.0,1.0,102
1017,10,81,Middle,3,Shigh,2,4.199999999999999,7.0,2.8000000000000007,66
1018,10,81,Middle,1,Slow,3,2.0,2.8000000000000007,0.8000000000000007,101
1019,10,83,Middle,4,Shigh,1,6.0,7.0,1.0,68
1020,10,84,Middle,1,Slow,4,2.0,7.0,5.0,100
1021,10,85,Middle,2,Slow,0,2.0,7.0,5.0,109
1022,10,85,Middle,3,Shigh,1,4.199999999999999,5.0,0.8000000000000007,65
1023,10,86,Middle,2,Slow,2,2.0,7.0,5.0,108
1024,10,86,Middle,0,Slow,3,2.0,5.0,3.0,111
1025,10,87,Middle,4,Shigh,1,6.0,7.0,1.0,67
1026,10,88,Middle,1,Slow,0,2.0,7.0,5.0,99
1027,10,89,Middle,0,Slow,3,2.0,7.0,5.0,110
1028,10,89,Middle,3,Shigh,4,4.199999999999999,5.0,0.8000000000000007,64
1029,10,90,Rich,2,Slow,0,2.0,10.0,8.0,107
1030,10,90,Rich,3,Shigh,3,4.199999999999999,8.0,3.8000000000000007,63
1031,10,91,Rich,1,Slow,1,2.0,10.0,8.0,98
1032,10,91,Rich,3,Shigh,3,4.199999999999999,8.0,3.8000000000000007,62
1033,10,92,Rich,1,Slow,2,2.0,10.0,8.0,97
1034,10,92,Rich,4,Shigh,3,6.0,8.0,2.0,66
1035,10,92,Rich,0,Slow,4,2.0,2.0,0.0,109
1036,10,93,Rich,0,Slow,0,2.0,10.0,8.0,108
1037,10,93,Rich,2,Slow,1,2.0,8.0,6.0,106
1038,10,93,Rich,1,Slow,4,2.0,6.0,4.0,96
1039,10,94,Rich,1,Slow,0,2.0,10.0,8.0,95
1040,10,94,Rich,0,Slow,2,2.0,8.0,6.0,107
1041,10,95,Rich,2,Slow,0,2.0,10.0,8.0,105
1042,10,95,Rich,3,Shigh,1,4.199999999999999,8.0,3.8000000000000007,61
1043,10,95,Rich,1,Slow,3,2.0,3.8000000000000007,1.8000000000000007,94
1044,10,96,Rich,3,Shigh,2,4.199999999999999,10.0,5.800000000000001,60
1045,10,97,Rich,1,Slow,0,2.0,10.0,8.0,93
1046,10,97,Rich,0,Slow,2,2.0,8.0,6.0,106
1047,10,97,Rich,2,Slow,3,2.0,6.0,4.0,104
1048,10,98,Rich,3,Shigh,1,4.199999999999999,10.0,5.800000000000001,59
1049,11,1,Poor,0,Slow,1,2.0,3.0,1.0,129
1050,11,2,Poor,2,Slow,1,2.0,3.0,1.0,129
1051,11,3,Poor,1,Slow,0,2.0,3.0,1.0,129
1052,11,4,Poor,0,Slow,4,2.0,3.0,1.0,128
1053,11,5,Poor,2,Slow,3,2.0,3.0,1.0,128
1054,11,7,Poor,0,Slow,4,2.0,3.0,1.0,127
1055,11,9,Poor,0,Slow,3,2.0,3.0,1.0,126
1056,11,10,Poor,1,Slow,3,2.0,3.0,1.0,128
1057,11,11,Poor,2,Slow,1,2.0,3.0,1.0,127
1058,11,12,Poor,1,Slow,4,2.0,3.0,1.0,127
1059,11,14,Poor,0,Slow,1,2.0,3.0,1.0,125
1060,11,15,Poor,0,Slow,1,2.0,3.0,1.0,124
1061,11,17,Poor,0,Slow,2,2.0,3.0,1.0,123
1062,11,18,Poor,0,Slow,3,2.0,3.0,1.0,122
1063,11,19,Poor,2,Slow,3,2.0,3.0,1.0,126
1064,11,21,Poor,0,Slow,4,2.0,3.0,1.0,121
1065,11,22,Poor,1,Slow,0,2.0,3.0,1.0,126
1066,11,25,Poor,2,Slow,4,2.0,3.0,1.0,125
1067,11,27,Poor,1,Slow,1,2.0,3.0,1.0,125
1068,11,28,Poor,2,Slow,2,2.0,3.0,1.0,124
1069,11,29,Poor,1,Slow,0,2.0,3.0,1.0,124
1070,11,30,Poor,2,Slow,1,2.0,3.0,1.0,123
1071,11,31,Poor,1,Slow,3,2.0,3.0,1.0,123
1072,11,32,Poor,0,Slow,0,2.0,3.0,1.0,120
1073,11,34,Poor,0,Slow,2,2.0,3.0,1.0,119
1074,11,35,Poor,2,Slow,0,2.0,3.0,1.0,122
1075,11,37,Poor,0,Slow,0,2.0,3.0,1.0,118
1076,11,41,Poor,1,Slow,0,2.0,3.0,1.0,122
1077,11,42,Poor,2,Slow,4,2.0,3.0,1.0,121
1078,11,44,Poor,0,Slow,4,2.0,3.0,1.0,117
1079,11,45,Poor,0,Slow,0,2.0,3.0,1.0,116
1080,11,46,Poor,1,Slow,0,2.0,3.0,1.0,121
1081,11,47,Poor,1,Slow,2,2.0,3.0,1.0,120
1082,11,49,Poor,1,Slow,1,2.0,3.0,1.0,119
1083,11,50,Poor,1,Slow,3,2.0,3.0,1.0,118
1084,11,52,Poor,1,Slow,0,2.0,3.0,1.0,117
1085,11,53,Poor,2,Slow,0,2.0,3.0,1.0,120
1086,11,54,Poor,2,Slow,0,2.0,3.0,1.0,119
1087,11,55,Poor,2,Slow,3,2.0,3.0,1.0,118
1088,11,57,Poor,0,Slow,1,2.0,3.0,1.0,115
1089,11,58,Poor,0,Slow,0,2.0,3.0,1.0,114
1090,11,59,Poor,0,Slow,4,2.0,3.0,1.0,113
1091,11,61,Poor,2,Slow,1,2.0,3.0,1.0,117
1092,11,62,Poor,2,Slow,3,2.0,3.0,1.0,116
1093,11,64,Poor,2,Slow,2,2.0,3.0,1.0,115
1094,11,65,Poor,1,Slow,2,2.0,3.0,1.0,116
1095,11,66,Poor,1,Slow,0,2.0,3.0,1.0,115
1096,11,67,Poor,0,Slow,1,2.0,3.0,1.0,112
1097,11,68,Poor,2,Slow,0,2.0,3.0,1.0,114
1098,11,70,Middle,3,Shigh,2,4.199999999999999,7.0,2.8000000000000007,69
1099,11,70,Middle,1,Slow,4,2.0,2.8000000000000007,0.8000000000000007,114
1100,11,71,Middle,1,Slow,0,2.0,7.0,5.0,113
1101,11,71,Middle,0,Slow,1,2.0,5.0,3.0,111
1102,11,72,Middle,1,Slow,3,2.0,7.0,5.0,112
1103,11,73,Middle,3,Shigh,1,4.199999999999999,7.0,2.8000000000000007,68
1104,11,73,Middle,1,Slow,3,2.0,2.8000000000000007,0.8000000000000007,111
1105,11,74,Middle,1,Slow,1,2.0,7.0,5.0,110
1106,11,76,Middle,0,Slow,0,2.0,7.0,5.0,110
1107,11,76,Middle,2,Slow,1,2.0,5.0,3.0,113
1108,11,76,Middle,1,Slow,2,2.0,3.0,1.0,109
1109,11,77,Middle,1,Slow,3,2.0,7.0,5.0,108
1110,11,77,Middle,0,Slow,4,2.0,5.0,3.0,109
1111,11,78,Middle,4,Shigh,3,6.0,7.0,1.0,69
1112,11,79,Middle,4,Shigh,1,6.0,7.0,1.0,68
1113,11,80,Middle,1,Slow,0,2.0,7.0,5.0,107
1114,11,81,Middle,3,Shigh,1,4.199999999999999,7.0,2.8000000000000007,67
1115,11,81,Middle,2,Slow,4,2.0,2.8000000000000007,0.8000000000000007,112
1116,11,84,Middle,1,Slow,0,2.0,7.0,5.0,106
1117,11,85,Middle,0,Slow,1,2.0,7.0,5.0,108
1118,11,85,Middle,1,Slow,2,2.0,5.0,3.0,105
1119,11,86,Middle,0,Slow,2,2.0,7.0,5.0,107
1120,11,87,Middle,3,Shigh,4,4.199999999999999,7.0,2.8000000000000007,66
1121,11,88,Middle,2,Slow,2,2.0,7.0,5.0,111
1122,11,89,Middle,3,Shigh,1,4.199999999999999,7.0,2.8000000000000007,65
1123,11,90,Rich,3,Shigh,0,4.199999999999999,10.0,5.800000000000001,64
1124,11,90,Rich,0,Slow,1,2.0,5.800000000000001,3.8000000000000007,106
1125,11,91,Rich,0,Slow,4,2.0,10.0,8.0,105
1126,11,92,Rich,0,Slow,2,2.0,10.0,8.0,104
1127,11,92,Rich,1,Slow,4,2.0,8.0,6.0,104
1128,11,93,Rich,4,Shigh,0,6.0,10.0,4.0,67
1129,11,93,Rich,1,Slow,2,2.0,4.0,2.0,103
1130,11,94,Rich,4,Shigh,4,6.0,10.0,4.0,66
1131,11,95,Rich,1,Slow,4,2.0,10.0,8.0,102
1132,11,96,Rich,0,Slow,2,2.0,10.0,8.0,103
1133,11,97,Rich,0,Slow,4,2.0,10.0,8.0,102
1134,11,98,Rich,3,Shigh,3,4.199999999999999,10.0,5.800000000000001,63
1135,12,0,Poor,1,Slow,0,2.0,3.0,1.0,129
1136,12,2,Poor,1,Slow,2,2.0,3.0,1.0,128
1137,12,3,Poor,1,Slow,2,2.0,3.0,1.0,127
1138,12,4,Poor,2,Slow,2,2.0,3.0,1.0,129
1139,12,5,Poor,0,Slow,0,2.0,3.0,1.0,129
1140,12,7,Poor,2,Slow,2,2.0,3.0,1.0,128
1141,12,10,Poor,1,Slow,1,2.0,3.0,1.0,126
1142,12,11,Poor,1,Slow,1,2.0,3.0,1.0,125
1143,12,12,Poor,1,Slow,3,2.0,3.0,1.0,124
1144,12,13,Poor,2,Slow,0,2.0,3.0,1.0,127
1145,12,14,Poor,0,Slow,1,2.0,3.0,1.0,128
1146,12,15,Poor,1,Slow,0,2.0,3.0,1.0,123
1147,12,16,Poor,2,Slow,2,2.0,3.0,1.0,126
1148,12,17,Poor,1,Slow,2,2.0,3.0,1.0,122
1149,12,18,Poor,1,Slow,1,2.0,3.0,1.0,121
1150,12,19,Poor,2,Slow,3,2.0,3.0,1.0,125
1151,12,20,Poor,0,Slow,4,2.0,3.0,1.0,127
1152,12,21,Poor,2,Slow,1,2.0,3.0,1.0,124
1153,12,22,Poor,1,Slow,2,2.0,3.0,1.0,120
1154,12,23,Poor,0,Slow,0,2.0,3.0,1.0,126
1155,12,24,Poor,1,Slow,4,2.0,3.0,1.0,119
1156,12,25,Poor,1,Slow,0,2.0,3.0,1.0,118
1157,12,27,Poor,0,Slow,4,2.0,3.0,1.0,125
1158,12,28,Poor,0,Slow,0,2.0,3.0,1.0,124
1159,12,29,Poor,0,Slow,2,2.0,3.0,1.0,123
1160,12,30,Poor,0,Slow,4,2.0,3.0,1.0,122
1161,12,31,Poor,2,Slow,1,2.0,3.0,1.0,123
1162,12,32,Poor,0,Slow,2,2.0,3.0,1.0,121
1163,12,33,Poor,2,Slow,2,2.0,3.0,1.0,122
1164,12,34,Poor,1,Slow,3,2.0,3.0,1.0,117
1165,12,37,Poor,2,Slow,0,2.0,3.0,1.0,121
1166,12,41,Poor,2,Slow,2,2.0,3.0,1.0,120
1167,12,43,Poor,0,Slow,2,2.0,3.0,1.0,120
1168,12,44,Poor,1,Slow,1,2.0,3.0,1.0,116
1169,12,45,Poor,0,Slow,4,2.0,3.0,1.0,119
1170,12,47,Poor,0,Slow,3,2.0,3.0,1.0,118
1171,12,48,Poor,2,Slow,1,2.0,3.0,1.0,119
1172,12,49,Poor,1,Slow,0,2.0,3.0,1.0,115
1173,12,51,Poor,2,Slow,3,2.0,3.0,1.0,118
1174,12,52,Poor,1,Slow,0,2.0,3.0,1.0,114
1175,12,53,Poor,2,Slow,0,2.0,3.0,1.0,117
1176,12,54,Poor,2,Slow,1,2.0,3.0,1.0,116
1177,12,55,Poor,1,Slow,3,2.0,3.0,1.0,113
1178,12,56,Poor,2,Slow,0,2.0,3.0,1.0,115
1179,12,58,Poor,1,Slow,3,2.0,3.0,1.0,112
1180,12,59,Poor,0,Slow,2,2.0,3.0,1.0,117
1181,12,60,Poor,0,Slow,3,2.0,3.0,1.0,116
1182,12,61,Poor,1,Slow,4,2.0,3.0,1.0,111
1183,12,62,Poor,1,Slow,0,2.0,3.0,1.0,110
1184,12,63,Poor,0,Slow,0,2.0,3.0,1.0,115
1185,12,64,Poor,1,Slow,0,2.0,3.0,1.0,109
1186,12,65,Poor,0,Slow,4,2.0,3.0,1.0,114
1187,12,66,Poor,0,Slow,1,2.0,3.0,1.0,113
1188,12,69,Poor,2,Slow,3,2.0,3.0,1.0,114
1189,12,71,Middle,3,Shigh,2,4.199999999999999,7.0,2.8000000000000007,69
1190,12,72,Middle,0,Slow,0,2.0,7.0,5.0,112
1191,12,72,Middle,1,Slow,1,2.0,5.0,3.0,108
1192,12,73,Middle,2,Slow,0,2.0,7.0,5.0,113
1193,12,73,Middle,0,Slow,4,2.0,5.0,3.0,111
1194,12,74,Middle,3,Shigh,3,4.199999999999999,7.0,2.8000000000000007,68
1195,12,76,Middle,1,Slow,2,2.0,7.0,5.0,107
1196,12,76,Middle,0,Slow,3,2.0,5.0,3.0,110
1197,12,77,Middle,3,Shigh,1,4.199999999999999,7.0,2.8000000000000007,67
1198,12,78,Middle,3,Shigh,2,4.199999999999999,7.0,2.8000000000000007,66
1199,12,78,Middle,1,Slow,4,2.0,2.8000000000000007,0.8000000000000007,106
1200,12,80,Middle,3,Shigh,2,4.199999999999999,7.0,2.8000000000000007,65
1201,12,81,Middle,4,Shigh,2,6.0,7.0,1.0,69
1202,12,83,Middle,3,Shigh,4,4.199999999999999,7.0,2.8000000000000007,64
1203,12,84,Middle,1,Slow,0,2.0,7.0,5.0,105
1204,12,85,Middle,1,Slow,1,2.0,7.0,5.0,104
1205,12,85,Middle,2,Slow,2,2.0,5.0,3.0,112
1206,12,86,Middle,1,Slow,2,2.0,7.0,5.0,103
1207,12,86,Middle,0,Slow,3,2.0,5.0,3.0,109
1208,12,87,Middle,0,Slow,2,2.0,7.0,5.0,108
1209,12,88,Middle,4,Shigh,0,6.0,7.0,1.0,68
1210,12,91,Rich,2,Slow,2,2.0,10.0,8.0,111
1211,12,91,Rich,1,Slow,4,2.0,8.0,6.0,102
1212,12,92,Rich,0,Slow,1,2.0,10.0,8.0,107
1213,12,92,Rich,3,Shigh,2,4.199999999999999,8.0,3.8000000000000007,63
1214,12,92,Rich,2,Slow,3,2.0,3.8000000000000007,1.8000000000000007,110
1215,12,93,Rich,1,Slow,0,2.0,10.0,8.0,101
1216,12,93,Rich,0,Slow,3,2.0,8.0,6.0,106
1217,12,94,Rich,3,Shigh,1,4.199999999999999,10.0,5.800000000000001,62
1218,12,94,Rich,1,Slow,2,2.0,5.800000000000001,3.8000000000000007,100
1219,12,95,Rich,3,Shigh,3,4.199999999999999,10.0,5.800000000000001,61
1220,12,95,Rich,1,Slow,4,2.0,5.800000000000001,3.8000000000000007,99
1221,12,96,Rich,2,Slow,1,2.0,10.0,8.0,109
1222,12,97,Rich,1,Slow,0,2.0,10.0,8.0,98
1223,12,99,Rich,0,Slow,3,2.0,10.0,8.0,105
1224,12,99,Rich,3,Shigh,4,4.199999999999999,8.0,3.8000000000000007,60
1225,13,0,Poor,0,Slow,1,2.0,3.0,1.0,129
1226,13,1,Poor,1,Slow,1,2.0,3.0,1.0,129
1227,13,3,Poor,1,Slow,3,2.0,3.0,1.0,128
1228,13,4,Poor,1,Slow,0,2.0,3.0,1.0,127
1229,13,5,Poor,0,Slow,2,2.0,3.0,1.0,128
1230,13,6,Poor,1,Slow,1,2.0,3.0,1.0,126
1231,13,7,Poor,2,Slow,4,2.0,3.0,1.0,129
1232,13,8,Poor,0,Slow,2,2.0,3.0,1.0,127
1233,13,9,Poor,1,Slow,2,2.0,3.0,1.0,125
1234,13,12,Poor,0,Slow,2,2.0,3.0,1.0,126
1235,13,13,Poor,0,Slow,1,2.0,3.0,1.0,125
1236,13,15,Poor,0,Slow,0,2.0,3.0,1.0,124
1237,13,17,Poor,2,Slow,2,2.0,3.0,1.0,128
1238,13,18,Poor,0,Slow,1,2.0,3.0,1.0,123
1239,13,19,Poor,1,Slow,1,2.0,3.0,1.0,124
1240,13,20,Poor,2,Slow,4,2.0,3.0,1.0,127
1241,13,21,Poor,1,Slow,1,2.0,3.0,1.0,123
1242,13,22,Poor,0,Slow,1,2.0,3.0,1.0,122
1243,13,23,Poor,1,Slow,0,2.0,3.0,1.0,122
1244,13,24,Poor,2,Slow,0,2.0,3.0,1.0,126
1245,13,25,Poor,0,Slow,2,2.0,3.0,1.0,121
1246,13,26,Poor,1,Slow,3,2.0,3.0,1.0,121
1247,13,28,Poor,0,Slow,0,2.0,3.0,1.0,120
1248,13,30,Poor,0,Slow,3,2.0,3.0,1.0,119
1249,13,31,Poor,1,Slow,4,2.0,3.0,1.0,120
1250,13,32,Poor,2,Slow,0,2.0,3.0,1.0,125
1251,13,33,Poor,1,Slow,1,2.0,3.0,1.0,119
1252,13,34,Poor,0,Slow,0,2.0,3.0,1.0,118
1253,13,36,Poor,1,Slow,4,2.0,3.0,1.0,118
1254,13,37,Poor,1,Slow,3,2.0,3.0,1.0,117
1255,13,39,Poor,1,Slow,0,2.0,3.0,1.0,116
1256,13,41,Poor,1,Slow,2,2.0,3.0,1.0,115
1257,13,42,Poor,2,Slow,1,2.0,3.0,1.0,124
1258,13,44,Poor,1,Slow,0,2.0,3.0,1.0,114
1259,13,45,Poor,0,Slow,2,2.0,3.0,1.0,117
1260,13,46,Poor,0,Slow,0,2.0,3.0,1.0,116
1261,13,48,Poor,2,Slow,1,2.0,3.0,1.0,123
1262,13,49,Poor,1,Slow,0,2.0,3.0,1.0,113
1263,13,50,Poor,2,Slow,2,2.0,3.0,1.0,122
1264,13,51,Poor,2,Slow,3,2.0,3.0,1.0,121
1265,13,54,Poor,1,Slow,0,2.0,3.0,1.0,112
1266,13,55,Poor,0,Slow,0,2.0,3.0,1.0,115
1267,13,57,Poor,1,Slow,4,2.0,3.0,1.0,111
1268,13,58,Poor,2,Slow,4,2.0,3.0,1.0,120
1269,13,59,Poor,2,Slow,0,2.0,3.0,1.0,119
1270,13,60,Poor,1,Slow,0,2.0,3.0,1.0,110
1271,13,61,Poor,1,Slow,2,2.0,3.0,1.0,109
1272,13,63,Poor,2,Slow,0,2.0,3.0,1.0,118
1273,13,64,Poor,0,Slow,3,2.0,3.0,1.0,114
1274,13,66,Poor,1,Slow,0,2.0,3.0,1.0,108
1275,13,71,Middle,0,Slow,1,2.0,7.0,5.0,113
1276,13,73,Middle,2,Slow,2,2.0,7.0,5.0,117
1277,13,73,Middle,3,Shigh,4,4.199999999999999,5.0,0.8000000000000007,69
1278,13,75,Middle,1,Slow,1,2.0,7.0,5.0,107
1279,13,76,Middle,3,Shigh,3,4.199999999999999,7.0,2.8000000000000007,68
1280,13,77,Middle,1,Slow,0,2.0,7.0,5.0,106
1281,13,77,Middle,0,Slow,1,2.0,5.0,3.0,112
1282,13,78,Middle,0,Slow,0,2.0,7.0,5.0,111
1283,13,79,Middle,3,Shigh,2,4.199999999999999,7.0,2.8000000000000007,67
1284,13,80,Middle,4,Shigh,3,6.0,7.0,1.0,69
1285,13,82,Middle,3,Shigh,0,4.199999999999999,7.0,2.8000000000000007,66
1286,13,82,Middle,2,Slow,2,2.0,2.8000000000000007,0.8000000000000007,116
1287,13,85,Middle,0,Slow,0,2.0,7.0,5.0,110
1288,13,85,Middle,1,Slow,2,2.0,5.0,3.0,105
1289,13,87,Middle,2,Slow,0,2.0,7.0,5.0,115
1290,13,88,Middle,0,Slow,0,2.0,7.0,5.0,109
1291,13,89,Middle,3,Shigh,2,4.199999999999999,7.0,2.8000000000000007,65
1292,13,89,Middle,1,Slow,3,2.0,2.8000000000000007,0.8000000000000007,104
1293,13,90,Rich,0,Slow,2,2.0,10.0,8.0,108
1294,13,90,Rich,2,Slow,3,2.0,8.0,6.0,114
1295,13,91,Rich,1,Slow,0,2.0,10.0,8.0,103
1296,13,91,Rich,3,Shigh,1,4.199999999999999,8.0,3.8000000000000007,64
1297,13,92,Rich,2,Slow,1,2.0,10.0,8.0,113
1298,13,92,Rich,1,Slow,2,2.0,8.0,6.0,102
1299,13,92,Rich,3,Shigh,3,4.199999999999999,6.0,1.8000000000000007,63
1300,13,94,Rich,0,Slow,3,2.0,10.0,8.0,107
1301,13,95,Rich,2,Slow,0,2.0,10.0,8.0,112
1302,13,95,Rich,0,Slow,3,2.0,8.0,6.0,106
1303,13,96,Rich,4,Shigh,3,6.0,10.0,4.0,68
1304,13,96,Rich,0,Slow,4,2.0,4.0,2.0,105
1305,13,97,Rich,4,Shigh,0,6.0,10.0,4.0,67
1306,13,97,Rich,1,Slow,3,2.0,4.0,2.0,101
1307,13,97,Rich,2,Slow,4,2.0,2.0,0.0,111
1308,13,98,Rich,3,Shigh,0,4.199999999999999,10.0,5.800000000000001,62
1309,13,98,Rich,1,Slow,3,2.0,5.800000000000001,3.8000000000000007,100
1310,13,98,Rich,0,Slow,4,2.0,3.8000000000000007,1.8000000000000007,104
1311,13,99,Rich,0,Slow,3,2.0,10.0,8.0,103
1312,14,0,Poor,0,Slow,0,2.0,3.0,1.0,129
1313,14,2,Poor,0,Slow,0,2.0,3.0,1.0,128
1314,14,3,Poor,0,Slow,2,2.0,3.0,1.0,127
1315,14,4,Poor,2,Slow,3,2.0,3.0,1.0,129
1316,14,6,Poor,1,Slow,2,2.0,3.0,1.0,129
1317,14,7,Poor,2,Slow,2,2.0,3.0,1.0,128
1318,14,8,Poor,1,Slow,4,2.0,3.0,1.0,128
1319,14,9,Poor,1,Slow,0,2.0,3.0,1.0,127
1320,14,10,Poor,1,Slow,3,2.0,3.0,1.0,126
1321,14,11,Poor,0,Slow,4,2.0,3.0,1.0,126
1322,14,12,Poor,2,Slow,1,2.0,3.0,1.0,127
1323,14,13,Poor,2,Slow,0,2.0,3.0,1.0,126
1324,14,16,Poor,1,Slow,0,2.0,3.0,1.0,125
1325,14,17,Poor,1,Slow,0,2.0,3.0,1.0,124
1326,14,18,Poor,1,Slow,1,2.0,3.0,1.0,123
1327,14,19,Poor,1,Slow,3,2.0,3.0,1.0,122
1328,14,20,Poor,1,Slow,0,2.0,3.0,1.0,121
1329,14,22,Poor,2,Slow,3,2.0,3.0,1.0,125
1330,14,23,Poor,1,Slow,4,2.0,3.0,1.0,120
1331,14,24,Poor,1,Slow,1,2.0,3.0,1.0,119
1332,14,25,Poor,0,Slow,2,2.0,3.0,1.0,125
1333,14,28,Poor,2,Slow,1,2.0,3.0,1.0,124
1334,14,29,Poor,1,Slow,2,2.0,3.0,1.0,118
1335,14,31,Poor,1,Slow,3,2.0,3.0,1.0,117
1336,14,32,Poor,1,Slow,3,2.0,3.0,1.0,116
1337,14,33,Poor,1,Slow,2,2.0,3.0,1.0,115
1338,14,34,Poor,1,Slow,1,2.0,3.0,1.0,114
1339,14,36,Poor,2,Slow,4,2.0,3.0,1.0,123
1340,14,37,Poor,2,Slow,2,2.0,3.0,1.0,122
1341,14,39,Poor,1,Slow,0,2.0,3.0,1.0,113
1342,14,42,Poor,1,Slow,1,2.0,3.0,1.0,112
1343,14,43,Poor,1,Slow,4,2.0,3.0,1.0,111
1344,14,44,Poor,1,Slow,0,2.0,3.0,1.0,110
1345,14,46,Poor,0,Slow,3,2.0,3.0,1.0,124
1346,14,47,Poor,0,Slow,0,2.0,3.0,1.0,123
1347,14,48,Poor,1,Slow,3,2.0,3.0,1.0,109
1348,14,49,Poor,2,Slow,4,2.0,3.0,1.0,121
1349,14,50,Poor,2,Slow,1,2.0,3.0,1.0,120
1350,14,51,Poor,1,Slow,0,2.0,3.0,1.0,108
1351,14,52,Poor,0,Slow,0,2.0,3.0,1.0,122
1352,14,54,Poor,1,Slow,1,2.0,3.0,1.0,107
1353,14,56,Poor,0,Slow,1,2.0,3.0,1.0,121
1354,14,58,Poor,0,Slow,2,2.0,3.0,1.0,120
1355,14,60,Poor,1,Slow,2,2.0,3.0,1.0,106
1356,14,61,Poor,1,Slow,1,2.0,3.0,1.0,105
1357,14,65,Poor,1,Slow,3,2.0,3.0,1.0,104
1358,14,66,Poor,1,Slow,1,2.0,3.0,1.0,103
1359,14,67,Poor,1,Slow,0,2.0,3.0,1.0,102
1360,14,70,Middle,0,Slow,0,2.0,7.0,5.0,119
1361,14,70,Middle,1,Slow,1,2.0,5.0,3.0,101
1362,14,71,Middle,0,Slow,0,2.0,7.0,5.0,118
1363,14,71,Middle,1,Slow,2,2.0,5.0,3.0,100
1364,14,72,Middle,0,Slow,0,2.0,7.0,5.0,117
1365,14,72,Middle,1,Slow,4,2.0,5.0,3.0,99
1366,14,73,Middle,2,Slow,0,2.0,7.0,5.0,119
1367,14,73,Middle,1,Slow,1,2.0,5.0,3.0,98
1368,14,74,Middle,4,Shigh,0,6.0,7.0,1.0,69
1369,14,75,Middle,2,Slow,3,2.0,7.0,5.0,118
1370,14,75,Middle,3,Shigh,4,4.199999999999999,5.0,0.8000000000000007,69
1371,14,76,Middle,3,Shigh,0,4.199999999999999,7.0,2.8000000000000007,68
1372,14,76,Middle,1,Slow,3,2.0,2.8000000000000007,0.8000000000000007,97
1373,14,77,Middle,1,Slow,2,2.0,7.0,5.0,96
1374,14,78,Middle,4,Shigh,0,6.0,7.0,1.0,68
1375,14,79,Middle,0,Slow,2,2.0,7.0,5.0,116
1376,14,79,Middle,3,Shigh,3,4.199999999999999,5.0,0.8000000000000007,67
1377,14,80,Middle,4,Shigh,2,6.0,7.0,1.0,67
1378,14,81,Middle,4,Shigh,2,6.0,7.0,1.0,66
1379,14,82,Middle,4,Shigh,0,6.0,7.0,1.0,65
1380,14,83,Middle,1,Slow,0,2.0,7.0,5.0,95
1381,14,84,Middle,0,Slow,0,2.0,7.0,5.0,115
1382,14,84,Middle,1,Slow,2,2.0,5.0,3.0,94
1383,14,85,Middle,0,Slow,0,2.0,7.0,5.0,114
1384,14,86,Middle,0,Slow,3,2.0,7.0,5.0,113
1385,14,87,Middle,3,Shigh,4,4.199999999999999,7.0,2.8000000000000007,66
1386,14,88,Middle,4,Shigh,1,6.0,7.0,1.0,64
1387,14,89,Middle,0,Slow,0,2.0,7.0,5.0,112
1388,14,89,Middle,2,Slow,3,2.0,5.0,3.0,117
1389,14,89,Middle,1,Slow,4,2.0,3.0,1.0,93
1390,14,90,Rich,2,Slow,0,2.0,10.0,8.0,116
1391,14,90,Rich,3,Shigh,3,4.199999999999999,8.0,3.8000000000000007,65
1392,14,90,Rich,0,Slow,4,2.0,3.8000000000000007,1.8000000000000007,111
1393,14,91,Rich,4,Shigh,2,6.0,10.0,4.0,63
1394,14,91,Rich,1,Slow,3,2.0,4.0,2.0,92
1395,14,91,Rich,0,Slow,4,2.0,2.0,0.0,110
1396,14,93,Rich,4,Shigh,0,6.0,10.0,4.0,62
1397,14,93,Rich,2,Slow,4,2.0,4.0,2.0,115
1398,14,94,Rich,3,Shigh,0,4.199999999999999,10.0,5.800000000000001,64
1399,14,94,Rich,0,Slow,1,2.0,5.800000000000001,3.8000000000000007,109
1400,14,95,Rich,4,Shigh,1,6.0,10.0,4.0,61
1401,14,96,Rich,2,Slow,0,2.0,10.0,8.0,114
1402,14,96,Rich,1,Slow,1,2.0,8.0,6.0,91
1403,14,97,Rich,2,Slow,0,2.0,10.0,8.0,113
1404,14,98,Rich,1,Slow,3,2.0,10.0,8.0,90
1405,15,0,Poor,2,Slow,0,2.0,3.0,1.0,129
1406,15,2,Poor,0,Slow,1,2.0,3.0,1.0,129
1407,15,6,Poor,1,Slow,3,2.0,3.0,1.0,129
1408,15,7,Poor,2,Slow,1,2.0,3.0,1.0,128
1409,15,8,Poor,2,Slow,0,2.0,3.0,1.0,127
1410,15,9,Poor,1,Slow,3,2.0,3.0,1.0,128
1411,15,10,Poor,1,Slow,2,2.0,3.0,1.0,127
1412,15,11,Poor,1,Slow,0,2.0,3.0,1.0,126
1413,15,12,Poor,1,Slow,4,2.0,3.0,1.0,125
1414,15,14,Poor,1,Slow,0,2.0,3.0,1.0,124
1415,15,16,Poor,2,Slow,2,2.0,3.0,1.0,126
1416,15,17,Poor,1,Slow,1,2.0,3.0,1.0,123
1417,15,18,Poor,1,Slow,1,2.0,3.0,1.0,122
1418,15,19,Poor,1,Slow,0,2.0,3.0,1.0,121
1419,15,20,Poor,0,Slow,4,2.0,3.0,1.0,128
1420,15,21,Poor,1,Slow,2,2.0,3.0,1.0,120
1421,15,22,Poor,0,Slow,3,2.0,3.0,1.0,127
1422,15,24,Poor,0,Slow,0,2.0,3.0,1.0,126
1423,15,26,Poor,2,Slow,2,2.0,3.0,1.0,125
1424,15,27,Poor,1,Slow,3,2.0,3.0,1.0,119
1425,15,29,Poor,0,Slow,0,2.0,3.0,1.0,125
1426,15,31,Poor,1,Slow,4,2.0,3.0,1.0,118
1427,15,33,Poor,1,Slow,1,2.0,3.0,1.0,117
1428,15,36,Poor,1,Slow,3,2.0,3.0,1.0,116
1429,15,37,Poor,1,Slow,2,2.0,3.0,1.0,115
1430,15,39,Poor,1,Slow,0,2.0,3.0,1.0,114
1431,15,40,Poor,0,Slow,1,2.0,3.0,1.0,124
1432,15,41,Poor,0,Slow,0,2.0,3.0,1.0,123
1433,15,42,Poor,2,Slow,0,2.0,3.0,1.0,124
1434,15,44,Poor,1,Slow,4,2.0,3.0,1.0,113
1435,15,46,Poor,1,Slow,0,2.0,3.0,1.0,112
1436,15,47,Poor,0,Slow,2,2.0,3.0,1.0,122
1437,15,49,Poor,0,Slow,3,2.0,3.0,1.0,121
1438,15,50,Poor,0,Slow,1,2.0,3.0,1.0,120
1439,15,51,Poor,1,Slow,2,2.0,3.0,1.0,111
1440,15,53,Poor,2,Slow,1,2.0,3.0,1.0,123
1441,15,55,Poor,0,Slow,4,2.0,3.0,1.0,119
1442,15,56,Poor,0,Slow,2,2.0,3.0,1.0,118
1443,15,58,Poor,0,Slow,3,2.0,3.0,1.0,117
1444,15,62,Poor,2,Slow,2,2.0,3.0,1.0,122
1445,15,63,Poor,0,Slow,1,2.0,3.0,1.0,116
1446,15,65,Poor,0,Slow,4,2.0,3.0,1.0,115
1447,15,68,Poor,2,Slow,1,2.0,3.0,1.0,121
1448,15,70,Middle,0,Slow,0,2.0,7.0,5.0,114
1449,15,70,Middle,3,Shigh,1,4.199999999999999,5.0,0.8000000000000007,69
1450,15,71,Middle,1,Slow,0,2.0,7.0,5.0,110
1451,15,71,Middle,2,Slow,1,2.0,5.0,3.0,120
1452,15,72,Middle,2,Slow,1,2.0,7.0,5.0,119
1453,15,73,Middle,0,Slow,0,2.0,7.0,5.0,113
1454,15,74,Middle,1,Slow,2,2.0,7.0,5.0,109
1455,15,75,Middle,0,Slow,0,2.0,7.0,5.0,112
1456,15,76,Middle,2,Slow,0,2.0,7.0,5.0,118
1457,15,76,Middle,1,Slow,3,2.0,5.0,3.0,108
1458,15,77,Middle,0,Slow,1,2.0,7.0,5.0,111
1459,15,78,Middle,1,Slow,0,2.0,7.0,5.0,107
1460,15,78,Middle,3,Shigh,2,4.199999999999999,5.0,0.8000000000000007,68
1461,15,79,Middle,0,Slow,4,2.0,7.0,5.0,110
1462,15,80,Middle,0,Slow,0,2.0,7.0,5.0,109
1463,15,80,Middle,1,Slow,2,2.0,5.0,3.0,106
1464,15,81,Middle,0,Slow,0,2.0,7.0,5.0,108
1465,15,81,Middle,1,Slow,3,2.0,5.0,3.0,105
1466,15,82,Middle,1,Slow,4,2.0,7.0,5.0,104
1467,15,83,Middle,4,Shigh,3,6.0,7.0,1.0,69
1468,15,84,Middle,0,Slow,1,2.0,7.0,5.0,107
1469,15,84,Middle,2,Slow,3,2.0,5.0,3.0,117
1470,15,85,Middle,2,Slow,2,2.0,7.0,5.0,116
1471,15,86,Middle,3,Shigh,0,4.199999999999999,7.0,2.8000000000000007,67
1472,15,86,Middle,0,Slow,1,2.0,2.8000000000000007,0.8000000000000007,106
1473,15,87,Middle,1,Slow,4,2.0,7.0,5.0,103
1474,15,88,Middle,3,Shigh,2,4.199999999999999,7.0,2.8000000000000007,66
1475,15,88,Middle,2,Slow,3,2.0,2.8000000000000007,0.8000000000000007,115
1476,15,89,Middle,3,Shigh,0,4.199999999999999,7.0,2.8000000000000007,65
1477,15,90,Rich,2,Slow,0,2.0,10.0,8.0,114
1478,15,90,Rich,0,Slow,2,2.0,8.0,6.0,105
1479,15,90,Rich,3,Shigh,4,4.199999999999999,6.0,1.8000000000000007,64
1480,15,91,Rich,2,Slow,0,2.0,10.0,8.0,113
1481,15,92,Rich,1,Slow,2,2.0,10.0,8.0,102
1482,15,92,Rich,3,Shigh,3,4.199999999999999,8.0,3.8000000000000007,63
1483,15,93,Rich,0,Slow,0,2.0,10.0,8.0,104
1484,15,94,Rich,3,Shigh,0,4.199999999999999,10.0,5.800000000000001,62
1485,15,94,Rich,0,Slow,4,2.0,5.800000000000001,3.8000000000000007,103
1486,15,95,Rich,4,Shigh,3,6.0,10.0,4.0,68
1487,15,96,Rich,2,Slow,1,2.0,10.0,8.0,112
1488,15,96,Rich,1,Slow,4,2.0,8.0,6.0,101
1489,15,97,Rich,2,Slow,1,2.0,10.0,8.0,111
1490,15,97,Rich,1,Slow,4,2.0,8.0,6.0,100
1491,15,98,Rich,2,Slow,2,2.0,10.0,8.0,110
1492,15,98,Rich,1,Slow,3,2.0,8.0,6.0,99
1493,15,99,Rich,3,Shigh,0,4.199999999999999,10.0,5.800000000000001,61
1494,16,0,Poor,0,Slow,1,2.0,3.0,1.0,129
1495,16,3,Poor,0,Slow,0,2.0,3.0,1.0,128
1496,16,6,Poor,2,Slow,1,2.0,3.0,1.0,129
1497,16,7,Poor,1,Slow,2,2.0,3.0,1.0,129
1498,16,8,Poor,2,Slow,0,2.0,3.0,1.0,128
1499,16,9,Poor,0,Slow,1,2.0,3.0,1.0,127
1500,16,10,Poor,1,Slow,0,2.0,3.0,1.0,128
1501,16,11,Poor,2,Slow,1,2.0,3.0,1.0,127
1502,16,13,Poor,0,Slow,0,2.0,3.0,1.0,126
1503,16,14,Poor,1,Slow,2,2.0,3.0,1.0,127
1504,16,15,Poor,1,Slow,2,2.0,3.0,1.0,126
1505,16,17,Poor,1,Slow,2,2.0,3.0,1.0,125
1506,16,18,Poor,1,Slow,3,2.0,3.0,1.0,124
1507,16,19,Poor,0,Slow,0,2.0,3.0,1.0,125
1508,16,20,Poor,1,Slow,0,2.0,3.0,1.0,123
1509,16,22,Poor,1,Slow,0,2.0,3.0,1.0,122
1510,16,23,Poor,1,Slow,3,2.0,3.0,1.0,121
1511,16,24,Poor,2,Slow,1,2.0,3.0,1.0,126
1512,16,25,Poor,0,Slow,4,2.0,3.0,1.0,124
1513,16,26,Poor,1,Slow,4,2.0,3.0,1.0,120
1514,16,29,Poor,1,Slow,4,2.0,3.0,1.0,119
1515,16,30,Poor,2,Slow,1,2.0,3.0,1.0,125
1516,16,35,Poor,1,Slow,2,2.0,3.0,1.0,118
1517,16,38,Poor,2,Slow,0,2.0,3.0,1.0,124
1518,16,40,Poor,1,Slow,1,2.0,3.0,1.0,117
1519,16,41,Poor,0,Slow,2,2.0,3.0,1.0,123
1520,16,42,Poor,0,Slow,1,2.0,3.0,1.0,122
1521,16,44,Poor,1,Slow,1,2.0,3.0,1.0,116
1522,16,45,Poor,0,Slow,0,2.0,3.0,1.0,121
1523,16,46,Poor,1,Slow,0,2.0,3.0,1.0,115
1524,16,47,Poor,0,Slow,4,2.0,3.0,1.0,120
1525,16,48,Poor,2,Slow,0,2.0,3.0,1.0,123
1526,16,49,Poor,0,Slow,0,2.0,3.0,1.0,119
1527,16,50,Poor,0,Slow,1,2.0,3.0,1.0,118
1528,16,53,Poor,1,Slow,4,2.0,3.0,1.0,114
1529,16,56,Poor,1,Slow,0,2.0,3.0,1.0,113
1530,16,57,Poor,2,Slow,0,2.0,3.0,1.0,122
1531,16,58,Poor,1,Slow,1,2.0,3.0,1.0,112
1532,16,59,Poor,1,Slow,1,2.0,3.0,1.0,111
1533,16,60,Poor,0,Slow,0,2.0,3.0,1.0,117
1534,16,63,Poor,1,Slow,2,2.0,3.0,1.0,110
1535,16,65,Poor,2,Slow,0,2.0,3.0,1.0,121
1536,16,66,Poor,0,Slow,3,2.0,3.0,1.0,116
1537,16,68,Poor,2,Slow,0,2.0,3.0,1.0,120
1538,16,69,Poor,1,Slow,1,2.0,3.0,1.0,109
1539,16,70,Middle,1,Slow,0,2.0,7.0,5.0,108
1540,16,70,Middle,0,Slow,2,2.0,5.0,3.0,115
1541,16,71,Middle,0,Slow,1,2.0,7.0,5.0,114
1542,16,71,Middle,1,Slow,2,2.0,5.0,3.0,107
1543,16,72,Middle,2,Slow,3,2.0,7.0,5.0,119
1544,16,73,Middle,3,Shigh,0,4.199999999999999,7.0,2.8000000000000007,69
1545,16,73,Middle,0,Slow,2,2.0,2.8000000000000007,0.8000000000000007,113
1546,16,75,Middle,3,Shigh,3,4.199999999999999,7.0,2.8000000000000007,68
1547,16,75,Middle,2,Slow,4,2.0,2.8000000000000007,0.8000000000000007,118
1548,16,76,Middle,4,Shigh,1,6.0,7.0,1.0,69
1549,16,77,Middle,2,Slow,1,2.0,7.0,5.0,117
1550,16,77,Middle,1,Slow,4,2.0,5.0,3.0,106
1551,16,78,Middle,3,Shigh,1,4.199999999999999,7.0,2.8000000000000007,67
1552,16,78,Middle,1,Slow,2,2.0,2.8000000000000007,0.8000000000000007,105
1553,16,79,Middle,0,Slow,0,2.0,7.0,5.0,112
1554,16,79,Middle,1,Slow,1,2.0,5.0,3.0,104
1555,16,79,Middle,2,Slow,4,2.0,3.0,1.0,116
1556,16,80,Middle,0,Slow,0,2.0,7.0,5.0,111
1557,16,80,Middle,2,Slow,1,2.0,5.0,3.0,115
1558,16,81,Middle,4,Shigh,0,6.0,7.0,1.0,68
1559,16,82,Middle,4,Shigh,3,6.0,7.0,1.0,67
1560,16,83,Middle,1,Slow,4,2.0,7.0,5.0,103
1561,16,84,Middle,1,Slow,3,2.0,7.0,5.0,102
1562,16,84,Middle,3,Shigh,4,4.199999999999999,5.0,0.8000000000000007,66
1563,16,85,Middle,0,Slow,0,2.0,7.0,5.0,110
1564,16,85,Middle,2,Slow,3,2.0,5.0,3.0,114
1565,16,86,Middle,2,Slow,3,2.0,7.0,5.0,113
1566,16,86,Middle,0,Slow,4,2.0,5.0,3.0,109
1567,16,87,Middle,4,Shigh,0,6.0,7.0,1.0,66
1568,16,89,Middle,4,Shigh,2,6.0,7.0,1.0,65
1569,16,90,Rich,1,Slow,2,2.0,10.0,8.0,101
1570,16,90,Rich,2,Slow,3,2.0,8.0,6.0,112
1571,16,90,Rich,0,Slow,4,2.0,6.0,4.0,108
1572,16,91,Rich,1,Slow,0,2.0,10.0,8.0,100
1573,16,91,Rich,4,Shigh,4,6.0,8.0,2.0,64
1574,16,92,Rich,0,Slow,3,2.0,10.0,8.0,107
1575,16,92,Rich,2,Slow,4,2.0,8.0,6.0,111
1576,16,93,Rich,0,Slow,0,2.0,10.0,8.0,106
1577,16,93,Rich,2,Slow,3,2.0,8.0,6.0,110
1578,16,94,Rich,2,Slow,2,2.0,10.0,8.0,109
1579,16,94,Rich,1,Slow,4,2.0,8.0,6.0,99
1580,16,95,Rich,3,Shigh,0,4.199999999999999,10.0,5.800000000000001,65
1581,16,96,Rich,0,Slow,3,2.0,10.0,8.0,105
1582,16,97,Rich,3,Shigh,0,4.199999999999999,10.0,5.800000000000001,64
1583,16,97,Rich,2,Slow,1,2.0,5.800000000000001,3.8000000000000007,108
1584,16,97,Rich,0,Slow,3,2.0,3.8000000000000007,1.8000000000000007,104
1585,16,98,Rich,4,Shigh,1,6.0,10.0,4.0,63
1586,16,98,Rich,0,Slow,4,2.0,4.0,2.0,103
1587,16,99,Rich,4,Shigh,0,6.0,10.0,4.0,62
1588,16,99,Rich,1,Slow,2,2.0,4.0,2.0,98
1589,17,0,Poor,2,Slow,2,2.0,3.0,1.0,129
1590,17,1,Poor,1,Slow,4,2.0,3.0,1.0,129
1591,17,2,Poor,1,Slow,3,2.0,3.0,1.0,128
1592,17,4,Poor,2,Slow,1,2.0,3.0,1.0,128
1593,17,6,Poor,1,Slow,1,2.0,3.0,1.0,127
1594,17,7,Poor,0,Slow,0,2.0,3.0,1.0,129
1595,17,8,Poor,1,Slow,0,2.0,3.0,1.0,126
1596,17,9,Poor,2,Slow,2,2.0,3.0,1.0,127
1597,17,12,Poor,1,Slow,1,2.0,3.0,1.0,125
1598,17,13,Poor,2,Slow,1,2.0,3.0,1.0,126
1599,17,14,Poor,0,Slow,2,2.0,3.0,1.0,128
1600,17,15,Poor,2,Slow,1,2.0,3.0,1.0,125
1601,17,16,Poor,1,Slow,3,2.0,3.0,1.0,124
1602,17,17,Poor,2,Slow,4,2.0,3.0,1.0,124
1603,17,18,Poor,2,Slow,0,2.0,3.0,1.0,123
1604,17,19,Poor,0,Slow,3,2.0,3.0,1.0,127
1605,17,20,Poor,0,Slow,0,2.0,3.0,1.0,126
1606,17,21,Poor,2,Slow,0,2.0,3.0,1.0,122
1607,17,24,Poor,1,Slow,4,2.0,3.0,1.0,123
1608,17,26,Poor,0,Slow,0,2.0,3.0,1.0,125
1609,17,29,Poor,2,Slow,0,2.0,3.0,1.0,121
1610,17,31,Poor,1,Slow,1,2.0,3.0,1.0,122
1611,17,33,Poor,1,Slow,1,2.0,3.0,1.0,121
1612,17,34,Poor,1,Slow,3,2.0,3.0,1.0,120
1613,17,35,Poor,1,Slow,1,2.0,3.0,1.0,119
1614,17,36,Poor,2,Slow,2,2.0,3.0,1.0,120
1615,17,37,Poor,1,Slow,2,2.0,3.0,1.0,118
1616,17,39,Poor,1,Slow,2,2.0,3.0,1.0,117
1617,17,40,Poor,0,Slow,4,2.0,3.0,1.0,124
1618,17,41,Poor,1,Slow,0,2.0,3.0,1.0,116
1619,17,42,Poor,1,Slow,2,2.0,3.0,1.0,115
1620,17,43,Poor,0,Slow,3,2.0,3.0,1.0,123
1621,17,44,Poor,0,Slow,4,2.0,3.0,1.0,122
1622,17,45,Poor,1,Slow,2,2.0,3.0,1.0,114
1623,17,46,Poor,1,Slow,0,2.0,3.0,1.0,113
1624,17,47,Poor,0,Slow,4,2.0,3.0,1.0,121
1625,17,49,Poor,1,Slow,1,2.0,3.0,1.0,112
1626,17,50,Poor,0,Slow,0,2.0,3.0,1.0,120
1627,17,51,Poor,0,Slow,1,2.0,3.0,1.0,119
1628,17,52,Poor,1,Slow,0,2.0,3.0,1.0,111
1629,17,53,Poor,2,Slow,3,2.0,3.0,1.0,119
1630,17,54,Poor,2,Slow,2,2.0,3.0,1.0,118
1631,17,55,Poor,0,Slow,3,2.0,3.0,1.0,118
1632,17,56,Poor,0,Slow,1,2.0,3.0,1.0,117
1633,17,57,Poor,2,Slow,0,2.0,3.0,1.0,117
1634,17,60,Poor,1,Slow,0,2.0,3.0,1.0,110
1635,17,61,Poor,1,Slow,0,2.0,3.0,1.0,109
1636,17,62,Poor,1,Slow,0,2.0,3.0,1.0,108
1637,17,63,Poor,0,Slow,4,2.0,3.0,1.0,116
1638,17,67,Poor,1,Slow,2,2.0,3.0,1.0,107
1639,17,68,Poor,2,Slow,3,2.0,3.0,1.0,116
1640,17,69,Poor,0,Slow,3,2.0,3.0,1.0,115
1641,17,70,Middle,1,Slow,1,2.0,7.0,5.0,106
1642,17,70,Middle,0,Slow,3,2.0,5.0,3.0,114
1643,17,71,Middle,3,Shigh,0,4.199999999999999,7.0,2.8000000000000007,69
1644,17,71,Middle,0,Slow,3,2.0,2.8000000000000007,0.8000000000000007,113
1645,17,72,Middle,2,Slow,3,2.0,7.0,5.0,115
1646,17,74,Middle,1,Slow,2,2.0,7.0,5.0,105
1647,17,74,Middle,3,Shigh,3,4.199999999999999,5.0,0.8000000000000007,68
1648,17,76,Middle,0,Slow,0,2.0,7.0,5.0,112
1649,17,76,Middle,3,Shigh,3,4.199999999999999,5.0,0.8000000000000007,67
1650,17,77,Middle,0,Slow,2,2.0,7.0,5.0,111
1651,17,77,Middle,1,Slow,4,2.0,5.0,3.0,104
1652,17,78,Middle,4,Shigh,0,6.0,7.0,1.0,69
1653,17,79,Middle,3,Shigh,1,4.199999999999999,7.0,2.8000000000000007,66
1654,17,80,Middle,4,Shigh,0,6.0,7.0,1.0,68
1655,17,81,Middle,3,Shigh,3,4.199999999999999,7.0,2.8000000000000007,65
1656,17,81,Middle,1,Slow,4,2.0,2.8000000000000007,0.8000000000000007,103
1657,17,82,Middle,4,Shigh,0,6.0,7.0,1.0,67
1658,17,83,Middle,1,Slow,3,2.0,7.0,5.0,102
1659,17,83,Middle,2,Slow,4,2.0,5.0,3.0,114
1660,17,84,Middle,4,Shigh,1,6.0,7.0,1.0,66
1661,17,85,Middle,1,Slow,1,2.0,7.0,5.0,101
1662,17,85,Middle,3,Shigh,2,4.199999999999999,5.0,0.8000000000000007,64
1663,17,86,Middle,0,Slow,4,2.0,7.0,5.0,110
1664,17,87,Middle,1,Slow,0,2.0,7.0,5.0,100
1665,17,88,Middle,2,Slow,0,2.0,7.0,5.0,113
1666,17,88,Middle,1,Slow,3,2.0,5.0,3.0,99
1667,17,89,Middle,0,Slow,2,2.0,7.0,5.0,109
1668,17,90,Rich,3,Shigh,1,4.199999999999999,10.0,5.800000000000001,63
1669,17,90,Rich,1,Slow,4,2.0,5.800000000000001,3.8000000000000007,98
1670,17,91,Rich,4,Shigh,0,6.0,10.0,4.0,65
1671,17,91,Rich,0,Slow,1,2.0,4.0,2.0,108
1672,17,92,Rich,3,Shigh,1,4.199999999999999,10.0,5.800000000000001,62
1673,17,93,Rich,1,Slow,2,2.0,10.0,8.0,97
1674,17,94,Rich,1,Slow,2,2.0,10.0,8.0,96
1675,17,94,Rich,3,Shigh,3,4.199999999999999,8.0,3.8000000000000007,61
1676,17,95,Rich,2,Slow,0,2.0,10.0,8.0,112
1677,17,95,Rich,0,Slow,1,2.0,8.0,6.0,107
1678,17,95,Rich,3,Shigh,2,4.199999999999999,6.0,1.8000000000000007,60
1679,17,96,Rich,2,Slow,0,2.0,10.0,8.0,111
1680,17,96,Rich,3,Shigh,1,4.199999999999999,8.0,3.8000000000000007,59
1681,17,96,Rich,0,Slow,2,2.0,3.8000000000000007,1.8000000000000007,106
1682,17,97,Rich,3,Shigh,0,4.199999999999999,10.0,5.800000000000001,58
1683,17,97,Rich,1,Slow,3,2.0,5.800000000000001,3.8000000000000007,95
1684,17,99,Rich,0,Slow,0,2.0,10.0,8.0,105
1685,17,99,Rich,2,Slow,2,2.0,8.0,6.0,110
1686,18,0,Poor,0,Slow,1,2.0,3.0,1.0,129
1687,18,1,Poor,1,Slow,0,2.0,3.0,1.0,129
1688,18,2,Poor,1,Slow,0,2.0,3.0,1.0,128
1689,18,4,Poor,0,Slow,0,2.0,3.0,1.0,128
1690,18,5,Poor,1,Slow,0,2.0,3.0,1.0,127
1691,18,6,Poor,1,Slow,4,2.0,3.0,1.0,126
1692,18,7,Poor,1,Slow,4,2.0,3.0,1.0,125
1693,18,8,Poor,1,Slow,4,2.0,3.0,1.0,124
1694,18,9,Poor,0,Slow,0,2.0,3.0,1.0,127
1695,18,10,Poor,2,Slow,0,2.0,3.0,1.0,129
1696,18,11,Poor,1,Slow,1,2.0,3.0,1.0,123
1697,18,13,Poor,0,Slow,0,2.0,3.0,1.0,126
1698,18,18,Poor,1,Slow,2,2.0,3.0,1.0,122
1699,18,19,Poor,0,Slow,2,2.0,3.0,1.0,125
1700,18,20,Poor,1,Slow,0,2.0,3.0,1.0,121
1701,18,22,Poor,2,Slow,2,2.0,3.0,1.0,128
1702,18,24,Poor,0,Slow,0,2.0,3.0,1.0,124
1703,18,25,Poor,0,Slow,0,2.0,3.0,1.0,123
1704,18,26,Poor,0,Slow,0,2.0,3.0,1.0,122
1705,18,27,Poor,0,Slow,2,2.0,3.0,1.0,121
1706,18,29,Poor,2,Slow,1,2.0,3.0,1.0,127
1707,18,33,Poor,2,Slow,0,2.0,3.0,1.0,126
1708,18,34,Poor,2,Slow,1,2.0,3.0,1.0,125
1709,18,36,Poor,2,Slow,1,2.0,3.0,1.0,124
1710,18,37,Poor,0,Slow,0,2.0,3.0,1.0,120
1711,18,38,Poor,1,Slow,1,2.0,3.0,1.0,120
1712,18,39,Poor,1,Slow,0,2.0,3.0,1.0,119
1713,18,40,Poor,0,Slow,2,2.0,3.0,1.0,119
1714,18,41,Poor,1,Slow,0,2.0,3.0,1.0,118
1715,18,42,Poor,1,Slow,1,2.0,3.0,1.0,117
1716,18,43,Poor,1,Slow,0,2.0,3.0,1.0,116
1717,18,45,Poor,2,Slow,2,2.0,3.0,1.0,123
1718,18,47,Poor,0,Slow,0,2.0,3.0,1.0,118
1719,18,48,Poor,2,Slow,2,2.0,3.0,1.0,122
1720,18,49,Poor,1,Slow,0,2.0,3.0,1.0,115
1721,18,50,Poor,1,Slow,0,2.0,3.0,1.0,114
1722,18,52,Poor,0,Slow,4,2.0,3.0,1.0,117
1723,18,55,Poor,0,Slow,2,2.0,3.0,1.0,116
1724,18,57,Poor,1,Slow,4,2.0,3.0,1.0,113
1725,18,61,Poor,2,Slow,0,2.0,3.0,1.0,121
1726,18,62,Poor,0,Slow,1,2.0,3.0,1.0,115
1727,18,63,Poor,1,Slow,0,2.0,3.0,1.0,112
1728,18,65,Poor,0,Slow,3,2.0,3.0,1.0,114
1729,18,67,Poor,1,Slow,2,2.0,3.0,1.0,111
1730,18,69,Poor,0,Slow,1,2.0,3.0,1.0,113
1731,18,71,Middle,4,Shigh,1,6.0,7.0,1.0,69
1732,18,72,Middle,0,Slow,2,2.0,7.0,5.0,112
1733,18,73,Middle,0,Slow,1,2.0,7.0,5.0,111
1734,18,73,Middle,2,Slow,3,2.0,5.0,3.0,120
1735,18,74,Middle,0,Slow,0,2.0,7.0,5.0,110
1736,18,74,Middle,3,Shigh,2,4.199999999999999,5.0,0.8000000000000007,69
1737,18,75,Middle,1,Slow,0,2.0,7.0,5.0,110
1738,18,76,Middle,3,Shigh,0,4.199999999999999,7.0,2.8000000000000007,68
1739,18,76,Middle,2,Slow,4,2.0,2.8000000000000007,0.8000000000000007,119
1740,18,77,Middle,0,Slow,0,2.0,7.0,5.0,109
1741,18,78,Middle,2,Slow,3,2.0,7.0,5.0,118
1742,18,80,Middle,2,Slow,1,2.0,7.0,5.0,117
1743,18,80,Middle,0,Slow,2,2.0,5.0,3.0,108
1744,18,81,Middle,1,Slow,1,2.0,7.0,5.0,109
1745,18,81,Middle,3,Shigh,3,4.199999999999999,5.0,0.8000000000000007,67
1746,18,83,Middle,1,Slow,3,2.0,7.0,5.0,108
1747,18,85,Middle,3,Shigh,0,4.199999999999999,7.0,2.8000000000000007,66
1748,18,86,Middle,0,Slow,0,2.0,7.0,5.0,107
1749,18,87,Middle,1,Slow,1,2.0,7.0,5.0,107
1750,18,87,Middle,0,Slow,3,2.0,5.0,3.0,106
1751,18,89,Middle,3,Shigh,0,4.199999999999999,7.0,2.8000000000000007,65
1752,18,89,Middle,1,Slow,3,2.0,2.8000000000000007,0.8000000000000007,106
1753,18,90,Rich,2,Slow,2,2.0,10.0,8.0,116
1754,18,91,Rich,0,Slow,2,2.0,10.0,8.0,105
1755,18,93,Rich,1,Slow,1,2.0,10.0,8.0,105
1756,18,93,Rich,4,Shigh,2,6.0,8.0,2.0,68
1757,18,94,Rich,3,Shigh,1,4.199999999999999,10.0,5.800000000000001,64
1758,18,94,Rich,2,Slow,4,2.0,5.800000000000001,3.8000000000000007,115
1759,18,95,Rich,4,Shigh,0,6.0,10.0,4.0,67
1760,18,95,Rich,1,Slow,3,2.0,4.0,2.0,104
1761,18,96,Rich,0,Slow,0,2.0,10.0,8.0,104
1762,18,97,Rich,3,Shigh,1,4.199999999999999,10.0,5.800000000000001,63
1763,18,98,Rich,1,Slow,1,2.0,10.0,8.0,103
1764,18,98,Rich,0,Slow,3,2.0,8.0,6.0,103
1765,18,99,Rich,2,Slow,1,2.0,10.0,8.0,114
1766,18,99,Rich,1,Slow,4,2.0,8.0,6.0,102
1767,19,0,Poor,1,Slow,1,2.0,3.0,1.0,129
1768,19,1,Poor,0,Slow,0,2.0,3.0,1.0,129
1769,19,3,Poor,2,Slow,1,2.0,3.0,1.0,129
1770,19,4,Poor,2,Slow,0,2.0,3.0,1.0,128
1771,19,5,Poor,2,Slow,1,2.0,3.0,1.0,127
1772,19,8,Poor,2,Slow,1,2.0,3.0,1.0,126
1773,19,9,Poor,1,Slow,1,2.0,3.0,1.0,128
1774,19,10,Poor,1,Slow,1,2.0,3.0,1.0,127
1775,19,11,Poor,0,Slow,0,2.0,3.0,1.0,128
1776,19,14,Poor,2,Slow,0,2.0,3.0,1.0,125
1777,19,15,Poor,0,Slow,3,2.0,3.0,1.0,127
1778,19,16,Poor,2,Slow,4,2.0,3.0,1.0,124
1779,19,18,Poor,0,Slow,2,2.0,3.0,1.0,126
1780,19,21,Poor,2,Slow,4,2.0,3.0,1.0,123
1781,19,22,Poor,2,Slow,4,2.0,3.0,1.0,122
1782,19,24,Poor,2,Slow,3,2.0,3.0,1.0,121
1783,19,26,Poor,1,Slow,0,2.0,3.0,1.0,126
1784,19,27,Poor,0,Slow,4,2.0,3.0,1.0,125
1785,19,28,Poor,1,Slow,1,2.0,3.0,1.0,125
1786,19,30,Poor,0,Slow,1,2.0,3.0,1.0,124
1787,19,32,Poor,1,Slow,4,2.0,3.0,1.0,124
1788,19,34,Poor,0,Slow,2,2.0,3.0,1.0,123
1789,19,35,Poor,0,Slow,3,2.0,3.0,1.0,122
1790,19,38,Poor,1,Slow,1,2.0,3.0,1.0,123
1791,19,41,Poor,0,Slow,4,2.0,3.0,1.0,121
1792,19,42,Poor,1,Slow,3,2.0,3.0,1.0,122
1793,19,43,Poor,1,Slow,1,2.0,3.0,1.0,121
1794,19,44,Poor,0,Slow,1,2.0,3.0,1.0,120
1795,19,45,Poor,0,Slow,3,2.0,3.0,1.0,119
1796,19,46,Poor,1,Slow,1,2.0,3.0,1.0,120
1797,19,47,Poor,2,Slow,3,2.0,3.0,1.0,120
1798,19,48,Poor,2,Slow,2,2.0,3.0,1.0,119
1799,19,49,Poor,1,Slow,2,2.0,3.0,1.0,119
1800,19,50,Poor,1,Slow,3,2.0,3.0,1.0,118
1801,19,51,Poor,0,Slow,1,2.0,3.0,1.0,118
1802,19,52,Poor,1,Slow,1,2.0,3.0,1.0,117
1803,19,54,Poor,0,Slow,2,2.0,3.0,1.0,117
1804,19,55,Poor,1,Slow,0,2.0,3.0,1.0,116
1805,19,56,Poor,0,Slow,0,2.0,3.0,1.0,116
1806,19,57,Poor,0,Slow,3,2.0,3.0,1.0,115
1807,19,58,Poor,2,Slow,0,2.0,3.0,1.0,118
1808,19,59,Poor,2,Slow,2,2.0,3.0,1.0,117
1809,19,61,Poor,0,Slow,4,2.0,3.0,1.0,114
1810,19,64,Poor,1,Slow,0,2.0,3.0,1.0,115
1811,19,65,Poor,0,Slow,2,2.0,3.0,1.0,113
1812,19,67,Poor,2,Slow,0,2.0,3.0,1.0,116
1813,19,68,Poor,1,Slow,0,2.0,3.0,1.0,114
1814,19,69,Poor,1,Slow,2,2.0,3.0,1.0,113
1815,19,70,Middle,3,Shigh,0,4.199999999999999,7.0,2.8000000000000007,69
1816,19,71,Middle,4,Shigh,0,6.0,7.0,1.0,69
1817,19,72,Middle,2,Slow,4,2.0,7.0,5.0,115
1818,19,73,Middle,0,Slow,1,2.0,7.0,5.0,112
1819,19,74,Middle,0,Slow,0,2.0,7.0,5.0,111
1820,19,74,Middle,3,Shigh,1,4.199999999999999,5.0,0.8000000000000007,68
1821,19,75,Middle,3,Shigh,1,4.199999999999999,7.0,2.8000000000000007,67
1822,19,75,Middle,2,Slow,4,2.0,2.8000000000000007,0.8000000000000007,114
1823,19,76,Middle,0,Slow,1,2.0,7.0,5.0,110
1824,19,76,Middle,3,Shigh,2,4.199999999999999,5.0,0.8000000000000007,66
1825,19,77,Middle,1,Slow,0,2.0,7.0,5.0,112
1826,19,77,Middle,3,Shigh,4,4.199999999999999,5.0,0.8000000000000007,65
1827,19,78,Middle,0,Slow,2,2.0,7.0,5.0,109
1828,19,78,Middle,1,Slow,4,2.0,5.0,3.0,111
1829,19,80,Middle,0,Slow,2,2.0,7.0,5.0,108
1830,19,80,Middle,3,Shigh,3,4.199999999999999,5.0,0.8000000000000007,64
1831,19,81,Middle,0,Slow,1,2.0,7.0,5.0,107
1832,19,81,Middle,1,Slow,3,2.0,5.0,3.0,110
1833,19,82,Middle,4,Shigh,2,6.0,7.0,1.0,68
1834,19,83,Middle,0,Slow,0,2.0,7.0,5.0,106
1835,19,83,Middle,3,Shigh,1,4.199999999999999,5.0,0.8000000000000007,63
1836,19,84,Middle,0,Slow,1,2.0,7.0,5.0,105
1837,19,85,Middle,1,Slow,0,2.0,7.0,5.0,109
1838,19,86,Middle,0,Slow,1,2.0,7.0,5.0,104
1839,19,87,Middle,1,Slow,0,2.0,7.0,5.0,108
1840,19,88,Middle,0,Slow,1,2.0,7.0,5.0,103
1841,19,88,Middle,3,Shigh,2,4.199999999999999,5.0,0.8000000000000007,62
1842,19,89,Middle,3,Shigh,0,4.199999999999999,7.0,2.8000000000000007,61
1843,19,89,Middle,2,Slow,1,2.0,2.8000000000000007,0.8000000000000007,113
1844,19,90,Rich,3,Shigh,0,4.199999999999999,10.0,5.800000000000001,60
1845,19,90,Rich,1,Slow,2,2.0,5.800000000000001,3.8000000000000007,107
1846,19,90,Rich,0,Slow,3,2.0,3.8000000000000007,1.8000000000000007,102
1847,19,91,Rich,1,Slow,1,2.0,10.0,8.0,106
1848,19,91,Rich,3,Shigh,2,4.199999999999999,8.0,3.8000000000000007,59
1849,19,92,Rich,2,Slow,2,2.0,10.0,8.0,112
1850,19,92,Rich,0,Slow,3,2.0,8.0,6.0,101
1851,19,93,Rich,0,Slow,0,2.0,10.0,8.0,100
1852,19,93,Rich,4,Shigh,2,6.0,8.0,2.0,67
1853,19,93,Rich,1,Slow,3,2.0,2.0,0.0,105
1854,19,94,Rich,0,Slow,3,2.0,10.0,8.0,99
1855,19,95,Rich,1,Slow,1,2.0,10.0,8.0,104
1856,19,95,Rich,4,Shigh,4,6.0,8.0,2.0,66
1857,19,96,Rich,2,Slow,0,2.0,10.0,8.0,111
1858,19,96,Rich,0,Slow,4,2.0,8.0,6.0,98
1859,19,97,Rich,1,Slow,0,2.0,10.0,8.0,103
1860,19,98,Rich,2,Slow,1,2.0,10.0,8.0,110
1861,19,98,Rich,0,Slow,2,2.0,8.0,6.0,97
1862,19,99,Rich,2,Slow,0,2.0,10.0,8.0,109
1863,19,99,Rich,4,Shigh,2,6.0,8.0,2.0,65
1864,19,99,Rich,0,Slow,3,2.0,2.0,0.0,96
1865,20,2,Poor,1,Slow,0,2.0,3.0,1.0,129
1866,20,3,Poor,0,Slow,0,2.0,3.0,1.0,129
1867,20,5,Poor,0,Slow,0,2.0,3.0,1.0,128
1868,20,6,Poor,1,Slow,3,2.0,3.0,1.0,128
1869,20,7,Poor,1,Slow,0,2.0,3.0,1.0,127
1870,20,8,Poor,1,Slow,1,2.0,3.0,1.0,126
1871,20,11,Poor,0,Slow,3,2.0,3.0,1.0,127
1872,20,12,Poor,2,Slow,1,2.0,3.0,1.0,129
1873,20,13,Poor,0,Slow,0,2.0,3.0,1.0,126
1874,20,14,Poor,2,Slow,2,2.0,3.0,1.0,128
1875,20,15,Poor,2,Slow,3,2.0,3.0,1.0,127
1876,20,16,Poor,2,Slow,3,2.0,3.0,1.0,126
1877,20,17,Poor,1,Slow,4,2.0,3.0,1.0,125
1878,20,19,Poor,0,Slow,0,2.0,3.0,1.0,125
1879,20,20,Poor,2,Slow,1,2.0,3.0,1.0,125
1880,20,21,Poor,2,Slow,3,2.0,3.0,1.0,124
1881,20,23,Poor,0,Slow,3,2.0,3.0,1.0,124
1882,20,24,Poor,1,Slow,3,2.0,3.0,1.0,124
1883,20,25,Poor,1,Slow,2,2.0,3.0,1.0,123
1884,20,26,Poor,0,Slow,0,2.0,3.0,1.0,123
1885,20,28,Poor,0,Slow,2,2.0,3.0,1.0,122
1886,20,29,Poor,1,Slow,1,2.0,3.0,1.0,122
1887,20,31,Poor,0,Slow,0,2.0,3.0,1.0,121
1888,20,32,Poor,1,Slow,1,2.0,3.0,1.0,121
1889,20,34,Poor,2,Slow,1,2.0,3.0,1.0,123
1890,20,35,Poor,1,Slow,0,2.0,3.0,1.0,120
1891,20,36,Poor,2,Slow,0,2.0,3.0,1.0,122
1892,20,39,Poor,1,Slow,0,2.0,3.0,1.0,119
1893,20,40,Poor,1,Slow,0,2.0,3.0,1.0,118
1894,20,44,Poor,1,Slow,4,2.0,3.0,1.0,117
1895,20,46,Poor,1,Slow,3,2.0,3.0,1.0,116
1896,20,49,Poor,2,Slow,4,2.0,3.0,1.0,121
1897,20,50,Poor,1,Slow,0,2.0,3.0,1.0,115
1898,20,52,Poor,0,Slow,1,2.0,3.0,1.0,120
1899,20,53,Poor,1,Slow,2,2.0,3.0,1.0,114
1900,20,54,Poor,1,Slow,3,2.0,3.0,1.0,113
1901,20,57,Poor,1,Slow,1,2.0,3.0,1.0,112
1902,20,58,Poor,0,Slow,2,2.0,3.0,1.0,119
1903,20,59,Poor,2,Slow,3,2.0,3.0,1.0,120
1904,20,60,Poor,0,Slow,1,2.0,3.0,1.0,118
1905,20,61,Poor,1,Slow,2,2.0,3.0,1.0,111
1906,20,62,Poor,1,Slow,1,2.0,3.0,1.0,110
1907,20,64,Poor,0,Slow,0,2.0,3.0,1.0,117
1908,20,65,Poor,0,Slow,0,2.0,3.0,1.0,116
1909,20,68,Poor,2,Slow,0,2.0,3.0,1.0,119
1910,20,69,Poor,0,Slow,2,2.0,3.0,1.0,115
1911,20,70,Middle,4,Shigh,0,6.0,7.0,1.0,69
1912,20,71,Middle,1,Slow,0,2.0,7.0,5.0,109
1913,20,71,Middle,2,Slow,1,2.0,5.0,3.0,118
1914,20,71,Middle,0,Slow,3,2.0,3.0,1.0,114
1915,20,73,Middle,3,Shigh,2,4.199999999999999,7.0,2.8000000000000007,69
1916,20,73,Middle,1,Slow,4,2.0,2.8000000000000007,0.8000000000000007,108
1917,20,74,Middle,0,Slow,3,2.0,7.0,5.0,113
1918,20,75,Middle,2,Slow,2,2.0,7.0,5.0,117
1919,20,75,Middle,3,Shigh,4,4.199999999999999,5.0,0.8000000000000007,68
1920,20,76,Middle,3,Shigh,0,4.199999999999999,7.0,2.8000000000000007,67
1921,20,76,Middle,2,Slow,1,2.0,2.8000000000000007,0.8000000000000007,116
1922,20,77,Middle,3,Shigh,1,4.199999999999999,7.0,2.8000000000000007,66
1923,20,77,Middle,1,Slow,2,2.0,2.8000000000000007,0.8000000000000007,107
1924,20,78,Middle,3,Shigh,0,4.199999999999999,7.0,2.8000000000000007,65
1925,20,78,Middle,1,Slow,4,2.0,2.8000000000000007,0.8000000000000007,106
1926,20,79,Middle,3,Shigh,0,4.199999999999999,7.0,2.8000000000000007,64
1927,20,80,Middle,0,Slow,0,2.0,7.0,5.0,112
1928,20,80,Middle,3,Shigh,2,4.199999999999999,5.0,0.8000000000000007,63
1929,20,81,Middle,0,Slow,4,2.0,7.0,5.0,111
1930,20,82,Middle,1,Slow,0,2.0,7.0,5.0,105
1931,20,83,Middle,3,Shigh,1,4.199999999999999,7.0,2.8000000000000007,62
1932,20,83,Middle,1,Slow,2,2.0,2.8000000000000007,0.8000000000000007,104
1933,20,84,Middle,3,Shigh,3,4.199999999999999,7.0,2.8000000000000007,61
1934,20,85,Middle,0,Slow,3,2.0,7.0,5.0,110
1935,20,86,Middle,0,Slow,2,2.0,7.0,5.0,109
1936,20,86,Middle,1,Slow,4,2.0,5.0,3.0,103
1937,20,87,Middle,3,Shigh,2,4.199999999999999,7.0,2.8000000000000007,60
1938,20,87,Middle,1,Slow,3,2.0,2.8000000000000007,0.8000000000000007,102
1939,20,88,Middle,0,Slow,3,2.0,7.0,5.0,108
1940,20,88,Middle,1,Slow,4,2.0,5.0,3.0,101
1941,20,90,Rich,2,Slow,0,2.0,10.0,8.0,115
1942,20,90,Rich,3,Shigh,1,4.199999999999999,8.0,3.8000000000000007,59
1943,20,90,Rich,0,Slow,4,2.0,3.8000000000000007,1.8000000000000007,107
1944,20,91,Rich,4,Shigh,2,6.0,10.0,4.0,68
1945,20,91,Rich,1,Slow,4,2.0,4.0,2.0,100
1946,20,92,Rich,4,Shigh,1,6.0,10.0,4.0,67
1947,20,92,Rich,0,Slow,2,2.0,4.0,2.0,106
1948,20,93,Rich,3,Shigh,0,4.199999999999999,10.0,5.800000000000001,58
1949,20,93,Rich,1,Slow,3,2.0,5.800000000000001,3.8000000000000007,99
1950,20,94,Rich,2,Slow,0,2.0,10.0,8.0,114
1951,20,94,Rich,3,Shigh,2,4.199999999999999,8.0,3.8000000000000007,57
1952,20,95,Rich,4,Shigh,1,6.0,10.0,4.0,66
1953,20,95,Rich,0,Slow,2,2.0,4.0,2.0,105
1954,20,95,Rich,2,Slow,3,2.0,2.0,0.0,113
1955,20,96,Rich,4,Shigh,1,6.0,10.0,4.0,65
1956,20,96,Rich,2,Slow,2,2.0,4.0,2.0,112
1957,20,96,Rich,1,Slow,4,2.0,2.0,0.0,98
1958,20,97,Rich,3,Shigh,0,4.199999999999999,10.0,5.800000000000001,56
1959,20,97,Rich,2,Slow,2,2.0,5.800000000000001,3.8000000000000007,111
1960,20,97,Rich,1,Slow,3,2.0,3.8000000000000007,1.8000000000000007,97
1961,20,98,Rich,4,Shigh,3,6.0,10.0,4.0,64
1962,20,99,Rich,2,Slow,0,2.0,10.0,8.0,110
1963,20,99,Rich,0,Slow,1,2.0,8.0,6.0,104
1964,21,0,Poor,2,Slow,3,2.0,3.0,1.0,129
1965,21,1,Poor,0,Slow,2,2.0,3.0,1.0,129
1966,21,2,Poor,1,Slow,2,2.0,3.0,1.0,129
1967,21,4,Poor,2,Slow,4,2.0,3.0,1.0,128
1968,21,5,Poor,2,Slow,0,2.0,3.0,1.0,127
1969,21,6,Poor,2,Slow,3,2.0,3.0,1.0,126
1970,21,8,Poor,2,Slow,4,2.0,3.0,1.0,125
1971,21,10,Poor,2,Slow,1,2.0,3.0,1.0,124
1972,21,11,Poor,2,Slow,0,2.0,3.0,1.0,123
1973,21,12,Poor,1,Slow,2,2.0,3.0,1.0,128
1974,21,13,Poor,2,Slow,1,2.0,3.0,1.0,122
1975,21,16,Poor,1,Slow,2,2.0,3.0,1.0,127
1976,21,17,Poor,2,Slow,0,2.0,3.0,1.0,121
1977,21,19,Poor,0,Slow,1,2.0,3.0,1.0,128
1978,21,20,Poor,0,Slow,2,2.0,3.0,1.0,127
1979,21,21,Poor,2,Slow,0,2.0,3.0,1.0,120
1980,21,22,Poor,2,Slow,0,2.0,3.0,1.0,119
1981,21,24,Poor,1,Slow,1,2.0,3.0,1.0,126
1982,21,25,Poor,2,Slow,0,2.0,3.0,1.0,118
1983,21,26,Poor,0,Slow,3,2.0,3.0,1.0,126
1984,21,27,Poor,1,Slow,4,2.0,3.0,1.0,125
1985,21,29,Poor,2,Slow,0,2.0,3.0,1.0,117
1986,21,30,Poor,0,Slow,0,2.0,3.0,1.0,125
1987,21,31,Poor,1,Slow,1,2.0,3.0,1.0,124
1988,21,33,Poor,1,Slow,1,2.0,3.0,1.0,123
1989,21,34,Poor,0,Slow,1,2.0,3.0,1.0,124
1990,21,35,Poor,1,Slow,0,2.0,3.0,1.0,122
1991,21,37,Poor,1,Slow,4,2.0,3.0,1.0,121
1992,21,38,Poor,1,Slow,2,2.0,3.0,1.0,120
1993,21,39,Poor,0,Slow,0,2.0,3.0,1.0,123
1994,21,40,Poor,1,Slow,0,2.0,3.0,1.0,119
1995,21,41,Poor,0,Slow,0,2.0,3.0,1.0,122
1996,21,42,Poor,0,Slow,0,2.0,3.0,1.0,121
1997,21,45,Poor,0,Slow,3,2.0,3.0,1.0,120
1998,21,47,Poor,1,Slow,3,2.0,3.0,1.0,118
1999,21,50,Poor,2,Slow,2,2.0,3.0,1.0,116
2000,21,51,Poor,2,Slow,0,2.0,3.0,1.0,115
2001,21,52,Poor,0,Slow,0,2.0,3.0,1.0,119
2002,21,53,Poor,0,Slow,0,2.0,3.0,1.0,118
2003,21,54,Poor,2,Slow,1,2.0,3.0,1.0,114
2004,21,55,Poor,1,Slow,3,2.0,3.0,1.0,117
2005,21,56,Poor,0,Slow,4,2.0,3.0,1.0,117
2006,21,57,Poor,2,Slow,3,2.0,3.0,1.0,113
2007,21,58,Poor,1,Slow,1,2.0,3.0,1.0,116
2008,21,59,Poor,0,Slow,0,2.0,3.0,1.0,116
2009,21,60,Poor,2,Slow,3,2.0,3.0,1.0,112
2010,21,61,Poor,2,Slow,1,2.0,3.0,1.0,111
2011,21,63,Poor,1,Slow,1,2.0,3.0,1.0,115
2012,21,66,Poor,1,Slow,0,2.0,3.0,1.0,114
2013,21,68,Poor,0,Slow,2,2.0,3.0,1.0,115
2014,21,69,Poor,0,Slow,0,2.0,3.0,1.0,114
2015,21,70,Middle,2,Slow,2,2.0,7.0,5.0,110
2016,21,70,Middle,0,Slow,4,2.0,5.0,3.0,113
2017,21,71,Middle,0,Slow,3,2.0,7.0,5.0,112
2018,21,72,Middle,4,Shigh,0,6.0,7.0,1.0,69
2019,21,73,Middle,3,Shigh,0,4.199999999999999,7.0,2.8000000000000007,69
2020,21,73,Middle,2,Slow,2,2.0,2.8000000000000007,0.8000000000000007,109
2021,21,75,Middle,3,Shigh,1,4.199999999999999,7.0,2.8000000000000007,68
2022,21,75,Middle,1,Slow,3,2.0,2.8000000000000007,0.8000000000000007,113
2023,21,76,Middle,1,Slow,3,2.0,7.0,5.0,112
2024,21,77,Middle,1,Slow,0,2.0,7.0,5.0,111
2025,21,77,Middle,0,Slow,2,2.0,5.0,3.0,111
2026,21,78,Middle,3,Shigh,3,4.199999999999999,7.0,2.8000000000000007,67
2027,21,78,Middle,2,Slow,4,2.0,2.8000000000000007,0.8000000000000007,108
2028,21,79,Middle,1,Slow,0,2.0,7.0,5.0,110
2029,21,79,Middle,3,Shigh,2,4.199999999999999,5.0,0.8000000000000007,66
2030,21,80,Middle,2,Slow,4,2.0,7.0,5.0,107
2031,21,81,Middle,2,Slow,1,2.0,7.0,5.0,106
2032,21,81,Middle,3,Shigh,4,4.199999999999999,5.0,0.8000000000000007,65
2033,21,82,Middle,0,Slow,0,2.0,7.0,5.0,110
2034,21,84,Middle,2,Slow,1,2.0,7.0,5.0,105
2035,21,84,Middle,0,Slow,2,2.0,5.0,3.0,109
2036,21,85,Middle,3,Shigh,0,4.199999999999999,7.0,2.8000000000000007,64
2037,21,87,Middle,1,Slow,1,2.0,7.0,5.0,109
2038,21,87,Middle,3,Shigh,2,4.199999999999999,5.0,0.8000000000000007,63
2039,21,88,Middle,2,Slow,1,2.0,7.0,5.0,104
2040,21,88,Middle,3,Shigh,2,4.199999999999999,5.0,0.8000000000000007,62
2041,21,89,Middle,1,Slow,1,2.0,7.0,5.0,108
2042,21,90,Rich,3,Shigh,1,4.199999999999999,10.0,5.800000000000001,61
2043,21,90,Rich,0,Slow,3,2.0,5.800000000000001,3.8000000000000007,108
2044,21,90,Rich,2,Slow,4,2.0,3.8000000000000007,1.8000000000000007,103
2045,21,91,Rich,1,Slow,0,2.0,10.0,8.0,107
2046,21,91,Rich,4,Shigh,1,6.0,8.0,2.0,68
2047,21,91,Rich,2,Slow,2,2.0,2.0,0.0,102
2048,21,92,Rich,3,Shigh,2,4.199999999999999,10.0,5.800000000000001,60
2049,21,93,Rich,3,Shigh,2,4.199999999999999,10.0,5.800000000000001,59
2050,21,93,Rich,1,Slow,3,2.0,5.800000000000001,3.8000000000000007,106
2051,21,94,Rich,0,Slow,4,2.0,10.0,8.0,107
2052,21,96,Rich,0,Slow,1,2.0,10.0,8.0,106
2053,21,96,Rich,2,Slow,3,2.0,8.0,6.0,101
2054,21,96,Rich,1,Slow,4,2.0,6.0,4.0,105
2055,21,97,Rich,3,Shigh,1,4.199999999999999,10.0,5.800000000000001,58
2056,21,97,Rich,1,Slow,2,2.0,5.800000000000001,3.8000000000000007,104
2057,21,97,Rich,0,Slow,4,2.0,3.8000000000000007,1.8000000000000007,105
2058,21,98,Rich,0,Slow,4,2.0,10.0,8.0,104
2059,21,99,Rich,3,Shigh,0,4.199999999999999,10.0,5.800000000000001,57
2060,21,99,Rich,1,Slow,3,2.0,5.800000000000001,3.8000000000000007,103
2061,21,99,Rich,2,Slow,4,2.0,3.8000000000000007,1.8000000000000007,100
2062,22,1,Poor,0,Slow,3,2.0,3.0,1.0,129
2063,22,2,Poor,2,Slow,2,2.0,3.0,1.0,129
2064,22,3,Poor,1,Slow,1,2.0,3.0,1.0,129
2065,22,4,Poor,1,Slow,2,2.0,3.0,1.0,128
2066,22,5,Poor,0,Slow,2,2.0,3.0,1.0,128
2067,22,7,Poor,0,Slow,2,2.0,3.0,1.0,127
2068,22,8,Poor,2,Slow,2,2.0,3.0,1.0,128
2069,22,9,Poor,1,Slow,0,2.0,3.0,1.0,127
2070,22,10,Poor,2,Slow,4,2.0,3.0,1.0,127
2071,22,13,Poor,1,Slow,4,2.0,3.0,1.0,126
2072,22,16,Poor,2,Slow,0,2.0,3.0,1.0,126
2073,22,18,Poor,0,Slow,4,2.0,3.0,1.0,126
2074,22,21,Poor,0,Slow,4,2.0,3.0,1.0,125
2075,22,22,Poor,1,Slow,3,2.0,3.0,1.0,125
2076,22,23,Poor,0,Slow,2,2.0,3.0,1.0,124
2077,22,24,Poor,1,Slow,2,2.0,3.0,1.0,124
2078,22,25,Poor,2,Slow,1,2.0,3.0,1.0,125
2079,22,26,Poor,0,Slow,3,2.0,3.0,1.0,123
2080,22,27,Poor,1,Slow,2,2.0,3.0,1.0,123
2081,22,28,Poor,0,Slow,4,2.0,3.0,1.0,122
2082,22,30,Poor,2,Slow,2,2.0,3.0,1.0,124
2083,22,31,Poor,1,Slow,4,2.0,3.0,1.0,122
2084,22,32,Poor,0,Slow,3,2.0,3.0,1.0,121
2085,22,33,Poor,1,Slow,0,2.0,3.0,1.0,121
2086,22,34,Poor,1,Slow,2,2.0,3.0,1.0,120
2087,22,35,Poor,0,Slow,0,2.0,3.0,1.0,120
2088,22,36,Poor,0,Slow,1,2.0,3.0,1.0,119
2089,22,37,Poor,0,Slow,1,2.0,3.0,1.0,118
2090,22,38,Poor,2,Slow,1,2.0,3.0,1.0,123
2091,22,39,Poor,2,Slow,4,2.0,3.0,1.0,122
2092,22,42,Poor,0,Slow,3,2.0,3.0,1.0,117
2093,22,45,Poor,2,Slow,0,2.0,3.0,1.0,121
2094,22,46,Poor,1,Slow,0,2.0,3.0,1.0,119
2095,22,48,Poor,2,Slow,1,2.0,3.0,1.0,120
2096,22,49,Poor,0,Slow,0,2.0,3.0,1.0,116
2097,22,50,Poor,2,Slow,3,2.0,3.0,1.0,119
2098,22,52,Poor,0,Slow,1,2.0,3.0,1.0,115
2099,22,53,Poor,1,Slow,0,2.0,3.0,1.0,118
2100,22,54,Poor,2,Slow,0,2.0,3.0,1.0,118
2101,22,57,Poor,0,Slow,0,2.0,3.0,1.0,114
2102,22,58,Poor,0,Slow,0,2.0,3.0,1.0,113
2103,22,59,Poor,1,Slow,2,2.0,3.0,1.0,117
2104,22,60,Poor,2,Slow,0,2.0,3.0,1.0,117
2105,22,62,Poor,0,Slow,2,2.0,3.0,1.0,112
2106,22,63,Poor,1,Slow,0,2.0,3.0,1.0,116
2107,22,65,Poor,2,Slow,1,2.0,3.0,1.0,116
2108,22,66,Poor,0,Slow,2,2.0,3.0,1.0,111
2109,22,67,Poor,0,Slow,0,2.0,3.0,1.0,110
2110,22,68,Poor,0,Slow,1,2.0,3.0,1.0,109
2111,22,69,Poor,1,Slow,0,2.0,3.0,1.0,115
2112,22,70,Middle,1,Slow,0,2.0,7.0,5.0,114
2113,22,70,Middle,3,Shigh,2,4.199999999999999,5.0,0.8000000000000007,69
2114,22,71,Middle,1,Slow,1,2.0,7.0,5.0,113
2115,22,71,Middle,3,Shigh,2,4.199999999999999,5.0,0.8000000000000007,68
2116,22,72,Middle,0,Slow,2,2.0,7.0,5.0,108
2117,22,73,Middle,4,Shigh,0,6.0,7.0,1.0,69
2118,22,74,Middle,0,Slow,1,2.0,7.0,5.0,107
2119,22,75,Middle,1,Slow,3,2.0,7.0,5.0,112
2120,22,75,Middle,0,Slow,4,2.0,5.0,3.0,106
2121,22,77,Middle,4,Shigh,1,6.0,7.0,1.0,68
2122,22,78,Middle,2,Slow,0,2.0,7.0,5.0,115
2123,22,78,Middle,1,Slow,1,2.0,5.0,3.0,111
2124,22,79,Middle,4,Shigh,2,6.0,7.0,1.0,67
2125,22,81,Middle,3,Shigh,0,4.199999999999999,7.0,2.8000000000000007,67
2126,22,81,Middle,0,Slow,2,2.0,2.8000000000000007,0.8000000000000007,105
2127,22,82,Middle,1,Slow,1,2.0,7.0,5.0,110
2128,22,82,Middle,0,Slow,2,2.0,5.0,3.0,104
2129,22,82,Middle,2,Slow,4,2.0,3.0,1.0,114
2130,22,83,Middle,0,Slow,2,2.0,7.0,5.0,103
2131,22,84,Middle,0,Slow,0,2.0,7.0,5.0,102
2132,22,84,Middle,3,Shigh,2,4.199999999999999,5.0,0.8000000000000007,66
2133,22,85,Middle,0,Slow,1,2.0,7.0,5.0,101
2134,22,86,Middle,3,Shigh,4,4.199999999999999,7.0,2.8000000000000007,65
2135,22,87,Middle,0,Slow,3,2.0,7.0,5.0,100
2136,22,89,Middle,3,Shigh,4,4.199999999999999,7.0,2.8000000000000007,64
2137,22,90,Rich,0,Slow,1,2.0,10.0,8.0,99
2138,22,90,Rich,2,Slow,2,2.0,8.0,6.0,113
2139,22,90,Rich,3,Shigh,3,4.199999999999999,6.0,1.8000000000000007,63
2140,22,91,Rich,3,Shigh,1,4.199999999999999,10.0,5.800000000000001,62
2141,22,91,Rich,2,Slow,2,2.0,5.800000000000001,3.8000000000000007,112
2142,22,92,Rich,3,Shigh,0,4.199999999999999,10.0,5.800000000000001,61
2143,22,92,Rich,0,Slow,2,2.0,5.800000000000001,3.8000000000000007,98
2144,22,93,Rich,4,Shigh,0,6.0,10.0,4.0,66
2145,22,93,Rich,1,Slow,3,2.0,4.0,2.0,109
2146,22,95,Rich,0,Slow,2,2.0,10.0,8.0,97
2147,22,96,Rich,3,Shigh,1,4.199999999999999,10.0,5.800000000000001,60
2148,22,96,Rich,2,Slow,4,2.0,5.800000000000001,3.8000000000000007,111
2149,22,98,Rich,2,Slow,0,2.0,10.0,8.0,110
2150,22,98,Rich,1,Slow,2,2.0,8.0,6.0,108
2151,22,98,Rich,0,Slow,4,2.0,6.0,4.0,96
2152,22,99,Rich,3,Shigh,0,4.199999999999999,10.0,5.800000000000001,59
2153,22,99,Rich,2,Slow,1,2.0,5.800000000000001,3.8000000000000007,109
2154,22,99,Rich,1,Slow,3,2.0,3.8000000000000007,1.8000000000000007,107
2155,23,0,Poor,0,Slow,1,2.0,3.0,1.0,129
2156,23,1,Poor,0,Slow,3,2.0,3.0,1.0,128
2157,23,2,Poor,2,Slow,0,2.0,3.0,1.0,129
2158,23,3,Poor,0,Slow,2,2.0,3.0,1.0,127
2159,23,4,Poor,1,Slow,0,2.0,3.0,1.0,129
2160,23,5,Poor,2,Slow,2,2.0,3.0,1.0,128
2161,23,6,Poor,1,Slow,2,2.0,3.0,1.0,128
2162,23,7,Poor,2,Slow,1,2.0,3.0,1.0,127
2163,23,9,Poor,0,Slow,0,2.0,3.0,1.0,126
2164,23,10,Poor,0,Slow,3,2.0,3.0,1.0,125
2165,23,11,Poor,0,Slow,2,2.0,3.0,1.0,124
2166,23,14,Poor,2,Slow,1,2.0,3.0,1.0,126
2167,23,15,Poor,1,Slow,3,2.0,3.0,1.0,127
2168,23,17,Poor,2,Slow,4,2.0,3.0,1.0,125
2169,23,18,Poor,1,Slow,2,2.0,3.0,1.0,126
2170,23,19,Poor,0,Slow,1,2.0,3.0,1.0,123
2171,23,21,Poor,0,Slow,0,2.0,3.0,1.0,122
2172,23,22,Poor,0,Slow,1,2.0,3.0,1.0,121
2173,23,23,Poor,0,Slow,0,2.0,3.0,1.0,120
2174,23,24,Poor,1,Slow,1,2.0,3.0,1.0,125
2175,23,25,Poor,1,Slow,0,2.0,3.0,1.0,124
2176,23,27,Poor,1,Slow,1,2.0,3.0,1.0,123
2177,23,28,Poor,1,Slow,1,2.0,3.0,1.0,122
2178,23,29,Poor,0,Slow,0,2.0,3.0,1.0,119
2179,23,30,Poor,1,Slow,0,2.0,3.0,1.0,121
2180,23,31,Poor,1,Slow,4,2.0,3.0,1.0,120
2181,23,32,Poor,1,Slow,3,2.0,3.0,1.0,119
2182,23,34,Poor,0,Slow,0,2.0,3.0,1.0,118
2183,23,36,Poor,1,Slow,1,2.0,3.0,1.0,118
2184,23,37,Poor,2,Slow,1,2.0,3.0,1.0,124
2185,23,39,Poor,0,Slow,0,2.0,3.0,1.0,117
2186,23,43,Poor,0,Slow,4,2.0,3.0,1.0,116
2187,23,44,Poor,1,Slow,1,2.0,3.0,1.0,117
2188,23,45,Poor,1,Slow,4,2.0,3.0,1.0,116
2189,23,47,Poor,0,Slow,2,2.0,3.0,1.0,115
2190,23,48,Poor,0,Slow,0,2.0,3.0,1.0,114
2191,23,49,Poor,0,Slow,3,2.0,3.0,1.0,113
2192,23,52,Poor,1,Slow,0,2.0,3.0,1.0,115
2193,23,53,Poor,0,Slow,3,2.0,3.0,1.0,112
2194,23,54,Poor,1,Slow,3,2.0,3.0,1.0,114
2195,23,55,Poor,1,Slow,1,2.0,3.0,1.0,113
2196,23,56,Poor,1,Slow,3,2.0,3.0,1.0,112
2197,23,57,Poor,1,Slow,2,2.0,3.0,1.0,111
2198,23,58,Poor,2,Slow,1,2.0,3.0,1.0,123
2199,23,59,Poor,1,Slow,0,2.0,3.0,1.0,110
2200,23,60,Poor,1,Slow,2,2.0,3.0,1.0,109
2201,23,61,Poor,1,Slow,1,2.0,3.0,1.0,108
2202,23,62,Poor,0,Slow,1,2.0,3.0,1.0,111
2203,23,63,Poor,0,Slow,1,2.0,3.0,1.0,110
2204,23,64,Poor,1,Slow,2,2.0,3.0,1.0,107
2205,23,66,Poor,0,Slow,3,2.0,3.0,1.0,109
2206,23,67,Poor,0,Slow,1,2.0,3.0,1.0,108
2207,23,68,Poor,1,Slow,0,2.0,3.0,1.0,106
2208,23,69,Poor,0,Slow,2,2.0,3.0,1.0,107
2209,23,70,Middle,3,Shigh,1,4.199999999999999,7.0,2.8000000000000007,69
2210,23,70,Middle,1,Slow,4,2.0,2.8000000000000007,0.8000000000000007,105
2211,23,72,Middle,2,Slow,3,2.0,7.0,5.0,122
2212,23,72,Middle,1,Slow,4,2.0,5.0,3.0,104
2213,23,73,Middle,2,Slow,1,2.0,7.0,5.0,121
2214,23,73,Middle,1,Slow,3,2.0,5.0,3.0,103
2215,23,74,Middle,1,Slow,1,2.0,7.0,5.0,102
2216,23,74,Middle,2,Slow,2,2.0,5.0,3.0,120
2217,23,75,Middle,0,Slow,2,2.0,7.0,5.0,106
2218,23,75,Middle,2,Slow,3,2.0,5.0,3.0,119
2219,23,76,Middle,0,Slow,0,2.0,7.0,5.0,105
2220,23,76,Middle,3,Shigh,2,4.199999999999999,5.0,0.8000000000000007,68
2221,23,78,Middle,3,Shigh,0,4.199999999999999,7.0,2.8000000000000007,67
2222,23,78,Middle,0,Slow,2,2.0,2.8000000000000007,0.8000000000000007,104
2223,23,79,Middle,1,Slow,1,2.0,7.0,5.0,101
2224,23,79,Middle,3,Shigh,2,4.199999999999999,5.0,0.8000000000000007,66
2225,23,80,Middle,2,Slow,0,2.0,7.0,5.0,118
2226,23,80,Middle,0,Slow,1,2.0,5.0,3.0,103
2227,23,80,Middle,1,Slow,2,2.0,3.0,1.0,100
2228,23,83,Middle,0,Slow,4,2.0,7.0,5.0,102
2229,23,84,Middle,0,Slow,1,2.0,7.0,5.0,101
2230,23,84,Middle,1,Slow,3,2.0,5.0,3.0,99
2231,23,85,Middle,1,Slow,4,2.0,7.0,5.0,98
2232,23,86,Middle,4,Shigh,0,6.0,7.0,1.0,69
2233,23,87,Middle,1,Slow,0,2.0,7.0,5.0,97
2234,23,87,Middle,2,Slow,1,2.0,5.0,3.0,117
2235,23,88,Middle,2,Slow,1,2.0,7.0,5.0,116
2236,23,88,Middle,1,Slow,3,2.0,5.0,3.0,96
2237,23,89,Middle,4,Shigh,1,6.0,7.0,1.0,68
2238,23,90,Rich,0,Slow,0,2.0,10.0,8.0,100
2239,23,90,Rich,1,Slow,1,2.0,8.0,6.0,95
2240,23,90,Rich,4,Shigh,2,6.0,6.0,0.0,67
2241,23,91,Rich,0,Slow,2,2.0,10.0,8.0,99
2242,23,91,Rich,4,Shigh,3,6.0,8.0,2.0,66
2243,23,92,Rich,2,Slow,0,2.0,10.0,8.0,115
2244,23,92,Rich,0,Slow,2,2.0,8.0,6.0,98
2245,23,92,Rich,4,Shigh,3,6.0,6.0,0.0,65
2246,23,93,Rich,1,Slow,3,2.0,10.0,8.0,94
2247,23,94,Rich,0,Slow,0,2.0,10.0,8.0,97
2248,23,94,Rich,2,Slow,4,2.0,8.0,6.0,114
2249,23,95,Rich,0,Slow,0,2.0,10.0,8.0,96
2250,23,96,Rich,2,Slow,1,2.0,10.0,8.0,113
2251,23,97,Rich,2,Slow,1,2.0,10.0,8.0,112
2252,23,97,Rich,3,Shigh,3,4.199999999999999,8.0,3.8000000000000007,65
2253,23,98,Rich,3,Shigh,4,4.199999999999999,10.0,5.800000000000001,64
2254,23,99,Rich,0,Slow,3,2.0,10.0,8.0,95
2255,24,0,Poor,1,Slow,3,2.0,3.0,1.0,129
2256,24,1,Poor,0,Slow,4,2.0,3.0,1.0,129
2257,24,2,Poor,0,Slow,1,2.0,3.0,1.0,128
2258,24,4,Poor,0,Slow,2,2.0,3.0,1.0,127
2259,24,5,Poor,1,Slow,2,2.0,3.0,1.0,128
2260,24,6,Poor,0,Slow,0,2.0,3.0,1.0,126
2261,24,11,Poor,1,Slow,2,2.0,3.0,1.0,127
2262,24,13,Poor,1,Slow,0,2.0,3.0,1.0,126
2263,24,14,Poor,2,Slow,4,2.0,3.0,1.0,129
2264,24,15,Poor,1,Slow,2,2.0,3.0,1.0,125
2265,24,16,Poor,2,Slow,2,2.0,3.0,1.0,128
2266,24,17,Poor,1,Slow,1,2.0,3.0,1.0,124
2267,24,18,Poor,0,Slow,3,2.0,3.0,1.0,125
2268,24,19,Poor,1,Slow,0,2.0,3.0,1.0,123
2269,24,20,Poor,0,Slow,3,2.0,3.0,1.0,124
2270,24,21,Poor,0,Slow,1,2.0,3.0,1.0,123
2271,24,22,Poor,0,Slow,3,2.0,3.0,1.0,122
2272,24,24,Poor,2,Slow,1,2.0,3.0,1.0,127
2273,24,25,Poor,0,Slow,2,2.0,3.0,1.0,121
2274,24,26,Poor,2,Slow,2,2.0,3.0,1.0,126
2275,24,27,Poor,1,Slow,1,2.0,3.0,1.0,122
2276,24,29,Poor,1,Slow,0,2.0,3.0,1.0,121
2277,24,30,Poor,1,Slow,1,2.0,3.0,1.0,120
2278,24,33,Poor,1,Slow,2,2.0,3.0,1.0,119
2279,24,34,Poor,0,Slow,0,2.0,3.0,1.0,120
2280,24,35,Poor,0,Slow,1,2.0,3.0,1.0,119
2281,24,36,Poor,2,Slow,3,2.0,3.0,1.0,125
2282,24,37,Poor,1,Slow,0,2.0,3.0,1.0,118
2283,24,39,Poor,2,Slow,0,2.0,3.0,1.0,124
2284,24,41,Poor,0,Slow,1,2.0,3.0,1.0,118
2285,24,42,Poor,0,Slow,0,2.0,3.0,1.0,117
2286,24,44,Poor,1,Slow,4,2.0,3.0,1.0,117
2287,24,46,Poor,1,Slow,3,2.0,3.0,1.0,116
2288,24,47,Poor,1,Slow,2,2.0,3.0,1.0,115
2289,24,48,Poor,0,Slow,1,2.0,3.0,1.0,116
2290,24,49,Poor,0,Slow,3,2.0,3.0,1.0,115
2291,24,50,Poor,0,Slow,0,2.0,3.0,1.0,114
2292,24,52,Poor,1,Slow,3,2.0,3.0,1.0,114
2293,24,53,Poor,0,Slow,0,2.0,3.0,1.0,113
2294,24,54,Poor,2,Slow,1,2.0,3.0,1.0,123
2295,24,56,Poor,0,Slow,4,2.0,3.0,1.0,112
2296,24,59,Poor,0,Slow,0,2.0,3.0,1.0,111
2297,24,61,Poor,1,Slow,4,2.0,3.0,1.0,113
2298,24,62,Poor,2,Slow,3,2.0,3.0,1.0,122
2299,24,64,Poor,2,Slow,0,2.0,3.0,1.0,121
2300,24,65,Poor,1,Slow,0,2.0,3.0,1.0,112
2301,24,66,Poor,0,Slow,0,2.0,3.0,1.0,110
2302,24,67,Poor,1,Slow,0,2.0,3.0,1.0,111
2303,24,68,Poor,1,Slow,4,2.0,3.0,1.0,110
2304,24,70,Middle,2,Slow,0,2.0,7.0,5.0,120
2305,24,71,Middle,1,Slow,0,2.0,7.0,5.0,109
2306,24,71,Middle,0,Slow,1,2.0,5.0,3.0,109
2307,24,71,Middle,2,Slow,4,2.0,3.0,1.0,119
2308,24,72,Middle,1,Slow,0,2.0,7.0,5.0,108
2309,24,72,Middle,3,Shigh,4,4.199999999999999,5.0,0.8000000000000007,69
2310,24,73,Middle,2,Slow,0,2.0,7.0,5.0,118
2311,24,73,Middle,3,Shigh,1,4.199999999999999,5.0,0.8000000000000007,68
2312,24,74,Middle,3,Shigh,1,4.199999999999999,7.0,2.8000000000000007,67
2313,24,74,Middle,0,Slow,2,2.0,2.8000000000000007,0.8000000000000007,108
2314,24,75,Middle,3,Shigh,0,4.199999999999999,7.0,2.8000000000000007,66
2315,24,76,Middle,0,Slow,2,2.0,7.0,5.0,107
2316,24,76,Middle,1,Slow,3,2.0,5.0,3.0,107
2317,24,78,Middle,4,Shigh,0,6.0,7.0,1.0,69
2318,24,79,Middle,3,Shigh,1,4.199999999999999,7.0,2.8000000000000007,65
2319,24,80,Middle,3,Shigh,4,4.199999999999999,7.0,2.8000000000000007,64
2320,24,81,Middle,0,Slow,1,2.0,7.0,5.0,106
2321,24,84,Middle,3,Shigh,3,4.199999999999999,7.0,2.8000000000000007,63
2322,24,84,Middle,0,Slow,4,2.0,2.8000000000000007,0.8000000000000007,105
2323,24,85,Middle,3,Shigh,0,4.199999999999999,7.0,2.8000000000000007,62
2324,24,86,Middle,0,Slow,3,2.0,7.0,5.0,104
2325,24,86,Middle,1,Slow,4,2.0,5.0,3.0,106
2326,24,87,Middle,2,Slow,3,2.0,7.0,5.0,117
2327,24,88,Middle,2,Slow,1,2.0,7.0,5.0,116
2328,24,89,Middle,2,Slow,1,2.0,7.0,5.0,115
2329,24,89,Middle,0,Slow,3,2.0,5.0,3.0,103
2330,24,90,Rich,0,Slow,1,2.0,10.0,8.0,102
2331,24,90,Rich,3,Shigh,2,4.199999999999999,8.0,3.8000000000000007,61
2332,24,90,Rich,1,Slow,3,2.0,3.8000000000000007,1.8000000000000007,105
2333,24,91,Rich,1,Slow,2,2.0,10.0,8.0,104
2334,24,91,Rich,0,Slow,3,2.0,8.0,6.0,101
2335,24,92,Rich,0,Slow,0,2.0,10.0,8.0,100
2336,24,92,Rich,3,Shigh,3,4.199999999999999,8.0,3.8000000000000007,60
2337,24,93,Rich,2,Slow,0,2.0,10.0,8.0,114
2338,24,93,Rich,3,Shigh,1,4.199999999999999,8.0,3.8000000000000007,59
2339,24,93,Rich,0,Slow,3,2.0,3.8000000000000007,1.8000000000000007,99
2340,24,94,Rich,0,Slow,0,2.0,10.0,8.0,98
2341,24,94,Rich,1,Slow,2,2.0,8.0,6.0,103
2342,24,94,Rich,3,Shigh,3,4.199999999999999,6.0,1.8000000000000007,58
2343,24,95,Rich,0,Slow,1,2.0,10.0,8.0,97
2344,24,95,Rich,1,Slow,3,2.0,8.0,6.0,102
2345,24,95,Rich,2,Slow,4,2.0,6.0,4.0,113
2346,24,96,Rich,4,Shigh,2,6.0,10.0,4.0,68
2347,24,97,Rich,3,Shigh,4,4.199999999999999,10.0,5.800000000000001,57
2348,24,99,Rich,3,Shigh,3,4.199999999999999,10.0,5.800000000000001,56
2349,25,0,Poor,0,Slow,4,2.0,3.0,1.0,129
2350,25,2,Poor,0,Slow,3,2.0,3.0,1.0,128
2351,25,3,Poor,1,Slow,2,2.0,3.0,1.0,129
2352,25,4,Poor,0,Slow,3,2.0,3.0,1.0,127
2353,25,8,Poor,1,Slow,1,2.0,3.0,1.0,128
2354,25,10,Poor,0,Slow,3,2.0,3.0,1.0,126
2355,25,11,Poor,0,Slow,0,2.0,3.0,1.0,125
2356,25,13,Poor,0,Slow,0,2.0,3.0,1.0,124
2357,25,14,Poor,2,Slow,3,2.0,3.0,1.0,129
2358,25,15,Poor,1,Slow,0,2.0,3.0,1.0,127
2359,25,17,Poor,0,Slow,3,2.0,3.0,1.0,123
2360,25,19,Poor,1,Slow,1,2.0,3.0,1.0,126
2361,25,20,Poor,2,Slow,2,2.0,3.0,1.0,128
2362,25,21,Poor,0,Slow,1,2.0,3.0,1.0,122
2363,25,22,Poor,1,Slow,3,2.0,3.0,1.0,125
2364,25,25,Poor,1,Slow,2,2.0,3.0,1.0,124
2365,25,26,Poor,1,Slow,0,2.0,3.0,1.0,123
2366,25,28,Poor,0,Slow,1,2.0,3.0,1.0,121
2367,25,29,Poor,0,Slow,1,2.0,3.0,1.0,120
2368,25,30,Poor,0,Slow,1,2.0,3.0,1.0,119
2369,25,31,Poor,0,Slow,3,2.0,3.0,1.0,118
2370,25,33,Poor,0,Slow,3,2.0,3.0,1.0,117
2371,25,34,Poor,0,Slow,0,2.0,3.0,1.0,116
2372,25,35,Poor,1,Slow,0,2.0,3.0,1.0,122
2373,25,36,Poor,0,Slow,4,2.0,3.0,1.0,115
2374,25,37,Poor,1,Slow,2,2.0,3.0,1.0,121
2375,25,38,Poor,2,Slow,1,2.0,3.0,1.0,127
2376,25,39,Poor,2,Slow,1,2.0,3.0,1.0,126
2377,25,40,Poor,2,Slow,0,2.0,3.0,1.0,125
2378,25,41,Poor,1,Slow,1,2.0,3.0,1.0,120
2379,25,43,Poor,0,Slow,1,2.0,3.0,1.0,114
2380,25,44,Poor,1,Slow,0,2.0,3.0,1.0,119
2381,25,45,Poor,2,Slow,3,2.0,3.0,1.0,124
2382,25,46,Poor,0,Slow,1,2.0,3.0,1.0,113
2383,25,47,Poor,1,Slow,0,2.0,3.0,1.0,118
2384,25,48,Poor,1,Slow,4,2.0,3.0,1.0,117
2385,25,50,Poor,0,Slow,4,2.0,3.0,1.0,112
2386,25,52,Poor,1,Slow,3,2.0,3.0,1.0,116
2387,25,53,Poor,1,Slow,1,2.0,3.0,1.0,115
2388,25,54,Poor,2,Slow,3,2.0,3.0,1.0,123
2389,25,57,Poor,1,Slow,4,2.0,3.0,1.0,114
2390,25,58,Poor,0,Slow,1,2.0,3.0,1.0,111
2391,25,59,Poor,0,Slow,2,2.0,3.0,1.0,110
2392,25,60,Poor,1,Slow,4,2.0,3.0,1.0,113
2393,25,63,Poor,1,Slow,0,2.0,3.0,1.0,112
2394,25,65,Poor,0,Slow,1,2.0,3.0,1.0,109
2395,25,67,Poor,2,Slow,1,2.0,3.0,1.0,122
2396,25,68,Poor,0,Slow,0,2.0,3.0,1.0,108
2397,25,69,Poor,1,Slow,3,2.0,3.0,1.0,111
2398,25,70,Middle,1,Slow,1,2.0,7.0,5.0,110
2399,25,70,Middle,0,Slow,2,2.0,5.0,3.0,107
2400,25,71,Middle,3,Shigh,2,4.199999999999999,7.0,2.8000000000000007,69
2401,25,72,Middle,3,Shigh,0,4.199999999999999,7.0,2.8000000000000007,68
2402,25,72,Middle,0,Slow,1,2.0,2.8000000000000007,0.8000000000000007,106
2403,25,73,Middle,0,Slow,0,2.0,7.0,5.0,105
2404,25,73,Middle,2,Slow,2,2.0,5.0,3.0,121
2405,25,75,Middle,1,Slow,1,2.0,7.0,5.0,109
2406,25,75,Middle,2,Slow,3,2.0,5.0,3.0,120
2407,25,76,Middle,1,Slow,0,2.0,7.0,5.0,108
2408,25,77,Middle,4,Shigh,3,6.0,7.0,1.0,69
2409,25,78,Middle,4,Shigh,2,6.0,7.0,1.0,68
2410,25,79,Middle,0,Slow,2,2.0,7.0,5.0,104
2411,25,79,Middle,3,Shigh,3,4.199999999999999,5.0,0.8000000000000007,67
2412,25,81,Middle,0,Slow,0,2.0,7.0,5.0,103
2413,25,82,Middle,1,Slow,4,2.0,7.0,5.0,107
2414,25,83,Middle,2,Slow,2,2.0,7.0,5.0,119
2415,25,83,Middle,3,Shigh,4,4.199999999999999,5.0,0.8000000000000007,66
2416,25,84,Middle,3,Shigh,3,4.199999999999999,7.0,2.8000000000000007,65
2417,25,85,Middle,0,Slow,2,2.0,7.0,5.0,102
2418,25,85,Middle,1,Slow,4,2.0,5.0,3.0,106
2419,25,86,Middle,3,Shigh,2,4.199999999999999,7.0,2.8000000000000007,64
2420,25,86,Middle,2,Slow,3,2.0,2.8000000000000007,0.8000000000000007,118
2421,25,87,Middle,0,Slow,0,2.0,7.0,5.0,101
2422,25,87,Middle,1,Slow,4,2.0,5.0,3.0,105
2423,25,89,Middle,0,Slow,2,2.0,7.0,5.0,100
2424,25,90,Rich,1,Slow,0,2.0,10.0,8.0,104
2425,25,90,Rich,3,Shigh,3,4.199999999999999,8.0,3.8000000000000007,63
2426,25,91,Rich,3,Shigh,0,4.199999999999999,10.0,5.800000000000001,62
2427,25,91,Rich,1,Slow,3,2.0,5.800000000000001,3.8000000000000007,103
2428,25,91,Rich,2,Slow,4,2.0,3.8000000000000007,1.8000000000000007,117
2429,25,92,Rich,1,Slow,3,2.0,10.0,8.0,102
2430,25,92,Rich,0,Slow,4,2.0,8.0,6.0,99
2431,25,93,Rich,0,Slow,4,2.0,10.0,8.0,98
2432,25,94,Rich,1,Slow,0,2.0,10.0,8.0,101
2433,25,95,Rich,1,Slow,0,2.0,10.0,8.0,100
2434,25,95,Rich,0,Slow,3,2.0,8.0,6.0,97
2435,25,96,Rich,0,Slow,0,2.0,10.0,8.0,96
2436,25,96,Rich,3,Shigh,1,4.199999999999999,8.0,3.8000000000000007,61
2437,25,97,Rich,0,Slow,3,2.0,10.0,8.0,95
2438,25,98,Rich,2,Slow,3,2.0,10.0,8.0,116
2439,25,99,Rich,3,Shigh,1,4.199999999999999,10.0,5.800000000000001,60
2440,26,0,Poor,0,Slow,4,2.0,3.0,1.0,129
2441,26,1,Poor,0,Slow,4,2.0,3.0,1.0,128
2442,26,2,Poor,1,Slow,0,2.0,3.0,1.0,129
2443,26,3,Poor,0,Slow,0,2.0,3.0,1.0,127
2444,26,5,Poor,0,Slow,4,2.0,3.0,1.0,126
2445,26,6,Poor,1,Slow,0,2.0,3.0,1.0,128
2446,26,7,Poor,0,Slow,1,2.0,3.0,1.0,125
2447,26,9,Poor,2,Slow,4,2.0,3.0,1.0,129
2448,26,10,Poor,2,Slow,4,2.0,3.0,1.0,128
2449,26,11,Poor,1,Slow,0,2.0,3.0,1.0,127
2450,26,12,Poor,0,Slow,0,2.0,3.0,1.0,124
2451,26,13,Poor,0,Slow,3,2.0,3.0,1.0,123
2452,26,16,Poor,0,Slow,1,2.0,3.0,1.0,122
2453,26,18,Poor,0,Slow,4,2.0,3.0,1.0,121
2454,26,19,Poor,1,Slow,0,2.0,3.0,1.0,126
2455,26,20,Poor,1,Slow,0,2.0,3.0,1.0,125
2456,26,21,Poor,0,Slow,0,2.0,3.0,1.0,120
2457,26,23,Poor,1,Slow,0,2.0,3.0,1.0,124
2458,26,24,Poor,1,Slow,2,2.0,3.0,1.0,123
2459,26,27,Poor,2,Slow,0,2.0,3.0,1.0,127
2460,26,28,Poor,2,Slow,0,2.0,3.0,1.0,126
2461,26,31,Poor,2,Slow,3,2.0,3.0,1.0,125
2462,26,32,Poor,1,Slow,2,2.0,3.0,1.0,122
2463,26,33,Poor,0,Slow,4,2.0,3.0,1.0,119
2464,26,35,Poor,1,Slow,0,2.0,3.0,1.0,121
2465,26,36,Poor,0,Slow,1,2.0,3.0,1.0,118
2466,26,37,Poor,0,Slow,1,2.0,3.0,1.0,117
2467,26,40,Poor,1,Slow,1,2.0,3.0,1.0,120
2468,26,42,Poor,0,Slow,1,2.0,3.0,1.0,116
2469,26,44,Poor,1,Slow,2,2.0,3.0,1.0,119
2470,26,45,Poor,0,Slow,2,2.0,3.0,1.0,115
2471,26,46,Poor,1,Slow,1,2.0,3.0,1.0,118
2472,26,47,Poor,1,Slow,1,2.0,3.0,1.0,117
2473,26,50,Poor,0,Slow,4,2.0,3.0,1.0,114
2474,26,51,Poor,1,Slow,4,2.0,3.0,1.0,116
2475,26,52,Poor,1,Slow,1,2.0,3.0,1.0,115
2476,26,54,Poor,1,Slow,1,2.0,3.0,1.0,114
2477,26,55,Poor,0,Slow,1,2.0,3.0,1.0,113
2478,26,56,Poor,0,Slow,0,2.0,3.0,1.0,112
2479,26,57,Poor,1,Slow,4,2.0,3.0,1.0,113
2480,26,58,Poor,2,Slow,2,2.0,3.0,1.0,124
2481,26,59,Poor,1,Slow,0,2.0,3.0,1.0,112
2482,26,61,Poor,2,Slow,4,2.0,3.0,1.0,123
2483,26,62,Poor,0,Slow,1,2.0,3.0,1.0,111
2484,26,63,Poor,0,Slow,1,2.0,3.0,1.0,110
2485,26,64,Poor,1,Slow,3,2.0,3.0,1.0,111
2486,26,65,Poor,1,Slow,4,2.0,3.0,1.0,110
2487,26,67,Poor,1,Slow,1,2.0,3.0,1.0,109
2488,26,70,Middle,1,Slow,0,2.0,7.0,5.0,108
2489,26,70,Middle,2,Slow,1,2.0,5.0,3.0,122
2490,26,71,Middle,2,Slow,1,2.0,7.0,5.0,121
2491,26,71,Middle,0,Slow,2,2.0,5.0,3.0,109
2492,26,71,Middle,1,Slow,4,2.0,3.0,1.0,107
2493,26,74,Middle,3,Shigh,1,4.199999999999999,7.0,2.8000000000000007,69
2494,26,74,Middle,0,Slow,3,2.0,2.8000000000000007,0.8000000000000007,108
2495,26,75,Middle,0,Slow,0,2.0,7.0,5.0,107
2496,26,75,Middle,3,Shigh,4,4.199999999999999,5.0,0.8000000000000007,68
2497,26,76,Middle,0,Slow,0,2.0,7.0,5.0,106
2498,26,77,Middle,1,Slow,3,2.0,7.0,5.0,106
2499,26,77,Middle,3,Shigh,4,4.199999999999999,5.0,0.8000000000000007,67
2500,26,78,Middle,0,Slow,1,2.0,7.0,5.0,105
2501,26,78,Middle,2,Slow,2,2.0,5.0,3.0,120
2502,26,78,Middle,1,Slow,3,2.0,3.0,1.0,105
2503,26,79,Middle,2,Slow,0,2.0,7.0,5.0,119
2504,26,79,Middle,3,Shigh,1,4.199999999999999,5.0,0.8000000000000007,66
2505,26,80,Middle,1,Slow,0,2.0,7.0,5.0,104
2506,26,81,Middle,0,Slow,0,2.0,7.0,5.0,104
2507,26,81,Middle,2,Slow,2,2.0,5.0,3.0,118
2508,26,82,Middle,1,Slow,0,2.0,7.0,5.0,103
2509,26,82,Middle,3,Shigh,1,4.199999999999999,5.0,0.8000000000000007,65
2510,26,83,Middle,1,Slow,1,2.0,7.0,5.0,102
2511,26,83,Middle,2,Slow,3,2.0,5.0,3.0,117
2512,26,84,Middle,2,Slow,1,2.0,7.0,5.0,116
2513,26,84,Middle,1,Slow,4,2.0,5.0,3.0,101
2514,26,85,Middle,0,Slow,1,2.0,7.0,5.0,103
2515,26,85,Middle,3,Shigh,3,4.199999999999999,5.0,0.8000000000000007,64
2516,26,87,Middle,4,Shigh,1,6.0,7.0,1.0,69
2517,26,88,Middle,2,Slow,0,2.0,7.0,5.0,115
2518,26,90,Rich,3,Shigh,2,4.199999999999999,10.0,5.800000000000001,63
2519,26,90,Rich,0,Slow,4,2.0,5.800000000000001,3.8000000000000007,102
2520,26,91,Rich,4,Shigh,2,6.0,10.0,4.0,68
2521,26,91,Rich,0,Slow,4,2.0,4.0,2.0,101
2522,26,92,Rich,0,Slow,0,2.0,10.0,8.0,100
2523,26,92,Rich,2,Slow,1,2.0,8.0,6.0,114
2524,26,92,Rich,1,Slow,4,2.0,6.0,4.0,100
2525,26,93,Rich,2,Slow,2,2.0,10.0,8.0,113
2526,26,94,Rich,4,Shigh,1,6.0,10.0,4.0,67
2527,26,94,Rich,2,Slow,2,2.0,4.0,2.0,112
2528,26,95,Rich,2,Slow,2,2.0,10.0,8.0,111
2529,26,95,Rich,3,Shigh,4,4.199999999999999,8.0,3.8000000000000007,62
2530,26,96,Rich,2,Slow,2,2.0,10.0,8.0,110
2531,26,97,Rich,0,Slow,0,2.0,10.0,8.0,99
2532,26,97,Rich,1,Slow,2,2.0,8.0,6.0,99
2533,26,98,Rich,1,Slow,1,2.0,10.0,8.0,98
2534,26,98,Rich,0,Slow,2,2.0,8.0,6.0,98
2535,26,99,Rich,3,Shigh,0,4.199999999999999,10.0,5.800000000000001,61
2536,26,99,Rich,0,Slow,1,2.0,5.800000000000001,3.8000000000000007,97
2537,26,99,Rich,1,Slow,2,2.0,3.8000000000000007,1.8000000000000007,97
2538,27,1,Poor,2,Slow,4,2.0,3.0,1.0,129
2539,27,2,Poor,0,Slow,0,2.0,3.0,1.0,129
2540,27,4,Poor,1,Slow,3,2.0,3.0,1.0,129
2541,27,5,Poor,2,Slow,1,2.0,3.0,1.0,128
2542,27,7,Poor,2,Slow,0,2.0,3.0,1.0,127
2543,27,9,Poor,2,Slow,0,2.0,3.0,1.0,126
2544,27,10,Poor,0,Slow,2,2.0,3.0,1.0,128
2545,27,14,Poor,1,Slow,3,2.0,3.0,1.0,128
2546,27,15,Poor,1,Slow,0,2.0,3.0,1.0,127
2547,27,16,Poor,2,Slow,3,2.0,3.0,1.0,125
2548,27,18,Poor,0,Slow,1,2.0,3.0,1.0,127
2549,27,19,Poor,0,Slow,3,2.0,3.0,1.0,126
2550,27,20,Poor,2,Slow,2,2.0,3.0,1.0,124
2551,27,21,Poor,2,Slow,1,2.0,3.0,1.0,123
2552,27,23,Poor,2,Slow,1,2.0,3.0,1.0,122
2553,27,25,Poor,1,Slow,1,2.0,3.0,1.0,126
2554,27,26,Poor,0,Slow,3,2.0,3.0,1.0,125
2555,27,27,Poor,2,Slow,1,2.0,3.0,1.0,121
2556,27,28,Poor,0,Slow,2,2.0,3.0,1.0,124
2557,27,29,Poor,2,Slow,0,2.0,3.0,1.0,120
2558,27,31,Poor,1,Slow,2,2.0,3.0,1.0,125
2559,27,32,Poor,2,Slow,2,2.0,3.0,1.0,119
2560,27,33,Poor,1,Slow,1,2.0,3.0,1.0,124
2561,27,34,Poor,2,Slow,2,2.0,3.0,1.0,118
2562,27,35,Poor,2,Slow,0,2.0,3.0,1.0,117
2563,27,36,Poor,0,Slow,4,2.0,3.0,1.0,123
2564,27,39,Poor,1,Slow,1,2.0,3.0,1.0,123
2565,27,40,Poor,1,Slow,2,2.0,3.0,1.0,122
2566,27,41,Poor,1,Slow,2,2.0,3.0,1.0,121
2567,27,42,Poor,1,Slow,1,2.0,3.0,1.0,120
2568,27,43,Poor,0,Slow,1,2.0,3.0,1.0,122
2569,27,44,Poor,0,Slow,0,2.0,3.0,1.0,121
2570,27,47,Poor,2,Slow,1,2.0,3.0,1.0,116
2571,27,50,Poor,1,Slow,0,2.0,3.0,1.0,119
2572,27,55,Poor,0,Slow,1,2.0,3.0,1.0,120
2573,27,57,Poor,1,Slow,2,2.0,3.0,1.0,118
2574,27,59,Poor,1,Slow,0,2.0,3.0,1.0,117
2575,27,60,Poor,1,Slow,2,2.0,3.0,1.0,116
2576,27,61,Poor,1,Slow,2,2.0,3.0,1.0,115
2577,27,62,Poor,1,Slow,1,2.0,3.0,1.0,114
2578,27,63,Poor,1,Slow,2,2.0,3.0,1.0,113
2579,27,64,Poor,1,Slow,0,2.0,3.0,1.0,112
2580,27,65,Poor,0,Slow,0,2.0,3.0,1.0,119
2581,27,66,Poor,2,Slow,0,2.0,3.0,1.0,115
2582,27,67,Poor,1,Slow,3,2.0,3.0,1.0,111
2583,27,68,Poor,2,Slow,0,2.0,3.0,1.0,114
2584,27,69,Poor,1,Slow,0,2.0,3.0,1.0,110
2585,27,70,Middle,3,Shigh,0,4.199999999999999,7.0,2.8000000000000007,69
2586,27,71,Middle,3,Shigh,4,4.199999999999999,7.0,2.8000000000000007,68
2587,27,72,Middle,4,Shigh,0,6.0,7.0,1.0,69
2588,27,73,Middle,2,Slow,3,2.0,7.0,5.0,113
2589,27,73,Middle,3,Shigh,4,4.199999999999999,5.0,0.8000000000000007,67
2590,27,74,Middle,0,Slow,0,2.0,7.0,5.0,118
2591,27,74,Middle,1,Slow,3,2.0,5.0,3.0,109
2592,27,75,Middle,3,Shigh,0,4.199999999999999,7.0,2.8000000000000007,66
2593,27,75,Middle,1,Slow,3,2.0,2.8000000000000007,0.8000000000000007,108
2594,27,76,Middle,0,Slow,2,2.0,7.0,5.0,117
2595,27,76,Middle,2,Slow,4,2.0,5.0,3.0,112
2596,27,77,Middle,1,Slow,1,2.0,7.0,5.0,107
2597,27,78,Middle,1,Slow,1,2.0,7.0,5.0,106
2598,27,78,Middle,0,Slow,4,2.0,5.0,3.0,116
2599,27,79,Middle,1,Slow,1,2.0,7.0,5.0,105
2600,27,80,Middle,3,Shigh,1,4.199999999999999,7.0,2.8000000000000007,65
2601,27,80,Middle,1,Slow,3,2.0,2.8000000000000007,0.8000000000000007,104
2602,27,82,Middle,2,Slow,0,2.0,7.0,5.0,111
2603,27,83,Middle,0,Slow,1,2.0,7.0,5.0,115
2604,27,83,Middle,3,Shigh,2,4.199999999999999,5.0,0.8000000000000007,64
2605,27,84,Middle,0,Slow,3,2.0,7.0,5.0,114
2606,27,84,Middle,1,Slow,4,2.0,5.0,3.0,103
2607,27,85,Middle,1,Slow,0,2.0,7.0,5.0,102
2608,27,85,Middle,0,Slow,3,2.0,5.0,3.0,113
2609,27,86,Middle,2,Slow,1,2.0,7.0,5.0,110
2610,27,87,Middle,0,Slow,0,2.0,7.0,5.0,112
2611,27,88,Middle,4,Shigh,1,6.0,7.0,1.0,68
2612,27,89,Middle,2,Slow,2,2.0,7.0,5.0,109
2613,27,89,Middle,0,Slow,4,2.0,5.0,3.0,111
2614,27,90,Rich,0,Slow,1,2.0,10.0,8.0,110
2615,27,90,Rich,1,Slow,3,2.0,8.0,6.0,101
2616,27,91,Rich,3,Shigh,0,4.199999999999999,10.0,5.800000000000001,63
2617,27,91,Rich,1,Slow,3,2.0,5.800000000000001,3.8000000000000007,100
2618,27,92,Rich,4,Shigh,0,6.0,10.0,4.0,67
2619,27,92,Rich,1,Slow,3,2.0,4.0,2.0,99
2620,27,93,Rich,1,Slow,0,2.0,10.0,8.0,98
2621,27,93,Rich,0,Slow,2,2.0,8.0,6.0,109
2622,27,93,Rich,4,Shigh,4,6.0,6.0,0.0,66
2623,27,94,Rich,3,Shigh,0,4.199999999999999,10.0,5.800000000000001,62
2624,27,94,Rich,0,Slow,1,2.0,5.800000000000001,3.8000000000000007,108
2625,27,94,Rich,1,Slow,2,2.0,3.8000000000000007,1.8000000000000007,97
2626,27,95,Rich,0,Slow,3,2.0,10.0,8.0,107
2627,27,95,Rich,1,Slow,4,2.0,8.0,6.0,96
2628,27,96,Rich,0,Slow,1,2.0,10.0,8.0,106
2629,27,96,Rich,1,Slow,4,2.0,8.0,6.0,95
2630,27,97,Rich,1,Slow,3,2.0,10.0,8.0,94
2631,27,97,Rich,0,Slow,4,2.0,8.0,6.0,105
2632,27,98,Rich,0,Slow,0,2.0,10.0,8.0,104
2633,27,98,Rich,1,Slow,1,2.0,8.0,6.0,93
2634,27,98,Rich,3,Shigh,2,4.199999999999999,6.0,1.8000000000000007,61
2635,27,99,Rich,2,Slow,0,2.0,10.0,8.0,108
2636,28,0,Poor,1,Slow,3,2.0,3.0,1.0,129
2637,28,1,Poor,0,Slow,0,2.0,3.0,1.0,129
2638,28,2,Poor,2,Slow,0,2.0,3.0,1.0,129
2639,28,4,Poor,0,Slow,2,2.0,3.0,1.0,128
2640,28,6,Poor,0,Slow,2,2.0,3.0,1.0,127
2641,28,7,Poor,0,Slow,1,2.0,3.0,1.0,126
2642,28,9,Poor,2,Slow,1,2.0,3.0,1.0,128
2643,28,10,Poor,0,Slow,3,2.0,3.0,1.0,125
2644,28,12,Poor,1,Slow,0,2.0,3.0,1.0,128
2645,28,17,Poor,0,Slow,0,2.0,3.0,1.0,124
2646,28,18,Poor,1,Slow,2,2.0,3.0,1.0,127
2647,28,19,Poor,2,Slow,1,2.0,3.0,1.0,127
2648,28,21,Poor,1,Slow,1,2.0,3.0,1.0,126
2649,28,22,Poor,1,Slow,1,2.0,3.0,1.0,125
2650,28,23,Poor,0,Slow,3,2.0,3.0,1.0,123
2651,28,24,Poor,1,Slow,3,2.0,3.0,1.0,124
2652,28,26,Poor,2,Slow,1,2.0,3.0,1.0,126
2653,28,27,Poor,0,Slow,2,2.0,3.0,1.0,122
2654,28,28,Poor,2,Slow,2,2.0,3.0,1.0,125
2655,28,29,Poor,2,Slow,2,2.0,3.0,1.0,124
2656,28,30,Poor,1,Slow,0,2.0,3.0,1.0,123
2657,28,31,Poor,2,Slow,0,2.0,3.0,1.0,123
2658,28,32,Poor,2,Slow,1,2.0,3.0,1.0,122
2659,28,33,Poor,2,Slow,1,2.0,3.0,1.0,121
2660,28,34,Poor,0,Slow,2,2.0,3.0,1.0,121
2661,28,35,Poor,2,Slow,3,2.0,3.0,1.0,120
2662,28,36,Poor,0,Slow,3,2.0,3.0,1.0,120
2663,28,38,Poor,1,Slow,4,2.0,3.0,1.0,122
2664,28,39,Poor,0,Slow,0,2.0,3.0,1.0,119
2665,28,40,Poor,2,Slow,0,2.0,3.0,1.0,119
2666,28,41,Poor,2,Slow,2,2.0,3.0,1.0,118
2667,28,42,Poor,0,Slow,0,2.0,3.0,1.0,118
2668,28,43,Poor,0,Slow,3,2.0,3.0,1.0,117
2669,28,44,Poor,1,Slow,0,2.0,3.0,1.0,121
2670,28,45,Poor,2,Slow,2,2.0,3.0,1.0,117
2671,28,47,Poor,2,Slow,0,2.0,3.0,1.0,116
2672,28,49,Poor,1,Slow,1,2.0,3.0,1.0,120
2673,28,50,Poor,1,Slow,2,2.0,3.0,1.0,119
2674,28,51,Poor,1,Slow,0,2.0,3.0,1.0,118
2675,28,53,Poor,0,Slow,2,2.0,3.0,1.0,116
2676,28,54,Poor,0,Slow,3,2.0,3.0,1.0,115
2677,28,57,Poor,1,Slow,2,2.0,3.0,1.0,117
2678,28,59,Poor,1,Slow,1,2.0,3.0,1.0,116
2679,28,60,Poor,1,Slow,1,2.0,3.0,1.0,115
2680,28,61,Poor,1,Slow,2,2.0,3.0,1.0,114
2681,28,62,Poor,1,Slow,2,2.0,3.0,1.0,113
2682,28,63,Poor,2,Slow,0,2.0,3.0,1.0,115
2683,28,65,Poor,0,Slow,1,2.0,3.0,1.0,114
2684,28,66,Poor,2,Slow,2,2.0,3.0,1.0,114
2685,28,67,Poor,1,Slow,3,2.0,3.0,1.0,112
2686,28,68,Poor,2,Slow,0,2.0,3.0,1.0,113
2687,28,71,Middle,1,Slow,1,2.0,7.0,5.0,111
2688,28,71,Middle,0,Slow,2,2.0,5.0,3.0,113
2689,28,71,Middle,2,Slow,4,2.0,3.0,1.0,112
2690,28,72,Middle,4,Shigh,0,6.0,7.0,1.0,69
2691,28,73,Middle,1,Slow,0,2.0,7.0,5.0,110
2692,28,73,Middle,0,Slow,1,2.0,5.0,3.0,112
2693,28,74,Middle,4,Shigh,2,6.0,7.0,1.0,68
2694,28,75,Middle,0,Slow,3,2.0,7.0,5.0,111
2695,28,76,Middle,1,Slow,1,2.0,7.0,5.0,109
2696,28,77,Middle,1,Slow,0,2.0,7.0,5.0,108
2697,28,77,Middle,2,Slow,3,2.0,5.0,3.0,111
2698,28,78,Middle,3,Shigh,0,4.199999999999999,7.0,2.8000000000000007,69
2699,28,78,Middle,0,Slow,3,2.0,2.8000000000000007,0.8000000000000007,110
2700,28,79,Middle,0,Slow,0,2.0,7.0,5.0,109
2701,28,79,Middle,3,Shigh,1,4.199999999999999,5.0,0.8000000000000007,68
2702,28,80,Middle,4,Shigh,0,6.0,7.0,1.0,67
2703,28,83,Middle,3,Shigh,0,4.199999999999999,7.0,2.8000000000000007,67
2704,28,83,Middle,2,Slow,1,2.0,2.8000000000000007,0.8000000000000007,110
2705,28,84,Middle,0,Slow,2,2.0,7.0,5.0,108
2706,28,85,Middle,2,Slow,3,2.0,7.0,5.0,109
2707,28,86,Middle,4,Shigh,0,6.0,7.0,1.0,66
2708,28,87,Middle,2,Slow,1,2.0,7.0,5.0,108
2709,28,87,Middle,0,Slow,2,2.0,5.0,3.0,107
2710,28,88,Middle,1,Slow,1,2.0,7.0,5.0,107
2711,28,90,Rich,1,Slow,2,2.0,10.0,8.0,106
2712,28,90,Rich,0,Slow,3,2.0,8.0,6.0,106
2713,28,90,Rich,3,Shigh,4,4.199999999999999,6.0,1.8000000000000007,66
2714,28,91,Rich,2,Slow,0,2.0,10.0,8.0,107
2715,28,91,Rich,0,Slow,1,2.0,8.0,6.0,105
2716,28,91,Rich,4,Shigh,3,6.0,6.0,0.0,65
2717,28,93,Rich,0,Slow,1,2.0,10.0,8.0,104
2718,28,94,Rich,2,Slow,3,2.0,10.0,8.0,106
2719,28,95,Rich,3,Shigh,0,4.199999999999999,10.0,5.800000000000001,65
2720,28,95,Rich,0,Slow,4,2.0,5.800000000000001,3.8000000000000007,103
2721,28,96,Rich,1,Slow,0,2.0,10.0,8.0,105
2722,28,96,Rich,3,Shigh,2,4.199999999999999,8.0,3.8000000000000007,64
2723,28,97,Rich,0,Slow,4,2.0,10.0,8.0,102
2724,28,98,Rich,0,Slow,0,2.0,10.0,8.0,101
2725,28,98,Rich,1,Slow,1,2.0,8.0,6.0,104
2726,28,98,Rich,2,Slow,4,2.0,6.0,4.0,105
2727,28,99,Rich,2,Slow,4,2.0,10.0,8.0,104
2728,29,1,Poor,2,Slow,4,2.0,3.0,1.0,129
2729,29,2,Poor,0,Slow,2,2.0,3.0,1.0,129
2730,29,3,Poor,1,Slow,0,2.0,3.0,1.0,129
2731,29,5,Poor,0,Slow,1,2.0,3.0,1.0,128
2732,29,6,Poor,1,Slow,3,2.0,3.0,1.0,128
2733,29,7,Poor,0,Slow,1,2.0,3.0,1.0,127
2734,29,9,Poor,0,Slow,1,2.0,3.0,1.0,126
2735,29,10,Poor,0,Slow,1,2.0,3.0,1.0,125
2736,29,11,Poor,0,Slow,0,2.0,3.0,1.0,124
2737,29,12,Poor,0,Slow,0,2.0,3.0,1.0,123
2738,29,13,Poor,1,Slow,4,2.0,3.0,1.0,127
2739,29,14,Poor,0,Slow,0,2.0,3.0,1.0,122
2740,29,15,Poor,0,Slow,0,2.0,3.0,1.0,121
2741,29,18,Poor,2,Slow,1,2.0,3.0,1.0,128
2742,29,20,Poor,2,Slow,0,2.0,3.0,1.0,127
2743,29,21,Poor,2,Slow,3,2.0,3.0,1.0,126
2744,29,23,Poor,2,Slow,0,2.0,3.0,1.0,125
2745,29,24,Poor,1,Slow,1,2.0,3.0,1.0,126
2746,29,25,Poor,0,Slow,3,2.0,3.0,1.0,120
2747,29,27,Poor,2,Slow,3,2.0,3.0,1.0,124
2748,29,29,Poor,0,Slow,0,2.0,3.0,1.0,119
2749,29,32,Poor,0,Slow,0,2.0,3.0,1.0,118
2750,29,34,Poor,1,Slow,0,2.0,3.0,1.0,125
2751,29,35,Poor,0,Slow,2,2.0,3.0,1.0,117
2752,29,36,Poor,1,Slow,3,2.0,3.0,1.0,124
2753,29,40,Poor,2,Slow,0,2.0,3.0,1.0,123
2754,29,42,Poor,1,Slow,0,2.0,3.0,1.0,123
2755,29,43,Poor,1,Slow,2,2.0,3.0,1.0,122
2756,29,44,Poor,1,Slow,0,2.0,3.0,1.0,121
2757,29,45,Poor,1,Slow,4,2.0,3.0,1.0,120
2758,29,46,Poor,1,Slow,0,2.0,3.0,1.0,119
2759,29,47,Poor,2,Slow,2,2.0,3.0,1.0,122
2760,29,48,Poor,1,Slow,1,2.0,3.0,1.0,118
2761,29,50,Poor,1,Slow,3,2.0,3.0,1.0,117
2762,29,51,Poor,0,Slow,1,2.0,3.0,1.0,116
2763,29,52,Poor,0,Slow,0,2.0,3.0,1.0,115
2764,29,53,Poor,1,Slow,0,2.0,3.0,1.0,116
2765,29,54,Poor,1,Slow,2,2.0,3.0,1.0,115
2766,29,60,Poor,1,Slow,1,2.0,3.0,1.0,114
2767,29,61,Poor,2,Slow,1,2.0,3.0,1.0,121
2768,29,63,Poor,0,Slow,2,2.0,3.0,1.0,114
2769,29,64,Poor,2,Slow,3,2.0,3.0,1.0,120
2770,29,65,Poor,2,Slow,2,2.0,3.0,1.0,119
2771,29,66,Poor,1,Slow,1,2.0,3.0,1.0,113
2772,29,67,Poor,1,Slow,2,2.0,3.0,1.0,112
2773,29,68,Poor,1,Slow,2,2.0,3.0,1.0,111
2774,29,70,Middle,0,Slow,1,2.0,7.0,5.0,113
2775,29,71,Middle,2,Slow,2,2.0,7.0,5.0,118
2776,29,71,Middle,1,Slow,3,2.0,5.0,3.0,110
2777,29,72,Middle,0,Slow,1,2.0,7.0,5.0,112
2778,29,72,Middle,3,Shigh,4,4.199999999999999,5.0,0.8000000000000007,69
2779,29,73,Middle,1,Slow,1,2.0,7.0,5.0,109
2780,29,74,Middle,1,Slow,0,2.0,7.0,5.0,108
2781,29,74,Middle,3,Shigh,2,4.199999999999999,5.0,0.8000000000000007,68
2782,29,75,Middle,2,Slow,3,2.0,7.0,5.0,117
2783,29,76,Middle,3,Shigh,3,4.199999999999999,7.0,2.8000000000000007,67
2784,29,76,Middle,0,Slow,4,2.0,2.8000000000000007,0.8000000000000007,111
2785,29,77,Middle,1,Slow,1,2.0,7.0,5.0,107
2786,29,78,Middle,1,Slow,0,2.0,7.0,5.0,106
2787,29,78,Middle,3,Shigh,4,4.199999999999999,5.0,0.8000000000000007,66
2788,29,79,Middle,3,Shigh,2,4.199999999999999,7.0,2.8000000000000007,65
2789,29,81,Middle,1,Slow,0,2.0,7.0,5.0,105
2790,29,81,Middle,3,Shigh,4,4.199999999999999,5.0,0.8000000000000007,64
2791,29,82,Middle,1,Slow,2,2.0,7.0,5.0,104
2792,29,83,Middle,0,Slow,2,2.0,7.0,5.0,110
2793,29,85,Middle,3,Shigh,1,4.199999999999999,7.0,2.8000000000000007,63
2794,29,85,Middle,2,Slow,2,2.0,2.8000000000000007,0.8000000000000007,116
2795,29,86,Middle,0,Slow,1,2.0,7.0,5.0,109
2796,29,86,Middle,2,Slow,3,2.0,5.0,3.0,115
2797,29,87,Middle,4,Shigh,1,6.0,7.0,1.0,69
2798,29,88,Middle,0,Slow,0,2.0,7.0,5.0,108
2799,29,89,Middle,1,Slow,0,2.0,7.0,5.0,103
2800,29,89,Middle,0,Slow,1,2.0,5.0,3.0,107
2801,29,90,Rich,4,Shigh,0,6.0,10.0,4.0,68
2802,29,90,Rich,2,Slow,1,2.0,4.0,2.0,114
2803,29,90,Rich,1,Slow,2,2.0,2.0,0.0,102
2804,29,91,Rich,3,Shigh,0,4.199999999999999,10.0,5.800000000000001,62
2805,29,91,Rich,2,Slow,4,2.0,5.800000000000001,3.8000000000000007,113
2806,29,92,Rich,1,Slow,4,2.0,10.0,8.0,101
2807,29,93,Rich,1,Slow,0,2.0,10.0,8.0,100
2808,29,93,Rich,4,Shigh,3,6.0,8.0,2.0,67
2809,29,94,Rich,0,Slow,1,2.0,10.0,8.0,106
2810,29,94,Rich,3,Shigh,3,4.199999999999999,8.0,3.8000000000000007,61
2811,29,95,Rich,0,Slow,2,2.0,10.0,8.0,105
2812,29,95,Rich,2,Slow,3,2.0,8.0,6.0,112
2813,29,96,Rich,3,Shigh,0,4.199999999999999,10.0,5.800000000000001,60
2814,29,96,Rich,1,Slow,2,2.0,5.800000000000001,3.8000000000000007,99
2815,29,96,Rich,2,Slow,4,2.0,3.8000000000000007,1.8000000000000007,111
2816,29,97,Rich,1,Slow,2,2.0,10.0,8.0,98
2817,29,98,Rich,4,Shigh,1,6.0,10.0,4.0,66
2818,29,99,Rich,4,Shigh,1,6.0,10.0,4.0,65
2819,29,99,Rich,0,Slow,4,2.0,4.0,2.0,104
