seed,participation_rate,avg_purchases_per_buyer,total_revenue,total_inventory_remaining,n_blocked_by_utility,n_blocked_by_budget,n_blocked_by_inventory,n_not_noticed,promotion_active,promotion_seller_id,promotion_seller_class,promotion_discount,visibility_rate_seller_0,visibility_rate_seller_1,visibility_rate_seller_2,visibility_rate_seller_3,visibility_rate_seller_4,Poor_participation_rate,Poor_to_Slow_share,Poor_to_Shigh_share,Poor_blocked_by_budget_at_Slow,Poor_blocked_by_budget_at_Shigh,Middle_participation_rate,Middle_to_Slow_share,Middle_to_Shigh_share,Middle_blocked_by_budget_at_Slow,Middle_blocked_by_budget_at_Shigh,Rich_participation_rate,Rich_to_Slow_share,Rich_to_Shigh_share,Rich_blocked_by_budget_at_Slow,Rich_blocked_by_budget_at_Shigh
0,0.67,0.81,206.0,449,104,153,0,87,False,-1,none,0.3,0.77,0.81,0.52,0.73,0.55,0.6285714285714286,1.0,0.0,38,87,0.8,0.7391304347826086,0.2608695652173913,10,13,0.7,0.6428571428571429,0.35714285714285715,1,4
0,0.67,0.77,178.8,453,99,174,0,70,False,-1,none,0.3,0.81,0.8,0.56,0.78,0.55,0.7,1.0,0.0,52,100,0.6,0.8421052631578947,0.15789473684210525,2,17,0.6,0.7777777777777778,0.2222222222222222,0,3
0,0.71,0.82,203.00000000000006,448,99,168,0,81,False,-1,none,0.3,0.85,0.81,0.58,0.78,0.47,0.6857142857142857,1.0,0.0,55,87,0.8,0.8095238095238095,0.19047619047619047,7,16,0.7,0.7692307692307693,0.23076923076923078,2,1
0,0.63,0.77,207.99999999999997,453,95,165,0,68,False,-1,none,0.3,0.8,0.73,0.53,0.76,0.55,0.5714285714285714,1.0,0.0,44,83,0.8,0.8333333333333334,0.16666666666666666,8,22,0.7,0.6153846153846154,0.38461538461538464,3,5
0,0.73,0.9,218.8,440,87,172,0,86,True,1,Slow,0.3,0.77,0.86,0.58,0.77,0.51,0.7142857142857143,1.0,0.0,54,94,0.75,0.8095238095238095,0.19047619047619047,5,14,0.8,0.7368421052631579,0.2631578947368421,0,5
0,0.71,0.84,230.39999999999998,446,93,179,0,69,False,-1,none,0.3,0.81,0.83,0.54,0.77,0.61,0.6285714285714286,1.0,0.0,49,95,0.9,0.7916666666666666,0.20833333333333334,8,20,0.9,0.6875,0.3125,3,4
0,0.63,0.72,178.40000000000003,458,92,154,0,72,False,-1,none,0.3,0.72,0.77,0.48,0.72,0.49,0.6,1.0,0.0,38,88,0.7,0.7777777777777778,0.2222222222222222,12,15,0.7,0.8333333333333334,0.16666666666666666,0,1
0,0.67,0.85,216.2,445,105,153,0,67,True,3,Shigh,0.3,0.78,0.78,0.61,0.68,0.58,0.6428571428571429,1.0,0.0,46,90,0.65,0.7916666666666666,0.20833333333333334,5,10,0.9,0.6875,0.3125,2,0
0,0.78,0.94,245.60000000000002,436,83,184,0,89,False,-1,none,0.3,0.87,0.87,0.57,0.8,0.5,0.7714285714285715,1.0,0.0,66,97,0.8,0.8846153846153846,0.11538461538461539,8,8,0.8,0.6428571428571429,0.35714285714285715,3,2
0,0.71,0.81,193.6,449,84,197,0,73,False,-1,none,0.3,0.81,0.81,0.56,0.82,0.62,0.7285714285714285,1.0,0.0,64,106,0.7,0.9523809523809523,0.047619047619047616,2,21,0.6,0.8888888888888888,0.1111111111111111,2,2
0,0.7,0.83,225.99999999999997,447,83,178,0,71,False,-1,none,0.3,0.79,0.78,0.58,0.76,0.53,0.7,1.0,0.0,57,91,0.65,0.7647058823529411,0.23529411764705882,8,13,0.8,0.6470588235294118,0.35294117647058826,3,6
0,0.72,0.84,231.40000000000003,446,89,163,0,84,False,-1,none,0.3,0.78,0.81,0.54,0.78,0.45,0.7,1.0,0.0,52,83,0.75,0.8,0.2,6,14,0.8,0.6,0.4,5,3
0,0.68,0.8,201.59999999999997,450,95,163,0,82,False,-1,none,0.3,0.78,0.76,0.53,0.72,0.59,0.6285714285714286,1.0,0.0,48,89,0.75,0.9090909090909091,0.09090909090909091,6,14,0.9,0.7857142857142857,0.21428571428571427,0,6
0,0.63,0.77,206.39999999999998,453,102,166,0,80,False,-1,none,0.3,0.79,0.82,0.55,0.77,0.52,0.6142857142857143,1.0,0.0,46,94,0.65,0.7368421052631579,0.2631578947368421,8,11,0.7,0.8,0.2,3,4
0,0.69,0.83,228.0,447,96,171,0,65,False,-1,none,0.3,0.78,0.8,0.6,0.75,0.57,0.7,1.0,0.0,50,94,0.6,0.7058823529411765,0.29411764705882354,10,8,0.8,0.7058823529411765,0.29411764705882354,4,5
0,0.68,0.76,203.99999999999994,454,74,170,0,65,False,-1,none,0.3,0.7,0.74,0.55,0.72,0.49,0.6285714285714286,1.0,0.0,55,82,0.8,0.7368421052631579,0.2631578947368421,9,18,0.8,0.7692307692307693,0.23076923076923078,2,4
0,0.73,0.84,224.59999999999997,446,102,181,0,68,True,4,Shigh,0.3,0.81,0.83,0.64,0.83,0.56,0.7,1.0,0.0,61,96,0.8,0.6190476190476191,0.38095238095238093,9,10,0.8,0.6428571428571429,0.35714285714285715,1,4
0,0.66,0.75,190.79999999999995,455,85,179,0,66,False,-1,none,0.3,0.75,0.77,0.59,0.73,0.55,0.6714285714285714,1.0,0.0,58,95,0.65,0.8333333333333334,0.16666666666666666,5,15,0.6,0.8,0.2,0,6
0,0.68,0.83,221.19999999999993,447,101,152,0,69,True,3,Shigh,0.3,0.8,0.78,0.5,0.73,0.55,0.6285714285714286,1.0,0.0,39,90,0.75,0.7142857142857143,0.2857142857142857,7,11,0.9,0.5555555555555556,0.4444444444444444,2,3
0,0.67,0.8,202.95999999999998,450,100,160,0,70,True,1,Slow,0.3,0.79,0.79,0.51,0.77,0.54,0.6285714285714286,1.0,0.0,47,93,0.8,0.782608695652174,0.21739130434782608,3,15,0.7,0.6153846153846154,0.38461538461538464,1,1
0,0.65,0.72,184.2,458,94,165,0,89,False,-1,none,0.3,0.78,0.76,0.5,0.69,0.58,0.6571428571428571,1.0,0.0,47,96,0.6,0.9375,0.0625,2,15,0.7,0.6,0.4,2,3
0,0.63,0.76,205.19999999999996,454,83,165,0,71,False,-1,none,0.3,0.75,0.75,0.53,0.74,0.47,0.5857142857142857,1.0,0.0,60,83,0.75,0.8095238095238095,0.19047619047619047,6,12,0.7,0.7857142857142857,0.21428571428571427,0,4
0,0.66,0.83,221.05999999999995,447,101,167,0,84,True,1,Slow,0.3,0.84,0.79,0.53,0.82,0.53,0.5857142857142857,1.0,0.0,47,91,0.85,0.6086956521739131,0.391304347826087,11,17,0.8,0.7894736842105263,0.21052631578947367,1,0
0,0.71,0.81,212.99999999999994,449,92,185,0,77,True,4,Shigh,0.3,0.82,0.84,0.54,0.79,0.59,0.6857142857142857,1.0,0.0,63,92,0.75,0.7142857142857143,0.2857142857142857,6,16,0.8,0.75,0.25,3,5
0,0.67,0.78,196.0,452,104,157,0,81,False,-1,none,0.3,0.81,0.83,0.52,0.7,0.53,0.6285714285714286,1.0,0.0,49,90,0.75,0.9047619047619048,0.09523809523809523,3,12,0.8,0.8461538461538461,0.15384615384615385,2,1
0,0.64,0.78,180.51999999999998,452,84,159,0,84,True,0,Slow,0.3,0.76,0.75,0.5,0.73,0.47,0.6142857142857143,1.0,0.0,58,84,0.65,0.8421052631578947,0.15789473684210525,5,9,0.8,0.75,0.25,1,2
0,0.67,0.76,197.60000000000002,454,82,184,0,68,False,-1,none,0.3,0.78,0.79,0.48,0.79,0.58,0.7,1.0,0.0,54,98,0.6,0.75,0.25,11,16,0.6,0.7272727272727273,0.2727272727272727,2,3
0,0.66,0.84,226.99999999999997,446,95,153,0,83,False,-1,none,0.3,0.79,0.78,0.53,0.75,0.47,0.5714285714285714,1.0,0.0,47,84,0.8,0.8695652173913043,0.13043478260869565,9,9,1.0,0.7142857142857143,0.2857142857142857,2,2
0,0.63,0.77,198.2,453,99,158,0,81,False,-1,none,0.3,0.79,0.78,0.55,0.74,0.48,0.5857142857142857,1.0,0.0,45,88,0.8,0.875,0.125,7,13,0.6,0.8333333333333334,0.16666666666666666,2,3
0,0.73,0.9,233.4,440,83,178,0,79,False,-1,none,0.3,0.84,0.85,0.53,0.79,0.5,0.7,1.0,0.0,58,91,0.85,0.92,0.08,7,14,0.7,0.6875,0.3125,3,5
0,0.67,0.77,206.20000000000005,453,94,162,0,77,False,-1,none,0.3,0.76,0.8,0.54,0.71,0.52,0.6285714285714286,1.0,0.0,45,86,0.75,0.8,0.2,7,17,0.8,0.6153846153846154,0.38461538461538464,5,2
0,0.68,0.79,212.79999999999998,451,74,169,0,88,False,-1,none,0.3,0.77,0.75,0.5,0.74,0.46,0.6714285714285714,1.0,0.0,55,87,0.75,0.8181818181818182,0.18181818181818182,6,15,0.6,0.6,0.4,1,5
0,0.63,0.77,225.99999999999994,453,88,187,0,68,False,-1,none,0.3,0.83,0.83,0.53,0.78,0.55,0.5428571428571428,1.0,0.0,56,91,0.9,0.6956521739130435,0.30434782608695654,16,20,0.7,0.625,0.375,2,2
0,0.62,0.69,188.39999999999998,461,98,164,0,69,False,-1,none,0.3,0.78,0.77,0.53,0.72,0.51,0.6285714285714286,1.0,0.0,45,90,0.75,0.7142857142857143,0.2857142857142857,9,17,0.3,0.5,0.5,2,1
0,0.73,0.92,254.40000000000003,438,91,188,0,74,False,-1,none,0.3,0.86,0.83,0.6,0.81,0.61,0.6571428571428571,1.0,0.0,53,97,0.9,0.8518518518518519,0.14814814814814814,10,20,0.9,0.631578947368421,0.3684210526315789,4,4
0,0.71,0.8,209.2,450,100,176,0,69,False,-1,none,0.3,0.8,0.82,0.58,0.76,0.6,0.6857142857142857,1.0,0.0,49,99,0.75,0.8947368421052632,0.10526315789473684,6,17,0.8,0.7692307692307693,0.23076923076923078,2,3
0,0.7,0.84,213.59999999999997,446,97,170,0,69,True,2,Slow,0.3,0.8,0.78,0.61,0.75,0.57,0.6857142857142857,1.0,0.0,50,93,0.8,0.8181818181818182,0.18181818181818182,11,10,0.6,0.5714285714285714,0.42857142857142855,3,3
0,0.58,0.71,186.94,459,83,144,0,67,True,4,Shigh,0.3,0.66,0.72,0.49,0.65,0.46,0.5857142857142857,1.0,0.0,38,82,0.55,0.7647058823529411,0.23529411764705882,7,13,0.6,0.7692307692307693,0.23076923076923078,0,4
0,0.77,0.89,230.00000000000003,441,89,174,0,93,False,-1,none,0.3,0.8,0.88,0.49,0.81,0.54,0.7571428571428571,1.0,0.0,50,94,0.8,0.8181818181818182,0.18181818181818182,8,19,0.8,0.7857142857142857,0.21428571428571427,2,1
0,0.75,0.91,216.0800000000001,439,115,181,0,73,True,3,Shigh,0.3,0.87,0.91,0.59,0.85,0.65,0.7142857142857143,1.0,0.0,50,114,0.75,0.8333333333333334,0.16666666666666666,5,9,1.0,0.7647058823529411,0.23529411764705882,2,1
0,0.64,0.78,193.0,452,84,165,0,78,False,-1,none,0.3,0.75,0.74,0.47,0.76,0.55,0.6285714285714286,1.0,0.0,49,90,0.65,0.8571428571428571,0.14285714285714285,6,17,0.7,0.8461538461538461,0.15384615384615385,2,1
0,0.67,0.82,220.8,448,116,164,0,83,False,-1,none,0.3,0.81,0.88,0.58,0.81,0.54,0.6,1.0,0.0,45,97,0.85,0.75,0.25,8,13,0.8,0.8125,0.1875,0,1
0,0.71,0.89,230.20000000000002,441,79,190,0,67,False,-1,none,0.3,0.83,0.84,0.56,0.79,0.56,0.6857142857142857,1.0,0.0,64,95,0.8,0.8846153846153846,0.11538461538461539,8,18,0.7,0.8,0.2,2,3
0,0.71,0.89,229.00000000000006,441,91,164,0,86,False,-1,none,0.3,0.84,0.82,0.54,0.74,0.5,0.6714285714285714,1.0,0.0,58,84,0.85,0.9259259259259259,0.07407407407407407,3,16,0.7,0.6,0.4,2,1
0,0.73,0.82,232.79999999999998,448,84,180,0,74,False,-1,none,0.3,0.82,0.79,0.51,0.77,0.57,0.7,1.0,0.0,57,94,0.9,0.6363636363636364,0.36363636363636365,11,13,0.6,0.5454545454545454,0.45454545454545453,1,4
0,0.66,0.76,192.2,454,97,169,0,68,False,-1,none,0.3,0.78,0.8,0.55,0.72,0.57,0.6714285714285714,1.0,0.0,52,92,0.65,0.8823529411764706,0.11764705882352941,3,17,0.6,0.8333333333333334,0.16666666666666666,1,4
0,0.71,0.81,223.40000000000003,449,90,186,0,68,False,-1,none,0.3,0.81,0.82,0.62,0.75,0.57,0.6857142857142857,1.0,0.0,62,95,0.65,0.6875,0.3125,11,12,1.0,0.5882352941176471,0.4117647058823529,3,3
0,0.69,0.77,205.60000000000002,453,107,182,0,74,False,-1,none,0.3,0.83,0.83,0.59,0.81,0.6,0.6714285714285714,1.0,0.0,48,103,0.75,0.8421052631578947,0.15789473684210525,10,18,0.7,0.6363636363636364,0.36363636363636365,0,3
0,0.66,0.77,182.91999999999996,453,99,169,0,70,True,1,Slow,0.3,0.8,0.82,0.5,0.77,0.56,0.6571428571428571,1.0,0.0,53,89,0.6,0.9411764705882353,0.058823529411764705,4,19,0.8,0.6428571428571429,0.35714285714285715,2,2
0,0.74,0.87,226.20000000000007,443,99,188,0,66,False,-1,none,0.3,0.86,0.79,0.65,0.81,0.63,0.7428571428571429,1.0,0.0,54,98,0.8,0.7916666666666666,0.20833333333333334,8,23,0.6,0.8181818181818182,0.18181818181818182,2,3
0,0.7,0.84,205.20000000000007,446,94,165,0,77,False,-1,none,0.3,0.79,0.79,0.52,0.79,0.54,0.6428571428571429,1.0,0.0,48,96,0.85,0.9629629629629629,0.037037037037037035,1,19,0.8,0.75,0.25,0,1
0,0.66,0.9,240.40000000000003,440,102,172,0,81,False,-1,none,0.3,0.83,0.84,0.56,0.81,0.6,0.6,1.0,0.0,45,94,0.7,0.84,0.16,7,17,1.0,0.7391304347826086,0.2608695652173913,3,6
0,0.58,0.67,179.39999999999998,463,90,175,0,78,False,-1,none,0.3,0.78,0.78,0.47,0.76,0.53,0.5285714285714286,1.0,0.0,46,95,0.8,0.85,0.15,9,20,0.5,0.7,0.3,3,2
0,0.75,0.9,247.8,440,88,201,0,76,False,-1,none,0.3,0.83,0.86,0.57,0.86,0.67,0.7142857142857143,1.0,0.0,60,105,0.8,0.7727272727272727,0.22727272727272727,10,20,0.9,0.7222222222222222,0.2777777777777778,2,4
0,0.67,0.8,205.70000000000005,450,84,170,0,91,True,4,Shigh,0.3,0.77,0.8,0.49,0.75,0.53,0.6285714285714286,1.0,0.0,42,91,0.8,0.8181818181818182,0.18181818181818182,13,20,0.7,0.6428571428571429,0.35714285714285715,1,3
0,0.63,0.69,199.79999999999998,461,95,157,0,69,False,-1,none,0.3,0.72,0.73,0.54,0.73,0.49,0.6142857142857143,1.0,0.0,46,86,0.65,0.6875,0.3125,9,12,0.7,0.4,0.6,3,1
0,0.65,0.82,227.11999999999998,448,98,177,0,73,True,4,Shigh,0.3,0.83,0.82,0.56,0.83,0.53,0.6142857142857143,1.0,0.0,48,98,0.75,0.782608695652174,0.21739130434782608,9,14,0.7,0.625,0.375,4,4
0,0.76,0.93,256.6,437,78,190,0,69,False,-1,none,0.3,0.84,0.82,0.57,0.8,0.58,0.7142857142857143,1.0,0.0,59,98,0.85,0.875,0.125,5,21,0.9,0.6842105263157895,0.3157894736842105,3,4
0,0.69,0.81,200.20000000000005,449,71,188,0,65,False,-1,none,0.3,0.76,0.74,0.56,0.72,0.62,0.7,1.0,0.0,62,100,0.65,0.8571428571428571,0.14285714285714285,7,16,0.7,0.9090909090909091,0.09090909090909091,1,2
0,0.72,0.92,227.70000000000005,438,91,173,0,84,True,3,Shigh,0.3,0.86,0.87,0.59,0.72,0.52,0.7285714285714285,1.0,0.0,66,88,0.65,0.8695652173913043,0.13043478260869565,8,10,0.8,0.7222222222222222,0.2777777777777778,0,1
0,0.71,0.83,205.00000000000003,447,79,180,0,78,False,-1,none,0.3,0.8,0.8,0.52,0.72,0.58,0.7285714285714285,1.0,0.0,64,92,0.7,0.9,0.1,6,14,0.6,0.75,0.25,0,4
0,0.72,0.86,235.60000000000005,444,103,180,0,81,False,-1,none,0.3,0.84,0.88,0.61,0.83,0.53,0.7,1.0,0.0,50,94,0.8,0.75,0.25,11,17,0.7,0.46153846153846156,0.5384615384615384,4,4
0,0.69,0.77,192.4,453,115,176,0,72,False,-1,none,0.3,0.83,0.86,0.59,0.79,0.61,0.6428571428571429,1.0,0.0,47,102,0.8,0.8571428571428571,0.14285714285714285,6,20,0.8,0.9090909090909091,0.09090909090909091,0,1
0,0.72,0.88,217.2000000000001,442,87,182,0,73,False,-1,none,0.3,0.84,0.8,0.58,0.79,0.56,0.7142857142857143,1.0,0.0,58,97,0.7,0.9130434782608695,0.08695652173913043,5,18,0.8,0.6666666666666666,0.3333333333333333,2,2
0,0.69,0.81,211.80000000000004,449,72,179,0,73,False,-1,none,0.3,0.76,0.79,0.5,0.7,0.57,0.6857142857142857,1.0,0.0,62,88,0.8,0.7916666666666666,0.20833333333333334,6,19,0.5,0.5555555555555556,0.4444444444444444,2,2
0,0.72,0.82,216.40000000000003,448,90,169,0,84,False,-1,none,0.3,0.8,0.78,0.58,0.74,0.51,0.6428571428571429,1.0,0.0,50,84,0.9,0.8695652173913043,0.13043478260869565,6,23,0.9,0.7142857142857143,0.2857142857142857,3,3
1,0.56,0.7,176.0,460,106,166,0,78,False,-1,none,0.3,0.81,0.78,0.49,0.77,0.57,0.5142857142857142,1.0,0.0,40,95,0.65,0.7727272727272727,0.22727272727272727,10,15,0.7,0.6666666666666666,0.3333333333333333,3,3
1,0.64,0.82,200.0,448,114,166,0,78,False,-1,none,0.3,0.84,0.84,0.61,0.79,0.54,0.6142857142857143,1.0,0.0,44,94,0.6,0.7894736842105263,0.21052631578947367,10,12,0.9,0.75,0.25,3,3
1,0.71,0.83,212.20000000000005,447,77,193,0,72,False,-1,none,0.3,0.84,0.78,0.59,0.75,0.57,0.7142857142857143,1.0,0.0,68,97,0.75,0.6666666666666666,0.3333333333333333,10,12,0.6,0.8,0.2,1,5
1,0.64,0.8,215.4,450,99,181,0,85,False,-1,none,0.3,0.84,0.83,0.56,0.8,0.57,0.5714285714285714,1.0,0.0,52,100,0.85,0.8181818181818182,0.18181818181818182,7,13,0.7,0.6666666666666666,0.3333333333333333,6,3
1,0.64,0.77,209.4,453,103,159,0,76,False,-1,none,0.3,0.78,0.78,0.55,0.78,0.5,0.6285714285714286,1.0,0.0,48,90,0.65,0.8421052631578947,0.15789473684210525,3,12,0.7,0.5,0.5,2,4
1,0.69,0.8,219.99999999999997,450,95,170,0,80,False,-1,none,0.3,0.83,0.78,0.56,0.76,0.52,0.6285714285714286,1.0,0.0,47,94,0.8,0.8095238095238095,0.19047619047619047,9,12,0.9,0.6,0.4,6,2
1,0.73,0.87,241.4,443,94,178,0,76,True,4,Shigh,0.3,0.81,0.82,0.56,0.79,0.61,0.7,1.0,0.0,52,95,0.85,0.6538461538461539,0.34615384615384615,15,12,0.7,0.6666666666666666,0.3333333333333333,2,2
1,0.68,0.77,198.79999999999995,453,117,189,0,72,False,-1,none,0.3,0.86,0.86,0.68,0.85,0.58,0.6857142857142857,1.0,0.0,60,105,0.6,0.6428571428571429,0.35714285714285715,8,11,0.8,0.9333333333333333,0.06666666666666667,0,5
1,0.7,0.85,233.2,445,88,185,0,72,False,-1,none,0.3,0.79,0.83,0.55,0.82,0.59,0.6285714285714286,1.0,0.0,52,100,0.95,0.7692307692307693,0.23076923076923078,10,14,0.7,0.7333333333333333,0.26666666666666666,3,6
1,0.72,0.87,208.6,443,95,168,0,65,True,2,Slow,0.3,0.83,0.81,0.54,0.78,0.54,0.6857142857142857,1.0,0.0,45,93,0.85,0.8260869565217391,0.17391304347826086,4,19,0.7,0.75,0.25,3,4
1,0.68,0.8,221.59999999999997,450,90,185,0,65,False,-1,none,0.3,0.83,0.78,0.6,0.82,0.52,0.6428571428571429,1.0,0.0,58,90,0.85,0.7391304347826086,0.2608695652173913,14,14,0.6,0.5833333333333334,0.4166666666666667,5,4
1,0.73,0.86,233.59999999999997,444,88,184,0,67,False,-1,none,0.3,0.85,0.76,0.63,0.74,0.6,0.7142857142857143,1.0,0.0,62,97,0.7,0.7894736842105263,0.21052631578947367,7,12,0.9,0.7058823529411765,0.29411764705882354,1,5
1,0.68,0.71,206.79999999999995,459,102,185,0,72,False,-1,none,0.3,0.82,0.83,0.54,0.81,0.58,0.6857142857142857,1.0,0.0,54,101,0.75,0.5,0.5,12,14,0.5,0.5714285714285714,0.42857142857142855,1,3
1,0.71,0.87,224.80000000000004,443,100,173,0,75,False,-1,none,0.3,0.84,0.86,0.62,0.76,0.52,0.6428571428571429,1.0,0.0,53,92,0.9,0.8888888888888888,0.1111111111111111,10,14,0.8,0.6666666666666666,0.3333333333333333,2,2
1,0.65,0.76,210.4,454,105,152,0,72,False,-1,none,0.3,0.79,0.76,0.5,0.73,0.55,0.5571428571428572,1.0,0.0,40,85,0.9,0.7391304347826086,0.2608695652173913,5,16,0.8,0.5,0.5,3,3
1,0.71,0.83,215.6,447,80,194,0,73,False,-1,none,0.3,0.84,0.8,0.59,0.79,0.55,0.7,1.0,0.0,66,97,0.8,0.92,0.08,5,20,0.6,0.5555555555555556,0.4444444444444444,3,3
1,0.71,0.89,231.8,441,96,163,0,77,False,-1,none,0.3,0.79,0.81,0.56,0.79,0.53,0.6571428571428571,1.0,0.0,47,87,0.85,0.8333333333333334,0.16666666666666666,8,12,0.8,0.6842105263157895,0.3157894736842105,5,4
1,0.65,0.8,196.8,450,94,178,0,63,False,-1,none,0.3,0.8,0.8,0.58,0.78,0.56,0.6142857142857143,1.0,0.0,61,94,0.85,0.9583333333333334,0.041666666666666664,2,17,0.5,0.8461538461538461,0.15384615384615385,2,2
1,0.7,0.85,238.40000000000003,445,94,184,0,77,False,-1,none,0.3,0.86,0.85,0.5,0.81,0.61,0.6857142857142857,1.0,0.0,51,107,0.7,0.7391304347826086,0.2608695652173913,13,8,0.8,0.5714285714285714,0.42857142857142855,2,3
1,0.67,0.78,207.39999999999998,452,83,168,0,76,False,-1,none,0.3,0.76,0.74,0.49,0.74,0.56,0.6285714285714286,1.0,0.0,56,87,0.7,0.95,0.05,3,16,0.9,0.5714285714285714,0.42857142857142855,1,5
1,0.71,0.83,201.97999999999996,447,91,156,0,80,True,2,Slow,0.3,0.77,0.79,0.55,0.73,0.46,0.6857142857142857,1.0,0.0,53,84,0.8,0.9130434782608695,0.08695652173913043,3,13,0.7,0.75,0.25,0,3
1,0.66,0.77,225.39999999999998,453,87,175,0,81,False,-1,none,0.3,0.8,0.8,0.43,0.74,0.62,0.5857142857142857,1.0,0.0,45,94,0.85,0.5909090909090909,0.4090909090909091,17,14,0.8,0.5714285714285714,0.42857142857142855,2,3
1,0.62,0.75,193.79999999999998,455,90,158,0,72,False,-1,none,0.3,0.75,0.75,0.53,0.71,0.49,0.6,1.0,0.0,48,82,0.65,0.8947368421052632,0.10526315789473684,7,14,0.7,0.7857142857142857,0.21428571428571427,2,5
1,0.74,0.91,244.60000000000002,439,89,161,0,74,False,-1,none,0.3,0.8,0.8,0.62,0.7,0.49,0.7,1.0,0.0,58,81,0.75,0.7619047619047619,0.23809523809523808,5,11,1.0,0.7142857142857143,0.2857142857142857,3,3
1,0.7,0.81,208.39999999999998,449,114,171,0,74,False,-1,none,0.3,0.84,0.84,0.61,0.83,0.54,0.7,1.0,0.0,53,100,0.7,0.8,0.2,6,9,0.7,0.8333333333333334,0.16666666666666666,0,3
1,0.77,0.89,239.8,441,85,194,0,92,False,-1,none,0.3,0.88,0.84,0.53,0.79,0.64,0.7571428571428571,1.0,0.0,59,107,0.75,0.7,0.3,10,15,0.9,0.75,0.25,2,1
1,0.74,0.88,225.20000000000002,442,87,184,0,66,False,-1,none,0.3,0.85,0.79,0.57,0.77,0.61,0.7428571428571429,1.0,0.0,60,97,0.8,0.8695652173913043,0.13043478260869565,2,20,0.6,0.7692307692307693,0.23076923076923078,1,4
1,0.69,0.84,233.20000000000002,446,81,161,0,69,False,-1,none,0.3,0.76,0.75,0.51,0.76,0.48,0.6285714285714286,1.0,0.0,52,82,0.8,0.7727272727272727,0.22727272727272727,7,11,0.9,0.7222222222222222,0.2777777777777778,6,3
1,0.62,0.76,194.59999999999994,454,107,158,0,89,True,3,Shigh,0.3,0.82,0.79,0.5,0.76,0.54,0.5714285714285714,1.0,0.0,44,96,0.75,0.8695652173913043,0.13043478260869565,3,12,0.7,0.5384615384615384,0.46153846153846156,1,2
1,0.59,0.66,180.19999999999993,464,101,160,0,73,False,-1,none,0.3,0.74,0.74,0.48,0.73,0.58,0.5571428571428572,1.0,0.0,46,95,0.6,0.7692307692307693,0.23076923076923078,5,11,0.8,0.6428571428571429,0.35714285714285715,1,2
1,0.68,0.78,216.79999999999995,452,106,160,0,76,False,-1,none,0.3,0.82,0.77,0.57,0.77,0.51,0.6142857142857143,1.0,0.0,44,92,0.8,0.7368421052631579,0.2631578947368421,10,10,0.9,0.625,0.375,1,3
1,0.7,0.83,232.56,447,106,177,0,84,True,3,Shigh,0.3,0.85,0.88,0.5,0.83,0.6,0.6428571428571429,1.0,0.0,53,96,0.8,0.6666666666666666,0.3333333333333333,13,12,0.9,0.5714285714285714,0.42857142857142855,3,0
1,0.59,0.71,180.19999999999996,459,106,174,0,84,False,-1,none,0.3,0.81,0.83,0.53,0.76,0.58,0.5857142857142857,1.0,0.0,52,99,0.5,0.9230769230769231,0.07692307692307693,3,14,0.8,0.8823529411764706,0.11764705882352941,0,6
1,0.59,0.71,191.00000000000003,459,112,150,0,82,False,-1,none,0.3,0.79,0.78,0.45,0.72,0.59,0.5142857142857142,1.0,0.0,33,92,0.85,0.6086956521739131,0.391304347826087,14,6,0.6,0.75,0.25,2,3
1,0.64,0.8,220.6,450,100,158,0,87,False,-1,none,0.3,0.82,0.79,0.55,0.69,0.53,0.6,1.0,0.0,46,86,0.7,0.85,0.15,6,13,0.8,0.6666666666666666,0.3333333333333333,3,4
1,0.63,0.75,202.20000000000002,455,100,173,0,77,False,-1,none,0.3,0.79,0.82,0.55,0.74,0.58,0.6142857142857143,1.0,0.0,48,98,0.7,0.8095238095238095,0.19047619047619047,9,11,0.6,0.6363636363636364,0.36363636363636365,1,6
1,0.73,0.86,221.40000000000003,444,101,175,0,93,False,-1,none,0.3,0.83,0.87,0.56,0.84,0.52,0.7,1.0,0.0,55,96,0.85,0.8,0.2,7,13,0.7,0.8333333333333334,0.16666666666666666,0,4
1,0.72,0.88,235.60000000000005,442,83,167,0,82,False,-1,none,0.3,0.8,0.79,0.51,0.73,0.55,0.7142857142857143,1.0,0.0,51,93,0.65,0.8235294117647058,0.17647058823529413,3,11,0.9,0.6190476190476191,0.38095238095238093,5,4
1,0.72,0.88,222.54000000000005,442,97,168,0,87,True,2,Slow,0.3,0.83,0.83,0.53,0.83,0.51,0.7142857142857143,1.0,0.0,45,91,0.65,0.7058823529411765,0.29411764705882354,6,19,0.9,0.8095238095238095,0.19047619047619047,3,4
1,0.75,0.91,247.08,439,79,172,0,83,True,4,Shigh,0.3,0.8,0.8,0.58,0.75,0.49,0.7142857142857143,1.0,0.0,54,86,0.85,0.782608695652174,0.21739130434782608,12,13,0.8,0.6666666666666666,0.3333333333333333,3,4
1,0.67,0.84,228.60000000000005,446,130,181,0,70,False,-1,none,0.3,0.88,0.88,0.67,0.87,0.65,0.6142857142857143,1.0,0.0,42,107,0.75,0.7727272727272727,0.22727272727272727,9,17,0.9,0.7368421052631579,0.2631578947368421,4,2
1,0.74,0.88,231.00000000000006,442,102,166,0,79,False,-1,none,0.3,0.82,0.82,0.59,0.81,0.52,0.7285714285714285,1.0,0.0,49,94,0.75,0.9583333333333334,0.041666666666666664,3,14,0.8,0.5384615384615384,0.46153846153846156,0,6
1,0.63,0.79,211.00000000000003,451,96,155,0,75,False,-1,none,0.3,0.78,0.75,0.58,0.68,0.51,0.5571428571428572,1.0,0.0,46,80,0.85,0.8076923076923077,0.19230769230769232,8,17,0.7,0.7142857142857143,0.2857142857142857,0,4
1,0.6,0.71,191.99999999999997,459,96,149,0,69,False,-1,none,0.3,0.72,0.72,0.54,0.67,0.51,0.5857142857142857,1.0,0.0,41,84,0.6,0.7647058823529411,0.23529411764705882,5,12,0.7,0.7692307692307693,0.23076923076923078,2,5
1,0.69,0.82,211.00000000000003,448,100,185,0,78,False,-1,none,0.3,0.83,0.83,0.62,0.79,0.6,0.6571428571428571,1.0,0.0,56,100,0.7,0.8823529411764706,0.11764705882352941,5,15,0.9,0.8421052631578947,0.15789473684210525,3,6
1,0.8,0.92,251.2000000000001,438,101,192,0,75,False,-1,none,0.3,0.85,0.87,0.61,0.88,0.64,0.7428571428571429,1.0,0.0,54,101,0.9,0.7083333333333334,0.2916666666666667,14,18,1.0,0.625,0.375,2,3
1,0.69,0.9,235.60000000000005,440,77,189,0,64,False,-1,none,0.3,0.78,0.83,0.59,0.78,0.58,0.6571428571428571,1.0,0.0,56,97,0.75,0.88,0.12,9,19,0.8,0.7894736842105263,0.21052631578947367,3,5
1,0.68,0.84,219.00000000000003,446,83,152,0,86,False,-1,none,0.3,0.78,0.76,0.44,0.73,0.48,0.6428571428571429,1.0,0.0,40,85,0.7,0.85,0.15,5,12,0.9,0.7894736842105263,0.21052631578947367,2,8
1,0.61,0.75,204.99999999999997,455,90,166,0,54,False,-1,none,0.3,0.75,0.76,0.53,0.72,0.55,0.5142857142857142,1.0,0.0,39,85,0.85,0.75,0.25,16,20,0.8,0.8666666666666667,0.13333333333333333,1,5
1,0.7,0.83,212.8,447,89,176,0,87,False,-1,none,0.3,0.82,0.84,0.51,0.77,0.54,0.7,1.0,0.0,51,92,0.7,0.8571428571428571,0.14285714285714285,5,19,0.7,0.6923076923076923,0.3076923076923077,4,5
1,0.62,0.76,212.2,454,99,167,0,78,False,-1,none,0.3,0.83,0.76,0.52,0.76,0.55,0.5714285714285714,1.0,0.0,45,93,0.7,0.8181818181818182,0.18181818181818182,8,13,0.8,0.5714285714285714,0.42857142857142855,4,4
1,0.72,0.89,232.40000000000003,441,79,173,0,84,False,-1,none,0.3,0.8,0.81,0.58,0.73,0.49,0.6571428571428571,1.0,0.0,64,85,0.9,0.8571428571428571,0.14285714285714285,8,12,0.8,0.7333333333333333,0.26666666666666666,2,2
1,0.7,0.86,211.76000000000008,444,101,170,0,78,True,3,Shigh,0.3,0.83,0.83,0.58,0.81,0.52,0.6714285714285714,1.0,0.0,53,94,0.7,0.8181818181818182,0.18181818181818182,6,13,0.9,0.7058823529411765,0.29411764705882354,1,3
1,0.67,0.77,202.0,453,103,158,0,92,False,-1,none,0.3,0.79,0.83,0.48,0.76,0.52,0.6714285714285714,1.0,0.0,47,92,0.6,0.75,0.25,4,8,0.8,0.7857142857142857,0.21428571428571427,0,7
1,0.62,0.75,201.39999999999998,455,113,161,0,81,False,-1,none,0.3,0.81,0.83,0.57,0.75,0.53,0.6142857142857143,1.0,0.0,47,92,0.55,0.9411764705882353,0.058823529411764705,3,11,0.8,0.6,0.4,4,4
1,0.72,0.86,229.20000000000005,444,90,182,0,72,False,-1,none,0.3,0.81,0.84,0.55,0.74,0.64,0.6714285714285714,1.0,0.0,51,89,0.95,0.8076923076923077,0.19230769230769232,12,22,0.6,0.5384615384615384,0.46153846153846156,4,4
1,0.63,0.76,198.8,454,102,170,0,67,False,-1,none,0.3,0.8,0.76,0.6,0.8,0.52,0.6142857142857143,1.0,0.0,46,96,0.65,0.9444444444444444,0.05555555555555555,5,14,0.7,0.6666666666666666,0.3333333333333333,6,3
1,0.62,0.73,191.8,457,92,161,0,74,False,-1,none,0.3,0.72,0.76,0.52,0.74,0.52,0.6142857142857143,1.0,0.0,51,84,0.65,0.7647058823529411,0.23529411764705882,9,15,0.6,0.7692307692307693,0.23076923076923078,0,2
1,0.56,0.64,168.59999999999997,466,114,149,0,73,False,-1,none,0.3,0.79,0.77,0.47,0.72,0.52,0.5,1.0,0.0,32,87,0.6,0.8461538461538461,0.15384615384615385,4,17,0.9,0.75,0.25,2,7
1,0.67,0.77,182.24,453,105,160,0,73,True,2,Slow,0.3,0.81,0.78,0.55,0.75,0.53,0.6714285714285714,1.0,0.0,53,87,0.65,0.8823529411764706,0.11764705882352941,3,13,0.7,0.6923076923076923,0.3076923076923077,1,3
1,0.69,0.85,232.20000000000005,445,95,174,0,76,False,-1,none,0.3,0.81,0.83,0.57,0.81,0.52,0.6714285714285714,1.0,0.0,57,93,0.65,0.6111111111111112,0.3888888888888889,13,9,0.9,0.75,0.25,1,1
1,0.68,0.85,221.96000000000004,445,94,170,0,81,True,3,Shigh,0.3,0.8,0.83,0.57,0.79,0.5,0.6714285714285714,1.0,0.0,57,95,0.65,0.7619047619047619,0.23809523809523808,6,9,0.8,0.7647058823529411,0.23529411764705882,2,1
1,0.68,0.8,195.40000000000003,450,102,182,0,76,False,-1,none,0.3,0.85,0.82,0.57,0.81,0.59,0.6428571428571429,1.0,0.0,55,103,0.75,1.0,0.0,1,20,0.8,0.8461538461538461,0.15384615384615385,1,2
1,0.7,0.83,225.0,447,94,172,0,86,False,-1,none,0.3,0.79,0.81,0.57,0.76,0.56,0.6714285714285714,1.0,0.0,52,97,0.75,0.7619047619047619,0.23809523809523808,8,11,0.8,0.6666666666666666,0.3333333333333333,1,3
1,0.64,0.72,196.40000000000003,458,101,165,0,67,False,-1,none,0.3,0.78,0.79,0.54,0.77,0.5,0.6142857142857143,1.0,0.0,52,87,0.6,0.7142857142857143,0.2857142857142857,6,13,0.9,0.7333333333333333,0.26666666666666666,2,5
1,0.61,0.71,182.20000000000005,459,123,158,0,88,False,-1,none,0.3,0.82,0.85,0.55,0.73,0.57,0.5714285714285714,1.0,0.0,43,92,0.65,0.8666666666666667,0.13333333333333333,6,10,0.8,0.6875,0.3125,4,3
2,0.67,0.79,202.0,451,104,168,0,69,False,-1,none,0.3,0.83,0.77,0.62,0.75,0.54,0.6285714285714286,1.0,0.0,48,90,0.75,0.6818181818181818,0.3181818181818182,14,11,0.8,0.6923076923076923,0.3076923076923077,2,3
2,0.67,0.78,201.60000000000002,452,121,147,0,79,False,-1,none,0.3,0.82,0.79,0.56,0.76,0.53,0.5857142857142857,1.0,0.0,35,84,0.9,0.84,0.16,8,18,0.8,0.5,0.5,0,2
2,0.64,0.75,180.20000000000005,455,94,146,0,85,False,-1,none,0.3,0.77,0.78,0.51,0.63,0.46,0.6285714285714286,1.0,0.0,53,82,0.8,0.8333333333333334,0.16666666666666666,1,7,0.4,0.8571428571428571,0.14285714285714285,1,2
2,0.6,0.71,182.79999999999998,459,104,149,0,76,False,-1,none,0.3,0.76,0.78,0.48,0.75,0.47,0.5285714285714286,1.0,0.0,39,84,0.65,0.8333333333333334,0.16666666666666666,4,15,1.0,0.875,0.125,2,5
2,0.75,0.88,231.2,442,100,176,0,86,False,-1,none,0.3,0.83,0.85,0.67,0.74,0.55,0.7285714285714285,1.0,0.0,57,89,0.85,0.76,0.24,10,16,0.7,0.8333333333333334,0.16666666666666666,2,2
2,0.7,0.85,230.4,445,109,172,0,79,False,-1,none,0.3,0.83,0.85,0.61,0.79,0.58,0.6571428571428571,1.0,0.0,47,95,0.75,0.782608695652174,0.21739130434782608,10,12,0.9,0.75,0.25,5,3
2,0.63,0.77,184.72,453,100,176,0,82,True,1,Slow,0.3,0.79,0.82,0.53,0.79,0.6,0.5857142857142857,1.0,0.0,47,105,0.7,0.8636363636363636,0.13636363636363635,5,13,0.8,0.6923076923076923,0.3076923076923077,4,2
2,0.66,0.83,216.79999999999998,447,89,175,0,73,False,-1,none,0.3,0.81,0.82,0.52,0.77,0.55,0.6142857142857143,1.0,0.0,57,92,0.75,0.8695652173913043,0.13043478260869565,5,12,0.8,0.7647058823529411,0.23529411764705882,4,5
2,0.74,0.83,207.60000000000002,447,73,194,0,75,False,-1,none,0.3,0.83,0.78,0.54,0.78,0.57,0.8,1.0,0.0,70,106,0.55,0.875,0.125,6,9,0.7,0.8181818181818182,0.18181818181818182,2,1
2,0.76,0.95,257.79999999999995,435,84,186,0,60,True,3,Shigh,0.3,0.79,0.8,0.67,0.77,0.62,0.7285714285714285,1.0,0.0,63,95,0.85,0.5925925925925926,0.4074074074074074,14,11,0.8,0.7647058823529411,0.23529411764705882,1,2
2,0.69,0.83,230.39999999999995,447,101,171,0,85,False,-1,none,0.3,0.84,0.84,0.49,0.77,0.61,0.6428571428571429,1.0,0.0,49,92,0.8,0.8260869565217391,0.17391304347826086,9,14,0.8,0.7333333333333333,0.26666666666666666,3,4
2,0.64,0.79,202.2,451,88,152,0,86,True,3,Shigh,0.3,0.77,0.79,0.48,0.67,0.48,0.5857142857142857,1.0,0.0,47,79,0.75,0.8518518518518519,0.14814814814814814,9,13,0.8,0.8181818181818182,0.18181818181818182,1,3
2,0.69,0.91,247.2,439,94,189,0,81,False,-1,none,0.3,0.89,0.89,0.58,0.83,0.55,0.6,1.0,0.0,54,94,0.95,0.8709677419354839,0.12903225806451613,12,21,0.8,0.7777777777777778,0.2222222222222222,2,6
2,0.64,0.78,205.2,452,93,170,0,84,False,-1,none,0.3,0.85,0.78,0.57,0.73,0.48,0.6285714285714286,1.0,0.0,54,86,0.6,0.8888888888888888,0.1111111111111111,6,17,0.8,0.8125,0.1875,1,6
2,0.62,0.75,194.59999999999997,455,106,167,0,67,True,3,Shigh,0.3,0.75,0.82,0.56,0.78,0.57,0.6,1.0,0.0,49,99,0.7,0.75,0.25,6,8,0.6,0.7692307692307693,0.23076923076923078,1,4
2,0.63,0.74,180.0,456,100,162,0,74,False,-1,none,0.3,0.78,0.75,0.52,0.73,0.58,0.6285714285714286,1.0,0.0,47,95,0.7,0.9545454545454546,0.045454545454545456,3,16,0.5,0.75,0.25,0,1
2,0.69,0.84,202.00000000000003,446,104,166,0,81,False,-1,none,0.3,0.83,0.84,0.55,0.76,0.56,0.6857142857142857,1.0,0.0,51,101,0.65,0.8636363636363636,0.13636363636363635,4,7,0.8,0.8571428571428571,0.14285714285714285,1,2
2,0.75,0.91,248.4,439,84,195,0,85,False,-1,none,0.3,0.85,0.88,0.59,0.74,0.64,0.7285714285714285,1.0,0.0,64,98,0.75,0.7727272727272727,0.22727272727272727,12,12,0.9,0.7777777777777778,0.2222222222222222,2,7
2,0.75,0.9,241.20000000000002,440,93,169,0,78,False,-1,none,0.3,0.83,0.84,0.56,0.78,0.51,0.7285714285714285,1.0,0.0,55,91,0.85,0.8846153846153846,0.11538461538461539,1,15,0.7,0.6153846153846154,0.38461538461538464,3,4
2,0.63,0.74,202.39999999999998,456,105,165,0,86,False,-1,none,0.3,0.81,0.79,0.52,0.76,0.56,0.5857142857142857,1.0,0.0,47,90,0.7,0.7619047619047619,0.23809523809523808,7,16,0.8,0.75,0.25,3,2
2,0.65,0.78,200.79999999999995,452,108,173,0,76,False,-1,none,0.3,0.83,0.83,0.59,0.79,0.55,0.6142857142857143,1.0,0.0,52,96,0.65,0.8421052631578947,0.15789473684210525,3,16,0.9,0.8125,0.1875,4,2
2,0.63,0.76,216.60000000000002,454,91,175,0,63,False,-1,none,0.3,0.79,0.77,0.58,0.72,0.56,0.5857142857142857,1.0,0.0,53,89,0.7,0.65,0.35,14,9,0.8,0.7333333333333333,0.26666666666666666,4,6
2,0.64,0.73,212.59999999999994,457,100,186,0,76,False,-1,none,0.3,0.81,0.81,0.52,0.83,0.62,0.6142857142857143,1.0,0.0,50,101,0.65,0.6875,0.3125,9,16,0.8,0.5714285714285714,0.42857142857142855,4,6
2,0.69,0.82,218.0,448,94,157,0,82,False,-1,none,0.3,0.77,0.77,0.52,0.72,0.55,0.6857142857142857,1.0,0.0,43,95,0.7,0.8636363636363636,0.13636363636363635,5,9,0.7,0.75,0.25,3,2
2,0.68,0.76,212.20000000000002,454,97,187,0,75,False,-1,none,0.3,0.81,0.84,0.62,0.77,0.56,0.6857142857142857,1.0,0.0,59,99,0.6,0.5714285714285714,0.42857142857142855,14,11,0.8,0.7142857142857143,0.2857142857142857,1,3
2,0.69,0.85,234.0,445,85,174,0,81,False,-1,none,0.3,0.8,0.73,0.55,0.75,0.61,0.6714285714285714,1.0,0.0,54,95,0.65,0.7222222222222222,0.2777777777777778,3,11,0.9,0.7,0.3,4,7
2,0.58,0.68,182.39999999999995,462,104,165,0,78,False,-1,none,0.3,0.79,0.78,0.57,0.68,0.55,0.6285714285714286,1.0,0.0,47,97,0.5,0.8125,0.1875,7,9,0.4,0.5,0.5,3,2
2,0.6,0.75,197.99999999999997,455,90,147,0,83,False,-1,none,0.3,0.77,0.73,0.46,0.67,0.49,0.5571428571428572,1.0,0.0,44,82,0.7,0.7916666666666666,0.20833333333333334,5,11,0.7,0.9166666666666666,0.08333333333333333,1,4
2,0.66,0.76,203.2,454,99,157,0,83,False,-1,none,0.3,0.8,0.77,0.51,0.75,0.49,0.6428571428571429,1.0,0.0,47,89,0.7,0.6666666666666666,0.3333333333333333,10,9,0.7,0.9,0.1,0,2
2,0.67,0.78,209.39999999999998,452,85,175,0,77,False,-1,none,0.3,0.79,0.78,0.5,0.77,0.54,0.6857142857142857,1.0,0.0,56,92,0.65,0.8,0.2,6,12,0.6,0.6,0.4,5,4
2,0.71,0.84,227.59999999999997,446,99,175,0,82,False,-1,none,0.3,0.84,0.82,0.58,0.75,0.59,0.6428571428571429,1.0,0.0,53,92,0.9,0.6956521739130435,0.30434782608695654,9,16,0.8,0.8125,0.1875,0,5
2,0.7,0.77,219.19999999999993,453,94,169,0,75,False,-1,none,0.3,0.81,0.81,0.49,0.78,0.51,0.6285714285714286,1.0,0.0,45,87,0.9,0.7619047619047619,0.23809523809523808,14,17,0.8,0.5833333333333334,0.4166666666666667,2,4
2,0.7,0.83,223.60000000000002,447,98,188,0,61,False,-1,none,0.3,0.81,0.83,0.62,0.82,0.61,0.6857142857142857,1.0,0.0,52,104,0.7,0.8571428571428571,0.14285714285714285,5,16,0.8,0.5714285714285714,0.42857142857142855,5,6
2,0.69,0.9,241.20000000000007,440,66,162,0,72,False,-1,none,0.3,0.75,0.71,0.47,0.71,0.54,0.6428571428571429,1.0,0.0,48,85,0.75,0.8076923076923077,0.19230769230769232,6,15,0.9,0.631578947368421,0.3684210526315789,3,5
2,0.72,0.81,208.20000000000007,449,91,182,0,81,False,-1,none,0.3,0.84,0.8,0.57,0.83,0.5,0.7,1.0,0.0,60,95,0.75,0.85,0.15,8,15,0.8,0.8333333333333334,0.16666666666666666,2,2
2,0.68,0.82,203.0,448,113,161,0,89,False,-1,none,0.3,0.81,0.83,0.54,0.86,0.52,0.6714285714285714,1.0,0.0,38,97,0.6,0.8947368421052632,0.10526315789473684,4,15,0.9,0.8125,0.1875,3,4
2,0.74,0.92,237.88000000000002,438,106,173,0,79,True,1,Slow,0.3,0.86,0.84,0.55,0.85,0.61,0.6857142857142857,1.0,0.0,49,100,0.9,0.75,0.25,7,10,0.8,0.625,0.375,2,5
2,0.72,0.82,179.47999999999996,448,85,175,0,73,True,0,Slow,0.3,0.79,0.79,0.54,0.73,0.57,0.7285714285714285,1.0,0.0,62,94,0.7,0.8947368421052632,0.10526315789473684,4,11,0.7,0.8333333333333334,0.16666666666666666,2,2
2,0.67,0.82,221.0,448,106,164,0,73,False,-1,none,0.3,0.84,0.76,0.56,0.8,0.56,0.6142857142857143,1.0,0.0,42,96,0.75,0.7272727272727273,0.2727272727272727,9,9,0.9,0.7647058823529411,0.23529411764705882,5,3
2,0.66,0.79,223.0,451,101,165,0,75,False,-1,none,0.3,0.81,0.77,0.55,0.75,0.57,0.6285714285714286,1.0,0.0,46,91,0.7,0.7727272727272727,0.22727272727272727,10,12,0.8,0.46153846153846156,0.5384615384615384,3,3
2,0.71,0.86,226.80000000000007,444,91,160,0,83,False,-1,none,0.3,0.81,0.83,0.58,0.74,0.41,0.6571428571428571,1.0,0.0,53,74,0.85,0.88,0.12,6,19,0.8,0.7333333333333333,0.26666666666666666,3,5
2,0.65,0.78,205.20000000000005,452,90,176,0,66,False,-1,none,0.3,0.77,0.76,0.6,0.75,0.56,0.6428571428571429,1.0,0.0,55,94,0.7,0.7727272727272727,0.22727272727272727,5,15,0.6,0.6363636363636364,0.36363636363636365,3,4
2,0.7,0.83,233.39999999999998,447,104,169,0,74,False,-1,none,0.3,0.8,0.83,0.54,0.8,0.59,0.6428571428571429,1.0,0.0,42,97,0.8,0.8181818181818182,0.18181818181818182,9,12,0.9,0.6875,0.3125,3,6
2,0.71,0.85,238.8,445,86,186,0,73,False,-1,none,0.3,0.81,0.83,0.56,0.78,0.59,0.6571428571428571,1.0,0.0,54,101,0.85,0.92,0.08,4,18,0.8,0.5,0.5,6,3
2,0.72,0.85,234.52000000000004,445,83,182,0,70,True,4,Shigh,0.3,0.81,0.8,0.6,0.78,0.51,0.6857142857142857,1.0,0.0,58,91,0.8,0.6666666666666666,0.3333333333333333,13,14,0.8,0.6923076923076923,0.3076923076923077,1,5
2,0.67,0.83,204.71999999999997,447,99,160,0,73,True,0,Slow,0.3,0.8,0.78,0.55,0.74,0.55,0.6285714285714286,1.0,0.0,47,93,0.8,0.8214285714285714,0.17857142857142858,4,13,0.7,0.5454545454545454,0.45454545454545453,2,1
2,0.6,0.7,182.87999999999994,460,87,159,0,64,True,2,Slow,0.3,0.72,0.71,0.46,0.72,0.55,0.5571428571428572,1.0,0.0,42,90,0.7,0.8947368421052632,0.10526315789473684,4,13,0.7,0.6666666666666666,0.3333333333333333,4,6
2,0.68,0.86,218.60000000000005,444,108,182,0,74,False,-1,none,0.3,0.87,0.85,0.66,0.83,0.55,0.6285714285714286,1.0,0.0,52,97,0.9,0.875,0.125,6,21,0.6,0.8,0.2,2,4
2,0.69,0.81,222.2,449,95,170,0,79,False,-1,none,0.3,0.81,0.83,0.57,0.77,0.48,0.6857142857142857,1.0,0.0,60,87,0.65,0.8571428571428571,0.14285714285714285,7,11,0.8,0.5833333333333334,0.4166666666666667,2,3
2,0.73,0.86,222.40000000000003,444,85,179,0,80,False,-1,none,0.3,0.82,0.79,0.5,0.79,0.6,0.7142857142857143,1.0,0.0,52,97,0.8,0.8181818181818182,0.18181818181818182,8,16,0.7,0.7857142857142857,0.21428571428571427,1,5
2,0.65,0.73,194.0,457,86,185,0,66,False,-1,none,0.3,0.77,0.79,0.56,0.78,0.54,0.6428571428571429,1.0,0.0,58,98,0.75,0.7894736842105263,0.21052631578947367,9,16,0.5,0.6666666666666666,0.3333333333333333,1,3
2,0.7,0.86,228.40000000000006,444,93,171,0,80,False,-1,none,0.3,0.84,0.83,0.57,0.76,0.5,0.6714285714285714,1.0,0.0,51,86,0.8,0.7916666666666666,0.20833333333333334,10,16,0.7,0.8,0.2,3,5
2,0.77,0.92,232.80000000000007,438,95,174,0,64,False,-1,none,0.3,0.81,0.79,0.65,0.8,0.56,0.7571428571428571,1.0,0.0,54,101,0.85,0.7692307692307693,0.23076923076923078,7,11,0.7,0.8461538461538461,0.15384615384615385,0,1
2,0.65,0.73,191.00000000000006,457,115,150,0,72,False,-1,none,0.3,0.8,0.78,0.57,0.71,0.52,0.6428571428571429,1.0,0.0,41,91,0.65,0.7894736842105263,0.21052631578947367,4,10,0.7,0.5555555555555556,0.4444444444444444,2,2
2,0.62,0.75,207.97999999999996,455,98,151,0,71,True,3,Shigh,0.3,0.75,0.76,0.5,0.74,0.49,0.5571428571428572,1.0,0.0,44,85,0.7,0.65,0.35,7,9,0.9,0.5625,0.4375,1,5
2,0.61,0.74,204.79999999999998,456,97,157,0,72,False,-1,none,0.3,0.78,0.77,0.48,0.75,0.5,0.5428571428571428,1.0,0.0,44,83,0.8,0.92,0.08,4,18,0.7,0.5454545454545454,0.45454545454545453,7,1
2,0.69,0.8,205.60000000000005,450,110,172,0,88,False,-1,none,0.3,0.84,0.87,0.58,0.84,0.49,0.6428571428571429,1.0,0.0,54,93,0.75,0.9,0.1,3,14,0.9,0.7333333333333333,0.26666666666666666,3,5
2,0.76,0.86,240.39999999999998,444,67,185,0,92,False,-1,none,0.3,0.82,0.79,0.54,0.71,0.52,0.7857142857142857,1.0,0.0,61,91,0.75,0.65,0.35,13,15,0.6,0.7272727272727273,0.2727272727272727,3,2
2,0.68,0.77,212.6,453,96,169,0,78,False,-1,none,0.3,0.79,0.81,0.49,0.78,0.55,0.6714285714285714,1.0,0.0,52,88,0.7,0.6842105263157895,0.3157894736842105,9,15,0.7,0.5454545454545454,0.45454545454545453,2,3
2,0.67,0.77,200.88000000000005,453,107,163,0,78,True,3,Shigh,0.3,0.81,0.8,0.53,0.82,0.51,0.6285714285714286,0.9772727272727273,0.022727272727272728,48,95,0.75,0.7142857142857143,0.2857142857142857,7,11,0.8,0.6666666666666666,0.3333333333333333,0,2
2,0.67,0.81,212.68,449,101,171,0,72,True,0,Slow,0.3,0.8,0.81,0.55,0.78,0.59,0.6142857142857143,1.0,0.0,47,95,0.7,0.7777777777777778,0.2222222222222222,8,14,1.0,0.631578947368421,0.3684210526315789,2,5
2,0.61,0.72,201.2,458,97,159,0,62,False,-1,none,0.3,0.76,0.73,0.54,0.7,0.55,0.5428571428571428,1.0,0.0,49,81,0.7,0.7272727272727273,0.2727272727272727,10,11,0.9,0.5833333333333334,0.4166666666666667,3,5
2,0.67,0.78,195.8,452,107,177,0,63,False,-1,none,0.3,0.79,0.84,0.67,0.78,0.54,0.7,1.0,0.0,60,97,0.65,0.8571428571428571,0.14285714285714285,4,12,0.5,0.625,0.375,2,2
2,0.67,0.78,217.20000000000005,452,109,172,0,81,False,-1,none,0.3,0.84,0.87,0.57,0.73,0.58,0.6,1.0,0.0,47,88,0.85,0.6666666666666666,0.3333333333333333,20,11,0.8,0.6666666666666666,0.3333333333333333,3,3
2,0.65,0.76,186.12000000000003,454,118,157,0,79,True,3,Shigh,0.3,0.8,0.82,0.59,0.74,0.56,0.6285714285714286,1.0,0.0,46,96,0.65,0.8421052631578947,0.15789473684210525,0,12,0.8,0.6923076923076923,0.3076923076923077,1,2
2,0.7,0.86,221.2,444,102,166,0,81,False,-1,none,0.3,0.82,0.82,0.6,0.76,0.54,0.6571428571428571,1.0,0.0,49,95,0.8,0.9310344827586207,0.06896551724137931,4,13,0.8,0.6363636363636364,0.36363636363636365,1,4
3,0.63,0.74,169.0,456,112,163,0,76,True,1,Slow,0.3,0.79,0.8,0.53,0.76,0.61,0.5571428571428572,1.0,0.0,41,98,0.8,0.7619047619047619,0.23809523809523808,4,15,0.8,0.7142857142857143,0.2857142857142857,3,2
3,0.71,0.86,204.0,444,90,178,0,81,False,-1,none,0.3,0.84,0.81,0.57,0.79,0.53,0.6714285714285714,1.0,0.0,54,92,0.7,0.8181818181818182,0.18181818181818182,5,20,1.0,0.7647058823529411,0.23529411764705882,2,5
3,0.66,0.78,207.00000000000006,452,116,186,0,80,False,-1,none,0.3,0.88,0.83,0.61,0.81,0.67,0.6142857142857143,1.0,0.0,48,99,0.75,0.6842105263157895,0.3157894736842105,9,19,0.8,0.75,0.25,2,9
3,0.67,0.83,207.20000000000002,447,107,162,0,88,False,-1,none,0.3,0.82,0.83,0.55,0.76,0.56,0.6428571428571429,1.0,0.0,45,100,0.65,0.9047619047619048,0.09523809523809523,3,9,0.9,0.7647058823529411,0.23529411764705882,1,4
3,0.7,0.8,217.99999999999997,450,98,186,0,71,False,-1,none,0.3,0.87,0.83,0.54,0.81,0.59,0.6571428571428571,1.0,0.0,54,100,0.8,0.75,0.25,10,15,0.8,0.7142857142857143,0.2857142857142857,2,5
3,0.71,0.87,233.6,443,95,187,0,71,False,-1,none,0.3,0.85,0.85,0.63,0.77,0.59,0.7142857142857143,1.0,0.0,66,93,0.6,0.8571428571428571,0.14285714285714285,8,11,0.9,0.625,0.375,3,6
3,0.66,0.78,197.99999999999997,452,95,163,0,79,False,-1,none,0.3,0.76,0.78,0.51,0.75,0.56,0.7,1.0,0.0,50,98,0.6,0.9090909090909091,0.09090909090909091,2,11,0.5,0.5714285714285714,0.42857142857142855,0,2
3,0.6,0.72,190.39999999999998,458,95,162,0,66,False,-1,none,0.3,0.76,0.76,0.52,0.72,0.53,0.5714285714285714,1.0,0.0,48,87,0.7,0.8095238095238095,0.19047619047619047,8,14,0.6,0.7272727272727273,0.2727272727272727,2,3
3,0.73,0.83,212.8,447,102,178,0,87,False,-1,none,0.3,0.85,0.85,0.57,0.81,0.55,0.7,1.0,0.0,54,92,0.8,0.8095238095238095,0.19047619047619047,8,17,0.8,0.8461538461538461,0.15384615384615385,2,5
3,0.72,0.84,231.6,446,84,164,0,78,False,-1,none,0.3,0.78,0.78,0.48,0.73,0.55,0.6714285714285714,1.0,0.0,47,90,0.85,0.782608695652174,0.21739130434782608,7,14,0.8,0.6428571428571429,0.35714285714285715,4,2
3,0.67,0.82,209.8,448,97,164,0,67,False,-1,none,0.3,0.77,0.79,0.53,0.75,0.59,0.6142857142857143,1.0,0.0,46,89,0.85,0.9615384615384616,0.038461538461538464,1,20,0.7,0.5384615384615384,0.46153846153846156,4,4
3,0.73,0.88,222.56,442,82,166,0,94,True,1,Slow,0.3,0.83,0.82,0.46,0.74,0.51,0.7285714285714285,1.0,0.0,47,90,0.7,0.7727272727272727,0.22727272727272727,10,11,0.8,0.6,0.4,0,8
3,0.66,0.75,199.19999999999996,455,92,171,0,67,False,-1,none,0.3,0.78,0.78,0.53,0.75,0.54,0.6428571428571429,1.0,0.0,51,94,0.75,0.7142857142857143,0.2857142857142857,9,12,0.6,0.8888888888888888,0.1111111111111111,1,4
3,0.68,0.77,195.59999999999997,453,93,174,0,71,False,-1,none,0.3,0.8,0.81,0.59,0.73,0.51,0.6285714285714286,1.0,0.0,61,84,0.85,0.8636363636363636,0.13636363636363635,5,21,0.7,0.8181818181818182,0.18181818181818182,1,2
3,0.63,0.77,193.20000000000002,453,96,150,0,77,False,-1,none,0.3,0.73,0.78,0.53,0.71,0.48,0.5857142857142857,1.0,0.0,46,81,0.75,0.8695652173913043,0.13043478260869565,5,12,0.7,0.8461538461538461,0.15384615384615385,1,5
3,0.64,0.72,205.2,458,102,178,0,83,False,-1,none,0.3,0.84,0.8,0.48,0.85,0.55,0.6,1.0,0.0,48,98,0.7,0.6666666666666666,0.3333333333333333,14,15,0.8,0.6666666666666666,0.3333333333333333,0,3
3,0.65,0.74,195.99999999999994,456,101,182,0,58,False,-1,none,0.3,0.79,0.81,0.62,0.74,0.61,0.7,1.0,0.0,60,103,0.45,0.6923076923076923,0.3076923076923077,4,8,0.7,0.75,0.25,3,4
3,0.61,0.7,185.35999999999999,460,88,157,0,85,True,1,Slow,0.3,0.75,0.74,0.51,0.67,0.48,0.5714285714285714,1.0,0.0,45,83,0.65,0.75,0.25,8,12,0.8,0.5714285714285714,0.42857142857142855,5,4
3,0.62,0.73,171.60000000000002,457,99,159,0,69,False,-1,none,0.3,0.79,0.74,0.54,0.73,0.51,0.5857142857142857,1.0,0.0,45,87,0.8,0.9166666666666666,0.08333333333333333,6,20,0.5,0.875,0.125,0,1
3,0.64,0.75,211.2,455,103,169,0,73,False,-1,none,0.3,0.84,0.8,0.57,0.77,0.49,0.6,1.0,0.0,51,88,0.75,0.5789473684210527,0.42105263157894735,16,9,0.7,0.7142857142857143,0.2857142857142857,2,3
3,0.74,0.9,225.8,440,94,178,0,78,False,-1,none,0.3,0.85,0.85,0.62,0.8,0.5,0.7428571428571429,1.0,0.0,63,91,0.65,0.9,0.1,3,12,0.9,0.7222222222222222,0.2777777777777778,4,5
3,0.72,0.84,222.6,446,82,178,0,71,False,-1,none,0.3,0.74,0.8,0.57,0.73,0.6,0.7,1.0,0.0,56,93,0.8,0.7727272727272727,0.22727272727272727,11,15,0.7,0.7692307692307693,0.23076923076923078,1,2
3,0.74,0.86,245.99999999999994,444,101,181,0,77,True,4,Shigh,0.3,0.86,0.85,0.59,0.76,0.62,0.7285714285714285,1.0,0.0,52,98,0.75,0.65,0.35,10,16,0.8,0.5333333333333333,0.4666666666666667,1,4
3,0.69,0.8,219.8,450,87,185,0,63,False,-1,none,0.3,0.82,0.8,0.57,0.78,0.55,0.6857142857142857,1.0,0.0,61,97,0.75,0.7727272727272727,0.22727272727272727,5,16,0.6,0.5,0.5,3,3
3,0.68,0.78,212.00000000000003,452,112,163,0,82,False,-1,none,0.3,0.81,0.85,0.6,0.78,0.49,0.6428571428571429,1.0,0.0,47,86,0.75,0.7368421052631579,0.2631578947368421,10,16,0.8,0.7142857142857143,0.2857142857142857,1,3
3,0.67,0.77,199.2,453,95,177,0,71,True,2,Slow,0.3,0.8,0.8,0.54,0.8,0.55,0.6142857142857143,1.0,0.0,56,89,0.75,0.7894736842105263,0.21052631578947367,7,19,0.9,0.8,0.2,2,4
3,0.68,0.78,209.79999999999998,452,108,168,0,76,False,-1,none,0.3,0.83,0.8,0.55,0.74,0.62,0.6714285714285714,1.0,0.0,51,96,0.6,0.75,0.25,4,14,0.9,0.7333333333333333,0.26666666666666666,0,3
3,0.75,0.93,239.00000000000003,437,78,193,0,76,False,-1,none,0.3,0.82,0.84,0.6,0.79,0.59,0.7428571428571429,1.0,0.0,62,103,0.7,0.8636363636363636,0.13636363636363635,8,14,0.9,0.6842105263157895,0.3157894736842105,2,4
3,0.7,0.86,222.8,444,96,163,0,100,False,-1,none,0.3,0.81,0.89,0.41,0.79,0.55,0.6142857142857143,1.0,0.0,46,89,0.9,0.9310344827586207,0.06896551724137931,5,19,0.9,0.7142857142857143,0.2857142857142857,1,3
3,0.58,0.69,190.2,461,71,156,0,64,False,-1,none,0.3,0.66,0.68,0.5,0.62,0.5,0.5714285714285714,1.0,0.0,47,83,0.6,0.7058823529411765,0.29411764705882354,11,9,0.6,0.6666666666666666,0.3333333333333333,1,5
3,0.69,0.84,230.0,446,83,176,0,92,True,3,Shigh,0.3,0.82,0.81,0.48,0.76,0.56,0.6428571428571429,1.0,0.0,59,90,0.85,0.72,0.28,9,14,0.7,0.6428571428571429,0.35714285714285715,2,2
3,0.63,0.76,200.99999999999997,454,98,172,0,74,False,-1,none,0.3,0.81,0.8,0.54,0.77,0.54,0.6,1.0,0.0,49,96,0.7,0.8421052631578947,0.15789473684210525,7,16,0.7,0.7333333333333333,0.26666666666666666,3,1
3,0.71,0.88,227.8,442,101,163,0,68,False,-1,none,0.3,0.8,0.79,0.56,0.78,0.59,0.6571428571428571,1.0,0.0,43,96,0.75,0.8695652173913043,0.13043478260869565,6,15,1.0,0.7894736842105263,0.21052631578947367,0,3
3,0.71,0.82,221.6,448,94,179,0,80,False,-1,none,0.3,0.8,0.84,0.5,0.81,0.6,0.6857142857142857,1.0,0.0,54,101,0.75,0.8421052631578947,0.15789473684210525,4,14,0.8,0.6,0.4,1,5
3,0.75,0.87,242.0,443,94,182,0,77,False,-1,none,0.3,0.84,0.86,0.61,0.72,0.6,0.7,1.0,0.0,63,89,0.85,0.6956521739130435,0.30434782608695654,14,10,0.9,0.7333333333333333,0.26666666666666666,4,2
3,0.64,0.75,214.79999999999998,455,74,168,0,68,False,-1,none,0.3,0.73,0.72,0.53,0.71,0.48,0.5857142857142857,1.0,0.0,50,76,0.75,0.8,0.2,12,21,0.8,0.6428571428571429,0.35714285714285715,5,4
3,0.68,0.76,194.6,454,97,179,0,88,False,-1,none,0.3,0.84,0.84,0.61,0.79,0.44,0.7142857142857143,1.0,0.0,69,89,0.7,0.8888888888888888,0.1111111111111111,2,16,0.4,0.75,0.25,1,2
3,0.64,0.76,200.4,454,121,151,0,97,False,-1,none,0.3,0.81,0.88,0.49,0.79,0.51,0.6,1.0,0.0,42,89,0.8,0.6956521739130435,0.30434782608695654,8,11,0.6,0.8181818181818182,0.18181818181818182,0,1
3,0.66,0.8,215.60000000000002,450,85,145,0,90,False,-1,none,0.3,0.76,0.75,0.41,0.68,0.5,0.6,1.0,0.0,41,81,0.7,0.7619047619047619,0.23809523809523808,8,11,1.0,0.7647058823529411,0.23529411764705882,1,3
3,0.63,0.76,211.20000000000002,454,87,157,0,80,False,-1,none,0.3,0.78,0.74,0.48,0.72,0.48,0.5571428571428572,1.0,0.0,44,86,0.85,0.8260869565217391,0.17391304347826086,5,14,0.7,0.6428571428571429,0.35714285714285715,4,4
3,0.69,0.77,205.2,453,100,192,0,76,False,-1,none,0.3,0.85,0.86,0.57,0.8,0.61,0.6714285714285714,1.0,0.0,58,103,0.8,0.8095238095238095,0.19047619047619047,12,15,0.6,0.6666666666666666,0.3333333333333333,0,4
3,0.68,0.81,221.20000000000002,449,106,156,0,82,False,-1,none,0.3,0.83,0.81,0.54,0.73,0.52,0.6142857142857143,1.0,0.0,42,89,0.8,0.8571428571428571,0.14285714285714285,4,13,0.9,0.5882352941176471,0.4117647058823529,5,3
3,0.76,0.92,233.64000000000004,438,86,200,0,72,True,0,Slow,0.3,0.85,0.85,0.58,0.84,0.66,0.7142857142857143,1.0,0.0,57,103,0.8,0.8181818181818182,0.18181818181818182,5,22,1.0,0.65,0.35,5,8
3,0.73,0.91,237.60000000000005,439,80,184,0,75,False,-1,none,0.3,0.82,0.83,0.56,0.78,0.56,0.6571428571428571,1.0,0.0,59,87,0.85,0.88,0.12,7,21,1.0,0.8,0.2,2,8
3,0.72,0.83,215.00000000000009,447,85,193,0,84,False,-1,none,0.3,0.87,0.85,0.52,0.78,0.59,0.7285714285714285,1.0,0.0,61,102,0.65,0.7894736842105263,0.21052631578947367,10,13,0.8,0.6153846153846154,0.38461538461538464,2,5
3,0.68,0.82,213.5,448,76,163,0,74,True,4,Shigh,0.3,0.75,0.75,0.49,0.72,0.5,0.6571428571428571,1.0,0.0,48,90,0.8,0.7692307692307693,0.23076923076923078,10,12,0.6,0.6,0.4,2,1
3,0.72,0.81,227.8,449,96,168,0,75,False,-1,none,0.3,0.77,0.81,0.55,0.78,0.54,0.6857142857142857,1.0,0.0,50,91,0.75,0.7894736842105263,0.21052631578947367,8,11,0.9,0.42857142857142855,0.5714285714285714,2,6
3,0.64,0.71,187.00000000000003,459,96,161,0,82,False,-1,none,0.3,0.77,0.76,0.53,0.71,0.51,0.6,1.0,0.0,47,89,0.75,0.7777777777777778,0.2222222222222222,6,16,0.7,0.7272727272727273,0.2727272727272727,0,3
3,0.73,0.8,217.8,450,92,171,0,82,False,-1,none,0.3,0.79,0.8,0.61,0.71,0.52,0.7571428571428571,1.0,0.0,55,91,0.7,0.7058823529411765,0.29411764705882354,10,10,0.6,0.8,0.2,0,5
3,0.73,0.85,229.4,445,98,191,0,71,False,-1,none,0.3,0.87,0.87,0.63,0.75,0.62,0.7285714285714285,1.0,0.0,62,97,0.7,0.7368421052631579,0.2631578947368421,8,17,0.8,0.8,0.2,4,3
3,0.72,0.81,213.4,449,91,194,0,74,False,-1,none,0.3,0.82,0.81,0.61,0.8,0.62,0.7142857142857143,1.0,0.0,68,99,0.7,0.8333333333333334,0.16666666666666666,6,16,0.8,0.7692307692307693,0.23076923076923078,2,3
3,0.68,0.8,199.60000000000002,450,92,172,0,71,False,-1,none,0.3,0.82,0.78,0.54,0.72,0.58,0.6285714285714286,1.0,0.0,54,92,0.8,0.8695652173913043,0.13043478260869565,6,15,0.8,0.8461538461538461,0.15384615384615385,0,5
3,0.72,0.88,226.80000000000007,442,99,169,0,74,False,-1,none,0.3,0.83,0.84,0.55,0.78,0.56,0.6714285714285714,1.0,0.0,49,96,0.75,0.8333333333333334,0.16666666666666666,5,13,1.0,0.7058823529411765,0.29411764705882354,3,3
3,0.63,0.74,193.8,456,115,162,0,79,False,-1,none,0.3,0.79,0.82,0.47,0.85,0.58,0.5714285714285714,1.0,0.0,39,104,0.8,0.8333333333333334,0.16666666666666666,6,12,0.7,0.7,0.3,1,0
3,0.8,0.97,265.20000000000005,433,86,195,0,77,False,-1,none,0.3,0.87,0.86,0.52,0.86,0.67,0.7285714285714285,1.0,0.0,50,101,1.0,0.7692307692307693,0.23076923076923078,12,18,0.9,0.7,0.3,6,8
3,0.67,0.79,224.0,451,93,187,0,66,False,-1,none,0.3,0.81,0.84,0.54,0.78,0.62,0.6285714285714286,1.0,0.0,57,103,0.8,0.8333333333333334,0.16666666666666666,4,21,0.7,0.5454545454545454,0.45454545454545453,1,1
3,0.68,0.77,211.79999999999998,453,87,173,0,83,False,-1,none,0.3,0.77,0.8,0.53,0.75,0.52,0.6428571428571429,1.0,0.0,47,92,0.8,0.7727272727272727,0.22727272727272727,12,17,0.7,0.8,0.2,3,2
3,0.69,0.82,214.32000000000002,448,97,171,0,80,True,1,Slow,0.3,0.84,0.82,0.5,0.76,0.58,0.6857142857142857,1.0,0.0,47,97,0.65,0.5882352941176471,0.4117647058823529,10,11,0.8,0.6470588235294118,0.35294117647058826,3,3
3,0.7,0.81,206.60000000000005,449,106,182,0,76,False,-1,none,0.3,0.87,0.85,0.6,0.79,0.58,0.6857142857142857,1.0,0.0,53,98,0.8,0.9523809523809523,0.047619047619047616,2,24,0.6,0.6666666666666666,0.3333333333333333,3,2
3,0.64,0.8,195.23999999999995,450,76,175,0,69,True,0,Slow,0.3,0.77,0.77,0.48,0.69,0.6,0.6,1.0,0.0,58,93,0.7,0.8636363636363636,0.13636363636363635,4,11,0.8,0.6875,0.3125,2,7
3,0.64,0.81,206.8,449,87,169,0,78,False,-1,none,0.3,0.8,0.81,0.51,0.7,0.55,0.5571428571428572,1.0,0.0,48,81,0.85,0.8846153846153846,0.11538461538461539,9,20,0.8,0.9375,0.0625,3,8
3,0.7,0.79,224.0,451,91,181,0,79,False,-1,none,0.3,0.82,0.81,0.53,0.77,0.58,0.6714285714285714,1.0,0.0,58,91,0.75,0.5,0.5,12,16,0.8,0.7857142857142857,0.21428571428571427,0,4
3,0.73,0.85,232.40000000000003,445,89,189,0,72,False,-1,none,0.3,0.85,0.81,0.62,0.78,0.57,0.7,1.0,0.0,59,95,0.75,0.9166666666666666,0.08333333333333333,6,20,0.9,0.4166666666666667,0.5833333333333334,6,3
3,0.69,0.8,195.2,450,96,191,0,68,False,-1,none,0.3,0.84,0.82,0.66,0.77,0.58,0.6857142857142857,1.0,0.0,65,105,0.7,0.9523809523809523,0.047619047619047616,2,14,0.7,0.8181818181818182,0.18181818181818182,0,5
3,0.63,0.73,181.74000000000004,457,88,164,0,65,True,2,Slow,0.3,0.73,0.75,0.55,0.69,0.53,0.6142857142857143,1.0,0.0,58,89,0.6,0.6875,0.3125,9,7,0.8,0.6428571428571429,0.35714285714285715,0,1
3,0.69,0.78,210.40000000000003,452,91,184,0,82,False,-1,none,0.3,0.84,0.85,0.55,0.77,0.52,0.6428571428571429,1.0,0.0,63,90,0.7,0.9375,0.0625,2,19,1.0,0.7058823529411765,0.29411764705882354,7,3
4,0.69,0.82,212.0,448,108,163,0,82,False,-1,none,0.3,0.83,0.83,0.51,0.76,0.6,0.6428571428571429,1.0,0.0,42,94,0.75,0.75,0.25,7,15,0.9,0.5882352941176471,0.4117647058823529,1,4
4,0.68,0.8,203.00000000000006,450,102,169,0,74,False,-1,none,0.3,0.82,0.82,0.54,0.78,0.55,0.6428571428571429,1.0,0.0,49,97,0.75,0.75,0.25,9,11,0.8,0.7333333333333333,0.26666666666666666,3,0
4,0.6,0.72,183.6,458,76,160,0,77,False,-1,none,0.3,0.73,0.73,0.4,0.71,0.51,0.5571428571428572,1.0,0.0,42,89,0.8,0.84,0.16,9,17,0.5,0.625,0.375,2,1
4,0.72,0.85,227.99999999999997,445,101,194,0,70,False,-1,none,0.3,0.86,0.83,0.64,0.82,0.65,0.7,1.0,0.0,53,106,0.8,0.7272727272727273,0.2727272727272727,13,16,0.7,0.5714285714285714,0.42857142857142855,3,3
4,0.71,0.88,214.80000000000004,442,81,177,0,79,False,-1,none,0.3,0.8,0.82,0.58,0.77,0.49,0.6571428571428571,1.0,0.0,61,87,0.75,0.8846153846153846,0.11538461538461539,7,15,1.0,0.8125,0.1875,3,4
4,0.76,0.92,217.44,438,90,182,0,86,True,0,Slow,0.3,0.84,0.86,0.55,0.79,0.6,0.6714285714285714,1.0,0.0,53,93,1.0,0.7692307692307693,0.23076923076923078,16,17,0.9,0.7368421052631579,0.2631578947368421,2,1
4,0.71,0.88,218.40000000000003,442,96,161,0,80,False,-1,none,0.3,0.8,0.8,0.56,0.74,0.55,0.6428571428571429,1.0,0.0,49,87,0.8,0.8846153846153846,0.11538461538461539,6,16,1.0,0.8235294117647058,0.17647058823529413,1,2
4,0.64,0.77,207.59999999999997,453,95,174,0,74,False,-1,none,0.3,0.8,0.81,0.53,0.77,0.55,0.6142857142857143,1.0,0.0,46,93,0.7,0.8260869565217391,0.17391304347826086,10,17,0.7,0.5454545454545454,0.45454545454545453,5,3
4,0.68,0.8,225.59999999999997,450,90,200,0,80,False,-1,none,0.3,0.83,0.85,0.58,0.84,0.6,0.6285714285714286,1.0,0.0,63,99,0.85,0.75,0.25,14,14,0.7,0.5833333333333334,0.4166666666666667,5,5
4,0.65,0.76,207.19999999999996,454,100,179,0,75,False,-1,none,0.3,0.81,0.83,0.57,0.8,0.54,0.6,1.0,0.0,60,98,0.75,0.7222222222222222,0.2777777777777778,9,10,0.8,0.75,0.25,0,2
4,0.74,0.9,212.00000000000003,440,106,176,0,88,True,1,Slow,0.3,0.88,0.85,0.58,0.79,0.62,0.7,1.0,0.0,50,102,0.85,0.8461538461538461,0.15384615384615385,6,16,0.8,0.8,0.2,1,1
4,0.66,0.77,209.59999999999997,453,102,161,0,80,False,-1,none,0.3,0.82,0.77,0.52,0.7,0.59,0.6,1.0,0.0,43,91,0.8,0.75,0.25,13,10,0.8,0.7333333333333333,0.26666666666666666,1,3
4,0.71,0.88,237.19999999999996,442,90,179,0,68,False,-1,none,0.3,0.76,0.79,0.59,0.82,0.61,0.6857142857142857,1.0,0.0,50,102,0.75,0.88,0.12,4,15,0.8,0.5333333333333333,0.4666666666666667,6,2
4,0.68,0.84,224.99999999999997,446,93,178,0,70,True,4,Shigh,0.3,0.85,0.83,0.6,0.72,0.55,0.6428571428571429,1.0,0.0,71,85,0.75,0.88,0.12,5,11,0.8,0.5714285714285714,0.42857142857142855,2,4
4,0.66,0.78,210.4,452,96,172,0,74,False,-1,none,0.3,0.79,0.8,0.56,0.73,0.58,0.6142857142857143,1.0,0.0,56,88,0.8,0.7619047619047619,0.23809523809523808,7,13,0.7,0.7857142857142857,0.21428571428571427,2,6
4,0.74,0.87,214.71999999999997,443,91,175,0,82,True,1,Slow,0.3,0.82,0.84,0.6,0.74,0.53,0.7142857142857143,1.0,0.0,59,89,0.7,0.6842105263157895,0.3157894736842105,13,10,1.0,0.7777777777777778,0.2222222222222222,1,3
4,0.71,0.88,231.6,442,77,171,0,74,False,-1,none,0.3,0.79,0.79,0.51,0.78,0.49,0.6285714285714286,1.0,0.0,54,88,0.9,0.9230769230769231,0.07692307692307693,3,19,0.9,0.7222222222222222,0.2777777777777778,4,3
4,0.67,0.83,222.0,447,106,167,0,74,False,-1,none,0.3,0.81,0.84,0.6,0.78,0.53,0.6285714285714286,1.0,0.0,50,91,0.65,0.8888888888888888,0.1111111111111111,7,12,1.0,0.7142857142857143,0.2857142857142857,1,6
4,0.72,0.83,208.00000000000003,447,92,194,0,71,False,-1,none,0.3,0.83,0.83,0.6,0.84,0.59,0.7571428571428571,1.0,0.0,70,103,0.65,0.7222222222222222,0.2777777777777778,7,10,0.6,0.8333333333333334,0.16666666666666666,1,3
4,0.69,0.76,203.79999999999998,454,81,189,0,79,False,-1,none,0.3,0.79,0.81,0.51,0.79,0.56,0.6714285714285714,1.0,0.0,61,98,0.8,0.7368421052631579,0.2631578947368421,11,16,0.6,0.7,0.3,1,2
4,0.62,0.72,216.39999999999995,458,95,155,0,78,False,-1,none,0.3,0.74,0.76,0.48,0.73,0.51,0.5857142857142857,1.0,0.0,44,86,0.7,0.5625,0.4375,6,13,0.7,0.6,0.4,3,3
4,0.78,0.95,219.12000000000003,435,92,193,0,65,True,1,Slow,0.3,0.87,0.87,0.65,0.78,0.63,0.7571428571428571,1.0,0.0,65,101,0.8,0.9565217391304348,0.043478260869565216,2,18,0.9,0.6842105263157895,0.3157894736842105,3,4
4,0.69,0.81,211.8,449,104,171,0,69,False,-1,none,0.3,0.84,0.82,0.62,0.7,0.58,0.6714285714285714,1.0,0.0,59,90,0.65,0.7647058823529411,0.23529411764705882,6,13,0.9,0.7647058823529411,0.23529411764705882,0,3
4,0.7,0.87,228.0,443,95,187,0,66,False,-1,none,0.3,0.83,0.81,0.62,0.84,0.59,0.6714285714285714,1.0,0.0,60,101,0.7,0.9047619047619048,0.09523809523809523,6,14,0.9,0.7368421052631579,0.2631578947368421,3,3
4,0.67,0.75,203.4,455,94,193,0,73,False,-1,none,0.3,0.81,0.82,0.59,0.82,0.58,0.6571428571428571,1.0,0.0,63,98,0.65,0.6428571428571429,0.35714285714285715,8,14,0.8,0.6666666666666666,0.3333333333333333,4,6
4,0.7,0.81,193.63999999999996,449,87,163,0,79,True,2,Slow,0.3,0.76,0.79,0.57,0.73,0.46,0.7571428571428571,1.0,0.0,58,87,0.65,0.8421052631578947,0.15789473684210525,7,7,0.4,0.6666666666666666,0.3333333333333333,2,2
4,0.65,0.77,200.79999999999998,453,84,177,0,77,False,-1,none,0.3,0.76,0.78,0.55,0.76,0.53,0.5857142857142857,1.0,0.0,55,89,0.8,0.7916666666666666,0.20833333333333334,11,18,0.8,0.75,0.25,2,2
4,0.64,0.79,229.0,451,79,179,0,73,False,-1,none,0.3,0.77,0.8,0.58,0.72,0.5,0.6,1.0,0.0,58,89,0.75,0.7391304347826086,0.2608695652173913,16,10,0.7,0.5,0.5,4,2
4,0.67,0.75,187.59999999999997,455,82,164,0,89,False,-1,none,0.3,0.76,0.75,0.49,0.69,0.52,0.7,1.0,0.0,57,88,0.7,0.8235294117647058,0.17647058823529413,2,15,0.4,0.8888888888888888,0.1111111111111111,1,1
4,0.68,0.78,182.39999999999998,452,99,175,0,78,True,0,Slow,0.3,0.8,0.82,0.52,0.78,0.6,0.6285714285714286,1.0,0.0,55,100,0.8,0.7894736842105263,0.21052631578947367,5,11,0.8,0.8,0.2,1,3
4,0.67,0.81,220.42000000000002,449,94,169,0,76,True,4,Shigh,0.3,0.79,0.81,0.51,0.73,0.6,0.6428571428571429,1.0,0.0,50,95,0.7,0.65,0.35,7,11,0.8,0.5,0.5,3,3
4,0.66,0.77,218.39999999999998,453,84,170,0,84,False,-1,none,0.3,0.77,0.81,0.47,0.72,0.54,0.6,1.0,0.0,50,88,0.9,0.8,0.2,11,18,0.6,0.5,0.5,1,2
4,0.72,0.82,241.79999999999995,448,86,181,0,76,False,-1,none,0.3,0.8,0.81,0.58,0.75,0.55,0.6857142857142857,1.0,0.0,56,89,0.75,0.6666666666666666,0.3333333333333333,15,14,0.9,0.625,0.375,1,6
4,0.58,0.72,197.8,458,108,160,0,80,False,-1,none,0.3,0.8,0.79,0.55,0.72,0.54,0.4857142857142857,1.0,0.0,40,90,0.75,0.8095238095238095,0.19047619047619047,11,12,0.9,0.7058823529411765,0.29411764705882354,2,5
4,0.66,0.8,218.4,450,89,189,0,62,False,-1,none,0.3,0.82,0.8,0.61,0.78,0.57,0.6571428571428571,1.0,0.0,58,100,0.6,0.8333333333333334,0.16666666666666666,8,18,0.8,0.6875,0.3125,2,3
4,0.65,0.8,191.8,450,82,158,0,80,True,0,Slow,0.3,0.74,0.75,0.52,0.71,0.48,0.6285714285714286,1.0,0.0,49,88,0.65,0.8421052631578947,0.15789473684210525,5,11,0.8,0.8235294117647058,0.17647058823529413,0,5
4,0.72,0.84,218.79999999999998,446,84,181,0,76,False,-1,none,0.3,0.8,0.79,0.61,0.74,0.55,0.7142857142857143,1.0,0.0,69,94,0.8,0.9,0.1,2,10,0.6,0.6428571428571429,0.35714285714285715,4,2
4,0.66,0.79,203.60000000000005,451,107,176,0,73,False,-1,none,0.3,0.85,0.85,0.61,0.79,0.52,0.6,1.0,0.0,58,94,0.85,0.88,0.12,8,12,0.7,0.5833333333333334,0.4166666666666667,1,3
4,0.65,0.76,214.39999999999995,454,97,196,0,71,False,-1,none,0.3,0.85,0.85,0.55,0.83,0.61,0.5714285714285714,1.0,0.0,58,101,0.75,0.7222222222222222,0.2777777777777778,12,19,1.0,0.7222222222222222,0.2777777777777778,1,5
4,0.72,0.84,210.2,446,103,180,0,73,False,-1,none,0.3,0.86,0.84,0.57,0.78,0.62,0.6714285714285714,1.0,0.0,53,99,0.8,1.0,0.0,1,21,0.9,0.8235294117647058,0.17647058823529413,1,5
4,0.7,0.85,233.39999999999995,445,102,181,0,67,False,-1,none,0.3,0.83,0.83,0.61,0.84,0.57,0.6285714285714286,1.0,0.0,59,93,0.85,0.75,0.25,11,15,0.9,0.7058823529411765,0.29411764705882354,1,2
4,0.69,0.83,224.79999999999995,447,93,175,0,84,False,-1,none,0.3,0.81,0.85,0.54,0.76,0.55,0.6,1.0,0.0,51,89,0.85,0.92,0.08,7,16,1.0,0.625,0.375,5,7
4,0.68,0.86,229.94,444,75,173,0,66,True,3,Shigh,0.3,0.76,0.71,0.58,0.75,0.54,0.6285714285714286,1.0,0.0,55,88,0.9,0.7307692307692307,0.2692307692307692,13,15,0.6,0.75,0.25,0,2
4,0.71,0.8,204.79999999999995,450,99,181,0,80,True,2,Slow,0.3,0.85,0.85,0.58,0.75,0.57,0.7142857142857143,1.0,0.0,58,97,0.7,0.5625,0.4375,13,8,0.7,0.7857142857142857,0.21428571428571427,2,3
4,0.76,0.95,249.60000000000002,435,90,189,0,86,False,-1,none,0.3,0.85,0.88,0.58,0.83,0.6,0.7285714285714285,1.0,0.0,56,103,0.75,0.9130434782608695,0.08695652173913043,3,20,1.0,0.6666666666666666,0.3333333333333333,3,4
4,0.66,0.79,205.60000000000002,451,89,172,0,90,False,-1,none,0.3,0.79,0.79,0.56,0.74,0.52,0.6142857142857143,1.0,0.0,47,89,0.8,0.84,0.16,11,18,0.7,0.7272727272727273,0.2727272727272727,5,2
4,0.63,0.77,198.79999999999998,453,81,185,0,67,False,-1,none,0.3,0.81,0.8,0.53,0.77,0.52,0.6428571428571429,1.0,0.0,64,97,0.6,0.9444444444444444,0.05555555555555555,4,15,0.6,0.6428571428571429,0.35714285714285715,1,4
4,0.66,0.79,213.44,451,111,149,0,66,True,4,Shigh,0.3,0.75,0.81,0.51,0.72,0.6,0.6142857142857143,0.9767441860465116,0.023255813953488372,39,87,0.75,0.6363636363636364,0.36363636363636365,9,11,0.8,0.7142857142857143,0.2857142857142857,1,2
4,0.64,0.76,209.6,454,90,171,0,88,False,-1,none,0.3,0.8,0.81,0.54,0.7,0.52,0.6285714285714286,1.0,0.0,61,85,0.65,0.7368421052631579,0.2631578947368421,8,13,0.7,0.6923076923076923,0.3076923076923077,1,3
4,0.72,0.9,233.40000000000006,440,67,189,0,89,False,-1,none,0.3,0.8,0.84,0.55,0.79,0.48,0.7285714285714285,1.0,0.0,61,93,0.7,1.0,0.0,2,23,0.7,0.6666666666666666,0.3333333333333333,6,4
4,0.65,0.8,205.60000000000002,450,93,177,0,65,False,-1,none,0.3,0.79,0.82,0.52,0.75,0.62,0.6571428571428571,1.0,0.0,55,98,0.6,0.8333333333333334,0.16666666666666666,2,16,0.7,0.6875,0.3125,2,4
4,0.68,0.85,237.00000000000003,445,86,180,0,64,False,-1,none,0.3,0.78,0.8,0.58,0.76,0.59,0.6571428571428571,1.0,0.0,58,92,0.7,0.75,0.25,6,16,0.8,0.5333333333333333,0.4666666666666667,4,4
4,0.68,0.85,211.48000000000002,445,93,151,0,91,True,3,Shigh,0.3,0.79,0.8,0.52,0.73,0.45,0.6571428571428571,1.0,0.0,48,82,0.75,0.9230769230769231,0.07692307692307693,2,13,0.7,0.6923076923076923,0.3076923076923077,1,5
4,0.63,0.78,197.40000000000003,452,94,180,0,83,False,-1,none,0.3,0.82,0.84,0.48,0.77,0.61,0.6285714285714286,1.0,0.0,60,102,0.65,0.8888888888888888,0.1111111111111111,5,8,0.6,0.75,0.25,2,3
4,0.66,0.82,217.40000000000003,448,63,161,0,84,False,-1,none,0.3,0.74,0.73,0.45,0.67,0.47,0.6142857142857143,1.0,0.0,52,74,0.7,0.7894736842105263,0.21052631578947367,10,16,0.9,0.75,0.25,2,7
4,0.68,0.74,194.0,456,109,176,0,71,False,-1,none,0.3,0.85,0.81,0.54,0.79,0.6,0.6571428571428571,1.0,0.0,55,95,0.8,0.8,0.2,8,18,0.6,0.75,0.25,0,0
4,0.65,0.76,192.64000000000001,454,95,169,0,75,True,0,Slow,0.3,0.8,0.79,0.55,0.69,0.57,0.6142857142857143,1.0,0.0,54,89,0.65,0.6470588235294118,0.35294117647058826,10,12,0.9,0.6875,0.3125,2,2
4,0.76,0.92,235.80000000000007,438,85,185,0,73,False,-1,none,0.3,0.85,0.84,0.59,0.79,0.55,0.7142857142857143,1.0,0.0,56,96,0.8,1.0,0.0,2,22,1.0,0.7,0.3,6,3
4,0.7,0.84,213.40000000000003,446,76,162,0,73,False,-1,none,0.3,0.74,0.74,0.52,0.69,0.53,0.6428571428571429,1.0,0.0,52,81,0.9,0.9629629629629629,0.037037037037037035,3,21,0.7,0.5833333333333334,0.4166666666666667,2,3
4,0.64,0.73,177.00000000000006,457,94,187,0,61,False,-1,none,0.3,0.81,0.76,0.58,0.79,0.6,0.6571428571428571,1.0,0.0,61,105,0.6,0.8235294117647058,0.17647058823529413,6,12,0.6,0.9,0.1,0,3
4,0.63,0.78,211.48000000000002,452,94,155,0,83,True,4,Shigh,0.3,0.8,0.78,0.49,0.69,0.51,0.5857142857142857,1.0,0.0,48,83,0.65,0.631578947368421,0.3684210526315789,12,9,0.9,0.7222222222222222,0.2777777777777778,1,2
4,0.69,0.79,201.00000000000006,451,96,187,0,68,False,-1,none,0.3,0.85,0.83,0.56,0.8,0.58,0.6714285714285714,1.0,0.0,53,102,0.65,0.75,0.25,10,14,0.9,0.8125,0.1875,3,5
4,0.7,0.84,210.11999999999998,446,86,185,0,80,True,1,Slow,0.3,0.82,0.84,0.56,0.78,0.55,0.6857142857142857,1.0,0.0,58,97,0.65,0.7777777777777778,0.2222222222222222,8,14,0.9,0.6666666666666666,0.3333333333333333,4,4
4,0.57,0.67,171.00000000000003,463,73,157,0,63,False,-1,none,0.3,0.7,0.68,0.44,0.68,0.47,0.5142857142857142,1.0,0.0,47,82,0.75,0.9545454545454546,0.045454545454545456,3,24,0.6,0.7777777777777778,0.2222222222222222,0,1
4,0.71,0.86,225.0,444,89,164,0,76,False,-1,none,0.3,0.8,0.8,0.58,0.73,0.48,0.6857142857142857,1.0,0.0,52,79,0.85,0.76,0.24,10,19,0.6,0.8461538461538461,0.15384615384615385,1,3
4,0.65,0.79,198.14000000000004,451,95,170,0,71,True,4,Shigh,0.3,0.81,0.8,0.47,0.77,0.59,0.6285714285714286,1.0,0.0,56,97,0.7,0.85,0.15,7,6,0.7,0.6666666666666666,0.3333333333333333,0,4
5,0.71,0.85,217.4,445,113,173,0,84,True,4,Shigh,0.3,0.81,0.86,0.62,0.83,0.59,0.6428571428571429,1.0,0.0,47,102,0.8,0.7083333333333334,0.2916666666666667,6,10,1.0,0.5,0.5,6,2
5,0.72,0.88,223.60000000000002,442,117,166,0,74,True,4,Shigh,0.3,0.86,0.87,0.6,0.78,0.6,0.6714285714285714,1.0,0.0,43,93,0.8,0.7083333333333334,0.2916666666666667,14,11,0.9,0.7058823529411765,0.29411764705882354,3,2
5,0.62,0.74,174.24000000000004,456,119,159,0,73,True,3,Shigh,0.3,0.79,0.78,0.54,0.8,0.61,0.5857142857142857,1.0,0.0,43,98,0.65,0.9,0.1,3,12,0.8,0.7692307692307693,0.23076923076923078,1,2
5,0.67,0.8,198.00000000000003,450,97,162,0,91,False,-1,none,0.3,0.79,0.83,0.47,0.76,0.54,0.6285714285714286,1.0,0.0,42,95,0.75,0.9,0.1,3,13,0.8,0.75,0.25,4,5
5,0.63,0.72,188.39999999999998,458,110,167,0,76,False,-1,none,0.3,0.81,0.8,0.59,0.76,0.53,0.6,1.0,0.0,53,92,0.7,0.7894736842105263,0.21052631578947367,1,12,0.7,0.5454545454545454,0.45454545454545453,5,4
5,0.66,0.81,218.99999999999994,449,94,158,0,72,True,3,Shigh,0.3,0.77,0.81,0.52,0.72,0.51,0.6428571428571429,1.0,0.0,47,85,0.6,0.6111111111111112,0.3888888888888889,10,10,0.9,0.6666666666666666,0.3333333333333333,2,4
5,0.72,0.87,218.4,443,111,170,0,87,False,-1,none,0.3,0.88,0.9,0.57,0.78,0.55,0.6714285714285714,1.0,0.0,52,91,0.8,0.9615384615384616,0.038461538461538464,2,19,0.9,0.7142857142857143,0.2857142857142857,4,2
5,0.75,0.93,247.20000000000005,437,93,173,0,81,False,-1,none,0.3,0.85,0.79,0.59,0.79,0.57,0.7285714285714285,1.0,0.0,55,89,0.75,0.782608695652174,0.21739130434782608,7,14,0.9,0.6842105263157895,0.3157894736842105,6,2
5,0.69,0.8,210.4,450,77,184,0,79,False,-1,none,0.3,0.8,0.81,0.49,0.79,0.52,0.7285714285714285,1.0,0.0,66,97,0.6,0.8125,0.1875,6,10,0.6,0.6923076923076923,0.3076923076923077,1,4
5,0.61,0.72,194.79999999999995,458,90,167,0,56,False,-1,none,0.3,0.72,0.75,0.54,0.74,0.54,0.5857142857142857,1.0,0.0,55,87,0.7,0.7619047619047619,0.23809523809523808,5,17,0.6,0.7,0.3,0,3
5,0.7,0.81,196.95999999999998,449,110,175,0,59,True,0,Slow,0.3,0.83,0.8,0.56,0.8,0.67,0.6571428571428571,1.0,0.0,48,102,0.9,0.7916666666666666,0.20833333333333334,7,14,0.6,0.6363636363636364,0.36363636363636365,0,4
5,0.57,0.73,175.76000000000002,457,90,150,0,67,True,0,Slow,0.3,0.73,0.73,0.51,0.68,0.48,0.5285714285714286,1.0,0.0,46,81,0.6,0.8,0.2,7,11,0.8,0.75,0.25,1,4
5,0.63,0.77,216.8,453,70,141,0,72,False,-1,none,0.3,0.67,0.71,0.42,0.68,0.4,0.6,1.0,0.0,44,73,0.65,0.6666666666666666,0.3333333333333333,7,10,0.8,0.6470588235294118,0.35294117647058826,4,3
5,0.68,0.83,220.8,447,94,165,0,83,False,-1,none,0.3,0.8,0.81,0.55,0.74,0.52,0.6285714285714286,1.0,0.0,48,86,0.85,0.84,0.16,7,18,0.7,0.7142857142857143,0.2857142857142857,3,3
5,0.69,0.82,221.60000000000002,448,89,189,0,70,False,-1,none,0.3,0.79,0.8,0.6,0.79,0.62,0.6428571428571429,1.0,0.0,57,99,0.85,0.7391304347826086,0.2608695652173913,9,17,0.7,0.7142857142857143,0.2857142857142857,1,6
5,0.7,0.81,209.2,449,86,179,0,74,False,-1,none,0.3,0.82,0.84,0.57,0.74,0.49,0.6857142857142857,1.0,0.0,64,88,0.7,0.8,0.2,6,17,0.8,0.8461538461538461,0.15384615384615385,1,3
5,0.64,0.78,206.39999999999995,452,81,170,0,66,False,-1,none,0.3,0.76,0.72,0.51,0.7,0.6,0.6142857142857143,1.0,0.0,49,95,0.75,0.7142857142857143,0.2857142857142857,8,13,0.6,0.7857142857142857,0.21428571428571427,1,4
5,0.66,0.8,214.0,450,108,168,0,79,False,-1,none,0.3,0.84,0.81,0.5,0.73,0.68,0.6285714285714286,1.0,0.0,46,99,0.75,0.7619047619047619,0.23809523809523808,8,12,0.7,0.7333333333333333,0.26666666666666666,2,1
5,0.68,0.82,235.99999999999997,448,72,171,0,80,False,-1,none,0.3,0.75,0.75,0.55,0.69,0.51,0.6571428571428571,1.0,0.0,54,80,0.65,0.6842105263157895,0.3157894736842105,13,15,0.9,0.5882352941176471,0.4117647058823529,2,7
5,0.73,0.8,207.79999999999998,450,92,190,0,88,False,-1,none,0.3,0.84,0.82,0.54,0.77,0.65,0.6857142857142857,1.0,0.0,55,104,0.95,0.8695652173913043,0.13043478260869565,6,21,0.6,0.6666666666666666,0.3333333333333333,2,2
5,0.62,0.72,189.59999999999997,458,100,172,0,81,False,-1,none,0.3,0.75,0.8,0.58,0.78,0.53,0.5857142857142857,1.0,0.0,55,94,0.65,0.8235294117647058,0.17647058823529413,8,11,0.8,0.7857142857142857,0.21428571428571427,0,4
5,0.72,0.82,217.0,448,96,182,0,80,False,-1,none,0.3,0.85,0.83,0.56,0.78,0.58,0.6857142857142857,1.0,0.0,59,97,0.8,0.8,0.2,8,13,0.8,0.7142857142857143,0.2857142857142857,1,4
5,0.78,0.91,237.20000000000005,439,116,178,0,90,False,-1,none,0.3,0.93,0.92,0.61,0.85,0.54,0.7285714285714285,1.0,0.0,55,92,0.9,0.92,0.08,4,18,0.9,0.6666666666666666,0.3333333333333333,7,2
5,0.71,0.85,234.2,445,88,190,0,87,False,-1,none,0.3,0.88,0.86,0.55,0.78,0.56,0.7,1.0,0.0,64,93,0.65,0.6842105263157895,0.3157894736842105,14,13,0.9,0.7058823529411765,0.29411764705882354,1,5
5,0.65,0.75,184.39999999999998,455,88,169,0,68,False,-1,none,0.3,0.75,0.78,0.57,0.68,0.54,0.6571428571428571,1.0,0.0,56,86,0.65,0.8888888888888888,0.1111111111111111,5,19,0.6,0.9090909090909091,0.09090909090909091,0,3
5,0.66,0.78,213.39999999999998,452,98,159,0,85,False,-1,none,0.3,0.77,0.8,0.54,0.71,0.53,0.5857142857142857,1.0,0.0,53,80,0.9,0.7391304347826086,0.2608695652173913,7,15,0.7,0.7142857142857143,0.2857142857142857,1,3
5,0.74,0.85,203.80000000000004,445,78,169,0,83,False,-1,none,0.3,0.83,0.76,0.44,0.8,0.49,0.7428571428571429,1.0,0.0,50,97,0.75,1.0,0.0,2,15,0.7,0.9090909090909091,0.09090909090909091,0,5
5,0.75,0.87,229.2,443,92,175,0,81,False,-1,none,0.3,0.83,0.8,0.56,0.79,0.56,0.7428571428571429,1.0,0.0,55,95,0.75,0.8,0.2,8,12,0.8,0.6666666666666666,0.3333333333333333,1,4
5,0.62,0.71,194.79999999999995,459,98,158,0,78,False,-1,none,0.3,0.78,0.77,0.49,0.74,0.49,0.6285714285714286,1.0,0.0,49,89,0.55,0.6428571428571429,0.35714285714285715,7,12,0.7,0.7692307692307693,0.23076923076923078,0,1
5,0.67,0.82,209.99999999999994,448,111,176,0,81,True,1,Slow,0.3,0.86,0.86,0.54,0.85,0.58,0.6428571428571429,1.0,0.0,50,101,0.75,0.782608695652174,0.21739130434782608,4,13,0.7,0.6428571428571429,0.35714285714285715,3,5
5,0.63,0.78,195.80000000000007,452,107,154,0,76,False,-1,none,0.3,0.79,0.79,0.52,0.74,0.55,0.6142857142857143,1.0,0.0,39,90,0.65,0.9545454545454546,0.045454545454545456,3,18,0.7,0.7692307692307693,0.23076923076923078,1,3
5,0.68,0.84,235.5,446,100,165,0,96,True,4,Shigh,0.3,0.82,0.87,0.47,0.77,0.56,0.6142857142857143,1.0,0.0,49,92,0.8,0.6363636363636364,0.36363636363636365,9,14,0.9,0.6842105263157895,0.3157894736842105,0,1
5,0.63,0.77,189.00000000000009,453,91,151,0,71,False,-1,none,0.3,0.77,0.76,0.42,0.68,0.56,0.6,1.0,0.0,43,86,0.65,0.9473684210526315,0.05263157894736842,3,16,0.8,0.75,0.25,2,1
5,0.66,0.78,211.19999999999996,452,98,167,0,72,False,-1,none,0.3,0.8,0.77,0.54,0.77,0.55,0.5714285714285714,1.0,0.0,42,87,0.9,0.7619047619047619,0.23809523809523808,13,19,0.8,0.7647058823529411,0.23529411764705882,2,4
5,0.63,0.74,174.80000000000004,456,108,151,0,82,False,-1,none,0.3,0.79,0.82,0.49,0.74,0.49,0.6,1.0,0.0,42,89,0.65,0.8421052631578947,0.15789473684210525,5,12,0.8,1.0,0.0,0,3
5,0.67,0.83,214.2,447,102,171,0,79,False,-1,none,0.3,0.83,0.82,0.6,0.73,0.58,0.6571428571428571,1.0,0.0,57,94,0.65,0.9473684210526315,0.05263157894736842,2,11,0.8,0.7222222222222222,0.2777777777777778,4,3
5,0.67,0.8,228.99999999999997,450,85,181,0,69,False,-1,none,0.3,0.81,0.78,0.53,0.76,0.58,0.6571428571428571,1.0,0.0,55,92,0.65,0.5882352941176471,0.4117647058823529,12,13,0.8,0.6470588235294118,0.35294117647058826,4,5
5,0.75,0.86,223.4,444,87,193,0,79,False,-1,none,0.3,0.85,0.86,0.57,0.78,0.6,0.7285714285714285,1.0,0.0,67,100,0.75,0.9047619047619048,0.09523809523809523,4,17,0.9,0.7142857142857143,0.2857142857142857,2,3
5,0.74,0.91,234.80000000000004,439,96,185,0,78,False,-1,none,0.3,0.88,0.88,0.6,0.79,0.57,0.7142857142857143,1.0,0.0,56,101,0.8,0.8333333333333334,0.16666666666666666,11,15,0.8,0.8235294117647058,0.17647058823529413,1,1
5,0.72,0.88,226.20000000000005,442,81,175,0,71,False,-1,none,0.3,0.77,0.79,0.57,0.72,0.59,0.6857142857142857,1.0,0.0,56,90,0.7,0.8636363636363636,0.13636363636363635,4,17,1.0,0.7222222222222222,0.2777777777777778,4,4
5,0.68,0.82,217.79999999999998,448,95,169,0,74,False,-1,none,0.3,0.8,0.75,0.6,0.78,0.53,0.6142857142857143,1.0,0.0,54,88,0.85,0.7272727272727273,0.2727272727272727,11,13,0.8,0.8823529411764706,0.11764705882352941,0,3
5,0.65,0.76,185.80000000000004,454,97,153,0,84,False,-1,none,0.3,0.8,0.73,0.54,0.75,0.44,0.6571428571428571,1.0,0.0,53,85,0.6,0.9444444444444444,0.05555555555555555,2,11,0.7,0.75,0.25,1,1
5,0.65,0.77,206.19999999999996,453,91,166,0,71,False,-1,none,0.3,0.73,0.78,0.56,0.71,0.56,0.6,1.0,0.0,42,93,0.85,0.8846153846153846,0.11538461538461539,10,18,0.6,0.4444444444444444,0.5555555555555556,2,1
5,0.71,0.83,241.8,447,77,167,0,73,False,-1,none,0.3,0.78,0.77,0.5,0.75,0.47,0.6571428571428571,1.0,0.0,50,75,0.9,0.76,0.24,11,23,0.7,0.5,0.5,6,2
5,0.67,0.81,216.6,449,90,161,0,88,False,-1,none,0.3,0.81,0.77,0.49,0.78,0.47,0.6428571428571429,1.0,0.0,49,87,0.6,0.9444444444444444,0.05555555555555555,0,15,1.0,0.6666666666666666,0.3333333333333333,4,6
5,0.72,0.85,225.20000000000002,445,94,176,0,85,False,-1,none,0.3,0.85,0.83,0.55,0.78,0.54,0.7,1.0,0.0,58,95,0.7,0.85,0.15,3,13,0.9,0.75,0.25,2,5
5,0.64,0.77,196.6,453,106,172,0,80,False,-1,none,0.3,0.83,0.82,0.53,0.8,0.57,0.6,1.0,0.0,51,98,0.75,0.8636363636363636,0.13636363636363635,6,13,0.7,0.6923076923076923,0.3076923076923077,1,3
5,0.66,0.82,215.11999999999995,448,100,178,0,70,True,0,Slow,0.3,0.82,0.83,0.58,0.79,0.58,0.5571428571428572,1.0,0.0,56,90,0.9,0.7407407407407407,0.25925925925925924,13,14,0.9,0.5625,0.4375,2,3
5,0.66,0.79,193.40000000000003,451,77,162,0,77,False,-1,none,0.3,0.75,0.76,0.52,0.7,0.45,0.6857142857142857,1.0,0.0,58,82,0.6,1.0,0.0,2,18,0.6,0.6666666666666666,0.3333333333333333,2,0
5,0.7,0.81,215.40000000000006,449,91,173,0,80,False,-1,none,0.3,0.77,0.83,0.48,0.81,0.56,0.6428571428571429,1.0,0.0,52,92,0.85,0.7083333333333334,0.2916666666666667,10,13,0.8,0.5833333333333334,0.4166666666666667,2,4
5,0.63,0.78,207.79999999999998,452,93,171,0,68,False,-1,none,0.3,0.8,0.79,0.53,0.69,0.61,0.6,1.0,0.0,53,91,0.65,0.8421052631578947,0.15789473684210525,8,13,0.8,0.7647058823529411,0.23529411764705882,3,3
5,0.63,0.78,210.39999999999998,452,120,165,0,77,False,-1,none,0.3,0.83,0.86,0.55,0.81,0.58,0.5428571428571428,1.0,0.0,47,94,0.75,0.9090909090909091,0.09090909090909091,2,15,1.0,0.6666666666666666,0.3333333333333333,0,7
5,0.6,0.75,184.6,455,114,147,0,79,False,-1,none,0.3,0.81,0.7,0.56,0.75,0.54,0.5428571428571428,1.0,0.0,33,90,0.75,0.9583333333333334,0.041666666666666664,2,16,0.7,0.8461538461538461,0.15384615384615385,1,5
5,0.61,0.71,191.4,459,98,170,0,71,False,-1,none,0.3,0.79,0.77,0.52,0.75,0.56,0.5571428571428572,1.0,0.0,46,90,0.8,0.7727272727272727,0.22727272727272727,8,20,0.6,0.7,0.3,0,6
5,0.69,0.79,222.0,451,92,172,0,97,False,-1,none,0.3,0.83,0.84,0.5,0.77,0.49,0.6714285714285714,1.0,0.0,54,86,0.6,0.7333333333333333,0.26666666666666666,9,13,1.0,0.6470588235294118,0.35294117647058826,5,5
5,0.69,0.8,200.59999999999997,450,101,188,0,76,False,-1,none,0.3,0.87,0.82,0.59,0.81,0.6,0.6714285714285714,1.0,0.0,55,107,0.75,0.9565217391304348,0.043478260869565216,2,20,0.7,0.8,0.2,2,2
5,0.77,0.88,243.20000000000005,442,104,192,0,76,False,-1,none,0.3,0.88,0.89,0.63,0.85,0.59,0.7142857142857143,1.0,0.0,58,98,0.9,0.6521739130434783,0.34782608695652173,18,12,0.9,0.6,0.4,2,4
5,0.63,0.75,201.4,455,97,147,0,76,False,-1,none,0.3,0.75,0.7,0.52,0.71,0.51,0.6,1.0,0.0,34,84,0.6,0.8947368421052632,0.10526315789473684,4,13,0.9,0.7142857142857143,0.2857142857142857,8,4
5,0.67,0.86,226.20000000000007,444,110,161,0,73,False,-1,none,0.3,0.81,0.81,0.57,0.77,0.61,0.6,1.0,0.0,33,93,0.8,0.96,0.04,4,21,0.9,0.6842105263157895,0.3157894736842105,4,6
5,0.66,0.76,216.39999999999998,454,88,169,0,82,False,-1,none,0.3,0.77,0.78,0.51,0.75,0.52,0.6142857142857143,1.0,0.0,48,90,0.85,0.782608695652174,0.21739130434782608,8,20,0.6,0.6,0.4,1,2
5,0.69,0.82,217.79999999999998,448,99,177,0,67,False,-1,none,0.3,0.81,0.82,0.62,0.75,0.58,0.6285714285714286,1.0,0.0,52,89,0.9,0.9259259259259259,0.07407407407407407,6,23,0.7,0.7272727272727273,0.2727272727272727,4,3
5,0.62,0.76,200.6,454,99,156,0,74,False,-1,none,0.3,0.74,0.8,0.53,0.73,0.51,0.5857142857142857,1.0,0.0,40,95,0.6,0.8888888888888888,0.1111111111111111,7,9,0.9,0.7647058823529411,0.23529411764705882,3,2
5,0.63,0.74,199.0,456,117,159,0,85,False,-1,none,0.3,0.85,0.83,0.52,0.73,0.57,0.5571428571428572,1.0,0.0,47,89,0.8,0.7619047619047619,0.23809523809523808,10,9,0.8,0.7857142857142857,0.21428571428571427,1,3
5,0.67,0.79,209.4,451,92,179,0,70,False,-1,none,0.3,0.82,0.8,0.53,0.77,0.58,0.6428571428571429,1.0,0.0,48,94,0.7,0.7777777777777778,0.2222222222222222,10,14,0.8,0.75,0.25,4,9
5,0.66,0.78,206.0,452,99,165,0,78,False,-1,none,0.3,0.78,0.82,0.52,0.73,0.57,0.6428571428571429,1.0,0.0,52,90,0.65,0.9444444444444444,0.05555555555555555,5,13,0.8,0.6666666666666666,0.3333333333333333,1,4
5,0.66,0.78,192.70000000000002,452,112,152,0,68,True,4,Shigh,0.3,0.79,0.78,0.62,0.69,0.54,0.6571428571428571,1.0,0.0,49,83,0.65,0.7222222222222222,0.2777777777777778,10,10,0.7,0.8571428571428571,0.14285714285714285,0,0
6,0.61,0.72,150.59999999999997,458,131,150,0,77,True,1,Slow,0.3,0.83,0.83,0.54,0.78,0.55,0.5285714285714286,1.0,0.0,35,91,0.8,0.8636363636363636,0.13636363636363635,3,18,0.8,0.7692307692307693,0.23076923076923078,0,3
6,0.67,0.85,219.40000000000003,445,100,167,0,73,False,-1,none,0.3,0.82,0.83,0.58,0.78,0.51,0.5714285714285714,1.0,0.0,52,84,0.85,0.84,0.16,3,19,1.0,0.65,0.35,6,3
6,0.73,0.86,207.40000000000003,444,87,180,0,82,False,-1,none,0.3,0.79,0.82,0.57,0.78,0.57,0.6857142857142857,1.0,0.0,54,95,0.85,0.875,0.125,7,17,0.8,0.7142857142857143,0.2857142857142857,2,5
6,0.71,0.89,208.84000000000003,441,74,171,0,76,True,0,Slow,0.3,0.8,0.76,0.49,0.76,0.53,0.7,1.0,0.0,53,92,0.7,0.8181818181818182,0.18181818181818182,7,15,0.8,0.6875,0.3125,1,3
6,0.64,0.84,214.88,446,100,176,0,75,True,0,Slow,0.3,0.82,0.8,0.52,0.83,0.63,0.5428571428571428,1.0,0.0,43,100,0.85,0.8148148148148148,0.18518518518518517,5,19,0.9,0.6111111111111112,0.3888888888888889,4,5
6,0.71,0.84,224.32,446,84,191,0,71,True,0,Slow,0.3,0.82,0.82,0.64,0.81,0.5,0.6571428571428571,1.0,0.0,57,91,0.8,0.6363636363636364,0.36363636363636365,19,15,0.9,0.5333333333333333,0.4666666666666667,5,4
6,0.69,0.79,204.2,451,76,177,0,73,False,-1,none,0.3,0.77,0.77,0.52,0.71,0.55,0.7,1.0,0.0,58,92,0.65,0.7222222222222222,0.2777777777777778,10,13,0.7,0.75,0.25,0,4
6,0.74,0.88,235.40000000000006,442,78,174,0,85,False,-1,none,0.3,0.82,0.79,0.53,0.78,0.48,0.6714285714285714,1.0,0.0,55,90,0.95,0.8461538461538461,0.15384615384615385,7,17,0.8,0.7333333333333333,0.26666666666666666,3,2
6,0.61,0.75,196.99999999999997,455,92,184,0,64,False,-1,none,0.3,0.79,0.8,0.62,0.81,0.49,0.6,1.0,0.0,62,91,0.55,0.8421052631578947,0.15789473684210525,7,16,0.8,0.7857142857142857,0.21428571428571427,5,3
6,0.63,0.8,213.6,450,93,157,0,70,False,-1,none,0.3,0.76,0.77,0.53,0.71,0.53,0.5857142857142857,1.0,0.0,43,89,0.8,0.9285714285714286,0.07142857142857142,6,13,0.6,0.6363636363636364,0.36363636363636365,2,4
6,0.63,0.77,196.60000000000002,453,88,165,0,75,False,-1,none,0.3,0.77,0.79,0.53,0.74,0.47,0.6,1.0,0.0,55,85,0.7,0.8636363636363636,0.13636363636363635,7,14,0.7,0.7692307692307693,0.23076923076923078,1,3
6,0.68,0.84,225.59999999999997,446,94,162,0,75,False,-1,none,0.3,0.8,0.82,0.56,0.7,0.52,0.6,1.0,0.0,46,82,0.85,0.8846153846153846,0.11538461538461539,8,18,0.9,0.6875,0.3125,2,6
6,0.59,0.7,186.19999999999996,460,89,171,0,65,False,-1,none,0.3,0.76,0.76,0.48,0.72,0.58,0.5714285714285714,1.0,0.0,53,93,0.6,0.8333333333333334,0.16666666666666666,5,15,0.7,0.75,0.25,1,4
6,0.62,0.73,191.39999999999998,457,98,169,0,80,False,-1,none,0.3,0.81,0.82,0.46,0.77,0.54,0.6285714285714286,1.0,0.0,52,94,0.55,0.8888888888888888,0.1111111111111111,7,12,0.7,0.6363636363636364,0.36363636363636365,3,1
6,0.71,0.86,228.8,444,93,179,0,82,False,-1,none,0.3,0.82,0.83,0.6,0.77,0.56,0.6285714285714286,1.0,0.0,58,89,0.85,0.84,0.16,7,17,1.0,0.6470588235294118,0.35294117647058826,4,4
6,0.66,0.77,197.99999999999997,453,89,161,0,73,False,-1,none,0.3,0.79,0.77,0.53,0.68,0.5,0.6571428571428571,1.0,0.0,56,84,0.65,0.8947368421052632,0.10526315789473684,2,15,0.7,0.6666666666666666,0.3333333333333333,3,1
6,0.65,0.74,202.59999999999997,456,84,173,0,74,False,-1,none,0.3,0.77,0.76,0.56,0.7,0.52,0.6,1.0,0.0,52,88,0.75,0.7894736842105263,0.21052631578947367,10,14,0.8,0.6923076923076923,0.3076923076923077,5,4
6,0.75,0.88,225.59999999999997,442,83,187,0,82,False,-1,none,0.3,0.82,0.84,0.57,0.82,0.53,0.7142857142857143,1.0,0.0,62,97,0.75,1.0,0.0,0,20,1.0,0.7777777777777778,0.2222222222222222,2,6
6,0.63,0.72,182.4,458,82,166,0,75,False,-1,none,0.3,0.73,0.72,0.49,0.77,0.49,0.6285714285714286,1.0,0.0,51,91,0.65,0.8947368421052632,0.10526315789473684,6,12,0.6,0.6666666666666666,0.3333333333333333,3,3
6,0.73,0.92,260.4,438,79,176,0,63,False,-1,none,0.3,0.79,0.78,0.57,0.78,0.55,0.6571428571428571,1.0,0.0,49,90,0.9,0.75,0.25,13,16,0.9,0.6666666666666666,0.3333333333333333,4,4
6,0.73,0.86,208.72000000000003,444,98,183,0,78,True,0,Slow,0.3,0.84,0.84,0.61,0.78,0.6,0.7142857142857143,1.0,0.0,58,101,0.75,0.8695652173913043,0.13043478260869565,5,15,0.8,0.6923076923076923,0.3076923076923077,2,2
6,0.61,0.78,216.59999999999997,452,94,176,0,67,False,-1,none,0.3,0.78,0.76,0.62,0.78,0.54,0.5142857142857142,1.0,0.0,46,90,0.85,0.84,0.16,10,20,0.8,0.7058823529411765,0.29411764705882354,5,5
6,0.69,0.85,213.36,445,87,167,0,66,True,0,Slow,0.3,0.78,0.8,0.52,0.76,0.53,0.6714285714285714,1.0,0.0,53,84,0.7,0.8636363636363636,0.13636363636363635,7,14,0.8,0.5333333333333333,0.4666666666666667,3,6
6,0.68,0.82,235.2,448,79,185,0,79,False,-1,none,0.3,0.79,0.8,0.49,0.78,0.6,0.6428571428571429,1.0,0.0,55,99,0.7,0.7058823529411765,0.29411764705882354,8,15,0.9,0.7,0.3,4,4
6,0.76,0.87,234.80000000000004,443,90,189,0,89,False,-1,none,0.3,0.84,0.84,0.59,0.84,0.55,0.7,1.0,0.0,56,98,0.9,0.8695652173913043,0.13043478260869565,8,16,0.9,0.6666666666666666,0.3333333333333333,6,5
6,0.69,0.83,232.00000000000003,447,99,180,0,83,False,-1,none,0.3,0.86,0.81,0.57,0.82,0.56,0.6285714285714286,1.0,0.0,51,90,0.8,0.8333333333333334,0.16666666666666666,9,21,0.9,0.6666666666666666,0.3333333333333333,3,6
6,0.69,0.84,212.12,446,96,172,0,73,True,4,Shigh,0.3,0.8,0.8,0.6,0.77,0.55,0.6142857142857143,1.0,0.0,52,91,0.95,0.8666666666666667,0.13333333333333333,12,13,0.7,0.7272727272727273,0.2727272727272727,2,2
6,0.68,0.85,236.6,445,84,187,0,74,False,-1,none,0.3,0.84,0.79,0.57,0.78,0.58,0.5857142857142857,1.0,0.0,61,90,0.85,0.8461538461538461,0.15384615384615385,11,16,1.0,0.5555555555555556,0.4444444444444444,3,6
6,0.7,0.78,198.99999999999997,452,78,174,0,80,False,-1,none,0.3,0.76,0.77,0.53,0.75,0.49,0.7,1.0,0.0,65,90,0.65,0.7333333333333333,0.26666666666666666,6,8,0.8,0.9285714285714286,0.07142857142857142,1,4
6,0.78,0.95,261.20000000000005,435,92,192,0,81,False,-1,none,0.3,0.89,0.85,0.6,0.88,0.57,0.7428571428571429,1.0,0.0,63,97,0.85,0.5909090909090909,0.4090909090909091,16,12,0.9,0.7619047619047619,0.23809523809523808,0,4
6,0.64,0.78,219.59999999999994,452,87,157,0,93,True,3,Shigh,0.3,0.79,0.76,0.48,0.7,0.49,0.5857142857142857,1.0,0.0,53,84,0.65,0.6111111111111112,0.3888888888888889,9,7,1.0,0.6842105263157895,0.3157894736842105,1,3
6,0.66,0.81,222.00000000000003,449,96,183,0,75,False,-1,none,0.3,0.8,0.83,0.58,0.77,0.62,0.6285714285714286,1.0,0.0,49,100,0.75,0.6521739130434783,0.34782608695652173,15,14,0.7,0.9285714285714286,0.07142857142857142,1,4
6,0.66,0.79,221.79999999999998,451,84,170,0,82,False,-1,none,0.3,0.83,0.73,0.51,0.74,0.52,0.6285714285714286,1.0,0.0,54,86,0.7,0.7,0.3,8,17,0.8,0.6666666666666666,0.3333333333333333,3,2
6,0.73,0.91,239.0,439,78,196,0,70,True,4,Shigh,0.3,0.82,0.83,0.53,0.81,0.66,0.6857142857142857,1.0,0.0,59,105,0.8,0.76,0.24,6,18,0.9,0.6666666666666666,0.3333333333333333,4,4
6,0.74,0.89,231.20000000000002,441,103,176,0,77,False,-1,none,0.3,0.86,0.87,0.55,0.81,0.59,0.7285714285714285,1.0,0.0,50,101,0.75,0.8333333333333334,0.16666666666666666,4,16,0.8,0.6428571428571429,0.35714285714285715,2,3
6,0.66,0.76,207.59999999999997,454,87,183,0,64,False,-1,none,0.3,0.79,0.8,0.58,0.72,0.57,0.6428571428571429,1.0,0.0,57,91,0.7,0.7222222222222222,0.2777777777777778,11,20,0.7,0.7692307692307693,0.23076923076923078,0,4
6,0.59,0.73,185.51999999999995,457,81,157,0,79,True,4,Shigh,0.3,0.77,0.74,0.48,0.69,0.43,0.5857142857142857,1.0,0.0,50,84,0.65,0.8181818181818182,0.18181818181818182,5,12,0.5,0.8,0.2,2,4
6,0.75,0.95,239.88000000000002,435,85,193,0,87,True,2,Slow,0.3,0.86,0.87,0.55,0.81,0.64,0.7,1.0,0.0,61,96,0.85,0.8461538461538461,0.15384615384615385,10,17,0.9,0.75,0.25,2,7
6,0.57,0.62,157.8,468,90,167,0,76,False,-1,none,0.3,0.73,0.78,0.43,0.7,0.55,0.5714285714285714,1.0,0.0,54,98,0.55,0.8666666666666667,0.13333333333333333,4,10,0.6,0.5714285714285714,0.42857142857142855,0,1
6,0.7,0.81,218.39999999999998,449,80,195,0,79,False,-1,none,0.3,0.82,0.79,0.53,0.82,0.6,0.6714285714285714,1.0,0.0,58,102,0.85,0.75,0.25,10,22,0.6,0.7,0.3,1,2
6,0.7,0.81,197.20000000000005,449,99,177,0,78,False,-1,none,0.3,0.85,0.81,0.55,0.8,0.56,0.7,1.0,0.0,61,95,0.75,0.9523809523809523,0.047619047619047616,3,15,0.6,0.8181818181818182,0.18181818181818182,1,2
6,0.63,0.75,202.39999999999998,455,96,158,0,81,False,-1,none,0.3,0.78,0.78,0.48,0.73,0.52,0.5428571428571428,1.0,0.0,39,85,0.8,0.7142857142857143,0.2857142857142857,14,13,0.9,0.75,0.25,4,3
6,0.73,0.84,217.20000000000007,446,91,184,0,81,False,-1,none,0.3,0.84,0.84,0.58,0.81,0.52,0.7142857142857143,1.0,0.0,63,89,0.75,0.85,0.15,6,16,0.8,0.7857142857142857,0.21428571428571427,3,7
6,0.72,0.85,223.80000000000007,445,98,162,0,95,False,-1,none,0.3,0.81,0.83,0.51,0.76,0.54,0.7142857142857143,1.0,0.0,42,94,0.75,0.7142857142857143,0.2857142857142857,9,9,0.7,0.7142857142857143,0.2857142857142857,4,4
6,0.67,0.78,207.8,452,79,170,0,58,False,-1,none,0.3,0.75,0.73,0.57,0.72,0.5,0.6714285714285714,1.0,0.0,55,90,0.75,0.8636363636363636,0.13636363636363635,4,16,0.5,0.5555555555555556,0.4444444444444444,4,1
6,0.63,0.78,203.08000000000004,452,93,162,0,77,True,4,Shigh,0.3,0.77,0.8,0.55,0.67,0.54,0.6,1.0,0.0,44,88,0.7,0.7391304347826086,0.2608695652173913,11,12,0.7,0.6923076923076923,0.3076923076923077,5,2
6,0.64,0.73,204.2,457,108,154,0,75,False,-1,none,0.3,0.79,0.77,0.55,0.75,0.49,0.6,1.0,0.0,46,86,0.65,0.7058823529411765,0.29411764705882354,3,9,0.9,0.6428571428571429,0.35714285714285715,5,5
6,0.66,0.76,202.42,454,107,184,0,73,True,2,Slow,0.3,0.82,0.84,0.55,0.79,0.67,0.6285714285714286,1.0,0.0,48,107,0.7,0.7894736842105263,0.21052631578947367,8,16,0.8,0.6923076923076923,0.3076923076923077,2,3
6,0.72,0.87,241.4,443,74,177,0,87,False,-1,none,0.3,0.75,0.83,0.48,0.76,0.56,0.6857142857142857,1.0,0.0,54,91,0.75,0.7916666666666666,0.20833333333333334,10,18,0.9,0.6666666666666666,0.3333333333333333,2,2
6,0.68,0.82,185.24000000000004,448,91,173,0,79,True,1,Slow,0.3,0.79,0.83,0.53,0.75,0.56,0.6714285714285714,1.0,0.0,50,94,0.65,0.9523809523809523,0.047619047619047616,2,16,0.8,0.7142857142857143,0.2857142857142857,3,8
6,0.63,0.75,211.2,455,91,166,0,68,False,-1,none,0.3,0.79,0.75,0.55,0.7,0.53,0.5571428571428572,1.0,0.0,48,79,0.85,0.8181818181818182,0.18181818181818182,6,20,0.7,0.5714285714285714,0.42857142857142855,9,4
6,0.71,0.9,230.98000000000005,440,95,173,0,77,True,3,Shigh,0.3,0.85,0.84,0.58,0.74,0.57,0.6428571428571429,1.0,0.0,53,93,0.85,0.8148148148148148,0.18518518518518517,7,14,0.9,0.7222222222222222,0.2777777777777778,2,4
6,0.69,0.87,203.04000000000005,443,83,192,0,63,True,0,Slow,0.3,0.81,0.81,0.54,0.76,0.7,0.6428571428571429,1.0,0.0,60,100,0.8,0.84,0.16,8,17,0.8,0.7058823529411765,0.29411764705882354,1,6
6,0.71,0.81,219.60000000000002,449,88,182,0,89,False,-1,none,0.3,0.77,0.83,0.59,0.8,0.52,0.7142857142857143,1.0,0.0,59,98,0.75,0.7619047619047619,0.23809523809523808,9,14,0.6,0.7,0.3,0,2
6,0.75,0.84,215.4,446,90,189,0,72,False,-1,none,0.3,0.82,0.82,0.62,0.75,0.62,0.7571428571428571,1.0,0.0,64,102,0.75,0.8095238095238095,0.19047619047619047,6,14,0.7,0.9,0.1,1,2
6,0.71,0.85,227.60000000000005,445,83,185,0,72,False,-1,none,0.3,0.83,0.82,0.57,0.78,0.53,0.6571428571428571,1.0,0.0,57,89,0.9,0.8148148148148148,0.18518518518518517,9,22,0.7,0.6666666666666666,0.3333333333333333,4,4
6,0.65,0.74,186.79999999999998,456,83,182,0,71,False,-1,none,0.3,0.79,0.76,0.56,0.77,0.51,0.6714285714285714,1.0,0.0,60,96,0.65,1.0,0.0,0,20,0.5,0.2,0.8,4,2
6,0.72,0.86,229.60000000000002,444,92,188,0,74,False,-1,none,0.3,0.81,0.83,0.63,0.8,0.59,0.6857142857142857,1.0,0.0,56,99,0.8,0.7727272727272727,0.22727272727272727,14,13,0.8,0.75,0.25,2,4
6,0.72,0.86,226.0,444,104,171,0,79,False,-1,none,0.3,0.88,0.84,0.68,0.79,0.42,0.6857142857142857,1.0,0.0,58,82,0.8,0.8571428571428571,0.14285714285714285,3,18,0.8,0.7058823529411765,0.29411764705882354,5,5
6,0.65,0.77,197.40000000000003,453,98,179,0,66,False,-1,none,0.3,0.82,0.81,0.58,0.8,0.53,0.6285714285714286,1.0,0.0,51,99,0.65,0.8333333333333334,0.16666666666666666,7,15,0.8,0.8,0.2,2,5
6,0.71,0.82,223.59999999999997,448,80,170,0,83,False,-1,none,0.3,0.77,0.76,0.52,0.74,0.53,0.6714285714285714,1.0,0.0,49,86,0.9,0.7916666666666666,0.20833333333333334,13,18,0.6,0.7272727272727273,0.2727272727272727,0,4
6,0.62,0.68,189.40000000000003,462,83,160,0,74,False,-1,none,0.3,0.73,0.73,0.48,0.69,0.48,0.5714285714285714,1.0,0.0,47,85,0.7,0.7777777777777778,0.2222222222222222,9,11,0.8,0.5,0.5,4,4
6,0.66,0.77,200.6,453,87,182,0,84,False,-1,none,0.3,0.8,0.84,0.53,0.81,0.48,0.6285714285714286,1.0,0.0,59,99,0.65,1.0,0.0,1,16,0.9,0.6875,0.3125,3,4
6,0.73,0.88,250.60000000000002,442,85,190,0,77,False,-1,none,0.3,0.86,0.87,0.56,0.79,0.55,0.6857142857142857,1.0,0.0,60,91,0.85,0.7777777777777778,0.2222222222222222,11,18,0.8,0.46153846153846156,0.5384615384615384,9,1
6,0.72,0.87,240.8,443,83,197,0,73,False,-1,none,0.3,0.86,0.85,0.54,0.8,0.62,0.6428571428571429,1.0,0.0,61,94,0.9,0.8148148148148148,0.18518518518518517,11,20,0.9,0.6666666666666666,0.3333333333333333,4,7
6,0.6,0.68,196.20000000000005,462,94,173,0,80,False,-1,none,0.3,0.73,0.78,0.56,0.73,0.55,0.5857142857142857,1.0,0.0,52,93,0.65,0.625,0.375,11,12,0.6,0.6363636363636364,0.36363636363636365,1,4
7,0.74,0.87,202.0,443,108,163,0,92,False,-1,none,0.3,0.83,0.88,0.51,0.78,0.58,0.7428571428571429,1.0,0.0,44,100,0.7,0.85,0.15,4,14,0.8,0.7142857142857143,0.2857142857142857,0,1
7,0.57,0.74,193.60000000000002,456,101,159,0,81,False,-1,none,0.3,0.79,0.76,0.56,0.71,0.52,0.4857142857142857,1.0,0.0,43,86,0.8,0.8461538461538461,0.15384615384615385,8,17,0.7,0.6428571428571429,0.35714285714285715,3,2
7,0.68,0.85,205.80000000000007,445,103,181,0,56,False,-1,none,0.3,0.83,0.84,0.6,0.79,0.63,0.6714285714285714,1.0,0.0,54,104,0.6,0.9523809523809523,0.047619047619047616,2,14,0.9,0.7058823529411765,0.29411764705882354,3,4
7,0.6,0.74,192.79999999999995,456,91,157,0,73,False,-1,none,0.3,0.77,0.75,0.5,0.73,0.47,0.5571428571428572,1.0,0.0,55,80,0.6,0.8888888888888888,0.1111111111111111,3,11,0.9,0.7647058823529411,0.23529411764705882,3,5
7,0.67,0.77,196.39999999999998,453,118,164,0,86,False,-1,none,0.3,0.87,0.81,0.54,0.82,0.55,0.6428571428571429,1.0,0.0,49,96,0.75,0.8947368421052632,0.10526315789473684,2,13,0.7,0.7692307692307693,0.23076923076923078,2,2
7,0.67,0.83,231.19999999999996,447,97,170,0,80,False,-1,none,0.3,0.81,0.8,0.56,0.75,0.58,0.5857142857142857,1.0,0.0,48,87,0.8,0.88,0.12,4,20,1.0,0.47058823529411764,0.5294117647058824,4,7
7,0.58,0.72,211.39999999999998,458,96,157,0,70,False,-1,none,0.3,0.76,0.76,0.52,0.7,0.51,0.4857142857142857,1.0,0.0,48,82,0.75,0.8181818181818182,0.18181818181818182,9,11,0.9,0.5,0.5,3,4
7,0.61,0.75,215.99999999999994,455,112,166,0,72,False,-1,none,0.3,0.8,0.8,0.62,0.8,0.51,0.5142857142857142,1.0,0.0,46,92,0.85,0.75,0.25,10,13,0.8,0.7333333333333333,0.26666666666666666,3,2
7,0.67,0.78,218.8,452,93,175,0,79,False,-1,none,0.3,0.79,0.8,0.51,0.78,0.58,0.6,1.0,0.0,46,93,0.8,0.7142857142857143,0.2857142857142857,13,18,0.9,0.6666666666666666,0.3333333333333333,2,3
7,0.71,0.86,223.6,444,98,180,0,81,False,-1,none,0.3,0.83,0.86,0.57,0.82,0.56,0.7,1.0,0.0,55,97,0.75,0.8695652173913043,0.13043478260869565,5,14,0.7,0.7142857142857143,0.2857142857142857,3,6
7,0.71,0.88,234.48,442,91,174,0,72,True,0,Slow,0.3,0.79,0.83,0.57,0.77,0.57,0.6428571428571429,1.0,0.0,56,90,0.9,0.72,0.28,9,16,0.8,0.5882352941176471,0.4117647058823529,0,3
7,0.69,0.86,247.59999999999997,444,89,164,0,86,False,-1,none,0.3,0.81,0.8,0.52,0.78,0.48,0.6285714285714286,1.0,0.0,52,83,0.8,0.782608695652174,0.21739130434782608,7,12,0.9,0.5263157894736842,0.47368421052631576,6,4
7,0.65,0.76,221.0,454,102,164,0,78,False,-1,none,0.3,0.8,0.78,0.6,0.76,0.48,0.6285714285714286,1.0,0.0,56,89,0.75,0.5263157894736842,0.47368421052631576,7,11,0.6,0.7692307692307693,0.23076923076923078,0,1
7,0.69,0.91,244.80000000000004,439,69,173,0,72,False,-1,none,0.3,0.77,0.8,0.49,0.73,0.54,0.6428571428571429,1.0,0.0,58,86,0.7,0.8888888888888888,0.1111111111111111,5,14,1.0,0.5789473684210527,0.42105263157894735,5,5
7,0.69,0.85,236.2,445,68,175,0,87,True,4,Shigh,0.3,0.78,0.77,0.45,0.75,0.53,0.6428571428571429,1.0,0.0,57,87,0.8,0.6956521739130435,0.30434782608695654,7,15,0.8,0.6470588235294118,0.35294117647058826,5,4
7,0.72,0.84,214.79999999999995,446,92,175,0,69,False,-1,none,0.3,0.83,0.77,0.61,0.79,0.51,0.6857142857142857,1.0,0.0,57,85,0.8,0.8571428571428571,0.14285714285714285,5,22,0.8,0.7333333333333333,0.26666666666666666,1,5
7,0.63,0.77,211.2,453,120,160,0,73,False,-1,none,0.3,0.83,0.8,0.58,0.8,0.56,0.6142857142857143,1.0,0.0,49,90,0.6,0.7647058823529411,0.23529411764705882,4,11,0.8,0.7058823529411765,0.29411764705882354,1,5
7,0.64,0.77,220.79999999999995,453,77,179,0,82,False,-1,none,0.3,0.78,0.79,0.53,0.73,0.5,0.6285714285714286,1.0,0.0,64,94,0.7,0.7142857142857143,0.2857142857142857,5,8,0.6,0.6666666666666666,0.3333333333333333,4,4
7,0.64,0.76,209.59999999999997,454,77,172,0,90,False,-1,none,0.3,0.76,0.76,0.49,0.7,0.54,0.5571428571428572,1.0,0.0,53,89,0.85,0.782608695652174,0.21739130434782608,7,19,0.8,0.7857142857142857,0.21428571428571427,1,3
7,0.57,0.66,201.59999999999997,464,94,180,0,85,False,-1,none,0.3,0.82,0.77,0.48,0.78,0.55,0.5714285714285714,1.0,0.0,54,95,0.55,0.5714285714285714,0.42857142857142855,11,14,0.6,0.5,0.5,4,2
7,0.67,0.82,218.4,448,90,173,0,65,False,-1,none,0.3,0.78,0.79,0.55,0.74,0.59,0.6142857142857143,1.0,0.0,50,97,0.8,0.8695652173913043,0.13043478260869565,6,14,0.8,0.6875,0.3125,2,4
7,0.67,0.85,236.39999999999998,445,97,177,0,91,False,-1,none,0.3,0.88,0.78,0.53,0.75,0.65,0.6,1.0,0.0,51,95,0.8,0.7916666666666666,0.20833333333333334,9,15,0.9,0.6842105263157895,0.3157894736842105,3,4
7,0.64,0.77,207.8,453,79,196,0,63,False,-1,none,0.3,0.81,0.8,0.56,0.79,0.56,0.6428571428571429,1.0,0.0,64,102,0.6,0.7222222222222222,0.2777777777777778,9,13,0.7,0.7142857142857143,0.2857142857142857,6,2
7,0.59,0.74,201.2,456,87,158,0,66,False,-1,none,0.3,0.74,0.7,0.48,0.7,0.57,0.5142857142857142,1.0,0.0,37,90,0.8,0.8260869565217391,0.17391304347826086,7,19,0.7,0.7333333333333333,0.26666666666666666,3,2
7,0.59,0.73,202.39999999999998,457,82,172,0,68,False,-1,none,0.3,0.76,0.75,0.56,0.71,0.49,0.5285714285714286,1.0,0.0,59,87,0.75,0.7727272727272727,0.22727272727272727,6,13,0.7,0.7857142857142857,0.21428571428571427,3,4
7,0.61,0.77,219.39999999999998,453,71,190,0,72,False,-1,none,0.3,0.75,0.77,0.56,0.75,0.55,0.5428571428571428,1.0,0.0,57,87,0.7,0.8095238095238095,0.19047619047619047,12,25,0.9,0.6666666666666666,0.3333333333333333,4,5
7,0.59,0.69,200.6,461,100,181,0,70,False,-1,none,0.3,0.78,0.8,0.49,0.81,0.62,0.5571428571428572,1.0,0.0,39,105,0.65,0.7222222222222222,0.2777777777777778,15,16,0.7,0.5833333333333334,0.4166666666666667,3,3
7,0.7,0.84,222.60000000000005,446,106,175,0,65,False,-1,none,0.3,0.82,0.83,0.62,0.75,0.63,0.6142857142857143,1.0,0.0,51,96,0.9,0.875,0.125,7,15,0.9,0.6470588235294118,0.35294117647058826,3,3
7,0.62,0.77,189.92000000000002,453,98,163,0,72,True,4,Shigh,0.3,0.79,0.8,0.53,0.7,0.56,0.6,1.0,0.0,53,92,0.65,0.85,0.15,6,10,0.7,0.8,0.2,0,2
7,0.68,0.88,220.14,442,102,156,0,74,True,2,Slow,0.3,0.78,0.79,0.59,0.79,0.51,0.6285714285714286,1.0,0.0,52,87,0.8,0.7931034482758621,0.20689655172413793,5,10,0.8,0.8,0.2,0,2
7,0.71,0.83,217.19999999999996,447,105,174,0,78,False,-1,none,0.3,0.84,0.82,0.6,0.81,0.55,0.6571428571428571,1.0,0.0,58,94,0.8,0.8695652173913043,0.13043478260869565,6,13,0.9,0.6428571428571429,0.35714285714285715,3,0
7,0.77,0.99,275.80000000000007,431,68,205,0,73,False,-1,none,0.3,0.86,0.84,0.65,0.8,0.57,0.7285714285714285,1.0,0.0,78,97,0.85,0.7666666666666667,0.23333333333333334,9,15,0.9,0.6111111111111112,0.3888888888888889,3,3
7,0.64,0.77,200.4,453,104,175,0,64,False,-1,none,0.3,0.78,0.82,0.58,0.75,0.63,0.6285714285714286,1.0,0.0,57,99,0.65,0.95,0.05,3,11,0.7,0.6923076923076923,0.3076923076923077,1,4
7,0.65,0.81,226.2,449,76,165,0,68,False,-1,none,0.3,0.68,0.74,0.54,0.72,0.54,0.6142857142857143,1.0,0.0,52,88,0.65,0.75,0.25,4,12,0.9,0.6111111111111112,0.3888888888888889,4,5
7,0.69,0.86,242.6,444,81,180,0,78,False,-1,none,0.3,0.8,0.79,0.56,0.79,0.53,0.6,1.0,0.0,58,88,0.85,0.8461538461538461,0.15384615384615385,5,19,1.0,0.6111111111111112,0.3888888888888889,6,4
7,0.68,0.82,223.20000000000005,448,75,165,0,78,False,-1,none,0.3,0.76,0.79,0.46,0.75,0.46,0.6857142857142857,1.0,0.0,53,88,0.65,0.8181818181818182,0.18181818181818182,8,12,0.7,0.5833333333333334,0.4166666666666667,3,1
7,0.73,0.87,229.60000000000002,443,99,157,0,87,False,-1,none,0.3,0.81,0.82,0.52,0.77,0.51,0.6428571428571429,1.0,0.0,48,82,0.95,0.8846153846153846,0.11538461538461539,6,18,0.9,0.6875,0.3125,1,2
7,0.73,0.88,228.26000000000005,442,102,180,0,85,True,4,Shigh,0.3,0.85,0.84,0.6,0.86,0.55,0.6714285714285714,1.0,0.0,58,97,0.85,0.7083333333333334,0.2916666666666667,2,16,0.9,0.7647058823529411,0.23529411764705882,3,4
7,0.58,0.73,202.60000000000002,457,112,162,0,68,False,-1,none,0.3,0.8,0.79,0.6,0.74,0.54,0.5142857142857142,1.0,0.0,47,91,0.7,0.8095238095238095,0.19047619047619047,5,16,0.8,0.6875,0.3125,1,2
7,0.67,0.81,211.88000000000002,449,80,169,0,70,True,3,Shigh,0.3,0.77,0.76,0.48,0.73,0.56,0.6285714285714286,1.0,0.0,61,88,0.75,0.6956521739130435,0.30434782608695654,7,12,0.8,0.8571428571428571,0.14285714285714285,0,1
7,0.61,0.82,215.20000000000002,448,105,165,0,73,False,-1,none,0.3,0.81,0.83,0.58,0.74,0.56,0.5857142857142857,1.0,0.0,51,95,0.6,0.8181818181818182,0.18181818181818182,4,11,0.8,0.8421052631578947,0.15789473684210525,0,4
7,0.72,0.91,238.60000000000005,439,92,187,0,75,False,-1,none,0.3,0.85,0.87,0.59,0.81,0.58,0.6714285714285714,1.0,0.0,57,101,0.85,0.7931034482758621,0.20689655172413793,8,17,0.8,0.7333333333333333,0.26666666666666666,2,2
7,0.66,0.82,215.40000000000003,448,84,172,0,67,False,-1,none,0.3,0.75,0.75,0.59,0.71,0.58,0.6142857142857143,1.0,0.0,52,91,0.7,0.8947368421052632,0.10526315789473684,4,15,0.9,0.7,0.3,4,6
7,0.69,0.8,230.4,450,93,173,0,84,False,-1,none,0.3,0.79,0.81,0.54,0.76,0.56,0.6428571428571429,1.0,0.0,54,92,0.75,0.5555555555555556,0.4444444444444444,11,13,0.9,0.6470588235294118,0.35294117647058826,1,2
7,0.59,0.76,212.20000000000002,454,95,150,0,69,False,-1,none,0.3,0.73,0.74,0.51,0.71,0.52,0.4857142857142857,1.0,0.0,42,74,0.8,0.8695652173913043,0.13043478260869565,5,19,0.9,0.6842105263157895,0.3157894736842105,2,8
7,0.67,0.81,227.8,449,89,182,0,58,False,-1,none,0.3,0.77,0.81,0.61,0.76,0.57,0.6428571428571429,1.0,0.0,56,93,0.7,0.8,0.2,11,19,0.8,0.5454545454545454,0.45454545454545453,0,3
7,0.59,0.75,207.4,455,95,167,0,73,False,-1,none,0.3,0.75,0.78,0.5,0.74,0.6,0.5285714285714286,1.0,0.0,42,93,0.75,0.7916666666666666,0.20833333333333334,8,17,0.7,0.6428571428571429,0.35714285714285715,2,5
7,0.68,0.84,225.8,446,102,178,0,71,False,-1,none,0.3,0.83,0.8,0.66,0.78,0.57,0.6571428571428571,1.0,0.0,49,97,0.75,0.875,0.125,6,18,0.7,0.6428571428571429,0.35714285714285715,5,3
7,0.62,0.75,206.20000000000005,455,98,164,0,68,False,-1,none,0.3,0.77,0.79,0.51,0.75,0.55,0.5714285714285714,1.0,0.0,45,92,0.7,0.85,0.15,3,14,0.8,0.4666666666666667,0.5333333333333333,6,4
7,0.61,0.73,197.79999999999995,457,85,188,0,79,False,-1,none,0.3,0.79,0.81,0.49,0.82,0.55,0.5714285714285714,1.0,0.0,59,94,0.7,0.85,0.15,7,21,0.7,0.7692307692307693,0.23076923076923078,3,4
7,0.75,0.84,217.99999999999997,446,89,185,0,72,False,-1,none,0.3,0.84,0.81,0.67,0.73,0.53,0.7428571428571429,1.0,0.0,71,94,0.85,0.7391304347826086,0.2608695652173913,8,10,0.6,0.8888888888888888,0.1111111111111111,0,2
7,0.68,0.8,218.99999999999997,450,90,191,0,69,False,-1,none,0.3,0.82,0.82,0.62,0.8,0.55,0.6714285714285714,1.0,0.0,73,96,0.7,0.7368421052631579,0.2631578947368421,5,12,0.7,0.6428571428571429,0.35714285714285715,1,4
7,0.69,0.8,201.20000000000005,450,90,159,0,71,False,-1,none,0.3,0.78,0.78,0.46,0.71,0.56,0.6142857142857143,1.0,0.0,49,86,0.8,0.9444444444444444,0.05555555555555555,3,13,1.0,0.7894736842105263,0.21052631578947367,2,6
7,0.68,0.76,200.0,454,96,166,0,77,False,-1,none,0.3,0.82,0.82,0.53,0.75,0.46,0.7,1.0,0.0,56,88,0.7,0.75,0.25,8,13,0.5,0.7142857142857143,0.2857142857142857,0,1
7,0.67,0.85,221.96000000000004,445,80,183,0,87,True,2,Slow,0.3,0.81,0.83,0.52,0.8,0.52,0.6714285714285714,1.0,0.0,55,99,0.65,0.7727272727272727,0.22727272727272727,6,14,0.7,0.8125,0.1875,4,5
7,0.72,0.91,250.20000000000005,439,77,187,0,75,False,-1,none,0.3,0.82,0.83,0.55,0.81,0.54,0.6285714285714286,1.0,0.0,59,91,0.9,0.8928571428571429,0.10714285714285714,6,19,1.0,0.5789473684210527,0.42105263157894735,7,5
7,0.65,0.8,204.40000000000006,450,91,166,0,68,False,-1,none,0.3,0.77,0.76,0.61,0.73,0.5,0.6285714285714286,1.0,0.0,54,84,0.7,0.8260869565217391,0.17391304347826086,4,17,0.7,0.7692307692307693,0.23076923076923078,2,5
7,0.59,0.66,174.19999999999996,464,96,152,0,86,False,-1,none,0.3,0.76,0.78,0.51,0.68,0.41,0.6142857142857143,1.0,0.0,58,80,0.5,0.8461538461538461,0.15384615384615385,1,9,0.6,0.7,0.3,1,3
7,0.66,0.82,230.8,448,87,172,0,59,False,-1,none,0.3,0.78,0.78,0.55,0.76,0.54,0.5571428571428572,1.0,0.0,50,86,0.9,0.8461538461538461,0.15384615384615385,6,18,0.9,0.5294117647058824,0.47058823529411764,6,6
7,0.67,0.83,227.20000000000002,447,84,170,0,83,False,-1,none,0.3,0.78,0.82,0.48,0.79,0.5,0.6428571428571429,1.0,0.0,53,94,0.65,0.95,0.05,1,17,0.9,0.5555555555555556,0.4444444444444444,4,1
7,0.75,0.92,243.00000000000003,438,73,203,0,67,False,-1,none,0.3,0.83,0.85,0.6,0.84,0.56,0.7142857142857143,1.0,0.0,71,94,0.8,0.7727272727272727,0.22727272727272727,4,23,0.9,0.85,0.15,4,7
7,0.63,0.79,226.4,451,105,173,0,73,False,-1,none,0.3,0.84,0.81,0.58,0.77,0.57,0.5571428571428572,1.0,0.0,57,89,0.75,0.7272727272727273,0.2727272727272727,7,15,0.9,0.6111111111111112,0.3888888888888889,4,1
7,0.74,0.94,224.4000000000001,436,84,189,0,68,False,-1,none,0.3,0.86,0.83,0.59,0.81,0.58,0.7,1.0,0.0,53,100,0.9,0.9,0.1,5,25,0.7,0.9333333333333333,0.06666666666666667,0,6
7,0.71,0.86,225.00000000000009,444,96,169,0,79,False,-1,none,0.3,0.81,0.81,0.53,0.79,0.57,0.6857142857142857,1.0,0.0,55,93,0.75,0.9166666666666666,0.08333333333333333,2,14,0.8,0.5,0.5,2,3
7,0.7,0.86,228.20000000000002,444,83,181,0,75,False,-1,none,0.3,0.83,0.83,0.53,0.77,0.54,0.6714285714285714,1.0,0.0,61,90,0.8,0.8636363636363636,0.13636363636363635,4,22,0.7,0.8235294117647058,0.17647058823529413,1,3
7,0.7,0.82,212.05999999999997,448,88,170,0,90,True,1,Slow,0.3,0.78,0.83,0.49,0.79,0.51,0.6714285714285714,1.0,0.0,55,91,0.75,0.6111111111111112,0.3888888888888889,8,13,0.8,0.7333333333333333,0.26666666666666666,1,2
8,0.73,0.83,202.0,447,118,181,0,83,False,-1,none,0.3,0.89,0.91,0.59,0.85,0.58,0.6714285714285714,1.0,0.0,56,101,0.85,0.7368421052631579,0.2631578947368421,8,9,0.9,0.75,0.25,4,3
8,0.69,0.78,201.60000000000002,452,88,175,0,69,False,-1,none,0.3,0.76,0.75,0.48,0.77,0.65,0.6428571428571429,1.0,0.0,44,96,0.95,0.68,0.32,15,18,0.5,0.75,0.25,1,1
8,0.72,0.84,226.00000000000003,446,109,160,0,82,False,-1,none,0.3,0.82,0.82,0.56,0.76,0.57,0.7142857142857143,1.0,0.0,46,90,0.75,0.6190476190476191,0.38095238095238093,8,10,0.7,0.8461538461538461,0.15384615384615385,3,3
8,0.68,0.79,203.00000000000003,451,115,148,0,78,False,-1,none,0.3,0.8,0.81,0.52,0.77,0.52,0.6428571428571429,1.0,0.0,38,91,0.75,0.7368421052631579,0.2631578947368421,6,10,0.8,0.8666666666666667,0.13333333333333333,2,1
8,0.69,0.8,221.79999999999995,450,86,170,0,74,True,2,Slow,0.3,0.79,0.8,0.51,0.73,0.53,0.6285714285714286,1.0,0.0,54,86,0.8,0.6363636363636364,0.36363636363636365,13,8,0.9,0.6428571428571429,0.35714285714285715,3,6
8,0.68,0.78,203.8,452,106,182,0,69,False,-1,none,0.3,0.85,0.82,0.57,0.82,0.6,0.6714285714285714,1.0,0.0,53,99,0.7,0.8571428571428571,0.14285714285714285,6,20,0.7,0.7,0.3,1,3
8,0.69,0.83,229.6,447,96,172,0,74,False,-1,none,0.3,0.79,0.79,0.61,0.77,0.55,0.6714285714285714,1.0,0.0,55,89,0.65,0.6666666666666666,0.3333333333333333,9,12,0.9,0.7619047619047619,0.23809523809523808,3,4
8,0.63,0.83,214.6,447,98,162,0,72,True,4,Shigh,0.3,0.79,0.81,0.54,0.73,0.56,0.5857142857142857,1.0,0.0,54,89,0.7,0.875,0.125,0,12,0.8,0.6666666666666666,0.3333333333333333,1,6
8,0.67,0.78,213.19999999999996,452,90,175,0,67,False,-1,none,0.3,0.8,0.79,0.57,0.73,0.54,0.7,1.0,0.0,52,100,0.55,0.5714285714285714,0.42857142857142855,10,9,0.7,0.8,0.2,0,4
8,0.71,0.8,205.19999999999996,450,106,169,0,90,False,-1,none,0.3,0.83,0.82,0.62,0.81,0.47,0.6714285714285714,1.0,0.0,52,89,0.75,0.8235294117647058,0.17647058823529413,8,12,0.9,0.8125,0.1875,2,6
8,0.65,0.75,204.0,455,91,168,0,86,False,-1,none,0.3,0.8,0.78,0.45,0.78,0.53,0.6285714285714286,1.0,0.0,48,95,0.7,0.85,0.15,5,12,0.7,0.5454545454545454,0.45454545454545453,5,3
8,0.72,0.82,207.6,448,72,177,0,84,False,-1,none,0.3,0.78,0.8,0.46,0.74,0.53,0.7571428571428571,1.0,0.0,58,98,0.65,0.7368421052631579,0.2631578947368421,8,11,0.6,1.0,0.0,0,2
8,0.8,0.96,252.8,434,97,193,0,74,False,-1,none,0.3,0.9,0.88,0.6,0.87,0.61,0.7714285714285715,1.0,0.0,60,101,0.9,0.8076923076923077,0.19230769230769232,6,22,0.8,0.75,0.25,2,2
8,0.61,0.71,192.99999999999997,459,118,168,0,68,False,-1,none,0.3,0.81,0.77,0.62,0.78,0.59,0.5857142857142857,1.0,0.0,52,98,0.7,0.7368421052631579,0.2631578947368421,6,9,0.6,0.8181818181818182,0.18181818181818182,3,0
8,0.69,0.87,244.00000000000003,443,85,179,0,69,False,-1,none,0.3,0.79,0.82,0.55,0.79,0.56,0.6285714285714286,1.0,0.0,53,95,0.75,0.6666666666666666,0.3333333333333333,8,11,1.0,0.7727272727272727,0.22727272727272727,5,7
8,0.65,0.83,225.2,447,88,175,0,79,False,-1,none,0.3,0.81,0.82,0.54,0.77,0.52,0.5571428571428572,1.0,0.0,49,93,0.9,0.8214285714285714,0.17857142857142858,11,12,0.8,0.75,0.25,5,5
8,0.69,0.85,214.00000000000003,445,88,165,0,77,False,-1,none,0.3,0.8,0.77,0.54,0.74,0.53,0.6571428571428571,1.0,0.0,50,85,0.8,0.8846153846153846,0.11538461538461539,8,16,0.7,0.8461538461538461,0.15384615384615385,1,5
8,0.67,0.78,215.0,452,111,152,0,84,False,-1,none,0.3,0.8,0.8,0.52,0.77,0.52,0.6428571428571429,1.0,0.0,45,88,0.65,0.7368421052631579,0.2631578947368421,5,11,0.9,0.6428571428571429,0.35714285714285715,2,1
8,0.7,0.84,225.2,446,92,185,0,64,False,-1,none,0.3,0.83,0.83,0.59,0.76,0.6,0.7,1.0,0.0,61,95,0.7,0.9130434782608695,0.08695652173913043,2,16,0.7,0.5,0.5,5,6
8,0.66,0.76,187.6,454,117,168,0,64,False,-1,none,0.3,0.77,0.81,0.56,0.8,0.67,0.6142857142857143,1.0,0.0,48,98,0.85,0.9047619047619048,0.09523809523809523,6,11,0.6,0.9166666666666666,0.08333333333333333,1,4
8,0.68,0.78,225.99999999999994,452,96,176,0,70,False,-1,none,0.3,0.8,0.78,0.58,0.78,0.56,0.6571428571428571,1.0,0.0,49,90,0.8,0.5714285714285714,0.42857142857142855,15,16,0.6,0.5454545454545454,0.45454545454545453,5,1
8,0.7,0.8,234.0,450,78,173,0,74,False,-1,none,0.3,0.76,0.79,0.55,0.75,0.46,0.6714285714285714,1.0,0.0,64,83,0.65,0.6875,0.3125,9,9,1.0,0.5882352941176471,0.4117647058823529,1,7
8,0.66,0.79,211.2,451,108,164,0,74,False,-1,none,0.3,0.81,0.79,0.62,0.77,0.52,0.5857142857142857,1.0,0.0,42,92,0.8,0.7727272727272727,0.22727272727272727,13,14,0.9,0.8125,0.1875,2,1
8,0.69,0.81,207.0,449,92,172,0,80,False,-1,none,0.3,0.78,0.82,0.59,0.73,0.53,0.7142857142857143,1.0,0.0,60,91,0.7,0.8,0.2,5,12,0.5,0.8181818181818182,0.18181818181818182,2,2
8,0.7,0.83,225.79999999999995,447,78,158,0,76,False,-1,none,0.3,0.76,0.74,0.54,0.7,0.45,0.6428571428571429,1.0,0.0,47,76,0.85,0.6521739130434783,0.34782608695652173,12,16,0.8,0.8,0.2,4,3
8,0.66,0.77,211.6,453,92,173,0,78,False,-1,none,0.3,0.81,0.8,0.53,0.75,0.53,0.6428571428571429,1.0,0.0,55,93,0.65,0.8333333333333334,0.16666666666666666,7,10,0.8,0.5714285714285714,0.42857142857142855,3,5
8,0.65,0.82,222.6,448,87,167,0,74,False,-1,none,0.3,0.8,0.77,0.49,0.75,0.55,0.5857142857142857,1.0,0.0,47,93,0.8,0.76,0.24,10,13,0.8,0.875,0.125,1,3
8,0.64,0.82,228.59999999999997,448,98,155,0,70,True,3,Shigh,0.3,0.78,0.77,0.54,0.73,0.53,0.5571428571428572,1.0,0.0,47,86,0.8,0.76,0.24,7,10,0.9,0.6111111111111112,0.3888888888888889,2,3
8,0.61,0.8,234.59999999999997,450,81,172,0,67,False,-1,none,0.3,0.79,0.75,0.52,0.71,0.56,0.5571428571428572,1.0,0.0,50,88,0.75,0.7692307692307693,0.23076923076923078,10,13,0.7,0.5333333333333333,0.4666666666666667,6,5
8,0.73,0.87,231.40000000000003,443,84,180,0,74,False,-1,none,0.3,0.81,0.75,0.69,0.72,0.54,0.7142857142857143,1.0,0.0,63,92,0.75,0.7916666666666666,0.20833333333333334,10,11,0.8,0.6923076923076923,0.3076923076923077,0,4
8,0.68,0.79,203.54000000000005,451,101,160,0,75,True,3,Shigh,0.3,0.81,0.8,0.51,0.71,0.57,0.6571428571428571,1.0,0.0,51,91,0.65,0.75,0.25,5,6,0.9,0.5882352941176471,0.4117647058823529,2,5
8,0.66,0.75,210.39999999999998,455,92,183,0,60,False,-1,none,0.3,0.81,0.81,0.59,0.76,0.53,0.6428571428571429,1.0,0.0,64,90,0.65,0.6666666666666666,0.3333333333333333,12,11,0.8,0.7333333333333333,0.26666666666666666,3,3
8,0.74,0.88,235.20000000000005,442,82,163,0,72,False,-1,none,0.3,0.78,0.8,0.51,0.74,0.5,0.7,1.0,0.0,52,90,0.8,0.875,0.125,4,12,0.9,0.6666666666666666,0.3333333333333333,4,1
8,0.7,0.82,221.40000000000003,448,90,174,0,69,False,-1,none,0.3,0.8,0.74,0.62,0.75,0.55,0.6857142857142857,1.0,0.0,52,88,0.7,0.7,0.3,12,19,0.8,0.7857142857142857,0.21428571428571427,2,1
8,0.7,0.79,204.8,451,96,178,0,72,False,-1,none,0.3,0.77,0.81,0.6,0.76,0.59,0.7142857142857143,1.0,0.0,55,99,0.7,0.8333333333333334,0.16666666666666666,6,12,0.6,0.6363636363636364,0.36363636363636365,3,3
8,0.66,0.84,221.8,446,113,178,0,70,False,-1,none,0.3,0.86,0.84,0.62,0.81,0.62,0.5857142857142857,1.0,0.0,49,104,0.8,0.9642857142857143,0.03571428571428571,4,14,0.9,0.5333333333333333,0.4666666666666667,5,2
8,0.77,0.87,222.60000000000002,443,105,190,0,73,False,-1,none,0.3,0.88,0.87,0.65,0.81,0.61,0.7571428571428571,1.0,0.0,68,103,0.7,0.8888888888888888,0.1111111111111111,3,11,1.0,0.75,0.25,1,4
8,0.62,0.8,204.79999999999995,450,75,150,0,70,True,2,Slow,0.3,0.7,0.73,0.47,0.67,0.48,0.6,1.0,0.0,43,82,0.65,0.8260869565217391,0.17391304347826086,7,13,0.7,0.7142857142857143,0.2857142857142857,3,2
8,0.61,0.76,204.2,454,96,159,0,74,False,-1,none,0.3,0.76,0.75,0.53,0.76,0.51,0.5571428571428572,1.0,0.0,43,87,0.65,0.8,0.2,10,14,0.9,0.8235294117647058,0.17647058823529413,0,5
8,0.68,0.84,219.20000000000002,446,87,174,0,70,False,-1,none,0.3,0.81,0.79,0.56,0.75,0.54,0.6571428571428571,1.0,0.0,60,94,0.7,0.9166666666666666,0.08333333333333333,5,11,0.8,0.6428571428571429,0.35714285714285715,2,2
8,0.77,0.95,224.96,435,92,179,0,89,True,0,Slow,0.3,0.87,0.87,0.52,0.78,0.62,0.7571428571428571,1.0,0.0,55,97,0.8,0.8846153846153846,0.11538461538461539,5,13,0.8,0.5625,0.4375,4,5
8,0.66,0.82,227.0,448,110,162,0,81,False,-1,none,0.3,0.84,0.85,0.58,0.76,0.51,0.5571428571428572,1.0,0.0,47,83,0.85,0.8888888888888888,0.1111111111111111,4,15,1.0,0.5,0.5,8,5
8,0.65,0.79,219.99999999999997,451,109,178,0,64,False,-1,none,0.3,0.84,0.85,0.59,0.78,0.6,0.5571428571428572,1.0,0.0,42,94,0.9,0.8,0.2,14,22,0.8,0.8,0.2,2,4
8,0.63,0.74,199.99999999999997,456,100,176,0,85,False,-1,none,0.3,0.82,0.8,0.55,0.79,0.54,0.5857142857142857,1.0,0.0,53,92,0.8,0.9166666666666666,0.08333333333333333,4,21,0.6,0.5555555555555556,0.4444444444444444,3,3
8,0.57,0.65,188.79999999999998,465,105,165,0,85,False,-1,none,0.3,0.77,0.82,0.54,0.75,0.47,0.5285714285714286,1.0,0.0,48,89,0.6,0.6,0.4,11,11,0.8,0.6923076923076923,0.3076923076923077,2,4
8,0.71,0.84,240.0,446,78,182,0,86,False,-1,none,0.3,0.81,0.77,0.57,0.76,0.53,0.7,1.0,0.0,66,90,0.7,0.8,0.2,7,11,0.8,0.6,0.4,4,4
8,0.61,0.69,197.2,461,97,169,0,65,False,-1,none,0.3,0.79,0.79,0.53,0.7,0.54,0.5714285714285714,1.0,0.0,55,85,0.75,0.7368421052631579,0.2631578947368421,8,14,0.6,0.5,0.5,3,4
8,0.68,0.82,205.6,448,89,176,0,88,False,-1,none,0.3,0.85,0.8,0.51,0.8,0.51,0.6714285714285714,1.0,0.0,51,93,0.7,0.9545454545454546,0.045454545454545456,4,18,0.7,0.8461538461538461,0.15384615384615385,4,6
8,0.63,0.84,225.36,446,103,172,0,71,True,4,Shigh,0.3,0.82,0.85,0.54,0.77,0.61,0.5571428571428572,1.0,0.0,51,98,0.7,0.875,0.125,8,9,1.0,0.7142857142857143,0.2857142857142857,3,3
8,0.72,0.91,232.20000000000007,439,114,164,0,66,False,-1,none,0.3,0.83,0.81,0.67,0.79,0.59,0.6428571428571429,1.0,0.0,49,91,0.95,0.8387096774193549,0.16129032258064516,4,15,0.8,0.8666666666666667,0.13333333333333333,1,4
8,0.65,0.79,202.20000000000002,451,92,169,0,65,False,-1,none,0.3,0.75,0.75,0.58,0.74,0.58,0.6,1.0,0.0,45,94,0.8,0.84,0.16,6,16,0.7,0.8333333333333334,0.16666666666666666,4,4
8,0.75,0.95,251.66000000000003,435,73,185,0,82,True,3,Shigh,0.3,0.81,0.83,0.57,0.74,0.58,0.7142857142857143,1.0,0.0,69,85,0.75,0.7083333333333334,0.2916666666666667,10,12,1.0,0.7142857142857143,0.2857142857142857,4,5
8,0.68,0.79,222.39999999999998,451,85,163,0,68,False,-1,none,0.3,0.74,0.75,0.59,0.7,0.49,0.6571428571428571,1.0,0.0,53,81,0.7,0.6470588235294118,0.35294117647058826,12,9,0.8,0.6875,0.3125,4,4
8,0.74,0.87,229.68,443,89,169,0,95,True,4,Shigh,0.3,0.82,0.81,0.53,0.74,0.55,0.7142857142857143,1.0,0.0,59,89,0.8,0.782608695652174,0.21739130434782608,5,10,0.8,0.6428571428571429,0.35714285714285715,1,5
8,0.71,0.9,237.20000000000007,440,101,182,0,87,False,-1,none,0.3,0.89,0.85,0.57,0.8,0.62,0.6428571428571429,1.0,0.0,50,94,0.8,0.76,0.24,9,18,1.0,0.8,0.2,0,11
8,0.67,0.78,198.80000000000007,452,83,181,0,73,False,-1,none,0.3,0.81,0.8,0.48,0.74,0.59,0.6714285714285714,1.0,0.0,54,95,0.7,0.7777777777777778,0.2222222222222222,11,17,0.6,0.7692307692307693,0.23076923076923078,2,2
8,0.62,0.71,196.39999999999998,459,90,169,0,80,False,-1,none,0.3,0.78,0.79,0.49,0.72,0.52,0.6,1.0,0.0,51,97,0.7,0.7368421052631579,0.2631578947368421,8,10,0.6,0.8,0.2,0,3
8,0.58,0.69,184.2,461,81,137,0,68,False,-1,none,0.3,0.66,0.64,0.48,0.62,0.47,0.5142857142857142,1.0,0.0,38,74,0.75,0.85,0.15,6,15,0.7,0.7692307692307693,0.23076923076923078,1,3
8,0.7,0.85,224.06000000000003,445,87,175,0,73,True,4,Shigh,0.3,0.82,0.79,0.57,0.75,0.54,0.7,1.0,0.0,59,94,0.6,0.7,0.3,7,10,0.9,0.75,0.25,2,3
8,0.72,0.85,223.80000000000004,445,81,200,0,59,False,-1,none,0.3,0.83,0.82,0.61,0.78,0.62,0.7571428571428571,1.0,0.0,69,103,0.5,0.8,0.2,6,11,0.9,0.7058823529411765,0.29411764705882354,4,7
8,0.64,0.8,203.20000000000002,450,86,165,0,69,False,-1,none,0.3,0.74,0.74,0.51,0.76,0.56,0.6142857142857143,1.0,0.0,40,95,0.75,0.875,0.125,5,16,0.6,0.8461538461538461,0.15384615384615385,2,7
8,0.67,0.82,215.00000000000003,448,90,175,0,63,False,-1,none,0.3,0.78,0.78,0.58,0.75,0.58,0.6285714285714286,1.0,0.0,54,100,0.7,0.9090909090909091,0.09090909090909091,5,11,0.9,0.625,0.375,3,2
8,0.67,0.81,216.0,449,93,177,0,84,False,-1,none,0.3,0.81,0.82,0.57,0.76,0.55,0.6,1.0,0.0,50,97,0.8,0.875,0.125,6,14,0.9,0.8,0.2,5,5
8,0.69,0.87,229.00000000000006,443,56,179,0,68,False,-1,none,0.3,0.72,0.74,0.51,0.69,0.56,0.6714285714285714,1.0,0.0,58,91,0.85,0.8709677419354839,0.12903225806451613,7,17,0.5,0.6666666666666666,0.3333333333333333,3,3
8,0.62,0.78,190.80000000000007,452,109,164,0,79,False,-1,none,0.3,0.82,0.8,0.63,0.74,0.52,0.5714285714285714,1.0,0.0,53,86,0.7,0.96,0.04,0,18,0.8,0.6153846153846154,0.38461538461538464,6,1
8,0.75,0.88,235.79999999999995,442,91,206,0,70,False,-1,none,0.3,0.89,0.87,0.61,0.82,0.66,0.7285714285714285,1.0,0.0,66,107,0.8,0.8695652173913043,0.13043478260869565,9,14,0.8,0.5714285714285714,0.42857142857142855,5,5
9,0.67,0.77,190.0,453,109,164,0,85,False,-1,none,0.3,0.84,0.84,0.48,0.79,0.55,0.6714285714285714,1.0,0.0,41,102,0.7,0.6842105263157895,0.3157894736842105,6,13,0.6,0.7272727272727273,0.2727272727272727,0,2
9,0.68,0.81,203.40000000000003,449,99,182,0,78,False,-1,none,0.3,0.81,0.84,0.51,0.83,0.63,0.6428571428571429,1.0,0.0,52,106,0.75,0.7368421052631579,0.2631578947368421,9,12,0.8,0.75,0.25,0,3
9,0.71,0.89,228.80000000000004,441,108,184,0,69,False,-1,none,0.3,0.86,0.88,0.59,0.84,0.64,0.6285714285714286,1.0,0.0,50,102,0.9,0.782608695652174,0.21739130434782608,6,20,0.9,0.7272727272727273,0.2727272727272727,4,2
9,0.65,0.81,200.0,449,94,158,0,77,True,4,Shigh,0.3,0.8,0.8,0.53,0.7,0.5,0.6571428571428571,1.0,0.0,55,85,0.65,0.6818181818181818,0.3181818181818182,1,12,0.6,0.5833333333333334,0.4166666666666667,1,4
9,0.65,0.75,211.99999999999997,455,95,162,0,78,False,-1,none,0.3,0.78,0.82,0.44,0.78,0.5,0.5857142857142857,1.0,0.0,48,87,0.8,0.7,0.3,10,13,0.8,0.7142857142857143,0.2857142857142857,0,4
9,0.65,0.79,196.60000000000002,451,112,167,0,77,False,-1,none,0.3,0.82,0.82,0.55,0.82,0.57,0.6142857142857143,1.0,0.0,49,97,0.8,0.84,0.16,7,13,0.6,0.8181818181818182,0.18181818181818182,0,1
9,0.67,0.83,229.39999999999998,447,109,167,0,66,True,3,Shigh,0.3,0.82,0.79,0.61,0.79,0.58,0.6428571428571429,1.0,0.0,46,97,0.7,0.5714285714285714,0.42857142857142855,12,10,0.8,0.5882352941176471,0.4117647058823529,2,0
9,0.74,0.84,223.00000000000006,446,83,187,0,76,False,-1,none,0.3,0.78,0.78,0.58,0.8,0.6,0.7428571428571429,1.0,0.0,58,100,0.8,0.6363636363636364,0.36363636363636365,12,14,0.6,0.9,0.1,0,3
9,0.74,0.88,236.40000000000006,442,81,176,0,85,False,-1,none,0.3,0.85,0.82,0.52,0.71,0.55,0.7285714285714285,1.0,0.0,60,87,0.65,0.8888888888888888,0.1111111111111111,5,10,1.0,0.5789473684210527,0.42105263157894735,5,9
9,0.68,0.82,199.2,448,81,169,0,73,True,2,Slow,0.3,0.78,0.78,0.51,0.73,0.52,0.6857142857142857,1.0,0.0,50,94,0.75,0.7727272727272727,0.22727272727272727,8,16,0.5,0.6666666666666666,0.3333333333333333,1,0
9,0.65,0.78,212.39999999999998,452,99,176,0,82,False,-1,none,0.3,0.84,0.82,0.56,0.76,0.55,0.5857142857142857,1.0,0.0,57,88,0.75,0.7894736842105263,0.21052631578947367,9,17,0.9,0.7222222222222222,0.2777777777777778,1,4
9,0.71,0.84,201.00000000000003,446,101,161,0,84,True,4,Shigh,0.3,0.8,0.8,0.46,0.79,0.61,0.6571428571428571,1.0,0.0,48,95,0.85,0.88,0.12,3,12,0.8,0.8461538461538461,0.15384615384615385,1,2
9,0.7,0.83,225.99999999999997,447,97,158,0,77,True,2,Slow,0.3,0.76,0.8,0.54,0.73,0.55,0.6428571428571429,1.0,0.0,46,89,0.8,0.6956521739130435,0.30434782608695654,8,14,0.9,0.6,0.4,1,0
9,0.73,0.77,216.2,453,85,190,0,68,False,-1,none,0.3,0.84,0.81,0.56,0.74,0.57,0.7428571428571429,1.0,0.0,63,99,0.7,0.625,0.375,12,12,0.7,0.6666666666666666,0.3333333333333333,1,3
9,0.74,0.88,218.8,442,81,170,0,71,False,-1,none,0.3,0.78,0.74,0.57,0.74,0.56,0.7285714285714285,1.0,0.0,55,90,0.8,0.95,0.05,3,17,0.7,0.6875,0.3125,2,3
9,0.71,0.83,215.8,447,85,177,0,90,False,-1,none,0.3,0.8,0.84,0.56,0.76,0.49,0.7,1.0,0.0,63,90,0.75,0.6666666666666666,0.3333333333333333,10,12,0.7,0.9230769230769231,0.07692307692307693,0,2
9,0.67,0.82,209.99999999999994,448,79,169,0,75,False,-1,none,0.3,0.78,0.74,0.53,0.69,0.56,0.6571428571428571,1.0,0.0,58,92,0.65,0.8421052631578947,0.15789473684210525,4,9,0.8,0.8823529411764706,0.11764705882352941,1,5
9,0.63,0.75,217.19999999999993,455,90,177,0,73,False,-1,none,0.3,0.82,0.8,0.52,0.72,0.56,0.6142857142857143,1.0,0.0,58,91,0.7,0.6363636363636364,0.36363636363636365,11,12,0.6,0.6,0.4,2,3
9,0.63,0.73,198.2,457,87,160,0,60,False,-1,none,0.3,0.75,0.74,0.47,0.72,0.52,0.6,1.0,0.0,52,85,0.6,0.8125,0.1875,4,11,0.9,0.6666666666666666,0.3333333333333333,4,4
9,0.6,0.69,195.39999999999995,461,108,166,0,72,False,-1,none,0.3,0.76,0.77,0.62,0.74,0.54,0.5571428571428572,1.0,0.0,52,93,0.55,0.6923076923076923,0.3076923076923077,3,11,1.0,0.7058823529411765,0.29411764705882354,3,4
9,0.63,0.73,204.39999999999995,457,81,165,0,66,False,-1,none,0.3,0.75,0.73,0.51,0.68,0.52,0.5714285714285714,1.0,0.0,52,78,0.75,0.6666666666666666,0.3333333333333333,16,15,0.8,0.6666666666666666,0.3333333333333333,2,2
9,0.58,0.65,165.4,465,101,151,0,73,False,-1,none,0.3,0.74,0.74,0.49,0.72,0.48,0.6,1.0,0.0,47,87,0.45,0.8333333333333334,0.16666666666666666,3,10,0.7,0.7272727272727273,0.2727272727272727,2,2
9,0.77,0.92,227.40000000000003,438,91,189,0,73,False,-1,none,0.3,0.85,0.81,0.63,0.81,0.62,0.7571428571428571,1.0,0.0,61,104,0.85,0.9259259259259259,0.07407407407407407,5,18,0.7,0.75,0.25,0,1
9,0.66,0.83,231.8,447,110,170,0,77,False,-1,none,0.3,0.8,0.85,0.58,0.8,0.6,0.5714285714285714,1.0,0.0,36,104,0.9,0.6923076923076923,0.3076923076923077,11,14,0.8,0.7647058823529411,0.23529411764705882,4,1
9,0.63,0.73,204.59999999999997,457,89,165,0,93,False,-1,none,0.3,0.76,0.77,0.52,0.73,0.49,0.6,1.0,0.0,51,85,0.7,0.7894736842105263,0.21052631578947367,8,16,0.7,0.5833333333333334,0.4166666666666667,0,5
9,0.68,0.81,230.39999999999998,449,99,178,0,82,False,-1,none,0.3,0.83,0.83,0.56,0.8,0.56,0.6285714285714286,1.0,0.0,56,91,0.75,0.75,0.25,8,16,0.9,0.7058823529411765,0.29411764705882354,3,4
9,0.7,0.81,221.20000000000002,449,106,178,0,75,False,-1,none,0.3,0.85,0.85,0.51,0.8,0.64,0.6142857142857143,1.0,0.0,47,94,0.95,0.76,0.24,11,23,0.8,0.7692307692307693,0.23076923076923078,0,3
9,0.62,0.69,196.0,461,90,179,0,57,False,-1,none,0.3,0.77,0.75,0.61,0.73,0.52,0.6571428571428571,1.0,0.0,63,94,0.5,0.5384615384615384,0.46153846153846156,9,10,0.6,0.6,0.4,0,3
9,0.7,0.83,228.6,447,84,187,0,71,False,-1,none,0.3,0.83,0.81,0.58,0.79,0.53,0.6714285714285714,1.0,0.0,62,94,0.75,0.6666666666666666,0.3333333333333333,12,10,0.8,0.8333333333333334,0.16666666666666666,3,6
9,0.71,0.86,236.80000000000004,444,87,176,0,71,False,-1,none,0.3,0.8,0.8,0.55,0.78,0.56,0.7142857142857143,1.0,0.0,53,96,0.55,0.7777777777777778,0.2222222222222222,6,12,1.0,0.6111111111111112,0.3888888888888889,2,7
9,0.71,0.86,221.80000000000007,444,91,182,0,66,False,-1,none,0.3,0.75,0.82,0.61,0.76,0.65,0.6571428571428571,1.0,0.0,51,95,0.95,0.8571428571428571,0.14285714285714285,5,23,0.6,0.8333333333333334,0.16666666666666666,3,5
9,0.65,0.79,201.0,451,100,174,0,67,False,-1,none,0.3,0.75,0.78,0.64,0.8,0.56,0.6,1.0,0.0,53,90,0.7,0.8888888888888888,0.1111111111111111,3,21,0.9,0.7894736842105263,0.21052631578947367,2,5
9,0.71,0.84,227.00000000000003,446,108,177,0,71,False,-1,none,0.3,0.8,0.85,0.68,0.78,0.58,0.6857142857142857,1.0,0.0,58,91,0.75,0.7272727272727273,0.2727272727272727,11,10,0.8,0.5714285714285714,0.42857142857142855,2,5
9,0.72,0.87,231.8,443,87,174,0,82,False,-1,none,0.3,0.83,0.78,0.55,0.74,0.58,0.7285714285714285,1.0,0.0,57,93,0.7,0.8260869565217391,0.17391304347826086,5,13,0.7,0.6153846153846154,0.38461538461538464,3,3
9,0.7,0.76,196.40000000000003,454,96,185,0,78,False,-1,none,0.3,0.82,0.82,0.53,0.78,0.62,0.7142857142857143,1.0,0.0,56,97,0.65,0.75,0.25,9,14,0.7,0.8,0.2,3,6
9,0.67,0.79,205.2,451,95,176,0,70,False,-1,none,0.3,0.84,0.79,0.49,0.77,0.61,0.6714285714285714,1.0,0.0,50,98,0.65,0.8,0.2,9,13,0.7,0.8333333333333334,0.16666666666666666,1,5
9,0.7,0.85,229.83999999999997,445,97,171,0,77,True,4,Shigh,0.3,0.79,0.78,0.56,0.8,0.6,0.6428571428571429,1.0,0.0,54,97,0.8,0.631578947368421,0.3684210526315789,10,7,0.9,0.6666666666666666,0.3333333333333333,2,1
9,0.71,0.83,195.04000000000002,447,96,180,0,71,True,0,Slow,0.3,0.8,0.83,0.59,0.8,0.57,0.7,1.0,0.0,56,97,0.75,0.8,0.2,6,14,0.7,0.7692307692307693,0.23076923076923078,3,4
9,0.71,0.83,224.00000000000003,447,77,200,0,60,False,-1,none,0.3,0.8,0.8,0.61,0.8,0.59,0.7,1.0,0.0,63,101,0.75,0.65,0.35,15,14,0.7,0.8571428571428571,0.14285714285714285,1,6
9,0.67,0.76,198.40000000000003,454,92,187,0,80,False,-1,none,0.3,0.85,0.78,0.54,0.8,0.58,0.6857142857142857,1.0,0.0,55,104,0.7,0.5789473684210527,0.42105263157894735,13,12,0.5,0.8888888888888888,0.1111111111111111,0,3
9,0.68,0.82,217.2,448,92,170,0,81,False,-1,none,0.3,0.82,0.81,0.57,0.82,0.42,0.7,1.0,0.0,57,90,0.65,0.7894736842105263,0.21052631578947367,6,11,0.6,0.6428571428571429,0.35714285714285715,3,3
9,0.73,0.89,238.60000000000002,441,79,198,0,64,False,-1,none,0.3,0.81,0.83,0.62,0.79,0.61,0.7285714285714285,1.0,0.0,62,103,0.75,0.7272727272727273,0.2727272727272727,10,15,0.7,0.9375,0.0625,1,7
9,0.67,0.76,194.60000000000002,454,90,172,0,87,False,-1,none,0.3,0.75,0.78,0.54,0.78,0.53,0.6428571428571429,1.0,0.0,53,99,0.8,0.8095238095238095,0.19047619047619047,6,12,0.6,0.8,0.2,0,2
9,0.62,0.74,191.23999999999998,456,93,175,0,78,True,1,Slow,0.3,0.78,0.79,0.54,0.76,0.55,0.5857142857142857,1.0,0.0,49,94,0.75,0.65,0.35,10,18,0.6,0.6923076923076923,0.3076923076923077,0,4
9,0.72,0.83,219.60000000000005,447,99,171,0,87,False,-1,none,0.3,0.85,0.84,0.55,0.76,0.53,0.6428571428571429,1.0,0.0,55,83,0.9,0.9130434782608695,0.08695652173913043,3,24,0.9,0.6666666666666666,0.3333333333333333,1,5
9,0.72,0.88,217.40000000000003,442,89,179,0,69,False,-1,none,0.3,0.82,0.82,0.57,0.75,0.6,0.7428571428571429,1.0,0.0,55,96,0.7,0.9090909090909091,0.09090909090909091,5,19,0.6,0.7857142857142857,0.21428571428571427,0,4
9,0.73,0.9,230.00000000000006,440,106,166,0,83,False,-1,none,0.3,0.83,0.86,0.57,0.76,0.6,0.7142857142857143,1.0,0.0,48,95,0.75,0.7916666666666666,0.20833333333333334,4,11,0.8,0.6875,0.3125,5,3
9,0.68,0.8,204.6,450,98,178,0,59,False,-1,none,0.3,0.81,0.8,0.63,0.79,0.53,0.6285714285714286,1.0,0.0,57,90,0.75,0.9047619047619048,0.09523809523809523,3,20,0.9,0.8666666666666667,0.13333333333333333,3,5
9,0.68,0.77,196.79999999999995,453,99,171,0,78,False,-1,none,0.3,0.8,0.8,0.53,0.78,0.56,0.6857142857142857,1.0,0.0,53,94,0.65,0.8333333333333334,0.16666666666666666,5,12,0.7,0.7272727272727273,0.2727272727272727,3,4
9,0.57,0.64,164.76,466,98,157,0,66,True,1,Slow,0.3,0.74,0.71,0.51,0.73,0.5,0.5714285714285714,1.0,0.0,44,98,0.6,0.5333333333333333,0.4666666666666667,10,5,0.5,0.7777777777777778,0.2222222222222222,0,0
9,0.7,0.84,198.36,446,96,172,0,58,True,0,Slow,0.3,0.78,0.79,0.57,0.79,0.59,0.6714285714285714,1.0,0.0,50,96,0.85,0.84,0.16,5,18,0.6,0.6363636363636364,0.36363636363636365,2,1
9,0.69,0.81,219.6,449,108,169,0,82,False,-1,none,0.3,0.8,0.85,0.61,0.77,0.55,0.6285714285714286,1.0,0.0,46,93,0.85,0.7727272727272727,0.22727272727272727,9,18,0.8,0.8666666666666667,0.13333333333333333,0,3
9,0.63,0.73,205.79999999999995,457,81,193,0,73,False,-1,none,0.3,0.81,0.75,0.52,0.8,0.59,0.6285714285714286,1.0,0.0,55,104,0.6,0.7647058823529411,0.23529411764705882,8,17,0.7,0.6666666666666666,0.3333333333333333,5,4
9,0.65,0.75,181.60000000000002,455,101,167,0,97,True,0,Slow,0.3,0.83,0.85,0.48,0.8,0.47,0.6285714285714286,1.0,0.0,53,89,0.65,0.7777777777777778,0.2222222222222222,3,15,0.8,0.7692307692307693,0.23076923076923078,5,2
9,0.64,0.72,189.0,458,93,161,0,89,False,-1,none,0.3,0.75,0.76,0.47,0.76,0.52,0.6428571428571429,1.0,0.0,44,91,0.5,0.7272727272727273,0.2727272727272727,6,13,0.9,0.75,0.25,4,3
9,0.59,0.69,190.60000000000005,461,87,162,0,72,False,-1,none,0.3,0.76,0.74,0.47,0.69,0.52,0.5428571428571428,1.0,0.0,45,88,0.7,0.631578947368421,0.3684210526315789,11,14,0.7,0.6666666666666666,0.3333333333333333,3,1
9,0.66,0.79,202.79999999999998,451,96,159,0,96,False,-1,none,0.3,0.84,0.82,0.43,0.68,0.57,0.6571428571428571,1.0,0.0,49,96,0.65,0.8947368421052632,0.10526315789473684,0,8,0.7,0.8571428571428571,0.14285714285714285,2,4
9,0.73,0.87,253.2,443,79,177,0,77,False,-1,none,0.3,0.79,0.77,0.57,0.74,0.56,0.6714285714285714,1.0,0.0,59,87,0.9,0.5416666666666666,0.4583333333333333,12,9,0.8,0.5625,0.4375,4,6
9,0.7,0.8,209.79999999999998,450,95,178,0,87,False,-1,none,0.3,0.82,0.84,0.55,0.75,0.57,0.6285714285714286,1.0,0.0,51,95,0.9,0.92,0.08,6,18,0.8,0.7272727272727273,0.2727272727272727,5,3
9,0.64,0.74,201.6,456,79,164,0,73,False,-1,none,0.3,0.73,0.75,0.51,0.71,0.47,0.6142857142857143,1.0,0.0,49,88,0.75,0.65,0.35,12,10,0.6,0.7272727272727273,0.2727272727272727,2,3
9,0.74,0.87,243.39999999999998,443,86,182,0,90,False,-1,none,0.3,0.86,0.85,0.52,0.79,0.53,0.7428571428571429,1.0,0.0,59,93,0.7,0.625,0.375,9,13,0.8,0.7368421052631579,0.2631578947368421,3,5
9,0.66,0.75,202.39999999999998,455,93,165,0,77,False,-1,none,0.3,0.78,0.77,0.47,0.72,0.59,0.6142857142857143,1.0,0.0,48,89,0.8,0.8571428571428571,0.14285714285714285,3,16,0.7,0.7272727272727273,0.2727272727272727,5,4
9,0.65,0.78,211.7,452,94,179,0,69,True,3,Shigh,0.3,0.81,0.82,0.56,0.76,0.56,0.6,1.0,0.0,58,94,0.85,0.7857142857142857,0.21428571428571427,12,11,0.6,0.625,0.375,2,2
9,0.7,0.89,232.04000000000005,441,102,181,0,78,True,3,Shigh,0.3,0.83,0.88,0.6,0.79,0.62,0.6571428571428571,1.0,0.0,54,99,0.8,0.6956521739130435,0.30434782608695654,9,14,0.8,0.75,0.25,2,3
9,0.67,0.82,221.59999999999997,448,93,163,0,92,False,-1,none,0.3,0.77,0.82,0.51,0.71,0.57,0.6285714285714286,1.0,0.0,48,85,0.75,0.8333333333333334,0.16666666666666666,7,16,0.8,0.7142857142857143,0.2857142857142857,2,5
9,0.62,0.75,202.59999999999997,455,100,173,0,82,False,-1,none,0.3,0.8,0.82,0.47,0.78,0.61,0.5714285714285714,1.0,0.0,48,103,0.7,0.8571428571428571,0.14285714285714285,3,11,0.8,0.7857142857142857,0.21428571428571427,2,6
10,0.66,0.82,187.4,448,115,140,0,73,True,3,Shigh,0.3,0.79,0.76,0.59,0.73,0.5,0.6142857142857143,0.9767441860465116,0.023255813953488372,46,83,0.7,0.8260869565217391,0.17391304347826086,3,6,0.9,0.75,0.25,0,2
10,0.71,0.91,214.60000000000008,439,95,186,0,73,False,-1,none,0.3,0.87,0.86,0.6,0.83,0.56,0.6571428571428571,1.0,0.0,58,96,0.8,0.9230769230769231,0.07692307692307693,4,21,0.9,0.8421052631578947,0.15789473684210525,3,4
10,0.7,0.8,219.00000000000006,450,96,166,0,93,False,-1,none,0.3,0.79,0.8,0.49,0.83,0.51,0.7,1.0,0.0,40,100,0.7,0.7,0.3,12,13,0.7,0.45454545454545453,0.5454545454545454,1,0
10,0.63,0.78,211.19999999999996,452,86,173,0,68,False,-1,none,0.3,0.77,0.8,0.5,0.75,0.55,0.5857142857142857,1.0,0.0,51,91,0.7,0.75,0.25,10,13,0.8,0.8235294117647058,0.17647058823529413,2,6
10,0.6,0.71,193.59999999999997,459,111,168,0,85,False,-1,none,0.3,0.85,0.83,0.53,0.76,0.53,0.5714285714285714,1.0,0.0,55,95,0.55,0.6666666666666666,0.3333333333333333,6,6,0.9,0.7894736842105263,0.21052631578947367,1,5
10,0.76,0.89,242.0,441,103,192,0,86,False,-1,none,0.3,0.84,0.89,0.62,0.86,0.63,0.7285714285714285,1.0,0.0,56,101,0.8,0.7222222222222222,0.2777777777777778,7,19,0.9,0.75,0.25,2,7
10,0.67,0.75,177.51999999999998,455,96,173,0,76,True,1,Slow,0.3,0.78,0.8,0.54,0.73,0.59,0.6428571428571429,1.0,0.0,54,92,0.75,0.7368421052631579,0.2631578947368421,10,16,0.7,0.8181818181818182,0.18181818181818182,0,1
10,0.71,0.87,242.4,443,80,181,0,82,False,-1,none,0.3,0.84,0.78,0.46,0.83,0.57,0.6714285714285714,1.0,0.0,55,97,0.8,0.75,0.25,6,17,0.8,0.6875,0.3125,2,4
10,0.67,0.74,193.2,456,82,155,0,74,False,-1,none,0.3,0.74,0.72,0.45,0.68,0.52,0.6571428571428571,1.0,0.0,48,87,0.65,0.8235294117647058,0.17647058823529413,3,14,0.8,0.6363636363636364,0.36363636363636365,1,2
10,0.64,0.73,209.19999999999996,457,75,187,0,70,False,-1,none,0.3,0.77,0.75,0.52,0.74,0.57,0.6285714285714286,1.0,0.0,57,91,0.8,0.5714285714285714,0.42857142857142855,16,19,0.4,0.75,0.25,2,2
10,0.66,0.79,217.99999999999997,451,92,177,0,67,True,4,Shigh,0.3,0.8,0.74,0.54,0.78,0.62,0.5857142857142857,1.0,0.0,48,94,0.9,0.6153846153846154,0.38461538461538464,12,16,0.7,0.5833333333333334,0.4166666666666667,5,2
10,0.69,0.81,195.99999999999997,449,104,170,0,80,False,-1,none,0.3,0.84,0.82,0.61,0.8,0.48,0.6285714285714286,1.0,0.0,56,91,0.85,0.92,0.08,2,20,0.8,0.9166666666666666,0.08333333333333333,0,1
10,0.57,0.68,182.39999999999998,462,109,153,0,70,False,-1,none,0.3,0.74,0.76,0.54,0.75,0.51,0.4857142857142857,1.0,0.0,41,85,0.75,0.7,0.3,13,11,0.8,0.7857142857142857,0.21428571428571427,0,3
10,0.63,0.73,203.99999999999994,457,105,173,0,84,False,-1,none,0.3,0.84,0.78,0.6,0.76,0.53,0.6285714285714286,1.0,0.0,57,92,0.6,0.75,0.25,9,11,0.7,0.6923076923076923,0.3076923076923077,1,3
10,0.67,0.86,204.07999999999996,444,88,164,0,77,True,1,Slow,0.3,0.76,0.78,0.54,0.75,0.55,0.6428571428571429,1.0,0.0,49,94,0.7,0.85,0.15,6,9,0.8,0.75,0.25,2,4
10,0.7,0.86,227.2,444,98,190,0,71,False,-1,none,0.3,0.86,0.83,0.65,0.85,0.55,0.7285714285714285,1.0,0.0,64,100,0.5,0.7857142857142857,0.21428571428571427,6,15,0.9,0.8095238095238095,0.19047619047619047,2,3
10,0.59,0.76,197.2,454,84,161,0,84,False,-1,none,0.3,0.78,0.75,0.54,0.71,0.43,0.5285714285714286,1.0,0.0,45,82,0.85,0.8148148148148148,0.18518518518518517,12,15,0.5,0.8333333333333334,0.16666666666666666,3,4
10,0.78,0.9,230.20000000000005,440,89,183,0,73,False,-1,none,0.3,0.87,0.81,0.57,0.83,0.54,0.7714285714285715,1.0,0.0,60,95,0.85,0.8636363636363636,0.13636363636363635,7,14,0.7,0.8571428571428571,0.14285714285714285,3,4
10,0.66,0.81,220.79999999999998,449,87,177,0,80,False,-1,none,0.3,0.84,0.78,0.44,0.76,0.63,0.6,1.0,0.0,52,93,0.8,0.8636363636363636,0.13636363636363635,5,19,0.8,0.7058823529411765,0.29411764705882354,5,3
10,0.62,0.75,201.59999999999997,455,86,185,0,64,False,-1,none,0.3,0.8,0.78,0.57,0.74,0.57,0.6,1.0,0.0,59,98,0.65,0.7894736842105263,0.21052631578947367,10,14,0.7,0.8571428571428571,0.14285714285714285,3,1
10,0.6,0.72,192.71999999999997,458,92,153,0,78,True,4,Shigh,0.3,0.76,0.76,0.53,0.66,0.46,0.5714285714285714,0.975,0.025,53,83,0.6,0.8125,0.1875,4,8,0.8,0.6875,0.3125,3,2
10,0.74,0.89,236.20000000000005,441,82,195,0,69,False,-1,none,0.3,0.85,0.85,0.63,0.78,0.55,0.7142857142857143,1.0,0.0,71,90,0.85,0.7407407407407407,0.25925925925925924,9,22,0.7,0.8333333333333334,0.16666666666666666,0,3
10,0.62,0.75,194.39999999999995,455,76,161,0,68,False,-1,none,0.3,0.75,0.71,0.52,0.68,0.46,0.6142857142857143,1.0,0.0,49,86,0.7,0.9090909090909091,0.09090909090909091,6,16,0.5,0.7,0.3,3,1
10,0.72,0.9,227.72000000000003,440,97,162,0,81,True,0,Slow,0.3,0.8,0.78,0.55,0.79,0.57,0.7,1.0,0.0,45,93,0.65,0.7368421052631579,0.2631578947368421,5,11,1.0,0.55,0.45,4,4
10,0.7,0.8,235.39999999999998,450,90,185,0,75,False,-1,none,0.3,0.84,0.81,0.57,0.75,0.58,0.6428571428571429,1.0,0.0,51,93,0.85,0.75,0.25,12,20,0.8,0.5333333333333333,0.4666666666666667,5,4
10,0.69,0.83,198.12,447,73,168,0,76,True,1,Slow,0.3,0.76,0.76,0.51,0.76,0.45,0.7,1.0,0.0,57,87,0.6,0.8888888888888888,0.1111111111111111,4,14,0.8,0.6875,0.3125,3,3
10,0.7,0.79,214.79999999999995,451,82,176,0,88,False,-1,none,0.3,0.77,0.8,0.55,0.76,0.49,0.6857142857142857,1.0,0.0,60,94,0.8,0.7142857142857143,0.2857142857142857,9,12,0.6,0.6,0.4,1,0
10,0.75,0.88,240.59999999999997,442,74,192,0,71,False,-1,none,0.3,0.8,0.81,0.6,0.75,0.58,0.6857142857142857,1.0,0.0,60,93,0.95,0.7407407407407407,0.25925925925925924,16,20,0.8,0.7692307692307693,0.23076923076923078,1,2
10,0.62,0.74,196.6,456,86,161,0,79,False,-1,none,0.3,0.74,0.72,0.52,0.72,0.51,0.6,1.0,0.0,51,87,0.55,0.7857142857142857,0.21428571428571427,4,10,0.9,0.8333333333333334,0.16666666666666666,3,6
10,0.69,0.82,224.6,448,73,177,0,78,False,-1,none,0.3,0.77,0.77,0.56,0.67,0.55,0.6857142857142857,1.0,0.0,65,92,0.7,0.8181818181818182,0.18181818181818182,6,10,0.7,0.5833333333333334,0.4166666666666667,2,2
10,0.66,0.8,216.2,450,109,165,0,81,False,-1,none,0.3,0.8,0.84,0.63,0.76,0.51,0.6,1.0,0.0,46,90,0.75,0.75,0.25,9,13,0.9,0.7777777777777778,0.2222222222222222,5,2
10,0.72,0.87,237.52,443,97,167,0,74,True,3,Shigh,0.3,0.81,0.83,0.56,0.79,0.52,0.6428571428571429,1.0,0.0,52,90,0.9,0.76,0.24,8,11,0.9,0.6470588235294118,0.35294117647058826,2,4
10,0.69,0.79,198.2,451,99,160,0,97,False,-1,none,0.3,0.84,0.85,0.47,0.76,0.46,0.6857142857142857,1.0,0.0,51,90,0.75,0.8095238095238095,0.19047619047619047,4,11,0.6,0.9,0.1,0,4
10,0.71,0.82,211.73999999999995,448,109,174,0,95,True,2,Slow,0.3,0.84,0.86,0.59,0.83,0.53,0.6857142857142857,1.0,0.0,52,100,0.8,0.6,0.4,14,8,0.7,0.7857142857142857,0.21428571428571427,0,0
10,0.66,0.75,202.54,455,111,157,0,62,True,3,Shigh,0.3,0.79,0.77,0.52,0.78,0.57,0.5857142857142857,1.0,0.0,46,89,0.9,0.6521739130434783,0.34782608695652173,7,12,0.7,0.6363636363636364,0.36363636363636365,1,2
10,0.64,0.77,224.0,453,93,180,0,65,False,-1,none,0.3,0.79,0.78,0.59,0.77,0.57,0.6,1.0,0.0,52,94,0.75,0.7727272727272727,0.22727272727272727,8,14,0.7,0.5384615384615384,0.46153846153846156,8,4
10,0.73,0.93,254.78,437,87,189,0,71,True,3,Shigh,0.3,0.86,0.86,0.6,0.77,0.6,0.6714285714285714,1.0,0.0,62,90,0.85,0.7857142857142857,0.21428571428571427,8,19,0.9,0.6111111111111112,0.3888888888888889,5,5
10,0.75,0.88,229.99999999999997,442,82,216,0,59,False,-1,none,0.3,0.86,0.88,0.66,0.82,0.64,0.7428571428571429,1.0,0.0,74,103,0.7,0.8333333333333334,0.16666666666666666,7,20,0.9,0.8333333333333334,0.16666666666666666,3,9
10,0.75,0.88,235.20000000000002,442,101,201,0,70,False,-1,none,0.3,0.87,0.87,0.74,0.81,0.61,0.6857142857142857,1.0,0.0,64,101,0.9,0.8461538461538461,0.15384615384615385,10,20,0.9,0.8571428571428571,0.14285714285714285,2,4
10,0.68,0.85,231.40000000000006,445,102,157,0,81,False,-1,none,0.3,0.8,0.84,0.55,0.73,0.52,0.6285714285714286,1.0,0.0,43,83,0.75,0.7727272727272727,0.22727272727272727,5,15,0.9,0.6842105263157895,0.3157894736842105,5,6
10,0.73,0.88,235.80000000000004,442,85,173,0,74,False,-1,none,0.3,0.81,0.78,0.59,0.74,0.54,0.6571428571428571,1.0,0.0,54,88,0.85,0.8260869565217391,0.17391304347826086,7,16,1.0,0.8421052631578947,0.15789473684210525,3,5
10,0.68,0.79,205.00000000000003,451,90,186,0,80,False,-1,none,0.3,0.81,0.84,0.52,0.81,0.57,0.6142857142857143,1.0,0.0,52,98,0.85,0.8333333333333334,0.16666666666666666,9,18,0.8,0.8333333333333334,0.16666666666666666,2,7
10,0.65,0.77,213.2,453,99,154,0,85,False,-1,none,0.3,0.79,0.82,0.48,0.76,0.45,0.6428571428571429,1.0,0.0,54,84,0.65,0.6,0.4,6,8,0.7,0.6666666666666666,0.3333333333333333,0,2
10,0.75,0.9,220.60000000000005,440,88,184,0,68,False,-1,none,0.3,0.8,0.79,0.61,0.81,0.61,0.7428571428571429,1.0,0.0,53,98,0.75,0.92,0.08,4,24,0.8,0.8461538461538461,0.15384615384615385,0,5
10,0.68,0.79,213.2,451,99,176,0,71,False,-1,none,0.3,0.83,0.8,0.56,0.82,0.53,0.6857142857142857,1.0,0.0,52,99,0.6,0.75,0.25,9,11,0.8,0.6666666666666666,0.3333333333333333,2,3
10,0.71,0.81,227.00000000000003,449,85,171,0,73,False,-1,none,0.3,0.76,0.77,0.54,0.72,0.58,0.7285714285714285,1.0,0.0,49,100,0.6,0.6153846153846154,0.38461538461538464,7,7,0.8,0.6470588235294118,0.35294117647058826,3,5
10,0.69,0.86,252.99999999999997,444,76,177,0,76,False,-1,none,0.3,0.77,0.78,0.51,0.76,0.57,0.6285714285714286,1.0,0.0,51,90,0.8,0.7083333333333334,0.2916666666666667,11,15,0.9,0.6111111111111112,0.3888888888888889,5,5
10,0.64,0.69,192.19999999999996,461,113,177,0,76,False,-1,none,0.3,0.78,0.83,0.61,0.81,0.56,0.6285714285714286,1.0,0.0,50,99,0.65,0.7142857142857143,0.2857142857142857,11,12,0.7,0.6363636363636364,0.36363636363636365,3,2
10,0.67,0.8,208.20000000000002,450,108,170,0,77,True,4,Shigh,0.3,0.82,0.86,0.57,0.78,0.55,0.6428571428571429,1.0,0.0,52,96,0.75,0.7391304347826086,0.2608695652173913,3,14,0.7,0.5833333333333334,0.4166666666666667,0,5
10,0.66,0.77,198.20000000000002,453,72,172,0,74,False,-1,none,0.3,0.73,0.77,0.48,0.7,0.53,0.6714285714285714,1.0,0.0,56,87,0.7,0.7894736842105263,0.21052631578947367,11,14,0.5,0.7272727272727273,0.2727272727272727,2,2
10,0.73,0.94,229.20000000000007,436,100,178,0,73,False,-1,none,0.3,0.85,0.86,0.58,0.79,0.64,0.7142857142857143,1.0,0.0,51,102,0.8,0.90625,0.09375,4,19,0.7,0.8333333333333334,0.16666666666666666,1,1
10,0.72,0.87,243.8,443,89,178,0,81,False,-1,none,0.3,0.85,0.8,0.51,0.79,0.59,0.6857142857142857,1.0,0.0,55,93,0.75,0.6521739130434783,0.34782608695652173,13,11,0.9,0.5625,0.4375,2,4
10,0.69,0.84,215.60000000000008,446,70,172,0,79,False,-1,none,0.3,0.77,0.78,0.54,0.67,0.5,0.6428571428571429,1.0,0.0,57,82,0.8,0.84,0.16,8,17,0.8,0.7857142857142857,0.21428571428571427,3,5
10,0.65,0.79,202.40000000000003,451,88,156,0,77,False,-1,none,0.3,0.72,0.78,0.53,0.71,0.49,0.6,1.0,0.0,46,78,0.7,0.9,0.1,5,17,0.9,0.8235294117647058,0.17647058823529413,3,7
10,0.61,0.74,187.60000000000002,456,109,149,0,73,False,-1,none,0.3,0.77,0.75,0.56,0.75,0.49,0.5857142857142857,1.0,0.0,40,85,0.65,0.8947368421052632,0.10526315789473684,5,12,0.7,0.6428571428571429,0.35714285714285715,1,6
10,0.63,0.75,200.39999999999995,455,73,165,0,57,False,-1,none,0.3,0.73,0.69,0.52,0.65,0.54,0.6142857142857143,1.0,0.0,55,84,0.65,0.8947368421052632,0.10526315789473684,4,15,0.7,0.6153846153846154,0.38461538461538464,2,5
10,0.7,0.86,227.40000000000006,444,95,189,0,80,False,-1,none,0.3,0.85,0.85,0.57,0.79,0.64,0.6571428571428571,1.0,0.0,60,103,0.75,0.7894736842105263,0.21052631578947367,5,13,0.9,0.7619047619047619,0.23809523809523808,3,5
10,0.63,0.74,182.59999999999997,456,105,165,0,71,False,-1,none,0.3,0.8,0.82,0.59,0.72,0.51,0.5857142857142857,1.0,0.0,54,88,0.7,0.95,0.05,6,14,0.8,0.9230769230769231,0.07692307692307693,0,3
10,0.67,0.83,212.80000000000004,447,93,162,0,82,False,-1,none,0.3,0.81,0.78,0.51,0.75,0.53,0.6285714285714286,1.0,0.0,47,91,0.75,0.7619047619047619,0.23809523809523808,8,8,0.8,0.7222222222222222,0.2777777777777778,2,6
10,0.72,0.89,231.00000000000003,441,107,162,0,87,True,3,Shigh,0.3,0.87,0.86,0.52,0.78,0.55,0.7,1.0,0.0,52,92,0.75,0.6666666666666666,0.3333333333333333,7,8,0.8,0.75,0.25,0,3
10,0.58,0.67,195.4,463,100,152,0,76,False,-1,none,0.3,0.72,0.76,0.51,0.69,0.51,0.5142857142857142,1.0,0.0,44,84,0.65,0.75,0.25,7,11,0.9,0.5333333333333333,0.4666666666666667,3,3
10,0.75,0.87,234.00000000000006,443,71,188,0,89,False,-1,none,0.3,0.81,0.82,0.57,0.77,0.49,0.7571428571428571,1.0,0.0,63,91,0.65,0.7222222222222222,0.2777777777777778,11,12,0.9,0.75,0.25,4,7
10,0.68,0.8,214.00000000000006,450,88,187,0,75,False,-1,none,0.3,0.85,0.81,0.53,0.8,0.56,0.6571428571428571,1.0,0.0,49,102,0.7,0.7058823529411765,0.29411764705882354,12,13,0.8,0.7058823529411765,0.29411764705882354,5,6
10,0.66,0.76,207.39999999999998,454,97,181,0,76,False,-1,none,0.3,0.79,0.84,0.52,0.78,0.61,0.5714285714285714,1.0,0.0,43,91,0.85,0.782608695652174,0.21739130434782608,13,26,0.9,0.7692307692307693,0.23076923076923078,2,6
10,0.68,0.78,198.94000000000003,452,92,182,0,73,True,2,Slow,0.3,0.82,0.8,0.57,0.77,0.56,0.6571428571428571,1.0,0.0,54,100,0.8,0.631578947368421,0.3684210526315789,10,15,0.6,0.6923076923076923,0.3076923076923077,2,1
10,0.73,0.91,210.05999999999997,439,93,182,0,74,True,1,Slow,0.3,0.83,0.86,0.55,0.83,0.59,0.6857142857142857,1.0,0.0,56,97,0.85,0.9629629629629629,0.037037037037037035,1,22,0.8,0.6875,0.3125,3,3
11,0.59,0.77,186.0,453,113,146,0,64,False,-1,none,0.3,0.75,0.78,0.6,0.7,0.53,0.44285714285714284,1.0,0.0,37,83,0.9,0.8888888888888888,0.1111111111111111,3,19,1.0,0.7368421052631579,0.2631578947368421,2,2
11,0.64,0.78,190.00000000000003,452,114,167,0,86,False,-1,none,0.3,0.83,0.84,0.57,0.84,0.51,0.6,1.0,0.0,44,96,0.7,0.9047619047619048,0.09523809523809523,6,14,0.8,0.6666666666666666,0.3333333333333333,3,4
11,0.64,0.74,197.20000000000002,456,128,156,0,77,False,-1,none,0.3,0.83,0.86,0.54,0.78,0.57,0.5571428571428572,1.0,0.0,41,90,0.8,0.7368421052631579,0.2631578947368421,4,15,0.9,0.625,0.375,2,4
11,0.59,0.71,189.6,459,104,167,0,63,False,-1,none,0.3,0.79,0.78,0.53,0.75,0.57,0.5285714285714286,1.0,0.0,40,95,0.7,0.8421052631578947,0.15789473684210525,8,16,0.8,0.5333333333333333,0.4666666666666667,4,4
11,0.61,0.72,188.79999999999995,458,86,169,0,63,False,-1,none,0.3,0.78,0.75,0.49,0.69,0.56,0.5857142857142857,1.0,0.0,49,90,0.65,0.8,0.2,8,18,0.7,0.8125,0.1875,1,3
11,0.67,0.79,203.6,451,111,156,0,89,True,4,Shigh,0.3,0.83,0.79,0.56,0.74,0.54,0.6571428571428571,1.0,0.0,47,93,0.65,0.8,0.2,3,7,0.8,0.7692307692307693,0.23076923076923078,3,3
11,0.64,0.75,188.79999999999995,455,89,171,0,65,True,4,Shigh,0.3,0.76,0.78,0.57,0.74,0.5,0.6428571428571429,1.0,0.0,56,95,0.65,0.7894736842105263,0.21052631578947367,8,11,0.6,0.7272727272727273,0.2727272727272727,0,1
11,0.62,0.74,177.44,456,100,150,0,81,True,0,Slow,0.3,0.74,0.77,0.59,0.72,0.42,0.5428571428571428,1.0,0.0,46,81,0.8,0.7916666666666666,0.20833333333333334,8,13,0.8,0.75,0.25,1,1
11,0.71,0.86,235.6,444,76,198,0,75,False,-1,none,0.3,0.83,0.85,0.56,0.82,0.54,0.6857142857142857,1.0,0.0,63,98,0.85,0.8275862068965517,0.1724137931034483,13,20,0.6,0.4444444444444444,0.5555555555555556,1,3
11,0.62,0.75,192.08,455,88,164,0,63,True,0,Slow,0.3,0.74,0.77,0.54,0.69,0.53,0.5714285714285714,1.0,0.0,48,88,0.75,0.7619047619047619,0.23809523809523808,9,14,0.7,0.6153846153846154,0.38461538461538464,4,1
11,0.72,0.88,223.00000000000003,442,101,182,0,69,False,-1,none,0.3,0.87,0.86,0.61,0.79,0.58,0.6857142857142857,1.0,0.0,55,99,0.8,0.9166666666666666,0.08333333333333333,7,15,0.8,0.8125,0.1875,2,4
11,0.62,0.81,209.2,449,100,160,0,79,False,-1,none,0.3,0.77,0.82,0.52,0.75,0.55,0.5142857142857142,1.0,0.0,42,83,0.9,0.9,0.1,8,19,0.8,0.8,0.2,3,5
11,0.7,0.84,213.99999999999997,446,75,176,0,70,False,-1,none,0.3,0.8,0.76,0.52,0.74,0.53,0.7142857142857143,1.0,0.0,54,89,0.6,0.8125,0.1875,8,14,0.8,0.8333333333333334,0.16666666666666666,2,9
11,0.71,0.85,232.79999999999998,445,89,177,0,84,False,-1,none,0.3,0.83,0.82,0.54,0.81,0.51,0.6714285714285714,1.0,0.0,53,89,0.75,0.7368421052631579,0.2631578947368421,11,18,0.9,0.7894736842105263,0.21052631578947367,1,5
11,0.65,0.73,200.79999999999995,457,107,163,0,67,False,-1,none,0.3,0.76,0.78,0.55,0.74,0.6,0.5857142857142857,1.0,0.0,36,95,0.7,0.8333333333333334,0.16666666666666666,8,17,1.0,0.6428571428571429,0.35714285714285715,4,3
11,0.62,0.79,226.39999999999995,451,91,160,0,75,False,-1,none,0.3,0.77,0.75,0.5,0.72,0.56,0.5285714285714286,1.0,0.0,42,84,0.8,0.8333333333333334,0.16666666666666666,9,15,0.9,0.5555555555555556,0.4444444444444444,7,3
11,0.71,0.8,221.19999999999996,450,103,166,0,81,False,-1,none,0.3,0.82,0.81,0.56,0.76,0.54,0.7142857142857143,1.0,0.0,52,93,0.7,0.6875,0.3125,4,11,0.7,0.6428571428571429,0.35714285714285715,4,2
11,0.68,0.8,199.2,450,109,181,0,65,False,-1,none,0.3,0.84,0.83,0.61,0.8,0.62,0.6571428571428571,1.0,0.0,51,105,0.75,0.9047619047619048,0.09523809523809523,3,20,0.7,0.8461538461538461,0.15384615384615385,1,1
11,0.69,0.86,236.0,444,98,162,0,79,False,-1,none,0.3,0.82,0.8,0.5,0.79,0.55,0.6,1.0,0.0,49,87,0.85,0.84,0.16,4,12,1.0,0.5263157894736842,0.47368421052631576,5,5
11,0.66,0.81,223.19999999999996,449,102,160,0,67,False,-1,none,0.3,0.8,0.78,0.6,0.74,0.51,0.6,1.0,0.0,41,87,0.75,0.8181818181818182,0.18181818181818182,9,14,0.9,0.6470588235294118,0.35294117647058826,5,4
11,0.59,0.66,175.2,464,109,161,0,69,False,-1,none,0.3,0.78,0.75,0.5,0.74,0.59,0.5571428571428572,1.0,0.0,35,91,0.7,0.7777777777777778,0.2222222222222222,10,18,0.6,0.7777777777777778,0.2222222222222222,3,4
11,0.58,0.69,187.8,461,113,157,0,66,False,-1,none,0.3,0.76,0.77,0.54,0.74,0.58,0.5428571428571428,1.0,0.0,34,97,0.7,0.7,0.3,7,13,0.6,0.7272727272727273,0.2727272727272727,2,4
11,0.65,0.77,217.79999999999998,453,101,163,0,84,False,-1,none,0.3,0.84,0.76,0.49,0.75,0.57,0.5714285714285714,1.0,0.0,46,93,0.85,0.6818181818181818,0.3181818181818182,10,10,0.8,0.6666666666666666,0.3333333333333333,0,4
11,0.64,0.77,205.09999999999997,453,112,164,0,72,True,3,Shigh,0.3,0.79,0.82,0.65,0.75,0.52,0.5857142857142857,1.0,0.0,49,92,0.75,0.7142857142857143,0.2857142857142857,7,10,0.8,0.7333333333333333,0.26666666666666666,0,6
11,0.64,0.78,196.39999999999998,452,89,171,0,77,False,-1,none,0.3,0.79,0.78,0.48,0.74,0.59,0.6285714285714286,1.0,0.0,52,100,0.6,0.8947368421052632,0.10526315789473684,3,13,0.8,0.8666666666666667,0.13333333333333333,0,3
11,0.66,0.74,207.59999999999997,456,111,160,0,80,False,-1,none,0.3,0.8,0.81,0.59,0.75,0.5,0.6285714285714286,1.0,0.0,51,90,0.75,0.5555555555555556,0.4444444444444444,9,8,0.7,0.8333333333333334,0.16666666666666666,1,1
11,0.67,0.78,208.99999999999997,452,107,179,0,76,False,-1,none,0.3,0.83,0.84,0.62,0.78,0.57,0.6714285714285714,1.0,0.0,51,91,0.7,0.7222222222222222,0.2777777777777778,12,21,0.6,0.8461538461538461,0.15384615384615385,1,3
11,0.59,0.7,189.99999999999997,460,93,144,0,83,False,-1,none,0.3,0.72,0.72,0.49,0.7,0.44,0.5714285714285714,1.0,0.0,41,85,0.65,0.9,0.1,3,9,0.6,0.5,0.5,4,2
11,0.66,0.73,199.99999999999997,457,116,166,0,65,False,-1,none,0.3,0.81,0.75,0.6,0.8,0.59,0.6571428571428571,1.0,0.0,38,100,0.65,0.5625,0.4375,13,10,0.7,0.8181818181818182,0.18181818181818182,0,5
11,0.63,0.71,191.19999999999996,459,109,177,0,63,False,-1,none,0.3,0.8,0.79,0.55,0.8,0.63,0.6142857142857143,1.0,0.0,45,102,0.7,0.8888888888888888,0.1111111111111111,5,17,0.6,0.6,0.4,5,3
11,0.67,0.75,193.76000000000005,455,119,158,0,93,True,2,Slow,0.3,0.82,0.84,0.56,0.77,0.53,0.5714285714285714,1.0,0.0,41,90,0.9,0.7727272727272727,0.22727272727272727,11,14,0.9,0.8461538461538461,0.15384615384615385,0,2
11,0.7,0.76,204.2,454,91,193,0,85,False,-1,none,0.3,0.86,0.84,0.61,0.82,0.47,0.7,1.0,0.0,70,89,0.65,0.8125,0.1875,8,18,0.8,0.6363636363636364,0.36363636363636365,4,4
11,0.66,0.75,207.79999999999998,455,102,178,0,80,False,-1,none,0.3,0.83,0.78,0.55,0.82,0.57,0.6571428571428571,1.0,0.0,51,102,0.65,0.8125,0.1875,4,11,0.7,0.5384615384615384,0.46153846153846156,5,5
11,0.64,0.75,208.19999999999996,455,99,184,0,77,False,-1,none,0.3,0.84,0.81,0.51,0.79,0.63,0.6428571428571429,1.0,0.0,57,101,0.55,0.8666666666666667,0.13333333333333333,3,12,0.8,0.6,0.4,4,7
11,0.7,0.84,220.20000000000005,446,89,167,0,75,False,-1,none,0.3,0.81,0.79,0.56,0.72,0.52,0.6714285714285714,1.0,0.0,55,87,0.75,0.8571428571428571,0.14285714285714285,5,14,0.8,0.75,0.25,3,3
11,0.7,0.79,202.60000000000002,451,113,163,0,60,False,-1,none,0.3,0.79,0.8,0.63,0.76,0.57,0.6142857142857143,1.0,0.0,47,87,0.95,0.8695652173913043,0.13043478260869565,11,18,0.8,0.7692307692307693,0.23076923076923078,0,0
11,0.63,0.75,206.8,455,105,141,0,74,False,-1,none,0.3,0.73,0.76,0.51,0.7,0.51,0.6142857142857143,1.0,0.0,42,86,0.7,0.6363636363636364,0.36363636363636365,5,7,0.6,0.6,0.4,0,1
11,0.63,0.76,215.99999999999997,454,110,179,0,80,False,-1,none,0.3,0.83,0.82,0.59,0.82,0.59,0.5285714285714286,1.0,0.0,45,96,0.85,0.7083333333333334,0.2916666666666667,14,15,0.9,0.7333333333333333,0.26666666666666666,6,3
11,0.65,0.8,204.40000000000006,450,119,166,0,85,False,-1,none,0.3,0.83,0.86,0.61,0.79,0.56,0.5857142857142857,1.0,0.0,47,97,0.75,0.9583333333333334,0.041666666666666664,2,13,0.9,0.7333333333333333,0.26666666666666666,2,5
11,0.71,0.87,249.0,443,82,191,0,75,False,-1,none,0.3,0.81,0.83,0.55,0.8,0.61,0.6857142857142857,1.0,0.0,57,99,0.7,0.7272727272727273,0.2727272727272727,13,11,0.9,0.5882352941176471,0.4117647058823529,6,5
11,0.71,0.86,227.52000000000004,444,103,161,0,85,True,4,Shigh,0.3,0.81,0.81,0.56,0.79,0.53,0.6571428571428571,1.0,0.0,46,90,0.8,0.7692307692307693,0.23076923076923078,6,13,0.9,0.7142857142857143,0.2857142857142857,3,3
11,0.72,0.81,217.8,449,94,175,0,75,False,-1,none,0.3,0.83,0.8,0.54,0.77,0.56,0.7142857142857143,1.0,0.0,56,95,0.6,0.6875,0.3125,7,11,1.0,0.6666666666666666,0.3333333333333333,2,4
11,0.64,0.73,187.31999999999996,457,121,180,0,86,True,2,Slow,0.3,0.87,0.86,0.57,0.8,0.64,0.6142857142857143,1.0,0.0,54,101,0.65,0.6875,0.3125,9,12,0.8,0.7857142857142857,0.21428571428571427,2,2
11,0.75,0.87,235.0,443,86,176,0,76,False,-1,none,0.3,0.81,0.79,0.55,0.76,0.58,0.7428571428571429,1.0,0.0,52,95,0.75,0.7,0.3,8,15,0.8,0.7333333333333333,0.26666666666666666,0,6
11,0.64,0.73,193.20000000000005,457,93,153,0,76,False,-1,none,0.3,0.73,0.78,0.52,0.67,0.49,0.6285714285714286,1.0,0.0,46,78,0.7,0.7368421052631579,0.2631578947368421,11,14,0.6,0.8,0.2,0,4
11,0.7,0.9,244.60000000000002,440,76,176,0,88,False,-1,none,0.3,0.8,0.81,0.56,0.73,0.52,0.6571428571428571,1.0,0.0,59,88,0.75,0.84,0.16,8,13,0.9,0.7368421052631579,0.2631578947368421,3,5
11,0.66,0.79,200.90000000000003,451,119,157,0,75,True,4,Shigh,0.3,0.83,0.81,0.51,0.8,0.6,0.6,1.0,0.0,42,95,0.8,0.782608695652174,0.21739130434782608,4,12,0.8,0.7857142857142857,0.21428571428571427,1,3
11,0.63,0.75,208.2,455,112,141,0,77,False,-1,none,0.3,0.76,0.74,0.5,0.71,0.57,0.5285714285714286,1.0,0.0,27,86,0.8,0.7142857142857143,0.2857142857142857,10,12,1.0,0.6470588235294118,0.35294117647058826,3,3
11,0.67,0.79,197.59999999999997,451,101,155,0,80,False,-1,none,0.3,0.8,0.8,0.59,0.71,0.45,0.6428571428571429,1.0,0.0,48,83,0.7,0.95,0.05,2,16,0.8,0.8571428571428571,0.14285714285714285,3,3
11,0.67,0.76,191.60000000000002,454,91,166,0,72,False,-1,none,0.3,0.76,0.8,0.53,0.75,0.49,0.6714285714285714,1.0,0.0,61,94,0.65,0.7333333333333333,0.26666666666666666,3,6,0.7,0.7857142857142857,0.21428571428571427,1,1
11,0.71,0.82,229.59999999999994,448,101,172,0,80,False,-1,none,0.3,0.84,0.8,0.58,0.76,0.57,0.7142857142857143,1.0,0.0,52,95,0.7,0.5263157894736842,0.47368421052631576,13,9,0.7,0.7692307692307693,0.23076923076923078,0,3
11,0.71,0.89,234.6,441,99,186,0,71,False,-1,none,0.3,0.84,0.85,0.64,0.8,0.61,0.6428571428571429,1.0,0.0,49,99,0.85,0.8076923076923077,0.19230769230769232,14,19,0.9,0.8333333333333334,0.16666666666666666,2,3
11,0.76,0.91,242.32000000000005,439,81,182,0,71,True,2,Slow,0.3,0.82,0.82,0.54,0.8,0.56,0.7428571428571429,1.0,0.0,59,96,0.7,0.55,0.45,13,8,1.0,0.7368421052631579,0.2631578947368421,1,5
11,0.68,0.78,226.8,452,95,184,0,78,False,-1,none,0.3,0.82,0.82,0.51,0.78,0.64,0.6285714285714286,1.0,0.0,52,94,0.8,0.8095238095238095,0.19047619047619047,8,15,0.8,0.5384615384615384,0.46153846153846156,7,8
11,0.62,0.76,210.40000000000006,454,100,147,0,72,False,-1,none,0.3,0.76,0.76,0.54,0.69,0.48,0.5285714285714286,1.0,0.0,49,70,0.8,0.7391304347826086,0.2608695652173913,6,16,0.9,0.625,0.375,2,4
11,0.59,0.69,187.19999999999996,461,116,172,0,68,False,-1,none,0.3,0.83,0.83,0.6,0.75,0.56,0.5571428571428572,1.0,0.0,46,98,0.65,0.8421052631578947,0.15789473684210525,5,17,0.7,0.7272727272727273,0.2727272727272727,4,2
11,0.69,0.79,187.92000000000002,451,97,164,0,75,True,1,Slow,0.3,0.8,0.82,0.51,0.71,0.56,0.6714285714285714,1.0,0.0,50,91,0.6,0.8,0.2,6,12,1.0,0.8235294117647058,0.17647058823529413,3,2
11,0.64,0.72,191.39999999999998,458,87,178,0,73,False,-1,none,0.3,0.8,0.79,0.56,0.74,0.48,0.6714285714285714,1.0,0.0,58,95,0.6,0.75,0.25,9,11,0.5,0.7777777777777778,0.2222222222222222,2,3
11,0.67,0.83,230.39999999999998,447,71,185,0,81,False,-1,none,0.3,0.77,0.77,0.47,0.8,0.58,0.6714285714285714,1.0,0.0,51,101,0.7,0.7,0.3,10,13,0.6,0.8125,0.1875,4,6
11,0.71,0.85,220.60000000000008,445,89,185,0,76,False,-1,none,0.3,0.83,0.83,0.57,0.76,0.6,0.7142857142857143,1.0,0.0,55,98,0.7,0.7272727272727273,0.2727272727272727,10,15,0.7,0.7692307692307693,0.23076923076923078,1,6
11,0.75,0.85,219.80000000000007,445,106,185,0,79,False,-1,none,0.3,0.87,0.89,0.62,0.85,0.53,0.7428571428571429,1.0,0.0,55,100,0.85,0.88,0.12,5,18,0.6,0.625,0.375,3,4
11,0.67,0.79,204.60000000000008,451,105,166,0,85,False,-1,none,0.3,0.82,0.82,0.58,0.76,0.52,0.6571428571428571,1.0,0.0,46,91,0.7,0.8421052631578947,0.15789473684210525,8,14,0.7,0.7142857142857143,0.2857142857142857,0,7
11,0.67,0.79,201.2,451,93,166,0,77,False,-1,none,0.3,0.79,0.78,0.55,0.78,0.48,0.6428571428571429,1.0,0.0,46,92,0.7,0.8421052631578947,0.15789473684210525,6,15,0.8,0.8666666666666667,0.13333333333333333,2,5
11,0.65,0.79,210.48,451,121,158,0,82,True,4,Shigh,0.3,0.8,0.88,0.59,0.76,0.55,0.5571428571428572,1.0,0.0,49,88,0.8,0.6666666666666666,0.3333333333333333,8,10,1.0,0.6842105263157895,0.3157894736842105,1,2
11,0.72,0.8,216.6,450,81,182,0,82,False,-1,none,0.3,0.82,0.81,0.52,0.73,0.55,0.7285714285714285,1.0,0.0,56,97,0.75,0.7777777777777778,0.2222222222222222,11,13,0.6,0.6363636363636364,0.36363636363636365,3,2
11,0.65,0.7,182.19999999999993,460,103,180,0,72,False,-1,none,0.3,0.83,0.8,0.57,0.8,0.53,0.6285714285714286,1.0,0.0,59,93,0.7,0.9285714285714286,0.07142857142857142,1,20,0.7,0.75,0.25,4,3
12,0.69,0.83,202.0,447,85,177,0,70,False,-1,none,0.3,0.81,0.81,0.54,0.76,0.53,0.7,1.0,0.0,55,94,0.6,0.6875,0.3125,10,11,0.8,0.7777777777777778,0.2222222222222222,3,4
12,0.72,0.85,218.40000000000006,445,110,172,0,68,False,-1,none,0.3,0.85,0.86,0.61,0.81,0.54,0.6571428571428571,1.0,0.0,49,88,0.85,0.8333333333333334,0.16666666666666666,10,15,0.9,0.6666666666666666,0.3333333333333333,3,7
12,0.62,0.69,182.8,461,113,151,0,82,False,-1,none,0.3,0.78,0.79,0.54,0.75,0.47,0.6,1.0,0.0,45,85,0.7,0.625,0.375,5,9,0.6,0.7272727272727273,0.2727272727272727,4,3
12,0.68,0.84,221.99999999999997,446,97,177,0,72,False,-1,none,0.3,0.82,0.83,0.58,0.8,0.55,0.6142857142857143,1.0,0.0,46,100,0.8,0.782608695652174,0.21739130434782608,12,11,0.9,0.6666666666666666,0.3333333333333333,5,3
12,0.69,0.81,210.4,449,98,171,0,75,False,-1,none,0.3,0.81,0.82,0.57,0.8,0.5,0.6714285714285714,1.0,0.0,52,93,0.7,0.7368421052631579,0.2631578947368421,8,13,0.8,0.8,0.2,0,5
12,0.67,0.78,198.4,452,75,189,0,68,False,-1,none,0.3,0.75,0.79,0.58,0.75,0.55,0.6571428571428571,1.0,0.0,60,98,0.65,0.7222222222222222,0.2777777777777778,11,13,0.8,0.8571428571428571,0.14285714285714285,2,5
12,0.73,0.88,219.59999999999997,442,95,162,0,85,True,2,Slow,0.3,0.83,0.81,0.54,0.77,0.5,0.6714285714285714,1.0,0.0,51,88,0.9,0.7692307692307693,0.23076923076923078,7,14,0.8,0.8,0.2,0,2
12,0.67,0.82,213.79999999999995,448,89,177,0,57,True,2,Slow,0.3,0.77,0.77,0.56,0.76,0.62,0.6428571428571429,1.0,0.0,55,95,0.7,0.7727272727272727,0.22727272727272727,8,10,0.8,0.6428571428571429,0.35714285714285715,3,6
12,0.58,0.72,186.79999999999995,458,91,170,0,62,False,-1,none,0.3,0.77,0.75,0.55,0.74,0.52,0.5714285714285714,1.0,0.0,47,95,0.6,0.8947368421052632,0.10526315789473684,6,14,0.6,0.6923076923076923,0.3076923076923077,5,3
12,0.62,0.75,201.59999999999997,455,104,165,0,71,False,-1,none,0.3,0.81,0.8,0.54,0.77,0.52,0.5285714285714286,1.0,0.0,49,89,0.9,0.8148148148148148,0.18518518518518517,6,17,0.7,0.7272727272727273,0.2727272727272727,2,2
12,0.61,0.71,177.59999999999997,459,98,158,0,63,False,-1,none,0.3,0.76,0.73,0.52,0.72,0.54,0.5571428571428572,1.0,0.0,43,86,0.8,0.9047619047619048,0.09523809523809523,3,22,0.6,0.8181818181818182,0.18181818181818182,0,4
12,0.72,0.86,211.6,444,85,170,0,79,False,-1,none,0.3,0.81,0.8,0.48,0.74,0.58,0.6714285714285714,1.0,0.0,52,94,0.85,1.0,0.0,2,16,0.8,0.6666666666666666,0.3333333333333333,2,4
12,0.67,0.78,201.6,452,115,163,0,84,False,-1,none,0.3,0.84,0.81,0.6,0.79,0.52,0.6142857142857143,1.0,0.0,56,89,0.8,0.9166666666666666,0.08333333333333333,1,15,0.8,0.8181818181818182,0.18181818181818182,1,1
12,0.72,0.89,244.8,441,89,154,0,88,False,-1,none,0.3,0.82,0.8,0.5,0.75,0.45,0.6428571428571429,1.0,0.0,49,84,0.9,0.8275862068965517,0.1724137931034483,4,10,0.9,0.6,0.4,4,3
12,0.7,0.85,216.20000000000005,445,97,176,0,62,False,-1,none,0.3,0.79,0.84,0.6,0.76,0.59,0.6857142857142857,1.0,0.0,52,96,0.6,0.8888888888888888,0.1111111111111111,6,13,1.0,0.7894736842105263,0.21052631578947367,3,6
12,0.64,0.75,208.79999999999998,455,97,154,0,69,False,-1,none,0.3,0.76,0.74,0.55,0.74,0.47,0.5714285714285714,1.0,0.0,47,80,0.85,0.8095238095238095,0.19047619047619047,9,11,0.7,0.6428571428571429,0.35714285714285715,4,3
12,0.7,0.81,226.79999999999995,449,101,178,0,80,False,-1,none,0.3,0.84,0.86,0.56,0.77,0.57,0.6857142857142857,1.0,0.0,52,94,0.7,0.75,0.25,12,13,0.8,0.6153846153846154,0.38461538461538464,3,4
12,0.64,0.73,198.39999999999998,457,122,165,0,65,False,-1,none,0.3,0.81,0.79,0.59,0.8,0.61,0.6,1.0,0.0,40,94,0.75,0.7894736842105263,0.21052631578947367,6,16,0.7,0.5,0.5,6,3
12,0.72,0.91,241.79999999999998,439,93,174,0,82,True,3,Shigh,0.3,0.85,0.84,0.64,0.69,0.56,0.6571428571428571,1.0,0.0,61,84,0.8,0.7142857142857143,0.2857142857142857,6,13,1.0,0.7058823529411765,0.29411764705882354,3,7
12,0.64,0.72,201.79999999999995,458,93,153,0,77,False,-1,none,0.3,0.74,0.71,0.54,0.71,0.48,0.5428571428571428,1.0,0.0,46,77,0.9,0.7,0.3,10,12,0.8,0.7857142857142857,0.21428571428571427,5,3
12,0.66,0.73,205.79999999999995,457,90,166,0,81,False,-1,none,0.3,0.79,0.8,0.48,0.71,0.51,0.6142857142857143,1.0,0.0,52,84,0.8,0.7894736842105263,0.21052631578947367,8,14,0.7,0.45454545454545453,0.5454545454545454,4,4
12,0.69,0.79,198.88,451,97,155,0,89,True,1,Slow,0.3,0.8,0.77,0.51,0.73,0.5,0.6428571428571429,1.0,0.0,43,85,0.8,0.7,0.3,7,13,0.8,0.7142857142857143,0.2857142857142857,1,6
12,0.73,0.81,202.22,449,96,184,0,84,True,2,Slow,0.3,0.88,0.83,0.59,0.81,0.5,0.7142857142857143,1.0,0.0,62,95,0.85,0.8571428571428571,0.14285714285714285,5,14,0.6,0.6,0.4,4,4
12,0.64,0.76,207.39999999999998,454,108,181,0,55,False,-1,none,0.3,0.8,0.84,0.58,0.79,0.64,0.6142857142857143,1.0,0.0,48,109,0.7,0.8421052631578947,0.15789473684210525,1,11,0.7,0.5714285714285714,0.42857142857142855,7,5
12,0.68,0.81,223.19999999999993,449,87,197,0,60,False,-1,none,0.3,0.8,0.83,0.6,0.8,0.62,0.6428571428571429,1.0,0.0,60,98,0.75,0.75,0.25,13,16,0.8,0.875,0.125,2,8
12,0.66,0.77,218.99999999999994,453,82,163,0,73,False,-1,none,0.3,0.76,0.72,0.53,0.69,0.52,0.6571428571428571,1.0,0.0,51,85,0.5,0.7333333333333333,0.26666666666666666,7,9,1.0,0.6875,0.3125,5,6
12,0.63,0.75,209.99999999999997,455,102,148,0,80,False,-1,none,0.3,0.78,0.73,0.54,0.69,0.51,0.5714285714285714,1.0,0.0,42,81,0.7,0.9,0.1,6,11,0.9,0.5333333333333333,0.4666666666666667,4,4
12,0.65,0.73,195.2,457,103,160,0,74,False,-1,none,0.3,0.77,0.79,0.54,0.73,0.53,0.6142857142857143,1.0,0.0,53,90,0.75,0.8947368421052632,0.10526315789473684,2,10,0.7,0.6363636363636364,0.36363636363636365,2,3
12,0.75,0.89,228.20000000000005,441,82,190,0,69,False,-1,none,0.3,0.85,0.83,0.52,0.78,0.63,0.7571428571428571,1.0,0.0,58,103,0.65,0.8095238095238095,0.19047619047619047,8,14,0.9,0.8,0.2,1,6
12,0.66,0.81,211.39999999999998,449,91,158,0,75,False,-1,none,0.3,0.79,0.76,0.5,0.72,0.53,0.6142857142857143,1.0,0.0,46,89,0.8,0.88,0.12,5,15,0.7,0.6923076923076923,0.3076923076923077,2,1
12,0.67,0.75,188.4,455,107,176,0,72,False,-1,none,0.3,0.84,0.84,0.58,0.79,0.53,0.6714285714285714,1.0,0.0,61,97,0.65,0.9375,0.0625,1,12,0.7,0.75,0.25,3,2
12,0.66,0.81,212.33999999999997,449,93,163,0,78,True,2,Slow,0.3,0.78,0.79,0.51,0.69,0.6,0.6285714285714286,1.0,0.0,50,88,0.7,0.7,0.3,4,14,0.8,0.625,0.375,2,5
12,0.69,0.82,215.20000000000005,448,93,171,0,94,False,-1,none,0.3,0.79,0.84,0.57,0.78,0.48,0.6571428571428571,1.0,0.0,55,92,0.75,0.9090909090909091,0.09090909090909091,3,14,0.8,0.6428571428571429,0.35714285714285715,2,5
12,0.67,0.75,195.60000000000002,455,105,170,0,85,False,-1,none,0.3,0.84,0.82,0.51,0.77,0.56,0.6285714285714286,1.0,0.0,54,92,0.9,0.8333333333333334,0.16666666666666666,3,17,0.5,0.8571428571428571,0.14285714285714285,1,3
12,0.71,0.85,234.2,445,82,174,0,69,False,-1,none,0.3,0.8,0.8,0.57,0.72,0.52,0.7,1.0,0.0,61,91,0.65,0.7058823529411765,0.29411764705882354,7,10,0.9,0.6842105263157895,0.3157894736842105,3,2
12,0.66,0.77,198.48,453,104,178,0,76,True,0,Slow,0.3,0.82,0.82,0.57,0.76,0.62,0.6428571428571429,1.0,0.0,47,102,0.7,0.7368421052631579,0.2631578947368421,5,14,0.7,0.5,0.5,6,4
12,0.65,0.79,208.0,451,82,169,0,70,False,-1,none,0.3,0.73,0.76,0.53,0.71,0.57,0.6428571428571429,1.0,0.0,50,89,0.65,0.9130434782608695,0.08695652173913043,6,16,0.7,0.7272727272727273,0.2727272727272727,0,8
12,0.77,0.91,254.6,439,105,176,0,83,False,-1,none,0.3,0.88,0.83,0.59,0.8,0.62,0.7285714285714285,1.0,0.0,48,100,0.85,0.7272727272727273,0.2727272727272727,9,10,0.9,0.6111111111111112,0.3888888888888889,5,4
12,0.75,0.89,260.0,441,88,191,0,77,False,-1,none,0.3,0.85,0.88,0.59,0.8,0.56,0.6857142857142857,1.0,0.0,58,88,0.95,0.6923076923076923,0.3076923076923077,15,19,0.8,0.6,0.4,5,6
12,0.68,0.79,216.0,451,75,174,0,77,False,-1,none,0.3,0.8,0.78,0.49,0.73,0.48,0.6857142857142857,1.0,0.0,56,90,0.65,0.7222222222222222,0.2777777777777778,13,9,0.7,0.8461538461538461,0.15384615384615385,2,4
12,0.69,0.79,206.51999999999998,451,92,173,0,71,True,2,Slow,0.3,0.81,0.82,0.53,0.76,0.52,0.6714285714285714,1.0,0.0,56,86,0.75,0.65,0.35,14,13,0.7,0.8333333333333334,0.16666666666666666,1,3
12,0.69,0.78,230.79999999999998,452,85,172,0,75,False,-1,none,0.3,0.75,0.8,0.51,0.72,0.57,0.6714285714285714,1.0,0.0,52,87,0.8,0.6190476190476191,0.38095238095238093,9,15,0.6,0.5,0.5,5,4
12,0.69,0.78,218.19999999999996,452,82,196,0,84,False,-1,none,0.3,0.81,0.83,0.55,0.79,0.58,0.6571428571428571,1.0,0.0,61,100,0.8,0.7142857142857143,0.2857142857142857,14,12,0.7,0.8181818181818182,0.18181818181818182,3,6
12,0.77,0.87,242.40000000000003,443,82,192,0,79,False,-1,none,0.3,0.83,0.82,0.59,0.77,0.6,0.7571428571428571,1.0,0.0,63,96,0.85,0.7619047619047619,0.23809523809523808,9,18,0.7,0.5384615384615384,0.46153846153846156,3,3
12,0.73,0.85,218.00000000000003,445,104,174,0,67,False,-1,none,0.3,0.84,0.81,0.68,0.74,0.56,0.6857142857142857,1.0,0.0,57,87,0.8,0.9545454545454546,0.045454545454545456,4,15,0.9,0.6,0.4,5,6
12,0.67,0.84,212.26000000000005,446,92,163,0,71,True,2,Slow,0.3,0.79,0.77,0.51,0.79,0.53,0.6142857142857143,1.0,0.0,42,93,0.75,0.9166666666666666,0.08333333333333333,4,15,0.9,0.5625,0.4375,7,2
12,0.76,0.94,210.71999999999997,436,102,178,0,81,True,0,Slow,0.3,0.88,0.87,0.59,0.83,0.57,0.7428571428571429,1.0,0.0,54,98,0.85,0.8571428571428571,0.14285714285714285,4,19,0.7,0.8571428571428571,0.14285714285714285,0,3
12,0.72,0.87,229.0,443,89,183,0,66,False,-1,none,0.3,0.82,0.83,0.55,0.82,0.57,0.6714285714285714,1.0,0.0,57,98,0.8,0.8333333333333334,0.16666666666666666,7,13,0.9,0.75,0.25,2,6
12,0.64,0.74,188.40000000000003,456,108,165,0,73,False,-1,none,0.3,0.77,0.79,0.59,0.75,0.57,0.6571428571428571,1.0,0.0,47,98,0.6,0.875,0.125,2,13,0.6,0.75,0.25,1,4
12,0.57,0.71,184.2,459,110,154,0,85,False,-1,none,0.3,0.8,0.78,0.53,0.76,0.48,0.5285714285714286,1.0,0.0,46,91,0.65,0.8636363636363636,0.13636363636363635,5,9,0.7,0.6666666666666666,0.3333333333333333,2,1
12,0.64,0.75,185.4,455,73,157,0,60,False,-1,none,0.3,0.68,0.7,0.48,0.69,0.5,0.6571428571428571,1.0,0.0,49,85,0.55,0.875,0.125,5,12,0.7,0.8461538461538461,0.15384615384615385,0,6
12,0.68,0.79,224.8,451,106,158,0,87,False,-1,none,0.3,0.81,0.81,0.51,0.77,0.53,0.6285714285714286,1.0,0.0,50,89,0.75,0.5789473684210527,0.42105263157894735,4,7,0.9,0.625,0.375,4,4
12,0.68,0.85,227.40000000000003,445,91,178,0,66,False,-1,none,0.3,0.83,0.79,0.57,0.79,0.56,0.6142857142857143,1.0,0.0,57,87,0.75,0.88,0.12,8,18,1.0,0.7058823529411765,0.29411764705882354,2,6
12,0.65,0.77,197.20000000000005,453,94,161,0,63,False,-1,none,0.3,0.77,0.73,0.57,0.69,0.56,0.6,1.0,0.0,48,88,0.75,0.8695652173913043,0.13043478260869565,5,13,0.8,0.75,0.25,3,4
12,0.74,0.92,245.20000000000005,438,87,198,0,78,False,-1,none,0.3,0.86,0.86,0.57,0.82,0.66,0.7142857142857143,1.0,0.0,52,104,0.8,0.782608695652174,0.21739130434782608,13,19,0.8,0.6842105263157895,0.3157894736842105,4,6
12,0.69,0.85,206.29999999999998,445,84,165,0,76,True,0,Slow,0.3,0.78,0.78,0.56,0.72,0.5,0.6428571428571429,1.0,0.0,59,86,0.75,0.8333333333333334,0.16666666666666666,6,12,0.9,0.7333333333333333,0.26666666666666666,0,2
12,0.64,0.74,195.12,456,105,170,0,61,True,2,Slow,0.3,0.78,0.8,0.63,0.75,0.53,0.6142857142857143,1.0,0.0,47,91,0.65,0.7894736842105263,0.21052631578947367,9,14,0.8,0.5454545454545454,0.45454545454545453,5,4
12,0.71,0.79,217.6,451,105,183,0,68,False,-1,none,0.3,0.83,0.84,0.61,0.81,0.58,0.6428571428571429,1.0,0.0,50,96,0.85,0.75,0.25,9,18,0.9,0.6428571428571429,0.35714285714285715,3,7
12,0.77,0.9,246.60000000000002,440,68,183,0,99,False,-1,none,0.3,0.82,0.82,0.46,0.79,0.52,0.7571428571428571,1.0,0.0,53,95,0.85,0.875,0.125,10,17,0.7,0.6153846153846154,0.38461538461538464,3,5
12,0.67,0.87,210.92000000000007,443,99,162,0,87,True,4,Shigh,0.3,0.81,0.78,0.6,0.71,0.58,0.6142857142857143,0.9767441860465116,0.023255813953488372,46,86,0.75,0.9285714285714286,0.07142857142857142,6,18,0.9,0.75,0.25,2,4
12,0.74,0.84,218.00000000000006,446,88,182,0,81,False,-1,none,0.3,0.81,0.86,0.51,0.81,0.55,0.7571428571428571,1.0,0.0,59,97,0.7,0.85,0.15,7,13,0.7,0.6363636363636364,0.36363636363636365,3,3
12,0.76,0.87,211.0000000000001,443,82,175,0,81,False,-1,none,0.3,0.79,0.8,0.59,0.71,0.55,0.7714285714285715,1.0,0.0,62,91,0.8,0.8571428571428571,0.14285714285714285,4,13,0.6,0.8333333333333334,0.16666666666666666,1,4
12,0.74,0.85,227.0,445,83,209,0,58,False,-1,none,0.3,0.85,0.86,0.61,0.82,0.63,0.7428571428571429,1.0,0.0,71,100,0.65,0.7058823529411765,0.29411764705882354,10,19,0.9,0.875,0.125,2,7
12,0.71,0.82,223.20000000000005,448,91,182,0,75,False,-1,none,0.3,0.81,0.82,0.52,0.78,0.62,0.6714285714285714,1.0,0.0,48,95,0.95,0.7083333333333334,0.2916666666666667,11,21,0.5,0.7272727272727273,0.2727272727272727,3,4
12,0.73,0.91,230.50000000000003,439,109,172,0,73,True,3,Shigh,0.3,0.87,0.85,0.63,0.83,0.54,0.6857142857142857,1.0,0.0,46,98,0.95,0.8666666666666667,0.13333333333333333,8,17,0.6,0.6923076923076923,0.3076923076923077,1,2
12,0.66,0.75,214.4,455,100,188,0,77,False,-1,none,0.3,0.84,0.81,0.59,0.76,0.63,0.6714285714285714,1.0,0.0,58,99,0.6,0.8333333333333334,0.16666666666666666,6,17,0.7,0.3,0.7,4,4
13,0.63,0.75,178.0,455,131,167,0,77,False,-1,none,0.3,0.88,0.88,0.62,0.83,0.52,0.5571428571428572,1.0,0.0,47,91,0.85,0.7916666666666666,0.20833333333333334,11,18,0.7,0.8333333333333334,0.16666666666666666,0,0
13,0.66,0.74,175.40000000000006,456,113,158,0,70,False,-1,none,0.3,0.78,0.81,0.51,0.75,0.6,0.6428571428571429,1.0,0.0,43,95,0.6,0.8666666666666667,0.13333333333333333,5,11,0.9,0.8571428571428571,0.14285714285714285,0,4
13,0.53,0.64,160.6,466,109,140,0,67,False,-1,none,0.3,0.73,0.74,0.48,0.67,0.51,0.45714285714285713,1.0,0.0,31,77,0.7,0.8947368421052632,0.10526315789473684,5,23,0.7,0.7692307692307693,0.23076923076923078,0,4
13,0.56,0.68,179.99999999999994,462,89,150,0,78,False,-1,none,0.3,0.71,0.73,0.47,0.7,0.46,0.5285714285714286,1.0,0.0,44,85,0.55,0.8125,0.1875,6,13,0.8,0.8,0.2,0,2
13,0.72,0.83,220.79999999999998,447,80,197,0,80,False,-1,none,0.3,0.77,0.82,0.61,0.79,0.61,0.6857142857142857,1.0,0.0,65,101,0.75,0.8333333333333334,0.16666666666666666,13,13,0.9,0.6363636363636364,0.36363636363636365,1,4
13,0.71,0.82,213.19999999999996,448,87,178,0,68,False,-1,none,0.3,0.8,0.8,0.59,0.77,0.51,0.6714285714285714,1.0,0.0,56,90,0.85,0.875,0.125,7,18,0.7,0.6363636363636364,0.36363636363636365,5,2
13,0.69,0.82,212.79999999999995,448,80,186,0,77,False,-1,none,0.3,0.81,0.82,0.52,0.74,0.59,0.7,1.0,0.0,61,98,0.6,0.8235294117647058,0.17647058823529413,6,13,0.8,0.75,0.25,2,6
13,0.74,0.88,240.4,442,103,197,0,82,False,-1,none,0.3,0.88,0.89,0.64,0.88,0.59,0.7,1.0,0.0,58,109,0.75,0.7222222222222222,0.2777777777777778,8,8,1.0,0.7619047619047619,0.23809523809523808,6,8
13,0.61,0.7,187.99999999999997,460,108,170,0,62,False,-1,none,0.3,0.8,0.79,0.56,0.75,0.58,0.5714285714285714,1.0,0.0,48,95,0.65,0.7647058823529411,0.23529411764705882,6,15,0.8,0.7692307692307693,0.23076923076923078,1,5
13,0.61,0.69,188.79999999999998,461,91,176,0,84,False,-1,none,0.3,0.77,0.74,0.55,0.72,0.58,0.5714285714285714,1.0,0.0,56,87,0.75,0.6666666666666666,0.3333333333333333,14,14,0.6,0.8181818181818182,0.18181818181818182,3,2
13,0.71,0.82,219.20000000000002,448,104,179,0,80,False,-1,none,0.3,0.84,0.88,0.56,0.81,0.56,0.6857142857142857,1.0,0.0,50,97,0.7,0.8333333333333334,0.16666666666666666,6,17,0.9,0.6875,0.3125,5,4
13,0.63,0.73,203.59999999999997,457,97,181,0,59,False,-1,none,0.3,0.8,0.78,0.62,0.75,0.56,0.5571428571428572,1.0,0.0,53,92,0.85,0.7272727272727273,0.2727272727272727,11,18,0.7,0.75,0.25,4,3
13,0.69,0.81,223.60000000000002,449,98,173,0,88,False,-1,none,0.3,0.83,0.84,0.48,0.81,0.56,0.6142857142857143,1.0,0.0,44,101,0.85,0.8260869565217391,0.17391304347826086,8,13,0.9,0.6666666666666666,0.3333333333333333,4,3
13,0.67,0.81,211.2,449,78,165,0,81,False,-1,none,0.3,0.75,0.74,0.54,0.73,0.48,0.6285714285714286,1.0,0.0,46,83,0.85,0.8461538461538461,0.15384615384615385,10,20,0.6,0.7272727272727273,0.2727272727272727,3,3
13,0.74,0.9,235.6,440,87,199,0,64,False,-1,none,0.3,0.84,0.86,0.61,0.79,0.66,0.7,1.0,0.0,66,101,0.8,0.88,0.12,5,20,0.9,0.6875,0.3125,5,2
13,0.58,0.7,194.99999999999997,460,102,159,0,79,True,4,Shigh,0.3,0.77,0.78,0.46,0.76,0.54,0.5142857142857142,1.0,0.0,42,93,0.6,0.6666666666666666,0.3333333333333333,9,8,1.0,0.8125,0.1875,2,5
13,0.65,0.75,201.79999999999995,455,91,184,0,75,False,-1,none,0.3,0.81,0.83,0.54,0.78,0.54,0.6142857142857143,1.0,0.0,61,93,0.75,0.6842105263157895,0.3157894736842105,11,15,0.7,0.8461538461538461,0.15384615384615385,1,3
13,0.7,0.79,211.19999999999996,451,106,173,0,87,True,4,Shigh,0.3,0.85,0.83,0.58,0.78,0.54,0.6571428571428571,1.0,0.0,53,91,0.8,0.8,0.2,9,15,0.8,0.7692307692307693,0.23076923076923078,3,2
13,0.67,0.81,216.59999999999997,449,94,172,0,73,False,-1,none,0.3,0.79,0.77,0.58,0.78,0.55,0.6428571428571429,1.0,0.0,50,92,0.7,0.85,0.15,11,13,0.8,0.75,0.25,2,4
13,0.65,0.8,212.20000000000002,450,87,164,0,74,False,-1,none,0.3,0.78,0.77,0.51,0.75,0.5,0.6428571428571429,1.0,0.0,54,87,0.65,0.7619047619047619,0.23809523809523808,8,14,0.7,0.7142857142857143,0.2857142857142857,0,1
13,0.64,0.73,189.59999999999997,457,108,180,0,69,False,-1,none,0.3,0.82,0.83,0.59,0.77,0.6,0.6142857142857143,1.0,0.0,54,99,0.75,0.8333333333333334,0.16666666666666666,7,17,0.6,0.9166666666666666,0.08333333333333333,0,3
13,0.63,0.75,203.99999999999994,455,95,160,0,75,False,-1,none,0.3,0.79,0.76,0.5,0.73,0.52,0.5857142857142857,1.0,0.0,45,93,0.65,0.7058823529411765,0.29411764705882354,7,10,0.9,0.7647058823529411,0.23529411764705882,2,3
13,0.75,0.85,228.6,445,96,196,0,68,False,-1,none,0.3,0.85,0.8,0.66,0.8,0.66,0.7571428571428571,1.0,0.0,60,101,0.8,0.8181818181818182,0.18181818181818182,8,20,0.6,0.6,0.4,3,4
13,0.63,0.72,200.09999999999997,458,106,165,0,77,True,2,Slow,0.3,0.77,0.8,0.51,0.79,0.56,0.5714285714285714,1.0,0.0,44,87,0.7,0.625,0.375,6,20,0.9,0.6875,0.3125,4,4
13,0.66,0.78,207.8,452,103,172,0,82,False,-1,none,0.3,0.87,0.84,0.54,0.75,0.53,0.6,1.0,0.0,52,91,0.75,0.8571428571428571,0.14285714285714285,8,15,0.9,0.7333333333333333,0.26666666666666666,1,5
13,0.63,0.74,205.19999999999996,456,99,160,0,82,False,-1,none,0.3,0.78,0.79,0.48,0.77,0.51,0.5857142857142857,1.0,0.0,42,82,0.75,0.8571428571428571,0.14285714285714285,7,18,0.7,0.4166666666666667,0.5833333333333334,6,5
13,0.62,0.73,192.79999999999998,457,105,174,0,73,False,-1,none,0.3,0.83,0.79,0.53,0.77,0.6,0.6,1.0,0.0,46,95,0.65,0.75,0.25,10,14,0.7,0.7333333333333333,0.26666666666666666,2,7
13,0.69,0.77,214.8,453,85,170,0,78,False,-1,none,0.3,0.8,0.75,0.51,0.72,0.54,0.6571428571428571,1.0,0.0,58,85,0.65,0.6428571428571429,0.35714285714285715,7,12,1.0,0.7058823529411765,0.29411764705882354,4,4
13,0.69,0.84,222.0,446,107,166,0,83,False,-1,none,0.3,0.85,0.84,0.53,0.81,0.54,0.5857142857142857,1.0,0.0,43,88,0.95,0.8148148148148148,0.18518518518518517,11,19,0.9,0.8125,0.1875,1,4
13,0.67,0.8,216.60000000000002,450,76,172,0,77,False,-1,none,0.3,0.77,0.77,0.48,0.74,0.52,0.6285714285714286,1.0,0.0,44,89,0.75,0.6842105263157895,0.3157894736842105,14,16,0.8,0.7647058823529411,0.23529411764705882,3,6
13,0.54,0.58,161.79999999999998,472,91,160,0,66,False,-1,none,0.3,0.68,0.72,0.49,0.69,0.51,0.5571428571428572,1.0,0.0,48,89,0.5,0.5454545454545454,0.45454545454545453,12,7,0.5,0.625,0.375,1,3
13,0.66,0.74,206.39999999999995,456,92,189,0,85,False,-1,none,0.3,0.84,0.8,0.53,0.83,0.55,0.6428571428571429,1.0,0.0,64,100,0.65,0.7058823529411765,0.29411764705882354,8,12,0.8,0.75,0.25,2,3
13,0.63,0.7,200.99999999999994,460,92,168,0,65,False,-1,none,0.3,0.74,0.72,0.61,0.7,0.53,0.5857142857142857,1.0,0.0,48,82,0.75,0.7368421052631579,0.2631578947368421,12,19,0.7,0.6,0.4,3,4
13,0.65,0.74,208.2,456,93,174,0,79,False,-1,none,0.3,0.8,0.8,0.52,0.78,0.51,0.6142857142857143,1.0,0.0,57,90,0.85,0.7272727272727273,0.2727272727272727,7,18,0.5,0.5555555555555556,0.4444444444444444,0,2
13,0.77,0.89,231.60000000000005,441,88,199,0,74,False,-1,none,0.3,0.87,0.88,0.62,0.77,0.62,0.7571428571428571,1.0,0.0,66,101,0.7,0.9,0.1,6,17,1.0,0.8125,0.1875,1,8
13,0.61,0.66,180.00000000000003,464,99,160,0,75,False,-1,none,0.3,0.76,0.74,0.51,0.71,0.53,0.5857142857142857,1.0,0.0,39,91,0.85,0.5263157894736842,0.47368421052631576,16,13,0.3,0.8333333333333334,0.16666666666666666,1,0
13,0.61,0.74,193.2,456,93,160,0,78,False,-1,none,0.3,0.77,0.76,0.53,0.73,0.48,0.5428571428571428,1.0,0.0,43,87,0.8,0.8695652173913043,0.13043478260869565,9,16,0.7,0.7692307692307693,0.23076923076923078,0,5
13,0.58,0.66,177.20000000000002,464,97,172,0,65,False,-1,none,0.3,0.77,0.77,0.47,0.77,0.57,0.5714285714285714,1.0,0.0,50,100,0.6,0.8,0.2,6,11,0.6,0.5454545454545454,0.45454545454545453,1,4
13,0.58,0.71,194.79999999999995,459,91,157,0,71,False,-1,none,0.3,0.73,0.74,0.5,0.74,0.48,0.5571428571428572,1.0,0.0,42,86,0.7,0.7619047619047619,0.23809523809523808,13,12,0.5,0.6363636363636364,0.36363636363636365,1,3
13,0.74,0.88,206.72000000000003,442,86,168,0,83,True,0,Slow,0.3,0.78,0.83,0.58,0.72,0.51,0.7142857142857143,1.0,0.0,53,86,0.85,0.84,0.16,8,17,0.7,0.7692307692307693,0.23076923076923078,2,2
13,0.76,0.87,231.79999999999998,443,89,170,0,69,False,-1,none,0.3,0.81,0.8,0.61,0.71,0.53,0.7285714285714285,1.0,0.0,54,91,0.85,0.7727272727272727,0.22727272727272727,10,11,0.8,0.7142857142857143,0.2857142857142857,2,2
13,0.64,0.72,206.99999999999994,458,101,179,0,68,False,-1,none,0.3,0.81,0.79,0.58,0.77,0.57,0.6,1.0,0.0,53,94,0.8,0.7619047619047619,0.23809523809523808,8,18,0.6,0.5555555555555556,0.4444444444444444,2,4
13,0.61,0.75,200.0,455,95,172,0,83,False,-1,none,0.3,0.76,0.84,0.51,0.76,0.55,0.5571428571428572,1.0,0.0,53,92,0.75,0.9047619047619048,0.09523809523809523,2,18,0.7,0.7333333333333333,0.26666666666666666,2,5
13,0.7,0.83,226.8,447,105,192,0,60,False,-1,none,0.3,0.87,0.86,0.58,0.83,0.66,0.6285714285714286,1.0,0.0,53,101,0.85,0.782608695652174,0.21739130434782608,11,20,0.9,0.625,0.375,5,2
13,0.79,0.88,227.00000000000003,442,88,197,0,77,False,-1,none,0.3,0.84,0.84,0.58,0.8,0.67,0.7857142857142857,1.0,0.0,66,103,0.75,0.8421052631578947,0.15789473684210525,3,16,0.9,0.7142857142857143,0.2857142857142857,6,3
13,0.75,0.9,238.8,440,93,185,0,92,False,-1,none,0.3,0.88,0.87,0.55,0.82,0.56,0.7285714285714285,1.0,0.0,56,96,0.75,0.75,0.25,8,16,0.9,0.7368421052631579,0.2631578947368421,5,4
13,0.7,0.82,200.00000000000009,448,85,171,0,77,False,-1,none,0.3,0.83,0.81,0.54,0.77,0.43,0.6857142857142857,1.0,0.0,58,86,0.7,0.9090909090909091,0.09090909090909091,6,18,0.8,0.75,0.25,2,1
13,0.75,0.91,235.40000000000006,439,100,191,0,78,False,-1,none,0.3,0.88,0.9,0.62,0.77,0.65,0.6571428571428571,1.0,0.0,56,96,0.95,0.8076923076923077,0.19230769230769232,13,22,1.0,0.7894736842105263,0.21052631578947367,1,3
13,0.68,0.8,213.40000000000003,450,81,181,0,68,False,-1,none,0.3,0.77,0.79,0.57,0.74,0.55,0.6428571428571429,1.0,0.0,47,92,0.8,0.8333333333333334,0.16666666666666666,10,21,0.7,0.7272727272727273,0.2727272727272727,4,7
13,0.68,0.78,170.88,452,87,177,0,73,True,0,Slow,0.3,0.77,0.82,0.53,0.72,0.58,0.7,1.0,0.0,55,103,0.7,0.9,0.1,3,11,0.5,0.8888888888888888,0.1111111111111111,1,4
13,0.63,0.74,190.4,456,110,168,0,68,False,-1,none,0.3,0.77,0.78,0.59,0.8,0.58,0.5571428571428572,1.0,0.0,47,92,0.8,0.8,0.2,6,17,0.8,0.8,0.2,0,6
13,0.63,0.7,173.79999999999998,460,93,168,0,89,False,-1,none,0.3,0.81,0.8,0.54,0.72,0.44,0.6428571428571429,1.0,0.0,59,87,0.65,0.8235294117647058,0.17647058823529413,6,13,0.5,0.875,0.125,0,3
13,0.72,0.88,231.60000000000002,442,104,176,0,77,False,-1,none,0.3,0.83,0.86,0.61,0.81,0.57,0.6714285714285714,1.0,0.0,51,94,0.8,0.782608695652174,0.21739130434782608,9,15,0.9,0.7222222222222222,0.2777777777777778,0,7
13,0.74,0.86,225.60000000000002,444,86,191,0,87,False,-1,none,0.3,0.85,0.85,0.55,0.83,0.55,0.7285714285714285,1.0,0.0,53,98,0.65,0.7647058823529411,0.23529411764705882,10,22,1.0,0.8888888888888888,0.1111111111111111,1,7
13,0.65,0.8,207.40000000000003,450,84,165,0,76,False,-1,none,0.3,0.77,0.78,0.54,0.75,0.45,0.6142857142857143,1.0,0.0,52,87,0.7,0.8947368421052632,0.10526315789473684,2,16,0.8,0.7222222222222222,0.2777777777777778,7,1
13,0.68,0.89,209.36000000000004,441,97,172,0,67,True,2,Slow,0.3,0.82,0.83,0.63,0.77,0.53,0.6571428571428571,1.0,0.0,54,93,0.75,0.8076923076923077,0.19230769230769232,8,13,0.7,0.8823529411764706,0.11764705882352941,2,2
13,0.65,0.77,193.60000000000002,453,94,164,0,75,False,-1,none,0.3,0.79,0.79,0.56,0.74,0.47,0.5857142857142857,1.0,0.0,49,88,0.8,0.7727272727272727,0.22727272727272727,11,11,0.8,0.9285714285714286,0.07142857142857142,3,2
13,0.66,0.78,209.0,452,87,164,0,71,False,-1,none,0.3,0.79,0.78,0.47,0.69,0.56,0.6285714285714286,1.0,0.0,50,82,0.7,0.8,0.2,9,17,0.8,0.7142857142857143,0.2857142857142857,1,5
13,0.63,0.77,199.40000000000003,453,98,173,0,72,False,-1,none,0.3,0.79,0.8,0.57,0.78,0.54,0.5857142857142857,1.0,0.0,53,91,0.7,0.85,0.15,3,17,0.8,0.8125,0.1875,0,9
13,0.71,0.81,222.8,449,95,171,0,63,False,-1,none,0.3,0.77,0.82,0.62,0.71,0.55,0.6571428571428571,1.0,0.0,53,84,0.8,0.7894736842105263,0.21052631578947367,8,19,0.9,0.6875,0.3125,2,5
13,0.7,0.79,195.80000000000004,451,104,174,0,78,False,-1,none,0.3,0.82,0.82,0.57,0.75,0.61,0.6428571428571429,1.0,0.0,57,96,0.8,0.8947368421052632,0.10526315789473684,3,16,0.9,0.8666666666666667,0.13333333333333333,0,2
13,0.65,0.76,210.0,454,82,190,0,77,False,-1,none,0.3,0.79,0.83,0.59,0.76,0.51,0.6,1.0,0.0,61,91,0.75,0.6666666666666666,0.3333333333333333,17,15,0.8,0.75,0.25,2,4
13,0.67,0.79,204.60000000000005,451,106,172,0,73,False,-1,none,0.3,0.78,0.82,0.62,0.82,0.53,0.6428571428571429,1.0,0.0,42,95,0.65,0.8947368421052632,0.10526315789473684,7,17,0.9,0.6666666666666666,0.3333333333333333,5,6
13,0.71,0.82,210.80000000000004,448,92,178,0,73,False,-1,none,0.3,0.8,0.8,0.6,0.77,0.55,0.6714285714285714,1.0,0.0,57,91,0.8,0.6818181818181818,0.3181818181818182,13,16,0.8,0.9230769230769231,0.07692307692307693,0,1
13,0.7,0.75,195.8,455,102,193,0,65,False,-1,none,0.3,0.83,0.82,0.64,0.78,0.63,0.7,1.0,0.0,63,103,0.65,0.8666666666666667,0.13333333333333333,5,16,0.8,0.6363636363636364,0.36363636363636365,1,5
13,0.63,0.74,195.20000000000005,456,93,155,0,68,False,-1,none,0.3,0.74,0.73,0.56,0.71,0.48,0.6285714285714286,1.0,0.0,45,83,0.65,0.7894736842105263,0.21052631578947367,10,11,0.6,0.5454545454545454,0.45454545454545453,2,4
14,0.61,0.75,177.0,455,113,143,0,79,True,4,Shigh,0.3,0.75,0.76,0.5,0.72,0.58,0.5571428571428572,1.0,0.0,36,90,0.75,0.75,0.25,3,9,0.7,0.75,0.25,2,3
14,0.59,0.74,197.20000000000005,456,109,157,0,80,True,2,Slow,0.3,0.83,0.78,0.54,0.74,0.51,0.5142857142857142,1.0,0.0,42,85,0.8,0.7083333333333334,0.2916666666666667,13,14,0.7,0.6153846153846154,0.38461538461538464,0,3
14,0.71,0.85,205.80000000000007,445,101,163,0,96,False,-1,none,0.3,0.8,0.86,0.54,0.76,0.53,0.6571428571428571,1.0,0.0,48,90,0.85,0.88,0.12,5,18,0.8,0.7857142857142857,0.21428571428571427,0,2
14,0.72,0.89,233.2,441,97,176,0,73,False,-1,none,0.3,0.84,0.81,0.63,0.79,0.55,0.6857142857142857,1.0,0.0,60,94,0.75,0.88,0.12,4,11,0.9,0.6875,0.3125,3,4
14,0.73,0.89,217.40000000000006,441,95,178,0,78,False,-1,none,0.3,0.84,0.87,0.53,0.8,0.58,0.7428571428571429,1.0,0.0,52,99,0.6,0.95,0.05,3,15,0.9,0.7647058823529411,0.23529411764705882,2,7
14,0.72,0.82,199.99999999999997,448,108,180,0,65,True,2,Slow,0.3,0.85,0.85,0.57,0.79,0.64,0.7142857142857143,1.0,0.0,47,103,0.7,0.7777777777777778,0.2222222222222222,10,18,0.8,0.7857142857142857,0.21428571428571427,2,0
14,0.59,0.72,197.19999999999996,458,97,176,0,70,False,-1,none,0.3,0.77,0.79,0.59,0.75,0.55,0.5428571428571428,1.0,0.0,49,92,0.65,0.75,0.25,12,17,0.8,0.7142857142857143,0.2857142857142857,3,3
14,0.63,0.76,194.39999999999998,454,91,168,0,85,False,-1,none,0.3,0.82,0.75,0.48,0.79,0.51,0.6,1.0,0.0,49,89,0.7,0.9047619047619048,0.09523809523809523,6,18,0.7,0.7692307692307693,0.23076923076923078,0,6
14,0.59,0.67,174.39999999999998,463,94,154,0,70,False,-1,none,0.3,0.69,0.72,0.55,0.69,0.5,0.5714285714285714,1.0,0.0,52,85,0.55,0.7692307692307693,0.23076923076923078,3,9,0.8,0.7857142857142857,0.21428571428571427,2,3
14,0.63,0.71,198.79999999999995,459,92,155,0,77,False,-1,none,0.3,0.75,0.74,0.48,0.72,0.49,0.6285714285714286,1.0,0.0,48,86,0.6,0.8125,0.1875,8,8,0.7,0.45454545454545453,0.5454545454545454,1,4
14,0.68,0.88,222.6,442,110,158,0,89,True,4,Shigh,0.3,0.87,0.86,0.63,0.73,0.47,0.6571428571428571,1.0,0.0,52,85,0.85,0.7857142857142857,0.21428571428571427,7,11,0.5,0.8571428571428571,0.14285714285714285,0,3
14,0.74,0.87,230.39999999999998,443,88,183,0,82,False,-1,none,0.3,0.86,0.82,0.59,0.77,0.54,0.7142857142857143,1.0,0.0,60,93,0.8,0.7727272727272727,0.22727272727272727,12,15,0.8,0.7333333333333333,0.26666666666666666,0,3
14,0.74,0.84,239.0,446,80,182,0,74,False,-1,none,0.3,0.8,0.81,0.53,0.81,0.51,0.6857142857142857,1.0,0.0,53,92,0.8,0.7368421052631579,0.2631578947368421,13,15,1.0,0.6470588235294118,0.35294117647058826,4,5
14,0.65,0.76,209.20000000000002,454,83,156,0,60,False,-1,none,0.3,0.72,0.74,0.5,0.71,0.48,0.6285714285714286,1.0,0.0,48,83,0.6,0.8947368421052632,0.10526315789473684,6,9,0.9,0.46153846153846156,0.5384615384615384,5,5
14,0.67,0.76,202.99999999999997,454,120,179,0,75,False,-1,none,0.3,0.87,0.86,0.61,0.8,0.61,0.6285714285714286,1.0,0.0,50,104,0.75,0.782608695652174,0.21739130434782608,7,16,0.8,0.5555555555555556,0.4444444444444444,1,1
14,0.68,0.78,213.99999999999997,452,112,160,0,80,False,-1,none,0.3,0.77,0.82,0.56,0.81,0.54,0.6428571428571429,1.0,0.0,37,92,0.7,0.8947368421052632,0.10526315789473684,7,18,0.9,0.5,0.5,2,4
14,0.69,0.85,206.2,445,90,183,0,67,True,2,Slow,0.3,0.78,0.82,0.6,0.78,0.6,0.6571428571428571,1.0,0.0,54,93,0.8,0.7916666666666666,0.20833333333333334,9,20,0.7,0.8666666666666667,0.13333333333333333,2,5
14,0.76,0.89,232.00000000000003,441,93,201,0,77,False,-1,none,0.3,0.83,0.87,0.62,0.85,0.66,0.7428571428571429,1.0,0.0,64,104,0.8,0.8571428571428571,0.14285714285714285,5,23,0.8,0.75,0.25,1,4
14,0.68,0.82,202.0,448,77,160,0,76,False,-1,none,0.3,0.75,0.75,0.48,0.74,0.47,0.6571428571428571,1.0,0.0,50,81,0.7,0.9545454545454546,0.045454545454545456,3,19,0.8,0.7857142857142857,0.21428571428571427,3,4
14,0.72,0.85,231.40000000000003,445,100,189,0,71,False,-1,none,0.3,0.82,0.85,0.57,0.84,0.66,0.6857142857142857,1.0,0.0,52,107,0.85,0.8076923076923077,0.19230769230769232,9,15,0.7,0.5454545454545454,0.45454545454545453,4,2
14,0.72,0.82,221.40000000000003,448,85,175,0,78,False,-1,none,0.3,0.78,0.81,0.47,0.78,0.58,0.6714285714285714,1.0,0.0,52,96,0.85,0.8181818181818182,0.18181818181818182,5,17,0.8,0.6153846153846154,0.38461538461538464,2,3
14,0.76,0.91,232.40000000000003,439,97,182,0,75,False,-1,none,0.3,0.87,0.84,0.62,0.82,0.55,0.7285714285714285,1.0,0.0,57,93,0.8,0.84,0.16,8,19,0.9,0.7333333333333333,0.26666666666666666,2,3
14,0.73,0.83,216.20000000000005,447,86,162,0,84,False,-1,none,0.3,0.79,0.74,0.53,0.72,0.53,0.7142857142857143,1.0,0.0,50,90,0.8,0.782608695652174,0.21739130434782608,9,11,0.7,0.7,0.3,1,1
14,0.73,0.82,237.40000000000003,448,87,179,0,82,False,-1,none,0.3,0.85,0.82,0.45,0.8,0.56,0.6857142857142857,1.0,0.0,49,94,0.85,0.5,0.5,18,13,0.8,0.7142857142857143,0.2857142857142857,3,2
14,0.7,0.78,211.0,452,109,174,0,79,False,-1,none,0.3,0.8,0.85,0.6,0.76,0.6,0.6714285714285714,1.0,0.0,48,98,0.8,0.8,0.2,8,17,0.7,0.6363636363636364,0.36363636363636365,2,1
14,0.59,0.7,189.2,460,91,154,0,75,False,-1,none,0.3,0.76,0.71,0.46,0.72,0.5,0.5571428571428572,1.0,0.0,48,85,0.55,0.7647058823529411,0.23529411764705882,8,11,0.9,0.7857142857142857,0.21428571428571427,1,1
14,0.66,0.72,199.99999999999997,458,95,166,0,72,False,-1,none,0.3,0.77,0.77,0.52,0.73,0.54,0.6571428571428571,1.0,0.0,46,92,0.7,0.47058823529411764,0.5294117647058824,16,11,0.6,0.8888888888888888,0.1111111111111111,0,1
14,0.68,0.79,206.59999999999997,451,100,171,0,75,False,-1,none,0.3,0.78,0.83,0.59,0.77,0.53,0.6714285714285714,1.0,0.0,50,97,0.65,0.7647058823529411,0.23529411764705882,8,14,0.8,0.8,0.2,0,2
14,0.74,0.87,238.8,443,98,188,0,77,False,-1,none,0.3,0.88,0.86,0.55,0.79,0.65,0.7571428571428571,1.0,0.0,58,103,0.55,0.8947368421052632,0.10526315789473684,5,15,1.0,0.5333333333333333,0.4666666666666667,3,4
14,0.7,0.76,195.79999999999998,454,96,176,0,87,False,-1,none,0.3,0.79,0.85,0.55,0.75,0.54,0.7142857142857143,1.0,0.0,56,95,0.7,0.9411764705882353,0.058823529411764705,4,16,0.6,0.6666666666666666,0.3333333333333333,4,1
14,0.65,0.75,210.39999999999998,455,89,174,0,77,False,-1,none,0.3,0.79,0.76,0.53,0.76,0.54,0.6142857142857143,1.0,0.0,52,90,0.7,0.7142857142857143,0.2857142857142857,7,19,0.8,0.6363636363636364,0.36363636363636365,2,4
14,0.68,0.82,212.60000000000002,448,119,177,0,62,True,4,Shigh,0.3,0.87,0.84,0.62,0.83,0.62,0.6285714285714286,1.0,0.0,48,105,0.75,0.8461538461538461,0.15384615384615385,8,15,0.9,0.75,0.25,0,1
14,0.72,0.86,222.60000000000002,444,89,184,0,71,False,-1,none,0.3,0.82,0.83,0.66,0.72,0.56,0.7,1.0,0.0,65,95,0.75,0.75,0.25,8,9,0.8,0.7692307692307693,0.23076923076923078,2,5
14,0.66,0.75,183.23999999999995,455,110,163,0,92,True,2,Slow,0.3,0.83,0.84,0.45,0.79,0.57,0.5857142857142857,1.0,0.0,43,97,0.9,0.8636363636363636,0.13636363636363635,3,14,0.7,0.8333333333333334,0.16666666666666666,1,5
14,0.65,0.76,218.59999999999994,454,98,154,0,77,False,-1,none,0.3,0.75,0.75,0.52,0.77,0.49,0.6,1.0,0.0,36,92,0.8,0.6190476190476191,0.38095238095238093,11,10,0.7,0.6153846153846154,0.38461538461538464,4,1
14,0.7,0.8,213.6,450,98,172,0,95,False,-1,none,0.3,0.82,0.8,0.57,0.77,0.54,0.7285714285714285,1.0,0.0,52,89,0.5,0.9230769230769231,0.07692307692307693,3,19,0.9,0.6875,0.3125,4,5
14,0.67,0.78,204.39999999999995,452,90,163,0,79,False,-1,none,0.3,0.75,0.76,0.52,0.75,0.53,0.6,1.0,0.0,55,78,0.85,0.8181818181818182,0.18181818181818182,7,22,0.8,0.8571428571428571,0.14285714285714285,1,0
14,0.7,0.84,223.1,446,93,165,0,78,True,4,Shigh,0.3,0.78,0.81,0.53,0.74,0.56,0.7,1.0,0.0,49,91,0.6,0.7894736842105263,0.21052631578947367,6,9,0.9,0.5625,0.4375,7,3
14,0.66,0.84,228.33999999999997,446,94,159,0,73,True,3,Shigh,0.3,0.77,0.79,0.49,0.75,0.57,0.5857142857142857,1.0,0.0,45,85,0.8,0.6923076923076923,0.3076923076923077,8,17,0.9,0.7647058823529411,0.23529411764705882,1,3
14,0.67,0.79,206.4,451,122,181,0,78,False,-1,none,0.3,0.89,0.89,0.6,0.84,0.6,0.6428571428571429,1.0,0.0,55,101,0.7,0.7727272727272727,0.22727272727272727,7,12,0.8,0.8333333333333334,0.16666666666666666,2,4
14,0.72,0.83,211.40000000000006,447,92,185,0,75,False,-1,none,0.3,0.83,0.85,0.5,0.82,0.6,0.7285714285714285,1.0,0.0,57,98,0.65,0.7647058823529411,0.23529411764705882,8,15,0.8,0.6666666666666666,0.3333333333333333,4,3
14,0.6,0.65,175.0,465,107,155,0,63,False,-1,none,0.3,0.74,0.74,0.54,0.72,0.53,0.5428571428571428,1.0,0.0,42,82,0.75,0.6666666666666666,0.3333333333333333,11,18,0.7,0.7777777777777778,0.2222222222222222,0,2
14,0.65,0.74,187.22000000000003,456,97,155,0,79,True,2,Slow,0.3,0.74,0.79,0.46,0.73,0.54,0.6142857142857143,1.0,0.0,42,86,0.8,0.9130434782608695,0.08695652173913043,4,18,0.6,0.375,0.625,1,4
14,0.69,0.83,225.59999999999997,447,86,169,0,82,False,-1,none,0.3,0.76,0.78,0.6,0.74,0.5,0.6571428571428571,1.0,0.0,53,82,0.8,0.8695652173913043,0.13043478260869565,6,17,0.7,0.6428571428571429,0.35714285714285715,4,7
14,0.66,0.85,226.79999999999998,445,98,166,0,81,False,-1,none,0.3,0.85,0.81,0.51,0.78,0.54,0.6142857142857143,1.0,0.0,43,91,0.75,0.8461538461538461,0.15384615384615385,8,16,0.8,0.75,0.25,4,4
14,0.73,0.85,224.48000000000005,445,100,180,0,65,True,3,Shigh,0.3,0.84,0.84,0.63,0.8,0.54,0.7,1.0,0.0,55,96,0.85,0.6818181818181818,0.3181818181818182,11,11,0.7,0.7142857142857143,0.2857142857142857,2,5
14,0.71,0.85,200.59999999999997,445,92,178,0,60,True,1,Slow,0.3,0.79,0.78,0.61,0.75,0.62,0.7142857142857143,1.0,0.0,51,101,0.75,0.7727272727272727,0.22727272727272727,10,9,0.6,0.7692307692307693,0.23076923076923078,2,5
14,0.76,0.91,191.66,439,81,175,0,88,True,1,Slow,0.3,0.74,0.83,0.57,0.77,0.56,0.7571428571428571,1.0,0.0,55,96,0.75,0.9130434782608695,0.08695652173913043,2,18,0.8,0.8,0.2,1,3
14,0.65,0.74,195.8,456,99,169,0,63,False,-1,none,0.3,0.8,0.8,0.5,0.78,0.54,0.5857142857142857,1.0,0.0,54,92,0.75,0.7647058823529411,0.23529411764705882,8,10,0.9,0.625,0.375,2,3
14,0.72,0.9,228.60000000000002,440,94,161,0,70,False,-1,none,0.3,0.77,0.76,0.62,0.7,0.6,0.6857142857142857,1.0,0.0,49,88,0.75,0.8636363636363636,0.13636363636363635,5,14,0.9,0.85,0.15,4,1
14,0.77,0.91,245.00000000000006,439,86,188,0,80,False,-1,none,0.3,0.86,0.83,0.54,0.8,0.62,0.7428571428571429,1.0,0.0,52,103,0.8,0.5652173913043478,0.43478260869565216,21,10,0.9,0.75,0.25,0,2
14,0.63,0.72,186.00000000000003,458,71,161,0,71,False,-1,none,0.3,0.71,0.72,0.48,0.65,0.48,0.6571428571428571,1.0,0.0,48,83,0.65,0.8421052631578947,0.15789473684210525,10,20,0.4,0.7142857142857143,0.2857142857142857,0,0
14,0.8,0.94,242.00000000000006,436,86,175,0,95,False,-1,none,0.3,0.87,0.84,0.55,0.82,0.47,0.7857142857142857,1.0,0.0,59,90,0.8,0.631578947368421,0.3684210526315789,8,11,0.9,0.8,0.2,4,3
14,0.7,0.82,209.40000000000003,448,93,164,0,76,False,-1,none,0.3,0.79,0.83,0.48,0.77,0.52,0.7142857142857143,1.0,0.0,47,90,0.6,0.8888888888888888,0.1111111111111111,3,19,0.8,0.7857142857142857,0.21428571428571427,2,3
14,0.67,0.8,208.99999999999997,450,93,169,0,78,False,-1,none,0.3,0.76,0.79,0.57,0.74,0.56,0.6428571428571429,1.0,0.0,49,89,0.7,0.7894736842105263,0.21052631578947367,10,15,0.8,0.8125,0.1875,2,4
14,0.72,0.89,232.80000000000004,441,96,185,0,75,False,-1,none,0.3,0.86,0.87,0.58,0.85,0.54,0.6714285714285714,1.0,0.0,56,97,0.9,0.8214285714285714,0.17857142857142858,10,16,0.7,0.6428571428571429,0.35714285714285715,2,4
14,0.61,0.73,188.99999999999997,457,103,162,0,77,False,-1,none,0.3,0.82,0.75,0.53,0.78,0.5,0.5571428571428572,1.0,0.0,50,88,0.8,1.0,0.0,0,21,0.6,0.6,0.4,2,1
14,0.64,0.76,197.84,454,119,160,0,90,True,4,Shigh,0.3,0.8,0.87,0.5,0.81,0.57,0.6142857142857143,1.0,0.0,37,101,0.7,0.7727272727272727,0.22727272727272727,6,13,0.7,0.6363636363636364,0.36363636363636365,2,1
14,0.69,0.76,217.99999999999997,454,103,150,0,86,False,-1,none,0.3,0.79,0.7,0.54,0.74,0.52,0.6142857142857143,1.0,0.0,37,85,0.8,0.7222222222222222,0.2777777777777778,7,15,1.0,0.5333333333333333,0.4666666666666667,2,4
14,0.69,0.77,239.20000000000002,453,88,198,0,67,False,-1,none,0.3,0.82,0.82,0.53,0.82,0.64,0.6714285714285714,1.0,0.0,55,104,0.7,0.5882352941176471,0.4117647058823529,11,20,0.8,0.38461538461538464,0.6153846153846154,6,2
14,0.6,0.72,202.39999999999998,458,106,169,0,78,False,-1,none,0.3,0.8,0.79,0.54,0.75,0.59,0.5857142857142857,1.0,0.0,42,99,0.6,0.7647058823529411,0.23529411764705882,9,13,0.7,0.7142857142857143,0.2857142857142857,2,4
14,0.67,0.78,200.40000000000003,452,105,172,0,70,False,-1,none,0.3,0.82,0.8,0.57,0.79,0.57,0.6142857142857143,1.0,0.0,49,97,0.8,0.8636363636363636,0.13636363636363635,8,13,0.8,0.7692307692307693,0.23076923076923078,3,2
14,0.71,0.85,218.60000000000008,445,90,174,0,81,False,-1,none,0.3,0.82,0.81,0.54,0.74,0.58,0.7,1.0,0.0,51,91,0.75,0.8636363636363636,0.13636363636363635,6,19,0.7,0.6428571428571429,0.35714285714285715,4,3
14,0.63,0.7,201.79999999999995,460,96,171,0,68,False,-1,none,0.3,0.71,0.77,0.56,0.78,0.55,0.6142857142857143,1.0,0.0,49,94,0.6,0.6666666666666666,0.3333333333333333,9,14,0.8,0.5833333333333334,0.4166666666666667,2,3
14,0.54,0.59,164.39999999999995,471,86,159,0,76,False,-1,none,0.3,0.7,0.72,0.48,0.66,0.48,0.5428571428571428,1.0,0.0,49,80,0.6,0.75,0.25,12,16,0.4,0.6,0.4,0,2
14,0.57,0.71,165.85999999999999,459,113,170,0,66,True,2,Slow,0.3,0.8,0.81,0.56,0.76,0.61,0.5285714285714286,1.0,0.0,48,94,0.65,0.9047619047619048,0.09523809523809523,5,19,0.7,0.6923076923076923,0.3076923076923077,0,4
15,0.61,0.76,196.0,454,122,168,0,74,False,-1,none,0.3,0.83,0.85,0.57,0.81,0.6,0.5428571428571428,1.0,0.0,42,102,0.65,0.8125,0.1875,6,10,1.0,0.6363636363636364,0.36363636363636365,4,4
15,0.64,0.72,191.8,458,101,183,0,69,False,-1,none,0.3,0.8,0.8,0.53,0.8,0.63,0.6142857142857143,1.0,0.0,49,101,0.7,0.625,0.375,10,15,0.7,0.7692307692307693,0.23076923076923078,3,5
15,0.66,0.79,203.59999999999997,451,78,160,0,78,False,-1,none,0.3,0.74,0.7,0.48,0.7,0.55,0.6285714285714286,1.0,0.0,46,87,0.7,0.75,0.25,9,11,0.8,0.7333333333333333,0.26666666666666666,3,4
15,0.62,0.73,197.99999999999997,457,99,168,0,75,False,-1,none,0.3,0.81,0.82,0.5,0.78,0.49,0.6142857142857143,1.0,0.0,55,88,0.55,0.7647058823529411,0.23529411764705882,4,13,0.8,0.6923076923076923,0.3076923076923077,2,6
15,0.73,0.87,229.60000000000005,443,90,165,0,73,False,-1,none,0.3,0.8,0.77,0.58,0.75,0.52,0.6857142857142857,1.0,0.0,54,87,0.85,0.782608695652174,0.21739130434782608,9,12,0.8,0.75,0.25,1,2
15,0.68,0.8,211.99999999999994,450,99,165,0,86,False,-1,none,0.3,0.78,0.8,0.59,0.74,0.53,0.6142857142857143,1.0,0.0,47,90,0.85,0.92,0.08,6,15,0.8,0.5,0.5,5,2
15,0.66,0.8,215.19999999999996,450,94,172,0,74,False,-1,none,0.3,0.83,0.77,0.54,0.75,0.57,0.6428571428571429,1.0,0.0,50,94,0.65,0.8421052631578947,0.15789473684210525,6,14,0.8,0.625,0.375,4,4
15,0.76,0.96,250.80000000000004,434,85,175,0,64,False,-1,none,0.3,0.82,0.83,0.56,0.77,0.58,0.7428571428571429,1.0,0.0,56,93,0.7,0.8695652173913043,0.13043478260869565,3,13,1.0,0.6666666666666666,0.3333333333333333,4,6
15,0.67,0.81,204.00000000000003,449,106,147,0,76,False,-1,none,0.3,0.8,0.78,0.52,0.7,0.54,0.5714285714285714,1.0,0.0,48,79,0.85,0.8181818181818182,0.18181818181818182,7,11,1.0,0.8421052631578947,0.15789473684210525,0,2
15,0.68,0.86,228.79999999999998,444,107,168,0,99,True,3,Shigh,0.3,0.86,0.91,0.48,0.81,0.55,0.6,1.0,0.0,57,95,0.85,0.6923076923076923,0.3076923076923077,5,6,0.9,0.6666666666666666,0.3333333333333333,3,2
15,0.69,0.84,190.15999999999997,446,88,171,0,67,True,0,Slow,0.3,0.78,0.75,0.58,0.74,0.58,0.6714285714285714,1.0,0.0,55,91,0.7,0.9047619047619048,0.09523809523809523,4,17,0.8,0.7333333333333333,0.26666666666666666,1,3
15,0.68,0.82,210.99999999999997,448,110,164,0,74,True,4,Shigh,0.3,0.84,0.84,0.61,0.75,0.52,0.5857142857142857,1.0,0.0,48,91,0.95,0.7307692307692307,0.2692307692307692,12,10,0.8,0.9333333333333333,0.06666666666666667,1,2
15,0.73,0.87,238.4,443,80,184,0,79,False,-1,none,0.3,0.83,0.83,0.51,0.79,0.55,0.6857142857142857,1.0,0.0,52,95,0.85,0.72,0.28,15,16,0.8,0.7857142857142857,0.21428571428571427,3,3
15,0.65,0.84,220.0,446,99,181,0,71,False,-1,none,0.3,0.84,0.81,0.62,0.82,0.55,0.6142857142857143,1.0,0.0,56,95,0.7,0.9166666666666666,0.08333333333333333,4,15,0.8,0.7058823529411765,0.29411764705882354,4,7
15,0.67,0.82,218.80000000000004,448,93,182,0,68,False,-1,none,0.3,0.82,0.83,0.57,0.72,0.63,0.6285714285714286,1.0,0.0,60,93,0.7,0.8571428571428571,0.14285714285714285,5,18,0.9,0.7647058823529411,0.23529411764705882,2,4
15,0.65,0.81,210.0,449,101,159,0,84,False,-1,none,0.3,0.82,0.79,0.54,0.78,0.48,0.5428571428571428,1.0,0.0,48,84,0.95,0.896551724137931,0.10344827586206896,4,19,0.8,0.7857142857142857,0.21428571428571427,1,3
15,0.66,0.77,215.59999999999997,453,103,170,0,80,False,-1,none,0.3,0.82,0.83,0.51,0.78,0.56,0.6,1.0,0.0,56,91,0.85,0.7272727272727273,0.2727272727272727,7,12,0.7,0.5384615384615384,0.46153846153846156,1,3
15,0.71,0.83,214.79999999999998,447,76,179,0,82,False,-1,none,0.3,0.8,0.78,0.54,0.73,0.53,0.6714285714285714,1.0,0.0,62,85,0.8,0.8095238095238095,0.19047619047619047,9,19,0.8,0.8666666666666667,0.13333333333333333,0,4
15,0.6,0.7,184.79999999999998,460,103,148,0,74,False,-1,none,0.3,0.75,0.72,0.51,0.73,0.5,0.5857142857142857,1.0,0.0,48,83,0.6,0.9411764705882353,0.058823529411764705,3,11,0.7,0.5,0.5,0,3
15,0.71,0.85,223.59999999999997,445,86,173,0,71,False,-1,none,0.3,0.8,0.8,0.52,0.75,0.57,0.6571428571428571,1.0,0.0,48,92,0.8,0.8260869565217391,0.17391304347826086,7,18,0.9,0.75,0.25,3,5
15,0.7,0.83,221.8,447,97,174,0,76,False,-1,none,0.3,0.79,0.83,0.48,0.8,0.64,0.6571428571428571,1.0,0.0,45,102,0.75,0.7142857142857143,0.2857142857142857,11,12,0.9,0.75,0.25,1,3
15,0.71,0.83,215.19999999999996,447,106,165,0,86,True,2,Slow,0.3,0.83,0.84,0.57,0.77,0.53,0.6714285714285714,1.0,0.0,49,91,0.75,0.6666666666666666,0.3333333333333333,8,12,0.9,0.8,0.2,0,5
15,0.73,0.84,231.60000000000002,446,94,191,0,86,False,-1,none,0.3,0.85,0.88,0.54,0.76,0.66,0.7142857142857143,1.0,0.0,60,98,0.75,0.6842105263157895,0.3157894736842105,13,14,0.8,0.7333333333333333,0.26666666666666666,4,2
15,0.7,0.83,219.6,447,80,182,0,70,False,-1,none,0.3,0.81,0.78,0.59,0.74,0.53,0.7142857142857143,1.0,0.0,63,96,0.7,0.8695652173913043,0.13043478260869565,9,12,0.6,0.6,0.4,0,2
15,0.66,0.84,211.0,446,77,160,0,74,False,-1,none,0.3,0.75,0.74,0.54,0.66,0.52,0.5571428571428572,1.0,0.0,53,76,0.95,0.9285714285714286,0.07142857142857142,6,19,0.8,0.8235294117647058,0.17647058823529413,2,4
15,0.71,0.84,209.00000000000003,446,106,173,0,72,False,-1,none,0.3,0.82,0.85,0.59,0.76,0.61,0.6714285714285714,1.0,0.0,52,96,0.85,0.9615384615384616,0.038461538461538464,1,20,0.7,0.6363636363636364,0.36363636363636365,1,3
15,0.72,0.87,239.00000000000006,443,77,182,0,69,False,-1,none,0.3,0.8,0.75,0.56,0.76,0.59,0.6714285714285714,1.0,0.0,57,90,0.75,0.65,0.35,12,11,1.0,0.7,0.3,5,7
15,0.62,0.71,179.11999999999998,459,92,164,0,78,True,0,Slow,0.3,0.8,0.76,0.52,0.72,0.47,0.6285714285714286,1.0,0.0,53,90,0.7,0.6666666666666666,0.3333333333333333,8,11,0.4,0.7777777777777778,0.2222222222222222,2,0
15,0.7,0.85,228.94,445,103,182,0,70,True,4,Shigh,0.3,0.83,0.85,0.67,0.78,0.57,0.6571428571428571,1.0,0.0,58,99,0.75,0.7272727272727273,0.2727272727272727,9,11,0.9,0.8235294117647058,0.17647058823529413,0,5
15,0.61,0.71,195.4,459,100,158,0,76,False,-1,none,0.3,0.78,0.77,0.49,0.69,0.56,0.6,1.0,0.0,45,93,0.6,0.6470588235294118,0.35294117647058826,7,9,0.7,0.75,0.25,3,1
15,0.71,0.82,229.4,448,93,181,0,84,False,-1,none,0.3,0.85,0.82,0.55,0.79,0.55,0.6714285714285714,1.0,0.0,59,93,0.8,0.7619047619047619,0.23809523809523808,9,11,0.8,0.6428571428571429,0.35714285714285715,3,6
15,0.7,0.84,207.60000000000005,446,93,159,0,79,False,-1,none,0.3,0.82,0.76,0.53,0.73,0.52,0.6857142857142857,1.0,0.0,44,89,0.8,0.8518518518518519,0.14814814814814814,3,21,0.6,0.7777777777777778,0.2222222222222222,1,1
15,0.62,0.82,212.20000000000002,448,107,161,0,80,False,-1,none,0.3,0.81,0.8,0.58,0.75,0.56,0.5571428571428572,1.0,0.0,46,92,0.7,0.8333333333333334,0.16666666666666666,3,15,0.9,0.7894736842105263,0.21052631578947367,2,3
15,0.74,0.88,235.8,442,99,178,0,80,False,-1,none,0.3,0.84,0.8,0.55,0.76,0.7,0.7,1.0,0.0,54,94,0.85,0.8333333333333334,0.16666666666666666,6,17,0.8,0.6,0.4,2,5
15,0.62,0.73,200.2,457,87,169,0,71,False,-1,none,0.3,0.76,0.77,0.52,0.7,0.54,0.6142857142857143,1.0,0.0,55,89,0.6,0.6875,0.3125,5,12,0.7,0.7857142857142857,0.21428571428571427,4,4
15,0.72,0.89,252.39999999999998,441,84,179,0,93,False,-1,none,0.3,0.82,0.84,0.53,0.74,0.59,0.6571428571428571,1.0,0.0,56,86,0.9,0.7307692307692307,0.2692307692307692,7,21,0.8,0.6470588235294118,0.35294117647058826,6,3
15,0.67,0.84,221.00000000000003,446,88,178,0,65,False,-1,none,0.3,0.82,0.77,0.59,0.73,0.59,0.6285714285714286,1.0,0.0,50,94,0.75,0.8,0.2,9,17,0.8,0.85,0.15,2,6
15,0.63,0.75,192.2,455,108,152,0,65,False,-1,none,0.3,0.77,0.76,0.58,0.72,0.52,0.5857142857142857,1.0,0.0,46,85,0.7,0.8571428571428571,0.14285714285714285,4,14,0.8,0.7692307692307693,0.23076923076923078,0,3
15,0.76,0.92,236.6,438,94,188,0,81,True,2,Slow,0.3,0.86,0.89,0.59,0.84,0.56,0.7142857142857143,1.0,0.0,62,100,0.85,0.7916666666666666,0.20833333333333334,7,14,0.9,0.6470588235294118,0.35294117647058826,3,2
15,0.64,0.75,195.0,455,100,163,0,82,False,-1,none,0.3,0.78,0.79,0.55,0.75,0.51,0.6285714285714286,1.0,0.0,46,89,0.65,0.7777777777777778,0.2222222222222222,8,15,0.7,0.6923076923076923,0.3076923076923077,3,2
15,0.7,0.8,212.0,450,103,168,0,74,False,-1,none,0.3,0.82,0.82,0.53,0.76,0.58,0.6857142857142857,1.0,0.0,49,94,0.65,0.8333333333333334,0.16666666666666666,5,10,0.9,0.6428571428571429,0.35714285714285715,5,5
15,0.67,0.79,214.4,451,95,176,0,70,False,-1,none,0.3,0.8,0.79,0.53,0.78,0.6,0.6,1.0,0.0,50,95,0.85,0.8,0.2,9,13,0.8,0.7058823529411765,0.29411764705882354,3,6
15,0.71,0.78,223.0,452,107,160,0,95,False,-1,none,0.3,0.85,0.83,0.54,0.77,0.46,0.6714285714285714,1.0,0.0,45,86,0.8,0.5882352941176471,0.4117647058823529,11,14,0.8,0.7142857142857143,0.2857142857142857,2,2
15,0.71,0.85,223.00000000000006,445,100,179,0,71,False,-1,none,0.3,0.79,0.85,0.66,0.81,0.53,0.7,1.0,0.0,55,96,0.8,0.7916666666666666,0.20833333333333334,7,15,0.6,0.6666666666666666,0.3333333333333333,2,4
15,0.71,0.82,239.20000000000005,448,92,188,0,78,False,-1,none,0.3,0.85,0.81,0.55,0.79,0.62,0.6571428571428571,1.0,0.0,49,96,0.85,0.6842105263157895,0.3157894736842105,14,19,0.8,0.47058823529411764,0.5294117647058824,8,2
15,0.59,0.73,163.01999999999998,457,93,151,0,83,True,2,Slow,0.3,0.71,0.78,0.51,0.7,0.47,0.5857142857142857,1.0,0.0,42,88,0.6,0.9047619047619048,0.09523809523809523,1,13,0.6,0.8181818181818182,0.18181818181818182,4,3
15,0.62,0.71,198.79999999999998,459,102,152,0,65,False,-1,none,0.3,0.71,0.77,0.51,0.68,0.58,0.5571428571428572,1.0,0.0,40,82,0.8,0.6666666666666666,0.3333333333333333,10,14,0.7,0.5454545454545454,0.45454545454545453,4,2
15,0.68,0.8,211.6,450,98,172,0,70,False,-1,none,0.3,0.79,0.81,0.52,0.75,0.63,0.6285714285714286,1.0,0.0,43,99,0.75,0.85,0.15,8,16,0.9,0.6875,0.3125,2,4
15,0.69,0.81,226.2,449,98,187,0,69,False,-1,none,0.3,0.83,0.82,0.59,0.78,0.64,0.6714285714285714,1.0,0.0,52,102,0.65,0.7222222222222222,0.2777777777777778,10,12,0.9,0.6875,0.3125,7,4
15,0.68,0.77,214.8,453,108,177,0,78,False,-1,none,0.3,0.86,0.83,0.55,0.79,0.59,0.6285714285714286,1.0,0.0,49,95,0.75,0.8333333333333334,0.16666666666666666,7,15,0.9,0.6,0.4,7,4
15,0.68,0.78,229.4,452,80,167,0,80,False,-1,none,0.3,0.74,0.78,0.51,0.72,0.5,0.6714285714285714,1.0,0.0,48,81,0.65,0.7058823529411765,0.29411764705882354,14,18,0.8,0.5,0.5,2,4
15,0.67,0.79,218.6,451,113,162,0,86,False,-1,none,0.3,0.84,0.83,0.54,0.75,0.58,0.6428571428571429,1.0,0.0,45,87,0.65,0.7647058823529411,0.23529411764705882,7,15,0.9,0.7058823529411765,0.29411764705882354,3,5
15,0.75,0.85,245.4,445,95,174,0,66,False,-1,none,0.3,0.8,0.83,0.54,0.79,0.58,0.6857142857142857,1.0,0.0,46,95,0.9,0.75,0.25,13,11,0.9,0.5384615384615384,0.46153846153846156,4,5
15,0.64,0.76,182.36000000000004,454,106,155,0,78,True,1,Slow,0.3,0.79,0.78,0.56,0.75,0.49,0.5857142857142857,1.0,0.0,44,86,0.85,0.88,0.12,7,15,0.6,0.5,0.5,1,2
15,0.61,0.76,208.20000000000002,454,85,166,0,58,False,-1,none,0.3,0.73,0.74,0.61,0.72,0.47,0.5857142857142857,1.0,0.0,49,87,0.55,0.8823529411764706,0.11764705882352941,4,13,0.9,0.6666666666666666,0.3333333333333333,8,5
15,0.68,0.81,220.40000000000003,449,105,186,0,68,False,-1,none,0.3,0.85,0.86,0.57,0.8,0.64,0.6571428571428571,1.0,0.0,51,107,0.75,0.8095238095238095,0.19047619047619047,10,10,0.7,0.5714285714285714,0.42857142857142855,5,3
15,0.66,0.82,199.14000000000001,448,82,179,0,72,True,2,Slow,0.3,0.79,0.79,0.48,0.77,0.6,0.6285714285714286,1.0,0.0,53,97,0.65,0.9523809523809523,0.047619047619047616,1,22,0.9,0.6875,0.3125,2,4
15,0.71,0.81,182.04,449,84,173,0,77,True,1,Slow,0.3,0.8,0.78,0.5,0.78,0.52,0.7428571428571429,1.0,0.0,54,99,0.6,0.9333333333333333,0.06666666666666667,2,12,0.7,0.8571428571428571,0.14285714285714285,1,5
15,0.63,0.8,218.79999999999995,450,89,165,0,81,False,-1,none,0.3,0.79,0.79,0.51,0.72,0.53,0.5571428571428572,1.0,0.0,48,89,0.75,0.7391304347826086,0.2608695652173913,13,8,0.9,0.7777777777777778,0.2222222222222222,3,4
15,0.66,0.77,215.99999999999994,453,93,173,0,72,False,-1,none,0.3,0.79,0.79,0.53,0.76,0.56,0.6,1.0,0.0,53,86,0.8,0.5789473684210527,0.42105263157894735,13,17,0.8,0.8125,0.1875,0,4
15,0.7,0.9,235.78000000000003,440,89,162,0,69,True,4,Shigh,0.3,0.81,0.8,0.53,0.75,0.52,0.6714285714285714,1.0,0.0,47,88,0.85,0.7586206896551724,0.2413793103448276,7,14,0.6,0.5,0.5,4,2
15,0.7,0.83,213.4000000000001,447,108,184,0,75,False,-1,none,0.3,0.84,0.87,0.58,0.81,0.65,0.7,1.0,0.0,51,104,0.6,0.7333333333333333,0.26666666666666666,6,15,0.9,0.8421052631578947,0.15789473684210525,3,5
15,0.73,0.89,228.36000000000007,441,93,168,0,60,True,3,Shigh,0.3,0.81,0.78,0.62,0.75,0.54,0.6857142857142857,1.0,0.0,53,91,0.75,0.8095238095238095,0.19047619047619047,8,10,1.0,0.65,0.35,2,4
15,0.73,0.82,181.94,448,92,181,0,90,True,1,Slow,0.3,0.86,0.83,0.54,0.78,0.54,0.7285714285714285,1.0,0.0,57,96,0.7,0.8947368421052632,0.10526315789473684,5,15,0.8,0.75,0.25,5,3
15,0.66,0.79,197.32000000000002,451,101,165,0,80,True,1,Slow,0.3,0.79,0.83,0.56,0.78,0.49,0.6285714285714286,1.0,0.0,50,90,0.8,0.6956521739130435,0.30434782608695654,8,12,0.6,0.6666666666666666,0.3333333333333333,4,1
15,0.59,0.71,197.59999999999994,459,100,173,0,76,False,-1,none,0.3,0.79,0.83,0.48,0.76,0.58,0.5428571428571428,1.0,0.0,51,92,0.6,0.875,0.125,4,16,0.9,0.7058823529411765,0.29411764705882354,5,5
16,0.66,0.78,196.0,452,113,175,0,79,False,-1,none,0.3,0.83,0.85,0.56,0.85,0.57,0.6142857142857143,1.0,0.0,42,99,0.7,0.8095238095238095,0.19047619047619047,7,22,0.9,0.5714285714285714,0.42857142857142855,2,3
16,0.64,0.76,180.8,454,108,178,0,83,False,-1,none,0.3,0.81,0.83,0.59,0.84,0.55,0.6285714285714286,1.0,0.0,48,101,0.7,0.95,0.05,3,20,0.6,0.5833333333333334,0.4166666666666667,3,3
16,0.6,0.69,171.6,461,117,151,0,68,False,-1,none,0.3,0.78,0.76,0.54,0.73,0.56,0.5714285714285714,1.0,0.0,36,90,0.75,0.9047619047619048,0.09523809523809523,4,18,0.5,0.625,0.375,1,2
16,0.66,0.78,206.39999999999998,452,95,171,0,81,False,-1,none,0.3,0.83,0.78,0.58,0.71,0.54,0.6571428571428571,1.0,0.0,53,87,0.6,0.9411764705882353,0.058823529411764705,2,21,0.8,0.6,0.4,4,4
16,0.72,0.85,210.88000000000002,445,95,186,0,74,True,0,Slow,0.3,0.83,0.84,0.57,0.8,0.62,0.6714285714285714,1.0,0.0,45,99,0.8,0.7619047619047619,0.23809523809523808,13,22,0.9,0.7647058823529411,0.23529411764705882,3,4
16,0.72,0.87,215.20000000000002,443,95,170,0,83,True,4,Shigh,0.3,0.84,0.84,0.6,0.75,0.49,0.7,1.0,0.0,58,85,0.7,0.9166666666666666,0.08333333333333333,6,15,0.9,0.7857142857142857,0.21428571428571427,1,5
16,0.61,0.72,188.79999999999995,458,108,179,0,81,False,-1,none,0.3,0.83,0.81,0.6,0.79,0.56,0.5714285714285714,1.0,0.0,45,95,0.8,0.7391304347826086,0.2608695652173913,16,21,0.5,0.8888888888888888,0.1111111111111111,0,2
16,0.65,0.78,215.2,452,106,179,0,77,False,-1,none,0.3,0.84,0.83,0.55,0.83,0.58,0.5857142857142857,1.0,0.0,43,101,0.8,0.8636363636363636,0.13636363636363635,6,18,0.8,0.6,0.4,6,5
16,0.67,0.82,220.59999999999997,448,96,178,0,74,True,4,Shigh,0.3,0.83,0.8,0.58,0.79,0.56,0.6142857142857143,1.0,0.0,49,94,0.8,0.8260869565217391,0.17391304347826086,10,16,0.8,0.625,0.375,5,4
16,0.7,0.8,183.99999999999997,450,98,175,0,77,True,1,Slow,0.3,0.82,0.82,0.56,0.79,0.54,0.6857142857142857,1.0,0.0,50,90,0.8,0.8181818181818182,0.18181818181818182,10,22,0.6,0.8,0.2,1,2
16,0.61,0.75,192.39999999999998,455,77,160,0,63,False,-1,none,0.3,0.72,0.72,0.49,0.7,0.49,0.5571428571428572,1.0,0.0,44,84,0.65,0.8947368421052632,0.10526315789473684,8,17,0.9,0.7647058823529411,0.23529411764705882,3,4
16,0.56,0.62,165.19999999999996,468,119,146,0,78,False,-1,none,0.3,0.77,0.79,0.45,0.73,0.53,0.5285714285714286,1.0,0.0,35,85,0.55,0.8666666666666667,0.13333333333333333,4,16,0.8,0.5,0.5,1,5
16,0.7,0.81,206.4,449,115,171,0,78,False,-1,none,0.3,0.87,0.85,0.6,0.77,0.58,0.6714285714285714,1.0,0.0,51,92,0.75,0.95,0.05,2,20,0.8,0.7142857142857143,0.2857142857142857,2,4
16,0.67,0.78,207.39999999999998,452,89,164,0,79,False,-1,none,0.3,0.79,0.76,0.48,0.71,0.57,0.6571428571428571,1.0,0.0,51,91,0.7,0.8,0.2,5,12,0.7,0.6666666666666666,0.3333333333333333,4,1
16,0.68,0.77,217.99999999999997,453,91,182,0,70,False,-1,none,0.3,0.78,0.79,0.55,0.74,0.64,0.6571428571428571,1.0,0.0,50,102,0.75,0.6842105263157895,0.3157894736842105,10,16,0.7,0.5833333333333334,0.4166666666666667,1,3
16,0.66,0.76,186.79999999999995,454,100,177,0,87,False,-1,none,0.3,0.83,0.85,0.52,0.81,0.52,0.6571428571428571,1.0,0.0,51,96,0.7,0.95,0.05,5,21,0.6,0.8,0.2,2,2
16,0.77,0.93,238.8,437,92,180,0,80,False,-1,none,0.3,0.83,0.84,0.63,0.74,0.61,0.7428571428571429,1.0,0.0,55,96,0.8,0.7083333333333334,0.2916666666666667,10,12,0.9,0.8235294117647058,0.17647058823529413,1,6
16,0.71,0.84,224.60000000000005,446,79,191,0,76,False,-1,none,0.3,0.8,0.84,0.55,0.74,0.61,0.6714285714285714,1.0,0.0,58,93,0.8,0.9047619047619048,0.09523809523809523,6,24,0.8,0.625,0.375,5,5
16,0.72,0.91,227.40000000000003,439,96,184,0,94,False,-1,none,0.3,0.88,0.88,0.58,0.8,0.57,0.6857142857142857,1.0,0.0,58,94,0.75,0.9090909090909091,0.09090909090909091,4,20,0.9,0.9047619047619048,0.09523809523809523,2,6
16,0.65,0.77,182.1,453,81,166,0,76,True,2,Slow,0.3,0.79,0.76,0.5,0.74,0.45,0.6571428571428571,1.0,0.0,52,91,0.55,0.8823529411764706,0.11764705882352941,4,13,0.8,0.9285714285714286,0.07142857142857142,2,4
16,0.62,0.71,176.00000000000003,459,103,145,0,71,False,-1,none,0.3,0.73,0.72,0.53,0.71,0.5,0.6142857142857143,1.0,0.0,42,89,0.65,0.85,0.15,6,4,0.6,0.625,0.375,2,2
16,0.74,0.9,231.20000000000002,440,86,181,0,93,False,-1,none,0.3,0.85,0.84,0.47,0.83,0.58,0.6857142857142857,1.0,0.0,52,102,0.85,0.88,0.12,6,18,0.9,0.7647058823529411,0.23529411764705882,1,2
16,0.71,0.82,223.99999999999994,448,82,183,0,88,False,-1,none,0.3,0.8,0.82,0.58,0.78,0.49,0.6857142857142857,1.0,0.0,57,90,0.85,0.7391304347826086,0.2608695652173913,14,15,0.6,0.6363636363636364,0.36363636363636365,4,3
16,0.72,0.83,225.60000000000005,447,81,187,0,69,False,-1,none,0.3,0.8,0.81,0.58,0.73,0.59,0.7142857142857143,1.0,0.0,62,94,0.7,0.85,0.15,4,18,0.8,0.6153846153846154,0.38461538461538464,5,4
16,0.75,0.82,215.6,448,94,182,0,82,False,-1,none,0.3,0.86,0.81,0.54,0.78,0.59,0.7571428571428571,1.0,0.0,55,93,0.65,1.0,0.0,2,22,0.9,0.36363636363636365,0.6363636363636364,3,7
16,0.73,0.78,229.39999999999998,452,98,181,0,83,False,-1,none,0.3,0.84,0.83,0.51,0.77,0.62,0.7285714285714285,1.0,0.0,57,99,0.6,0.6666666666666666,0.3333333333333333,5,12,1.0,0.4166666666666667,0.5833333333333334,3,5
16,0.71,0.82,218.79999999999998,448,74,181,0,73,False,-1,none,0.3,0.76,0.79,0.54,0.76,0.52,0.7,1.0,0.0,58,92,0.65,1.0,0.0,1,20,0.9,0.5,0.5,6,4
16,0.57,0.67,192.39999999999998,463,99,169,0,70,False,-1,none,0.3,0.76,0.77,0.52,0.75,0.55,0.5142857142857142,1.0,0.0,40,91,0.7,0.6842105263157895,0.3157894736842105,13,13,0.7,0.6666666666666666,0.3333333333333333,6,6
16,0.68,0.84,238.4,446,87,172,0,67,False,-1,none,0.3,0.76,0.78,0.54,0.74,0.61,0.6285714285714286,1.0,0.0,44,82,0.85,0.7692307692307693,0.23076923076923078,9,24,0.7,0.6428571428571429,0.35714285714285715,4,9
16,0.71,0.83,204.2,447,113,173,0,66,False,-1,none,0.3,0.85,0.83,0.66,0.77,0.58,0.6714285714285714,1.0,0.0,52,98,0.75,1.0,0.0,0,17,0.9,0.7692307692307693,0.23076923076923078,1,5
16,0.68,0.86,239.0,444,86,173,0,65,False,-1,none,0.3,0.79,0.8,0.55,0.75,0.56,0.6428571428571429,1.0,0.0,56,92,0.7,0.7272727272727273,0.2727272727272727,9,13,0.9,0.5789473684210527,0.42105263157894735,0,3
16,0.65,0.78,195.39999999999998,452,80,161,0,86,True,4,Shigh,0.3,0.77,0.78,0.51,0.68,0.45,0.5857142857142857,1.0,0.0,57,78,0.7,0.8,0.2,10,10,1.0,0.8235294117647058,0.17647058823529413,2,4
16,0.68,0.85,226.79999999999998,445,88,175,0,72,False,-1,none,0.3,0.8,0.79,0.54,0.79,0.56,0.6571428571428571,1.0,0.0,46,95,0.7,0.7727272727272727,0.22727272727272727,10,15,0.8,0.7647058823529411,0.23529411764705882,4,5
16,0.71,0.86,227.00000000000006,444,94,187,0,73,False,-1,none,0.3,0.85,0.83,0.61,0.82,0.56,0.6428571428571429,1.0,0.0,50,99,0.85,0.8846153846153846,0.11538461538461539,10,20,0.9,0.6666666666666666,0.3333333333333333,1,7
16,0.72,0.83,209.40000000000003,447,118,169,0,90,False,-1,none,0.3,0.88,0.88,0.56,0.79,0.59,0.6714285714285714,1.0,0.0,48,100,0.8,0.9,0.1,4,15,0.9,0.8125,0.1875,1,1
16,0.82,1.0,268.4000000000001,430,92,202,0,71,False,-1,none,0.3,0.91,0.84,0.66,0.87,0.66,0.7714285714285715,1.0,0.0,63,105,0.9,0.7857142857142857,0.21428571428571427,9,16,1.0,0.6111111111111112,0.3888888888888889,2,7
16,0.63,0.75,199.99999999999997,455,92,165,0,83,False,-1,none,0.3,0.77,0.81,0.48,0.75,0.51,0.6285714285714286,1.0,0.0,46,96,0.55,0.8461538461538461,0.15384615384615385,5,14,0.8,0.7777777777777778,0.2222222222222222,2,2
16,0.68,0.78,205.8,452,92,172,0,78,False,-1,none,0.3,0.76,0.8,0.58,0.77,0.51,0.6571428571428571,1.0,0.0,54,90,0.7,0.8421052631578947,0.15789473684210525,6,15,0.8,0.7692307692307693,0.23076923076923078,3,4
16,0.68,0.84,210.56,446,95,144,0,92,True,1,Slow,0.3,0.78,0.77,0.5,0.71,0.47,0.6,1.0,0.0,44,76,0.85,0.8260869565217391,0.17391304347826086,10,11,0.9,0.631578947368421,0.3684210526315789,1,2
16,0.72,0.79,213.19999999999996,451,102,190,0,79,False,-1,none,0.3,0.86,0.83,0.61,0.84,0.57,0.7142857142857143,1.0,0.0,55,100,0.75,0.85,0.15,7,21,0.7,0.5555555555555556,0.4444444444444444,5,2
16,0.68,0.8,214.39999999999998,450,85,178,0,72,False,-1,none,0.3,0.81,0.77,0.51,0.76,0.58,0.6428571428571429,1.0,0.0,51,95,0.8,0.9130434782608695,0.08695652173913043,6,16,0.7,0.5833333333333334,0.4166666666666667,6,4
16,0.69,0.79,216.79999999999998,451,100,166,0,80,False,-1,none,0.3,0.79,0.77,0.55,0.76,0.58,0.6714285714285714,1.0,0.0,40,97,0.6,0.875,0.125,4,14,1.0,0.625,0.375,6,5
16,0.66,0.77,165.35999999999996,453,64,175,0,79,True,0,Slow,0.3,0.76,0.73,0.48,0.7,0.49,0.7142857142857143,1.0,0.0,63,90,0.55,0.8421052631578947,0.15789473684210525,7,14,0.5,0.75,0.25,0,1
16,0.69,0.79,219.79999999999998,451,117,166,0,83,False,-1,none,0.3,0.81,0.83,0.61,0.78,0.59,0.5857142857142857,1.0,0.0,42,94,0.9,0.6190476190476191,0.38095238095238093,7,15,1.0,0.7058823529411765,0.29411764705882354,5,3
16,0.64,0.84,217.8,446,91,164,0,81,False,-1,none,0.3,0.81,0.8,0.55,0.73,0.5,0.6,1.0,0.0,48,84,0.6,0.9545454545454546,0.045454545454545456,3,17,1.0,0.65,0.35,5,7
16,0.75,0.95,249.40000000000003,435,82,199,0,64,False,-1,none,0.3,0.85,0.86,0.61,0.83,0.61,0.7142857142857143,1.0,0.0,64,98,0.9,0.8666666666666667,0.13333333333333333,9,20,0.7,0.6,0.4,2,6
16,0.72,0.86,231.40000000000003,444,87,182,0,75,False,-1,none,0.3,0.83,0.78,0.62,0.81,0.51,0.6857142857142857,1.0,0.0,52,95,0.75,0.9545454545454546,0.045454545454545456,5,15,0.9,0.5,0.5,10,5
16,0.71,0.86,227.00000000000006,444,87,191,0,66,False,-1,none,0.3,0.82,0.8,0.6,0.78,0.64,0.7,1.0,0.0,55,103,0.75,0.8461538461538461,0.15384615384615385,10,17,0.7,0.6363636363636364,0.36363636363636365,2,4
16,0.68,0.78,206.8,452,92,190,0,70,False,-1,none,0.3,0.84,0.8,0.54,0.81,0.61,0.6428571428571429,1.0,0.0,51,104,0.85,0.782608695652174,0.21739130434782608,9,18,0.6,0.7,0.3,3,5
16,0.67,0.76,221.20000000000002,454,88,178,0,63,False,-1,none,0.3,0.79,0.76,0.58,0.73,0.56,0.6142857142857143,1.0,0.0,54,90,0.8,0.631578947368421,0.3684210526315789,9,14,0.8,0.5714285714285714,0.42857142857142855,6,5
16,0.61,0.72,206.00000000000003,458,111,158,0,74,False,-1,none,0.3,0.77,0.8,0.56,0.77,0.51,0.5428571428571428,1.0,0.0,29,89,0.85,0.75,0.25,13,21,0.6,0.6,0.4,3,3
16,0.65,0.76,173.73999999999995,454,79,156,0,84,True,1,Slow,0.3,0.77,0.76,0.46,0.7,0.42,0.6571428571428571,1.0,0.0,50,82,0.7,0.8095238095238095,0.19047619047619047,7,13,0.5,0.7777777777777778,0.2222222222222222,0,4
16,0.67,0.8,206.4,450,80,159,0,86,False,-1,none,0.3,0.74,0.78,0.46,0.66,0.55,0.6714285714285714,1.0,0.0,52,86,0.7,0.88,0.12,7,12,0.6,0.625,0.375,0,2
16,0.67,0.85,219.40000000000006,445,95,181,0,64,False,-1,none,0.3,0.82,0.79,0.6,0.8,0.6,0.6571428571428571,1.0,0.0,47,99,0.7,0.8695652173913043,0.13043478260869565,8,19,0.7,0.625,0.375,4,4
16,0.62,0.7,181.59999999999997,460,91,164,0,70,False,-1,none,0.3,0.78,0.73,0.5,0.67,0.57,0.6,1.0,0.0,40,90,0.75,0.95,0.05,5,21,0.5,0.625,0.375,4,4
16,0.74,0.82,207.6000000000001,448,97,184,0,72,False,-1,none,0.3,0.82,0.84,0.61,0.83,0.53,0.7,1.0,0.0,57,97,0.8,0.9,0.1,4,16,0.9,0.7692307692307693,0.23076923076923078,2,8
16,0.69,0.81,221.79999999999995,449,105,175,0,79,False,-1,none,0.3,0.85,0.87,0.58,0.72,0.59,0.6285714285714286,1.0,0.0,51,94,0.75,0.7777777777777778,0.2222222222222222,9,12,1.0,0.6842105263157895,0.3157894736842105,5,4
16,0.66,0.78,191.76,452,87,172,0,68,True,1,Slow,0.3,0.76,0.78,0.51,0.75,0.57,0.6428571428571429,1.0,0.0,46,96,0.75,0.7727272727272727,0.22727272727272727,6,19,0.6,0.6363636363636364,0.36363636363636365,3,2
16,0.75,0.92,243.20000000000002,438,88,185,0,75,False,-1,none,0.3,0.84,0.86,0.59,0.8,0.56,0.6714285714285714,1.0,0.0,49,93,0.95,0.9642857142857143,0.03571428571428571,5,24,0.9,0.5882352941176471,0.4117647058823529,9,5
16,0.74,0.82,209.20000000000005,448,78,170,0,85,False,-1,none,0.3,0.79,0.78,0.54,0.71,0.48,0.7428571428571429,1.0,0.0,61,82,0.85,0.9047619047619048,0.09523809523809523,2,23,0.5,0.5555555555555556,0.4444444444444444,1,1
16,0.7,0.85,224.6,445,112,171,0,87,False,-1,none,0.3,0.86,0.82,0.57,0.81,0.62,0.6285714285714286,1.0,0.0,39,99,0.85,1.0,0.0,4,20,0.9,0.5,0.5,3,6
16,0.74,0.9,203.81999999999996,440,101,172,0,72,True,1,Slow,0.3,0.82,0.86,0.63,0.8,0.52,0.7428571428571429,1.0,0.0,55,90,0.7,0.9130434782608695,0.08695652173913043,3,18,0.8,0.7333333333333333,0.26666666666666666,1,5
16,0.6,0.72,186.40000000000003,458,107,154,0,72,False,-1,none,0.3,0.78,0.78,0.51,0.73,0.53,0.5714285714285714,1.0,0.0,40,88,0.5,0.8666666666666667,0.13333333333333333,5,15,1.0,0.7058823529411765,0.29411764705882354,2,4
16,0.75,0.89,230.60000000000002,441,105,168,0,83,False,-1,none,0.3,0.86,0.85,0.58,0.77,0.56,0.6857142857142857,1.0,0.0,44,92,0.9,0.9230769230769231,0.07692307692307693,7,19,0.9,0.7333333333333333,0.26666666666666666,2,4
16,0.66,0.86,214.80000000000007,444,86,166,0,62,False,-1,none,0.3,0.77,0.79,0.58,0.69,0.55,0.6,1.0,0.0,51,87,0.8,0.8888888888888888,0.1111111111111111,7,16,0.8,0.7058823529411765,0.29411764705882354,2,3
16,0.72,0.93,221.8000000000001,437,92,177,0,78,False,-1,none,0.3,0.83,0.84,0.59,0.76,0.6,0.6571428571428571,1.0,0.0,48,99,0.85,0.9310344827586207,0.06896551724137931,3,21,0.9,0.8333333333333334,0.16666666666666666,1,5
17,0.62,0.75,174.0,455,117,153,0,80,False,-1,none,0.3,0.81,0.77,0.58,0.74,0.55,0.5428571428571428,1.0,0.0,33,91,0.8,0.85,0.15,7,14,0.8,0.8235294117647058,0.17647058823529413,6,2
17,0.58,0.74,186.20000000000005,456,105,153,0,83,False,-1,none,0.3,0.81,0.78,0.51,0.73,0.49,0.5571428571428572,1.0,0.0,42,92,0.75,0.8571428571428571,0.14285714285714285,4,12,0.4,0.5714285714285714,0.42857142857142855,2,1
17,0.71,0.83,211.20000000000002,447,101,175,0,71,False,-1,none,0.3,0.8,0.82,0.6,0.75,0.62,0.6428571428571429,1.0,0.0,52,91,0.85,0.7083333333333334,0.2916666666666667,11,15,0.9,0.7857142857142857,0.21428571428571427,2,4
17,0.72,0.86,222.60000000000002,444,97,173,0,79,False,-1,none,0.3,0.84,0.8,0.61,0.74,0.57,0.6714285714285714,1.0,0.0,47,92,0.9,0.7692307692307693,0.23076923076923078,16,13,0.7,0.7692307692307693,0.23076923076923078,0,5
17,0.72,0.82,213.60000000000002,448,93,175,0,85,False,-1,none,0.3,0.83,0.85,0.49,0.8,0.53,0.7285714285714285,1.0,0.0,56,95,0.7,0.8421052631578947,0.15789473684210525,5,14,0.7,0.75,0.25,1,4
17,0.73,0.84,230.40000000000003,446,90,193,0,78,False,-1,none,0.3,0.81,0.84,0.55,0.83,0.64,0.7,1.0,0.0,58,104,0.85,0.8181818181818182,0.18181818181818182,6,17,0.7,0.6153846153846154,0.38461538461538464,5,3
17,0.72,0.89,229.60000000000002,441,87,157,0,87,False,-1,none,0.3,0.78,0.76,0.53,0.76,0.5,0.6714285714285714,1.0,0.0,50,85,0.8,0.8888888888888888,0.1111111111111111,8,9,0.9,0.7333333333333333,0.26666666666666666,1,4
17,0.58,0.68,188.79999999999995,462,96,163,0,68,False,-1,none,0.3,0.75,0.75,0.55,0.69,0.53,0.6,1.0,0.0,55,92,0.5,0.7857142857142857,0.21428571428571427,4,7,0.6,0.5,0.5,2,3
17,0.69,0.83,220.4,447,113,157,0,82,True,4,Shigh,0.3,0.84,0.82,0.54,0.79,0.54,0.5857142857142857,1.0,0.0,41,89,0.95,0.7857142857142857,0.21428571428571427,10,14,0.9,0.7857142857142857,0.21428571428571427,0,3
17,0.72,0.78,206.39999999999998,452,92,183,0,72,False,-1,none,0.3,0.8,0.8,0.59,0.73,0.61,0.6571428571428571,1.0,0.0,61,89,0.95,0.7916666666666666,0.20833333333333334,10,21,0.7,0.75,0.25,0,2
17,0.66,0.78,209.59999999999997,452,106,168,0,73,False,-1,none,0.3,0.82,0.8,0.6,0.76,0.54,0.5714285714285714,1.0,0.0,54,89,0.85,0.8,0.2,9,9,0.9,0.7777777777777778,0.2222222222222222,3,4
17,0.66,0.8,206.8,450,76,173,0,76,False,-1,none,0.3,0.77,0.77,0.55,0.68,0.52,0.6142857142857143,1.0,0.0,57,85,0.9,0.8571428571428571,0.14285714285714285,9,18,0.5,0.7777777777777778,0.2222222222222222,2,2
17,0.72,0.87,227.60000000000002,443,87,183,0,83,False,-1,none,0.3,0.82,0.87,0.57,0.8,0.51,0.6857142857142857,1.0,0.0,59,97,0.85,0.88,0.12,8,13,0.7,0.7142857142857143,0.2857142857142857,4,2
17,0.68,0.79,199.99999999999994,451,103,162,0,71,False,-1,none,0.3,0.8,0.78,0.6,0.77,0.49,0.6714285714285714,1.0,0.0,51,90,0.7,0.7894736842105263,0.21052631578947367,6,11,0.7,0.7692307692307693,0.23076923076923078,0,4
17,0.67,0.81,235.79999999999995,449,83,181,0,75,False,-1,none,0.3,0.8,0.79,0.52,0.78,0.56,0.6142857142857143,1.0,0.0,51,95,0.7,0.7,0.3,13,12,1.0,0.5,0.5,7,3
17,0.59,0.71,204.39999999999998,459,100,162,0,77,False,-1,none,0.3,0.76,0.78,0.51,0.76,0.52,0.5571428571428572,1.0,0.0,43,93,0.55,0.5384615384615384,0.46153846153846156,8,8,0.9,0.7894736842105263,0.21052631578947367,4,6
17,0.71,0.79,219.39999999999998,451,104,189,0,68,False,-1,none,0.3,0.84,0.85,0.6,0.8,0.63,0.6714285714285714,1.0,0.0,53,102,0.8,0.7,0.3,9,17,0.8,0.75,0.25,6,2
17,0.73,0.85,223.6,445,89,181,0,75,False,-1,none,0.3,0.77,0.84,0.56,0.79,0.59,0.7,1.0,0.0,52,98,0.85,0.8333333333333334,0.16666666666666666,9,17,0.7,0.75,0.25,3,2
17,0.77,0.89,234.00000000000003,441,83,180,0,88,False,-1,none,0.3,0.87,0.85,0.5,0.8,0.5,0.7428571428571429,1.0,0.0,62,92,0.85,0.75,0.25,11,12,0.8,0.8461538461538461,0.15384615384615385,0,3
17,0.66,0.79,214.79999999999995,451,95,183,0,63,False,-1,none,0.3,0.81,0.78,0.56,0.82,0.6,0.6,1.0,0.0,55,97,0.7,0.85,0.15,6,19,1.0,0.6470588235294118,0.35294117647058826,4,2
17,0.65,0.76,196.8,454,104,171,0,74,False,-1,none,0.3,0.8,0.79,0.57,0.81,0.54,0.6428571428571429,1.0,0.0,49,101,0.65,0.7777777777777778,0.2222222222222222,5,9,0.7,0.7692307692307693,0.23076923076923078,3,4
17,0.64,0.79,212.99999999999994,451,102,160,0,74,False,-1,none,0.3,0.77,0.78,0.53,0.75,0.58,0.5571428571428572,1.0,0.0,43,92,0.8,0.88,0.12,6,15,0.9,0.6,0.4,2,2
17,0.67,0.82,225.0,448,101,187,0,60,False,-1,none,0.3,0.81,0.84,0.62,0.79,0.64,0.6571428571428571,1.0,0.0,60,100,0.65,0.7894736842105263,0.21052631578947367,8,15,0.8,0.7647058823529411,0.23529411764705882,3,1
17,0.72,0.8,205.40000000000003,450,96,167,0,72,False,-1,none,0.3,0.82,0.79,0.58,0.71,0.53,0.7,1.0,0.0,59,89,0.75,0.8095238095238095,0.19047619047619047,7,10,0.8,0.7,0.3,0,2
17,0.66,0.81,224.79999999999998,449,89,159,0,81,False,-1,none,0.3,0.77,0.79,0.47,0.73,0.53,0.5714285714285714,1.0,0.0,47,80,0.85,0.72,0.28,12,12,0.9,0.75,0.25,4,4
17,0.66,0.78,219.99999999999997,452,82,168,0,82,False,-1,none,0.3,0.78,0.75,0.56,0.73,0.46,0.6285714285714286,1.0,0.0,46,87,0.75,0.5789473684210527,0.42105263157894735,12,13,0.7,0.8,0.2,4,6
17,0.75,0.85,229.80000000000007,445,95,176,0,74,False,-1,none,0.3,0.82,0.82,0.53,0.77,0.62,0.7285714285714285,1.0,0.0,49,101,0.75,0.6666666666666666,0.3333333333333333,6,12,0.9,0.8125,0.1875,4,4
17,0.68,0.78,217.2,452,90,171,0,71,False,-1,none,0.3,0.78,0.81,0.57,0.7,0.53,0.6285714285714286,1.0,0.0,48,88,0.8,0.7727272727272727,0.22727272727272727,12,16,0.8,0.75,0.25,5,2
17,0.65,0.76,207.39999999999998,454,97,165,0,82,False,-1,none,0.3,0.78,0.8,0.55,0.74,0.51,0.6285714285714286,1.0,0.0,51,89,0.65,0.8,0.2,8,12,0.8,0.5833333333333334,0.4166666666666667,3,2
17,0.64,0.75,196.2,455,99,155,0,81,False,-1,none,0.3,0.81,0.78,0.41,0.76,0.53,0.5857142857142857,1.0,0.0,43,86,0.8,0.9090909090909091,0.09090909090909091,4,18,0.7,0.75,0.25,2,2
17,0.66,0.79,200.2,451,90,160,0,76,False,-1,none,0.3,0.8,0.77,0.5,0.74,0.48,0.6714285714285714,1.0,0.0,57,91,0.55,0.9375,0.0625,1,8,0.8,0.75,0.25,1,2
17,0.72,0.82,223.79999999999993,448,104,187,0,67,False,-1,none,0.3,0.86,0.83,0.65,0.82,0.57,0.7,1.0,0.0,59,95,0.75,0.75,0.25,12,14,0.8,0.6923076923076923,0.3076923076923077,2,5
17,0.72,0.88,227.8,442,93,181,0,83,False,-1,none,0.3,0.86,0.83,0.59,0.78,0.56,0.7,1.0,0.0,60,97,0.8,0.7916666666666666,0.20833333333333334,7,14,0.7,0.7333333333333333,0.26666666666666666,2,1
17,0.73,0.86,201.72000000000003,444,96,184,0,69,True,0,Slow,0.3,0.82,0.84,0.61,0.83,0.56,0.6857142857142857,1.0,0.0,59,100,0.8,0.8695652173913043,0.13043478260869565,9,14,0.9,0.8,0.2,1,1
17,0.74,0.91,231.26000000000002,439,84,173,0,77,True,2,Slow,0.3,0.82,0.82,0.53,0.8,0.51,0.7142857142857143,1.0,0.0,55,87,0.75,0.7272727272727273,0.2727272727272727,10,15,0.9,0.6842105263157895,0.3157894736842105,3,3
17,0.61,0.71,185.20000000000005,459,85,172,0,77,False,-1,none,0.3,0.75,0.74,0.48,0.74,0.57,0.5857142857142857,1.0,0.0,49,95,0.7,0.8947368421052632,0.10526315789473684,5,16,0.6,0.7272727272727273,0.2727272727272727,3,4
17,0.62,0.75,204.49999999999994,455,94,157,0,84,True,3,Shigh,0.3,0.79,0.75,0.51,0.67,0.54,0.5428571428571428,1.0,0.0,47,83,0.75,0.6666666666666666,0.3333333333333333,9,10,0.9,0.6875,0.3125,4,4
17,0.69,0.8,209.20000000000002,450,126,160,0,84,False,-1,none,0.3,0.84,0.85,0.62,0.77,0.58,0.6571428571428571,1.0,0.0,41,97,0.8,0.8,0.2,7,12,0.7,0.7142857142857143,0.2857142857142857,1,2
17,0.65,0.76,197.34,454,115,170,0,69,True,3,Shigh,0.3,0.82,0.85,0.58,0.78,0.58,0.6285714285714286,1.0,0.0,54,100,0.8,0.75,0.25,4,11,0.5,0.75,0.25,0,1
17,0.71,0.83,233.60000000000002,447,85,156,0,81,False,-1,none,0.3,0.74,0.8,0.47,0.72,0.51,0.6428571428571429,1.0,0.0,45,78,0.85,0.6363636363636364,0.36363636363636365,18,12,0.9,0.8125,0.1875,0,3
17,0.82,0.97,253.80000000000007,433,83,185,0,80,False,-1,none,0.3,0.87,0.86,0.6,0.77,0.55,0.8,1.0,0.0,66,89,0.9,0.8518518518518519,0.14814814814814814,4,19,0.8,0.6428571428571429,0.35714285714285715,4,3
17,0.72,0.91,234.60000000000005,439,88,175,0,76,False,-1,none,0.3,0.83,0.85,0.58,0.79,0.49,0.6714285714285714,1.0,0.0,59,87,0.85,0.8387096774193549,0.16129032258064516,10,15,0.8,0.7692307692307693,0.23076923076923078,1,3
17,0.68,0.84,224.99999999999997,446,105,152,0,64,False,-1,none,0.3,0.76,0.75,0.63,0.73,0.54,0.6428571428571429,1.0,0.0,41,86,0.7,0.8421052631578947,0.15789473684210525,7,13,0.9,0.65,0.35,4,1
17,0.66,0.78,205.60000000000002,452,107,161,0,79,False,-1,none,0.3,0.84,0.8,0.56,0.75,0.51,0.6,1.0,0.0,46,89,0.85,0.8,0.2,10,12,0.7,0.8181818181818182,0.18181818181818182,2,2
17,0.71,0.85,238.99999999999997,445,104,181,0,75,False,-1,none,0.3,0.86,0.86,0.63,0.79,0.56,0.6571428571428571,1.0,0.0,51,93,0.8,0.782608695652174,0.21739130434782608,11,16,0.9,0.625,0.375,2,8
17,0.69,0.85,227.6,445,83,177,0,80,False,-1,none,0.3,0.8,0.81,0.48,0.81,0.55,0.6428571428571429,1.0,0.0,52,95,0.75,0.8571428571428571,0.14285714285714285,9,14,0.9,0.7368421052631579,0.2631578947368421,2,5
17,0.7,0.79,212.99999999999997,451,109,170,0,82,False,-1,none,0.3,0.87,0.82,0.61,0.7,0.58,0.7,1.0,0.0,61,90,0.6,0.5882352941176471,0.4117647058823529,10,6,0.9,0.7692307692307693,0.23076923076923078,1,2
17,0.57,0.68,181.99999999999994,462,83,155,0,74,False,-1,none,0.3,0.71,0.69,0.43,0.68,0.55,0.5428571428571428,1.0,0.0,42,88,0.7,0.9090909090909091,0.09090909090909091,4,14,0.5,0.5,0.5,4,3
17,0.73,0.87,218.48000000000002,443,90,172,0,66,True,1,Slow,0.3,0.77,0.81,0.58,0.76,0.57,0.6857142857142857,1.0,0.0,51,93,0.8,0.76,0.24,10,16,0.9,0.6428571428571429,0.35714285714285715,1,1
17,0.69,0.81,231.4,449,92,167,0,95,False,-1,none,0.3,0.82,0.81,0.5,0.79,0.48,0.6714285714285714,1.0,0.0,46,85,0.7,0.6666666666666666,0.3333333333333333,14,14,0.8,0.625,0.375,3,5
17,0.73,0.85,230.9,445,98,177,0,70,True,4,Shigh,0.3,0.83,0.82,0.58,0.79,0.58,0.7,1.0,0.0,50,96,0.75,0.7142857142857143,0.2857142857142857,11,11,0.9,0.6,0.4,3,6
17,0.73,0.83,219.40000000000003,447,96,172,0,69,False,-1,none,0.3,0.78,0.82,0.56,0.73,0.62,0.6857142857142857,1.0,0.0,51,95,0.8,0.75,0.25,9,15,0.9,0.8,0.2,0,2
17,0.69,0.81,205.0,449,108,181,0,65,False,-1,none,0.3,0.84,0.83,0.62,0.78,0.63,0.6428571428571429,1.0,0.0,51,99,0.85,0.9565217391304348,0.043478260869565216,5,22,0.7,0.7692307692307693,0.23076923076923078,0,4
17,0.6,0.69,175.99999999999997,461,81,162,0,78,False,-1,none,0.3,0.74,0.75,0.47,0.67,0.49,0.5857142857142857,1.0,0.0,56,94,0.65,0.9473684210526315,0.05263157894736842,2,8,0.6,0.6666666666666666,0.3333333333333333,0,2
17,0.65,0.79,229.39999999999995,451,104,166,0,101,False,-1,none,0.3,0.88,0.83,0.5,0.76,0.52,0.5714285714285714,1.0,0.0,48,88,0.8,0.5714285714285714,0.42857142857142855,18,5,0.9,0.7222222222222222,0.2777777777777778,0,7
17,0.73,0.88,222.12,442,90,161,0,76,True,2,Slow,0.3,0.8,0.81,0.56,0.74,0.48,0.7285714285714285,1.0,0.0,50,87,0.75,0.8636363636363636,0.13636363636363635,2,15,0.7,0.6666666666666666,0.3333333333333333,3,4
17,0.65,0.78,210.39999999999995,452,100,178,0,69,False,-1,none,0.3,0.82,0.81,0.55,0.76,0.62,0.5857142857142857,1.0,0.0,46,96,0.8,0.7727272727272727,0.22727272727272727,10,20,0.8,0.8,0.2,3,3
17,0.61,0.76,200.80000000000004,454,107,155,0,77,False,-1,none,0.3,0.78,0.81,0.49,0.79,0.51,0.5285714285714286,1.0,0.0,34,91,0.75,0.7619047619047619,0.23809523809523808,7,16,0.9,0.7777777777777778,0.2222222222222222,2,5
17,0.62,0.74,193.60000000000002,456,90,143,0,63,False,-1,none,0.3,0.72,0.73,0.47,0.66,0.49,0.5714285714285714,1.0,0.0,44,73,0.75,0.9090909090909091,0.09090909090909091,4,14,0.7,0.5833333333333334,0.4166666666666667,2,6
17,0.64,0.81,216.0,449,90,165,0,74,False,-1,none,0.3,0.76,0.78,0.53,0.75,0.54,0.5714285714285714,1.0,0.0,44,89,0.75,0.88,0.12,8,17,0.9,0.75,0.25,3,4
17,0.7,0.86,237.00000000000003,444,111,184,0,64,False,-1,none,0.3,0.87,0.85,0.64,0.81,0.64,0.6142857142857143,1.0,0.0,54,97,0.85,0.92,0.08,4,19,1.0,0.6111111111111112,0.3888888888888889,5,5
17,0.68,0.85,222.20000000000005,445,88,171,0,81,False,-1,none,0.3,0.83,0.81,0.54,0.72,0.54,0.6285714285714286,1.0,0.0,49,91,0.85,0.8888888888888888,0.1111111111111111,5,19,0.7,0.6428571428571429,0.35714285714285715,5,2
17,0.63,0.76,200.39999999999998,454,97,173,0,74,False,-1,none,0.3,0.84,0.79,0.49,0.79,0.55,0.6142857142857143,1.0,0.0,46,98,0.65,0.8421052631578947,0.15789473684210525,6,15,0.7,0.7857142857142857,0.21428571428571427,1,7
17,0.67,0.8,212.8,450,84,166,0,85,False,-1,none,0.3,0.76,0.77,0.5,0.75,0.52,0.6571428571428571,1.0,0.0,54,87,0.65,0.7142857142857143,0.2857142857142857,9,11,0.8,0.6153846153846154,0.38461538461538464,1,4
17,0.63,0.73,203.0,457,92,151,0,79,False,-1,none,0.3,0.72,0.77,0.45,0.7,0.52,0.5714285714285714,1.0,0.0,45,87,0.75,0.8421052631578947,0.15789473684210525,2,12,0.8,0.7142857142857143,0.2857142857142857,1,4
17,0.67,0.74,199.40000000000003,456,87,166,0,73,False,-1,none,0.3,0.74,0.79,0.52,0.71,0.51,0.6285714285714286,1.0,0.0,52,83,0.7,0.8333333333333334,0.16666666666666666,6,19,0.9,0.6666666666666666,0.3333333333333333,2,4
18,0.62,0.76,184.0,454,128,157,0,79,False,-1,none,0.3,0.83,0.83,0.57,0.79,0.59,0.5285714285714286,1.0,0.0,38,99,0.75,0.9047619047619048,0.09523809523809523,2,11,1.0,0.6666666666666666,0.3333333333333333,0,7
18,0.71,0.87,233.20000000000005,443,105,175,0,73,False,-1,none,0.3,0.86,0.85,0.61,0.74,0.61,0.6714285714285714,1.0,0.0,51,92,0.75,0.7391304347826086,0.2608695652173913,12,15,0.9,0.6470588235294118,0.35294117647058826,3,2
18,0.7,0.86,235.40000000000006,444,87,177,0,85,False,-1,none,0.3,0.8,0.81,0.56,0.73,0.6,0.6142857142857143,1.0,0.0,43,97,0.85,0.68,0.32,17,16,1.0,0.7222222222222222,0.2777777777777778,1,3
18,0.65,0.8,211.2,450,95,151,0,84,True,4,Shigh,0.3,0.78,0.76,0.49,0.76,0.47,0.6,1.0,0.0,42,87,0.75,0.7142857142857143,0.2857142857142857,8,11,0.8,0.7058823529411765,0.29411764705882354,1,2
18,0.65,0.7,192.20000000000002,460,95,169,0,86,False,-1,none,0.3,0.76,0.8,0.5,0.75,0.53,0.6428571428571429,1.0,0.0,51,95,0.8,0.5882352941176471,0.4117647058823529,9,12,0.4,0.625,0.375,0,2
18,0.76,0.9,213.68000000000004,440,91,188,0,71,True,1,Slow,0.3,0.81,0.86,0.63,0.79,0.6,0.7571428571428571,1.0,0.0,63,100,0.7,1.0,0.0,0,18,0.9,0.5625,0.4375,4,3
18,0.65,0.79,210.0,451,103,163,0,75,False,-1,none,0.3,0.8,0.78,0.55,0.75,0.57,0.6,1.0,0.0,46,86,0.8,0.88,0.12,5,23,0.7,0.5,0.5,1,2
18,0.71,0.87,241.20000000000002,443,99,168,0,81,False,-1,none,0.3,0.82,0.78,0.59,0.8,0.55,0.6285714285714286,1.0,0.0,44,89,0.9,0.8275862068965517,0.1724137931034483,12,20,0.9,0.5714285714285714,0.42857142857142855,0,3
18,0.61,0.7,181.59999999999997,460,79,160,0,76,False,-1,none,0.3,0.69,0.75,0.51,0.67,0.47,0.6,1.0,0.0,52,82,0.75,0.8181818181818182,0.18181818181818182,7,18,0.4,0.8333333333333334,0.16666666666666666,0,1
18,0.69,0.79,215.99999999999997,451,89,174,0,78,False,-1,none,0.3,0.81,0.77,0.59,0.73,0.52,0.6571428571428571,1.0,0.0,59,89,0.75,0.7894736842105263,0.21052631578947367,9,11,0.8,0.6428571428571429,0.35714285714285715,3,3
18,0.7,0.87,222.0,443,85,180,0,68,False,-1,none,0.3,0.8,0.84,0.57,0.79,0.52,0.6571428571428571,1.0,0.0,56,92,0.85,0.8461538461538461,0.15384615384615385,8,18,0.7,0.8666666666666667,0.13333333333333333,1,5
18,0.76,0.88,226.8,442,98,179,0,85,True,3,Shigh,0.3,0.86,0.85,0.5,0.86,0.58,0.7285714285714285,1.0,0.0,52,102,0.9,0.75,0.25,8,13,0.7,0.7692307692307693,0.23076923076923078,2,2
18,0.59,0.7,187.59999999999997,460,106,155,0,74,False,-1,none,0.3,0.77,0.79,0.5,0.72,0.53,0.5285714285714286,1.0,0.0,44,85,0.8,0.8846153846153846,0.11538461538461539,7,17,0.6,0.42857142857142855,0.5714285714285714,0,2
18,0.74,0.86,212.8,444,109,190,0,75,False,-1,none,0.3,0.88,0.9,0.61,0.83,0.63,0.7142857142857143,1.0,0.0,64,104,0.8,1.0,0.0,0,18,0.8,0.7333333333333333,0.26666666666666666,3,1
18,0.74,0.85,222.8,445,83,178,0,69,False,-1,none,0.3,0.79,0.79,0.56,0.75,0.57,0.7285714285714285,1.0,0.0,61,89,0.75,0.8095238095238095,0.19047619047619047,8,13,0.8,0.46153846153846156,0.5384615384615384,3,4
18,0.72,0.82,223.2,448,81,164,0,78,False,-1,none,0.3,0.77,0.74,0.55,0.72,0.49,0.6857142857142857,1.0,0.0,57,79,0.75,0.8,0.2,6,18,0.9,0.5714285714285714,0.42857142857142855,3,1
18,0.66,0.78,200.00000000000003,452,91,148,0,78,False,-1,none,0.3,0.75,0.74,0.47,0.74,0.47,0.6142857142857143,1.0,0.0,36,84,0.75,0.9130434782608695,0.08695652173913043,7,16,0.8,0.75,0.25,2,3
18,0.71,0.84,236.20000000000005,446,98,180,0,73,False,-1,none,0.3,0.82,0.83,0.55,0.77,0.65,0.6857142857142857,1.0,0.0,56,102,0.75,0.7619047619047619,0.23809523809523808,4,13,0.8,0.5333333333333333,0.4666666666666667,2,3
18,0.69,0.89,222.24,441,103,162,0,71,True,1,Slow,0.3,0.84,0.82,0.59,0.75,0.54,0.6,1.0,0.0,50,85,0.9,0.90625,0.09375,4,19,0.9,0.6,0.4,3,1
18,0.7,0.84,238.8,446,103,165,0,83,False,-1,none,0.3,0.85,0.81,0.51,0.8,0.55,0.6714285714285714,1.0,0.0,48,92,0.75,0.7391304347826086,0.2608695652173913,7,13,0.8,0.6428571428571429,0.35714285714285715,2,3
18,0.7,0.86,237.60000000000002,444,85,175,0,79,False,-1,none,0.3,0.8,0.78,0.51,0.79,0.58,0.6142857142857143,1.0,0.0,46,93,0.9,0.8571428571428571,0.14285714285714285,8,20,0.9,0.6,0.4,3,5
18,0.62,0.75,192.39999999999998,455,92,175,0,78,False,-1,none,0.3,0.82,0.79,0.52,0.77,0.52,0.6142857142857143,1.0,0.0,51,98,0.75,0.8260869565217391,0.17391304347826086,7,17,0.4,0.7777777777777778,0.2222222222222222,0,2
18,0.7,0.82,223.6,448,98,166,0,84,False,-1,none,0.3,0.81,0.82,0.59,0.73,0.51,0.6714285714285714,1.0,0.0,56,86,0.8,0.7,0.3,9,13,0.7,0.8,0.2,0,2
18,0.62,0.78,210.39999999999998,452,92,139,0,76,False,-1,none,0.3,0.73,0.76,0.5,0.68,0.42,0.5428571428571428,1.0,0.0,48,66,0.75,0.8421052631578947,0.15789473684210525,4,13,0.9,0.7619047619047619,0.23809523809523808,2,6
18,0.75,0.89,231.6,441,78,188,0,85,True,2,Slow,0.3,0.82,0.83,0.57,0.79,0.54,0.7,1.0,0.0,65,91,0.9,0.76,0.24,10,15,0.8,0.7333333333333333,0.26666666666666666,0,7
18,0.71,0.89,225.60000000000005,441,92,136,0,83,False,-1,none,0.3,0.76,0.75,0.55,0.61,0.5,0.6714285714285714,1.0,0.0,40,70,0.8,0.9230769230769231,0.07692307692307693,2,22,0.8,0.6875,0.3125,1,1
18,0.72,0.85,204.67999999999998,445,80,173,0,82,True,0,Slow,0.3,0.82,0.81,0.49,0.7,0.56,0.7142857142857143,1.0,0.0,59,90,0.75,0.7619047619047619,0.23809523809523808,6,14,0.7,0.7692307692307693,0.23076923076923078,0,4
18,0.74,0.85,222.4,445,76,189,0,70,False,-1,none,0.3,0.79,0.83,0.6,0.72,0.56,0.7,1.0,0.0,65,89,0.9,0.88,0.12,9,20,0.7,0.6363636363636364,0.36363636363636365,1,5
18,0.62,0.74,201.19999999999996,456,101,166,0,64,False,-1,none,0.3,0.8,0.79,0.55,0.71,0.56,0.5857142857142857,1.0,0.0,55,89,0.65,0.9,0.1,5,12,0.8,0.6153846153846154,0.38461538461538464,0,5
18,0.68,0.8,215.4,450,90,154,0,76,False,-1,none,0.3,0.78,0.75,0.51,0.75,0.45,0.6428571428571429,1.0,0.0,44,81,0.85,0.9230769230769231,0.07692307692307693,2,22,0.6,0.4444444444444444,0.5555555555555556,4,1
18,0.72,0.86,234.60000000000002,444,71,199,0,74,False,-1,none,0.3,0.83,0.82,0.52,0.8,0.59,0.7142857142857143,1.0,0.0,61,99,0.75,0.84,0.16,10,19,0.7,0.6363636363636364,0.36363636363636365,5,5
18,0.64,0.76,203.2,454,73,168,0,73,False,-1,none,0.3,0.73,0.73,0.5,0.69,0.52,0.6571428571428571,1.0,0.0,56,93,0.6,0.8947368421052632,0.10526315789473684,2,14,0.6,0.5454545454545454,0.45454545454545453,0,3
18,0.71,0.82,218.45999999999998,448,103,155,0,85,True,3,Shigh,0.3,0.83,0.82,0.52,0.72,0.51,0.6714285714285714,1.0,0.0,48,87,0.85,0.72,0.28,9,10,0.7,0.5,0.5,0,1
18,0.69,0.78,210.79999999999995,452,69,191,0,72,False,-1,none,0.3,0.79,0.75,0.56,0.71,0.57,0.6714285714285714,1.0,0.0,70,88,0.75,0.8571428571428571,0.14285714285714285,8,19,0.7,0.4,0.6,2,4
18,0.72,0.86,235.6,444,86,178,0,80,False,-1,none,0.3,0.81,0.81,0.55,0.77,0.56,0.6285714285714286,1.0,0.0,53,91,0.9,0.8333333333333334,0.16666666666666666,7,21,1.0,0.6666666666666666,0.3333333333333333,3,3
18,0.67,0.84,217.89999999999998,446,102,174,0,75,True,3,Shigh,0.3,0.81,0.84,0.59,0.79,0.57,0.6857142857142857,1.0,0.0,50,102,0.65,0.76,0.24,9,9,0.6,0.8181818181818182,0.18181818181818182,1,3
18,0.65,0.79,210.79999999999995,451,109,170,0,62,False,-1,none,0.3,0.79,0.83,0.56,0.77,0.63,0.5857142857142857,1.0,0.0,45,96,0.75,0.782608695652174,0.21739130434782608,11,14,0.9,0.8,0.2,2,2
18,0.68,0.85,228.4,445,98,174,0,73,False,-1,none,0.3,0.8,0.84,0.55,0.79,0.59,0.6428571428571429,1.0,0.0,52,93,0.65,0.8823529411764706,0.11764705882352941,6,16,1.0,0.6956521739130435,0.30434782608695654,2,5
18,0.66,0.81,229.99999999999997,449,100,167,0,77,False,-1,none,0.3,0.83,0.8,0.55,0.76,0.54,0.5571428571428572,1.0,0.0,49,83,0.9,0.7777777777777778,0.2222222222222222,11,18,0.9,0.6666666666666666,0.3333333333333333,3,3
18,0.65,0.82,239.8,448,102,179,0,77,False,-1,none,0.3,0.83,0.83,0.56,0.78,0.63,0.5857142857142857,1.0,0.0,40,102,0.75,0.6,0.4,19,9,0.9,0.7142857142857143,0.2857142857142857,5,4
18,0.73,0.83,211.20000000000005,447,101,172,0,84,False,-1,none,0.3,0.81,0.87,0.52,0.81,0.55,0.7,1.0,0.0,49,99,0.8,0.9047619047619048,0.09523809523809523,3,15,0.8,0.7692307692307693,0.23076923076923078,2,4
18,0.68,0.79,206.20000000000005,451,91,175,0,70,False,-1,none,0.3,0.8,0.8,0.57,0.72,0.56,0.6714285714285714,1.0,0.0,61,92,0.55,0.8571428571428571,0.14285714285714285,5,10,1.0,0.7222222222222222,0.2777777777777778,2,5
18,0.76,0.88,244.00000000000006,442,95,188,0,69,False,-1,none,0.3,0.83,0.82,0.69,0.84,0.53,0.7,1.0,0.0,57,91,0.9,0.75,0.25,10,20,0.9,0.6666666666666666,0.3333333333333333,6,4
18,0.72,0.82,218.00000000000003,448,87,181,0,80,False,-1,none,0.3,0.8,0.79,0.61,0.73,0.57,0.6571428571428571,1.0,0.0,55,92,0.9,0.7142857142857143,0.2857142857142857,13,16,0.8,0.8,0.2,2,3
18,0.74,0.86,225.40000000000006,444,79,177,0,73,False,-1,none,0.3,0.81,0.79,0.54,0.77,0.51,0.7142857142857143,1.0,0.0,56,85,0.8,0.9090909090909091,0.09090909090909091,5,20,0.8,0.6428571428571429,0.35714285714285715,5,6
18,0.64,0.76,182.23999999999998,454,107,167,0,75,True,0,Slow,0.3,0.78,0.82,0.56,0.76,0.58,0.5714285714285714,1.0,0.0,43,95,0.8,0.9090909090909091,0.09090909090909091,5,16,0.8,0.7142857142857143,0.2857142857142857,4,4
18,0.68,0.85,218.20000000000002,445,85,176,0,69,False,-1,none,0.3,0.78,0.79,0.55,0.76,0.58,0.6428571428571429,1.0,0.0,50,94,0.75,0.84,0.16,8,16,0.8,0.8,0.2,3,5
18,0.64,0.76,197.6,454,111,147,0,76,False,-1,none,0.3,0.78,0.77,0.57,0.75,0.47,0.6142857142857143,1.0,0.0,43,82,0.75,0.7727272727272727,0.22727272727272727,5,15,0.6,0.7272727272727273,0.2727272727272727,0,2
18,0.74,0.88,237.8,442,86,171,0,80,False,-1,none,0.3,0.79,0.84,0.52,0.74,0.56,0.7142857142857143,1.0,0.0,53,93,0.85,0.8,0.2,7,16,0.7,0.46153846153846156,0.5384615384615384,0,2
18,0.68,0.74,199.60000000000005,456,98,159,0,79,False,-1,none,0.3,0.78,0.8,0.5,0.68,0.55,0.6571428571428571,1.0,0.0,49,85,0.7,0.7058823529411765,0.29411764705882354,9,12,0.8,0.5454545454545454,0.45454545454545453,0,4
18,0.67,0.8,226.79999999999998,450,82,166,0,72,False,-1,none,0.3,0.78,0.77,0.52,0.71,0.5,0.6571428571428571,1.0,0.0,54,86,0.55,0.8823529411764706,0.11764705882352941,7,12,1.0,0.5882352941176471,0.4117647058823529,5,2
18,0.74,0.89,230.04000000000005,441,83,181,0,67,True,4,Shigh,0.3,0.82,0.79,0.57,0.76,0.59,0.6428571428571429,0.9777777777777777,0.022222222222222223,58,86,1.0,0.7586206896551724,0.2413793103448276,11,16,0.9,0.6666666666666666,0.3333333333333333,5,5
18,0.63,0.75,206.39999999999998,455,94,162,0,74,False,-1,none,0.3,0.78,0.78,0.55,0.72,0.48,0.5714285714285714,1.0,0.0,48,79,0.7,0.7058823529411765,0.29411764705882354,12,16,0.9,0.8333333333333334,0.16666666666666666,1,6
18,0.74,0.88,219.00000000000003,442,88,176,0,73,False,-1,none,0.3,0.8,0.84,0.57,0.77,0.54,0.7285714285714285,1.0,0.0,63,91,0.65,0.8947368421052632,0.10526315789473684,3,13,1.0,0.7777777777777778,0.2222222222222222,1,5
18,0.69,0.81,212.44,449,105,170,0,74,True,1,Slow,0.3,0.81,0.84,0.53,0.83,0.55,0.6142857142857143,1.0,0.0,46,92,0.95,0.6,0.4,6,19,0.7,0.5384615384615384,0.46153846153846156,4,3
18,0.65,0.78,201.0,452,93,171,0,78,False,-1,none,0.3,0.81,0.76,0.53,0.73,0.59,0.5857142857142857,1.0,0.0,47,89,0.8,0.9583333333333334,0.041666666666666664,3,23,0.8,0.7692307692307693,0.23076923076923078,4,5
18,0.65,0.76,201.39999999999998,454,86,174,0,74,False,-1,none,0.3,0.79,0.77,0.52,0.74,0.54,0.6857142857142857,1.0,0.0,52,95,0.6,0.7058823529411765,0.29411764705882354,9,12,0.5,0.6363636363636364,0.36363636363636365,3,3
18,0.64,0.78,208.40000000000003,452,106,177,0,64,False,-1,none,0.3,0.79,0.83,0.62,0.78,0.59,0.5714285714285714,1.0,0.0,52,96,0.75,0.9047619047619048,0.09523809523809523,5,18,0.9,0.7058823529411765,0.29411764705882354,3,3
18,0.66,0.76,208.79999999999998,454,100,183,0,76,False,-1,none,0.3,0.85,0.79,0.54,0.83,0.58,0.6285714285714286,1.0,0.0,55,96,0.7,0.95,0.05,3,22,0.8,0.5,0.5,4,3
18,0.65,0.74,200.39999999999998,456,90,172,0,74,False,-1,none,0.3,0.75,0.81,0.56,0.71,0.53,0.6428571428571429,1.0,0.0,57,89,0.6,0.8823529411764706,0.11764705882352941,5,15,0.8,0.6666666666666666,0.3333333333333333,4,2
18,0.66,0.84,218.20000000000005,446,102,171,0,78,False,-1,none,0.3,0.85,0.83,0.6,0.78,0.51,0.6142857142857143,1.0,0.0,56,87,0.8,0.8928571428571429,0.10714285714285714,7,16,0.7,0.6153846153846154,0.38461538461538464,0,5
18,0.72,0.91,237.20000000000007,439,92,190,0,77,False,-1,none,0.3,0.82,0.88,0.6,0.85,0.58,0.6571428571428571,1.0,0.0,50,100,0.85,0.9310344827586207,0.06896551724137931,7,23,0.9,0.6875,0.3125,4,6
18,0.67,0.79,200.8,451,91,167,0,78,False,-1,none,0.3,0.76,0.8,0.57,0.76,0.48,0.7,1.0,0.0,55,92,0.5,1.0,0.0,1,12,0.8,0.6428571428571429,0.35714285714285715,3,4
18,0.59,0.75,198.2,455,106,163,0,61,False,-1,none,0.3,0.75,0.77,0.64,0.7,0.58,0.5285714285714286,1.0,0.0,44,93,0.65,0.9,0.1,6,18,0.9,0.7222222222222222,0.2777777777777778,1,1
18,0.64,0.78,216.99999999999997,452,95,178,0,79,False,-1,none,0.3,0.82,0.77,0.54,0.8,0.58,0.5857142857142857,1.0,0.0,52,97,0.75,0.7,0.3,9,11,0.8,0.6470588235294118,0.35294117647058826,6,3
18,0.65,0.73,198.99999999999997,457,128,165,0,69,False,-1,none,0.3,0.85,0.83,0.63,0.8,0.55,0.5857142857142857,1.0,0.0,46,96,0.7,0.7058823529411765,0.29411764705882354,3,13,1.0,0.7333333333333333,0.26666666666666666,3,4
19,0.64,0.76,192.0,454,94,168,0,57,False,-1,none,0.3,0.76,0.76,0.54,0.72,0.6,0.6571428571428571,1.0,0.0,48,95,0.55,0.8,0.2,3,13,0.7,0.5333333333333333,0.4666666666666667,4,5
19,0.63,0.74,200.8,456,95,169,0,72,False,-1,none,0.3,0.79,0.74,0.57,0.76,0.52,0.6142857142857143,1.0,0.0,48,89,0.7,0.6666666666666666,0.3333333333333333,13,15,0.6,0.6153846153846154,0.38461538461538464,0,4
19,0.63,0.78,167.40000000000003,452,87,164,0,76,True,1,Slow,0.3,0.8,0.76,0.49,0.71,0.53,0.6142857142857143,1.0,0.0,44,97,0.65,0.8947368421052632,0.10526315789473684,4,13,0.7,0.8,0.2,0,6
19,0.62,0.74,189.20000000000002,456,97,161,0,73,False,-1,none,0.3,0.76,0.78,0.54,0.68,0.56,0.5714285714285714,1.0,0.0,42,91,0.75,0.7727272727272727,0.22727272727272727,10,14,0.7,0.6666666666666666,0.3333333333333333,2,2
19,0.58,0.76,184.39999999999998,454,103,166,0,65,False,-1,none,0.3,0.78,0.79,0.64,0.72,0.52,0.5142857142857142,1.0,0.0,49,85,0.75,0.9615384615384616,0.038461538461538464,4,25,0.7,0.8571428571428571,0.14285714285714285,0,3
19,0.61,0.77,196.80000000000007,453,106,160,0,72,False,-1,none,0.3,0.81,0.78,0.62,0.7,0.52,0.5714285714285714,1.0,0.0,43,88,0.7,0.9090909090909091,0.09090909090909091,7,17,0.7,0.6,0.4,1,4
19,0.66,0.75,194.8,455,91,171,0,78,False,-1,none,0.3,0.78,0.78,0.59,0.75,0.47,0.6571428571428571,1.0,0.0,48,88,0.7,0.8333333333333334,0.16666666666666666,9,19,0.6,0.7272727272727273,0.2727272727272727,3,4
19,0.65,0.8,221.59999999999997,450,90,149,0,66,False,-1,none,0.3,0.74,0.74,0.52,0.67,0.52,0.5857142857142857,1.0,0.0,43,78,0.7,0.85,0.15,5,15,1.0,0.631578947368421,0.3684210526315789,4,4
19,0.72,0.88,235.6,442,88,179,0,90,False,-1,none,0.3,0.86,0.86,0.52,0.77,0.54,0.6857142857142857,1.0,0.0,56,96,0.85,0.7777777777777778,0.2222222222222222,12,13,0.7,0.7692307692307693,0.23076923076923078,1,1
19,0.64,0.78,185.76000000000002,452,90,156,0,71,True,0,Slow,0.3,0.77,0.77,0.5,0.66,0.54,0.6571428571428571,1.0,0.0,41,92,0.55,0.8235294117647058,0.17647058823529413,5,12,0.7,0.8,0.2,2,4
19,0.71,0.85,230.4,445,84,163,0,93,False,-1,none,0.3,0.83,0.79,0.48,0.75,0.47,0.6714285714285714,1.0,0.0,52,87,0.85,0.84,0.16,6,13,0.7,0.6153846153846154,0.38461538461538464,1,4
19,0.69,0.81,219.19999999999996,449,86,176,0,67,False,-1,none,0.3,0.78,0.79,0.53,0.74,0.59,0.6428571428571429,1.0,0.0,55,91,0.85,0.65,0.35,9,19,0.7,0.875,0.125,1,1
19,0.67,0.75,195.19999999999996,455,99,168,0,83,False,-1,none,0.3,0.81,0.79,0.5,0.75,0.57,0.6142857142857143,1.0,0.0,45,94,0.9,0.7272727272727273,0.2727272727272727,9,17,0.6,1.0,0.0,0,3
19,0.69,0.79,198.0,451,98,166,0,87,False,-1,none,0.3,0.79,0.76,0.6,0.75,0.53,0.6714285714285714,1.0,0.0,50,93,0.75,0.9473684210526315,0.05263157894736842,2,15,0.7,0.7692307692307693,0.23076923076923078,2,4
19,0.76,0.88,226.40000000000003,442,91,194,0,67,False,-1,none,0.3,0.83,0.84,0.62,0.81,0.63,0.7428571428571429,1.0,0.0,61,101,0.85,0.8,0.2,11,15,0.7,0.7272727272727273,0.2727272727272727,3,3
19,0.79,0.93,249.4,437,95,176,0,101,False,-1,none,0.3,0.85,0.9,0.57,0.77,0.55,0.7285714285714285,1.0,0.0,55,92,0.95,0.76,0.24,10,14,0.9,0.7058823529411765,0.29411764705882354,3,2
19,0.72,0.83,228.99999999999997,447,105,168,0,84,False,-1,none,0.3,0.84,0.85,0.51,0.81,0.55,0.7,1.0,0.0,49,96,0.65,0.625,0.375,6,12,1.0,0.7222222222222222,0.2777777777777778,3,2
19,0.71,0.87,215.04000000000002,443,94,163,0,81,True,0,Slow,0.3,0.79,0.83,0.47,0.8,0.55,0.6571428571428571,1.0,0.0,47,92,0.8,0.7727272727272727,0.22727272727272727,7,13,0.9,0.7894736842105263,0.21052631578947367,1,3
19,0.72,0.86,229.60000000000002,444,83,182,0,64,False,-1,none,0.3,0.81,0.8,0.55,0.75,0.6,0.6571428571428571,1.0,0.0,58,91,0.85,0.8695652173913043,0.13043478260869565,4,19,0.9,0.7058823529411765,0.29411764705882354,4,6
19,0.74,0.96,243.20000000000002,434,104,187,0,88,True,2,Slow,0.3,0.91,0.9,0.57,0.88,0.61,0.6857142857142857,1.0,0.0,48,104,0.8,0.75,0.25,8,18,1.0,0.8181818181818182,0.18181818181818182,4,5
19,0.73,0.84,205.11999999999998,446,96,196,0,59,True,0,Slow,0.3,0.86,0.82,0.62,0.82,0.64,0.7285714285714285,1.0,0.0,62,106,0.7,0.7222222222222222,0.2777777777777778,7,19,0.8,0.7333333333333333,0.26666666666666666,1,1
19,0.73,0.83,199.49999999999994,447,81,180,0,76,True,1,Slow,0.3,0.8,0.81,0.51,0.74,0.58,0.7571428571428571,1.0,0.0,60,93,0.6,0.6842105263157895,0.3157894736842105,12,12,0.8,0.7272727272727273,0.2727272727272727,0,3
19,0.72,0.88,241.6,442,88,174,0,70,True,4,Shigh,0.3,0.8,0.84,0.55,0.78,0.53,0.6857142857142857,1.0,0.0,48,91,0.8,0.7692307692307693,0.23076923076923078,12,15,0.8,0.5714285714285714,0.42857142857142855,4,4
19,0.62,0.76,193.14,454,102,174,0,63,True,4,Shigh,0.3,0.81,0.77,0.6,0.77,0.57,0.6,1.0,0.0,45,99,0.6,0.7894736842105263,0.21052631578947367,11,12,0.8,0.8666666666666667,0.13333333333333333,4,3
19,0.68,0.77,205.2,453,104,174,0,80,False,-1,none,0.3,0.83,0.82,0.54,0.8,0.56,0.6571428571428571,1.0,0.0,54,95,0.7,0.7647058823529411,0.23529411764705882,8,14,0.8,0.7142857142857143,0.2857142857142857,0,3
19,0.69,0.81,224.79999999999995,449,95,189,0,75,False,-1,none,0.3,0.84,0.82,0.56,0.81,0.62,0.6714285714285714,1.0,0.0,53,100,0.7,0.8095238095238095,0.19047619047619047,8,19,0.8,0.5384615384615384,0.46153846153846156,6,3
19,0.72,0.85,207.76,445,102,180,0,78,True,0,Slow,0.3,0.81,0.84,0.66,0.8,0.56,0.6571428571428571,1.0,0.0,55,95,0.85,0.782608695652174,0.21739130434782608,8,14,0.9,0.75,0.25,4,4
19,0.73,0.82,218.39999999999998,448,89,190,0,74,False,-1,none,0.3,0.84,0.82,0.56,0.79,0.6,0.6857142857142857,1.0,0.0,58,95,0.85,0.7619047619047619,0.23809523809523808,10,23,0.8,0.9230769230769231,0.07692307692307693,0,4
19,0.69,0.84,219.40000000000003,446,89,190,0,77,False,-1,none,0.3,0.81,0.83,0.59,0.81,0.59,0.7,1.0,0.0,54,105,0.6,0.75,0.25,10,16,0.8,0.8947368421052632,0.10526315789473684,2,3
19,0.75,0.89,242.8,441,91,178,0,87,False,-1,none,0.3,0.83,0.81,0.53,0.8,0.61,0.7142857142857143,1.0,0.0,49,97,0.85,0.6666666666666666,0.3333333333333333,14,11,0.8,0.6666666666666666,0.3333333333333333,3,4
19,0.66,0.78,200.60000000000005,452,90,172,0,65,False,-1,none,0.3,0.77,0.77,0.51,0.76,0.59,0.6,1.0,0.0,45,94,0.85,0.8260869565217391,0.17391304347826086,5,21,0.7,0.7692307692307693,0.23076923076923078,2,5
19,0.63,0.73,202.19999999999996,457,100,182,0,80,False,-1,none,0.3,0.76,0.84,0.64,0.78,0.53,0.6,1.0,0.0,58,93,0.75,0.7368421052631579,0.2631578947368421,10,19,0.6,0.8333333333333334,0.16666666666666666,2,0
19,0.7,0.77,211.99999999999997,453,77,188,0,78,False,-1,none,0.3,0.76,0.81,0.56,0.73,0.56,0.7142857142857143,1.0,0.0,62,97,0.6,0.7142857142857143,0.2857142857142857,9,12,0.8,0.6153846153846154,0.38461538461538464,5,3
19,0.62,0.73,192.11999999999995,457,105,174,0,68,True,3,Shigh,0.3,0.83,0.81,0.56,0.77,0.55,0.5571428571428572,1.0,0.0,55,99,0.75,0.6818181818181818,0.3181818181818182,7,12,0.8,0.9166666666666666,0.08333333333333333,0,1
19,0.54,0.69,157.56,461,98,148,0,70,True,0,Slow,0.3,0.72,0.71,0.47,0.67,0.58,0.4857142857142857,1.0,0.0,39,92,0.6,0.7894736842105263,0.21052631578947367,5,9,0.8,0.8125,0.1875,0,3
19,0.7,0.83,187.24000000000004,447,101,161,0,80,True,0,Slow,0.3,0.84,0.8,0.56,0.76,0.49,0.6571428571428571,1.0,0.0,57,88,0.8,0.8571428571428571,0.14285714285714285,5,10,0.8,0.8125,0.1875,0,1
19,0.64,0.74,196.8,456,111,160,0,70,False,-1,none,0.3,0.79,0.74,0.59,0.77,0.56,0.6,1.0,0.0,43,99,0.7,0.8823529411764706,0.11764705882352941,3,9,0.8,0.6,0.4,2,4
19,0.62,0.75,200.89999999999998,455,84,170,0,56,True,4,Shigh,0.3,0.69,0.73,0.59,0.73,0.55,0.6428571428571429,1.0,0.0,54,94,0.45,0.875,0.125,4,13,0.8,0.5,0.5,0,5
19,0.66,0.75,202.20000000000005,455,88,161,0,86,False,-1,none,0.3,0.79,0.78,0.42,0.74,0.51,0.6714285714285714,1.0,0.0,48,91,0.6,0.8235294117647058,0.17647058823529413,4,14,0.7,0.45454545454545453,0.5454545454545454,0,4
19,0.74,0.88,238.42000000000002,442,97,202,0,78,True,2,Slow,0.3,0.88,0.91,0.57,0.84,0.67,0.7142857142857143,1.0,0.0,59,104,0.85,0.72,0.28,11,21,0.7,0.6153846153846154,0.38461538461538464,1,6
19,0.69,0.78,203.40000000000003,452,87,186,0,69,False,-1,none,0.3,0.82,0.8,0.55,0.79,0.55,0.6857142857142857,1.0,0.0,56,96,0.8,0.6842105263157895,0.3157894736842105,13,14,0.5,0.7272727272727273,0.2727272727272727,5,2
19,0.69,0.81,195.45999999999998,449,108,176,0,80,True,0,Slow,0.3,0.86,0.85,0.55,0.78,0.61,0.6857142857142857,1.0,0.0,47,101,0.7,0.85,0.15,6,14,0.7,0.6923076923076923,0.3076923076923077,4,4
19,0.64,0.78,205.92,452,84,153,0,65,True,0,Slow,0.3,0.72,0.72,0.51,0.7,0.5,0.6428571428571429,1.0,0.0,45,87,0.5,0.8823529411764706,0.11764705882352941,5,9,0.9,0.5,0.5,1,6
19,0.66,0.76,204.59999999999997,454,102,158,0,74,False,-1,none,0.3,0.81,0.8,0.59,0.72,0.44,0.6142857142857143,1.0,0.0,45,80,0.8,0.8695652173913043,0.13043478260869565,7,23,0.7,0.7,0.3,1,2
19,0.64,0.76,211.59999999999997,454,86,166,0,87,False,-1,none,0.3,0.76,0.79,0.44,0.76,0.53,0.5857142857142857,1.0,0.0,40,93,0.85,0.8,0.2,12,19,0.6,0.6,0.4,0,2
19,0.69,0.84,220.60000000000005,446,78,176,0,77,False,-1,none,0.3,0.79,0.78,0.53,0.74,0.54,0.6571428571428571,1.0,0.0,58,93,0.7,0.8636363636363636,0.13636363636363635,7,13,0.9,0.8125,0.1875,1,4
19,0.69,0.84,218.20000000000005,446,100,179,0,72,False,-1,none,0.3,0.83,0.83,0.58,0.8,0.59,0.6285714285714286,1.0,0.0,47,97,0.85,0.8260869565217391,0.17391304347826086,12,16,0.8,0.8235294117647058,0.17647058823529413,2,5
19,0.79,0.92,238.00000000000003,438,87,190,0,71,False,-1,none,0.3,0.86,0.81,0.61,0.81,0.6,0.8142857142857143,1.0,0.0,62,104,0.8,0.875,0.125,4,14,0.6,0.5454545454545454,0.45454545454545453,2,4
19,0.69,0.82,213.88,448,109,178,0,76,True,2,Slow,0.3,0.85,0.82,0.6,0.8,0.62,0.6428571428571429,1.0,0.0,52,102,0.75,0.7619047619047619,0.23809523809523808,5,15,0.9,0.7333333333333333,0.26666666666666666,3,1
19,0.71,0.81,225.79999999999995,449,93,180,0,71,False,-1,none,0.3,0.82,0.78,0.62,0.78,0.54,0.6714285714285714,1.0,0.0,60,92,0.75,0.8571428571428571,0.14285714285714285,6,16,0.9,0.5384615384615384,0.46153846153846156,2,4
19,0.72,0.85,216.60000000000005,445,112,186,0,62,False,-1,none,0.3,0.89,0.86,0.69,0.81,0.58,0.7142857142857143,1.0,0.0,54,100,0.7,0.9545454545454546,0.045454545454545456,3,20,0.8,0.6153846153846154,0.38461538461538464,4,5
19,0.72,0.79,205.0,451,102,171,0,83,False,-1,none,0.3,0.84,0.81,0.6,0.73,0.54,0.6857142857142857,1.0,0.0,57,91,0.75,0.9444444444444444,0.05555555555555555,3,16,0.9,0.6923076923076923,0.3076923076923077,3,1
19,0.61,0.68,182.39999999999998,462,121,174,0,77,False,-1,none,0.3,0.79,0.85,0.54,0.83,0.62,0.5857142857142857,1.0,0.0,41,106,0.75,0.7894736842105263,0.21052631578947367,8,17,0.5,0.75,0.25,0,2
19,0.72,0.86,231.2,444,78,175,0,86,False,-1,none,0.3,0.77,0.79,0.6,0.68,0.55,0.6714285714285714,1.0,0.0,62,87,0.8,0.8636363636363636,0.13636363636363635,7,14,0.9,0.6470588235294118,0.35294117647058826,2,3
19,0.67,0.83,209.09999999999994,447,71,173,0,78,True,2,Slow,0.3,0.76,0.75,0.5,0.74,0.52,0.6428571428571429,1.0,0.0,54,92,0.75,0.782608695652174,0.21739130434782608,10,14,0.7,0.5714285714285714,0.42857142857142855,2,1
19,0.69,0.83,221.26000000000002,447,88,170,0,74,True,4,Shigh,0.3,0.76,0.81,0.53,0.79,0.52,0.6428571428571429,0.9777777777777777,0.022222222222222223,45,89,0.8,0.7391304347826086,0.2608695652173913,13,19,0.8,0.6666666666666666,0.3333333333333333,3,1
19,0.64,0.78,199.60000000000002,452,94,160,0,68,False,-1,none,0.3,0.78,0.77,0.54,0.7,0.53,0.6142857142857143,1.0,0.0,42,91,0.7,0.8571428571428571,0.14285714285714285,6,16,0.7,0.7857142857142857,0.21428571428571427,4,1
19,0.72,0.84,208.60000000000002,446,103,172,0,81,False,-1,none,0.3,0.79,0.86,0.59,0.79,0.56,0.6857142857142857,1.0,0.0,57,95,0.75,0.9523809523809523,0.047619047619047616,2,15,0.9,0.7333333333333333,0.26666666666666666,1,2
19,0.61,0.77,207.8,453,96,155,0,62,False,-1,none,0.3,0.74,0.77,0.5,0.71,0.56,0.5714285714285714,1.0,0.0,43,90,0.6,0.6842105263157895,0.3157894736842105,10,9,0.9,0.6666666666666666,0.3333333333333333,0,3
19,0.78,0.94,237.60000000000008,436,87,192,0,82,False,-1,none,0.3,0.88,0.87,0.63,0.85,0.5,0.7571428571428571,1.0,0.0,65,96,0.85,0.8928571428571429,0.10714285714285714,11,18,0.8,0.6923076923076923,0.3076923076923077,2,0
19,0.69,0.83,226.60000000000005,447,96,177,0,79,False,-1,none,0.3,0.8,0.79,0.56,0.81,0.6,0.6,1.0,0.0,44,92,0.95,0.8518518518518519,0.14814814814814814,8,25,0.8,0.5714285714285714,0.42857142857142855,3,5
19,0.74,0.86,234.20000000000002,444,92,188,0,59,False,-1,none,0.3,0.84,0.79,0.59,0.77,0.67,0.6857142857142857,1.0,0.0,41,102,0.9,0.76,0.24,13,21,0.8,0.7692307692307693,0.23076923076923078,4,7
19,0.73,0.84,215.60000000000005,446,89,171,0,81,False,-1,none,0.3,0.81,0.8,0.45,0.79,0.59,0.7,1.0,0.0,45,92,0.8,0.8571428571428571,0.14285714285714285,8,22,0.8,0.7142857142857143,0.2857142857142857,1,3
19,0.79,0.9,228.40000000000006,440,90,186,0,69,False,-1,none,0.3,0.83,0.86,0.61,0.78,0.58,0.7571428571428571,1.0,0.0,65,97,0.85,0.8636363636363636,0.13636363636363635,2,16,0.9,0.6666666666666666,0.3333333333333333,2,4
19,0.64,0.8,203.79999999999998,450,90,153,0,72,False,-1,none,0.3,0.74,0.72,0.52,0.69,0.56,0.6142857142857143,1.0,0.0,48,89,0.65,0.9583333333333334,0.041666666666666664,1,13,0.8,0.6923076923076923,0.3076923076923077,0,2
19,0.66,0.8,191.77999999999997,450,93,153,0,89,True,0,Slow,0.3,0.76,0.75,0.53,0.75,0.47,0.6142857142857143,1.0,0.0,40,93,0.75,0.8095238095238095,0.19047619047619047,8,11,0.8,0.6875,0.3125,0,1
20,0.66,0.8,192.0,450,100,159,0,86,False,-1,none,0.3,0.81,0.8,0.54,0.75,0.49,0.6285714285714286,1.0,0.0,46,87,0.7,0.75,0.25,9,11,0.8,0.8125,0.1875,3,3
20,0.65,0.78,173.80000000000004,452,90,172,0,70,False,-1,none,0.3,0.79,0.77,0.52,0.75,0.57,0.6428571428571429,1.0,0.0,49,98,0.7,0.9523809523809523,0.047619047619047616,1,21,0.6,0.8333333333333334,0.16666666666666666,1,2
20,0.56,0.74,192.6,456,96,151,0,64,True,3,Shigh,0.3,0.73,0.73,0.56,0.69,0.5,0.5142857142857142,1.0,0.0,48,84,0.6,0.7368421052631579,0.2631578947368421,3,7,0.8,0.631578947368421,0.3684210526315789,5,4
20,0.64,0.73,194.4,457,106,152,0,74,False,-1,none,0.3,0.78,0.76,0.51,0.71,0.55,0.6142857142857143,1.0,0.0,43,89,0.85,0.8636363636363636,0.13636363636363635,4,11,0.4,0.375,0.625,4,1
20,0.6,0.73,191.19999999999996,457,98,151,0,68,False,-1,none,0.3,0.75,0.75,0.53,0.74,0.45,0.5857142857142857,1.0,0.0,43,81,0.75,0.9090909090909091,0.09090909090909091,6,17,0.4,0.6,0.4,1,3
20,0.61,0.75,201.19999999999996,455,112,155,0,78,False,-1,none,0.3,0.8,0.77,0.54,0.69,0.62,0.5285714285714286,1.0,0.0,35,95,0.7,0.85,0.15,7,13,1.0,0.7222222222222222,0.2777777777777778,1,4
20,0.69,0.82,222.79999999999998,448,111,177,0,80,False,-1,none,0.3,0.84,0.84,0.56,0.85,0.61,0.6285714285714286,1.0,0.0,45,98,0.8,0.75,0.25,9,18,0.9,0.7777777777777778,0.2222222222222222,4,3
20,0.66,0.77,204.00000000000003,453,91,154,0,83,False,-1,none,0.3,0.76,0.78,0.47,0.68,0.53,0.6428571428571429,1.0,0.0,46,85,0.65,0.8888888888888888,0.1111111111111111,5,14,0.8,0.6428571428571429,0.35714285714285715,3,1
20,0.76,0.89,245.2,441,86,175,0,85,False,-1,none,0.3,0.81,0.82,0.54,0.81,0.52,0.7,1.0,0.0,56,92,0.9,0.8695652173913043,0.13043478260869565,5,15,0.9,0.5294117647058824,0.47058823529411764,5,2
20,0.73,0.82,232.2,448,75,191,0,67,False,-1,none,0.3,0.82,0.78,0.49,0.78,0.61,0.7142857142857143,1.0,0.0,59,103,0.75,0.7368421052631579,0.2631578947368421,6,18,0.8,0.6153846153846154,0.38461538461538464,2,3
20,0.73,0.88,229.18,442,88,172,0,72,True,3,Shigh,0.3,0.79,0.79,0.61,0.78,0.51,0.7,1.0,0.0,54,93,0.85,0.64,0.36,11,12,0.7,0.7857142857142857,0.21428571428571427,2,0
20,0.74,0.86,219.60000000000002,444,83,174,0,77,False,-1,none,0.3,0.8,0.79,0.59,0.76,0.49,0.7,1.0,0.0,57,82,0.85,0.8695652173913043,0.13043478260869565,7,21,0.8,0.7857142857142857,0.21428571428571427,3,4
20,0.62,0.74,206.2,456,80,164,0,77,True,2,Slow,0.3,0.76,0.73,0.45,0.7,0.54,0.5857142857142857,1.0,0.0,52,85,0.7,0.631578947368421,0.3684210526315789,10,14,0.7,0.6923076923076923,0.3076923076923077,1,2
20,0.7,0.8,214.4,450,98,177,0,75,False,-1,none,0.3,0.82,0.84,0.53,0.79,0.57,0.6714285714285714,1.0,0.0,50,98,0.8,0.8095238095238095,0.19047619047619047,6,17,0.7,0.6666666666666666,0.3333333333333333,4,2
20,0.68,0.81,220.60000000000005,449,86,184,0,64,False,-1,none,0.3,0.79,0.82,0.57,0.75,0.58,0.6571428571428571,1.0,0.0,56,96,0.65,0.8333333333333334,0.16666666666666666,6,14,0.9,0.5882352941176471,0.4117647058823529,7,5
20,0.67,0.74,213.6,456,106,167,0,78,False,-1,none,0.3,0.83,0.83,0.47,0.8,0.54,0.6142857142857143,1.0,0.0,45,93,0.8,0.625,0.375,8,15,0.8,0.6,0.4,3,3
20,0.67,0.79,210.55999999999997,451,83,172,0,76,True,3,Shigh,0.3,0.77,0.78,0.54,0.7,0.55,0.6285714285714286,1.0,0.0,55,94,0.75,0.6818181818181818,0.3181818181818182,12,10,0.8,0.6923076923076923,0.3076923076923077,0,1
20,0.64,0.8,196.79999999999998,450,97,167,0,76,False,-1,none,0.3,0.79,0.8,0.52,0.79,0.54,0.5857142857142857,1.0,0.0,40,97,0.75,0.96,0.04,4,18,0.8,0.7857142857142857,0.21428571428571427,4,4
20,0.61,0.76,200.79999999999995,454,88,163,0,78,False,-1,none,0.3,0.74,0.78,0.45,0.75,0.55,0.5714285714285714,1.0,0.0,44,93,0.65,0.8421052631578947,0.15789473684210525,4,13,0.8,0.7647058823529411,0.23529411764705882,4,5
20,0.64,0.73,176.15999999999997,457,86,165,0,86,True,1,Slow,0.3,0.78,0.77,0.51,0.74,0.44,0.6714285714285714,1.0,0.0,50,92,0.6,0.8823529411764706,0.11764705882352941,5,12,0.5,0.4444444444444444,0.5555555555555556,3,3
20,0.7,0.84,218.60000000000002,446,107,170,0,79,False,-1,none,0.3,0.86,0.84,0.62,0.74,0.55,0.6571428571428571,1.0,0.0,52,88,0.85,0.8181818181818182,0.18181818181818182,9,17,0.7,0.6875,0.3125,1,3
20,0.66,0.81,214.79999999999995,449,95,177,0,72,False,-1,none,0.3,0.77,0.81,0.59,0.77,0.59,0.5571428571428572,1.0,0.0,53,92,0.95,0.8571428571428571,0.14285714285714285,8,18,0.8,0.7142857142857143,0.2857142857142857,2,4
20,0.68,0.81,191.44000000000003,449,76,163,0,100,True,1,Slow,0.3,0.78,0.78,0.44,0.73,0.47,0.6857142857142857,1.0,0.0,57,89,0.65,0.8333333333333334,0.16666666666666666,3,12,0.7,0.6428571428571429,0.35714285714285715,1,1
20,0.67,0.78,204.60000000000002,452,78,170,0,69,False,-1,none,0.3,0.75,0.77,0.5,0.74,0.5,0.6428571428571429,1.0,0.0,53,89,0.75,0.9,0.1,6,19,0.7,0.7692307692307693,0.23076923076923078,1,2
20,0.67,0.77,207.99999999999997,453,112,180,0,76,False,-1,none,0.3,0.84,0.83,0.61,0.82,0.59,0.6142857142857143,1.0,0.0,52,98,0.75,0.75,0.25,9,15,0.9,0.6428571428571429,0.35714285714285715,1,5
20,0.59,0.76,203.4,454,85,161,0,73,False,-1,none,0.3,0.74,0.74,0.52,0.7,0.52,0.5714285714285714,1.0,0.0,44,88,0.55,0.9444444444444444,0.05555555555555555,6,17,0.8,0.7222222222222222,0.2777777777777778,2,4
20,0.71,0.87,237.2,443,108,190,0,70,False,-1,none,0.3,0.9,0.9,0.61,0.87,0.57,0.6571428571428571,1.0,0.0,54,98,0.9,0.6666666666666666,0.3333333333333333,18,17,0.7,0.7857142857142857,0.21428571428571427,0,3
20,0.64,0.79,214.2,451,93,179,0,74,False,-1,none,0.3,0.82,0.83,0.57,0.76,0.53,0.5714285714285714,1.0,0.0,52,89,0.85,0.84,0.16,11,23,0.7,0.7142857142857143,0.2857142857142857,1,3
20,0.64,0.81,208.5,449,91,183,0,80,True,3,Shigh,0.3,0.81,0.79,0.61,0.74,0.6,0.6285714285714286,1.0,0.0,52,98,0.7,0.8181818181818182,0.18181818181818182,11,13,0.6,0.6666666666666666,0.3333333333333333,3,6
20,0.63,0.72,184.42,458,93,160,0,80,True,2,Slow,0.3,0.77,0.79,0.53,0.73,0.43,0.6285714285714286,1.0,0.0,51,91,0.65,0.7058823529411765,0.29411764705882354,11,7,0.6,0.8181818181818182,0.18181818181818182,0,0
20,0.72,0.83,238.0,447,100,185,0,87,False,-1,none,0.3,0.87,0.86,0.6,0.74,0.61,0.7142857142857143,1.0,0.0,57,98,0.65,0.35714285714285715,0.6428571428571429,15,7,0.9,0.7894736842105263,0.21052631578947367,3,5
20,0.71,0.82,221.00000000000003,448,87,188,0,78,False,-1,none,0.3,0.84,0.82,0.53,0.78,0.6,0.7,1.0,0.0,53,102,0.7,0.6666666666666666,0.3333333333333333,13,15,0.8,0.8,0.2,0,5
20,0.53,0.61,161.59999999999997,469,90,139,0,70,False,-1,none,0.3,0.68,0.7,0.46,0.6,0.46,0.5,1.0,0.0,41,72,0.55,0.875,0.125,6,16,0.7,0.7,0.3,0,4
20,0.67,0.78,215.39999999999998,452,110,161,0,86,False,-1,none,0.3,0.81,0.83,0.54,0.75,0.56,0.6142857142857143,1.0,0.0,45,88,0.8,0.8095238095238095,0.19047619047619047,7,16,0.8,0.5,0.5,2,3
20,0.66,0.84,222.8,446,96,173,0,77,False,-1,none,0.3,0.84,0.82,0.51,0.8,0.56,0.6,1.0,0.0,45,97,0.75,0.8260869565217391,0.17391304347826086,10,12,0.9,0.8421052631578947,0.15789473684210525,1,8
20,0.67,0.79,220.39999999999998,451,109,157,0,75,False,-1,none,0.3,0.82,0.82,0.53,0.79,0.49,0.6142857142857143,1.0,0.0,42,83,0.75,0.6842105263157895,0.3157894736842105,16,10,0.9,0.5882352941176471,0.4117647058823529,2,4
20,0.62,0.78,219.2,452,97,155,0,75,False,-1,none,0.3,0.76,0.79,0.5,0.75,0.5,0.5428571428571428,1.0,0.0,44,83,0.85,0.8461538461538461,0.15384615384615385,7,17,0.7,0.6428571428571429,0.35714285714285715,1,3
20,0.6,0.76,196.39999999999998,454,110,158,0,71,False,-1,none,0.3,0.8,0.81,0.53,0.75,0.55,0.5571428571428572,1.0,0.0,41,92,0.65,0.9,0.1,4,17,0.8,0.8235294117647058,0.17647058823529413,1,3
20,0.71,0.85,225.00000000000003,445,89,175,0,86,False,-1,none,0.3,0.85,0.82,0.53,0.76,0.53,0.6571428571428571,1.0,0.0,59,90,0.85,0.7272727272727273,0.2727272727272727,9,11,0.8,0.8823529411764706,0.11764705882352941,0,6
20,0.71,0.77,205.2,453,97,176,0,75,False,-1,none,0.3,0.79,0.83,0.56,0.8,0.52,0.7142857142857143,1.0,0.0,56,94,0.7,0.8235294117647058,0.17647058823529413,6,17,0.7,0.6,0.4,1,2
20,0.71,0.8,217.79999999999995,450,95,194,0,76,False,-1,none,0.3,0.88,0.83,0.61,0.82,0.55,0.6714285714285714,1.0,0.0,69,96,0.8,0.85,0.15,6,19,0.8,0.6923076923076923,0.3076923076923077,0,4
20,0.72,0.82,235.00000000000006,448,106,181,0,71,False,-1,none,0.3,0.82,0.87,0.62,0.8,0.58,0.7142857142857143,1.0,0.0,53,95,0.65,0.6666666666666666,0.3333333333333333,11,15,0.9,0.5294117647058824,0.47058823529411764,4,3
20,0.64,0.78,208.20000000000002,452,104,186,0,87,False,-1,none,0.3,0.88,0.83,0.53,0.83,0.61,0.5571428571428572,1.0,0.0,49,98,0.85,0.8695652173913043,0.13043478260869565,9,25,0.8,0.75,0.25,1,4
20,0.68,0.81,207.40000000000003,449,99,182,0,78,False,-1,none,0.3,0.84,0.83,0.54,0.79,0.62,0.6428571428571429,1.0,0.0,52,105,0.75,0.9047619047619048,0.09523809523809523,3,18,0.8,0.7333333333333333,0.26666666666666666,3,1
20,0.71,0.87,221.96,443,87,171,0,75,True,1,Slow,0.3,0.78,0.78,0.55,0.78,0.56,0.7,1.0,0.0,45,98,0.7,0.7727272727272727,0.22727272727272727,6,15,0.8,0.6666666666666666,0.3333333333333333,3,4
20,0.66,0.85,202.44000000000008,445,83,160,0,77,True,1,Slow,0.3,0.78,0.77,0.52,0.71,0.5,0.6428571428571429,1.0,0.0,46,91,0.65,0.9523809523809523,0.047619047619047616,2,15,0.8,0.7222222222222222,0.2777777777777778,1,5
20,0.7,0.81,229.20000000000005,449,102,188,0,84,False,-1,none,0.3,0.89,0.83,0.5,0.82,0.67,0.6714285714285714,1.0,0.0,48,105,0.75,0.6666666666666666,0.3333333333333333,10,18,0.8,0.6875,0.3125,3,4
20,0.68,0.72,178.39999999999998,458,99,177,0,77,False,-1,none,0.3,0.81,0.79,0.54,0.77,0.57,0.7142857142857143,1.0,0.0,53,102,0.7,0.8823529411764706,0.11764705882352941,3,15,0.4,0.8,0.2,2,2
20,0.72,0.8,215.59999999999997,450,102,176,0,77,False,-1,none,0.3,0.85,0.84,0.55,0.75,0.59,0.6714285714285714,1.0,0.0,53,92,0.95,0.72,0.28,12,17,0.6,0.5,0.5,0,2
20,0.68,0.8,207.20000000000002,450,93,167,0,75,False,-1,none,0.3,0.77,0.78,0.52,0.79,0.54,0.6428571428571429,1.0,0.0,52,92,0.75,0.8947368421052632,0.10526315789473684,3,17,0.8,0.625,0.375,1,2
20,0.65,0.78,202.00000000000003,452,92,167,0,68,False,-1,none,0.3,0.78,0.78,0.56,0.74,0.51,0.6428571428571429,1.0,0.0,52,92,0.55,0.8571428571428571,0.14285714285714285,6,12,0.9,0.8421052631578947,0.15789473684210525,1,4
20,0.57,0.68,196.99999999999994,462,105,160,0,67,False,-1,none,0.3,0.77,0.73,0.54,0.71,0.58,0.5142857142857142,1.0,0.0,38,91,0.6,0.7333333333333333,0.26666666666666666,11,13,0.9,0.5882352941176471,0.4117647058823529,6,1
20,0.65,0.79,200.00000000000003,451,83,182,0,66,False,-1,none,0.3,0.78,0.77,0.52,0.77,0.6,0.6142857142857143,1.0,0.0,52,100,0.8,0.9565217391304348,0.043478260869565216,4,22,0.6,0.6923076923076923,0.3076923076923077,1,3
20,0.68,0.84,229.20000000000002,446,103,186,0,67,False,-1,none,0.3,0.86,0.81,0.64,0.82,0.6,0.6142857142857143,1.0,0.0,55,103,0.8,0.8695652173913043,0.13043478260869565,8,17,0.9,0.5555555555555556,0.4444444444444444,1,2
20,0.67,0.78,188.26,452,100,181,0,76,True,1,Slow,0.3,0.83,0.79,0.58,0.79,0.6,0.6142857142857143,1.0,0.0,51,102,0.8,0.8571428571428571,0.14285714285714285,5,16,0.8,0.6428571428571429,0.35714285714285715,4,3
20,0.65,0.77,186.60000000000002,453,100,185,0,73,False,-1,none,0.3,0.8,0.79,0.59,0.81,0.63,0.6142857142857143,1.0,0.0,49,102,0.7,0.85,0.15,7,22,0.8,0.9285714285714286,0.07142857142857142,1,4
20,0.65,0.84,174.07999999999998,446,98,150,0,88,True,0,Slow,0.3,0.81,0.8,0.44,0.75,0.52,0.6,1.0,0.0,38,91,0.65,0.9523809523809523,0.047619047619047616,1,14,1.0,0.8571428571428571,0.14285714285714285,2,4
20,0.71,0.86,218.80000000000007,444,80,189,0,80,False,-1,none,0.3,0.78,0.8,0.59,0.8,0.58,0.6857142857142857,1.0,0.0,64,101,0.8,0.7391304347826086,0.2608695652173913,9,10,0.7,0.7333333333333333,0.26666666666666666,2,3
20,0.67,0.82,230.79999999999995,448,84,174,0,70,False,-1,none,0.3,0.79,0.8,0.5,0.73,0.58,0.6142857142857143,1.0,0.0,50,92,0.8,0.875,0.125,6,18,0.8,0.5333333333333333,0.4666666666666667,5,3
20,0.65,0.83,214.34000000000003,447,115,167,0,70,True,3,Shigh,0.3,0.83,0.81,0.6,0.78,0.63,0.5571428571428572,1.0,0.0,49,98,0.85,0.8,0.2,7,8,0.9,0.7368421052631579,0.2631578947368421,1,4
20,0.61,0.72,186.0,458,108,164,0,86,False,-1,none,0.3,0.82,0.83,0.57,0.74,0.48,0.6,1.0,0.0,51,90,0.55,0.9333333333333333,0.06666666666666667,4,11,0.8,0.6666666666666666,0.3333333333333333,3,5
20,0.66,0.8,222.39999999999998,450,106,165,0,79,False,-1,none,0.3,0.83,0.83,0.57,0.75,0.53,0.6285714285714286,1.0,0.0,50,93,0.65,0.8333333333333334,0.16666666666666666,6,10,0.9,0.6666666666666666,0.3333333333333333,1,5
20,0.58,0.69,174.60000000000002,461,114,145,0,82,False,-1,none,0.3,0.77,0.73,0.54,0.73,0.51,0.4857142857142857,1.0,0.0,29,86,0.8,0.9047619047619048,0.09523809523809523,6,15,0.8,0.7142857142857143,0.2857142857142857,4,5
20,0.72,0.84,235.40000000000003,446,94,184,0,68,False,-1,none,0.3,0.82,0.83,0.59,0.78,0.6,0.7,1.0,0.0,55,92,0.65,0.75,0.25,9,15,1.0,0.5789473684210527,0.42105263157894735,6,7
20,0.64,0.71,173.80000000000007,459,112,165,0,77,False,-1,none,0.3,0.84,0.79,0.49,0.76,0.6,0.6,1.0,0.0,45,96,0.65,0.9333333333333333,0.06666666666666667,1,19,0.9,0.7857142857142857,0.21428571428571427,0,4
20,0.71,0.82,211.60000000000002,448,96,152,0,100,False,-1,none,0.3,0.8,0.81,0.49,0.77,0.43,0.7,1.0,0.0,44,86,0.7,0.8333333333333334,0.16666666666666666,6,14,0.8,0.6666666666666666,0.3333333333333333,0,2
21,0.65,0.79,186.0,451,118,155,0,68,False,-1,none,0.3,0.8,0.83,0.58,0.78,0.53,0.6142857142857143,1.0,0.0,42,90,0.75,0.8095238095238095,0.19047619047619047,5,14,0.7,0.8,0.2,0,4
21,0.59,0.63,151.00000000000003,467,105,154,0,78,False,-1,none,0.3,0.76,0.76,0.49,0.71,0.5,0.6285714285714286,1.0,0.0,48,94,0.55,0.8333333333333334,0.16666666666666666,3,6,0.4,0.5714285714285714,0.42857142857142855,1,2
21,0.66,0.78,193.60000000000002,452,94,171,0,67,False,-1,none,0.3,0.8,0.79,0.52,0.74,0.58,0.6,1.0,0.0,48,92,0.75,0.85,0.15,9,16,0.9,0.6875,0.3125,2,4
21,0.66,0.79,206.8,451,104,181,0,81,False,-1,none,0.3,0.82,0.85,0.47,0.85,0.65,0.6285714285714286,1.0,0.0,50,99,0.8,0.8181818181818182,0.18181818181818182,4,24,0.6,0.6153846153846154,0.38461538461538464,1,3
21,0.69,0.8,223.2,450,88,169,0,73,False,-1,none,0.3,0.79,0.79,0.51,0.74,0.54,0.6714285714285714,1.0,0.0,48,90,0.7,0.8095238095238095,0.19047619047619047,9,17,0.8,0.5,0.5,2,3
21,0.71,0.84,233.99999999999997,446,96,170,0,75,False,-1,none,0.3,0.82,0.82,0.53,0.77,0.56,0.6857142857142857,1.0,0.0,47,91,0.75,0.7619047619047619,0.23809523809523808,13,13,0.8,0.6,0.4,2,4
21,0.59,0.64,186.4,466,104,163,0,69,False,-1,none,0.3,0.77,0.76,0.48,0.72,0.58,0.5714285714285714,1.0,0.0,40,96,0.7,0.6666666666666666,0.3333333333333333,11,12,0.5,0.4444444444444444,0.5555555555555556,0,4
21,0.64,0.77,210.79999999999995,453,100,159,0,74,False,-1,none,0.3,0.8,0.75,0.51,0.74,0.56,0.6,1.0,0.0,41,90,0.7,0.7777777777777778,0.2222222222222222,9,15,0.8,0.7058823529411765,0.29411764705882354,1,3
21,0.68,0.76,198.48,454,103,168,0,73,True,0,Slow,0.3,0.82,0.8,0.53,0.76,0.56,0.6428571428571429,1.0,0.0,45,92,0.75,0.6666666666666666,0.3333333333333333,14,12,0.8,0.6153846153846154,0.38461538461538464,1,4
21,0.64,0.74,204.79999999999995,456,98,167,0,71,False,-1,none,0.3,0.79,0.8,0.59,0.75,0.46,0.6571428571428571,1.0,0.0,54,90,0.65,0.7894736842105263,0.21052631578947367,9,13,0.5,0.4444444444444444,0.5555555555555556,1,0
21,0.63,0.73,210.79999999999998,457,85,181,0,66,False,-1,none,0.3,0.73,0.77,0.51,0.76,0.62,0.6428571428571429,1.0,0.0,46,102,0.55,0.5833333333333334,0.4166666666666667,13,14,0.7,0.625,0.375,3,3
21,0.57,0.69,195.59999999999997,461,112,158,0,86,False,-1,none,0.3,0.75,0.78,0.5,0.74,0.62,0.5428571428571428,1.0,0.0,37,97,0.5,0.7857142857142857,0.21428571428571427,8,13,0.9,0.5882352941176471,0.4117647058823529,0,3
21,0.69,0.86,231.0,444,87,166,0,96,False,-1,none,0.3,0.81,0.8,0.55,0.77,0.46,0.6285714285714286,1.0,0.0,55,81,0.85,0.8,0.2,11,16,0.8,0.8235294117647058,0.17647058823529413,1,2
21,0.69,0.84,220.4,446,91,181,0,79,False,-1,none,0.3,0.81,0.85,0.53,0.77,0.6,0.7142857142857143,1.0,0.0,56,99,0.65,0.9,0.1,4,17,0.6,0.6428571428571429,0.35714285714285715,2,3
21,0.66,0.82,216.79999999999998,448,85,157,0,71,False,-1,none,0.3,0.78,0.74,0.53,0.68,0.51,0.6142857142857143,1.0,0.0,50,79,0.8,0.8333333333333334,0.16666666666666666,7,15,0.7,0.6666666666666666,0.3333333333333333,0,6
21,0.66,0.79,228.39999999999995,451,106,150,0,80,False,-1,none,0.3,0.8,0.81,0.52,0.76,0.46,0.6285714285714286,1.0,0.0,41,87,0.7,0.5238095238095238,0.47619047619047616,16,4,0.8,0.5,0.5,0,2
21,0.69,0.78,205.19999999999996,452,89,162,0,76,True,2,Slow,0.3,0.78,0.78,0.54,0.74,0.45,0.6857142857142857,1.0,0.0,55,79,0.65,0.8823529411764706,0.11764705882352941,4,18,0.8,0.46153846153846156,0.5384615384615384,3,3
21,0.72,0.83,207.99999999999997,447,87,190,0,70,True,0,Slow,0.3,0.83,0.82,0.61,0.79,0.55,0.7285714285714285,1.0,0.0,63,102,0.7,0.6666666666666666,0.3333333333333333,10,13,0.7,0.7142857142857143,0.2857142857142857,1,1
21,0.67,0.88,234.08000000000004,442,100,169,0,83,True,0,Slow,0.3,0.83,0.87,0.49,0.77,0.61,0.6142857142857143,1.0,0.0,48,94,0.75,0.8846153846153846,0.11538461538461539,5,15,0.9,0.5789473684210527,0.42105263157894735,2,5
21,0.72,0.87,232.20000000000002,443,100,173,0,85,False,-1,none,0.3,0.87,0.85,0.56,0.78,0.54,0.6714285714285714,1.0,0.0,46,94,0.85,0.84,0.16,11,16,0.8,0.6666666666666666,0.3333333333333333,3,3
21,0.67,0.78,212.4,452,106,175,0,86,False,-1,none,0.3,0.87,0.81,0.53,0.81,0.57,0.6571428571428571,1.0,0.0,49,104,0.7,0.9090909090909091,0.09090909090909091,3,14,0.7,0.5,0.5,1,4
21,0.63,0.79,199.59999999999997,451,87,145,0,74,False,-1,none,0.3,0.72,0.75,0.5,0.7,0.44,0.5285714285714286,1.0,0.0,45,74,0.9,0.8620689655172413,0.13793103448275862,7,17,0.8,0.8461538461538461,0.15384615384615385,0,2
21,0.63,0.77,203.39999999999998,453,109,163,0,71,False,-1,none,0.3,0.78,0.8,0.58,0.76,0.57,0.6,1.0,0.0,45,96,0.75,0.8695652173913043,0.13043478260869565,6,12,0.6,0.6666666666666666,0.3333333333333333,0,4
21,0.71,0.81,210.8,449,85,167,0,87,False,-1,none,0.3,0.8,0.8,0.51,0.74,0.48,0.7285714285714285,1.0,0.0,61,92,0.6,0.8823529411764706,0.11764705882352941,2,8,0.8,0.6923076923076923,0.3076923076923077,0,4
21,0.64,0.7,193.99999999999994,460,118,163,0,79,False,-1,none,0.3,0.85,0.78,0.6,0.75,0.53,0.6142857142857143,1.0,0.0,56,88,0.75,0.6875,0.3125,7,10,0.6,0.6363636363636364,0.36363636363636365,0,2
21,0.66,0.81,216.79999999999995,449,104,143,0,77,True,3,Shigh,0.3,0.79,0.79,0.56,0.73,0.41,0.6142857142857143,1.0,0.0,40,77,0.75,0.5833333333333334,0.4166666666666667,15,9,0.8,0.7142857142857143,0.2857142857142857,1,1
21,0.7,0.81,221.8,449,100,178,0,81,False,-1,none,0.3,0.81,0.81,0.59,0.82,0.56,0.7,1.0,0.0,47,100,0.7,0.7222222222222222,0.2777777777777778,10,18,0.7,0.6428571428571429,0.35714285714285715,2,1
21,0.63,0.74,199.60000000000002,456,88,169,0,64,False,-1,none,0.3,0.73,0.74,0.59,0.72,0.53,0.6428571428571429,1.0,0.0,51,96,0.6,0.5882352941176471,0.4117647058823529,10,11,0.6,0.8333333333333334,0.16666666666666666,1,0
21,0.66,0.81,220.8,449,92,161,0,81,False,-1,none,0.3,0.78,0.77,0.55,0.72,0.52,0.6142857142857143,1.0,0.0,45,86,0.8,0.75,0.25,12,14,0.7,0.6428571428571429,0.35714285714285715,2,2
21,0.66,0.74,194.69999999999996,456,105,172,0,69,True,2,Slow,0.3,0.81,0.82,0.56,0.76,0.56,0.6285714285714286,1.0,0.0,46,100,0.8,0.7222222222222222,0.2777777777777778,13,11,0.6,0.6666666666666666,0.3333333333333333,0,2
21,0.7,0.89,237.72,441,101,165,0,80,True,3,Shigh,0.3,0.85,0.84,0.55,0.8,0.51,0.6285714285714286,1.0,0.0,44,91,0.95,0.7586206896551724,0.2413793103448276,14,14,0.7,0.75,0.25,1,1
21,0.69,0.79,221.59999999999997,451,105,169,0,87,False,-1,none,0.3,0.84,0.8,0.54,0.78,0.57,0.6285714285714286,1.0,0.0,44,96,0.85,0.6,0.4,11,13,0.8,0.8,0.2,1,4
21,0.61,0.75,198.2,455,112,157,0,66,False,-1,none,0.3,0.76,0.76,0.61,0.76,0.55,0.5857142857142857,1.0,0.0,37,94,0.6,0.8888888888888888,0.1111111111111111,6,14,0.8,0.75,0.25,1,5
21,0.63,0.79,201.68,451,128,155,0,78,True,1,Slow,0.3,0.8,0.84,0.58,0.83,0.57,0.5428571428571428,1.0,0.0,42,96,0.8,0.76,0.24,7,7,0.9,0.6875,0.3125,2,1
21,0.72,0.82,226.19999999999996,448,78,196,0,74,False,-1,none,0.3,0.8,0.83,0.55,0.81,0.57,0.7571428571428571,1.0,0.0,67,106,0.65,0.7058823529411765,0.29411764705882354,9,13,0.6,0.6666666666666666,0.3333333333333333,0,1
21,0.67,0.78,200.7,452,87,168,0,77,True,2,Slow,0.3,0.82,0.8,0.48,0.71,0.52,0.6428571428571429,1.0,0.0,55,88,0.7,0.8,0.2,6,13,0.8,0.6923076923076923,0.3076923076923077,2,4
21,0.69,0.81,231.79999999999995,449,103,169,0,77,False,-1,none,0.3,0.81,0.82,0.6,0.8,0.5,0.6571428571428571,1.0,0.0,47,95,0.75,0.7142857142857143,0.2857142857142857,11,7,0.8,0.5,0.5,5,4
21,0.66,0.76,202.80000000000004,454,84,177,0,78,False,-1,none,0.3,0.78,0.81,0.5,0.74,0.54,0.6571428571428571,1.0,0.0,56,97,0.65,0.7647058823529411,0.23529411764705882,9,11,0.7,0.7692307692307693,0.23076923076923078,0,4
21,0.76,0.87,241.8,443,103,188,0,72,False,-1,none,0.3,0.87,0.86,0.62,0.79,0.64,0.7285714285714285,1.0,0.0,57,101,0.8,0.8,0.2,7,17,0.9,0.625,0.375,1,5
21,0.7,0.83,214.40000000000003,447,104,180,0,83,False,-1,none,0.3,0.88,0.86,0.56,0.75,0.62,0.7142857142857143,1.0,0.0,54,104,0.65,0.8333333333333334,0.16666666666666666,6,11,0.7,0.8666666666666667,0.13333333333333333,0,5
21,0.69,0.82,230.2,448,97,153,0,83,False,-1,none,0.3,0.8,0.79,0.52,0.76,0.45,0.6142857142857143,1.0,0.0,41,84,0.95,0.72,0.28,10,12,0.7,0.6428571428571429,0.35714285714285715,3,3
21,0.7,0.81,224.19999999999996,449,94,171,0,79,False,-1,none,0.3,0.79,0.8,0.56,0.74,0.57,0.7,1.0,0.0,50,90,0.7,0.7222222222222222,0.2777777777777778,10,15,0.7,0.7142857142857143,0.2857142857142857,2,4
21,0.7,0.8,215.8,450,80,173,0,77,False,-1,none,0.3,0.77,0.76,0.53,0.75,0.52,0.6714285714285714,1.0,0.0,53,90,0.75,0.85,0.15,4,18,0.8,0.6153846153846154,0.38461538461538464,3,5
21,0.74,0.9,236.20000000000005,440,89,175,0,86,False,-1,none,0.3,0.83,0.82,0.57,0.77,0.55,0.7142857142857143,1.0,0.0,51,92,0.8,0.875,0.125,4,20,0.8,0.6875,0.3125,6,2
21,0.67,0.8,196.8,450,97,167,0,86,False,-1,none,0.3,0.82,0.81,0.5,0.76,0.55,0.6428571428571429,1.0,0.0,50,96,0.7,0.9523809523809523,0.047619047619047616,3,14,0.8,0.7857142857142857,0.21428571428571427,0,4
21,0.73,0.89,219.04000000000008,441,97,172,0,72,True,3,Shigh,0.3,0.81,0.83,0.65,0.75,0.54,0.7142857142857143,1.0,0.0,60,94,0.75,0.7083333333333334,0.2916666666666667,7,10,0.8,0.8,0.2,0,1
21,0.65,0.76,197.20000000000005,454,95,169,0,75,False,-1,none,0.3,0.79,0.76,0.53,0.68,0.64,0.5857142857142857,1.0,0.0,47,97,0.8,0.8,0.2,8,11,0.8,0.7333333333333333,0.26666666666666666,2,4
21,0.63,0.76,210.79999999999998,454,108,150,0,86,False,-1,none,0.3,0.82,0.79,0.47,0.73,0.53,0.6,1.0,0.0,37,89,0.65,0.75,0.25,13,9,0.8,0.7142857142857143,0.2857142857142857,0,2
21,0.7,0.82,217.34000000000003,448,109,180,0,64,True,3,Shigh,0.3,0.83,0.84,0.68,0.78,0.58,0.6714285714285714,1.0,0.0,58,90,0.85,0.75,0.25,8,19,0.6,0.6363636363636364,0.36363636363636365,2,3
21,0.68,0.82,199.0,448,93,162,0,88,True,0,Slow,0.3,0.79,0.77,0.51,0.73,0.57,0.6285714285714286,1.0,0.0,50,89,0.75,0.8695652173913043,0.13043478260869565,2,19,0.9,0.7333333333333333,0.26666666666666666,0,2
21,0.7,0.85,232.39999999999995,445,84,170,0,71,False,-1,none,0.3,0.81,0.8,0.52,0.73,0.53,0.7142857142857143,1.0,0.0,48,96,0.6,0.7368421052631579,0.2631578947368421,10,9,0.8,0.6875,0.3125,3,4
21,0.69,0.83,215.00000000000009,447,109,176,0,82,False,-1,none,0.3,0.86,0.84,0.6,0.8,0.58,0.6428571428571429,1.0,0.0,47,94,0.9,0.7586206896551724,0.2413793103448276,13,18,0.6,0.7777777777777778,0.2222222222222222,0,4
21,0.76,0.92,251.20000000000002,438,82,197,0,79,False,-1,none,0.3,0.87,0.86,0.55,0.83,0.6,0.7142857142857143,1.0,0.0,62,95,0.85,0.88,0.12,9,26,0.9,0.7058823529411765,0.29411764705882354,2,3
21,0.73,0.86,241.6,444,103,186,0,70,False,-1,none,0.3,0.85,0.84,0.6,0.8,0.66,0.6714285714285714,1.0,0.0,50,104,0.85,0.84,0.16,7,19,0.9,0.5,0.5,4,2
21,0.71,0.83,214.80000000000004,447,86,179,0,77,False,-1,none,0.3,0.83,0.81,0.54,0.78,0.52,0.7142857142857143,1.0,0.0,55,91,0.7,0.85,0.15,9,17,0.7,0.7692307692307693,0.23076923076923078,2,5
21,0.68,0.79,212.59999999999997,451,104,168,0,89,False,-1,none,0.3,0.83,0.82,0.6,0.75,0.51,0.6857142857142857,1.0,0.0,52,93,0.55,0.7857142857142857,0.21428571428571427,6,9,0.9,0.7647058823529411,0.23529411764705882,0,8
21,0.7,0.91,226.80000000000007,439,103,168,0,88,False,-1,none,0.3,0.86,0.88,0.61,0.77,0.5,0.6428571428571429,1.0,0.0,45,90,0.8,0.92,0.08,5,19,0.9,0.8571428571428571,0.14285714285714285,4,5
21,0.7,0.8,208.54000000000002,450,95,164,0,81,True,3,Shigh,0.3,0.79,0.81,0.5,0.7,0.59,0.6714285714285714,1.0,0.0,52,89,0.75,0.65,0.35,9,11,0.8,0.7692307692307693,0.23076923076923078,0,3
21,0.7,0.85,231.4,445,91,172,0,72,False,-1,none,0.3,0.81,0.81,0.55,0.75,0.56,0.6428571428571429,1.0,0.0,48,88,0.9,0.8888888888888888,0.1111111111111111,11,19,0.7,0.6153846153846154,0.38461538461538464,3,3
21,0.73,0.87,215.80000000000007,443,93,176,0,79,False,-1,none,0.3,0.86,0.8,0.56,0.76,0.58,0.7285714285714285,1.0,0.0,56,97,0.75,0.9047619047619048,0.09523809523809523,4,16,0.7,0.8,0.2,1,2
21,0.63,0.73,204.2,457,102,162,0,98,False,-1,none,0.3,0.78,0.77,0.48,0.78,0.56,0.5571428571428572,1.0,0.0,41,93,0.8,0.7,0.3,8,18,0.8,0.5714285714285714,0.42857142857142855,0,2
21,0.68,0.79,210.79999999999998,451,99,156,0,71,False,-1,none,0.3,0.79,0.79,0.51,0.74,0.51,0.6571428571428571,1.0,0.0,45,85,0.7,0.85,0.15,3,16,0.8,0.6923076923076923,0.3076923076923077,3,4
21,0.67,0.82,219.99999999999997,448,95,181,0,67,False,-1,none,0.3,0.79,0.8,0.66,0.77,0.56,0.6428571428571429,1.0,0.0,58,96,0.65,0.8947368421052632,0.10526315789473684,3,14,0.9,0.6666666666666666,0.3333333333333333,5,5
21,0.65,0.76,208.20000000000002,454,70,174,0,65,False,-1,none,0.3,0.73,0.74,0.54,0.68,0.51,0.6571428571428571,1.0,0.0,63,82,0.65,0.8,0.2,8,16,0.6,0.5,0.5,4,1
21,0.72,0.87,228.20000000000005,443,91,174,0,83,False,-1,none,0.3,0.8,0.81,0.53,0.78,0.6,0.6714285714285714,1.0,0.0,50,97,0.75,0.9130434782608695,0.08695652173913043,5,15,1.0,0.7058823529411765,0.29411764705882354,0,7
21,0.72,0.88,235.00000000000003,442,88,170,0,74,False,-1,none,0.3,0.79,0.8,0.54,0.71,0.62,0.6857142857142857,1.0,0.0,51,95,0.8,0.7916666666666666,0.20833333333333334,12,9,0.8,0.6875,0.3125,1,2
22,0.69,0.8,178.59999999999997,450,105,167,0,73,True,0,Slow,0.3,0.84,0.81,0.51,0.77,0.59,0.6714285714285714,1.0,0.0,44,100,0.75,0.7272727272727273,0.2727272727272727,8,14,0.7,0.7,0.3,0,1
22,0.68,0.85,217.00000000000006,445,106,163,0,81,False,-1,none,0.3,0.81,0.81,0.58,0.78,0.56,0.6285714285714286,1.0,0.0,42,96,0.9,0.7777777777777778,0.2222222222222222,8,10,0.6,0.7142857142857143,0.2857142857142857,4,3
22,0.68,0.8,215.6,450,105,148,0,72,False,-1,none,0.3,0.79,0.79,0.58,0.75,0.42,0.6142857142857143,1.0,0.0,42,80,0.9,0.64,0.36,11,10,0.7,0.6666666666666666,0.3333333333333333,1,4
22,0.72,0.9,228.0,440,97,173,0,75,False,-1,none,0.3,0.83,0.85,0.57,0.77,0.58,0.6714285714285714,1.0,0.0,57,92,0.8,0.75,0.25,6,13,0.9,0.6842105263157895,0.3157894736842105,1,4
22,0.75,0.89,248.79999999999998,441,101,190,0,85,False,-1,none,0.3,0.87,0.91,0.59,0.86,0.57,0.6857142857142857,1.0,0.0,62,99,0.85,0.6666666666666666,0.3333333333333333,15,12,1.0,0.75,0.25,0,2
22,0.62,0.7,192.79999999999995,460,80,159,0,86,False,-1,none,0.3,0.73,0.72,0.45,0.72,0.47,0.6,1.0,0.0,52,84,0.75,0.6666666666666666,0.3333333333333333,11,8,0.5,0.7142857142857143,0.2857142857142857,0,4
22,0.61,0.67,167.19999999999996,463,99,149,0,65,False,-1,none,0.3,0.73,0.71,0.51,0.68,0.52,0.6142857142857143,1.0,0.0,48,86,0.65,0.8235294117647058,0.17647058823529413,0,14,0.5,0.8571428571428571,0.14285714285714285,1,0
22,0.67,0.78,205.2,452,101,165,0,86,False,-1,none,0.3,0.8,0.79,0.57,0.72,0.56,0.6714285714285714,1.0,0.0,49,96,0.7,0.9047619047619048,0.09523809523809523,3,15,0.6,0.7,0.3,1,1
22,0.72,0.83,242.39999999999998,447,113,191,0,73,False,-1,none,0.3,0.9,0.88,0.65,0.82,0.62,0.7142857142857143,1.0,0.0,61,102,0.7,0.631578947368421,0.3684210526315789,10,13,0.8,0.6428571428571429,0.35714285714285715,2,3
22,0.61,0.72,192.0,458,96,168,0,74,False,-1,none,0.3,0.73,0.78,0.55,0.76,0.54,0.5571428571428572,1.0,0.0,51,91,0.7,0.9,0.1,2,18,0.8,0.6923076923076923,0.3076923076923077,3,3
22,0.69,0.78,212.39999999999998,452,94,169,0,84,False,-1,none,0.3,0.83,0.77,0.54,0.77,0.5,0.6857142857142857,1.0,0.0,60,91,0.65,0.6666666666666666,0.3333333333333333,9,7,0.8,0.8333333333333334,0.16666666666666666,0,2
22,0.65,0.8,221.19999999999996,450,102,160,0,68,False,-1,none,0.3,0.77,0.78,0.58,0.77,0.52,0.5857142857142857,1.0,0.0,41,86,0.8,0.7727272727272727,0.22727272727272727,7,18,0.8,0.7058823529411765,0.29411764705882354,2,6
22,0.67,0.85,202.07999999999998,445,92,151,0,82,True,1,Slow,0.3,0.78,0.75,0.52,0.71,0.52,0.6,1.0,0.0,47,82,0.8,0.84,0.16,4,15,0.9,0.7777777777777778,0.2222222222222222,1,2
22,0.65,0.75,207.59999999999997,455,100,164,0,86,False,-1,none,0.3,0.82,0.81,0.49,0.75,0.52,0.6285714285714286,1.0,0.0,51,85,0.65,0.6875,0.3125,8,13,0.8,0.7333333333333333,0.26666666666666666,4,3
22,0.69,0.88,234.59999999999997,442,91,167,0,94,True,3,Shigh,0.3,0.84,0.79,0.46,0.75,0.62,0.6142857142857143,1.0,0.0,43,98,0.8,0.7857142857142857,0.21428571428571427,9,13,1.0,0.5882352941176471,0.4117647058823529,2,2
22,0.66,0.79,215.19999999999996,451,73,172,0,71,False,-1,none,0.3,0.78,0.72,0.53,0.74,0.47,0.6571428571428571,1.0,0.0,52,90,0.75,0.7272727272727273,0.2727272727272727,16,11,0.5,0.7272727272727273,0.2727272727272727,1,2
22,0.69,0.81,199.2,449,81,179,0,74,True,2,Slow,0.3,0.78,0.78,0.55,0.76,0.54,0.7,1.0,0.0,57,96,0.8,0.88,0.12,6,15,0.4,0.42857142857142855,0.5714285714285714,2,3
22,0.67,0.81,207.2,449,107,160,0,77,False,-1,none,0.3,0.8,0.78,0.62,0.71,0.57,0.6,1.0,0.0,48,90,0.9,0.9259259259259259,0.07407407407407407,5,12,0.7,0.6666666666666666,0.3333333333333333,1,4
22,0.66,0.8,215.0,450,124,177,0,79,False,-1,none,0.3,0.89,0.91,0.54,0.83,0.64,0.6142857142857143,1.0,0.0,50,97,0.8,0.7916666666666666,0.20833333333333334,8,18,0.7,0.6923076923076923,0.3076923076923077,1,3
22,0.76,0.92,249.40000000000003,438,88,180,0,75,False,-1,none,0.3,0.83,0.86,0.57,0.79,0.55,0.7142857142857143,1.0,0.0,62,93,0.9,0.7692307692307693,0.23076923076923078,9,14,0.8,0.6875,0.3125,1,1
22,0.67,0.8,200.0,450,87,189,0,69,True,3,Shigh,0.3,0.82,0.8,0.56,0.74,0.64,0.6714285714285714,1.0,0.0,63,100,0.8,0.7083333333333334,0.2916666666666667,8,15,0.4,0.7777777777777778,0.2222222222222222,2,1
22,0.73,0.89,202.32000000000002,441,95,169,0,77,True,1,Slow,0.3,0.83,0.84,0.51,0.8,0.55,0.7142857142857143,1.0,0.0,48,93,0.8,0.8888888888888888,0.1111111111111111,4,18,0.7,0.75,0.25,3,3
22,0.6,0.72,189.19999999999996,458,87,140,0,81,False,-1,none,0.3,0.7,0.73,0.46,0.64,0.46,0.5428571428571428,1.0,0.0,47,77,0.65,0.8235294117647058,0.17647058823529413,4,10,0.9,0.8235294117647058,0.17647058823529413,0,2
22,0.8,0.92,241.39999999999998,438,95,181,0,67,False,-1,none,0.3,0.81,0.84,0.61,0.77,0.65,0.7857142857142857,1.0,0.0,62,99,0.75,0.8095238095238095,0.19047619047619047,7,10,1.0,0.6875,0.3125,0,3
22,0.65,0.78,234.99999999999994,452,84,173,0,70,False,-1,none,0.3,0.77,0.75,0.51,0.76,0.56,0.5857142857142857,1.0,0.0,43,94,0.8,0.6190476190476191,0.38095238095238093,16,13,0.8,0.6875,0.3125,1,6
22,0.66,0.79,202.79999999999998,451,119,159,0,63,False,-1,none,0.3,0.83,0.83,0.58,0.79,0.54,0.6,1.0,0.0,47,94,0.7,0.95,0.05,1,12,1.0,0.8235294117647058,0.17647058823529413,0,5
22,0.59,0.73,191.0,457,97,148,0,77,False,-1,none,0.3,0.75,0.74,0.5,0.66,0.53,0.5428571428571428,1.0,0.0,43,81,0.75,0.7272727272727273,0.2727272727272727,6,15,0.6,0.8461538461538461,0.15384615384615385,2,1
22,0.68,0.8,213.79999999999998,450,96,165,0,74,False,-1,none,0.3,0.81,0.78,0.53,0.73,0.56,0.6714285714285714,1.0,0.0,54,90,0.7,0.8,0.2,4,13,0.7,0.6923076923076923,0.3076923076923077,1,3
22,0.67,0.78,218.2,452,105,171,0,91,False,-1,none,0.3,0.86,0.81,0.5,0.83,0.54,0.6,1.0,0.0,42,97,0.85,0.6521739130434783,0.34782608695652173,15,14,0.8,0.8461538461538461,0.15384615384615385,2,1
22,0.81,0.94,244.60000000000008,436,89,199,0,98,False,-1,none,0.3,0.86,0.88,0.57,0.84,0.67,0.7857142857142857,1.0,0.0,61,106,0.85,0.8695652173913043,0.13043478260869565,8,13,0.9,0.8125,0.1875,4,7
22,0.71,0.83,227.4,447,90,185,0,72,False,-1,none,0.3,0.8,0.82,0.57,0.77,0.62,0.6571428571428571,1.0,0.0,56,102,0.8,0.75,0.25,11,14,0.9,0.7058823529411765,0.29411764705882354,1,1
22,0.6,0.73,192.40000000000003,457,113,146,0,68,False,-1,none,0.3,0.76,0.75,0.54,0.72,0.55,0.5428571428571428,1.0,0.0,37,90,0.7,0.9090909090909091,0.09090909090909091,4,11,0.8,0.6923076923076923,0.3076923076923077,0,4
22,0.78,0.95,257.20000000000005,435,90,186,0,79,False,-1,none,0.3,0.88,0.85,0.55,0.82,0.61,0.7142857142857143,1.0,0.0,61,100,0.9,0.8148148148148148,0.18518518518518517,6,16,1.0,0.6666666666666666,0.3333333333333333,0,3
22,0.63,0.77,214.59999999999994,453,108,159,0,86,False,-1,none,0.3,0.83,0.82,0.57,0.74,0.48,0.5571428571428572,1.0,0.0,48,83,0.75,0.7272727272727273,0.2727272727272727,12,11,0.9,0.8125,0.1875,2,3
22,0.63,0.75,199.2,455,82,167,0,76,False,-1,none,0.3,0.78,0.75,0.54,0.7,0.47,0.6142857142857143,1.0,0.0,54,86,0.75,0.8333333333333334,0.16666666666666666,9,15,0.5,0.75,0.25,1,2
22,0.68,0.79,221.39999999999995,451,86,171,0,74,False,-1,none,0.3,0.74,0.74,0.61,0.77,0.5,0.6285714285714286,1.0,0.0,52,89,0.8,0.7619047619047619,0.23809523809523808,12,16,0.8,0.7142857142857143,0.2857142857142857,1,1
22,0.71,0.89,248.80000000000004,441,74,192,0,80,False,-1,none,0.3,0.83,0.8,0.57,0.78,0.57,0.6714285714285714,1.0,0.0,67,89,0.75,0.84,0.16,11,17,0.9,0.6470588235294118,0.35294117647058826,3,5
22,0.65,0.82,223.60000000000002,448,93,155,0,70,False,-1,none,0.3,0.75,0.73,0.55,0.73,0.54,0.6428571428571429,1.0,0.0,46,87,0.55,0.625,0.375,8,9,0.9,0.7142857142857143,0.2857142857142857,0,5
22,0.64,0.76,200.39999999999998,454,115,160,0,69,False,-1,none,0.3,0.83,0.79,0.58,0.77,0.54,0.6571428571428571,1.0,0.0,43,97,0.6,0.9444444444444444,0.05555555555555555,1,14,0.6,0.6666666666666666,0.3333333333333333,2,3
22,0.67,0.86,236.2,444,90,158,0,71,False,-1,none,0.3,0.8,0.8,0.46,0.74,0.54,0.6285714285714286,1.0,0.0,48,88,0.65,0.8,0.2,6,10,1.0,0.6818181818181818,0.3181818181818182,2,4
22,0.67,0.76,212.19999999999996,454,105,176,0,83,False,-1,none,0.3,0.84,0.8,0.53,0.81,0.59,0.6428571428571429,1.0,0.0,51,101,0.75,0.7368421052631579,0.2631578947368421,4,15,0.7,0.6666666666666666,0.3333333333333333,4,1
22,0.61,0.68,166.79999999999995,462,82,157,0,73,False,-1,none,0.3,0.72,0.72,0.51,0.61,0.51,0.6285714285714286,1.0,0.0,60,80,0.6,0.8823529411764706,0.11764705882352941,3,14,0.5,1.0,0.0,0,0
22,0.72,0.83,226.59999999999997,447,78,190,0,84,False,-1,none,0.3,0.83,0.85,0.5,0.79,0.54,0.6714285714285714,1.0,0.0,63,94,0.9,0.72,0.28,10,19,0.7,0.7272727272727273,0.2727272727272727,2,2
22,0.69,0.77,221.2,453,82,151,0,70,False,-1,none,0.3,0.73,0.73,0.47,0.69,0.48,0.6857142857142857,1.0,0.0,44,83,0.7,0.7777777777777778,0.2222222222222222,4,11,0.7,0.45454545454545453,0.5454545454545454,5,4
22,0.75,0.94,253.80000000000004,436,72,172,0,82,False,-1,none,0.3,0.79,0.78,0.54,0.76,0.51,0.7142857142857143,1.0,0.0,51,91,0.9,0.8666666666666667,0.13333333333333333,9,16,0.7,0.7142857142857143,0.2857142857142857,2,3
22,0.79,0.93,215.72000000000003,437,106,174,0,82,True,1,Slow,0.3,0.85,0.86,0.6,0.84,0.58,0.7571428571428571,1.0,0.0,57,95,0.85,0.875,0.125,1,16,0.9,0.75,0.25,3,2
22,0.59,0.73,197.59999999999997,457,89,168,0,65,False,-1,none,0.3,0.76,0.75,0.5,0.74,0.55,0.5714285714285714,1.0,0.0,52,91,0.65,0.8,0.2,6,15,0.6,0.6923076923076923,0.3076923076923077,1,3
22,0.67,0.78,185.79999999999995,452,90,167,0,65,True,1,Slow,0.3,0.77,0.77,0.55,0.75,0.51,0.6,1.0,0.0,55,85,0.85,0.782608695652174,0.21739130434782608,9,16,0.8,0.8461538461538461,0.15384615384615385,0,2
22,0.63,0.79,222.74,451,103,145,0,88,True,3,Shigh,0.3,0.79,0.79,0.48,0.7,0.51,0.5428571428571428,1.0,0.0,42,81,0.8,0.6086956521739131,0.391304347826087,8,9,0.9,0.6666666666666666,0.3333333333333333,1,4
22,0.65,0.8,211.20000000000007,450,92,170,0,68,False,-1,none,0.3,0.77,0.77,0.56,0.74,0.58,0.6285714285714286,1.0,0.0,46,96,0.6,0.8888888888888888,0.1111111111111111,3,16,0.9,0.6666666666666666,0.3333333333333333,4,5
22,0.59,0.72,176.20000000000002,458,83,132,0,83,False,-1,none,0.3,0.67,0.73,0.45,0.63,0.39,0.5571428571428572,1.0,0.0,45,65,0.7,0.9090909090909091,0.09090909090909091,2,17,0.6,0.8181818181818182,0.18181818181818182,1,2
22,0.71,0.78,208.8,452,86,194,0,82,False,-1,none,0.3,0.83,0.84,0.52,0.82,0.57,0.7,1.0,0.0,64,110,0.8,0.6842105263157895,0.3157894736842105,8,12,0.6,0.8,0.2,0,0
22,0.72,0.86,228.80000000000004,444,84,172,0,83,False,-1,none,0.3,0.81,0.82,0.52,0.77,0.5,0.7,1.0,0.0,48,90,0.9,0.8148148148148148,0.18518518518518517,7,18,0.5,0.6,0.4,3,6
22,0.67,0.79,208.20000000000002,451,104,174,0,73,False,-1,none,0.3,0.82,0.84,0.55,0.77,0.59,0.6571428571428571,1.0,0.0,47,100,0.65,0.7647058823529411,0.23529411764705882,8,15,0.8,0.9375,0.0625,0,4
22,0.69,0.86,246.2,444,94,184,0,66,False,-1,none,0.3,0.82,0.82,0.67,0.75,0.58,0.6571428571428571,1.0,0.0,56,93,0.7,0.7391304347826086,0.2608695652173913,10,14,0.9,0.5294117647058824,0.47058823529411764,5,6
22,0.67,0.77,214.0,453,100,167,0,86,False,-1,none,0.3,0.79,0.84,0.49,0.77,0.55,0.6,1.0,0.0,43,94,0.85,0.8181818181818182,0.18181818181818182,10,12,0.8,0.6153846153846154,0.38461538461538464,4,4
22,0.67,0.8,214.40000000000003,450,114,169,0,82,False,-1,none,0.3,0.83,0.88,0.55,0.82,0.55,0.6,1.0,0.0,53,93,0.8,0.7391304347826086,0.2608695652173913,3,16,0.9,0.8666666666666667,0.13333333333333333,0,4
22,0.61,0.7,169.57999999999996,460,75,157,0,73,True,1,Slow,0.3,0.72,0.7,0.43,0.68,0.49,0.6571428571428571,1.0,0.0,49,91,0.35,0.8333333333333334,0.16666666666666666,4,8,0.8,0.5833333333333334,0.4166666666666667,4,1
22,0.73,0.86,232.35999999999999,444,107,159,0,78,True,3,Shigh,0.3,0.81,0.84,0.6,0.76,0.51,0.6714285714285714,1.0,0.0,49,87,0.9,0.7391304347826086,0.2608695652173913,8,15,0.8,0.625,0.375,0,0
22,0.68,0.82,195.8,448,101,169,0,73,True,1,Slow,0.3,0.81,0.8,0.63,0.74,0.54,0.6142857142857143,1.0,0.0,48,80,0.85,0.7916666666666666,0.20833333333333334,13,21,0.8,0.7857142857142857,0.21428571428571427,5,2
22,0.68,0.82,213.72000000000003,448,96,183,0,74,True,1,Slow,0.3,0.83,0.84,0.54,0.82,0.58,0.6285714285714286,1.0,0.0,49,96,0.75,0.8,0.2,8,22,0.9,0.6111111111111112,0.3888888888888889,4,4
22,0.67,0.79,210.4,451,104,148,0,74,False,-1,none,0.3,0.76,0.76,0.5,0.73,0.56,0.6142857142857143,1.0,0.0,40,88,0.7,0.95,0.05,0,13,1.0,0.625,0.375,1,6
22,0.67,0.79,203.36,451,95,165,0,76,True,2,Slow,0.3,0.79,0.78,0.52,0.76,0.54,0.6428571428571429,1.0,0.0,50,90,0.75,0.7142857142857143,0.2857142857142857,8,14,0.7,0.9230769230769231,0.07692307692307693,1,2
22,0.69,0.87,208.04000000000002,443,102,173,0,83,True,2,Slow,0.3,0.85,0.8,0.55,0.77,0.65,0.6428571428571429,1.0,0.0,46,105,0.85,0.8888888888888888,0.1111111111111111,2,15,0.7,0.8666666666666667,0.13333333333333333,3,2
22,0.64,0.78,228.00000000000003,452,95,149,0,73,False,-1,none,0.3,0.78,0.79,0.44,0.72,0.49,0.5857142857142857,1.0,0.0,42,81,0.7,0.75,0.25,8,9,0.9,0.5294117647058824,0.47058823529411764,4,5
22,0.69,0.82,217.06,448,115,169,0,74,True,2,Slow,0.3,0.87,0.81,0.61,0.79,0.58,0.7,1.0,0.0,44,104,0.6,0.7647058823529411,0.23529411764705882,6,15,0.8,0.6,0.4,0,0
23,0.62,0.75,157.39999999999998,455,125,151,0,79,True,0,Slow,0.3,0.81,0.84,0.5,0.77,0.59,0.5857142857142857,1.0,0.0,29,101,0.7,0.8636363636363636,0.13636363636363635,5,14,0.7,0.8,0.2,0,2
23,0.69,0.84,217.40000000000003,446,89,187,0,60,False,-1,none,0.3,0.82,0.82,0.59,0.74,0.63,0.6571428571428571,1.0,0.0,63,101,0.7,0.7,0.3,6,11,0.9,0.7222222222222222,0.2777777777777778,2,4
23,0.78,0.93,250.40000000000006,437,74,199,0,74,False,-1,none,0.3,0.84,0.82,0.64,0.79,0.57,0.7857142857142857,1.0,0.0,70,98,0.85,0.72,0.28,10,14,0.6,0.5384615384615384,0.46153846153846156,4,3
23,0.64,0.75,207.59999999999997,455,81,167,0,92,False,-1,none,0.3,0.77,0.75,0.48,0.75,0.48,0.6,1.0,0.0,53,84,0.75,0.65,0.35,9,15,0.7,0.8461538461538461,0.15384615384615385,0,6
23,0.68,0.79,197.20000000000002,451,97,172,0,67,False,-1,none,0.3,0.82,0.79,0.6,0.76,0.51,0.6857142857142857,1.0,0.0,65,88,0.55,0.8666666666666667,0.13333333333333333,5,8,0.9,0.75,0.25,0,6
23,0.72,0.84,239.99999999999997,446,103,178,0,75,False,-1,none,0.3,0.83,0.82,0.62,0.8,0.58,0.6714285714285714,1.0,0.0,46,97,0.8,0.5263157894736842,0.47368421052631576,15,13,0.9,0.7777777777777778,0.2222222222222222,4,3
23,0.65,0.73,194.79999999999998,457,97,160,0,100,False,-1,none,0.3,0.79,0.82,0.42,0.77,0.5,0.6571428571428571,1.0,0.0,48,90,0.65,0.75,0.25,6,14,0.6,0.8181818181818182,0.18181818181818182,1,1
23,0.74,0.93,244.00000000000003,437,87,187,0,73,False,-1,none,0.3,0.79,0.85,0.6,0.82,0.61,0.6714285714285714,1.0,0.0,54,100,0.9,0.8148148148148148,0.18518518518518517,13,17,0.9,0.8421052631578947,0.15789473684210525,2,1
23,0.7,0.86,221.99999999999997,444,74,163,0,87,False,-1,none,0.3,0.71,0.77,0.51,0.69,0.55,0.6571428571428571,1.0,0.0,50,91,0.8,0.92,0.08,3,12,0.8,0.6666666666666666,0.3333333333333333,3,4
23,0.7,0.86,218.40000000000003,444,97,174,0,73,False,-1,none,0.3,0.84,0.83,0.59,0.73,0.58,0.6714285714285714,1.0,0.0,54,92,0.7,0.875,0.125,7,14,0.9,0.7333333333333333,0.26666666666666666,3,4
23,0.7,0.83,199.60000000000002,447,85,173,0,69,False,-1,none,0.3,0.79,0.79,0.55,0.76,0.52,0.7,1.0,0.0,62,91,0.7,0.9130434782608695,0.08695652173913043,3,13,0.7,0.8181818181818182,0.18181818181818182,2,2
23,0.7,0.87,236.79999999999998,443,98,170,0,80,False,-1,none,0.3,0.83,0.84,0.59,0.76,0.53,0.6714285714285714,1.0,0.0,52,88,0.7,0.8636363636363636,0.13636363636363635,10,13,0.9,0.5,0.5,3,4
23,0.7,0.82,225.2,448,84,178,0,91,False,-1,none,0.3,0.81,0.82,0.51,0.74,0.56,0.7,1.0,0.0,55,89,0.7,0.75,0.25,13,12,0.7,0.6153846153846154,0.38461538461538464,5,4
23,0.6,0.74,205.39999999999995,456,90,168,0,68,False,-1,none,0.3,0.78,0.79,0.54,0.75,0.46,0.5285714285714286,1.0,0.0,44,87,0.75,0.6818181818181818,0.3181818181818182,18,11,0.8,0.7333333333333333,0.26666666666666666,4,4
23,0.67,0.84,227.99999999999997,446,82,168,0,71,False,-1,none,0.3,0.79,0.79,0.53,0.71,0.52,0.5857142857142857,1.0,0.0,56,82,0.85,0.7692307692307693,0.23076923076923078,10,15,0.9,0.7647058823529411,0.23529411764705882,3,2
23,0.72,0.8,217.20000000000002,450,77,179,0,79,False,-1,none,0.3,0.8,0.78,0.48,0.71,0.59,0.7,1.0,0.0,56,94,0.95,0.76,0.24,11,15,0.4,0.8333333333333334,0.16666666666666666,1,2
23,0.7,0.81,221.8,449,83,178,0,83,False,-1,none,0.3,0.81,0.83,0.48,0.71,0.59,0.6714285714285714,1.0,0.0,62,90,0.7,0.7368421052631579,0.2631578947368421,11,9,0.9,0.6666666666666666,0.3333333333333333,4,2
23,0.76,0.99,251.8,431,90,177,0,69,True,3,Shigh,0.3,0.83,0.83,0.64,0.79,0.57,0.7142857142857143,1.0,0.0,58,94,0.9,0.7419354838709677,0.25806451612903225,9,12,0.8,0.8333333333333334,0.16666666666666666,0,4
23,0.77,0.99,252.28000000000003,431,88,160,0,83,True,2,Slow,0.3,0.83,0.8,0.61,0.7,0.53,0.6857142857142857,1.0,0.0,52,77,0.95,0.8181818181818182,0.18181818181818182,7,16,1.0,0.7777777777777778,0.2222222222222222,2,6
23,0.82,0.99,275.20000000000005,431,99,181,0,81,False,-1,none,0.3,0.91,0.91,0.55,0.82,0.6,0.7714285714285715,1.0,0.0,57,92,0.9,0.7272727272727273,0.2727272727272727,6,13,1.0,0.7391304347826086,0.2608695652173913,5,8
23,0.69,0.82,202.8,448,73,170,0,75,False,-1,none,0.3,0.76,0.76,0.49,0.75,0.49,0.7142857142857143,1.0,0.0,54,88,0.65,0.85,0.15,9,15,0.6,0.8333333333333334,0.16666666666666666,0,4
23,0.76,0.93,246.80000000000004,437,67,181,0,64,False,-1,none,0.3,0.78,0.77,0.6,0.74,0.52,0.7285714285714285,1.0,0.0,62,87,0.9,0.7777777777777778,0.2222222222222222,14,11,0.7,0.7333333333333333,0.26666666666666666,2,5
23,0.68,0.83,202.32000000000002,447,92,171,0,84,True,0,Slow,0.3,0.8,0.83,0.52,0.79,0.52,0.6142857142857143,1.0,0.0,48,95,0.9,0.7692307692307693,0.23076923076923078,8,16,0.7,0.8571428571428571,0.14285714285714285,0,4
23,0.67,0.86,219.40000000000003,444,89,157,0,73,True,2,Slow,0.3,0.77,0.79,0.58,0.67,0.51,0.6428571428571429,1.0,0.0,54,83,0.6,0.8421052631578947,0.15789473684210525,5,9,1.0,0.6818181818181818,0.3181818181818182,1,5
23,0.67,0.8,230.40000000000003,450,92,167,0,76,False,-1,none,0.3,0.77,0.81,0.53,0.73,0.55,0.5857142857142857,1.0,0.0,47,85,0.85,0.7391304347826086,0.2608695652173913,12,15,0.9,0.625,0.375,3,5
23,0.63,0.75,188.0,455,110,169,0,66,False,-1,none,0.3,0.81,0.79,0.55,0.77,0.62,0.6,1.0,0.0,42,99,0.65,0.9523809523809523,0.047619047619047616,4,17,0.8,0.6666666666666666,0.3333333333333333,2,5
23,0.65,0.83,206.20000000000002,447,90,143,0,74,True,2,Slow,0.3,0.73,0.74,0.5,0.76,0.43,0.5571428571428572,1.0,0.0,43,78,0.85,0.8333333333333334,0.16666666666666666,3,15,0.9,0.8571428571428571,0.14285714285714285,1,3
23,0.7,0.91,218.40000000000003,439,97,173,0,69,True,2,Slow,0.3,0.83,0.82,0.57,0.79,0.6,0.6571428571428571,1.0,0.0,50,103,0.8,0.896551724137931,0.10344827586206896,3,14,0.8,0.7142857142857143,0.2857142857142857,1,2
23,0.81,0.99,250.48000000000013,431,99,179,0,83,True,4,Shigh,0.3,0.9,0.9,0.54,0.84,0.59,0.8,1.0,0.0,59,105,0.8,0.75,0.25,8,5,0.9,0.7368421052631579,0.2631578947368421,1,1
23,0.67,0.8,207.20000000000005,450,110,170,0,80,False,-1,none,0.3,0.84,0.77,0.59,0.82,0.58,0.6285714285714286,1.0,0.0,46,101,0.75,0.8095238095238095,0.19047619047619047,7,11,0.8,0.7333333333333333,0.26666666666666666,3,2
23,0.7,0.81,220.8,449,64,181,0,64,False,-1,none,0.3,0.74,0.73,0.54,0.7,0.55,0.7142857142857143,1.0,0.0,58,94,0.7,0.7727272727272727,0.22727272727272727,13,13,0.6,0.7777777777777778,0.2222222222222222,2,1
23,0.72,0.92,241.76000000000002,438,95,178,0,75,True,4,Shigh,0.3,0.8,0.83,0.61,0.82,0.59,0.6714285714285714,0.9787234042553191,0.02127659574468085,60,92,0.85,0.7777777777777778,0.2222222222222222,7,14,0.8,0.7222222222222222,0.2777777777777778,2,3
23,0.71,0.85,226.20000000000005,445,84,174,0,87,False,-1,none,0.3,0.81,0.81,0.48,0.72,0.61,0.6571428571428571,1.0,0.0,57,90,0.8,0.7727272727272727,0.22727272727272727,6,19,0.9,0.8235294117647058,0.17647058823529413,0,2
23,0.71,0.8,224.39999999999998,450,107,168,0,70,False,-1,none,0.3,0.82,0.81,0.64,0.78,0.5,0.6571428571428571,1.0,0.0,51,87,0.8,0.6666666666666666,0.3333333333333333,11,12,0.9,0.6875,0.3125,2,5
23,0.66,0.74,197.79999999999998,456,108,167,0,86,False,-1,none,0.3,0.83,0.85,0.54,0.77,0.5,0.6571428571428571,1.0,0.0,48,92,0.6,0.75,0.25,7,14,0.8,0.8333333333333334,0.16666666666666666,3,3
23,0.64,0.73,198.79999999999998,457,97,159,0,91,False,-1,none,0.3,0.81,0.78,0.48,0.74,0.48,0.6428571428571429,1.0,0.0,46,90,0.6,0.7222222222222222,0.2777777777777778,7,13,0.7,0.8,0.2,1,2
23,0.72,0.9,219.60000000000005,440,82,173,0,75,False,-1,none,0.3,0.82,0.77,0.53,0.72,0.61,0.7142857142857143,1.0,0.0,58,91,0.7,0.9230769230769231,0.07692307692307693,4,12,0.8,0.8571428571428571,0.14285714285714285,1,7
23,0.77,0.9,248.8,440,99,178,0,83,False,-1,none,0.3,0.86,0.86,0.61,0.84,0.5,0.7428571428571429,1.0,0.0,52,93,0.8,0.5789473684210527,0.42105263157894735,13,13,0.9,0.6842105263157895,0.3157894736842105,4,3
23,0.71,0.91,253.52,439,85,173,0,71,True,4,Shigh,0.3,0.79,0.79,0.59,0.76,0.56,0.7,1.0,0.0,55,90,0.7,0.7083333333333334,0.2916666666666667,8,13,0.8,0.7222222222222222,0.2777777777777778,1,6
23,0.66,0.79,217.20000000000002,451,96,152,0,73,False,-1,none,0.3,0.75,0.76,0.54,0.67,0.55,0.5714285714285714,1.0,0.0,41,79,0.9,0.72,0.28,11,17,0.8,0.7857142857142857,0.21428571428571427,1,3
23,0.66,0.81,190.28000000000003,449,98,150,0,81,True,1,Slow,0.3,0.8,0.75,0.55,0.72,0.47,0.6285714285714286,1.0,0.0,48,83,0.6,0.95,0.05,3,10,1.0,0.7647058823529411,0.23529411764705882,4,2
23,0.63,0.77,210.20000000000002,453,95,164,0,69,False,-1,none,0.3,0.75,0.8,0.58,0.72,0.51,0.5714285714285714,1.0,0.0,48,87,0.75,0.8095238095238095,0.19047619047619047,7,14,0.8,0.6875,0.3125,4,4
23,0.72,0.86,210.4000000000001,444,84,173,0,72,False,-1,none,0.3,0.78,0.78,0.57,0.75,0.55,0.7142857142857143,1.0,0.0,59,90,0.8,0.92,0.08,6,15,0.6,0.8181818181818182,0.18181818181818182,0,3
23,0.72,0.85,219.00000000000009,445,80,173,0,72,False,-1,none,0.3,0.75,0.79,0.51,0.75,0.58,0.6857142857142857,1.0,0.0,56,92,0.8,0.782608695652174,0.21739130434782608,5,15,0.8,0.6428571428571429,0.35714285714285715,4,1
23,0.65,0.71,194.8,459,111,162,0,81,False,-1,none,0.3,0.8,0.8,0.54,0.74,0.56,0.5857142857142857,1.0,0.0,42,89,0.8,0.7368421052631579,0.2631578947368421,9,16,0.8,0.6363636363636364,0.36363636363636365,4,2
23,0.57,0.75,193.82000000000005,455,115,142,0,78,True,4,Shigh,0.3,0.77,0.77,0.47,0.74,0.57,0.5,1.0,0.0,31,89,0.65,0.8695652173913043,0.13043478260869565,4,12,0.9,0.7647058823529411,0.23529411764705882,1,5
23,0.72,0.88,224.56000000000003,442,95,158,0,79,True,3,Shigh,0.3,0.8,0.8,0.53,0.76,0.52,0.6428571428571429,1.0,0.0,46,86,0.9,0.7692307692307693,0.23076923076923078,11,10,0.9,0.7647058823529411,0.23529411764705882,2,3
23,0.68,0.78,207.60000000000002,452,91,171,0,70,False,-1,none,0.3,0.76,0.76,0.58,0.78,0.52,0.6714285714285714,1.0,0.0,55,93,0.65,0.7777777777777778,0.2222222222222222,6,10,0.8,0.6923076923076923,0.3076923076923077,3,4
23,0.65,0.76,205.8,454,93,156,0,95,False,-1,none,0.3,0.78,0.77,0.45,0.74,0.51,0.5857142857142857,1.0,0.0,43,86,0.8,0.8095238095238095,0.19047619047619047,4,14,0.8,0.6428571428571429,0.35714285714285715,3,6
23,0.63,0.72,186.4,458,85,174,0,74,False,-1,none,0.3,0.78,0.76,0.51,0.74,0.52,0.6714285714285714,1.0,0.0,58,91,0.6,0.7894736842105263,0.21052631578947367,9,12,0.4,0.8333333333333334,0.16666666666666666,0,4
23,0.7,0.85,223.00000000000003,445,92,176,0,77,False,-1,none,0.3,0.8,0.84,0.61,0.81,0.47,0.6285714285714286,1.0,0.0,61,82,0.8,0.8095238095238095,0.19047619047619047,6,18,1.0,0.8,0.2,3,6
23,0.66,0.79,215.8,451,96,163,0,67,False,-1,none,0.3,0.8,0.79,0.55,0.74,0.5,0.6,1.0,0.0,52,83,0.8,0.8,0.2,10,16,0.8,0.5833333333333334,0.4166666666666667,0,2
23,0.65,0.71,196.39999999999998,459,70,168,0,76,False,-1,none,0.3,0.75,0.73,0.45,0.7,0.46,0.6428571428571429,1.0,0.0,52,83,0.8,0.7619047619047619,0.23809523809523808,8,18,0.4,0.4,0.6,5,2
23,0.64,0.73,211.59999999999997,457,88,175,0,74,False,-1,none,0.3,0.77,0.77,0.56,0.71,0.55,0.6142857142857143,1.0,0.0,51,90,0.7,0.6470588235294118,0.35294117647058826,16,12,0.7,0.6153846153846154,0.38461538461538464,1,5
23,0.69,0.86,222.6,444,83,176,0,85,False,-1,none,0.3,0.79,0.77,0.61,0.75,0.53,0.6714285714285714,1.0,0.0,56,91,0.7,0.8333333333333334,0.16666666666666666,11,13,0.8,0.9333333333333333,0.06666666666666667,0,5
23,0.7,0.81,222.6,449,96,158,0,90,False,-1,none,0.3,0.82,0.82,0.52,0.76,0.43,0.6714285714285714,1.0,0.0,51,84,0.75,0.8181818181818182,0.18181818181818182,7,11,0.8,0.6666666666666666,0.3333333333333333,4,1
23,0.73,0.84,224.80000000000004,446,62,183,0,86,False,-1,none,0.3,0.78,0.79,0.44,0.73,0.55,0.7142857142857143,1.0,0.0,55,93,0.85,0.75,0.25,16,13,0.6,0.7,0.3,1,5
23,0.64,0.81,195.32,449,86,144,0,79,True,0,Slow,0.3,0.72,0.71,0.46,0.7,0.52,0.6,1.0,0.0,36,85,0.7,0.8695652173913043,0.13043478260869565,3,17,0.8,0.8125,0.1875,0,3
23,0.78,0.89,227.60000000000005,441,110,171,0,70,False,-1,none,0.3,0.85,0.85,0.6,0.81,0.59,0.7142857142857143,1.0,0.0,52,95,0.95,0.9166666666666666,0.08333333333333333,2,18,0.9,0.8,0.2,3,1
23,0.6,0.73,173.8,457,84,158,0,65,False,-1,none,0.3,0.76,0.71,0.5,0.66,0.52,0.6285714285714286,1.0,0.0,45,92,0.5,0.875,0.125,6,11,0.6,1.0,0.0,0,4
23,0.75,0.94,254.0,436,87,200,0,84,False,-1,none,0.3,0.9,0.88,0.62,0.83,0.58,0.7,1.0,0.0,66,100,0.85,0.7692307692307693,0.23076923076923078,12,15,0.9,0.7368421052631579,0.2631578947368421,2,5
23,0.72,0.86,236.80000000000004,444,91,182,0,71,False,-1,none,0.3,0.81,0.83,0.55,0.76,0.64,0.6714285714285714,1.0,0.0,52,98,0.85,0.7692307692307693,0.23076923076923078,13,15,0.8,0.5384615384615384,0.46153846153846156,1,3
23,0.71,0.8,246.79999999999995,450,101,183,0,76,False,-1,none,0.3,0.84,0.81,0.62,0.77,0.6,0.6571428571428571,1.0,0.0,59,96,0.75,0.6190476190476191,0.38095238095238093,12,13,1.0,0.5384615384615384,0.46153846153846156,0,3
23,0.69,0.75,213.40000000000003,455,99,164,0,72,False,-1,none,0.3,0.79,0.8,0.5,0.72,0.57,0.6857142857142857,1.0,0.0,48,95,0.6,0.7142857142857143,0.2857142857142857,7,9,0.9,0.46153846153846156,0.5384615384615384,0,5
23,0.71,0.83,191.07999999999996,447,92,174,0,71,True,0,Slow,0.3,0.8,0.78,0.56,0.77,0.58,0.7,1.0,0.0,54,96,0.7,0.9545454545454546,0.045454545454545456,2,19,0.8,0.6363636363636364,0.36363636363636365,2,1
23,0.78,0.92,239.8000000000001,438,81,200,0,82,False,-1,none,0.3,0.85,0.89,0.62,0.81,0.56,0.7857142857142857,1.0,0.0,71,97,0.75,0.8181818181818182,0.18181818181818182,5,18,0.8,0.8,0.2,2,7
24,0.57,0.73,178.0,457,111,151,0,80,False,-1,none,0.3,0.79,0.8,0.51,0.71,0.54,0.4857142857142857,1.0,0.0,39,86,0.75,0.9090909090909091,0.09090909090909091,4,17,0.8,0.6470588235294118,0.35294117647058826,1,4
24,0.65,0.83,204.60000000000002,447,107,160,0,85,True,2,Slow,0.3,0.83,0.8,0.59,0.72,0.56,0.6142857142857143,1.0,0.0,48,89,0.65,0.8095238095238095,0.19047619047619047,6,12,0.9,0.631578947368421,0.3684210526315789,1,4
24,0.66,0.76,192.4,454,99,172,0,83,False,-1,none,0.3,0.83,0.84,0.5,0.78,0.52,0.6142857142857143,1.0,0.0,49,95,0.75,0.75,0.25,11,15,0.8,0.6923076923076923,0.3076923076923077,2,0
24,0.63,0.74,191.4,456,104,166,0,66,False,-1,none,0.3,0.79,0.81,0.53,0.78,0.53,0.5857142857142857,1.0,0.0,51,92,0.75,0.8,0.2,6,13,0.7,0.7692307692307693,0.23076923076923078,2,2
24,0.66,0.77,194.60000000000002,453,112,166,0,80,False,-1,none,0.3,0.83,0.83,0.61,0.78,0.5,0.6285714285714286,1.0,0.0,57,90,0.7,0.8947368421052632,0.10526315789473684,2,12,0.8,0.7142857142857143,0.2857142857142857,2,3
24,0.64,0.75,194.79999999999998,455,97,164,0,89,False,-1,none,0.3,0.81,0.78,0.5,0.77,0.5,0.6428571428571429,1.0,0.0,53,94,0.6,0.8235294117647058,0.17647058823529413,7,10,0.7,0.7692307692307693,0.23076923076923078,0,0
24,0.68,0.83,219.2,447,85,174,0,73,False,-1,none,0.3,0.78,0.8,0.59,0.68,0.57,0.6142857142857143,1.0,0.0,58,86,0.9,0.8461538461538461,0.15384615384615385,8,18,0.7,0.7142857142857143,0.2857142857142857,2,2
24,0.59,0.74,194.60000000000002,456,85,163,0,73,False,-1,none,0.3,0.74,0.71,0.5,0.75,0.52,0.5285714285714286,1.0,0.0,45,89,0.85,0.8214285714285714,0.17857142857142858,12,15,0.5,0.6666666666666666,0.3333333333333333,1,1
24,0.58,0.74,186.2,456,101,158,0,72,False,-1,none,0.3,0.73,0.78,0.58,0.73,0.51,0.5142857142857142,1.0,0.0,42,90,0.7,0.9047619047619048,0.09523809523809523,5,13,0.8,0.7647058823529411,0.23529411764705882,4,4
24,0.74,0.89,219.40000000000003,441,81,182,0,58,False,-1,none,0.3,0.8,0.75,0.64,0.76,0.57,0.7285714285714285,1.0,0.0,59,98,0.85,0.8928571428571429,0.10714285714285714,4,16,0.6,0.7,0.3,2,3
24,0.66,0.73,202.79999999999995,457,90,176,0,76,False,-1,none,0.3,0.76,0.75,0.6,0.73,0.55,0.6857142857142857,1.0,0.0,60,94,0.6,0.42857142857142855,0.5714285714285714,12,7,0.6,0.8181818181818182,0.18181818181818182,0,3
24,0.64,0.74,204.79999999999998,456,100,169,0,82,False,-1,none,0.3,0.77,0.81,0.53,0.79,0.53,0.5714285714285714,1.0,0.0,48,95,0.85,0.8181818181818182,0.18181818181818182,8,12,0.7,0.5833333333333334,0.4166666666666667,2,4
24,0.7,0.84,224.48000000000002,446,103,165,0,83,True,0,Slow,0.3,0.83,0.82,0.54,0.76,0.57,0.6285714285714286,1.0,0.0,48,86,0.8,0.7272727272727273,0.2727272727272727,7,17,1.0,0.6111111111111112,0.3888888888888889,3,4
24,0.73,0.83,206.4,447,101,182,0,74,False,-1,none,0.3,0.83,0.86,0.58,0.79,0.6,0.7142857142857143,1.0,0.0,58,94,0.75,0.9047619047619048,0.09523809523809523,6,16,0.8,0.5833333333333334,0.4166666666666667,3,5
24,0.69,0.76,191.6,454,111,186,0,72,False,-1,none,0.3,0.83,0.87,0.57,0.88,0.58,0.6714285714285714,1.0,0.0,61,107,0.7,0.8888888888888888,0.1111111111111111,2,12,0.8,0.7272727272727273,0.2727272727272727,2,2
24,0.6,0.76,206.0,454,99,170,0,65,False,-1,none,0.3,0.78,0.79,0.52,0.75,0.61,0.5285714285714286,1.0,0.0,47,89,0.8,0.88,0.12,7,20,0.7,0.6428571428571429,0.35714285714285715,4,3
24,0.67,0.76,210.59999999999997,454,101,186,0,72,False,-1,none,0.3,0.82,0.84,0.62,0.8,0.55,0.6285714285714286,1.0,0.0,58,92,0.75,0.75,0.25,14,19,0.8,0.6666666666666666,0.3333333333333333,1,2
24,0.65,0.76,236.39999999999995,454,85,166,0,73,False,-1,none,0.3,0.77,0.75,0.57,0.66,0.52,0.5857142857142857,1.0,0.0,58,80,0.8,0.6363636363636364,0.36363636363636365,12,11,0.8,0.46153846153846156,0.5384615384615384,2,3
24,0.59,0.68,202.19999999999996,462,91,156,0,75,False,-1,none,0.3,0.77,0.74,0.51,0.64,0.49,0.5285714285714286,1.0,0.0,49,78,0.7,0.6470588235294118,0.35294117647058826,10,11,0.8,0.7142857142857143,0.2857142857142857,2,6
24,0.69,0.78,214.79999999999998,452,91,188,0,78,False,-1,none,0.3,0.81,0.83,0.59,0.81,0.53,0.6428571428571429,1.0,0.0,66,95,0.9,0.782608695652174,0.21739130434782608,7,16,0.6,0.8,0.2,2,2
24,0.65,0.77,201.40000000000003,453,96,154,0,83,False,-1,none,0.3,0.78,0.81,0.47,0.71,0.5,0.6285714285714286,1.0,0.0,48,85,0.7,0.7619047619047619,0.23809523809523808,7,12,0.7,0.8333333333333334,0.16666666666666666,0,2
24,0.61,0.77,204.4,453,104,180,0,69,False,-1,none,0.3,0.82,0.84,0.59,0.79,0.57,0.5571428571428572,1.0,0.0,55,101,0.75,0.782608695652174,0.21739130434782608,8,10,0.7,0.7333333333333333,0.26666666666666666,2,4
24,0.64,0.78,216.20000000000002,452,99,180,0,83,False,-1,none,0.3,0.83,0.81,0.49,0.78,0.66,0.5714285714285714,1.0,0.0,50,98,0.7,0.7222222222222222,0.2777777777777778,8,14,1.0,0.65,0.35,6,4
24,0.66,0.78,218.0,452,85,154,0,73,False,-1,none,0.3,0.76,0.75,0.53,0.66,0.47,0.6285714285714286,1.0,0.0,49,77,0.75,0.7619047619047619,0.23809523809523808,9,15,0.7,0.6153846153846154,0.38461538461538464,1,3
24,0.69,0.81,235.60000000000002,449,115,183,0,76,False,-1,none,0.3,0.88,0.88,0.67,0.79,0.57,0.6285714285714286,1.0,0.0,53,97,0.8,0.7272727272727273,0.2727272727272727,10,12,0.9,0.6,0.4,6,5
24,0.66,0.76,211.79999999999998,454,78,174,0,77,False,-1,none,0.3,0.73,0.8,0.51,0.74,0.5,0.6428571428571429,1.0,0.0,59,86,0.7,0.75,0.25,5,17,0.7,0.8,0.2,3,4
24,0.69,0.78,219.99999999999994,452,110,173,0,79,False,-1,none,0.3,0.83,0.82,0.59,0.82,0.55,0.6142857142857143,1.0,0.0,46,92,0.9,0.7142857142857143,0.2857142857142857,7,17,0.8,0.6428571428571429,0.35714285714285715,6,5
24,0.67,0.77,222.59999999999994,453,92,172,0,84,False,-1,none,0.3,0.81,0.8,0.48,0.81,0.51,0.6142857142857143,1.0,0.0,47,91,0.75,0.7,0.3,15,13,0.9,0.6428571428571429,0.35714285714285715,2,4
24,0.68,0.83,228.79999999999995,447,84,182,0,81,False,-1,none,0.3,0.82,0.83,0.56,0.76,0.52,0.6285714285714286,1.0,0.0,59,87,0.85,0.7307692307692307,0.2692307692307692,14,16,0.7,0.8461538461538461,0.15384615384615385,0,6
24,0.65,0.74,206.59999999999994,456,70,170,0,81,False,-1,none,0.3,0.73,0.75,0.43,0.71,0.52,0.5857142857142857,1.0,0.0,58,83,0.8,0.8,0.2,7,15,0.8,0.6153846153846154,0.38461538461538464,2,5
24,0.68,0.79,214.2,451,89,175,0,72,False,-1,none,0.3,0.75,0.8,0.5,0.76,0.62,0.6714285714285714,1.0,0.0,50,96,0.75,0.8333333333333334,0.16666666666666666,9,16,0.6,0.625,0.375,2,2
24,0.68,0.79,225.39999999999998,451,90,183,0,78,False,-1,none,0.3,0.79,0.82,0.54,0.76,0.61,0.6,1.0,0.0,49,98,0.85,0.65,0.35,11,15,0.9,0.7058823529411765,0.29411764705882354,5,5
24,0.76,0.84,204.32,446,89,178,0,84,True,1,Slow,0.3,0.82,0.85,0.52,0.76,0.56,0.7714285714285715,1.0,0.0,58,92,0.65,0.6875,0.3125,11,14,0.9,0.7142857142857143,0.2857142857142857,1,2
24,0.74,0.92,225.31999999999996,438,108,183,0,67,True,0,Slow,0.3,0.87,0.9,0.65,0.83,0.58,0.7,1.0,0.0,59,96,0.8,0.8076923076923077,0.19230769230769232,7,16,0.9,0.7058823529411765,0.29411764705882354,2,3
24,0.72,0.81,230.99999999999997,449,88,173,0,83,False,-1,none,0.3,0.8,0.8,0.52,0.79,0.51,0.6857142857142857,1.0,0.0,53,91,0.8,0.8095238095238095,0.19047619047619047,8,18,0.8,0.5,0.5,0,3
24,0.73,0.87,238.82,443,83,187,0,63,True,3,Shigh,0.3,0.81,0.83,0.56,0.78,0.59,0.7285714285714285,1.0,0.0,67,94,0.7,0.6,0.4,10,10,0.8,0.625,0.375,2,4
24,0.65,0.76,214.20000000000002,454,89,162,0,83,False,-1,none,0.3,0.8,0.77,0.42,0.74,0.54,0.6285714285714286,1.0,0.0,48,88,0.65,0.7368421052631579,0.2631578947368421,8,11,0.8,0.5384615384615384,0.46153846153846156,4,3
24,0.73,0.79,201.41999999999996,451,109,179,0,78,True,1,Slow,0.3,0.86,0.85,0.61,0.74,0.61,0.7,1.0,0.0,53,92,0.85,0.7894736842105263,0.21052631578947367,7,16,0.7,0.4,0.6,7,4
24,0.68,0.79,220.2,451,105,194,0,72,False,-1,none,0.3,0.88,0.85,0.63,0.84,0.58,0.6285714285714286,1.0,0.0,64,103,0.8,0.8333333333333334,0.16666666666666666,6,16,0.8,0.5454545454545454,0.45454545454545453,1,4
24,0.64,0.69,214.79999999999995,461,95,179,0,82,False,-1,none,0.3,0.82,0.83,0.51,0.8,0.47,0.6428571428571429,1.0,0.0,55,92,0.7,0.375,0.625,16,14,0.5,0.625,0.375,1,1
24,0.68,0.79,218.39999999999995,451,98,189,0,64,False,-1,none,0.3,0.83,0.83,0.6,0.79,0.61,0.6285714285714286,1.0,0.0,59,103,0.8,0.8260869565217391,0.17391304347826086,7,19,0.8,0.6666666666666666,0.3333333333333333,0,1
24,0.67,0.79,222.8,451,110,178,0,58,False,-1,none,0.3,0.84,0.8,0.61,0.81,0.61,0.6285714285714286,1.0,0.0,58,96,0.65,0.6875,0.3125,7,11,1.0,0.6842105263157895,0.3157894736842105,1,5
24,0.68,0.79,223.40000000000003,451,91,188,0,72,False,-1,none,0.3,0.83,0.82,0.59,0.78,0.56,0.6142857142857143,1.0,0.0,55,97,0.9,0.8333333333333334,0.16666666666666666,9,20,0.7,0.5,0.5,2,5
24,0.66,0.75,214.79999999999995,455,91,158,0,76,False,-1,none,0.3,0.75,0.76,0.53,0.69,0.51,0.6571428571428571,1.0,0.0,53,82,0.75,0.7,0.3,6,15,0.5,0.4444444444444444,0.5555555555555556,0,2
24,0.61,0.71,197.56000000000003,459,93,179,0,72,True,0,Slow,0.3,0.79,0.78,0.61,0.73,0.52,0.6,1.0,0.0,57,92,0.55,0.6,0.4,10,14,0.8,0.5714285714285714,0.42857142857142855,2,4
24,0.68,0.74,203.8,456,89,162,0,85,False,-1,none,0.3,0.76,0.76,0.53,0.71,0.49,0.6571428571428571,1.0,0.0,55,87,0.7,0.6875,0.3125,7,10,0.8,0.6666666666666666,0.3333333333333333,3,0
24,0.65,0.84,223.40000000000003,446,110,174,0,82,False,-1,none,0.3,0.85,0.82,0.55,0.85,0.61,0.5857142857142857,1.0,0.0,43,106,0.7,0.8095238095238095,0.19047619047619047,5,15,1.0,0.8181818181818182,0.18181818181818182,2,3
24,0.65,0.75,215.79999999999995,455,109,152,0,79,False,-1,none,0.3,0.8,0.79,0.48,0.7,0.59,0.6142857142857143,1.0,0.0,46,82,0.7,0.7368421052631579,0.2631578947368421,8,10,0.8,0.6153846153846154,0.38461538461538464,1,5
24,0.7,0.81,190.11999999999998,449,90,159,0,90,True,1,Slow,0.3,0.78,0.82,0.49,0.76,0.45,0.7,1.0,0.0,50,85,0.7,0.7894736842105263,0.21052631578947367,6,16,0.7,0.7692307692307693,0.23076923076923078,1,1
24,0.67,0.77,207.40000000000003,453,93,174,0,66,False,-1,none,0.3,0.81,0.78,0.56,0.74,0.55,0.6857142857142857,1.0,0.0,51,97,0.7,0.7619047619047619,0.23809523809523808,9,16,0.5,0.5,0.5,0,1
24,0.65,0.75,189.67999999999995,455,97,171,0,82,True,0,Slow,0.3,0.82,0.78,0.49,0.74,0.6,0.5857142857142857,1.0,0.0,49,88,0.8,0.8421052631578947,0.15789473684210525,6,20,0.8,0.6,0.4,1,7
24,0.67,0.77,219.99999999999994,453,107,186,0,60,False,-1,none,0.3,0.84,0.84,0.66,0.78,0.58,0.6285714285714286,1.0,0.0,60,98,0.8,0.7727272727272727,0.22727272727272727,5,15,0.7,0.5454545454545454,0.45454545454545453,3,5
24,0.67,0.8,227.6,450,87,180,0,73,False,-1,none,0.3,0.79,0.83,0.55,0.77,0.53,0.6,1.0,0.0,61,88,0.8,0.8,0.2,6,20,0.9,0.6153846153846154,0.38461538461538464,1,4
24,0.66,0.79,216.99999999999997,451,87,164,0,75,False,-1,none,0.3,0.74,0.77,0.53,0.75,0.51,0.6142857142857143,1.0,0.0,55,89,0.7,0.8,0.2,4,7,0.9,0.6875,0.3125,3,6
24,0.63,0.73,209.4,457,96,162,0,89,False,-1,none,0.3,0.75,0.83,0.48,0.8,0.45,0.5571428571428572,1.0,0.0,46,81,0.75,0.7894736842105263,0.21052631578947367,10,16,0.9,0.6,0.4,5,4
24,0.77,0.92,255.40000000000003,438,98,193,0,92,False,-1,none,0.3,0.91,0.88,0.55,0.87,0.62,0.7,1.0,0.0,60,101,0.95,0.76,0.24,7,18,0.9,0.7777777777777778,0.2222222222222222,2,5
24,0.64,0.74,200.80000000000004,456,79,179,0,73,False,-1,none,0.3,0.78,0.77,0.53,0.76,0.48,0.6,1.0,0.0,62,88,0.7,0.75,0.25,9,11,0.8,0.5833333333333334,0.4166666666666667,6,3
24,0.78,0.9,239.40000000000003,440,61,204,0,90,False,-1,none,0.3,0.81,0.82,0.55,0.83,0.54,0.8142857142857143,1.0,0.0,72,100,0.7,0.6470588235294118,0.35294117647058826,9,16,0.7,0.875,0.125,2,5
24,0.64,0.78,203.20000000000002,452,99,173,0,75,False,-1,none,0.3,0.8,0.82,0.54,0.79,0.55,0.6142857142857143,1.0,0.0,51,98,0.75,0.8260869565217391,0.17391304347826086,5,15,0.6,0.8333333333333334,0.16666666666666666,2,2
24,0.6,0.68,182.59999999999997,462,85,164,0,78,False,-1,none,0.3,0.75,0.74,0.52,0.68,0.48,0.6,1.0,0.0,60,84,0.65,0.7777777777777778,0.2222222222222222,7,11,0.5,0.75,0.25,0,2
24,0.68,0.82,197.07999999999998,448,92,162,0,84,True,0,Slow,0.3,0.81,0.8,0.53,0.77,0.45,0.6857142857142857,1.0,0.0,49,89,0.7,0.8181818181818182,0.18181818181818182,7,14,0.6,0.75,0.25,0,3
24,0.68,0.83,227.85999999999996,447,102,174,0,66,True,2,Slow,0.3,0.82,0.82,0.63,0.76,0.56,0.6142857142857143,1.0,0.0,53,87,0.8,0.7391304347826086,0.2608695652173913,8,17,0.9,0.5882352941176471,0.4117647058823529,3,6
24,0.63,0.76,190.4,454,88,165,0,86,False,-1,none,0.3,0.81,0.78,0.5,0.75,0.45,0.6428571428571429,1.0,0.0,51,87,0.65,0.8421052631578947,0.15789473684210525,7,13,0.5,0.9166666666666666,0.08333333333333333,1,6
24,0.67,0.82,194.72000000000006,448,85,179,0,79,True,2,Slow,0.3,0.81,0.83,0.53,0.71,0.58,0.6428571428571429,1.0,0.0,61,91,0.8,0.8,0.2,8,14,0.6,0.75,0.25,2,3
24,0.63,0.74,199.20000000000002,456,113,187,0,76,False,-1,none,0.3,0.83,0.86,0.64,0.82,0.59,0.5714285714285714,1.0,0.0,56,97,0.75,0.8181818181818182,0.18181818181818182,9,17,0.8,0.75,0.25,4,4
24,0.62,0.73,191.40000000000003,457,88,175,0,74,False,-1,none,0.3,0.81,0.77,0.48,0.74,0.56,0.5857142857142857,1.0,0.0,44,95,0.75,0.8181818181818182,0.18181818181818182,12,17,0.6,0.7,0.3,1,6
25,0.64,0.75,182.0,455,114,151,0,75,False,-1,none,0.3,0.77,0.78,0.55,0.77,0.53,0.6428571428571429,1.0,0.0,36,94,0.65,0.8823529411764706,0.11764705882352941,2,13,0.6,0.5384615384615384,0.46153846153846156,3,3
25,0.69,0.82,204.8,448,102,167,0,69,False,-1,none,0.3,0.81,0.8,0.53,0.77,0.6,0.6571428571428571,1.0,0.0,45,95,0.75,0.85,0.15,4,18,0.8,0.625,0.375,0,5
25,0.68,0.85,207.00000000000006,445,91,171,0,68,True,3,Shigh,0.3,0.82,0.77,0.56,0.75,0.57,0.6428571428571429,1.0,0.0,55,101,0.75,0.8,0.2,4,6,0.8,0.7333333333333333,0.26666666666666666,1,4
25,0.68,0.77,202.79999999999998,453,98,169,0,71,False,-1,none,0.3,0.8,0.8,0.55,0.77,0.52,0.6714285714285714,1.0,0.0,51,93,0.6,0.75,0.25,10,11,0.9,0.7857142857142857,0.21428571428571427,3,1
25,0.68,0.76,197.03999999999996,454,89,176,0,74,True,0,Slow,0.3,0.81,0.8,0.45,0.76,0.59,0.6428571428571429,1.0,0.0,49,100,0.75,0.7368421052631579,0.2631578947368421,9,14,0.8,0.5,0.5,2,2
25,0.75,0.85,243.99999999999997,445,81,211,0,53,False,-1,none,0.3,0.81,0.84,0.71,0.8,0.61,0.7285714285714285,1.0,0.0,64,103,0.8,0.6190476190476191,0.38095238095238093,20,12,0.8,0.5384615384615384,0.46153846153846156,8,4
25,0.69,0.81,221.6,449,93,185,0,91,False,-1,none,0.3,0.84,0.84,0.56,0.82,0.53,0.6285714285714286,1.0,0.0,58,95,0.9,0.8076923076923077,0.19230769230769232,9,18,0.7,0.7272727272727273,0.2727272727272727,0,5
25,0.65,0.74,202.79999999999995,456,83,162,0,81,False,-1,none,0.3,0.76,0.73,0.55,0.68,0.47,0.6,1.0,0.0,47,81,0.85,0.8181818181818182,0.18181818181818182,12,18,0.6,0.7,0.3,3,1
25,0.71,0.82,216.23999999999998,448,90,183,0,80,True,0,Slow,0.3,0.79,0.83,0.61,0.78,0.54,0.6714285714285714,1.0,0.0,57,91,0.8,0.7727272727272727,0.22727272727272727,10,17,0.8,0.6923076923076923,0.3076923076923077,4,4
25,0.73,0.87,198.0,443,103,177,0,88,False,-1,none,0.3,0.87,0.84,0.64,0.8,0.52,0.7142857142857143,1.0,0.0,58,96,0.75,1.0,0.0,0,17,0.8,0.9230769230769231,0.07692307692307693,0,6
25,0.71,0.81,218.4,449,106,173,0,60,False,-1,none,0.3,0.83,0.8,0.55,0.79,0.63,0.7,1.0,0.0,54,96,0.65,0.625,0.375,9,8,0.9,0.6875,0.3125,2,4
25,0.75,0.82,231.59999999999997,448,106,188,0,89,False,-1,none,0.3,0.87,0.85,0.55,0.86,0.63,0.7285714285714285,1.0,0.0,49,101,0.7,0.6,0.4,9,14,1.0,0.625,0.375,8,7
25,0.71,0.84,222.0,446,90,173,0,78,False,-1,none,0.3,0.79,0.81,0.58,0.79,0.5,0.6428571428571429,1.0,0.0,55,89,0.9,0.8518518518518519,0.14814814814814814,9,14,0.8,0.6666666666666666,0.3333333333333333,2,4
25,0.68,0.85,238.99999999999994,445,94,158,0,83,True,3,Shigh,0.3,0.81,0.79,0.49,0.73,0.55,0.5857142857142857,1.0,0.0,49,86,0.9,0.6785714285714286,0.32142857142857145,9,8,0.9,0.5,0.5,4,2
25,0.72,0.85,236.2,445,99,177,0,74,True,4,Shigh,0.3,0.82,0.84,0.56,0.77,0.62,0.6571428571428571,1.0,0.0,48,91,0.85,0.6538461538461539,0.34615384615384615,14,15,0.9,0.5384615384615384,0.46153846153846156,5,4
25,0.74,0.94,238.40000000000003,436,97,170,0,79,False,-1,none,0.3,0.84,0.86,0.59,0.77,0.55,0.6714285714285714,1.0,0.0,49,89,0.9,0.8928571428571429,0.10714285714285714,3,17,0.9,0.8421052631578947,0.15789473684210525,4,8
25,0.69,0.77,191.80000000000004,453,89,175,0,74,False,-1,none,0.3,0.78,0.8,0.57,0.78,0.48,0.6714285714285714,1.0,0.0,63,92,0.75,0.8333333333333334,0.16666666666666666,3,12,0.7,0.75,0.25,1,4
25,0.7,0.8,202.99999999999997,450,91,171,0,68,True,4,Shigh,0.3,0.78,0.77,0.55,0.72,0.6,0.7,1.0,0.0,58,93,0.8,0.8636363636363636,0.13636363636363635,2,13,0.5,0.5555555555555556,0.4444444444444444,4,1
25,0.71,0.84,224.6,446,84,174,0,73,False,-1,none,0.3,0.76,0.78,0.54,0.7,0.64,0.6857142857142857,1.0,0.0,52,93,0.7,0.7894736842105263,0.21052631578947367,7,12,0.9,0.7647058823529411,0.23529411764705882,5,5
25,0.72,0.84,238.00000000000006,446,94,160,0,82,False,-1,none,0.3,0.77,0.76,0.57,0.73,0.55,0.6857142857142857,1.0,0.0,39,88,0.8,0.6666666666666666,0.3333333333333333,15,13,0.8,0.5333333333333333,0.4666666666666667,4,1
25,0.7,0.93,237.68000000000004,437,72,163,0,77,True,2,Slow,0.3,0.74,0.77,0.55,0.74,0.48,0.6571428571428571,1.0,0.0,50,83,0.75,0.8571428571428571,0.14285714285714285,6,15,0.9,0.6842105263157895,0.3157894736842105,4,5
25,0.79,0.9,236.60000000000002,440,92,189,0,74,True,1,Slow,0.3,0.86,0.85,0.54,0.81,0.65,0.7857142857142857,1.0,0.0,51,107,0.75,0.7058823529411765,0.29411764705882354,8,16,0.9,0.6111111111111112,0.3888888888888889,3,4
25,0.71,0.8,198.87999999999997,450,101,165,0,69,True,0,Slow,0.3,0.82,0.8,0.6,0.71,0.53,0.7285714285714285,1.0,0.0,52,87,0.65,0.8235294117647058,0.17647058823529413,8,12,0.7,0.45454545454545453,0.5454545454545454,2,4
25,0.76,0.9,234.20000000000002,440,80,190,0,70,True,2,Slow,0.3,0.82,0.82,0.59,0.78,0.59,0.7285714285714285,1.0,0.0,62,98,0.85,0.8076923076923077,0.19230769230769232,7,17,0.8,0.6153846153846154,0.38461538461538464,6,0
25,0.64,0.79,207.6,451,74,162,0,60,False,-1,none,0.3,0.7,0.72,0.55,0.64,0.54,0.5714285714285714,1.0,0.0,52,75,0.75,0.8260869565217391,0.17391304347826086,10,18,0.9,0.75,0.25,2,5
25,0.66,0.77,189.64,453,79,170,0,64,True,0,Slow,0.3,0.76,0.71,0.53,0.72,0.54,0.6142857142857143,1.0,0.0,53,86,0.75,0.75,0.25,10,16,0.8,0.7857142857142857,0.21428571428571427,1,4
25,0.68,0.84,202.60000000000002,446,88,169,0,69,False,-1,none,0.3,0.77,0.79,0.59,0.75,0.51,0.6571428571428571,1.0,0.0,55,91,0.7,0.9047619047619048,0.09523809523809523,2,16,0.8,0.8823529411764706,0.11764705882352941,1,4
25,0.76,0.91,227.80000000000004,439,89,171,0,69,False,-1,none,0.3,0.81,0.79,0.58,0.76,0.57,0.7285714285714285,1.0,0.0,54,86,0.85,0.8888888888888888,0.1111111111111111,5,18,0.8,0.6923076923076923,0.3076923076923077,2,6
25,0.75,0.85,228.2,445,91,188,0,81,False,-1,none,0.3,0.83,0.86,0.6,0.72,0.63,0.7428571428571429,1.0,0.0,61,95,0.7,0.6470588235294118,0.35294117647058826,12,10,0.9,0.8125,0.1875,2,8
25,0.66,0.77,201.8,453,93,162,0,73,False,-1,none,0.3,0.75,0.81,0.51,0.74,0.51,0.6142857142857143,1.0,0.0,44,86,0.85,0.8260869565217391,0.17391304347826086,9,19,0.6,0.7272727272727273,0.2727272727272727,1,3
25,0.67,0.85,231.20000000000005,445,107,168,0,80,True,3,Shigh,0.3,0.85,0.85,0.57,0.82,0.51,0.6142857142857143,1.0,0.0,46,94,0.8,0.6538461538461539,0.34615384615384615,11,13,0.8,0.625,0.375,3,1
25,0.66,0.79,211.0,451,96,163,0,87,False,-1,none,0.3,0.8,0.8,0.5,0.74,0.54,0.6285714285714286,1.0,0.0,43,93,0.65,0.85,0.15,8,11,0.9,0.6,0.4,4,4
25,0.68,0.81,219.80000000000004,449,104,183,0,72,True,3,Shigh,0.3,0.85,0.82,0.62,0.83,0.56,0.6285714285714286,1.0,0.0,51,104,0.8,0.43478260869565216,0.5652173913043478,18,8,0.8,0.8571428571428571,0.14285714285714285,0,2
25,0.72,0.82,226.8,448,95,172,0,81,False,-1,none,0.3,0.8,0.81,0.55,0.78,0.55,0.6857142857142857,1.0,0.0,53,94,0.75,0.7368421052631579,0.2631578947368421,8,9,0.9,0.6666666666666666,0.3333333333333333,1,7
25,0.76,0.91,244.00000000000006,439,87,189,0,73,False,-1,none,0.3,0.82,0.83,0.67,0.81,0.54,0.7285714285714285,1.0,0.0,62,99,0.75,0.8095238095238095,0.19047619047619047,5,13,1.0,0.6842105263157895,0.3157894736842105,6,4
25,0.7,0.86,214.50000000000006,444,106,188,0,70,True,3,Shigh,0.3,0.83,0.9,0.59,0.84,0.64,0.6714285714285714,1.0,0.0,52,109,0.8,0.875,0.125,6,13,0.7,0.6666666666666666,0.3333333333333333,3,5
25,0.73,0.91,228.00000000000003,439,86,171,0,77,False,-1,none,0.3,0.82,0.8,0.55,0.79,0.52,0.6714285714285714,1.0,0.0,53,88,0.9,0.8787878787878788,0.12121212121212122,7,20,0.8,0.7272727272727273,0.2727272727272727,2,1
25,0.66,0.83,210.00000000000003,447,90,150,0,87,False,-1,none,0.3,0.75,0.77,0.48,0.72,0.51,0.5714285714285714,1.0,0.0,42,83,0.9,0.9259259259259259,0.07407407407407407,3,16,0.8,0.6875,0.3125,2,4
25,0.66,0.77,201.59999999999997,453,94,170,0,79,False,-1,none,0.3,0.77,0.78,0.56,0.74,0.56,0.6428571428571429,1.0,0.0,51,97,0.55,0.9375,0.0625,3,11,1.0,0.625,0.375,4,4
25,0.69,0.8,199.48,450,101,172,0,77,True,1,Slow,0.3,0.82,0.82,0.58,0.74,0.57,0.7,1.0,0.0,51,96,0.8,0.6363636363636364,0.36363636363636365,10,13,0.4,0.7777777777777778,0.2222222222222222,2,0
25,0.64,0.7,180.39999999999998,460,99,172,0,84,False,-1,none,0.3,0.77,0.81,0.48,0.78,0.57,0.6714285714285714,1.0,0.0,53,99,0.5,0.75,0.25,5,9,0.7,0.7272727272727273,0.2727272727272727,2,4
25,0.69,0.77,199.39999999999998,453,105,173,0,75,False,-1,none,0.3,0.8,0.82,0.54,0.76,0.63,0.6857142857142857,1.0,0.0,52,98,0.65,0.8823529411764706,0.11764705882352941,2,13,0.8,0.6666666666666666,0.3333333333333333,3,5
25,0.76,0.87,224.4,443,94,172,0,72,False,-1,none,0.3,0.84,0.83,0.55,0.76,0.55,0.7714285714285715,1.0,0.0,53,97,0.65,0.9444444444444444,0.05555555555555555,2,12,0.9,0.6,0.4,4,4
25,0.64,0.75,189.00000000000003,455,77,159,0,84,False,-1,none,0.3,0.76,0.75,0.45,0.69,0.46,0.6285714285714286,1.0,0.0,46,83,0.75,0.9565217391304348,0.043478260869565216,4,17,0.5,0.5,0.5,7,2
25,0.68,0.83,222.2,447,95,173,0,79,False,-1,none,0.3,0.84,0.81,0.56,0.76,0.54,0.6428571428571429,1.0,0.0,52,91,0.75,0.8,0.2,12,13,0.8,0.6923076923076923,0.3076923076923077,2,3
25,0.8,0.97,229.8000000000001,433,82,194,0,72,False,-1,none,0.3,0.82,0.84,0.67,0.81,0.59,0.7857142857142857,1.0,0.0,63,99,0.95,0.967741935483871,0.03225806451612903,6,23,0.6,0.7272727272727273,0.2727272727272727,0,3
25,0.73,0.89,251.8,441,100,184,0,67,False,-1,none,0.3,0.84,0.86,0.64,0.82,0.57,0.6857142857142857,1.0,0.0,56,89,0.75,0.6666666666666666,0.3333333333333333,15,10,1.0,0.55,0.45,5,9
25,0.69,0.81,219.60000000000002,449,79,168,0,72,False,-1,none,0.3,0.78,0.78,0.55,0.72,0.45,0.7,1.0,0.0,60,83,0.6,0.8235294117647058,0.17647058823529413,3,11,0.8,0.6666666666666666,0.3333333333333333,5,6
25,0.68,0.85,228.40000000000006,445,86,170,0,69,False,-1,none,0.3,0.79,0.8,0.55,0.72,0.55,0.6142857142857143,1.0,0.0,52,86,0.85,0.8928571428571429,0.10714285714285714,6,16,0.8,0.6428571428571429,0.35714285714285715,5,5
25,0.66,0.81,210.40000000000003,449,112,168,0,74,False,-1,none,0.3,0.84,0.8,0.63,0.79,0.55,0.6285714285714286,1.0,0.0,40,95,0.75,0.8260869565217391,0.17391304347826086,9,16,0.7,0.8571428571428571,0.14285714285714285,2,6
25,0.69,0.79,218.4,451,107,177,0,72,False,-1,none,0.3,0.82,0.83,0.57,0.81,0.6,0.6428571428571429,1.0,0.0,47,101,0.75,0.6666666666666666,0.3333333333333333,15,11,0.9,0.7692307692307693,0.23076923076923078,1,2
25,0.67,0.78,220.2,452,92,173,0,77,False,-1,none,0.3,0.82,0.78,0.48,0.81,0.54,0.6428571428571429,1.0,0.0,45,95,0.75,0.8571428571428571,0.14285714285714285,7,18,0.7,0.4166666666666667,0.5833333333333334,5,3
25,0.65,0.77,197.8,453,98,155,0,90,False,-1,none,0.3,0.76,0.79,0.49,0.69,0.57,0.6285714285714286,1.0,0.0,47,88,0.65,0.9411764705882353,0.058823529411764705,2,13,0.8,0.75,0.25,1,4
25,0.8,0.95,231.80000000000013,435,88,197,0,65,False,-1,none,0.3,0.89,0.81,0.7,0.79,0.61,0.8285714285714286,1.0,0.0,60,103,0.75,0.8695652173913043,0.13043478260869565,8,18,0.7,0.7857142857142857,0.21428571428571427,4,4
25,0.65,0.77,209.8,453,100,172,0,71,False,-1,none,0.3,0.82,0.78,0.52,0.82,0.55,0.6142857142857143,1.0,0.0,46,93,0.75,0.6666666666666666,0.3333333333333333,12,17,0.7,0.7692307692307693,0.23076923076923078,0,4
25,0.71,0.78,190.92000000000002,452,85,160,0,97,True,2,Slow,0.3,0.79,0.79,0.43,0.74,0.48,0.7571428571428571,1.0,0.0,51,92,0.6,0.9285714285714286,0.07142857142857142,2,14,0.6,0.6363636363636364,0.36363636363636365,0,1
25,0.69,0.8,211.00000000000003,450,94,167,0,79,False,-1,none,0.3,0.77,0.8,0.53,0.73,0.58,0.6285714285714286,1.0,0.0,49,90,0.85,0.8260869565217391,0.17391304347826086,6,15,0.8,0.6153846153846154,0.38461538461538464,3,4
25,0.6,0.71,195.99999999999997,459,91,167,0,86,False,-1,none,0.3,0.8,0.77,0.42,0.75,0.55,0.5285714285714286,1.0,0.0,48,88,0.75,0.8571428571428571,0.14285714285714285,3,18,0.8,0.6923076923076923,0.3076923076923077,5,5
25,0.68,0.78,207.8,452,91,184,0,62,False,-1,none,0.3,0.81,0.79,0.58,0.74,0.61,0.6571428571428571,1.0,0.0,54,99,0.85,0.84,0.16,8,19,0.5,0.42857142857142855,0.5714285714285714,2,2
25,0.66,0.76,195.60000000000008,454,95,171,0,73,False,-1,none,0.3,0.76,0.8,0.57,0.71,0.58,0.6285714285714286,1.0,0.0,51,93,0.7,0.8947368421052632,0.10526315789473684,5,13,0.8,0.6153846153846154,0.38461538461538464,5,4
25,0.66,0.8,212.8,450,80,166,0,84,False,-1,none,0.3,0.76,0.78,0.55,0.72,0.45,0.6428571428571429,1.0,0.0,50,88,0.65,0.8421052631578947,0.15789473684210525,7,13,0.8,0.75,0.25,4,4
25,0.72,0.87,226.08,443,87,170,0,81,True,1,Slow,0.3,0.79,0.84,0.53,0.77,0.51,0.6428571428571429,1.0,0.0,52,84,0.85,0.7391304347826086,0.2608695652173913,10,17,1.0,0.5789473684210527,0.42105263157894735,3,4
25,0.62,0.71,194.60000000000002,459,81,161,0,82,False,-1,none,0.3,0.77,0.72,0.5,0.72,0.42,0.6,1.0,0.0,47,83,0.65,0.8235294117647058,0.17647058823529413,8,14,0.7,0.5833333333333334,0.4166666666666667,4,5
25,0.75,0.85,227.60000000000005,445,79,178,0,73,False,-1,none,0.3,0.78,0.75,0.6,0.75,0.54,0.7714285714285715,1.0,0.0,62,97,0.75,0.7619047619047619,0.23809523809523808,5,10,0.6,0.7,0.3,1,3
25,0.67,0.8,215.60000000000005,450,84,170,0,76,False,-1,none,0.3,0.78,0.75,0.56,0.77,0.48,0.6142857142857143,1.0,0.0,52,86,0.75,0.7142857142857143,0.2857142857142857,10,15,0.9,0.8125,0.1875,1,6
25,0.6,0.72,180.40000000000003,458,95,157,0,71,False,-1,none,0.3,0.73,0.73,0.53,0.72,0.53,0.5571428571428572,1.0,0.0,39,89,0.75,0.8181818181818182,0.18181818181818182,8,19,0.6,0.9090909090909091,0.09090909090909091,1,1
26,0.61,0.79,186.6,451,108,153,0,70,True,2,Slow,0.3,0.8,0.77,0.5,0.78,0.55,0.5571428571428572,1.0,0.0,42,89,0.65,0.8095238095238095,0.19047619047619047,5,7,0.9,0.6666666666666666,0.3333333333333333,5,5
26,0.61,0.71,174.4,459,103,155,0,76,False,-1,none,0.3,0.78,0.78,0.47,0.7,0.56,0.5857142857142857,1.0,0.0,43,95,0.7,0.85,0.15,3,10,0.6,0.6,0.4,1,3
26,0.67,0.83,224.40000000000003,447,92,150,0,95,False,-1,none,0.3,0.78,0.77,0.51,0.74,0.45,0.5857142857142857,1.0,0.0,42,86,0.85,0.8,0.2,5,12,0.9,0.5882352941176471,0.4117647058823529,3,2
26,0.67,0.85,207.20000000000002,445,105,175,0,55,False,-1,none,0.3,0.82,0.81,0.62,0.79,0.61,0.6,1.0,0.0,52,97,0.9,0.9333333333333333,0.06666666666666667,1,17,0.7,0.7692307692307693,0.23076923076923078,3,5
26,0.57,0.67,182.79999999999995,463,107,146,0,85,False,-1,none,0.3,0.78,0.75,0.48,0.71,0.48,0.5142857142857142,1.0,0.0,36,85,0.75,0.8095238095238095,0.19047619047619047,5,17,0.6,0.6,0.4,1,2
26,0.59,0.77,203.59999999999997,453,88,158,0,82,False,-1,none,0.3,0.76,0.75,0.55,0.75,0.42,0.5285714285714286,1.0,0.0,49,83,0.75,0.88,0.12,7,14,0.7,0.7333333333333333,0.26666666666666666,2,3
26,0.71,0.78,217.59999999999997,452,110,175,0,82,False,-1,none,0.3,0.87,0.85,0.53,0.83,0.55,0.6714285714285714,1.0,0.0,59,89,0.75,0.7222222222222222,0.2777777777777778,6,15,0.9,0.6153846153846154,0.38461538461538464,0,6
26,0.66,0.79,223.20000000000002,451,101,174,0,71,False,-1,none,0.3,0.8,0.85,0.54,0.75,0.6,0.6142857142857143,1.0,0.0,48,91,0.85,0.72,0.28,14,17,0.6,0.6363636363636364,0.36363636363636365,1,3
26,0.68,0.79,200.60000000000002,451,98,163,0,65,False,-1,none,0.3,0.79,0.78,0.56,0.71,0.56,0.6571428571428571,1.0,0.0,50,91,0.6,0.8823529411764706,0.11764705882352941,4,11,1.0,0.75,0.25,1,6
26,0.69,0.84,226.79999999999998,446,88,172,0,71,False,-1,none,0.3,0.8,0.8,0.55,0.79,0.5,0.6571428571428571,1.0,0.0,55,94,0.85,0.8461538461538461,0.15384615384615385,3,16,0.6,0.5833333333333334,0.4166666666666667,2,2
26,0.68,0.81,208.80000000000004,449,97,160,0,87,False,-1,none,0.3,0.82,0.76,0.46,0.8,0.54,0.6285714285714286,1.0,0.0,48,95,0.75,0.8181818181818182,0.18181818181818182,3,10,0.9,0.8,0.2,1,3
26,0.69,0.8,207.00000000000006,450,75,175,0,70,False,-1,none,0.3,0.77,0.79,0.49,0.73,0.52,0.7142857142857143,1.0,0.0,54,94,0.65,0.8333333333333334,0.16666666666666666,4,14,0.6,0.6666666666666666,0.3333333333333333,4,5
26,0.8,0.92,231.60000000000005,438,100,192,0,71,False,-1,none,0.3,0.88,0.85,0.62,0.87,0.62,0.7428571428571429,1.0,0.0,59,101,0.95,0.88,0.12,7,20,0.9,0.7333333333333333,0.26666666666666666,0,5
26,0.69,0.83,206.0,447,95,199,0,63,False,-1,none,0.3,0.87,0.85,0.6,0.84,0.61,0.7,1.0,0.0,67,110,0.6,0.8888888888888888,0.1111111111111111,3,13,0.8,0.875,0.125,1,5
26,0.65,0.78,196.39999999999998,452,108,155,0,79,False,-1,none,0.3,0.78,0.79,0.57,0.77,0.5,0.6285714285714286,1.0,0.0,45,91,0.7,0.9545454545454546,0.045454545454545456,2,15,0.7,0.6666666666666666,0.3333333333333333,0,2
26,0.74,0.92,249.60000000000002,438,87,180,0,76,False,-1,none,0.3,0.85,0.83,0.57,0.77,0.57,0.7285714285714285,1.0,0.0,55,97,0.75,0.8148148148148148,0.18518518518518517,10,14,0.8,0.6428571428571429,0.35714285714285715,2,2
26,0.64,0.72,210.79999999999995,458,112,160,0,81,False,-1,none,0.3,0.83,0.8,0.49,0.77,0.55,0.5571428571428572,1.0,0.0,49,90,0.85,0.6190476190476191,0.38095238095238093,8,10,0.8,0.6666666666666666,0.3333333333333333,0,3
26,0.71,0.85,218.6,445,86,199,0,70,False,-1,none,0.3,0.85,0.87,0.6,0.79,0.59,0.7428571428571429,1.0,0.0,70,102,0.7,0.8695652173913043,0.13043478260869565,6,16,0.5,0.6,0.4,3,2
26,0.61,0.73,204.59999999999997,457,98,165,0,69,False,-1,none,0.3,0.76,0.78,0.6,0.75,0.47,0.5571428571428572,1.0,0.0,57,82,0.75,0.8181818181818182,0.18181818181818182,6,14,0.7,0.5833333333333334,0.4166666666666667,3,3
26,0.64,0.83,217.2,447,107,166,0,79,False,-1,none,0.3,0.81,0.82,0.55,0.83,0.55,0.5571428571428572,1.0,0.0,46,95,0.8,0.9642857142857143,0.03571428571428571,2,20,0.9,0.625,0.375,0,3
26,0.75,0.91,260.6,439,97,173,0,79,False,-1,none,0.3,0.84,0.83,0.53,0.79,0.62,0.7,1.0,0.0,47,95,0.85,0.7307692307692307,0.2692307692307692,7,18,0.9,0.5,0.5,3,3
26,0.74,0.83,240.99999999999997,447,101,171,0,85,False,-1,none,0.3,0.82,0.85,0.55,0.8,0.53,0.6571428571428571,1.0,0.0,49,88,0.9,0.7142857142857143,0.2857142857142857,10,15,1.0,0.5625,0.4375,3,6
26,0.69,0.8,229.6,450,99,176,0,90,False,-1,none,0.3,0.79,0.82,0.56,0.79,0.59,0.6285714285714286,1.0,0.0,54,93,0.8,0.8095238095238095,0.19047619047619047,5,16,0.9,0.5333333333333333,0.4666666666666667,4,4
26,0.67,0.8,235.0,450,84,167,0,84,False,-1,none,0.3,0.79,0.8,0.48,0.77,0.47,0.5714285714285714,1.0,0.0,44,84,0.9,0.76,0.24,14,14,0.9,0.5333333333333333,0.4666666666666667,5,6
26,0.7,0.87,237.6,443,90,166,0,87,False,-1,none,0.3,0.82,0.83,0.53,0.75,0.5,0.7,1.0,0.0,51,92,0.6,0.8,0.2,6,12,0.9,0.7222222222222222,0.2777777777777778,2,3
26,0.66,0.81,210.20000000000002,449,103,176,0,80,False,-1,none,0.3,0.84,0.82,0.55,0.82,0.57,0.6142857142857143,1.0,0.0,53,98,0.8,0.8260869565217391,0.17391304347826086,7,13,0.7,0.8,0.2,2,3
26,0.69,0.85,237.0,445,93,158,0,79,False,-1,none,0.3,0.8,0.79,0.49,0.75,0.53,0.6142857142857143,1.0,0.0,48,89,0.85,0.7407407407407407,0.25925925925925924,7,11,0.9,0.6666666666666666,0.3333333333333333,0,3
26,0.64,0.73,211.59999999999997,457,117,165,0,70,False,-1,none,0.3,0.83,0.8,0.58,0.77,0.57,0.6142857142857143,1.0,0.0,47,93,0.55,0.6153846153846154,0.38461538461538464,9,9,1.0,0.6470588235294118,0.35294117647058826,2,5
26,0.67,0.81,225.39999999999998,449,98,166,0,80,False,-1,none,0.3,0.8,0.77,0.55,0.8,0.53,0.5857142857142857,1.0,0.0,46,89,0.85,0.7916666666666666,0.20833333333333334,8,13,0.9,0.6875,0.3125,4,6
26,0.65,0.77,215.99999999999997,453,89,171,0,63,False,-1,none,0.3,0.78,0.78,0.53,0.77,0.51,0.5857142857142857,1.0,0.0,47,83,0.85,0.8,0.2,13,21,0.7,0.6363636363636364,0.36363636363636365,4,3
26,0.62,0.77,226.2,453,98,162,0,73,False,-1,none,0.3,0.8,0.81,0.56,0.73,0.47,0.5285714285714286,1.0,0.0,53,81,0.75,0.782608695652174,0.21739130434782608,6,9,1.0,0.5882352941176471,0.4117647058823529,9,4
26,0.72,0.86,222.16000000000003,444,85,166,0,78,True,2,Slow,0.3,0.79,0.81,0.52,0.76,0.49,0.7142857142857143,1.0,0.0,50,89,0.65,0.7222222222222222,0.2777777777777778,9,9,0.9,0.7777777777777778,0.2222222222222222,2,7
26,0.62,0.74,178.25999999999993,456,97,144,0,70,True,0,Slow,0.3,0.76,0.76,0.48,0.73,0.42,0.5857142857142857,1.0,0.0,37,82,0.7,0.7142857142857143,0.2857142857142857,9,14,0.7,0.8333333333333334,0.16666666666666666,0,2
26,0.72,0.84,234.60000000000002,446,82,183,0,86,False,-1,none,0.3,0.8,0.82,0.54,0.77,0.56,0.7,1.0,0.0,62,100,0.8,0.7272727272727273,0.2727272727272727,7,8,0.7,0.6153846153846154,0.38461538461538464,3,3
26,0.66,0.84,221.49999999999997,446,104,167,0,70,True,3,Shigh,0.3,0.83,0.79,0.52,0.81,0.6,0.6142857142857143,1.0,0.0,47,100,0.75,0.8928571428571429,0.10714285714285714,3,13,0.8,0.5384615384615384,0.46153846153846156,2,2
26,0.62,0.76,209.39999999999995,454,98,151,0,75,False,-1,none,0.3,0.72,0.73,0.56,0.72,0.52,0.5857142857142857,1.0,0.0,40,87,0.65,0.8,0.2,6,11,0.8,0.6,0.4,2,5
26,0.69,0.81,213.20000000000002,449,94,170,0,80,False,-1,none,0.3,0.82,0.78,0.58,0.7,0.57,0.6714285714285714,1.0,0.0,58,92,0.75,0.9230769230769231,0.07692307692307693,4,13,0.7,0.5,0.5,1,2
26,0.67,0.78,238.39999999999995,452,94,161,0,87,False,-1,none,0.3,0.79,0.77,0.49,0.73,0.55,0.5857142857142857,1.0,0.0,43,90,0.85,0.6190476190476191,0.38095238095238093,12,11,0.9,0.625,0.375,3,2
26,0.68,0.8,227.20000000000005,450,92,173,0,70,False,-1,none,0.3,0.78,0.81,0.49,0.78,0.59,0.6285714285714286,1.0,0.0,49,92,0.85,0.76,0.24,11,16,0.7,0.5454545454545454,0.45454545454545453,2,3
26,0.67,0.8,202.80000000000004,450,104,163,0,68,False,-1,none,0.3,0.77,0.82,0.61,0.7,0.57,0.6571428571428571,1.0,0.0,51,93,0.65,0.8947368421052632,0.10526315789473684,3,9,0.8,0.8,0.2,1,6
26,0.66,0.76,199.58,454,101,158,0,95,True,2,Slow,0.3,0.79,0.83,0.47,0.74,0.52,0.6,1.0,0.0,50,91,0.85,0.7391304347826086,0.2608695652173913,6,9,0.7,0.7272727272727273,0.2727272727272727,2,0
26,0.56,0.72,171.71999999999997,458,100,138,0,70,True,1,Slow,0.3,0.7,0.72,0.5,0.7,0.48,0.5285714285714286,1.0,0.0,38,83,0.5,0.8125,0.1875,5,8,0.9,0.7894736842105263,0.21052631578947367,1,3
26,0.77,0.96,245.12000000000003,434,100,193,0,76,True,2,Slow,0.3,0.87,0.88,0.6,0.87,0.67,0.7428571428571429,1.0,0.0,60,109,0.8,0.8148148148148148,0.18518518518518517,7,12,0.9,0.7058823529411765,0.29411764705882354,2,3
26,0.72,0.87,227.60000000000005,443,93,171,0,84,False,-1,none,0.3,0.77,0.86,0.55,0.8,0.53,0.6714285714285714,1.0,0.0,50,92,0.8,0.7916666666666666,0.20833333333333334,10,14,0.9,0.8125,0.1875,2,3
26,0.75,0.88,234.40000000000003,442,91,156,0,80,False,-1,none,0.3,0.77,0.81,0.54,0.67,0.56,0.6857142857142857,1.0,0.0,46,83,0.85,0.8333333333333334,0.16666666666666666,5,12,1.0,0.6875,0.3125,7,3
26,0.71,0.83,221.80000000000004,447,98,178,0,66,False,-1,none,0.3,0.8,0.84,0.62,0.78,0.55,0.6857142857142857,1.0,0.0,50,98,0.75,0.7,0.3,12,11,0.8,0.8,0.2,3,4
26,0.75,0.88,230.60000000000005,442,102,178,0,77,False,-1,none,0.3,0.81,0.86,0.63,0.76,0.62,0.7142857142857143,1.0,0.0,59,93,0.9,0.875,0.125,7,13,0.7,0.6428571428571429,0.35714285714285715,1,5
26,0.67,0.81,225.0,449,105,168,0,81,False,-1,none,0.3,0.82,0.79,0.55,0.8,0.58,0.6428571428571429,1.0,0.0,47,94,0.7,0.65,0.35,9,13,0.8,0.75,0.25,2,3
26,0.67,0.78,204.79999999999998,452,97,161,0,74,False,-1,none,0.3,0.73,0.77,0.53,0.73,0.6,0.6428571428571429,1.0,0.0,50,91,0.75,0.8695652173913043,0.13043478260869565,5,14,0.7,0.8,0.2,1,0
26,0.67,0.85,225.39999999999998,445,94,154,0,82,False,-1,none,0.3,0.78,0.77,0.5,0.73,0.55,0.6142857142857143,1.0,0.0,45,89,0.7,0.8636363636363636,0.13636363636363635,2,13,1.0,0.7,0.3,2,3
26,0.72,0.84,222.00000000000003,446,80,171,0,80,False,-1,none,0.3,0.81,0.78,0.48,0.77,0.51,0.7142857142857143,1.0,0.0,56,92,0.75,0.782608695652174,0.21739130434782608,5,15,0.7,0.7272727272727273,0.2727272727272727,1,2
26,0.69,0.87,231.20000000000005,443,99,170,0,74,False,-1,none,0.3,0.84,0.79,0.56,0.78,0.59,0.6142857142857143,1.0,0.0,48,95,0.8,0.8695652173913043,0.13043478260869565,6,12,1.0,0.7142857142857143,0.2857142857142857,4,5
26,0.69,0.84,238.6,446,97,179,0,90,False,-1,none,0.3,0.85,0.83,0.54,0.85,0.53,0.6857142857142857,1.0,0.0,53,94,0.65,0.6842105263157895,0.3157894736842105,12,11,0.8,0.7058823529411765,0.29411764705882354,3,6
26,0.74,0.97,252.60000000000008,433,99,180,0,74,False,-1,none,0.3,0.87,0.87,0.6,0.83,0.59,0.7285714285714285,1.0,0.0,50,101,0.8,0.7931034482758621,0.20689655172413793,9,13,0.7,0.7647058823529411,0.23529411764705882,3,4
26,0.66,0.8,202.00000000000006,450,75,167,0,63,False,-1,none,0.3,0.72,0.71,0.59,0.72,0.48,0.6571428571428571,1.0,0.0,59,86,0.65,0.8181818181818182,0.18181818181818182,5,12,0.7,0.75,0.25,1,4
26,0.67,0.8,209.43999999999997,450,103,160,0,77,True,0,Slow,0.3,0.8,0.79,0.51,0.76,0.57,0.6142857142857143,1.0,0.0,44,94,0.8,0.6363636363636364,0.36363636363636365,8,10,0.8,0.7333333333333333,0.26666666666666666,1,3
26,0.77,0.92,244.00000000000006,438,83,185,0,85,False,-1,none,0.3,0.82,0.86,0.57,0.77,0.58,0.7285714285714285,1.0,0.0,58,100,0.9,0.8888888888888888,0.1111111111111111,7,13,0.8,0.6428571428571429,0.35714285714285715,3,4
26,0.67,0.84,229.4,446,108,163,0,80,False,-1,none,0.3,0.83,0.84,0.57,0.71,0.6,0.6285714285714286,1.0,0.0,42,92,0.7,0.8636363636363636,0.13636363636363635,6,9,0.9,0.6666666666666666,0.3333333333333333,8,6
26,0.7,0.82,203.0,448,88,153,0,72,False,-1,none,0.3,0.79,0.71,0.49,0.74,0.5,0.6857142857142857,1.0,0.0,44,88,0.8,0.96,0.04,1,16,0.6,0.6666666666666666,0.3333333333333333,2,2
26,0.72,0.9,223.60000000000008,440,103,148,0,79,False,-1,none,0.3,0.81,0.8,0.54,0.69,0.57,0.6571428571428571,1.0,0.0,47,84,0.95,0.8275862068965517,0.1724137931034483,6,9,0.7,0.8,0.2,0,2
26,0.7,0.88,230.20000000000005,442,84,177,0,81,False,-1,none,0.3,0.81,0.83,0.53,0.79,0.53,0.6571428571428571,1.0,0.0,54,94,0.75,0.8,0.2,9,10,0.9,0.7058823529411765,0.29411764705882354,4,6
26,0.68,0.81,218.9,449,101,182,0,66,True,2,Slow,0.3,0.8,0.86,0.62,0.81,0.55,0.6428571428571429,1.0,0.0,54,99,0.7,0.7,0.3,9,10,0.9,0.625,0.375,6,4
26,0.72,0.84,230.40000000000003,446,103,178,0,75,False,-1,none,0.3,0.83,0.86,0.58,0.77,0.61,0.6714285714285714,1.0,0.0,52,100,0.8,0.75,0.25,10,15,0.9,0.7692307692307693,0.23076923076923078,1,0
26,0.7,0.91,226.6000000000001,439,95,174,0,65,False,-1,none,0.3,0.83,0.82,0.64,0.8,0.51,0.6571428571428571,1.0,0.0,56,97,0.8,0.9642857142857143,0.03571428571428571,3,11,0.8,0.7058823529411765,0.29411764705882354,3,4
26,0.72,0.84,212.40000000000003,446,98,171,0,82,False,-1,none,0.3,0.79,0.85,0.55,0.81,0.53,0.7142857142857143,1.0,0.0,47,96,0.95,0.8518518518518519,0.14814814814814814,6,19,0.3,0.8571428571428571,0.14285714285714285,1,2
26,0.65,0.83,214.0,447,104,155,0,73,False,-1,none,0.3,0.8,0.81,0.52,0.75,0.54,0.5857142857142857,1.0,0.0,44,89,0.8,0.8148148148148148,0.18518518518518517,5,11,0.8,0.7333333333333333,0.26666666666666666,4,2
27,0.61,0.73,186.0,457,100,149,0,73,False,-1,none,0.3,0.75,0.76,0.52,0.76,0.43,0.5571428571428572,1.0,0.0,42,83,0.8,0.7272727272727273,0.2727272727272727,5,14,0.6,0.6363636363636364,0.36363636363636365,3,2
27,0.72,0.89,208.80000000000004,441,96,163,0,82,False,-1,none,0.3,0.81,0.75,0.58,0.77,0.57,0.6571428571428571,1.0,0.0,44,93,0.9,0.92,0.08,3,21,0.8,0.7647058823529411,0.23529411764705882,1,1
27,0.67,0.84,205.20000000000005,446,113,160,0,73,True,2,Slow,0.3,0.83,0.82,0.61,0.78,0.53,0.5857142857142857,1.0,0.0,42,86,0.8,0.7727272727272727,0.22727272727272727,9,14,1.0,0.75,0.25,3,6
27,0.77,0.88,215.67999999999998,442,104,192,0,66,True,1,Slow,0.3,0.85,0.86,0.63,0.83,0.67,0.7714285714285715,1.0,0.0,57,110,0.7,0.7368421052631579,0.2631578947368421,10,9,0.9,0.6428571428571429,0.35714285714285715,2,4
27,0.74,0.92,245.20000000000005,438,93,197,0,63,False,-1,none,0.3,0.87,0.87,0.62,0.78,0.68,0.7142857142857143,1.0,0.0,57,105,0.8,0.8333333333333334,0.16666666666666666,12,17,0.8,0.7222222222222222,0.2777777777777778,4,2
27,0.76,0.87,212.60000000000005,443,88,168,0,77,True,3,Shigh,0.3,0.81,0.8,0.54,0.8,0.48,0.7428571428571429,1.0,0.0,63,88,0.85,0.8333333333333334,0.16666666666666666,4,11,0.7,0.6363636363636364,0.36363636363636365,0,2
27,0.67,0.79,197.2,451,101,171,0,89,False,-1,none,0.3,0.85,0.79,0.5,0.77,0.6,0.6571428571428571,1.0,0.0,50,99,0.65,0.9047619047619048,0.09523809523809523,5,14,0.8,0.8333333333333334,0.16666666666666666,1,2
27,0.76,0.91,218.71999999999997,439,103,176,0,85,True,0,Slow,0.3,0.88,0.86,0.61,0.81,0.54,0.7285714285714285,1.0,0.0,56,96,0.85,0.7857142857142857,0.21428571428571427,10,12,0.8,0.6666666666666666,0.3333333333333333,0,2
27,0.63,0.81,212.8,449,88,143,0,83,False,-1,none,0.3,0.74,0.76,0.51,0.67,0.44,0.5142857142857142,1.0,0.0,45,72,0.85,0.8333333333333334,0.16666666666666666,4,16,1.0,0.8571428571428571,0.14285714285714285,1,5
27,0.65,0.76,205.99999999999997,454,102,159,0,73,False,-1,none,0.3,0.79,0.8,0.52,0.76,0.5,0.6,1.0,0.0,41,88,0.75,0.7368421052631579,0.2631578947368421,13,11,0.8,0.8,0.2,3,3
27,0.77,0.93,234.0,437,72,187,0,83,False,-1,none,0.3,0.81,0.83,0.55,0.78,0.55,0.7142857142857143,1.0,0.0,58,92,0.9,0.9310344827586207,0.06896551724137931,8,25,0.9,0.7142857142857143,0.2857142857142857,1,3
27,0.68,0.79,204.60000000000002,451,96,168,0,87,False,-1,none,0.3,0.83,0.8,0.49,0.76,0.55,0.6857142857142857,1.0,0.0,52,92,0.7,0.9,0.1,4,14,0.6,0.7272727272727273,0.2727272727272727,1,5
27,0.62,0.77,200.79999999999998,453,103,159,0,71,False,-1,none,0.3,0.77,0.79,0.56,0.74,0.53,0.5714285714285714,1.0,0.0,43,93,0.75,0.9090909090909091,0.09090909090909091,5,13,0.7,0.6666666666666666,0.3333333333333333,3,2
27,0.67,0.76,199.99999999999997,454,79,177,0,63,False,-1,none,0.3,0.74,0.74,0.53,0.74,0.57,0.6714285714285714,1.0,0.0,48,95,0.7,0.6875,0.3125,12,15,0.6,0.8461538461538461,0.15384615384615385,4,3
27,0.67,0.83,220.79999999999998,447,74,154,0,79,False,-1,none,0.3,0.73,0.71,0.5,0.7,0.47,0.6285714285714286,1.0,0.0,46,75,0.85,0.7857142857142857,0.21428571428571427,14,15,0.6,0.7272727272727273,0.2727272727272727,0,4
27,0.63,0.74,189.51999999999998,456,84,160,0,67,True,1,Slow,0.3,0.76,0.73,0.51,0.69,0.49,0.6285714285714286,1.0,0.0,49,86,0.65,0.7222222222222222,0.2777777777777778,10,9,0.6,0.5454545454545454,0.45454545454545453,4,2
27,0.66,0.78,201.99999999999997,452,98,169,0,75,False,-1,none,0.3,0.81,0.8,0.59,0.72,0.53,0.6428571428571429,1.0,0.0,54,87,0.75,0.7894736842105263,0.21052631578947367,10,15,0.6,0.8571428571428571,0.14285714285714285,1,2
27,0.65,0.72,216.79999999999995,458,103,177,0,73,False,-1,none,0.3,0.84,0.75,0.6,0.77,0.56,0.6,1.0,0.0,54,94,0.75,0.47058823529411764,0.5294117647058824,16,10,0.8,0.6153846153846154,0.38461538461538464,2,1
27,0.62,0.67,163.32,463,81,163,0,79,True,1,Slow,0.3,0.74,0.71,0.47,0.7,0.49,0.6142857142857143,1.0,0.0,49,90,0.7,0.75,0.25,8,13,0.5,0.75,0.25,2,1
27,0.65,0.77,187.99999999999994,453,91,165,0,72,True,2,Slow,0.3,0.78,0.71,0.6,0.75,0.49,0.6428571428571429,1.0,0.0,54,89,0.8,0.7391304347826086,0.2608695652173913,8,11,0.4,0.8888888888888888,0.1111111111111111,0,3
27,0.69,0.85,226.39999999999998,445,86,157,0,87,False,-1,none,0.3,0.79,0.75,0.52,0.76,0.46,0.6,1.0,0.0,44,87,0.9,0.76,0.24,12,11,0.9,0.8333333333333334,0.16666666666666666,1,2
27,0.67,0.76,215.99999999999994,454,78,176,0,75,False,-1,none,0.3,0.77,0.77,0.54,0.73,0.49,0.6571428571428571,1.0,0.0,51,87,0.75,0.5882352941176471,0.4117647058823529,18,14,0.6,0.6923076923076923,0.3076923076923077,2,4
27,0.71,0.83,217.99999999999997,447,88,183,0,76,False,-1,none,0.3,0.79,0.79,0.63,0.78,0.55,0.7285714285714285,1.0,0.0,60,98,0.6,0.9411764705882353,0.058823529411764705,5,9,0.8,0.6666666666666666,0.3333333333333333,5,6
27,0.64,0.76,194.00000000000006,454,99,157,0,73,False,-1,none,0.3,0.78,0.8,0.51,0.7,0.53,0.6142857142857143,1.0,0.0,46,91,0.75,0.8095238095238095,0.19047619047619047,4,13,0.6,0.6666666666666666,0.3333333333333333,2,1
27,0.71,0.86,220.32,444,81,182,0,71,True,2,Slow,0.3,0.79,0.82,0.5,0.78,0.6,0.7142857142857143,1.0,0.0,55,99,0.7,0.6818181818181818,0.3181818181818182,9,12,0.7,0.8571428571428571,0.14285714285714285,1,6
27,0.65,0.71,200.39999999999998,459,91,174,0,69,False,-1,none,0.3,0.77,0.75,0.53,0.7,0.61,0.6428571428571429,1.0,0.0,48,96,0.7,0.5625,0.4375,13,11,0.6,0.7,0.3,4,2
27,0.52,0.62,158.19999999999996,468,104,152,0,67,False,-1,none,0.3,0.69,0.71,0.52,0.69,0.57,0.5,1.0,0.0,42,93,0.5,0.9285714285714286,0.07142857142857142,3,10,0.7,0.6923076923076923,0.3076923076923077,1,3
27,0.71,0.83,223.59999999999997,447,96,169,0,77,False,-1,none,0.3,0.81,0.8,0.54,0.75,0.58,0.6571428571428571,1.0,0.0,46,91,0.9,0.7916666666666666,0.20833333333333334,11,18,0.7,0.6153846153846154,0.38461538461538464,0,3
27,0.68,0.84,228.39999999999998,446,95,166,0,80,False,-1,none,0.3,0.79,0.85,0.49,0.76,0.56,0.6571428571428571,1.0,0.0,44,95,0.7,0.9090909090909091,0.09090909090909091,5,15,0.8,0.625,0.375,4,3
27,0.73,0.85,232.6,445,86,178,0,76,False,-1,none,0.3,0.8,0.79,0.58,0.8,0.52,0.7142857142857143,1.0,0.0,56,90,0.8,0.7142857142857143,0.2857142857142857,12,13,0.7,0.7857142857142857,0.21428571428571427,2,5
27,0.68,0.79,214.40000000000003,451,104,183,0,84,False,-1,none,0.3,0.84,0.83,0.54,0.81,0.64,0.6428571428571429,1.0,0.0,52,97,0.8,0.8636363636363636,0.13636363636363635,6,22,0.7,0.6666666666666666,0.3333333333333333,3,3
27,0.66,0.74,207.59999999999997,456,96,167,0,88,False,-1,none,0.3,0.81,0.78,0.51,0.76,0.51,0.6428571428571429,1.0,0.0,48,92,0.7,0.6842105263157895,0.3157894736842105,13,11,0.7,0.6,0.4,1,2
27,0.72,0.81,214.92000000000002,449,88,174,0,77,True,2,Slow,0.3,0.8,0.8,0.55,0.8,0.48,0.6857142857142857,1.0,0.0,48,90,0.75,0.6470588235294118,0.35294117647058826,13,15,0.9,0.75,0.25,3,5
27,0.71,0.86,221.60000000000005,444,93,168,0,83,False,-1,none,0.3,0.8,0.82,0.57,0.72,0.56,0.6857142857142857,1.0,0.0,54,87,0.8,0.875,0.125,5,19,0.7,0.8571428571428571,0.14285714285714285,1,2
27,0.67,0.78,207.6,452,94,166,0,82,False,-1,none,0.3,0.82,0.79,0.47,0.74,0.56,0.6142857142857143,1.0,0.0,50,90,0.75,0.6842105263157895,0.3157894736842105,10,14,0.9,0.875,0.125,0,2
27,0.77,0.92,263.00000000000006,438,88,185,0,70,False,-1,none,0.3,0.84,0.83,0.6,0.77,0.61,0.7428571428571429,1.0,0.0,53,95,0.8,0.7391304347826086,0.2608695652173913,15,13,0.9,0.6470588235294118,0.35294117647058826,5,4
27,0.7,0.87,220.40000000000006,443,69,174,0,60,False,-1,none,0.3,0.71,0.77,0.56,0.73,0.53,0.6571428571428571,1.0,0.0,58,90,0.75,0.8181818181818182,0.18181818181818182,5,17,0.9,0.8947368421052632,0.10526315789473684,1,3
27,0.73,0.84,221.59999999999997,446,74,171,0,76,False,-1,none,0.3,0.78,0.79,0.52,0.7,0.5,0.7571428571428571,1.0,0.0,60,88,0.7,0.7222222222222222,0.2777777777777778,7,13,0.6,0.7692307692307693,0.23076923076923078,1,2
27,0.7,0.83,218.8,447,101,180,0,61,False,-1,none,0.3,0.85,0.82,0.64,0.79,0.54,0.7,1.0,0.0,60,97,0.65,0.8421052631578947,0.15789473684210525,8,10,0.8,0.7333333333333333,0.26666666666666666,3,2
27,0.7,0.82,216.39999999999998,448,95,147,0,91,False,-1,none,0.3,0.75,0.77,0.5,0.7,0.52,0.7142857142857143,1.0,0.0,41,92,0.6,0.7142857142857143,0.2857142857142857,4,8,0.8,0.7777777777777778,0.2222222222222222,0,2
27,0.8,0.99,250.51999999999998,431,72,201,0,73,True,1,Slow,0.3,0.85,0.86,0.64,0.79,0.58,0.7714285714285715,1.0,0.0,68,98,0.9,0.6153846153846154,0.38461538461538464,16,16,0.8,0.7058823529411765,0.29411764705882354,0,3
27,0.66,0.81,222.59999999999997,449,64,169,0,66,False,-1,none,0.3,0.7,0.74,0.52,0.67,0.51,0.7,1.0,0.0,55,87,0.45,0.875,0.125,6,13,0.8,0.5625,0.4375,4,4
27,0.75,0.89,229.5,441,79,190,0,67,True,2,Slow,0.3,0.8,0.8,0.59,0.79,0.6,0.7714285714285715,1.0,0.0,57,101,0.7,0.7,0.3,13,12,0.7,0.6428571428571429,0.35714285714285715,1,6
27,0.7,0.83,212.20000000000002,447,115,155,0,77,False,-1,none,0.3,0.85,0.78,0.6,0.75,0.55,0.6714285714285714,1.0,0.0,40,92,0.8,0.782608695652174,0.21739130434782608,6,15,0.7,0.8461538461538461,0.15384615384615385,0,2
27,0.7,0.84,221.79999999999998,446,106,174,0,66,False,-1,none,0.3,0.81,0.84,0.61,0.76,0.62,0.6714285714285714,1.0,0.0,50,96,0.75,0.9130434782608695,0.08695652173913043,8,16,0.8,0.6428571428571429,0.35714285714285715,1,3
27,0.7,0.83,214.20000000000002,447,99,164,0,74,False,-1,none,0.3,0.82,0.79,0.53,0.78,0.54,0.6571428571428571,1.0,0.0,51,94,0.7,0.7894736842105263,0.21052631578947367,6,9,1.0,0.7777777777777778,0.2222222222222222,1,3
27,0.68,0.78,198.12,452,91,180,0,71,True,2,Slow,0.3,0.81,0.82,0.54,0.77,0.55,0.6571428571428571,1.0,0.0,54,97,0.75,0.75,0.25,5,16,0.7,0.6666666666666666,0.3333333333333333,4,4
27,0.65,0.72,186.39999999999995,458,101,149,0,78,False,-1,none,0.3,0.76,0.79,0.5,0.69,0.48,0.6,1.0,0.0,43,81,0.65,0.8823529411764706,0.11764705882352941,6,11,1.0,0.8461538461538461,0.15384615384615385,0,8
27,0.66,0.76,196.0,454,91,186,0,72,False,-1,none,0.3,0.81,0.79,0.6,0.78,0.55,0.6285714285714286,1.0,0.0,59,101,0.7,0.75,0.25,10,11,0.8,0.875,0.125,2,3
27,0.7,0.86,235.8,444,86,182,0,71,False,-1,none,0.3,0.84,0.8,0.55,0.76,0.59,0.6714285714285714,1.0,0.0,61,94,0.7,0.8181818181818182,0.18181818181818182,6,13,0.9,0.5882352941176471,0.4117647058823529,6,2
27,0.66,0.82,194.83999999999997,448,106,157,0,70,True,2,Slow,0.3,0.78,0.75,0.62,0.72,0.58,0.6142857142857143,1.0,0.0,43,93,0.75,0.875,0.125,4,13,0.8,0.8,0.2,3,1
27,0.68,0.84,205.21999999999994,446,98,157,0,76,True,2,Slow,0.3,0.82,0.79,0.54,0.71,0.53,0.6428571428571429,1.0,0.0,49,83,0.75,0.8846153846153846,0.11538461538461539,3,16,0.8,0.6923076923076923,0.3076923076923077,3,3
27,0.71,0.84,219.60000000000005,446,105,170,0,71,False,-1,none,0.3,0.83,0.84,0.59,0.77,0.56,0.6714285714285714,1.0,0.0,46,98,0.8,0.782608695652174,0.21739130434782608,10,12,0.8,0.7142857142857143,0.2857142857142857,3,1
27,0.63,0.8,222.20000000000002,450,95,153,0,82,False,-1,none,0.3,0.75,0.79,0.51,0.69,0.54,0.5428571428571428,1.0,0.0,41,80,0.85,0.7692307692307693,0.23076923076923078,9,19,0.8,0.6875,0.3125,2,2
27,0.7,0.83,221.4,447,89,177,0,86,False,-1,none,0.3,0.83,0.82,0.52,0.73,0.59,0.6714285714285714,1.0,0.0,50,98,0.85,0.92,0.08,3,17,0.6,0.6363636363636364,0.36363636363636365,5,4
27,0.73,0.86,227.40000000000003,444,84,190,0,60,False,-1,none,0.3,0.78,0.83,0.58,0.77,0.64,0.7142857142857143,1.0,0.0,57,104,0.75,0.8181818181818182,0.18181818181818182,11,11,0.8,0.7142857142857143,0.2857142857142857,3,4
27,0.68,0.81,218.4,449,117,169,0,78,False,-1,none,0.3,0.85,0.86,0.57,0.83,0.56,0.6285714285714286,1.0,0.0,43,97,0.75,0.8,0.2,5,17,0.9,0.7058823529411765,0.29411764705882354,4,3
27,0.68,0.81,208.36000000000004,449,110,158,0,76,True,4,Shigh,0.3,0.83,0.84,0.64,0.75,0.43,0.6428571428571429,1.0,0.0,55,83,0.85,0.8333333333333334,0.16666666666666666,4,11,0.6,0.6666666666666666,0.3333333333333333,1,4
27,0.57,0.69,184.59999999999994,461,113,141,0,72,False,-1,none,0.3,0.78,0.78,0.46,0.72,0.49,0.5857142857142857,1.0,0.0,36,86,0.55,0.7647058823529411,0.23529411764705882,5,10,0.5,0.6363636363636364,0.36363636363636365,1,3
27,0.68,0.83,222.80000000000004,447,83,163,0,86,False,-1,none,0.3,0.76,0.8,0.42,0.77,0.54,0.6428571428571429,1.0,0.0,43,94,0.75,0.875,0.125,5,14,0.8,0.5714285714285714,0.42857142857142855,5,2
27,0.68,0.83,195.16000000000003,447,94,175,0,63,True,1,Slow,0.3,0.78,0.82,0.59,0.76,0.57,0.7,1.0,0.0,53,104,0.65,0.6842105263157895,0.3157894736842105,6,9,0.6,0.8461538461538461,0.15384615384615385,1,2
27,0.69,0.8,222.08,450,81,174,0,75,True,4,Shigh,0.3,0.78,0.75,0.58,0.71,0.53,0.6714285714285714,1.0,0.0,56,90,0.7,0.7058823529411765,0.29411764705882354,9,12,0.8,0.625,0.375,3,4
27,0.76,0.89,233.80000000000007,441,92,186,0,73,False,-1,none,0.3,0.84,0.85,0.57,0.8,0.61,0.7857142857142857,1.0,0.0,56,103,0.65,0.75,0.25,10,14,0.8,0.6428571428571429,0.35714285714285715,2,1
27,0.75,0.86,209.31999999999996,444,102,191,0,76,True,0,Slow,0.3,0.87,0.86,0.51,0.83,0.72,0.7428571428571429,1.0,0.0,44,112,0.75,0.9090909090909091,0.09090909090909091,6,22,0.8,0.4166666666666667,0.5833333333333334,3,4
27,0.66,0.74,194.2,456,98,166,0,67,False,-1,none,0.3,0.76,0.79,0.54,0.71,0.58,0.6142857142857143,1.0,0.0,48,86,0.8,0.9523809523809523,0.047619047619047616,3,21,0.7,0.6,0.4,1,7
27,0.6,0.7,184.60000000000002,460,85,158,0,72,False,-1,none,0.3,0.73,0.7,0.47,0.68,0.55,0.6428571428571429,1.0,0.0,46,94,0.45,0.5,0.5,8,8,0.6,0.7692307692307693,0.23076923076923078,0,2
28,0.7,0.81,202.0,449,112,161,0,81,False,-1,none,0.3,0.81,0.81,0.55,0.78,0.59,0.5857142857142857,1.0,0.0,42,91,0.95,0.68,0.32,10,12,1.0,0.8666666666666667,0.13333333333333333,1,5
28,0.73,0.89,225.20000000000005,441,86,181,0,74,False,-1,none,0.3,0.77,0.79,0.6,0.81,0.59,0.6714285714285714,1.0,0.0,57,95,0.85,0.7777777777777778,0.2222222222222222,8,17,0.9,0.8,0.2,0,4
28,0.66,0.76,194.20000000000005,454,83,156,0,65,False,-1,none,0.3,0.75,0.73,0.54,0.65,0.48,0.6428571428571429,1.0,0.0,55,82,0.7,0.8095238095238095,0.19047619047619047,3,12,0.7,0.6,0.4,2,2
28,0.71,0.83,226.8,447,90,194,0,58,False,-1,none,0.3,0.84,0.82,0.64,0.78,0.59,0.7142857142857143,1.0,0.0,61,100,0.75,0.7619047619047619,0.23809523809523808,10,15,0.6,0.5833333333333334,0.4166666666666667,4,4
28,0.79,0.98,269.20000000000005,432,82,199,0,61,False,-1,none,0.3,0.83,0.85,0.64,0.81,0.66,0.7428571428571429,1.0,0.0,56,105,0.85,0.7142857142857143,0.2857142857142857,15,17,1.0,0.7777777777777778,0.2222222222222222,3,3
28,0.74,0.91,244.79999999999998,439,108,171,0,80,False,-1,none,0.3,0.86,0.84,0.62,0.79,0.59,0.6714285714285714,1.0,0.0,51,99,0.85,0.782608695652174,0.21739130434782608,6,10,1.0,0.7619047619047619,0.23809523809523808,2,3
28,0.69,0.79,175.36,451,96,167,0,63,True,1,Slow,0.3,0.79,0.77,0.61,0.67,0.58,0.7571428571428571,1.0,0.0,52,94,0.5,0.8,0.2,6,12,0.6,0.8181818181818182,0.18181818181818182,0,3
28,0.74,0.91,229.8,439,82,184,0,78,True,4,Shigh,0.3,0.79,0.8,0.58,0.79,0.61,0.7285714285714285,1.0,0.0,60,102,0.7,0.8571428571428571,0.14285714285714285,4,11,0.9,0.7368421052631579,0.2631578947368421,2,5
28,0.66,0.78,195.99999999999994,452,83,176,0,68,False,-1,none,0.3,0.76,0.74,0.57,0.73,0.57,0.6571428571428571,1.0,0.0,59,99,0.65,0.95,0.05,5,9,0.7,0.6666666666666666,0.3333333333333333,0,4
28,0.62,0.76,179.79999999999995,454,80,155,0,64,True,2,Slow,0.3,0.69,0.73,0.49,0.7,0.5,0.6142857142857143,1.0,0.0,50,84,0.6,0.9047619047619048,0.09523809523809523,5,12,0.7,0.8181818181818182,0.18181818181818182,0,4
28,0.78,0.93,249.6,437,88,199,0,60,False,-1,none,0.3,0.86,0.88,0.65,0.82,0.59,0.7571428571428571,1.0,0.0,69,97,0.75,0.7272727272727273,0.2727272727272727,11,16,1.0,0.7777777777777778,0.2222222222222222,2,4
28,0.67,0.78,229.2,452,99,190,0,78,False,-1,none,0.3,0.85,0.85,0.57,0.83,0.57,0.6,1.0,0.0,56,97,0.75,0.7368421052631579,0.2631578947368421,11,17,1.0,0.6470588235294118,0.35294117647058826,5,4
28,0.66,0.82,230.2,448,87,179,0,87,False,-1,none,0.3,0.83,0.8,0.54,0.75,0.56,0.5857142857142857,1.0,0.0,51,95,0.85,0.8461538461538461,0.15384615384615385,9,13,0.8,0.6,0.4,5,6
28,0.81,0.9,232.20000000000007,440,96,189,0,75,False,-1,none,0.3,0.86,0.87,0.62,0.78,0.62,0.8285714285714286,1.0,0.0,62,101,0.75,0.7222222222222222,0.2777777777777778,9,14,0.8,0.7857142857142857,0.21428571428571427,1,2
28,0.72,0.91,228.16,439,79,181,0,74,True,0,Slow,0.3,0.83,0.82,0.56,0.71,0.59,0.6714285714285714,1.0,0.0,57,95,0.9,0.84375,0.15625,7,16,0.7,0.5,0.5,4,2
28,0.67,0.8,209.2,450,103,172,0,75,False,-1,none,0.3,0.83,0.84,0.57,0.77,0.54,0.6428571428571429,1.0,0.0,54,96,0.7,0.85,0.15,6,11,0.8,0.7333333333333333,0.26666666666666666,2,3
28,0.65,0.82,218.4,448,100,182,0,81,False,-1,none,0.3,0.87,0.85,0.57,0.82,0.53,0.5857142857142857,1.0,0.0,57,92,0.75,0.9130434782608695,0.08695652173913043,7,20,0.9,0.7777777777777778,0.2222222222222222,2,4
28,0.78,0.94,253.40000000000003,436,97,188,0,91,False,-1,none,0.3,0.93,0.87,0.59,0.79,0.61,0.7,1.0,0.0,62,91,0.95,0.8148148148148148,0.18518518518518517,11,18,1.0,0.7222222222222222,0.2777777777777778,1,5
28,0.69,0.82,213.80000000000004,448,96,183,0,69,False,-1,none,0.3,0.82,0.81,0.59,0.8,0.59,0.7,1.0,0.0,63,96,0.7,0.85,0.15,5,11,0.6,0.6923076923076923,0.3076923076923077,2,6
28,0.65,0.76,212.39999999999995,454,112,160,0,87,False,-1,none,0.3,0.82,0.8,0.54,0.74,0.58,0.5285714285714286,1.0,0.0,36,90,0.95,0.7307692307692307,0.2692307692307692,15,13,0.9,0.7692307692307693,0.23076923076923078,2,4
28,0.69,0.81,223.20000000000002,449,92,177,0,75,False,-1,none,0.3,0.83,0.78,0.57,0.77,0.55,0.6428571428571429,1.0,0.0,52,92,0.75,0.65,0.35,11,13,0.9,0.75,0.25,5,4
28,0.64,0.74,198.79999999999995,456,99,160,0,72,False,-1,none,0.3,0.78,0.78,0.53,0.69,0.55,0.5571428571428572,1.0,0.0,46,85,0.75,0.7777777777777778,0.2222222222222222,8,13,1.0,0.7647058823529411,0.23529411764705882,4,4
28,0.73,0.89,224.44,441,83,183,0,75,True,1,Slow,0.3,0.77,0.82,0.59,0.83,0.54,0.6571428571428571,1.0,0.0,53,93,0.95,0.782608695652174,0.21739130434782608,10,21,0.8,0.7,0.3,2,4
28,0.62,0.76,191.8,454,87,168,0,69,False,-1,none,0.3,0.75,0.76,0.53,0.69,0.58,0.6,1.0,0.0,51,93,0.6,0.8235294117647058,0.17647058823529413,5,13,0.8,0.8235294117647058,0.17647058823529413,1,5
28,0.76,0.85,218.60000000000002,445,93,179,0,78,True,4,Shigh,0.3,0.83,0.86,0.53,0.82,0.53,0.7714285714285715,1.0,0.0,60,104,0.8,0.6086956521739131,0.391304347826087,7,6,0.6,0.875,0.125,0,2
28,0.69,0.85,223.4,445,83,167,0,70,False,-1,none,0.3,0.74,0.79,0.54,0.72,0.56,0.6571428571428571,1.0,0.0,51,88,0.75,0.875,0.125,8,14,0.8,0.7333333333333333,0.26666666666666666,0,6
28,0.73,0.85,221.64,445,78,188,0,79,True,3,Shigh,0.3,0.81,0.84,0.53,0.75,0.58,0.7285714285714285,1.0,0.0,73,99,0.75,0.7727272727272727,0.22727272727272727,3,9,0.7,0.5,0.5,4,0
28,0.7,0.82,218.60000000000002,448,89,172,0,92,False,-1,none,0.3,0.8,0.83,0.57,0.75,0.48,0.6857142857142857,1.0,0.0,57,93,0.7,0.7894736842105263,0.21052631578947367,8,7,0.8,0.6666666666666666,0.3333333333333333,4,3
28,0.67,0.8,196.98,450,106,163,0,86,True,2,Slow,0.3,0.84,0.79,0.52,0.81,0.53,0.6142857142857143,1.0,0.0,43,93,0.85,0.75,0.25,5,17,0.7,0.8333333333333334,0.16666666666666666,2,3
28,0.67,0.81,217.20000000000002,449,86,151,0,72,False,-1,none,0.3,0.72,0.71,0.59,0.7,0.46,0.6428571428571429,1.0,0.0,47,81,0.8,0.5909090909090909,0.4090909090909091,13,7,0.6,0.7857142857142857,0.21428571428571427,0,3
28,0.71,0.79,196.79999999999998,451,82,165,0,94,False,-1,none,0.3,0.75,0.79,0.45,0.77,0.5,0.6857142857142857,1.0,0.0,53,94,0.75,0.9444444444444444,0.05555555555555555,2,14,0.8,0.8461538461538461,0.15384615384615385,0,2
28,0.68,0.83,220.0,447,94,163,0,80,False,-1,none,0.3,0.79,0.81,0.57,0.74,0.49,0.6571428571428571,1.0,0.0,56,87,0.75,0.7916666666666666,0.20833333333333334,8,9,0.7,0.7692307692307693,0.23076923076923078,0,3
28,0.61,0.76,206.79999999999995,454,85,162,0,77,False,-1,none,0.3,0.75,0.78,0.47,0.71,0.52,0.5857142857142857,1.0,0.0,51,84,0.5,0.7333333333333333,0.26666666666666666,7,11,1.0,0.8,0.2,3,6
28,0.67,0.79,204.79999999999998,451,86,166,0,69,False,-1,none,0.3,0.77,0.77,0.53,0.7,0.54,0.6571428571428571,1.0,0.0,51,91,0.65,0.7777777777777778,0.2222222222222222,4,15,0.8,0.8666666666666667,0.13333333333333333,2,3
28,0.7,0.78,195.4,452,89,181,0,82,False,-1,none,0.3,0.81,0.82,0.57,0.73,0.55,0.7,1.0,0.0,65,100,0.7,0.9473684210526315,0.05263157894736842,1,12,0.7,0.7,0.3,1,2
28,0.65,0.81,206.23999999999998,449,124,150,0,85,True,4,Shigh,0.3,0.86,0.83,0.52,0.8,0.54,0.5714285714285714,0.975,0.025,42,91,0.8,0.8888888888888888,0.1111111111111111,5,11,0.9,0.7142857142857143,0.2857142857142857,0,1
28,0.69,0.95,245.4,435,89,167,0,74,False,-1,none,0.3,0.75,0.83,0.64,0.71,0.58,0.6,1.0,0.0,49,86,0.9,0.90625,0.09375,6,17,0.9,0.6666666666666666,0.3333333333333333,2,7
28,0.67,0.8,216.20000000000005,450,95,161,0,69,False,-1,none,0.3,0.8,0.76,0.51,0.76,0.53,0.6142857142857143,1.0,0.0,43,87,0.8,0.7727272727272727,0.22727272727272727,8,14,0.8,0.6666666666666666,0.3333333333333333,5,4
28,0.63,0.74,203.39999999999998,456,79,165,0,72,False,-1,none,0.3,0.75,0.77,0.46,0.68,0.52,0.6142857142857143,1.0,0.0,54,80,0.65,0.7894736842105263,0.21052631578947367,9,17,0.7,0.6666666666666666,0.3333333333333333,2,3
28,0.69,0.82,235.6,448,77,196,0,75,False,-1,none,0.3,0.8,0.84,0.58,0.79,0.54,0.6714285714285714,1.0,0.0,62,92,0.7,0.5,0.5,21,14,0.8,0.75,0.25,2,5
28,0.61,0.68,189.79999999999995,462,98,164,0,65,False,-1,none,0.3,0.73,0.76,0.58,0.7,0.53,0.6,1.0,0.0,54,82,0.65,0.8235294117647058,0.17647058823529413,3,21,0.6,0.5555555555555556,0.4444444444444444,1,3
28,0.69,0.84,220.0,446,80,163,0,88,False,-1,none,0.3,0.79,0.8,0.44,0.73,0.51,0.6714285714285714,1.0,0.0,51,84,0.7,0.85,0.15,7,16,0.8,0.8235294117647058,0.17647058823529413,1,4
28,0.72,0.8,215.99999999999997,450,84,169,0,72,False,-1,none,0.3,0.77,0.78,0.54,0.68,0.56,0.7,1.0,0.0,50,86,0.7,0.7619047619047619,0.23809523809523808,12,18,0.9,0.7,0.3,0,3
28,0.75,0.85,196.86,445,77,184,0,84,True,0,Slow,0.3,0.82,0.81,0.48,0.79,0.56,0.7571428571428571,1.0,0.0,62,99,0.75,0.7727272727272727,0.22727272727272727,8,13,0.7,0.8,0.2,1,1
28,0.71,0.83,218.8,447,96,160,0,71,False,-1,none,0.3,0.79,0.75,0.64,0.72,0.49,0.7142857142857143,1.0,0.0,51,85,0.75,0.6818181818181818,0.3181818181818182,12,7,0.6,0.7272727272727273,0.2727272727272727,0,5
28,0.55,0.59,152.39999999999998,471,94,153,0,69,False,-1,none,0.3,0.71,0.68,0.44,0.72,0.51,0.5285714285714286,1.0,0.0,41,87,0.55,0.8181818181818182,0.18181818181818182,5,16,0.7,0.8181818181818182,0.18181818181818182,0,4
28,0.64,0.71,179.0,459,89,173,0,77,True,2,Slow,0.3,0.76,0.75,0.55,0.73,0.54,0.6285714285714286,1.0,0.0,51,91,0.75,0.6842105263157895,0.3157894736842105,10,15,0.5,0.625,0.375,3,3
28,0.67,0.81,213.8,449,82,168,0,74,False,-1,none,0.3,0.76,0.74,0.52,0.73,0.56,0.6428571428571429,1.0,0.0,46,88,0.7,0.8947368421052632,0.10526315789473684,7,21,0.8,0.5882352941176471,0.4117647058823529,4,2
28,0.67,0.78,180.40000000000006,452,104,167,0,81,False,-1,none,0.3,0.81,0.82,0.55,0.8,0.51,0.6714285714285714,1.0,0.0,43,97,0.7,0.9444444444444444,0.05555555555555555,4,18,0.6,0.9166666666666666,0.08333333333333333,2,3
28,0.65,0.76,192.8,454,114,151,0,84,False,-1,none,0.3,0.76,0.81,0.59,0.73,0.52,0.6,1.0,0.0,47,88,0.7,0.8947368421052632,0.10526315789473684,3,10,0.9,0.6666666666666666,0.3333333333333333,2,1
28,0.65,0.78,210.60000000000002,452,87,179,0,76,False,-1,none,0.3,0.76,0.83,0.51,0.72,0.62,0.6,1.0,0.0,54,89,0.7,0.8571428571428571,0.14285714285714285,7,20,0.9,0.6,0.4,3,6
28,0.72,0.92,221.50000000000006,438,110,169,0,89,True,0,Slow,0.3,0.86,0.89,0.58,0.81,0.57,0.6857142857142857,1.0,0.0,46,96,0.8,0.8148148148148148,0.18518518518518517,4,16,0.8,0.6666666666666666,0.3333333333333333,3,4
28,0.69,0.84,221.99999999999997,446,76,173,0,67,False,-1,none,0.3,0.74,0.76,0.56,0.7,0.57,0.6571428571428571,1.0,0.0,50,89,0.8,0.9130434782608695,0.08695652173913043,5,22,0.7,0.7333333333333333,0.26666666666666666,3,4
28,0.75,0.88,239.80000000000007,442,86,185,0,76,False,-1,none,0.3,0.8,0.84,0.61,0.81,0.53,0.7571428571428571,1.0,0.0,58,93,0.65,0.5555555555555556,0.4444444444444444,13,15,0.9,0.8235294117647058,0.17647058823529413,3,3
28,0.64,0.73,187.4,457,95,170,0,92,False,-1,none,0.3,0.79,0.82,0.52,0.74,0.51,0.6428571428571429,1.0,0.0,52,91,0.65,0.8888888888888888,0.1111111111111111,5,19,0.6,0.7,0.3,1,2
28,0.63,0.73,183.79999999999998,457,100,151,0,66,False,-1,none,0.3,0.76,0.74,0.54,0.67,0.53,0.5857142857142857,1.0,0.0,47,81,0.7,0.8421052631578947,0.15789473684210525,7,14,0.8,0.9230769230769231,0.07692307692307693,0,2
28,0.7,0.82,202.8,448,90,165,0,73,False,-1,none,0.3,0.81,0.72,0.49,0.78,0.57,0.6857142857142857,1.0,0.0,52,96,0.75,0.8181818181818182,0.18181818181818182,1,13,0.7,0.8333333333333334,0.16666666666666666,2,1
28,0.77,0.97,249.80000000000007,433,75,198,0,75,False,-1,none,0.3,0.83,0.86,0.69,0.76,0.56,0.7285714285714285,1.0,0.0,72,93,0.8,0.9230769230769231,0.07692307692307693,8,16,1.0,0.7,0.3,6,3
28,0.64,0.78,194.94000000000005,452,107,164,0,66,True,3,Shigh,0.3,0.79,0.81,0.51,0.81,0.57,0.5714285714285714,1.0,0.0,47,90,0.8,0.7391304347826086,0.2608695652173913,11,12,0.8,0.8,0.2,2,2
28,0.71,0.88,217.80000000000007,442,100,162,0,85,False,-1,none,0.3,0.84,0.84,0.56,0.75,0.51,0.6857142857142857,1.0,0.0,54,89,0.7,0.9545454545454546,0.045454545454545456,4,12,0.9,0.7777777777777778,0.2222222222222222,0,3
28,0.72,0.84,215.8,446,87,170,0,74,False,-1,none,0.3,0.8,0.79,0.5,0.76,0.56,0.7,1.0,0.0,51,94,0.8,0.8181818181818182,0.18181818181818182,10,9,0.7,0.8461538461538461,0.15384615384615385,0,6
28,0.7,0.89,232.60000000000008,441,71,180,0,80,False,-1,none,0.3,0.83,0.77,0.51,0.73,0.56,0.6714285714285714,1.0,0.0,52,94,0.8,0.8888888888888888,0.1111111111111111,9,18,0.7,0.6666666666666666,0.3333333333333333,2,5
28,0.64,0.76,182.23999999999998,454,104,160,0,70,True,1,Slow,0.3,0.79,0.78,0.53,0.75,0.55,0.6142857142857143,1.0,0.0,42,84,0.65,0.9523809523809523,0.047619047619047616,3,24,0.8,0.5833333333333334,0.4166666666666667,3,4
28,0.76,0.91,234.00000000000006,439,95,194,0,65,False,-1,none,0.3,0.86,0.84,0.61,0.82,0.67,0.7142857142857143,1.0,0.0,59,106,0.8,0.8333333333333334,0.16666666666666666,7,17,1.0,0.7058823529411765,0.29411764705882354,2,3
28,0.6,0.71,192.8,459,99,152,0,83,False,-1,none,0.3,0.79,0.78,0.49,0.72,0.44,0.5285714285714286,1.0,0.0,41,79,0.75,0.9047619047619048,0.09523809523809523,3,21,0.8,0.6153846153846154,0.38461538461538464,3,5
28,0.72,0.87,191.08000000000007,443,90,170,0,63,True,1,Slow,0.3,0.77,0.79,0.55,0.75,0.61,0.7142857142857143,1.0,0.0,45,102,0.75,0.9583333333333334,0.041666666666666664,3,15,0.7,0.7692307692307693,0.23076923076923078,1,4
29,0.62,0.81,185.2,449,93,144,0,72,True,0,Slow,0.3,0.73,0.77,0.47,0.69,0.52,0.5428571428571428,1.0,0.0,38,82,0.8,0.8148148148148148,0.18518518518518517,9,12,0.8,0.6666666666666666,0.3333333333333333,0,3
29,0.65,0.73,199.80000000000004,457,102,154,0,76,False,-1,none,0.3,0.81,0.75,0.46,0.71,0.56,0.6142857142857143,1.0,0.0,42,91,0.6,0.42857142857142855,0.5714285714285714,11,9,1.0,0.75,0.25,0,1
29,0.77,0.9,225.00000000000003,440,98,191,0,66,False,-1,none,0.3,0.89,0.85,0.65,0.81,0.59,0.7142857142857143,1.0,0.0,60,99,0.9,0.7692307692307693,0.23076923076923078,12,13,0.9,0.7142857142857143,0.2857142857142857,3,4
29,0.67,0.77,213.6,453,82,181,0,75,False,-1,none,0.3,0.8,0.8,0.48,0.79,0.53,0.6857142857142857,1.0,0.0,55,101,0.65,0.5625,0.4375,11,8,0.6,0.7692307692307693,0.23076923076923078,4,2
29,0.65,0.75,198.99999999999994,455,107,162,0,91,True,2,Slow,0.3,0.82,0.82,0.53,0.76,0.51,0.6428571428571429,1.0,0.0,53,86,0.6,0.7777777777777778,0.2222222222222222,4,14,0.8,0.5,0.5,2,3
29,0.7,0.91,236.80000000000004,439,107,180,0,72,False,-1,none,0.3,0.85,0.87,0.66,0.79,0.61,0.6714285714285714,1.0,0.0,55,99,0.75,0.88,0.12,3,19,0.8,0.7894736842105263,0.21052631578947367,1,3
29,0.73,0.9,244.4,440,83,185,0,72,False,-1,none,0.3,0.84,0.8,0.54,0.84,0.56,0.6571428571428571,1.0,0.0,54,93,0.85,0.8888888888888888,0.1111111111111111,6,21,1.0,0.5882352941176471,0.4117647058823529,5,6
29,0.67,0.83,224.79999999999998,447,94,146,0,77,False,-1,none,0.3,0.75,0.78,0.53,0.69,0.48,0.6714285714285714,1.0,0.0,45,79,0.6,0.7368421052631579,0.2631578947368421,7,12,0.8,0.7647058823529411,0.23529411764705882,0,3
29,0.74,0.85,237.6,445,90,197,0,83,False,-1,none,0.3,0.87,0.81,0.6,0.83,0.61,0.7285714285714285,1.0,0.0,64,102,0.75,0.7058823529411765,0.29411764705882354,10,12,0.8,0.6470588235294118,0.35294117647058826,4,5
29,0.65,0.79,223.2,451,90,162,0,74,False,-1,none,0.3,0.79,0.75,0.56,0.72,0.49,0.6285714285714286,1.0,0.0,50,82,0.7,0.631578947368421,0.3684210526315789,11,11,0.7,0.75,0.25,5,3
29,0.77,0.9,215.20000000000002,440,83,194,0,83,True,0,Slow,0.3,0.85,0.87,0.52,0.83,0.6,0.8,1.0,0.0,68,104,0.75,0.85,0.15,5,15,0.6,0.6153846153846154,0.38461538461538464,1,1
29,0.7,0.79,226.0,451,87,171,0,73,False,-1,none,0.3,0.77,0.78,0.53,0.72,0.57,0.6714285714285714,1.0,0.0,51,87,0.75,0.6111111111111112,0.3888888888888889,12,14,0.8,0.5714285714285714,0.42857142857142855,4,3
29,0.62,0.77,202.2,453,103,160,0,80,False,-1,none,0.3,0.8,0.8,0.49,0.74,0.57,0.5571428571428572,1.0,0.0,39,90,0.75,0.75,0.25,8,17,0.8,0.8888888888888888,0.1111111111111111,2,4
29,0.63,0.8,189.51999999999998,450,100,156,0,64,True,0,Slow,0.3,0.78,0.79,0.47,0.73,0.59,0.5285714285714286,1.0,0.0,37,87,0.85,0.84,0.16,11,16,0.9,0.7777777777777778,0.2222222222222222,1,4
29,0.62,0.75,183.59999999999997,455,97,158,0,80,False,-1,none,0.3,0.78,0.81,0.53,0.71,0.47,0.5857142857142857,1.0,0.0,49,86,0.75,0.9565217391304348,0.043478260869565216,3,15,0.6,0.8181818181818182,0.18181818181818182,2,3
29,0.76,0.89,229.8,441,102,181,0,63,False,-1,none,0.3,0.84,0.83,0.6,0.81,0.64,0.7142857142857143,1.0,0.0,55,107,0.85,0.8181818181818182,0.18181818181818182,7,10,0.9,0.7058823529411765,0.29411764705882354,1,1
29,0.63,0.73,195.11999999999998,457,102,169,0,76,True,1,Slow,0.3,0.77,0.79,0.51,0.8,0.57,0.6142857142857143,1.0,0.0,47,99,0.7,0.631578947368421,0.3684210526315789,7,11,0.6,0.5454545454545454,0.45454545454545453,2,3
29,0.74,0.85,204.16,445,91,166,0,73,True,0,Slow,0.3,0.8,0.79,0.53,0.74,0.56,0.7285714285714285,1.0,0.0,51,90,0.85,0.7727272727272727,0.22727272727272727,6,15,0.6,0.6666666666666666,0.3333333333333333,2,2
29,0.67,0.75,182.71999999999997,455,81,156,0,98,True,1,Slow,0.3,0.76,0.76,0.42,0.72,0.46,0.6714285714285714,1.0,0.0,50,81,0.65,0.7058823529411765,0.29411764705882354,10,11,0.7,0.7272727272727273,0.2727272727272727,0,4
29,0.7,0.81,193.55999999999997,449,82,180,0,92,True,1,Slow,0.3,0.81,0.84,0.51,0.78,0.49,0.7,1.0,0.0,61,94,0.7,0.7222222222222222,0.2777777777777778,10,12,0.7,0.6428571428571429,0.35714285714285715,1,2
29,0.62,0.77,195.00000000000006,453,106,151,0,71,False,-1,none,0.3,0.8,0.78,0.59,0.71,0.46,0.6,1.0,0.0,49,84,0.6,0.8,0.2,2,12,0.8,0.8666666666666667,0.13333333333333333,1,3
29,0.75,0.91,231.00000000000006,439,81,189,0,74,False,-1,none,0.3,0.83,0.83,0.58,0.81,0.56,0.7571428571428571,1.0,0.0,64,101,0.7,0.9047619047619048,0.09523809523809523,4,11,0.8,0.6470588235294118,0.35294117647058826,6,3
29,0.66,0.82,229.99999999999997,448,96,181,0,76,False,-1,none,0.3,0.84,0.82,0.55,0.81,0.57,0.6142857142857143,1.0,0.0,55,94,0.75,0.8571428571428571,0.14285714285714285,9,14,0.8,0.6111111111111112,0.3888888888888889,4,5
29,0.64,0.78,202.70000000000005,452,97,154,0,86,True,3,Shigh,0.3,0.82,0.73,0.49,0.72,0.53,0.6285714285714286,1.0,0.0,46,88,0.65,0.8235294117647058,0.17647058823529413,3,7,0.7,0.5882352941176471,0.4117647058823529,4,6
29,0.59,0.65,186.99999999999997,465,95,155,0,85,False,-1,none,0.3,0.75,0.71,0.4,0.71,0.58,0.5571428571428572,1.0,0.0,39,95,0.75,0.5555555555555556,0.4444444444444444,9,11,0.5,0.75,0.25,1,0
29,0.69,0.83,214.2,447,101,185,0,56,False,-1,none,0.3,0.83,0.85,0.63,0.78,0.6,0.6285714285714286,1.0,0.0,60,96,0.9,0.8148148148148148,0.18518518518518517,10,14,0.7,0.75,0.25,1,4
29,0.66,0.8,170.14,450,113,152,0,75,True,0,Slow,0.3,0.8,0.8,0.56,0.78,0.51,0.6428571428571429,1.0,0.0,45,89,0.6,0.9444444444444444,0.05555555555555555,0,13,0.9,0.8235294117647058,0.17647058823529413,3,2
29,0.63,0.78,219.59999999999994,452,110,157,0,80,False,-1,none,0.3,0.85,0.82,0.5,0.82,0.46,0.5714285714285714,1.0,0.0,44,90,0.7,0.7368421052631579,0.2631578947368421,7,11,0.9,0.631578947368421,0.3684210526315789,3,2
29,0.69,0.82,184.95999999999998,448,78,174,0,81,True,1,Slow,0.3,0.79,0.79,0.52,0.74,0.5,0.6857142857142857,1.0,0.0,57,95,0.75,0.8636363636363636,0.13636363636363635,4,13,0.6,0.8333333333333334,0.16666666666666666,2,3
29,0.67,0.81,232.6,449,94,177,0,68,False,-1,none,0.3,0.79,0.79,0.59,0.77,0.58,0.6142857142857143,1.0,0.0,48,95,0.7,0.6,0.4,16,10,1.0,0.6666666666666666,0.3333333333333333,3,5
29,0.67,0.86,236.60000000000005,444,95,173,0,81,False,-1,none,0.3,0.83,0.83,0.51,0.83,0.54,0.5857142857142857,1.0,0.0,47,89,0.85,0.8461538461538461,0.15384615384615385,4,21,0.9,0.6842105263157895,0.3157894736842105,6,6
29,0.66,0.74,199.59999999999997,456,85,156,0,90,False,-1,none,0.3,0.75,0.75,0.5,0.72,0.43,0.6142857142857143,1.0,0.0,52,82,0.7,1.0,0.0,1,13,0.9,0.5384615384615384,0.46153846153846156,3,5
29,0.69,0.78,217.20000000000002,452,90,162,0,90,False,-1,none,0.3,0.81,0.81,0.49,0.7,0.49,0.6714285714285714,1.0,0.0,53,85,0.75,0.75,0.25,7,9,0.7,0.5333333333333333,0.4666666666666667,2,6
29,0.61,0.74,201.6,456,88,182,0,86,False,-1,none,0.3,0.79,0.83,0.51,0.79,0.52,0.5285714285714286,1.0,0.0,46,101,0.85,0.8,0.2,11,17,0.7,0.75,0.25,4,3
29,0.69,0.85,242.80000000000004,445,84,185,0,76,False,-1,none,0.3,0.82,0.83,0.6,0.76,0.53,0.6428571428571429,1.0,0.0,61,89,0.7,0.65,0.35,10,12,1.0,0.7,0.3,6,7
29,0.66,0.75,197.59999999999997,455,87,166,0,77,False,-1,none,0.3,0.76,0.79,0.46,0.74,0.53,0.6714285714285714,1.0,0.0,46,96,0.75,0.8636363636363636,0.13636363636363635,7,11,0.4,0.6666666666666666,0.3333333333333333,4,2
29,0.75,0.9,230.00000000000006,440,105,180,0,85,False,-1,none,0.3,0.9,0.86,0.59,0.86,0.54,0.6857142857142857,1.0,0.0,52,99,0.9,0.75,0.25,10,12,0.9,0.7777777777777778,0.2222222222222222,0,7
29,0.68,0.82,235.59999999999997,448,91,176,0,86,False,-1,none,0.3,0.83,0.82,0.51,0.78,0.55,0.6,1.0,0.0,53,94,0.85,0.782608695652174,0.21739130434782608,5,15,0.9,0.5882352941176471,0.4117647058823529,4,5
29,0.72,0.81,216.39999999999998,449,87,180,0,72,False,-1,none,0.3,0.83,0.78,0.59,0.76,0.52,0.7428571428571429,1.0,0.0,58,96,0.65,0.7222222222222222,0.2777777777777778,10,12,0.7,0.9090909090909091,0.09090909090909091,1,3
29,0.72,0.89,247.68,441,93,173,0,85,True,4,Shigh,0.3,0.84,0.83,0.6,0.73,0.55,0.6571428571428571,1.0,0.0,59,89,0.8,0.72,0.28,7,10,1.0,0.6666666666666666,0.3333333333333333,2,6
29,0.66,0.82,206.4,448,103,169,0,61,False,-1,none,0.3,0.79,0.8,0.62,0.76,0.57,0.6142857142857143,1.0,0.0,51,92,0.7,0.8636363636363636,0.13636363636363635,4,16,0.9,0.8235294117647058,0.17647058823529413,1,5
29,0.67,0.8,185.38,450,103,163,0,74,True,1,Slow,0.3,0.81,0.77,0.56,0.78,0.54,0.6714285714285714,1.0,0.0,49,98,0.55,0.7857142857142857,0.21428571428571427,4,5,0.9,0.7894736842105263,0.21052631578947367,2,5
29,0.65,0.79,218.60000000000002,451,99,155,0,72,False,-1,none,0.3,0.76,0.78,0.51,0.75,0.53,0.6142857142857143,1.0,0.0,47,87,0.7,0.6666666666666666,0.3333333333333333,5,9,0.8,0.6666666666666666,0.3333333333333333,4,3
29,0.75,0.89,226.00000000000009,441,112,176,0,88,False,-1,none,0.3,0.9,0.88,0.62,0.84,0.53,0.7285714285714285,1.0,0.0,54,96,0.8,0.875,0.125,4,19,0.8,0.8571428571428571,0.14285714285714285,0,3
29,0.64,0.8,206.76000000000002,450,103,145,0,77,True,3,Shigh,0.3,0.78,0.77,0.55,0.69,0.49,0.5714285714285714,1.0,0.0,47,79,0.8,0.72,0.28,6,8,0.8,0.8,0.2,3,2
29,0.66,0.8,211.00000000000003,450,81,166,0,83,False,-1,none,0.3,0.81,0.75,0.52,0.7,0.49,0.6,1.0,0.0,54,78,0.8,0.8636363636363636,0.13636363636363635,6,20,0.8,0.75,0.25,4,4
29,0.63,0.77,224.59999999999997,453,77,193,0,68,False,-1,none,0.3,0.81,0.79,0.57,0.76,0.54,0.5857142857142857,1.0,0.0,61,91,0.7,0.7619047619047619,0.23809523809523808,13,17,0.8,0.5333333333333333,0.4666666666666667,6,5
29,0.64,0.73,193.43999999999997,457,99,155,0,88,True,0,Slow,0.3,0.77,0.81,0.49,0.72,0.48,0.5857142857142857,1.0,0.0,45,87,0.75,0.7894736842105263,0.21052631578947367,5,14,0.8,0.6153846153846154,0.38461538461538464,1,3
29,0.62,0.73,174.44,457,107,161,0,69,True,1,Slow,0.3,0.78,0.78,0.58,0.78,0.49,0.5714285714285714,1.0,0.0,44,92,0.8,0.8181818181818182,0.18181818181818182,4,13,0.6,0.8,0.2,2,6
29,0.7,0.86,238.99999999999997,444,86,185,0,73,False,-1,none,0.3,0.81,0.83,0.56,0.79,0.58,0.6428571428571429,1.0,0.0,52,97,0.85,0.8461538461538461,0.15384615384615385,8,17,0.8,0.6,0.4,5,6
29,0.65,0.78,198.80000000000004,452,85,165,0,67,False,-1,none,0.3,0.76,0.75,0.54,0.7,0.53,0.6428571428571429,1.0,0.0,57,88,0.65,0.9047619047619048,0.09523809523809523,1,14,0.7,0.75,0.25,2,3
29,0.71,0.84,239.6,446,99,187,0,85,False,-1,none,0.3,0.84,0.83,0.63,0.83,0.57,0.6857142857142857,1.0,0.0,60,98,0.8,0.7619047619047619,0.23809523809523808,6,17,0.7,0.6,0.4,3,3
29,0.67,0.76,181.10000000000002,454,85,193,0,71,True,0,Slow,0.3,0.82,0.81,0.49,0.81,0.61,0.6857142857142857,1.0,0.0,59,104,0.7,0.7058823529411765,0.29411764705882354,9,15,0.5,0.7272727272727273,0.2727272727272727,2,4
29,0.66,0.77,203.8,453,99,180,0,79,False,-1,none,0.3,0.8,0.83,0.54,0.82,0.57,0.6428571428571429,1.0,0.0,55,98,0.65,0.7368421052631579,0.2631578947368421,7,14,0.8,0.7692307692307693,0.23076923076923078,0,6
29,0.65,0.77,193.88000000000002,453,81,174,0,73,True,0,Slow,0.3,0.76,0.77,0.52,0.7,0.57,0.6428571428571429,1.0,0.0,58,85,0.6,0.7777777777777778,0.2222222222222222,6,16,0.8,0.5714285714285714,0.42857142857142855,4,5
29,0.68,0.81,210.06,449,96,164,0,74,True,2,Slow,0.3,0.78,0.82,0.52,0.78,0.51,0.6285714285714286,1.0,0.0,48,87,0.8,0.8260869565217391,0.17391304347826086,7,16,0.8,0.6428571428571429,0.35714285714285715,4,2
29,0.68,0.84,210.80000000000007,446,89,163,0,74,False,-1,none,0.3,0.79,0.77,0.58,0.74,0.48,0.6428571428571429,1.0,0.0,55,84,0.75,0.8260869565217391,0.17391304347826086,7,14,0.8,0.8125,0.1875,0,3
29,0.65,0.84,217.60000000000008,446,104,168,0,69,False,-1,none,0.3,0.82,0.82,0.53,0.77,0.62,0.5714285714285714,1.0,0.0,47,97,0.8,0.8888888888888888,0.1111111111111111,4,14,0.9,0.7058823529411765,0.29411764705882354,1,5
29,0.67,0.76,206.40000000000003,454,108,173,0,73,False,-1,none,0.3,0.83,0.81,0.52,0.8,0.61,0.6714285714285714,1.0,0.0,47,101,0.65,0.7368421052631579,0.2631578947368421,8,14,0.7,0.7,0.3,1,2
29,0.68,0.87,230.51999999999998,443,102,181,0,85,True,4,Shigh,0.3,0.88,0.84,0.55,0.79,0.64,0.5857142857142857,1.0,0.0,49,98,0.9,0.7857142857142857,0.21428571428571427,12,16,0.9,0.7777777777777778,0.2222222222222222,3,3
29,0.6,0.74,194.0,456,94,147,0,75,False,-1,none,0.3,0.77,0.75,0.44,0.66,0.53,0.5285714285714286,1.0,0.0,39,75,0.75,0.75,0.25,10,15,0.8,0.8823529411764706,0.11764705882352941,1,7
29,0.65,0.73,200.79999999999995,457,110,169,0,88,True,2,Slow,0.3,0.84,0.85,0.52,0.74,0.57,0.6714285714285714,1.0,0.0,49,90,0.6,0.6,0.4,10,14,0.6,0.5454545454545454,0.45454545454545453,3,3
29,0.71,0.91,225.24,439,98,175,0,76,True,2,Slow,0.3,0.86,0.85,0.62,0.78,0.53,0.6142857142857143,1.0,0.0,56,87,0.9,0.76,0.24,12,16,1.0,0.7391304347826086,0.2608695652173913,2,2
29,0.64,0.76,187.39999999999998,454,81,167,0,71,False,-1,none,0.3,0.75,0.76,0.52,0.71,0.5,0.6142857142857143,1.0,0.0,58,85,0.7,0.9473684210526315,0.05263157894736842,4,15,0.7,0.9285714285714286,0.07142857142857142,2,3
29,0.64,0.84,219.59999999999997,446,105,171,0,80,False,-1,none,0.3,0.85,0.83,0.58,0.73,0.61,0.5571428571428572,1.0,0.0,47,96,0.9,0.8214285714285714,0.17857142857142858,7,16,0.7,0.7647058823529411,0.23529411764705882,3,2
29,0.66,0.76,214.8,454,93,187,0,64,False,-1,none,0.3,0.78,0.81,0.6,0.79,0.58,0.6,1.0,0.0,53,96,0.75,0.6842105263157895,0.3157894736842105,13,15,0.9,0.6,0.4,4,6
