seed,week_number,attendance_rate,purchase_rate,buyer_seller_pair_stability,mean_loyalty_streak,total_revenue,promotion_seller_id,Poor_to_Slow_share,Poor_to_Shigh_share,Middle_to_Slow_share,Middle_to_Shigh_share,Rich_to_Slow_share,Rich_to_Shigh_share
0,0,0.85,0.67,,1.0,206.0,-1,1.0,0.0,0.7391304347826086,0.2608695652173913,0.6428571428571429,0.35714285714285715
0,1,0.84,0.67,0.391304347826087,1.2686567164179106,178.8,-1,1.0,0.0,0.8421052631578947,0.15789473684210525,0.7777777777777778,0.2222222222222222
0,2,0.86,0.71,0.3958333333333333,1.3943661971830985,203.00000000000006,-1,1.0,0.0,0.8095238095238095,0.19047619047619047,0.7692307692307693,0.23076923076923078
0,3,0.81,0.63,0.4090909090909091,1.5555555555555556,207.99999999999997,-1,1.0,0.0,0.8333333333333334,0.16666666666666666,0.6153846153846154,0.38461538461538464
0,4,0.87,0.73,0.3953488372093023,1.547945205479452,218.8,1,1.0,0.0,0.8095238095238095,0.19047619047619047,0.7368421052631579,0.2631578947368421
0,5,0.85,0.71,0.4117647058823529,1.676056338028169,230.39999999999998,-1,1.0,0.0,0.7916666666666666,0.20833333333333334,0.6875,0.3125
0,6,0.78,0.63,0.4090909090909091,1.7619047619047619,178.40000000000003,-1,1.0,0.0,0.7777777777777778,0.2222222222222222,0.8333333333333334,0.16666666666666666
0,7,0.82,0.67,0.4418604651162791,1.955223880597015,216.2,3,1.0,0.0,0.7916666666666666,0.20833333333333334,0.6875,0.3125
0,8,0.9,0.78,0.56,2.2564102564102564,245.60000000000002,-1,1.0,0.0,0.8846153846153846,0.11538461538461539,0.6428571428571429,0.35714285714285715
0,9,0.87,0.71,0.39622641509433965,1.9859154929577465,193.6,-1,1.0,0.0,0.9523809523809523,0.047619047619047616,0.8888888888888888,0.1111111111111111
0,10,0.83,0.7,0.4,1.9285714285714286,225.99999999999997,-1,1.0,0.0,0.7647058823529411,0.23529411764705882,0.6470588235294118,0.35294117647058826
0,11,0.84,0.72,0.4528301886792453,1.9027777777777777,231.40000000000003,-1,1.0,0.0,0.8,0.2,0.6,0.4
0,12,0.84,0.68,0.3829787234042553,2.0441176470588234,201.59999999999997,-1,1.0,0.0,0.9090909090909091,0.09090909090909091,0.7857142857142857,0.21428571428571427
0,13,0.85,0.63,0.5652173913043478,2.380952380952381,206.39999999999998,-1,1.0,0.0,0.7368421052631579,0.2631578947368421,0.8,0.2
0,14,0.83,0.69,0.5106382978723404,2.318840579710145,228.0,-1,1.0,0.0,0.7058823529411765,0.29411764705882354,0.7058823529411765,0.29411764705882354
0,15,0.77,0.68,0.43478260869565216,2.2794117647058822,203.99999999999994,-1,1.0,0.0,0.7368421052631579,0.2631578947368421,0.7692307692307693,0.23076923076923078
0,16,0.87,0.73,0.35185185185185186,1.9863013698630136,224.59999999999997,4,1.0,0.0,0.6190476190476191,0.38095238095238093,0.6428571428571429,0.35714285714285715
0,17,0.81,0.66,0.4897959183673469,2.0303030303030303,190.79999999999995,-1,1.0,0.0,0.8333333333333334,0.16666666666666666,0.8,0.2
0,18,0.81,0.68,0.37777777777777777,1.7352941176470589,221.19999999999993,3,1.0,0.0,0.7142857142857143,0.2857142857142857,0.5555555555555556,0.4444444444444444
0,19,0.82,0.67,0.5,2.253731343283582,202.95999999999998,1,1.0,0.0,0.782608695652174,0.21739130434782608,0.6153846153846154,0.38461538461538464
0,20,0.84,0.65,0.5208333333333334,2.0923076923076924,184.2,-1,1.0,0.0,0.9375,0.0625,0.6,0.4
0,21,0.79,0.63,0.4444444444444444,1.7936507936507937,205.19999999999996,-1,1.0,0.0,0.8095238095238095,0.19047619047619047,0.7857142857142857,0.21428571428571427
0,22,0.87,0.66,0.4888888888888889,1.803030303030303,221.05999999999995,1,1.0,0.0,0.6086956521739131,0.391304347826087,0.7894736842105263,0.21052631578947367
0,23,0.87,0.71,0.40425531914893614,1.8732394366197183,212.99999999999994,4,1.0,0.0,0.7142857142857143,0.2857142857142857,0.75,0.25
0,24,0.84,0.67,0.40384615384615385,1.7014925373134329,196.0,-1,1.0,0.0,0.9047619047619048,0.09523809523809523,0.8461538461538461,0.15384615384615385
0,25,0.81,0.64,0.2553191489361702,1.71875,180.51999999999998,0,1.0,0.0,0.8421052631578947,0.15789473684210525,0.75,0.25
0,26,0.82,0.67,0.45,1.791044776119403,197.60000000000002,-1,1.0,0.0,0.75,0.25,0.7272727272727273,0.2727272727272727
0,27,0.83,0.66,0.3404255319148936,1.6818181818181819,226.99999999999997,-1,1.0,0.0,0.8695652173913043,0.13043478260869565,0.7142857142857143,0.2857142857142857
0,28,0.83,0.63,0.4418604651162791,1.9047619047619047,198.2,-1,1.0,0.0,0.875,0.125,0.8333333333333334,0.16666666666666666
0,29,0.86,0.73,0.4772727272727273,1.8630136986301369,233.4,-1,1.0,0.0,0.92,0.08,0.6875,0.3125
0,30,0.82,0.67,0.375,1.9104477611940298,206.20000000000005,-1,1.0,0.0,0.8,0.2,0.6153846153846154,0.38461538461538464
0,31,0.82,0.68,0.49056603773584906,2.1323529411764706,212.79999999999998,-1,1.0,0.0,0.8181818181818182,0.18181818181818182,0.6,0.4
0,32,0.84,0.63,0.34782608695652173,1.9365079365079365,225.99999999999994,-1,1.0,0.0,0.6956521739130435,0.30434782608695654,0.625,0.375
0,33,0.8,0.62,0.5526315789473685,2.032258064516129,188.39999999999998,-1,1.0,0.0,0.7142857142857143,0.2857142857142857,0.5,0.5
0,34,0.89,0.73,0.5,1.917808219178082,254.40000000000003,-1,1.0,0.0,0.8518518518518519,0.14814814814814814,0.631578947368421,0.3684210526315789
0,35,0.85,0.71,0.5172413793103449,1.9295774647887325,209.2,-1,1.0,0.0,0.8947368421052632,0.10526315789473684,0.7692307692307693,0.23076923076923078
0,36,0.84,0.7,0.4,1.9,213.59999999999997,2,1.0,0.0,0.8181818181818182,0.18181818181818182,0.5714285714285714,0.42857142857142855
0,37,0.73,0.58,0.5714285714285714,2.0689655172413794,186.94,4,1.0,0.0,0.7647058823529411,0.23529411764705882,0.7692307692307693,0.23076923076923078
0,38,0.89,0.77,0.3333333333333333,1.7272727272727273,230.00000000000003,-1,1.0,0.0,0.8181818181818182,0.18181818181818182,0.7857142857142857,0.21428571428571427
0,39,0.92,0.75,0.47368421052631576,1.76,216.0800000000001,3,1.0,0.0,0.8333333333333334,0.16666666666666666,0.7647058823529411,0.23529411764705882
0,40,0.81,0.64,0.40816326530612246,1.96875,193.0,-1,1.0,0.0,0.8571428571428571,0.14285714285714285,0.8461538461538461,0.15384615384615385
0,41,0.89,0.67,0.4791666666666667,2.0597014925373136,220.8,-1,1.0,0.0,0.75,0.25,0.8125,0.1875
0,42,0.85,0.71,0.4117647058823529,1.971830985915493,230.20000000000002,-1,1.0,0.0,0.8846153846153846,0.11538461538461539,0.8,0.2
0,43,0.86,0.71,0.40816326530612246,2.0,229.00000000000006,-1,1.0,0.0,0.9259259259259259,0.07407407407407407,0.6,0.4
0,44,0.84,0.73,0.5818181818181818,2.219178082191781,232.79999999999998,-1,1.0,0.0,0.6363636363636364,0.36363636363636365,0.5454545454545454,0.45454545454545453
0,45,0.82,0.66,0.3958333333333333,2.393939393939394,192.2,-1,1.0,0.0,0.8823529411764706,0.11764705882352941,0.8333333333333334,0.16666666666666666
0,46,0.85,0.71,0.4222222222222222,2.2535211267605635,223.40000000000003,-1,1.0,0.0,0.6875,0.3125,0.5882352941176471,0.4117647058823529
0,47,0.88,0.69,0.4166666666666667,2.2028985507246377,205.60000000000002,-1,1.0,0.0,0.8421052631578947,0.15789473684210525,0.6363636363636364,0.36363636363636365
0,48,0.83,0.66,0.29545454545454547,2.090909090909091,182.91999999999996,1,1.0,0.0,0.9411764705882353,0.058823529411764705,0.6428571428571429,0.35714285714285715
0,49,0.88,0.74,0.3958333333333333,2.1621621621621623,226.20000000000007,-1,1.0,0.0,0.7916666666666666,0.20833333333333334,0.8181818181818182,0.18181818181818182
0,50,0.84,0.7,0.49056603773584906,2.4857142857142858,205.20000000000007,-1,1.0,0.0,0.9629629629629629,0.037037037037037035,0.75,0.25
0,51,0.89,0.66,0.4489795918367347,2.0454545454545454,240.40000000000003,-1,1.0,0.0,0.84,0.16,0.7391304347826086,0.2608695652173913
0,52,0.82,0.58,0.25,1.6551724137931034,179.39999999999998,-1,1.0,0.0,0.85,0.15,0.7,0.3
0,53,0.91,0.75,0.42857142857142855,2.1333333333333333,247.8,-1,1.0,0.0,0.7727272727272727,0.22727272727272727,0.7222222222222222,0.2777777777777778
0,54,0.85,0.67,0.46153846153846156,2.029850746268657,205.70000000000005,4,1.0,0.0,0.8181818181818182,0.18181818181818182,0.6428571428571429,0.35714285714285715
0,55,0.78,0.63,0.4634146341463415,2.0952380952380953,199.79999999999998,-1,1.0,0.0,0.6875,0.3125,0.4,0.6
0,56,0.86,0.65,0.425,2.353846153846154,227.11999999999998,4,1.0,0.0,0.782608695652174,0.21739130434782608,0.625,0.375
0,57,0.86,0.76,0.46938775510204084,2.460526315789474,256.6,-1,1.0,0.0,0.875,0.125,0.6842105263157895,0.3157894736842105
0,58,0.81,0.69,0.4074074074074074,2.318840579710145,200.20000000000005,-1,1.0,0.0,0.8571428571428571,0.14285714285714285,0.9090909090909091,0.09090909090909091
0,59,0.88,0.72,0.3877551020408163,2.2777777777777777,227.70000000000005,3,1.0,0.0,0.8695652173913043,0.13043478260869565,0.7222222222222222,0.2777777777777778
0,60,0.84,0.71,0.39215686274509803,1.704225352112676,205.00000000000003,-1,1.0,0.0,0.9,0.1,0.75,0.25
0,61,0.9,0.72,0.3584905660377358,1.5833333333333333,235.60000000000005,-1,1.0,0.0,0.75,0.25,0.46153846153846156,0.5384615384615384
0,62,0.88,0.69,0.39215686274509803,1.7391304347826086,192.4,-1,1.0,0.0,0.8571428571428571,0.14285714285714285,0.9090909090909091,0.09090909090909091
0,63,0.86,0.72,0.42,1.7777777777777777,217.2000000000001,-1,1.0,0.0,0.9130434782608695,0.08695652173913043,0.6666666666666666,0.3333333333333333
0,64,0.81,0.69,0.45098039215686275,1.8115942028985508,211.80000000000004,-1,1.0,0.0,0.7916666666666666,0.20833333333333334,0.5555555555555556,0.4444444444444444
0,65,0.85,0.72,0.40425531914893614,1.8055555555555556,216.40000000000003,-1,1.0,0.0,0.8695652173913043,0.13043478260869565,0.7142857142857143,0.2857142857142857
1,0,0.84,0.56,,1.0,176.0,-1,1.0,0.0,0.7727272727272727,0.22727272727272727,0.6666666666666666,0.3333333333333333
1,1,0.88,0.64,0.2222222222222222,1.125,200.0,-1,1.0,0.0,0.7894736842105263,0.21052631578947367,0.75,0.25
1,2,0.85,0.71,0.3958333333333333,1.408450704225352,212.20000000000005,-1,1.0,0.0,0.6666666666666666,0.3333333333333333,0.8,0.2
1,3,0.89,0.64,0.4666666666666667,1.625,215.4,-1,1.0,0.0,0.8181818181818182,0.18181818181818182,0.6666666666666666,0.3333333333333333
1,4,0.83,0.64,0.6136363636363636,1.8125,209.4,-1,1.0,0.0,0.8421052631578947,0.15789473684210525,0.5,0.5
1,5,0.85,0.69,0.46808510638297873,1.8405797101449275,219.99999999999997,-1,1.0,0.0,0.8095238095238095,0.19047619047619047,0.6,0.4
1,6,0.87,0.73,0.46153846153846156,1.8356164383561644,241.4,4,1.0,0.0,0.6538461538461539,0.34615384615384615,0.6666666666666666,0.3333333333333333
1,7,0.91,0.68,0.40816326530612246,2.0,198.79999999999995,-1,1.0,0.0,0.6428571428571429,0.35714285714285715,0.9333333333333333,0.06666666666666667
1,8,0.86,0.7,0.37735849056603776,1.8571428571428572,233.2,-1,1.0,0.0,0.7692307692307693,0.23076923076923078,0.7333333333333333,0.26666666666666666
1,9,0.83,0.72,0.43636363636363634,1.8611111111111112,208.6,2,1.0,0.0,0.8260869565217391,0.17391304347826086,0.75,0.25
1,10,0.84,0.68,0.46808510638297873,2.0294117647058822,221.59999999999997,-1,1.0,0.0,0.7391304347826086,0.2608695652173913,0.5833333333333334,0.4166666666666667
1,11,0.85,0.73,0.42,1.7397260273972603,233.59999999999997,-1,1.0,0.0,0.7894736842105263,0.21052631578947367,0.7058823529411765,0.29411764705882354
1,12,0.86,0.68,0.32,1.6029411764705883,206.79999999999995,-1,1.0,0.0,0.5,0.5,0.5714285714285714,0.42857142857142855
1,13,0.87,0.71,0.3333333333333333,1.676056338028169,224.80000000000004,-1,1.0,0.0,0.8888888888888888,0.1111111111111111,0.6666666666666666,0.3333333333333333
1,14,0.81,0.65,0.5106382978723404,1.8461538461538463,210.4,-1,1.0,0.0,0.7391304347826086,0.2608695652173913,0.5,0.5
1,15,0.86,0.71,0.36363636363636365,1.7605633802816902,215.6,-1,1.0,0.0,0.92,0.08,0.5555555555555556,0.4444444444444444
1,16,0.85,0.71,0.3584905660377358,1.7887323943661972,231.8,-1,1.0,0.0,0.8333333333333334,0.16666666666666666,0.6842105263157895,0.3157894736842105
1,17,0.83,0.65,0.44680851063829785,1.9538461538461538,196.8,-1,1.0,0.0,0.9583333333333334,0.041666666666666664,0.8461538461538461,0.15384615384615385
1,18,0.88,0.7,0.38636363636363635,1.9,238.40000000000003,-1,1.0,0.0,0.7391304347826086,0.2608695652173913,0.5714285714285714,0.42857142857142855
1,19,0.81,0.67,0.46808510638297873,1.9402985074626866,207.39999999999998,-1,1.0,0.0,0.95,0.05,0.5714285714285714,0.42857142857142855
1,20,0.82,0.71,0.6041666666666666,2.2253521126760565,201.97999999999996,2,1.0,0.0,0.9130434782608695,0.08695652173913043,0.75,0.25
1,21,0.84,0.66,0.25,1.9090909090909092,225.39999999999998,-1,1.0,0.0,0.5909090909090909,0.4090909090909091,0.5714285714285714,0.42857142857142855
1,22,0.79,0.62,0.2682926829268293,1.7096774193548387,193.79999999999998,-1,1.0,0.0,0.8947368421052632,0.10526315789473684,0.7857142857142857,0.21428571428571427
1,23,0.83,0.74,0.5116279069767442,1.7972972972972974,244.60000000000002,-1,1.0,0.0,0.7619047619047619,0.23809523809523808,0.7142857142857143,0.2857142857142857
1,24,0.88,0.7,0.36,1.8571428571428572,208.39999999999998,-1,1.0,0.0,0.8,0.2,0.8333333333333334,0.16666666666666666
1,25,0.92,0.77,0.41818181818181815,1.896103896103896,239.8,-1,1.0,0.0,0.7,0.3,0.75,0.25
1,26,0.85,0.74,0.4444444444444444,2.1486486486486487,225.20000000000002,-1,1.0,0.0,0.8695652173913043,0.13043478260869565,0.7692307692307693,0.23076923076923078
1,27,0.79,0.69,0.29411764705882354,1.9420289855072463,233.20000000000002,-1,1.0,0.0,0.7727272727272727,0.22727272727272727,0.7222222222222222,0.2777777777777778
1,28,0.86,0.62,0.45454545454545453,2.032258064516129,194.59999999999994,3,1.0,0.0,0.8695652173913043,0.13043478260869565,0.5384615384615384,0.46153846153846156
1,29,0.8,0.59,0.39473684210526316,2.0847457627118646,180.19999999999993,-1,1.0,0.0,0.7692307692307693,0.23076923076923078,0.6428571428571429,0.35714285714285715
1,30,0.84,0.68,0.43902439024390244,1.9852941176470589,216.79999999999995,-1,1.0,0.0,0.7368421052631579,0.2631578947368421,0.625,0.375
1,31,0.9,0.7,0.4375,2.142857142857143,232.56,3,1.0,0.0,0.6666666666666666,0.3333333333333333,0.5714285714285714,0.42857142857142855
1,32,0.87,0.59,0.3111111111111111,1.728813559322034,180.19999999999996,-1,1.0,0.0,0.9230769230769231,0.07692307692307693,0.8823529411764706,0.11764705882352941
1,33,0.83,0.59,0.42424242424242425,1.9322033898305084,191.00000000000003,-1,1.0,0.0,0.6086956521739131,0.391304347826087,0.75,0.25
1,34,0.85,0.64,0.42857142857142855,1.875,220.6,-1,1.0,0.0,0.85,0.15,0.6666666666666666,0.3333333333333333
1,35,0.85,0.63,0.45454545454545453,1.9523809523809523,202.20000000000002,-1,1.0,0.0,0.8095238095238095,0.19047619047619047,0.6363636363636364,0.36363636363636365
1,36,0.91,0.73,0.40816326530612246,1.917808219178082,221.40000000000003,-1,1.0,0.0,0.8,0.2,0.8333333333333334,0.16666666666666666
1,37,0.84,0.72,0.49056603773584906,1.9166666666666667,235.60000000000005,-1,1.0,0.0,0.8235294117647058,0.17647058823529413,0.6190476190476191,0.38095238095238093
1,38,0.88,0.72,0.4,1.9861111111111112,222.54000000000005,2,1.0,0.0,0.7058823529411765,0.29411764705882354,0.8095238095238095,0.19047619047619047
1,39,0.85,0.75,0.37254901960784315,1.6,247.08,4,1.0,0.0,0.782608695652174,0.21739130434782608,0.6666666666666666,0.3333333333333333
1,40,0.93,0.67,0.3584905660377358,1.8059701492537314,228.60000000000005,-1,1.0,0.0,0.7727272727272727,0.22727272727272727,0.7368421052631579,0.2631578947368421
1,41,0.87,0.74,0.3541666666666667,1.837837837837838,231.00000000000006,-1,1.0,0.0,0.9583333333333334,0.041666666666666664,0.5384615384615384,0.46153846153846156
1,42,0.81,0.63,0.46,2.126984126984127,211.00000000000003,-1,1.0,0.0,0.8076923076923077,0.19230769230769232,0.7142857142857143,0.2857142857142857
1,43,0.77,0.6,0.47368421052631576,1.9833333333333334,191.99999999999997,-1,1.0,0.0,0.7647058823529411,0.23529411764705882,0.7692307692307693,0.23076923076923078
1,44,0.89,0.69,0.4186046511627907,2.0434782608695654,211.00000000000003,-1,1.0,0.0,0.8823529411764706,0.11764705882352941,0.8421052631578947,0.15789473684210525
1,45,0.92,0.8,0.34615384615384615,1.975,251.2000000000001,-1,1.0,0.0,0.7083333333333334,0.2916666666666667,0.625,0.375
1,46,0.84,0.69,0.36363636363636365,2.0,235.60000000000005,-1,1.0,0.0,0.88,0.12,0.7894736842105263,0.21052631578947367
1,47,0.81,0.68,0.4444444444444444,1.9264705882352942,219.00000000000003,-1,1.0,0.0,0.85,0.15,0.7894736842105263,0.21052631578947367
1,48,0.77,0.61,0.38636363636363635,1.9508196721311475,204.99999999999997,-1,1.0,0.0,0.75,0.25,0.8666666666666667,0.13333333333333333
1,49,0.87,0.7,0.45652173913043476,2.257142857142857,212.8,-1,1.0,0.0,0.8571428571428571,0.14285714285714285,0.6923076923076923,0.3076923076923077
1,50,0.84,0.62,0.3695652173913043,2.0806451612903225,212.2,-1,1.0,0.0,0.8181818181818182,0.18181818181818182,0.5714285714285714,0.42857142857142855
1,51,0.85,0.72,0.38636363636363635,1.9027777777777777,232.40000000000003,-1,1.0,0.0,0.8571428571428571,0.14285714285714285,0.7333333333333333,0.26666666666666666
1,52,0.87,0.7,0.39622641509433965,1.8714285714285714,211.76000000000008,3,1.0,0.0,0.8181818181818182,0.18181818181818182,0.7058823529411765,0.29411764705882354
1,53,0.86,0.67,0.42857142857142855,2.0597014925373136,202.0,-1,1.0,0.0,0.75,0.25,0.7857142857142857,0.21428571428571427
1,54,0.86,0.62,0.325,1.5483870967741935,201.39999999999998,-1,1.0,0.0,0.9411764705882353,0.058823529411764705,0.6,0.4
1,55,0.86,0.72,0.38095238095238093,1.6527777777777777,229.20000000000005,-1,1.0,0.0,0.8076923076923077,0.19230769230769232,0.5384615384615384,0.46153846153846156
1,56,0.83,0.63,0.4583333333333333,1.9206349206349207,198.8,-1,1.0,0.0,0.9444444444444444,0.05555555555555555,0.6666666666666666,0.3333333333333333
1,57,0.8,0.62,0.4146341463414634,1.903225806451613,191.8,-1,1.0,0.0,0.7647058823529411,0.23529411764705882,0.7692307692307693,0.23076923076923078
1,58,0.8,0.56,0.5588235294117647,2.0357142857142856,168.59999999999997,-1,1.0,0.0,0.8461538461538461,0.15384615384615385,0.75,0.25
1,59,0.83,0.67,0.4594594594594595,1.8208955223880596,182.24,2,1.0,0.0,0.8823529411764706,0.11764705882352941,0.6923076923076923,0.3076923076923077
1,60,0.86,0.69,0.5,1.9275362318840579,232.20000000000005,-1,1.0,0.0,0.6111111111111112,0.3888888888888889,0.75,0.25
1,61,0.86,0.68,0.6041666666666666,2.2058823529411766,221.96000000000004,3,1.0,0.0,0.7619047619047619,0.23809523809523808,0.7647058823529411,0.23529411764705882
1,62,0.88,0.68,0.56,2.235294117647059,195.40000000000003,-1,1.0,0.0,1.0,0.0,0.8461538461538461,0.15384615384615385
1,63,0.87,0.7,0.4888888888888889,2.1714285714285713,225.0,-1,1.0,0.0,0.7619047619047619,0.23809523809523808,0.6666666666666666,0.3333333333333333
1,64,0.81,0.64,0.3469387755102041,2.15625,196.40000000000003,-1,1.0,0.0,0.7142857142857143,0.2857142857142857,0.7333333333333333,0.26666666666666666
1,65,0.88,0.61,0.43902439024390244,2.180327868852459,182.20000000000005,-1,1.0,0.0,0.8666666666666667,0.13333333333333333,0.6875,0.3125
2,0,0.84,0.67,,1.0,202.0,-1,1.0,0.0,0.6818181818181818,0.3181818181818182,0.6923076923076923,0.3076923076923077
2,1,0.85,0.67,0.32653061224489793,1.2388059701492538,201.60000000000002,-1,1.0,0.0,0.84,0.16,0.5,0.5
2,2,0.8,0.64,0.4791666666666667,1.515625,180.20000000000005,-1,1.0,0.0,0.8333333333333334,0.16666666666666666,0.8571428571428571,0.14285714285714285
2,3,0.8,0.6,0.47058823529411764,1.6166666666666667,182.79999999999998,-1,1.0,0.0,0.8333333333333334,0.16666666666666666,0.875,0.125
2,4,0.9,0.75,0.391304347826087,1.6,231.2,-1,1.0,0.0,0.76,0.24,0.8333333333333334,0.16666666666666666
2,5,0.89,0.7,0.4444444444444444,1.8,230.4,-1,1.0,0.0,0.782608695652174,0.21739130434782608,0.75,0.25
2,6,0.87,0.63,0.37777777777777777,1.7777777777777777,184.72,1,1.0,0.0,0.8636363636363636,0.13636363636363635,0.6923076923076923,0.3076923076923077
2,7,0.84,0.66,0.5348837209302325,1.893939393939394,216.79999999999998,-1,1.0,0.0,0.8695652173913043,0.13043478260869565,0.7647058823529411,0.23529411764705882
2,8,0.85,0.74,0.5531914893617021,2.2162162162162162,207.60000000000002,-1,1.0,0.0,0.875,0.125,0.8181818181818182,0.18181818181818182
2,9,0.85,0.76,0.39655172413793105,1.9342105263157894,257.79999999999995,3,1.0,0.0,0.5925925925925926,0.4074074074074074,0.7647058823529411,0.23529411764705882
2,10,0.88,0.69,0.34615384615384615,1.8405797101449275,230.39999999999995,-1,1.0,0.0,0.8260869565217391,0.17391304347826086,0.7333333333333333,0.26666666666666666
2,11,0.81,0.64,0.38636363636363635,2.15625,202.2,3,1.0,0.0,0.8518518518518519,0.14814814814814814,0.8181818181818182,0.18181818181818182
2,12,0.91,0.69,0.4090909090909091,1.6521739130434783,247.2,-1,1.0,0.0,0.8709677419354839,0.12903225806451613,0.7777777777777778,0.2222222222222222
2,13,0.85,0.64,0.35555555555555557,1.796875,205.2,-1,1.0,0.0,0.8888888888888888,0.1111111111111111,0.8125,0.1875
2,14,0.83,0.62,0.3333333333333333,1.7419354838709677,194.59999999999997,3,1.0,0.0,0.75,0.25,0.7692307692307693,0.23076923076923078
2,15,0.82,0.63,0.34210526315789475,1.8888888888888888,180.0,-1,1.0,0.0,0.9545454545454546,0.045454545454545456,0.75,0.25
2,16,0.87,0.69,0.5,1.8115942028985508,202.00000000000003,-1,1.0,0.0,0.8636363636363636,0.13636363636363635,0.8571428571428571,0.14285714285714285
2,17,0.91,0.75,0.4528301886792453,1.8533333333333333,248.4,-1,1.0,0.0,0.7727272727272727,0.22727272727272727,0.7777777777777778,0.2222222222222222
2,18,0.86,0.75,0.4482758620689655,2.0,241.20000000000002,-1,1.0,0.0,0.8846153846153846,0.11538461538461539,0.6153846153846154,0.38461538461538464
2,19,0.86,0.63,0.4897959183673469,2.142857142857143,202.39999999999998,-1,1.0,0.0,0.7619047619047619,0.23809523809523808,0.75,0.25
2,20,0.87,0.65,0.525,1.9384615384615385,200.79999999999995,-1,1.0,0.0,0.8421052631578947,0.15789473684210525,0.8125,0.1875
2,21,0.81,0.63,0.47619047619047616,2.0,216.60000000000002,-1,1.0,0.0,0.65,0.35,0.7333333333333333,0.26666666666666666
2,22,0.87,0.64,0.4,2.078125,212.59999999999994,-1,1.0,0.0,0.6875,0.3125,0.5714285714285714,0.42857142857142855
2,23,0.83,0.69,0.5319148936170213,2.101449275362319,218.0,-1,1.0,0.0,0.8636363636363636,0.13636363636363635,0.75,0.25
2,24,0.87,0.68,0.5,2.073529411764706,212.20000000000002,-1,1.0,0.0,0.5714285714285714,0.42857142857142855,0.7142857142857143,0.2857142857142857
2,25,0.85,0.69,0.4,2.217391304347826,234.0,-1,1.0,0.0,0.7222222222222222,0.2777777777777778,0.7,0.3
2,26,0.83,0.58,0.4358974358974359,2.0,182.39999999999995,-1,1.0,0.0,0.8125,0.1875,0.5,0.5
2,27,0.79,0.6,0.4864864864864865,2.05,197.99999999999997,-1,1.0,0.0,0.7916666666666666,0.20833333333333334,0.9166666666666666,0.08333333333333333
2,28,0.83,0.66,0.4594594594594595,2.1818181818181817,203.2,-1,1.0,0.0,0.6666666666666666,0.3333333333333333,0.9,0.1
2,29,0.83,0.67,0.34782608695652173,1.9850746268656716,209.39999999999998,-1,1.0,0.0,0.8,0.2,0.6,0.4
2,30,0.88,0.71,0.3617021276595745,1.9295774647887325,227.59999999999997,-1,1.0,0.0,0.6956521739130435,0.30434782608695654,0.8125,0.1875
2,31,0.83,0.7,0.4339622641509434,1.9714285714285715,219.19999999999993,-1,1.0,0.0,0.7619047619047619,0.23809523809523808,0.5833333333333334,0.4166666666666667
2,32,0.86,0.7,0.22,1.8571428571428572,223.60000000000002,-1,1.0,0.0,0.8571428571428571,0.14285714285714285,0.5714285714285714,0.42857142857142855
2,33,0.78,0.69,0.35294117647058826,1.7246376811594204,241.20000000000007,-1,1.0,0.0,0.8076923076923077,0.19230769230769232,0.631578947368421,0.3684210526315789
2,34,0.87,0.72,0.3392857142857143,1.6666666666666667,208.20000000000007,-1,1.0,0.0,0.85,0.15,0.8333333333333334,0.16666666666666666
2,35,0.89,0.68,0.40816326530612246,1.6323529411764706,203.0,-1,1.0,0.0,0.8947368421052632,0.10526315789473684,0.8125,0.1875
2,36,0.9,0.74,0.4909090909090909,2.0945945945945947,237.88000000000002,1,1.0,0.0,0.75,0.25,0.625,0.375
2,37,0.83,0.72,0.45454545454545453,2.3055555555555554,179.47999999999996,0,1.0,0.0,0.8947368421052632,0.10526315789473684,0.8333333333333334,0.16666666666666666
2,38,0.85,0.67,0.42857142857142855,1.7462686567164178,221.0,-1,1.0,0.0,0.7272727272727273,0.2727272727272727,0.7647058823529411,0.23529411764705882
2,39,0.84,0.66,0.32558139534883723,1.8484848484848484,223.0,-1,1.0,0.0,0.7727272727272727,0.22727272727272727,0.46153846153846156,0.5384615384615384
2,40,0.84,0.71,0.38,2.056338028169014,226.80000000000007,-1,1.0,0.0,0.88,0.12,0.7333333333333333,0.26666666666666666
2,41,0.82,0.65,0.5,2.1384615384615384,205.20000000000005,-1,1.0,0.0,0.7727272727272727,0.22727272727272727,0.6363636363636364,0.36363636363636365
2,42,0.86,0.7,0.4444444444444444,2.0428571428571427,233.39999999999998,-1,1.0,0.0,0.8181818181818182,0.18181818181818182,0.6875,0.3125
2,43,0.86,0.71,0.29411764705882354,1.9295774647887325,238.8,-1,1.0,0.0,0.92,0.08,0.5,0.5
2,44,0.84,0.72,0.46938775510204084,1.9722222222222223,234.52000000000004,4,1.0,0.0,0.6666666666666666,0.3333333333333333,0.6923076923076923,0.3076923076923077
2,45,0.83,0.67,0.5,1.8059701492537314,204.71999999999997,0,1.0,0.0,0.8214285714285714,0.17857142857142858,0.5454545454545454,0.45454545454545453
2,46,0.76,0.6,0.3170731707317073,1.5833333333333333,182.87999999999994,2,1.0,0.0,0.8947368421052632,0.10526315789473684,0.6666666666666666,0.3333333333333333
2,47,0.9,0.68,0.3684210526315789,1.838235294117647,218.60000000000005,-1,1.0,0.0,0.875,0.125,0.8,0.2
2,48,0.85,0.69,0.42857142857142855,1.9855072463768115,222.2,-1,1.0,0.0,0.8571428571428571,0.14285714285714285,0.5833333333333334,0.4166666666666667
2,49,0.86,0.73,0.43137254901960786,1.7945205479452055,222.40000000000003,-1,1.0,0.0,0.8181818181818182,0.18181818181818182,0.7857142857142857,0.21428571428571427
2,50,0.82,0.65,0.44680851063829785,1.7846153846153847,194.0,-1,1.0,0.0,0.7894736842105263,0.21052631578947367,0.6666666666666666,0.3333333333333333
2,51,0.86,0.7,0.5555555555555556,1.957142857142857,228.40000000000006,-1,1.0,0.0,0.7916666666666666,0.20833333333333334,0.8,0.2
2,52,0.85,0.77,0.4,1.8181818181818181,232.80000000000007,-1,1.0,0.0,0.7692307692307693,0.23076923076923078,0.8461538461538461,0.15384615384615385
2,53,0.82,0.65,0.47058823529411764,1.9076923076923078,191.00000000000006,-1,1.0,0.0,0.7894736842105263,0.21052631578947367,0.5555555555555556,0.4444444444444444
2,54,0.79,0.62,0.4358974358974359,1.7580645161290323,207.97999999999996,3,1.0,0.0,0.65,0.35,0.5625,0.4375
2,55,0.8,0.61,0.3157894736842105,1.9836065573770492,204.79999999999998,-1,1.0,0.0,0.92,0.08,0.5454545454545454,0.45454545454545453
2,56,0.9,0.69,0.48717948717948717,2.2028985507246377,205.60000000000005,-1,1.0,0.0,0.9,0.1,0.7333333333333333,0.26666666666666666
2,57,0.86,0.76,0.42,1.986842105263158,240.39999999999998,-1,1.0,0.0,0.65,0.35,0.7272727272727273,0.2727272727272727
2,58,0.84,0.68,0.35185185185185186,1.8529411764705883,212.6,-1,1.0,0.0,0.6842105263157895,0.3157894736842105,0.5454545454545454,0.45454545454545453
2,59,0.85,0.67,0.32558139534883723,1.6567164179104477,200.88000000000005,3,0.9772727272727273,0.022727272727272728,0.7142857142857143,0.2857142857142857,0.6666666666666666,0.3333333333333333
2,60,0.85,0.67,0.391304347826087,1.8955223880597014,212.68,0,1.0,0.0,0.7777777777777778,0.2222222222222222,0.631578947368421,0.3684210526315789
2,61,0.78,0.61,0.46511627906976744,1.9672131147540983,201.2,-1,1.0,0.0,0.7272727272727273,0.2727272727272727,0.5833333333333334,0.4166666666666667
2,62,0.85,0.67,0.4358974358974359,1.9701492537313432,195.8,-1,1.0,0.0,0.8571428571428571,0.14285714285714285,0.625,0.375
2,63,0.88,0.67,0.42857142857142855,2.029850746268657,217.20000000000005,-1,1.0,0.0,0.6666666666666666,0.3333333333333333,0.6666666666666666,0.3333333333333333
2,64,0.86,0.65,0.5217391304347826,2.1384615384615384,186.12000000000003,3,1.0,0.0,0.8421052631578947,0.15789473684210525,0.6923076923076923,0.3076923076923077
2,65,0.87,0.7,0.5,2.085714285714286,221.2,-1,1.0,0.0,0.9310344827586207,0.06896551724137931,0.6363636363636364,0.36363636363636365
3,0,0.85,0.63,,1.0,169.0,1,1.0,0.0,0.7619047619047619,0.23809523809523808,0.7142857142857143,0.2857142857142857
3,1,0.87,0.71,0.32653061224489793,1.2253521126760563,204.0,-1,1.0,0.0,0.8181818181818182,0.18181818181818182,0.7647058823529411,0.23529411764705882
3,2,0.92,0.66,0.3958333333333333,1.378787878787879,207.00000000000006,-1,1.0,0.0,0.6842105263157895,0.3157894736842105,0.75,0.25
3,3,0.88,0.67,0.46938775510204084,1.6567164179104477,207.20000000000002,-1,1.0,0.0,0.9047619047619048,0.09523809523809523,0.7647058823529411,0.23529411764705882
3,4,0.87,0.7,0.42,1.7714285714285714,217.99999999999997,-1,1.0,0.0,0.75,0.25,0.7142857142857143,0.2857142857142857
3,5,0.88,0.71,0.33962264150943394,1.9154929577464788,233.6,-1,1.0,0.0,0.8571428571428571,0.14285714285714285,0.625,0.375
3,6,0.83,0.66,0.41304347826086957,1.7575757575757576,197.99999999999997,-1,1.0,0.0,0.9090909090909091,0.09090909090909091,0.5714285714285714,0.42857142857142855
3,7,0.79,0.6,0.4523809523809524,1.7833333333333334,190.39999999999998,-1,1.0,0.0,0.8095238095238095,0.19047619047619047,0.7272727272727273,0.2727272727272727
3,8,0.9,0.73,0.3333333333333333,1.7397260273972603,212.8,-1,1.0,0.0,0.8095238095238095,0.19047619047619047,0.8461538461538461,0.15384615384615385
3,9,0.82,0.72,0.3148148148148148,1.6666666666666667,231.6,-1,1.0,0.0,0.782608695652174,0.21739130434782608,0.6428571428571429,0.35714285714285715
3,10,0.82,0.67,0.5192307692307693,1.8955223880597014,209.8,-1,1.0,0.0,0.9615384615384616,0.038461538461538464,0.5384615384615384,0.46153846153846156
3,11,0.86,0.73,0.41304347826086957,1.904109589041096,222.56,1,1.0,0.0,0.7727272727272727,0.22727272727272727,0.6,0.4
3,12,0.81,0.66,0.44680851063829785,1.9242424242424243,199.19999999999996,-1,1.0,0.0,0.7142857142857143,0.2857142857142857,0.8888888888888888,0.1111111111111111
3,13,0.83,0.68,0.40425531914893614,1.7647058823529411,195.59999999999997,-1,1.0,0.0,0.8636363636363636,0.13636363636363635,0.8181818181818182,0.18181818181818182
3,14,0.8,0.63,0.3409090909090909,1.9682539682539681,193.20000000000002,-1,1.0,0.0,0.8695652173913043,0.13043478260869565,0.8461538461538461,0.15384615384615385
3,15,0.87,0.64,0.55,1.9375,205.2,-1,1.0,0.0,0.6666666666666666,0.3333333333333333,0.6666666666666666,0.3333333333333333
3,16,0.83,0.65,0.6097560975609756,2.292307692307692,195.99999999999994,-1,1.0,0.0,0.6923076923076923,0.3076923076923077,0.75,0.25
3,17,0.8,0.61,0.48717948717948717,2.1147540983606556,185.35999999999999,1,1.0,0.0,0.75,0.25,0.5714285714285714,0.42857142857142855
3,18,0.8,0.62,0.42857142857142855,2.193548387096774,171.60000000000002,-1,1.0,0.0,0.9166666666666666,0.08333333333333333,0.875,0.125
3,19,0.84,0.64,0.4634146341463415,2.09375,211.2,-1,1.0,0.0,0.5789473684210527,0.42105263157894735,0.7142857142857143,0.2857142857142857
3,20,0.88,0.74,0.3958333333333333,2.1621621621621623,225.8,-1,1.0,0.0,0.9,0.1,0.7222222222222222,0.2777777777777778
3,21,0.83,0.72,0.5471698113207547,2.125,222.6,-1,1.0,0.0,0.7727272727272727,0.22727272727272727,0.7692307692307693,0.23076923076923078
3,22,0.89,0.74,0.36363636363636365,2.081081081081081,245.99999999999994,4,1.0,0.0,0.65,0.35,0.5333333333333333,0.4666666666666667
3,23,0.83,0.69,0.38,1.7391304347826086,219.8,-1,1.0,0.0,0.7727272727272727,0.22727272727272727,0.5,0.5
3,24,0.87,0.68,0.3958333333333333,2.0441176470588234,212.00000000000003,-1,1.0,0.0,0.7368421052631579,0.2631578947368421,0.7142857142857143,0.2857142857142857
3,25,0.84,0.67,0.4782608695652174,2.029850746268657,199.2,2,1.0,0.0,0.7894736842105263,0.21052631578947367,0.8,0.2
3,26,0.86,0.68,0.5102040816326531,2.1911764705882355,209.79999999999998,-1,1.0,0.0,0.75,0.25,0.7333333333333333,0.26666666666666666
3,27,0.88,0.75,0.42,1.8133333333333332,239.00000000000003,-1,1.0,0.0,0.8636363636363636,0.13636363636363635,0.6842105263157895,0.3157894736842105
3,28,0.89,0.7,0.39215686274509803,1.8714285714285714,222.8,-1,1.0,0.0,0.9310344827586207,0.06896551724137931,0.7142857142857143,0.2857142857142857
3,29,0.72,0.58,0.3023255813953488,1.6379310344827587,190.2,-1,1.0,0.0,0.7058823529411765,0.29411764705882354,0.6666666666666666,0.3333333333333333
3,30,0.87,0.69,0.4864864864864865,2.0869565217391304,230.0,3,1.0,0.0,0.72,0.28,0.6428571428571429,0.35714285714285715
3,31,0.84,0.63,0.5348837209302325,2.238095238095238,200.99999999999997,-1,1.0,0.0,0.8421052631578947,0.15789473684210525,0.7333333333333333,0.26666666666666666
3,32,0.84,0.71,0.48936170212765956,2.2253521126760565,227.8,-1,1.0,0.0,0.8695652173913043,0.13043478260869565,0.7894736842105263,0.21052631578947367
3,33,0.87,0.71,0.46,2.464788732394366,221.6,-1,1.0,0.0,0.8421052631578947,0.15789473684210525,0.6,0.4
3,34,0.88,0.75,0.49056603773584906,2.1466666666666665,242.0,-1,1.0,0.0,0.6956521739130435,0.30434782608695654,0.7333333333333333,0.26666666666666666
3,35,0.77,0.64,0.5,2.140625,214.79999999999998,-1,1.0,0.0,0.8,0.2,0.6428571428571429,0.35714285714285715
3,36,0.88,0.68,0.28888888888888886,1.8676470588235294,194.6,-1,1.0,0.0,0.8888888888888888,0.1111111111111111,0.75,0.25
3,37,0.89,0.64,0.4782608695652174,2.03125,200.4,-1,1.0,0.0,0.6956521739130435,0.30434782608695654,0.8181818181818182,0.18181818181818182
3,38,0.8,0.66,0.4,1.7878787878787878,215.60000000000002,-1,1.0,0.0,0.7619047619047619,0.23809523809523808,0.7647058823529411,0.23529411764705882
3,39,0.8,0.63,0.42857142857142855,1.7936507936507937,211.20000000000002,-1,1.0,0.0,0.8260869565217391,0.17391304347826086,0.6428571428571429,0.35714285714285715
3,40,0.89,0.69,0.4523809523809524,1.826086956521739,205.2,-1,1.0,0.0,0.8095238095238095,0.19047619047619047,0.6666666666666666,0.3333333333333333
3,41,0.85,0.68,0.42,1.8970588235294117,221.20000000000002,-1,1.0,0.0,0.8571428571428571,0.14285714285714285,0.5882352941176471,0.4117647058823529
3,42,0.9,0.76,0.2222222222222222,1.7763157894736843,233.64000000000004,0,1.0,0.0,0.8181818181818182,0.18181818181818182,0.65,0.35
3,43,0.86,0.73,0.40350877192982454,1.7534246575342465,237.60000000000005,-1,1.0,0.0,0.88,0.12,0.8,0.2
3,44,0.89,0.72,0.41509433962264153,1.9166666666666667,215.00000000000009,-1,1.0,0.0,0.7894736842105263,0.21052631578947367,0.6153846153846154,0.38461538461538464
3,45,0.79,0.68,0.4791666666666667,1.8970588235294117,213.5,4,1.0,0.0,0.7692307692307693,0.23076923076923078,0.6,0.4
3,46,0.84,0.72,0.36,1.7083333333333333,227.8,-1,1.0,0.0,0.7894736842105263,0.21052631578947367,0.42857142857142855,0.5714285714285714
3,47,0.82,0.64,0.48936170212765956,1.75,187.00000000000003,-1,1.0,0.0,0.7777777777777778,0.2222222222222222,0.7272727272727273,0.2727272727272727
3,48,0.85,0.73,0.6086956521739131,1.9863013698630136,217.8,-1,1.0,0.0,0.7058823529411765,0.29411764705882354,0.8,0.2
3,49,0.89,0.73,0.46296296296296297,2.219178082191781,229.4,-1,1.0,0.0,0.7368421052631579,0.2631578947368421,0.8,0.2
3,50,0.88,0.72,0.43636363636363634,2.138888888888889,213.4,-1,1.0,0.0,0.8333333333333334,0.16666666666666666,0.7692307692307693,0.23076923076923078
3,51,0.83,0.68,0.45098039215686275,1.9705882352941178,199.60000000000002,-1,1.0,0.0,0.8695652173913043,0.13043478260869565,0.8461538461538461,0.15384615384615385
3,52,0.86,0.72,0.42,2.013888888888889,226.80000000000007,-1,1.0,0.0,0.8333333333333334,0.16666666666666666,0.7058823529411765,0.29411764705882354
3,53,0.86,0.63,0.4666666666666667,1.9841269841269842,193.8,-1,1.0,0.0,0.8333333333333334,0.16666666666666666,0.7,0.3
3,54,0.91,0.8,0.43137254901960786,2.225,265.20000000000005,-1,1.0,0.0,0.7692307692307693,0.23076923076923078,0.7,0.3
3,55,0.85,0.67,0.4528301886792453,2.4477611940298507,224.0,-1,1.0,0.0,0.8333333333333334,0.16666666666666666,0.5454545454545454,0.45454545454545453
3,56,0.84,0.68,0.3469387755102041,2.1911764705882355,211.79999999999998,-1,1.0,0.0,0.7727272727272727,0.22727272727272727,0.8,0.2
3,57,0.86,0.69,0.4,2.36231884057971,214.32000000000002,1,1.0,0.0,0.5882352941176471,0.4117647058823529,0.6470588235294118,0.35294117647058826
3,58,0.89,0.7,0.4772727272727273,1.9285714285714286,206.60000000000005,-1,1.0,0.0,0.9523809523809523,0.047619047619047616,0.6666666666666666,0.3333333333333333
3,59,0.8,0.64,0.3333333333333333,1.765625,195.23999999999995,0,1.0,0.0,0.8636363636363636,0.13636363636363635,0.6875,0.3125
3,60,0.83,0.64,0.4222222222222222,1.921875,206.8,-1,1.0,0.0,0.8846153846153846,0.11538461538461539,0.9375,0.0625
3,61,0.86,0.7,0.43478260869565216,1.8142857142857143,224.0,-1,1.0,0.0,0.5,0.5,0.7857142857142857,0.21428571428571427
3,62,0.87,0.73,0.43478260869565216,2.041095890410959,232.40000000000003,-1,1.0,0.0,0.9166666666666666,0.08333333333333333,0.4166666666666667,0.5833333333333334
3,63,0.87,0.69,0.4166666666666667,2.0579710144927534,195.2,-1,1.0,0.0,0.9523809523809523,0.047619047619047616,0.8181818181818182,0.18181818181818182
3,64,0.78,0.63,0.5333333333333333,1.9047619047619047,181.74000000000004,2,1.0,0.0,0.6875,0.3125,0.6428571428571429,0.35714285714285715
3,65,0.87,0.69,0.4418604651162791,1.9710144927536233,210.40000000000003,-1,1.0,0.0,0.9375,0.0625,0.7058823529411765,0.29411764705882354
4,0,0.87,0.69,,1.0,212.0,-1,1.0,0.0,0.75,0.25,0.5882352941176471,0.4117647058823529
4,1,0.85,0.68,0.4375,1.3088235294117647,203.00000000000006,-1,1.0,0.0,0.75,0.25,0.7333333333333333,0.26666666666666666
4,2,0.77,0.6,0.5116279069767442,1.6166666666666667,183.6,-1,1.0,0.0,0.84,0.16,0.625,0.375
4,3,0.9,0.72,0.4883720930232558,1.6805555555555556,227.99999999999997,-1,1.0,0.0,0.7272727272727273,0.2727272727272727,0.5714285714285714,0.42857142857142855
4,4,0.85,0.71,0.44,1.7183098591549295,214.80000000000004,-1,1.0,0.0,0.8846153846153846,0.11538461538461539,0.8125,0.1875
4,5,0.9,0.76,0.3728813559322034,1.6973684210526316,217.44,0,1.0,0.0,0.7692307692307693,0.23076923076923078,0.7368421052631579,0.2631578947368421
4,6,0.85,0.71,0.49122807017543857,1.8873239436619718,218.40000000000003,-1,1.0,0.0,0.8846153846153846,0.11538461538461539,0.8235294117647058,0.17647058823529413
4,7,0.84,0.64,0.375,1.828125,207.59999999999997,-1,1.0,0.0,0.8260869565217391,0.17391304347826086,0.5454545454545454,0.45454545454545453
4,8,0.9,0.68,0.34782608695652173,2.014705882352941,225.59999999999997,-1,1.0,0.0,0.75,0.25,0.5833333333333334,0.4166666666666667
4,9,0.86,0.65,0.3333333333333333,2.0,207.19999999999996,-1,1.0,0.0,0.7222222222222222,0.2777777777777778,0.75,0.25
4,10,0.92,0.74,0.3958333333333333,1.9054054054054055,212.00000000000003,1,1.0,0.0,0.8461538461538461,0.15384615384615385,0.8,0.2
4,11,0.84,0.66,0.29411764705882354,1.696969696969697,209.59999999999997,-1,1.0,0.0,0.75,0.25,0.7333333333333333,0.26666666666666666
4,12,0.85,0.71,0.3958333333333333,1.9014084507042253,237.19999999999996,-1,1.0,0.0,0.88,0.12,0.5333333333333333,0.4666666666666667
4,13,0.85,0.68,0.43137254901960786,1.9411764705882353,224.99999999999997,4,1.0,0.0,0.88,0.12,0.5714285714285714,0.42857142857142855
4,14,0.84,0.66,0.4166666666666667,1.9696969696969697,210.4,-1,1.0,0.0,0.7619047619047619,0.23809523809523808,0.7857142857142857,0.21428571428571427
4,15,0.87,0.74,0.5208333333333334,2.081081081081081,214.71999999999997,1,1.0,0.0,0.6842105263157895,0.3157894736842105,0.7777777777777778,0.2222222222222222
4,16,0.82,0.71,0.35294117647058826,2.112676056338028,231.6,-1,1.0,0.0,0.9230769230769231,0.07692307692307693,0.7222222222222222,0.2777777777777778
4,17,0.86,0.67,0.3695652173913043,1.8059701492537314,222.0,-1,1.0,0.0,0.8888888888888888,0.1111111111111111,0.7142857142857143,0.2857142857142857
4,18,0.88,0.72,0.39215686274509803,1.9166666666666667,208.00000000000003,-1,1.0,0.0,0.7222222222222222,0.2777777777777778,0.8333333333333334,0.16666666666666666
4,19,0.85,0.69,0.42,1.8985507246376812,203.79999999999998,-1,1.0,0.0,0.7368421052631579,0.2631578947368421,0.7,0.3
4,20,0.8,0.62,0.3404255319148936,1.596774193548387,216.39999999999995,-1,1.0,0.0,0.5625,0.4375,0.6,0.4
4,21,0.89,0.78,0.40816326530612246,1.9487179487179487,219.12000000000003,1,1.0,0.0,0.9565217391304348,0.043478260869565216,0.6842105263157895,0.3157894736842105
4,22,0.85,0.69,0.39655172413793105,1.7971014492753623,211.8,-1,1.0,0.0,0.7647058823529411,0.23529411764705882,0.7647058823529411,0.23529411764705882
4,23,0.87,0.7,0.4782608695652174,1.8857142857142857,228.0,-1,1.0,0.0,0.9047619047619048,0.09523809523809523,0.7368421052631579,0.2631578947368421
4,24,0.87,0.67,0.40425531914893614,1.8059701492537314,203.4,-1,1.0,0.0,0.6428571428571429,0.35714285714285715,0.6666666666666666,0.3333333333333333
4,25,0.82,0.7,0.4897959183673469,1.7857142857142858,193.63999999999996,2,1.0,0.0,0.8421052631578947,0.15789473684210525,0.6666666666666666,0.3333333333333333
4,26,0.83,0.65,0.4583333333333333,1.8461538461538463,200.79999999999998,-1,1.0,0.0,0.7916666666666666,0.20833333333333334,0.75,0.25
4,27,0.82,0.64,0.4878048780487805,1.96875,229.0,-1,1.0,0.0,0.7391304347826086,0.2608695652173913,0.5,0.5
4,28,0.82,0.67,0.3111111111111111,1.671641791044776,187.59999999999997,-1,1.0,0.0,0.8235294117647058,0.17647058823529413,0.8888888888888888,0.1111111111111111
4,29,0.86,0.68,0.4782608695652174,1.7205882352941178,182.39999999999998,0,1.0,0.0,0.7894736842105263,0.21052631578947367,0.8,0.2
4,30,0.84,0.67,0.4423076923076923,1.8805970149253732,220.42000000000002,4,1.0,0.0,0.65,0.35,0.5,0.5
4,31,0.83,0.66,0.40425531914893614,1.878787878787879,218.39999999999998,-1,1.0,0.0,0.8,0.2,0.5,0.5
4,32,0.85,0.72,0.4423076923076923,2.0277777777777777,241.79999999999995,-1,1.0,0.0,0.6666666666666666,0.3333333333333333,0.625,0.375
4,33,0.84,0.58,0.4318181818181818,2.1379310344827585,197.8,-1,1.0,0.0,0.8095238095238095,0.19047619047619047,0.7058823529411765,0.29411764705882354
4,34,0.84,0.66,0.4878048780487805,1.893939393939394,218.4,-1,1.0,0.0,0.8333333333333334,0.16666666666666666,0.6875,0.3125
4,35,0.8,0.65,0.391304347826087,1.9230769230769231,191.8,0,1.0,0.0,0.8421052631578947,0.15789473684210525,0.8235294117647058,0.17647058823529413
4,36,0.85,0.72,0.5111111111111111,1.9444444444444444,218.79999999999998,-1,1.0,0.0,0.9,0.1,0.6428571428571429,0.35714285714285715
4,37,0.87,0.66,0.5,1.9242424242424243,203.60000000000005,-1,1.0,0.0,0.88,0.12,0.5833333333333334,0.4166666666666667
4,38,0.88,0.65,0.4090909090909091,2.0307692307692307,214.39999999999995,-1,1.0,0.0,0.7222222222222222,0.2777777777777778,0.7222222222222222,0.2777777777777778
4,39,0.88,0.72,0.42857142857142855,2.0694444444444446,210.2,-1,1.0,0.0,1.0,0.0,0.8235294117647058,0.17647058823529413
4,40,0.87,0.7,0.3137254901960784,1.8714285714285714,233.39999999999995,-1,1.0,0.0,0.75,0.25,0.7058823529411765,0.29411764705882354
4,41,0.87,0.69,0.43137254901960786,1.9130434782608696,224.79999999999995,-1,1.0,0.0,0.92,0.08,0.625,0.375
4,42,0.8,0.68,0.3541666666666667,2.1176470588235294,229.94,3,1.0,0.0,0.7307692307692307,0.2692307692307692,0.75,0.25
4,43,0.88,0.71,0.4,2.112676056338028,204.79999999999995,2,1.0,0.0,0.5625,0.4375,0.7857142857142857,0.21428571428571427
4,44,0.92,0.76,0.40384615384615385,1.9736842105263157,249.60000000000002,-1,1.0,0.0,0.9130434782608695,0.08695652173913043,0.6666666666666666,0.3333333333333333
4,45,0.86,0.66,0.4716981132075472,1.9848484848484849,205.60000000000002,-1,1.0,0.0,0.84,0.16,0.7272727272727273,0.2727272727272727
4,46,0.82,0.63,0.38095238095238093,1.9523809523809523,198.79999999999998,-1,1.0,0.0,0.9444444444444444,0.05555555555555555,0.6428571428571429,0.35714285714285715
4,47,0.81,0.66,0.43902439024390244,2.106060606060606,213.44,4,0.9767441860465116,0.023255813953488372,0.6363636363636364,0.36363636363636365,0.7142857142857143,0.2857142857142857
4,48,0.85,0.64,0.35714285714285715,1.671875,209.6,-1,1.0,0.0,0.7368421052631579,0.2631578947368421,0.6923076923076923,0.3076923076923077
4,49,0.87,0.72,0.3695652173913043,1.7916666666666667,233.40000000000006,-1,1.0,0.0,1.0,0.0,0.6666666666666666,0.3333333333333333
4,50,0.83,0.65,0.5333333333333333,2.0153846153846153,205.60000000000002,-1,1.0,0.0,0.8333333333333334,0.16666666666666666,0.6875,0.3125
4,51,0.83,0.68,0.41304347826086957,1.8529411764705883,237.00000000000003,-1,1.0,0.0,0.75,0.25,0.5333333333333333,0.4666666666666667
4,52,0.84,0.68,0.4375,2.0,211.48000000000002,3,1.0,0.0,0.9230769230769231,0.07692307692307693,0.6923076923076923,0.3076923076923077
4,53,0.87,0.63,0.3695652173913043,1.7777777777777777,197.40000000000003,-1,1.0,0.0,0.8888888888888888,0.1111111111111111,0.75,0.25
4,54,0.78,0.66,0.4146341463414634,1.8181818181818181,217.40000000000003,-1,1.0,0.0,0.7894736842105263,0.21052631578947367,0.75,0.25
4,55,0.86,0.68,0.46808510638297873,2.0588235294117645,194.0,-1,1.0,0.0,0.8,0.2,0.75,0.25
4,56,0.83,0.65,0.4222222222222222,1.7076923076923076,192.64000000000001,0,1.0,0.0,0.6470588235294118,0.35294117647058826,0.6875,0.3125
4,57,0.87,0.76,0.44,1.8421052631578947,235.80000000000007,-1,1.0,0.0,1.0,0.0,0.7,0.3
4,58,0.79,0.7,0.4117647058823529,1.8285714285714285,213.40000000000003,-1,1.0,0.0,0.9629629629629629,0.037037037037037035,0.5833333333333334,0.4166666666666667
4,59,0.83,0.64,0.4782608695652174,2.046875,177.00000000000006,-1,1.0,0.0,0.8235294117647058,0.17647058823529413,0.9,0.1
4,60,0.82,0.63,0.4523809523809524,2.0634920634920637,211.48000000000002,4,1.0,0.0,0.631578947368421,0.3684210526315789,0.7222222222222222,0.2777777777777778
4,61,0.86,0.69,0.4318181818181818,2.101449275362319,201.00000000000006,-1,1.0,0.0,0.75,0.25,0.8125,0.1875
4,62,0.87,0.7,0.46938775510204084,1.9142857142857144,210.11999999999998,1,1.0,0.0,0.7777777777777778,0.2222222222222222,0.6666666666666666,0.3333333333333333
4,63,0.72,0.57,0.5238095238095238,2.2280701754385963,171.00000000000003,-1,1.0,0.0,0.9545454545454546,0.045454545454545456,0.7777777777777778,0.2222222222222222
4,64,0.83,0.71,0.43902439024390244,2.323943661971831,225.0,-1,1.0,0.0,0.76,0.24,0.8461538461538461,0.15384615384615385
4,65,0.83,0.65,0.46808510638297873,2.0615384615384613,198.14000000000004,4,1.0,0.0,0.85,0.15,0.6666666666666666,0.3333333333333333
5,0,0.91,0.71,,1.0,217.4,4,1.0,0.0,0.7083333333333334,0.2916666666666667,0.5,0.5
5,1,0.89,0.72,0.38181818181818183,1.2916666666666667,223.60000000000002,4,1.0,0.0,0.7083333333333334,0.2916666666666667,0.7058823529411765,0.29411764705882354
5,2,0.85,0.62,0.4166666666666667,1.4838709677419355,174.24000000000004,3,1.0,0.0,0.9,0.1,0.7692307692307693,0.23076923076923078
5,3,0.86,0.67,0.37209302325581395,1.5223880597014925,198.00000000000003,-1,1.0,0.0,0.9,0.1,0.75,0.25
5,4,0.85,0.63,0.425,1.6031746031746033,188.39999999999998,-1,1.0,0.0,0.7894736842105263,0.21052631578947367,0.5454545454545454,0.45454545454545453
5,5,0.81,0.66,0.36363636363636365,1.621212121212121,218.99999999999994,3,1.0,0.0,0.6111111111111112,0.3888888888888889,0.6666666666666666,0.3333333333333333
5,6,0.91,0.72,0.4,1.8055555555555556,218.4,-1,1.0,0.0,0.9615384615384616,0.038461538461538464,0.7142857142857143,0.2857142857142857
5,7,0.88,0.75,0.5454545454545454,2.04,247.20000000000005,-1,1.0,0.0,0.782608695652174,0.21739130434782608,0.6842105263157895,0.3157894736842105
5,8,0.84,0.69,0.4230769230769231,1.855072463768116,210.4,-1,1.0,0.0,0.8125,0.1875,0.6923076923076923,0.3076923076923077
5,9,0.77,0.61,0.5,2.0327868852459017,194.79999999999995,-1,1.0,0.0,0.7619047619047619,0.23809523809523808,0.7,0.3
5,10,0.85,0.7,0.37209302325581395,1.7571428571428571,196.95999999999998,0,1.0,0.0,0.7916666666666666,0.20833333333333334,0.6363636363636364,0.36363636363636365
5,11,0.76,0.57,0.38461538461538464,1.8421052631578947,175.76000000000002,0,1.0,0.0,0.8,0.2,0.75,0.25
5,12,0.72,0.63,0.34285714285714286,1.9682539682539681,216.8,-1,1.0,0.0,0.6666666666666666,0.3333333333333333,0.6470588235294118,0.35294117647058826
5,13,0.85,0.68,0.41304347826086957,2.088235294117647,220.8,-1,1.0,0.0,0.84,0.16,0.7142857142857143,0.2857142857142857
5,14,0.86,0.69,0.4791666666666667,1.9855072463768115,221.60000000000002,-1,1.0,0.0,0.7391304347826086,0.2608695652173913,0.7142857142857143,0.2857142857142857
5,15,0.84,0.7,0.44,2.157142857142857,209.2,-1,1.0,0.0,0.8,0.2,0.8461538461538461,0.15384615384615385
5,16,0.79,0.64,0.34782608695652173,1.953125,206.39999999999995,-1,1.0,0.0,0.7142857142857143,0.2857142857142857,0.7857142857142857,0.21428571428571427
5,17,0.87,0.66,0.4186046511627907,2.303030303030303,214.0,-1,1.0,0.0,0.7619047619047619,0.23809523809523808,0.7333333333333333,0.26666666666666666
5,18,0.81,0.68,0.5,2.0588235294117645,235.99999999999997,-1,1.0,0.0,0.6842105263157895,0.3157894736842105,0.5882352941176471,0.4117647058823529
5,19,0.9,0.73,0.47058823529411764,2.0821917808219177,207.79999999999998,-1,1.0,0.0,0.8695652173913043,0.13043478260869565,0.6666666666666666,0.3333333333333333
5,20,0.85,0.62,0.5,2.4193548387096775,189.59999999999997,-1,1.0,0.0,0.8235294117647058,0.17647058823529413,0.7857142857142857,0.21428571428571427
5,21,0.88,0.72,0.4222222222222222,2.1666666666666665,217.0,-1,1.0,0.0,0.8,0.2,0.7142857142857143,0.2857142857142857
5,22,0.95,0.78,0.35714285714285715,1.9871794871794872,237.20000000000005,-1,1.0,0.0,0.92,0.08,0.6666666666666666,0.3333333333333333
5,23,0.9,0.71,0.38596491228070173,1.9577464788732395,234.2,-1,1.0,0.0,0.6842105263157895,0.3157894736842105,0.7058823529411765,0.29411764705882354
5,24,0.8,0.65,0.4375,1.9384615384615385,184.39999999999998,-1,1.0,0.0,0.8888888888888888,0.1111111111111111,0.9090909090909091,0.09090909090909091
5,25,0.84,0.66,0.4418604651162791,1.9696969696969697,213.39999999999998,-1,1.0,0.0,0.7391304347826086,0.2608695652173913,0.7142857142857143,0.2857142857142857
5,26,0.83,0.74,0.5416666666666666,2.027027027027027,203.80000000000004,-1,1.0,0.0,1.0,0.0,0.9090909090909091,0.09090909090909091
5,27,0.87,0.75,0.4909090909090909,2.2666666666666666,229.2,-1,1.0,0.0,0.8,0.2,0.6666666666666666,0.3333333333333333
5,28,0.81,0.62,0.574468085106383,2.4193548387096775,194.79999999999995,-1,1.0,0.0,0.6428571428571429,0.35714285714285715,0.7692307692307693,0.23076923076923078
5,29,0.9,0.67,0.4634146341463415,2.1194029850746268,209.99999999999994,1,1.0,0.0,0.782608695652174,0.21739130434782608,0.6428571428571429,0.35714285714285715
5,30,0.83,0.63,0.5227272727272727,2.126984126984127,195.80000000000007,-1,1.0,0.0,0.9545454545454546,0.045454545454545456,0.7692307692307693,0.23076923076923078
5,31,0.89,0.68,0.2857142857142857,1.7205882352941178,235.5,4,1.0,0.0,0.6363636363636364,0.36363636363636365,0.6842105263157895,0.3157894736842105
5,32,0.78,0.63,0.40425531914893614,1.7777777777777777,189.00000000000009,-1,1.0,0.0,0.9473684210526315,0.05263157894736842,0.75,0.25
5,33,0.83,0.66,0.34782608695652173,1.6363636363636365,211.19999999999996,-1,1.0,0.0,0.7619047619047619,0.23809523809523808,0.7647058823529411,0.23529411764705882
5,34,0.83,0.63,0.5217391304347826,2.0476190476190474,174.80000000000004,-1,1.0,0.0,0.8421052631578947,0.15789473684210525,1.0,0.0
5,35,0.87,0.67,0.47619047619047616,1.9253731343283582,214.2,-1,1.0,0.0,0.9473684210526315,0.05263157894736842,0.7222222222222222,0.2777777777777778
5,36,0.83,0.67,0.391304347826087,1.955223880597015,228.99999999999997,-1,1.0,0.0,0.5882352941176471,0.4117647058823529,0.6470588235294118,0.35294117647058826
5,37,0.89,0.75,0.37735849056603776,2.1466666666666665,223.4,-1,1.0,0.0,0.9047619047619048,0.09523809523809523,0.7142857142857143,0.2857142857142857
5,38,0.9,0.74,0.43103448275862066,2.175675675675676,234.80000000000004,-1,1.0,0.0,0.8333333333333334,0.16666666666666666,0.8235294117647058,0.17647058823529413
5,39,0.83,0.72,0.4909090909090909,2.3194444444444446,226.20000000000005,-1,1.0,0.0,0.8636363636363636,0.13636363636363635,0.7222222222222222,0.2777777777777778
5,40,0.84,0.68,0.4423076923076923,2.2205882352941178,217.79999999999998,-1,1.0,0.0,0.7272727272727273,0.2727272727272727,0.8823529411764706,0.11764705882352941
5,41,0.82,0.65,0.5952380952380952,2.6153846153846154,185.80000000000004,-1,1.0,0.0,0.9444444444444444,0.05555555555555555,0.75,0.25
5,42,0.81,0.65,0.6363636363636364,2.476923076923077,206.19999999999996,-1,1.0,0.0,0.8846153846153846,0.11538461538461539,0.4444444444444444,0.5555555555555556
5,43,0.8,0.71,0.4318181818181818,2.084507042253521,241.8,-1,1.0,0.0,0.76,0.24,0.5,0.5
5,44,0.84,0.67,0.46938775510204084,2.1940298507462686,216.6,-1,1.0,0.0,0.9444444444444444,0.05555555555555555,0.6666666666666666,0.3333333333333333
5,45,0.88,0.72,0.425531914893617,2.1805555555555554,225.20000000000002,-1,1.0,0.0,0.85,0.15,0.75,0.25
5,46,0.87,0.64,0.45652173913043476,2.40625,196.6,-1,1.0,0.0,0.8636363636363636,0.13636363636363635,0.6923076923076923,0.3076923076923077
5,47,0.86,0.66,0.40476190476190477,2.212121212121212,215.11999999999995,0,1.0,0.0,0.7407407407407407,0.25925925925925924,0.5625,0.4375
5,48,0.79,0.66,0.36363636363636365,2.0757575757575757,193.40000000000003,-1,1.0,0.0,1.0,0.0,0.6666666666666666,0.3333333333333333
5,49,0.85,0.7,0.4782608695652174,2.242857142857143,215.40000000000006,-1,1.0,0.0,0.7083333333333334,0.2916666666666667,0.5833333333333334,0.4166666666666667
5,50,0.82,0.63,0.3829787234042553,2.0793650793650795,207.79999999999998,-1,1.0,0.0,0.8421052631578947,0.15789473684210525,0.7647058823529411,0.23529411764705882
5,51,0.88,0.63,0.42105263157894735,2.142857142857143,210.39999999999998,-1,1.0,0.0,0.9090909090909091,0.09090909090909091,0.6666666666666666,0.3333333333333333
5,52,0.83,0.6,0.4090909090909091,1.8333333333333333,184.6,-1,1.0,0.0,0.9583333333333334,0.041666666666666664,0.8461538461538461,0.15384615384615385
5,53,0.82,0.61,0.4146341463414634,2.1475409836065573,191.4,-1,1.0,0.0,0.7727272727272727,0.22727272727272727,0.7,0.3
5,54,0.88,0.69,0.5116279069767442,2.391304347826087,222.0,-1,1.0,0.0,0.7333333333333333,0.26666666666666666,0.6470588235294118,0.35294117647058826
5,55,0.89,0.69,0.5,2.260869565217391,200.59999999999997,-1,1.0,0.0,0.9565217391304348,0.043478260869565216,0.8,0.2
5,56,0.92,0.77,0.509090909090909,2.3636363636363638,243.20000000000005,-1,1.0,0.0,0.6521739130434783,0.34782608695652173,0.6,0.4
5,57,0.79,0.63,0.4444444444444444,2.4126984126984126,201.4,-1,1.0,0.0,0.8947368421052632,0.10526315789473684,0.7142857142857143,0.2857142857142857
5,58,0.86,0.67,0.5348837209302325,2.2388059701492535,226.20000000000007,-1,1.0,0.0,0.96,0.04,0.6842105263157895,0.3157894736842105
5,59,0.83,0.66,0.4772727272727273,2.4696969696969697,216.39999999999998,-1,1.0,0.0,0.782608695652174,0.21739130434782608,0.6,0.4
5,60,0.85,0.69,0.4222222222222222,2.3043478260869565,217.79999999999998,-1,1.0,0.0,0.9259259259259259,0.07407407407407407,0.7272727272727273,0.2727272727272727
5,61,0.81,0.62,0.46511627906976744,2.2580645161290325,200.6,-1,1.0,0.0,0.8888888888888888,0.1111111111111111,0.7647058823529411,0.23529411764705882
5,62,0.87,0.63,0.4523809523809524,2.1746031746031744,199.0,-1,1.0,0.0,0.7619047619047619,0.23809523809523808,0.7857142857142857,0.21428571428571427
5,63,0.84,0.67,0.358974358974359,2.1044776119402986,209.4,-1,1.0,0.0,0.7777777777777778,0.2222222222222222,0.75,0.25
5,64,0.84,0.66,0.4222222222222222,1.7878787878787878,206.0,-1,1.0,0.0,0.9444444444444444,0.05555555555555555,0.6666666666666666,0.3333333333333333
5,65,0.82,0.66,0.40476190476190477,2.0757575757575757,192.70000000000002,4,1.0,0.0,0.7222222222222222,0.2777777777777778,0.8571428571428571,0.14285714285714285
6,0,0.86,0.61,,1.0,150.59999999999997,1,1.0,0.0,0.8636363636363636,0.13636363636363635,0.7692307692307693,0.23076923076923078
6,1,0.85,0.67,0.4523809523809524,1.2835820895522387,219.40000000000003,-1,1.0,0.0,0.84,0.16,0.65,0.35
6,2,0.87,0.73,0.44,1.5205479452054795,207.40000000000003,-1,1.0,0.0,0.875,0.125,0.7142857142857143,0.2857142857142857
6,3,0.82,0.71,0.3673469387755102,1.5070422535211268,208.84000000000003,0,1.0,0.0,0.8181818181818182,0.18181818181818182,0.6875,0.3125
6,4,0.87,0.64,0.5,1.703125,214.88,0,1.0,0.0,0.8148148148148148,0.18518518518518517,0.6111111111111112,0.3888888888888889
6,5,0.86,0.71,0.3617021276595745,1.619718309859155,224.32,0,1.0,0.0,0.6363636363636364,0.36363636363636365,0.5333333333333333,0.4666666666666667
6,6,0.81,0.69,0.4583333333333333,1.6521739130434783,204.2,-1,1.0,0.0,0.7222222222222222,0.2777777777777778,0.75,0.25
6,7,0.85,0.74,0.4375,1.7567567567567568,235.40000000000006,-1,1.0,0.0,0.8461538461538461,0.15384615384615385,0.7333333333333333,0.26666666666666666
6,8,0.83,0.61,0.3877551020408163,1.721311475409836,196.99999999999997,-1,1.0,0.0,0.8421052631578947,0.15789473684210525,0.7857142857142857,0.21428571428571427
6,9,0.8,0.63,0.37142857142857144,1.6984126984126984,213.6,-1,1.0,0.0,0.9285714285714286,0.07142857142857142,0.6363636363636364,0.36363636363636365
6,10,0.81,0.63,0.5813953488372093,1.9523809523809523,196.60000000000002,-1,1.0,0.0,0.8636363636363636,0.13636363636363635,0.7692307692307693,0.23076923076923078
6,11,0.83,0.68,0.45454545454545453,1.8676470588235294,225.59999999999997,-1,1.0,0.0,0.8846153846153846,0.11538461538461539,0.6875,0.3125
6,12,0.79,0.59,0.38461538461538464,1.9491525423728813,186.19999999999996,-1,1.0,0.0,0.8333333333333334,0.16666666666666666,0.75,0.25
6,13,0.84,0.62,0.41025641025641024,1.8709677419354838,191.39999999999998,-1,1.0,0.0,0.8888888888888888,0.1111111111111111,0.6363636363636364,0.36363636363636365
6,14,0.88,0.71,0.4782608695652174,1.9577464788732395,228.8,-1,1.0,0.0,0.84,0.16,0.6470588235294118,0.35294117647058826
6,15,0.8,0.66,0.2978723404255319,1.6515151515151516,197.99999999999997,-1,1.0,0.0,0.8947368421052632,0.10526315789473684,0.6666666666666666,0.3333333333333333
6,16,0.81,0.65,0.6590909090909091,2.230769230769231,202.59999999999997,-1,1.0,0.0,0.7894736842105263,0.21052631578947367,0.6923076923076923,0.3076923076923077
6,17,0.88,0.75,0.5,2.08,225.59999999999997,-1,1.0,0.0,1.0,0.0,0.7777777777777778,0.2222222222222222
6,18,0.79,0.63,0.4423076923076923,1.8412698412698412,182.4,-1,1.0,0.0,0.8947368421052632,0.10526315789473684,0.6666666666666666,0.3333333333333333
6,19,0.82,0.73,0.5,2.0547945205479454,260.4,-1,1.0,0.0,0.75,0.25,0.6666666666666666,0.3333333333333333
6,20,0.89,0.73,0.509090909090909,2.136986301369863,208.72000000000003,0,1.0,0.0,0.8695652173913043,0.13043478260869565,0.6923076923076923,0.3076923076923077
6,21,0.83,0.61,0.391304347826087,2.081967213114754,216.59999999999997,-1,1.0,0.0,0.84,0.16,0.7058823529411765,0.29411764705882354
6,22,0.81,0.69,0.40476190476190477,2.260869565217391,213.36,0,1.0,0.0,0.8636363636363636,0.13636363636363635,0.5333333333333333,0.4666666666666667
6,23,0.85,0.68,0.44680851063829785,2.3823529411764706,235.2,-1,1.0,0.0,0.7058823529411765,0.29411764705882354,0.7,0.3
6,24,0.91,0.76,0.4117647058823529,2.3289473684210527,234.80000000000004,-1,1.0,0.0,0.8695652173913043,0.13043478260869565,0.6666666666666666,0.3333333333333333
6,25,0.89,0.69,0.47058823529411764,2.5217391304347827,232.00000000000003,-1,1.0,0.0,0.8333333333333334,0.16666666666666666,0.6666666666666666,0.3333333333333333
6,26,0.85,0.69,0.5102040816326531,2.3768115942028984,212.12,4,1.0,0.0,0.8666666666666667,0.13333333333333333,0.7272727272727273,0.2727272727272727
6,27,0.86,0.68,0.3541666666666667,2.0294117647058822,236.6,-1,1.0,0.0,0.8461538461538461,0.15384615384615385,0.5555555555555556,0.4444444444444444
6,28,0.82,0.7,0.42857142857142855,2.3,198.99999999999997,-1,1.0,0.0,0.7333333333333333,0.26666666666666666,0.9285714285714286,0.07142857142857142
6,29,0.92,0.78,0.5882352941176471,2.2948717948717947,261.20000000000005,-1,1.0,0.0,0.5909090909090909,0.4090909090909091,0.7619047619047619,0.23809523809523808
6,30,0.83,0.64,0.37037037037037035,1.84375,219.59999999999994,3,1.0,0.0,0.6111111111111112,0.3888888888888889,0.6842105263157895,0.3157894736842105
6,31,0.87,0.66,0.40476190476190477,2.515151515151515,222.00000000000003,-1,1.0,0.0,0.6521739130434783,0.34782608695652173,0.9285714285714286,0.07142857142857142
6,32,0.83,0.66,0.45454545454545453,2.5757575757575757,221.79999999999998,-1,1.0,0.0,0.7,0.3,0.6666666666666666,0.3333333333333333
6,33,0.87,0.73,0.5490196078431373,2.1780821917808217,239.0,4,1.0,0.0,0.76,0.24,0.6666666666666666,0.3333333333333333
6,34,0.89,0.74,0.5178571428571429,2.1486486486486487,231.20000000000002,-1,1.0,0.0,0.8333333333333334,0.16666666666666666,0.6428571428571429,0.35714285714285715
6,35,0.82,0.66,0.5306122448979592,2.4242424242424243,207.59999999999997,-1,1.0,0.0,0.7222222222222222,0.2777777777777778,0.7692307692307693,0.23076923076923078
6,36,0.78,0.59,0.525,2.542372881355932,185.51999999999995,4,1.0,0.0,0.8181818181818182,0.18181818181818182,0.8,0.2
6,37,0.92,0.75,0.5,2.3466666666666667,239.88000000000002,2,1.0,0.0,0.8461538461538461,0.15384615384615385,0.75,0.25
6,38,0.79,0.57,0.4222222222222222,2.2280701754385963,157.8,-1,1.0,0.0,0.8666666666666667,0.13333333333333333,0.5714285714285714,0.42857142857142855
6,39,0.87,0.7,0.48717948717948717,2.2285714285714286,218.39999999999998,-1,1.0,0.0,0.75,0.25,0.7,0.3
6,40,0.87,0.7,0.45098039215686275,2.2714285714285714,197.20000000000005,-1,1.0,0.0,0.9523809523809523,0.047619047619047616,0.8181818181818182,0.18181818181818182
6,41,0.82,0.63,0.3409090909090909,1.8571428571428572,202.39999999999998,-1,1.0,0.0,0.7142857142857143,0.2857142857142857,0.75,0.25
6,42,0.88,0.73,0.26666666666666666,1.6575342465753424,217.20000000000007,-1,1.0,0.0,0.85,0.15,0.7857142857142857,0.21428571428571427
6,43,0.88,0.72,0.4230769230769231,1.9722222222222223,223.80000000000007,-1,1.0,0.0,0.7142857142857143,0.2857142857142857,0.7142857142857143,0.2857142857142857
6,44,0.77,0.67,0.4791666666666667,1.9253731343283582,207.8,-1,1.0,0.0,0.8636363636363636,0.13636363636363635,0.5555555555555556,0.4444444444444444
6,45,0.82,0.63,0.40476190476190477,1.8888888888888888,203.08000000000004,4,1.0,0.0,0.7391304347826086,0.2608695652173913,0.6923076923076923,0.3076923076923077
6,46,0.82,0.64,0.45454545454545453,1.84375,204.2,-1,1.0,0.0,0.7058823529411765,0.29411764705882354,0.6428571428571429,0.35714285714285715
6,47,0.88,0.66,0.5777777777777777,2.0757575757575757,202.42,2,1.0,0.0,0.7894736842105263,0.21052631578947367,0.6923076923076923,0.3076923076923077
6,48,0.85,0.72,0.4,2.111111111111111,241.4,-1,1.0,0.0,0.7916666666666666,0.20833333333333334,0.6666666666666666,0.3333333333333333
6,49,0.85,0.68,0.48,2.338235294117647,185.24000000000004,1,1.0,0.0,0.9523809523809523,0.047619047619047616,0.7142857142857143,0.2857142857142857
6,50,0.8,0.63,0.4883720930232558,2.1587301587301586,211.2,-1,1.0,0.0,0.8181818181818182,0.18181818181818182,0.5714285714285714,0.42857142857142855
6,51,0.87,0.71,0.425531914893617,2.1549295774647885,230.98000000000005,3,1.0,0.0,0.8148148148148148,0.18518518518518517,0.7222222222222222,0.2777777777777778
6,52,0.85,0.69,0.3888888888888889,1.7826086956521738,203.04000000000005,0,1.0,0.0,0.84,0.16,0.7058823529411765,0.29411764705882354
6,53,0.88,0.71,0.425531914893617,2.112676056338028,219.60000000000002,-1,1.0,0.0,0.7619047619047619,0.23809523809523808,0.7,0.3
6,54,0.87,0.75,0.4406779661016949,1.9066666666666667,215.4,-1,1.0,0.0,0.8095238095238095,0.19047619047619047,0.9,0.1
6,55,0.85,0.71,0.34545454545454546,1.6619718309859155,227.60000000000005,-1,1.0,0.0,0.8148148148148148,0.18518518518518517,0.6666666666666666,0.3333333333333333
6,56,0.82,0.65,0.5106382978723404,2.0615384615384613,186.79999999999998,-1,1.0,0.0,1.0,0.0,0.2,0.8
6,57,0.88,0.72,0.4791666666666667,1.8333333333333333,229.60000000000002,-1,1.0,0.0,0.7727272727272727,0.22727272727272727,0.75,0.25
6,58,0.88,0.72,0.4716981132075472,2.0277777777777777,226.0,-1,1.0,0.0,0.8571428571428571,0.14285714285714285,0.7058823529411765,0.29411764705882354
6,59,0.84,0.65,0.5,2.2,197.40000000000003,-1,1.0,0.0,0.8333333333333334,0.16666666666666666,0.8,0.2
6,60,0.83,0.71,0.42857142857142855,2.084507042253521,223.59999999999997,-1,1.0,0.0,0.7916666666666666,0.20833333333333334,0.7272727272727273,0.2727272727272727
6,61,0.77,0.62,0.4888888888888889,1.9193548387096775,189.40000000000003,-1,1.0,0.0,0.7777777777777778,0.2222222222222222,0.5,0.5
6,62,0.86,0.66,0.35714285714285715,1.893939393939394,200.6,-1,1.0,0.0,1.0,0.0,0.6875,0.3125
6,63,0.88,0.73,0.4166666666666667,2.0136986301369864,250.60000000000002,-1,1.0,0.0,0.7777777777777778,0.2222222222222222,0.46153846153846156,0.5384615384615384
6,64,0.88,0.72,0.5178571428571429,1.9444444444444444,240.8,-1,1.0,0.0,0.8148148148148148,0.18518518518518517,0.6666666666666666,0.3333333333333333
6,65,0.83,0.6,0.3404255319148936,1.7833333333333334,196.20000000000005,-1,1.0,0.0,0.625,0.375,0.6363636363636364,0.36363636363636365
7,0,0.9,0.74,,1.0,202.0,-1,1.0,0.0,0.85,0.15,0.7142857142857143,0.2857142857142857
7,1,0.83,0.57,0.28888888888888886,1.2280701754385965,193.60000000000002,-1,1.0,0.0,0.8461538461538461,0.15384615384615385,0.6428571428571429,0.35714285714285715
7,2,0.85,0.68,0.3953488372093023,1.5,205.80000000000007,-1,1.0,0.0,0.9523809523809523,0.047619047619047616,0.7058823529411765,0.29411764705882354
7,3,0.79,0.6,0.4358974358974359,1.6,192.79999999999995,-1,1.0,0.0,0.8888888888888888,0.1111111111111111,0.7647058823529411,0.23529411764705882
7,4,0.89,0.67,0.5333333333333333,1.8507462686567164,196.39999999999998,-1,1.0,0.0,0.8947368421052632,0.10526315789473684,0.7692307692307693,0.23076923076923078
7,5,0.86,0.67,0.41304347826086957,1.8059701492537314,231.19999999999996,-1,1.0,0.0,0.88,0.12,0.47058823529411764,0.5294117647058824
7,6,0.79,0.58,0.38095238095238093,1.8448275862068966,211.39999999999998,-1,1.0,0.0,0.8181818181818182,0.18181818181818182,0.5,0.5
7,7,0.85,0.61,0.41025641025641024,1.8032786885245902,215.99999999999994,-1,1.0,0.0,0.75,0.25,0.7333333333333333,0.26666666666666666
7,8,0.85,0.67,0.5319148936170213,2.014925373134328,218.8,-1,1.0,0.0,0.7142857142857143,0.2857142857142857,0.6666666666666666,0.3333333333333333
7,9,0.89,0.71,0.40425531914893614,1.8169014084507042,223.6,-1,1.0,0.0,0.8695652173913043,0.13043478260869565,0.7142857142857143,0.2857142857142857
7,10,0.85,0.71,0.42,2.056338028169014,234.48,0,1.0,0.0,0.72,0.28,0.5882352941176471,0.4117647058823529
7,11,0.85,0.69,0.46938775510204084,1.8985507246376812,247.59999999999997,-1,1.0,0.0,0.782608695652174,0.21739130434782608,0.5263157894736842,0.47368421052631576
7,12,0.84,0.65,0.44680851063829785,1.9076923076923078,221.0,-1,1.0,0.0,0.5263157894736842,0.47368421052631576,0.7692307692307693,0.23076923076923078
7,13,0.81,0.69,0.4888888888888889,1.8405797101449275,244.80000000000004,-1,1.0,0.0,0.8888888888888888,0.1111111111111111,0.5789473684210527,0.42105263157894735
7,14,0.83,0.69,0.4791666666666667,2.0434782608695654,236.2,4,1.0,0.0,0.6956521739130435,0.30434782608695654,0.6470588235294118,0.35294117647058826
7,15,0.84,0.72,0.37254901960784315,1.9027777777777777,214.79999999999995,-1,1.0,0.0,0.8571428571428571,0.14285714285714285,0.7333333333333333,0.26666666666666666
7,16,0.86,0.63,0.5217391304347826,2.3492063492063493,211.2,-1,1.0,0.0,0.7647058823529411,0.23529411764705882,0.7058823529411765,0.29411764705882354
7,17,0.83,0.64,0.4166666666666667,2.28125,220.79999999999995,-1,1.0,0.0,0.7142857142857143,0.2857142857142857,0.6666666666666666,0.3333333333333333
7,18,0.83,0.64,0.48717948717948717,2.203125,209.59999999999997,-1,1.0,0.0,0.782608695652174,0.21739130434782608,0.7857142857142857,0.21428571428571427
7,19,0.85,0.57,0.4,2.3157894736842106,201.59999999999997,-1,1.0,0.0,0.5714285714285714,0.42857142857142855,0.5,0.5
7,20,0.82,0.67,0.40540540540540543,2.1940298507462686,218.4,-1,1.0,0.0,0.8695652173913043,0.13043478260869565,0.6875,0.3125
7,21,0.9,0.67,0.47058823529411764,2.373134328358209,236.39999999999998,-1,1.0,0.0,0.7916666666666666,0.20833333333333334,0.6842105263157895,0.3157894736842105
7,22,0.83,0.64,0.4375,2.328125,207.8,-1,1.0,0.0,0.7222222222222222,0.2777777777777778,0.7142857142857143,0.2857142857142857
7,23,0.77,0.59,0.3333333333333333,1.7966101694915255,201.2,-1,1.0,0.0,0.8260869565217391,0.17391304347826086,0.7333333333333333,0.26666666666666666
7,24,0.79,0.59,0.42857142857142855,2.169491525423729,202.39999999999998,-1,1.0,0.0,0.7727272727272727,0.22727272727272727,0.7857142857142857,0.21428571428571427
7,25,0.82,0.61,0.3783783783783784,1.8524590163934427,219.39999999999998,-1,1.0,0.0,0.8095238095238095,0.19047619047619047,0.6666666666666666,0.3333333333333333
7,26,0.84,0.59,0.35,1.576271186440678,200.6,-1,1.0,0.0,0.7222222222222222,0.2777777777777778,0.5833333333333334,0.4166666666666667
7,27,0.86,0.7,0.36363636363636365,1.8,222.60000000000005,-1,1.0,0.0,0.875,0.125,0.6470588235294118,0.35294117647058826
7,28,0.82,0.62,0.28888888888888886,1.5806451612903225,189.92000000000002,4,1.0,0.0,0.85,0.15,0.8,0.2
7,29,0.84,0.68,0.5,1.7352941176470589,220.14,2,1.0,0.0,0.7931034482758621,0.20689655172413793,0.8,0.2
7,30,0.88,0.71,0.49056603773584906,1.9154929577464788,217.19999999999996,-1,1.0,0.0,0.8695652173913043,0.13043478260869565,0.6428571428571429,0.35714285714285715
7,31,0.89,0.77,0.49122807017543857,2.4025974025974026,275.80000000000007,-1,1.0,0.0,0.7666666666666667,0.23333333333333334,0.6111111111111112,0.3888888888888889
7,32,0.84,0.64,0.5192307692307693,2.359375,200.4,-1,1.0,0.0,0.95,0.05,0.6923076923076923,0.3076923076923077
7,33,0.78,0.65,0.4634146341463415,1.9846153846153847,226.2,-1,1.0,0.0,0.75,0.25,0.6111111111111112,0.3888888888888889
7,34,0.85,0.69,0.3829787234042553,1.9710144927536233,242.6,-1,1.0,0.0,0.8461538461538461,0.15384615384615385,0.6111111111111112,0.3888888888888889
7,35,0.8,0.68,0.5306122448979592,2.25,223.20000000000005,-1,1.0,0.0,0.8181818181818182,0.18181818181818182,0.5833333333333334,0.4166666666666667
7,36,0.86,0.73,0.5740740740740741,1.9726027397260273,229.60000000000002,-1,1.0,0.0,0.8846153846153846,0.11538461538461539,0.6875,0.3125
7,37,0.91,0.73,0.35185185185185186,1.821917808219178,228.26000000000005,4,1.0,0.0,0.7083333333333334,0.2916666666666667,0.7647058823529411,0.23529411764705882
7,38,0.83,0.58,0.5813953488372093,2.3793103448275863,202.60000000000002,-1,1.0,0.0,0.8095238095238095,0.19047619047619047,0.6875,0.3125
7,39,0.8,0.67,0.45454545454545453,1.9850746268656716,211.88000000000002,3,1.0,0.0,0.6956521739130435,0.30434782608695654,0.8571428571428571,0.14285714285714285
7,40,0.85,0.61,0.5,2.1475409836065573,215.20000000000002,-1,1.0,0.0,0.8181818181818182,0.18181818181818182,0.8421052631578947,0.15789473684210525
7,41,0.89,0.72,0.42857142857142855,1.7916666666666667,238.60000000000005,-1,1.0,0.0,0.7931034482758621,0.20689655172413793,0.7333333333333333,0.26666666666666666
7,42,0.81,0.66,0.2916666666666667,1.7272727272727273,215.40000000000003,-1,1.0,0.0,0.8947368421052632,0.10526315789473684,0.7,0.3
7,43,0.86,0.69,0.3191489361702128,1.8405797101449275,230.4,-1,1.0,0.0,0.5555555555555556,0.4444444444444444,0.6470588235294118,0.35294117647058826
7,44,0.78,0.59,0.40476190476190477,1.8983050847457628,212.20000000000002,-1,1.0,0.0,0.8695652173913043,0.13043478260869565,0.6842105263157895,0.3157894736842105
7,45,0.82,0.67,0.40476190476190477,1.9701492537313432,227.8,-1,1.0,0.0,0.8,0.2,0.5454545454545454,0.45454545454545453
7,46,0.82,0.59,0.4,1.7627118644067796,207.4,-1,1.0,0.0,0.7916666666666666,0.20833333333333334,0.6428571428571429,0.35714285714285715
7,47,0.87,0.68,0.38095238095238093,1.8088235294117647,225.8,-1,1.0,0.0,0.875,0.125,0.6428571428571429,0.35714285714285715
7,48,0.81,0.62,0.5238095238095238,1.8387096774193548,206.20000000000005,-1,1.0,0.0,0.85,0.15,0.4666666666666667,0.5333333333333333
7,49,0.85,0.61,0.4186046511627907,2.1311475409836067,197.79999999999995,-1,1.0,0.0,0.85,0.15,0.7692307692307693,0.23076923076923078
7,50,0.86,0.75,0.5306122448979592,2.16,217.99999999999997,-1,1.0,0.0,0.7391304347826086,0.2608695652173913,0.8888888888888888,0.1111111111111111
7,51,0.86,0.68,0.46153846153846156,2.073529411764706,218.99999999999997,-1,1.0,0.0,0.7368421052631579,0.2631578947368421,0.6428571428571429,0.35714285714285715
7,52,0.8,0.69,0.5306122448979592,2.2318840579710146,201.20000000000005,-1,1.0,0.0,0.9444444444444444,0.05555555555555555,0.7894736842105263,0.21052631578947367
7,53,0.83,0.68,0.45098039215686275,2.338235294117647,200.0,-1,1.0,0.0,0.75,0.25,0.7142857142857143,0.2857142857142857
7,54,0.87,0.67,0.5111111111111111,2.253731343283582,221.96000000000004,2,1.0,0.0,0.7727272727272727,0.22727272727272727,0.8125,0.1875
7,55,0.86,0.72,0.4339622641509434,2.125,250.20000000000005,-1,1.0,0.0,0.8928571428571429,0.10714285714285714,0.5789473684210527,0.42105263157894735
7,56,0.81,0.65,0.5833333333333334,2.5692307692307694,204.40000000000006,-1,1.0,0.0,0.8260869565217391,0.17391304347826086,0.7692307692307693,0.23076923076923078
7,57,0.8,0.59,0.5714285714285714,2.0677966101694913,174.19999999999996,-1,1.0,0.0,0.8461538461538461,0.15384615384615385,0.7,0.3
7,58,0.8,0.66,0.5263157894736842,2.242424242424242,230.8,-1,1.0,0.0,0.8461538461538461,0.15384615384615385,0.5294117647058824,0.47058823529411764
7,59,0.84,0.67,0.44680851063829785,1.9850746268656716,227.20000000000002,-1,1.0,0.0,0.95,0.05,0.5555555555555556,0.4444444444444444
7,60,0.87,0.75,0.46153846153846156,2.3866666666666667,243.00000000000003,-1,1.0,0.0,0.7727272727272727,0.22727272727272727,0.85,0.15
7,61,0.86,0.63,0.47058823529411764,2.238095238095238,226.4,-1,1.0,0.0,0.7272727272727273,0.2727272727272727,0.6111111111111112,0.3888888888888889
7,62,0.87,0.74,0.4166666666666667,2.0,224.4000000000001,-1,1.0,0.0,0.9,0.1,0.9333333333333333,0.06666666666666667
7,63,0.86,0.71,0.49019607843137253,2.323943661971831,225.00000000000009,-1,1.0,0.0,0.9166666666666666,0.08333333333333333,0.5,0.5
7,64,0.85,0.7,0.39215686274509803,1.9428571428571428,228.20000000000002,-1,1.0,0.0,0.8636363636363636,0.13636363636363635,0.8235294117647058,0.17647058823529413
7,65,0.86,0.7,0.42,2.0142857142857142,212.05999999999997,1,1.0,0.0,0.6111111111111112,0.3888888888888889,0.7333333333333333,0.26666666666666666
8,0,0.93,0.73,,1.0,202.0,-1,1.0,0.0,0.7368421052631579,0.2631578947368421,0.75,0.25
8,1,0.82,0.69,0.36538461538461536,1.2753623188405796,201.60000000000002,-1,1.0,0.0,0.68,0.32,0.75,0.25
8,2,0.87,0.72,0.4339622641509434,1.5277777777777777,226.00000000000003,-1,1.0,0.0,0.6190476190476191,0.38095238095238093,0.8461538461538461,0.15384615384615385
8,3,0.84,0.68,0.5,1.8235294117647058,203.00000000000003,-1,1.0,0.0,0.7368421052631579,0.2631578947368421,0.8666666666666667,0.13333333333333333
8,4,0.82,0.69,0.36,1.826086956521739,221.79999999999995,2,1.0,0.0,0.6363636363636364,0.36363636363636365,0.6428571428571429,0.35714285714285715
8,5,0.87,0.68,0.41304347826086957,1.7941176470588236,203.8,-1,1.0,0.0,0.8571428571428571,0.14285714285714285,0.7,0.3
8,6,0.85,0.69,0.28,1.6231884057971016,229.6,-1,1.0,0.0,0.6666666666666666,0.3333333333333333,0.7619047619047619,0.23809523809523808
8,7,0.83,0.63,0.47619047619047616,2.015873015873016,214.6,4,1.0,0.0,0.875,0.125,0.6666666666666666,0.3333333333333333
8,8,0.82,0.67,0.4423076923076923,2.1492537313432836,213.19999999999996,-1,1.0,0.0,0.5714285714285714,0.42857142857142855,0.8,0.2
8,9,0.89,0.71,0.425531914893617,2.0985915492957745,205.19999999999996,-1,1.0,0.0,0.8235294117647058,0.17647058823529413,0.8125,0.1875
8,10,0.84,0.65,0.4583333333333333,2.0923076923076924,204.0,-1,1.0,0.0,0.85,0.15,0.5454545454545454,0.45454545454545453
8,11,0.83,0.72,0.46,2.4166666666666665,207.6,-1,1.0,0.0,0.7368421052631579,0.2631578947368421,1.0,0.0
8,12,0.92,0.8,0.36666666666666664,2.075,252.8,-1,1.0,0.0,0.8076923076923077,0.19230769230769232,0.75,0.25
8,13,0.85,0.61,0.4230769230769231,2.1475409836065573,192.99999999999997,-1,1.0,0.0,0.7368421052631579,0.2631578947368421,0.8181818181818182,0.18181818181818182
8,14,0.84,0.69,0.5952380952380952,2.420289855072464,244.00000000000003,-1,1.0,0.0,0.6666666666666666,0.3333333333333333,0.7727272727272727,0.22727272727272727
8,15,0.85,0.65,0.41304347826086957,2.230769230769231,225.2,-1,1.0,0.0,0.8214285714285714,0.17857142857142858,0.75,0.25
8,16,0.83,0.69,0.43478260869565216,2.260869565217391,214.00000000000003,-1,1.0,0.0,0.8846153846153846,0.11538461538461539,0.8461538461538461,0.15384615384615385
8,17,0.85,0.67,0.4888888888888889,2.1343283582089554,215.0,-1,1.0,0.0,0.7368421052631579,0.2631578947368421,0.6428571428571429,0.35714285714285715
8,18,0.85,0.7,0.3877551020408163,2.414285714285714,225.2,-1,1.0,0.0,0.9130434782608695,0.08695652173913043,0.5,0.5
8,19,0.85,0.66,0.4782608695652174,2.106060606060606,187.6,-1,1.0,0.0,0.9047619047619048,0.09523809523809523,0.9166666666666666,0.08333333333333333
8,20,0.84,0.68,0.4222222222222222,1.8823529411764706,225.99999999999994,-1,1.0,0.0,0.5714285714285714,0.42857142857142855,0.5454545454545454,0.45454545454545453
8,21,0.81,0.7,0.5,2.085714285714286,234.0,-1,1.0,0.0,0.6875,0.3125,0.5882352941176471,0.4117647058823529
8,22,0.85,0.66,0.46511627906976744,2.0757575757575757,211.2,-1,1.0,0.0,0.7727272727272727,0.22727272727272727,0.8125,0.1875
8,23,0.85,0.69,0.3829787234042553,1.9130434782608696,207.0,-1,1.0,0.0,0.8,0.2,0.8181818181818182,0.18181818181818182
8,24,0.79,0.7,0.3111111111111111,1.7857142857142858,225.79999999999995,-1,1.0,0.0,0.6521739130434783,0.34782608695652173,0.8,0.2
8,25,0.84,0.66,0.40425531914893614,2.212121212121212,211.6,-1,1.0,0.0,0.8333333333333334,0.16666666666666666,0.5714285714285714,0.42857142857142855
8,26,0.82,0.65,0.4090909090909091,2.169230769230769,222.6,-1,1.0,0.0,0.76,0.24,0.875,0.125
8,27,0.81,0.64,0.4782608695652174,2.171875,228.59999999999997,3,1.0,0.0,0.76,0.24,0.6111111111111112,0.3888888888888889
8,28,0.8,0.61,0.42105263157894735,2.0163934426229506,234.59999999999997,-1,1.0,0.0,0.7692307692307693,0.23076923076923078,0.5333333333333333,0.4666666666666667
8,29,0.85,0.73,0.37777777777777777,1.5890410958904109,231.40000000000003,-1,1.0,0.0,0.7916666666666666,0.20833333333333334,0.6923076923076923,0.3076923076923077
8,30,0.83,0.68,0.4897959183673469,2.1029411764705883,203.54000000000005,3,1.0,0.0,0.75,0.25,0.5882352941176471,0.4117647058823529
8,31,0.82,0.66,0.42857142857142855,1.9545454545454546,210.39999999999998,-1,1.0,0.0,0.6666666666666666,0.3333333333333333,0.7333333333333333,0.26666666666666666
8,32,0.81,0.74,0.40816326530612246,1.8243243243243243,235.20000000000005,-1,1.0,0.0,0.875,0.125,0.6666666666666666,0.3333333333333333
8,33,0.83,0.7,0.34,1.9857142857142858,221.40000000000003,-1,1.0,0.0,0.7,0.3,0.7857142857142857,0.21428571428571427
8,34,0.85,0.7,0.3958333333333333,1.9428571428571428,204.8,-1,1.0,0.0,0.8333333333333334,0.16666666666666666,0.6363636363636364,0.36363636363636365
8,35,0.89,0.66,0.3695652173913043,1.7424242424242424,221.8,-1,1.0,0.0,0.9642857142857143,0.03571428571428571,0.5333333333333333,0.4666666666666667
8,36,0.91,0.77,0.46,1.9870129870129871,222.60000000000002,-1,1.0,0.0,0.8888888888888888,0.1111111111111111,0.75,0.25
8,37,0.75,0.62,0.4166666666666667,1.8548387096774193,204.79999999999995,2,1.0,0.0,0.8260869565217391,0.17391304347826086,0.7142857142857143,0.2857142857142857
8,38,0.81,0.61,0.43902439024390244,1.8852459016393444,204.2,-1,1.0,0.0,0.8,0.2,0.8235294117647058,0.17647058823529413
8,39,0.83,0.68,0.3953488372093023,2.014705882352941,219.20000000000002,-1,1.0,0.0,0.9166666666666666,0.08333333333333333,0.6428571428571429,0.35714285714285715
8,40,0.91,0.77,0.34545454545454546,1.8831168831168832,224.96,0,1.0,0.0,0.8846153846153846,0.11538461538461539,0.5625,0.4375
8,41,0.87,0.66,0.4716981132075472,2.015151515151515,227.0,-1,1.0,0.0,0.8888888888888888,0.1111111111111111,0.5,0.5
8,42,0.86,0.65,0.40425531914893614,2.169230769230769,219.99999999999997,-1,1.0,0.0,0.8,0.2,0.8,0.2
8,43,0.87,0.63,0.4878048780487805,2.2698412698412698,199.99999999999997,-1,1.0,0.0,0.9166666666666666,0.08333333333333333,0.5555555555555556,0.4444444444444444
8,44,0.84,0.57,0.45714285714285713,2.245614035087719,188.79999999999998,-1,1.0,0.0,0.6,0.4,0.6923076923076923,0.3076923076923077
8,45,0.86,0.71,0.5238095238095238,2.211267605633803,240.0,-1,1.0,0.0,0.8,0.2,0.6,0.4
8,46,0.8,0.61,0.627906976744186,2.557377049180328,197.2,-1,1.0,0.0,0.7368421052631579,0.2631578947368421,0.5,0.5
8,47,0.87,0.68,0.55,2.3529411764705883,205.6,-1,1.0,0.0,0.9545454545454546,0.045454545454545456,0.8461538461538461,0.15384615384615385
8,48,0.86,0.63,0.4666666666666667,2.3015873015873014,225.36,4,1.0,0.0,0.875,0.125,0.7142857142857143,0.2857142857142857
8,49,0.87,0.72,0.36363636363636365,2.1666666666666665,232.20000000000007,-1,1.0,0.0,0.8387096774193549,0.16129032258064516,0.8666666666666667,0.13333333333333333
8,50,0.81,0.65,0.44680851063829785,2.1538461538461537,202.20000000000002,-1,1.0,0.0,0.84,0.16,0.8333333333333334,0.16666666666666666
8,51,0.87,0.75,0.43137254901960786,1.9466666666666668,251.66000000000003,3,1.0,0.0,0.7083333333333334,0.2916666666666667,0.7142857142857143,0.2857142857142857
8,52,0.79,0.68,0.4423076923076923,2.088235294117647,222.39999999999998,-1,1.0,0.0,0.6470588235294118,0.35294117647058826,0.6875,0.3125
8,53,0.88,0.74,0.375,2.0,229.68,4,1.0,0.0,0.782608695652174,0.21739130434782608,0.6428571428571429,0.35714285714285715
8,54,0.92,0.71,0.32075471698113206,1.732394366197183,237.20000000000007,-1,1.0,0.0,0.76,0.24,0.8,0.2
8,55,0.83,0.67,0.44,1.8208955223880596,198.80000000000007,-1,1.0,0.0,0.7777777777777778,0.2222222222222222,0.7692307692307693,0.23076923076923078
8,56,0.82,0.62,0.5238095238095238,1.935483870967742,196.39999999999998,-1,1.0,0.0,0.7368421052631579,0.2631578947368421,0.8,0.2
8,57,0.71,0.58,0.5,2.2413793103448274,184.2,-1,1.0,0.0,0.85,0.15,0.7692307692307693,0.23076923076923078
8,58,0.84,0.7,0.36585365853658536,2.085714285714286,224.06000000000003,4,1.0,0.0,0.7,0.3,0.75,0.25
8,59,0.85,0.72,0.35185185185185186,1.7222222222222223,223.80000000000004,-1,1.0,0.0,0.8,0.2,0.7058823529411765,0.29411764705882354
8,60,0.8,0.64,0.45652173913043476,1.734375,203.20000000000002,-1,1.0,0.0,0.875,0.125,0.8461538461538461,0.15384615384615385
8,61,0.82,0.67,0.5609756097560976,1.9850746268656716,215.00000000000003,-1,1.0,0.0,0.9090909090909091,0.09090909090909091,0.625,0.375
8,62,0.87,0.67,0.30434782608695654,1.8059701492537314,216.0,-1,1.0,0.0,0.875,0.125,0.8,0.2
8,63,0.78,0.69,0.41304347826086957,1.826086956521739,229.00000000000006,-1,1.0,0.0,0.8709677419354839,0.12903225806451613,0.6666666666666666,0.3333333333333333
8,64,0.86,0.62,0.4318181818181818,1.935483870967742,190.80000000000007,-1,1.0,0.0,0.96,0.04,0.6153846153846154,0.38461538461538464
8,65,0.91,0.75,0.5319148936170213,2.04,235.79999999999995,-1,1.0,0.0,0.8695652173913043,0.13043478260869565,0.5714285714285714,0.42857142857142855
9,0,0.87,0.67,,1.0,190.0,-1,1.0,0.0,0.6842105263157895,0.3157894736842105,0.7272727272727273,0.2727272727272727
9,1,0.88,0.68,0.3958333333333333,1.2794117647058822,203.40000000000003,-1,1.0,0.0,0.7368421052631579,0.2631578947368421,0.75,0.25
9,2,0.9,0.71,0.4117647058823529,1.4225352112676057,228.80000000000004,-1,1.0,0.0,0.782608695652174,0.21739130434782608,0.7272727272727273,0.2727272727272727
9,3,0.82,0.65,0.43478260869565216,1.5384615384615385,200.0,4,1.0,0.0,0.6818181818181818,0.3181818181818182,0.5833333333333334,0.4166666666666667
9,4,0.82,0.65,0.3170731707317073,1.4461538461538461,211.99999999999997,-1,1.0,0.0,0.7,0.3,0.7142857142857143,0.2857142857142857
9,5,0.87,0.65,0.4090909090909091,1.646153846153846,196.60000000000002,-1,1.0,0.0,0.84,0.16,0.8181818181818182,0.18181818181818182
9,6,0.85,0.67,0.38636363636363635,1.626865671641791,229.39999999999998,3,1.0,0.0,0.5714285714285714,0.42857142857142855,0.5882352941176471,0.4117647058823529
9,7,0.86,0.74,0.39215686274509803,1.7837837837837838,223.00000000000006,-1,1.0,0.0,0.6363636363636364,0.36363636363636365,0.9,0.1
9,8,0.86,0.74,0.39622641509433965,1.7297297297297298,236.40000000000006,-1,1.0,0.0,0.8888888888888888,0.1111111111111111,0.5789473684210527,0.42105263157894735
9,9,0.81,0.68,0.37037037037037035,1.7352941176470589,199.2,2,1.0,0.0,0.7727272727272727,0.22727272727272727,0.6666666666666666,0.3333333333333333
9,10,0.87,0.65,0.3333333333333333,1.676923076923077,212.39999999999998,-1,1.0,0.0,0.7894736842105263,0.21052631578947367,0.7222222222222222,0.2777777777777778
9,11,0.86,0.71,0.45098039215686275,1.7746478873239437,201.00000000000003,4,1.0,0.0,0.88,0.12,0.8461538461538461,0.15384615384615385
9,12,0.83,0.7,0.43137254901960786,1.7714285714285714,225.99999999999997,2,1.0,0.0,0.6956521739130435,0.30434782608695654,0.6,0.4
9,13,0.84,0.73,0.4,1.7945205479452055,216.2,-1,1.0,0.0,0.625,0.375,0.6666666666666666,0.3333333333333333
9,14,0.82,0.74,0.5185185185185185,1.9594594594594594,218.8,-1,1.0,0.0,0.95,0.05,0.6875,0.3125
9,15,0.87,0.71,0.4423076923076923,2.112676056338028,215.8,-1,1.0,0.0,0.6666666666666666,0.3333333333333333,0.9230769230769231,0.07692307692307693
9,16,0.81,0.67,0.4489795918367347,2.1641791044776117,209.99999999999994,-1,1.0,0.0,0.8421052631578947,0.15789473684210525,0.8823529411764706,0.11764705882352941
9,17,0.83,0.63,0.43902439024390244,2.0634920634920637,217.19999999999993,-1,1.0,0.0,0.6363636363636364,0.36363636363636365,0.6,0.4
9,18,0.76,0.63,0.4722222222222222,2.1587301587301586,198.2,-1,1.0,0.0,0.8125,0.1875,0.6666666666666666,0.3333333333333333
9,19,0.83,0.6,0.425,2.0166666666666666,195.39999999999995,-1,1.0,0.0,0.6923076923076923,0.3076923076923077,0.7058823529411765,0.29411764705882354
9,20,0.77,0.63,0.35,1.6507936507936507,204.39999999999995,-1,1.0,0.0,0.6666666666666666,0.3333333333333333,0.6666666666666666,0.3333333333333333
9,21,0.78,0.58,0.2972972972972973,1.8620689655172413,165.4,-1,1.0,0.0,0.8333333333333334,0.16666666666666666,0.7272727272727273,0.2727272727272727
9,22,0.89,0.77,0.3953488372093023,1.896103896103896,227.40000000000003,-1,1.0,0.0,0.9259259259259259,0.07407407407407407,0.75,0.25
9,23,0.88,0.66,0.42857142857142855,2.015151515151515,231.8,-1,1.0,0.0,0.6923076923076923,0.3076923076923077,0.7647058823529411,0.23529411764705882
9,24,0.84,0.63,0.32558139534883723,1.9206349206349207,204.59999999999997,-1,1.0,0.0,0.7894736842105263,0.21052631578947367,0.5833333333333334,0.4166666666666667
9,25,0.88,0.68,0.4318181818181818,1.9558823529411764,230.39999999999998,-1,1.0,0.0,0.75,0.25,0.7058823529411765,0.29411764705882354
9,26,0.88,0.7,0.5510204081632653,2.1714285714285713,221.20000000000002,-1,1.0,0.0,0.76,0.24,0.7692307692307693,0.23076923076923078
9,27,0.79,0.62,0.4222222222222222,2.129032258064516,196.0,-1,1.0,0.0,0.5384615384615384,0.46153846153846156,0.6,0.4
9,28,0.85,0.7,0.375,1.8285714285714285,228.6,-1,1.0,0.0,0.6666666666666666,0.3333333333333333,0.8333333333333334,0.16666666666666666
9,29,0.84,0.71,0.5,2.352112676056338,236.80000000000004,-1,1.0,0.0,0.7777777777777778,0.2222222222222222,0.6111111111111112,0.3888888888888889
9,30,0.85,0.71,0.39215686274509803,2.1690140845070425,221.80000000000007,-1,1.0,0.0,0.8571428571428571,0.14285714285714285,0.8333333333333334,0.16666666666666666
9,31,0.84,0.65,0.2708333333333333,1.9076923076923078,201.0,-1,1.0,0.0,0.8888888888888888,0.1111111111111111,0.7894736842105263,0.21052631578947367
9,32,0.88,0.71,0.3877551020408163,1.619718309859155,227.00000000000003,-1,1.0,0.0,0.7272727272727273,0.2727272727272727,0.5714285714285714,0.42857142857142855
9,33,0.86,0.72,0.3333333333333333,1.7222222222222223,231.8,-1,1.0,0.0,0.8260869565217391,0.17391304347826086,0.6153846153846154,0.38461538461538464
9,34,0.87,0.7,0.5416666666666666,1.9714285714285715,196.40000000000003,-1,1.0,0.0,0.75,0.25,0.8,0.2
9,35,0.84,0.67,0.4489795918367347,1.9253731343283582,205.2,-1,1.0,0.0,0.8,0.2,0.8333333333333334,0.16666666666666666
9,36,0.86,0.7,0.3829787234042553,1.8285714285714285,229.83999999999997,4,1.0,0.0,0.631578947368421,0.3684210526315789,0.6666666666666666,0.3333333333333333
9,37,0.86,0.71,0.3333333333333333,1.7887323943661972,195.04000000000002,0,1.0,0.0,0.8,0.2,0.7692307692307693,0.23076923076923078
9,38,0.84,0.71,0.52,1.9014084507042253,224.00000000000003,-1,1.0,0.0,0.65,0.35,0.8571428571428571,0.14285714285714285
9,39,0.87,0.67,0.42857142857142855,1.8805970149253732,198.40000000000003,-1,1.0,0.0,0.5789473684210527,0.42105263157894735,0.8888888888888888,0.1111111111111111
9,40,0.85,0.68,0.46808510638297873,1.8235294117647058,217.2,-1,1.0,0.0,0.7894736842105263,0.21052631578947367,0.6428571428571429,0.35714285714285715
9,41,0.86,0.73,0.4,2.164383561643836,238.60000000000002,-1,1.0,0.0,0.7272727272727273,0.2727272727272727,0.9375,0.0625
9,42,0.85,0.67,0.4489795918367347,2.2686567164179103,194.60000000000002,-1,1.0,0.0,0.8095238095238095,0.19047619047619047,0.8,0.2
9,43,0.84,0.62,0.4,2.064516129032258,191.23999999999998,1,1.0,0.0,0.65,0.35,0.6923076923076923,0.3076923076923077
9,44,0.88,0.72,0.4489795918367347,1.7777777777777777,219.60000000000005,-1,1.0,0.0,0.9130434782608695,0.08695652173913043,0.6666666666666666,0.3333333333333333
9,45,0.85,0.72,0.38,1.9166666666666667,217.40000000000003,-1,1.0,0.0,0.9090909090909091,0.09090909090909091,0.7857142857142857,0.21428571428571427
9,46,0.89,0.73,0.5263157894736842,1.904109589041096,230.00000000000006,-1,1.0,0.0,0.7916666666666666,0.20833333333333334,0.6875,0.3125
9,47,0.83,0.68,0.5098039215686274,2.2205882352941178,204.6,-1,1.0,0.0,0.9047619047619048,0.09523809523809523,0.8666666666666667,0.13333333333333333
9,48,0.85,0.68,0.4318181818181818,1.9558823529411764,196.79999999999995,-1,1.0,0.0,0.8333333333333334,0.16666666666666666,0.7272727272727273,0.2727272727272727
9,49,0.77,0.57,0.3157894736842105,2.175438596491228,164.76,1,1.0,0.0,0.5333333333333333,0.4666666666666667,0.7777777777777778,0.2222222222222222
9,50,0.82,0.7,0.5121951219512195,2.2142857142857144,198.36,0,1.0,0.0,0.84,0.16,0.6363636363636364,0.36363636363636365
9,51,0.88,0.69,0.5510204081632653,2.5652173913043477,219.6,-1,1.0,0.0,0.7727272727272727,0.22727272727272727,0.8666666666666667,0.13333333333333333
9,52,0.84,0.63,0.4782608695652174,2.6507936507936507,205.79999999999995,-1,1.0,0.0,0.7647058823529411,0.23529411764705882,0.6666666666666666,0.3333333333333333
9,53,0.88,0.65,0.4523809523809524,2.3846153846153846,181.60000000000002,0,1.0,0.0,0.7777777777777778,0.2222222222222222,0.7692307692307693,0.23076923076923078
9,54,0.83,0.64,0.2727272727272727,1.890625,189.0,-1,1.0,0.0,0.7272727272727273,0.2727272727272727,0.75,0.25
9,55,0.78,0.59,0.425,1.9491525423728813,190.60000000000005,-1,1.0,0.0,0.631578947368421,0.3684210526315789,0.6666666666666666,0.3333333333333333
9,56,0.86,0.66,0.42857142857142855,1.9848484848484849,202.79999999999998,-1,1.0,0.0,0.8947368421052632,0.10526315789473684,0.8571428571428571,0.14285714285714285
9,57,0.84,0.73,0.3958333333333333,2.0821917808219177,253.2,-1,1.0,0.0,0.5416666666666666,0.4583333333333333,0.5625,0.4375
9,58,0.88,0.7,0.4339622641509434,2.1142857142857143,209.79999999999998,-1,1.0,0.0,0.92,0.08,0.7272727272727273,0.2727272727272727
9,59,0.78,0.64,0.4090909090909091,1.765625,201.6,-1,1.0,0.0,0.65,0.35,0.7272727272727273,0.2727272727272727
9,60,0.89,0.74,0.574468085106383,2.0135135135135136,243.39999999999998,-1,1.0,0.0,0.625,0.375,0.7368421052631579,0.2631578947368421
9,61,0.82,0.66,0.5098039215686274,2.196969696969697,202.39999999999998,-1,1.0,0.0,0.8571428571428571,0.14285714285714285,0.7272727272727273,0.2727272727272727
9,62,0.84,0.65,0.4318181818181818,2.1384615384615384,211.7,3,1.0,0.0,0.7857142857142857,0.21428571428571427,0.625,0.375
9,63,0.9,0.7,0.48,2.1714285714285713,232.04000000000005,3,1.0,0.0,0.6956521739130435,0.30434782608695654,0.75,0.25
9,64,0.86,0.67,0.5384615384615384,2.2686567164179103,221.59999999999997,-1,1.0,0.0,0.8333333333333334,0.16666666666666666,0.7142857142857143,0.2857142857142857
9,65,0.86,0.62,0.3181818181818182,1.7903225806451613,202.59999999999997,-1,1.0,0.0,0.8571428571428571,0.14285714285714285,0.7857142857142857,0.21428571428571427
10,0,0.82,0.66,,1.0,187.4,3,0.9767441860465116,0.023255813953488372,0.8260869565217391,0.17391304347826086,0.75,0.25
10,1,0.89,0.71,0.44,1.3098591549295775,214.60000000000008,-1,1.0,0.0,0.9230769230769231,0.07692307692307693,0.8421052631578947,0.15789473684210525
10,2,0.87,0.7,0.39215686274509803,1.4714285714285715,219.00000000000006,-1,1.0,0.0,0.7,0.3,0.45454545454545453,0.5454545454545454
10,3,0.81,0.63,0.43478260869565216,1.6031746031746033,211.19999999999996,-1,1.0,0.0,0.75,0.25,0.8235294117647058,0.17647058823529413
10,4,0.87,0.6,0.4090909090909091,1.5833333333333333,193.59999999999997,-1,1.0,0.0,0.6666666666666666,0.3333333333333333,0.7894736842105263,0.21052631578947367
10,5,0.94,0.76,0.45652173913043476,1.7894736842105263,242.0,-1,1.0,0.0,0.7222222222222222,0.2777777777777778,0.75,0.25
10,6,0.84,0.67,0.4909090909090909,1.955223880597015,177.51999999999998,1,1.0,0.0,0.7368421052631579,0.2631578947368421,0.8181818181818182,0.18181818181818182
10,7,0.86,0.71,0.37254901960784315,1.7464788732394365,242.4,-1,1.0,0.0,0.75,0.25,0.6875,0.3125
10,8,0.77,0.67,0.52,1.9104477611940298,193.2,-1,1.0,0.0,0.8235294117647058,0.17647058823529413,0.6363636363636364,0.36363636363636365
10,9,0.81,0.64,0.42857142857142855,1.984375,209.19999999999996,-1,1.0,0.0,0.5714285714285714,0.42857142857142855,0.75,0.25
10,10,0.83,0.66,0.3404255319148936,1.803030303030303,217.99999999999997,4,1.0,0.0,0.6153846153846154,0.38461538461538464,0.5833333333333334,0.4166666666666667
10,11,0.87,0.69,0.3617021276595745,1.8985507246376812,195.99999999999997,-1,1.0,0.0,0.92,0.08,0.9166666666666666,0.08333333333333333
10,12,0.8,0.57,0.4666666666666667,2.017543859649123,182.39999999999998,-1,1.0,0.0,0.7,0.3,0.7857142857142857,0.21428571428571427
10,13,0.87,0.63,0.39473684210526316,1.9523809523809523,203.99999999999994,-1,1.0,0.0,0.75,0.25,0.6923076923076923,0.3076923076923077
10,14,0.83,0.67,0.4523809523809524,2.0597014925373136,204.07999999999996,1,1.0,0.0,0.85,0.15,0.75,0.25
10,15,0.89,0.7,0.35555555555555557,1.6857142857142857,227.2,-1,1.0,0.0,0.7857142857142857,0.21428571428571427,0.8095238095238095,0.19047619047619047
10,16,0.81,0.59,0.36585365853658536,1.7796610169491525,197.2,-1,1.0,0.0,0.8148148148148148,0.18518518518518517,0.8333333333333334,0.16666666666666666
10,17,0.87,0.78,0.58,2.1538461538461537,230.20000000000005,-1,1.0,0.0,0.8636363636363636,0.13636363636363635,0.8571428571428571,0.14285714285714285
10,18,0.85,0.66,0.42592592592592593,2.0454545454545454,220.79999999999998,-1,1.0,0.0,0.8636363636363636,0.13636363636363635,0.7058823529411765,0.29411764705882354
10,19,0.82,0.62,0.4864864864864865,1.8870967741935485,201.59999999999997,-1,1.0,0.0,0.7894736842105263,0.21052631578947367,0.8571428571428571,0.14285714285714285
10,20,0.79,0.6,0.5384615384615384,2.1333333333333333,192.71999999999997,4,0.975,0.025,0.8125,0.1875,0.6875,0.3125
10,21,0.87,0.74,0.5111111111111111,1.8513513513513513,236.20000000000005,-1,1.0,0.0,0.7407407407407407,0.25925925925925924,0.8333333333333334,0.16666666666666666
10,22,0.76,0.62,0.4,1.8225806451612903,194.39999999999995,-1,1.0,0.0,0.9090909090909091,0.09090909090909091,0.7,0.3
10,23,0.86,0.72,0.43478260869565216,1.7222222222222223,227.72000000000003,0,1.0,0.0,0.7368421052631579,0.2631578947368421,0.55,0.45
10,24,0.86,0.7,0.5094339622641509,1.8857142857142857,235.39999999999998,-1,1.0,0.0,0.75,0.25,0.5333333333333333,0.4666666666666667
10,25,0.8,0.69,0.574468085106383,2.260869565217391,198.12,1,1.0,0.0,0.8888888888888888,0.1111111111111111,0.6875,0.3125
10,26,0.85,0.7,0.42857142857142855,1.9857142857142858,214.79999999999995,-1,1.0,0.0,0.7142857142857143,0.2857142857142857,0.6,0.4
10,27,0.85,0.75,0.3333333333333333,1.68,240.59999999999997,-1,1.0,0.0,0.7407407407407407,0.25925925925925924,0.7692307692307693,0.23076923076923078
10,28,0.8,0.62,0.3958333333333333,2.032258064516129,196.6,-1,1.0,0.0,0.7857142857142857,0.21428571428571427,0.8333333333333334,0.16666666666666666
10,29,0.82,0.69,0.4222222222222222,1.855072463768116,224.6,-1,1.0,0.0,0.8181818181818182,0.18181818181818182,0.5833333333333334,0.4166666666666667
10,30,0.87,0.66,0.391304347826087,1.8333333333333333,216.2,-1,1.0,0.0,0.75,0.25,0.7777777777777778,0.2222222222222222
10,31,0.85,0.72,0.3541666666666667,1.9583333333333333,237.52,3,1.0,0.0,0.76,0.24,0.6470588235294118,0.35294117647058826
10,32,0.87,0.69,0.41509433962264153,2.0144927536231885,198.2,-1,1.0,0.0,0.8095238095238095,0.19047619047619047,0.9,0.1
10,33,0.92,0.71,0.42857142857142855,1.943661971830986,211.73999999999995,2,1.0,0.0,0.6,0.4,0.7857142857142857,0.21428571428571427
10,34,0.81,0.66,0.5434782608695652,2.0,202.54,3,1.0,0.0,0.6521739130434783,0.34782608695652173,0.6363636363636364,0.36363636363636365
10,35,0.83,0.64,0.4375,1.90625,224.0,-1,1.0,0.0,0.7727272727272727,0.22727272727272727,0.5384615384615384,0.46153846153846156
10,36,0.88,0.73,0.43137254901960786,2.1780821917808217,254.78,3,1.0,0.0,0.7857142857142857,0.21428571428571427,0.6111111111111112,0.3888888888888889
10,37,0.89,0.75,0.5,2.1866666666666665,229.99999999999997,-1,1.0,0.0,0.8333333333333334,0.16666666666666666,0.8333333333333334,0.16666666666666666
10,38,0.92,0.75,0.46551724137931033,2.2266666666666666,235.20000000000002,-1,1.0,0.0,0.8461538461538461,0.15384615384615385,0.8571428571428571,0.14285714285714285
10,39,0.85,0.68,0.5535714285714286,2.235294117647059,231.40000000000006,-1,1.0,0.0,0.7727272727272727,0.22727272727272727,0.6842105263157895,0.3157894736842105
10,40,0.84,0.73,0.44,2.1232876712328768,235.80000000000004,-1,1.0,0.0,0.8260869565217391,0.17391304347826086,0.8421052631578947,0.15789473684210525
10,41,0.87,0.68,0.2830188679245283,1.8970588235294117,205.00000000000003,-1,1.0,0.0,0.8333333333333334,0.16666666666666666,0.8333333333333334,0.16666666666666666
10,42,0.83,0.65,0.4772727272727273,2.2615384615384615,213.2,-1,1.0,0.0,0.6,0.4,0.6666666666666666,0.3333333333333333
10,43,0.86,0.75,0.4230769230769231,2.026666666666667,220.60000000000005,-1,1.0,0.0,0.92,0.08,0.8461538461538461,0.15384615384615385
10,44,0.85,0.68,0.33962264150943394,2.0294117647058822,213.2,-1,1.0,0.0,0.75,0.25,0.6666666666666666,0.3333333333333333
10,45,0.82,0.71,0.5510204081632653,2.492957746478873,227.00000000000003,-1,1.0,0.0,0.6153846153846154,0.38461538461538464,0.6470588235294118,0.35294117647058826
10,46,0.83,0.69,0.4,2.0434782608695654,252.99999999999997,-1,1.0,0.0,0.7083333333333334,0.2916666666666667,0.6111111111111112,0.3888888888888889
10,47,0.87,0.64,0.45454545454545453,2.171875,192.19999999999996,-1,1.0,0.0,0.7142857142857143,0.2857142857142857,0.6363636363636364,0.36363636363636365
10,48,0.87,0.67,0.30952380952380953,1.626865671641791,208.20000000000002,4,1.0,0.0,0.7391304347826086,0.2608695652173913,0.5833333333333334,0.4166666666666667
10,49,0.79,0.66,0.5,1.9242424242424243,198.20000000000002,-1,1.0,0.0,0.7894736842105263,0.21052631578947367,0.7272727272727273,0.2727272727272727
10,50,0.89,0.73,0.47058823529411764,1.904109589041096,229.20000000000007,-1,1.0,0.0,0.90625,0.09375,0.8333333333333334,0.16666666666666666
10,51,0.87,0.72,0.2962962962962963,1.7083333333333333,243.8,-1,1.0,0.0,0.6521739130434783,0.34782608695652173,0.5625,0.4375
10,52,0.81,0.69,0.46938775510204084,1.9130434782608696,215.60000000000008,-1,1.0,0.0,0.84,0.16,0.7857142857142857,0.21428571428571427
10,53,0.8,0.65,0.3488372093023256,1.6307692307692307,202.40000000000003,-1,1.0,0.0,0.9,0.1,0.8235294117647058,0.17647058823529413
10,54,0.81,0.61,0.4523809523809524,1.7377049180327868,187.60000000000002,-1,1.0,0.0,0.8947368421052632,0.10526315789473684,0.6428571428571429,0.35714285714285715
10,55,0.74,0.63,0.5116279069767442,2.111111111111111,200.39999999999995,-1,1.0,0.0,0.8947368421052632,0.10526315789473684,0.6153846153846154,0.38461538461538464
10,56,0.9,0.7,0.4418604651162791,1.957142857142857,227.40000000000006,-1,1.0,0.0,0.7894736842105263,0.21052631578947367,0.7619047619047619,0.23809523809523808
10,57,0.83,0.63,0.4,2.0476190476190474,182.59999999999997,-1,1.0,0.0,0.95,0.05,0.9230769230769231,0.07692307692307693
10,58,0.84,0.67,0.46511627906976744,1.8208955223880596,212.80000000000004,-1,1.0,0.0,0.7619047619047619,0.23809523809523808,0.7222222222222222,0.2777777777777778
10,59,0.89,0.72,0.43137254901960786,1.7638888888888888,231.00000000000003,3,1.0,0.0,0.6666666666666666,0.3333333333333333,0.75,0.25
10,60,0.79,0.58,0.5,2.103448275862069,195.4,-1,1.0,0.0,0.75,0.25,0.5333333333333333,0.4666666666666667
10,61,0.87,0.75,0.44680851063829785,1.7866666666666666,234.00000000000006,-1,1.0,0.0,0.7222222222222222,0.2777777777777778,0.75,0.25
10,62,0.86,0.68,0.39622641509433965,1.75,214.00000000000006,-1,1.0,0.0,0.7058823529411765,0.29411764705882354,0.7058823529411765,0.29411764705882354
10,63,0.86,0.66,0.4888888888888889,2.1666666666666665,207.39999999999998,-1,1.0,0.0,0.782608695652174,0.21739130434782608,0.7692307692307693,0.23076923076923078
10,64,0.85,0.68,0.42857142857142855,2.0,198.94000000000003,2,1.0,0.0,0.631578947368421,0.3684210526315789,0.6923076923076923,0.3076923076923077
10,65,0.88,0.73,0.32075471698113206,1.5616438356164384,210.05999999999997,1,1.0,0.0,0.9629629629629629,0.037037037037037035,0.6875,0.3125
11,0,0.8,0.59,,1.0,186.0,-1,1.0,0.0,0.8888888888888888,0.1111111111111111,0.7368421052631579,0.2631578947368421
11,1,0.89,0.64,0.47619047619047616,1.3125,190.00000000000003,-1,1.0,0.0,0.9047619047619048,0.09523809523809523,0.6666666666666666,0.3333333333333333
11,2,0.87,0.64,0.5,1.453125,197.20000000000002,-1,1.0,0.0,0.7368421052631579,0.2631578947368421,0.625,0.375
11,3,0.81,0.59,0.3170731707317073,1.4915254237288136,189.6,-1,1.0,0.0,0.8421052631578947,0.15789473684210525,0.5333333333333333,0.4666666666666667
11,4,0.78,0.61,0.3939393939393939,1.5081967213114753,188.79999999999995,-1,1.0,0.0,0.8,0.2,0.8125,0.1875
11,5,0.87,0.67,0.38636363636363635,1.6567164179104477,203.6,4,1.0,0.0,0.8,0.2,0.7692307692307693,0.23076923076923078
11,6,0.8,0.64,0.47619047619047616,1.765625,188.79999999999995,4,1.0,0.0,0.7894736842105263,0.21052631578947367,0.7272727272727273,0.2727272727272727
11,7,0.81,0.62,0.42857142857142855,1.7419354838709677,177.44,0,1.0,0.0,0.7916666666666666,0.20833333333333334,0.75,0.25
11,8,0.87,0.71,0.28888888888888886,1.6338028169014085,235.6,-1,1.0,0.0,0.8275862068965517,0.1724137931034483,0.4444444444444444,0.5555555555555556
11,9,0.78,0.62,0.4222222222222222,1.7258064516129032,192.08,0,1.0,0.0,0.7619047619047619,0.23809523809523808,0.6153846153846154,0.38461538461538464
11,10,0.88,0.72,0.4166666666666667,1.7638888888888888,223.00000000000003,-1,1.0,0.0,0.9166666666666666,0.08333333333333333,0.8125,0.1875
11,11,0.84,0.62,0.4444444444444444,1.8387096774193548,209.2,-1,1.0,0.0,0.9,0.1,0.8,0.2
11,12,0.81,0.7,0.35555555555555557,1.8285714285714285,213.99999999999997,-1,1.0,0.0,0.8125,0.1875,0.8333333333333334,0.16666666666666666
11,13,0.87,0.71,0.3404255319148936,1.7746478873239437,232.79999999999998,-1,1.0,0.0,0.7368421052631579,0.2631578947368421,0.7894736842105263,0.21052631578947367
11,14,0.82,0.65,0.37735849056603776,1.8615384615384616,200.79999999999995,-1,1.0,0.0,0.8333333333333334,0.16666666666666666,0.6428571428571429,0.35714285714285715
11,15,0.81,0.62,0.40476190476190477,1.6774193548387097,226.39999999999995,-1,1.0,0.0,0.8333333333333334,0.16666666666666666,0.5555555555555556,0.4444444444444444
11,16,0.86,0.71,0.4883720930232558,1.8450704225352113,221.19999999999996,-1,1.0,0.0,0.6875,0.3125,0.6428571428571429,0.35714285714285715
11,17,0.87,0.68,0.46808510638297873,1.8676470588235294,199.2,-1,1.0,0.0,0.9047619047619048,0.09523809523809523,0.8461538461538461,0.15384615384615385
11,18,0.85,0.69,0.4166666666666667,1.7826086956521738,236.0,-1,1.0,0.0,0.84,0.16,0.5263157894736842,0.47368421052631576
11,19,0.82,0.66,0.4117647058823529,1.8333333333333333,223.19999999999996,-1,1.0,0.0,0.8181818181818182,0.18181818181818182,0.6470588235294118,0.35294117647058826
11,20,0.81,0.59,0.5142857142857142,1.9830508474576272,175.2,-1,1.0,0.0,0.7777777777777778,0.2222222222222222,0.7777777777777778,0.2222222222222222
11,21,0.81,0.58,0.5135135135135135,2.0689655172413794,187.8,-1,1.0,0.0,0.7,0.3,0.7272727272727273,0.2727272727272727
11,22,0.85,0.65,0.4473684210526316,2.169230769230769,217.79999999999998,-1,1.0,0.0,0.6818181818181818,0.3181818181818182,0.6666666666666666,0.3333333333333333
11,23,0.85,0.64,0.391304347826087,2.109375,205.09999999999997,3,1.0,0.0,0.7142857142857143,0.2857142857142857,0.7333333333333333,0.26666666666666666
11,24,0.83,0.64,0.5609756097560976,2.25,196.39999999999998,-1,1.0,0.0,0.8947368421052632,0.10526315789473684,0.8666666666666667,0.13333333333333333
11,25,0.85,0.66,0.45,1.7575757575757576,207.59999999999997,-1,1.0,0.0,0.5555555555555556,0.4444444444444444,0.8333333333333334,0.16666666666666666
11,26,0.88,0.67,0.5454545454545454,2.1791044776119404,208.99999999999997,-1,1.0,0.0,0.7222222222222222,0.2777777777777778,0.8461538461538461,0.15384615384615385
11,27,0.78,0.59,0.4146341463414634,1.9491525423728813,189.99999999999997,-1,1.0,0.0,0.9,0.1,0.5,0.5
11,28,0.84,0.66,0.42105263157894735,2.0606060606060606,199.99999999999997,-1,1.0,0.0,0.5625,0.4375,0.8181818181818182,0.18181818181818182
11,29,0.84,0.63,0.4146341463414634,1.7936507936507937,191.19999999999996,-1,1.0,0.0,0.8888888888888888,0.1111111111111111,0.6,0.4
11,30,0.89,0.67,0.4883720930232558,1.9104477611940298,193.76000000000005,2,1.0,0.0,0.7727272727272727,0.22727272727272727,0.8461538461538461,0.15384615384615385
11,31,0.89,0.7,0.425531914893617,2.342857142857143,204.2,-1,1.0,0.0,0.8125,0.1875,0.6363636363636364,0.36363636363636365
11,32,0.87,0.66,0.3877551020408163,2.1363636363636362,207.79999999999998,-1,1.0,0.0,0.8125,0.1875,0.5384615384615384,0.46153846153846156
11,33,0.87,0.64,0.4146341463414634,2.1875,208.19999999999996,-1,1.0,0.0,0.8666666666666667,0.13333333333333333,0.6,0.4
11,34,0.83,0.7,0.3958333333333333,1.7571428571428571,220.20000000000005,-1,1.0,0.0,0.8571428571428571,0.14285714285714285,0.75,0.25
11,35,0.83,0.7,0.30612244897959184,1.7,202.60000000000002,-1,1.0,0.0,0.8695652173913043,0.13043478260869565,0.7692307692307693,0.23076923076923078
11,36,0.79,0.63,0.3125,1.7142857142857142,206.8,-1,1.0,0.0,0.6363636363636364,0.36363636363636365,0.6,0.4
11,37,0.89,0.63,0.4146341463414634,1.8412698412698412,215.99999999999997,-1,1.0,0.0,0.7083333333333334,0.2916666666666667,0.7333333333333333,0.26666666666666666
11,38,0.9,0.65,0.48717948717948717,2.0923076923076924,204.40000000000006,-1,1.0,0.0,0.9583333333333334,0.041666666666666664,0.7333333333333333,0.26666666666666666
11,39,0.87,0.71,0.425531914893617,1.9154929577464788,249.0,-1,1.0,0.0,0.7272727272727273,0.2727272727272727,0.5882352941176471,0.4117647058823529
11,40,0.87,0.71,0.4339622641509434,1.676056338028169,227.52000000000004,4,1.0,0.0,0.7692307692307693,0.23076923076923078,0.7142857142857143,0.2857142857142857
11,41,0.85,0.72,0.47058823529411764,1.9722222222222223,217.8,-1,1.0,0.0,0.6875,0.3125,0.6666666666666666,0.3333333333333333
11,42,0.92,0.64,0.5,2.109375,187.31999999999996,2,1.0,0.0,0.6875,0.3125,0.7857142857142857,0.21428571428571427
11,43,0.85,0.75,0.4583333333333333,2.0,235.0,-1,1.0,0.0,0.7,0.3,0.7333333333333333,0.26666666666666666
11,44,0.79,0.64,0.574468085106383,2.25,193.20000000000005,-1,1.0,0.0,0.7368421052631579,0.2631578947368421,0.8,0.2
11,45,0.86,0.7,0.26666666666666666,1.6857142857142857,244.60000000000002,-1,1.0,0.0,0.84,0.16,0.7368421052631579,0.2631578947368421
11,46,0.86,0.66,0.3541666666666667,1.803030303030303,200.90000000000003,4,1.0,0.0,0.782608695652174,0.21739130434782608,0.7857142857142857,0.21428571428571427
11,47,0.81,0.63,0.38636363636363635,1.8253968253968254,208.2,-1,1.0,0.0,0.7142857142857143,0.2857142857142857,0.6470588235294118,0.35294117647058826
11,48,0.83,0.67,0.4358974358974359,2.1343283582089554,197.59999999999997,-1,1.0,0.0,0.95,0.05,0.8571428571428571,0.14285714285714285
11,49,0.81,0.67,0.4489795918367347,2.2388059701492535,191.60000000000002,-1,1.0,0.0,0.7333333333333333,0.26666666666666666,0.7857142857142857,0.21428571428571427
11,50,0.87,0.71,0.47058823529411764,1.9859154929577465,229.59999999999994,-1,1.0,0.0,0.5263157894736842,0.47368421052631576,0.7692307692307693,0.23076923076923078
11,51,0.89,0.71,0.38461538461538464,1.9295774647887325,234.6,-1,1.0,0.0,0.8076923076923077,0.19230769230769232,0.8333333333333334,0.16666666666666666
11,52,0.85,0.76,0.4444444444444444,1.9605263157894737,242.32000000000005,2,1.0,0.0,0.55,0.45,0.7368421052631579,0.2631578947368421
11,53,0.87,0.68,0.40816326530612246,1.9264705882352942,226.8,-1,1.0,0.0,0.8095238095238095,0.19047619047619047,0.5384615384615384,0.46153846153846156
11,54,0.79,0.62,0.425,1.9838709677419355,210.40000000000006,-1,1.0,0.0,0.7391304347826086,0.2608695652173913,0.625,0.375
11,55,0.85,0.59,0.41025641025641024,1.7966101694915255,187.19999999999996,-1,1.0,0.0,0.8421052631578947,0.15789473684210525,0.7272727272727273,0.2727272727272727
11,56,0.83,0.69,0.4634146341463415,2.2028985507246377,187.92000000000002,1,1.0,0.0,0.8,0.2,0.8235294117647058,0.17647058823529413
11,57,0.82,0.64,0.425531914893617,1.90625,191.39999999999998,-1,1.0,0.0,0.75,0.25,0.7777777777777778,0.2222222222222222
11,58,0.84,0.67,0.4318181818181818,2.0,230.39999999999998,-1,1.0,0.0,0.7,0.3,0.8125,0.1875
11,59,0.87,0.71,0.425531914893617,1.9014084507042253,220.60000000000008,-1,1.0,0.0,0.7272727272727273,0.2727272727272727,0.7692307692307693,0.23076923076923078
11,60,0.91,0.75,0.32727272727272727,1.9466666666666668,219.80000000000007,-1,1.0,0.0,0.88,0.12,0.625,0.375
11,61,0.87,0.67,0.5686274509803921,2.283582089552239,204.60000000000008,-1,1.0,0.0,0.8421052631578947,0.15789473684210525,0.7142857142857143,0.2857142857142857
11,62,0.83,0.67,0.41304347826086957,2.044776119402985,201.2,-1,1.0,0.0,0.8421052631578947,0.15789473684210525,0.8666666666666667,0.13333333333333333
11,63,0.88,0.65,0.4444444444444444,1.9692307692307693,210.48,4,1.0,0.0,0.6666666666666666,0.3333333333333333,0.6842105263157895,0.3157894736842105
11,64,0.85,0.72,0.574468085106383,2.0694444444444446,216.6,-1,1.0,0.0,0.7777777777777778,0.2222222222222222,0.6363636363636364,0.36363636363636365
11,65,0.85,0.65,0.4583333333333333,2.076923076923077,182.19999999999993,-1,1.0,0.0,0.9285714285714286,0.07142857142857142,0.75,0.25
12,0,0.83,0.69,,1.0,202.0,-1,1.0,0.0,0.6875,0.3125,0.7777777777777778,0.2222222222222222
12,1,0.87,0.72,0.37735849056603776,1.2777777777777777,218.40000000000006,-1,1.0,0.0,0.8333333333333334,0.16666666666666666,0.6666666666666666,0.3333333333333333
12,2,0.83,0.62,0.4772727272727273,1.5,182.8,-1,1.0,0.0,0.625,0.375,0.7272727272727273,0.2727272727272727
12,3,0.86,0.68,0.3111111111111111,1.5147058823529411,221.99999999999997,-1,1.0,0.0,0.782608695652174,0.21739130434782608,0.6666666666666666,0.3333333333333333
12,4,0.85,0.69,0.2826086956521739,1.5072463768115942,210.4,-1,1.0,0.0,0.7368421052631579,0.2631578947368421,0.8,0.2
12,5,0.82,0.67,0.4222222222222222,1.6119402985074627,198.4,-1,1.0,0.0,0.7222222222222222,0.2777777777777778,0.8571428571428571,0.14285714285714285
12,6,0.86,0.73,0.45098039215686275,1.7808219178082192,219.59999999999997,2,1.0,0.0,0.7692307692307693,0.23076923076923078,0.8,0.2
12,7,0.81,0.67,0.4,1.8955223880597014,213.79999999999995,2,1.0,0.0,0.7727272727272727,0.22727272727272727,0.6428571428571429,0.35714285714285715
12,8,0.79,0.58,0.38095238095238093,1.8620689655172413,186.79999999999995,-1,1.0,0.0,0.8947368421052632,0.10526315789473684,0.6923076923076923,0.3076923076923077
12,9,0.83,0.62,0.47368421052631576,1.8387096774193548,201.59999999999997,-1,1.0,0.0,0.8148148148148148,0.18518518518518517,0.7272727272727273,0.2727272727272727
12,10,0.78,0.61,0.4418604651162791,1.819672131147541,177.59999999999997,-1,1.0,0.0,0.9047619047619048,0.09523809523809523,0.8181818181818182,0.18181818181818182
12,11,0.84,0.72,0.6190476190476191,2.1527777777777777,211.6,-1,1.0,0.0,1.0,0.0,0.6666666666666666,0.3333333333333333
12,12,0.88,0.67,0.4489795918367347,2.08955223880597,201.6,-1,1.0,0.0,0.9166666666666666,0.08333333333333333,0.8181818181818182,0.18181818181818182
12,13,0.84,0.72,0.4117647058823529,2.0555555555555554,244.8,-1,1.0,0.0,0.8275862068965517,0.1724137931034483,0.6,0.4
12,14,0.84,0.7,0.4166666666666667,2.0714285714285716,216.20000000000005,-1,1.0,0.0,0.8888888888888888,0.1111111111111111,0.7894736842105263,0.21052631578947367
12,15,0.79,0.64,0.46511627906976744,2.046875,208.79999999999998,-1,1.0,0.0,0.8095238095238095,0.19047619047619047,0.6428571428571429,0.35714285714285715
12,16,0.88,0.7,0.3181818181818182,1.7571428571428571,226.79999999999995,-1,1.0,0.0,0.75,0.25,0.6153846153846154,0.38461538461538464
12,17,0.85,0.64,0.5,2.0,198.39999999999998,-1,1.0,0.0,0.7894736842105263,0.21052631578947367,0.5,0.5
12,18,0.88,0.72,0.3111111111111111,1.9166666666666667,241.79999999999998,3,1.0,0.0,0.7142857142857143,0.2857142857142857,0.7058823529411765,0.29411764705882354
12,19,0.79,0.64,0.4186046511627907,1.796875,201.79999999999995,-1,1.0,0.0,0.7,0.3,0.7857142857142857,0.21428571428571427
12,20,0.82,0.66,0.5,2.0,205.79999999999995,-1,1.0,0.0,0.7894736842105263,0.21052631578947367,0.45454545454545453,0.5454545454545454
12,21,0.84,0.69,0.3404255319148936,1.9420289855072463,198.88,1,1.0,0.0,0.7,0.3,0.7142857142857143,0.2857142857142857
12,22,0.89,0.73,0.5192307692307693,2.219178082191781,202.22,2,1.0,0.0,0.8571428571428571,0.14285714285714285,0.6,0.4
12,23,0.84,0.64,0.42,1.84375,207.39999999999998,-1,1.0,0.0,0.8421052631578947,0.15789473684210525,0.5714285714285714,0.42857142857142855
12,24,0.85,0.68,0.3333333333333333,1.911764705882353,223.19999999999993,-1,1.0,0.0,0.75,0.25,0.875,0.125
12,25,0.79,0.66,0.37777777777777777,2.015151515151515,218.99999999999994,-1,1.0,0.0,0.7333333333333333,0.26666666666666666,0.6875,0.3125
12,26,0.81,0.63,0.32558139534883723,1.6031746031746033,209.99999999999997,-1,1.0,0.0,0.9,0.1,0.5333333333333333,0.4666666666666667
12,27,0.82,0.65,0.45454545454545453,1.7692307692307692,195.2,-1,1.0,0.0,0.8947368421052632,0.10526315789473684,0.6363636363636364,0.36363636363636365
12,28,0.86,0.75,0.39622641509433965,1.9733333333333334,228.20000000000005,-1,1.0,0.0,0.8095238095238095,0.19047619047619047,0.8,0.2
12,29,0.81,0.66,0.45098039215686275,1.893939393939394,211.39999999999998,-1,1.0,0.0,0.88,0.12,0.6923076923076923,0.3076923076923077
12,30,0.86,0.67,0.5714285714285714,2.074626865671642,188.4,-1,1.0,0.0,0.9375,0.0625,0.75,0.25
12,31,0.83,0.66,0.3877551020408163,2.0606060606060606,212.33999999999997,2,1.0,0.0,0.7,0.3,0.625,0.375
12,32,0.88,0.69,0.4583333333333333,2.0869565217391304,215.20000000000005,-1,1.0,0.0,0.9090909090909091,0.09090909090909091,0.6428571428571429,0.35714285714285715
12,33,0.87,0.67,0.5227272727272727,2.1343283582089554,195.60000000000002,-1,1.0,0.0,0.8333333333333334,0.16666666666666666,0.8571428571428571,0.14285714285714285
12,34,0.82,0.71,0.5319148936170213,2.211267605633803,234.2,-1,1.0,0.0,0.7058823529411765,0.29411764705882354,0.6842105263157895,0.3157894736842105
12,35,0.87,0.66,0.6041666666666666,2.6363636363636362,198.48,0,1.0,0.0,0.7368421052631579,0.2631578947368421,0.5,0.5
12,36,0.8,0.65,0.5116279069767442,2.723076923076923,208.0,-1,1.0,0.0,0.9130434782608695,0.08695652173913043,0.7272727272727273,0.2727272727272727
12,37,0.91,0.77,0.4423076923076923,2.168831168831169,254.6,-1,1.0,0.0,0.7272727272727273,0.2727272727272727,0.6111111111111112,0.3888888888888889
12,38,0.89,0.75,0.4838709677419355,2.2933333333333334,260.0,-1,1.0,0.0,0.6923076923076923,0.3076923076923077,0.6,0.4
12,39,0.81,0.68,0.4166666666666667,2.1176470588235294,216.0,-1,1.0,0.0,0.7222222222222222,0.2777777777777778,0.8461538461538461,0.15384615384615385
12,40,0.83,0.69,0.5,2.318840579710145,206.51999999999998,2,1.0,0.0,0.65,0.35,0.8333333333333334,0.16666666666666666
12,41,0.82,0.69,0.4117647058823529,2.0434782608695654,230.79999999999998,-1,1.0,0.0,0.6190476190476191,0.38095238095238093,0.5,0.5
12,42,0.88,0.69,0.44680851063829785,2.2318840579710146,218.19999999999996,-1,1.0,0.0,0.7142857142857143,0.2857142857142857,0.8181818181818182,0.18181818181818182
12,43,0.88,0.77,0.34545454545454546,1.9610389610389611,242.40000000000003,-1,1.0,0.0,0.7619047619047619,0.23809523809523808,0.5384615384615384,0.46153846153846156
12,44,0.86,0.73,0.39285714285714285,1.63013698630137,218.00000000000003,-1,1.0,0.0,0.9545454545454546,0.045454545454545456,0.6,0.4
12,45,0.82,0.67,0.45098039215686275,1.7313432835820894,212.26000000000005,2,1.0,0.0,0.9166666666666666,0.08333333333333333,0.5625,0.4375
12,46,0.91,0.76,0.3877551020408163,1.9078947368421053,210.71999999999997,0,1.0,0.0,0.8571428571428571,0.14285714285714285,0.8571428571428571,0.14285714285714285
12,47,0.85,0.72,0.41818181818181815,1.9305555555555556,229.0,-1,1.0,0.0,0.8333333333333334,0.16666666666666666,0.75,0.25
12,48,0.84,0.64,0.4,1.953125,188.40000000000003,-1,1.0,0.0,0.875,0.125,0.75,0.25
12,49,0.84,0.57,0.425,1.8421052631578947,184.2,-1,1.0,0.0,0.8636363636363636,0.13636363636363635,0.6666666666666666,0.3333333333333333
12,50,0.73,0.64,0.4444444444444444,1.953125,185.4,-1,1.0,0.0,0.875,0.125,0.8461538461538461,0.15384615384615385
12,51,0.86,0.68,0.41304347826086957,1.8970588235294117,224.8,-1,1.0,0.0,0.5789473684210527,0.42105263157894735,0.625,0.375
12,52,0.84,0.68,0.3541666666666667,1.8529411764705883,227.40000000000003,-1,1.0,0.0,0.88,0.12,0.7058823529411765,0.29411764705882354
12,53,0.79,0.65,0.4,1.676923076923077,197.20000000000005,-1,1.0,0.0,0.8695652173913043,0.13043478260869565,0.75,0.25
12,54,0.91,0.74,0.42,1.7837837837837838,245.20000000000005,-1,1.0,0.0,0.782608695652174,0.21739130434782608,0.6842105263157895,0.3157894736842105
12,55,0.82,0.69,0.37254901960784315,1.7681159420289856,206.29999999999998,0,1.0,0.0,0.8333333333333334,0.16666666666666666,0.7333333333333333,0.26666666666666666
12,56,0.82,0.64,0.4186046511627907,1.71875,195.12,2,1.0,0.0,0.7894736842105263,0.21052631578947367,0.5454545454545454,0.45454545454545453
12,57,0.87,0.71,0.5319148936170213,1.971830985915493,217.6,-1,1.0,0.0,0.75,0.25,0.6428571428571429,0.35714285714285715
12,58,0.88,0.77,0.4074074074074074,1.974025974025974,246.60000000000002,-1,1.0,0.0,0.875,0.125,0.6153846153846154,0.38461538461538464
12,59,0.87,0.67,0.40384615384615385,2.014925373134328,210.92000000000007,4,0.9767441860465116,0.023255813953488372,0.9285714285714286,0.07142857142857142,0.75,0.25
12,60,0.87,0.74,0.4,2.108108108108108,218.00000000000006,-1,1.0,0.0,0.85,0.15,0.6363636363636364,0.36363636363636365
12,61,0.85,0.76,0.559322033898305,2.460526315789474,211.0000000000001,-1,1.0,0.0,0.8571428571428571,0.14285714285714285,0.8333333333333334,0.16666666666666666
12,62,0.87,0.74,0.39285714285714285,1.9594594594594594,227.0,-1,1.0,0.0,0.7058823529411765,0.29411764705882354,0.875,0.125
12,63,0.86,0.71,0.44,2.183098591549296,223.20000000000005,-1,1.0,0.0,0.7083333333333334,0.2916666666666667,0.7272727272727273,0.2727272727272727
12,64,0.89,0.73,0.3076923076923077,1.904109589041096,230.50000000000003,3,1.0,0.0,0.8666666666666667,0.13333333333333333,0.6923076923076923,0.3076923076923077
12,65,0.88,0.66,0.4807692307692308,2.090909090909091,214.4,-1,1.0,0.0,0.8333333333333334,0.16666666666666666,0.3,0.7
13,0,0.9,0.63,,1.0,178.0,-1,1.0,0.0,0.7916666666666666,0.20833333333333334,0.8333333333333334,0.16666666666666666
13,1,0.83,0.66,0.4883720930232558,1.3181818181818181,175.40000000000006,-1,1.0,0.0,0.8666666666666667,0.13333333333333333,0.8571428571428571,0.14285714285714285
13,2,0.76,0.53,0.4444444444444444,1.509433962264151,160.6,-1,1.0,0.0,0.8947368421052632,0.10526315789473684,0.7692307692307693,0.23076923076923078
13,3,0.77,0.56,0.45161290322580644,1.6964285714285714,179.99999999999994,-1,1.0,0.0,0.8125,0.1875,0.8,0.2
13,4,0.88,0.72,0.5348837209302325,1.7638888888888888,220.79999999999998,-1,1.0,0.0,0.8333333333333334,0.16666666666666666,0.6363636363636364,0.36363636363636365
13,5,0.83,0.71,0.4807692307692308,1.732394366197183,213.19999999999996,-1,1.0,0.0,0.875,0.125,0.6363636363636364,0.36363636363636365
13,6,0.85,0.69,0.36538461538461536,1.5942028985507246,212.79999999999995,-1,1.0,0.0,0.8235294117647058,0.17647058823529413,0.75,0.25
13,7,0.94,0.74,0.5283018867924528,1.9864864864864864,240.4,-1,1.0,0.0,0.7222222222222222,0.2777777777777778,0.7619047619047619,0.23809523809523808
13,8,0.82,0.61,0.3617021276595745,1.721311475409836,187.99999999999997,-1,1.0,0.0,0.7647058823529411,0.23529411764705882,0.7692307692307693,0.23076923076923078
13,9,0.84,0.61,0.6052631578947368,2.098360655737705,188.79999999999998,-1,1.0,0.0,0.6666666666666666,0.3333333333333333,0.8181818181818182,0.18181818181818182
13,10,0.89,0.71,0.6444444444444445,2.23943661971831,219.20000000000002,-1,1.0,0.0,0.8333333333333334,0.16666666666666666,0.6875,0.3125
13,11,0.82,0.63,0.46511627906976744,2.253968253968254,203.59999999999997,-1,1.0,0.0,0.7272727272727273,0.2727272727272727,0.75,0.25
13,12,0.88,0.69,0.3333333333333333,1.9565217391304348,223.60000000000002,-1,1.0,0.0,0.8260869565217391,0.17391304347826086,0.6666666666666666,0.3333333333333333
13,13,0.81,0.67,0.45652173913043476,2.1492537313432836,211.2,-1,1.0,0.0,0.8461538461538461,0.15384615384615385,0.7272727272727273,0.2727272727272727
13,14,0.88,0.74,0.4,1.9594594594594594,235.6,-1,1.0,0.0,0.88,0.12,0.6875,0.3125
13,15,0.82,0.58,0.4888888888888889,2.1379310344827585,194.99999999999997,4,1.0,0.0,0.6666666666666666,0.3333333333333333,0.8125,0.1875
13,16,0.85,0.65,0.5,2.2153846153846155,201.79999999999995,-1,1.0,0.0,0.6842105263157895,0.3157894736842105,0.8461538461538461,0.15384615384615385
13,17,0.89,0.7,0.4791666666666667,2.3285714285714287,211.19999999999996,4,1.0,0.0,0.8,0.2,0.7692307692307693,0.23076923076923078
13,18,0.84,0.67,0.3,2.283582089552239,216.59999999999997,-1,1.0,0.0,0.85,0.15,0.75,0.25
13,19,0.81,0.65,0.391304347826087,1.8153846153846154,212.20000000000002,-1,1.0,0.0,0.7619047619047619,0.23809523809523808,0.7142857142857143,0.2857142857142857
13,20,0.86,0.64,0.4146341463414634,1.9375,189.59999999999997,-1,1.0,0.0,0.8333333333333334,0.16666666666666666,0.9166666666666666,0.08333333333333333
13,21,0.81,0.63,0.325,1.8412698412698412,203.99999999999994,-1,1.0,0.0,0.7058823529411765,0.29411764705882354,0.7647058823529411,0.23529411764705882
13,22,0.89,0.75,0.4489795918367347,1.9733333333333334,228.6,-1,1.0,0.0,0.8181818181818182,0.18181818181818182,0.6,0.4
13,23,0.84,0.63,0.5,2.0634920634920637,200.09999999999997,2,1.0,0.0,0.625,0.375,0.6875,0.3125
13,24,0.87,0.66,0.358974358974359,1.878787878787879,207.8,-1,1.0,0.0,0.8571428571428571,0.14285714285714285,0.7333333333333333,0.26666666666666666
13,25,0.83,0.63,0.40476190476190477,1.873015873015873,205.19999999999996,-1,1.0,0.0,0.8571428571428571,0.14285714285714285,0.4166666666666667,0.5833333333333334
13,26,0.85,0.62,0.46511627906976744,2.3870967741935485,192.79999999999998,-1,1.0,0.0,0.75,0.25,0.7333333333333333,0.26666666666666666
13,27,0.82,0.69,0.35714285714285715,1.855072463768116,214.8,-1,1.0,0.0,0.6428571428571429,0.35714285714285715,0.7058823529411765,0.29411764705882354
13,28,0.88,0.69,0.5106382978723404,2.1594202898550723,222.0,-1,1.0,0.0,0.8148148148148148,0.18518518518518517,0.8125,0.1875
13,29,0.81,0.67,0.38,2.014925373134328,216.60000000000002,-1,1.0,0.0,0.6842105263157895,0.3157894736842105,0.7647058823529411,0.23529411764705882
13,30,0.75,0.54,0.47058823529411764,2.3333333333333335,161.79999999999998,-1,1.0,0.0,0.5454545454545454,0.45454545454545453,0.625,0.375
13,31,0.88,0.66,0.5294117647058824,2.121212121212121,206.39999999999995,-1,1.0,0.0,0.7058823529411765,0.29411764705882354,0.75,0.25
13,32,0.79,0.63,0.38636363636363635,1.7619047619047619,200.99999999999994,-1,1.0,0.0,0.7368421052631579,0.2631578947368421,0.6,0.4
13,33,0.84,0.65,0.4634146341463415,2.3384615384615386,208.2,-1,1.0,0.0,0.7272727272727273,0.2727272727272727,0.5555555555555556,0.4444444444444444
13,34,0.9,0.77,0.45098039215686275,2.2987012987012987,231.60000000000005,-1,1.0,0.0,0.9,0.1,0.8125,0.1875
13,35,0.8,0.61,0.3958333333333333,2.0655737704918034,180.00000000000003,-1,1.0,0.0,0.5263157894736842,0.47368421052631576,0.8333333333333334,0.16666666666666666
13,36,0.81,0.61,0.36585365853658536,1.9836065573770492,193.2,-1,1.0,0.0,0.8695652173913043,0.13043478260869565,0.7692307692307693,0.23076923076923078
13,37,0.8,0.58,0.36363636363636365,2.0,177.20000000000002,-1,1.0,0.0,0.8,0.2,0.5454545454545454,0.45454545454545453
13,38,0.78,0.58,0.4594594594594595,2.2413793103448274,194.79999999999995,-1,1.0,0.0,0.7619047619047619,0.23809523809523808,0.6363636363636364,0.36363636363636365
13,39,0.85,0.74,0.4318181818181818,2.22972972972973,206.72000000000003,0,1.0,0.0,0.84,0.16,0.7692307692307693,0.23076923076923078
13,40,0.83,0.76,0.543859649122807,2.263157894736842,231.79999999999998,-1,1.0,0.0,0.7727272727272727,0.22727272727272727,0.7142857142857143,0.2857142857142857
13,41,0.84,0.64,0.40384615384615385,2.015625,206.99999999999994,-1,1.0,0.0,0.7619047619047619,0.23809523809523808,0.5555555555555556,0.4444444444444444
13,42,0.85,0.61,0.34210526315789475,1.9508196721311475,200.0,-1,1.0,0.0,0.9047619047619048,0.09523809523809523,0.7333333333333333,0.26666666666666666
13,43,0.88,0.7,0.4418604651162791,1.9142857142857144,226.8,-1,1.0,0.0,0.782608695652174,0.21739130434782608,0.625,0.375
13,44,0.9,0.79,0.39655172413793105,2.0759493670886076,227.00000000000003,-1,1.0,0.0,0.8421052631578947,0.15789473684210525,0.7142857142857143,0.2857142857142857
13,45,0.92,0.75,0.4426229508196721,2.066666666666667,238.8,-1,1.0,0.0,0.75,0.25,0.7368421052631579,0.2631578947368421
13,46,0.83,0.7,0.42857142857142855,1.8142857142857143,200.00000000000009,-1,1.0,0.0,0.9090909090909091,0.09090909090909091,0.75,0.25
13,47,0.92,0.75,0.40384615384615385,2.0533333333333332,235.40000000000006,-1,1.0,0.0,0.8076923076923077,0.19230769230769232,0.7894736842105263,0.21052631578947367
13,48,0.82,0.68,0.4423076923076923,1.8676470588235294,213.40000000000003,-1,1.0,0.0,0.8333333333333334,0.16666666666666666,0.7272727272727273,0.2727272727272727
13,49,0.83,0.68,0.425531914893617,1.7205882352941178,170.88,0,1.0,0.0,0.9,0.1,0.8888888888888888,0.1111111111111111
13,50,0.84,0.63,0.3023255813953488,1.873015873015873,190.4,-1,1.0,0.0,0.8,0.2,0.8,0.2
13,51,0.84,0.63,0.4634146341463415,2.0,173.79999999999998,-1,1.0,0.0,0.8235294117647058,0.17647058823529413,0.875,0.125
13,52,0.89,0.72,0.5434782608695652,2.0416666666666665,231.60000000000002,-1,1.0,0.0,0.782608695652174,0.21739130434782608,0.7222222222222222,0.2777777777777778
13,53,0.9,0.74,0.41509433962264153,2.175675675675676,225.60000000000002,-1,1.0,0.0,0.7647058823529411,0.23529411764705882,0.8888888888888888,0.1111111111111111
13,54,0.81,0.65,0.3829787234042553,2.0153846153846153,207.40000000000003,-1,1.0,0.0,0.8947368421052632,0.10526315789473684,0.7222222222222222,0.2777777777777778
13,55,0.85,0.68,0.29545454545454547,1.6911764705882353,209.36000000000004,2,1.0,0.0,0.8076923076923077,0.19230769230769232,0.8823529411764706,0.11764705882352941
13,56,0.82,0.65,0.43478260869565216,1.7846153846153847,193.60000000000002,-1,1.0,0.0,0.7727272727272727,0.22727272727272727,0.9285714285714286,0.07142857142857142
13,57,0.8,0.66,0.38636363636363635,1.9848484848484849,209.0,-1,1.0,0.0,0.8,0.2,0.7142857142857143,0.2857142857142857
13,58,0.84,0.63,0.4878048780487805,1.9047619047619047,199.40000000000003,-1,1.0,0.0,0.85,0.15,0.8125,0.1875
13,59,0.82,0.71,0.4782608695652174,2.0985915492957745,222.8,-1,1.0,0.0,0.7894736842105263,0.21052631578947367,0.6875,0.3125
13,60,0.87,0.7,0.38461538461538464,1.9857142857142858,195.80000000000004,-1,1.0,0.0,0.8947368421052632,0.10526315789473684,0.8666666666666667,0.13333333333333333
13,61,0.85,0.65,0.29545454545454547,1.7230769230769232,210.0,-1,1.0,0.0,0.6666666666666666,0.3333333333333333,0.75,0.25
13,62,0.86,0.67,0.43478260869565216,1.9104477611940298,204.60000000000005,-1,1.0,0.0,0.8947368421052632,0.10526315789473684,0.6666666666666666,0.3333333333333333
13,63,0.85,0.71,0.4090909090909091,1.9577464788732395,210.80000000000004,-1,1.0,0.0,0.6818181818181818,0.3181818181818182,0.9230769230769231,0.07692307692307693
13,64,0.87,0.7,0.38461538461538464,2.0,195.8,-1,1.0,0.0,0.8666666666666667,0.13333333333333333,0.6363636363636364,0.36363636363636365
13,65,0.78,0.63,0.5,1.9206349206349207,195.20000000000005,-1,1.0,0.0,0.7894736842105263,0.21052631578947367,0.5454545454545454,0.45454545454545453
14,0,0.82,0.61,,1.0,177.0,4,1.0,0.0,0.75,0.25,0.75,0.25
14,1,0.84,0.59,0.4358974358974359,1.2881355932203389,197.20000000000005,2,1.0,0.0,0.7083333333333334,0.2916666666666667,0.6153846153846154,0.38461538461538464
14,2,0.89,0.71,0.40476190476190477,1.408450704225352,205.80000000000007,-1,1.0,0.0,0.88,0.12,0.7857142857142857,0.21428571428571427
14,3,0.87,0.72,0.37735849056603776,1.4305555555555556,233.2,-1,1.0,0.0,0.88,0.12,0.6875,0.3125
14,4,0.88,0.73,0.4117647058823529,1.643835616438356,217.40000000000006,-1,1.0,0.0,0.95,0.05,0.7647058823529411,0.23529411764705882
14,5,0.87,0.72,0.37735849056603776,1.5416666666666667,199.99999999999997,2,1.0,0.0,0.7777777777777778,0.2222222222222222,0.7857142857142857,0.21428571428571427
14,6,0.83,0.59,0.27906976744186046,1.5593220338983051,197.19999999999996,-1,1.0,0.0,0.75,0.25,0.7142857142857143,0.2857142857142857
14,7,0.84,0.63,0.46153846153846156,1.6666666666666667,194.39999999999998,-1,1.0,0.0,0.9047619047619048,0.09523809523809523,0.7692307692307693,0.23076923076923078
14,8,0.77,0.59,0.475,1.728813559322034,174.39999999999998,-1,1.0,0.0,0.7692307692307693,0.23076923076923078,0.7857142857142857,0.21428571428571427
14,9,0.79,0.63,0.375,1.7142857142857142,198.79999999999995,-1,1.0,0.0,0.8125,0.1875,0.45454545454545453,0.5454545454545454
14,10,0.89,0.68,0.525,2.014705882352941,222.6,4,1.0,0.0,0.7857142857142857,0.21428571428571427,0.8571428571428571,0.14285714285714285
14,11,0.88,0.74,0.48148148148148145,2.0675675675675675,230.39999999999998,-1,1.0,0.0,0.7727272727272727,0.22727272727272727,0.7333333333333333,0.26666666666666666
14,12,0.84,0.74,0.4642857142857143,2.081081081081081,239.0,-1,1.0,0.0,0.7368421052631579,0.2631578947368421,0.6470588235294118,0.35294117647058826
14,13,0.75,0.65,0.5,2.1076923076923078,209.20000000000002,-1,1.0,0.0,0.8947368421052632,0.10526315789473684,0.46153846153846156,0.5384615384615384
14,14,0.9,0.67,0.4772727272727273,2.0597014925373136,202.99999999999997,-1,1.0,0.0,0.782608695652174,0.21739130434782608,0.5555555555555556,0.4444444444444444
14,15,0.86,0.68,0.34782608695652173,1.911764705882353,213.99999999999997,-1,1.0,0.0,0.8947368421052632,0.10526315789473684,0.5,0.5
14,16,0.85,0.69,0.391304347826087,2.0869565217391304,206.2,2,1.0,0.0,0.7916666666666666,0.20833333333333334,0.8666666666666667,0.13333333333333333
14,17,0.92,0.76,0.40384615384615385,2.1447368421052633,232.00000000000003,-1,1.0,0.0,0.8571428571428571,0.14285714285714285,0.75,0.25
14,18,0.79,0.68,0.48148148148148145,2.0441176470588234,202.0,-1,1.0,0.0,0.9545454545454546,0.045454545454545456,0.7857142857142857,0.21428571428571427
14,19,0.89,0.72,0.46296296296296297,2.111111111111111,231.40000000000003,-1,1.0,0.0,0.8076923076923077,0.19230769230769232,0.5454545454545454,0.45454545454545453
14,20,0.84,0.72,0.41509433962264153,2.0,221.40000000000003,-1,1.0,0.0,0.8181818181818182,0.18181818181818182,0.6153846153846154,0.38461538461538464
14,21,0.89,0.76,0.41818181818181815,1.9736842105263157,232.40000000000003,-1,1.0,0.0,0.84,0.16,0.7333333333333333,0.26666666666666666
14,22,0.83,0.73,0.25925925925925924,1.7123287671232876,216.20000000000005,-1,1.0,0.0,0.782608695652174,0.21739130434782608,0.7,0.3
14,23,0.86,0.73,0.45454545454545453,1.8082191780821917,237.40000000000003,-1,1.0,0.0,0.5,0.5,0.7142857142857143,0.2857142857142857
14,24,0.88,0.7,0.47058823529411764,2.0285714285714285,211.0,-1,1.0,0.0,0.8,0.2,0.6363636363636364,0.36363636363636365
14,25,0.78,0.59,0.4318181818181818,2.016949152542373,189.2,-1,1.0,0.0,0.7647058823529411,0.23529411764705882,0.7857142857142857,0.21428571428571427
14,26,0.81,0.66,0.6153846153846154,2.090909090909091,199.99999999999997,-1,1.0,0.0,0.47058823529411764,0.5294117647058824,0.8888888888888888,0.1111111111111111
14,27,0.85,0.68,0.3877551020408163,2.073529411764706,206.59999999999997,-1,1.0,0.0,0.7647058823529411,0.23529411764705882,0.8,0.2
14,28,0.9,0.74,0.5294117647058824,2.2027027027027026,238.8,-1,1.0,0.0,0.8947368421052632,0.10526315789473684,0.5333333333333333,0.4666666666666667
14,29,0.87,0.7,0.52,2.0285714285714285,195.79999999999998,-1,1.0,0.0,0.9411764705882353,0.058823529411764705,0.6666666666666666,0.3333333333333333
14,30,0.83,0.65,0.4166666666666667,2.1846153846153844,210.39999999999998,-1,1.0,0.0,0.7142857142857143,0.2857142857142857,0.6363636363636364,0.36363636363636365
14,31,0.88,0.68,0.391304347826087,2.1323529411764706,212.60000000000002,4,1.0,0.0,0.8461538461538461,0.15384615384615385,0.75,0.25
14,32,0.86,0.72,0.4,1.9444444444444444,222.60000000000002,-1,1.0,0.0,0.75,0.25,0.7692307692307693,0.23076923076923078
14,33,0.88,0.66,0.42,2.0,183.23999999999995,2,1.0,0.0,0.8636363636363636,0.13636363636363635,0.8333333333333334,0.16666666666666666
14,34,0.81,0.65,0.4418604651162791,1.9384615384615385,218.59999999999994,-1,1.0,0.0,0.6190476190476191,0.38095238095238093,0.6153846153846154,0.38461538461538464
14,35,0.89,0.7,0.4318181818181818,2.1285714285714286,213.6,-1,1.0,0.0,0.9230769230769231,0.07692307692307693,0.6875,0.3125
14,36,0.82,0.67,0.3695652173913043,1.8059701492537314,204.39999999999995,-1,1.0,0.0,0.8181818181818182,0.18181818181818182,0.8571428571428571,0.14285714285714285
14,37,0.84,0.7,0.40425531914893614,1.9857142857142858,223.1,4,1.0,0.0,0.7894736842105263,0.21052631578947367,0.5625,0.4375
14,38,0.82,0.66,0.5,2.0303030303030303,228.33999999999997,3,1.0,0.0,0.6923076923076923,0.3076923076923077,0.7647058823529411,0.23529411764705882
14,39,0.92,0.67,0.3695652173913043,1.7761194029850746,206.4,-1,1.0,0.0,0.7727272727272727,0.22727272727272727,0.8333333333333334,0.16666666666666666
14,40,0.87,0.72,0.45652173913043476,1.9305555555555556,211.40000000000006,-1,1.0,0.0,0.7647058823529411,0.23529411764705882,0.6666666666666666,0.3333333333333333
14,41,0.78,0.6,0.5,1.6,175.0,-1,1.0,0.0,0.6666666666666666,0.3333333333333333,0.7777777777777778,0.2222222222222222
14,42,0.81,0.65,0.2894736842105263,1.8461538461538463,187.22000000000003,2,1.0,0.0,0.9130434782608695,0.08695652173913043,0.375,0.625
14,43,0.84,0.69,0.5333333333333333,1.9130434782608696,225.59999999999997,-1,1.0,0.0,0.8695652173913043,0.13043478260869565,0.6428571428571429,0.35714285714285715
14,44,0.86,0.66,0.38636363636363635,1.893939393939394,226.79999999999998,-1,1.0,0.0,0.8461538461538461,0.15384615384615385,0.75,0.25
14,45,0.86,0.73,0.3541666666666667,1.8630136986301369,224.48000000000005,3,1.0,0.0,0.6818181818181818,0.3181818181818182,0.7142857142857143,0.2857142857142857
14,46,0.83,0.71,0.42592592592592593,1.8450704225352113,200.59999999999997,1,1.0,0.0,0.7727272727272727,0.22727272727272727,0.7692307692307693,0.23076923076923078
14,47,0.87,0.76,0.43636363636363634,1.7763157894736843,191.66,1,1.0,0.0,0.9130434782608695,0.08695652173913043,0.8,0.2
14,48,0.81,0.65,0.4791666666666667,2.0307692307692307,195.8,-1,1.0,0.0,0.7647058823529411,0.23529411764705882,0.625,0.375
14,49,0.83,0.72,0.32,1.8888888888888888,228.60000000000002,-1,1.0,0.0,0.8636363636363636,0.13636363636363635,0.85,0.15
14,50,0.89,0.77,0.32075471698113206,1.8181818181818181,245.00000000000006,-1,1.0,0.0,0.5652173913043478,0.43478260869565216,0.75,0.25
14,51,0.75,0.63,0.5106382978723404,2.0,186.00000000000003,-1,1.0,0.0,0.8421052631578947,0.15789473684210525,0.7142857142857143,0.2857142857142857
14,52,0.9,0.8,0.46153846153846156,1.975,242.00000000000006,-1,1.0,0.0,0.631578947368421,0.3684210526315789,0.8,0.2
14,53,0.83,0.7,0.43859649122807015,1.8428571428571427,209.40000000000003,-1,1.0,0.0,0.8888888888888888,0.1111111111111111,0.7857142857142857,0.21428571428571427
14,54,0.84,0.67,0.5217391304347826,2.1791044776119404,208.99999999999997,-1,1.0,0.0,0.7894736842105263,0.21052631578947367,0.8125,0.1875
14,55,0.89,0.72,0.40384615384615385,2.0833333333333335,232.80000000000004,-1,1.0,0.0,0.8214285714285714,0.17857142857142858,0.6428571428571429,0.35714285714285715
14,56,0.83,0.61,0.46938775510204084,2.1475409836065573,188.99999999999997,-1,1.0,0.0,1.0,0.0,0.6,0.4
14,57,0.89,0.64,0.34782608695652173,1.890625,197.84,4,1.0,0.0,0.7727272727272727,0.22727272727272727,0.6363636363636364,0.36363636363636365
14,58,0.83,0.69,0.47619047619047616,2.0,217.99999999999997,-1,1.0,0.0,0.7222222222222222,0.2777777777777778,0.5333333333333333,0.4666666666666667
14,59,0.86,0.69,0.6086956521739131,2.0869565217391304,239.20000000000002,-1,1.0,0.0,0.5882352941176471,0.4117647058823529,0.38461538461538464,0.6153846153846154
14,60,0.85,0.6,0.3783783783783784,2.0,202.39999999999998,-1,1.0,0.0,0.7647058823529411,0.23529411764705882,0.7142857142857143,0.2857142857142857
14,61,0.85,0.67,0.39473684210526316,1.8208955223880596,200.40000000000003,-1,1.0,0.0,0.8636363636363636,0.13636363636363635,0.7692307692307693,0.23076923076923078
14,62,0.86,0.71,0.5510204081632653,1.9295774647887325,218.60000000000008,-1,1.0,0.0,0.8636363636363636,0.13636363636363635,0.6428571428571429,0.35714285714285715
14,63,0.81,0.63,0.525,2.0317460317460316,201.79999999999995,-1,1.0,0.0,0.6666666666666666,0.3333333333333333,0.5833333333333334,0.4166666666666667
14,64,0.76,0.54,0.3888888888888889,2.0925925925925926,164.39999999999995,-1,1.0,0.0,0.75,0.25,0.6,0.4
14,65,0.84,0.57,0.30303030303030304,1.6140350877192982,165.85999999999999,2,1.0,0.0,0.9047619047619048,0.09523809523809523,0.6923076923076923,0.3076923076923077
15,0,0.88,0.61,,1.0,196.0,-1,1.0,0.0,0.8125,0.1875,0.6363636363636364,0.36363636363636365
15,1,0.85,0.64,0.5227272727272727,1.359375,191.8,-1,1.0,0.0,0.625,0.375,0.7692307692307693,0.23076923076923078
15,2,0.79,0.66,0.2926829268292683,1.378787878787879,203.59999999999997,-1,1.0,0.0,0.75,0.25,0.7333333333333333,0.26666666666666666
15,3,0.83,0.62,0.4146341463414634,1.5,197.99999999999997,-1,1.0,0.0,0.7647058823529411,0.23529411764705882,0.6923076923076923,0.3076923076923077
15,4,0.83,0.73,0.4666666666666667,1.6164383561643836,229.60000000000005,-1,1.0,0.0,0.782608695652174,0.21739130434782608,0.75,0.25
15,5,0.86,0.68,0.5102040816326531,1.75,211.99999999999994,-1,1.0,0.0,0.92,0.08,0.5,0.5
15,6,0.84,0.66,0.425531914893617,1.606060606060606,215.19999999999996,-1,1.0,0.0,0.8421052631578947,0.15789473684210525,0.625,0.375
15,7,0.84,0.76,0.32653061224489793,1.618421052631579,250.80000000000004,-1,1.0,0.0,0.8695652173913043,0.13043478260869565,0.6666666666666666,0.3333333333333333
15,8,0.82,0.67,0.4230769230769231,1.7164179104477613,204.00000000000003,-1,1.0,0.0,0.8181818181818182,0.18181818181818182,0.8421052631578947,0.15789473684210525
15,9,0.92,0.68,0.37777777777777777,1.6470588235294117,228.79999999999998,3,1.0,0.0,0.6923076923076923,0.3076923076923077,0.6666666666666666,0.3333333333333333
15,10,0.82,0.69,0.43137254901960786,1.8840579710144927,190.15999999999997,0,1.0,0.0,0.9047619047619048,0.09523809523809523,0.7333333333333333,0.26666666666666666
15,11,0.86,0.68,0.4375,1.9852941176470589,210.99999999999997,4,1.0,0.0,0.7307692307692307,0.2692307692307692,0.9333333333333333,0.06666666666666667
15,12,0.86,0.73,0.41509433962264153,1.7534246575342465,238.4,-1,1.0,0.0,0.72,0.28,0.7857142857142857,0.21428571428571427
15,13,0.87,0.65,0.4583333333333333,1.7692307692307692,220.0,-1,1.0,0.0,0.9166666666666666,0.08333333333333333,0.7058823529411765,0.29411764705882354
15,14,0.85,0.67,0.4666666666666667,1.8059701492537314,218.80000000000004,-1,1.0,0.0,0.8571428571428571,0.14285714285714285,0.7647058823529411,0.23529411764705882
15,15,0.85,0.65,0.3333333333333333,1.9846153846153847,210.0,-1,1.0,0.0,0.896551724137931,0.10344827586206896,0.7857142857142857,0.21428571428571427
15,16,0.86,0.66,0.45652173913043476,2.015151515151515,215.59999999999997,-1,1.0,0.0,0.7272727272727273,0.2727272727272727,0.5384615384615384,0.46153846153846156
15,17,0.84,0.71,0.49019607843137253,1.9577464788732395,214.79999999999998,-1,1.0,0.0,0.8095238095238095,0.19047619047619047,0.8666666666666667,0.13333333333333333
15,18,0.79,0.6,0.2916666666666667,1.7666666666666666,184.79999999999998,-1,1.0,0.0,0.9411764705882353,0.058823529411764705,0.5,0.5
15,19,0.83,0.71,0.5,2.0,223.59999999999997,-1,1.0,0.0,0.8260869565217391,0.17391304347826086,0.75,0.25
15,20,0.86,0.7,0.3877551020408163,1.7714285714285714,221.8,-1,1.0,0.0,0.7142857142857143,0.2857142857142857,0.75,0.25
15,21,0.88,0.71,0.4909090909090909,1.7464788732394365,215.19999999999996,2,1.0,0.0,0.6666666666666666,0.3333333333333333,0.8,0.2
15,22,0.91,0.73,0.4716981132075472,2.1506849315068495,231.60000000000002,-1,1.0,0.0,0.6842105263157895,0.3157894736842105,0.7333333333333333,0.26666666666666666
15,23,0.83,0.7,0.45098039215686275,2.1142857142857143,219.6,-1,1.0,0.0,0.8695652173913043,0.13043478260869565,0.6,0.4
15,24,0.79,0.66,0.2708333333333333,1.621212121212121,211.0,-1,1.0,0.0,0.9285714285714286,0.07142857142857142,0.8235294117647058,0.17647058823529413
15,25,0.87,0.71,0.375,1.8591549295774648,209.00000000000003,-1,1.0,0.0,0.9615384615384616,0.038461538461538464,0.6363636363636364,0.36363636363636365
15,26,0.83,0.72,0.4,2.013888888888889,239.00000000000006,-1,1.0,0.0,0.65,0.35,0.7,0.3
15,27,0.81,0.62,0.45454545454545453,1.935483870967742,179.11999999999998,0,1.0,0.0,0.6666666666666666,0.3333333333333333,0.7777777777777778,0.2222222222222222
15,28,0.88,0.7,0.42857142857142855,1.9285714285714286,228.94,4,1.0,0.0,0.7272727272727273,0.2727272727272727,0.8235294117647058,0.17647058823529413
15,29,0.81,0.61,0.37777777777777777,1.9672131147540983,195.4,-1,1.0,0.0,0.6470588235294118,0.35294117647058826,0.75,0.25
15,30,0.88,0.71,0.32608695652173914,1.7887323943661972,229.4,-1,1.0,0.0,0.7619047619047619,0.23809523809523808,0.6428571428571429,0.35714285714285715
15,31,0.83,0.7,0.49019607843137253,1.9285714285714286,207.60000000000005,-1,1.0,0.0,0.8518518518518519,0.14814814814814814,0.7777777777777778,0.2222222222222222
15,32,0.86,0.62,0.37209302325581395,1.903225806451613,212.20000000000002,-1,1.0,0.0,0.8333333333333334,0.16666666666666666,0.7894736842105263,0.21052631578947367
15,33,0.89,0.74,0.4583333333333333,1.8243243243243243,235.8,-1,1.0,0.0,0.8333333333333334,0.16666666666666666,0.6,0.4
15,34,0.8,0.62,0.4418604651162791,1.8064516129032258,200.2,-1,1.0,0.0,0.6875,0.3125,0.7857142857142857,0.21428571428571427
15,35,0.89,0.72,0.4782608695652174,1.9722222222222223,252.39999999999998,-1,1.0,0.0,0.7307692307692307,0.2692307692307692,0.6470588235294118,0.35294117647058826
15,36,0.83,0.67,0.32,1.7611940298507462,221.00000000000003,-1,1.0,0.0,0.8,0.2,0.85,0.15
15,37,0.8,0.63,0.5,2.2857142857142856,192.2,-1,1.0,0.0,0.8571428571428571,0.14285714285714285,0.7692307692307693,0.23076923076923078
15,38,0.91,0.76,0.4489795918367347,2.013157894736842,236.6,2,1.0,0.0,0.7916666666666666,0.20833333333333334,0.6470588235294118,0.35294117647058826
15,39,0.84,0.64,0.37254901960784315,2.125,195.0,-1,1.0,0.0,0.7777777777777778,0.2222222222222222,0.6923076923076923,0.3076923076923077
15,40,0.85,0.7,0.4186046511627907,1.8714285714285714,212.0,-1,1.0,0.0,0.8333333333333334,0.16666666666666666,0.6428571428571429,0.35714285714285715
15,41,0.84,0.67,0.3137254901960784,1.791044776119403,214.4,-1,1.0,0.0,0.8,0.2,0.7058823529411765,0.29411764705882354
15,42,0.88,0.71,0.32,1.9295774647887325,223.0,-1,1.0,0.0,0.5882352941176471,0.4117647058823529,0.7142857142857143,0.2857142857142857
15,43,0.87,0.71,0.37254901960784315,1.6619718309859155,223.00000000000006,-1,1.0,0.0,0.7916666666666666,0.20833333333333334,0.6666666666666666,0.3333333333333333
15,44,0.88,0.71,0.3137254901960784,1.6338028169014085,239.20000000000005,-1,1.0,0.0,0.6842105263157895,0.3157894736842105,0.47058823529411764,0.5294117647058824
15,45,0.8,0.59,0.4418604651162791,1.6440677966101696,163.01999999999998,2,1.0,0.0,0.9047619047619048,0.09523809523809523,0.8181818181818182,0.18181818181818182
15,46,0.78,0.62,0.35135135135135137,1.6451612903225807,198.79999999999998,-1,1.0,0.0,0.6666666666666666,0.3333333333333333,0.5454545454545454,0.45454545454545453
15,47,0.84,0.68,0.42857142857142855,2.014705882352941,211.6,-1,1.0,0.0,0.85,0.15,0.6875,0.3125
15,48,0.87,0.69,0.3125,1.7681159420289856,226.2,-1,1.0,0.0,0.7222222222222222,0.2777777777777778,0.6875,0.3125
15,49,0.88,0.68,0.4791666666666667,1.8088235294117647,214.8,-1,1.0,0.0,0.8333333333333334,0.16666666666666666,0.6,0.4
15,50,0.81,0.68,0.44680851063829785,2.1470588235294117,229.4,-1,1.0,0.0,0.7058823529411765,0.29411764705882354,0.5,0.5
15,51,0.88,0.67,0.4318181818181818,2.0,218.6,-1,1.0,0.0,0.7647058823529411,0.23529411764705882,0.7058823529411765,0.29411764705882354
15,52,0.84,0.75,0.42857142857142855,2.1066666666666665,245.4,-1,1.0,0.0,0.75,0.25,0.5384615384615384,0.46153846153846156
15,53,0.83,0.64,0.36,2.078125,182.36000000000004,1,1.0,0.0,0.88,0.12,0.5,0.5
15,54,0.77,0.61,0.48717948717948717,2.1147540983606556,208.20000000000002,-1,1.0,0.0,0.8823529411764706,0.11764705882352941,0.6666666666666666,0.3333333333333333
15,55,0.88,0.68,0.35,1.9705882352941178,220.40000000000003,-1,1.0,0.0,0.8095238095238095,0.19047619047619047,0.5714285714285714,0.42857142857142855
15,56,0.83,0.66,0.42857142857142855,2.242424242424242,199.14000000000001,2,1.0,0.0,0.9523809523809523,0.047619047619047616,0.6875,0.3125
15,57,0.83,0.71,0.54,2.1690140845070425,182.04,1,1.0,0.0,0.9333333333333333,0.06666666666666667,0.8571428571428571,0.14285714285714285
15,58,0.83,0.63,0.5111111111111111,2.3333333333333335,218.79999999999995,-1,1.0,0.0,0.7391304347826086,0.2608695652173913,0.7777777777777778,0.2222222222222222
15,59,0.83,0.66,0.40476190476190477,2.0757575757575757,215.99999999999994,-1,1.0,0.0,0.5789473684210527,0.42105263157894735,0.8125,0.1875
15,60,0.82,0.7,0.41304347826086957,1.9285714285714286,235.78000000000003,4,1.0,0.0,0.7586206896551724,0.2413793103448276,0.5,0.5
15,61,0.9,0.7,0.38,1.6857142857142857,213.4000000000001,-1,1.0,0.0,0.7333333333333333,0.26666666666666666,0.8421052631578947,0.15789473684210525
15,62,0.82,0.73,0.45098039215686275,1.8082191780821917,228.36000000000007,3,1.0,0.0,0.8095238095238095,0.19047619047619047,0.65,0.35
15,63,0.89,0.73,0.4339622641509434,1.8904109589041096,181.94,1,1.0,0.0,0.8947368421052632,0.10526315789473684,0.75,0.25
15,64,0.85,0.66,0.46153846153846156,1.7878787878787878,197.32000000000002,1,1.0,0.0,0.6956521739130435,0.30434782608695654,0.6666666666666666,0.3333333333333333
15,65,0.84,0.59,0.4634146341463415,1.9322033898305084,197.59999999999994,-1,1.0,0.0,0.875,0.125,0.7058823529411765,0.29411764705882354
16,0,0.89,0.66,,1.0,196.0,-1,1.0,0.0,0.8095238095238095,0.19047619047619047,0.5714285714285714,0.42857142857142855
16,1,0.89,0.64,0.5,1.328125,180.8,-1,1.0,0.0,0.95,0.05,0.5833333333333334,0.4166666666666667
16,2,0.81,0.6,0.6428571428571429,1.7166666666666666,171.6,-1,1.0,0.0,0.9047619047619048,0.09523809523809523,0.625,0.375
16,3,0.85,0.66,0.5641025641025641,1.8484848484848484,206.39999999999998,-1,1.0,0.0,0.9411764705882353,0.058823529411764705,0.6,0.4
16,4,0.88,0.72,0.4166666666666667,1.7777777777777777,210.88000000000002,0,1.0,0.0,0.7619047619047619,0.23809523809523808,0.7647058823529411,0.23529411764705882
16,5,0.87,0.72,0.36,1.625,215.20000000000002,4,1.0,0.0,0.9166666666666666,0.08333333333333333,0.7857142857142857,0.21428571428571427
16,6,0.88,0.61,0.425531914893617,1.7049180327868851,188.79999999999995,-1,1.0,0.0,0.7391304347826086,0.2608695652173913,0.8888888888888888,0.1111111111111111
16,7,0.88,0.65,0.4,1.8307692307692307,215.2,-1,1.0,0.0,0.8636363636363636,0.13636363636363635,0.6,0.4
16,8,0.86,0.67,0.4318181818181818,2.0,220.59999999999997,4,1.0,0.0,0.8260869565217391,0.17391304347826086,0.625,0.375
16,9,0.86,0.7,0.3829787234042553,1.9714285714285715,183.99999999999997,1,1.0,0.0,0.8181818181818182,0.18181818181818182,0.8,0.2
16,10,0.75,0.61,0.4418604651162791,1.9508196721311475,192.39999999999998,-1,1.0,0.0,0.8947368421052632,0.10526315789473684,0.7647058823529411,0.23529411764705882
16,11,0.81,0.56,0.3684210526315789,1.9821428571428572,165.19999999999996,-1,1.0,0.0,0.8666666666666667,0.13333333333333333,0.5,0.5
16,12,0.89,0.7,0.4634146341463415,2.1142857142857143,206.4,-1,1.0,0.0,0.95,0.05,0.7142857142857143,0.2857142857142857
16,13,0.82,0.67,0.43137254901960786,1.9104477611940298,207.39999999999998,-1,1.0,0.0,0.8,0.2,0.6666666666666666,0.3333333333333333
16,14,0.84,0.68,0.3333333333333333,2.1029411764705883,217.99999999999997,-1,1.0,0.0,0.6842105263157895,0.3157894736842105,0.5833333333333334,0.4166666666666667
16,15,0.88,0.66,0.4375,1.8181818181818181,186.79999999999995,-1,1.0,0.0,0.95,0.05,0.8,0.2
16,16,0.89,0.77,0.47058823529411764,1.8831168831168832,238.8,-1,1.0,0.0,0.7083333333333334,0.2916666666666667,0.8235294117647058,0.17647058823529413
16,17,0.86,0.71,0.3269230769230769,1.7183098591549295,224.60000000000005,-1,1.0,0.0,0.9047619047619048,0.09523809523809523,0.625,0.375
16,18,0.93,0.72,0.40816326530612246,1.875,227.40000000000003,-1,1.0,0.0,0.9090909090909091,0.09090909090909091,0.9047619047619048,0.09523809523809523
16,19,0.8,0.65,0.42857142857142855,1.8153846153846154,182.1,2,1.0,0.0,0.8823529411764706,0.11764705882352941,0.9285714285714286,0.07142857142857142
16,20,0.78,0.62,0.2631578947368421,1.7096774193548387,176.00000000000003,-1,1.0,0.0,0.85,0.15,0.625,0.375
16,21,0.9,0.74,0.4444444444444444,2.0405405405405403,231.20000000000002,-1,1.0,0.0,0.88,0.12,0.7647058823529411,0.23529411764705882
16,22,0.87,0.71,0.44642857142857145,1.9859154929577465,223.99999999999994,-1,1.0,0.0,0.7391304347826086,0.2608695652173913,0.6363636363636364,0.36363636363636365
16,23,0.84,0.72,0.5094339622641509,1.9722222222222223,225.60000000000005,-1,1.0,0.0,0.85,0.15,0.6153846153846154,0.38461538461538464
16,24,0.88,0.75,0.4444444444444444,1.92,215.6,-1,1.0,0.0,1.0,0.0,0.36363636363636365,0.6363636363636364
16,25,0.88,0.73,0.5272727272727272,2.164383561643836,229.39999999999998,-1,1.0,0.0,0.6666666666666666,0.3333333333333333,0.4166666666666667,0.5833333333333334
16,26,0.82,0.71,0.6078431372549019,2.3098591549295775,218.79999999999998,-1,1.0,0.0,1.0,0.0,0.5,0.5
16,27,0.81,0.57,0.23684210526315788,2.1403508771929824,192.39999999999998,-1,1.0,0.0,0.6842105263157895,0.3157894736842105,0.6666666666666666,0.3333333333333333
16,28,0.82,0.68,0.46153846153846156,2.264705882352941,238.4,-1,1.0,0.0,0.7692307692307693,0.23076923076923078,0.6428571428571429,0.35714285714285715
16,29,0.87,0.71,0.37254901960784315,2.0985915492957745,204.2,-1,1.0,0.0,1.0,0.0,0.7692307692307693,0.23076923076923078
16,30,0.82,0.68,0.1956521739130435,1.9558823529411764,239.0,-1,1.0,0.0,0.7272727272727273,0.2727272727272727,0.5789473684210527,0.42105263157894735
16,31,0.81,0.65,0.48936170212765956,2.0153846153846153,195.39999999999998,4,1.0,0.0,0.8,0.2,0.8235294117647058,0.17647058823529413
16,32,0.84,0.68,0.3877551020408163,1.838235294117647,226.79999999999998,-1,1.0,0.0,0.7727272727272727,0.22727272727272727,0.7647058823529411,0.23529411764705882
16,33,0.88,0.71,0.4230769230769231,2.267605633802817,227.00000000000006,-1,1.0,0.0,0.8846153846153846,0.11538461538461539,0.6666666666666666,0.3333333333333333
16,34,0.92,0.72,0.38,2.0694444444444446,209.40000000000003,-1,1.0,0.0,0.9,0.1,0.8125,0.1875
16,35,0.93,0.82,0.5,2.3780487804878048,268.4000000000001,-1,1.0,0.0,0.7857142857142857,0.21428571428571427,0.6111111111111112,0.3888888888888889
16,36,0.83,0.63,0.5294117647058824,2.4285714285714284,199.99999999999997,-1,1.0,0.0,0.8461538461538461,0.15384615384615385,0.7777777777777778,0.2222222222222222
16,37,0.84,0.68,0.5227272727272727,2.2941176470588234,205.8,-1,1.0,0.0,0.8421052631578947,0.15789473684210525,0.7692307692307693,0.23076923076923078
16,38,0.83,0.68,0.4222222222222222,2.2205882352941178,210.56,1,1.0,0.0,0.8260869565217391,0.17391304347826086,0.631578947368421,0.3684210526315789
16,39,0.9,0.72,0.34782608695652173,2.3194444444444446,213.19999999999996,-1,1.0,0.0,0.85,0.15,0.5555555555555556,0.4444444444444444
16,40,0.83,0.68,0.46,2.2941176470588234,214.39999999999998,-1,1.0,0.0,0.9130434782608695,0.08695652173913043,0.5833333333333334,0.4166666666666667
16,41,0.85,0.69,0.3617021276595745,2.1449275362318843,216.79999999999998,-1,1.0,0.0,0.875,0.125,0.625,0.375
16,42,0.79,0.66,0.4772727272727273,2.409090909090909,165.35999999999996,0,1.0,0.0,0.8421052631578947,0.15789473684210525,0.75,0.25
16,43,0.89,0.69,0.4791666666666667,2.0869565217391304,219.79999999999998,-1,1.0,0.0,0.6190476190476191,0.38095238095238093,0.7058823529411765,0.29411764705882354
16,44,0.84,0.64,0.29545454545454547,1.53125,217.8,-1,1.0,0.0,0.9545454545454546,0.045454545454545456,0.65,0.35
16,45,0.88,0.75,0.4375,1.8133333333333332,249.40000000000003,-1,1.0,0.0,0.8666666666666667,0.13333333333333333,0.6,0.4
16,46,0.86,0.72,0.38596491228070173,1.8472222222222223,231.40000000000003,-1,1.0,0.0,0.9545454545454546,0.045454545454545456,0.5,0.5
16,47,0.86,0.71,0.43137254901960786,1.8450704225352113,227.00000000000006,-1,1.0,0.0,0.8461538461538461,0.15384615384615385,0.6363636363636364,0.36363636363636365
16,48,0.86,0.68,0.39215686274509803,1.9411764705882353,206.8,-1,1.0,0.0,0.782608695652174,0.21739130434782608,0.7,0.3
16,49,0.81,0.67,0.3404255319148936,1.7462686567164178,221.20000000000002,-1,1.0,0.0,0.631578947368421,0.3684210526315789,0.5714285714285714,0.42857142857142855
16,50,0.83,0.61,0.46511627906976744,2.0163934426229506,206.00000000000003,-1,1.0,0.0,0.75,0.25,0.6,0.4
16,51,0.79,0.65,0.525,2.0615384615384613,173.73999999999995,1,1.0,0.0,0.8095238095238095,0.19047619047619047,0.7777777777777778,0.2222222222222222
16,52,0.81,0.67,0.3181818181818182,1.7014925373134329,206.4,-1,1.0,0.0,0.88,0.12,0.625,0.375
16,53,0.85,0.67,0.4666666666666667,2.029850746268657,219.40000000000006,-1,1.0,0.0,0.8695652173913043,0.13043478260869565,0.625,0.375
16,54,0.79,0.62,0.38636363636363635,1.967741935483871,181.59999999999997,-1,1.0,0.0,0.95,0.05,0.625,0.375
16,55,0.87,0.74,0.5652173913043478,2.0135135135135136,207.6000000000001,-1,1.0,0.0,0.9,0.1,0.7692307692307693,0.23076923076923078
16,56,0.88,0.69,0.47058823529411764,2.0869565217391304,221.79999999999995,-1,1.0,0.0,0.7777777777777778,0.2222222222222222,0.6842105263157895,0.3157894736842105
16,57,0.81,0.66,0.41304347826086957,2.0757575757575757,191.76,1,1.0,0.0,0.7727272727272727,0.22727272727272727,0.6363636363636364,0.36363636363636365
16,58,0.88,0.75,0.37254901960784315,2.16,243.20000000000002,-1,1.0,0.0,0.9642857142857143,0.03571428571428571,0.5882352941176471,0.4117647058823529
16,59,0.83,0.74,0.4642857142857143,2.054054054054054,209.20000000000005,-1,1.0,0.0,0.9047619047619048,0.09523809523809523,0.5555555555555556,0.4444444444444444
16,60,0.91,0.7,0.4,2.1857142857142855,224.6,-1,1.0,0.0,1.0,0.0,0.5,0.5
16,61,0.87,0.74,0.4909090909090909,2.2567567567567566,203.81999999999996,1,1.0,0.0,0.9130434782608695,0.08695652173913043,0.7333333333333333,0.26666666666666666
16,62,0.81,0.6,0.5348837209302325,2.1666666666666665,186.40000000000003,-1,1.0,0.0,0.8666666666666667,0.13333333333333333,0.7058823529411765,0.29411764705882354
16,63,0.89,0.75,0.3958333333333333,2.08,230.60000000000002,-1,1.0,0.0,0.9230769230769231,0.07692307692307693,0.7333333333333333,0.26666666666666666
16,64,0.8,0.66,0.39622641509433965,2.015151515151515,214.80000000000007,-1,1.0,0.0,0.8888888888888888,0.1111111111111111,0.7058823529411765,0.29411764705882354
16,65,0.88,0.72,0.41509433962264153,1.8055555555555556,221.8000000000001,-1,1.0,0.0,0.9310344827586207,0.06896551724137931,0.8333333333333334,0.16666666666666666
17,0,0.85,0.62,,1.0,174.0,-1,1.0,0.0,0.85,0.15,0.8235294117647058,0.17647058823529413
17,1,0.83,0.58,0.45,1.3103448275862069,186.20000000000005,-1,1.0,0.0,0.8571428571428571,0.14285714285714285,0.5714285714285714,0.42857142857142855
17,2,0.86,0.71,0.4146341463414634,1.380281690140845,211.20000000000002,-1,1.0,0.0,0.7083333333333334,0.2916666666666667,0.7857142857142857,0.21428571428571427
17,3,0.87,0.72,0.3469387755102041,1.5694444444444444,222.60000000000002,-1,1.0,0.0,0.7692307692307693,0.23076923076923078,0.7692307692307693,0.23076923076923078
17,4,0.87,0.72,0.4528301886792453,1.8611111111111112,213.60000000000002,-1,1.0,0.0,0.8421052631578947,0.15789473684210525,0.75,0.25
17,5,0.89,0.73,0.38,1.7671232876712328,230.40000000000003,-1,1.0,0.0,0.8181818181818182,0.18181818181818182,0.6153846153846154,0.38461538461538464
17,6,0.84,0.72,0.46296296296296297,1.7638888888888888,229.60000000000002,-1,1.0,0.0,0.8888888888888888,0.1111111111111111,0.7333333333333333,0.26666666666666666
17,7,0.79,0.58,0.4418604651162791,1.8103448275862069,188.79999999999995,-1,1.0,0.0,0.7857142857142857,0.21428571428571427,0.5,0.5
17,8,0.87,0.69,0.38461538461538464,1.7681159420289856,220.4,4,1.0,0.0,0.7857142857142857,0.21428571428571427,0.7857142857142857,0.21428571428571427
17,9,0.85,0.72,0.4117647058823529,1.875,206.39999999999998,-1,1.0,0.0,0.7916666666666666,0.20833333333333334,0.75,0.25
17,10,0.85,0.66,0.4375,1.9545454545454546,209.59999999999997,-1,1.0,0.0,0.8,0.2,0.7777777777777778,0.2222222222222222
17,11,0.81,0.66,0.5918367346938775,2.1363636363636362,206.8,-1,1.0,0.0,0.8571428571428571,0.14285714285714285,0.7777777777777778,0.2222222222222222
17,12,0.88,0.72,0.38,1.9583333333333333,227.60000000000002,-1,1.0,0.0,0.88,0.12,0.7142857142857143,0.2857142857142857
17,13,0.83,0.68,0.42592592592592593,2.1029411764705883,199.99999999999994,-1,1.0,0.0,0.7894736842105263,0.21052631578947367,0.7692307692307693,0.23076923076923078
17,14,0.84,0.67,0.5,2.298507462686567,235.79999999999995,-1,1.0,0.0,0.7,0.3,0.5,0.5
17,15,0.82,0.59,0.5227272727272727,2.23728813559322,204.39999999999998,-1,1.0,0.0,0.5384615384615384,0.46153846153846156,0.7894736842105263,0.21052631578947367
17,16,0.88,0.71,0.40476190476190477,2.3380281690140845,219.39999999999998,-1,1.0,0.0,0.7,0.3,0.75,0.25
17,17,0.86,0.73,0.43636363636363634,2.3424657534246576,223.6,-1,1.0,0.0,0.8333333333333334,0.16666666666666666,0.75,0.25
17,18,0.88,0.77,0.43859649122807015,2.1948051948051948,234.00000000000003,-1,1.0,0.0,0.75,0.25,0.8461538461538461,0.15384615384615385
17,19,0.84,0.66,0.3018867924528302,1.7727272727272727,214.79999999999995,-1,1.0,0.0,0.85,0.15,0.6470588235294118,0.35294117647058826
17,20,0.85,0.65,0.4444444444444444,2.1076923076923078,196.8,-1,1.0,0.0,0.7777777777777778,0.2222222222222222,0.7692307692307693,0.23076923076923078
17,21,0.83,0.64,0.4186046511627907,1.84375,212.99999999999994,-1,1.0,0.0,0.88,0.12,0.6,0.4
17,22,0.86,0.67,0.35714285714285715,1.6567164179104477,225.0,-1,1.0,0.0,0.7894736842105263,0.21052631578947367,0.7647058823529411,0.23529411764705882
17,23,0.83,0.72,0.5,2.388888888888889,205.40000000000003,-1,1.0,0.0,0.8095238095238095,0.19047619047619047,0.7,0.3
17,24,0.82,0.66,0.3673469387755102,1.9090909090909092,224.79999999999998,-1,1.0,0.0,0.72,0.28,0.75,0.25
17,25,0.82,0.66,0.4666666666666667,2.3333333333333335,219.99999999999997,-1,1.0,0.0,0.5789473684210527,0.42105263157894735,0.8,0.2
17,26,0.86,0.75,0.5454545454545454,2.066666666666667,229.80000000000007,-1,1.0,0.0,0.6666666666666666,0.3333333333333333,0.8125,0.1875
17,27,0.82,0.68,0.3829787234042553,1.7352941176470589,217.2,-1,1.0,0.0,0.7727272727272727,0.22727272727272727,0.75,0.25
17,28,0.84,0.65,0.425531914893617,1.8461538461538463,207.39999999999998,-1,1.0,0.0,0.8,0.2,0.5833333333333334,0.4166666666666667
17,29,0.82,0.64,0.55,2.0,196.2,-1,1.0,0.0,0.9090909090909091,0.09090909090909091,0.75,0.25
17,30,0.81,0.66,0.46153846153846156,2.106060606060606,200.2,-1,1.0,0.0,0.9375,0.0625,0.75,0.25
17,31,0.88,0.72,0.3469387755102041,1.7916666666666667,223.79999999999993,-1,1.0,0.0,0.75,0.25,0.6923076923076923,0.3076923076923077
17,32,0.89,0.72,0.46153846153846156,1.7361111111111112,227.8,-1,1.0,0.0,0.7916666666666666,0.20833333333333334,0.7333333333333333,0.26666666666666666
17,33,0.87,0.73,0.4528301886792453,1.7123287671232876,201.72000000000003,0,1.0,0.0,0.8695652173913043,0.13043478260869565,0.8,0.2
17,34,0.85,0.74,0.3148148148148148,1.7027027027027026,231.26000000000002,2,1.0,0.0,0.7272727272727273,0.2727272727272727,0.6842105263157895,0.3157894736842105
17,35,0.81,0.61,0.4,2.0491803278688523,185.20000000000005,-1,1.0,0.0,0.8947368421052632,0.10526315789473684,0.7272727272727273,0.2727272727272727
17,36,0.82,0.62,0.3888888888888889,1.8870967741935485,204.49999999999994,3,1.0,0.0,0.6666666666666666,0.3333333333333333,0.6875,0.3125
17,37,0.9,0.69,0.4186046511627907,1.9565217391304348,209.20000000000002,-1,1.0,0.0,0.8,0.2,0.7142857142857143,0.2857142857142857
17,38,0.86,0.65,0.4444444444444444,2.0,197.34,3,1.0,0.0,0.75,0.25,0.75,0.25
17,39,0.81,0.71,0.40476190476190477,1.971830985915493,233.60000000000002,-1,1.0,0.0,0.6363636363636364,0.36363636363636365,0.8125,0.1875
17,40,0.89,0.82,0.3114754098360656,1.8048780487804879,253.80000000000007,-1,1.0,0.0,0.8518518518518519,0.14814814814814814,0.6428571428571429,0.35714285714285715
17,41,0.86,0.72,0.3770491803278688,1.875,234.60000000000005,-1,1.0,0.0,0.8387096774193549,0.16129032258064516,0.7692307692307693,0.23076923076923078
17,42,0.81,0.68,0.47058823529411764,1.8970588235294117,224.99999999999997,-1,1.0,0.0,0.8421052631578947,0.15789473684210525,0.65,0.35
17,43,0.85,0.66,0.5,2.1515151515151514,205.60000000000002,-1,1.0,0.0,0.8,0.2,0.8181818181818182,0.18181818181818182
17,44,0.89,0.71,0.39215686274509803,1.8873239436619718,238.99999999999997,-1,1.0,0.0,0.782608695652174,0.21739130434782608,0.625,0.375
17,45,0.85,0.69,0.52,2.0869565217391304,227.6,-1,1.0,0.0,0.8571428571428571,0.14285714285714285,0.7368421052631579,0.2631578947368421
17,46,0.88,0.7,0.3409090909090909,1.5857142857142856,212.99999999999997,-1,1.0,0.0,0.5882352941176471,0.4117647058823529,0.7692307692307693,0.23076923076923078
17,47,0.76,0.57,0.41025641025641024,2.087719298245614,181.99999999999994,-1,1.0,0.0,0.9090909090909091,0.09090909090909091,0.5,0.5
17,48,0.83,0.73,0.36585365853658536,1.6849315068493151,218.48000000000002,1,1.0,0.0,0.76,0.24,0.6428571428571429,0.35714285714285715
17,49,0.87,0.69,0.39622641509433965,1.9275362318840579,231.4,-1,1.0,0.0,0.6666666666666666,0.3333333333333333,0.625,0.375
17,50,0.86,0.73,0.49019607843137253,1.9589041095890412,230.9,4,1.0,0.0,0.7142857142857143,0.2857142857142857,0.6,0.4
17,51,0.84,0.73,0.36,1.9726027397260273,219.40000000000003,-1,1.0,0.0,0.75,0.25,0.8,0.2
17,52,0.87,0.69,0.43137254901960786,1.7391304347826086,205.0,-1,1.0,0.0,0.9565217391304348,0.043478260869565216,0.7692307692307693,0.23076923076923078
17,53,0.78,0.6,0.4418604651162791,1.8333333333333333,175.99999999999997,-1,1.0,0.0,0.9473684210526315,0.05263157894736842,0.6666666666666666,0.3333333333333333
17,54,0.9,0.65,0.5348837209302325,2.1076923076923078,229.39999999999995,-1,1.0,0.0,0.5714285714285714,0.42857142857142855,0.7222222222222222,0.2777777777777778
17,55,0.83,0.73,0.47058823529411764,2.0273972602739727,222.12,2,1.0,0.0,0.8636363636363636,0.13636363636363635,0.6666666666666666,0.3333333333333333
17,56,0.85,0.65,0.30434782608695654,1.6307692307692307,210.39999999999995,-1,1.0,0.0,0.7727272727272727,0.22727272727272727,0.8,0.2
17,57,0.83,0.61,0.2857142857142857,2.2459016393442623,200.80000000000004,-1,1.0,0.0,0.7619047619047619,0.23809523809523808,0.7777777777777778,0.2222222222222222
17,58,0.74,0.62,0.5945945945945946,2.193548387096774,193.60000000000002,-1,1.0,0.0,0.9090909090909091,0.09090909090909091,0.5833333333333334,0.4166666666666667
17,59,0.82,0.64,0.39473684210526316,1.765625,216.0,-1,1.0,0.0,0.88,0.12,0.75,0.25
17,60,0.89,0.7,0.5,2.1142857142857143,237.00000000000003,-1,1.0,0.0,0.92,0.08,0.6111111111111112,0.3888888888888889
17,61,0.85,0.68,0.5531914893617021,2.0441176470588234,222.20000000000005,-1,1.0,0.0,0.8888888888888888,0.1111111111111111,0.6428571428571429,0.35714285714285715
17,62,0.84,0.63,0.37209302325581395,1.7936507936507937,200.39999999999998,-1,1.0,0.0,0.8421052631578947,0.15789473684210525,0.7857142857142857,0.21428571428571427
17,63,0.83,0.67,0.5348837209302325,1.8059701492537314,212.8,-1,1.0,0.0,0.7142857142857143,0.2857142857142857,0.6153846153846154,0.38461538461538464
17,64,0.79,0.63,0.5681818181818182,2.1904761904761907,203.0,-1,1.0,0.0,0.8421052631578947,0.15789473684210525,0.7142857142857143,0.2857142857142857
17,65,0.8,0.67,0.5116279069767442,1.9402985074626866,199.40000000000003,-1,1.0,0.0,0.8333333333333334,0.16666666666666666,0.6666666666666666,0.3333333333333333
18,0,0.88,0.62,,1.0,184.0,-1,1.0,0.0,0.9047619047619048,0.09523809523809523,0.6666666666666666,0.3333333333333333
18,1,0.88,0.71,0.30434782608695654,1.1971830985915493,233.20000000000005,-1,1.0,0.0,0.7391304347826086,0.2608695652173913,0.6470588235294118,0.35294117647058826
18,2,0.87,0.7,0.39215686274509803,1.4285714285714286,235.40000000000006,-1,1.0,0.0,0.68,0.32,0.7222222222222222,0.2777777777777778
18,3,0.82,0.65,0.34782608695652173,1.523076923076923,211.2,4,1.0,0.0,0.7142857142857143,0.2857142857142857,0.7058823529411765,0.29411764705882354
18,4,0.84,0.65,0.4,1.6153846153846154,192.20000000000002,-1,1.0,0.0,0.5882352941176471,0.4117647058823529,0.625,0.375
18,5,0.88,0.76,0.2830188679245283,1.644736842105263,213.68000000000004,1,1.0,0.0,1.0,0.0,0.5625,0.4375
18,6,0.84,0.65,0.4897959183673469,1.9692307692307693,210.0,-1,1.0,0.0,0.88,0.12,0.5,0.5
18,7,0.87,0.71,0.4489795918367347,1.8732394366197183,241.20000000000002,-1,1.0,0.0,0.8275862068965517,0.1724137931034483,0.5714285714285714,0.42857142857142855
18,8,0.77,0.61,0.43478260869565216,1.8688524590163935,181.59999999999997,-1,1.0,0.0,0.8181818181818182,0.18181818181818182,0.8333333333333334,0.16666666666666666
18,9,0.84,0.69,0.5,1.8405797101449275,215.99999999999997,-1,1.0,0.0,0.7894736842105263,0.21052631578947367,0.6428571428571429,0.35714285714285715
18,10,0.84,0.7,0.56,1.9142857142857144,222.0,-1,1.0,0.0,0.8461538461538461,0.15384615384615385,0.8666666666666667,0.13333333333333333
18,11,0.9,0.76,0.41818181818181815,1.9210526315789473,226.8,3,1.0,0.0,0.75,0.25,0.7692307692307693,0.23076923076923078
18,12,0.81,0.59,0.37254901960784315,1.8983050847457628,187.59999999999997,-1,1.0,0.0,0.8846153846153846,0.11538461538461539,0.42857142857142855,0.5714285714285714
18,13,0.92,0.74,0.41304347826086957,1.945945945945946,212.8,-1,1.0,0.0,1.0,0.0,0.7333333333333333,0.26666666666666666
18,14,0.83,0.74,0.4074074074074074,1.972972972972973,222.8,-1,1.0,0.0,0.8095238095238095,0.19047619047619047,0.46153846153846156,0.5384615384615384
18,15,0.81,0.72,0.4107142857142857,2.125,223.2,-1,1.0,0.0,0.8,0.2,0.5714285714285714,0.42857142857142855
18,16,0.79,0.66,0.425531914893617,2.212121212121212,200.00000000000003,-1,1.0,0.0,0.9130434782608695,0.08695652173913043,0.75,0.25
18,17,0.87,0.71,0.5217391304347826,2.2535211267605635,236.20000000000005,-1,1.0,0.0,0.7619047619047619,0.23809523809523808,0.5333333333333333,0.4666666666666667
18,18,0.85,0.69,0.48,2.5072463768115942,222.24,1,1.0,0.0,0.90625,0.09375,0.6,0.4
18,19,0.87,0.7,0.5306122448979592,2.2142857142857144,238.8,-1,1.0,0.0,0.7391304347826086,0.2608695652173913,0.6428571428571429,0.35714285714285715
18,20,0.85,0.7,0.49019607843137253,2.4714285714285715,237.60000000000002,-1,1.0,0.0,0.8571428571428571,0.14285714285714285,0.6,0.4
18,21,0.84,0.62,0.4782608695652174,2.3870967741935485,192.39999999999998,-1,1.0,0.0,0.8260869565217391,0.17391304347826086,0.7777777777777778,0.2222222222222222
18,22,0.86,0.7,0.3953488372093023,2.4714285714285715,223.6,-1,1.0,0.0,0.7,0.3,0.8,0.2
18,23,0.77,0.62,0.34146341463414637,1.8709677419354838,210.39999999999998,-1,1.0,0.0,0.8421052631578947,0.15789473684210525,0.7619047619047619,0.23809523809523808
18,24,0.88,0.75,0.46511627906976744,2.0533333333333332,231.6,2,1.0,0.0,0.76,0.24,0.7333333333333333,0.26666666666666666
18,25,0.8,0.71,0.39622641509433965,1.971830985915493,225.60000000000005,-1,1.0,0.0,0.9230769230769231,0.07692307692307693,0.6875,0.3125
18,26,0.84,0.72,0.39622641509433965,1.9722222222222223,204.67999999999998,0,1.0,0.0,0.7619047619047619,0.23809523809523808,0.7692307692307693,0.23076923076923078
18,27,0.84,0.74,0.5,2.189189189189189,222.4,-1,1.0,0.0,0.88,0.12,0.6363636363636364,0.36363636363636365
18,28,0.81,0.62,0.40816326530612246,1.903225806451613,201.19999999999996,-1,1.0,0.0,0.9,0.1,0.6153846153846154,0.38461538461538464
18,29,0.8,0.68,0.4186046511627907,1.9411764705882353,215.4,-1,1.0,0.0,0.9230769230769231,0.07692307692307693,0.4444444444444444,0.5555555555555556
18,30,0.86,0.72,0.42857142857142855,2.138888888888889,234.60000000000002,-1,1.0,0.0,0.84,0.16,0.6363636363636364,0.36363636363636365
18,31,0.78,0.64,0.5531914893617021,2.265625,203.2,-1,1.0,0.0,0.8947368421052632,0.10526315789473684,0.5454545454545454,0.45454545454545453
18,32,0.85,0.71,0.41304347826086957,1.943661971830986,218.45999999999998,3,1.0,0.0,0.72,0.28,0.5,0.5
18,33,0.82,0.69,0.43137254901960786,2.0434782608695654,210.79999999999995,-1,1.0,0.0,0.8571428571428571,0.14285714285714285,0.4,0.6
18,34,0.86,0.72,0.4528301886792453,2.2083333333333335,235.6,-1,1.0,0.0,0.8333333333333334,0.16666666666666666,0.6666666666666666,0.3333333333333333
18,35,0.87,0.67,0.425531914893617,2.0597014925373136,217.89999999999998,3,1.0,0.0,0.76,0.24,0.8181818181818182,0.18181818181818182
18,36,0.84,0.65,0.5227272727272727,2.1076923076923078,210.79999999999995,-1,1.0,0.0,0.782608695652174,0.21739130434782608,0.8,0.2
18,37,0.86,0.68,0.44,1.9852941176470589,228.4,-1,1.0,0.0,0.8823529411764706,0.11764705882352941,0.6956521739130435,0.30434782608695654
18,38,0.85,0.66,0.34782608695652173,1.878787878787879,229.99999999999997,-1,1.0,0.0,0.7777777777777778,0.2222222222222222,0.6666666666666666,0.3333333333333333
18,39,0.88,0.65,0.35555555555555557,1.8153846153846154,239.8,-1,1.0,0.0,0.6,0.4,0.7142857142857143,0.2857142857142857
18,40,0.88,0.73,0.46808510638297873,2.095890410958904,211.20000000000005,-1,1.0,0.0,0.9047619047619048,0.09523809523809523,0.7692307692307693,0.23076923076923078
18,41,0.83,0.68,0.4117647058823529,1.8088235294117647,206.20000000000005,-1,1.0,0.0,0.8571428571428571,0.14285714285714285,0.7222222222222222,0.2777777777777778
18,42,0.88,0.76,0.34615384615384615,2.013157894736842,244.00000000000006,-1,1.0,0.0,0.75,0.25,0.6666666666666666,0.3333333333333333
18,43,0.86,0.72,0.43636363636363634,1.8611111111111112,218.00000000000003,-1,1.0,0.0,0.7142857142857143,0.2857142857142857,0.8,0.2
18,44,0.83,0.74,0.45454545454545453,2.175675675675676,225.40000000000006,-1,1.0,0.0,0.9090909090909091,0.09090909090909091,0.6428571428571429,0.35714285714285715
18,45,0.85,0.64,0.43137254901960786,2.171875,182.23999999999998,0,1.0,0.0,0.9090909090909091,0.09090909090909091,0.7142857142857143,0.2857142857142857
18,46,0.83,0.68,0.3958333333333333,2.0294117647058822,218.20000000000002,-1,1.0,0.0,0.84,0.16,0.8,0.2
18,47,0.82,0.64,0.3469387755102041,1.859375,197.6,-1,1.0,0.0,0.7727272727272727,0.22727272727272727,0.7272727272727273,0.2727272727272727
18,48,0.85,0.74,0.5,2.108108108108108,237.8,-1,1.0,0.0,0.8,0.2,0.46153846153846156,0.5384615384615384
18,49,0.82,0.68,0.40384615384615385,2.0441176470588234,199.60000000000005,-1,1.0,0.0,0.7058823529411765,0.29411764705882354,0.5454545454545454,0.45454545454545453
18,50,0.8,0.67,0.4666666666666667,2.253731343283582,226.79999999999998,-1,1.0,0.0,0.8823529411764706,0.11764705882352941,0.5882352941176471,0.4117647058823529
18,51,0.84,0.74,0.5294117647058824,2.0,230.04000000000005,4,0.9777777777777777,0.022222222222222223,0.7586206896551724,0.2413793103448276,0.6666666666666666,0.3333333333333333
18,52,0.81,0.63,0.3469387755102041,1.8412698412698412,206.39999999999998,-1,1.0,0.0,0.7058823529411765,0.29411764705882354,0.8333333333333334,0.16666666666666666
18,53,0.85,0.74,0.3958333333333333,1.9324324324324325,219.00000000000003,-1,1.0,0.0,0.8947368421052632,0.10526315789473684,0.7777777777777778,0.2222222222222222
18,54,0.86,0.69,0.46153846153846156,2.2028985507246377,212.44,1,1.0,0.0,0.6,0.4,0.5384615384615384,0.46153846153846156
18,55,0.84,0.65,0.3125,1.8,201.0,-1,1.0,0.0,0.9583333333333334,0.041666666666666664,0.7692307692307693,0.23076923076923078
18,56,0.82,0.65,0.46511627906976744,2.0307692307692307,201.39999999999998,-1,1.0,0.0,0.7058823529411765,0.29411764705882354,0.6363636363636364,0.36363636363636365
18,57,0.85,0.64,0.4883720930232558,2.078125,208.40000000000003,-1,1.0,0.0,0.9047619047619048,0.09523809523809523,0.7058823529411765,0.29411764705882354
18,58,0.87,0.66,0.3902439024390244,2.257575757575758,208.79999999999998,-1,1.0,0.0,0.95,0.05,0.5,0.5
18,59,0.82,0.65,0.4418604651162791,2.3230769230769233,200.39999999999998,-1,1.0,0.0,0.8823529411764706,0.11764705882352941,0.6666666666666666,0.3333333333333333
18,60,0.87,0.66,0.47619047619047616,2.1818181818181817,218.20000000000005,-1,1.0,0.0,0.8928571428571429,0.10714285714285714,0.6153846153846154,0.38461538461538464
18,61,0.9,0.72,0.46938775510204084,2.0277777777777777,237.20000000000007,-1,1.0,0.0,0.9310344827586207,0.06896551724137931,0.6875,0.3125
18,62,0.83,0.67,0.4897959183673469,2.343283582089552,200.8,-1,1.0,0.0,1.0,0.0,0.6428571428571429,0.35714285714285715
18,63,0.81,0.59,0.4473684210526316,1.9322033898305084,198.2,-1,1.0,0.0,0.9,0.1,0.7222222222222222,0.2777777777777778
18,64,0.86,0.64,0.39473684210526316,2.3125,216.99999999999997,-1,1.0,0.0,0.7,0.3,0.6470588235294118,0.35294117647058826
18,65,0.87,0.65,0.4146341463414634,1.9846153846153847,198.99999999999997,-1,1.0,0.0,0.7058823529411765,0.29411764705882354,0.7333333333333333,0.26666666666666666
19,0,0.79,0.64,,1.0,192.0,-1,1.0,0.0,0.8,0.2,0.5333333333333333,0.4666666666666667
19,1,0.82,0.63,0.3076923076923077,1.1904761904761905,200.8,-1,1.0,0.0,0.6666666666666666,0.3333333333333333,0.6153846153846154,0.38461538461538464
19,2,0.81,0.63,0.16666666666666666,1.2222222222222223,167.40000000000003,1,1.0,0.0,0.8947368421052632,0.10526315789473684,0.8,0.2
19,3,0.81,0.62,0.3611111111111111,1.4193548387096775,189.20000000000002,-1,1.0,0.0,0.7727272727272727,0.22727272727272727,0.6666666666666666,0.3333333333333333
19,4,0.82,0.58,0.25,1.3448275862068966,184.39999999999998,-1,1.0,0.0,0.9615384615384616,0.038461538461538464,0.8571428571428571,0.14285714285714285
19,5,0.83,0.61,0.3783783783783784,1.7049180327868851,196.80000000000007,-1,1.0,0.0,0.9090909090909091,0.09090909090909091,0.6,0.4
19,6,0.83,0.66,0.42857142857142855,1.8484848484848484,194.8,-1,1.0,0.0,0.8333333333333334,0.16666666666666666,0.7272727272727273,0.2727272727272727
19,7,0.77,0.65,0.4418604651162791,1.8153846153846154,221.59999999999997,-1,1.0,0.0,0.85,0.15,0.631578947368421,0.3684210526315789
19,8,0.89,0.72,0.4,1.75,235.6,-1,1.0,0.0,0.7777777777777778,0.2222222222222222,0.7692307692307693,0.23076923076923078
19,9,0.79,0.64,0.3695652173913043,1.796875,185.76000000000002,0,1.0,0.0,0.8235294117647058,0.17647058823529413,0.8,0.2
19,10,0.85,0.71,0.46938775510204084,2.056338028169014,230.4,-1,1.0,0.0,0.84,0.16,0.6153846153846154,0.38461538461538464
19,11,0.82,0.69,0.34,1.826086956521739,219.19999999999996,-1,1.0,0.0,0.65,0.35,0.875,0.125
19,12,0.85,0.67,0.45652173913043476,2.014925373134328,195.19999999999996,-1,1.0,0.0,0.7272727272727273,0.2727272727272727,1.0,0.0
19,13,0.86,0.69,0.43478260869565216,2.0869565217391304,198.0,-1,1.0,0.0,0.9473684210526315,0.05263157894736842,0.7692307692307693,0.23076923076923078
19,14,0.88,0.76,0.49056603773584906,2.039473684210526,226.40000000000003,-1,1.0,0.0,0.8,0.2,0.7272727272727273,0.2727272727272727
19,15,0.93,0.79,0.4444444444444444,2.050632911392405,249.4,-1,1.0,0.0,0.76,0.24,0.7058823529411765,0.29411764705882354
19,16,0.88,0.72,0.31666666666666665,1.8194444444444444,228.99999999999997,-1,1.0,0.0,0.625,0.375,0.7222222222222222,0.2777777777777778
19,17,0.85,0.71,0.36538461538461536,1.9014084507042253,215.04000000000002,0,1.0,0.0,0.7727272727272727,0.22727272727272727,0.7894736842105263,0.21052631578947367
19,18,0.83,0.72,0.48,1.9722222222222223,229.60000000000002,-1,1.0,0.0,0.8695652173913043,0.13043478260869565,0.7058823529411765,0.29411764705882354
19,19,0.95,0.74,0.3148148148148148,1.8243243243243243,243.20000000000002,2,1.0,0.0,0.75,0.25,0.8181818181818182,0.18181818181818182
19,20,0.87,0.73,0.2692307692307692,1.6575342465753424,205.11999999999998,0,1.0,0.0,0.7222222222222222,0.2777777777777778,0.7333333333333333,0.26666666666666666
19,21,0.84,0.73,0.3888888888888889,2.0,199.49999999999994,1,1.0,0.0,0.6842105263157895,0.3157894736842105,0.7272727272727273,0.2727272727272727
19,22,0.84,0.72,0.5094339622641509,2.0972222222222223,241.6,4,1.0,0.0,0.7692307692307693,0.23076923076923078,0.5714285714285714,0.42857142857142855
19,23,0.83,0.62,0.46511627906976744,2.0483870967741935,193.14,4,1.0,0.0,0.7894736842105263,0.21052631578947367,0.8666666666666667,0.13333333333333333
19,24,0.87,0.68,0.36363636363636365,2.161764705882353,205.2,-1,1.0,0.0,0.7647058823529411,0.23529411764705882,0.7142857142857143,0.2857142857142857
19,25,0.88,0.69,0.5319148936170213,2.391304347826087,224.79999999999995,-1,1.0,0.0,0.8095238095238095,0.19047619047619047,0.5384615384615384,0.46153846153846156
19,26,0.89,0.72,0.5625,2.1944444444444446,207.76,0,1.0,0.0,0.782608695652174,0.21739130434782608,0.75,0.25
19,27,0.87,0.73,0.37735849056603776,2.2465753424657535,218.39999999999998,-1,1.0,0.0,0.7619047619047619,0.23809523809523808,0.9230769230769231,0.07692307692307693
19,28,0.88,0.69,0.54,2.246376811594203,219.40000000000003,-1,1.0,0.0,0.75,0.25,0.8947368421052632,0.10526315789473684
19,29,0.89,0.75,0.38181818181818183,1.8133333333333332,242.8,-1,1.0,0.0,0.6666666666666666,0.3333333333333333,0.6666666666666666,0.3333333333333333
19,30,0.81,0.66,0.49056603773584906,1.9696969696969697,200.60000000000005,-1,1.0,0.0,0.8260869565217391,0.17391304347826086,0.7692307692307693,0.23076923076923078
19,31,0.87,0.63,0.4358974358974359,2.0793650793650795,202.19999999999996,-1,1.0,0.0,0.7368421052631579,0.2631578947368421,0.8333333333333334,0.16666666666666666
19,32,0.84,0.7,0.475,1.9857142857142858,211.99999999999997,-1,1.0,0.0,0.7142857142857143,0.2857142857142857,0.6153846153846154,0.38461538461538464
19,33,0.84,0.62,0.4782608695652174,1.9516129032258065,192.11999999999995,3,1.0,0.0,0.6818181818181818,0.3181818181818182,0.9166666666666666,0.08333333333333333
19,34,0.77,0.54,0.46875,1.9074074074074074,157.56,0,1.0,0.0,0.7894736842105263,0.21052631578947367,0.8125,0.1875
19,35,0.85,0.7,0.43243243243243246,1.9714285714285715,187.24000000000004,0,1.0,0.0,0.8571428571428571,0.14285714285714285,0.8125,0.1875
19,36,0.83,0.64,0.391304347826087,1.703125,196.8,-1,1.0,0.0,0.8823529411764706,0.11764705882352941,0.6,0.4
19,37,0.77,0.62,0.25,1.6612903225806452,200.89999999999998,4,1.0,0.0,0.875,0.125,0.5,0.5
19,38,0.82,0.66,0.5,1.9393939393939394,202.20000000000005,-1,1.0,0.0,0.8235294117647058,0.17647058823529413,0.45454545454545453,0.5454545454545454
19,39,0.93,0.74,0.48148148148148145,1.7567567567567568,238.42000000000002,2,1.0,0.0,0.72,0.28,0.6153846153846154,0.38461538461538464
19,40,0.84,0.69,0.4230769230769231,1.8695652173913044,203.40000000000003,-1,1.0,0.0,0.6842105263157895,0.3157894736842105,0.7272727272727273,0.2727272727272727
19,41,0.89,0.69,0.44680851063829785,2.072463768115942,195.45999999999998,0,1.0,0.0,0.85,0.15,0.6923076923076923,0.3076923076923077
19,42,0.76,0.64,0.32558139534883723,1.84375,205.92,0,1.0,0.0,0.8823529411764706,0.11764705882352941,0.5,0.5
19,43,0.82,0.66,0.5121951219512195,2.242424242424242,204.59999999999997,-1,1.0,0.0,0.8695652173913043,0.13043478260869565,0.7,0.3
19,44,0.83,0.64,0.45454545454545453,2.3125,211.59999999999997,-1,1.0,0.0,0.8,0.2,0.6,0.4
19,45,0.83,0.69,0.36585365853658536,2.101449275362319,220.60000000000005,-1,1.0,0.0,0.8636363636363636,0.13636363636363635,0.8125,0.1875
19,46,0.87,0.69,0.3958333333333333,1.9710144927536233,218.20000000000005,-1,1.0,0.0,0.8260869565217391,0.17391304347826086,0.8235294117647058,0.17647058823529413
19,47,0.88,0.79,0.4,2.050632911392405,238.00000000000003,-1,1.0,0.0,0.875,0.125,0.5454545454545454,0.45454545454545453
19,48,0.89,0.69,0.5094339622641509,2.101449275362319,213.88,2,1.0,0.0,0.7619047619047619,0.23809523809523808,0.7333333333333333,0.26666666666666666
19,49,0.85,0.71,0.4,1.8873239436619718,225.79999999999995,-1,1.0,0.0,0.8571428571428571,0.14285714285714285,0.5384615384615384,0.46153846153846156
19,50,0.89,0.72,0.4230769230769231,2.0694444444444446,216.60000000000005,-1,1.0,0.0,0.9545454545454546,0.045454545454545456,0.6153846153846154,0.38461538461538464
19,51,0.87,0.72,0.49056603773584906,2.263888888888889,205.0,-1,1.0,0.0,0.9444444444444444,0.05555555555555555,0.6923076923076923,0.3076923076923077
19,52,0.88,0.61,0.4418604651162791,2.0655737704918034,182.39999999999998,-1,1.0,0.0,0.7894736842105263,0.21052631578947367,0.75,0.25
19,53,0.85,0.72,0.37777777777777777,1.9861111111111112,231.2,-1,1.0,0.0,0.8636363636363636,0.13636363636363635,0.6470588235294118,0.35294117647058826
19,54,0.81,0.67,0.4583333333333333,2.014925373134328,209.09999999999994,2,1.0,0.0,0.782608695652174,0.21739130434782608,0.5714285714285714,0.42857142857142855
19,55,0.83,0.69,0.425531914893617,2.0144927536231885,221.26000000000002,4,0.9777777777777777,0.022222222222222223,0.7391304347826086,0.2608695652173913,0.6666666666666666,0.3333333333333333
19,56,0.8,0.64,0.3333333333333333,1.984375,199.60000000000002,-1,1.0,0.0,0.8571428571428571,0.14285714285714285,0.7857142857142857,0.21428571428571427
19,57,0.88,0.72,0.425531914893617,1.8472222222222223,208.60000000000002,-1,1.0,0.0,0.9523809523809523,0.047619047619047616,0.7333333333333333,0.26666666666666666
19,58,0.78,0.61,0.2765957446808511,1.8688524590163935,207.8,-1,1.0,0.0,0.6842105263157895,0.3157894736842105,0.6666666666666666,0.3333333333333333
19,59,0.91,0.78,0.48936170212765956,2.0128205128205128,237.60000000000008,-1,1.0,0.0,0.8928571428571429,0.10714285714285714,0.6923076923076923,0.3076923076923077
19,60,0.87,0.69,0.3888888888888889,1.608695652173913,226.60000000000005,-1,1.0,0.0,0.8518518518518519,0.14814814814814814,0.5714285714285714,0.42857142857142855
19,61,0.85,0.74,0.3269230769230769,1.662162162162162,234.20000000000002,-1,1.0,0.0,0.76,0.24,0.7692307692307693,0.23076923076923078
19,62,0.85,0.73,0.41379310344827586,1.8356164383561644,215.60000000000005,-1,1.0,0.0,0.8571428571428571,0.14285714285714285,0.7142857142857143,0.2857142857142857
19,63,0.87,0.79,0.5178571428571429,2.1772151898734178,228.40000000000006,-1,1.0,0.0,0.8636363636363636,0.13636363636363635,0.6666666666666666,0.3333333333333333
19,64,0.79,0.64,0.5283018867924528,2.03125,203.79999999999998,-1,1.0,0.0,0.9583333333333334,0.041666666666666664,0.6923076923076923,0.3076923076923077
19,65,0.83,0.66,0.5333333333333333,2.1515151515151514,191.77999999999997,0,1.0,0.0,0.8095238095238095,0.19047619047619047,0.6875,0.3125
20,0,0.85,0.66,,1.0,192.0,-1,1.0,0.0,0.75,0.25,0.8125,0.1875
20,1,0.82,0.65,0.43478260869565216,1.3076923076923077,173.80000000000004,-1,1.0,0.0,0.9523809523809523,0.047619047619047616,0.8333333333333334,0.16666666666666666
20,2,0.77,0.56,0.37142857142857144,1.4107142857142858,192.6,3,1.0,0.0,0.7368421052631579,0.2631578947368421,0.631578947368421,0.3684210526315789
20,3,0.81,0.64,0.5,1.671875,194.4,-1,1.0,0.0,0.8636363636363636,0.13636363636363635,0.375,0.625
20,4,0.78,0.6,0.40540540540540543,1.6166666666666667,191.19999999999996,-1,1.0,0.0,0.9090909090909091,0.09090909090909091,0.6,0.4
20,5,0.84,0.61,0.5135135135135135,1.7377049180327868,201.19999999999996,-1,1.0,0.0,0.85,0.15,0.7222222222222222,0.2777777777777778
20,6,0.9,0.69,0.3488372093023256,1.7681159420289856,222.79999999999998,-1,1.0,0.0,0.75,0.25,0.7777777777777778,0.2222222222222222
20,7,0.81,0.66,0.42857142857142855,1.8181818181818181,204.00000000000003,-1,1.0,0.0,0.8888888888888888,0.1111111111111111,0.6428571428571429,0.35714285714285715
20,8,0.87,0.76,0.40384615384615385,1.75,245.2,-1,1.0,0.0,0.8695652173913043,0.13043478260869565,0.5294117647058824,0.47058823529411764
20,9,0.83,0.73,0.3392857142857143,1.6575342465753424,232.2,-1,1.0,0.0,0.7368421052631579,0.2631578947368421,0.6153846153846154,0.38461538461538464
20,10,0.84,0.73,0.38181818181818183,1.7397260273972603,229.18,3,1.0,0.0,0.64,0.36,0.7857142857142857,0.21428571428571427
20,11,0.84,0.74,0.48148148148148145,1.8513513513513513,219.60000000000002,-1,1.0,0.0,0.8695652173913043,0.13043478260869565,0.7857142857142857,0.21428571428571427
20,12,0.79,0.62,0.5416666666666666,1.8064516129032258,206.2,2,1.0,0.0,0.631578947368421,0.3684210526315789,0.6923076923076923,0.3076923076923077
20,13,0.86,0.7,0.43478260869565216,1.9285714285714286,214.4,-1,1.0,0.0,0.8095238095238095,0.19047619047619047,0.6666666666666666,0.3333333333333333
20,14,0.83,0.68,0.3695652173913043,1.911764705882353,220.60000000000005,-1,1.0,0.0,0.8333333333333334,0.16666666666666666,0.5882352941176471,0.4117647058823529
20,15,0.85,0.67,0.5,2.1044776119402986,213.6,-1,1.0,0.0,0.625,0.375,0.6,0.4
20,16,0.82,0.67,0.3488372093023256,1.6567164179104477,210.55999999999997,3,1.0,0.0,0.6818181818181818,0.3181818181818182,0.6923076923076923,0.3076923076923077
20,17,0.84,0.64,0.40476190476190477,1.765625,196.79999999999998,-1,1.0,0.0,0.96,0.04,0.7857142857142857,0.21428571428571427
20,18,0.81,0.61,0.38461538461538464,1.8524590163934427,200.79999999999995,-1,1.0,0.0,0.8421052631578947,0.15789473684210525,0.7647058823529411,0.23529411764705882
20,19,0.82,0.64,0.3488372093023256,1.640625,176.15999999999997,1,1.0,0.0,0.8823529411764706,0.11764705882352941,0.4444444444444444,0.5555555555555556
20,20,0.88,0.7,0.37777777777777777,1.6571428571428573,218.60000000000002,-1,1.0,0.0,0.8181818181818182,0.18181818181818182,0.6875,0.3125
20,21,0.85,0.66,0.32653061224489793,1.6818181818181819,214.79999999999995,-1,1.0,0.0,0.8571428571428571,0.14285714285714285,0.7142857142857143,0.2857142857142857
20,22,0.84,0.68,0.2857142857142857,1.75,191.44000000000003,1,1.0,0.0,0.8333333333333334,0.16666666666666666,0.6428571428571429,0.35714285714285715
20,23,0.79,0.67,0.391304347826087,1.7462686567164178,204.60000000000002,-1,1.0,0.0,0.9,0.1,0.7692307692307693,0.23076923076923078
20,24,0.89,0.67,0.391304347826087,1.9104477611940298,207.99999999999997,-1,1.0,0.0,0.75,0.25,0.6428571428571429,0.35714285714285715
20,25,0.79,0.59,0.3170731707317073,1.9830508474576272,203.4,-1,1.0,0.0,0.9444444444444444,0.05555555555555555,0.7222222222222222,0.2777777777777778
20,26,0.91,0.71,0.48717948717948717,1.9154929577464788,237.2,-1,1.0,0.0,0.6666666666666666,0.3333333333333333,0.7857142857142857,0.21428571428571427
20,27,0.85,0.64,0.30612244897959184,1.625,214.2,-1,1.0,0.0,0.84,0.16,0.7142857142857143,0.2857142857142857
20,28,0.87,0.64,0.2857142857142857,1.875,208.5,3,1.0,0.0,0.8181818181818182,0.18181818181818182,0.6666666666666666,0.3333333333333333
20,29,0.81,0.63,0.425,1.746031746031746,184.42,2,1.0,0.0,0.7058823529411765,0.29411764705882354,0.8181818181818182,0.18181818181818182
20,30,0.91,0.72,0.43478260869565216,1.9722222222222223,238.0,-1,1.0,0.0,0.35714285714285715,0.6428571428571429,0.7894736842105263,0.21052631578947367
20,31,0.87,0.71,0.4807692307692308,2.140845070422535,221.00000000000003,-1,1.0,0.0,0.6666666666666666,0.3333333333333333,0.8,0.2
20,32,0.72,0.53,0.40540540540540543,1.8867924528301887,161.59999999999997,-1,1.0,0.0,0.875,0.125,0.7,0.3
20,33,0.87,0.67,0.4411764705882353,1.6865671641791045,215.39999999999998,-1,1.0,0.0,0.8095238095238095,0.19047619047619047,0.5,0.5
20,34,0.86,0.66,0.40425531914893614,1.9242424242424243,222.8,-1,1.0,0.0,0.8260869565217391,0.17391304347826086,0.8421052631578947,0.15789473684210525
20,35,0.84,0.67,0.5,2.029850746268657,220.39999999999998,-1,1.0,0.0,0.6842105263157895,0.3157894736842105,0.5882352941176471,0.4117647058823529
20,36,0.81,0.62,0.4418604651162791,2.193548387096774,219.2,-1,1.0,0.0,0.8461538461538461,0.15384615384615385,0.6428571428571429,0.35714285714285715
20,37,0.83,0.6,0.4117647058823529,2.0166666666666666,196.39999999999998,-1,1.0,0.0,0.9,0.1,0.8235294117647058,0.17647058823529413
20,38,0.87,0.71,0.40476190476190477,2.183098591549296,225.00000000000003,-1,1.0,0.0,0.7272727272727273,0.2727272727272727,0.8823529411764706,0.11764705882352941
20,39,0.85,0.71,0.4897959183673469,2.4507042253521125,205.2,-1,1.0,0.0,0.8235294117647058,0.17647058823529413,0.6,0.4
20,40,0.89,0.71,0.4,1.9014084507042253,217.79999999999995,-1,1.0,0.0,0.85,0.15,0.6923076923076923,0.3076923076923077
20,41,0.88,0.72,0.47058823529411764,2.0694444444444446,235.00000000000006,-1,1.0,0.0,0.6666666666666666,0.3333333333333333,0.5294117647058824,0.47058823529411764
20,42,0.91,0.64,0.4166666666666667,2.0,208.20000000000002,-1,1.0,0.0,0.8695652173913043,0.13043478260869565,0.75,0.25
20,43,0.88,0.68,0.5909090909090909,2.4558823529411766,207.40000000000003,-1,1.0,0.0,0.9047619047619048,0.09523809523809523,0.7333333333333333,0.26666666666666666
20,44,0.84,0.71,0.42857142857142855,1.9154929577464788,221.96,1,1.0,0.0,0.7727272727272727,0.22727272727272727,0.6666666666666666,0.3333333333333333
20,45,0.81,0.66,0.5111111111111111,2.393939393939394,202.44000000000008,1,1.0,0.0,0.9523809523809523,0.047619047619047616,0.7222222222222222,0.2777777777777778
20,46,0.91,0.7,0.5227272727272727,2.2714285714285714,229.20000000000005,-1,1.0,0.0,0.6666666666666666,0.3333333333333333,0.6875,0.3125
20,47,0.85,0.68,0.5,2.2058823529411766,178.39999999999998,-1,1.0,0.0,0.8823529411764706,0.11764705882352941,0.8,0.2
20,48,0.87,0.72,0.45454545454545453,2.3055555555555554,215.59999999999997,-1,1.0,0.0,0.72,0.28,0.5,0.5
20,49,0.83,0.68,0.4117647058823529,2.0441176470588234,207.20000000000002,-1,1.0,0.0,0.8947368421052632,0.10526315789473684,0.625,0.375
20,50,0.81,0.65,0.38,2.0,202.00000000000003,-1,1.0,0.0,0.8571428571428571,0.14285714285714285,0.8421052631578947,0.15789473684210525
20,51,0.8,0.57,0.325,1.736842105263158,196.99999999999994,-1,1.0,0.0,0.7333333333333333,0.26666666666666666,0.5882352941176471,0.4117647058823529
20,52,0.82,0.65,0.37142857142857144,1.7692307692307692,200.00000000000003,-1,1.0,0.0,0.9565217391304348,0.043478260869565216,0.6923076923076923,0.3076923076923077
20,53,0.88,0.68,0.34782608695652173,1.911764705882353,229.20000000000002,-1,1.0,0.0,0.8695652173913043,0.13043478260869565,0.5555555555555556,0.4444444444444444
20,54,0.87,0.67,0.4117647058823529,1.7014925373134329,188.26,1,1.0,0.0,0.8571428571428571,0.14285714285714285,0.6428571428571429,0.35714285714285715
20,55,0.87,0.65,0.3023255813953488,1.646153846153846,186.60000000000002,-1,1.0,0.0,0.85,0.15,0.9285714285714286,0.07142857142857142
20,56,0.84,0.65,0.3181818181818182,1.8615384615384616,174.07999999999998,0,1.0,0.0,0.9523809523809523,0.047619047619047616,0.8571428571428571,0.14285714285714285
20,57,0.87,0.71,0.46808510638297873,2.0140845070422535,218.80000000000007,-1,1.0,0.0,0.7391304347826086,0.2608695652173913,0.7333333333333333,0.26666666666666666
20,58,0.82,0.67,0.4230769230769231,1.8507462686567164,230.79999999999995,-1,1.0,0.0,0.875,0.125,0.5333333333333333,0.4666666666666667
20,59,0.87,0.65,0.37777777777777777,1.7384615384615385,214.34000000000003,3,1.0,0.0,0.8,0.2,0.7368421052631579,0.2631578947368421
20,60,0.86,0.61,0.4883720930232558,2.0,186.0,-1,1.0,0.0,0.9333333333333333,0.06666666666666667,0.6666666666666666,0.3333333333333333
20,61,0.86,0.66,0.2857142857142857,1.621212121212121,222.39999999999998,-1,1.0,0.0,0.8333333333333334,0.16666666666666666,0.6666666666666666,0.3333333333333333
20,62,0.82,0.58,0.45,1.9310344827586208,174.60000000000002,-1,1.0,0.0,0.9047619047619048,0.09523809523809523,0.7142857142857143,0.2857142857142857
20,63,0.86,0.72,0.2727272727272727,1.8611111111111112,235.40000000000003,-1,1.0,0.0,0.75,0.25,0.5789473684210527,0.42105263157894735
20,64,0.85,0.64,0.425531914893617,1.828125,173.80000000000007,-1,1.0,0.0,0.9333333333333333,0.06666666666666667,0.7857142857142857,0.21428571428571427
20,65,0.86,0.71,0.41304347826086957,1.8873239436619718,211.60000000000002,-1,1.0,0.0,0.8333333333333334,0.16666666666666666,0.6666666666666666,0.3333333333333333
21,0,0.84,0.65,,1.0,186.0,-1,1.0,0.0,0.8095238095238095,0.19047619047619047,0.8,0.2
21,1,0.8,0.59,0.35,1.2372881355932204,151.00000000000003,-1,1.0,0.0,0.8333333333333334,0.16666666666666666,0.5714285714285714,0.42857142857142855
21,2,0.82,0.66,0.475,1.4545454545454546,193.60000000000002,-1,1.0,0.0,0.85,0.15,0.6875,0.3125
21,3,0.89,0.66,0.3953488372093023,1.6363636363636365,206.8,-1,1.0,0.0,0.8181818181818182,0.18181818181818182,0.6153846153846154,0.38461538461538464
21,4,0.82,0.69,0.43478260869565216,1.6666666666666667,223.2,-1,1.0,0.0,0.8095238095238095,0.19047619047619047,0.5,0.5
21,5,0.85,0.71,0.42857142857142855,1.6901408450704225,233.99999999999997,-1,1.0,0.0,0.7619047619047619,0.23809523809523808,0.6,0.4
21,6,0.8,0.59,0.37209302325581395,1.7118644067796611,186.4,-1,1.0,0.0,0.6666666666666666,0.3333333333333333,0.4444444444444444,0.5555555555555556
21,7,0.82,0.64,0.5,2.015625,210.79999999999995,-1,1.0,0.0,0.7777777777777778,0.2222222222222222,0.7058823529411765,0.29411764705882354
21,8,0.84,0.68,0.4883720930232558,1.9264705882352942,198.48,0,1.0,0.0,0.6666666666666666,0.3333333333333333,0.6153846153846154,0.38461538461538464
21,9,0.82,0.64,0.5555555555555556,2.28125,204.79999999999995,-1,1.0,0.0,0.7894736842105263,0.21052631578947367,0.4444444444444444,0.5555555555555556
21,10,0.81,0.63,0.525,2.126984126984127,210.79999999999998,-1,1.0,0.0,0.5833333333333334,0.4166666666666667,0.625,0.375
21,11,0.85,0.57,0.475,2.2280701754385963,195.59999999999997,-1,1.0,0.0,0.7857142857142857,0.21428571428571427,0.5882352941176471,0.4117647058823529
21,12,0.87,0.69,0.45454545454545453,2.1449275362318843,231.0,-1,1.0,0.0,0.8,0.2,0.8235294117647058,0.17647058823529413
21,13,0.87,0.69,0.42857142857142855,2.2753623188405796,220.4,-1,1.0,0.0,0.9,0.1,0.6428571428571429,0.35714285714285715
21,14,0.79,0.66,0.40425531914893614,2.1818181818181817,216.79999999999998,-1,1.0,0.0,0.8333333333333334,0.16666666666666666,0.6666666666666666,0.3333333333333333
21,15,0.83,0.66,0.35714285714285715,2.0,228.39999999999995,-1,1.0,0.0,0.5238095238095238,0.47619047619047616,0.5,0.5
21,16,0.81,0.69,0.4090909090909091,2.0434782608695654,205.19999999999996,2,1.0,0.0,0.8823529411764706,0.11764705882352941,0.46153846153846156,0.5384615384615384
21,17,0.86,0.72,0.5531914893617021,2.138888888888889,207.99999999999997,0,1.0,0.0,0.6666666666666666,0.3333333333333333,0.7142857142857143,0.2857142857142857
21,18,0.88,0.67,0.34,1.9850746268656716,234.08000000000004,0,1.0,0.0,0.8846153846153846,0.11538461538461539,0.5789473684210527,0.42105263157894735
21,19,0.89,0.72,0.35294117647058826,1.75,232.20000000000002,-1,1.0,0.0,0.84,0.16,0.6666666666666666,0.3333333333333333
21,20,0.89,0.67,0.45098039215686275,1.835820895522388,212.4,-1,1.0,0.0,0.9090909090909091,0.09090909090909091,0.5,0.5
21,21,0.77,0.63,0.4782608695652174,1.9682539682539681,199.59999999999997,-1,1.0,0.0,0.8620689655172413,0.13793103448275862,0.8461538461538461,0.15384615384615385
21,22,0.84,0.63,0.3333333333333333,2.015873015873016,203.39999999999998,-1,1.0,0.0,0.8695652173913043,0.13043478260869565,0.6666666666666666,0.3333333333333333
21,23,0.84,0.71,0.4186046511627907,1.7605633802816902,210.8,-1,1.0,0.0,0.8823529411764706,0.11764705882352941,0.6923076923076923,0.3076923076923077
21,24,0.86,0.64,0.3181818181818182,1.84375,193.99999999999994,-1,1.0,0.0,0.6875,0.3125,0.6363636363636364,0.36363636363636365
21,25,0.81,0.66,0.325,1.9696969696969697,216.79999999999995,3,1.0,0.0,0.5833333333333334,0.4166666666666667,0.7142857142857143,0.2857142857142857
21,26,0.88,0.7,0.3125,2.0,221.8,-1,1.0,0.0,0.7222222222222222,0.2777777777777778,0.6428571428571429,0.35714285714285715
21,27,0.79,0.63,0.37777777777777777,1.9206349206349207,199.60000000000002,-1,1.0,0.0,0.5882352941176471,0.4117647058823529,0.8333333333333334,0.16666666666666666
21,28,0.83,0.66,0.55,1.9848484848484849,220.8,-1,1.0,0.0,0.75,0.25,0.6428571428571429,0.35714285714285715
21,29,0.84,0.66,0.5,2.015151515151515,194.69999999999996,2,1.0,0.0,0.7222222222222222,0.2777777777777778,0.6666666666666666,0.3333333333333333
21,30,0.87,0.7,0.37209302325581395,1.7857142857142858,237.72,3,1.0,0.0,0.7586206896551724,0.2413793103448276,0.75,0.25
21,31,0.88,0.69,0.4117647058823529,1.7391304347826086,221.59999999999997,-1,1.0,0.0,0.6,0.4,0.8,0.2
21,32,0.82,0.61,0.325,2.0491803278688523,198.2,-1,1.0,0.0,0.8888888888888888,0.1111111111111111,0.75,0.25
21,33,0.88,0.63,0.4634146341463415,1.9682539682539681,201.68,1,1.0,0.0,0.76,0.24,0.6875,0.3125
21,34,0.86,0.72,0.28888888888888886,1.9583333333333333,226.19999999999996,-1,1.0,0.0,0.7058823529411765,0.29411764705882354,0.6666666666666666,0.3333333333333333
21,35,0.82,0.67,0.4489795918367347,2.044776119402985,200.7,2,1.0,0.0,0.8,0.2,0.6923076923076923,0.3076923076923077
21,36,0.86,0.69,0.4117647058823529,1.9275362318840579,231.79999999999995,-1,1.0,0.0,0.7142857142857143,0.2857142857142857,0.5,0.5
21,37,0.83,0.66,0.37209302325581395,1.7575757575757576,202.80000000000004,-1,1.0,0.0,0.7647058823529411,0.23529411764705882,0.7692307692307693,0.23076923076923078
21,38,0.9,0.76,0.36538461538461536,1.9736842105263157,241.8,-1,1.0,0.0,0.8,0.2,0.625,0.375
21,39,0.9,0.7,0.4117647058823529,1.8571428571428572,214.40000000000003,-1,1.0,0.0,0.8333333333333334,0.16666666666666666,0.8666666666666667,0.13333333333333333
21,40,0.83,0.69,0.4166666666666667,1.7826086956521738,230.2,-1,1.0,0.0,0.72,0.28,0.6428571428571429,0.35714285714285715
21,41,0.85,0.7,0.42857142857142855,2.1142857142857143,224.19999999999996,-1,1.0,0.0,0.7222222222222222,0.2777777777777778,0.7142857142857143,0.2857142857142857
21,42,0.82,0.7,0.42,1.8,215.8,-1,1.0,0.0,0.85,0.15,0.6153846153846154,0.38461538461538464
21,43,0.88,0.74,0.46153846153846156,2.0135135135135136,236.20000000000005,-1,1.0,0.0,0.875,0.125,0.6875,0.3125
21,44,0.86,0.67,0.3333333333333333,1.7611940298507462,196.8,-1,1.0,0.0,0.9523809523809523,0.047619047619047616,0.7857142857142857,0.21428571428571427
21,45,0.86,0.73,0.46,1.917808219178082,219.04000000000008,3,1.0,0.0,0.7083333333333334,0.2916666666666667,0.8,0.2
21,46,0.83,0.65,0.4222222222222222,1.8,197.20000000000005,-1,1.0,0.0,0.8,0.2,0.7333333333333333,0.26666666666666666
21,47,0.84,0.63,0.5128205128205128,1.9206349206349207,210.79999999999998,-1,1.0,0.0,0.75,0.25,0.7142857142857143,0.2857142857142857
21,48,0.87,0.7,0.3958333333333333,1.9714285714285715,217.34000000000003,3,1.0,0.0,0.75,0.25,0.6363636363636364,0.36363636363636365
21,49,0.85,0.68,0.2826086956521739,1.5441176470588236,199.0,0,1.0,0.0,0.8695652173913043,0.13043478260869565,0.7333333333333333,0.26666666666666666
21,50,0.82,0.7,0.34782608695652173,1.9142857142857144,232.39999999999995,-1,1.0,0.0,0.7368421052631579,0.2631578947368421,0.6875,0.3125
21,51,0.9,0.69,0.3877551020408163,2.1159420289855073,215.00000000000009,-1,1.0,0.0,0.7586206896551724,0.2413793103448276,0.7777777777777778,0.2222222222222222
21,52,0.9,0.76,0.4,2.0526315789473686,251.20000000000002,-1,1.0,0.0,0.88,0.12,0.7058823529411765,0.29411764705882354
21,53,0.89,0.73,0.3392857142857143,2.0136986301369864,241.6,-1,1.0,0.0,0.84,0.16,0.5,0.5
21,54,0.85,0.71,0.42592592592592593,2.3943661971830985,214.80000000000004,-1,1.0,0.0,0.85,0.15,0.7692307692307693,0.23076923076923078
21,55,0.88,0.68,0.48936170212765956,2.1470588235294117,212.59999999999997,-1,1.0,0.0,0.7857142857142857,0.21428571428571427,0.7647058823529411,0.23529411764705882
21,56,0.9,0.7,0.42,1.9857142857142858,226.80000000000007,-1,1.0,0.0,0.92,0.08,0.8571428571428571,0.14285714285714285
21,57,0.84,0.7,0.42,2.2285714285714286,208.54000000000002,3,1.0,0.0,0.65,0.35,0.7692307692307693,0.23076923076923078
21,58,0.84,0.7,0.4897959183673469,2.1857142857142855,231.4,-1,1.0,0.0,0.8888888888888888,0.1111111111111111,0.6153846153846154,0.38461538461538464
21,59,0.87,0.73,0.4909090909090909,2.0821917808219177,215.80000000000007,-1,1.0,0.0,0.9047619047619048,0.09523809523809523,0.8,0.2
21,60,0.87,0.63,0.45098039215686275,1.7301587301587302,204.2,-1,1.0,0.0,0.7,0.3,0.5714285714285714,0.42857142857142855
21,61,0.81,0.68,0.4888888888888889,2.161764705882353,210.79999999999998,-1,1.0,0.0,0.85,0.15,0.6923076923076923,0.3076923076923077
21,62,0.85,0.67,0.48936170212765956,1.9402985074626866,219.99999999999997,-1,1.0,0.0,0.8947368421052632,0.10526315789473684,0.6666666666666666,0.3333333333333333
21,63,0.77,0.65,0.43478260869565216,1.8,208.20000000000002,-1,1.0,0.0,0.8,0.2,0.5,0.5
21,64,0.87,0.72,0.4888888888888889,2.0416666666666665,228.20000000000005,-1,1.0,0.0,0.9130434782608695,0.08695652173913043,0.7058823529411765,0.29411764705882354
21,65,0.84,0.72,0.375,1.8194444444444444,235.00000000000003,-1,1.0,0.0,0.7916666666666666,0.20833333333333334,0.6875,0.3125
22,0,0.85,0.69,,1.0,178.59999999999997,0,1.0,0.0,0.7272727272727273,0.2727272727272727,0.7,0.3
22,1,0.87,0.68,0.3404255319148936,1.2352941176470589,217.00000000000006,-1,1.0,0.0,0.7777777777777778,0.2222222222222222,0.7142857142857143,0.2857142857142857
22,2,0.81,0.68,0.3,1.3088235294117647,215.6,-1,1.0,0.0,0.64,0.36,0.6666666666666666,0.3333333333333333
22,3,0.87,0.72,0.45098039215686275,1.5694444444444444,228.0,-1,1.0,0.0,0.75,0.25,0.6842105263157895,0.3157894736842105
22,4,0.93,0.75,0.43103448275862066,1.7333333333333334,248.79999999999998,-1,1.0,0.0,0.6666666666666666,0.3333333333333333,0.75,0.25
22,5,0.79,0.62,0.4583333333333333,1.8709677419354838,192.79999999999995,-1,1.0,0.0,0.6666666666666666,0.3333333333333333,0.7142857142857143,0.2857142857142857
22,6,0.76,0.61,0.5142857142857142,1.9180327868852458,167.19999999999996,-1,1.0,0.0,0.8235294117647058,0.17647058823529413,0.8571428571428571,0.14285714285714285
22,7,0.86,0.67,0.5526315789473685,2.1044776119402986,205.2,-1,1.0,0.0,0.9047619047619048,0.09523809523809523,0.7,0.3
22,8,0.92,0.72,0.47368421052631576,2.0277777777777777,242.39999999999998,-1,1.0,0.0,0.631578947368421,0.3684210526315789,0.6428571428571429,0.35714285714285715
22,9,0.82,0.61,0.4318181818181818,2.081967213114754,192.0,-1,1.0,0.0,0.9,0.1,0.6923076923076923,0.3076923076923077
22,10,0.85,0.69,0.35714285714285715,1.855072463768116,212.39999999999998,-1,1.0,0.0,0.6666666666666666,0.3333333333333333,0.8333333333333334,0.16666666666666666
22,11,0.82,0.65,0.45652173913043476,2.046153846153846,221.19999999999996,-1,1.0,0.0,0.7727272727272727,0.22727272727272727,0.7058823529411765,0.29411764705882354
22,12,0.82,0.67,0.4222222222222222,2.1641791044776117,202.07999999999998,1,1.0,0.0,0.84,0.16,0.7777777777777778,0.2222222222222222
22,13,0.85,0.65,0.38095238095238093,1.8,207.59999999999997,-1,1.0,0.0,0.6875,0.3125,0.7333333333333333,0.26666666666666666
22,14,0.88,0.69,0.3877551020408163,1.6666666666666667,234.59999999999997,3,1.0,0.0,0.7857142857142857,0.21428571428571427,0.5882352941176471,0.4117647058823529
22,15,0.79,0.66,0.4418604651162791,1.621212121212121,215.19999999999996,-1,1.0,0.0,0.7272727272727273,0.2727272727272727,0.7272727272727273,0.2727272727272727
22,16,0.83,0.69,0.4318181818181818,1.826086956521739,199.2,2,1.0,0.0,0.88,0.12,0.42857142857142855,0.5714285714285714
22,17,0.85,0.67,0.4772727272727273,2.074626865671642,207.2,-1,1.0,0.0,0.9259259259259259,0.07407407407407407,0.6666666666666666,0.3333333333333333
22,18,0.92,0.66,0.4090909090909091,1.8181818181818181,215.0,-1,1.0,0.0,0.7916666666666666,0.20833333333333334,0.6923076923076923,0.3076923076923077
22,19,0.87,0.76,0.35294117647058826,1.986842105263158,249.40000000000003,-1,1.0,0.0,0.7692307692307693,0.23076923076923078,0.6875,0.3125
22,20,0.85,0.67,0.42,1.8208955223880596,200.0,3,1.0,0.0,0.7083333333333334,0.2916666666666667,0.7777777777777778,0.2222222222222222
22,21,0.86,0.73,0.37254901960784315,1.8767123287671232,202.32000000000002,1,1.0,0.0,0.8888888888888888,0.1111111111111111,0.75,0.25
22,22,0.76,0.6,0.4186046511627907,2.2,189.19999999999996,-1,1.0,0.0,0.8235294117647058,0.17647058823529413,0.8235294117647058,0.17647058823529413
22,23,0.87,0.8,0.44,2.2125,241.39999999999998,-1,1.0,0.0,0.8095238095238095,0.19047619047619047,0.6875,0.3125
22,24,0.81,0.65,0.43137254901960786,2.2,234.99999999999994,-1,1.0,0.0,0.6190476190476191,0.38095238095238093,0.6875,0.3125
22,25,0.84,0.66,0.26666666666666666,1.7575757575757576,202.79999999999998,-1,1.0,0.0,0.95,0.05,0.8235294117647058,0.17647058823529413
22,26,0.79,0.59,0.5,1.8644067796610169,191.0,-1,1.0,0.0,0.7272727272727273,0.2727272727272727,0.8461538461538461,0.15384615384615385
22,27,0.83,0.68,0.38095238095238093,1.6470588235294117,213.79999999999998,-1,1.0,0.0,0.8,0.2,0.6923076923076923,0.3076923076923077
22,28,0.89,0.67,0.3695652173913043,1.7014925373134329,218.2,-1,1.0,0.0,0.6521739130434783,0.34782608695652173,0.8461538461538461,0.15384615384615385
22,29,0.96,0.81,0.38181818181818183,2.049382716049383,244.60000000000008,-1,1.0,0.0,0.8695652173913043,0.13043478260869565,0.8125,0.1875
22,30,0.86,0.71,0.3559322033898305,1.8169014084507042,227.4,-1,1.0,0.0,0.75,0.25,0.7058823529411765,0.29411764705882354
22,31,0.8,0.6,0.37777777777777777,2.0,192.40000000000003,-1,1.0,0.0,0.9090909090909091,0.09090909090909091,0.6923076923076923,0.3076923076923077
22,32,0.9,0.78,0.40384615384615385,1.7820512820512822,257.20000000000005,-1,1.0,0.0,0.8148148148148148,0.18518518518518517,0.6666666666666666,0.3333333333333333
22,33,0.86,0.63,0.40816326530612246,1.7142857142857142,214.59999999999994,-1,1.0,0.0,0.7272727272727273,0.2727272727272727,0.8125,0.1875
22,34,0.8,0.63,0.4,1.9206349206349207,199.2,-1,1.0,0.0,0.8333333333333334,0.16666666666666666,0.75,0.25
22,35,0.82,0.68,0.28888888888888886,1.5588235294117647,221.39999999999995,-1,1.0,0.0,0.7619047619047619,0.23809523809523808,0.7142857142857143,0.2857142857142857
22,36,0.87,0.71,0.27450980392156865,1.4788732394366197,248.80000000000004,-1,1.0,0.0,0.84,0.16,0.6470588235294118,0.35294117647058826
22,37,0.8,0.65,0.5,1.9076923076923078,223.60000000000002,-1,1.0,0.0,0.625,0.375,0.7142857142857143,0.2857142857142857
22,38,0.84,0.64,0.46511627906976744,2.125,200.39999999999998,-1,1.0,0.0,0.9444444444444444,0.05555555555555555,0.6666666666666666,0.3333333333333333
22,39,0.81,0.67,0.5777777777777777,2.1194029850746268,236.2,-1,1.0,0.0,0.8,0.2,0.6818181818181818,0.3181818181818182
22,40,0.88,0.67,0.3958333333333333,1.9104477611940298,212.19999999999996,-1,1.0,0.0,0.7368421052631579,0.2631578947368421,0.6666666666666666,0.3333333333333333
22,41,0.76,0.61,0.3333333333333333,2.1639344262295084,166.79999999999995,-1,1.0,0.0,0.8823529411764706,0.11764705882352941,1.0,0.0
22,42,0.87,0.72,0.5121951219512195,2.0833333333333335,226.59999999999997,-1,1.0,0.0,0.72,0.28,0.7272727272727273,0.2727272727272727
22,43,0.76,0.69,0.49056603773584906,2.3333333333333335,221.2,-1,1.0,0.0,0.7777777777777778,0.2222222222222222,0.45454545454545453,0.5454545454545454
22,44,0.84,0.75,0.4117647058823529,2.1066666666666665,253.80000000000004,-1,1.0,0.0,0.8666666666666667,0.13333333333333333,0.7142857142857143,0.2857142857142857
22,45,0.91,0.79,0.4067796610169492,1.8860759493670887,215.72000000000003,1,1.0,0.0,0.875,0.125,0.75,0.25
22,46,0.79,0.59,0.5416666666666666,2.1186440677966103,197.59999999999997,-1,1.0,0.0,0.8,0.2,0.6923076923076923,0.3076923076923077
22,47,0.8,0.67,0.47368421052631576,1.835820895522388,185.79999999999995,1,1.0,0.0,0.782608695652174,0.21739130434782608,0.8461538461538461,0.15384615384615385
22,48,0.83,0.63,0.38095238095238093,1.8253968253968254,222.74,3,1.0,0.0,0.6086956521739131,0.391304347826087,0.6666666666666666,0.3333333333333333
22,49,0.82,0.65,0.41304347826086957,2.169230769230769,211.20000000000007,-1,1.0,0.0,0.8888888888888888,0.1111111111111111,0.6666666666666666,0.3333333333333333
22,50,0.74,0.59,0.5277777777777778,1.9322033898305084,176.20000000000002,-1,1.0,0.0,0.9090909090909091,0.09090909090909091,0.8181818181818182,0.18181818181818182
22,51,0.88,0.71,0.40476190476190477,2.0140845070422535,208.8,-1,1.0,0.0,0.6842105263157895,0.3157894736842105,0.8,0.2
22,52,0.85,0.72,0.4897959183673469,2.1527777777777777,228.80000000000004,-1,1.0,0.0,0.8148148148148148,0.18518518518518517,0.6,0.4
22,53,0.86,0.67,0.44,2.1791044776119404,208.20000000000002,-1,1.0,0.0,0.7647058823529411,0.23529411764705882,0.9375,0.0625
22,54,0.86,0.69,0.46938775510204084,2.2753623188405796,246.2,-1,1.0,0.0,0.7391304347826086,0.2608695652173913,0.5294117647058824,0.47058823529411764
22,55,0.86,0.67,0.5217391304347826,2.2686567164179103,214.0,-1,1.0,0.0,0.8181818181818182,0.18181818181818182,0.6153846153846154,0.38461538461538464
22,56,0.89,0.67,0.3023255813953488,1.9104477611940298,214.40000000000003,-1,1.0,0.0,0.7391304347826086,0.2608695652173913,0.8666666666666667,0.13333333333333333
22,57,0.75,0.61,0.5,2.1311475409836067,169.57999999999996,1,1.0,0.0,0.8333333333333334,0.16666666666666666,0.5833333333333334,0.4166666666666667
22,58,0.86,0.73,0.42857142857142855,2.191780821917808,232.35999999999999,3,1.0,0.0,0.7391304347826086,0.2608695652173913,0.625,0.375
22,59,0.85,0.68,0.37735849056603776,2.1176470588235294,195.8,1,1.0,0.0,0.7916666666666666,0.20833333333333334,0.7857142857142857,0.21428571428571427
22,60,0.87,0.68,0.42,1.8529411764705883,213.72000000000003,1,1.0,0.0,0.8,0.2,0.6111111111111112,0.3888888888888889
22,61,0.81,0.67,0.5660377358490566,2.2238805970149254,210.4,-1,1.0,0.0,0.95,0.05,0.625,0.375
22,62,0.83,0.67,0.4,1.8955223880597014,203.36,2,1.0,0.0,0.7142857142857143,0.2857142857142857,0.9230769230769231,0.07692307692307693
22,63,0.89,0.69,0.4489795918367347,1.9275362318840579,208.04000000000002,2,1.0,0.0,0.8888888888888888,0.1111111111111111,0.8666666666666667,0.13333333333333333
22,64,0.79,0.64,0.35555555555555557,1.96875,228.00000000000003,-1,1.0,0.0,0.75,0.25,0.5294117647058824,0.47058823529411764
22,65,0.88,0.69,0.391304347826087,2.217391304347826,217.06,2,1.0,0.0,0.7647058823529411,0.23529411764705882,0.6,0.4
23,0,0.86,0.62,,1.0,157.39999999999998,0,1.0,0.0,0.8636363636363636,0.13636363636363635,0.8,0.2
23,1,0.84,0.69,0.37777777777777777,1.2463768115942029,217.40000000000003,-1,1.0,0.0,0.7,0.3,0.7222222222222222,0.2777777777777778
23,2,0.88,0.78,0.4107142857142857,1.4743589743589745,250.40000000000006,-1,1.0,0.0,0.72,0.28,0.5384615384615384,0.46153846153846156
23,3,0.83,0.64,0.34782608695652173,1.515625,207.59999999999997,-1,1.0,0.0,0.65,0.35,0.8461538461538461,0.15384615384615385
23,4,0.83,0.68,0.30952380952380953,1.5294117647058822,197.20000000000002,-1,1.0,0.0,0.8666666666666667,0.13333333333333333,0.75,0.25
23,5,0.88,0.72,0.46938775510204084,1.6527777777777777,239.99999999999997,-1,1.0,0.0,0.5263157894736842,0.47368421052631576,0.7777777777777778,0.2222222222222222
23,6,0.86,0.65,0.34,1.8307692307692307,194.79999999999998,-1,1.0,0.0,0.75,0.25,0.8181818181818182,0.18181818181818182
23,7,0.88,0.74,0.5434782608695652,1.945945945945946,244.00000000000003,-1,1.0,0.0,0.8148148148148148,0.18518518518518517,0.8421052631578947,0.15789473684210525
23,8,0.82,0.7,0.37037037037037035,1.8428571428571427,221.99999999999997,-1,1.0,0.0,0.92,0.08,0.6666666666666666,0.3333333333333333
23,9,0.86,0.7,0.3191489361702128,1.7,218.40000000000003,-1,1.0,0.0,0.875,0.125,0.7333333333333333,0.26666666666666666
23,10,0.82,0.7,0.4117647058823529,1.8142857142857143,199.60000000000002,-1,1.0,0.0,0.9130434782608695,0.08695652173913043,0.8181818181818182,0.18181818181818182
23,11,0.87,0.7,0.3617021276595745,1.9285714285714286,236.79999999999998,-1,1.0,0.0,0.8636363636363636,0.13636363636363635,0.5,0.5
23,12,0.87,0.7,0.4583333333333333,2.0,225.2,-1,1.0,0.0,0.75,0.25,0.6153846153846154,0.38461538461538464
23,13,0.8,0.6,0.34146341463414637,1.8333333333333333,205.39999999999995,-1,1.0,0.0,0.6818181818181818,0.3181818181818182,0.7333333333333333,0.26666666666666666
23,14,0.81,0.67,0.38461538461538464,1.9253731343283582,227.99999999999997,-1,1.0,0.0,0.7692307692307693,0.23076923076923078,0.7647058823529411,0.23529411764705882
23,15,0.83,0.72,0.46153846153846156,1.8333333333333333,217.20000000000002,-1,1.0,0.0,0.76,0.24,0.8333333333333334,0.16666666666666666
23,16,0.85,0.7,0.46938775510204084,1.9857142857142858,221.8,-1,1.0,0.0,0.7368421052631579,0.2631578947368421,0.6666666666666666,0.3333333333333333
23,17,0.87,0.76,0.48214285714285715,2.25,251.8,3,1.0,0.0,0.7419354838709677,0.25806451612903225,0.8333333333333334,0.16666666666666666
23,18,0.86,0.77,0.5409836065573771,2.012987012987013,252.28000000000003,2,1.0,0.0,0.8181818181818182,0.18181818181818182,0.7777777777777778,0.2222222222222222
23,19,0.92,0.82,0.4375,1.9390243902439024,275.20000000000005,-1,1.0,0.0,0.7272727272727273,0.2727272727272727,0.7391304347826086,0.2608695652173913
23,20,0.8,0.69,0.4074074074074074,1.7681159420289856,202.8,-1,1.0,0.0,0.85,0.15,0.8333333333333334,0.16666666666666666
23,21,0.81,0.76,0.4727272727272727,1.9473684210526316,246.80000000000004,-1,1.0,0.0,0.7777777777777778,0.2222222222222222,0.7333333333333333,0.26666666666666666
23,22,0.86,0.68,0.3090909090909091,1.6323529411764706,202.32000000000002,0,1.0,0.0,0.7692307692307693,0.23076923076923078,0.8571428571428571,0.14285714285714285
23,23,0.81,0.67,0.2708333333333333,1.5671641791044777,219.40000000000003,2,1.0,0.0,0.8421052631578947,0.15789473684210525,0.6818181818181818,0.3181818181818182
23,24,0.83,0.67,0.40425531914893614,1.5970149253731343,230.40000000000003,-1,1.0,0.0,0.7391304347826086,0.2608695652173913,0.625,0.375
23,25,0.84,0.63,0.3829787234042553,1.6507936507936507,188.0,-1,1.0,0.0,0.9523809523809523,0.047619047619047616,0.6666666666666666,0.3333333333333333
23,26,0.78,0.65,0.4,1.7538461538461538,206.20000000000002,2,1.0,0.0,0.8333333333333334,0.16666666666666666,0.8571428571428571,0.14285714285714285
23,27,0.86,0.7,0.30434782608695654,1.7571428571428571,218.40000000000003,2,1.0,0.0,0.896551724137931,0.10344827586206896,0.7142857142857143,0.2857142857142857
23,28,0.92,0.81,0.423728813559322,1.9876543209876543,250.48000000000013,4,1.0,0.0,0.75,0.25,0.7368421052631579,0.2631578947368421
23,29,0.88,0.67,0.39622641509433965,1.9253731343283582,207.20000000000005,-1,1.0,0.0,0.8095238095238095,0.19047619047619047,0.7333333333333333,0.26666666666666666
23,30,0.78,0.7,0.46,1.9285714285714286,220.8,-1,1.0,0.0,0.7727272727272727,0.22727272727272727,0.7777777777777778,0.2222222222222222
23,31,0.88,0.72,0.4339622641509434,1.9305555555555556,241.76000000000002,4,0.9787234042553191,0.02127659574468085,0.7777777777777778,0.2222222222222222,0.7222222222222222,0.2777777777777778
23,32,0.86,0.71,0.45098039215686275,2.2535211267605635,226.20000000000005,-1,1.0,0.0,0.7727272727272727,0.22727272727272727,0.8235294117647058,0.17647058823529413
23,33,0.85,0.71,0.41818181818181815,2.2253521126760565,224.39999999999998,-1,1.0,0.0,0.6666666666666666,0.3333333333333333,0.6875,0.3125
23,34,0.87,0.66,0.5106382978723404,2.227272727272727,197.79999999999998,-1,1.0,0.0,0.75,0.25,0.8333333333333334,0.16666666666666666
23,35,0.84,0.64,0.3181818181818182,1.9375,198.79999999999998,-1,1.0,0.0,0.7222222222222222,0.2777777777777778,0.8,0.2
23,36,0.84,0.72,0.48,2.0,219.60000000000005,-1,1.0,0.0,0.9230769230769231,0.07692307692307693,0.8571428571428571,0.14285714285714285
23,37,0.9,0.77,0.5423728813559322,2.142857142857143,248.8,-1,1.0,0.0,0.5789473684210527,0.42105263157894735,0.6842105263157895,0.3157894736842105
23,38,0.84,0.71,0.4745762711864407,2.0,253.52,4,1.0,0.0,0.7083333333333334,0.2916666666666667,0.7222222222222222,0.2777777777777778
23,39,0.8,0.66,0.48,2.121212121212121,217.20000000000002,-1,1.0,0.0,0.72,0.28,0.7857142857142857,0.21428571428571427
23,40,0.82,0.66,0.46808510638297873,1.9545454545454546,190.28000000000003,1,1.0,0.0,0.95,0.05,0.7647058823529411,0.23529411764705882
23,41,0.81,0.63,0.4090909090909091,1.9047619047619047,210.20000000000002,-1,1.0,0.0,0.8095238095238095,0.19047619047619047,0.6875,0.3125
23,42,0.83,0.72,0.3695652173913043,2.0277777777777777,210.4000000000001,-1,1.0,0.0,0.92,0.08,0.8181818181818182,0.18181818181818182
23,43,0.82,0.72,0.4117647058823529,1.9027777777777777,219.00000000000009,-1,1.0,0.0,0.782608695652174,0.21739130434782608,0.6428571428571429,0.35714285714285715
23,44,0.85,0.65,0.32727272727272727,1.7692307692307692,194.8,-1,1.0,0.0,0.7368421052631579,0.2631578947368421,0.6363636363636364,0.36363636363636365
23,45,0.82,0.57,0.3902439024390244,1.8596491228070176,193.82000000000005,4,1.0,0.0,0.8695652173913043,0.13043478260869565,0.7647058823529411,0.23529411764705882
23,46,0.84,0.72,0.4090909090909091,1.9027777777777777,224.56000000000003,3,1.0,0.0,0.7692307692307693,0.23076923076923078,0.7647058823529411,0.23529411764705882
23,47,0.82,0.68,0.40384615384615385,1.6470588235294117,207.60000000000002,-1,1.0,0.0,0.7777777777777778,0.2222222222222222,0.6923076923076923,0.3076923076923077
23,48,0.84,0.65,0.37209302325581395,1.7076923076923076,205.8,-1,1.0,0.0,0.8095238095238095,0.19047619047619047,0.6428571428571429,0.35714285714285715
23,49,0.81,0.63,0.42857142857142855,2.0,186.4,-1,1.0,0.0,0.7894736842105263,0.21052631578947367,0.8333333333333334,0.16666666666666666
23,50,0.86,0.7,0.38636363636363635,1.6857142857142857,223.00000000000003,-1,1.0,0.0,0.8095238095238095,0.19047619047619047,0.8,0.2
23,51,0.81,0.66,0.5106382978723404,1.878787878787879,215.8,-1,1.0,0.0,0.8,0.2,0.5833333333333334,0.4166666666666667
23,52,0.77,0.65,0.391304347826087,1.7692307692307692,196.39999999999998,-1,1.0,0.0,0.7619047619047619,0.23809523809523808,0.4,0.6
23,53,0.82,0.64,0.425,1.9375,211.59999999999997,-1,1.0,0.0,0.6470588235294118,0.35294117647058826,0.6153846153846154,0.38461538461538464
23,54,0.86,0.69,0.5106382978723404,1.826086956521739,222.6,-1,1.0,0.0,0.8333333333333334,0.16666666666666666,0.9333333333333333,0.06666666666666667
23,55,0.85,0.7,0.46938775510204084,1.7714285714285714,222.6,-1,1.0,0.0,0.8181818181818182,0.18181818181818182,0.6666666666666666,0.3333333333333333
23,56,0.83,0.73,0.48148148148148145,1.9863013698630136,224.80000000000004,-1,1.0,0.0,0.75,0.25,0.7,0.3
23,57,0.78,0.64,0.42857142857142855,2.109375,195.32,0,1.0,0.0,0.8695652173913043,0.13043478260869565,0.8125,0.1875
23,58,0.88,0.78,0.4230769230769231,1.9487179487179487,227.60000000000005,-1,1.0,0.0,0.9166666666666666,0.08333333333333333,0.8,0.2
23,59,0.76,0.6,0.5319148936170213,2.1333333333333333,173.8,-1,1.0,0.0,0.875,0.125,1.0,0.0
23,60,0.93,0.75,0.4090909090909091,1.88,254.0,-1,1.0,0.0,0.7692307692307693,0.23076923076923078,0.7368421052631579,0.2631578947368421
23,61,0.86,0.72,0.4074074074074074,1.7361111111111112,236.80000000000004,-1,1.0,0.0,0.7692307692307693,0.23076923076923078,0.5384615384615384,0.46153846153846156
23,62,0.88,0.71,0.34545454545454546,2.0140845070422535,246.79999999999995,-1,1.0,0.0,0.6190476190476191,0.38095238095238093,0.5384615384615384,0.46153846153846156
23,63,0.82,0.69,0.5,2.289855072463768,213.40000000000003,-1,1.0,0.0,0.7142857142857143,0.2857142857142857,0.46153846153846156,0.5384615384615384
23,64,0.84,0.71,0.2978723404255319,1.7183098591549295,191.07999999999996,0,1.0,0.0,0.9545454545454546,0.045454545454545456,0.6363636363636364,0.36363636363636365
23,65,0.91,0.78,0.48214285714285715,1.8846153846153846,239.8000000000001,-1,1.0,0.0,0.8181818181818182,0.18181818181818182,0.8,0.2
24,0,0.83,0.57,,1.0,178.0,-1,1.0,0.0,0.9090909090909091,0.09090909090909091,0.6470588235294118,0.35294117647058826
24,1,0.87,0.65,0.42105263157894735,1.2461538461538462,204.60000000000002,2,1.0,0.0,0.8095238095238095,0.19047619047619047,0.631578947368421,0.3684210526315789
24,2,0.86,0.66,0.40816326530612246,1.4242424242424243,192.4,-1,1.0,0.0,0.75,0.25,0.6923076923076923,0.3076923076923077
24,3,0.82,0.63,0.28888888888888886,1.5396825396825398,191.4,-1,1.0,0.0,0.8,0.2,0.7692307692307693,0.23076923076923078
24,4,0.87,0.66,0.4186046511627907,1.621212121212121,194.60000000000002,-1,1.0,0.0,0.8947368421052632,0.10526315789473684,0.7142857142857143,0.2857142857142857
24,5,0.85,0.64,0.34146341463414637,1.53125,194.79999999999998,-1,1.0,0.0,0.8235294117647058,0.17647058823529413,0.7692307692307693,0.23076923076923078
24,6,0.83,0.68,0.4666666666666667,1.5147058823529411,219.2,-1,1.0,0.0,0.8461538461538461,0.15384615384615385,0.7142857142857143,0.2857142857142857
24,7,0.79,0.59,0.38095238095238093,1.6779661016949152,194.60000000000002,-1,1.0,0.0,0.8214285714285714,0.17857142857142858,0.6666666666666666,0.3333333333333333
24,8,0.81,0.58,0.32432432432432434,1.706896551724138,186.2,-1,1.0,0.0,0.9047619047619048,0.09523809523809523,0.7647058823529411,0.23529411764705882
24,9,0.82,0.74,0.43902439024390244,1.8108108108108107,219.40000000000003,-1,1.0,0.0,0.8928571428571429,0.10714285714285714,0.7,0.3
24,10,0.83,0.66,0.3673469387755102,1.7878787878787878,202.79999999999995,-1,1.0,0.0,0.42857142857142855,0.5714285714285714,0.8181818181818182,0.18181818181818182
24,11,0.85,0.64,0.39473684210526316,1.9375,204.79999999999998,-1,1.0,0.0,0.8181818181818182,0.18181818181818182,0.5833333333333334,0.4166666666666667
24,12,0.87,0.7,0.41304347826086957,1.7142857142857142,224.48000000000002,0,1.0,0.0,0.7272727272727273,0.2727272727272727,0.6111111111111112,0.3888888888888889
24,13,0.88,0.73,0.4528301886792453,1.917808219178082,206.4,-1,1.0,0.0,0.9047619047619048,0.09523809523809523,0.5833333333333334,0.4166666666666667
24,14,0.89,0.69,0.42592592592592593,1.8115942028985508,191.6,-1,1.0,0.0,0.8888888888888888,0.1111111111111111,0.7272727272727273,0.2727272727272727
24,15,0.82,0.6,0.5111111111111111,2.1666666666666665,206.0,-1,1.0,0.0,0.88,0.12,0.6428571428571429,0.35714285714285715
24,16,0.87,0.67,0.475,2.08955223880597,210.59999999999997,-1,1.0,0.0,0.75,0.25,0.6666666666666666,0.3333333333333333
24,17,0.8,0.65,0.4186046511627907,2.123076923076923,236.39999999999995,-1,1.0,0.0,0.6363636363636364,0.36363636363636365,0.46153846153846156,0.5384615384615384
24,18,0.78,0.59,0.3333333333333333,1.9322033898305084,202.19999999999996,-1,1.0,0.0,0.6470588235294118,0.35294117647058826,0.7142857142857143,0.2857142857142857
24,19,0.87,0.69,0.425,2.028985507246377,214.79999999999998,-1,1.0,0.0,0.782608695652174,0.21739130434782608,0.8,0.2
24,20,0.82,0.65,0.30612244897959184,1.8153846153846154,201.40000000000003,-1,1.0,0.0,0.7619047619047619,0.23809523809523808,0.8333333333333334,0.16666666666666666
24,21,0.86,0.61,0.35714285714285715,2.0,204.4,-1,1.0,0.0,0.782608695652174,0.21739130434782608,0.7333333333333333,0.26666666666666666
24,22,0.88,0.64,0.5454545454545454,1.890625,216.20000000000002,-1,1.0,0.0,0.7222222222222222,0.2777777777777778,0.65,0.35
24,23,0.78,0.66,0.35,2.1363636363636362,218.0,-1,1.0,0.0,0.7619047619047619,0.23809523809523808,0.6153846153846154,0.38461538461538464
24,24,0.91,0.69,0.32653061224489793,1.855072463768116,235.60000000000002,-1,1.0,0.0,0.7272727272727273,0.2727272727272727,0.6,0.4
24,25,0.81,0.66,0.3829787234042553,1.8181818181818181,211.79999999999998,-1,1.0,0.0,0.75,0.25,0.8,0.2
24,26,0.88,0.69,0.3673469387755102,1.826086956521739,219.99999999999994,-1,1.0,0.0,0.7142857142857143,0.2857142857142857,0.6428571428571429,0.35714285714285715
24,27,0.85,0.67,0.38,2.029850746268657,222.59999999999994,-1,1.0,0.0,0.7,0.3,0.6428571428571429,0.35714285714285715
24,28,0.86,0.68,0.5,1.9852941176470589,228.79999999999995,-1,1.0,0.0,0.7307692307692307,0.2692307692307692,0.8461538461538461,0.15384615384615385
24,29,0.79,0.65,0.4791666666666667,2.0307692307692307,206.59999999999994,-1,1.0,0.0,0.8,0.2,0.6153846153846154,0.38461538461538464
24,30,0.83,0.68,0.4791666666666667,2.014705882352941,214.2,-1,1.0,0.0,0.8333333333333334,0.16666666666666666,0.625,0.375
24,31,0.86,0.68,0.3695652173913043,1.8970588235294117,225.39999999999998,-1,1.0,0.0,0.65,0.35,0.7058823529411765,0.29411764705882354
24,32,0.87,0.76,0.4528301886792453,1.9210526315789473,204.32,1,1.0,0.0,0.6875,0.3125,0.7142857142857143,0.2857142857142857
24,33,0.9,0.74,0.5357142857142857,2.22972972972973,225.31999999999996,0,1.0,0.0,0.8076923076923077,0.19230769230769232,0.7058823529411765,0.29411764705882354
24,34,0.85,0.72,0.4727272727272727,2.2777777777777777,230.99999999999997,-1,1.0,0.0,0.8095238095238095,0.19047619047619047,0.5,0.5
24,35,0.84,0.73,0.43859649122807015,2.2054794520547945,238.82,3,1.0,0.0,0.6,0.4,0.625,0.375
24,36,0.82,0.65,0.4489795918367347,2.3692307692307693,214.20000000000002,-1,1.0,0.0,0.7368421052631579,0.2631578947368421,0.5384615384615384,0.46153846153846156
24,37,0.89,0.73,0.46,2.232876712328767,201.41999999999996,1,1.0,0.0,0.7894736842105263,0.21052631578947367,0.4,0.6
24,38,0.9,0.68,0.4583333333333333,2.0,220.2,-1,1.0,0.0,0.8333333333333334,0.16666666666666666,0.5454545454545454,0.45454545454545453
24,39,0.85,0.64,0.4318181818181818,2.109375,214.79999999999995,-1,1.0,0.0,0.375,0.625,0.625,0.375
24,40,0.86,0.68,0.4782608695652174,2.2205882352941178,218.39999999999995,-1,1.0,0.0,0.8260869565217391,0.17391304347826086,0.6666666666666666,0.3333333333333333
24,41,0.85,0.67,0.391304347826087,2.2238805970149254,222.8,-1,1.0,0.0,0.6875,0.3125,0.6842105263157895,0.3157894736842105
24,42,0.86,0.68,0.24444444444444444,2.014705882352941,223.40000000000003,-1,1.0,0.0,0.8333333333333334,0.16666666666666666,0.5,0.5
24,43,0.8,0.66,0.46808510638297873,2.3484848484848486,214.79999999999995,-1,1.0,0.0,0.7,0.3,0.4444444444444444,0.5555555555555556
24,44,0.83,0.61,0.4888888888888889,2.0491803278688523,197.56000000000003,0,1.0,0.0,0.6,0.4,0.5714285714285714,0.42857142857142855
24,45,0.82,0.68,0.3191489361702128,2.1323529411764706,203.8,-1,1.0,0.0,0.6875,0.3125,0.6666666666666666,0.3333333333333333
24,46,0.9,0.65,0.40476190476190477,1.8923076923076922,223.40000000000003,-1,1.0,0.0,0.8095238095238095,0.19047619047619047,0.8181818181818182,0.18181818181818182
24,47,0.83,0.65,0.38636363636363635,2.2153846153846155,215.79999999999995,-1,1.0,0.0,0.7368421052631579,0.2631578947368421,0.6153846153846154,0.38461538461538464
24,48,0.84,0.7,0.2916666666666667,1.7142857142857142,190.11999999999998,1,1.0,0.0,0.7894736842105263,0.21052631578947367,0.7692307692307693,0.23076923076923078
24,49,0.82,0.67,0.46938775510204084,2.1641791044776117,207.40000000000003,-1,1.0,0.0,0.7619047619047619,0.23809523809523808,0.5,0.5
24,50,0.85,0.65,0.4186046511627907,2.0307692307692307,189.67999999999995,0,1.0,0.0,0.8421052631578947,0.15789473684210525,0.6,0.4
24,51,0.86,0.67,0.5111111111111111,2.1492537313432836,219.99999999999994,-1,1.0,0.0,0.7727272727272727,0.22727272727272727,0.5454545454545454,0.45454545454545453
24,52,0.84,0.67,0.46153846153846156,2.074626865671642,227.6,-1,1.0,0.0,0.8,0.2,0.6153846153846154,0.38461538461538464
24,53,0.81,0.66,0.40816326530612246,1.8181818181818181,216.99999999999997,-1,1.0,0.0,0.8,0.2,0.6875,0.3125
24,54,0.84,0.63,0.5909090909090909,2.0476190476190474,209.4,-1,1.0,0.0,0.7894736842105263,0.21052631578947367,0.6,0.4
24,55,0.95,0.77,0.4117647058823529,1.8181818181818181,255.40000000000003,-1,1.0,0.0,0.76,0.24,0.7777777777777778,0.2222222222222222
24,56,0.81,0.64,0.34615384615384615,1.75,200.80000000000004,-1,1.0,0.0,0.75,0.25,0.5833333333333334,0.4166666666666667
24,57,0.89,0.78,0.43137254901960786,1.8846153846153846,239.40000000000003,-1,1.0,0.0,0.6470588235294118,0.35294117647058826,0.875,0.125
24,58,0.85,0.64,0.6346153846153846,2.265625,203.20000000000002,-1,1.0,0.0,0.8260869565217391,0.17391304347826086,0.8333333333333334,0.16666666666666666
24,59,0.79,0.6,0.4634146341463415,2.0166666666666666,182.59999999999997,-1,1.0,0.0,0.7777777777777778,0.2222222222222222,0.75,0.25
24,60,0.84,0.68,0.41025641025641024,2.2058823529411766,197.07999999999998,0,1.0,0.0,0.8181818181818182,0.18181818181818182,0.75,0.25
24,61,0.85,0.68,0.37777777777777777,2.0441176470588234,227.85999999999996,2,1.0,0.0,0.7391304347826086,0.2608695652173913,0.5882352941176471,0.4117647058823529
24,62,0.83,0.63,0.35555555555555557,1.9841269841269842,190.4,-1,1.0,0.0,0.8421052631578947,0.15789473684210525,0.9166666666666666,0.08333333333333333
24,63,0.85,0.67,0.46511627906976744,2.1492537313432836,194.72000000000006,2,1.0,0.0,0.8,0.2,0.75,0.25
24,64,0.9,0.63,0.41304347826086957,2.0,199.20000000000002,-1,1.0,0.0,0.8181818181818182,0.18181818181818182,0.75,0.25
24,65,0.82,0.62,0.2564102564102564,1.8225806451612903,191.40000000000003,-1,1.0,0.0,0.8181818181818182,0.18181818181818182,0.7,0.3
25,0,0.83,0.64,,1.0,182.0,-1,1.0,0.0,0.8823529411764706,0.11764705882352941,0.5384615384615384,0.46153846153846156
25,1,0.84,0.69,0.425,1.2463768115942029,204.8,-1,1.0,0.0,0.85,0.15,0.625,0.375
25,2,0.83,0.68,0.5,1.5588235294117647,207.00000000000006,3,1.0,0.0,0.8,0.2,0.7333333333333333,0.26666666666666666
25,3,0.83,0.68,0.45652173913043476,1.6323529411764706,202.79999999999998,-1,1.0,0.0,0.75,0.25,0.7857142857142857,0.21428571428571427
25,4,0.83,0.68,0.5490196078431373,1.8529411764705883,197.03999999999996,0,1.0,0.0,0.7368421052631579,0.2631578947368421,0.5,0.5
25,5,0.86,0.75,0.4909090909090909,1.8133333333333332,243.99999999999997,-1,1.0,0.0,0.6190476190476191,0.38095238095238093,0.5384615384615384,0.46153846153846156
25,6,0.9,0.69,0.4807692307692308,1.8985507246376812,221.6,-1,1.0,0.0,0.8076923076923077,0.19230769230769232,0.7272727272727273,0.2727272727272727
25,7,0.8,0.65,0.34782608695652173,1.8307692307692307,202.79999999999995,-1,1.0,0.0,0.8181818181818182,0.18181818181818182,0.7,0.3
25,8,0.87,0.71,0.34782608695652173,1.7746478873239437,216.23999999999998,0,1.0,0.0,0.7727272727272727,0.22727272727272727,0.6923076923076923,0.3076923076923077
25,9,0.91,0.73,0.2549019607843137,1.5890410958904109,198.0,-1,1.0,0.0,1.0,0.0,0.9230769230769231,0.07692307692307693
25,10,0.84,0.71,0.4716981132075472,1.7746478873239437,218.4,-1,1.0,0.0,0.625,0.375,0.6875,0.3125
25,11,0.93,0.75,0.42,1.8933333333333333,231.59999999999997,-1,1.0,0.0,0.6,0.4,0.625,0.375
25,12,0.85,0.71,0.40384615384615385,1.7887323943661972,222.0,-1,1.0,0.0,0.8518518518518519,0.14814814814814814,0.6666666666666666,0.3333333333333333
25,13,0.84,0.68,0.36,1.7205882352941178,238.99999999999994,3,1.0,0.0,0.6785714285714286,0.32142857142857145,0.5,0.5
25,14,0.87,0.72,0.4230769230769231,1.7777777777777777,236.2,4,1.0,0.0,0.6538461538461539,0.34615384615384615,0.5384615384615384,0.46153846153846156
25,15,0.88,0.74,0.4074074074074074,1.8108108108108107,238.40000000000003,-1,1.0,0.0,0.8928571428571429,0.10714285714285714,0.8421052631578947,0.15789473684210525
25,16,0.83,0.69,0.4230769230769231,1.855072463768116,191.80000000000004,-1,1.0,0.0,0.8333333333333334,0.16666666666666666,0.75,0.25
25,17,0.82,0.7,0.34,1.6142857142857143,202.99999999999997,4,1.0,0.0,0.8636363636363636,0.13636363636363635,0.5555555555555556,0.4444444444444444
25,18,0.83,0.71,0.22448979591836735,1.591549295774648,224.6,-1,1.0,0.0,0.7894736842105263,0.21052631578947367,0.7647058823529411,0.23529411764705882
25,19,0.84,0.72,0.37254901960784315,1.6666666666666667,238.00000000000006,-1,1.0,0.0,0.6666666666666666,0.3333333333333333,0.5333333333333333,0.4666666666666667
25,20,0.81,0.7,0.4166666666666667,1.7571428571428571,237.68000000000004,2,1.0,0.0,0.8571428571428571,0.14285714285714285,0.6842105263157895,0.3157894736842105
25,21,0.89,0.79,0.44642857142857145,1.9367088607594938,236.60000000000002,1,1.0,0.0,0.7058823529411765,0.29411764705882354,0.6111111111111112,0.3888888888888889
25,22,0.83,0.71,0.5573770491803278,2.140845070422535,198.87999999999997,0,1.0,0.0,0.8235294117647058,0.17647058823529413,0.45454545454545453,0.5454545454545454
25,23,0.86,0.76,0.39622641509433965,2.026315789473684,234.20000000000002,2,1.0,0.0,0.8076923076923077,0.19230769230769232,0.6153846153846154,0.38461538461538464
25,24,0.75,0.64,0.44,1.859375,207.6,-1,1.0,0.0,0.8260869565217391,0.17391304347826086,0.75,0.25
25,25,0.78,0.66,0.36363636363636365,2.0757575757575757,189.64,0,1.0,0.0,0.75,0.25,0.7857142857142857,0.21428571428571427
25,26,0.82,0.68,0.3488372093023256,2.0,202.60000000000002,-1,1.0,0.0,0.9047619047619048,0.09523809523809523,0.8823529411764706,0.11764705882352941
25,27,0.84,0.76,0.5306122448979592,1.9736842105263157,227.80000000000004,-1,1.0,0.0,0.8888888888888888,0.1111111111111111,0.6923076923076923,0.3076923076923077
25,28,0.89,0.75,0.4067796610169492,1.8533333333333333,228.2,-1,1.0,0.0,0.6470588235294118,0.35294117647058826,0.8125,0.1875
25,29,0.81,0.66,0.3404255319148936,2.0303030303030303,201.8,-1,1.0,0.0,0.8260869565217391,0.17391304347826086,0.7272727272727273,0.2727272727272727
25,30,0.88,0.67,0.4772727272727273,2.2388059701492535,231.20000000000005,3,1.0,0.0,0.6538461538461539,0.34615384615384615,0.625,0.375
25,31,0.85,0.66,0.36,1.7878787878787878,211.0,-1,1.0,0.0,0.85,0.15,0.6,0.4
25,32,0.88,0.68,0.4897959183673469,2.1911764705882355,219.80000000000004,3,1.0,0.0,0.43478260869565216,0.5652173913043478,0.8571428571428571,0.14285714285714285
25,33,0.86,0.72,0.40816326530612246,1.9305555555555556,226.8,-1,1.0,0.0,0.7368421052631579,0.2631578947368421,0.6666666666666666,0.3333333333333333
25,34,0.88,0.76,0.3333333333333333,1.855263157894737,244.00000000000006,-1,1.0,0.0,0.8095238095238095,0.19047619047619047,0.6842105263157895,0.3157894736842105
25,35,0.9,0.7,0.3684210526315789,1.8142857142857143,214.50000000000006,3,1.0,0.0,0.875,0.125,0.6666666666666666,0.3333333333333333
25,36,0.85,0.73,0.28888888888888886,1.7945205479452055,228.00000000000003,-1,1.0,0.0,0.8787878787878788,0.12121212121212122,0.7272727272727273,0.2727272727272727
25,37,0.82,0.66,0.46938775510204084,2.015151515151515,210.00000000000003,-1,1.0,0.0,0.9259259259259259,0.07407407407407407,0.6875,0.3125
25,38,0.84,0.66,0.4090909090909091,1.6818181818181819,201.59999999999997,-1,1.0,0.0,0.9375,0.0625,0.625,0.375
25,39,0.86,0.69,0.43902439024390244,1.7826086956521738,199.48,1,1.0,0.0,0.6363636363636364,0.36363636363636365,0.7777777777777778,0.2222222222222222
25,40,0.85,0.64,0.48936170212765956,1.984375,180.39999999999998,-1,1.0,0.0,0.75,0.25,0.7272727272727273,0.2727272727272727
25,41,0.86,0.69,0.5217391304347826,2.0579710144927534,199.39999999999998,-1,1.0,0.0,0.8823529411764706,0.11764705882352941,0.6666666666666666,0.3333333333333333
25,42,0.85,0.76,0.36538461538461536,1.7894736842105263,224.4,-1,1.0,0.0,0.9444444444444444,0.05555555555555555,0.6,0.4
25,43,0.79,0.64,0.5333333333333333,2.15625,189.00000000000003,-1,1.0,0.0,0.9565217391304348,0.043478260869565216,0.5,0.5
25,44,0.86,0.68,0.3333333333333333,1.7205882352941178,222.2,-1,1.0,0.0,0.8,0.2,0.6923076923076923,0.3076923076923077
25,45,0.89,0.8,0.4909090909090909,1.8375,229.8000000000001,-1,1.0,0.0,0.967741935483871,0.03225806451612903,0.7272727272727273,0.2727272727272727
25,46,0.88,0.73,0.3684210526315789,1.7534246575342465,251.8,-1,1.0,0.0,0.6666666666666666,0.3333333333333333,0.55,0.45
25,47,0.8,0.69,0.52,2.0869565217391304,219.60000000000002,-1,1.0,0.0,0.8235294117647058,0.17647058823529413,0.6666666666666666,0.3333333333333333
25,48,0.82,0.68,0.4888888888888889,2.176470588235294,228.40000000000006,-1,1.0,0.0,0.8928571428571429,0.10714285714285714,0.6428571428571429,0.35714285714285715
25,49,0.87,0.66,0.2978723404255319,2.015151515151515,210.40000000000003,-1,1.0,0.0,0.8260869565217391,0.17391304347826086,0.8571428571428571,0.14285714285714285
25,50,0.87,0.69,0.425531914893617,2.3043478260869565,218.4,-1,1.0,0.0,0.6666666666666666,0.3333333333333333,0.7692307692307693,0.23076923076923078
25,51,0.84,0.67,0.5,1.955223880597015,220.2,-1,1.0,0.0,0.8571428571428571,0.14285714285714285,0.4166666666666667,0.5833333333333334
25,52,0.84,0.65,0.32653061224489793,1.8153846153846154,197.8,-1,1.0,0.0,0.9411764705882353,0.058823529411764705,0.75,0.25
25,53,0.89,0.8,0.4528301886792453,1.975,231.80000000000013,-1,1.0,0.0,0.8695652173913043,0.13043478260869565,0.7857142857142857,0.21428571428571427
25,54,0.84,0.65,0.46296296296296297,1.9230769230769231,209.8,-1,1.0,0.0,0.6666666666666666,0.3333333333333333,0.7692307692307693,0.23076923076923078
25,55,0.84,0.71,0.4,2.0,190.92000000000002,2,1.0,0.0,0.9285714285714286,0.07142857142857142,0.6363636363636364,0.36363636363636365
25,56,0.84,0.69,0.40816326530612246,1.855072463768116,211.00000000000003,-1,1.0,0.0,0.8260869565217391,0.17391304347826086,0.6153846153846154,0.38461538461538464
25,57,0.83,0.6,0.32558139534883723,1.8666666666666667,195.99999999999997,-1,1.0,0.0,0.8571428571428571,0.14285714285714285,0.6923076923076923,0.3076923076923077
25,58,0.83,0.68,0.35714285714285715,1.8088235294117647,207.8,-1,1.0,0.0,0.84,0.16,0.42857142857142855,0.5714285714285714
25,59,0.83,0.66,0.5111111111111111,1.9393939393939394,195.60000000000008,-1,1.0,0.0,0.8947368421052632,0.10526315789473684,0.6153846153846154,0.38461538461538464
25,60,0.82,0.66,0.28888888888888886,1.7878787878787878,212.8,-1,1.0,0.0,0.8421052631578947,0.15789473684210525,0.75,0.25
25,61,0.85,0.72,0.2978723404255319,1.7638888888888888,226.08,1,1.0,0.0,0.7391304347826086,0.2608695652173913,0.5789473684210527,0.42105263157894735
25,62,0.79,0.62,0.4,1.8387096774193548,194.60000000000002,-1,1.0,0.0,0.8235294117647058,0.17647058823529413,0.5833333333333334,0.4166666666666667
25,63,0.83,0.75,0.4,1.88,227.60000000000005,-1,1.0,0.0,0.7619047619047619,0.23809523809523808,0.7,0.3
25,64,0.82,0.67,0.425531914893617,1.671641791044776,215.60000000000005,-1,1.0,0.0,0.7142857142857143,0.2857142857142857,0.8125,0.1875
25,65,0.79,0.6,0.4146341463414634,2.066666666666667,180.40000000000003,-1,1.0,0.0,0.8181818181818182,0.18181818181818182,0.9090909090909091,0.09090909090909091
26,0,0.82,0.61,,1.0,186.6,2,1.0,0.0,0.8095238095238095,0.19047619047619047,0.6666666666666666,0.3333333333333333
26,1,0.81,0.61,0.2564102564102564,1.1639344262295082,174.4,-1,1.0,0.0,0.85,0.15,0.6,0.4
26,2,0.84,0.67,0.46511627906976744,1.4179104477611941,224.40000000000003,-1,1.0,0.0,0.8,0.2,0.5882352941176471,0.4117647058823529
26,3,0.84,0.67,0.45098039215686275,1.5522388059701493,207.20000000000002,-1,1.0,0.0,0.9333333333333333,0.06666666666666667,0.7692307692307693,0.23076923076923078
26,4,0.81,0.57,0.4523809523809524,1.6666666666666667,182.79999999999995,-1,1.0,0.0,0.8095238095238095,0.19047619047619047,0.6,0.4
26,5,0.81,0.59,0.39473684210526316,1.6440677966101696,203.59999999999997,-1,1.0,0.0,0.88,0.12,0.7333333333333333,0.26666666666666666
26,6,0.89,0.71,0.3902439024390244,1.7464788732394365,217.59999999999997,-1,1.0,0.0,0.7222222222222222,0.2777777777777778,0.6153846153846154,0.38461538461538464
26,7,0.85,0.66,0.47058823529411764,1.7878787878787878,223.20000000000002,-1,1.0,0.0,0.72,0.28,0.6363636363636364,0.36363636363636365
26,8,0.81,0.68,0.45454545454545453,1.9411764705882353,200.60000000000002,-1,1.0,0.0,0.8823529411764706,0.11764705882352941,0.75,0.25
26,9,0.83,0.69,0.2916666666666667,1.6521739130434783,226.79999999999998,-1,1.0,0.0,0.8461538461538461,0.15384615384615385,0.5833333333333334,0.4166666666666667
26,10,0.85,0.68,0.44,1.9264705882352942,208.80000000000004,-1,1.0,0.0,0.8181818181818182,0.18181818181818182,0.8,0.2
26,11,0.8,0.69,0.46808510638297873,2.130434782608696,207.00000000000006,-1,1.0,0.0,0.8333333333333334,0.16666666666666666,0.6666666666666666,0.3333333333333333
26,12,0.91,0.8,0.375,1.8875,231.60000000000005,-1,1.0,0.0,0.88,0.12,0.7333333333333333,0.26666666666666666
26,13,0.88,0.69,0.4074074074074074,1.8695652173913044,206.0,-1,1.0,0.0,0.8888888888888888,0.1111111111111111,0.875,0.125
26,14,0.84,0.65,0.5333333333333333,2.1846153846153844,196.39999999999998,-1,1.0,0.0,0.9545454545454546,0.045454545454545456,0.6666666666666666,0.3333333333333333
26,15,0.87,0.74,0.38,1.8918918918918919,249.60000000000002,-1,1.0,0.0,0.8148148148148148,0.18518518518518517,0.6428571428571429,0.35714285714285715
26,16,0.85,0.64,0.4782608695652174,1.9375,210.79999999999995,-1,1.0,0.0,0.6190476190476191,0.38095238095238093,0.6666666666666666,0.3333333333333333
26,17,0.88,0.71,0.4090909090909091,2.0140845070422535,218.6,-1,1.0,0.0,0.8695652173913043,0.13043478260869565,0.6,0.4
26,18,0.81,0.61,0.29545454545454547,1.639344262295082,204.59999999999997,-1,1.0,0.0,0.8181818181818182,0.18181818181818182,0.5833333333333334,0.4166666666666667
26,19,0.87,0.64,0.3488372093023256,1.578125,217.2,-1,1.0,0.0,0.9642857142857143,0.03571428571428571,0.625,0.375
26,20,0.88,0.75,0.4423076923076923,1.7466666666666666,260.6,-1,1.0,0.0,0.7307692307692307,0.2692307692307692,0.5,0.5
26,21,0.88,0.74,0.43859649122807015,1.8783783783783783,240.99999999999997,-1,1.0,0.0,0.7142857142857143,0.2857142857142857,0.5625,0.4375
26,22,0.89,0.69,0.4,1.826086956521739,229.6,-1,1.0,0.0,0.8095238095238095,0.19047619047619047,0.5333333333333333,0.4666666666666667
26,23,0.83,0.67,0.4375,1.8059701492537314,235.0,-1,1.0,0.0,0.76,0.24,0.5333333333333333,0.4666666666666667
26,24,0.86,0.7,0.32608695652173914,1.7571428571428571,237.6,-1,1.0,0.0,0.8,0.2,0.7222222222222222,0.2777777777777778
26,25,0.88,0.66,0.4166666666666667,1.878787878787879,210.20000000000002,-1,1.0,0.0,0.8260869565217391,0.17391304347826086,0.8,0.2
26,26,0.83,0.69,0.48936170212765956,2.0579710144927534,237.0,-1,1.0,0.0,0.7407407407407407,0.25925925925925924,0.6666666666666666,0.3333333333333333
26,27,0.85,0.64,0.3111111111111111,1.921875,211.59999999999997,-1,1.0,0.0,0.6153846153846154,0.38461538461538464,0.6470588235294118,0.35294117647058826
26,28,0.85,0.67,0.4222222222222222,2.0,225.39999999999998,-1,1.0,0.0,0.7916666666666666,0.20833333333333334,0.6875,0.3125
26,29,0.8,0.65,0.4,1.9538461538461538,215.99999999999997,-1,1.0,0.0,0.8,0.2,0.6363636363636364,0.36363636363636365
26,30,0.82,0.62,0.36363636363636365,1.7580645161290323,226.2,-1,1.0,0.0,0.782608695652174,0.21739130434782608,0.5882352941176471,0.4117647058823529
26,31,0.83,0.72,0.3191489361702128,1.8055555555555556,222.16000000000003,2,1.0,0.0,0.7222222222222222,0.2777777777777778,0.7777777777777778,0.2222222222222222
26,32,0.77,0.62,0.5,2.2096774193548385,178.25999999999993,0,1.0,0.0,0.7142857142857143,0.2857142857142857,0.8333333333333334,0.16666666666666666
26,33,0.87,0.72,0.4791666666666667,2.1944444444444446,234.60000000000002,-1,1.0,0.0,0.7272727272727273,0.2727272727272727,0.6153846153846154,0.38461538461538464
26,34,0.85,0.66,0.36,2.227272727272727,221.49999999999997,3,1.0,0.0,0.8928571428571429,0.10714285714285714,0.5384615384615384,0.46153846153846156
26,35,0.8,0.62,0.5681818181818182,2.096774193548387,209.39999999999995,-1,1.0,0.0,0.8,0.2,0.6,0.4
26,36,0.85,0.69,0.36363636363636365,2.0869565217391304,213.20000000000002,-1,1.0,0.0,0.9230769230769231,0.07692307692307693,0.5,0.5
26,37,0.84,0.67,0.3409090909090909,1.9253731343283582,238.39999999999995,-1,1.0,0.0,0.6190476190476191,0.38095238095238093,0.625,0.375
26,38,0.83,0.68,0.43478260869565216,1.9558823529411764,227.20000000000005,-1,1.0,0.0,0.76,0.24,0.5454545454545454,0.45454545454545453
26,39,0.83,0.67,0.5208333333333334,1.9402985074626866,202.80000000000004,-1,1.0,0.0,0.8947368421052632,0.10526315789473684,0.8,0.2
26,40,0.86,0.66,0.3829787234042553,1.8636363636363635,199.58,2,1.0,0.0,0.7391304347826086,0.2608695652173913,0.7272727272727273,0.2727272727272727
26,41,0.76,0.56,0.4857142857142857,2.0714285714285716,171.71999999999997,1,1.0,0.0,0.8125,0.1875,0.7894736842105263,0.21052631578947367
26,42,0.93,0.77,0.5238095238095238,2.168831168831169,245.12000000000003,2,1.0,0.0,0.8148148148148148,0.18518518518518517,0.7058823529411765,0.29411764705882354
26,43,0.87,0.72,0.46153846153846156,2.1805555555555554,227.60000000000005,-1,1.0,0.0,0.7916666666666666,0.20833333333333334,0.8125,0.1875
26,44,0.83,0.75,0.42857142857142855,1.84,234.40000000000003,-1,1.0,0.0,0.8333333333333334,0.16666666666666666,0.6875,0.3125
26,45,0.85,0.71,0.29411764705882354,2.1690140845070425,221.80000000000004,-1,1.0,0.0,0.7,0.3,0.8,0.2
26,46,0.89,0.75,0.42105263157894735,1.9466666666666668,230.60000000000005,-1,1.0,0.0,0.875,0.125,0.6428571428571429,0.35714285714285715
26,47,0.87,0.67,0.43137254901960786,1.9104477611940298,225.0,-1,1.0,0.0,0.65,0.35,0.75,0.25
26,48,0.82,0.67,0.46808510638297873,2.0597014925373136,204.79999999999998,-1,1.0,0.0,0.8695652173913043,0.13043478260869565,0.8,0.2
26,49,0.83,0.67,0.38636363636363635,2.0597014925373136,225.39999999999998,-1,1.0,0.0,0.8636363636363636,0.13636363636363635,0.7,0.3
26,50,0.83,0.72,0.4166666666666667,2.1944444444444446,222.00000000000003,-1,1.0,0.0,0.782608695652174,0.21739130434782608,0.7272727272727273,0.2727272727272727
26,51,0.86,0.69,0.40384615384615385,1.9710144927536233,231.20000000000005,-1,1.0,0.0,0.8695652173913043,0.13043478260869565,0.7142857142857143,0.2857142857142857
26,52,0.9,0.69,0.29411764705882354,1.9130434782608696,238.6,-1,1.0,0.0,0.6842105263157895,0.3157894736842105,0.7058823529411765,0.29411764705882354
26,53,0.9,0.74,0.4230769230769231,2.1486486486486487,252.60000000000008,-1,1.0,0.0,0.7931034482758621,0.20689655172413793,0.7647058823529411,0.23529411764705882
26,54,0.77,0.66,0.44680851063829785,2.0606060606060606,202.00000000000006,-1,1.0,0.0,0.8181818181818182,0.18181818181818182,0.75,0.25
26,55,0.84,0.67,0.4418604651162791,2.1194029850746268,209.43999999999997,0,1.0,0.0,0.6363636363636364,0.36363636363636365,0.7333333333333333,0.26666666666666666
26,56,0.89,0.77,0.3333333333333333,1.922077922077922,244.00000000000006,-1,1.0,0.0,0.8888888888888888,0.1111111111111111,0.6428571428571429,0.35714285714285715
26,57,0.87,0.67,0.3076923076923077,1.9104477611940298,229.4,-1,1.0,0.0,0.8636363636363636,0.13636363636363635,0.6666666666666666,0.3333333333333333
26,58,0.79,0.7,0.45652173913043476,1.7857142857142858,203.0,-1,1.0,0.0,0.96,0.04,0.6666666666666666,0.3333333333333333
26,59,0.84,0.72,0.27450980392156865,1.6944444444444444,223.60000000000008,-1,1.0,0.0,0.8275862068965517,0.1724137931034483,0.8,0.2
26,60,0.86,0.7,0.46153846153846156,1.7714285714285714,230.20000000000005,-1,1.0,0.0,0.8,0.2,0.7058823529411765,0.29411764705882354
26,61,0.86,0.68,0.42,1.75,218.9,2,1.0,0.0,0.7,0.3,0.625,0.375
26,62,0.88,0.72,0.5102040816326531,2.0555555555555554,230.40000000000003,-1,1.0,0.0,0.75,0.25,0.7692307692307693,0.23076923076923078
26,63,0.85,0.7,0.4528301886792453,1.9857142857142858,226.6000000000001,-1,1.0,0.0,0.9642857142857143,0.03571428571428571,0.7058823529411765,0.29411764705882354
26,64,0.87,0.72,0.37254901960784315,1.8472222222222223,212.40000000000003,-1,1.0,0.0,0.8518518518518519,0.14814814814814814,0.8571428571428571,0.14285714285714285
26,65,0.83,0.65,0.4418604651162791,1.8461538461538463,214.0,-1,1.0,0.0,0.8148148148148148,0.18518518518518517,0.7333333333333333,0.26666666666666666
27,0,0.79,0.61,,1.0,186.0,-1,1.0,0.0,0.7272727272727273,0.2727272727272727,0.6363636363636364,0.36363636363636365
27,1,0.86,0.72,0.3695652173913043,1.2361111111111112,208.80000000000004,-1,1.0,0.0,0.92,0.08,0.7647058823529411,0.23529411764705882
27,2,0.86,0.67,0.35294117647058826,1.4179104477611941,205.20000000000005,2,1.0,0.0,0.7727272727272727,0.22727272727272727,0.75,0.25
27,3,0.9,0.77,0.38461538461538464,1.4675324675324675,215.67999999999998,1,1.0,0.0,0.7368421052631579,0.2631578947368421,0.6428571428571429,0.35714285714285715
27,4,0.89,0.74,0.32142857142857145,1.5810810810810811,245.20000000000005,-1,1.0,0.0,0.8333333333333334,0.16666666666666666,0.7222222222222222,0.2777777777777778
27,5,0.84,0.76,0.5384615384615384,1.9210526315789473,212.60000000000005,3,1.0,0.0,0.8333333333333334,0.16666666666666666,0.6363636363636364,0.36363636363636365
27,6,0.88,0.67,0.4528301886792453,1.8805970149253732,197.2,-1,1.0,0.0,0.9047619047619048,0.09523809523809523,0.8333333333333334,0.16666666666666666
27,7,0.91,0.76,0.5,1.986842105263158,218.71999999999997,0,1.0,0.0,0.7857142857142857,0.21428571428571427,0.6666666666666666,0.3333333333333333
27,8,0.79,0.63,0.425531914893617,1.7936507936507937,212.8,-1,1.0,0.0,0.8333333333333334,0.16666666666666666,0.8571428571428571,0.14285714285714285
27,9,0.82,0.65,0.39473684210526316,2.0153846153846153,205.99999999999997,-1,1.0,0.0,0.7368421052631579,0.2631578947368421,0.8,0.2
27,10,0.87,0.77,0.37037037037037035,1.9610389610389611,234.0,-1,1.0,0.0,0.9310344827586207,0.06896551724137931,0.7142857142857143,0.2857142857142857
27,11,0.86,0.68,0.4,1.8088235294117647,204.60000000000002,-1,1.0,0.0,0.9,0.1,0.7272727272727273,0.2727272727272727
27,12,0.82,0.62,0.43478260869565216,2.1451612903225805,200.79999999999998,-1,1.0,0.0,0.9090909090909091,0.09090909090909091,0.6666666666666666,0.3333333333333333
27,13,0.79,0.67,0.5,1.9701492537313432,199.99999999999997,-1,1.0,0.0,0.6875,0.3125,0.8461538461538461,0.15384615384615385
27,14,0.78,0.67,0.35555555555555557,1.7014925373134329,220.79999999999998,-1,1.0,0.0,0.7857142857142857,0.21428571428571427,0.7272727272727273,0.2727272727272727
27,15,0.77,0.63,0.3902439024390244,1.7301587301587302,189.51999999999998,1,1.0,0.0,0.7222222222222222,0.2777777777777778,0.5454545454545454,0.45454545454545453
27,16,0.84,0.66,0.5405405405405406,2.0303030303030303,201.99999999999997,-1,1.0,0.0,0.7894736842105263,0.21052631578947367,0.8571428571428571,0.14285714285714285
27,17,0.85,0.65,0.3695652173913043,1.9692307692307693,216.79999999999995,-1,1.0,0.0,0.47058823529411764,0.5294117647058824,0.6153846153846154,0.38461538461538464
27,18,0.78,0.62,0.4,2.064516129032258,163.32,1,1.0,0.0,0.75,0.25,0.75,0.25
27,19,0.81,0.65,0.5348837209302325,2.0615384615384613,187.99999999999994,2,1.0,0.0,0.7391304347826086,0.2608695652173913,0.8888888888888888,0.1111111111111111
27,20,0.83,0.69,0.3404255319148936,1.8115942028985508,226.39999999999998,-1,1.0,0.0,0.76,0.24,0.8333333333333334,0.16666666666666666
27,21,0.81,0.67,0.40425531914893614,1.9104477611940298,215.99999999999994,-1,1.0,0.0,0.5882352941176471,0.4117647058823529,0.6923076923076923,0.3076923076923077
27,22,0.86,0.71,0.23404255319148937,1.8028169014084507,217.99999999999997,-1,1.0,0.0,0.9411764705882353,0.058823529411764705,0.6666666666666666,0.3333333333333333
27,23,0.81,0.64,0.4444444444444444,2.0625,194.00000000000006,-1,1.0,0.0,0.8095238095238095,0.19047619047619047,0.6666666666666666,0.3333333333333333
27,24,0.84,0.71,0.4222222222222222,1.9295774647887325,220.32,2,1.0,0.0,0.6818181818181818,0.3181818181818182,0.8571428571428571,0.14285714285714285
27,25,0.81,0.65,0.2765957446808511,1.6307692307692307,200.39999999999998,-1,1.0,0.0,0.5625,0.4375,0.7,0.3
27,26,0.77,0.52,0.42424242424242425,1.9038461538461537,158.19999999999996,-1,1.0,0.0,0.9285714285714286,0.07142857142857142,0.6923076923076923,0.3076923076923077
27,27,0.85,0.71,0.4,1.619718309859155,223.59999999999997,-1,1.0,0.0,0.7916666666666666,0.20833333333333334,0.6153846153846154,0.38461538461538464
27,28,0.85,0.68,0.3673469387755102,1.8235294117647058,228.39999999999998,-1,1.0,0.0,0.9090909090909091,0.09090909090909091,0.625,0.375
27,29,0.85,0.73,0.4375,1.8767123287671232,232.6,-1,1.0,0.0,0.7142857142857143,0.2857142857142857,0.7857142857142857,0.21428571428571427
27,30,0.9,0.68,0.38,1.8823529411764706,214.40000000000003,-1,1.0,0.0,0.8636363636363636,0.13636363636363635,0.6666666666666666,0.3333333333333333
27,31,0.85,0.66,0.6410256410256411,2.090909090909091,207.59999999999997,-1,1.0,0.0,0.6842105263157895,0.3157894736842105,0.6,0.4
27,32,0.84,0.72,0.4090909090909091,2.138888888888889,214.92000000000002,2,1.0,0.0,0.6470588235294118,0.35294117647058826,0.75,0.25
27,33,0.86,0.71,0.45098039215686275,2.112676056338028,221.60000000000005,-1,1.0,0.0,0.875,0.125,0.8571428571428571,0.14285714285714285
27,34,0.84,0.67,0.375,2.044776119402985,207.6,-1,1.0,0.0,0.6842105263157895,0.3157894736842105,0.875,0.125
27,35,0.87,0.77,0.4807692307692308,2.1818181818181817,263.00000000000006,-1,1.0,0.0,0.7391304347826086,0.2608695652173913,0.6470588235294118,0.35294117647058826
27,36,0.78,0.7,0.45454545454545453,1.9857142857142858,220.40000000000006,-1,1.0,0.0,0.8181818181818182,0.18181818181818182,0.8947368421052632,0.10526315789473684
27,37,0.81,0.73,0.3673469387755102,2.2739726027397262,221.59999999999997,-1,1.0,0.0,0.7222222222222222,0.2777777777777778,0.7692307692307693,0.23076923076923078
27,38,0.85,0.7,0.5576923076923077,2.4,218.8,-1,1.0,0.0,0.8421052631578947,0.15789473684210525,0.7333333333333333,0.26666666666666666
27,39,0.83,0.7,0.47058823529411764,2.3,216.39999999999998,-1,1.0,0.0,0.7142857142857143,0.2857142857142857,0.7777777777777778,0.2222222222222222
27,40,0.89,0.8,0.40350877192982454,1.9375,250.51999999999998,1,1.0,0.0,0.6153846153846154,0.38461538461538464,0.7058823529411765,0.29411764705882354
27,41,0.76,0.66,0.4807692307692308,2.303030303030303,222.59999999999997,-1,1.0,0.0,0.875,0.125,0.5625,0.4375
27,42,0.85,0.75,0.36,2.12,229.5,2,1.0,0.0,0.7,0.3,0.6428571428571429,0.35714285714285715
27,43,0.86,0.7,0.4716981132075472,2.2714285714285714,212.20000000000002,-1,1.0,0.0,0.782608695652174,0.21739130434782608,0.8461538461538461,0.15384615384615385
27,44,0.86,0.7,0.39215686274509803,2.2,221.79999999999998,-1,1.0,0.0,0.9130434782608695,0.08695652173913043,0.6428571428571429,0.35714285714285715
27,45,0.84,0.7,0.43137254901960786,2.2142857142857144,214.20000000000002,-1,1.0,0.0,0.7894736842105263,0.21052631578947367,0.7777777777777778,0.2222222222222222
27,46,0.84,0.68,0.42,2.426470588235294,198.12,2,1.0,0.0,0.75,0.25,0.6666666666666666,0.3333333333333333
27,47,0.8,0.65,0.35714285714285715,2.292307692307692,186.39999999999995,-1,1.0,0.0,0.8823529411764706,0.11764705882352941,0.8461538461538461,0.15384615384615385
27,48,0.85,0.66,0.2926829268292683,2.106060606060606,196.0,-1,1.0,0.0,0.75,0.25,0.875,0.125
27,49,0.85,0.7,0.5217391304347826,2.4285714285714284,235.8,-1,1.0,0.0,0.8181818181818182,0.18181818181818182,0.5882352941176471,0.4117647058823529
27,50,0.83,0.66,0.4,1.9090909090909092,194.83999999999997,2,1.0,0.0,0.875,0.125,0.8,0.2
27,51,0.83,0.68,0.3617021276595745,1.8529411764705883,205.21999999999994,2,1.0,0.0,0.8846153846153846,0.11538461538461539,0.6923076923076923,0.3076923076923077
27,52,0.86,0.71,0.40425531914893614,2.23943661971831,219.60000000000005,-1,1.0,0.0,0.782608695652174,0.21739130434782608,0.7142857142857143,0.2857142857142857
27,53,0.82,0.63,0.4444444444444444,2.0634920634920637,222.20000000000002,-1,1.0,0.0,0.7692307692307693,0.23076923076923078,0.6875,0.3125
27,54,0.87,0.7,0.36363636363636365,1.6714285714285715,221.4,-1,1.0,0.0,0.92,0.08,0.6363636363636364,0.36363636363636365
27,55,0.84,0.73,0.3333333333333333,1.6575342465753424,227.40000000000003,-1,1.0,0.0,0.8181818181818182,0.18181818181818182,0.7142857142857143,0.2857142857142857
27,56,0.89,0.68,0.5217391304347826,2.1176470588235294,218.4,-1,1.0,0.0,0.8,0.2,0.7058823529411765,0.29411764705882354
27,57,0.85,0.68,0.48936170212765956,2.088235294117647,208.36000000000004,4,1.0,0.0,0.8333333333333334,0.16666666666666666,0.6666666666666666,0.3333333333333333
27,58,0.79,0.57,0.55,2.491228070175439,184.59999999999994,-1,1.0,0.0,0.7647058823529411,0.23529411764705882,0.6363636363636364,0.36363636363636365
27,59,0.83,0.68,0.47619047619047616,1.8970588235294117,222.80000000000004,-1,1.0,0.0,0.875,0.125,0.5714285714285714,0.42857142857142855
27,60,0.83,0.68,0.425531914893617,1.9558823529411764,195.16000000000003,1,1.0,0.0,0.6842105263157895,0.3157894736842105,0.8461538461538461,0.15384615384615385
27,61,0.82,0.69,0.4489795918367347,2.1159420289855073,222.08,4,1.0,0.0,0.7058823529411765,0.29411764705882354,0.625,0.375
27,62,0.88,0.76,0.40384615384615385,1.986842105263158,233.80000000000007,-1,1.0,0.0,0.75,0.25,0.6428571428571429,0.35714285714285715
27,63,0.91,0.75,0.48333333333333334,2.16,209.31999999999996,0,1.0,0.0,0.9090909090909091,0.09090909090909091,0.4166666666666667,0.5833333333333334
27,64,0.81,0.66,0.42,2.227272727272727,194.2,-1,1.0,0.0,0.9523809523809523,0.047619047619047616,0.6,0.4
27,65,0.77,0.6,0.30952380952380953,2.1,184.60000000000002,-1,1.0,0.0,0.5,0.5,0.7692307692307693,0.23076923076923078
28,0,0.87,0.7,,1.0,202.0,-1,1.0,0.0,0.68,0.32,0.8666666666666667,0.13333333333333333
28,1,0.86,0.73,0.4230769230769231,1.3013698630136987,225.20000000000005,-1,1.0,0.0,0.7777777777777778,0.2222222222222222,0.8,0.2
28,2,0.76,0.66,0.4166666666666667,1.5,194.20000000000005,-1,1.0,0.0,0.8095238095238095,0.19047619047619047,0.6,0.4
28,3,0.85,0.71,0.4166666666666667,1.5211267605633803,226.8,-1,1.0,0.0,0.7619047619047619,0.23809523809523808,0.5833333333333334,0.4166666666666667
28,4,0.88,0.79,0.3793103448275862,1.620253164556962,269.20000000000005,-1,1.0,0.0,0.7142857142857143,0.2857142857142857,0.7777777777777778,0.2222222222222222
28,5,0.9,0.74,0.3114754098360656,1.6891891891891893,244.79999999999998,-1,1.0,0.0,0.782608695652174,0.21739130434782608,0.7619047619047619,0.23809523809523808
28,6,0.81,0.69,0.45098039215686275,2.0869565217391304,175.36,1,1.0,0.0,0.8,0.2,0.8181818181818182,0.18181818181818182
28,7,0.87,0.74,0.46938775510204084,1.864864864864865,229.8,4,1.0,0.0,0.8571428571428571,0.14285714285714285,0.7368421052631579,0.2631578947368421
28,8,0.81,0.66,0.47058823529411764,2.1666666666666665,195.99999999999994,-1,1.0,0.0,0.95,0.05,0.6666666666666666,0.3333333333333333
28,9,0.75,0.62,0.5128205128205128,2.4193548387096775,179.79999999999995,2,1.0,0.0,0.9047619047619048,0.09523809523809523,0.8181818181818182,0.18181818181818182
28,10,0.88,0.78,0.4117647058823529,2.1025641025641026,249.6,-1,1.0,0.0,0.7272727272727273,0.2727272727272727,0.7777777777777778,0.2222222222222222
28,11,0.89,0.67,0.36363636363636365,1.9104477611940298,229.2,-1,1.0,0.0,0.7368421052631579,0.2631578947368421,0.6470588235294118,0.35294117647058826
28,12,0.87,0.66,0.3111111111111111,1.5303030303030303,230.2,-1,1.0,0.0,0.8461538461538461,0.15384615384615385,0.6,0.4
28,13,0.9,0.81,0.4339622641509434,2.0123456790123457,232.20000000000007,-1,1.0,0.0,0.7222222222222222,0.2777777777777778,0.7857142857142857,0.21428571428571427
28,14,0.85,0.72,0.4482758620689655,1.9166666666666667,228.16,0,1.0,0.0,0.84375,0.15625,0.5,0.5
28,15,0.86,0.67,0.58,2.298507462686567,209.2,-1,1.0,0.0,0.85,0.15,0.7333333333333333,0.26666666666666666
28,16,0.89,0.65,0.3617021276595745,2.0307692307692307,218.4,-1,1.0,0.0,0.9130434782608695,0.08695652173913043,0.7777777777777778,0.2222222222222222
28,17,0.94,0.78,0.3333333333333333,1.8461538461538463,253.40000000000003,-1,1.0,0.0,0.8148148148148148,0.18518518518518517,0.7222222222222222,0.2777777777777778
28,18,0.86,0.69,0.43636363636363634,1.9565217391304348,213.80000000000004,-1,1.0,0.0,0.85,0.15,0.6923076923076923,0.3076923076923077
28,19,0.87,0.65,0.3488372093023256,1.7230769230769232,212.39999999999995,-1,1.0,0.0,0.7307692307692307,0.2692307692307692,0.7692307692307693,0.23076923076923078
28,20,0.85,0.69,0.37209302325581395,2.0,223.20000000000002,-1,1.0,0.0,0.65,0.35,0.75,0.25
28,21,0.81,0.64,0.4186046511627907,1.84375,198.79999999999995,-1,1.0,0.0,0.7777777777777778,0.2222222222222222,0.7647058823529411,0.23529411764705882
28,22,0.86,0.73,0.28,1.8356164383561644,224.44,1,1.0,0.0,0.782608695652174,0.21739130434782608,0.7,0.3
28,23,0.8,0.62,0.42857142857142855,1.8548387096774193,191.8,-1,1.0,0.0,0.8235294117647058,0.17647058823529413,0.8235294117647058,0.17647058823529413
28,24,0.87,0.76,0.3958333333333333,1.7236842105263157,218.60000000000002,4,1.0,0.0,0.6086956521739131,0.391304347826087,0.875,0.125
28,25,0.81,0.69,0.5961538461538461,2.130434782608696,223.4,-1,1.0,0.0,0.875,0.125,0.7333333333333333,0.26666666666666666
28,26,0.86,0.73,0.4528301886792453,1.8767123287671232,221.64,3,1.0,0.0,0.7727272727272727,0.22727272727272727,0.5,0.5
28,27,0.87,0.7,0.5102040816326531,2.0428571428571427,218.60000000000002,-1,1.0,0.0,0.7894736842105263,0.21052631578947367,0.6666666666666666,0.3333333333333333
28,28,0.87,0.67,0.375,2.1791044776119404,196.98,2,1.0,0.0,0.75,0.25,0.8333333333333334,0.16666666666666666
28,29,0.78,0.67,0.3333333333333333,1.5671641791044777,217.20000000000002,-1,1.0,0.0,0.5909090909090909,0.4090909090909091,0.7857142857142857,0.21428571428571427
28,30,0.84,0.71,0.2857142857142857,1.8309859154929577,196.79999999999998,-1,1.0,0.0,0.9444444444444444,0.05555555555555555,0.8461538461538461,0.15384615384615385
28,31,0.84,0.68,0.49019607843137253,2.1470588235294117,220.0,-1,1.0,0.0,0.7916666666666666,0.20833333333333334,0.7692307692307693,0.23076923076923078
28,32,0.8,0.61,0.5217391304347826,1.9836065573770492,206.79999999999995,-1,1.0,0.0,0.7333333333333333,0.26666666666666666,0.8,0.2
28,33,0.8,0.67,0.4,1.9104477611940298,204.79999999999998,-1,1.0,0.0,0.7777777777777778,0.2222222222222222,0.8666666666666667,0.13333333333333333
28,34,0.86,0.7,0.5306122448979592,1.8142857142857143,195.4,-1,1.0,0.0,0.9473684210526315,0.05263157894736842,0.7,0.3
28,35,0.88,0.65,0.36363636363636365,1.9230769230769231,206.23999999999998,4,0.975,0.025,0.8888888888888888,0.1111111111111111,0.7142857142857143,0.2857142857142857
28,36,0.85,0.69,0.35294117647058826,1.608695652173913,245.4,-1,1.0,0.0,0.90625,0.09375,0.6666666666666666,0.3333333333333333
28,37,0.81,0.67,0.3617021276595745,1.8059701492537314,216.20000000000005,-1,1.0,0.0,0.7727272727272727,0.22727272727272727,0.6666666666666666,0.3333333333333333
28,38,0.78,0.63,0.47619047619047616,2.0952380952380953,203.39999999999998,-1,1.0,0.0,0.7894736842105263,0.21052631578947367,0.6666666666666666,0.3333333333333333
28,39,0.86,0.69,0.4888888888888889,2.0,235.6,-1,1.0,0.0,0.5,0.5,0.75,0.25
28,40,0.79,0.61,0.4878048780487805,2.098360655737705,189.79999999999995,-1,1.0,0.0,0.8235294117647058,0.17647058823529413,0.5555555555555556,0.4444444444444444
28,41,0.83,0.69,0.4878048780487805,2.028985507246377,220.0,-1,1.0,0.0,0.85,0.15,0.8235294117647058,0.17647058823529413
28,42,0.81,0.72,0.39285714285714285,2.013888888888889,215.99999999999997,-1,1.0,0.0,0.7619047619047619,0.23809523809523808,0.7,0.3
28,43,0.86,0.75,0.37037037037037035,1.8666666666666667,196.86,0,1.0,0.0,0.7727272727272727,0.22727272727272727,0.8,0.2
28,44,0.82,0.71,0.3090909090909091,1.619718309859155,218.8,-1,1.0,0.0,0.6818181818181818,0.3181818181818182,0.7272727272727273,0.2727272727272727
28,45,0.75,0.55,0.3611111111111111,1.8,152.39999999999998,-1,1.0,0.0,0.8181818181818182,0.18181818181818182,0.8181818181818182,0.18181818181818182
28,46,0.82,0.64,0.4864864864864865,1.796875,179.0,2,1.0,0.0,0.6842105263157895,0.3157894736842105,0.625,0.375
28,47,0.81,0.67,0.325,1.5671641791044777,213.8,-1,1.0,0.0,0.8947368421052632,0.10526315789473684,0.5882352941176471,0.4117647058823529
28,48,0.86,0.67,0.4166666666666667,1.8208955223880596,180.40000000000006,-1,1.0,0.0,0.9444444444444444,0.05555555555555555,0.9166666666666666,0.08333333333333333
28,49,0.85,0.65,0.4,1.7538461538461538,192.8,-1,1.0,0.0,0.8947368421052632,0.10526315789473684,0.6666666666666666,0.3333333333333333
28,50,0.84,0.65,0.3333333333333333,1.7230769230769232,210.60000000000002,-1,1.0,0.0,0.8571428571428571,0.14285714285714285,0.6,0.4
28,51,0.92,0.72,0.5,1.8472222222222223,221.50000000000006,0,1.0,0.0,0.8148148148148148,0.18518518518518517,0.6666666666666666,0.3333333333333333
28,52,0.8,0.69,0.46938775510204084,2.0579710144927534,221.99999999999997,-1,1.0,0.0,0.9130434782608695,0.08695652173913043,0.7333333333333333,0.26666666666666666
28,53,0.87,0.75,0.37254901960784315,1.9466666666666668,239.80000000000007,-1,1.0,0.0,0.5555555555555556,0.4444444444444444,0.8235294117647058,0.17647058823529413
28,54,0.86,0.64,0.41304347826086957,1.96875,187.4,-1,1.0,0.0,0.8888888888888888,0.1111111111111111,0.7,0.3
28,55,0.78,0.63,0.5,1.9365079365079365,183.79999999999998,-1,1.0,0.0,0.8421052631578947,0.15789473684210525,0.9230769230769231,0.07692307692307693
28,56,0.82,0.7,0.3191489361702128,1.957142857142857,202.8,-1,1.0,0.0,0.8181818181818182,0.18181818181818182,0.8333333333333334,0.16666666666666666
28,57,0.89,0.77,0.42857142857142855,1.8181818181818181,249.80000000000007,-1,1.0,0.0,0.9230769230769231,0.07692307692307693,0.7,0.3
28,58,0.83,0.64,0.3269230769230769,1.921875,194.94000000000005,3,1.0,0.0,0.7391304347826086,0.2608695652173913,0.8,0.2
28,59,0.87,0.71,0.45652173913043476,1.9295774647887325,217.80000000000007,-1,1.0,0.0,0.9545454545454546,0.045454545454545456,0.7777777777777778,0.2222222222222222
28,60,0.83,0.72,0.26,1.875,215.8,-1,1.0,0.0,0.8181818181818182,0.18181818181818182,0.8461538461538461,0.15384615384615385
28,61,0.84,0.7,0.40384615384615385,1.7285714285714286,232.60000000000008,-1,1.0,0.0,0.8888888888888888,0.1111111111111111,0.6666666666666666,0.3333333333333333
28,62,0.82,0.64,0.4666666666666667,1.890625,182.23999999999998,1,1.0,0.0,0.9523809523809523,0.047619047619047616,0.5833333333333334,0.4166666666666667
28,63,0.89,0.76,0.3695652173913043,1.7105263157894737,234.00000000000006,-1,1.0,0.0,0.8333333333333334,0.16666666666666666,0.7058823529411765,0.29411764705882354
28,64,0.81,0.6,0.2727272727272727,1.5833333333333333,192.8,-1,1.0,0.0,0.9047619047619048,0.09523809523809523,0.6153846153846154,0.38461538461538464
28,65,0.82,0.72,0.4473684210526316,1.9583333333333333,191.08000000000007,1,1.0,0.0,0.9583333333333334,0.041666666666666664,0.7692307692307693,0.23076923076923078
29,0,0.78,0.62,,1.0,185.2,0,1.0,0.0,0.8148148148148148,0.18518518518518517,0.6666666666666666,0.3333333333333333
29,1,0.81,0.65,0.38461538461538464,1.2307692307692308,199.80000000000004,-1,1.0,0.0,0.42857142857142855,0.5714285714285714,0.75,0.25
29,2,0.89,0.77,0.4230769230769231,1.4935064935064934,225.00000000000003,-1,1.0,0.0,0.7692307692307693,0.23076923076923078,0.7142857142857143,0.2857142857142857
29,3,0.83,0.67,0.3018867924528302,1.537313432835821,213.6,-1,1.0,0.0,0.5625,0.4375,0.7692307692307693,0.23076923076923078
29,4,0.87,0.65,0.35714285714285715,1.6153846153846154,198.99999999999994,2,1.0,0.0,0.7777777777777778,0.2222222222222222,0.5,0.5
29,5,0.9,0.7,0.5106382978723404,1.7857142857142858,236.80000000000004,-1,1.0,0.0,0.88,0.12,0.7894736842105263,0.21052631578947367
29,6,0.86,0.73,0.4230769230769231,1.6986301369863013,244.4,-1,1.0,0.0,0.8888888888888888,0.1111111111111111,0.5882352941176471,0.4117647058823529
29,7,0.8,0.67,0.4117647058823529,1.955223880597015,224.79999999999998,-1,1.0,0.0,0.7368421052631579,0.2631578947368421,0.7647058823529411,0.23529411764705882
29,8,0.91,0.74,0.32653061224489793,1.7027027027027026,237.6,-1,1.0,0.0,0.7058823529411765,0.29411764705882354,0.6470588235294118,0.35294117647058826
29,9,0.81,0.65,0.3137254901960784,1.7692307692307692,223.2,-1,1.0,0.0,0.631578947368421,0.3684210526315789,0.75,0.25
29,10,0.9,0.77,0.42,1.8051948051948052,215.20000000000002,0,1.0,0.0,0.85,0.15,0.6153846153846154,0.38461538461538464
29,11,0.82,0.7,0.5185185185185185,1.957142857142857,226.0,-1,1.0,0.0,0.6111111111111112,0.3888888888888889,0.5714285714285714,0.42857142857142855
29,12,0.84,0.62,0.3488372093023256,1.7258064516129032,202.2,-1,1.0,0.0,0.75,0.25,0.8888888888888888,0.1111111111111111
29,13,0.8,0.63,0.27906976744186046,1.4126984126984128,189.51999999999998,0,1.0,0.0,0.84,0.16,0.7777777777777778,0.2222222222222222
29,14,0.82,0.62,0.45,1.6451612903225807,183.59999999999997,-1,1.0,0.0,0.9565217391304348,0.043478260869565216,0.8181818181818182,0.18181818181818182
29,15,0.87,0.76,0.46938775510204084,1.868421052631579,229.8,-1,1.0,0.0,0.8181818181818182,0.18181818181818182,0.7058823529411765,0.29411764705882354
29,16,0.84,0.63,0.32,1.6825396825396826,195.11999999999998,1,1.0,0.0,0.631578947368421,0.3684210526315789,0.5454545454545454,0.45454545454545453
29,17,0.83,0.74,0.48936170212765956,1.9324324324324325,204.16,0,1.0,0.0,0.7727272727272727,0.22727272727272727,0.6666666666666666,0.3333333333333333
29,18,0.82,0.67,0.42,1.8507462686567164,182.71999999999997,1,1.0,0.0,0.7058823529411765,0.29411764705882354,0.7272727272727273,0.2727272727272727
29,19,0.87,0.7,0.40425531914893614,1.8428571428571427,193.55999999999997,1,1.0,0.0,0.7222222222222222,0.2777777777777778,0.6428571428571429,0.35714285714285715
29,20,0.81,0.62,0.4090909090909091,1.6290322580645162,195.00000000000006,-1,1.0,0.0,0.8,0.2,0.8666666666666667,0.13333333333333333
29,21,0.87,0.75,0.3617021276595745,1.7466666666666666,231.00000000000006,-1,1.0,0.0,0.9047619047619048,0.09523809523809523,0.6470588235294118,0.35294117647058826
29,22,0.87,0.66,0.22641509433962265,1.4242424242424243,229.99999999999997,-1,1.0,0.0,0.8571428571428571,0.14285714285714285,0.6111111111111112,0.3888888888888889
29,23,0.83,0.64,0.475,1.71875,202.70000000000005,3,1.0,0.0,0.8235294117647058,0.17647058823529413,0.5882352941176471,0.4117647058823529
29,24,0.8,0.59,0.425,1.88135593220339,186.99999999999997,-1,1.0,0.0,0.5555555555555556,0.4444444444444444,0.75,0.25
29,25,0.85,0.69,0.2727272727272727,1.6956521739130435,214.2,-1,1.0,0.0,0.8148148148148148,0.18518518518518517,0.75,0.25
29,26,0.84,0.66,0.3111111111111111,1.7272727272727273,170.14,0,1.0,0.0,0.9444444444444444,0.05555555555555555,0.8235294117647058,0.17647058823529413
29,27,0.85,0.63,0.40476190476190477,1.6031746031746033,219.59999999999994,-1,1.0,0.0,0.7368421052631579,0.2631578947368421,0.631578947368421,0.3684210526315789
29,28,0.83,0.69,0.45454545454545453,1.9420289855072463,184.95999999999998,1,1.0,0.0,0.8636363636363636,0.13636363636363635,0.8333333333333334,0.16666666666666666
29,29,0.84,0.67,0.34,1.671641791044776,232.6,-1,1.0,0.0,0.6,0.4,0.6666666666666666,0.3333333333333333
29,30,0.87,0.67,0.3673469387755102,1.6119402985074627,236.60000000000005,-1,1.0,0.0,0.8461538461538461,0.15384615384615385,0.6842105263157895,0.3157894736842105
29,31,0.81,0.66,0.4523809523809524,1.7727272727272727,199.59999999999997,-1,1.0,0.0,1.0,0.0,0.5384615384615384,0.46153846153846156
29,32,0.84,0.69,0.3617021276595745,1.9420289855072463,217.20000000000002,-1,1.0,0.0,0.75,0.25,0.5333333333333333,0.4666666666666667
29,33,0.86,0.61,0.3488372093023256,1.7049180327868851,201.6,-1,1.0,0.0,0.8,0.2,0.75,0.25
29,34,0.86,0.69,0.4186046511627907,1.8695652173913044,242.80000000000004,-1,1.0,0.0,0.65,0.35,0.7,0.3
29,35,0.81,0.66,0.2826086956521739,1.4848484848484849,197.59999999999997,-1,1.0,0.0,0.8636363636363636,0.13636363636363635,0.6666666666666666,0.3333333333333333
29,36,0.92,0.75,0.46,1.8,230.00000000000006,-1,1.0,0.0,0.75,0.25,0.7777777777777778,0.2222222222222222
29,37,0.87,0.68,0.44642857142857145,1.8970588235294117,235.59999999999997,-1,1.0,0.0,0.782608695652174,0.21739130434782608,0.5882352941176471,0.4117647058823529
29,38,0.84,0.72,0.5714285714285714,2.1944444444444446,216.39999999999998,-1,1.0,0.0,0.7222222222222222,0.2777777777777778,0.9090909090909091,0.09090909090909091
29,39,0.88,0.72,0.34545454545454546,1.9305555555555556,247.68,4,1.0,0.0,0.72,0.28,0.6666666666666666,0.3333333333333333
29,40,0.83,0.66,0.48,2.227272727272727,206.4,-1,1.0,0.0,0.8636363636363636,0.13636363636363635,0.8235294117647058,0.17647058823529413
29,41,0.84,0.67,0.48936170212765956,2.2238805970149254,185.38,1,1.0,0.0,0.7857142857142857,0.21428571428571427,0.7894736842105263,0.21052631578947367
29,42,0.81,0.65,0.4186046511627907,1.7692307692307692,218.60000000000002,-1,1.0,0.0,0.6666666666666666,0.3333333333333333,0.6666666666666666,0.3333333333333333
29,43,0.93,0.75,0.39215686274509803,1.9733333333333334,226.00000000000009,-1,1.0,0.0,0.875,0.125,0.8571428571428571,0.14285714285714285
29,44,0.81,0.64,0.5,2.15625,206.76000000000002,3,1.0,0.0,0.72,0.28,0.8,0.2
29,45,0.82,0.66,0.4318181818181818,1.9696969696969697,211.00000000000003,-1,1.0,0.0,0.8636363636363636,0.13636363636363635,0.75,0.25
29,46,0.83,0.63,0.4090909090909091,1.8412698412698412,224.59999999999997,-1,1.0,0.0,0.7619047619047619,0.23809523809523808,0.5333333333333333,0.4666666666666667
29,47,0.83,0.64,0.3953488372093023,2.078125,193.43999999999997,0,1.0,0.0,0.7894736842105263,0.21052631578947367,0.6153846153846154,0.38461538461538464
29,48,0.82,0.62,0.4186046511627907,1.8387096774193548,174.44,1,1.0,0.0,0.8181818181818182,0.18181818181818182,0.8,0.2
29,49,0.86,0.7,0.40816326530612246,1.7428571428571429,238.99999999999997,-1,1.0,0.0,0.8461538461538461,0.15384615384615385,0.6,0.4
29,50,0.79,0.65,0.46808510638297873,2.230769230769231,198.80000000000004,-1,1.0,0.0,0.9047619047619048,0.09523809523809523,0.75,0.25
29,51,0.91,0.71,0.3958333333333333,2.1690140845070425,239.6,-1,1.0,0.0,0.7619047619047619,0.23809523809523808,0.6,0.4
29,52,0.85,0.67,0.4107142857142857,1.9850746268656716,181.10000000000002,0,1.0,0.0,0.7058823529411765,0.29411764705882354,0.7272727272727273,0.2727272727272727
29,53,0.87,0.66,0.4418604651162791,1.9696969696969697,203.8,-1,1.0,0.0,0.7368421052631579,0.2631578947368421,0.7692307692307693,0.23076923076923078
29,54,0.81,0.65,0.27906976744186046,1.8153846153846154,193.88000000000002,0,1.0,0.0,0.7777777777777778,0.2222222222222222,0.5714285714285714,0.42857142857142855
29,55,0.83,0.68,0.425531914893617,2.0,210.06,2,1.0,0.0,0.8260869565217391,0.17391304347826086,0.6428571428571429,0.35714285714285715
29,56,0.82,0.68,0.29545454545454547,1.6470588235294117,210.80000000000007,-1,1.0,0.0,0.8260869565217391,0.17391304347826086,0.8125,0.1875
29,57,0.85,0.65,0.4772727272727273,2.076923076923077,217.60000000000008,-1,1.0,0.0,0.8888888888888888,0.1111111111111111,0.7058823529411765,0.29411764705882354
29,58,0.86,0.67,0.4222222222222222,1.9253731343283582,206.40000000000003,-1,1.0,0.0,0.7368421052631579,0.2631578947368421,0.7,0.3
29,59,0.91,0.68,0.5,2.2058823529411766,230.51999999999998,4,1.0,0.0,0.7857142857142857,0.21428571428571427,0.7777777777777778,0.2222222222222222
29,60,0.78,0.6,0.4523809523809524,2.15,194.0,-1,1.0,0.0,0.75,0.25,0.8823529411764706,0.11764705882352941
29,61,0.88,0.65,0.36585365853658536,2.0307692307692307,200.79999999999995,2,1.0,0.0,0.6,0.4,0.5454545454545454,0.45454545454545453
29,62,0.88,0.71,0.5319148936170213,1.8732394366197183,225.24,2,1.0,0.0,0.76,0.24,0.7391304347826086,0.2608695652173913
29,63,0.79,0.64,0.4791666666666667,2.265625,187.39999999999998,-1,1.0,0.0,0.9473684210526315,0.05263157894736842,0.9285714285714286,0.07142857142857142
29,64,0.88,0.64,0.43902439024390244,1.75,219.59999999999997,-1,1.0,0.0,0.8214285714285714,0.17857142857142858,0.7647058823529411,0.23529411764705882
29,65,0.84,0.66,0.35555555555555557,1.5757575757575757,214.8,-1,1.0,0.0,0.6842105263157895,0.3157894736842105,0.6,0.4
